iteration,sender,receiver,news_id,news_party,news_veracity
0,bot49__0,bot34__0,980,N,False
0,bot49__0,reel37__0,980,N,False
0,bot49__2,332,982,N,False
0,bot49__2,167,982,N,False
0,bot49__3,285,983,N,False
0,bot49__5,reel15__5,985,N,False
0,bot49__5,bot35__7,985,N,False
0,bot49__6,reel12__5,986,N,False
0,bot49__7,reel39__5,987,N,False
0,bot49__7,bot6__5,987,N,False
0,bot49__8,reel17__5,988,N,False
0,reel49__0,reel20__0,990,N,True
0,reel49__0,reel48__8,990,N,True
0,reel49__0,reel30__3,990,N,True
0,reel49__1,340,991,N,True
0,reel49__1,reel13__9,991,N,True
0,reel49__1,97,991,N,True
0,reel49__2,153,992,N,True
0,reel49__2,reel33__5,992,N,True
0,reel49__2,81,992,N,True
0,reel49__3,reel32__0,993,N,True
0,reel49__3,reel13__6,993,N,True
0,reel49__4,198,994,N,True
0,reel49__4,137,994,N,True
0,reel49__4,reel30__6,994,N,True
0,reel49__5,reel22__2,995,N,True
0,reel49__5,109,995,N,True
0,reel49__5,reel8__3,995,N,True
0,reel49__6,158,996,N,True
0,reel49__6,282,996,N,True
0,reel49__7,283,997,N,True
0,reel49__8,318,998,N,True
0,reel49__8,reel6__9,998,N,True
0,reel49__9,reel16__7,999,N,True
0,reel49__9,reel7__6,999,N,True
1,bot34__0,bot19__6,980,N,False
1,bot34__0,bot10__0,980,N,False
1,bot34__0,bot47__6,980,N,False
1,reel37__0,reel28__6,980,N,False
1,reel37__0,reel43__2,980,N,False
1,332,38,982,N,False
1,332,25,982,N,False
1,332,67,982,N,False
1,332,291,982,N,False
1,332,280,982,N,False
1,332,56,982,N,False
1,332,271,982,N,False
1,332,331,982,N,False
1,332,277,982,N,False
1,332,53,982,N,False
1,332,208,982,N,False
1,332,77,982,N,False
1,332,16,982,N,False
1,332,169,982,N,False
1,332,231,982,N,False
1,332,109,982,N,False
1,332,213,982,N,False
1,332,172,982,N,False
1,332,106,982,N,False
1,332,bot5__7,982,N,False
1,332,bot11__3,982,N,False
1,167,137,982,N,False
1,167,93,982,N,False
1,167,32,982,N,False
1,167,reel13__9,982,N,False
1,167,reel23__5,982,N,False
1,285,122,983,N,False
1,285,136,983,N,False
1,285,200,983,N,False
1,285,213,983,N,False
1,285,313,983,N,False
1,285,272,983,N,False
1,285,221,983,N,False
1,285,164,983,N,False
1,285,277,983,N,False
1,285,196,983,N,False
1,285,211,983,N,False
1,285,304,983,N,False
1,285,9,983,N,False
1,285,25,983,N,False
1,285,342,983,N,False
1,285,67,983,N,False
1,285,322,983,N,False
1,285,113,983,N,False
1,bot35__7,reel29__3,985,N,False
1,reel15__5,48,985,N,False
1,reel15__5,138,985,N,False
1,reel15__5,reel39__1,985,N,False
1,reel12__5,86,986,N,False
1,reel12__5,bot21__0,986,N,False
1,reel12__5,bot27__8,986,N,False
1,bot6__5,bot1__3,987,N,False
1,bot6__5,bot8__8,987,N,False
1,bot6__5,bot16__8,987,N,False
1,reel17__5,269,988,N,False
1,reel17__5,7,988,N,False
1,reel48__8,reel41__5,990,N,True
1,reel48__8,216,990,N,True
1,reel30__3,118,990,N,True
1,reel30__3,235,990,N,True
1,reel30__3,reel39__4,990,N,True
1,reel30__3,reel45__8,990,N,True
1,reel20__0,226,990,N,True
1,reel20__0,reel10__2,990,N,True
1,reel20__0,reel24__9,990,N,True
1,reel20__0,bot25__6,990,N,True
1,reel20__0,bot41__5,990,N,True
1,340,339,991,N,True
1,340,213,991,N,True
1,340,7,991,N,True
1,340,246,991,N,True
1,340,reel9__7,991,N,True
1,340,bot10__8,991,N,True
1,340,bot31__0,991,N,True
1,340,reel44__6,991,N,True
1,reel13__9,115,991,N,True
1,reel13__9,167,991,N,True
1,reel13__9,reel23__8,991,N,True
1,reel13__9,reel38__6,991,N,True
1,97,230,991,N,True
1,97,182,991,N,True
1,97,bot23__7,991,N,True
1,97,reel39__5,991,N,True
1,81,286,992,N,True
1,81,269,992,N,True
1,81,0,992,N,True
1,153,0,992,N,True
1,81,reel10__8,992,N,True
1,81,reel16__3,992,N,True
1,81,reel23__7,992,N,True
1,153,280,992,N,True
1,153,reel43__7,992,N,True
1,reel33__5,279,992,N,True
1,reel33__5,reel14__9,992,N,True
1,reel33__5,reel13__6,992,N,True
1,reel33__5,reel43__2,992,N,True
1,reel13__6,reel1__0,993,N,True
1,reel13__6,328,993,N,True
1,reel13__6,reel21__8,993,N,True
1,reel13__6,reel30__9,993,N,True
1,reel13__6,reel33__5,993,N,True
1,reel32__0,reel24__9,993,N,True
1,reel32__0,196,993,N,True
1,reel32__0,reel29__5,993,N,True
1,reel32__0,reel46__4,993,N,True
1,reel30__6,reel6__7,994,N,True
1,reel30__6,reel20__3,994,N,True
1,reel30__6,reel31__2,994,N,True
1,137,140,994,N,True
1,137,312,994,N,True
1,137,115,994,N,True
1,137,167,994,N,True
1,137,93,994,N,True
1,137,32,994,N,True
1,137,243,994,N,True
1,137,337,994,N,True
1,137,326,994,N,True
1,198,166,994,N,True
1,198,reel1__0,994,N,True
1,198,bot3__2,994,N,True
1,198,bot9__6,994,N,True
1,198,reel26__2,994,N,True
1,109,118,995,N,True
1,109,325,995,N,True
1,109,119,995,N,True
1,109,200,995,N,True
1,109,67,995,N,True
1,109,252,995,N,True
1,109,303,995,N,True
1,109,324,995,N,True
1,109,322,995,N,True
1,109,142,995,N,True
1,109,21,995,N,True
1,109,203,995,N,True
1,109,229,995,N,True
1,109,332,995,N,True
1,109,169,995,N,True
1,109,295,995,N,True
1,109,31,995,N,True
1,109,50,995,N,True
1,109,323,995,N,True
1,109,reel1__1,995,N,True
1,109,reel25__7,995,N,True
1,reel8__3,70,995,N,True
1,reel8__3,174,995,N,True
1,reel8__3,bot35__8,995,N,True
1,reel22__2,301,995,N,True
1,reel22__2,reel20__0,995,N,True
1,reel22__2,reel44__8,995,N,True
1,reel22__2,bot45__3,995,N,True
1,282,244,996,N,True
1,282,bot2__6,996,N,True
1,282,bot9__5,996,N,True
1,282,reel24__8,996,N,True
1,282,reel27__9,996,N,True
1,158,317,996,N,True
1,158,304,996,N,True
1,158,40,996,N,True
1,158,26,996,N,True
1,158,142,996,N,True
1,158,25,996,N,True
1,158,332,996,N,True
1,158,232,996,N,True
1,158,82,996,N,True
1,158,339,996,N,True
1,158,109,996,N,True
1,158,22,996,N,True
1,158,113,996,N,True
1,158,325,996,N,True
1,158,67,996,N,True
1,158,168,996,N,True
1,158,248,996,N,True
1,158,60,996,N,True
1,158,reel4__4,996,N,True
1,283,3,997,N,True
1,283,25,997,N,True
1,283,reel3__3,997,N,True
1,283,bot4__5,997,N,True
1,283,bot6__4,997,N,True
1,283,bot13__8,997,N,True
1,283,reel32__7,997,N,True
1,283,reel47__9,997,N,True
1,reel6__9,60,998,N,True
1,reel6__9,64,998,N,True
1,reel6__9,252,998,N,True
1,reel6__9,reel9__5,998,N,True
1,reel6__9,bot21__7,998,N,True
1,reel6__9,reel24__4,998,N,True
1,reel6__9,bot34__5,998,N,True
1,reel6__9,reel36__3,998,N,True
1,reel6__9,bot47__0,998,N,True
1,318,119,998,N,True
1,318,169,998,N,True
1,318,123,998,N,True
1,318,62,998,N,True
1,318,236,998,N,True
1,318,271,998,N,True
1,318,82,998,N,True
1,318,reel33__6,998,N,True
1,reel7__6,150,999,N,True
1,reel7__6,264,999,N,True
1,reel7__6,65,999,N,True
1,reel7__6,bot9__0,999,N,True
1,reel16__7,reel1__9,999,N,True
1,reel16__7,164,999,N,True
1,reel16__7,226,999,N,True
1,reel16__7,reel23__7,999,N,True
1,reel16__7,reel31__5,999,N,True
1,reel16__7,bot40__5,999,N,True
2,reel43__2,reel29__4,980,N,False
2,reel28__6,200,980,N,False
2,208,188,982,N,False
2,277,188,982,N,False
2,67,188,982,N,False
2,280,188,982,N,False
2,56,188,982,N,False
2,25,188,982,N,False
2,291,188,982,N,False
2,271,188,982,N,False
2,208,bot2__2,982,N,False
2,208,reel27__7,982,N,False
2,208,bot32__7,982,N,False
2,231,82,982,N,False
2,16,82,982,N,False
2,172,82,982,N,False
2,67,82,982,N,False
2,56,82,982,N,False
2,169,82,982,N,False
2,331,82,982,N,False
2,271,82,982,N,False
2,213,315,982,N,False
2,231,315,982,N,False
2,277,315,982,N,False
2,67,315,982,N,False
2,280,315,982,N,False
2,53,315,982,N,False
2,56,315,982,N,False
2,169,315,982,N,False
2,291,315,982,N,False
2,271,315,982,N,False
2,231,9,982,N,False
2,277,9,982,N,False
2,67,9,982,N,False
2,280,9,982,N,False
2,56,9,982,N,False
2,169,9,982,N,False
2,25,9,982,N,False
2,291,9,982,N,False
2,271,9,982,N,False
2,231,29,982,N,False
2,106,29,982,N,False
2,16,29,982,N,False
2,172,29,982,N,False
2,231,199,982,N,False
2,172,199,982,N,False
2,67,199,982,N,False
2,56,199,982,N,False
2,25,199,982,N,False
2,291,199,982,N,False
2,271,199,982,N,False
2,231,bot2__8,982,N,False
2,231,reel8__1,982,N,False
2,231,bot13__6,982,N,False
2,231,bot26__5,982,N,False
2,231,reel38__6,982,N,False
2,reel13__9,reel38__6,982,N,False
2,213,308,982,N,False
2,277,308,982,N,False
2,67,308,982,N,False
2,172,308,982,N,False
2,38,141,982,N,False
2,172,141,982,N,False
2,67,141,982,N,False
2,280,141,982,N,False
2,56,141,982,N,False
2,25,141,982,N,False
2,291,141,982,N,False
2,271,141,982,N,False
2,56,313,982,N,False
2,67,313,982,N,False
2,271,313,982,N,False
2,172,313,982,N,False
2,56,223,982,N,False
2,67,223,982,N,False
2,271,223,982,N,False
2,172,223,982,N,False
2,56,212,982,N,False
2,67,212,982,N,False
2,271,212,982,N,False
2,172,212,982,N,False
2,277,113,982,N,False
2,172,113,982,N,False
2,67,113,982,N,False
2,56,113,982,N,False
2,169,113,982,N,False
2,25,113,982,N,False
2,291,113,982,N,False
2,271,113,982,N,False
2,172,72,982,N,False
2,67,72,982,N,False
2,56,72,982,N,False
2,25,72,982,N,False
2,291,72,982,N,False
2,271,72,982,N,False
2,271,268,982,N,False
2,172,268,982,N,False
2,172,reel1__6,982,N,False
2,172,reel21__1,982,N,False
2,213,272,982,N,False
2,277,272,982,N,False
2,67,272,982,N,False
2,280,272,982,N,False
2,56,272,982,N,False
2,25,272,982,N,False
2,291,272,982,N,False
2,271,272,982,N,False
2,280,1,982,N,False
2,53,1,982,N,False
2,213,236,982,N,False
2,67,236,982,N,False
2,280,236,982,N,False
2,169,236,982,N,False
2,25,236,982,N,False
2,271,236,982,N,False
2,169,121,982,N,False
2,280,121,982,N,False
2,277,290,982,N,False
2,67,290,982,N,False
2,280,290,982,N,False
2,56,290,982,N,False
2,25,290,982,N,False
2,271,290,982,N,False
2,25,257,982,N,False
2,169,257,982,N,False
2,280,257,982,N,False
2,67,185,982,N,False
2,280,185,982,N,False
2,56,185,982,N,False
2,169,185,982,N,False
2,25,185,982,N,False
2,271,185,982,N,False
2,280,153,982,N,False
2,213,322,982,N,False
2,109,322,982,N,False
2,38,322,982,N,False
2,277,322,982,N,False
2,67,322,982,N,False
2,280,322,982,N,False
2,53,322,982,N,False
2,56,322,982,N,False
2,169,322,982,N,False
2,25,322,982,N,False
2,271,322,982,N,False
2,109,31,982,N,False
2,277,31,982,N,False
2,67,31,982,N,False
2,280,31,982,N,False
2,25,31,982,N,False
2,291,31,982,N,False
2,106,bot8__0,982,N,False
2,280,bot8__0,982,N,False
2,291,reel9__6,982,N,False
2,280,reel9__6,982,N,False
2,280,reel18__1,982,N,False
2,280,reel27__1,982,N,False
2,56,334,982,N,False
2,277,334,982,N,False
2,169,334,982,N,False
2,67,334,982,N,False
2,169,165,982,N,False
2,169,bot0__5,982,N,False
2,169,reel3__9,982,N,False
2,291,reel3__9,982,N,False
2,169,reel8__5,982,N,False
2,169,bot32__6,982,N,False
2,bot5__7,bot2__0,982,N,False
2,bot5__7,70,982,N,False
2,bot5__7,bot16__8,982,N,False
2,291,258,982,N,False
2,213,7,982,N,False
2,291,7,982,N,False
2,38,7,982,N,False
2,56,60,982,N,False
2,291,60,982,N,False
2,277,339,982,N,False
2,291,339,982,N,False
2,38,339,982,N,False
2,56,bot0__2,982,N,False
2,291,bot0__2,982,N,False
2,291,reel4__3,982,N,False
2,291,reel10__7,982,N,False
2,291,bot27__6,982,N,False
2,291,reel28__5,982,N,False
2,213,186,982,N,False
2,109,186,982,N,False
2,277,186,982,N,False
2,67,186,982,N,False
2,56,186,982,N,False
2,25,186,982,N,False
2,331,186,982,N,False
2,271,186,982,N,False
2,213,57,982,N,False
2,277,57,982,N,False
2,213,249,982,N,False
2,53,249,982,N,False
2,213,340,982,N,False
2,213,246,982,N,False
2,25,246,982,N,False
2,213,345,982,N,False
2,67,345,982,N,False
2,213,96,982,N,False
2,213,30,982,N,False
2,56,30,982,N,False
2,331,30,982,N,False
2,271,30,982,N,False
2,213,reel39__5,982,N,False
2,106,reel0__9,982,N,False
2,106,reel2__9,982,N,False
2,106,bot7__6,982,N,False
2,106,bot25__0,982,N,False
2,109,reel37__9,982,N,False
2,106,reel37__9,982,N,False
2,38,bot1__8,982,N,False
2,38,bot5__2,982,N,False
2,32,bot32__9,982,N,False
2,32,reel40__5,982,N,False
2,93,reel11__4,982,N,False
2,16,reel11__4,982,N,False
2,16,reel42__9,982,N,False
2,bot11__3,196,982,N,False
2,67,196,982,N,False
2,53,196,982,N,False
2,56,55,982,N,False
2,277,55,982,N,False
2,67,55,982,N,False
2,56,75,982,N,False
2,67,75,982,N,False
2,56,62,982,N,False
2,67,62,982,N,False
2,67,156,982,N,False
2,56,66,982,N,False
2,67,66,982,N,False
2,67,bot17__7,982,N,False
2,331,bot17__7,982,N,False
2,67,reel31__9,982,N,False
2,67,reel46__3,982,N,False
2,reel23__5,131,982,N,False
2,reel23__5,reel24__1,982,N,False
2,reel23__5,reel34__0,982,N,False
2,93,111,982,N,False
2,137,111,982,N,False
2,93,41,982,N,False
2,137,41,982,N,False
2,93,reel3__0,982,N,False
2,93,reel4__1,982,N,False
2,93,bot11__8,982,N,False
2,25,83,982,N,False
2,25,94,982,N,False
2,53,94,982,N,False
2,25,288,982,N,False
2,25,336,982,N,False
2,25,51,982,N,False
2,25,283,982,N,False
2,25,84,982,N,False
2,25,reel26__7,982,N,False
2,109,50,982,N,False
2,277,50,982,N,False
2,331,50,982,N,False
2,109,229,982,N,False
2,109,295,982,N,False
2,109,314,982,N,False
2,271,314,982,N,False
2,109,reel1__1,982,N,False
2,109,reel25__7,982,N,False
2,77,bot33__9,982,N,False
2,53,346,982,N,False
2,53,299,982,N,False
2,53,24,982,N,False
2,53,266,982,N,False
2,53,254,982,N,False
2,53,191,982,N,False
2,53,317,982,N,False
2,53,reel9__8,982,N,False
2,53,bot21__2,982,N,False
2,53,bot21__8,982,N,False
2,53,reel31__3,982,N,False
2,271,85,982,N,False
2,271,bot15__5,982,N,False
2,271,bot16__9,982,N,False
2,271,bot24__4,982,N,False
2,277,22,982,N,False
2,277,311,982,N,False
2,277,reel3__5,982,N,False
2,277,bot6__4,982,N,False
2,277,bot9__7,982,N,False
2,277,reel9__2,982,N,False
2,277,reel19__0,982,N,False
2,bot11__3,bot32__5,982,N,False
2,bot11__3,bot38__1,982,N,False
2,137,140,982,N,False
2,137,312,982,N,False
2,213,7,983,N,False
2,322,7,983,N,False
2,136,7,983,N,False
2,304,7,983,N,False
2,213,340,983,N,False
2,213,324,983,N,False
2,304,324,983,N,False
2,277,324,983,N,False
2,200,324,983,N,False
2,136,324,983,N,False
2,67,324,983,N,False
2,213,53,983,N,False
2,322,53,983,N,False
2,196,53,983,N,False
2,213,308,983,N,False
2,304,308,983,N,False
2,277,308,983,N,False
2,322,308,983,N,False
2,136,308,983,N,False
2,67,308,983,N,False
2,213,236,983,N,False
2,304,236,983,N,False
2,200,236,983,N,False
2,322,236,983,N,False
2,67,236,983,N,False
2,25,236,983,N,False
2,122,236,983,N,False
2,272,236,983,N,False
2,213,130,983,N,False
2,322,130,983,N,False
2,277,130,983,N,False
2,25,130,983,N,False
2,213,242,983,N,False
2,322,242,983,N,False
2,213,bot0__6,983,N,False
2,313,bot0__6,983,N,False
2,213,bot6__3,983,N,False
2,221,45,983,N,False
2,200,45,983,N,False
2,322,45,983,N,False
2,67,45,983,N,False
2,122,45,983,N,False
2,221,bot49__4,983,N,False
2,196,266,983,N,False
2,196,346,983,N,False
2,272,346,983,N,False
2,196,330,983,N,False
2,196,254,983,N,False
2,196,reel8__4,983,N,False
2,196,bot11__3,983,N,False
2,196,reel20__3,983,N,False
2,196,reel44__9,983,N,False
2,304,325,983,N,False
2,277,325,983,N,False
2,200,325,983,N,False
2,342,325,983,N,False
2,211,325,983,N,False
2,67,325,983,N,False
2,313,325,983,N,False
2,113,325,983,N,False
2,25,325,983,N,False
2,122,325,983,N,False
2,304,212,983,N,False
2,67,212,983,N,False
2,9,66,983,N,False
2,304,66,983,N,False
2,113,66,983,N,False
2,67,66,983,N,False
2,122,66,983,N,False
2,304,31,983,N,False
2,277,31,983,N,False
2,200,31,983,N,False
2,67,31,983,N,False
2,25,31,983,N,False
2,122,31,983,N,False
2,342,bot0__7,983,N,False
2,304,bot0__7,983,N,False
2,313,39,983,N,False
2,25,39,983,N,False
2,277,39,983,N,False
2,200,39,983,N,False
2,113,50,983,N,False
2,277,50,983,N,False
2,122,55,983,N,False
2,67,55,983,N,False
2,277,55,983,N,False
2,200,55,983,N,False
2,277,22,983,N,False
2,136,120,983,N,False
2,277,120,983,N,False
2,277,290,983,N,False
2,342,290,983,N,False
2,322,290,983,N,False
2,67,290,983,N,False
2,25,290,983,N,False
2,277,reel3__5,983,N,False
2,277,bot6__4,983,N,False
2,277,bot9__7,983,N,False
2,277,reel9__2,983,N,False
2,9,3,983,N,False
2,200,3,983,N,False
2,67,3,983,N,False
2,25,3,983,N,False
2,122,3,983,N,False
2,200,223,983,N,False
2,342,223,983,N,False
2,211,223,983,N,False
2,67,223,983,N,False
2,313,223,983,N,False
2,200,reel7__8,983,N,False
2,200,bot8__6,983,N,False
2,200,reel42__0,983,N,False
2,200,bot45__2,983,N,False
2,9,295,983,N,False
2,322,329,983,N,False
2,9,329,983,N,False
2,272,329,983,N,False
2,322,133,983,N,False
2,9,133,983,N,False
2,9,reel1__8,983,N,False
2,342,59,983,N,False
2,211,59,983,N,False
2,342,314,983,N,False
2,313,314,983,N,False
2,342,265,983,N,False
2,211,265,983,N,False
2,67,265,983,N,False
2,313,265,983,N,False
2,342,bot2__4,983,N,False
2,322,1,983,N,False
2,322,126,983,N,False
2,322,88,983,N,False
2,164,88,983,N,False
2,25,88,983,N,False
2,322,250,983,N,False
2,322,260,983,N,False
2,322,bot2__7,983,N,False
2,322,bot6__9,983,N,False
2,136,reel2__6,983,N,False
2,136,reel9__5,983,N,False
2,211,268,983,N,False
2,211,reel36__4,983,N,False
2,67,reel11__3,983,N,False
2,67,reel11__7,983,N,False
2,67,bot23__6,983,N,False
2,67,reel31__9,983,N,False
2,313,reel9__4,983,N,False
2,313,bot46__4,983,N,False
2,113,bot24__1,983,N,False
2,113,reel28__1,983,N,False
2,164,reel16__7,983,N,False
2,25,83,983,N,False
2,25,336,983,N,False
2,25,51,983,N,False
2,25,283,983,N,False
2,25,73,983,N,False
2,25,237,983,N,False
2,25,65,983,N,False
2,122,284,983,N,False
2,122,251,983,N,False
2,122,reel6__6,983,N,False
2,122,reel10__1,983,N,False
2,122,bot24__5,983,N,False
2,272,108,983,N,False
2,272,reel11__2,983,N,False
2,272,bot22__9,983,N,False
2,272,bot33__7,983,N,False
2,138,19,985,N,False
2,48,57,985,N,False
2,48,53,985,N,False
2,48,126,985,N,False
2,48,130,985,N,False
2,48,1,985,N,False
2,48,73,985,N,False
2,48,203,985,N,False
2,48,271,985,N,False
2,48,reel6__6,985,N,False
2,reel39__1,reel44__5,985,N,False
2,reel29__3,reel21__0,985,N,False
2,reel29__3,reel27__5,985,N,False
2,reel29__3,reel20__5,985,N,False
2,bot21__0,331,986,N,False
2,bot27__8,258,986,N,False
2,bot27__8,reel17__9,986,N,False
2,86,225,986,N,False
2,86,227,986,N,False
2,86,bot23__2,986,N,False
2,bot1__3,258,987,N,False
2,bot8__8,bot0__1,987,N,False
2,269,119,988,N,False
2,269,100,988,N,False
2,7,246,988,N,False
2,7,340,988,N,False
2,7,339,988,N,False
2,7,315,988,N,False
2,reel39__4,reel2__3,990,N,True
2,reel39__4,141,990,N,True
2,226,144,990,N,True
2,226,115,990,N,True
2,226,28,990,N,True
2,226,312,990,N,True
2,226,41,990,N,True
2,226,116,990,N,True
2,235,0,990,N,True
2,226,0,990,N,True
2,118,0,990,N,True
2,216,0,990,N,True
2,226,reel11__8,990,N,True
2,226,reel16__7,990,N,True
2,226,reel18__3,990,N,True
2,226,reel38__9,990,N,True
2,reel24__9,129,990,N,True
2,reel24__9,reel32__0,990,N,True
2,reel24__9,bot38__0,990,N,True
2,bot25__6,reel20__8,990,N,True
2,bot25__6,reel11__7,990,N,True
2,bot25__6,bot30__0,990,N,True
2,bot25__6,bot36__8,990,N,True
2,reel41__5,reel23__1,990,N,True
2,reel41__5,reel38__2,990,N,True
2,reel41__5,reel28__7,990,N,True
2,118,325,990,N,True
2,118,134,990,N,True
2,118,261,990,N,True
2,118,283,990,N,True
2,118,13,990,N,True
2,118,239,990,N,True
2,118,161,990,N,True
2,118,324,990,N,True
2,118,26,990,N,True
2,118,268,990,N,True
2,118,331,990,N,True
2,118,200,990,N,True
2,118,322,990,N,True
2,118,82,990,N,True
2,118,222,990,N,True
2,118,172,990,N,True
2,118,342,990,N,True
2,118,203,990,N,True
2,118,313,990,N,True
2,118,65,990,N,True
2,118,277,990,N,True
2,118,252,990,N,True
2,118,98,990,N,True
2,118,271,990,N,True
2,118,16,990,N,True
2,118,67,990,N,True
2,118,265,990,N,True
2,118,238,990,N,True
2,118,59,990,N,True
2,118,reel3__3,990,N,True
2,118,reel9__9,990,N,True
2,118,reel12__4,990,N,True
2,118,bot18__1,990,N,True
2,118,reel20__7,990,N,True
2,118,bot24__0,990,N,True
2,118,bot29__8,990,N,True
2,118,bot39__3,990,N,True
2,118,bot40__0,990,N,True
2,118,reel41__9,990,N,True
2,bot41__5,bot2__6,990,N,True
2,bot41__5,reel31__7,990,N,True
2,reel10__2,175,990,N,True
2,reel10__2,230,990,N,True
2,reel10__2,bot31__2,990,N,True
2,235,5,990,N,True
2,235,21,990,N,True
2,235,122,990,N,True
2,235,156,990,N,True
2,235,bot10__0,990,N,True
2,235,reel10__7,990,N,True
2,235,bot17__2,990,N,True
2,235,reel36__7,990,N,True
2,235,bot40__8,990,N,True
2,reel45__8,reel14__0,990,N,True
2,216,243,990,N,True
2,216,bot0__2,990,N,True
2,216,bot7__3,990,N,True
2,216,reel26__0,990,N,True
2,216,bot30__9,990,N,True
2,216,reel32__2,990,N,True
2,216,bot37__8,990,N,True
2,216,reel38__0,990,N,True
2,213,204,991,N,True
2,213,186,991,N,True
2,213,57,991,N,True
2,213,249,991,N,True
2,reel23__8,249,991,N,True
2,213,285,991,N,True
2,246,285,991,N,True
2,213,40,991,N,True
2,213,87,991,N,True
2,246,87,991,N,True
2,339,87,991,N,True
2,7,87,991,N,True
2,213,178,991,N,True
2,213,345,991,N,True
2,213,272,991,N,True
2,213,96,991,N,True
2,213,53,991,N,True
2,213,224,991,N,True
2,213,128,991,N,True
2,213,67,991,N,True
2,213,277,991,N,True
2,339,277,991,N,True
2,213,161,991,N,True
2,339,161,991,N,True
2,213,30,991,N,True
2,213,136,991,N,True
2,246,136,991,N,True
2,339,136,991,N,True
2,7,136,991,N,True
2,213,231,991,N,True
2,reel38__6,231,991,N,True
2,213,80,991,N,True
2,213,130,991,N,True
2,213,242,991,N,True
2,213,56,991,N,True
2,213,bot0__6,991,N,True
2,bot10__8,bot0__6,991,N,True
2,213,bot6__3,991,N,True
2,213,reel12__8,991,N,True
2,reel9__7,289,991,N,True
2,reel9__7,reel7__2,991,N,True
2,reel9__7,reel12__1,991,N,True
2,reel9__7,reel17__6,991,N,True
2,reel9__7,bot43__6,991,N,True
2,182,253,991,N,True
2,230,253,991,N,True
2,182,bot21__7,991,N,True
2,182,bot37__9,991,N,True
2,182,reel37__0,991,N,True
2,reel23__8,reel37__0,991,N,True
2,182,bot39__9,991,N,True
2,182,reel41__1,991,N,True
2,182,reel44__3,991,N,True
2,bot23__7,bot1__6,991,N,True
2,bot23__7,bot25__1,991,N,True
2,339,38,991,N,True
2,7,38,991,N,True
2,339,168,991,N,True
2,7,168,991,N,True
2,339,65,991,N,True
2,7,65,991,N,True
2,339,31,991,N,True
2,7,31,991,N,True
2,339,347,991,N,True
2,7,347,991,N,True
2,246,304,991,N,True
2,7,304,991,N,True
2,7,bot15__7,991,N,True
2,7,reel17__5,991,N,True
2,7,bot33__5,991,N,True
2,7,bot47__2,991,N,True
2,bot31__0,bot19__3,991,N,True
2,bot31__0,bot26__1,991,N,True
2,reel44__6,reel30__2,991,N,True
2,reel44__6,255,991,N,True
2,reel44__6,reel47__2,991,N,True
2,115,2,991,N,True
2,115,137,991,N,True
2,167,137,991,N,True
2,115,28,991,N,True
2,115,312,991,N,True
2,115,14,991,N,True
2,115,140,991,N,True
2,115,20,991,N,True
2,230,41,991,N,True
2,115,41,991,N,True
2,115,116,991,N,True
2,115,220,991,N,True
2,115,326,991,N,True
2,115,192,991,N,True
2,115,144,991,N,True
2,115,17,991,N,True
2,115,reel1__2,991,N,True
2,115,reel6__4,991,N,True
2,115,bot10__6,991,N,True
2,115,reel36__1,991,N,True
2,reel23__8,163,991,N,True
2,reel23__8,bot39__5,991,N,True
2,reel23__8,bot40__3,991,N,True
2,339,119,991,N,True
2,339,334,991,N,True
2,339,158,991,N,True
2,339,313,991,N,True
2,339,146,991,N,True
2,339,152,991,N,True
2,339,260,991,N,True
2,339,reel1__5,991,N,True
2,339,reel9__6,991,N,True
2,339,bot15__5,991,N,True
2,339,reel18__8,991,N,True
2,339,reel25__2,991,N,True
2,339,reel29__4,991,N,True
2,246,25,991,N,True
2,246,reel2__0,991,N,True
2,246,reel11__3,991,N,True
2,246,bot15__8,991,N,True
2,246,bot42__3,991,N,True
2,bot10__8,112,991,N,True
2,bot10__8,bot27__2,991,N,True
2,reel39__5,bot49__7,991,N,True
2,230,23,991,N,True
2,230,307,991,N,True
2,230,71,991,N,True
2,230,reel10__2,991,N,True
2,230,bot36__5,991,N,True
2,230,reel46__1,991,N,True
2,reel38__6,105,991,N,True
2,reel38__6,reel40__3,991,N,True
2,167,93,991,N,True
2,167,243,991,N,True
2,167,32,991,N,True
2,167,310,991,N,True
2,167,337,991,N,True
2,167,reel9__4,991,N,True
2,167,reel23__5,991,N,True
2,167,bot49__2,991,N,True
2,reel14__9,108,992,N,True
2,0,108,992,N,True
2,reel14__9,132,992,N,True
2,0,132,992,N,True
2,reel14__9,reel7__8,992,N,True
2,reel14__9,reel18__6,992,N,True
2,reel14__9,reel24__3,992,N,True
2,reel14__9,reel37__3,992,N,True
2,reel14__9,reel47__1,992,N,True
2,279,reel2__2,992,N,True
2,reel16__3,reel2__2,992,N,True
2,0,21,992,N,True
2,280,21,992,N,True
2,reel16__3,21,992,N,True
2,reel16__3,reel32__3,992,N,True
2,reel10__8,bot16__2,992,N,True
2,reel10__8,reel17__7,992,N,True
2,reel10__8,reel18__9,992,N,True
2,reel10__8,bot22__0,992,N,True
2,reel10__8,reel22__8,992,N,True
2,reel10__8,reel23__9,992,N,True
2,reel10__8,bot48__6,992,N,True
2,0,119,992,N,True
2,269,119,992,N,True
2,280,119,992,N,True
2,0,100,992,N,True
2,269,100,992,N,True
2,269,bot48__7,992,N,True
2,0,272,992,N,True
2,280,272,992,N,True
2,0,291,992,N,True
2,280,291,992,N,True
2,0,236,992,N,True
2,280,236,992,N,True
2,0,141,992,N,True
2,280,141,992,N,True
2,0,188,992,N,True
2,280,188,992,N,True
2,0,121,992,N,True
2,280,121,992,N,True
2,0,231,992,N,True
2,280,231,992,N,True
2,0,304,992,N,True
2,280,304,992,N,True
2,0,257,992,N,True
2,280,257,992,N,True
2,0,252,992,N,True
2,280,252,992,N,True
2,0,122,992,N,True
2,280,122,992,N,True
2,0,67,992,N,True
2,280,67,992,N,True
2,0,185,992,N,True
2,280,185,992,N,True
2,0,105,992,N,True
2,280,105,992,N,True
2,0,315,992,N,True
2,280,315,992,N,True
2,0,25,992,N,True
2,280,25,992,N,True
2,0,142,992,N,True
2,280,142,992,N,True
2,0,200,992,N,True
2,280,200,992,N,True
2,0,26,992,N,True
2,280,26,992,N,True
2,0,277,992,N,True
2,280,277,992,N,True
2,0,271,992,N,True
2,280,271,992,N,True
2,0,133,992,N,True
2,280,133,992,N,True
2,0,323,992,N,True
2,280,323,992,N,True
2,0,39,992,N,True
2,280,39,992,N,True
2,280,reel9__6,992,N,True
2,280,reel16__9,992,N,True
2,280,reel28__7,992,N,True
2,0,186,992,N,True
2,0,285,992,N,True
2,0,24,992,N,True
2,0,346,992,N,True
2,0,176,992,N,True
2,0,130,992,N,True
2,0,213,992,N,True
2,0,82,992,N,True
2,0,276,992,N,True
2,0,211,992,N,True
2,0,199,992,N,True
2,0,84,992,N,True
2,0,62,992,N,True
2,0,172,992,N,True
2,0,170,992,N,True
2,0,175,992,N,True
2,0,46,992,N,True
2,0,254,992,N,True
2,0,194,992,N,True
2,0,23,992,N,True
2,0,116,992,N,True
2,0,73,992,N,True
2,0,299,992,N,True
2,0,288,992,N,True
2,0,48,992,N,True
2,0,57,992,N,True
2,0,313,992,N,True
2,0,63,992,N,True
2,0,344,992,N,True
2,0,118,992,N,True
2,0,325,992,N,True
2,0,134,992,N,True
2,0,270,992,N,True
2,0,76,992,N,True
2,0,223,992,N,True
2,0,274,992,N,True
2,0,339,992,N,True
2,0,275,992,N,True
2,0,273,992,N,True
2,0,83,992,N,True
2,0,312,992,N,True
2,0,242,992,N,True
2,0,214,992,N,True
2,0,20,992,N,True
2,0,71,992,N,True
2,0,333,992,N,True
2,0,207,992,N,True
2,0,168,992,N,True
2,0,308,992,N,True
2,0,341,992,N,True
2,0,128,992,N,True
2,0,238,992,N,True
2,0,317,992,N,True
2,0,38,992,N,True
2,0,54,992,N,True
2,0,139,992,N,True
2,0,203,992,N,True
2,0,248,992,N,True
2,0,126,992,N,True
2,0,283,992,N,True
2,0,144,992,N,True
2,0,342,992,N,True
2,0,146,992,N,True
2,0,300,992,N,True
2,0,94,992,N,True
2,0,184,992,N,True
2,0,159,992,N,True
2,0,59,992,N,True
2,0,17,992,N,True
2,0,326,992,N,True
2,0,80,992,N,True
2,0,187,992,N,True
2,0,161,992,N,True
2,0,66,992,N,True
2,0,136,992,N,True
2,0,7,992,N,True
2,0,85,992,N,True
2,0,246,992,N,True
2,0,123,992,N,True
2,0,284,992,N,True
2,0,140,992,N,True
2,0,137,992,N,True
2,0,343,992,N,True
2,0,104,992,N,True
2,0,324,992,N,True
2,0,171,992,N,True
2,0,111,992,N,True
2,279,111,992,N,True
2,0,310,992,N,True
2,0,30,992,N,True
2,0,222,992,N,True
2,0,92,992,N,True
2,0,72,992,N,True
2,0,125,992,N,True
2,0,212,992,N,True
2,0,278,992,N,True
2,0,340,992,N,True
2,0,237,992,N,True
2,0,309,992,N,True
2,0,330,992,N,True
2,0,230,992,N,True
2,0,70,992,N,True
2,0,16,992,N,True
2,0,251,992,N,True
2,0,10,992,N,True
2,0,55,992,N,True
2,0,69,992,N,True
2,0,258,992,N,True
2,0,196,992,N,True
2,0,293,992,N,True
2,0,33,992,N,True
2,0,42,992,N,True
2,0,2,992,N,True
2,0,281,992,N,True
2,0,263,992,N,True
2,0,338,992,N,True
2,0,162,992,N,True
2,0,218,992,N,True
2,0,314,992,N,True
2,0,5,992,N,True
2,0,178,992,N,True
2,0,243,992,N,True
2,0,195,992,N,True
2,0,8,992,N,True
2,0,245,992,N,True
2,0,129,992,N,True
2,0,328,992,N,True
2,reel13__6,328,992,N,True
2,0,331,992,N,True
2,0,150,992,N,True
2,0,102,992,N,True
2,0,318,992,N,True
2,0,163,992,N,True
2,0,173,992,N,True
2,0,165,992,N,True
2,0,177,992,N,True
2,0,180,992,N,True
2,0,87,992,N,True
2,0,189,992,N,True
2,0,60,992,N,True
2,0,259,992,N,True
2,0,45,992,N,True
2,0,227,992,N,True
2,0,61,992,N,True
2,0,93,992,N,True
2,0,41,992,N,True
2,0,235,992,N,True
2,0,6,992,N,True
2,0,89,992,N,True
2,0,107,992,N,True
2,0,208,992,N,True
2,0,301,992,N,True
2,0,250,992,N,True
2,0,106,992,N,True
2,0,29,992,N,True
2,0,337,992,N,True
2,0,110,992,N,True
2,0,264,992,N,True
2,0,225,992,N,True
2,0,152,992,N,True
2,0,148,992,N,True
2,0,201,992,N,True
2,0,160,992,N,True
2,0,321,992,N,True
2,0,68,992,N,True
2,reel13__6,68,992,N,True
2,0,131,992,N,True
2,0,262,992,N,True
2,0,234,992,N,True
2,0,44,992,N,True
2,0,50,992,N,True
2,0,193,992,N,True
2,0,97,992,N,True
2,0,124,992,N,True
2,0,90,992,N,True
2,0,216,992,N,True
2,0,151,992,N,True
2,0,145,992,N,True
2,0,157,992,N,True
2,0,327,992,N,True
2,0,95,992,N,True
2,0,120,992,N,True
2,0,247,992,N,True
2,0,190,992,N,True
2,0,282,992,N,True
2,0,244,992,N,True
2,0,319,992,N,True
2,0,233,992,N,True
2,0,256,992,N,True
2,0,155,992,N,True
2,0,191,992,N,True
2,0,147,992,N,True
2,0,206,992,N,True
2,0,229,992,N,True
2,0,138,992,N,True
2,0,164,992,N,True
2,0,240,992,N,True
2,0,77,992,N,True
2,0,219,992,N,True
2,0,305,992,N,True
2,0,198,992,N,True
2,0,182,992,N,True
2,0,294,992,N,True
2,0,316,992,N,True
2,0,34,992,N,True
2,0,35,992,N,True
2,0,reel3__5,992,N,True
2,0,reel20__8,992,N,True
2,0,reel25__7,992,N,True
2,reel13__6,reel1__0,992,N,True
2,reel13__6,reel21__8,992,N,True
2,reel13__6,reel26__9,992,N,True
2,279,reel16__8,992,N,True
2,279,bot22__8,992,N,True
2,reel43__2,reel37__0,992,N,True
2,reel43__2,reel29__4,992,N,True
2,reel23__7,reel16__7,992,N,True
2,reel23__7,bot29__2,992,N,True
2,reel23__7,bot34__3,992,N,True
2,reel24__9,reel6__8,993,N,True
2,reel24__9,reel20__0,993,N,True
2,reel24__9,129,993,N,True
2,196,249,993,N,True
2,196,204,993,N,True
2,196,67,993,N,True
2,196,53,993,N,True
2,196,266,993,N,True
2,196,285,993,N,True
2,196,180,993,N,True
2,196,254,993,N,True
2,196,0,993,N,True
2,328,0,993,N,True
2,196,reel4__5,993,N,True
2,196,bot11__3,993,N,True
2,196,reel13__1,993,N,True
2,196,reel20__3,993,N,True
2,reel1__0,141,993,N,True
2,reel1__0,104,993,N,True
2,reel1__0,198,993,N,True
2,reel1__0,reel47__4,993,N,True
2,reel1__0,bot49__1,993,N,True
2,reel30__9,reel19__7,993,N,True
2,reel46__4,reel18__9,993,N,True
2,reel46__4,reel17__8,993,N,True
2,328,306,993,N,True
2,328,275,993,N,True
2,328,4,993,N,True
2,328,195,993,N,True
2,328,bot3__9,993,N,True
2,328,reel7__7,993,N,True
2,328,reel17__4,993,N,True
2,328,reel25__1,993,N,True
2,328,reel28__7,993,N,True
2,328,reel44__2,993,N,True
2,reel29__5,240,993,N,True
2,reel29__5,301,993,N,True
2,reel29__5,reel8__6,993,N,True
2,reel29__5,bot35__1,993,N,True
2,reel21__8,reel15__2,993,N,True
2,reel21__8,reel2__4,993,N,True
2,reel21__8,reel48__1,993,N,True
2,reel33__5,279,993,N,True
2,reel33__5,reel14__9,993,N,True
2,reel33__5,reel43__2,993,N,True
2,bot9__6,reel7__1,994,N,True
2,bot9__6,bot17__0,994,N,True
2,326,149,994,N,True
2,reel20__3,149,994,N,True
2,115,149,994,N,True
2,312,149,994,N,True
2,326,144,994,N,True
2,reel31__2,144,994,N,True
2,115,144,994,N,True
2,140,144,994,N,True
2,312,144,994,N,True
2,326,343,994,N,True
2,115,343,994,N,True
2,312,343,994,N,True
2,326,162,994,N,True
2,312,162,994,N,True
2,326,116,994,N,True
2,115,116,994,N,True
2,312,116,994,N,True
2,140,116,994,N,True
2,326,20,994,N,True
2,115,20,994,N,True
2,312,20,994,N,True
2,326,14,994,N,True
2,115,14,994,N,True
2,312,14,994,N,True
2,326,bot4__1,994,N,True
2,326,reel10__5,994,N,True
2,326,bot20__9,994,N,True
2,326,reel25__6,994,N,True
2,326,reel28__2,994,N,True
2,326,reel34__3,994,N,True
2,reel20__3,87,994,N,True
2,reel20__3,196,994,N,True
2,reel20__3,bot31__9,994,N,True
2,reel20__3,reel31__1,994,N,True
2,reel20__3,reel32__8,994,N,True
2,reel20__3,bot45__5,994,N,True
2,32,bot32__9,994,N,True
2,32,reel40__5,994,N,True
2,337,reel15__5,994,N,True
2,reel1__0,104,994,N,True
2,reel1__0,reel47__4,994,N,True
2,reel1__0,bot49__1,994,N,True
2,reel6__7,reel8__8,994,N,True
2,reel6__7,reel16__1,994,N,True
2,reel6__7,reel17__9,994,N,True
2,reel31__2,reel24__2,994,N,True
2,reel31__2,reel46__1,994,N,True
2,115,262,994,N,True
2,312,262,994,N,True
2,115,220,994,N,True
2,312,220,994,N,True
2,115,192,994,N,True
2,115,reel6__4,994,N,True
2,115,bot10__6,994,N,True
2,115,reel13__9,994,N,True
2,167,reel13__9,994,N,True
2,115,reel32__4,994,N,True
2,243,bot5__8,994,N,True
2,243,reel13__4,994,N,True
2,243,reel19__5,994,N,True
2,243,reel19__8,994,N,True
2,243,reel27__9,994,N,True
2,93,reel3__0,994,N,True
2,93,reel4__1,994,N,True
2,93,bot11__8,994,N,True
2,reel26__2,reel20__8,994,N,True
2,reel26__2,reel8__1,994,N,True
2,reel26__2,bot45__0,994,N,True
2,bot3__2,139,994,N,True
2,bot3__2,bot11__9,994,N,True
2,bot3__2,bot18__4,994,N,True
2,140,bot4__4,994,N,True
2,312,305,994,N,True
2,312,151,994,N,True
2,312,reel18__5,994,N,True
2,312,reel30__1,994,N,True
2,312,bot34__1,994,N,True
2,312,reel46__9,994,N,True
2,167,reel23__5,994,N,True
2,167,bot49__2,994,N,True
2,323,274,995,N,True
2,21,274,995,N,True
2,200,274,995,N,True
2,203,134,995,N,True
2,252,134,995,N,True
2,21,134,995,N,True
2,142,134,995,N,True
2,67,134,995,N,True
2,118,134,995,N,True
2,203,313,995,N,True
2,252,313,995,N,True
2,21,313,995,N,True
2,67,313,995,N,True
2,118,313,995,N,True
2,119,313,995,N,True
2,325,313,995,N,True
2,203,55,995,N,True
2,252,55,995,N,True
2,21,55,995,N,True
2,200,55,995,N,True
2,67,55,995,N,True
2,142,66,995,N,True
2,67,66,995,N,True
2,252,66,995,N,True
2,21,66,995,N,True
2,203,272,995,N,True
2,67,272,995,N,True
2,252,272,995,N,True
2,21,272,995,N,True
2,203,170,995,N,True
2,252,170,995,N,True
2,21,170,995,N,True
2,200,170,995,N,True
2,142,170,995,N,True
2,322,170,995,N,True
2,67,170,995,N,True
2,323,170,995,N,True
2,332,170,995,N,True
2,119,170,995,N,True
2,21,108,995,N,True
2,203,223,995,N,True
2,252,223,995,N,True
2,21,223,995,N,True
2,200,223,995,N,True
2,67,223,995,N,True
2,325,223,995,N,True
2,203,161,995,N,True
2,252,161,995,N,True
2,21,161,995,N,True
2,142,161,995,N,True
2,322,161,995,N,True
2,67,161,995,N,True
2,118,161,995,N,True
2,325,161,995,N,True
2,203,342,995,N,True
2,252,342,995,N,True
2,21,342,995,N,True
2,322,342,995,N,True
2,67,342,995,N,True
2,118,342,995,N,True
2,119,342,995,N,True
2,325,342,995,N,True
2,203,334,995,N,True
2,50,334,995,N,True
2,252,334,995,N,True
2,21,334,995,N,True
2,200,334,995,N,True
2,142,334,995,N,True
2,67,334,995,N,True
2,169,334,995,N,True
2,229,334,995,N,True
2,203,308,995,N,True
2,252,308,995,N,True
2,21,308,995,N,True
2,142,308,995,N,True
2,322,308,995,N,True
2,67,308,995,N,True
2,323,308,995,N,True
2,31,308,995,N,True
2,252,248,995,N,True
2,21,248,995,N,True
2,200,248,995,N,True
2,67,248,995,N,True
2,323,248,995,N,True
2,332,248,995,N,True
2,119,248,995,N,True
2,169,248,995,N,True
2,324,136,995,N,True
2,21,136,995,N,True
2,322,136,995,N,True
2,67,136,995,N,True
2,169,136,995,N,True
2,169,121,995,N,True
2,21,121,995,N,True
2,252,236,995,N,True
2,21,236,995,N,True
2,200,236,995,N,True
2,142,236,995,N,True
2,322,236,995,N,True
2,67,236,995,N,True
2,303,236,995,N,True
2,169,236,995,N,True
2,169,165,995,N,True
2,21,165,995,N,True
2,200,165,995,N,True
2,252,280,995,N,True
2,21,280,995,N,True
2,200,280,995,N,True
2,142,280,995,N,True
2,322,280,995,N,True
2,67,280,995,N,True
2,323,280,995,N,True
2,31,280,995,N,True
2,332,280,995,N,True
2,119,280,995,N,True
2,169,280,995,N,True
2,21,197,995,N,True
2,21,159,995,N,True
2,203,25,995,N,True
2,252,25,995,N,True
2,21,25,995,N,True
2,200,25,995,N,True
2,322,25,995,N,True
2,67,25,995,N,True
2,323,25,995,N,True
2,31,25,995,N,True
2,332,25,995,N,True
2,119,25,995,N,True
2,169,25,995,N,True
2,325,25,995,N,True
2,21,reel16__3,995,N,True
2,31,339,995,N,True
2,322,339,995,N,True
2,119,339,995,N,True
2,203,48,995,N,True
2,332,48,995,N,True
2,322,48,995,N,True
2,119,48,995,N,True
2,119,171,995,N,True
2,119,54,995,N,True
2,203,199,995,N,True
2,252,199,995,N,True
2,324,199,995,N,True
2,200,199,995,N,True
2,322,199,995,N,True
2,67,199,995,N,True
2,118,199,995,N,True
2,119,199,995,N,True
2,325,199,995,N,True
2,332,329,995,N,True
2,322,329,995,N,True
2,119,329,995,N,True
2,324,329,995,N,True
2,119,318,995,N,True
2,169,318,995,N,True
2,200,185,995,N,True
2,322,185,995,N,True
2,67,185,995,N,True
2,119,185,995,N,True
2,169,185,995,N,True
2,119,176,995,N,True
2,332,208,995,N,True
2,119,208,995,N,True
2,119,269,995,N,True
2,203,128,995,N,True
2,252,128,995,N,True
2,322,128,995,N,True
2,67,128,995,N,True
2,119,128,995,N,True
2,169,128,995,N,True
2,203,82,995,N,True
2,252,82,995,N,True
2,67,82,995,N,True
2,118,82,995,N,True
2,119,82,995,N,True
2,169,82,995,N,True
2,325,82,995,N,True
2,303,132,995,N,True
2,119,132,995,N,True
2,119,150,995,N,True
2,324,150,995,N,True
2,119,27,995,N,True
2,324,27,995,N,True
2,119,79,995,N,True
2,252,79,995,N,True
2,67,79,995,N,True
2,200,79,995,N,True
2,119,146,995,N,True
2,50,146,995,N,True
2,203,261,995,N,True
2,252,261,995,N,True
2,67,261,995,N,True
2,118,261,995,N,True
2,119,261,995,N,True
2,325,261,995,N,True
2,119,reel20__7,995,N,True
2,118,reel20__7,995,N,True
2,119,reel40__6,995,N,True
2,119,bot46__6,995,N,True
2,200,10,995,N,True
2,142,10,995,N,True
2,67,10,995,N,True
2,323,10,995,N,True
2,332,10,995,N,True
2,169,10,995,N,True
2,332,106,995,N,True
2,169,106,995,N,True
2,31,291,995,N,True
2,332,291,995,N,True
2,169,291,995,N,True
2,252,291,995,N,True
2,169,5,995,N,True
2,169,bot0__5,995,N,True
2,169,bot32__6,995,N,True
2,bot45__3,242,995,N,True
2,322,242,995,N,True
2,301,47,995,N,True
2,301,reel19__8,995,N,True
2,301,bot28__0,995,N,True
2,301,reel29__5,995,N,True
2,301,reel39__1,995,N,True
2,322,133,995,N,True
2,reel1__1,133,995,N,True
2,reel1__1,bot21__3,995,N,True
2,332,reel25__4,995,N,True
2,reel1__1,reel25__4,995,N,True
2,reel1__1,reel35__3,995,N,True
2,50,reel19__7,995,N,True
2,50,reel25__3,995,N,True
2,50,reel31__0,995,N,True
2,324,22,995,N,True
2,203,238,995,N,True
2,252,238,995,N,True
2,324,238,995,N,True
2,118,238,995,N,True
2,325,238,995,N,True
2,324,340,995,N,True
2,324,reel0__3,995,N,True
2,324,reel3__2,995,N,True
2,324,bot5__8,995,N,True
2,324,bot10__3,995,N,True
2,324,reel13__3,995,N,True
2,324,reel20__6,995,N,True
2,324,bot23__9,995,N,True
2,324,bot33__2,995,N,True
2,200,62,995,N,True
2,142,62,995,N,True
2,322,62,995,N,True
2,67,62,995,N,True
2,323,62,995,N,True
2,142,3,995,N,True
2,323,3,995,N,True
2,67,3,995,N,True
2,200,3,995,N,True
2,322,75,995,N,True
2,323,75,995,N,True
2,67,75,995,N,True
2,200,75,995,N,True
2,252,72,995,N,True
2,67,72,995,N,True
2,200,72,995,N,True
2,200,reel7__8,995,N,True
2,200,bot8__6,995,N,True
2,200,bot20__7,995,N,True
2,200,reel28__6,995,N,True
2,70,230,995,N,True
2,332,bot5__7,995,N,True
2,70,bot5__7,995,N,True
2,70,bot35__1,995,N,True
2,70,bot38__6,995,N,True
2,70,reel40__3,995,N,True
2,reel20__0,226,995,N,True
2,reel20__0,reel10__2,995,N,True
2,reel20__0,bot25__6,995,N,True
2,67,141,995,N,True
2,323,141,995,N,True
2,67,69,995,N,True
2,67,196,995,N,True
2,203,265,995,N,True
2,252,265,995,N,True
2,67,265,995,N,True
2,118,265,995,N,True
2,325,265,995,N,True
2,reel44__8,265,995,N,True
2,67,reel11__3,995,N,True
2,67,reel13__7,995,N,True
2,67,bot17__7,995,N,True
2,67,bot23__6,995,N,True
2,67,bot30__7,995,N,True
2,67,reel31__9,995,N,True
2,67,reel46__3,995,N,True
2,322,85,995,N,True
2,323,85,995,N,True
2,323,96,995,N,True
2,295,258,995,N,True
2,323,258,995,N,True
2,323,reel5__6,995,N,True
2,323,bot17__8,995,N,True
2,323,bot40__2,995,N,True
2,reel25__7,reel18__4,995,N,True
2,295,bot1__5,995,N,True
2,203,reel4__6,995,N,True
2,295,reel4__6,995,N,True
2,295,bot9__1,995,N,True
2,295,reel22__3,995,N,True
2,295,reel34__2,995,N,True
2,295,bot35__2,995,N,True
2,203,29,995,N,True
2,252,29,995,N,True
2,118,29,995,N,True
2,203,172,995,N,True
2,252,172,995,N,True
2,118,172,995,N,True
2,332,172,995,N,True
2,325,172,995,N,True
2,252,reel6__9,995,N,True
2,252,reel15__7,995,N,True
2,252,reel46__5,995,N,True
2,142,reel21__2,995,N,True
2,118,283,995,N,True
2,203,268,995,N,True
2,325,268,995,N,True
2,118,268,995,N,True
2,332,16,995,N,True
2,118,16,995,N,True
2,118,bot2__0,995,N,True
2,118,reel3__3,995,N,True
2,118,reel9__9,995,N,True
2,118,reel12__4,995,N,True
2,118,bot18__1,995,N,True
2,118,reel30__3,995,N,True
2,118,bot39__3,995,N,True
2,118,bot40__0,995,N,True
2,229,190,995,N,True
2,229,bot1__0,995,N,True
2,229,bot4__6,995,N,True
2,229,bot36__9,995,N,True
2,203,270,995,N,True
2,203,bot5__6,995,N,True
2,203,bot13__3,995,N,True
2,203,reel26__4,995,N,True
2,203,bot36__0,995,N,True
2,332,53,995,N,True
2,322,53,995,N,True
2,322,207,995,N,True
2,322,60,995,N,True
2,322,130,995,N,True
2,322,246,995,N,True
2,322,178,995,N,True
2,303,178,995,N,True
2,31,7,995,N,True
2,322,7,995,N,True
2,322,87,995,N,True
2,322,260,995,N,True
2,332,38,995,N,True
2,322,38,995,N,True
2,31,237,995,N,True
2,31,168,995,N,True
2,31,51,995,N,True
2,31,83,995,N,True
2,31,129,995,N,True
2,31,84,995,N,True
2,31,reel23__4,995,N,True
2,31,reel37__3,995,N,True
2,31,bot49__9,995,N,True
2,332,77,995,N,True
2,332,bot11__3,995,N,True
2,332,reel17__0,995,N,True
2,332,bot49__2,995,N,True
2,303,reel36__2,995,N,True
2,174,293,995,N,True
2,174,112,995,N,True
2,174,bot12__5,995,N,True
2,174,bot20__2,995,N,True
2,174,reel32__8,995,N,True
2,325,311,995,N,True
2,325,reel38__8,995,N,True
2,109,119,996,N,True
2,26,119,996,N,True
2,325,119,996,N,True
2,82,119,996,N,True
2,113,119,996,N,True
2,67,119,996,N,True
2,339,119,996,N,True
2,332,119,996,N,True
2,25,119,996,N,True
2,248,119,996,N,True
2,332,38,996,N,True
2,248,38,996,N,True
2,339,38,996,N,True
2,304,136,996,N,True
2,67,136,996,N,True
2,339,136,996,N,True
2,304,161,996,N,True
2,26,161,996,N,True
2,142,161,996,N,True
2,67,161,996,N,True
2,339,161,996,N,True
2,325,161,996,N,True
2,bot2__6,103,996,N,True
2,25,103,996,N,True
2,339,103,996,N,True
2,109,31,996,N,True
2,304,31,996,N,True
2,142,31,996,N,True
2,67,31,996,N,True
2,339,31,996,N,True
2,168,31,996,N,True
2,25,31,996,N,True
2,304,334,996,N,True
2,26,334,996,N,True
2,142,334,996,N,True
2,113,334,996,N,True
2,67,334,996,N,True
2,40,334,996,N,True
2,339,334,996,N,True
2,304,246,996,N,True
2,25,246,996,N,True
2,339,246,996,N,True
2,168,129,996,N,True
2,339,129,996,N,True
2,109,148,996,N,True
2,82,148,996,N,True
2,113,148,996,N,True
2,339,148,996,N,True
2,25,148,996,N,True
2,317,146,996,N,True
2,339,146,996,N,True
2,339,152,996,N,True
2,168,7,996,N,True
2,22,7,996,N,True
2,304,7,996,N,True
2,339,7,996,N,True
2,82,65,996,N,True
2,25,65,996,N,True
2,339,65,996,N,True
2,168,347,996,N,True
2,22,347,996,N,True
2,304,347,996,N,True
2,339,347,996,N,True
2,339,bot15__5,996,N,True
2,339,reel18__8,996,N,True
2,339,reel25__2,996,N,True
2,22,reel35__4,996,N,True
2,339,reel35__4,996,N,True
2,332,53,996,N,True
2,248,53,996,N,True
2,317,53,996,N,True
2,317,reel1__3,996,N,True
2,317,bot26__2,996,N,True
2,reel4__4,111,996,N,True
2,reel4__4,reel0__3,996,N,True
2,reel4__4,bot11__0,996,N,True
2,reel4__4,reel22__7,996,N,True
2,109,252,996,N,True
2,304,252,996,N,True
2,26,252,996,N,True
2,325,252,996,N,True
2,142,252,996,N,True
2,82,252,996,N,True
2,113,252,996,N,True
2,67,252,996,N,True
2,332,252,996,N,True
2,25,252,996,N,True
2,248,252,996,N,True
2,109,122,996,N,True
2,304,122,996,N,True
2,26,122,996,N,True
2,232,122,996,N,True
2,325,122,996,N,True
2,142,122,996,N,True
2,113,122,996,N,True
2,67,122,996,N,True
2,332,122,996,N,True
2,25,122,996,N,True
2,248,122,996,N,True
2,109,169,996,N,True
2,26,169,996,N,True
2,142,169,996,N,True
2,82,169,996,N,True
2,113,169,996,N,True
2,67,169,996,N,True
2,40,169,996,N,True
2,332,169,996,N,True
2,25,169,996,N,True
2,248,169,996,N,True
2,109,200,996,N,True
2,304,200,996,N,True
2,26,200,996,N,True
2,232,200,996,N,True
2,325,200,996,N,True
2,142,200,996,N,True
2,113,200,996,N,True
2,67,200,996,N,True
2,40,200,996,N,True
2,332,200,996,N,True
2,25,200,996,N,True
2,248,200,996,N,True
2,248,311,996,N,True
2,325,311,996,N,True
2,26,265,996,N,True
2,325,265,996,N,True
2,67,265,996,N,True
2,40,265,996,N,True
2,248,265,996,N,True
2,304,236,996,N,True
2,26,236,996,N,True
2,142,236,996,N,True
2,67,236,996,N,True
2,25,236,996,N,True
2,248,236,996,N,True
2,304,134,996,N,True
2,26,134,996,N,True
2,142,134,996,N,True
2,113,134,996,N,True
2,67,134,996,N,True
2,248,134,996,N,True
2,248,reel11__5,996,N,True
2,248,bot45__8,996,N,True
2,304,172,996,N,True
2,26,172,996,N,True
2,232,172,996,N,True
2,82,172,996,N,True
2,113,172,996,N,True
2,40,172,996,N,True
2,332,172,996,N,True
2,325,172,996,N,True
2,109,56,996,N,True
2,304,56,996,N,True
2,26,56,996,N,True
2,232,56,996,N,True
2,142,56,996,N,True
2,82,56,996,N,True
2,113,56,996,N,True
2,67,56,996,N,True
2,40,56,996,N,True
2,60,56,996,N,True
2,332,56,996,N,True
2,25,56,996,N,True
2,325,56,996,N,True
2,304,212,996,N,True
2,26,212,996,N,True
2,232,212,996,N,True
2,67,212,996,N,True
2,40,212,996,N,True
2,26,298,996,N,True
2,40,298,996,N,True
2,232,298,996,N,True
2,109,239,996,N,True
2,304,239,996,N,True
2,26,239,996,N,True
2,232,239,996,N,True
2,142,239,996,N,True
2,60,239,996,N,True
2,113,239,996,N,True
2,67,239,996,N,True
2,40,239,996,N,True
2,25,239,996,N,True
2,325,239,996,N,True
2,26,72,996,N,True
2,232,72,996,N,True
2,113,72,996,N,True
2,67,72,996,N,True
2,40,72,996,N,True
2,25,72,996,N,True
2,304,9,996,N,True
2,26,9,996,N,True
2,232,9,996,N,True
2,142,9,996,N,True
2,113,9,996,N,True
2,67,9,996,N,True
2,25,9,996,N,True
2,304,280,996,N,True
2,26,280,996,N,True
2,232,280,996,N,True
2,142,280,996,N,True
2,67,280,996,N,True
2,40,280,996,N,True
2,332,280,996,N,True
2,25,280,996,N,True
2,304,199,996,N,True
2,26,199,996,N,True
2,232,199,996,N,True
2,82,199,996,N,True
2,113,199,996,N,True
2,67,199,996,N,True
2,40,199,996,N,True
2,25,199,996,N,True
2,325,199,996,N,True
2,232,bot1__7,996,N,True
2,232,bot18__2,996,N,True
2,232,bot18__6,996,N,True
2,232,bot25__0,996,N,True
2,109,203,996,N,True
2,304,203,996,N,True
2,26,203,996,N,True
2,142,203,996,N,True
2,82,203,996,N,True
2,113,203,996,N,True
2,67,203,996,N,True
2,40,203,996,N,True
2,332,203,996,N,True
2,25,203,996,N,True
2,325,203,996,N,True
2,109,118,996,N,True
2,304,118,996,N,True
2,26,118,996,N,True
2,82,118,996,N,True
2,67,118,996,N,True
2,325,118,996,N,True
2,82,84,996,N,True
2,304,84,996,N,True
2,25,84,996,N,True
2,109,13,996,N,True
2,304,13,996,N,True
2,26,13,996,N,True
2,82,13,996,N,True
2,67,13,996,N,True
2,332,13,996,N,True
2,325,13,996,N,True
2,82,59,996,N,True
2,325,59,996,N,True
2,82,268,996,N,True
2,325,268,996,N,True
2,26,123,996,N,True
2,142,123,996,N,True
2,82,123,996,N,True
2,67,123,996,N,True
2,332,16,996,N,True
2,82,16,996,N,True
2,82,29,996,N,True
2,40,29,996,N,True
2,82,222,996,N,True
2,325,222,996,N,True
2,82,318,996,N,True
2,82,reel4__5,996,N,True
2,82,bot30__8,996,N,True
2,82,reel33__7,996,N,True
2,304,66,996,N,True
2,26,66,996,N,True
2,142,66,996,N,True
2,113,66,996,N,True
2,67,66,996,N,True
2,325,342,996,N,True
2,113,342,996,N,True
2,67,342,996,N,True
2,109,50,996,N,True
2,113,50,996,N,True
2,113,165,996,N,True
2,304,188,996,N,True
2,26,188,996,N,True
2,142,188,996,N,True
2,113,188,996,N,True
2,67,188,996,N,True
2,25,188,996,N,True
2,109,186,996,N,True
2,26,186,996,N,True
2,142,186,996,N,True
2,113,186,996,N,True
2,67,186,996,N,True
2,25,186,996,N,True
2,325,186,996,N,True
2,113,bot1__2,996,N,True
2,113,bot24__1,996,N,True
2,113,bot28__8,996,N,True
2,113,reel28__1,996,N,True
2,113,bot33__1,996,N,True
2,332,213,996,N,True
2,67,213,996,N,True
2,40,213,996,N,True
2,332,77,996,N,True
2,40,77,996,N,True
2,332,329,996,N,True
2,40,329,996,N,True
2,40,307,996,N,True
2,40,258,996,N,True
2,40,reel12__3,996,N,True
2,142,345,996,N,True
2,67,345,996,N,True
2,67,196,996,N,True
2,26,55,996,N,True
2,67,55,996,N,True
2,67,290,996,N,True
2,25,290,996,N,True
2,304,75,996,N,True
2,67,75,996,N,True
2,67,156,996,N,True
2,26,3,996,N,True
2,142,3,996,N,True
2,67,3,996,N,True
2,25,3,996,N,True
2,67,344,996,N,True
2,26,79,996,N,True
2,67,79,996,N,True
2,25,79,996,N,True
2,109,303,996,N,True
2,142,303,996,N,True
2,67,303,996,N,True
2,26,185,996,N,True
2,22,185,996,N,True
2,67,185,996,N,True
2,25,185,996,N,True
2,26,223,996,N,True
2,325,223,996,N,True
2,67,223,996,N,True
2,304,308,996,N,True
2,26,308,996,N,True
2,142,308,996,N,True
2,67,308,996,N,True
2,22,308,996,N,True
2,109,324,996,N,True
2,304,324,996,N,True
2,67,324,996,N,True
2,332,324,996,N,True
2,22,324,996,N,True
2,67,reel11__3,996,N,True
2,67,bot12__8,996,N,True
2,67,reel12__1,996,N,True
2,67,bot30__7,996,N,True
2,67,reel31__9,996,N,True
2,25,83,996,N,True
2,25,288,996,N,True
2,26,176,996,N,True
2,25,176,996,N,True
2,25,76,996,N,True
2,25,88,996,N,True
2,25,336,996,N,True
2,25,51,996,N,True
2,25,283,996,N,True
2,25,39,996,N,True
2,25,105,996,N,True
2,25,270,996,N,True
2,25,reel26__7,996,N,True
2,109,295,996,N,True
2,26,295,996,N,True
2,109,reel1__1,996,N,True
2,109,reel25__7,996,N,True
2,reel27__9,243,996,N,True
2,reel27__9,reel8__7,996,N,True
2,60,bot4__3,996,N,True
2,60,bot14__7,996,N,True
2,60,bot33__8,996,N,True
2,60,reel36__8,996,N,True
2,bot2__6,19,996,N,True
2,bot2__6,bot9__2,996,N,True
2,bot2__6,bot41__5,996,N,True
2,304,30,996,N,True
2,304,reel10__2,996,N,True
2,304,reel12__6,996,N,True
2,304,reel24__4,996,N,True
2,26,reel19__3,996,N,True
2,26,bot43__4,996,N,True
2,244,bot0__3,996,N,True
2,244,bot8__0,996,N,True
2,244,reel13__9,996,N,True
2,244,bot14__8,996,N,True
2,332,208,996,N,True
2,332,48,996,N,True
2,332,106,996,N,True
2,332,bot5__7,996,N,True
2,332,bot11__3,996,N,True
2,332,reel17__0,996,N,True
2,332,reel25__4,996,N,True
2,332,bot49__2,996,N,True
2,168,bot6__3,996,N,True
2,168,reel7__8,996,N,True
2,168,reel8__6,996,N,True
2,168,reel9__9,996,N,True
2,168,reel30__8,996,N,True
2,reel24__8,reel15__2,996,N,True
2,reel24__8,reel7__5,996,N,True
2,reel24__8,reel34__1,996,N,True
2,22,bot0__5,996,N,True
2,22,bot1__9,996,N,True
2,22,bot48__3,996,N,True
2,325,reel38__8,996,N,True
2,3,85,997,N,True
2,3,200,997,N,True
2,25,200,997,N,True
2,3,26,997,N,True
2,25,26,997,N,True
2,3,72,997,N,True
2,25,72,997,N,True
2,3,122,997,N,True
2,25,122,997,N,True
2,3,188,997,N,True
2,25,188,997,N,True
2,3,323,997,N,True
2,25,323,997,N,True
2,3,274,997,N,True
2,3,9,997,N,True
2,25,9,997,N,True
2,3,reel0__4,997,N,True
2,3,bot17__9,997,N,True
2,3,reel23__2,997,N,True
2,3,bot37__7,997,N,True
2,bot4__5,reel3__1,997,N,True
2,bot6__4,bot12__4,997,N,True
2,reel3__3,177,997,N,True
2,reel3__3,reel18__4,997,N,True
2,reel3__3,reel18__5,997,N,True
2,reel3__3,bot47__6,997,N,True
2,bot13__8,bot29__2,997,N,True
2,reel47__9,reel8__2,997,N,True
2,reel47__9,227,997,N,True
2,25,290,997,N,True
2,25,83,997,N,True
2,25,94,997,N,True
2,25,203,997,N,True
2,25,276,997,N,True
2,25,186,997,N,True
2,25,291,997,N,True
2,25,169,997,N,True
2,25,158,997,N,True
2,25,176,997,N,True
2,25,231,997,N,True
2,25,119,997,N,True
2,25,257,997,N,True
2,25,104,997,N,True
2,25,271,997,N,True
2,25,148,997,N,True
2,25,252,997,N,True
2,25,69,997,N,True
2,25,297,997,N,True
2,25,130,997,N,True
2,25,113,997,N,True
2,25,88,997,N,True
2,25,185,997,N,True
2,25,336,997,N,True
2,25,272,997,N,True
2,25,51,997,N,True
2,25,285,997,N,True
2,25,39,997,N,True
2,25,98,997,N,True
2,25,31,997,N,True
2,25,73,997,N,True
2,25,325,997,N,True
2,25,105,997,N,True
2,25,237,997,N,True
2,25,65,997,N,True
2,25,56,997,N,True
2,25,331,997,N,True
2,25,270,997,N,True
2,25,21,997,N,True
2,25,221,997,N,True
2,25,236,997,N,True
2,25,246,997,N,True
2,25,reel26__7,997,N,True
2,reel32__7,reel10__3,997,N,True
2,reel32__7,206,997,N,True
2,reel32__7,bot40__9,997,N,True
2,reel32__7,reel47__6,997,N,True
2,64,217,998,N,True
2,119,217,998,N,True
2,64,150,998,N,True
2,119,150,998,N,True
2,64,189,998,N,True
2,119,189,998,N,True
2,64,100,998,N,True
2,119,100,998,N,True
2,64,reel16__2,998,N,True
2,64,bot39__1,998,N,True
2,64,bot41__8,998,N,True
2,reel9__5,reel7__2,998,N,True
2,reel9__5,reel27__8,998,N,True
2,reel9__5,reel36__1,998,N,True
2,reel36__3,reel26__1,998,N,True
2,reel36__3,reel42__3,998,N,True
2,reel24__4,reel42__3,998,N,True
2,60,291,998,N,True
2,169,291,998,N,True
2,252,291,998,N,True
2,271,291,998,N,True
2,119,9,998,N,True
2,252,9,998,N,True
2,271,9,998,N,True
2,169,9,998,N,True
2,62,26,998,N,True
2,252,26,998,N,True
2,123,26,998,N,True
2,119,26,998,N,True
2,169,26,998,N,True
2,236,26,998,N,True
2,271,26,998,N,True
2,236,248,998,N,True
2,119,248,998,N,True
2,252,248,998,N,True
2,169,248,998,N,True
2,252,338,998,N,True
2,252,72,998,N,True
2,271,72,998,N,True
2,62,56,998,N,True
2,252,56,998,N,True
2,60,56,998,N,True
2,82,56,998,N,True
2,119,56,998,N,True
2,169,56,998,N,True
2,271,56,998,N,True
2,119,109,998,N,True
2,252,109,998,N,True
2,271,109,998,N,True
2,169,109,998,N,True
2,252,134,998,N,True
2,252,250,998,N,True
2,119,113,998,N,True
2,252,113,998,N,True
2,271,113,998,N,True
2,169,113,998,N,True
2,82,29,998,N,True
2,252,29,998,N,True
2,62,200,998,N,True
2,252,200,998,N,True
2,123,200,998,N,True
2,119,200,998,N,True
2,236,200,998,N,True
2,271,200,998,N,True
2,82,172,998,N,True
2,252,172,998,N,True
2,271,172,998,N,True
2,82,65,998,N,True
2,252,65,998,N,True
2,252,280,998,N,True
2,119,280,998,N,True
2,169,280,998,N,True
2,236,280,998,N,True
2,271,280,998,N,True
2,252,25,998,N,True
2,119,25,998,N,True
2,169,25,998,N,True
2,236,25,998,N,True
2,271,25,998,N,True
2,169,103,998,N,True
2,252,103,998,N,True
2,271,103,998,N,True
2,82,59,998,N,True
2,252,59,998,N,True
2,271,59,998,N,True
2,62,322,998,N,True
2,252,322,998,N,True
2,60,322,998,N,True
2,169,322,998,N,True
2,236,322,998,N,True
2,271,322,998,N,True
2,62,67,998,N,True
2,252,67,998,N,True
2,123,67,998,N,True
2,82,67,998,N,True
2,119,67,998,N,True
2,169,67,998,N,True
2,236,67,998,N,True
2,271,67,998,N,True
2,252,265,998,N,True
2,271,265,998,N,True
2,62,186,998,N,True
2,252,186,998,N,True
2,123,186,998,N,True
2,236,186,998,N,True
2,271,186,998,N,True
2,119,128,998,N,True
2,252,128,998,N,True
2,271,128,998,N,True
2,169,128,998,N,True
2,236,315,998,N,True
2,169,315,998,N,True
2,252,315,998,N,True
2,271,315,998,N,True
2,62,199,998,N,True
2,252,199,998,N,True
2,82,199,998,N,True
2,119,199,998,N,True
2,271,199,998,N,True
2,236,297,998,N,True
2,119,297,998,N,True
2,252,297,998,N,True
2,271,297,998,N,True
2,62,122,998,N,True
2,252,122,998,N,True
2,123,122,998,N,True
2,119,122,998,N,True
2,169,122,998,N,True
2,236,122,998,N,True
2,271,122,998,N,True
2,252,313,998,N,True
2,60,313,998,N,True
2,82,313,998,N,True
2,119,313,998,N,True
2,271,313,998,N,True
2,252,212,998,N,True
2,271,212,998,N,True
2,119,324,998,N,True
2,252,324,998,N,True
2,119,79,998,N,True
2,252,79,998,N,True
2,271,79,998,N,True
2,119,277,998,N,True
2,252,277,998,N,True
2,271,277,998,N,True
2,169,277,998,N,True
2,252,66,998,N,True
2,236,272,998,N,True
2,252,272,998,N,True
2,271,272,998,N,True
2,252,31,998,N,True
2,60,285,998,N,True
2,119,285,998,N,True
2,252,285,998,N,True
2,271,285,998,N,True
2,62,223,998,N,True
2,252,223,998,N,True
2,271,223,998,N,True
2,82,118,998,N,True
2,252,118,998,N,True
2,271,118,998,N,True
2,119,188,998,N,True
2,252,188,998,N,True
2,271,188,998,N,True
2,236,304,998,N,True
2,252,304,998,N,True
2,reel24__4,304,998,N,True
2,271,304,998,N,True
2,252,345,998,N,True
2,62,142,998,N,True
2,252,142,998,N,True
2,123,142,998,N,True
2,169,142,998,N,True
2,236,142,998,N,True
2,271,142,998,N,True
2,252,21,998,N,True
2,123,21,998,N,True
2,119,21,998,N,True
2,169,21,998,N,True
2,236,21,998,N,True
2,271,21,998,N,True
2,123,55,998,N,True
2,252,55,998,N,True
2,123,342,998,N,True
2,119,342,998,N,True
2,252,342,998,N,True
2,271,342,998,N,True
2,82,238,998,N,True
2,252,238,998,N,True
2,271,238,998,N,True
2,62,170,998,N,True
2,252,170,998,N,True
2,82,170,998,N,True
2,119,170,998,N,True
2,271,170,998,N,True
2,252,reel15__7,998,N,True
2,236,133,998,N,True
2,62,133,998,N,True
2,271,133,998,N,True
2,119,323,998,N,True
2,62,323,998,N,True
2,271,323,998,N,True
2,236,276,998,N,True
2,62,276,998,N,True
2,271,276,998,N,True
2,236,141,998,N,True
2,62,141,998,N,True
2,271,141,998,N,True
2,62,130,998,N,True
2,236,224,998,N,True
2,62,224,998,N,True
2,271,224,998,N,True
2,62,96,998,N,True
2,bot21__7,182,998,N,True
2,bot21__7,bot6__8,998,N,True
2,bot47__0,reel30__8,998,N,True
2,123,reel4__0,998,N,True
2,123,bot15__2,998,N,True
2,123,bot18__8,998,N,True
2,123,reel32__1,998,N,True
2,123,reel34__6,998,N,True
2,123,reel48__1,998,N,True
2,60,bot4__3,998,N,True
2,60,bot14__7,998,N,True
2,60,bot33__8,998,N,True
2,82,211,998,N,True
2,271,211,998,N,True
2,119,203,998,N,True
2,82,203,998,N,True
2,271,203,998,N,True
2,119,331,998,N,True
2,82,331,998,N,True
2,271,331,998,N,True
2,236,84,998,N,True
2,82,84,998,N,True
2,119,148,998,N,True
2,82,148,998,N,True
2,271,148,998,N,True
2,236,314,998,N,True
2,82,314,998,N,True
2,271,314,998,N,True
2,236,121,998,N,True
2,82,121,998,N,True
2,169,121,998,N,True
2,82,268,998,N,True
2,271,268,998,N,True
2,82,16,998,N,True
2,82,222,998,N,True
2,82,reel4__5,998,N,True
2,82,bot30__8,998,N,True
2,82,reel33__7,998,N,True
2,reel33__6,reel31__4,998,N,True
2,reel33__6,233,998,N,True
2,bot34__5,bot14__1,998,N,True
2,bot34__5,bot16__7,998,N,True
2,119,339,998,N,True
2,119,54,998,N,True
2,119,39,998,N,True
2,119,329,998,N,True
2,119,185,998,N,True
2,169,185,998,N,True
2,271,185,998,N,True
2,119,176,998,N,True
2,271,176,998,N,True
2,119,125,998,N,True
2,169,125,998,N,True
2,119,208,998,N,True
2,119,269,998,N,True
2,119,132,998,N,True
2,119,50,998,N,True
2,236,1,998,N,True
2,119,1,998,N,True
2,119,163,998,N,True
2,236,105,998,N,True
2,119,105,998,N,True
2,119,146,998,N,True
2,119,reel12__7,998,N,True
2,119,reel20__7,998,N,True
2,119,reel24__7,998,N,True
2,119,reel40__6,998,N,True
2,169,40,998,N,True
2,271,40,998,N,True
2,169,10,998,N,True
2,169,106,998,N,True
2,169,5,998,N,True
2,169,bot0__5,998,N,True
2,169,reel3__7,998,N,True
2,169,reel8__5,998,N,True
2,169,bot32__6,998,N,True
2,reel24__4,225,998,N,True
2,236,303,998,N,True
2,236,88,998,N,True
2,236,69,998,N,True
2,236,30,998,N,True
2,271,30,998,N,True
2,236,bot22__9,998,N,True
2,271,85,998,N,True
2,271,298,998,N,True
2,271,290,998,N,True
2,271,reel5__1,998,N,True
2,271,reel6__2,998,N,True
2,271,bot10__5,998,N,True
2,271,bot15__5,998,N,True
2,271,reel46__0,998,N,True
2,reel1__9,132,999,N,True
2,reel1__9,55,999,N,True
2,reel1__9,bot2__9,999,N,True
2,reel1__9,reel19__9,999,N,True
2,226,144,999,N,True
2,226,343,999,N,True
2,226,115,999,N,True
2,226,2,999,N,True
2,226,41,999,N,True
2,226,116,999,N,True
2,226,326,999,N,True
2,226,0,999,N,True
2,150,0,999,N,True
2,164,0,999,N,True
2,264,0,999,N,True
2,65,0,999,N,True
2,226,bot19__4,999,N,True
2,226,reel38__9,999,N,True
2,reel23__7,13,999,N,True
2,65,13,999,N,True
2,reel23__7,81,999,N,True
2,reel23__7,reel26__1,999,N,True
2,reel23__7,bot34__3,999,N,True
2,bot40__5,313,999,N,True
2,150,128,999,N,True
2,150,171,999,N,True
2,150,329,999,N,True
2,150,324,999,N,True
2,150,64,999,N,True
2,150,119,999,N,True
2,150,217,999,N,True
2,164,285,999,N,True
2,264,110,999,N,True
2,264,91,999,N,True
2,264,259,999,N,True
2,264,bot15__0,999,N,True
2,264,bot49__1,999,N,True
2,bot9__0,bot8__2,999,N,True
2,bot9__0,bot36__2,999,N,True
2,reel31__5,124,999,N,True
2,reel31__5,reel23__9,999,N,True
2,reel31__5,reel35__0,999,N,True
2,65,203,999,N,True
2,65,7,999,N,True
2,65,297,999,N,True
2,65,25,999,N,True
2,65,339,999,N,True
2,65,bot5__1,999,N,True
2,65,bot12__1,999,N,True
2,65,reel35__1,999,N,True
3,reel29__4,234,980,N,False
3,200,55,980,N,False
3,200,39,980,N,False
3,200,170,980,N,False
3,200,232,980,N,False
3,200,323,980,N,False
3,200,72,980,N,False
3,200,67,980,N,False
3,200,45,980,N,False
3,200,31,980,N,False
3,200,25,980,N,False
3,200,271,980,N,False
3,200,280,980,N,False
3,200,56,980,N,False
3,200,185,980,N,False
3,200,79,980,N,False
3,200,142,980,N,False
3,200,236,980,N,False
3,200,reel7__8,980,N,False
3,200,bot8__6,980,N,False
3,200,reel42__0,980,N,False
3,131,177,982,N,False
3,reel24__1,177,982,N,False
3,131,227,982,N,False
3,131,278,982,N,False
3,bot2__8,278,982,N,False
3,131,bot25__3,982,N,False
3,94,bot20__3,982,N,False
3,258,bot20__3,982,N,False
3,258,bot27__8,982,N,False
3,bot17__7,240,982,N,False
3,reel0__9,206,982,N,False
3,121,206,982,N,False
3,bot27__6,206,982,N,False
3,311,bot34__2,982,N,False
3,bot27__6,bot34__2,982,N,False
3,bot27__6,bot35__6,982,N,False
3,bot0__5,bot25__4,982,N,False
3,bot0__5,bot32__2,982,N,False
3,reel21__1,bot32__2,982,N,False
3,186,bot0__4,982,N,False
3,186,reel7__1,982,N,False
3,186,reel13__5,982,N,False
3,bot11__8,bot15__9,982,N,False
3,reel39__5,34,982,N,False
3,reel39__5,bot49__7,982,N,False
3,66,reel16__1,982,N,False
3,1,bot17__5,982,N,False
3,188,bot17__5,982,N,False
3,188,bot49__8,982,N,False
3,57,bot21__3,982,N,False
3,reel1__1,bot21__3,982,N,False
3,reel1__1,reel35__3,982,N,False
3,315,reel23__1,982,N,False
3,30,reel23__1,982,N,False
3,315,reel23__6,982,N,False
3,315,bot34__6,982,N,False
3,41,230,982,N,False
3,70,230,982,N,False
3,57,bot35__1,982,N,False
3,70,bot35__1,982,N,False
3,reel28__5,reel40__3,982,N,False
3,reel38__6,reel40__3,982,N,False
3,70,reel40__3,982,N,False
3,246,reel2__0,982,N,False
3,bot7__6,reel2__0,982,N,False
3,295,reel2__0,982,N,False
3,246,bot15__8,982,N,False
3,246,bot42__3,982,N,False
3,reel3__9,reel41__9,982,N,False
3,reel3__9,reel44__0,982,N,False
3,reel25__7,reel18__4,982,N,False
3,reel25__7,reel27__3,982,N,False
3,bot16__9,bot14__7,982,N,False
3,60,bot14__7,982,N,False
3,24,bot14__7,982,N,False
3,bot16__9,bot19__2,982,N,False
3,reel9__6,bot19__2,982,N,False
3,75,reel0__4,982,N,False
3,reel27__7,reel0__4,982,N,False
3,75,bot2__9,982,N,False
3,75,bot3__8,982,N,False
3,75,bot19__8,982,N,False
3,257,bot13__7,982,N,False
3,bot0__2,bot18__9,982,N,False
3,bot33__9,bot18__9,982,N,False
3,bot32__6,bot10__4,982,N,False
3,bot32__6,bot24__0,982,N,False
3,290,bot23__2,982,N,False
3,85,reel6__0,982,N,False
3,reel18__1,reel6__0,982,N,False
3,31,bot9__8,982,N,False
3,31,bot12__0,982,N,False
3,84,bot12__0,982,N,False
3,31,reel15__6,982,N,False
3,31,reel23__4,982,N,False
3,31,bot49__9,982,N,False
3,reel31__3,reel0__5,982,N,False
3,reel31__3,reel42__0,982,N,False
3,reel31__3,reel47__7,982,N,False
3,121,reel0__0,982,N,False
3,reel8__1,reel0__0,982,N,False
3,reel1__6,bot5__9,982,N,False
3,121,bot5__9,982,N,False
3,83,23,982,N,False
3,51,23,982,N,False
3,9,bot3__1,982,N,False
3,51,bot3__1,982,N,False
3,51,bot8__9,982,N,False
3,22,347,982,N,False
3,7,347,982,N,False
3,339,347,982,N,False
3,22,reel42__4,982,N,False
3,reel37__9,reel42__4,982,N,False
3,9,reel35__8,982,N,False
3,9,bot43__5,982,N,False
3,reel4__1,reel26__8,982,N,False
3,bot9__7,bot0__7,982,N,False
3,bot9__7,bot42__4,982,N,False
3,bot5__2,bot42__4,982,N,False
3,339,reel1__5,982,N,False
3,339,reel18__8,982,N,False
3,223,reel20__4,982,N,False
3,156,bot1__5,982,N,False
3,295,bot1__5,982,N,False
3,156,bot4__9,982,N,False
3,1,bot4__9,982,N,False
3,156,reel20__6,982,N,False
3,156,bot31__3,982,N,False
3,156,bot37__4,982,N,False
3,156,reel42__8,982,N,False
3,reel3__5,reel38__9,982,N,False
3,reel3__5,bot39__3,982,N,False
3,312,144,982,N,False
3,41,144,982,N,False
3,140,144,982,N,False
3,140,bot4__4,982,N,False
3,236,bot22__9,982,N,False
3,272,bot22__9,982,N,False
3,272,197,982,N,False
3,bot32__9,197,982,N,False
3,bot21__8,320,982,N,False
3,94,320,982,N,False
3,346,320,982,N,False
3,57,320,982,N,False
3,272,320,982,N,False
3,57,184,982,N,False
3,346,184,982,N,False
3,272,184,982,N,False
3,254,bot15__3,982,N,False
3,272,bot15__3,982,N,False
3,272,bot16__6,982,N,False
3,50,reel6__1,982,N,False
3,50,reel19__7,982,N,False
3,50,bot38__7,982,N,False
3,191,bot22__1,982,N,False
3,96,reel34__9,982,N,False
3,bot15__5,bot36__1,982,N,False
3,322,126,982,N,False
3,1,126,982,N,False
3,1,bot6__1,982,N,False
3,308,reel11__1,982,N,False
3,1,reel11__1,982,N,False
3,24,187,982,N,False
3,254,187,982,N,False
3,266,187,982,N,False
3,94,187,982,N,False
3,346,187,982,N,False
3,299,187,982,N,False
3,249,187,982,N,False
3,249,reel21__7,982,N,False
3,reel8__5,bot10__0,982,N,False
3,196,reel8__4,982,N,False
3,196,reel20__3,982,N,False
3,196,reel44__9,982,N,False
3,334,reel23__9,982,N,False
3,reel26__7,reel23__9,982,N,False
3,reel26__7,reel33__3,982,N,False
3,60,reel6__9,982,N,False
3,60,reel36__8,982,N,False
3,bot2__0,64,982,N,False
3,84,bot5__3,982,N,False
3,84,reel19__1,982,N,False
3,reel31__9,reel17__7,982,N,False
3,reel46__3,reel17__7,982,N,False
3,283,228,982,N,False
3,283,reel3__3,982,N,False
3,283,bot4__5,982,N,False
3,reel3__0,bot4__5,982,N,False
3,283,bot13__8,982,N,False
3,283,reel32__7,982,N,False
3,336,bot14__9,982,N,False
3,336,reel27__6,982,N,False
3,111,343,982,N,False
3,312,343,982,N,False
3,41,343,982,N,False
3,111,279,982,N,False
3,111,20,982,N,False
3,312,20,982,N,False
3,41,20,982,N,False
3,111,reel4__4,982,N,False
3,111,bot26__8,982,N,False
3,345,bot2__4,982,N,False
3,345,reel9__3,982,N,False
3,322,250,982,N,False
3,322,bot2__7,982,N,False
3,308,bot2__7,982,N,False
3,322,bot6__9,982,N,False
3,322,bot13__9,982,N,False
3,bot26__5,bot30__0,982,N,False
3,reel9__8,217,982,N,False
3,reel9__8,reel11__6,982,N,False
3,312,305,982,N,False
3,312,2,982,N,False
3,312,151,982,N,False
3,41,151,982,N,False
3,312,reel18__5,982,N,False
3,312,reel30__1,982,N,False
3,312,bot34__1,982,N,False
3,bot21__2,bot9__9,982,N,False
3,212,bot9__9,982,N,False
3,212,bot48__1,982,N,False
3,7,bot47__2,982,N,False
3,reel11__4,reel30__4,982,N,False
3,308,bot8__2,982,N,False
3,83,bot8__2,982,N,False
3,bot5__2,202,982,N,False
3,bot2__2,61,982,N,False
3,113,bot1__2,982,N,False
3,113,bot24__1,982,N,False
3,113,reel28__1,982,N,False
3,bot21__2,4,982,N,False
3,reel31__9,reel21__0,982,N,False
3,reel31__9,reel47__4,982,N,False
3,41,bot17__1,982,N,False
3,41,reel28__6,982,N,False
3,199,reel35__7,982,N,False
3,340,reel9__7,982,N,False
3,340,bot10__8,982,N,False
3,83,bot14__3,982,N,False
3,55,reel1__9,982,N,False
3,57,reel12__7,982,N,False
3,55,reel12__7,982,N,False
3,reel2__9,reel1__7,982,N,False
3,reel0__9,reel1__7,982,N,False
3,288,reel1__7,982,N,False
3,reel2__9,reel3__8,982,N,False
3,reel2__9,bot15__1,982,N,False
3,bot32__7,reel10__0,982,N,False
3,229,bot1__0,982,N,False
3,229,bot19__0,982,N,False
3,reel8__1,reel12__0,982,N,False
3,reel8__1,reel22__4,982,N,False
3,reel8__1,bot48__0,982,N,False
3,334,bot38__9,982,N,False
3,24,reel5__3,982,N,False
3,reel19__0,reel13__0,982,N,False
3,reel19__0,bot26__7,982,N,False
3,reel1__6,reel16__8,982,N,False
3,346,bot25__5,982,N,False
3,reel34__0,bot35__8,982,N,False
3,reel34__0,reel41__8,982,N,False
3,317,reel41__8,982,N,False
3,reel3__0,71,982,N,False
3,reel3__0,reel29__2,982,N,False
3,311,reel21__9,982,N,False
3,311,bot24__3,982,N,False
3,bot24__4,182,982,N,False
3,bot24__4,bot25__8,982,N,False
3,reel18__1,reel32__2,982,N,False
3,reel18__1,reel48__1,982,N,False
3,reel9__6,reel41__7,982,N,False
3,reel10__7,bot26__4,982,N,False
3,reel10__7,reel35__0,982,N,False
3,reel10__7,bot40__3,982,N,False
3,299,reel32__5,982,N,False
3,bot16__8,192,982,N,False
3,bot0__2,bot8__1,982,N,False
3,288,bot7__0,982,N,False
3,288,reel7__3,982,N,False
3,288,reel36__4,982,N,False
3,62,reel4__8,982,N,False
3,reel21__1,reel45__1,982,N,False
3,reel9__2,bot13__5,982,N,False
3,bot38__1,reel20__1,982,N,False
3,314,reel25__1,982,N,False
3,314,bot33__6,982,N,False
3,reel27__7,bot39__5,982,N,False
3,reel27__7,bot47__8,982,N,False
3,266,bot3__0,982,N,False
3,313,bot46__4,982,N,False
3,94,bot0__1,982,N,False
3,72,reel1__2,982,N,False
3,72,bot46__9,982,N,False
3,reel10__1,bot11__8,983,N,False
3,reel10__1,bot44__2,983,N,False
3,66,reel16__1,983,N,False
3,324,217,983,N,False
3,bot2__7,217,983,N,False
3,324,301,983,N,False
3,324,reel0__3,983,N,False
3,324,reel5__4,983,N,False
3,324,bot10__3,983,N,False
3,324,reel20__6,983,N,False
3,324,bot33__2,983,N,False
3,reel3__5,110,983,N,False
3,reel8__4,110,983,N,False
3,reel8__4,reel36__6,983,N,False
3,bot6__4,bot12__4,983,N,False
3,88,106,983,N,False
3,329,106,983,N,False
3,329,202,983,N,False
3,reel1__8,bot4__0,983,N,False
3,329,bot4__0,983,N,False
3,329,bot24__2,983,N,False
3,reel28__1,227,983,N,False
3,bot24__5,227,983,N,False
3,133,183,983,N,False
3,133,bot5__5,983,N,False
3,254,101,983,N,False
3,266,101,983,N,False
3,242,101,983,N,False
3,330,101,983,N,False
3,53,101,983,N,False
3,346,101,983,N,False
3,254,299,983,N,False
3,242,299,983,N,False
3,330,299,983,N,False
3,53,299,983,N,False
3,1,299,983,N,False
3,346,299,983,N,False
3,73,299,983,N,False
3,120,bot29__0,983,N,False
3,bot23__6,bot29__0,983,N,False
3,130,191,983,N,False
3,53,191,983,N,False
3,53,317,983,N,False
3,53,reel9__8,983,N,False
3,53,bot21__2,983,N,False
3,290,bot0__3,983,N,False
3,290,bot23__2,983,N,False
3,bot6__9,256,983,N,False
3,reel11__7,bot47__4,983,N,False
3,bot0__6,bot10__8,983,N,False
3,340,bot10__8,983,N,False
3,bot0__6,bot40__7,983,N,False
3,bot0__6,bot47__0,983,N,False
3,31,reel37__3,983,N,False
3,31,bot49__9,983,N,False
3,237,23,983,N,False
3,83,23,983,N,False
3,51,23,983,N,False
3,88,bot8__9,983,N,False
3,51,bot8__9,983,N,False
3,51,bot26__0,983,N,False
3,bot46__4,reel38__7,983,N,False
3,reel9__2,reel38__7,983,N,False
3,22,bot0__5,983,N,False
3,22,reel35__4,983,N,False
3,22,reel42__4,983,N,False
3,130,reel19__6,983,N,False
3,reel11__3,reel19__6,983,N,False
3,130,reel28__7,983,N,False
3,bot9__7,bot42__6,983,N,False
3,223,reel20__4,983,N,False
3,reel3__5,reel38__9,983,N,False
3,236,reel24__0,983,N,False
3,65,bot5__1,983,N,False
3,65,bot12__1,983,N,False
3,50,reel19__7,983,N,False
3,50,reel31__0,983,N,False
3,250,reel31__0,983,N,False
3,50,reel44__8,983,N,False
3,265,reel44__8,983,N,False
3,reel1__8,reel48__5,983,N,False
3,250,bot2__5,983,N,False
3,1,bot2__5,983,N,False
3,1,bot4__9,983,N,False
3,bot24__1,bot37__6,983,N,False
3,108,36,983,N,False
3,284,36,983,N,False
3,251,36,983,N,False
3,108,reel14__9,983,N,False
3,reel7__8,reel14__9,983,N,False
3,108,bot28__6,983,N,False
3,284,139,983,N,False
3,251,139,983,N,False
3,284,309,983,N,False
3,251,309,983,N,False
3,251,bot19__0,983,N,False
3,251,reel24__3,983,N,False
3,bot6__3,bot5__4,983,N,False
3,reel6__6,reel30__0,983,N,False
3,283,reel32__7,983,N,False
3,reel36__4,bot46__6,983,N,False
3,55,reel1__9,983,N,False
3,reel16__7,reel1__9,983,N,False
3,reel16__7,reel31__5,983,N,False
3,reel16__7,bot32__8,983,N,False
3,336,reel4__3,983,N,False
3,336,reel8__9,983,N,False
3,336,bot14__9,983,N,False
3,336,bot20__4,983,N,False
3,336,reel27__6,983,N,False
3,bot11__3,bot12__6,983,N,False
3,bot11__3,bot38__1,983,N,False
3,reel44__9,reel23__9,983,N,False
3,reel44__9,reel45__2,983,N,False
3,284,reel9__0,983,N,False
3,284,reel10__0,983,N,False
3,bot2__7,bot44__5,983,N,False
3,bot45__2,bot0__4,983,N,False
3,reel9__5,reel6__9,983,N,False
3,reel9__5,reel7__2,983,N,False
3,reel9__5,reel27__8,983,N,False
3,reel9__5,reel36__1,983,N,False
3,reel20__3,reel30__6,983,N,False
3,7,bot15__7,983,N,False
3,295,bot9__1,983,N,False
3,59,bot9__1,983,N,False
3,59,bot20__8,983,N,False
3,295,reel4__6,983,N,False
3,242,reel4__6,983,N,False
3,242,reel38__4,983,N,False
3,242,reel43__0,983,N,False
3,bot0__7,bot8__1,983,N,False
3,295,bot1__5,983,N,False
3,295,reel2__0,983,N,False
3,295,reel22__3,983,N,False
3,295,reel34__2,983,N,False
3,295,bot35__2,983,N,False
3,340,reel9__7,983,N,False
3,83,bot25__2,983,N,False
3,55,bot5__2,983,N,False
3,reel28__1,reel40__9,983,N,False
3,346,reel15__1,983,N,False
3,346,bot25__5,983,N,False
3,bot23__6,reel4__8,983,N,False
3,reel7__8,bot24__0,983,N,False
3,260,reel16__5,983,N,False
3,325,reel38__8,983,N,False
3,260,reel38__8,983,N,False
3,126,reel8__6,983,N,False
3,126,bot11__9,983,N,False
3,126,reel26__5,983,N,False
3,126,reel29__2,983,N,False
3,reel9__2,90,983,N,False
3,reel9__2,bot13__5,983,N,False
3,reel11__2,198,983,N,False
3,reel9__4,reel15__3,983,N,False
3,reel9__4,reel45__1,983,N,False
3,314,reel25__1,983,N,False
3,314,bot33__6,983,N,False
3,314,reel33__1,983,N,False
3,reel42__0,reel40__8,983,N,False
3,250,reel1__4,983,N,False
3,250,reel11__0,983,N,False
3,250,reel40__2,983,N,False
3,203,223,985,N,False
3,271,223,985,N,False
3,203,313,985,N,False
3,271,313,985,N,False
3,203,265,985,N,False
3,271,265,985,N,False
3,203,272,985,N,False
3,271,272,985,N,False
3,203,161,985,N,False
3,271,161,985,N,False
3,203,55,985,N,False
3,203,65,985,N,False
3,203,297,985,N,False
3,271,297,985,N,False
3,203,67,985,N,False
3,271,67,985,N,False
3,203,200,985,N,False
3,271,200,985,N,False
3,203,56,985,N,False
3,271,56,985,N,False
3,203,238,985,N,False
3,271,238,985,N,False
3,203,315,985,N,False
3,1,315,985,N,False
3,271,315,985,N,False
3,53,315,985,N,False
3,203,268,985,N,False
3,271,268,985,N,False
3,203,308,985,N,False
3,203,261,985,N,False
3,271,261,985,N,False
3,203,118,985,N,False
3,271,118,985,N,False
3,203,342,985,N,False
3,271,342,985,N,False
3,203,50,985,N,False
3,203,113,985,N,False
3,271,113,985,N,False
3,203,324,985,N,False
3,203,277,985,N,False
3,130,277,985,N,False
3,271,277,985,N,False
3,57,277,985,N,False
3,reel21__0,reel31__9,985,N,False
3,57,346,985,N,False
3,130,346,985,N,False
3,1,346,985,N,False
3,53,346,985,N,False
3,130,62,985,N,False
3,130,bot2__4,985,N,False
3,130,reel19__6,985,N,False
3,130,reel28__7,985,N,False
3,19,312,985,N,False
3,19,174,985,N,False
3,19,289,985,N,False
3,19,227,985,N,False
3,19,89,985,N,False
3,19,reel24__2,985,N,False
3,19,bot29__3,985,N,False
3,126,reel0__2,985,N,False
3,126,reel8__6,985,N,False
3,126,reel29__2,985,N,False
3,126,bot39__1,985,N,False
3,reel6__6,187,985,N,False
3,reel6__6,bot16__6,985,N,False
3,reel6__6,reel25__5,985,N,False
3,reel6__6,reel30__0,985,N,False
3,57,242,985,N,False
3,53,242,985,N,False
3,53,317,985,N,False
3,53,101,985,N,False
3,53,reel9__8,985,N,False
3,53,bot21__2,985,N,False
3,53,bot21__8,985,N,False
3,53,reel31__7,985,N,False
3,reel20__5,reel22__1,985,N,False
3,reel20__5,bot33__0,985,N,False
3,1,133,985,N,False
3,271,133,985,N,False
3,1,236,985,N,False
3,271,236,985,N,False
3,1,bot2__5,985,N,False
3,1,bot4__9,985,N,False
3,1,bot18__5,985,N,False
3,57,184,985,N,False
3,57,reel12__7,985,N,False
3,57,bot35__1,985,N,False
3,reel27__5,reel11__3,985,N,False
3,271,reel11__3,985,N,False
3,reel27__5,49,985,N,False
3,271,252,985,N,False
3,271,276,985,N,False
3,271,323,985,N,False
3,271,290,985,N,False
3,271,72,985,N,False
3,271,reel6__2,985,N,False
3,271,bot15__5,985,N,False
3,reel17__9,185,986,N,False
3,reel17__9,reel6__7,986,N,False
3,reel17__9,236,986,N,False
3,reel17__9,bot48__9,986,N,False
3,258,9,986,N,False
3,258,161,986,N,False
3,258,323,986,N,False
3,258,295,986,N,False
3,258,98,986,N,False
3,331,98,986,N,False
3,258,40,986,N,False
3,258,bot20__3,986,N,False
3,258,bot36__8,986,N,False
3,225,bot10__4,986,N,False
3,bot23__2,bot17__8,986,N,False
3,bot23__2,290,986,N,False
3,227,23,986,N,False
3,227,102,986,N,False
3,227,bot24__5,986,N,False
3,227,reel28__1,986,N,False
3,227,bot29__8,986,N,False
3,331,324,986,N,False
3,331,56,986,N,False
3,331,82,986,N,False
3,331,332,986,N,False
3,331,265,986,N,False
3,331,271,986,N,False
3,331,50,986,N,False
3,331,119,986,N,False
3,331,186,986,N,False
3,331,25,986,N,False
3,258,323,987,N,False
3,258,272,987,N,False
3,258,295,987,N,False
3,258,98,987,N,False
3,258,bot20__3,987,N,False
3,258,bot27__8,987,N,False
3,258,bot36__8,987,N,False
3,315,231,988,N,False
3,315,185,988,N,False
3,119,185,988,N,False
3,315,257,988,N,False
3,315,313,988,N,False
3,119,313,988,N,False
3,339,313,988,N,False
3,315,203,988,N,False
3,119,203,988,N,False
3,315,121,988,N,False
3,315,169,988,N,False
3,315,324,988,N,False
3,119,324,988,N,False
3,340,324,988,N,False
3,315,252,988,N,False
3,119,252,988,N,False
3,315,56,988,N,False
3,119,56,988,N,False
3,315,223,988,N,False
3,246,223,988,N,False
3,315,236,988,N,False
3,315,67,988,N,False
3,119,67,988,N,False
3,315,53,988,N,False
3,315,reel23__1,988,N,False
3,315,reel35__1,988,N,False
3,340,bot31__0,988,N,False
3,340,reel44__4,988,N,False
3,339,reel9__6,988,N,False
3,339,bot15__5,988,N,False
3,339,reel18__8,988,N,False
3,339,reel29__4,988,N,False
3,339,reel35__4,988,N,False
3,100,189,988,N,False
3,119,189,988,N,False
3,100,163,988,N,False
3,119,163,988,N,False
3,100,reel13__2,988,N,False
3,100,reel15__0,988,N,False
3,119,342,988,N,False
3,119,54,988,N,False
3,119,39,988,N,False
3,119,318,988,N,False
3,119,113,988,N,False
3,119,176,988,N,False
3,119,125,988,N,False
3,119,248,988,N,False
3,119,50,988,N,False
3,119,229,988,N,False
3,119,200,988,N,False
3,119,reel12__7,988,N,False
3,119,reel20__7,988,N,False
3,119,bot46__6,988,N,False
3,246,bot15__8,988,N,False
3,246,bot42__3,988,N,False
3,reel3__3,reel18__4,990,N,True
3,reel3__3,reel18__5,990,N,True
3,312,reel18__5,990,N,True
3,reel3__3,reel22__5,990,N,True
3,reel3__3,reel48__9,990,N,True
3,134,reel21__6,990,N,True
3,reel26__0,reel21__6,990,N,True
3,0,302,990,N,True
3,reel26__0,302,990,N,True
3,reel26__0,reel32__5,990,N,True
3,0,195,990,N,True
3,reel2__3,195,990,N,True
3,0,1,990,N,True
3,322,1,990,N,True
3,reel2__3,1,990,N,True
3,0,242,990,N,True
3,322,242,990,N,True
3,reel2__3,242,990,N,True
3,reel2__3,bot39__0,990,N,True
3,reel20__8,bot23__9,990,N,True
3,324,bot23__9,990,N,True
3,reel20__8,reel26__2,990,N,True
3,203,332,990,N,True
3,252,332,990,N,True
3,277,332,990,N,True
3,324,332,990,N,True
3,200,332,990,N,True
3,16,332,990,N,True
3,21,332,990,N,True
3,172,332,990,N,True
3,13,332,990,N,True
3,26,332,990,N,True
3,67,332,990,N,True
3,331,332,990,N,True
3,0,332,990,N,True
3,122,332,990,N,True
3,271,332,990,N,True
3,98,332,990,N,True
3,203,223,990,N,True
3,271,223,990,N,True
3,239,223,990,N,True
3,252,223,990,N,True
3,21,223,990,N,True
3,200,223,990,N,True
3,172,223,990,N,True
3,26,223,990,N,True
3,342,223,990,N,True
3,13,223,990,N,True
3,67,223,990,N,True
3,313,223,990,N,True
3,0,223,990,N,True
3,261,223,990,N,True
3,325,223,990,N,True
3,265,223,990,N,True
3,98,223,990,N,True
3,239,280,990,N,True
3,252,280,990,N,True
3,reel28__7,280,990,N,True
3,277,280,990,N,True
3,200,280,990,N,True
3,21,280,990,N,True
3,26,280,990,N,True
3,322,280,990,N,True
3,67,280,990,N,True
3,0,280,990,N,True
3,141,280,990,N,True
3,122,280,990,N,True
3,271,280,990,N,True
3,98,280,990,N,True
3,98,148,990,N,True
3,13,148,990,N,True
3,82,148,990,N,True
3,0,148,990,N,True
3,261,148,990,N,True
3,271,148,990,N,True
3,239,123,990,N,True
3,252,123,990,N,True
3,21,123,990,N,True
3,200,123,990,N,True
3,26,123,990,N,True
3,342,123,990,N,True
3,82,123,990,N,True
3,67,123,990,N,True
3,0,123,990,N,True
3,261,123,990,N,True
3,122,123,990,N,True
3,98,123,990,N,True
3,203,113,990,N,True
3,239,113,990,N,True
3,252,113,990,N,True
3,277,113,990,N,True
3,200,113,990,N,True
3,172,113,990,N,True
3,26,113,990,N,True
3,342,113,990,N,True
3,122,113,990,N,True
3,67,113,990,N,True
3,313,113,990,N,True
3,0,113,990,N,True
3,261,113,990,N,True
3,134,113,990,N,True
3,325,113,990,N,True
3,271,113,990,N,True
3,98,113,990,N,True
3,239,276,990,N,True
3,26,276,990,N,True
3,200,276,990,N,True
3,98,276,990,N,True
3,322,276,990,N,True
3,0,276,990,N,True
3,141,276,990,N,True
3,122,276,990,N,True
3,271,276,990,N,True
3,203,272,990,N,True
3,239,272,990,N,True
3,252,272,990,N,True
3,277,272,990,N,True
3,21,272,990,N,True
3,67,272,990,N,True
3,0,272,990,N,True
3,141,272,990,N,True
3,156,272,990,N,True
3,122,272,990,N,True
3,271,272,990,N,True
3,98,272,990,N,True
3,252,103,990,N,True
3,bot2__6,103,990,N,True
3,200,103,990,N,True
3,98,103,990,N,True
3,172,103,990,N,True
3,0,103,990,N,True
3,271,103,990,N,True
3,203,170,990,N,True
3,239,170,990,N,True
3,252,170,990,N,True
3,277,170,990,N,True
3,200,170,990,N,True
3,21,170,990,N,True
3,26,170,990,N,True
3,342,170,990,N,True
3,322,170,990,N,True
3,82,170,990,N,True
3,67,170,990,N,True
3,313,170,990,N,True
3,0,170,990,N,True
3,268,170,990,N,True
3,122,170,990,N,True
3,271,170,990,N,True
3,98,170,990,N,True
3,203,25,990,N,True
3,239,25,990,N,True
3,252,25,990,N,True
3,277,25,990,N,True
3,200,25,990,N,True
3,21,25,990,N,True
3,26,25,990,N,True
3,322,25,990,N,True
3,67,25,990,N,True
3,331,25,990,N,True
3,0,25,990,N,True
3,141,25,990,N,True
3,122,25,990,N,True
3,283,25,990,N,True
3,325,25,990,N,True
3,271,25,990,N,True
3,98,25,990,N,True
3,65,25,990,N,True
3,203,186,990,N,True
3,239,186,990,N,True
3,252,186,990,N,True
3,277,186,990,N,True
3,200,186,990,N,True
3,21,186,990,N,True
3,222,186,990,N,True
3,26,186,990,N,True
3,322,186,990,N,True
3,67,186,990,N,True
3,59,186,990,N,True
3,331,186,990,N,True
3,0,186,990,N,True
3,122,186,990,N,True
3,325,186,990,N,True
3,271,186,990,N,True
3,98,186,990,N,True
3,reel20__7,119,990,N,True
3,239,119,990,N,True
3,21,119,990,N,True
3,13,119,990,N,True
3,261,119,990,N,True
3,98,119,990,N,True
3,324,119,990,N,True
3,200,119,990,N,True
3,82,119,990,N,True
3,67,119,990,N,True
3,0,119,990,N,True
3,331,119,990,N,True
3,252,119,990,N,True
3,271,119,990,N,True
3,203,119,990,N,True
3,277,119,990,N,True
3,26,119,990,N,True
3,342,119,990,N,True
3,313,119,990,N,True
3,122,119,990,N,True
3,325,119,990,N,True
3,bot36__8,258,990,N,True
3,161,258,990,N,True
3,0,258,990,N,True
3,141,258,990,N,True
3,156,258,990,N,True
3,98,258,990,N,True
3,252,291,990,N,True
3,277,291,990,N,True
3,26,291,990,N,True
3,98,291,990,N,True
3,bot0__2,291,990,N,True
3,0,291,990,N,True
3,129,291,990,N,True
3,141,291,990,N,True
3,reel10__7,291,990,N,True
3,271,291,990,N,True
3,98,reel0__1,990,N,True
3,98,reel11__4,990,N,True
3,16,reel11__4,990,N,True
3,98,reel12__9,990,N,True
3,98,reel44__5,990,N,True
3,144,151,990,N,True
3,28,151,990,N,True
3,reel12__4,151,990,N,True
3,0,151,990,N,True
3,41,151,990,N,True
3,312,151,990,N,True
3,144,140,990,N,True
3,28,140,990,N,True
3,115,140,990,N,True
3,0,140,990,N,True
3,116,140,990,N,True
3,41,140,990,N,True
3,312,140,990,N,True
3,28,reel6__3,990,N,True
3,28,reel7__5,990,N,True
3,28,bot35__5,990,N,True
3,bot31__2,bot14__5,990,N,True
3,bot31__2,bot6__0,990,N,True
3,0,217,990,N,True
3,reel38__2,217,990,N,True
3,324,217,990,N,True
3,0,301,990,N,True
3,324,301,990,N,True
3,0,22,990,N,True
3,277,22,990,N,True
3,324,22,990,N,True
3,239,213,990,N,True
3,277,213,990,N,True
3,324,213,990,N,True
3,322,213,990,N,True
3,5,213,990,N,True
3,67,213,990,N,True
3,161,213,990,N,True
3,0,213,990,N,True
3,122,213,990,N,True
3,203,297,990,N,True
3,252,297,990,N,True
3,324,297,990,N,True
3,200,297,990,N,True
3,21,297,990,N,True
3,26,297,990,N,True
3,322,297,990,N,True
3,67,297,990,N,True
3,0,297,990,N,True
3,261,297,990,N,True
3,122,297,990,N,True
3,271,297,990,N,True
3,65,297,990,N,True
3,0,340,990,N,True
3,324,340,990,N,True
3,0,27,990,N,True
3,324,27,990,N,True
3,324,224,990,N,True
3,200,224,990,N,True
3,26,224,990,N,True
3,322,224,990,N,True
3,67,224,990,N,True
3,0,224,990,N,True
3,141,224,990,N,True
3,261,224,990,N,True
3,122,224,990,N,True
3,271,224,990,N,True
3,324,reel0__3,990,N,True
3,324,reel3__2,990,N,True
3,324,bot4__7,990,N,True
3,243,bot5__8,990,N,True
3,324,bot5__8,990,N,True
3,324,reel5__4,990,N,True
3,bot7__3,bot10__3,990,N,True
3,324,bot10__3,990,N,True
3,156,reel20__6,990,N,True
3,324,reel20__6,990,N,True
3,324,bot33__2,990,N,True
3,252,236,990,N,True
3,21,236,990,N,True
3,200,236,990,N,True
3,26,236,990,N,True
3,322,236,990,N,True
3,13,236,990,N,True
3,67,236,990,N,True
3,0,236,990,N,True
3,141,236,990,N,True
3,122,236,990,N,True
3,271,236,990,N,True
3,0,24,990,N,True
3,203,9,990,N,True
3,252,9,990,N,True
3,277,9,990,N,True
3,200,9,990,N,True
3,21,9,990,N,True
3,26,9,990,N,True
3,342,9,990,N,True
3,322,9,990,N,True
3,122,9,990,N,True
3,67,9,990,N,True
3,161,9,990,N,True
3,0,9,990,N,True
3,141,9,990,N,True
3,156,9,990,N,True
3,134,9,990,N,True
3,271,9,990,N,True
3,0,130,990,N,True
3,322,130,990,N,True
3,reel28__7,130,990,N,True
3,277,130,990,N,True
3,26,133,990,N,True
3,322,133,990,N,True
3,0,133,990,N,True
3,141,133,990,N,True
3,271,133,990,N,True
3,0,53,990,N,True
3,reel31__7,53,990,N,True
3,322,53,990,N,True
3,26,3,990,N,True
3,200,3,990,N,True
3,67,3,990,N,True
3,0,3,990,N,True
3,122,3,990,N,True
3,283,3,990,N,True
3,0,46,990,N,True
3,175,46,990,N,True
3,0,254,990,N,True
3,0,231,990,N,True
3,239,231,990,N,True
3,82,231,990,N,True
3,172,231,990,N,True
3,0,117,990,N,True
3,bot29__8,117,990,N,True
3,0,127,990,N,True
3,21,127,990,N,True
3,144,23,990,N,True
3,0,23,990,N,True
3,116,23,990,N,True
3,230,23,990,N,True
3,175,23,990,N,True
3,0,299,990,N,True
3,0,48,990,N,True
3,322,48,990,N,True
3,203,48,990,N,True
3,271,48,990,N,True
3,0,57,990,N,True
3,277,57,990,N,True
3,342,63,990,N,True
3,313,63,990,N,True
3,0,63,990,N,True
3,261,63,990,N,True
3,271,63,990,N,True
3,0,344,990,N,True
3,239,344,990,N,True
3,67,344,990,N,True
3,122,344,990,N,True
3,0,270,990,N,True
3,203,270,990,N,True
3,0,36,990,N,True
3,0,274,990,N,True
3,122,274,990,N,True
3,21,274,990,N,True
3,200,274,990,N,True
3,0,88,990,N,True
3,322,88,990,N,True
3,21,88,990,N,True
3,277,339,990,N,True
3,322,339,990,N,True
3,313,339,990,N,True
3,161,339,990,N,True
3,0,339,990,N,True
3,129,339,990,N,True
3,65,339,990,N,True
3,0,108,990,N,True
3,21,108,990,N,True
3,0,197,990,N,True
3,21,197,990,N,True
3,239,169,990,N,True
3,252,169,990,N,True
3,277,169,990,N,True
3,21,169,990,N,True
3,26,169,990,N,True
3,322,169,990,N,True
3,82,169,990,N,True
3,5,169,990,N,True
3,67,169,990,N,True
3,0,169,990,N,True
3,122,169,990,N,True
3,271,169,990,N,True
3,0,275,990,N,True
3,0,273,990,N,True
3,0,83,990,N,True
3,115,214,990,N,True
3,0,214,990,N,True
3,116,214,990,N,True
3,41,214,990,N,True
3,230,214,990,N,True
3,312,214,990,N,True
3,0,71,990,N,True
3,230,71,990,N,True
3,0,207,990,N,True
3,322,207,990,N,True
3,0,168,990,N,True
3,reel9__9,168,990,N,True
3,129,168,990,N,True
3,277,168,990,N,True
3,203,308,990,N,True
3,252,308,990,N,True
3,277,308,990,N,True
3,21,308,990,N,True
3,172,308,990,N,True
3,26,308,990,N,True
3,322,308,990,N,True
3,67,308,990,N,True
3,161,308,990,N,True
3,0,308,990,N,True
3,0,341,990,N,True
3,322,341,990,N,True
3,203,341,990,N,True
3,reel38__9,341,990,N,True
3,203,334,990,N,True
3,252,334,990,N,True
3,277,334,990,N,True
3,200,334,990,N,True
3,21,334,990,N,True
3,26,334,990,N,True
3,67,334,990,N,True
3,0,334,990,N,True
3,134,334,990,N,True
3,0,78,990,N,True
3,252,345,990,N,True
3,21,345,990,N,True
3,322,345,990,N,True
3,67,345,990,N,True
3,0,345,990,N,True
3,261,345,990,N,True
3,122,345,990,N,True
3,0,317,990,N,True
3,26,158,990,N,True
3,322,158,990,N,True
3,82,158,990,N,True
3,5,158,990,N,True
3,67,158,990,N,True
3,0,158,990,N,True
3,325,158,990,N,True
3,0,38,990,N,True
3,322,38,990,N,True
3,141,38,990,N,True
3,0,54,990,N,True
3,313,54,990,N,True
3,0,139,990,N,True
3,0,105,990,N,True
3,277,105,990,N,True
3,21,105,990,N,True
3,239,232,990,N,True
3,21,232,990,N,True
3,200,232,990,N,True
3,172,232,990,N,True
3,26,232,990,N,True
3,322,232,990,N,True
3,0,232,990,N,True
3,122,232,990,N,True
3,271,232,990,N,True
3,0,64,990,N,True
3,252,248,990,N,True
3,277,248,990,N,True
3,200,248,990,N,True
3,21,248,990,N,True
3,26,248,990,N,True
3,122,248,990,N,True
3,67,248,990,N,True
3,0,248,990,N,True
3,134,248,990,N,True
3,265,248,990,N,True
3,277,290,990,N,True
3,342,290,990,N,True
3,322,290,990,N,True
3,67,290,990,N,True
3,0,290,990,N,True
3,271,290,990,N,True
3,0,146,990,N,True
3,reel14__0,146,990,N,True
3,313,146,990,N,True
3,0,300,990,N,True
3,0,184,990,N,True
3,reel23__1,184,990,N,True
3,21,184,990,N,True
3,0,187,990,N,True
3,5,187,990,N,True
3,239,66,990,N,True
3,252,66,990,N,True
3,21,66,990,N,True
3,26,66,990,N,True
3,122,66,990,N,True
3,67,66,990,N,True
3,0,66,990,N,True
3,134,66,990,N,True
3,252,31,990,N,True
3,277,31,990,N,True
3,200,31,990,N,True
3,21,31,990,N,True
3,67,31,990,N,True
3,0,31,990,N,True
3,129,31,990,N,True
3,122,31,990,N,True
3,0,7,990,N,True
3,322,7,990,N,True
3,129,7,990,N,True
3,65,7,990,N,True
3,0,255,990,N,True
3,0,49,990,N,True
3,0,246,990,N,True
3,322,246,990,N,True
3,0,284,990,N,True
3,21,284,990,N,True
3,122,284,990,N,True
3,115,137,990,N,True
3,0,137,990,N,True
3,243,137,990,N,True
3,41,137,990,N,True
3,312,137,990,N,True
3,26,185,990,N,True
3,200,185,990,N,True
3,322,185,990,N,True
3,67,185,990,N,True
3,0,185,990,N,True
3,271,185,990,N,True
3,0,171,990,N,True
3,0,111,990,N,True
3,312,111,990,N,True
3,41,111,990,N,True
3,0,32,990,N,True
3,0,92,990,N,True
3,239,72,990,N,True
3,252,72,990,N,True
3,26,72,990,N,True
3,200,72,990,N,True
3,172,72,990,N,True
3,67,72,990,N,True
3,0,72,990,N,True
3,141,72,990,N,True
3,271,72,990,N,True
3,203,40,990,N,True
3,239,40,990,N,True
3,277,40,990,N,True
3,200,40,990,N,True
3,21,40,990,N,True
3,172,40,990,N,True
3,26,40,990,N,True
3,322,40,990,N,True
3,67,40,990,N,True
3,0,40,990,N,True
3,141,40,990,N,True
3,325,40,990,N,True
3,265,40,990,N,True
3,271,40,990,N,True
3,0,266,990,N,True
3,239,212,990,N,True
3,252,212,990,N,True
3,21,212,990,N,True
3,26,212,990,N,True
3,172,212,990,N,True
3,67,212,990,N,True
3,0,212,990,N,True
3,271,212,990,N,True
3,0,330,990,N,True
3,0,249,990,N,True
3,21,39,990,N,True
3,277,39,990,N,True
3,200,39,990,N,True
3,313,39,990,N,True
3,161,39,990,N,True
3,0,39,990,N,True
3,141,39,990,N,True
3,0,10,990,N,True
3,67,10,990,N,True
3,277,10,990,N,True
3,200,10,990,N,True
3,0,69,990,N,True
3,26,69,990,N,True
3,67,69,990,N,True
3,0,257,990,N,True
3,322,257,990,N,True
3,141,257,990,N,True
3,26,257,990,N,True
3,0,196,990,N,True
3,reel32__0,196,990,N,True
3,67,196,990,N,True
3,0,286,990,N,True
3,0,174,990,N,True
3,0,293,990,N,True
3,0,33,990,N,True
3,0,347,990,N,True
3,129,347,990,N,True
3,0,263,990,N,True
3,175,263,990,N,True
3,0,279,990,N,True
3,0,51,990,N,True
3,0,162,990,N,True
3,116,162,990,N,True
3,312,162,990,N,True
3,bot2__6,19,990,N,True
3,115,19,990,N,True
3,0,19,990,N,True
3,41,19,990,N,True
3,175,19,990,N,True
3,312,19,990,N,True
3,0,75,990,N,True
3,322,75,990,N,True
3,67,75,990,N,True
3,200,75,990,N,True
3,0,218,990,N,True
3,342,314,990,N,True
3,82,314,990,N,True
3,313,314,990,N,True
3,161,314,990,N,True
3,0,314,990,N,True
3,261,314,990,N,True
3,271,314,990,N,True
3,65,314,990,N,True
3,0,178,990,N,True
3,322,178,990,N,True
3,0,181,990,N,True
3,0,8,990,N,True
3,0,328,990,N,True
3,reel28__7,328,990,N,True
3,0,99,990,N,True
3,175,99,990,N,True
3,0,296,990,N,True
3,175,296,990,N,True
3,0,102,990,N,True
3,175,102,990,N,True
3,reel38__2,318,990,N,True
3,82,318,990,N,True
3,0,318,990,N,True
3,261,318,990,N,True
3,271,318,990,N,True
3,0,163,990,N,True
3,reel32__2,163,990,N,True
3,0,165,990,N,True
3,21,165,990,N,True
3,200,165,990,N,True
3,342,165,990,N,True
3,0,121,990,N,True
3,82,121,990,N,True
3,21,121,990,N,True
3,0,306,990,N,True
3,reel11__8,306,990,N,True
3,0,180,990,N,True
3,5,180,990,N,True
3,0,87,990,N,True
3,322,87,990,N,True
3,5,87,990,N,True
3,161,87,990,N,True
3,0,189,990,N,True
3,0,259,990,N,True
3,0,58,990,N,True
3,0,167,990,N,True
3,243,167,990,N,True
3,0,227,990,N,True
3,175,227,990,N,True
3,bot29__8,227,990,N,True
3,0,91,990,N,True
3,0,61,990,N,True
3,0,93,990,N,True
3,41,93,990,N,True
3,0,89,990,N,True
3,0,208,990,N,True
3,277,208,990,N,True
3,0,132,990,N,True
3,134,132,990,N,True
3,277,132,990,N,True
3,0,221,990,N,True
3,322,221,990,N,True
3,0,106,990,N,True
3,238,106,990,N,True
3,0,100,990,N,True
3,reel12__4,100,990,N,True
3,0,110,990,N,True
3,0,264,990,N,True
3,0,225,990,N,True
3,175,225,990,N,True
3,0,86,990,N,True
3,175,86,990,N,True
3,0,289,990,N,True
3,0,260,990,N,True
3,322,260,990,N,True
3,0,160,990,N,True
3,0,321,990,N,True
3,175,321,990,N,True
3,0,68,990,N,True
3,175,68,990,N,True
3,0,131,990,N,True
3,26,298,990,N,True
3,172,298,990,N,True
3,0,298,990,N,True
3,265,298,990,N,True
3,271,298,990,N,True
3,0,262,990,N,True
3,115,262,990,N,True
3,312,262,990,N,True
3,0,220,990,N,True
3,115,220,990,N,True
3,312,220,990,N,True
3,0,44,990,N,True
3,312,44,990,N,True
3,41,44,990,N,True
3,0,50,990,N,True
3,203,50,990,N,True
3,277,50,990,N,True
3,331,50,990,N,True
3,0,193,990,N,True
3,0,124,990,N,True
3,0,90,990,N,True
3,0,179,990,N,True
3,0,145,990,N,True
3,bot10__0,145,990,N,True
3,0,157,990,N,True
3,0,95,990,N,True
3,0,120,990,N,True
3,277,120,990,N,True
3,0,247,990,N,True
3,0,190,990,N,True
3,0,282,990,N,True
3,bot2__6,282,990,N,True
3,0,244,990,N,True
3,0,319,990,N,True
3,0,202,990,N,True
3,reel9__9,202,990,N,True
3,0,191,990,N,True
3,0,206,990,N,True
3,0,229,990,N,True
3,0,138,990,N,True
3,0,164,990,N,True
3,reel16__7,164,990,N,True
3,0,77,990,N,True
3,reel11__7,77,990,N,True
3,0,305,990,N,True
3,312,305,990,N,True
3,0,153,990,N,True
3,0,154,990,N,True
3,0,198,990,N,True
3,0,182,990,N,True
3,0,336,990,N,True
3,reel18__3,336,990,N,True
3,0,294,990,N,True
3,277,294,990,N,True
3,0,253,990,N,True
3,230,253,990,N,True
3,0,316,990,N,True
3,5,316,990,N,True
3,0,205,990,N,True
3,0,183,990,N,True
3,reel14__0,183,990,N,True
3,0,34,990,N,True
3,0,reel3__5,990,N,True
3,reel38__9,reel3__5,990,N,True
3,bot39__3,reel3__5,990,N,True
3,277,reel3__5,990,N,True
3,0,reel25__7,990,N,True
3,bot36__8,bot8__3,990,N,True
3,reel32__0,bot45__0,990,N,True
3,reel32__0,reel46__4,990,N,True
3,222,bot1__8,990,N,True
3,222,reel10__0,990,N,True
3,bot7__3,reel4__9,990,N,True
3,bot7__3,reel1__7,990,N,True
3,bot7__3,bot16__3,990,N,True
3,bot7__3,bot17__9,990,N,True
3,134,bot37__4,990,N,True
3,156,bot37__4,990,N,True
3,134,bot49__5,990,N,True
3,reel11__7,reel30__5,990,N,True
3,175,bot47__4,990,N,True
3,reel11__7,bot47__4,990,N,True
3,203,bot3__5,990,N,True
3,342,bot3__5,990,N,True
3,203,reel4__6,990,N,True
3,203,bot5__6,990,N,True
3,203,bot6__8,990,N,True
3,203,bot36__0,990,N,True
3,bot17__2,bot36__0,990,N,True
3,bot2__6,bot3__7,990,N,True
3,bot2__6,bot9__2,990,N,True
3,277,bot9__7,990,N,True
3,277,reel9__2,990,N,True
3,reel36__7,reel19__0,990,N,True
3,277,reel19__0,990,N,True
3,277,bot27__4,990,N,True
3,277,reel34__8,990,N,True
3,277,reel48__0,990,N,True
3,238,reel5__1,990,N,True
3,271,reel5__1,990,N,True
3,238,bot17__4,990,N,True
3,238,bot19__5,990,N,True
3,238,bot21__5,990,N,True
3,238,reel25__8,990,N,True
3,238,reel32__3,990,N,True
3,238,reel34__5,990,N,True
3,reel18__3,bot26__1,990,N,True
3,reel20__7,reel19__7,990,N,True
3,reel11__8,reel19__7,990,N,True
3,reel20__7,reel43__6,990,N,True
3,13,reel2__5,990,N,True
3,13,bot10__7,990,N,True
3,13,reel15__1,990,N,True
3,13,reel23__7,990,N,True
3,reel16__7,reel23__7,990,N,True
3,13,bot29__1,990,N,True
3,156,bot1__5,990,N,True
3,156,bot2__1,990,N,True
3,156,bot4__9,990,N,True
3,156,reel8__2,990,N,True
3,156,bot13__1,990,N,True
3,156,bot31__3,990,N,True
3,156,bot38__4,990,N,True
3,156,reel42__8,990,N,True
3,41,bot5__1,990,N,True
3,65,bot5__1,990,N,True
3,65,reel7__6,990,N,True
3,65,bot12__1,990,N,True
3,65,reel45__6,990,N,True
3,265,reel44__8,990,N,True
3,bot40__8,reel6__9,990,N,True
3,252,reel6__9,990,N,True
3,283,bot4__5,990,N,True
3,283,bot13__8,990,N,True
3,283,reel32__7,990,N,True
3,283,reel47__9,990,N,True
3,271,bot5__5,990,N,True
3,271,reel6__2,990,N,True
3,67,reel11__3,990,N,True
3,271,reel11__3,990,N,True
3,271,bot15__5,990,N,True
3,271,bot16__9,990,N,True
3,271,bot24__4,990,N,True
3,reel16__7,bot32__8,990,N,True
3,322,bot2__7,990,N,True
3,322,bot6__9,990,N,True
3,175,bot13__9,990,N,True
3,322,bot13__9,990,N,True
3,312,reel30__1,990,N,True
3,312,bot34__1,990,N,True
3,reel38__2,reel4__2,990,N,True
3,59,bot20__8,990,N,True
3,59,reel21__0,990,N,True
3,reel41__9,reel3__9,990,N,True
3,reel41__9,reel13__1,990,N,True
3,reel9__9,bot20__2,990,N,True
3,reel9__9,bot42__5,990,N,True
3,bot24__0,reel7__8,990,N,True
3,200,reel7__8,990,N,True
3,200,bot20__7,990,N,True
3,41,reel28__6,990,N,True
3,200,reel28__6,990,N,True
3,200,bot45__2,990,N,True
3,16,reel42__9,990,N,True
3,67,bot12__8,990,N,True
3,67,reel13__7,990,N,True
3,67,bot17__7,990,N,True
3,331,bot17__7,990,N,True
3,67,reel31__9,990,N,True
3,67,reel46__3,990,N,True
3,161,bot0__8,990,N,True
3,122,reel13__0,990,N,True
3,161,reel13__0,990,N,True
3,161,reel26__3,990,N,True
3,161,reel33__2,990,N,True
3,41,reel3__0,990,N,True
3,144,bot11__5,990,N,True
3,144,reel22__4,990,N,True
3,144,reel31__2,990,N,True
3,144,reel44__0,990,N,True
3,bot40__8,bot44__1,990,N,True
3,bot38__0,reel27__8,990,N,True
3,129,bot43__5,990,N,True
3,bot10__0,reel8__5,990,N,True
3,reel23__1,bot29__9,990,N,True
3,reel23__1,reel31__4,990,N,True
3,reel23__1,reel41__4,990,N,True
3,bot37__8,bot21__1,990,N,True
3,bot40__0,bot21__7,990,N,True
3,bot40__0,bot39__6,990,N,True
3,bot17__2,bot36__9,990,N,True
3,21,reel16__3,990,N,True
3,21,bot23__0,990,N,True
3,172,reel1__6,990,N,True
3,172,bot11__6,990,N,True
3,bot24__0,reel18__7,990,N,True
3,172,reel18__7,990,N,True
3,172,reel21__1,990,N,True
3,reel12__4,reel32__4,990,N,True
3,115,reel32__4,990,N,True
3,115,reel6__4,990,N,True
3,115,reel13__9,990,N,True
3,115,reel36__1,990,N,True
3,reel31__7,reel5__9,990,N,True
3,261,reel5__9,990,N,True
3,reel10__7,bot26__4,990,N,True
3,reel10__7,reel35__0,990,N,True
3,reel10__7,bot40__3,990,N,True
3,82,reel4__5,990,N,True
3,reel14__0,reel29__8,990,N,True
3,bot0__2,bot8__1,990,N,True
3,331,bot31__7,990,N,True
3,331,reel38__1,990,N,True
3,reel31__7,reel15__0,990,N,True
3,230,reel46__1,990,N,True
3,175,reel28__9,990,N,True
3,175,reel37__2,990,N,True
3,bot30__0,bot26__5,990,N,True
3,bot30__0,reel8__4,990,N,True
3,26,reel19__3,990,N,True
3,342,bot0__7,990,N,True
3,342,bot2__4,990,N,True
3,342,bot14__1,990,N,True
3,342,bot20__0,990,N,True
3,342,reel48__2,990,N,True
3,313,bot0__6,990,N,True
3,313,reel9__4,990,N,True
3,313,bot46__4,990,N,True
3,141,reel1__0,990,N,True
3,141,bot5__4,990,N,True
3,141,reel47__5,990,N,True
3,141,reel48__7,990,N,True
3,243,reel5__5,990,N,True
3,243,reel13__4,990,N,True
3,122,reel19__5,990,N,True
3,243,reel19__5,990,N,True
3,243,reel19__8,990,N,True
3,243,reel27__9,990,N,True
3,116,reel4__8,990,N,True
3,116,reel14__2,990,N,True
3,116,reel17__4,990,N,True
3,bot24__0,bot32__6,990,N,True
3,122,reel6__6,990,N,True
3,122,reel20__2,990,N,True
3,122,bot24__5,990,N,True
3,122,reel29__9,990,N,True
3,122,reel44__3,990,N,True
3,231,82,991,N,True
3,67,82,991,N,True
3,313,82,991,N,True
3,56,82,991,N,True
3,119,82,991,N,True
3,158,82,991,N,True
3,65,82,991,N,True
3,334,9,991,N,True
3,231,9,991,N,True
3,105,9,991,N,True
3,304,9,991,N,True
3,277,9,991,N,True
3,128,9,991,N,True
3,67,9,991,N,True
3,161,9,991,N,True
3,224,9,991,N,True
3,56,9,991,N,True
3,119,9,991,N,True
3,186,9,991,N,True
3,25,9,991,N,True
3,285,9,991,N,True
3,30,9,991,N,True
3,272,9,991,N,True
3,231,280,991,N,True
3,105,280,991,N,True
3,304,280,991,N,True
3,277,280,991,N,True
3,reel9__6,280,991,N,True
3,40,280,991,N,True
3,67,280,991,N,True
3,31,280,991,N,True
3,119,280,991,N,True
3,25,280,991,N,True
3,272,280,991,N,True
3,231,29,991,N,True
3,40,29,991,N,True
3,231,106,991,N,True
3,231,172,991,N,True
3,304,172,991,N,True
3,277,172,991,N,True
3,128,172,991,N,True
3,40,172,991,N,True
3,313,172,991,N,True
3,56,172,991,N,True
3,231,199,991,N,True
3,304,199,991,N,True
3,128,199,991,N,True
3,40,199,991,N,True
3,67,199,991,N,True
3,161,199,991,N,True
3,56,199,991,N,True
3,313,199,991,N,True
3,119,199,991,N,True
3,186,199,991,N,True
3,25,199,991,N,True
3,231,329,991,N,True
3,130,329,991,N,True
3,178,329,991,N,True
3,40,329,991,N,True
3,204,329,991,N,True
3,119,329,991,N,True
3,30,329,991,N,True
3,272,329,991,N,True
3,231,bot1__9,991,N,True
3,231,bot2__8,991,N,True
3,231,bot4__2,991,N,True
3,334,reel6__5,991,N,True
3,231,reel6__5,991,N,True
3,231,reel8__1,991,N,True
3,bot19__3,reel8__1,991,N,True
3,231,bot13__6,991,N,True
3,231,bot26__5,991,N,True
3,reel11__3,bot26__5,991,N,True
3,231,reel37__1,991,N,True
3,231,reel40__8,991,N,True
3,224,bot9__9,991,N,True
3,bot15__7,bot9__9,991,N,True
3,253,reel10__5,991,N,True
3,326,reel10__5,991,N,True
3,bot15__7,reel10__5,991,N,True
3,bot15__7,bot29__1,991,N,True
3,144,151,991,N,True
3,28,151,991,N,True
3,reel1__5,151,991,N,True
3,310,151,991,N,True
3,14,151,991,N,True
3,41,151,991,N,True
3,312,151,991,N,True
3,reel1__5,36,991,N,True
3,reel1__5,reel46__8,991,N,True
3,reel29__4,234,991,N,True
3,reel37__0,reel43__2,991,N,True
3,reel29__4,reel43__2,991,N,True
3,277,323,991,N,True
3,96,323,991,N,True
3,67,323,991,N,True
3,56,323,991,N,True
3,119,323,991,N,True
3,186,323,991,N,True
3,25,323,991,N,True
3,285,323,991,N,True
3,334,188,991,N,True
3,304,188,991,N,True
3,277,188,991,N,True
3,67,188,991,N,True
3,224,188,991,N,True
3,56,188,991,N,True
3,119,188,991,N,True
3,186,188,991,N,True
3,25,188,991,N,True
3,285,188,991,N,True
3,30,188,991,N,True
3,272,188,991,N,True
3,130,48,991,N,True
3,80,48,991,N,True
3,53,48,991,N,True
3,119,48,991,N,True
3,57,48,991,N,True
3,30,48,991,N,True
3,334,170,991,N,True
3,304,170,991,N,True
3,277,170,991,N,True
3,128,170,991,N,True
3,67,170,991,N,True
3,313,170,991,N,True
3,56,170,991,N,True
3,119,170,991,N,True
3,186,170,991,N,True
3,25,170,991,N,True
3,260,170,991,N,True
3,285,170,991,N,True
3,277,342,991,N,True
3,67,342,991,N,True
3,313,342,991,N,True
3,56,342,991,N,True
3,119,342,991,N,True
3,285,342,991,N,True
3,119,54,991,N,True
3,313,54,991,N,True
3,53,54,991,N,True
3,105,39,991,N,True
3,277,39,991,N,True
3,313,39,991,N,True
3,161,39,991,N,True
3,119,39,991,N,True
3,25,39,991,N,True
3,334,252,991,N,True
3,304,252,991,N,True
3,277,252,991,N,True
3,345,252,991,N,True
3,128,252,991,N,True
3,67,252,991,N,True
3,313,252,991,N,True
3,161,252,991,N,True
3,31,252,991,N,True
3,56,252,991,N,True
3,119,252,991,N,True
3,186,252,991,N,True
3,25,252,991,N,True
3,285,252,991,N,True
3,272,252,991,N,True
3,65,252,991,N,True
3,334,113,991,N,True
3,304,113,991,N,True
3,277,113,991,N,True
3,40,113,991,N,True
3,67,113,991,N,True
3,313,113,991,N,True
3,56,113,991,N,True
3,119,113,991,N,True
3,186,113,991,N,True
3,25,113,991,N,True
3,285,113,991,N,True
3,158,113,991,N,True
3,119,217,991,N,True
3,128,176,991,N,True
3,119,176,991,N,True
3,25,176,991,N,True
3,304,271,991,N,True
3,277,271,991,N,True
3,bot15__5,271,991,N,True
3,128,271,991,N,True
3,reel11__3,271,991,N,True
3,40,271,991,N,True
3,67,271,991,N,True
3,161,271,991,N,True
3,224,271,991,N,True
3,56,271,991,N,True
3,313,271,991,N,True
3,119,271,991,N,True
3,186,271,991,N,True
3,25,271,991,N,True
3,285,271,991,N,True
3,30,271,991,N,True
3,272,271,991,N,True
3,119,125,991,N,True
3,136,125,991,N,True
3,285,208,991,N,True
3,119,208,991,N,True
3,277,208,991,N,True
3,119,269,991,N,True
3,reel17__5,269,991,N,True
3,334,21,991,N,True
3,105,21,991,N,True
3,304,21,991,N,True
3,277,21,991,N,True
3,345,21,991,N,True
3,136,21,991,N,True
3,40,21,991,N,True
3,67,21,991,N,True
3,161,21,991,N,True
3,31,21,991,N,True
3,56,21,991,N,True
3,313,21,991,N,True
3,119,21,991,N,True
3,186,21,991,N,True
3,25,21,991,N,True
3,272,21,991,N,True
3,334,26,991,N,True
3,304,26,991,N,True
3,277,26,991,N,True
3,128,26,991,N,True
3,40,26,991,N,True
3,67,26,991,N,True
3,161,26,991,N,True
3,224,26,991,N,True
3,56,26,991,N,True
3,313,26,991,N,True
3,119,26,991,N,True
3,186,26,991,N,True
3,25,26,991,N,True
3,285,26,991,N,True
3,158,26,991,N,True
3,119,64,991,N,True
3,304,325,991,N,True
3,277,325,991,N,True
3,40,325,991,N,True
3,67,325,991,N,True
3,161,325,991,N,True
3,56,325,991,N,True
3,313,325,991,N,True
3,119,325,991,N,True
3,186,325,991,N,True
3,25,325,991,N,True
3,158,325,991,N,True
3,334,132,991,N,True
3,277,132,991,N,True
3,242,132,991,N,True
3,40,132,991,N,True
3,56,132,991,N,True
3,119,132,991,N,True
3,158,132,991,N,True
3,304,13,991,N,True
3,277,13,991,N,True
3,67,13,991,N,True
3,313,13,991,N,True
3,56,13,991,N,True
3,119,13,991,N,True
3,65,13,991,N,True
3,334,50,991,N,True
3,277,50,991,N,True
3,119,50,991,N,True
3,146,50,991,N,True
3,119,189,991,N,True
3,128,150,991,N,True
3,119,150,991,N,True
3,163,150,991,N,True
3,119,27,991,N,True
3,reel6__4,27,991,N,True
3,334,229,991,N,True
3,119,229,991,N,True
3,334,203,991,N,True
3,304,203,991,N,True
3,277,203,991,N,True
3,128,203,991,N,True
3,40,203,991,N,True
3,67,203,991,N,True
3,161,203,991,N,True
3,56,203,991,N,True
3,313,203,991,N,True
3,119,203,991,N,True
3,186,203,991,N,True
3,25,203,991,N,True
3,285,203,991,N,True
3,272,203,991,N,True
3,65,203,991,N,True
3,304,98,991,N,True
3,277,98,991,N,True
3,128,98,991,N,True
3,67,98,991,N,True
3,313,98,991,N,True
3,56,98,991,N,True
3,119,98,991,N,True
3,186,98,991,N,True
3,25,98,991,N,True
3,285,98,991,N,True
3,272,98,991,N,True
3,67,297,991,N,True
3,56,297,991,N,True
3,119,297,991,N,True
3,25,297,991,N,True
3,272,297,991,N,True
3,65,297,991,N,True
3,119,100,991,N,True
3,163,100,991,N,True
3,reel12__1,79,991,N,True
3,67,79,991,N,True
3,119,79,991,N,True
3,25,79,991,N,True
3,272,79,991,N,True
3,345,261,991,N,True
3,67,261,991,N,True
3,313,261,991,N,True
3,224,261,991,N,True
3,56,261,991,N,True
3,119,261,991,N,True
3,285,261,991,N,True
3,65,261,991,N,True
3,334,200,991,N,True
3,304,200,991,N,True
3,277,200,991,N,True
3,40,200,991,N,True
3,67,200,991,N,True
3,224,200,991,N,True
3,31,200,991,N,True
3,56,200,991,N,True
3,119,200,991,N,True
3,186,200,991,N,True
3,25,200,991,N,True
3,285,200,991,N,True
3,30,200,991,N,True
3,57,reel12__7,991,N,True
3,119,reel12__7,991,N,True
3,reel18__8,reel12__7,991,N,True
3,119,reel23__6,991,N,True
3,reel41__1,reel23__6,991,N,True
3,119,reel24__7,991,N,True
3,119,reel40__6,991,N,True
3,119,bot46__6,991,N,True
3,130,88,991,N,True
3,178,88,991,N,True
3,80,88,991,N,True
3,242,88,991,N,True
3,53,88,991,N,True
3,56,88,991,N,True
3,186,88,991,N,True
3,25,88,991,N,True
3,56,55,991,N,True
3,67,55,991,N,True
3,186,55,991,N,True
3,277,55,991,N,True
3,56,59,991,N,True
3,186,59,991,N,True
3,345,45,991,N,True
3,186,45,991,N,True
3,67,45,991,N,True
3,277,104,991,N,True
3,128,104,991,N,True
3,reel12__8,104,991,N,True
3,67,104,991,N,True
3,56,104,991,N,True
3,186,104,991,N,True
3,25,104,991,N,True
3,130,62,991,N,True
3,96,62,991,N,True
3,67,62,991,N,True
3,161,62,991,N,True
3,224,62,991,N,True
3,56,62,991,N,True
3,186,62,991,N,True
3,285,221,991,N,True
3,56,221,991,N,True
3,186,221,991,N,True
3,25,221,991,N,True
3,56,222,991,N,True
3,186,222,991,N,True
3,313,222,991,N,True
3,186,bot0__4,991,N,True
3,reel1__2,reel6__2,991,N,True
3,186,reel6__2,991,N,True
3,186,reel7__1,991,N,True
3,186,reel13__5,991,N,True
3,87,reel13__5,991,N,True
3,186,reel33__7,991,N,True
3,2,333,991,N,True
3,20,333,991,N,True
3,2,bot29__5,991,N,True
3,2,bot29__6,991,N,True
3,2,reel36__0,991,N,True
3,347,reel36__0,991,N,True
3,2,bot43__4,991,N,True
3,285,60,991,N,True
3,158,60,991,N,True
3,56,60,991,N,True
3,313,60,991,N,True
3,67,196,991,N,True
3,204,196,991,N,True
3,53,196,991,N,True
3,285,196,991,N,True
3,249,196,991,N,True
3,304,211,991,N,True
3,128,211,991,N,True
3,313,211,991,N,True
3,56,211,991,N,True
3,285,211,991,N,True
3,272,211,991,N,True
3,285,10,991,N,True
3,67,10,991,N,True
3,277,10,991,N,True
3,285,bot3__3,991,N,True
3,285,reel14__2,991,N,True
3,116,reel14__2,991,N,True
3,285,bot49__3,991,N,True
3,reel47__2,reel9__2,991,N,True
3,242,reel9__2,991,N,True
3,277,reel9__2,991,N,True
3,reel47__2,reel39__0,991,N,True
3,bot27__2,reel17__4,991,N,True
3,116,reel17__4,991,N,True
3,bot49__7,reel12__2,991,N,True
3,bot27__2,reel12__2,991,N,True
3,bot26__1,reel12__2,991,N,True
3,28,bot2__0,991,N,True
3,28,reel6__3,991,N,True
3,28,reel7__4,991,N,True
3,28,bot35__5,991,N,True
3,304,141,991,N,True
3,38,141,991,N,True
3,40,141,991,N,True
3,67,141,991,N,True
3,224,141,991,N,True
3,56,141,991,N,True
3,25,141,991,N,True
3,272,141,991,N,True
3,289,bot2__3,991,N,True
3,326,bot2__3,991,N,True
3,38,bot2__3,991,N,True
3,38,bot5__2,991,N,True
3,38,reel48__9,991,N,True
3,255,49,991,N,True
3,192,49,991,N,True
3,192,205,991,N,True
3,192,52,991,N,True
3,192,reel10__8,991,N,True
3,192,reel12__0,991,N,True
3,192,bot16__8,991,N,True
3,192,reel21__0,991,N,True
3,192,reel24__3,991,N,True
3,128,265,991,N,True
3,67,265,991,N,True
3,40,265,991,N,True
3,313,265,991,N,True
3,56,265,991,N,True
3,224,133,991,N,True
3,40,133,991,N,True
3,96,133,991,N,True
3,56,298,991,N,True
3,40,298,991,N,True
3,56,212,991,N,True
3,67,212,991,N,True
3,304,212,991,N,True
3,40,212,991,N,True
3,158,317,991,N,True
3,146,317,991,N,True
3,40,317,991,N,True
3,53,317,991,N,True
3,105,257,991,N,True
3,130,257,991,N,True
3,304,257,991,N,True
3,40,257,991,N,True
3,25,257,991,N,True
3,272,257,991,N,True
3,40,258,991,N,True
3,272,258,991,N,True
3,161,258,991,N,True
3,40,reel0__6,991,N,True
3,40,reel5__6,991,N,True
3,40,reel12__3,991,N,True
3,312,44,991,N,True
3,41,44,991,N,True
3,20,44,991,N,True
3,326,111,991,N,True
3,310,111,991,N,True
3,337,111,991,N,True
3,17,111,991,N,True
3,20,111,991,N,True
3,93,111,991,N,True
3,41,111,991,N,True
3,137,111,991,N,True
3,312,111,991,N,True
3,326,162,991,N,True
3,116,162,991,N,True
3,312,162,991,N,True
3,20,162,991,N,True
3,reel25__2,reel5__0,991,N,True
3,20,reel5__0,991,N,True
3,20,bot14__2,991,N,True
3,20,reel14__3,991,N,True
3,20,bot15__0,991,N,True
3,bot37__9,bot15__0,991,N,True
3,20,bot18__8,991,N,True
3,20,reel42__6,991,N,True
3,reel18__8,reel38__3,991,N,True
3,reel18__8,bot42__4,991,N,True
3,56,290,991,N,True
3,67,290,991,N,True
3,277,290,991,N,True
3,25,290,991,N,True
3,224,276,991,N,True
3,reel1__2,276,991,N,True
3,56,276,991,N,True
3,25,276,991,N,True
3,25,288,991,N,True
3,67,3,991,N,True
3,25,3,991,N,True
3,25,76,991,N,True
3,105,69,991,N,True
3,304,69,991,N,True
3,67,69,991,N,True
3,25,69,991,N,True
3,25,336,991,N,True
3,31,51,991,N,True
3,23,51,991,N,True
3,25,51,991,N,True
3,25,283,991,N,True
3,130,73,991,N,True
3,30,73,991,N,True
3,25,73,991,N,True
3,31,237,991,N,True
3,23,237,991,N,True
3,25,237,991,N,True
3,25,270,991,N,True
3,93,reel4__1,991,N,True
3,reel36__1,reel4__1,991,N,True
3,130,346,991,N,True
3,80,346,991,N,True
3,242,346,991,N,True
3,204,346,991,N,True
3,53,346,991,N,True
3,57,346,991,N,True
3,249,346,991,N,True
3,272,346,991,N,True
3,242,299,991,N,True
3,80,299,991,N,True
3,249,299,991,N,True
3,53,299,991,N,True
3,242,266,991,N,True
3,80,266,991,N,True
3,204,266,991,N,True
3,53,266,991,N,True
3,249,266,991,N,True
3,242,254,991,N,True
3,249,254,991,N,True
3,204,254,991,N,True
3,53,254,991,N,True
3,130,191,991,N,True
3,53,191,991,N,True
3,242,330,991,N,True
3,80,330,991,N,True
3,204,330,991,N,True
3,53,330,991,N,True
3,249,330,991,N,True
3,242,101,991,N,True
3,80,101,991,N,True
3,204,101,991,N,True
3,53,101,991,N,True
3,249,101,991,N,True
3,242,302,991,N,True
3,204,302,991,N,True
3,53,302,991,N,True
3,57,302,991,N,True
3,249,302,991,N,True
3,242,194,991,N,True
3,80,194,991,N,True
3,204,194,991,N,True
3,53,194,991,N,True
3,249,194,991,N,True
3,242,92,991,N,True
3,80,92,991,N,True
3,204,92,991,N,True
3,53,92,991,N,True
3,57,92,991,N,True
3,249,92,991,N,True
3,260,reel3__1,991,N,True
3,53,reel3__1,991,N,True
3,163,reel9__8,991,N,True
3,53,reel9__8,991,N,True
3,53,bot21__2,991,N,True
3,53,bot21__8,991,N,True
3,53,bot23__1,991,N,True
3,53,reel31__3,991,N,True
3,53,reel31__7,991,N,True
3,146,reel22__3,991,N,True
3,146,reel27__2,991,N,True
3,reel10__2,175,991,N,True
3,23,175,991,N,True
3,277,175,991,N,True
3,136,120,991,N,True
3,277,120,991,N,True
3,reel9__4,120,991,N,True
3,345,159,991,N,True
3,277,159,991,N,True
3,272,159,991,N,True
3,304,118,991,N,True
3,277,118,991,N,True
3,67,118,991,N,True
3,313,118,991,N,True
3,161,118,991,N,True
3,56,118,991,N,True
3,65,118,991,N,True
3,277,reel3__5,991,N,True
3,277,bot6__4,991,N,True
3,277,bot8__5,991,N,True
3,277,bot9__7,991,N,True
3,163,bot9__7,991,N,True
3,277,reel19__0,991,N,True
3,277,bot27__4,991,N,True
3,277,reel34__8,991,N,True
3,277,reel48__0,991,N,True
3,reel30__2,reel14__8,991,N,True
3,reel30__2,reel15__0,991,N,True
3,reel30__2,259,991,N,True
3,bot15__8,reel5__3,991,N,True
3,bot15__8,bot10__9,991,N,True
3,224,bot4__6,991,N,True
3,224,reel5__7,991,N,True
3,224,bot8__4,991,N,True
3,224,bot12__5,991,N,True
3,224,reel14__6,991,N,True
3,224,bot35__0,991,N,True
3,bot0__6,bot40__7,991,N,True
3,bot0__6,bot47__0,991,N,True
3,31,338,991,N,True
3,reel7__2,338,991,N,True
3,31,bot9__8,991,N,True
3,31,bot12__0,991,N,True
3,31,reel15__6,991,N,True
3,31,reel23__4,991,N,True
3,31,bot49__9,991,N,True
3,255,reel0__7,991,N,True
3,255,bot3__0,991,N,True
3,255,reel5__9,991,N,True
3,345,reel9__3,991,N,True
3,255,reel9__3,991,N,True
3,255,reel22__0,991,N,True
3,255,reel48__4,991,N,True
3,345,bot2__4,991,N,True
3,130,bot2__4,991,N,True
3,130,reel2__6,991,N,True
3,136,reel2__6,991,N,True
3,130,reel6__1,991,N,True
3,130,bot15__4,991,N,True
3,130,reel19__6,991,N,True
3,reel11__3,reel19__6,991,N,True
3,130,reel28__7,991,N,True
3,80,173,991,N,True
3,163,173,991,N,True
3,80,bot1__4,991,N,True
3,80,reel13__3,991,N,True
3,bot36__5,reel13__3,991,N,True
3,80,reel29__6,991,N,True
3,17,reel8__2,991,N,True
3,17,bot27__9,991,N,True
3,reel7__2,33,991,N,True
3,reel7__2,bot23__0,991,N,True
3,57,108,991,N,True
3,272,108,991,N,True
3,272,197,991,N,True
3,272,127,991,N,True
3,56,75,991,N,True
3,304,75,991,N,True
3,67,75,991,N,True
3,272,75,991,N,True
3,57,184,991,N,True
3,272,184,991,N,True
3,272,85,991,N,True
3,272,bot15__3,991,N,True
3,272,bot16__6,991,N,True
3,272,bot48__2,991,N,True
3,161,314,991,N,True
3,96,314,991,N,True
3,313,314,991,N,True
3,65,314,991,N,True
3,71,bot5__1,991,N,True
3,bot36__5,bot5__1,991,N,True
3,41,bot5__1,991,N,True
3,65,bot5__1,991,N,True
3,65,bot12__1,991,N,True
3,65,reel35__1,991,N,True
3,reel2__0,218,991,N,True
3,reel2__0,bot6__7,991,N,True
3,reel2__0,bot7__6,991,N,True
3,reel2__0,bot44__8,991,N,True
3,105,reel21__1,991,N,True
3,105,reel34__7,991,N,True
3,105,reel35__5,991,N,True
3,105,reel46__0,991,N,True
3,326,bot4__1,991,N,True
3,326,bot20__9,991,N,True
3,326,reel25__6,991,N,True
3,96,reel34__9,991,N,True
3,96,bot45__8,991,N,True
3,bot15__5,bot36__1,991,N,True
3,178,206,991,N,True
3,260,206,991,N,True
3,178,reel3__7,991,N,True
3,178,reel37__4,991,N,True
3,178,reel44__5,991,N,True
3,178,reel45__0,991,N,True
3,71,bot3__7,991,N,True
3,71,reel35__6,991,N,True
3,reel23__5,131,991,N,True
3,reel23__5,reel24__1,991,N,True
3,reel23__5,reel34__0,991,N,True
3,93,bot11__8,991,N,True
3,93,reel11__4,991,N,True
3,158,reel4__4,991,N,True
3,249,reel21__7,991,N,True
3,249,bot34__3,991,N,True
3,249,reel35__2,991,N,True
3,260,reel35__2,991,N,True
3,249,bot36__6,991,N,True
3,242,reel38__4,991,N,True
3,249,reel38__4,991,N,True
3,23,227,991,N,True
3,23,245,991,N,True
3,23,240,991,N,True
3,23,99,991,N,True
3,23,267,991,N,True
3,23,155,991,N,True
3,23,124,991,N,True
3,87,reel11__5,991,N,True
3,87,bot19__1,991,N,True
3,87,reel20__3,991,N,True
3,bot6__3,bot5__4,991,N,True
3,253,bot5__4,991,N,True
3,bot6__3,bot44__9,991,N,True
3,bot39__5,reel27__7,991,N,True
3,bot39__5,reel5__8,991,N,True
3,bot43__6,bot41__3,991,N,True
3,345,reel9__0,991,N,True
3,163,reel32__2,991,N,True
3,bot25__1,47,991,N,True
3,bot25__1,reel0__2,991,N,True
3,bot25__1,bot39__6,991,N,True
3,reel25__2,reel21__2,991,N,True
3,reel25__2,bot30__6,991,N,True
3,312,reel18__5,991,N,True
3,312,reel30__1,991,N,True
3,312,bot34__1,991,N,True
3,bot26__1,reel18__3,991,N,True
3,bot26__1,bot28__0,991,N,True
3,204,bot25__7,991,N,True
3,bot47__2,reel43__8,991,N,True
3,204,reel43__8,991,N,True
3,bot42__3,bot7__9,991,N,True
3,112,reel4__8,991,N,True
3,116,reel4__8,991,N,True
3,112,bot7__4,991,N,True
3,reel12__1,bot20__5,991,N,True
3,242,reel2__3,991,N,True
3,242,reel3__8,991,N,True
3,242,reel4__6,991,N,True
3,242,reel43__0,991,N,True
3,242,bot45__3,991,N,True
3,67,reel11__7,991,N,True
3,67,bot12__8,991,N,True
3,bot1__6,bot12__8,991,N,True
3,220,reel13__7,991,N,True
3,67,reel13__7,991,N,True
3,67,bot17__7,991,N,True
3,67,bot23__6,991,N,True
3,67,reel31__9,991,N,True
3,67,reel46__3,991,N,True
3,161,bot0__8,991,N,True
3,220,reel13__0,991,N,True
3,161,reel13__0,991,N,True
3,161,reel26__3,991,N,True
3,161,reel33__2,991,N,True
3,161,bot37__6,991,N,True
3,reel37__0,reel28__6,991,N,True
3,41,reel28__6,991,N,True
3,reel37__0,bot49__0,991,N,True
3,reel10__2,reel15__3,991,N,True
3,reel9__4,reel15__3,991,N,True
3,reel10__2,bot31__2,991,N,True
3,bot40__3,reel10__7,991,N,True
3,bot19__3,reel16__1,991,N,True
3,bot19__3,bot45__7,991,N,True
3,337,reel15__5,991,N,True
3,337,reel20__9,991,N,True
3,144,bot11__5,991,N,True
3,144,reel44__0,991,N,True
3,310,bot3__5,991,N,True
3,310,bot37__1,991,N,True
3,reel11__3,reel44__1,991,N,True
3,reel11__3,bot45__5,991,N,True
3,bot36__5,bot45__9,991,N,True
3,bot36__5,bot46__5,991,N,True
3,bot37__9,bot30__2,991,N,True
3,334,165,991,N,True
3,334,bot38__9,991,N,True
3,304,bot0__7,991,N,True
3,304,reel24__4,991,N,True
3,14,bot3__4,991,N,True
3,14,bot16__7,991,N,True
3,reel40__3,reel28__5,991,N,True
3,56,63,991,N,True
3,313,63,991,N,True
3,bot1__6,63,991,N,True
3,56,bot14__1,991,N,True
3,56,reel19__3,991,N,True
3,56,bot45__2,991,N,True
3,56,bot46__2,991,N,True
3,168,reel9__9,991,N,True
3,168,bot10__2,991,N,True
3,168,reel30__8,991,N,True
3,220,bot9__5,991,N,True
3,reel6__4,reel5__2,991,N,True
3,reel6__4,bot8__3,991,N,True
3,reel6__4,bot28__1,991,N,True
3,reel6__4,reel28__3,991,N,True
3,reel6__4,bot38__6,991,N,True
3,128,reel11__8,991,N,True
3,128,reel19__4,991,N,True
3,128,bot39__8,991,N,True
3,reel12__8,reel9__1,991,N,True
3,reel12__8,reel20__8,991,N,True
3,reel12__8,reel30__6,991,N,True
3,reel12__8,reel38__5,991,N,True
3,reel9__6,bot19__2,991,N,True
3,reel9__6,reel41__7,991,N,True
3,260,126,991,N,True
3,260,reel16__5,991,N,True
3,260,reel38__8,991,N,True
3,reel17__5,bot49__8,991,N,True
3,bot21__7,reel6__9,991,N,True
3,bot21__7,bot6__8,991,N,True
3,bot21__7,bot40__0,991,N,True
3,243,reel13__4,991,N,True
3,136,reel13__4,991,N,True
3,347,reel11__9,991,N,True
3,347,bot20__1,991,N,True
3,30,reel23__1,991,N,True
3,reel1__2,reel6__0,991,N,True
3,reel1__2,bot14__3,991,N,True
3,reel1__2,reel22__8,991,N,True
3,reel1__2,bot37__3,991,N,True
3,289,reel24__6,991,N,True
3,289,bot25__9,991,N,True
3,reel17__6,reel21__4,991,N,True
3,reel17__6,bot30__3,991,N,True
3,reel17__6,bot31__6,991,N,True
3,reel17__6,bot38__8,991,N,True
3,bot47__2,bot23__9,991,N,True
3,57,bot21__3,991,N,True
3,57,bot35__1,991,N,True
3,reel9__4,reel45__1,991,N,True
3,bot10__6,bot19__8,991,N,True
3,bot10__6,bot24__1,991,N,True
3,bot10__6,bot35__7,991,N,True
3,bot49__7,bot6__5,991,N,True
3,313,bot40__5,991,N,True
3,313,bot46__4,991,N,True
3,243,bot5__8,991,N,True
3,243,reel5__5,991,N,True
3,243,reel19__5,991,N,True
3,243,reel19__8,991,N,True
3,152,4,991,N,True
3,152,reel0__3,991,N,True
3,152,reel13__8,991,N,True
3,231,bot1__9,992,N,True
3,95,bot1__9,992,N,True
3,231,bot4__2,992,N,True
3,231,reel6__5,992,N,True
3,231,bot13__6,992,N,True
3,333,bot13__6,992,N,True
3,231,bot20__4,992,N,True
3,231,bot26__5,992,N,True
3,231,reel37__1,992,N,True
3,231,reel38__6,992,N,True
3,105,reel38__6,992,N,True
3,231,reel40__8,992,N,True
3,121,reel40__8,992,N,True
3,188,reel40__8,992,N,True
3,131,bot4__7,992,N,True
3,324,bot4__7,992,N,True
3,184,bot4__7,992,N,True
3,159,bot25__3,992,N,True
3,131,bot25__3,992,N,True
3,131,reel39__6,992,N,True
3,100,reel13__2,992,N,True
3,35,reel13__2,992,N,True
3,35,reel34__5,992,N,True
3,238,reel34__5,992,N,True
3,35,reel38__7,992,N,True
3,bot48__7,reel0__7,992,N,True
3,175,reel0__7,992,N,True
3,270,reel0__7,992,N,True
3,281,reel16__1,992,N,True
3,66,reel16__1,992,N,True
3,108,bot1__3,992,N,True
3,258,bot1__3,992,N,True
3,170,bot1__3,992,N,True
3,reel32__3,reel15__0,992,N,True
3,258,reel15__0,992,N,True
3,293,reel15__0,992,N,True
3,100,reel15__0,992,N,True
3,94,bot20__3,992,N,True
3,258,bot20__3,992,N,True
3,258,bot27__8,992,N,True
3,258,bot36__8,992,N,True
3,119,reel20__7,992,N,True
3,118,reel20__7,992,N,True
3,100,reel40__6,992,N,True
3,119,reel40__6,992,N,True
3,119,bot46__6,992,N,True
3,186,reel13__5,992,N,True
3,87,reel13__5,992,N,True
3,82,reel33__7,992,N,True
3,186,reel33__7,992,N,True
3,reel18__6,reel36__0,992,N,True
3,2,reel36__0,992,N,True
3,26,bot43__4,992,N,True
3,2,bot43__4,992,N,True
3,206,reel0__9,992,N,True
3,106,reel0__9,992,N,True
3,180,reel0__9,992,N,True
3,145,reel15__9,992,N,True
3,180,reel15__9,992,N,True
3,213,reel39__5,992,N,True
3,34,reel39__5,992,N,True
3,97,reel39__5,992,N,True
3,285,bot3__3,992,N,True
3,108,bot3__3,992,N,True
3,285,reel14__2,992,N,True
3,343,reel14__2,992,N,True
3,116,reel14__2,992,N,True
3,285,bot49__3,992,N,True
3,343,bot12__5,992,N,True
3,69,bot0__7,992,N,True
3,304,bot0__7,992,N,True
3,342,bot0__7,992,N,True
3,69,reel4__9,992,N,True
3,218,reel4__9,992,N,True
3,69,reel19__3,992,N,True
3,26,reel19__3,992,N,True
3,69,reel47__5,992,N,True
3,141,reel47__5,992,N,True
3,213,reel12__8,992,N,True
3,reel20__8,reel12__8,992,N,True
3,104,reel12__8,992,N,True
3,reel20__8,bot23__9,992,N,True
3,324,bot23__9,992,N,True
3,reel20__8,bot25__6,992,N,True
3,reel20__8,reel26__2,992,N,True
3,198,reel26__2,992,N,True
3,reel20__8,reel41__3,992,N,True
3,reel20__8,bot47__8,992,N,True
3,216,bot0__2,992,N,True
3,291,bot0__2,992,N,True
3,291,reel3__1,992,N,True
3,291,reel3__9,992,N,True
3,291,reel4__3,992,N,True
3,235,reel10__7,992,N,True
3,291,reel10__7,992,N,True
3,26,reel10__7,992,N,True
3,206,bot27__6,992,N,True
3,291,bot27__6,992,N,True
3,141,reel28__5,992,N,True
3,291,reel28__5,992,N,True
3,188,bot1__1,992,N,True
3,188,bot17__5,992,N,True
3,188,bot49__8,992,N,True
3,66,reel34__4,992,N,True
3,206,reel42__7,992,N,True
3,66,reel42__7,992,N,True
3,129,reel2__4,992,N,True
3,157,reel2__4,992,N,True
3,245,reel2__4,992,N,True
3,reel21__8,reel2__4,992,N,True
3,reel21__8,reel42__5,992,N,True
3,270,reel42__5,992,N,True
3,123,reel48__1,992,N,True
3,reel21__8,reel48__1,992,N,True
3,259,bot7__1,992,N,True
3,106,bot7__1,992,N,True
3,259,reel30__2,992,N,True
3,315,reel23__1,992,N,True
3,30,reel23__1,992,N,True
3,184,reel23__1,992,N,True
3,94,reel2__1,992,N,True
3,106,reel2__1,992,N,True
3,106,reel2__9,992,N,True
3,106,bot7__6,992,N,True
3,106,bot25__0,992,N,True
3,106,reel37__9,992,N,True
3,118,reel37__9,992,N,True
3,222,bot1__8,992,N,True
3,199,bot1__8,992,N,True
3,38,bot1__8,992,N,True
3,317,reel1__3,992,N,True
3,190,reel1__3,992,N,True
3,38,reel1__3,992,N,True
3,326,bot2__3,992,N,True
3,38,bot2__3,992,N,True
3,38,bot5__2,992,N,True
3,55,bot5__2,992,N,True
3,38,reel48__9,992,N,True
3,243,bot5__8,992,N,True
3,324,bot5__8,992,N,True
3,333,reel5__4,992,N,True
3,324,reel5__4,992,N,True
3,324,bot10__3,992,N,True
3,175,reel13__3,992,N,True
3,80,reel13__3,992,N,True
3,324,reel13__3,992,N,True
3,324,bot33__2,992,N,True
3,87,bot33__2,992,N,True
3,57,bot35__1,992,N,True
3,70,bot35__1,992,N,True
3,70,bot38__6,992,N,True
3,70,reel40__3,992,N,True
3,312,reel46__9,992,N,True
3,293,reel46__9,992,N,True
3,70,reel46__9,992,N,True
3,123,reel4__0,992,N,True
3,201,reel4__0,992,N,True
3,123,bot15__2,992,N,True
3,123,bot18__8,992,N,True
3,333,bot18__8,992,N,True
3,20,bot18__8,992,N,True
3,123,reel32__1,992,N,True
3,123,reel34__6,992,N,True
3,338,bot5__0,992,N,True
3,341,reel7__2,992,N,True
3,33,reel7__2,992,N,True
3,338,reel7__2,992,N,True
3,338,reel16__6,992,N,True
3,338,bot18__1,992,N,True
3,118,bot18__1,992,N,True
3,193,reel5__7,992,N,True
3,159,reel23__0,992,N,True
3,193,reel23__0,992,N,True
3,145,reel10__9,992,N,True
3,245,reel10__9,992,N,True
3,133,reel10__9,992,N,True
3,bot22__0,reel5__0,992,N,True
3,20,reel5__0,992,N,True
3,214,reel5__0,992,N,True
3,20,bot14__2,992,N,True
3,reel3__5,reel14__3,992,N,True
3,20,reel14__3,992,N,True
3,264,bot15__0,992,N,True
3,20,bot15__0,992,N,True
3,273,bot23__8,992,N,True
3,273,bot30__1,992,N,True
3,273,reel33__8,992,N,True
3,reel7__8,reel33__8,992,N,True
3,326,reel34__3,992,N,True
3,273,reel34__3,992,N,True
3,194,reel34__3,992,N,True
3,218,reel2__0,992,N,True
3,246,reel2__0,992,N,True
3,246,reel11__3,992,N,True
3,67,reel11__3,992,N,True
3,271,reel11__3,992,N,True
3,246,bot15__8,992,N,True
3,246,bot42__3,992,N,True
3,276,reel1__2,992,N,True
3,reel22__8,reel1__2,992,N,True
3,72,reel1__2,992,N,True
3,67,reel46__3,992,N,True
3,reel22__8,reel46__3,992,N,True
3,reel17__7,reel46__3,992,N,True
3,233,bot7__2,992,N,True
3,39,bot7__2,992,N,True
3,125,bot28__6,992,N,True
3,108,bot28__6,992,N,True
3,125,reel29__1,992,N,True
3,reel25__7,reel27__3,992,N,True
3,141,bot5__4,992,N,True
3,76,bot5__4,992,N,True
3,238,reel5__1,992,N,True
3,271,reel5__1,992,N,True
3,76,reel5__1,992,N,True
3,85,reel6__0,992,N,True
3,76,reel6__0,992,N,True
3,284,reel9__0,992,N,True
3,76,reel9__0,992,N,True
3,bot22__8,bot37__2,992,N,True
3,76,bot37__2,992,N,True
3,162,bot21__5,992,N,True
3,238,bot21__5,992,N,True
3,94,bot7__8,992,N,True
3,147,bot7__8,992,N,True
3,85,reel15__4,992,N,True
3,147,reel15__4,992,N,True
3,147,bot19__0,992,N,True
3,229,bot19__0,992,N,True
3,251,bot19__0,992,N,True
3,122,reel20__2,992,N,True
3,147,reel20__2,992,N,True
3,168,reel30__8,992,N,True
3,147,reel30__8,992,N,True
3,256,reel30__8,992,N,True
3,206,reel6__7,992,N,True
3,257,reel6__7,992,N,True
3,257,bot13__7,992,N,True
3,274,bot6__1,992,N,True
3,45,bot6__1,992,N,True
3,274,reel46__2,992,N,True
3,236,reel17__9,992,N,True
3,185,reel17__9,992,N,True
3,185,reel31__4,992,N,True
3,304,reel12__6,992,N,True
3,330,reel12__6,992,N,True
3,152,reel13__8,992,N,True
3,330,reel13__8,992,N,True
3,120,reel16__4,992,N,True
3,330,reel16__4,992,N,True
3,120,reel6__8,992,N,True
3,120,reel9__4,992,N,True
3,313,reel9__4,992,N,True
3,120,bot29__0,992,N,True
3,120,bot34__7,992,N,True
3,223,bot6__6,992,N,True
3,146,bot6__6,992,N,True
3,146,reel14__0,992,N,True
3,146,reel22__3,992,N,True
3,92,bot13__2,992,N,True
3,294,bot13__2,992,N,True
3,bot29__2,bot13__8,992,N,True
3,46,bot13__8,992,N,True
3,283,bot13__8,992,N,True
3,92,bot13__8,992,N,True
3,92,bot20__8,992,N,True
3,59,bot20__8,992,N,True
3,95,reel25__9,992,N,True
3,92,reel25__9,992,N,True
3,63,bot1__6,992,N,True
3,293,bot1__6,992,N,True
3,233,bot1__6,992,N,True
3,293,bot4__9,992,N,True
3,293,reel9__3,992,N,True
3,293,bot26__4,992,N,True
3,80,reel30__0,992,N,True
3,293,reel30__0,992,N,True
3,293,bot36__4,992,N,True
3,293,bot42__0,992,N,True
3,134,bot11__1,992,N,True
3,206,bot11__1,992,N,True
3,251,bot11__1,992,N,True
3,134,reel21__6,992,N,True
3,134,bot37__4,992,N,True
3,134,bot49__5,992,N,True
3,237,bot14__5,992,N,True
3,157,bot14__5,992,N,True
3,157,bot24__6,992,N,True
3,203,reel4__6,992,N,True
3,242,reel4__6,992,N,True
3,203,bot5__6,992,N,True
3,29,bot5__6,992,N,True
3,203,bot13__3,992,N,True
3,175,bot13__3,992,N,True
3,203,reel26__4,992,N,True
3,165,reel26__4,992,N,True
3,203,bot36__0,992,N,True
3,124,bot42__9,992,N,True
3,110,reel7__7,992,N,True
3,63,reel7__7,992,N,True
3,328,reel7__7,992,N,True
3,283,reel19__9,992,N,True
3,63,reel19__9,992,N,True
3,63,reel22__0,992,N,True
3,283,bot6__4,992,N,True
3,277,bot6__4,992,N,True
3,277,bot8__5,992,N,True
3,251,bot8__5,992,N,True
3,277,reel19__0,992,N,True
3,207,reel19__0,992,N,True
3,277,bot27__4,992,N,True
3,277,reel48__0,992,N,True
3,244,bot0__3,992,N,True
3,244,reel13__9,992,N,True
3,107,bot14__8,992,N,True
3,244,bot14__8,992,N,True
3,61,reel0__4,992,N,True
3,61,bot2__2,992,N,True
3,208,bot2__2,992,N,True
3,61,reel10__6,992,N,True
3,148,reel4__7,992,N,True
3,148,bot35__5,992,N,True
3,95,bot17__8,992,N,True
3,206,bot17__8,992,N,True
3,323,bot17__8,992,N,True
3,283,reel32__7,992,N,True
3,206,reel32__7,992,N,True
3,121,reel0__0,992,N,True
3,170,reel0__0,992,N,True
3,121,bot5__9,992,N,True
3,321,bot17__3,992,N,True
3,121,bot17__3,992,N,True
3,219,bot17__4,992,N,True
3,238,bot17__4,992,N,True
3,238,reel17__3,992,N,True
3,284,reel17__3,992,N,True
3,155,bot19__5,992,N,True
3,238,bot19__5,992,N,True
3,bot48__6,bot49__6,992,N,True
3,bot29__2,bot31__1,992,N,True
3,270,bot31__1,992,N,True
3,327,reel40__2,992,N,True
3,250,reel40__2,992,N,True
3,247,reel24__6,992,N,True
3,160,reel24__6,992,N,True
3,342,bot2__4,992,N,True
3,130,bot2__4,992,N,True
3,130,reel2__6,992,N,True
3,136,reel2__6,992,N,True
3,195,reel2__6,992,N,True
3,130,reel6__1,992,N,True
3,50,reel6__1,992,N,True
3,177,reel6__1,992,N,True
3,341,bot15__4,992,N,True
3,130,bot15__4,992,N,True
3,240,bot15__4,992,N,True
3,130,reel19__6,992,N,True
3,reel1__0,reel47__4,992,N,True
3,264,bot49__1,992,N,True
3,reel1__0,bot49__1,992,N,True
3,reel18__6,reel16__0,992,N,True
3,288,reel16__0,992,N,True
3,reel18__6,bot20__9,992,N,True
3,326,bot20__9,992,N,True
3,reel18__6,reel40__5,992,N,True
3,reel18__6,bot43__0,992,N,True
3,80,reel29__6,992,N,True
3,17,reel8__2,992,N,True
3,300,reel8__2,992,N,True
3,17,bot27__9,992,N,True
3,339,reel35__4,992,N,True
3,122,reel6__6,992,N,True
3,48,reel6__6,992,N,True
3,187,reel6__6,992,N,True
3,138,reel15__5,992,N,True
3,48,reel15__5,992,N,True
3,337,reel15__5,992,N,True
3,48,bot16__9,992,N,True
3,271,bot16__9,992,N,True
3,48,reel43__4,992,N,True
3,95,bot1__0,992,N,True
3,229,bot1__0,992,N,True
3,262,bot1__0,992,N,True
3,95,bot1__2,992,N,True
3,100,bot1__2,992,N,True
3,95,reel32__9,992,N,True
3,321,reel32__9,992,N,True
3,190,reel32__9,992,N,True
3,reel3__5,reel7__4,992,N,True
3,reel3__5,bot39__3,992,N,True
3,118,bot39__3,992,N,True
3,reel2__2,reel7__3,992,N,True
3,288,reel7__3,992,N,True
3,300,bot46__0,992,N,True
3,236,bot22__9,992,N,True
3,108,bot22__9,992,N,True
3,272,bot22__9,992,N,True
3,164,reel19__2,992,N,True
3,198,reel11__2,992,N,True
3,272,reel11__2,992,N,True
3,254,bot15__3,992,N,True
3,54,bot15__3,992,N,True
3,272,bot15__3,992,N,True
3,201,bot16__6,992,N,True
3,272,bot16__6,992,N,True
3,272,bot33__7,992,N,True
3,341,reel8__0,992,N,True
3,262,reel8__0,992,N,True
3,46,reel22__9,992,N,True
3,262,reel22__9,992,N,True
3,213,bot0__6,992,N,True
3,341,bot0__6,992,N,True
3,313,bot0__6,992,N,True
3,213,bot6__3,992,N,True
3,168,bot6__3,992,N,True
3,213,bot28__2,992,N,True
3,33,bot28__2,992,N,True
3,105,reel21__1,992,N,True
3,172,reel21__1,992,N,True
3,105,reel34__7,992,N,True
3,182,bot39__9,992,N,True
3,105,bot39__9,992,N,True
3,105,reel46__0,992,N,True
3,271,reel46__0,992,N,True
3,326,reel10__5,992,N,True
3,326,reel25__6,992,N,True
3,reel16__9,reel25__6,992,N,True
3,326,reel28__2,992,N,True
3,333,reel28__2,992,N,True
3,90,reel28__2,992,N,True
3,326,reel45__8,992,N,True
3,reel28__7,reel39__3,992,N,True
3,26,reel39__3,992,N,True
3,reel28__7,reel41__5,992,N,True
3,50,reel25__3,992,N,True
3,55,reel25__3,992,N,True
3,50,reel31__0,992,N,True
3,250,reel31__0,992,N,True
3,50,bot38__7,992,N,True
3,50,reel44__8,992,N,True
3,235,bot10__0,992,N,True
3,145,bot10__0,992,N,True
3,145,bot29__1,992,N,True
3,176,bot0__8,992,N,True
3,341,bot0__8,992,N,True
3,161,bot0__8,992,N,True
3,176,reel21__0,992,N,True
3,59,reel21__0,992,N,True
3,191,bot22__1,992,N,True
3,301,bot22__1,992,N,True
3,178,reel3__7,992,N,True
3,170,reel3__7,992,N,True
3,178,reel31__1,992,N,True
3,178,reel37__4,992,N,True
3,178,reel44__5,992,N,True
3,178,reel45__0,992,N,True
3,34,bot24__2,992,N,True
3,323,bot24__2,992,N,True
3,100,reel1__9,992,N,True
3,132,reel1__9,992,N,True
3,55,reel1__9,992,N,True
3,reel16__7,reel1__9,992,N,True
3,71,bot3__7,992,N,True
3,194,bot3__7,992,N,True
3,93,reel3__0,992,N,True
3,71,reel3__0,992,N,True
3,41,reel3__0,992,N,True
3,71,bot5__1,992,N,True
3,41,bot5__1,992,N,True
3,71,reel35__6,992,N,True
3,278,reel35__6,992,N,True
3,reel47__1,reel38__3,992,N,True
3,reel47__1,reel34__9,992,N,True
3,201,bot0__9,992,N,True
3,8,bot0__9,992,N,True
3,270,bot0__9,992,N,True
3,195,reel5__2,992,N,True
3,270,reel5__2,992,N,True
3,270,reel8__5,992,N,True
3,84,reel19__1,992,N,True
3,270,reel19__1,992,N,True
3,46,reel21__5,992,N,True
3,46,reel35__3,992,N,True
3,175,bot13__9,992,N,True
3,227,bot13__9,992,N,True
3,122,bot24__5,992,N,True
3,227,bot24__5,992,N,True
3,227,reel28__1,992,N,True
3,10,reel28__1,992,N,True
3,175,reel37__2,992,N,True
3,227,reel37__2,992,N,True
3,283,reel47__9,992,N,True
3,227,reel47__9,992,N,True
3,201,reel4__1,992,N,True
3,93,reel4__1,992,N,True
3,83,reel4__1,992,N,True
3,67,bot17__7,992,N,True
3,240,bot17__7,992,N,True
3,331,bot17__7,992,N,True
3,90,bot21__4,992,N,True
3,240,bot21__4,992,N,True
3,340,reel44__4,992,N,True
3,240,reel44__4,992,N,True
3,23,bot31__4,992,N,True
3,182,bot24__4,992,N,True
3,271,bot24__4,992,N,True
3,219,bot24__4,992,N,True
3,182,bot37__9,992,N,True
3,182,reel44__3,992,N,True
3,122,reel44__3,992,N,True
3,219,reel15__7,992,N,True
3,341,reel15__7,992,N,True
3,252,reel15__7,992,N,True
3,reel16__9,reel4__2,992,N,True
3,83,reel4__2,992,N,True
3,278,reel4__2,992,N,True
3,reel16__9,reel25__4,992,N,True
3,129,bot43__5,992,N,True
3,reel16__9,bot43__5,992,N,True
3,196,reel4__5,992,N,True
3,82,reel4__5,992,N,True
3,42,reel4__5,992,N,True
3,110,reel8__4,992,N,True
3,196,reel8__4,992,N,True
3,104,reel8__4,992,N,True
3,196,bot11__3,992,N,True
3,170,bot11__3,992,N,True
3,102,reel13__1,992,N,True
3,196,reel13__1,992,N,True
3,196,reel20__3,992,N,True
3,87,reel20__3,992,N,True
3,196,reel32__0,992,N,True
3,196,reel44__9,992,N,True
3,reel23__9,reel44__9,992,N,True
3,190,reel25__0,992,N,True
3,251,reel25__0,992,N,True
3,87,bot13__5,992,N,True
3,87,bot19__1,992,N,True
3,24,bot14__7,992,N,True
3,60,bot14__7,992,N,True
3,60,reel36__8,992,N,True
3,234,reel8__9,992,N,True
3,305,reel8__9,992,N,True
3,305,reel32__4,992,N,True
3,305,reel39__7,992,N,True
3,278,bot3__0,992,N,True
3,278,bot24__9,992,N,True
3,275,bot5__3,992,N,True
3,84,bot5__3,992,N,True
3,84,bot12__0,992,N,True
3,84,reel17__2,992,N,True
3,200,bot20__7,992,N,True
3,84,bot20__7,992,N,True
3,104,reel29__7,992,N,True
3,84,reel29__7,992,N,True
3,reel24__3,reel27__7,992,N,True
3,208,reel27__7,992,N,True
3,reel24__3,bot30__2,992,N,True
3,reel24__3,reel43__5,992,N,True
3,225,bot10__4,992,N,True
3,225,bot35__4,992,N,True
3,219,reel5__8,992,N,True
3,189,reel5__8,992,N,True
3,173,reel5__8,992,N,True
3,219,reel36__7,992,N,True
3,235,reel36__7,992,N,True
3,283,reel3__3,992,N,True
3,118,reel3__3,992,N,True
3,177,reel3__3,992,N,True
3,283,bot4__5,992,N,True
3,235,bot17__2,992,N,True
3,59,bot17__2,992,N,True
3,235,reel30__3,992,N,True
3,118,reel30__3,992,N,True
3,235,reel45__3,992,N,True
3,234,bot10__5,992,N,True
3,271,bot10__5,992,N,True
3,reel16__7,bot32__8,992,N,True
3,313,bot40__5,992,N,True
3,reel16__7,bot40__5,992,N,True
3,111,reel4__4,992,N,True
3,201,bot22__7,992,N,True
3,111,bot22__7,992,N,True
3,316,bot22__7,992,N,True
3,111,bot26__8,992,N,True
3,321,bot15__6,992,N,True
3,321,bot16__7,992,N,True
3,321,bot30__7,992,N,True
3,67,bot30__7,992,N,True
3,344,reel34__2,992,N,True
3,344,bot41__9,992,N,True
3,344,bot48__5,992,N,True
3,45,bot45__6,992,N,True
3,reel37__0,reel23__8,992,N,True
3,163,reel23__8,992,N,True
3,216,reel32__2,992,N,True
3,163,reel32__2,992,N,True
3,163,reel41__6,992,N,True
3,175,reel28__9,992,N,True
3,245,reel28__9,992,N,True
3,151,reel28__9,992,N,True
3,29,bot47__9,992,N,True
3,245,bot47__9,992,N,True
3,107,reel0__5,992,N,True
3,173,reel0__5,992,N,True
3,107,bot26__3,992,N,True
3,328,reel25__1,992,N,True
3,314,reel25__1,992,N,True
3,328,reel44__2,992,N,True
3,312,reel18__5,992,N,True
3,102,reel30__1,992,N,True
3,312,reel30__1,992,N,True
3,195,reel30__1,992,N,True
3,312,bot34__1,992,N,True
3,284,bot13__1,992,N,True
3,284,bot18__0,992,N,True
3,190,bot14__9,992,N,True
3,170,bot14__9,992,N,True
3,170,bot22__4,992,N,True
3,reel18__9,reel46__4,992,N,True
3,7,bot15__7,992,N,True
3,7,bot47__2,992,N,True
3,212,bot9__9,992,N,True
3,212,bot22__6,992,N,True
3,212,bot48__1,992,N,True
3,100,reel12__4,992,N,True
3,151,reel12__4,992,N,True
3,118,reel12__4,992,N,True
3,151,bot18__4,992,N,True
3,151,bot24__3,992,N,True
3,151,bot35__2,992,N,True
3,10,bot8__4,992,N,True
3,171,reel17__8,992,N,True
3,110,reel17__8,992,N,True
3,10,reel17__8,992,N,True
3,187,bot3__8,992,N,True
3,187,bot35__9,992,N,True
3,159,reel1__6,992,N,True
3,195,reel1__6,992,N,True
3,reel16__8,reel1__6,992,N,True
3,172,reel1__6,992,N,True
3,308,bot2__7,992,N,True
3,308,bot8__2,992,N,True
3,83,bot8__2,992,N,True
3,308,reel11__1,992,N,True
3,308,reel29__8,992,N,True
3,248,bot45__8,992,N,True
3,171,reel36__6,992,N,True
3,reel37__0,reel28__6,992,N,True
3,41,reel28__6,992,N,True
3,200,reel28__6,992,N,True
3,200,reel42__0,992,N,True
3,299,reel42__9,992,N,True
3,16,reel42__9,992,N,True
3,256,bot6__9,992,N,True
3,256,bot11__7,992,N,True
3,342,bot14__1,992,N,True
3,256,bot14__1,992,N,True
3,256,bot44__3,992,N,True
3,242,reel2__3,992,N,True
3,195,reel2__3,992,N,True
3,242,reel3__8,992,N,True
3,242,reel38__4,992,N,True
3,242,reel43__0,992,N,True
3,242,bot45__3,992,N,True
3,211,reel21__7,992,N,True
3,195,reel21__7,992,N,True
3,211,reel23__3,992,N,True
3,211,reel36__4,992,N,True
3,288,reel36__4,992,N,True
3,184,reel36__4,992,N,True
3,reel32__3,bot37__7,992,N,True
3,77,reel11__7,992,N,True
3,67,reel11__7,992,N,True
3,67,bot12__8,992,N,True
3,314,bot12__8,992,N,True
3,67,reel12__1,992,N,True
3,67,reel13__7,992,N,True
3,67,bot23__6,992,N,True
3,67,reel31__9,992,N,True
3,reel17__7,reel31__9,992,N,True
3,122,reel13__0,992,N,True
3,161,reel13__0,992,N,True
3,184,reel26__3,992,N,True
3,161,reel26__3,992,N,True
3,62,reel33__2,992,N,True
3,161,reel33__2,992,N,True
3,177,reel12__5,992,N,True
3,337,reel20__9,992,N,True
3,177,reel20__9,992,N,True
3,reel7__8,reel21__4,992,N,True
3,177,reel21__4,992,N,True
3,177,reel24__1,992,N,True
3,177,bot39__6,992,N,True
3,207,bot46__3,992,N,True
3,177,bot46__3,992,N,True
3,234,bot17__1,992,N,True
3,41,bot17__1,992,N,True
3,reel37__0,bot49__0,992,N,True
3,144,bot11__5,992,N,True
3,144,reel31__2,992,N,True
3,199,reel35__7,992,N,True
3,83,reel18__2,992,N,True
3,310,reel20__5,992,N,True
3,310,reel30__5,992,N,True
3,310,bot37__1,992,N,True
3,340,reel9__7,992,N,True
3,340,bot10__8,992,N,True
3,340,bot31__0,992,N,True
3,340,reel44__6,992,N,True
3,184,bot35__0,992,N,True
3,55,bot35__0,992,N,True
3,264,reel7__6,992,N,True
3,150,reel7__6,992,N,True
3,173,reel21__9,992,N,True
3,42,reel21__9,992,N,True
3,173,bot33__3,992,N,True
3,173,bot46__2,992,N,True
3,reel17__7,bot46__2,992,N,True
3,129,reel24__9,992,N,True
3,159,reel33__0,992,N,True
3,110,bot3__6,992,N,True
3,100,bot3__6,992,N,True
3,110,reel12__3,992,N,True
3,229,bot4__6,992,N,True
3,229,bot36__9,992,N,True
3,190,bot24__7,992,N,True
3,24,reel33__4,992,N,True
3,190,reel33__4,992,N,True
3,190,reel35__0,992,N,True
3,190,reel40__7,992,N,True
3,94,reel7__9,992,N,True
3,24,reel7__9,992,N,True
3,288,reel7__9,992,N,True
3,189,bot7__5,992,N,True
3,155,reel2__7,992,N,True
3,194,reel2__7,992,N,True
3,194,bot13__4,992,N,True
3,194,reel48__4,992,N,True
3,bot16__2,reel7__0,992,N,True
3,201,reel7__0,992,N,True
3,168,reel8__6,992,N,True
3,126,reel8__6,992,N,True
3,168,reel9__9,992,N,True
3,118,reel9__9,992,N,True
3,168,bot10__2,992,N,True
3,346,reel15__1,992,N,True
3,346,bot25__5,992,N,True
3,90,reel48__5,992,N,True
3,233,reel2__8,992,N,True
3,316,reel2__8,992,N,True
3,316,reel7__5,992,N,True
3,89,reel7__5,992,N,True
3,44,bot9__4,992,N,True
3,316,bot9__4,992,N,True
3,44,reel46__6,992,N,True
3,316,reel46__6,992,N,True
3,160,bot1__5,992,N,True
3,160,reel48__6,992,N,True
3,21,bot23__0,992,N,True
3,128,reel19__4,992,N,True
3,195,reel19__4,992,N,True
3,128,bot39__8,992,N,True
3,reel9__6,bot19__2,992,N,True
3,reel9__6,reel41__7,992,N,True
3,198,reel41__7,992,N,True
3,100,bot12__2,992,N,True
3,reel7__8,bot24__0,992,N,True
3,118,bot24__0,992,N,True
3,317,bot26__2,992,N,True
3,33,bot4__8,992,N,True
3,33,bot6__0,992,N,True
3,33,reel14__6,992,N,True
3,33,bot17__9,992,N,True
3,33,reel40__9,992,N,True
3,234,bot36__7,992,N,True
3,234,reel38__1,992,N,True
3,331,reel38__1,992,N,True
3,234,bot44__5,992,N,True
3,216,bot7__3,992,N,True
3,216,bot30__9,992,N,True
3,216,reel48__8,992,N,True
3,301,bot28__0,992,N,True
3,301,reel39__1,992,N,True
3,141,bot3__2,992,N,True
3,139,bot3__2,992,N,True
3,198,bot3__2,992,N,True
3,198,bot32__3,992,N,True
3,198,reel37__8,992,N,True
3,201,reel34__0,992,N,True
3,201,bot46__7,992,N,True
3,126,reel0__2,992,N,True
3,77,reel0__2,992,N,True
3,250,reel0__2,992,N,True
3,126,reel26__5,992,N,True
3,126,reel29__2,992,N,True
3,126,bot39__1,992,N,True
3,218,bot37__5,992,N,True
3,82,bot30__8,992,N,True
3,136,reel9__5,992,N,True
3,243,reel13__4,992,N,True
3,136,reel13__4,992,N,True
3,275,bot2__1,992,N,True
3,42,bot2__1,992,N,True
3,42,bot8__1,992,N,True
3,42,reel22__5,992,N,True
3,reel17__7,reel22__5,992,N,True
3,42,bot27__1,992,N,True
3,282,reel5__6,992,N,True
3,323,reel5__6,992,N,True
3,reel17__7,reel5__6,992,N,True
3,102,bot40__2,992,N,True
3,323,bot40__2,992,N,True
3,5,bot33__0,992,N,True
3,102,bot12__7,992,N,True
3,102,reel28__0,992,N,True
3,102,reel37__6,992,N,True
3,195,reel37__6,992,N,True
3,102,reel48__3,992,N,True
3,54,reel48__3,992,N,True
3,29,bot11__2,992,N,True
3,29,bot14__0,992,N,True
3,333,bot7__0,992,N,True
3,288,bot7__0,992,N,True
3,288,reel34__1,992,N,True
3,331,bot21__0,992,N,True
3,331,bot31__7,992,N,True
3,116,reel4__8,992,N,True
3,62,reel4__8,992,N,True
3,282,bot2__6,992,N,True
3,282,bot9__5,992,N,True
3,282,reel24__8,992,N,True
3,243,reel27__9,992,N,True
3,282,reel27__9,992,N,True
3,77,bot23__3,992,N,True
3,118,reel41__9,992,N,True
3,155,bot12__6,992,N,True
3,155,bot38__4,992,N,True
3,155,bot40__7,992,N,True
3,276,bot42__8,992,N,True
3,175,bot31__6,992,N,True
3,139,bot36__6,992,N,True
3,230,bot36__5,992,N,True
3,230,reel46__1,992,N,True
3,314,bot33__6,992,N,True
3,138,reel0__6,992,N,True
3,333,bot7__4,992,N,True
3,333,reel45__2,992,N,True
3,313,bot46__4,992,N,True
3,195,bot36__1,992,N,True
3,141,reel39__4,992,N,True
3,94,bot22__3,992,N,True
3,94,bot47__5,992,N,True
3,122,reel19__5,992,N,True
3,243,reel19__5,992,N,True
3,207,reel37__7,992,N,True
3,122,reel10__1,992,N,True
3,264,bot8__9,992,N,True
3,264,bot29__4,992,N,True
3,44,bot19__6,992,N,True
3,325,reel38__8,992,N,True
3,250,bot40__4,992,N,True
3,0,149,993,N,True
3,reel20__3,149,993,N,True
3,0,87,993,N,True
3,reel20__3,87,993,N,True
3,reel20__3,reel30__6,993,N,True
3,reel44__2,reel30__6,993,N,True
3,reel20__3,reel31__1,993,N,True
3,reel20__3,reel32__8,993,N,True
3,reel20__3,bot45__5,993,N,True
3,0,168,993,N,True
3,129,168,993,N,True
3,reel8__6,168,993,N,True
3,0,126,993,N,True
3,reel8__6,126,993,N,True
3,reel8__6,reel29__2,993,N,True
3,reel8__6,reel33__1,993,N,True
3,reel18__9,reel11__0,993,N,True
3,reel18__9,reel10__8,993,N,True
3,67,213,993,N,True
3,204,213,993,N,True
3,53,213,993,N,True
3,0,213,993,N,True
3,285,213,993,N,True
3,249,213,993,N,True
3,0,5,993,N,True
3,204,5,993,N,True
3,180,5,993,N,True
3,254,94,993,N,True
3,266,94,993,N,True
3,204,94,993,N,True
3,53,94,993,N,True
3,0,94,993,N,True
3,180,94,993,N,True
3,249,94,993,N,True
3,0,130,993,N,True
3,reel28__7,130,993,N,True
3,204,130,993,N,True
3,53,130,993,N,True
3,254,242,993,N,True
3,266,242,993,N,True
3,204,242,993,N,True
3,53,242,993,N,True
3,0,242,993,N,True
3,180,242,993,N,True
3,249,242,993,N,True
3,0,57,993,N,True
3,bot35__1,57,993,N,True
3,249,57,993,N,True
3,204,57,993,N,True
3,0,329,993,N,True
3,204,329,993,N,True
3,254,101,993,N,True
3,266,101,993,N,True
3,204,101,993,N,True
3,53,101,993,N,True
3,0,101,993,N,True
3,180,101,993,N,True
3,249,101,993,N,True
3,266,80,993,N,True
3,204,80,993,N,True
3,0,80,993,N,True
3,180,80,993,N,True
3,249,80,993,N,True
3,254,302,993,N,True
3,266,302,993,N,True
3,204,302,993,N,True
3,53,302,993,N,True
3,0,302,993,N,True
3,180,302,993,N,True
3,249,302,993,N,True
3,104,277,993,N,True
3,67,277,993,N,True
3,204,277,993,N,True
3,0,277,993,N,True
3,285,277,993,N,True
3,204,bot25__7,993,N,True
3,204,reel43__8,993,N,True
3,reel13__1,reel8__0,993,N,True
3,reel13__1,bot20__2,993,N,True
3,reel13__1,reel41__9,993,N,True
3,reel13__1,reel44__0,993,N,True
3,reel47__4,reel31__9,993,N,True
3,67,reel31__9,993,N,True
3,reel47__4,reel44__5,993,N,True
3,0,48,993,N,True
3,180,48,993,N,True
3,53,48,993,N,True
3,180,reel0__9,993,N,True
3,180,reel8__8,993,N,True
3,180,reel15__9,993,N,True
3,180,reel25__5,993,N,True
3,180,bot32__0,993,N,True
3,180,reel32__6,993,N,True
3,reel44__2,bot49__4,993,N,True
3,285,232,993,N,True
3,0,232,993,N,True
3,285,246,993,N,True
3,0,246,993,N,True
3,285,136,993,N,True
3,0,136,993,N,True
3,67,136,993,N,True
3,104,271,993,N,True
3,67,271,993,N,True
3,0,271,993,N,True
3,141,271,993,N,True
3,285,271,993,N,True
3,285,60,993,N,True
3,0,60,993,N,True
3,104,98,993,N,True
3,67,98,993,N,True
3,0,98,993,N,True
3,141,98,993,N,True
3,285,98,993,N,True
3,285,170,993,N,True
3,0,170,993,N,True
3,bot11__3,170,993,N,True
3,67,170,993,N,True
3,285,323,993,N,True
3,0,323,993,N,True
3,141,323,993,N,True
3,67,323,993,N,True
3,285,208,993,N,True
3,0,208,993,N,True
3,285,119,993,N,True
3,0,119,993,N,True
3,67,119,993,N,True
3,67,315,993,N,True
3,53,315,993,N,True
3,0,315,993,N,True
3,285,315,993,N,True
3,249,315,993,N,True
3,285,313,993,N,True
3,0,313,993,N,True
3,67,313,993,N,True
3,285,345,993,N,True
3,0,345,993,N,True
3,67,345,993,N,True
3,285,186,993,N,True
3,104,186,993,N,True
3,0,186,993,N,True
3,67,186,993,N,True
3,285,164,993,N,True
3,0,164,993,N,True
3,285,117,993,N,True
3,0,117,993,N,True
3,285,303,993,N,True
3,104,303,993,N,True
3,0,303,993,N,True
3,67,303,993,N,True
3,285,185,993,N,True
3,0,185,993,N,True
3,67,185,993,N,True
3,67,304,993,N,True
3,0,304,993,N,True
3,141,304,993,N,True
3,285,304,993,N,True
3,249,304,993,N,True
3,285,9,993,N,True
3,0,9,993,N,True
3,141,9,993,N,True
3,67,9,993,N,True
3,285,109,993,N,True
3,104,109,993,N,True
3,0,109,993,N,True
3,67,109,993,N,True
3,104,25,993,N,True
3,67,25,993,N,True
3,0,25,993,N,True
3,141,25,993,N,True
3,285,25,993,N,True
3,285,252,993,N,True
3,104,252,993,N,True
3,0,252,993,N,True
3,67,252,993,N,True
3,285,342,993,N,True
3,0,342,993,N,True
3,67,342,993,N,True
3,285,261,993,N,True
3,0,261,993,N,True
3,67,261,993,N,True
3,285,10,993,N,True
3,0,10,993,N,True
3,67,10,993,N,True
3,reel17__8,10,993,N,True
3,104,322,993,N,True
3,67,322,993,N,True
3,53,322,993,N,True
3,0,322,993,N,True
3,285,322,993,N,True
3,285,113,993,N,True
3,104,113,993,N,True
3,0,113,993,N,True
3,67,113,993,N,True
3,104,26,993,N,True
3,67,26,993,N,True
3,0,26,993,N,True
3,141,26,993,N,True
3,285,26,993,N,True
3,104,239,993,N,True
3,67,239,993,N,True
3,0,239,993,N,True
3,141,239,993,N,True
3,285,239,993,N,True
3,bot11__3,332,993,N,True
3,67,332,993,N,True
3,104,332,993,N,True
3,53,332,993,N,True
3,0,332,993,N,True
3,285,332,993,N,True
3,285,bot3__3,993,N,True
3,285,bot49__3,993,N,True
3,141,bot3__2,993,N,True
3,198,bot3__2,993,N,True
3,198,bot9__6,993,N,True
3,198,reel26__2,993,N,True
3,198,reel37__8,993,N,True
3,198,reel41__7,993,N,True
3,0,47,993,N,True
3,301,47,993,N,True
3,301,reel19__8,993,N,True
3,301,bot22__1,993,N,True
3,301,reel22__2,993,N,True
3,reel20__0,reel22__2,993,N,True
3,301,bot28__0,993,N,True
3,301,reel39__1,993,N,True
3,0,280,993,N,True
3,141,280,993,N,True
3,reel28__7,280,993,N,True
3,67,280,993,N,True
3,reel28__7,reel39__3,993,N,True
3,reel28__7,reel41__5,993,N,True
3,bot49__1,bot43__3,993,N,True
3,0,264,993,N,True
3,bot49__1,264,993,N,True
3,0,226,993,N,True
3,reel20__0,226,993,N,True
3,reel20__0,reel10__2,993,N,True
3,reel20__0,bot25__6,993,N,True
3,reel20__0,bot41__5,993,N,True
3,0,212,993,N,True
3,104,212,993,N,True
3,67,212,993,N,True
3,0,55,993,N,True
3,104,55,993,N,True
3,67,55,993,N,True
3,0,45,993,N,True
3,104,45,993,N,True
3,67,45,993,N,True
3,0,123,993,N,True
3,104,123,993,N,True
3,reel48__1,123,993,N,True
3,67,123,993,N,True
3,0,75,993,N,True
3,67,75,993,N,True
3,0,248,993,N,True
3,67,248,993,N,True
3,53,248,993,N,True
3,0,62,993,N,True
3,141,62,993,N,True
3,67,62,993,N,True
3,0,265,993,N,True
3,67,265,993,N,True
3,0,156,993,N,True
3,67,156,993,N,True
3,0,224,993,N,True
3,141,224,993,N,True
3,67,224,993,N,True
3,0,325,993,N,True
3,104,325,993,N,True
3,67,325,993,N,True
3,0,128,993,N,True
3,104,128,993,N,True
3,67,128,993,N,True
3,0,3,993,N,True
3,67,3,993,N,True
3,0,13,993,N,True
3,67,13,993,N,True
3,0,344,993,N,True
3,104,344,993,N,True
3,67,344,993,N,True
3,0,72,993,N,True
3,141,72,993,N,True
3,67,72,993,N,True
3,0,21,993,N,True
3,104,21,993,N,True
3,67,21,993,N,True
3,0,79,993,N,True
3,67,79,993,N,True
3,0,199,993,N,True
3,141,199,993,N,True
3,67,199,993,N,True
3,0,223,993,N,True
3,67,223,993,N,True
3,0,236,993,N,True
3,141,236,993,N,True
3,67,236,993,N,True
3,0,334,993,N,True
3,67,334,993,N,True
3,0,161,993,N,True
3,67,161,993,N,True
3,0,31,993,N,True
3,129,31,993,N,True
3,67,31,993,N,True
3,67,reel11__3,993,N,True
3,67,reel11__7,993,N,True
3,67,bot12__8,993,N,True
3,67,reel13__7,993,N,True
3,67,bot17__7,993,N,True
3,240,bot17__7,993,N,True
3,67,bot23__6,993,N,True
3,0,176,993,N,True
3,0,276,993,N,True
3,141,276,993,N,True
3,0,172,993,N,True
3,141,172,993,N,True
3,0,175,993,N,True
3,0,231,993,N,True
3,0,127,993,N,True
3,0,135,993,N,True
3,0,23,993,N,True
3,240,23,993,N,True
3,0,116,993,N,True
3,reel17__4,116,993,N,True
3,0,73,993,N,True
3,0,288,993,N,True
3,0,36,993,N,True
3,0,88,993,N,True
3,53,88,993,N,True
3,0,339,993,N,True
3,129,339,993,N,True
3,0,108,993,N,True
3,reel14__9,108,993,N,True
3,0,197,993,N,True
3,0,83,993,N,True
3,0,214,993,N,True
3,0,20,993,N,True
3,0,71,993,N,True
3,0,207,993,N,True
3,0,238,993,N,True
3,0,38,993,N,True
3,141,38,993,N,True
3,0,54,993,N,True
3,53,54,993,N,True
3,0,139,993,N,True
3,0,291,993,N,True
3,129,291,993,N,True
3,141,291,993,N,True
3,0,105,993,N,True
3,0,64,993,N,True
3,0,217,993,N,True
3,0,283,993,N,True
3,0,144,993,N,True
3,0,300,993,N,True
3,0,1,993,N,True
3,53,1,993,N,True
3,0,184,993,N,True
3,0,159,993,N,True
3,0,59,993,N,True
3,0,17,993,N,True
3,0,326,993,N,True
3,0,7,993,N,True
3,129,7,993,N,True
3,0,255,993,N,True
3,0,49,993,N,True
3,0,320,993,N,True
3,0,85,993,N,True
3,0,137,993,N,True
3,0,343,993,N,True
3,0,115,993,N,True
3,0,171,993,N,True
3,reel17__8,171,993,N,True
3,0,14,993,N,True
3,0,32,993,N,True
3,0,30,993,N,True
3,0,125,993,N,True
3,0,340,993,N,True
3,0,311,993,N,True
3,0,309,993,N,True
3,0,230,993,N,True
3,0,70,993,N,True
3,bot35__1,70,993,N,True
3,0,16,993,N,True
3,0,39,993,N,True
3,141,39,993,N,True
3,0,251,993,N,True
3,0,228,993,N,True
3,0,258,993,N,True
3,141,258,993,N,True
3,0,257,993,N,True
3,141,257,993,N,True
3,0,174,993,N,True
3,0,33,993,N,True
3,0,42,993,N,True
3,reel4__5,42,993,N,True
3,0,347,993,N,True
3,129,347,993,N,True
3,0,263,993,N,True
3,0,338,993,N,True
3,0,162,993,N,True
3,0,19,993,N,True
3,0,268,993,N,True
3,0,314,993,N,True
3,reel25__1,314,993,N,True
3,0,178,993,N,True
3,0,243,993,N,True
3,0,331,993,N,True
3,0,150,993,N,True
3,0,99,993,N,True
3,0,296,993,N,True
3,0,318,993,N,True
3,104,318,993,N,True
3,0,163,993,N,True
3,249,163,993,N,True
3,0,165,993,N,True
3,0,121,993,N,True
3,0,259,993,N,True
3,0,58,993,N,True
3,0,269,993,N,True
3,0,96,993,N,True
3,0,91,993,N,True
3,0,143,993,N,True
3,0,61,993,N,True
3,0,93,993,N,True
3,0,41,993,N,True
3,0,235,993,N,True
3,0,89,993,N,True
3,0,107,993,N,True
3,0,132,993,N,True
3,reel14__9,132,993,N,True
3,0,106,993,N,True
3,0,337,993,N,True
3,0,110,993,N,True
3,reel7__7,110,993,N,True
3,reel17__8,110,993,N,True
3,0,225,993,N,True
3,0,86,993,N,True
3,0,152,993,N,True
3,275,152,993,N,True
3,4,152,993,N,True
3,0,148,993,N,True
3,reel15__2,148,993,N,True
3,0,295,993,N,True
3,104,295,993,N,True
3,0,289,993,N,True
3,bot3__9,289,993,N,True
3,0,160,993,N,True
3,0,321,993,N,True
3,0,131,993,N,True
3,0,22,993,N,True
3,0,298,993,N,True
3,0,262,993,N,True
3,0,220,993,N,True
3,0,234,993,N,True
3,0,50,993,N,True
3,reel19__7,50,993,N,True
3,0,193,993,N,True
3,0,97,993,N,True
3,0,124,993,N,True
3,0,112,993,N,True
3,0,90,993,N,True
3,0,179,993,N,True
3,0,216,993,N,True
3,0,151,993,N,True
3,0,157,993,N,True
3,reel2__4,157,993,N,True
3,0,327,993,N,True
3,bot3__9,327,993,N,True
3,0,95,993,N,True
3,0,247,993,N,True
3,0,190,993,N,True
3,0,282,993,N,True
3,0,319,993,N,True
3,0,233,993,N,True
3,0,256,993,N,True
3,0,202,993,N,True
3,0,155,993,N,True
3,0,147,993,N,True
3,0,138,993,N,True
3,0,219,993,N,True
3,0,305,993,N,True
3,0,153,993,N,True
3,0,182,993,N,True
3,0,336,993,N,True
3,0,241,993,N,True
3,0,253,993,N,True
3,0,267,993,N,True
3,0,316,993,N,True
3,0,205,993,N,True
3,0,183,993,N,True
3,0,52,993,N,True
3,0,34,993,N,True
3,0,35,993,N,True
3,0,reel3__5,993,N,True
3,0,reel25__7,993,N,True
3,279,reel2__2,993,N,True
3,279,reel16__8,993,N,True
3,279,bot22__8,993,N,True
3,240,bot15__4,993,N,True
3,240,bot21__4,993,N,True
3,249,reel21__7,993,N,True
3,195,reel21__7,993,N,True
3,249,reel23__8,993,N,True
3,249,bot34__3,993,N,True
3,249,reel35__2,993,N,True
3,249,bot36__6,993,N,True
3,reel14__9,reel7__8,993,N,True
3,reel14__9,reel18__6,993,N,True
3,reel14__9,reel24__3,993,N,True
3,reel14__9,reel36__5,993,N,True
3,reel14__9,reel37__3,993,N,True
3,reel14__9,reel47__1,993,N,True
3,254,bot9__3,993,N,True
3,bot3__9,bot4__2,993,N,True
3,bot3__9,bot6__6,993,N,True
3,bot3__9,bot47__3,993,N,True
3,reel17__4,reel16__2,993,N,True
3,reel17__4,bot27__2,993,N,True
3,reel17__4,reel43__3,993,N,True
3,reel17__4,reel45__4,993,N,True
3,53,reel3__1,993,N,True
3,53,reel9__8,993,N,True
3,53,bot21__8,993,N,True
3,53,bot23__1,993,N,True
3,53,reel31__7,993,N,True
3,reel6__8,reel2__5,993,N,True
3,reel6__8,reel3__2,993,N,True
3,4,bot7__1,993,N,True
3,4,reel7__3,993,N,True
3,4,bot47__5,993,N,True
3,reel4__5,bot7__2,993,N,True
3,reel4__5,bot7__8,993,N,True
3,reel2__4,reel12__6,993,N,True
3,reel2__4,bot44__9,993,N,True
3,306,reel11__8,993,N,True
3,reel19__7,reel11__8,993,N,True
3,306,bot48__7,993,N,True
3,266,bot3__0,993,N,True
3,bot11__3,bot12__6,993,N,True
3,bot11__3,bot32__5,993,N,True
3,bot11__3,bot38__1,993,N,True
3,104,reel18__7,993,N,True
3,104,reel29__7,993,N,True
3,195,reel1__6,993,N,True
3,195,reel2__3,993,N,True
3,195,reel2__6,993,N,True
3,195,reel5__2,993,N,True
3,195,reel19__4,993,N,True
3,195,reel37__6,993,N,True
3,reel25__1,reel22__6,993,N,True
3,reel25__1,reel41__0,993,N,True
3,141,reel28__5,993,N,True
3,141,reel39__4,993,N,True
3,141,reel48__7,993,N,True
3,275,bot2__1,993,N,True
3,reel19__7,reel3__4,993,N,True
3,reel19__7,reel20__7,993,N,True
3,reel19__7,bot31__6,993,N,True
3,reel15__2,reel12__9,993,N,True
3,reel15__2,reel9__5,993,N,True
3,reel15__2,bot24__6,993,N,True
3,reel15__2,reel24__8,993,N,True
3,reel15__2,reel39__9,993,N,True
3,104,186,994,N,True
3,reel7__1,186,994,N,True
3,reel7__1,reel0__2,994,N,True
3,reel7__1,54,994,N,True
3,reel7__1,bot8__2,994,N,True
3,reel7__1,reel16__5,994,N,True
3,104,122,994,N,True
3,reel19__5,122,994,N,True
3,reel19__5,reel7__6,994,N,True
3,reel19__5,bot30__1,994,N,True
3,reel19__5,reel31__6,994,N,True
3,reel19__5,reel46__2,994,N,True
3,reel4__1,83,994,N,True
3,reel19__8,201,994,N,True
3,reel4__1,201,994,N,True
3,reel4__1,bot6__2,994,N,True
3,reel4__1,bot23__3,994,N,True
3,reel4__1,reel26__8,994,N,True
3,reel18__5,reel3__3,994,N,True
3,reel18__5,reel6__5,994,N,True
3,reel18__5,bot46__7,994,N,True
3,bot5__8,324,994,N,True
3,bot5__8,bot7__4,994,N,True
3,151,reel12__4,994,N,True
3,reel32__4,reel12__4,994,N,True
3,151,reel1__5,994,N,True
3,151,bot24__3,994,N,True
3,151,reel28__9,994,N,True
3,151,bot35__2,994,N,True
3,reel47__4,reel31__9,994,N,True
3,reel47__4,reel44__5,994,N,True
3,bot45__0,bot14__6,994,N,True
3,196,reel32__0,994,N,True
3,bot45__0,reel32__0,994,N,True
3,162,333,994,N,True
3,reel28__2,333,994,N,True
3,20,333,994,N,True
3,343,333,994,N,True
3,149,333,994,N,True
3,343,bot12__5,994,N,True
3,343,bot25__2,994,N,True
3,bot45__5,reel11__3,994,N,True
3,bot45__5,bot17__4,994,N,True
3,bot11__8,bot15__9,994,N,True
3,reel20__8,bot23__9,994,N,True
3,reel20__8,bot25__6,994,N,True
3,reel20__8,reel41__3,994,N,True
3,reel20__8,bot47__8,994,N,True
3,262,reel8__0,994,N,True
3,262,reel22__9,994,N,True
3,bot20__9,reel5__0,994,N,True
3,20,reel5__0,994,N,True
3,bot49__1,264,994,N,True
3,192,49,994,N,True
3,192,205,994,N,True
3,192,52,994,N,True
3,reel8__1,reel12__0,994,N,True
3,192,reel12__0,994,N,True
3,192,bot16__8,994,N,True
3,192,reel24__3,994,N,True
3,192,bot48__6,994,N,True
3,bot4__1,241,994,N,True
3,bot4__1,bot2__0,994,N,True
3,bot4__1,bot7__0,994,N,True
3,bot4__1,bot33__1,994,N,True
3,bot4__1,bot41__8,994,N,True
3,bot11__9,126,994,N,True
3,bot11__9,bot4__9,994,N,True
3,bot11__9,bot22__4,994,N,True
3,20,reel14__3,994,N,True
3,20,bot18__8,994,N,True
3,20,reel42__6,994,N,True
3,reel34__3,273,994,N,True
3,196,194,994,N,True
3,reel34__3,194,994,N,True
3,bot4__4,344,994,N,True
3,104,344,994,N,True
3,bot4__4,98,994,N,True
3,104,98,994,N,True
3,bot4__4,bot29__9,994,N,True
3,reel23__5,131,994,N,True
3,reel23__5,reel24__1,994,N,True
3,reel23__5,reel34__0,994,N,True
3,reel24__2,reel36__5,994,N,True
3,reel24__2,reel40__7,994,N,True
3,bot18__4,bot2__2,994,N,True
3,bot31__9,bot6__8,994,N,True
3,bot31__9,reel19__4,994,N,True
3,149,reel14__8,994,N,True
3,149,bot25__9,994,N,True
3,reel3__0,bot4__5,994,N,True
3,reel3__0,bot13__3,994,N,True
3,reel3__0,reel29__2,994,N,True
3,144,23,994,N,True
3,116,23,994,N,True
3,144,bot11__5,994,N,True
3,144,reel14__7,994,N,True
3,144,reel22__4,994,N,True
3,reel8__1,reel22__4,994,N,True
3,144,reel44__0,994,N,True
3,162,bot16__3,994,N,True
3,reel27__9,282,994,N,True
3,196,249,994,N,True
3,196,204,994,N,True
3,196,53,994,N,True
3,196,330,994,N,True
3,196,285,994,N,True
3,196,92,994,N,True
3,196,180,994,N,True
3,reel8__8,180,994,N,True
3,196,254,994,N,True
3,196,reel4__5,994,N,True
3,196,reel8__4,994,N,True
3,104,reel8__4,994,N,True
3,196,bot11__3,994,N,True
3,196,reel13__1,994,N,True
3,196,reel44__9,994,N,True
3,reel32__8,174,994,N,True
3,reel32__8,51,994,N,True
3,reel32__8,reel33__9,994,N,True
3,87,136,994,N,True
3,reel13__4,136,994,N,True
3,87,161,994,N,True
3,87,213,994,N,True
3,87,246,994,N,True
3,87,22,994,N,True
3,87,308,994,N,True
3,87,291,994,N,True
3,87,5,994,N,True
3,104,322,994,N,True
3,87,322,994,N,True
3,87,7,994,N,True
3,87,reel11__5,994,N,True
3,reel13__4,reel11__5,994,N,True
3,87,reel13__5,994,N,True
3,reel28__2,90,994,N,True
3,reel17__9,185,994,N,True
3,reel17__9,236,994,N,True
3,reel17__9,bot27__8,994,N,True
3,305,reel8__9,994,N,True
3,305,reel39__7,994,N,True
3,reel10__5,reel7__5,994,N,True
3,reel10__5,253,994,N,True
3,reel10__5,bot15__7,994,N,True
3,reel10__5,reel18__0,994,N,True
3,reel10__5,bot45__7,994,N,True
3,reel19__8,301,994,N,True
3,reel19__8,bot43__1,994,N,True
3,reel16__1,bot43__1,994,N,True
3,reel16__1,66,994,N,True
3,139,281,994,N,True
3,reel16__1,281,994,N,True
3,reel16__1,reel28__4,994,N,True
3,139,197,994,N,True
3,bot32__9,197,994,N,True
3,139,159,994,N,True
3,139,320,994,N,True
3,139,184,994,N,True
3,bot17__0,bot43__7,994,N,True
3,reel8__1,reel1__4,994,N,True
3,reel8__1,reel0__0,994,N,True
3,reel8__1,231,994,N,True
3,reel8__1,bot48__0,994,N,True
3,reel31__1,178,994,N,True
3,bot10__6,bot2__6,994,N,True
3,bot10__6,86,994,N,True
3,bot10__6,bot19__8,994,N,True
3,bot49__2,332,994,N,True
3,104,332,994,N,True
3,bot49__2,bot14__4,994,N,True
3,reel13__4,bot14__4,994,N,True
3,14,bot3__4,994,N,True
3,14,bot16__7,994,N,True
3,reel46__9,70,994,N,True
3,reel46__9,293,994,N,True
3,bot34__1,reel6__2,994,N,True
3,bot34__1,reel0__5,994,N,True
3,104,56,994,N,True
3,104,325,994,N,True
3,104,113,994,N,True
3,104,128,994,N,True
3,104,318,994,N,True
3,104,188,994,N,True
3,104,45,994,N,True
3,104,123,994,N,True
3,104,25,994,N,True
3,104,200,994,N,True
3,104,142,994,N,True
3,104,169,994,N,True
3,104,109,994,N,True
3,104,21,994,N,True
3,104,252,994,N,True
3,104,55,994,N,True
3,104,271,994,N,True
3,104,212,994,N,True
3,104,277,994,N,True
3,104,239,994,N,True
3,104,reel18__7,994,N,True
3,reel13__9,reel23__8,994,N,True
3,reel13__9,reel27__4,994,N,True
3,reel13__9,bot37__5,994,N,True
3,bot32__9,bot13__1,994,N,True
3,reel30__1,102,994,N,True
3,reel30__1,bot38__7,994,N,True
3,220,bot9__5,994,N,True
3,220,reel13__0,994,N,True
3,220,reel13__7,994,N,True
3,116,reel4__8,994,N,True
3,116,reel17__4,994,N,True
3,reel15__5,138,994,N,True
3,reel15__5,reel16__0,994,N,True
3,reel15__5,reel39__1,994,N,True
3,reel15__5,bot49__5,994,N,True
3,reel13__4,reel17__3,994,N,True
3,reel13__4,bot34__9,994,N,True
3,reel13__4,reel48__6,994,N,True
3,reel25__6,reel12__3,994,N,True
3,reel25__6,reel16__9,994,N,True
3,reel25__6,reel34__1,994,N,True
3,reel46__1,230,994,N,True
3,reel8__8,reel34__7,994,N,True
3,reel8__8,reel43__1,994,N,True
3,reel6__4,27,994,N,True
3,reel6__4,reel5__2,994,N,True
3,reel6__4,bot8__3,994,N,True
3,reel6__4,bot28__1,994,N,True
3,329,reel11__5,995,N,True
3,87,reel11__5,995,N,True
3,reel34__2,reel11__5,995,N,True
3,reel17__0,reel11__5,995,N,True
3,248,reel11__5,995,N,True
3,reel34__2,reel39__6,995,N,True
3,reel3__3,reel18__5,995,N,True
3,reel3__3,reel22__5,995,N,True
3,reel3__3,bot47__6,995,N,True
3,reel3__3,reel48__9,995,N,True
3,38,reel48__9,995,N,True
3,bot12__5,343,995,N,True
3,226,343,995,N,True
3,258,bot27__8,995,N,True
3,258,bot36__8,995,N,True
3,bot25__6,bot36__8,995,N,True
3,bot17__7,240,995,N,True
3,reel29__5,240,995,N,True
3,bot0__5,36,995,N,True
3,197,36,995,N,True
3,108,36,995,N,True
3,bot0__5,bot25__4,995,N,True
3,bot0__5,bot32__2,995,N,True
3,bot5__7,bot16__8,995,N,True
3,bot5__7,bot45__4,995,N,True
3,69,reel4__9,995,N,True
3,69,bot19__9,995,N,True
3,66,reel16__1,995,N,True
3,66,reel34__4,995,N,True
3,66,reel42__7,995,N,True
3,reel3__2,bot46__1,995,N,True
3,66,bot46__1,995,N,True
3,291,bot0__2,995,N,True
3,291,reel4__3,995,N,True
3,291,reel9__6,995,N,True
3,280,reel9__6,995,N,True
3,339,reel9__6,995,N,True
3,291,reel10__7,995,N,True
3,291,bot27__6,995,N,True
3,141,reel28__5,995,N,True
3,291,reel28__5,995,N,True
3,reel40__3,reel28__5,995,N,True
3,106,reel2__1,995,N,True
3,106,reel2__9,995,N,True
3,106,bot7__6,995,N,True
3,106,reel36__5,995,N,True
3,108,bot3__3,995,N,True
3,bot8__6,bot3__3,995,N,True
3,bot8__6,327,995,N,True
3,130,204,995,N,True
3,196,204,995,N,True
3,329,204,995,N,True
3,242,204,995,N,True
3,5,204,995,N,True
3,53,204,995,N,True
3,329,bot4__0,995,N,True
3,329,reel20__1,995,N,True
3,329,reel28__0,995,N,True
3,bot25__6,bot30__0,995,N,True
3,190,reel1__3,995,N,True
3,38,reel1__3,995,N,True
3,38,bot2__3,995,N,True
3,38,bot5__2,995,N,True
3,55,bot5__2,995,N,True
3,reel18__4,201,995,N,True
3,reel19__8,201,995,N,True
3,bot9__1,bot46__8,995,N,True
3,reel13__7,183,995,N,True
3,133,183,995,N,True
3,bot38__6,bot5__5,995,N,True
3,133,bot5__5,995,N,True
3,133,reel10__9,995,N,True
3,246,bot15__8,995,N,True
3,199,288,995,N,True
3,25,288,995,N,True
3,25,76,995,N,True
3,270,76,995,N,True
3,25,336,995,N,True
3,48,73,995,N,True
3,130,73,995,N,True
3,25,73,995,N,True
3,25,reel26__7,995,N,True
3,146,reel14__0,995,N,True
3,bot18__1,reel14__0,995,N,True
3,196,reel13__1,995,N,True
3,bot20__2,reel13__1,995,N,True
3,134,bot37__4,995,N,True
3,bot20__2,bot37__4,995,N,True
3,reel30__3,reel15__9,995,N,True
3,141,reel39__4,995,N,True
3,reel30__3,reel39__4,995,N,True
3,reel30__3,reel45__8,995,N,True
3,75,reel0__4,995,N,True
3,3,reel0__4,995,N,True
3,75,bot3__8,995,N,True
3,75,bot19__8,995,N,True
3,bot4__6,bot6__0,995,N,True
3,bot4__6,bot36__6,995,N,True
3,274,bot6__1,995,N,True
3,bot32__6,bot10__4,995,N,True
3,236,reel17__9,995,N,True
3,185,reel17__9,995,N,True
3,185,reel26__9,995,N,True
3,185,reel31__4,995,N,True
3,reel15__7,219,995,N,True
3,242,266,995,N,True
3,196,266,995,N,True
3,53,266,995,N,True
3,242,254,995,N,True
3,196,254,995,N,True
3,53,254,995,N,True
3,130,191,995,N,True
3,53,191,995,N,True
3,132,317,995,N,True
3,146,317,995,N,True
3,53,317,995,N,True
3,48,330,995,N,True
3,196,330,995,N,True
3,242,330,995,N,True
3,53,330,995,N,True
3,242,101,995,N,True
3,reel26__4,101,995,N,True
3,53,101,995,N,True
3,196,180,995,N,True
3,242,180,995,N,True
3,5,180,995,N,True
3,53,180,995,N,True
3,48,180,995,N,True
3,242,194,995,N,True
3,196,194,995,N,True
3,53,194,995,N,True
3,242,92,995,N,True
3,196,92,995,N,True
3,53,92,995,N,True
3,53,reel9__8,995,N,True
3,53,bot21__8,995,N,True
3,53,bot23__1,995,N,True
3,53,reel31__7,995,N,True
3,146,reel27__2,995,N,True
3,168,reel8__6,995,N,True
3,reel29__5,reel8__6,995,N,True
3,196,reel32__0,995,N,True
3,reel29__5,reel32__0,995,N,True
3,293,bot4__9,995,N,True
3,293,reel9__3,995,N,True
3,293,bot31__8,995,N,True
3,293,bot36__4,995,N,True
3,293,bot42__0,995,N,True
3,293,bot44__4,995,N,True
3,134,reel11__9,995,N,True
3,134,reel21__6,995,N,True
3,reel0__3,reel21__6,995,N,True
3,134,bot49__5,995,N,True
3,85,reel6__0,995,N,True
3,85,reel15__4,995,N,True
3,bot35__1,57,995,N,True
3,242,57,995,N,True
3,48,57,995,N,True
3,108,57,995,N,True
3,bot21__3,57,995,N,True
3,190,bot24__7,995,N,True
3,bot21__3,bot24__7,995,N,True
3,bot20__7,reel10__6,995,N,True
3,bot20__7,bot43__6,995,N,True
3,bot36__0,296,995,N,True
3,121,reel0__0,995,N,True
3,170,reel0__0,995,N,True
3,121,bot5__9,995,N,True
3,121,reel40__8,995,N,True
3,238,bot17__4,995,N,True
3,238,bot21__5,995,N,True
3,238,reel22__7,995,N,True
3,238,reel25__8,995,N,True
3,311,reel25__8,995,N,True
3,238,reel34__5,995,N,True
3,27,reel34__5,995,N,True
3,83,23,995,N,True
3,237,23,995,N,True
3,51,23,995,N,True
3,230,23,995,N,True
3,190,23,995,N,True
3,51,bot3__1,995,N,True
3,51,bot8__9,995,N,True
3,7,347,995,N,True
3,339,347,995,N,True
3,129,347,995,N,True
3,168,347,995,N,True
3,22,347,995,N,True
3,22,bot1__9,995,N,True
3,22,reel35__4,995,N,True
3,339,reel35__4,995,N,True
3,22,reel42__4,995,N,True
3,reel20__7,reel43__6,995,N,True
3,159,reel43__6,995,N,True
3,reel20__7,bot48__0,995,N,True
3,130,300,995,N,True
3,342,bot2__4,995,N,True
3,130,bot2__4,995,N,True
3,130,reel19__6,995,N,True
3,reel11__3,reel19__6,995,N,True
3,226,149,995,N,True
3,226,2,995,N,True
3,226,20,995,N,True
3,226,116,995,N,True
3,128,reel11__8,995,N,True
3,226,reel11__8,995,N,True
3,reel19__7,reel11__8,995,N,True
3,226,reel16__7,995,N,True
3,226,reel18__3,995,N,True
3,226,bot19__4,995,N,True
3,226,reel38__9,995,N,True
3,112,bot7__4,995,N,True
3,bot5__8,bot7__4,995,N,True
3,reel0__3,152,995,N,True
3,339,152,995,N,True
3,339,reel1__5,995,N,True
3,reel21__2,reel25__2,995,N,True
3,339,reel25__2,995,N,True
3,48,80,995,N,True
3,242,80,995,N,True
3,reel13__3,80,995,N,True
3,48,reel15__5,995,N,True
3,reel39__1,reel15__5,995,N,True
3,48,bot16__9,995,N,True
3,236,bot22__9,995,N,True
3,108,bot22__9,995,N,True
3,272,bot22__9,995,N,True
3,bot38__6,reel6__4,995,N,True
3,27,reel6__4,995,N,True
3,27,bot9__4,995,N,True
3,27,reel21__1,995,N,True
3,172,reel21__1,995,N,True
3,27,bot46__0,995,N,True
3,54,bot15__3,995,N,True
3,272,bot15__3,995,N,True
3,272,bot16__6,995,N,True
3,272,bot48__2,995,N,True
3,bot13__3,reel3__0,995,N,True
3,54,reel16__9,995,N,True
3,reel25__4,reel16__9,995,N,True
3,280,reel16__9,995,N,True
3,248,bot45__8,995,N,True
3,96,bot45__8,995,N,True
3,bot40__2,102,995,N,True
3,171,58,995,N,True
3,269,58,995,N,True
3,269,81,995,N,True
3,reel16__3,81,995,N,True
3,269,reel17__5,995,N,True
3,7,reel17__5,995,N,True
3,reel40__6,reel35__6,995,N,True
3,132,reel1__9,995,N,True
3,55,reel1__9,995,N,True
3,47,bot0__0,995,N,True
3,47,bot1__7,995,N,True
3,47,bot24__6,995,N,True
3,178,reel31__1,995,N,True
3,178,reel37__4,995,N,True
3,178,reel44__5,995,N,True
3,reel39__1,reel44__5,995,N,True
3,bot46__6,bot31__1,995,N,True
3,270,bot31__1,995,N,True
3,108,bot28__6,995,N,True
3,bot10__3,reel4__7,995,N,True
3,bot10__3,bot7__3,995,N,True
3,bot10__3,bot11__2,995,N,True
3,29,bot11__2,995,N,True
3,bot10__3,bot42__6,995,N,True
3,reel5__6,282,995,N,True
3,reel5__6,reel12__5,995,N,True
3,reel5__6,reel17__7,995,N,True
3,reel31__9,reel17__7,995,N,True
3,reel46__3,reel17__7,995,N,True
3,159,reel17__7,995,N,True
3,72,298,995,N,True
3,199,298,995,N,True
3,265,298,995,N,True
3,172,298,995,N,True
3,265,bot48__5,995,N,True
3,bot23__9,reel4__5,995,N,True
3,196,reel4__5,995,N,True
3,82,reel4__5,995,N,True
3,bot23__9,bot27__7,995,N,True
3,196,reel8__4,995,N,True
3,196,reel20__3,995,N,True
3,reel32__8,reel20__3,995,N,True
3,87,reel20__3,995,N,True
3,196,reel44__9,995,N,True
3,reel4__6,bot14__6,995,N,True
3,87,reel13__5,995,N,True
3,87,bot19__1,995,N,True
3,60,bot4__3,995,N,True
3,60,bot33__8,995,N,True
3,60,reel36__8,995,N,True
3,bot2__0,bot33__9,995,N,True
3,77,bot33__9,995,N,True
3,268,bot19__7,995,N,True
3,reel46__3,reel22__8,995,N,True
3,reel36__2,reel22__8,995,N,True
3,283,228,995,N,True
3,3,228,995,N,True
3,283,bot4__5,995,N,True
3,283,bot6__4,995,N,True
3,bot11__3,bot32__5,995,N,True
3,bot11__3,bot38__1,995,N,True
3,3,reel23__2,995,N,True
3,reel22__3,reel23__2,995,N,True
3,reel13__7,220,995,N,True
3,reel13__7,bot42__7,995,N,True
3,311,bot42__7,995,N,True
3,reel6__9,reel9__5,995,N,True
3,136,reel9__5,995,N,True
3,reel6__9,bot21__7,995,N,True
3,bot40__0,bot21__7,995,N,True
3,reel6__9,reel24__4,995,N,True
3,reel6__9,reel36__3,995,N,True
3,reel3__2,reel6__8,995,N,True
3,reel3__2,reel13__8,995,N,True
3,170,reel3__6,995,N,True
3,170,bot22__4,995,N,True
3,reel46__5,95,995,N,True
3,bot1__0,95,995,N,True
3,bot17__8,95,995,N,True
3,171,reel17__8,995,N,True
3,10,reel17__8,995,N,True
3,10,reel28__1,995,N,True
3,197,139,995,N,True
3,159,139,995,N,True
3,197,309,995,N,True
3,197,bot22__2,995,N,True
3,197,bot32__9,995,N,True
3,197,reel38__1,995,N,True
3,112,reel4__8,995,N,True
3,62,reel4__8,995,N,True
3,bot23__6,reel4__8,995,N,True
3,112,bot10__8,995,N,True
3,340,bot10__8,995,N,True
3,248,reel41__8,995,N,True
3,308,bot8__2,995,N,True
3,83,bot8__2,995,N,True
3,79,reel11__1,995,N,True
3,308,reel11__1,995,N,True
3,308,reel29__8,995,N,True
3,311,reel21__9,995,N,True
3,bot49__9,reel21__9,995,N,True
3,bot49__9,bot12__4,995,N,True
3,171,107,995,N,True
3,171,bot2__5,995,N,True
3,16,reel11__4,995,N,True
3,242,187,995,N,True
3,5,187,995,N,True
3,242,reel2__3,995,N,True
3,242,reel38__4,995,N,True
3,reel23__4,reel43__0,995,N,True
3,242,reel43__0,995,N,True
3,161,reel26__3,995,N,True
3,62,reel33__2,995,N,True
3,161,reel33__2,995,N,True
3,161,bot37__6,995,N,True
3,reel10__2,reel15__3,995,N,True
3,reel10__2,bot31__2,995,N,True
3,reel35__3,241,995,N,True
3,reel35__3,bot37__2,995,N,True
3,reel35__3,reel46__8,995,N,True
3,3,bot17__9,995,N,True
3,199,reel35__7,995,N,True
3,340,reel9__7,995,N,True
3,340,bot31__0,995,N,True
3,340,reel44__4,995,N,True
3,83,reel4__2,995,N,True
3,83,bot14__3,995,N,True
3,83,reel18__2,995,N,True
3,342,reel48__2,995,N,True
3,83,reel48__2,995,N,True
3,159,bot41__2,995,N,True
3,55,bot41__2,995,N,True
3,reel11__3,bot26__5,995,N,True
3,reel11__3,reel44__1,995,N,True
3,129,reel2__4,995,N,True
3,79,reel4__0,995,N,True
3,79,reel26__6,995,N,True
3,79,reel27__0,995,N,True
3,159,reel1__6,995,N,True
3,172,reel1__6,995,N,True
3,159,reel3__4,995,N,True
3,reel19__7,reel3__4,995,N,True
3,159,reel23__0,995,N,True
3,159,bot25__3,995,N,True
3,190,reel32__9,995,N,True
3,190,reel33__4,995,N,True
3,190,reel40__7,995,N,True
3,334,reel23__9,995,N,True
3,reel40__3,reel45__6,995,N,True
3,168,bot6__3,995,N,True
3,bot5__6,bot10__2,995,N,True
3,168,bot10__2,995,N,True
3,bot40__0,bot39__6,995,N,True
3,bot23__6,bot29__0,995,N,True
3,bot23__6,bot41__4,995,N,True
3,bot23__6,bot44__0,995,N,True
3,reel20__6,bot44__0,995,N,True
3,311,bot24__3,995,N,True
3,208,bot32__7,995,N,True
3,165,bot11__6,995,N,True
3,172,bot11__6,995,N,True
3,128,reel19__4,995,N,True
3,reel12__4,151,995,N,True
3,bot35__2,151,995,N,True
3,280,153,995,N,True
3,280,reel27__1,995,N,True
3,reel23__4,reel2__2,995,N,True
3,reel16__3,reel2__2,995,N,True
3,reel23__4,reel24__2,995,N,True
3,reel23__4,bot26__9,995,N,True
3,reel23__4,bot44__8,995,N,True
3,reel7__8,reel21__4,995,N,True
3,342,63,995,N,True
3,313,63,995,N,True
3,261,63,995,N,True
3,261,reel5__9,995,N,True
3,261,reel22__6,995,N,True
3,261,bot35__4,995,N,True
3,bot46__6,reel36__4,995,N,True
3,bot35__2,reel16__5,995,N,True
3,260,reel16__5,995,N,True
3,260,reel35__2,995,N,True
3,reel28__6,reel37__0,995,N,True
3,342,bot20__0,995,N,True
3,reel16__3,bot20__0,995,N,True
3,29,bot41__8,995,N,True
3,136,reel13__4,995,N,True
3,82,bot30__8,995,N,True
3,82,reel33__7,995,N,True
3,bot5__6,bot8__5,995,N,True
3,54,bot18__9,995,N,True
3,reel32__8,reel33__9,995,N,True
3,165,reel14__4,995,N,True
3,reel19__8,bot43__1,995,N,True
3,reel39__1,reel11__0,995,N,True
3,reel0__3,reel4__4,995,N,True
3,reel0__3,bot7__5,995,N,True
3,230,71,995,N,True
3,230,253,995,N,True
3,230,reel46__1,995,N,True
3,reel21__2,34,995,N,True
3,reel21__2,reel45__4,995,N,True
3,237,bot12__9,995,N,True
3,313,reel9__4,995,N,True
3,313,bot46__4,995,N,True
3,141,bot5__4,995,N,True
3,141,reel48__7,995,N,True
3,72,reel1__2,995,N,True
3,72,bot46__9,995,N,True
3,207,reel19__0,995,N,True
3,207,reel37__7,995,N,True
3,207,bot46__3,995,N,True
3,reel31__0,bot32__1,995,N,True
3,reel20__6,reel28__8,995,N,True
3,75,85,996,N,True
3,3,85,996,N,True
3,9,85,996,N,True
3,176,85,996,N,True
3,258,85,996,N,True
3,156,85,996,N,True
3,188,85,996,N,True
3,258,bot20__3,996,N,True
3,258,bot27__8,996,N,True
3,258,bot36__8,996,N,True
3,119,64,996,N,True
3,bot0__3,64,996,N,True
3,bot0__3,bot39__4,996,N,True
3,288,bot7__0,996,N,True
3,bot48__3,bot7__0,996,N,True
3,329,reel20__1,996,N,True
3,reel19__3,reel20__1,996,N,True
3,156,reel42__8,996,N,True
3,reel19__3,reel42__8,996,N,True
3,bot0__5,36,996,N,True
3,bot0__5,bot32__2,996,N,True
3,119,171,996,N,True
3,48,54,996,N,True
3,119,54,996,N,True
3,329,54,996,N,True
3,53,54,996,N,True
3,119,125,996,N,True
3,169,125,996,N,True
3,136,125,996,N,True
3,119,269,996,N,True
3,329,269,996,N,True
3,324,150,996,N,True
3,119,150,996,N,True
3,329,150,996,N,True
3,324,27,996,N,True
3,119,27,996,N,True
3,329,27,996,N,True
3,bot1__2,100,996,N,True
3,119,100,996,N,True
3,119,reel20__7,996,N,True
3,118,reel20__7,996,N,True
3,119,reel40__6,996,N,True
3,119,bot46__6,996,N,True
3,186,reel7__1,996,N,True
3,186,reel13__5,996,N,True
3,reel7__5,reel13__5,996,N,True
3,bot5__7,bot2__0,996,N,True
3,118,bot2__0,996,N,True
3,bot5__7,70,996,N,True
3,bot5__7,bot16__8,996,N,True
3,bot5__7,bot48__8,996,N,True
3,reel22__7,reel16__1,996,N,True
3,66,reel16__1,996,N,True
3,66,reel34__4,996,N,True
3,66,reel42__7,996,N,True
3,66,bot46__1,996,N,True
3,188,bot1__1,996,N,True
3,188,reel40__8,996,N,True
3,188,bot49__8,996,N,True
3,122,284,996,N,True
3,329,284,996,N,True
3,reel1__1,284,996,N,True
3,reel1__1,bot16__2,996,N,True
3,reel1__1,reel35__3,996,N,True
3,106,reel0__9,996,N,True
3,106,reel2__1,996,N,True
3,347,reel2__1,996,N,True
3,106,reel2__9,996,N,True
3,106,bot7__6,996,N,True
3,106,reel36__5,996,N,True
3,222,bot1__8,996,N,True
3,199,bot1__8,996,N,True
3,38,bot1__8,996,N,True
3,38,reel48__9,996,N,True
3,329,184,996,N,True
3,329,197,996,N,True
3,213,204,996,N,True
3,196,204,996,N,True
3,329,204,996,N,True
3,53,204,996,N,True
3,48,320,996,N,True
3,329,320,996,N,True
3,203,bot5__6,996,N,True
3,29,bot5__6,996,N,True
3,329,bot5__6,996,N,True
3,329,bot24__2,996,N,True
3,329,reel28__0,996,N,True
3,324,301,996,N,True
3,243,bot5__8,996,N,True
3,324,bot5__8,996,N,True
3,324,reel5__4,996,N,True
3,324,bot10__3,996,N,True
3,156,reel20__6,996,N,True
3,324,reel20__6,996,N,True
3,reel4__5,bot23__9,996,N,True
3,324,bot23__9,996,N,True
3,324,bot33__2,996,N,True
3,123,reel4__0,996,N,True
3,79,reel4__0,996,N,True
3,123,bot18__8,996,N,True
3,123,reel32__1,996,N,True
3,123,reel34__6,996,N,True
3,123,reel48__1,996,N,True
3,reel34__1,reel25__6,996,N,True
3,reel12__3,reel25__6,996,N,True
3,reel18__8,bot30__4,996,N,True
3,reel18__8,reel38__3,996,N,True
3,reel18__8,bot42__4,996,N,True
3,reel33__7,reel5__1,996,N,True
3,76,reel5__1,996,N,True
3,reel33__7,bot37__0,996,N,True
3,reel30__8,reel38__5,996,N,True
3,reel33__7,reel38__5,996,N,True
3,bot30__7,321,996,N,True
3,88,reel3__8,996,N,True
3,bot30__7,reel3__8,996,N,True
3,246,reel2__0,996,N,True
3,295,reel2__0,996,N,True
3,bot18__2,bot15__8,996,N,True
3,246,bot15__8,996,N,True
3,246,bot42__3,996,N,True
3,reel4__5,bot7__2,996,N,True
3,39,bot7__2,996,N,True
3,39,bot19__9,996,N,True
3,345,reel9__0,996,N,True
3,76,reel9__0,996,N,True
3,76,bot37__2,996,N,True
3,75,reel0__4,996,N,True
3,3,reel0__4,996,N,True
3,75,bot2__9,996,N,True
3,75,bot3__8,996,N,True
3,75,bot19__8,996,N,True
3,bot1__2,95,996,N,True
3,bot1__9,95,996,N,True
3,bot1__9,bot12__9,996,N,True
3,bot45__8,205,996,N,True
3,222,240,996,N,True
3,222,reel10__0,996,N,True
3,236,reel17__9,996,N,True
3,185,reel17__9,996,N,True
3,185,reel26__9,996,N,True
3,bot14__7,24,996,N,True
3,53,24,996,N,True
3,48,180,996,N,True
3,196,180,996,N,True
3,53,180,996,N,True
3,48,302,996,N,True
3,53,302,996,N,True
3,53,reel3__1,996,N,True
3,53,reel9__8,996,N,True
3,53,bot21__2,996,N,True
3,53,bot21__8,996,N,True
3,53,reel31__3,996,N,True
3,bot41__5,reel31__7,996,N,True
3,53,reel31__7,996,N,True
3,290,bot23__2,996,N,True
3,reel17__0,273,996,N,True
3,146,reel14__0,996,N,True
3,134,bot11__1,996,N,True
3,134,reel21__6,996,N,True
3,reel0__3,reel21__6,996,N,True
3,134,bot37__4,996,N,True
3,156,bot37__4,996,N,True
3,134,bot49__5,996,N,True
3,203,338,996,N,True
3,239,338,996,N,True
3,252,338,996,N,True
3,29,338,996,N,True
3,31,338,996,N,True
3,308,338,996,N,True
3,203,bot3__5,996,N,True
3,342,bot3__5,996,N,True
3,203,reel4__6,996,N,True
3,295,reel4__6,996,N,True
3,203,bot6__8,996,N,True
3,203,bot13__3,996,N,True
3,203,reel26__4,996,N,True
3,165,reel26__4,996,N,True
3,203,bot36__0,996,N,True
3,19,293,996,N,True
3,19,112,996,N,True
3,19,138,996,N,True
3,19,174,996,N,True
3,19,214,996,N,True
3,111,214,996,N,True
3,19,343,996,N,True
3,111,343,996,N,True
3,19,319,996,N,True
3,reel28__1,227,996,N,True
3,19,227,996,N,True
3,19,reel8__8,996,N,True
3,19,reel24__2,996,N,True
3,19,bot29__3,996,N,True
3,reel8__6,bot29__3,996,N,True
3,148,reel4__7,996,N,True
3,148,bot16__4,996,N,True
3,148,bot35__5,996,N,True
3,298,reel31__8,996,N,True
3,bot33__8,reel31__8,996,N,True
3,bot33__8,reel28__8,996,N,True
3,bot33__1,bot4__1,996,N,True
3,bot33__1,300,996,N,True
3,31,bot9__8,996,N,True
3,31,reel15__6,996,N,True
3,31,reel37__3,996,N,True
3,270,reel37__3,996,N,True
3,31,bot49__9,996,N,True
3,83,23,996,N,True
3,51,23,996,N,True
3,9,bot3__1,996,N,True
3,51,bot3__1,996,N,True
3,51,bot26__0,996,N,True
3,51,reel32__8,996,N,True
3,9,bot24__8,996,N,True
3,bot18__6,bot24__8,996,N,True
3,9,reel35__8,996,N,True
3,reel36__8,reel35__8,996,N,True
3,129,bot43__5,996,N,True
3,9,bot43__5,996,N,True
3,bot1__7,166,996,N,True
3,bot1__7,47,996,N,True
3,13,reel2__5,996,N,True
3,13,bot8__4,996,N,True
3,bot43__4,bot10__7,996,N,True
3,13,bot10__7,996,N,True
3,13,reel23__7,996,N,True
3,13,bot29__1,996,N,True
3,213,57,996,N,True
3,48,57,996,N,True
3,48,126,996,N,True
3,reel8__6,126,996,N,True
3,88,126,996,N,True
3,122,reel6__6,996,N,True
3,48,reel6__6,996,N,True
3,48,reel15__5,996,N,True
3,bot14__7,bot16__9,996,N,True
3,48,bot16__9,996,N,True
3,48,reel43__4,996,N,True
3,122,235,996,N,True
3,156,235,996,N,True
3,156,bot4__9,996,N,True
3,156,bot6__2,996,N,True
3,156,reel8__2,996,N,True
3,156,bot13__1,996,N,True
3,156,bot30__9,996,N,True
3,156,bot31__3,996,N,True
3,156,bot38__4,996,N,True
3,65,bot5__1,996,N,True
3,65,reel7__6,996,N,True
3,bot1__2,bot12__1,996,N,True
3,65,bot12__1,996,N,True
3,65,reel35__1,996,N,True
3,65,reel45__6,996,N,True
3,213,bot28__2,996,N,True
3,213,reel39__5,996,N,True
3,105,reel35__5,996,N,True
3,reel8__7,reel6__7,996,N,True
3,reel8__7,bot11__7,996,N,True
3,reel8__7,bot32__3,996,N,True
3,reel8__7,bot39__8,996,N,True
3,50,reel6__1,996,N,True
3,50,reel19__7,996,N,True
3,50,reel25__3,996,N,True
3,55,reel25__3,996,N,True
3,50,reel31__0,996,N,True
3,50,bot38__7,996,N,True
3,50,reel44__8,996,N,True
3,265,reel44__8,996,N,True
3,bot15__5,bot18__7,996,N,True
3,176,reel21__0,996,N,True
3,reel31__9,reel21__0,996,N,True
3,59,reel21__0,996,N,True
3,176,reel35__9,996,N,True
3,reel10__2,reel20__0,996,N,True
3,bot41__5,reel20__0,996,N,True
3,270,bot0__9,996,N,True
3,270,reel0__7,996,N,True
3,303,reel5__2,996,N,True
3,bot26__2,reel5__2,996,N,True
3,270,reel5__2,996,N,True
3,84,reel19__1,996,N,True
3,270,reel19__1,996,N,True
3,270,bot31__1,996,N,True
3,270,reel42__5,996,N,True
3,bot24__1,bot37__6,996,N,True
3,161,bot37__6,996,N,True
3,bot4__3,124,996,N,True
3,196,reel8__4,996,N,True
3,196,reel13__1,996,N,True
3,196,reel44__9,996,N,True
3,252,250,996,N,True
3,59,250,996,N,True
3,reel26__7,reel33__3,996,N,True
3,bot6__3,bot44__9,996,N,True
3,84,reel17__2,996,N,True
3,268,bot19__7,996,N,True
3,283,reel3__3,996,N,True
3,118,reel3__3,996,N,True
3,283,bot4__5,996,N,True
3,283,bot6__4,996,N,True
3,283,reel32__7,996,N,True
3,283,reel47__9,996,N,True
3,336,reel4__3,996,N,True
3,336,bot14__9,996,N,True
3,336,reel18__3,996,N,True
3,336,bot20__4,996,N,True
3,336,reel27__6,996,N,True
3,bot28__8,127,996,N,True
3,reel4__5,42,996,N,True
3,111,279,996,N,True
3,243,337,996,N,True
3,111,337,996,N,True
3,243,137,996,N,True
3,111,137,996,N,True
3,243,310,996,N,True
3,111,310,996,N,True
3,111,44,996,N,True
3,111,20,996,N,True
3,111,93,996,N,True
3,111,bot22__7,996,N,True
3,bot49__2,bot14__4,996,N,True
3,reel38__8,reel12__2,996,N,True
3,129,reel2__4,996,N,True
3,reel12__6,reel2__4,996,N,True
3,reel12__6,bot13__0,996,N,True
3,bot11__3,bot32__5,996,N,True
3,bot11__3,bot38__1,996,N,True
3,344,bot4__4,996,N,True
3,reel11__5,reel34__2,996,N,True
3,295,reel34__2,996,N,True
3,344,reel34__2,996,N,True
3,344,bot41__9,996,N,True
3,88,reel25__0,996,N,True
3,reel25__2,reel5__0,996,N,True
3,307,71,996,N,True
3,307,reel10__4,996,N,True
3,103,reel18__2,996,N,True
3,83,reel18__2,996,N,True
3,103,bot43__0,996,N,True
3,103,bot47__6,996,N,True
3,reel8__6,reel29__2,996,N,True
3,reel8__6,reel29__5,996,N,True
3,reel8__6,reel33__1,996,N,True
3,reel8__6,reel34__0,996,N,True
3,7,reel17__5,996,N,True
3,7,bot47__2,996,N,True
3,212,bot9__9,996,N,True
3,212,bot22__6,996,N,True
3,reel22__7,reel41__3,996,N,True
3,59,bot17__2,996,N,True
3,59,bot20__8,996,N,True
3,reel9__9,bot14__0,996,N,True
3,29,bot14__0,996,N,True
3,reel9__9,bot20__2,996,N,True
3,reel9__9,reel21__3,996,N,True
3,308,bot2__7,996,N,True
3,308,bot8__2,996,N,True
3,83,bot8__2,996,N,True
3,79,reel11__1,996,N,True
3,308,reel11__1,996,N,True
3,308,reel29__8,996,N,True
3,200,bot8__6,996,N,True
3,200,reel28__6,996,N,True
3,16,reel11__4,996,N,True
3,16,reel42__9,996,N,True
3,reel12__1,bot20__5,996,N,True
3,bot9__2,154,996,N,True
3,bot9__2,bot24__9,996,N,True
3,bot9__2,bot36__4,996,N,True
3,122,reel13__0,996,N,True
3,161,reel13__0,996,N,True
3,161,reel26__3,996,N,True
3,161,reel33__2,996,N,True
3,reel11__5,reel15__8,996,N,True
3,342,bot20__0,996,N,True
3,reel11__5,bot20__0,996,N,True
3,reel11__5,bot26__4,996,N,True
3,reel11__5,reel38__0,996,N,True
3,reel31__9,reel47__4,996,N,True
3,bot11__0,bot10__5,996,N,True
3,318,reel33__6,996,N,True
3,reel10__2,reel29__1,996,N,True
3,reel10__2,bot31__2,996,N,True
3,reel7__5,28,996,N,True
3,reel7__5,316,996,N,True
3,reel7__5,reel10__5,996,N,True
3,reel7__5,reel10__6,996,N,True
3,reel7__5,bot36__3,996,N,True
3,3,bot17__9,996,N,True
3,3,reel23__2,996,N,True
3,3,bot37__7,996,N,True
3,199,reel35__7,996,N,True
3,83,reel4__1,996,N,True
3,83,bot25__2,996,N,True
3,342,reel48__2,996,N,True
3,83,reel48__2,996,N,True
3,165,reel14__4,996,N,True
3,bot18__6,reel14__4,996,N,True
3,55,reel1__9,996,N,True
3,55,bot35__0,996,N,True
3,reel11__3,bot26__5,996,N,True
3,reel11__3,reel44__1,996,N,True
3,reel11__3,bot45__5,996,N,True
3,129,reel24__9,996,N,True
3,79,reel26__6,996,N,True
3,288,reel26__6,996,N,True
3,79,reel27__0,996,N,True
3,bot25__0,bot21__9,996,N,True
3,334,reel6__5,996,N,True
3,56,207,996,N,True
3,56,63,996,N,True
3,342,63,996,N,True
3,56,bot0__2,996,N,True
3,56,bot14__1,996,N,True
3,342,bot14__1,996,N,True
3,303,reel20__8,996,N,True
3,303,reel36__2,996,N,True
3,reel15__2,reel12__9,996,N,True
3,136,reel9__5,996,N,True
3,reel15__2,reel9__5,996,N,True
3,reel15__2,bot20__1,996,N,True
3,347,bot20__1,996,N,True
3,reel15__2,bot24__6,996,N,True
3,reel15__2,reel39__9,996,N,True
3,311,reel21__9,996,N,True
3,311,bot24__3,996,N,True
3,311,bot34__2,996,N,True
3,208,reel27__7,996,N,True
3,208,bot32__7,996,N,True
3,239,234,996,N,True
3,172,reel1__6,996,N,True
3,165,bot11__6,996,N,True
3,172,bot11__6,996,N,True
3,172,reel18__7,996,N,True
3,280,reel18__1,996,N,True
3,280,reel27__1,996,N,True
3,169,bot32__6,996,N,True
3,reel7__8,reel14__9,996,N,True
3,reel7__8,reel21__4,996,N,True
3,reel7__8,bot24__0,996,N,True
3,118,bot24__0,996,N,True
3,reel7__8,reel33__8,996,N,True
3,reel0__3,reel5__7,996,N,True
3,reel35__4,reel5__7,996,N,True
3,reel35__4,reel37__7,996,N,True
3,reel35__4,reel40__5,996,N,True
3,29,247,996,N,True
3,29,bot11__2,996,N,True
3,29,bot41__8,996,N,True
3,29,bot47__9,996,N,True
3,136,120,996,N,True
3,bot26__2,bot18__4,996,N,True
3,347,bot22__0,996,N,True
3,347,reel36__0,996,N,True
3,bot14__8,78,996,N,True
3,288,reel1__7,996,N,True
3,288,reel7__3,996,N,True
3,288,reel7__9,996,N,True
3,288,reel16__0,996,N,True
3,30,reel23__1,996,N,True
3,bot43__4,2,996,N,True
3,bot43__4,bot46__4,996,N,True
3,77,294,996,N,True
3,77,reel0__2,996,N,True
3,77,reel17__6,996,N,True
3,77,bot23__3,996,N,True
3,77,bot33__9,996,N,True
3,118,bot18__1,996,N,True
3,118,bot29__8,996,N,True
3,118,reel30__3,996,N,True
3,118,bot39__3,996,N,True
3,118,bot40__0,996,N,True
3,reel12__3,110,996,N,True
3,reel12__3,reel43__5,996,N,True
3,bot1__2,bot13__5,996,N,True
3,bot1__2,bot16__5,996,N,True
3,reel0__3,bot34__9,996,N,True
3,reel1__3,190,996,N,True
3,reel1__3,reel37__4,996,N,True
3,reel1__3,reel41__4,996,N,True
3,bot30__8,reel23__3,996,N,True
3,243,216,996,N,True
3,122,reel19__5,996,N,True
3,243,reel19__5,996,N,True
3,243,reel19__8,996,N,True
3,152,181,996,N,True
3,152,4,996,N,True
3,152,275,996,N,True
3,152,reel13__8,996,N,True
3,72,reel1__2,996,N,True
3,72,bot46__9,996,N,True
3,122,251,996,N,True
3,122,reel10__1,996,N,True
3,122,reel29__9,996,N,True
3,122,reel44__3,996,N,True
3,285,117,997,N,True
3,231,117,997,N,True
3,231,315,997,N,True
3,9,315,997,N,True
3,21,315,997,N,True
3,169,315,997,N,True
3,285,315,997,N,True
3,236,315,997,N,True
3,291,315,997,N,True
3,188,315,997,N,True
3,98,315,997,N,True
3,105,315,997,N,True
3,323,315,997,N,True
3,246,315,997,N,True
3,158,315,997,N,True
3,252,315,997,N,True
3,257,315,997,N,True
3,185,315,997,N,True
3,271,315,997,N,True
3,203,315,997,N,True
3,26,315,997,N,True
3,94,315,997,N,True
3,56,315,997,N,True
3,122,315,997,N,True
3,231,178,997,N,True
3,206,178,997,N,True
3,88,178,997,N,True
3,186,178,997,N,True
3,272,178,997,N,True
3,203,29,997,N,True
3,231,29,997,N,True
3,252,29,997,N,True
3,203,172,997,N,True
3,231,172,997,N,True
3,271,172,997,N,True
3,252,172,997,N,True
3,26,172,997,N,True
3,113,172,997,N,True
3,56,172,997,N,True
3,72,172,997,N,True
3,325,172,997,N,True
3,331,172,997,N,True
3,98,172,997,N,True
3,231,213,997,N,True
3,130,213,997,N,True
3,122,213,997,N,True
3,56,213,997,N,True
3,246,213,997,N,True
3,186,213,997,N,True
3,285,213,997,N,True
3,291,213,997,N,True
3,236,213,997,N,True
3,272,213,997,N,True
3,231,77,997,N,True
3,231,bot1__9,997,N,True
3,231,bot2__8,997,N,True
3,231,reel6__5,997,N,True
3,reel18__5,reel6__5,997,N,True
3,231,bot13__6,997,N,True
3,231,bot26__5,997,N,True
3,231,reel37__1,997,N,True
3,231,reel38__6,997,N,True
3,105,reel38__6,997,N,True
3,231,reel40__8,997,N,True
3,188,reel40__8,997,N,True
3,203,48,997,N,True
3,130,48,997,N,True
3,88,48,997,N,True
3,119,48,997,N,True
3,73,48,997,N,True
3,271,48,997,N,True
3,94,53,997,N,True
3,130,53,997,N,True
3,reel3__1,53,997,N,True
3,88,53,997,N,True
3,130,191,997,N,True
3,130,reel6__1,997,N,True
3,177,reel6__1,997,N,True
3,130,reel28__7,997,N,True
3,203,128,997,N,True
3,9,128,997,N,True
3,252,128,997,N,True
3,26,128,997,N,True
3,176,128,997,N,True
3,104,128,997,N,True
3,56,128,997,N,True
3,119,128,997,N,True
3,169,128,997,N,True
3,186,128,997,N,True
3,122,128,997,N,True
3,271,128,997,N,True
3,98,128,997,N,True
3,9,258,997,N,True
3,257,258,997,N,True
3,98,258,997,N,True
3,323,258,997,N,True
3,85,258,997,N,True
3,291,258,997,N,True
3,188,258,997,N,True
3,272,258,997,N,True
3,9,75,997,N,True
3,200,75,997,N,True
3,274,75,997,N,True
3,323,75,997,N,True
3,56,75,997,N,True
3,reel0__4,75,997,N,True
3,85,75,997,N,True
3,188,75,997,N,True
3,272,75,997,N,True
3,203,161,997,N,True
3,252,161,997,N,True
3,9,161,997,N,True
3,21,161,997,N,True
3,26,161,997,N,True
3,56,161,997,N,True
3,39,161,997,N,True
3,122,161,997,N,True
3,325,161,997,N,True
3,271,161,997,N,True
3,9,156,997,N,True
3,122,156,997,N,True
3,85,156,997,N,True
3,reel8__2,156,997,N,True
3,188,156,997,N,True
3,272,156,997,N,True
3,252,66,997,N,True
3,26,66,997,N,True
3,9,66,997,N,True
3,21,66,997,N,True
3,113,66,997,N,True
3,56,66,997,N,True
3,122,66,997,N,True
3,203,342,997,N,True
3,271,342,997,N,True
3,9,342,997,N,True
3,21,342,997,N,True
3,252,342,997,N,True
3,122,342,997,N,True
3,113,342,997,N,True
3,290,342,997,N,True
3,56,342,997,N,True
3,119,342,997,N,True
3,285,342,997,N,True
3,325,342,997,N,True
3,188,342,997,N,True
3,98,342,997,N,True
3,104,295,997,N,True
3,9,295,997,N,True
3,26,295,997,N,True
3,257,295,997,N,True
3,203,134,997,N,True
3,252,134,997,N,True
3,9,134,997,N,True
3,21,134,997,N,True
3,26,134,997,N,True
3,113,134,997,N,True
3,56,134,997,N,True
3,9,reel1__8,997,N,True
3,9,bot3__1,997,N,True
3,51,bot3__1,997,N,True
3,9,bot3__4,997,N,True
3,69,reel4__9,997,N,True
3,9,reel4__9,997,N,True
3,9,bot24__8,997,N,True
3,reel18__5,bot46__7,997,N,True
3,252,212,997,N,True
3,26,212,997,N,True
3,21,212,997,N,True
3,104,212,997,N,True
3,56,212,997,N,True
3,72,212,997,N,True
3,271,212,997,N,True
3,203,313,997,N,True
3,252,313,997,N,True
3,21,313,997,N,True
3,26,313,997,N,True
3,113,313,997,N,True
3,56,313,997,N,True
3,119,313,997,N,True
3,39,313,997,N,True
3,285,313,997,N,True
3,325,313,997,N,True
3,271,313,997,N,True
3,98,313,997,N,True
3,203,55,997,N,True
3,252,55,997,N,True
3,21,55,997,N,True
3,200,55,997,N,True
3,26,55,997,N,True
3,185,55,997,N,True
3,104,55,997,N,True
3,56,55,997,N,True
3,186,55,997,N,True
3,122,55,997,N,True
3,122,284,997,N,True
3,21,284,997,N,True
3,21,184,997,N,True
3,272,184,997,N,True
3,21,108,997,N,True
3,272,108,997,N,True
3,122,235,997,N,True
3,21,235,997,N,True
3,203,223,997,N,True
3,271,223,997,N,True
3,252,223,997,N,True
3,21,223,997,N,True
3,200,223,997,N,True
3,26,223,997,N,True
3,56,223,997,N,True
3,246,223,997,N,True
3,186,223,997,N,True
3,325,223,997,N,True
3,188,223,997,N,True
3,98,223,997,N,True
3,21,127,997,N,True
3,272,127,997,N,True
3,203,308,997,N,True
3,252,308,997,N,True
3,21,308,997,N,True
3,26,308,997,N,True
3,323,308,997,N,True
3,31,308,997,N,True
3,246,308,997,N,True
3,21,121,997,N,True
3,206,121,997,N,True
3,113,121,997,N,True
3,169,121,997,N,True
3,39,121,997,N,True
3,69,121,997,N,True
3,236,121,997,N,True
3,122,281,997,N,True
3,21,281,997,N,True
3,272,281,997,N,True
3,21,165,997,N,True
3,200,165,997,N,True
3,113,165,997,N,True
3,169,165,997,N,True
3,72,165,997,N,True
3,39,165,997,N,True
3,188,165,997,N,True
3,21,197,997,N,True
3,272,197,997,N,True
3,271,13,997,N,True
3,252,13,997,N,True
3,21,13,997,N,True
3,26,13,997,N,True
3,148,13,997,N,True
3,56,13,997,N,True
3,119,13,997,N,True
3,236,13,997,N,True
3,325,13,997,N,True
3,188,13,997,N,True
3,98,13,997,N,True
3,65,13,997,N,True
3,21,bot9__3,997,N,True
3,21,reel16__3,997,N,True
3,203,261,997,N,True
3,252,261,997,N,True
3,122,261,997,N,True
3,297,261,997,N,True
3,148,261,997,N,True
3,113,261,997,N,True
3,56,261,997,N,True
3,119,261,997,N,True
3,285,261,997,N,True
3,325,261,997,N,True
3,271,261,997,N,True
3,98,261,997,N,True
3,65,261,997,N,True
3,203,211,997,N,True
3,271,211,997,N,True
3,98,211,997,N,True
3,56,211,997,N,True
3,285,211,997,N,True
3,325,211,997,N,True
3,331,211,997,N,True
3,272,211,997,N,True
3,56,222,997,N,True
3,325,222,997,N,True
3,186,222,997,N,True
3,203,59,997,N,True
3,252,59,997,N,True
3,98,59,997,N,True
3,56,59,997,N,True
3,186,59,997,N,True
3,325,59,997,N,True
3,271,59,997,N,True
3,325,311,997,N,True
3,203,268,997,N,True
3,325,268,997,N,True
3,271,268,997,N,True
3,203,238,997,N,True
3,252,238,997,N,True
3,98,238,997,N,True
3,56,238,997,N,True
3,325,238,997,N,True
3,271,238,997,N,True
3,31,bot49__9,997,N,True
3,bot12__4,bot49__9,997,N,True
3,169,bot0__5,997,N,True
3,169,reel3__9,997,N,True
3,291,reel3__9,997,N,True
3,221,45,997,N,True
3,200,45,997,N,True
3,104,45,997,N,True
3,186,45,997,N,True
3,122,45,997,N,True
3,186,bot0__4,997,N,True
3,186,reel6__2,997,N,True
3,271,reel6__2,997,N,True
3,186,reel13__5,997,N,True
3,186,reel33__7,997,N,True
3,148,339,997,N,True
3,31,339,997,N,True
3,246,339,997,N,True
3,119,339,997,N,True
3,158,339,997,N,True
3,291,339,997,N,True
3,65,339,997,N,True
3,119,171,997,N,True
3,119,54,997,N,True
3,119,217,997,N,True
3,285,208,997,N,True
3,119,208,997,N,True
3,291,208,997,N,True
3,188,208,997,N,True
3,119,269,997,N,True
3,203,324,997,N,True
3,252,324,997,N,True
3,200,324,997,N,True
3,119,324,997,N,True
3,297,324,997,N,True
3,331,324,997,N,True
3,119,64,997,N,True
3,113,132,997,N,True
3,56,132,997,N,True
3,119,132,997,N,True
3,72,132,997,N,True
3,158,132,997,N,True
3,203,50,997,N,True
3,148,50,997,N,True
3,113,50,997,N,True
3,119,50,997,N,True
3,331,50,997,N,True
3,236,1,997,N,True
3,119,1,997,N,True
3,73,1,997,N,True
3,88,1,997,N,True
3,119,150,997,N,True
3,285,146,997,N,True
3,148,146,997,N,True
3,119,146,997,N,True
3,119,reel12__7,997,N,True
3,119,reel20__7,997,N,True
3,119,reel40__6,997,N,True
3,119,bot46__6,997,N,True
3,69,bot0__7,997,N,True
3,69,bot19__9,997,N,True
3,39,bot19__9,997,N,True
3,69,reel47__5,997,N,True
3,285,196,997,N,True
3,285,reel14__2,997,N,True
3,285,bot49__3,997,N,True
3,236,314,997,N,True
3,271,314,997,N,True
3,65,314,997,N,True
3,236,bot22__9,997,N,True
3,272,bot22__9,997,N,True
3,reel8__2,17,997,N,True
3,reel8__2,reel14__1,997,N,True
3,reel8__2,bot34__8,997,N,True
3,31,7,997,N,True
3,246,7,997,N,True
3,291,7,997,N,True
3,65,7,997,N,True
3,31,129,997,N,True
3,291,129,997,N,True
3,246,87,997,N,True
3,291,87,997,N,True
3,31,168,997,N,True
3,158,168,997,N,True
3,291,168,997,N,True
3,291,reel4__3,997,N,True
3,336,reel4__3,997,N,True
3,291,reel9__6,997,N,True
3,291,reel10__7,997,N,True
3,26,reel10__7,997,N,True
3,206,bot27__6,997,N,True
3,291,bot27__6,997,N,True
3,188,bot1__1,997,N,True
3,188,bot17__5,997,N,True
3,188,reel41__2,997,N,True
3,188,bot49__8,997,N,True
3,272,reel11__2,997,N,True
3,272,bot15__3,997,N,True
3,272,bot48__2,997,N,True
3,177,bot48__2,997,N,True
3,98,reel0__1,997,N,True
3,98,bot4__4,997,N,True
3,98,reel31__0,997,N,True
3,98,reel44__5,997,N,True
3,94,299,997,N,True
3,73,299,997,N,True
3,73,126,997,N,True
3,88,126,997,N,True
3,105,reel34__7,997,N,True
3,297,reel34__7,997,N,True
3,105,reel46__0,997,N,True
3,271,reel46__0,997,N,True
3,65,bot12__1,997,N,True
3,65,reel45__6,997,N,True
3,94,reel7__8,997,N,True
3,200,reel7__8,997,N,True
3,200,bot8__6,997,N,True
3,200,reel42__0,997,N,True
3,56,bot45__2,997,N,True
3,200,bot45__2,997,N,True
3,bot47__6,bot34__0,997,N,True
3,reel18__4,201,997,N,True
3,reel18__4,reel25__7,997,N,True
3,bot37__7,bot27__1,997,N,True
3,bot37__7,bot44__7,997,N,True
3,176,bot21__3,997,N,True
3,176,reel21__0,997,N,True
3,206,260,997,N,True
3,reel3__1,260,997,N,True
3,reel3__1,bot45__3,997,N,True
3,113,bot1__2,997,N,True
3,113,bot24__1,997,N,True
3,113,bot28__8,997,N,True
3,227,reel28__1,997,N,True
3,113,reel28__1,997,N,True
3,323,reel5__6,997,N,True
3,206,bot17__8,997,N,True
3,323,bot17__8,997,N,True
3,323,bot24__2,997,N,True
3,323,bot40__2,997,N,True
3,227,143,997,N,True
3,177,143,997,N,True
3,227,68,997,N,True
3,177,68,997,N,True
3,227,278,997,N,True
3,177,278,997,N,True
3,227,175,997,N,True
3,177,175,997,N,True
3,227,131,997,N,True
3,177,131,997,N,True
3,227,99,997,N,True
3,177,99,997,N,True
3,227,86,997,N,True
3,177,86,997,N,True
3,177,reel21__4,997,N,True
3,177,reel24__1,997,N,True
3,177,reel30__9,997,N,True
3,177,bot39__6,997,N,True
3,270,bot0__9,997,N,True
3,270,reel0__7,997,N,True
3,bot29__2,bot31__1,997,N,True
3,270,bot31__1,997,N,True
3,31,reel37__3,997,N,True
3,270,reel37__3,997,N,True
3,270,reel42__5,997,N,True
3,246,340,997,N,True
3,246,reel2__0,997,N,True
3,246,reel11__3,997,N,True
3,271,reel11__3,997,N,True
3,246,bot15__8,997,N,True
3,246,bot42__3,997,N,True
3,237,23,997,N,True
3,227,23,997,N,True
3,83,23,997,N,True
3,51,23,997,N,True
3,227,102,997,N,True
3,227,296,997,N,True
3,227,263,997,N,True
3,227,19,997,N,True
3,227,bot13__9,997,N,True
3,122,bot24__5,997,N,True
3,227,bot24__5,997,N,True
3,227,reel37__2,997,N,True
3,227,reel43__6,997,N,True
3,39,bot7__2,997,N,True
3,158,317,997,N,True
3,158,22,997,N,True
3,185,22,997,N,True
3,158,reel4__4,997,N,True
3,331,16,997,N,True
3,331,bot17__7,997,N,True
3,331,bot21__0,997,N,True
3,331,bot31__7,997,N,True
3,221,bot4__6,997,N,True
3,221,bot15__6,997,N,True
3,221,bot49__4,997,N,True
3,reel26__7,reel23__9,997,N,True
3,83,reel4__1,997,N,True
3,83,bot8__2,997,N,True
3,83,reel18__2,997,N,True
3,83,bot25__2,997,N,True
3,203,338,997,N,True
3,31,338,997,N,True
3,252,338,997,N,True
3,252,250,997,N,True
3,252,reel6__9,997,N,True
3,252,reel15__7,997,N,True
3,274,bot6__1,997,N,True
3,reel0__4,bot13__7,997,N,True
3,257,bot13__7,997,N,True
3,290,bot0__3,997,N,True
3,290,bot23__2,997,N,True
3,reel0__4,61,997,N,True
3,reel0__4,reel27__6,997,N,True
3,336,reel27__6,997,N,True
3,reel0__4,bot28__9,997,N,True
3,reel0__4,bot37__1,997,N,True
3,reel0__4,bot41__7,997,N,True
3,85,reel6__0,997,N,True
3,276,bot42__8,997,N,True
3,56,298,997,N,True
3,72,298,997,N,True
3,26,298,997,N,True
3,271,298,997,N,True
3,56,63,997,N,True
3,271,63,997,N,True
3,271,bot5__5,997,N,True
3,271,bot15__5,997,N,True
3,271,bot16__9,997,N,True
3,271,bot24__4,997,N,True
3,336,bot14__9,997,N,True
3,336,reel18__3,997,N,True
3,203,reel4__6,997,N,True
3,203,bot5__6,997,N,True
3,203,bot13__3,997,N,True
3,203,reel26__4,997,N,True
3,203,bot36__0,997,N,True
3,reel23__2,bot32__1,997,N,True
3,26,reel39__3,997,N,True
3,26,bot43__4,997,N,True
3,237,bot0__1,997,N,True
3,94,bot0__1,997,N,True
3,148,reel4__7,997,N,True
3,206,reel42__7,997,N,True
3,104,reel8__4,997,N,True
3,104,reel12__8,997,N,True
3,104,reel18__7,997,N,True
3,94,80,997,N,True
3,88,80,997,N,True
3,88,reel3__8,997,N,True
3,88,bot8__9,997,N,True
3,51,bot8__9,997,N,True
3,88,reel25__0,997,N,True
3,bot17__9,33,997,N,True
3,bot17__9,bot7__3,997,N,True
3,94,330,997,N,True
3,94,302,997,N,True
3,94,254,997,N,True
3,94,180,997,N,True
3,94,101,997,N,True
3,94,249,997,N,True
3,94,266,997,N,True
3,94,194,997,N,True
3,94,reel2__1,997,N,True
3,94,reel6__3,997,N,True
3,94,bot8__7,997,N,True
3,94,bot8__8,997,N,True
3,94,bot22__8,997,N,True
3,94,bot47__5,997,N,True
3,31,reel15__6,997,N,True
3,31,reel23__4,997,N,True
3,56,bot14__1,997,N,True
3,56,bot46__2,997,N,True
3,reel10__3,reel4__8,997,N,True
3,reel10__3,241,997,N,True
3,reel47__6,reel24__6,997,N,True
3,reel47__6,reel40__4,997,N,True
3,51,bot26__0,997,N,True
3,122,reel6__6,997,N,True
3,122,reel10__1,997,N,True
3,122,reel20__2,997,N,True
3,122,reel29__9,997,N,True
3,bot29__2,reel23__7,997,N,True
3,reel30__8,256,998,N,True
3,233,256,998,N,True
3,bot14__1,256,998,N,True
3,291,bot27__6,998,N,True
3,bot14__1,bot27__6,998,N,True
3,bot14__1,bot34__0,998,N,True
3,277,22,998,N,True
3,324,22,998,N,True
3,185,22,998,N,True
3,339,22,998,N,True
3,bot0__5,22,998,N,True
3,bot0__5,bot25__4,998,N,True
3,bot0__5,bot32__2,998,N,True
3,reel3__7,bot6__4,998,N,True
3,277,bot6__4,998,N,True
3,reel3__7,reel36__2,998,N,True
3,303,reel36__2,998,N,True
3,reel3__7,reel45__7,998,N,True
3,200,45,998,N,True
3,345,45,998,N,True
3,142,45,998,N,True
3,322,45,998,N,True
3,132,45,998,N,True
3,67,45,998,N,True
3,303,45,998,N,True
3,186,45,998,N,True
3,122,45,998,N,True
3,322,221,998,N,True
3,56,221,998,N,True
3,303,221,998,N,True
3,186,221,998,N,True
3,25,221,998,N,True
3,285,221,998,N,True
3,186,bot0__4,998,N,True
3,54,reel7__1,998,N,True
3,186,reel7__1,998,N,True
3,186,reel13__5,998,N,True
3,315,246,998,N,True
3,304,246,998,N,True
3,322,246,998,N,True
3,339,246,998,N,True
3,223,246,998,N,True
3,25,246,998,N,True
3,285,246,998,N,True
3,285,117,998,N,True
3,280,117,998,N,True
3,285,bot3__3,998,N,True
3,285,reel14__2,998,N,True
3,285,bot49__3,998,N,True
3,69,reel4__9,998,N,True
3,9,reel4__9,998,N,True
3,69,bot19__9,998,N,True
3,39,bot19__9,998,N,True
3,69,reel19__3,998,N,True
3,56,reel19__3,998,N,True
3,26,reel19__3,998,N,True
3,69,reel47__5,998,N,True
3,141,reel47__5,998,N,True
3,9,258,998,N,True
3,40,258,998,N,True
3,323,258,998,N,True
3,141,258,998,N,True
3,85,258,998,N,True
3,291,258,998,N,True
3,188,258,998,N,True
3,272,258,998,N,True
3,315,7,998,N,True
3,103,7,998,N,True
3,304,7,998,N,True
3,322,7,998,N,True
3,339,7,998,N,True
3,31,7,998,N,True
3,291,7,998,N,True
3,65,7,998,N,True
3,31,129,998,N,True
3,291,129,998,N,True
3,339,129,998,N,True
3,315,87,998,N,True
3,322,87,998,N,True
3,5,87,998,N,True
3,339,87,998,N,True
3,291,87,998,N,True
3,304,168,998,N,True
3,277,168,998,N,True
3,339,168,998,N,True
3,31,168,998,N,True
3,reel30__8,168,998,N,True
3,291,168,998,N,True
3,56,bot0__2,998,N,True
3,291,bot0__2,998,N,True
3,291,reel3__1,998,N,True
3,291,reel4__3,998,N,True
3,291,reel9__6,998,N,True
3,280,reel9__6,998,N,True
3,339,reel9__6,998,N,True
3,291,reel10__7,998,N,True
3,26,reel10__7,998,N,True
3,141,reel28__5,998,N,True
3,reel32__1,reel28__5,998,N,True
3,291,reel28__5,998,N,True
3,66,reel16__1,998,N,True
3,66,reel42__7,998,N,True
3,66,bot46__1,998,N,True
3,9,3,998,N,True
3,26,3,998,N,True
3,170,3,998,N,True
3,200,3,998,N,True
3,122,3,998,N,True
3,142,3,998,N,True
3,67,3,998,N,True
3,280,3,998,N,True
3,323,3,998,N,True
3,72,3,998,N,True
3,25,3,998,N,True
3,85,3,998,N,True
3,188,3,998,N,True
3,9,156,998,N,True
3,122,156,998,N,True
3,5,156,998,N,True
3,67,156,998,N,True
3,85,156,998,N,True
3,188,156,998,N,True
3,272,156,998,N,True
3,9,75,998,N,True
3,304,75,998,N,True
3,170,75,998,N,True
3,200,75,998,N,True
3,322,75,998,N,True
3,67,75,998,N,True
3,323,75,998,N,True
3,56,75,998,N,True
3,85,75,998,N,True
3,188,75,998,N,True
3,272,75,998,N,True
3,188,bot1__1,998,N,True
3,121,reel40__8,998,N,True
3,188,reel40__8,998,N,True
3,188,reel41__2,998,N,True
3,188,bot49__8,998,N,True
3,315,288,998,N,True
3,199,288,998,N,True
3,25,288,998,N,True
3,315,80,998,N,True
3,88,80,998,N,True
3,315,249,998,N,True
3,304,249,998,N,True
3,163,249,998,N,True
3,315,94,998,N,True
3,25,94,998,N,True
3,315,302,998,N,True
3,315,53,998,N,True
3,130,53,998,N,True
3,54,53,998,N,True
3,322,53,998,N,True
3,88,53,998,N,True
3,1,53,998,N,True
3,146,53,998,N,True
3,248,53,998,N,True
3,315,bot2__8,998,N,True
3,315,bot16__0,998,N,True
3,bot6__8,bot16__0,998,N,True
3,reel31__4,reel23__1,998,N,True
3,315,reel23__1,998,N,True
3,30,reel23__1,998,N,True
3,315,reel35__1,998,N,True
3,65,reel35__1,998,N,True
3,106,reel0__9,998,N,True
3,106,reel2__1,998,N,True
3,106,bot7__1,998,N,True
3,106,bot7__6,998,N,True
3,106,bot8__0,998,N,True
3,280,bot8__0,998,N,True
3,106,bot25__0,998,N,True
3,109,reel37__9,998,N,True
3,106,reel37__9,998,N,True
3,118,reel37__9,998,N,True
3,338,bot5__0,998,N,True
3,bot6__8,bot5__0,998,N,True
3,338,bot18__1,998,N,True
3,118,bot18__1,998,N,True
3,338,bot31__8,998,N,True
3,324,301,998,N,True
3,324,340,998,N,True
3,339,340,998,N,True
3,189,reel0__3,998,N,True
3,324,reel0__3,998,N,True
3,324,bot4__7,998,N,True
3,324,bot5__8,998,N,True
3,324,reel13__3,998,N,True
3,54,reel20__6,998,N,True
3,324,reel20__6,998,N,True
3,reel4__5,bot23__9,998,N,True
3,324,bot23__9,998,N,True
3,324,bot33__2,998,N,True
3,21,184,998,N,True
3,329,184,998,N,True
3,272,184,998,N,True
3,21,197,998,N,True
3,329,197,998,N,True
3,272,197,998,N,True
3,277,204,998,N,True
3,130,204,998,N,True
3,5,204,998,N,True
3,329,204,998,N,True
3,329,202,998,N,True
3,329,320,998,N,True
3,272,320,998,N,True
3,122,284,998,N,True
3,329,284,998,N,True
3,21,284,998,N,True
3,329,bot4__0,998,N,True
3,203,bot5__6,998,N,True
3,29,bot5__6,998,N,True
3,329,bot5__6,998,N,True
3,248,reel11__5,998,N,True
3,329,reel11__5,998,N,True
3,329,bot24__2,998,N,True
3,323,bot24__2,998,N,True
3,reel27__8,86,998,N,True
3,225,86,998,N,True
3,reel27__8,bot38__0,998,N,True
3,40,77,998,N,True
3,132,317,998,N,True
3,146,317,998,N,True
3,40,317,998,N,True
3,40,reel5__6,998,N,True
3,323,reel5__6,998,N,True
3,133,183,998,N,True
3,133,bot0__1,998,N,True
3,133,reel10__9,998,N,True
3,reel33__7,bot37__0,998,N,True
3,reel30__8,reel38__5,998,N,True
3,reel33__7,reel38__5,998,N,True
3,31,83,998,N,True
3,25,83,998,N,True
3,84,83,998,N,True
3,reel5__1,76,998,N,True
3,25,76,998,N,True
3,88,336,998,N,True
3,25,336,998,N,True
3,31,51,998,N,True
3,25,51,998,N,True
3,84,51,998,N,True
3,31,237,998,N,True
3,25,237,998,N,True
3,84,237,998,N,True
3,203,270,998,N,True
3,reel8__5,270,998,N,True
3,25,270,998,N,True
3,224,reel26__7,998,N,True
3,25,reel26__7,998,N,True
3,125,reel18__6,998,N,True
3,bot41__8,bot4__1,998,N,True
3,222,bot1__8,998,N,True
3,199,bot1__8,998,N,True
3,222,reel10__0,998,N,True
3,bot32__6,bot10__4,998,N,True
3,225,bot10__4,998,N,True
3,bot32__6,bot24__0,998,N,True
3,118,bot24__0,998,N,True
3,reel36__1,115,998,N,True
3,122,344,998,N,True
3,67,344,998,N,True
3,185,344,998,N,True
3,212,344,998,N,True
3,reel15__7,219,998,N,True
3,290,bot23__2,998,N,True
3,223,bot6__6,998,N,True
3,146,bot6__6,998,N,True
3,146,reel22__3,998,N,True
3,146,reel27__2,998,N,True
3,134,bot11__1,998,N,True
3,134,reel11__9,998,N,True
3,217,reel11__9,998,N,True
3,134,bot37__4,998,N,True
3,134,bot49__5,998,N,True
3,bot39__1,bot7__5,998,N,True
3,189,bot7__5,998,N,True
3,bot39__1,126,998,N,True
3,322,126,998,N,True
3,1,126,998,N,True
3,88,126,998,N,True
3,bot39__1,bot45__9,998,N,True
3,85,reel6__0,998,N,True
3,85,reel15__4,998,N,True
3,reel34__6,reel19__2,998,N,True
3,203,reel4__6,998,N,True
3,203,bot13__3,998,N,True
3,203,reel26__4,998,N,True
3,203,bot36__0,998,N,True
3,reel12__7,57,998,N,True
3,277,57,998,N,True
3,277,175,998,N,True
3,225,175,998,N,True
3,277,120,998,N,True
3,21,159,998,N,True
3,277,159,998,N,True
3,172,159,998,N,True
3,345,159,998,N,True
3,272,159,998,N,True
3,248,311,998,N,True
3,132,311,998,N,True
3,277,311,998,N,True
3,265,311,998,N,True
3,277,reel3__5,998,N,True
3,277,bot8__5,998,N,True
3,277,reel9__2,998,N,True
3,277,reel19__0,998,N,True
3,277,bot27__4,998,N,True
3,277,reel34__8,998,N,True
3,277,reel48__0,998,N,True
3,148,reel4__7,998,N,True
3,31,bot12__0,998,N,True
3,84,bot12__0,998,N,True
3,31,reel23__4,998,N,True
3,31,reel37__3,998,N,True
3,31,bot49__9,998,N,True
3,224,bot4__6,998,N,True
3,224,bot8__4,998,N,True
3,10,bot8__4,998,N,True
3,224,bot9__9,998,N,True
3,bot6__8,bot9__9,998,N,True
3,212,bot9__9,998,N,True
3,224,bot12__5,998,N,True
3,224,reel14__6,998,N,True
3,224,bot35__0,998,N,True
3,55,bot35__0,998,N,True
3,121,206,998,N,True
3,121,reel0__0,998,N,True
3,170,reel0__0,998,N,True
3,121,bot5__9,998,N,True
3,121,bot17__3,998,N,True
3,238,bot21__5,998,N,True
3,238,reel22__7,998,N,True
3,238,reel25__8,998,N,True
3,238,reel32__3,998,N,True
3,238,reel34__5,998,N,True
3,reel20__7,reel19__7,998,N,True
3,50,reel19__7,998,N,True
3,reel20__7,reel43__6,998,N,True
3,130,300,998,N,True
3,130,346,998,N,True
3,1,346,998,N,True
3,272,346,998,N,True
3,342,bot2__4,998,N,True
3,345,bot2__4,998,N,True
3,130,bot2__4,998,N,True
3,130,reel6__1,998,N,True
3,50,reel6__1,998,N,True
3,130,bot15__4,998,N,True
3,130,reel19__6,998,N,True
3,130,reel28__7,998,N,True
3,280,reel28__7,998,N,True
3,109,295,998,N,True
3,9,295,998,N,True
3,26,295,998,N,True
3,212,295,998,N,True
3,9,reel1__8,998,N,True
3,9,bot3__1,998,N,True
3,9,bot24__8,998,N,True
3,141,38,998,N,True
3,322,38,998,N,True
3,248,38,998,N,True
3,339,38,998,N,True
3,322,260,998,N,True
3,170,260,998,N,True
3,339,260,998,N,True
3,304,347,998,N,True
3,339,347,998,N,True
3,339,reel1__5,998,N,True
3,339,reel25__2,998,N,True
3,339,reel29__4,998,N,True
3,339,reel35__4,998,N,True
3,223,reel20__4,998,N,True
3,reel7__2,33,998,N,True
3,reel7__2,reel9__7,998,N,True
3,reel7__2,bot43__8,998,N,True
3,bot22__9,108,998,N,True
3,21,108,998,N,True
3,272,108,998,N,True
3,reel16__2,108,998,N,True
3,122,281,998,N,True
3,21,281,998,N,True
3,272,281,998,N,True
3,21,127,998,N,True
3,272,127,998,N,True
3,272,reel11__2,998,N,True
3,54,bot15__3,998,N,True
3,272,bot15__3,998,N,True
3,272,bot16__6,998,N,True
3,272,bot33__7,998,N,True
3,reel8__5,bot48__2,998,N,True
3,272,bot48__2,998,N,True
3,65,bot5__1,998,N,True
3,150,reel7__6,998,N,True
3,65,reel7__6,998,N,True
3,105,reel21__1,998,N,True
3,172,reel21__1,998,N,True
3,105,reel34__7,998,N,True
3,297,reel34__7,998,N,True
3,105,reel35__5,998,N,True
3,105,reel38__6,998,N,True
3,182,bot39__9,998,N,True
3,105,bot39__9,998,N,True
3,50,reel25__3,998,N,True
3,55,reel25__3,998,N,True
3,50,reel31__0,998,N,True
3,250,reel31__0,998,N,True
3,50,bot38__7,998,N,True
3,50,reel44__8,998,N,True
3,265,reel44__8,998,N,True
3,96,190,998,N,True
3,248,bot45__8,998,N,True
3,96,bot45__8,998,N,True
3,bot15__5,bot18__7,998,N,True
3,bot15__5,bot36__1,998,N,True
3,176,bot0__8,998,N,True
3,bot14__7,bot0__8,998,N,True
3,176,bot21__3,998,N,True
3,176,reel21__0,998,N,True
3,59,reel21__0,998,N,True
3,269,58,998,N,True
3,269,81,998,N,True
3,269,bot48__7,998,N,True
3,reel40__6,reel35__6,998,N,True
3,reel40__6,reel42__1,998,N,True
3,322,242,998,N,True
3,132,242,998,N,True
3,88,242,998,N,True
3,100,reel1__9,998,N,True
3,132,reel1__9,998,N,True
3,55,reel1__9,998,N,True
3,132,reel14__9,998,N,True
3,1,92,998,N,True
3,1,194,998,N,True
3,1,299,998,N,True
3,1,bot4__9,998,N,True
3,1,bot6__1,998,N,True
3,reel26__1,reel11__1,998,N,True
3,79,reel11__1,998,N,True
3,1,reel11__1,998,N,True
3,bot4__3,124,998,N,True
3,170,124,998,N,True
3,bot4__3,bot2__3,998,N,True
3,265,bot48__5,998,N,True
3,reel8__5,bot10__0,998,N,True
3,reel8__5,bot38__4,998,N,True
3,bot10__5,234,998,N,True
3,109,reel25__7,998,N,True
3,182,97,998,N,True
3,182,bot37__9,998,N,True
3,182,reel37__0,998,N,True
3,182,reel41__1,998,N,True
3,182,reel44__3,998,N,True
3,122,reel44__3,998,N,True
3,142,reel21__2,998,N,True
3,84,bot5__3,998,N,True
3,84,reel19__1,998,N,True
3,200,bot20__7,998,N,True
3,84,bot20__7,998,N,True
3,84,reel29__7,998,N,True
3,225,227,998,N,True
3,225,68,998,N,True
3,225,177,998,N,True
3,225,143,998,N,True
3,225,99,998,N,True
3,225,reel31__6,998,N,True
3,225,bot35__4,998,N,True
3,268,bot19__7,998,N,True
3,bot18__8,333,998,N,True
3,bot18__8,20,998,N,True
3,reel4__5,42,998,N,True
3,reel4__5,bot7__8,998,N,True
3,reel42__3,bot43__9,998,N,True
3,reel16__2,reel17__4,998,N,True
3,345,reel9__0,998,N,True
3,345,reel9__3,998,N,True
3,56,207,998,N,True
3,322,207,998,N,True
3,322,bot2__7,998,N,True
3,217,bot2__7,998,N,True
3,322,bot6__9,998,N,True
3,322,bot13__9,998,N,True
3,322,bot40__4,998,N,True
3,250,bot40__4,998,N,True
3,67,bot23__6,998,N,True
3,88,bot23__6,998,N,True
3,88,reel25__0,998,N,True
3,bot6__8,173,998,N,True
3,163,173,998,N,True
3,163,reel23__8,998,N,True
3,163,reel32__2,998,N,True
3,217,reel41__6,998,N,True
3,163,reel41__6,998,N,True
3,reel31__4,reel10__1,998,N,True
3,122,reel10__1,998,N,True
3,reel46__0,reel29__3,998,N,True
3,bot15__2,bot7__4,998,N,True
3,bot15__2,bot9__6,998,N,True
3,bot15__2,bot28__4,998,N,True
3,reel26__1,reel14__8,998,N,True
3,reel26__1,reel23__7,998,N,True
3,reel26__1,reel47__3,998,N,True
3,103,bot2__6,998,N,True
3,103,bot43__0,998,N,True
3,103,bot47__6,998,N,True
3,170,bot1__3,998,N,True
3,170,reel3__6,998,N,True
3,170,reel8__7,998,N,True
3,170,bot11__3,998,N,True
3,170,bot14__9,998,N,True
3,170,bot22__4,998,N,True
3,212,bot22__6,998,N,True
3,212,bot48__1,998,N,True
3,59,bot9__1,998,N,True
3,59,bot20__8,998,N,True
3,59,bot30__5,998,N,True
3,113,reel28__1,998,N,True
3,10,reel28__1,998,N,True
3,248,reel41__8,998,N,True
3,200,reel7__8,998,N,True
3,200,bot8__6,998,N,True
3,56,bot45__2,998,N,True
3,200,bot45__2,998,N,True
3,16,reel11__4,998,N,True
3,16,reel42__9,998,N,True
3,100,bot1__2,998,N,True
3,113,bot1__2,998,N,True
3,113,bot24__1,998,N,True
3,113,bot28__8,998,N,True
3,113,bot33__1,998,N,True
3,67,reel11__7,998,N,True
3,67,bot12__8,998,N,True
3,314,bot12__8,998,N,True
3,79,reel12__1,998,N,True
3,67,reel12__1,998,N,True
3,67,reel13__7,998,N,True
3,67,bot17__7,998,N,True
3,331,bot17__7,998,N,True
3,67,bot30__7,998,N,True
3,67,reel31__9,998,N,True
3,211,reel21__7,998,N,True
3,211,reel23__3,998,N,True
3,bot30__8,reel23__3,998,N,True
3,bot14__7,24,998,N,True
3,199,reel35__7,998,N,True
3,reel24__7,reel27__4,998,N,True
3,55,bot5__2,998,N,True
3,reel6__2,reel1__2,998,N,True
3,276,reel1__2,998,N,True
3,72,reel1__2,998,N,True
3,reel6__2,bot34__1,998,N,True
3,79,reel26__6,998,N,True
3,79,reel27__0,998,N,True
3,189,reel1__4,998,N,True
3,250,reel1__4,998,N,True
3,189,reel2__2,998,N,True
3,189,reel5__3,998,N,True
3,304,reel12__6,998,N,True
3,bot30__8,reel12__6,998,N,True
3,reel48__1,reel21__8,998,N,True
3,reel48__1,reel18__1,998,N,True
3,280,reel18__1,998,N,True
3,56,bot46__2,998,N,True
3,303,reel5__2,998,N,True
3,208,bot2__2,998,N,True
3,208,reel27__7,998,N,True
3,208,reel29__0,998,N,True
3,reel12__7,reel16__5,998,N,True
3,122,235,998,N,True
3,5,235,998,N,True
3,21,235,998,N,True
3,21,bot9__3,998,N,True
3,172,reel1__6,998,N,True
3,172,reel18__7,998,N,True
3,128,reel11__8,998,N,True
3,128,reel19__4,998,N,True
3,128,bot39__8,998,N,True
3,reel30__8,147,998,N,True
3,100,bot3__6,998,N,True
3,100,reel12__4,998,N,True
3,118,reel12__4,998,N,True
3,100,reel13__2,998,N,True
3,29,247,998,N,True
3,29,bot11__2,998,N,True
3,29,bot47__9,998,N,True
3,5,187,998,N,True
3,5,316,998,N,True
3,5,bot33__0,998,N,True
3,323,bot17__8,998,N,True
3,323,bot40__2,998,N,True
3,331,bot31__7,998,N,True
3,331,reel38__1,998,N,True
3,54,reel48__3,998,N,True
3,233,bot1__6,998,N,True
3,233,bot10__9,998,N,True
3,118,reel3__3,998,N,True
3,118,reel9__9,998,N,True
3,118,reel30__3,998,N,True
3,118,bot39__3,998,N,True
3,118,reel41__9,998,N,True
3,276,bot42__8,998,N,True
3,314,reel6__3,998,N,True
3,314,bot33__6,998,N,True
3,314,reel33__1,998,N,True
3,26,reel39__3,998,N,True
3,26,bot43__4,998,N,True
3,342,bot20__0,998,N,True
3,342,reel48__2,998,N,True
3,313,reel9__4,998,N,True
3,313,bot40__5,998,N,True
3,313,bot46__4,998,N,True
3,141,bot3__2,998,N,True
3,141,bot5__4,998,N,True
3,141,reel48__7,998,N,True
3,72,bot46__9,998,N,True
3,reel4__0,201,998,N,True
3,reel4__0,reel6__5,998,N,True
3,122,reel6__6,998,N,True
3,122,reel13__0,998,N,True
3,122,reel19__5,998,N,True
3,122,reel20__2,998,N,True
3,122,bot24__5,998,N,True
3,250,reel0__2,998,N,True
3,250,reel11__0,998,N,True
3,250,reel40__2,998,N,True
3,bot6__8,bot28__9,998,N,True
3,bot6__8,bot31__9,998,N,True
3,reel26__1,reel14__8,999,N,True
3,reel26__1,reel11__1,999,N,True
3,reel26__1,reel36__3,999,N,True
3,bot15__0,bot37__9,999,N,True
3,bot15__0,bot47__1,999,N,True
3,324,136,999,N,True
3,7,136,999,N,True
3,339,136,999,N,True
3,0,136,999,N,True
3,285,136,999,N,True
3,339,22,999,N,True
3,0,22,999,N,True
3,324,22,999,N,True
3,7,22,999,N,True
3,339,340,999,N,True
3,0,340,999,N,True
3,324,340,999,N,True
3,7,340,999,N,True
3,339,38,999,N,True
3,0,38,999,N,True
3,7,38,999,N,True
3,339,168,999,N,True
3,0,168,999,N,True
3,7,168,999,N,True
3,203,308,999,N,True
3,329,308,999,N,True
3,7,308,999,N,True
3,0,308,999,N,True
3,bot8__2,308,999,N,True
3,203,322,999,N,True
3,329,322,999,N,True
3,7,322,999,N,True
3,128,322,999,N,True
3,339,322,999,N,True
3,0,322,999,N,True
3,25,322,999,N,True
3,285,322,999,N,True
3,297,322,999,N,True
3,7,103,999,N,True
3,339,103,999,N,True
3,0,103,999,N,True
3,25,103,999,N,True
3,285,103,999,N,True
3,339,31,999,N,True
3,0,31,999,N,True
3,25,31,999,N,True
3,7,31,999,N,True
3,339,347,999,N,True
3,0,347,999,N,True
3,7,347,999,N,True
3,203,315,999,N,True
3,329,315,999,N,True
3,324,315,999,N,True
3,7,315,999,N,True
3,128,315,999,N,True
3,132,315,999,N,True
3,313,315,999,N,True
3,339,315,999,N,True
3,0,315,999,N,True
3,reel35__1,315,999,N,True
3,285,315,999,N,True
3,7,bot15__7,999,N,True
3,7,reel17__5,999,N,True
3,7,bot33__5,999,N,True
3,0,176,999,N,True
3,128,176,999,N,True
3,119,176,999,N,True
3,25,176,999,N,True
3,203,265,999,N,True
3,128,265,999,N,True
3,13,265,999,N,True
3,313,265,999,N,True
3,0,265,999,N,True
3,203,122,999,N,True
3,55,122,999,N,True
3,128,122,999,N,True
3,0,122,999,N,True
3,119,122,999,N,True
3,25,122,999,N,True
3,285,122,999,N,True
3,297,122,999,N,True
3,124,170,999,N,True
3,203,170,999,N,True
3,55,170,999,N,True
3,128,170,999,N,True
3,313,170,999,N,True
3,0,170,999,N,True
3,119,170,999,N,True
3,25,170,999,N,True
3,285,170,999,N,True
3,203,211,999,N,True
3,128,211,999,N,True
3,13,211,999,N,True
3,313,211,999,N,True
3,0,211,999,N,True
3,285,211,999,N,True
3,203,98,999,N,True
3,128,98,999,N,True
3,13,98,999,N,True
3,313,98,999,N,True
3,0,98,999,N,True
3,119,98,999,N,True
3,25,98,999,N,True
3,285,98,999,N,True
3,203,186,999,N,True
3,55,186,999,N,True
3,128,186,999,N,True
3,0,186,999,N,True
3,25,186,999,N,True
3,285,186,999,N,True
3,203,67,999,N,True
3,324,67,999,N,True
3,55,67,999,N,True
3,128,67,999,N,True
3,13,67,999,N,True
3,313,67,999,N,True
3,0,67,999,N,True
3,119,67,999,N,True
3,25,67,999,N,True
3,285,67,999,N,True
3,297,67,999,N,True
3,0,248,999,N,True
3,128,248,999,N,True
3,119,248,999,N,True
3,0,169,999,N,True
3,128,169,999,N,True
3,25,169,999,N,True
3,203,334,999,N,True
3,128,334,999,N,True
3,132,334,999,N,True
3,339,334,999,N,True
3,0,334,999,N,True
3,reel23__9,334,999,N,True
3,203,172,999,N,True
3,329,172,999,N,True
3,128,172,999,N,True
3,13,172,999,N,True
3,313,172,999,N,True
3,0,172,999,N,True
3,128,reel19__4,999,N,True
3,0,137,999,N,True
3,326,137,999,N,True
3,115,137,999,N,True
3,41,137,999,N,True
3,144,140,999,N,True
3,326,140,999,N,True
3,115,140,999,N,True
3,0,140,999,N,True
3,116,140,999,N,True
3,41,140,999,N,True
3,326,214,999,N,True
3,115,214,999,N,True
3,0,214,999,N,True
3,116,214,999,N,True
3,41,214,999,N,True
3,343,214,999,N,True
3,0,192,999,N,True
3,115,192,999,N,True
3,144,17,999,N,True
3,326,17,999,N,True
3,115,17,999,N,True
3,0,17,999,N,True
3,116,17,999,N,True
3,41,17,999,N,True
3,115,reel1__2,999,N,True
3,115,bot10__6,999,N,True
3,115,reel13__9,999,N,True
3,203,332,999,N,True
3,324,332,999,N,True
3,329,332,999,N,True
3,13,332,999,N,True
3,0,332,999,N,True
3,119,332,999,N,True
3,25,332,999,N,True
3,285,332,999,N,True
3,13,188,999,N,True
3,0,188,999,N,True
3,119,188,999,N,True
3,25,188,999,N,True
3,285,188,999,N,True
3,297,188,999,N,True
3,203,325,999,N,True
3,13,325,999,N,True
3,313,325,999,N,True
3,0,325,999,N,True
3,119,325,999,N,True
3,25,325,999,N,True
3,203,342,999,N,True
3,13,342,999,N,True
3,313,342,999,N,True
3,0,342,999,N,True
3,119,342,999,N,True
3,285,342,999,N,True
3,0,236,999,N,True
3,13,236,999,N,True
3,25,236,999,N,True
3,297,236,999,N,True
3,13,148,999,N,True
3,339,148,999,N,True
3,0,148,999,N,True
3,119,148,999,N,True
3,25,148,999,N,True
3,0,59,999,N,True
3,13,59,999,N,True
3,203,59,999,N,True
3,13,reel2__5,999,N,True
3,13,bot17__6,999,N,True
3,13,bot29__1,999,N,True
3,13,reel46__5,999,N,True
3,0,161,999,N,True
3,203,161,999,N,True
3,339,161,999,N,True
3,0,158,999,N,True
3,132,158,999,N,True
3,25,158,999,N,True
3,339,158,999,N,True
3,313,146,999,N,True
3,339,146,999,N,True
3,0,146,999,N,True
3,119,146,999,N,True
3,285,146,999,N,True
3,0,152,999,N,True
3,339,152,999,N,True
3,0,260,999,N,True
3,339,260,999,N,True
3,339,reel9__6,999,N,True
3,339,bot15__5,999,N,True
3,339,reel18__8,999,N,True
3,339,reel25__2,999,N,True
3,339,reel29__4,999,N,True
3,339,reel35__4,999,N,True
3,0,83,999,N,True
3,bot8__2,83,999,N,True
3,25,83,999,N,True
3,0,323,999,N,True
3,119,323,999,N,True
3,25,323,999,N,True
3,285,323,999,N,True
3,297,323,999,N,True
3,0,48,999,N,True
3,119,48,999,N,True
3,203,48,999,N,True
3,0,54,999,N,True
3,119,54,999,N,True
3,329,54,999,N,True
3,313,54,999,N,True
3,0,39,999,N,True
3,313,39,999,N,True
3,119,39,999,N,True
3,25,39,999,N,True
3,0,318,999,N,True
3,119,318,999,N,True
3,55,185,999,N,True
3,0,185,999,N,True
3,119,185,999,N,True
3,25,185,999,N,True
3,285,185,999,N,True
3,297,185,999,N,True
3,203,113,999,N,True
3,132,113,999,N,True
3,313,113,999,N,True
3,0,113,999,N,True
3,119,113,999,N,True
3,25,113,999,N,True
3,285,113,999,N,True
3,285,208,999,N,True
3,0,208,999,N,True
3,119,208,999,N,True
3,329,280,999,N,True
3,0,280,999,N,True
3,119,280,999,N,True
3,25,280,999,N,True
3,297,280,999,N,True
3,0,50,999,N,True
3,119,50,999,N,True
3,203,50,999,N,True
3,0,1,999,N,True
3,119,1,999,N,True
3,0,27,999,N,True
3,324,27,999,N,True
3,119,27,999,N,True
3,329,27,999,N,True
3,0,229,999,N,True
3,119,229,999,N,True
3,203,200,999,N,True
3,324,200,999,N,True
3,55,200,999,N,True
3,0,200,999,N,True
3,119,200,999,N,True
3,25,200,999,N,True
3,285,200,999,N,True
3,297,200,999,N,True
3,119,reel23__6,999,N,True
3,2,bot29__6,999,N,True
3,2,bot43__4,999,N,True
3,343,111,999,N,True
3,326,111,999,N,True
3,0,111,999,N,True
3,41,111,999,N,True
3,343,162,999,N,True
3,326,162,999,N,True
3,0,162,999,N,True
3,116,162,999,N,True
3,343,bot12__5,999,N,True
3,343,reel14__2,999,N,True
3,285,reel14__2,999,N,True
3,116,reel14__2,999,N,True
3,343,bot25__2,999,N,True
3,285,232,999,N,True
3,0,232,999,N,True
3,25,232,999,N,True
3,285,345,999,N,True
3,0,345,999,N,True
3,285,142,999,N,True
3,0,142,999,N,True
3,297,142,999,N,True
3,203,142,999,N,True
3,285,221,999,N,True
3,0,221,999,N,True
3,25,221,999,N,True
3,285,117,999,N,True
3,0,117,999,N,True
3,285,303,999,N,True
3,0,303,999,N,True
3,132,303,999,N,True
3,285,196,999,N,True
3,0,196,999,N,True
3,285,10,999,N,True
3,0,10,999,N,True
3,285,bot49__3,999,N,True
3,81,reel10__8,999,N,True
3,reel23__9,reel10__8,999,N,True
3,217,bot2__7,999,N,True
3,217,reel9__8,999,N,True
3,217,reel11__9,999,N,True
3,217,reel28__0,999,N,True
3,329,reel28__0,999,N,True
3,217,reel38__2,999,N,True
3,217,reel41__6,999,N,True
3,0,75,999,N,True
3,bot2__9,75,999,N,True
3,259,201,999,N,True
3,0,201,999,N,True
3,91,201,999,N,True
3,259,193,999,N,True
3,0,193,999,N,True
3,91,193,999,N,True
3,259,bot7__1,999,N,True
3,0,107,999,N,True
3,171,107,999,N,True
3,0,58,999,N,True
3,171,58,999,N,True
3,171,reel17__8,999,N,True
3,110,reel17__8,999,N,True
3,171,reel23__4,999,N,True
3,171,reel36__6,999,N,True
3,326,bot2__3,999,N,True
3,326,bot4__1,999,N,True
3,326,reel10__5,999,N,True
3,326,bot20__9,999,N,True
3,326,reel25__6,999,N,True
3,326,reel28__2,999,N,True
3,326,reel45__8,999,N,True
3,0,184,999,N,True
3,329,184,999,N,True
3,0,197,999,N,True
3,329,197,999,N,True
3,0,30,999,N,True
3,329,30,999,N,True
3,0,202,999,N,True
3,329,202,999,N,True
3,0,284,999,N,True
3,329,284,999,N,True
3,329,reel11__5,999,N,True
3,329,bot24__2,999,N,True
3,0,224,999,N,True
3,324,224,999,N,True
3,25,224,999,N,True
3,324,reel0__3,999,N,True
3,324,bot4__7,999,N,True
3,324,reel5__4,999,N,True
3,324,bot10__3,999,N,True
3,324,reel13__3,999,N,True
3,324,reel20__6,999,N,True
3,324,bot23__9,999,N,True
3,324,bot33__2,999,N,True
3,bot49__1,bot43__3,999,N,True
3,bot49__1,reel1__0,999,N,True
3,0,134,999,N,True
3,132,134,999,N,True
3,203,134,999,N,True
3,0,45,999,N,True
3,132,45,999,N,True
3,0,311,999,N,True
3,132,311,999,N,True
3,132,reel14__9,999,N,True
3,0,24,999,N,True
3,0,346,999,N,True
3,0,276,999,N,True
3,25,276,999,N,True
3,0,84,999,N,True
3,313,84,999,N,True
3,25,84,999,N,True
3,0,3,999,N,True
3,25,3,999,N,True
3,0,175,999,N,True
3,0,46,999,N,True
3,0,254,999,N,True
3,0,127,999,N,True
3,0,23,999,N,True
3,144,23,999,N,True
3,124,23,999,N,True
3,116,23,999,N,True
3,0,73,999,N,True
3,25,73,999,N,True
3,0,299,999,N,True
3,0,288,999,N,True
3,25,288,999,N,True
3,0,344,999,N,True
3,0,36,999,N,True
3,0,274,999,N,True
3,0,108,999,N,True
3,0,275,999,N,True
3,0,273,999,N,True
3,0,71,999,N,True
3,bot5__1,71,999,N,True
3,0,341,999,N,True
3,203,341,999,N,True
3,reel38__9,341,999,N,True
3,0,141,999,N,True
3,25,141,999,N,True
3,0,78,999,N,True
3,0,300,999,N,True
3,0,94,999,N,True
3,25,94,999,N,True
3,0,80,999,N,True
3,0,49,999,N,True
3,0,123,999,N,True
3,55,123,999,N,True
3,0,32,999,N,True
3,0,222,999,N,True
3,313,222,999,N,True
3,0,266,999,N,True
3,0,278,999,N,True
3,0,237,999,N,True
3,25,237,999,N,True
3,0,309,999,N,True
3,0,330,999,N,True
3,0,251,999,N,True
3,0,69,999,N,True
3,25,69,999,N,True
3,0,257,999,N,True
3,25,257,999,N,True
3,0,156,999,N,True
3,0,174,999,N,True
3,0,293,999,N,True
3,0,33,999,N,True
3,0,281,999,N,True
3,bot36__2,281,999,N,True
3,0,279,999,N,True
3,0,51,999,N,True
3,25,51,999,N,True
3,0,218,999,N,True
3,0,328,999,N,True
3,0,101,999,N,True
3,0,99,999,N,True
3,0,296,999,N,True
3,0,173,999,N,True
3,0,121,999,N,True
3,0,306,999,N,True
3,0,180,999,N,True
3,0,167,999,N,True
3,0,96,999,N,True
3,0,143,999,N,True
3,0,61,999,N,True
3,0,89,999,N,True
3,0,337,999,N,True
3,41,337,999,N,True
3,0,225,999,N,True
3,0,295,999,N,True
3,0,321,999,N,True
3,0,131,999,N,True
3,0,298,999,N,True
3,0,234,999,N,True
3,0,97,999,N,True
3,0,90,999,N,True
3,0,216,999,N,True
3,0,151,999,N,True
3,144,151,999,N,True
3,41,151,999,N,True
3,0,157,999,N,True
3,124,157,999,N,True
3,0,4,999,N,True
3,0,95,999,N,True
3,0,120,999,N,True
3,0,247,999,N,True
3,0,244,999,N,True
3,0,319,999,N,True
3,0,155,999,N,True
3,0,191,999,N,True
3,0,147,999,N,True
3,0,206,999,N,True
3,0,138,999,N,True
3,0,240,999,N,True
3,0,77,999,N,True
3,0,182,999,N,True
3,0,336,999,N,True
3,25,336,999,N,True
3,0,316,999,N,True
3,0,47,999,N,True
3,0,183,999,N,True
3,bot12__1,183,999,N,True
3,0,52,999,N,True
3,0,34,999,N,True
3,0,35,999,N,True
3,0,reel3__5,999,N,True
3,110,reel3__5,999,N,True
3,reel38__9,reel3__5,999,N,True
3,0,reel20__8,999,N,True
3,0,reel25__7,999,N,True
3,41,reel3__0,999,N,True
3,41,bot17__1,999,N,True
3,91,bot26__6,999,N,True
3,91,bot45__6,999,N,True
3,bot5__1,bot36__5,999,N,True
3,144,bot11__5,999,N,True
3,144,reel14__7,999,N,True
3,144,reel31__2,999,N,True
3,144,reel44__0,999,N,True
3,64,bot0__3,999,N,True
3,64,bot2__0,999,N,True
3,64,reel16__2,999,N,True
3,64,bot39__1,999,N,True
3,64,bot41__8,999,N,True
3,55,bot5__2,999,N,True
3,55,reel25__3,999,N,True
3,55,bot35__0,999,N,True
3,55,bot41__2,999,N,True
3,reel35__0,reel10__7,999,N,True
3,reel35__1,reel30__5,999,N,True
3,110,reel0__1,999,N,True
3,110,bot3__6,999,N,True
3,110,bot7__7,999,N,True
3,110,reel7__7,999,N,True
3,110,reel8__4,999,N,True
3,110,bot12__3,999,N,True
3,110,reel32__5,999,N,True
3,bot36__2,reel7__3,999,N,True
3,reel23__9,reel44__9,999,N,True
3,124,bot4__3,999,N,True
3,124,reel18__4,999,N,True
3,124,bot42__9,999,N,True
3,203,reel4__6,999,N,True
3,203,reel26__4,999,N,True
3,203,bot36__0,999,N,True
3,bot19__4,reel5__3,999,N,True
3,bot19__4,bot11__6,999,N,True
3,313,bot0__6,999,N,True
3,313,reel9__4,999,N,True
3,313,bot46__4,999,N,True
3,bot12__1,bot45__4,999,N,True
3,bot12__1,bot46__8,999,N,True
3,116,reel4__8,999,N,True
3,116,reel17__4,999,N,True
4,170,290,980,N,False
4,67,290,980,N,False
4,280,290,980,N,False
4,323,290,980,N,False
4,185,290,980,N,False
4,56,290,980,N,False
4,25,290,980,N,False
4,271,290,980,N,False
4,56,342,980,N,False
4,271,342,980,N,False
4,67,342,980,N,False
4,170,342,980,N,False
4,271,268,980,N,False
4,170,268,980,N,False
4,170,reel0__0,980,N,False
4,170,bot11__3,980,N,False
4,170,bot14__9,980,N,False
4,170,bot22__4,980,N,False
4,236,121,980,N,False
4,280,121,980,N,False
4,39,121,980,N,False
4,236,257,980,N,False
4,25,257,980,N,False
4,280,257,980,N,False
4,39,257,980,N,False
4,142,169,980,N,False
4,67,169,980,N,False
4,280,169,980,N,False
4,185,169,980,N,False
4,56,169,980,N,False
4,25,169,980,N,False
4,236,169,980,N,False
4,271,169,980,N,False
4,280,reel18__1,980,N,False
4,280,reel27__1,980,N,False
4,280,reel28__7,980,N,False
4,reel7__8,bot24__0,980,N,False
4,142,303,980,N,False
4,67,303,980,N,False
4,45,303,980,N,False
4,56,303,980,N,False
4,236,303,980,N,False
4,236,88,980,N,False
4,56,88,980,N,False
4,25,88,980,N,False
4,236,314,980,N,False
4,271,314,980,N,False
4,236,318,980,N,False
4,271,318,980,N,False
4,234,bot17__1,980,N,False
4,234,bot36__7,980,N,False
4,bot8__6,bot3__3,980,N,False
4,56,172,980,N,False
4,72,172,980,N,False
4,271,172,980,N,False
4,232,172,980,N,False
4,232,reel2__7,980,N,False
4,142,345,980,N,False
4,67,345,980,N,False
4,45,345,980,N,False
4,56,265,980,N,False
4,67,265,980,N,False
4,271,265,980,N,False
4,56,66,980,N,False
4,142,66,980,N,False
4,67,66,980,N,False
4,56,261,980,N,False
4,67,261,980,N,False
4,271,261,980,N,False
4,55,261,980,N,False
4,31,308,980,N,False
4,142,308,980,N,False
4,67,308,980,N,False
4,323,308,980,N,False
4,79,reel12__1,980,N,False
4,67,reel12__1,980,N,False
4,67,bot17__7,980,N,False
4,67,reel31__9,980,N,False
4,67,reel46__3,980,N,False
4,323,100,980,N,False
4,323,258,980,N,False
4,323,reel5__6,980,N,False
4,31,83,980,N,False
4,25,83,980,N,False
4,25,130,980,N,False
4,25,336,980,N,False
4,25,283,980,N,False
4,25,73,980,N,False
4,25,246,980,N,False
4,39,bot7__2,980,N,False
4,39,bot19__9,980,N,False
4,55,reel1__9,980,N,False
4,55,reel12__7,980,N,False
4,185,22,980,N,False
4,79,reel3__9,980,N,False
4,79,reel4__0,980,N,False
4,79,reel11__1,980,N,False
4,271,reel6__2,980,N,False
4,271,bot15__5,980,N,False
4,45,bot6__1,980,N,False
4,31,7,980,N,False
4,31,bot49__9,980,N,False
4,56,60,980,N,False
4,56,bot0__2,980,N,False
4,56,reel19__3,980,N,False
4,72,bot46__9,980,N,False
4,reel3__3,bot47__6,982,N,False
4,reel6__1,reel29__9,982,N,False
4,reel7__1,bot29__6,982,N,False
4,2,bot29__6,982,N,False
4,343,bot12__5,982,N,False
4,343,reel14__2,982,N,False
4,reel28__6,reel14__2,982,N,False
4,320,bot21__6,982,N,False
4,bot19__2,bot16__1,982,N,False
4,reel8__4,reel36__6,982,N,False
4,182,reel41__1,982,N,False
4,reel23__6,reel41__1,982,N,False
4,reel8__4,reel41__1,982,N,False
4,reel11__1,reel26__1,982,N,False
4,reel11__1,reel27__0,982,N,False
4,reel11__1,bot38__8,982,N,False
4,192,205,982,N,False
4,192,52,982,N,False
4,reel23__9,reel10__8,982,N,False
4,192,reel10__8,982,N,False
4,reel17__7,reel10__8,982,N,False
4,reel0__5,reel5__0,982,N,False
4,20,reel5__0,982,N,False
4,20,bot18__8,982,N,False
4,reel41__8,reel42__6,982,N,False
4,20,reel42__6,982,N,False
4,bot48__0,bot32__0,982,N,False
4,bot15__3,bot29__0,982,N,False
4,bot3__0,255,982,N,False
4,reel9__3,255,982,N,False
4,bot3__0,bot49__0,982,N,False
4,bot17__5,bot41__3,982,N,False
4,reel6__0,reel39__2,982,N,False
4,reel6__0,reel44__2,982,N,False
4,bot17__1,234,982,N,False
4,64,189,982,N,False
4,217,189,982,N,False
4,reel5__3,189,982,N,False
4,reel5__3,bot6__0,982,N,False
4,bot8__9,bot9__5,982,N,False
4,reel23__4,bot26__9,982,N,False
4,bot8__9,bot26__9,982,N,False
4,bot8__9,bot30__3,982,N,False
4,reel20__1,bot30__3,982,N,False
4,reel23__4,bot28__9,982,N,False
4,reel0__4,bot28__9,982,N,False
4,reel4__8,112,982,N,False
4,bot10__8,112,982,N,False
4,bot21__3,bot24__7,982,N,False
4,182,reel44__3,982,N,False
4,reel42__8,reel44__3,982,N,False
4,bot15__8,bot10__9,982,N,False
4,bot3__8,bot10__9,982,N,False
4,206,bot11__1,982,N,False
4,bot23__2,bot17__8,982,N,False
4,206,bot17__8,982,N,False
4,4,328,982,N,False
4,reel25__1,328,982,N,False
4,reel25__1,reel22__6,982,N,False
4,reel15__6,reel3__2,982,N,False
4,bot8__1,bot33__3,982,N,False
4,bot32__2,reel21__6,982,N,False
4,bot34__2,reel21__6,982,N,False
4,reel0__5,reel21__6,982,N,False
4,reel0__5,bot31__1,982,N,False
4,reel0__5,bot39__4,982,N,False
4,23,267,982,N,False
4,bot3__1,267,982,N,False
4,187,reel6__6,982,N,False
4,bot16__6,reel6__6,982,N,False
4,reel1__7,reel18__9,982,N,False
4,bot9__9,bot6__8,982,N,False
4,bot9__9,bot10__2,982,N,False
4,reel21__7,reel33__8,982,N,False
4,reel21__7,reel45__3,982,N,False
4,reel4__4,reel0__3,982,N,False
4,reel4__4,bot11__0,982,N,False
4,reel7__3,bot36__2,982,N,False
4,bot2__9,bot39__2,982,N,False
4,reel2__0,218,982,N,False
4,4,218,982,N,False
4,reel2__0,bot44__8,982,N,False
4,reel23__4,bot44__8,982,N,False
4,34,bot24__2,982,N,False
4,bot23__2,86,982,N,False
4,227,86,982,N,False
4,278,86,982,N,False
4,177,86,982,N,False
4,227,102,982,N,False
4,reel30__1,102,982,N,False
4,227,bot24__5,982,N,False
4,227,bot29__8,982,N,False
4,202,reel37__2,982,N,False
4,227,reel37__2,982,N,False
4,227,reel43__6,982,N,False
4,bot24__1,reel13__4,982,N,False
4,bot24__1,bot37__6,982,N,False
4,bot35__1,reel29__5,982,N,False
4,240,reel29__5,982,N,False
4,23,245,982,N,False
4,bot19__0,147,982,N,False
4,182,bot37__9,982,N,False
4,182,reel37__0,982,N,False
4,reel28__6,reel37__0,982,N,False
4,182,bot39__9,982,N,False
4,202,reel9__9,982,N,False
4,202,reel22__1,982,N,False
4,305,reel39__7,982,N,False
4,reel35__0,reel31__5,982,N,False
4,reel23__9,reel31__5,982,N,False
4,217,reel41__6,982,N,False
4,reel36__4,reel41__6,982,N,False
4,bot1__2,bot16__5,982,N,False
4,bot25__4,bot16__5,982,N,False
4,bot35__8,bot16__5,982,N,False
4,4,306,982,N,False
4,bot25__5,bot20__5,982,N,False
4,reel35__7,reel24__6,982,N,False
4,reel44__9,reel45__2,982,N,False
4,reel42__4,reel45__2,982,N,False
4,bot19__8,bot29__7,982,N,False
4,reel6__9,reel24__4,982,N,False
4,reel6__9,bot47__0,982,N,False
4,reel1__9,bot5__0,982,N,False
4,bot35__6,bot5__0,982,N,False
4,bot2__7,bot44__5,982,N,False
4,reel20__3,reel30__6,982,N,False
4,reel20__3,reel31__1,982,N,False
4,reel23__4,reel40__1,982,N,False
4,reel21__9,reel40__1,982,N,False
4,reel7__1,bot17__0,982,N,False
4,reel23__1,reel41__4,982,N,False
4,151,reel41__4,982,N,False
4,197,bot22__2,982,N,False
4,187,bot31__5,982,N,False
4,bot31__3,reel23__3,982,N,False
4,reel42__4,reel19__4,982,N,False
4,reel41__7,reel31__6,982,N,False
4,bot27__8,reel12__5,982,N,False
4,177,reel12__5,982,N,False
4,177,reel21__4,982,N,False
4,reel19__7,reel30__9,982,N,False
4,177,reel30__9,982,N,False
4,177,bot39__6,982,N,False
4,reel35__8,reel42__1,982,N,False
4,reel12__0,reel42__1,982,N,False
4,144,reel14__7,982,N,False
4,144,reel31__2,982,N,False
4,reel28__1,reel40__9,982,N,False
4,bot4__9,293,982,N,False
4,reel9__3,293,982,N,False
4,bot26__4,293,982,N,False
4,bot4__9,bot11__9,982,N,False
4,126,bot11__9,982,N,False
4,bot4__9,bot42__8,982,N,False
4,reel27__3,reel0__6,982,N,False
4,bot12__0,reel0__6,982,N,False
4,reel1__9,bot4__0,982,N,False
4,reel1__9,reel16__7,982,N,False
4,reel40__3,reel45__6,982,N,False
4,bot25__3,bot27__9,982,N,False
4,bot12__0,bot13__0,982,N,False
4,bot26__4,reel11__5,982,N,False
4,bot26__4,bot40__2,982,N,False
4,bot26__4,bot44__6,982,N,False
4,reel23__4,171,982,N,False
4,64,171,982,N,False
4,217,171,982,N,False
4,reel23__4,reel24__2,982,N,False
4,reel12__0,reel23__2,982,N,False
4,64,150,982,N,False
4,217,150,982,N,False
4,217,reel11__9,982,N,False
4,347,reel11__9,982,N,False
4,217,reel28__0,982,N,False
4,217,reel38__2,982,N,False
4,reel13__5,reel19__2,982,N,False
4,reel22__4,reel5__2,982,N,False
4,bot48__1,reel33__0,982,N,False
4,126,bot39__1,982,N,False
4,64,bot39__1,982,N,False
4,bot37__4,bot20__2,982,N,False
4,bot47__8,bot28__6,982,N,False
4,bot47__8,reel20__8,982,N,False
4,347,bot20__1,982,N,False
4,347,bot22__0,982,N,False
4,279,reel33__5,982,N,False
4,bot1__5,bot4__8,982,N,False
4,64,reel16__2,982,N,False
4,bot47__2,reel43__8,982,N,False
4,bot47__2,bot23__9,982,N,False
4,bot1__2,bot12__1,982,N,False
4,230,reel46__1,982,N,False
4,bot34__6,reel4__0,982,N,False
4,bot20__3,bot47__3,982,N,False
4,250,reel40__2,982,N,False
4,bot15__7,reel10__5,983,N,False
4,reel34__2,reel39__6,983,N,False
4,bot0__5,bot32__2,983,N,False
4,106,reel2__1,983,N,False
4,106,bot7__1,983,N,False
4,reel27__8,reel26__2,983,N,False
4,198,reel26__2,983,N,False
4,reel14__9,reel33__5,983,N,False
4,reel14__9,reel47__1,983,N,False
4,reel20__4,reel7__3,983,N,False
4,bot8__9,bot9__5,983,N,False
4,bot8__9,bot26__9,983,N,False
4,bot8__9,bot30__3,983,N,False
4,reel4__8,112,983,N,False
4,bot10__8,112,983,N,False
4,reel28__7,328,983,N,False
4,reel25__1,328,983,N,False
4,reel25__1,reel22__6,983,N,False
4,bot8__1,bot33__3,983,N,False
4,reel44__8,reel22__2,983,N,False
4,301,reel22__2,983,N,False
4,reel4__3,181,983,N,False
4,reel4__3,reel32__6,983,N,False
4,reel4__3,reel46__6,983,N,False
4,reel40__9,bot45__1,983,N,False
4,reel2__0,218,983,N,False
4,reel2__0,bot44__8,983,N,False
4,191,reel14__1,983,N,False
4,bot40__7,reel39__3,983,N,False
4,reel28__7,reel39__3,983,N,False
4,reel28__7,reel43__1,983,N,False
4,reel11__0,reel14__5,983,N,False
4,reel36__6,reel14__5,983,N,False
4,bot2__5,171,983,N,False
4,reel36__6,171,983,N,False
4,217,171,983,N,False
4,227,143,983,N,False
4,227,263,983,N,False
4,227,reel43__6,983,N,False
4,bot10__3,reel4__7,983,N,False
4,bot19__0,147,983,N,False
4,bot19__0,229,983,N,False
4,reel26__5,bot30__1,983,N,False
4,202,reel22__1,983,N,False
4,bot28__6,bot47__8,983,N,False
4,reel31__0,bot32__1,983,N,False
4,reel15__3,bot32__1,983,N,False
4,reel24__3,reel27__7,983,N,False
4,reel24__3,bot30__2,983,N,False
4,bot25__5,bot20__5,983,N,False
4,reel22__3,reel29__0,983,N,False
4,reel6__9,bot40__8,983,N,False
4,reel8__6,bot29__3,983,N,False
4,reel42__4,reel19__4,983,N,False
4,110,reel0__1,983,N,False
4,256,reel0__1,983,N,False
4,256,bot11__7,983,N,False
4,36,reel1__5,983,N,False
4,36,reel43__8,983,N,False
4,bot5__1,71,983,N,False
4,reel16__5,reel7__1,983,N,False
4,reel16__5,bot29__7,983,N,False
4,bot4__9,bot42__8,983,N,False
4,bot2__5,bot16__1,983,N,False
4,reel16__1,bot19__3,983,N,False
4,110,259,983,N,False
4,110,8,983,N,False
4,reel1__9,100,983,N,False
4,217,100,983,N,False
4,reel8__9,234,983,N,False
4,bot44__5,234,983,N,False
4,317,reel41__8,983,N,False
4,bot46__6,bot31__1,983,N,False
4,reel1__4,189,983,N,False
4,217,189,983,N,False
4,reel0__3,189,983,N,False
4,217,reel11__9,983,N,False
4,reel31__5,reel35__0,983,N,False
4,301,bot28__0,983,N,False
4,198,reel1__0,983,N,False
4,139,bot3__2,983,N,False
4,198,bot3__2,983,N,False
4,bot11__9,bot3__2,983,N,False
4,198,bot32__3,983,N,False
4,198,reel37__8,983,N,False
4,198,reel41__7,983,N,False
4,bot25__2,343,983,N,False
4,reel29__2,reel3__0,983,N,False
4,bot11__9,bot22__4,983,N,False
4,reel11__0,reel9__3,983,N,False
4,bot5__4,bot24__7,983,N,False
4,reel10__0,bot11__5,983,N,False
4,bot24__2,bot30__9,983,N,False
4,bot23__2,bot17__8,983,N,False
4,reel0__3,reel4__4,983,N,False
4,reel0__3,bot7__5,983,N,False
4,reel0__3,reel21__6,983,N,False
4,reel0__3,bot34__9,983,N,False
4,139,bot36__6,983,N,False
4,bot35__2,151,983,N,False
4,bot24__0,reel18__7,983,N,False
4,bot24__0,bot32__6,983,N,False
4,reel12__7,reel16__5,985,N,False
4,reel12__7,reel18__8,985,N,False
4,reel8__6,168,985,N,False
4,277,168,985,N,False
4,reel8__6,reel34__0,985,N,False
4,reel0__2,bot2__2,985,N,False
4,reel0__2,reel21__2,985,N,False
4,reel0__2,bot25__1,985,N,False
4,49,reel27__1,985,N,False
4,reel0__2,reel27__1,985,N,False
4,bot16__6,bot18__9,985,N,False
4,101,bot40__4,985,N,False
4,223,246,985,N,False
4,315,246,985,N,False
4,308,246,985,N,False
4,reel11__3,246,985,N,False
4,223,reel20__4,985,N,False
4,187,bot3__8,985,N,False
4,317,reel41__8,985,N,False
4,261,reel22__6,985,N,False
4,236,84,985,N,False
4,276,84,985,N,False
4,265,84,985,N,False
4,313,84,985,N,False
4,236,121,985,N,False
4,315,121,985,N,False
4,113,121,985,N,False
4,236,bot22__9,985,N,False
4,272,bot22__9,985,N,False
4,315,7,985,N,False
4,308,7,985,N,False
4,65,7,985,N,False
4,277,22,985,N,False
4,308,22,985,N,False
4,324,22,985,N,False
4,252,66,985,N,False
4,113,66,985,N,False
4,67,66,985,N,False
4,56,66,985,N,False
4,308,66,985,N,False
4,308,bot2__7,985,N,False
4,308,bot8__2,985,N,False
4,184,197,985,N,False
4,272,197,985,N,False
4,323,258,985,N,False
4,272,258,985,N,False
4,161,258,985,N,False
4,272,reel11__2,985,N,False
4,272,bot15__3,985,N,False
4,315,339,985,N,False
4,277,339,985,N,False
4,bot15__5,339,985,N,False
4,313,339,985,N,False
4,161,339,985,N,False
4,65,339,985,N,False
4,65,bot12__1,985,N,False
4,65,reel45__6,985,N,False
4,315,reel23__1,985,N,False
4,184,reel23__1,985,N,False
4,50,reel19__7,985,N,False
4,reel28__7,328,985,N,False
4,reel9__8,217,985,N,False
4,324,217,985,N,False
4,324,340,985,N,False
4,324,27,985,N,False
4,324,reel0__3,985,N,False
4,324,bot10__3,985,N,False
4,324,reel13__3,985,N,False
4,324,reel20__6,985,N,False
4,324,bot23__9,985,N,False
4,324,bot33__2,985,N,False
4,342,165,985,N,False
4,113,165,985,N,False
4,72,165,985,N,False
4,200,165,985,N,False
4,200,reel7__8,985,N,False
4,200,bot8__6,985,N,False
4,reel29__2,reel3__0,985,N,False
4,reel29__2,reel34__9,985,N,False
4,bot15__5,bot36__1,985,N,False
4,242,reel43__0,985,N,False
4,242,bot45__3,985,N,False
4,113,bot24__1,985,N,False
4,227,reel28__1,985,N,False
4,113,reel28__1,985,N,False
4,67,reel11__7,985,N,False
4,67,bot30__7,985,N,False
4,bot21__2,bot9__9,985,N,False
4,161,bot37__6,985,N,False
4,133,reel1__1,985,N,False
4,323,100,985,N,False
4,323,reel5__6,985,N,False
4,323,bot24__2,985,N,False
4,bot2__4,bot41__7,985,N,False
4,227,23,985,N,False
4,227,225,985,N,False
4,227,296,985,N,False
4,227,bot24__5,985,N,False
4,reel22__1,202,985,N,False
4,reel22__1,bot41__1,985,N,False
4,reel24__2,reel20__8,985,N,False
4,reel24__2,reel23__4,985,N,False
4,reel24__2,reel40__7,985,N,False
4,49,bot4__8,985,N,False
4,49,bot10__1,985,N,False
4,62,reel4__8,985,N,False
4,252,reel6__9,985,N,False
4,252,reel46__5,985,N,False
4,55,bot5__2,985,N,False
4,reel6__2,reel1__2,985,N,False
4,276,reel1__2,985,N,False
4,72,reel1__2,985,N,False
4,reel6__2,bot13__6,985,N,False
4,reel6__2,reel20__9,985,N,False
4,reel6__2,bot34__1,985,N,False
4,312,bot34__1,985,N,False
4,reel31__7,bot41__5,985,N,False
4,reel11__3,bot26__5,985,N,False
4,312,137,985,N,False
4,289,137,985,N,False
4,289,reel24__6,985,N,False
4,289,bot25__9,985,N,False
4,118,bot2__0,985,N,False
4,118,reel12__4,985,N,False
4,118,bot24__0,985,N,False
4,118,reel30__3,985,N,False
4,118,bot40__0,985,N,False
4,89,95,985,N,False
4,89,147,985,N,False
4,bot4__9,bot42__8,985,N,False
4,276,bot42__8,985,N,False
4,290,bot0__3,985,N,False
4,bot2__5,171,985,N,False
4,bot39__1,bot7__5,985,N,False
4,bot39__1,64,985,N,False
4,184,284,985,N,False
4,184,309,985,N,False
4,184,reel36__4,985,N,False
4,reel9__8,163,985,N,False
4,reel9__8,reel11__6,985,N,False
4,277,120,985,N,False
4,277,208,985,N,False
4,277,bot8__5,985,N,False
4,277,bot27__4,985,N,False
4,277,reel48__0,985,N,False
4,313,bot0__6,985,N,False
4,313,reel9__4,985,N,False
4,313,bot46__4,985,N,False
4,56,207,985,N,False
4,56,221,985,N,False
4,56,reel19__3,985,N,False
4,56,bot46__2,985,N,False
4,346,bot25__5,985,N,False
4,238,bot17__4,985,N,False
4,238,reel32__3,985,N,False
4,238,reel34__5,985,N,False
4,174,bot12__5,985,N,False
4,174,bot20__2,985,N,False
4,174,reel32__8,985,N,False
4,312,111,985,N,False
4,312,14,985,N,False
4,312,116,985,N,False
4,312,20,985,N,False
4,312,2,985,N,False
4,312,140,985,N,False
4,312,reel18__5,985,N,False
4,271,128,986,N,False
4,9,128,986,N,False
4,56,128,986,N,False
4,119,128,986,N,False
4,186,128,986,N,False
4,265,128,986,N,False
4,98,128,986,N,False
4,9,322,986,N,False
4,40,322,986,N,False
4,323,322,986,N,False
4,161,322,986,N,False
4,185,322,986,N,False
4,290,322,986,N,False
4,56,322,986,N,False
4,186,322,986,N,False
4,25,322,986,N,False
4,236,322,986,N,False
4,271,322,986,N,False
4,9,304,986,N,False
4,324,304,986,N,False
4,40,304,986,N,False
4,161,304,986,N,False
4,56,304,986,N,False
4,332,304,986,N,False
4,236,304,986,N,False
4,271,304,986,N,False
4,98,304,986,N,False
4,56,334,986,N,False
4,50,334,986,N,False
4,9,334,986,N,False
4,40,334,986,N,False
4,9,200,986,N,False
4,324,200,986,N,False
4,40,200,986,N,False
4,323,200,986,N,False
4,185,200,986,N,False
4,56,200,986,N,False
4,332,200,986,N,False
4,119,200,986,N,False
4,186,200,986,N,False
4,25,200,986,N,False
4,236,200,986,N,False
4,271,200,986,N,False
4,98,200,986,N,False
4,56,66,986,N,False
4,9,66,986,N,False
4,9,224,986,N,False
4,324,224,986,N,False
4,40,224,986,N,False
4,332,224,986,N,False
4,25,224,986,N,False
4,236,224,986,N,False
4,271,224,986,N,False
4,271,342,986,N,False
4,9,342,986,N,False
4,290,342,986,N,False
4,56,342,986,N,False
4,119,342,986,N,False
4,265,342,986,N,False
4,98,342,986,N,False
4,9,79,986,N,False
4,185,79,986,N,False
4,119,79,986,N,False
4,25,79,986,N,False
4,271,79,986,N,False
4,9,232,986,N,False
4,40,232,986,N,False
4,56,232,986,N,False
4,25,232,986,N,False
4,271,232,986,N,False
4,9,72,986,N,False
4,40,72,986,N,False
4,56,72,986,N,False
4,25,72,986,N,False
4,271,72,986,N,False
4,9,169,986,N,False
4,82,169,986,N,False
4,40,169,986,N,False
4,185,169,986,N,False
4,56,169,986,N,False
4,332,169,986,N,False
4,25,169,986,N,False
4,236,169,986,N,False
4,271,169,986,N,False
4,50,277,986,N,False
4,9,277,986,N,False
4,324,277,986,N,False
4,40,277,986,N,False
4,323,277,986,N,False
4,161,277,986,N,False
4,290,277,986,N,False
4,56,277,986,N,False
4,332,277,986,N,False
4,119,277,986,N,False
4,186,277,986,N,False
4,25,277,986,N,False
4,271,277,986,N,False
4,98,277,986,N,False
4,9,bot3__1,986,N,False
4,9,bot3__4,986,N,False
4,9,reel4__9,986,N,False
4,9,reel35__8,986,N,False
4,9,bot43__5,986,N,False
4,reel6__7,206,986,N,False
4,bot17__8,206,986,N,False
4,bot17__8,95,986,N,False
4,bot17__8,bot39__2,986,N,False
4,119,339,986,N,False
4,161,339,986,N,False
4,332,48,986,N,False
4,119,48,986,N,False
4,271,48,986,N,False
4,119,171,986,N,False
4,119,39,986,N,False
4,25,39,986,N,False
4,161,39,986,N,False
4,236,318,986,N,False
4,119,318,986,N,False
4,82,318,986,N,False
4,271,318,986,N,False
4,98,313,986,N,False
4,82,313,986,N,False
4,56,313,986,N,False
4,119,313,986,N,False
4,265,313,986,N,False
4,271,313,986,N,False
4,119,217,986,N,False
4,324,217,986,N,False
4,332,208,986,N,False
4,119,208,986,N,False
4,119,269,986,N,False
4,271,325,986,N,False
4,82,325,986,N,False
4,40,325,986,N,False
4,161,325,986,N,False
4,56,325,986,N,False
4,119,325,986,N,False
4,186,325,986,N,False
4,25,325,986,N,False
4,265,325,986,N,False
4,98,325,986,N,False
4,323,248,986,N,False
4,332,248,986,N,False
4,119,248,986,N,False
4,236,248,986,N,False
4,265,248,986,N,False
4,271,13,986,N,False
4,82,13,986,N,False
4,56,13,986,N,False
4,332,13,986,N,False
4,119,13,986,N,False
4,236,13,986,N,False
4,265,13,986,N,False
4,98,13,986,N,False
4,119,189,986,N,False
4,119,229,986,N,False
4,119,100,986,N,False
4,323,100,986,N,False
4,98,261,986,N,False
4,82,261,986,N,False
4,56,261,986,N,False
4,119,261,986,N,False
4,265,261,986,N,False
4,271,261,986,N,False
4,119,reel20__7,986,N,False
4,119,bot46__6,986,N,False
4,236,88,986,N,False
4,56,88,986,N,False
4,186,88,986,N,False
4,25,88,986,N,False
4,98,223,986,N,False
4,56,223,986,N,False
4,186,223,986,N,False
4,265,223,986,N,False
4,271,223,986,N,False
4,186,178,986,N,False
4,186,345,986,N,False
4,82,123,986,N,False
4,186,123,986,N,False
4,98,123,986,N,False
4,186,45,986,N,False
4,56,222,986,N,False
4,82,222,986,N,False
4,186,222,986,N,False
4,186,reel6__2,986,N,False
4,271,reel6__2,986,N,False
4,186,reel13__5,986,N,False
4,82,reel33__7,986,N,False
4,186,reel33__7,986,N,False
4,236,121,986,N,False
4,82,121,986,N,False
4,236,bot22__9,986,N,False
4,324,238,986,N,False
4,98,238,986,N,False
4,82,238,986,N,False
4,56,238,986,N,False
4,265,238,986,N,False
4,271,238,986,N,False
4,98,reel0__5,986,N,False
4,98,bot4__4,986,N,False
4,98,reel11__4,986,N,False
4,98,reel12__9,986,N,False
4,50,reel31__0,986,N,False
4,98,reel31__0,986,N,False
4,98,reel44__5,986,N,False
4,50,reel19__7,986,N,False
4,50,reel44__8,986,N,False
4,265,reel44__8,986,N,False
4,324,301,986,N,False
4,56,136,986,N,False
4,324,136,986,N,False
4,185,22,986,N,False
4,324,22,986,N,False
4,324,340,986,N,False
4,324,reel0__3,986,N,False
4,324,bot4__7,986,N,False
4,324,bot5__8,986,N,False
4,324,reel5__4,986,N,False
4,bot10__4,reel5__4,986,N,False
4,324,bot10__3,986,N,False
4,324,bot33__2,986,N,False
4,82,65,986,N,False
4,25,65,986,N,False
4,82,29,986,N,False
4,40,29,986,N,False
4,82,reel4__5,986,N,False
4,56,212,986,N,False
4,295,212,986,N,False
4,40,212,986,N,False
4,271,212,986,N,False
4,40,317,986,N,False
4,40,307,986,N,False
4,323,308,986,N,False
4,161,308,986,N,False
4,102,reel37__6,986,N,False
4,25,288,986,N,False
4,25,76,986,N,False
4,25,130,986,N,False
4,25,336,986,N,False
4,23,51,986,N,False
4,25,51,986,N,False
4,25,283,986,N,False
4,23,237,986,N,False
4,25,237,986,N,False
4,25,270,986,N,False
4,25,246,986,N,False
4,23,116,986,N,False
4,23,245,986,N,False
4,23,155,986,N,False
4,295,bot1__5,986,N,False
4,295,reel2__0,986,N,False
4,295,reel34__2,986,N,False
4,295,bot35__2,986,N,False
4,reel6__7,reel8__8,986,N,False
4,reel6__7,bot12__4,986,N,False
4,bot10__4,bot12__4,986,N,False
4,reel6__7,reel16__1,986,N,False
4,reel28__1,reel40__9,986,N,False
4,185,reel26__9,986,N,False
4,290,bot0__3,986,N,False
4,271,bot10__5,986,N,False
4,271,bot15__5,986,N,False
4,271,bot16__9,986,N,False
4,271,bot24__4,986,N,False
4,bot10__4,bot32__6,986,N,False
4,56,bot0__2,986,N,False
4,56,bot14__1,986,N,False
4,56,reel19__3,986,N,False
4,332,53,986,N,False
4,332,bot11__3,986,N,False
4,332,reel17__0,986,N,False
4,332,reel40__4,986,N,False
4,332,bot49__2,986,N,False
4,bot20__3,bot13__3,986,N,False
4,bot27__8,reel12__5,987,N,False
4,bot27__8,reel17__9,987,N,False
4,bot27__8,bot38__2,987,N,False
4,bot36__8,bot8__3,987,N,False
4,272,21,987,N,False
4,323,21,987,N,False
4,98,21,987,N,False
4,323,332,987,N,False
4,98,332,987,N,False
4,98,223,987,N,False
4,272,280,987,N,False
4,323,280,987,N,False
4,98,280,987,N,False
4,272,148,987,N,False
4,98,148,987,N,False
4,98,325,987,N,False
4,272,122,987,N,False
4,323,122,987,N,False
4,98,122,987,N,False
4,98,123,987,N,False
4,98,113,987,N,False
4,98,13,987,N,False
4,98,342,987,N,False
4,98,261,987,N,False
4,98,313,987,N,False
4,323,315,987,N,False
4,98,315,987,N,False
4,272,277,987,N,False
4,323,277,987,N,False
4,98,277,987,N,False
4,272,25,987,N,False
4,323,25,987,N,False
4,98,25,987,N,False
4,272,186,987,N,False
4,323,186,987,N,False
4,98,186,987,N,False
4,98,118,987,N,False
4,323,62,987,N,False
4,98,62,987,N,False
4,272,56,987,N,False
4,323,56,987,N,False
4,98,56,987,N,False
4,98,reel0__5,987,N,False
4,98,reel11__4,987,N,False
4,98,reel44__5,987,N,False
4,323,248,987,N,False
4,323,290,987,N,False
4,323,100,987,N,False
4,323,3,987,N,False
4,323,308,987,N,False
4,323,bot17__8,987,N,False
4,bot20__3,bot24__9,987,N,False
4,bot20__3,bot47__3,987,N,False
4,295,212,987,N,False
4,295,bot1__5,987,N,False
4,295,reel2__0,987,N,False
4,295,reel34__2,987,N,False
4,295,bot35__2,987,N,False
4,272,329,987,N,False
4,272,197,987,N,False
4,272,236,987,N,False
4,272,185,987,N,False
4,272,72,987,N,False
4,272,320,987,N,False
4,272,127,987,N,False
4,272,79,987,N,False
4,272,bot15__3,987,N,False
4,272,bot22__9,987,N,False
4,272,bot48__2,987,N,False
4,56,232,988,N,False
4,231,232,988,N,False
4,200,232,988,N,False
4,231,bot20__4,988,N,False
4,231,bot26__5,988,N,False
4,reel12__7,57,988,N,False
4,203,55,988,N,False
4,reel12__7,55,988,N,False
4,252,55,988,N,False
4,200,55,988,N,False
4,185,55,988,N,False
4,67,55,988,N,False
4,56,55,988,N,False
4,reel12__7,reel16__5,988,N,False
4,reel29__4,234,988,N,False
4,reel15__0,293,988,N,False
4,reel15__0,258,988,N,False
4,257,258,988,N,False
4,reel15__0,bot24__3,988,N,False
4,reel15__0,reel45__9,988,N,False
4,reel15__0,reel48__9,988,N,False
4,203,186,988,N,False
4,252,186,988,N,False
4,200,186,988,N,False
4,113,186,988,N,False
4,67,186,988,N,False
4,223,186,988,N,False
4,56,186,988,N,False
4,236,186,988,N,False
4,200,62,988,N,False
4,67,62,988,N,False
4,223,62,988,N,False
4,56,62,988,N,False
4,318,62,988,N,False
4,236,62,988,N,False
4,223,reel20__4,988,N,False
4,bot42__3,reel2__1,988,N,False
4,169,10,988,N,False
4,67,10,988,N,False
4,200,10,988,N,False
4,169,bot32__6,988,N,False
4,reel35__4,reel37__7,988,N,False
4,reel35__4,reel48__0,988,N,False
4,236,276,988,N,False
4,56,276,988,N,False
4,200,276,988,N,False
4,236,88,988,N,False
4,56,88,988,N,False
4,53,88,988,N,False
4,236,69,988,N,False
4,121,69,988,N,False
4,67,69,988,N,False
4,39,69,988,N,False
4,257,141,988,N,False
4,67,141,988,N,False
4,56,141,988,N,False
4,39,141,988,N,False
4,236,141,988,N,False
4,236,bot22__9,988,N,False
4,203,134,988,N,False
4,252,134,988,N,False
4,113,134,988,N,False
4,67,134,988,N,False
4,56,134,988,N,False
4,248,134,988,N,False
4,248,reel11__5,988,N,False
4,248,reel41__8,988,N,False
4,50,reel6__1,988,N,False
4,189,reel0__3,988,N,False
4,324,reel0__3,988,N,False
4,324,bot10__3,988,N,False
4,54,reel20__6,988,N,False
4,324,reel20__6,988,N,False
4,324,bot33__2,988,N,False
4,252,123,988,N,False
4,200,123,988,N,False
4,342,123,988,N,False
4,67,123,988,N,False
4,318,123,988,N,False
4,252,72,988,N,False
4,200,72,988,N,False
4,113,72,988,N,False
4,67,72,988,N,False
4,56,72,988,N,False
4,200,bot8__6,988,N,False
4,200,bot20__7,988,N,False
4,200,reel42__0,988,N,False
4,176,290,988,N,False
4,342,290,988,N,False
4,185,290,988,N,False
4,67,290,988,N,False
4,56,290,988,N,False
4,176,bot0__8,988,N,False
4,bot31__0,bot26__1,988,N,False
4,113,bot24__1,988,N,False
4,113,reel28__1,988,N,False
4,67,196,988,N,False
4,53,196,988,N,False
4,185,344,988,N,False
4,67,344,988,N,False
4,257,344,988,N,False
4,67,reel11__7,988,N,False
4,67,bot30__7,988,N,False
4,reel18__8,reel7__5,988,N,False
4,reel18__8,bot30__4,988,N,False
4,39,bot19__9,988,N,False
4,125,bot28__6,988,N,False
4,125,reel29__1,988,N,False
4,reel13__2,bot32__3,988,N,False
4,reel13__2,reel47__5,988,N,False
4,54,bot15__3,988,N,False
4,252,reel15__7,988,N,False
4,252,reel46__5,988,N,False
4,reel44__4,240,988,N,False
4,257,130,988,N,False
4,53,130,988,N,False
4,257,295,988,N,False
4,257,bot13__7,988,N,False
4,53,254,988,N,False
4,53,242,988,N,False
4,53,191,988,N,False
4,53,317,988,N,False
4,163,reel9__8,988,N,False
4,53,reel9__8,988,N,False
4,53,bot21__8,988,N,False
4,53,reel31__3,988,N,False
4,reel35__1,reel30__5,988,N,False
4,229,190,988,N,False
4,229,bot1__0,988,N,False
4,203,reel4__6,988,N,False
4,203,bot6__8,988,N,False
4,bot15__8,reel5__3,988,N,False
4,189,reel5__3,988,N,False
4,342,bot2__4,988,N,False
4,313,bot46__4,988,N,False
4,163,reel32__2,988,N,False
4,56,221,988,N,False
4,56,bot46__2,988,N,False
4,reel23__1,184,988,N,False
4,121,bot5__9,988,N,False
4,reel8__2,reel16__6,990,N,True
4,206,reel0__9,990,N,True
4,106,reel0__9,990,N,True
4,180,reel0__9,990,N,True
4,reel1__7,reel0__9,990,N,True
4,106,reel2__1,990,N,True
4,347,reel2__1,990,N,True
4,106,reel2__9,990,N,True
4,reel1__7,reel2__9,990,N,True
4,259,bot7__1,990,N,True
4,106,bot7__1,990,N,True
4,bot26__5,bot7__1,990,N,True
4,bot1__8,bot7__6,990,N,True
4,106,bot7__6,990,N,True
4,106,bot8__0,990,N,True
4,280,bot8__0,990,N,True
4,244,bot8__0,990,N,True
4,106,bot18__5,990,N,True
4,1,bot18__5,990,N,True
4,318,bot18__5,990,N,True
4,106,bot25__0,990,N,True
4,232,bot25__0,990,N,True
4,reel4__9,reel20__5,990,N,True
4,302,reel20__5,990,N,True
4,reel23__7,reel26__1,990,N,True
4,reel23__7,bot29__2,990,N,True
4,bot13__8,bot29__2,990,N,True
4,reel23__7,bot34__3,990,N,True
4,249,bot34__3,990,N,True
4,reel5__5,bot34__3,990,N,True
4,257,bot13__7,990,N,True
4,330,reel16__4,990,N,True
4,120,reel16__4,990,N,True
4,99,reel16__4,990,N,True
4,120,bot29__0,990,N,True
4,217,reel9__8,990,N,True
4,163,reel9__8,990,N,True
4,53,reel9__8,990,N,True
4,53,bot21__8,990,N,True
4,53,reel31__3,990,N,True
4,223,bot6__6,990,N,True
4,146,bot6__6,990,N,True
4,bot31__7,reel27__2,990,N,True
4,146,reel27__2,990,N,True
4,bot12__8,bot1__6,990,N,True
4,63,bot1__6,990,N,True
4,293,bot1__6,990,N,True
4,345,reel9__3,990,N,True
4,255,reel9__3,990,N,True
4,293,reel9__3,990,N,True
4,reel48__7,reel9__3,990,N,True
4,bot9__2,bot36__4,990,N,True
4,293,bot36__4,990,N,True
4,293,bot42__0,990,N,True
4,75,reel18__0,990,N,True
4,reel25__8,reel18__0,990,N,True
4,316,reel18__0,990,N,True
4,bot4__7,bot13__4,990,N,True
4,reel0__1,bot13__4,990,N,True
4,224,reel5__7,990,N,True
4,reel0__3,reel5__7,990,N,True
4,193,reel5__7,990,N,True
4,224,bot9__9,990,N,True
4,bot6__8,bot9__9,990,N,True
4,212,bot9__9,990,N,True
4,224,reel26__7,990,N,True
4,25,reel26__7,990,N,True
4,31,bot12__0,990,N,True
4,31,reel23__4,990,N,True
4,171,reel23__4,990,N,True
4,31,bot49__9,990,N,True
4,328,reel13__6,990,N,True
4,reel1__0,reel13__6,990,N,True
4,68,reel13__6,990,N,True
4,9,bot3__1,990,N,True
4,51,bot3__1,990,N,True
4,264,bot8__9,990,N,True
4,88,bot8__9,990,N,True
4,51,bot8__9,990,N,True
4,bot1__5,bot26__0,990,N,True
4,183,bot26__0,990,N,True
4,51,bot26__0,990,N,True
4,174,reel32__8,990,N,True
4,51,reel32__8,990,N,True
4,bot8__1,bot33__3,990,N,True
4,113,bot24__1,990,N,True
4,reel13__4,bot24__1,990,N,True
4,160,reel48__6,990,N,True
4,reel13__4,reel48__6,990,N,True
4,bot11__6,bot3__0,990,N,True
4,255,bot3__0,990,N,True
4,266,bot3__0,990,N,True
4,255,reel8__7,990,N,True
4,reel27__9,reel8__7,990,N,True
4,170,reel8__7,990,N,True
4,255,reel22__0,990,N,True
4,63,reel22__0,990,N,True
4,255,reel44__6,990,N,True
4,340,reel44__6,990,N,True
4,255,reel48__4,990,N,True
4,121,reel0__0,990,N,True
4,reel5__9,reel0__0,990,N,True
4,170,reel0__0,990,N,True
4,91,reel0__0,990,N,True
4,100,bot12__2,990,N,True
4,reel5__9,bot12__2,990,N,True
4,264,bot15__0,990,N,True
4,reel5__9,bot15__0,990,N,True
4,reel6__4,reel28__3,990,N,True
4,reel5__9,reel28__3,990,N,True
4,reel5__9,bot44__3,990,N,True
4,223,reel20__4,990,N,True
4,236,reel17__9,990,N,True
4,185,reel17__9,990,N,True
4,236,bot22__9,990,N,True
4,108,bot22__9,990,N,True
4,272,bot22__9,990,N,True
4,105,reel34__7,990,N,True
4,297,reel34__7,990,N,True
4,105,reel35__5,990,N,True
4,44,reel35__5,990,N,True
4,reel33__2,reel35__5,990,N,True
4,105,reel38__6,990,N,True
4,reel13__9,reel38__6,990,N,True
4,231,reel38__6,990,N,True
4,182,bot39__9,990,N,True
4,105,bot39__9,990,N,True
4,145,reel10__9,990,N,True
4,133,reel10__9,990,N,True
4,reel18__7,reel28__8,990,N,True
4,reel20__6,reel28__8,990,N,True
4,305,reel39__7,990,N,True
4,reel18__7,reel39__7,990,N,True
4,reel18__7,bot47__3,990,N,True
4,191,bot22__1,990,N,True
4,301,bot22__1,990,N,True
4,93,reel4__1,990,N,True
4,83,reel4__1,990,N,True
4,reel36__1,reel4__1,990,N,True
4,23,bot31__4,990,N,True
4,332,bot11__3,990,N,True
4,196,bot11__3,990,N,True
4,170,bot11__3,990,N,True
4,196,reel20__3,990,N,True
4,87,reel20__3,990,N,True
4,196,reel44__9,990,N,True
4,reel6__6,bot16__6,990,N,True
4,272,bot16__6,990,N,True
4,179,reel44__7,990,N,True
4,reel6__6,reel44__7,990,N,True
4,reel31__9,reel17__7,990,N,True
4,reel22__5,reel17__7,990,N,True
4,reel46__3,reel17__7,990,N,True
4,124,reel22__8,990,N,True
4,reel46__3,reel22__8,990,N,True
4,117,reel12__3,990,N,True
4,110,reel12__3,990,N,True
4,40,reel12__3,990,N,True
4,345,reel9__0,990,N,True
4,reel42__9,reel9__0,990,N,True
4,284,reel9__0,990,N,True
4,bot12__1,bot1__2,990,N,True
4,100,bot1__2,990,N,True
4,113,bot1__2,990,N,True
4,95,bot1__2,990,N,True
4,bot12__1,bot45__4,990,N,True
4,bot12__1,bot46__8,990,N,True
4,154,reel18__2,990,N,True
4,103,reel18__2,990,N,True
4,83,reel18__2,990,N,True
4,103,bot43__0,990,N,True
4,bot31__3,bot43__0,990,N,True
4,284,bot18__0,990,N,True
4,bot3__5,bot18__0,990,N,True
4,bot27__4,bot18__0,990,N,True
4,178,reel3__7,990,N,True
4,169,reel3__7,990,N,True
4,170,reel3__7,990,N,True
4,190,bot14__9,990,N,True
4,170,bot14__9,990,N,True
4,336,bot14__9,990,N,True
4,bot9__2,bot22__4,990,N,True
4,170,bot22__4,990,N,True
4,212,bot48__1,990,N,True
4,36,reel1__5,990,N,True
4,151,reel1__5,990,N,True
4,339,reel1__5,990,N,True
4,151,bot18__4,990,N,True
4,151,bot24__3,990,N,True
4,reel15__0,bot24__3,990,N,True
4,151,bot35__2,990,N,True
4,reel46__4,reel17__8,990,N,True
4,110,reel17__8,990,N,True
4,171,reel17__8,990,N,True
4,10,reel17__8,990,N,True
4,227,reel28__1,990,N,True
4,113,reel28__1,990,N,True
4,10,reel28__1,990,N,True
4,197,bot22__2,990,N,True
4,bot44__1,bot38__3,990,N,True
4,reel14__2,bot38__3,990,N,True
4,bot44__1,bot41__2,990,N,True
4,187,bot35__9,990,N,True
4,32,reel40__5,990,N,True
4,bot9__2,bot15__9,990,N,True
4,bot14__5,bot15__9,990,N,True
4,bot9__2,bot24__9,990,N,True
4,bot9__2,bot26__9,990,N,True
4,253,reel10__5,990,N,True
4,reel7__5,reel10__5,990,N,True
4,61,reel10__6,990,N,True
4,bot20__7,reel10__6,990,N,True
4,reel7__5,reel10__6,990,N,True
4,186,reel13__5,990,N,True
4,87,reel13__5,990,N,True
4,reel7__5,reel13__5,990,N,True
4,reel7__5,reel18__8,990,N,True
4,339,reel18__8,990,N,True
4,282,reel24__8,990,N,True
4,reel7__5,reel24__8,990,N,True
4,bot32__8,bot36__3,990,N,True
4,reel7__5,bot36__3,990,N,True
4,reel7__5,reel36__8,990,N,True
4,reel6__2,bot13__6,990,N,True
4,231,bot13__6,990,N,True
4,reel6__2,reel20__9,990,N,True
4,319,bot32__4,990,N,True
4,110,bot3__6,990,N,True
4,49,bot3__6,990,N,True
4,100,bot3__6,990,N,True
4,38,reel1__3,990,N,True
4,reel41__4,reel1__3,990,N,True
4,317,reel1__3,990,N,True
4,190,reel1__3,990,N,True
4,reel15__1,reel1__3,990,N,True
4,bot5__4,bot24__7,990,N,True
4,190,bot24__7,990,N,True
4,88,reel25__0,990,N,True
4,190,reel25__0,990,N,True
4,95,reel32__9,990,N,True
4,321,reel32__9,990,N,True
4,190,reel32__9,990,N,True
4,190,reel40__7,990,N,True
4,reel19__0,bot39__7,990,N,True
4,bot21__5,bot39__7,990,N,True
4,242,reel43__0,990,N,True
4,reel38__1,reel43__0,990,N,True
4,78,reel2__8,990,N,True
4,316,reel2__8,990,N,True
4,44,bot9__4,990,N,True
4,27,bot9__4,990,N,True
4,316,bot9__4,990,N,True
4,44,reel46__6,990,N,True
4,316,reel46__6,990,N,True
4,247,reel24__6,990,N,True
4,160,reel24__6,990,N,True
4,289,reel24__6,990,N,True
4,reel3__0,reel29__2,990,N,True
4,231,reel37__1,990,N,True
4,reel3__0,reel37__1,990,N,True
4,reel6__3,bot28__1,990,N,True
4,reel6__4,bot28__1,990,N,True
4,174,reel46__7,990,N,True
4,reel6__3,reel46__7,990,N,True
4,reel45__6,bot48__9,990,N,True
4,reel6__3,bot48__9,990,N,True
4,100,reel40__6,990,N,True
4,119,reel40__6,990,N,True
4,22,bot0__5,990,N,True
4,169,bot0__5,990,N,True
4,36,bot0__5,990,N,True
4,214,reel5__0,990,N,True
4,102,reel28__0,990,N,True
4,217,reel28__0,990,N,True
4,217,reel41__6,990,N,True
4,163,reel41__6,990,N,True
4,218,reel2__0,990,N,True
4,246,reel2__0,990,N,True
4,218,bot37__5,990,N,True
4,reel13__9,bot37__5,990,N,True
4,bot5__6,bot10__2,990,N,True
4,168,bot10__2,990,N,True
4,54,bot15__3,990,N,True
4,272,bot15__3,990,N,True
4,254,bot15__3,990,N,True
4,bot43__5,reel16__9,990,N,True
4,54,reel16__9,990,N,True
4,reel4__2,reel16__9,990,N,True
4,280,reel16__9,990,N,True
4,reel10__0,bot32__7,990,N,True
4,208,bot32__7,990,N,True
4,bot14__5,bot32__7,990,N,True
4,220,bot9__5,990,N,True
4,282,bot9__5,990,N,True
4,282,reel39__0,990,N,True
4,reel14__2,reel39__0,990,N,True
4,38,bot2__3,990,N,True
4,289,bot2__3,990,N,True
4,328,bot3__9,990,N,True
4,289,bot3__9,990,N,True
4,340,reel9__7,990,N,True
4,289,reel9__7,990,N,True
4,22,bot27__0,990,N,True
4,bot13__1,bot27__0,990,N,True
4,bot13__1,bot41__4,990,N,True
4,bot4__9,bot42__8,990,N,True
4,276,bot42__8,990,N,True
4,139,bot36__6,990,N,True
4,249,bot36__6,990,N,True
4,44,bot19__6,990,N,True
4,1,bot19__6,990,N,True
4,264,bot29__4,990,N,True
4,264,bot49__1,990,N,True
4,reel1__0,bot49__1,990,N,True
4,reel3__2,bot7__9,990,N,True
4,bot36__9,bot7__9,990,N,True
4,206,bot27__6,990,N,True
4,291,bot27__6,990,N,True
4,bot14__1,bot27__6,990,N,True
4,reel6__9,bot34__5,990,N,True
4,bot14__1,bot34__5,990,N,True
4,19,reel8__8,990,N,True
4,180,reel8__8,990,N,True
4,180,bot32__0,990,N,True
4,66,reel16__1,990,N,True
4,66,reel34__4,990,N,True
4,206,reel42__7,990,N,True
4,66,reel42__7,990,N,True
4,reel3__2,bot46__1,990,N,True
4,66,bot46__1,990,N,True
4,202,bot5__2,990,N,True
4,38,bot5__2,990,N,True
4,bot21__1,bot5__2,990,N,True
4,123,reel4__0,990,N,True
4,123,bot18__8,990,N,True
4,123,reel32__1,990,N,True
4,123,reel34__6,990,N,True
4,reel4__5,bot7__8,990,N,True
4,bot24__5,bot7__8,990,N,True
4,273,reel14__4,990,N,True
4,165,reel14__4,990,N,True
4,332,reel17__0,990,N,True
4,273,reel17__0,990,N,True
4,273,bot23__8,990,N,True
4,bot32__8,bot23__8,990,N,True
4,reel0__1,bot23__8,990,N,True
4,273,bot30__1,990,N,True
4,reel19__5,bot30__1,990,N,True
4,273,reel33__8,990,N,True
4,reel7__8,reel33__8,990,N,True
4,273,reel34__3,990,N,True
4,reel4__5,bot7__2,990,N,True
4,39,bot7__2,990,N,True
4,69,bot19__9,990,N,True
4,39,bot19__9,990,N,True
4,reel31__2,reel30__6,990,N,True
4,reel31__2,reel46__8,990,N,True
4,92,bot13__2,990,N,True
4,294,bot13__2,990,N,True
4,95,reel25__9,990,N,True
4,92,reel25__9,990,N,True
4,157,bot24__6,990,N,True
4,119,reel23__6,990,N,True
4,95,reel23__6,990,N,True
4,reel42__8,reel23__6,990,N,True
4,reel42__8,reel46__2,990,N,True
4,reel19__5,reel46__2,990,N,True
4,274,reel46__2,990,N,True
4,22,reel42__4,990,N,True
4,22,bot48__3,990,N,True
4,reel44__5,reel47__4,990,N,True
4,reel31__9,reel47__4,990,N,True
4,reel1__0,reel47__4,990,N,True
4,reel46__4,reel18__9,990,N,True
4,reel1__7,reel18__9,990,N,True
4,339,reel25__2,990,N,True
4,294,reel29__4,990,N,True
4,339,reel29__4,990,N,True
4,reel1__7,reel17__1,990,N,True
4,95,bot1__0,990,N,True
4,229,bot1__0,990,N,True
4,262,bot1__0,990,N,True
4,95,reel1__4,990,N,True
4,189,reel1__4,990,N,True
4,95,bot17__8,990,N,True
4,206,bot17__8,990,N,True
4,130,reel6__1,990,N,True
4,50,reel6__1,990,N,True
4,reel29__9,reel6__1,990,N,True
4,50,bot38__7,990,N,True
4,reel30__1,bot38__7,990,N,True
4,178,reel31__1,990,N,True
4,178,reel45__0,990,N,True
4,46,reel21__5,990,N,True
4,46,reel22__9,990,N,True
4,262,reel22__9,990,N,True
4,46,reel35__3,990,N,True
4,171,bot2__5,990,N,True
4,1,bot2__5,990,N,True
4,308,reel11__1,990,N,True
4,1,reel11__1,990,N,True
4,reel35__0,bot37__3,990,N,True
4,bot21__5,reel8__9,990,N,True
4,305,reel8__9,990,N,True
4,336,reel8__9,990,N,True
4,reel12__9,bot20__4,990,N,True
4,231,bot20__4,990,N,True
4,336,bot20__4,990,N,True
4,reel34__8,reel27__6,990,N,True
4,336,reel27__6,990,N,True
4,202,bot0__0,990,N,True
4,205,bot0__0,990,N,True
4,205,reel3__4,990,N,True
4,reel19__7,reel3__4,990,N,True
4,49,reel27__5,990,N,True
4,205,reel27__5,990,N,True
4,reel11__3,reel27__5,990,N,True
4,248,bot45__8,990,N,True
4,205,bot45__8,990,N,True
4,221,bot15__6,990,N,True
4,321,bot15__6,990,N,True
4,321,bot16__7,990,N,True
4,121,bot17__3,990,N,True
4,321,bot17__3,990,N,True
4,242,reel3__8,990,N,True
4,88,reel3__8,990,N,True
4,reel12__9,reel15__2,990,N,True
4,148,reel15__2,990,N,True
4,reel26__3,reel30__7,990,N,True
4,reel12__9,reel30__7,990,N,True
4,229,bot19__0,990,N,True
4,bot21__1,bot19__0,990,N,True
4,bot21__1,bot27__9,990,N,True
4,bot21__1,bot38__1,990,N,True
4,reel5__4,reel12__2,990,N,True
4,bot26__1,reel12__2,990,N,True
4,reel0__1,reel12__2,990,N,True
4,bot12__8,bot25__8,990,N,True
4,bot24__4,bot25__8,990,N,True
4,reel4__6,bot14__6,990,N,True
4,reel4__2,bot14__6,990,N,True
4,bot45__0,bot14__6,990,N,True
4,308,bot8__2,990,N,True
4,83,bot8__2,990,N,True
4,248,reel41__8,990,N,True
4,317,reel41__8,990,N,True
4,290,bot23__2,990,N,True
4,86,bot23__2,990,N,True
4,bot31__3,bot7__0,990,N,True
4,154,reel23__3,990,N,True
4,bot31__3,reel23__3,990,N,True
4,242,reel38__4,990,N,True
4,249,reel38__4,990,N,True
4,242,bot45__3,990,N,True
4,113,bot28__8,990,N,True
4,127,bot28__8,990,N,True
4,90,reel48__5,990,N,True
4,127,reel48__5,990,N,True
4,34,bot14__3,990,N,True
4,83,bot14__3,990,N,True
4,83,bot25__2,990,N,True
4,reel26__3,reel37__7,990,N,True
4,207,reel37__7,990,N,True
4,184,reel36__4,990,N,True
4,189,bot7__5,990,N,True
4,reel0__3,bot7__5,990,N,True
4,reel1__6,bot5__9,990,N,True
4,121,bot5__9,990,N,True
4,reel1__6,reel16__8,990,N,True
4,279,reel16__8,990,N,True
4,bot32__6,bot10__4,990,N,True
4,reel5__4,bot10__4,990,N,True
4,225,bot10__4,990,N,True
4,208,reel29__0,990,N,True
4,reel19__5,reel31__6,990,N,True
4,225,reel31__6,990,N,True
4,298,reel45__9,990,N,True
4,reel15__0,reel45__9,990,N,True
4,bot23__0,reel7__2,990,N,True
4,341,reel7__2,990,N,True
4,33,reel7__2,990,N,True
4,306,reel40__9,990,N,True
4,33,reel40__9,990,N,True
4,reel32__5,bot38__2,990,N,True
4,bot11__5,bot38__2,990,N,True
4,reel32__5,bot43__2,990,N,True
4,99,bot43__2,990,N,True
4,reel44__5,reel39__1,990,N,True
4,301,reel39__1,990,N,True
4,272,reel11__2,990,N,True
4,198,reel11__2,990,N,True
4,198,bot32__3,990,N,True
4,reel20__2,reel37__8,990,N,True
4,198,reel37__8,990,N,True
4,198,reel41__7,990,N,True
4,reel22__4,reel5__2,990,N,True
4,195,reel5__2,990,N,True
4,reel6__4,reel5__2,990,N,True
4,270,reel5__2,990,N,True
4,183,reel10__8,990,N,True
4,183,reel26__8,990,N,True
4,183,bot41__3,990,N,True
4,279,reel33__5,990,N,True
4,bot31__7,bot18__6,990,N,True
4,232,bot18__6,990,N,True
4,290,bot0__3,990,N,True
4,64,bot0__3,990,N,True
4,244,bot0__3,990,N,True
4,64,bot41__8,990,N,True
4,reel48__0,reel24__1,990,N,True
4,89,bot8__7,990,N,True
4,328,reel25__1,990,N,True
4,314,reel25__1,990,N,True
4,314,bot33__6,990,N,True
4,314,reel33__1,990,N,True
4,reel14__2,reel26__5,990,N,True
4,bot45__2,bot0__4,990,N,True
4,202,bot0__4,990,N,True
4,275,bot0__4,990,N,True
4,186,bot0__4,990,N,True
4,275,bot5__3,990,N,True
4,bot6__8,bot5__0,990,N,True
4,bot6__8,bot28__9,990,N,True
4,bot6__8,bot31__9,990,N,True
4,154,bot44__0,990,N,True
4,reel20__6,bot44__0,990,N,True
4,231,bot2__8,990,N,True
4,bot0__8,bot4__2,990,N,True
4,231,bot4__2,990,N,True
4,bot27__4,bot4__2,990,N,True
4,341,reel8__0,990,N,True
4,reel13__1,reel8__0,990,N,True
4,262,reel8__0,990,N,True
4,reel0__1,reel8__0,990,N,True
4,195,bot36__1,990,N,True
4,reel8__4,bot36__1,990,N,True
4,bot15__5,bot36__1,990,N,True
4,332,reel40__4,990,N,True
4,reel8__4,reel40__4,990,N,True
4,232,bot1__7,990,N,True
4,232,reel2__7,990,N,True
4,284,reel1__1,990,N,True
4,133,reel1__1,990,N,True
4,bot20__2,bot27__1,990,N,True
4,bot17__4,bot45__5,990,N,True
4,reel11__3,bot45__5,990,N,True
4,reel27__8,reel9__5,990,N,True
4,reel6__9,reel9__5,990,N,True
4,reel36__1,reel9__5,990,N,True
4,124,bot4__3,990,N,True
4,124,bot42__9,990,N,True
4,19,bot29__3,990,N,True
4,78,bot14__8,990,N,True
4,244,bot14__8,990,N,True
4,61,reel0__4,990,N,True
4,3,reel0__4,990,N,True
4,75,reel0__4,990,N,True
4,306,bot48__7,990,N,True
4,bot46__4,reel38__7,990,N,True
4,reel9__2,reel38__7,990,N,True
4,9,bot3__4,990,N,True
4,9,bot24__8,990,N,True
4,9,reel35__8,990,N,True
4,58,reel35__8,990,N,True
4,bot5__8,bot4__1,990,N,True
4,bot23__0,bot7__4,990,N,True
4,bot5__8,bot7__4,990,N,True
4,296,bot6__5,990,N,True
4,296,bot13__0,990,N,True
4,148,bot16__4,990,N,True
4,296,bot16__4,990,N,True
4,reel22__5,bot26__8,990,N,True
4,111,bot26__8,990,N,True
4,213,reel39__5,990,N,True
4,34,reel39__5,990,N,True
4,108,reel14__9,990,N,True
4,reel7__8,reel14__9,990,N,True
4,132,reel14__9,990,N,True
4,270,bot31__1,990,N,True
4,bot10__3,reel4__7,990,N,True
4,181,reel4__7,990,N,True
4,148,reel4__7,990,N,True
4,bot10__3,bot11__2,990,N,True
4,bot10__3,bot15__1,990,N,True
4,158,reel4__4,990,N,True
4,111,reel4__4,990,N,True
4,reel0__3,reel4__4,990,N,True
4,272,bot48__2,990,N,True
4,reel8__5,bot48__2,990,N,True
4,202,reel0__8,990,N,True
4,reel4__2,reel0__8,990,N,True
4,260,reel0__8,990,N,True
4,202,reel22__1,990,N,True
4,102,reel37__6,990,N,True
4,195,reel37__6,990,N,True
4,58,reel37__6,990,N,True
4,58,reel40__2,990,N,True
4,77,reel0__2,990,N,True
4,reel5__5,reel0__2,990,N,True
4,328,reel44__2,990,N,True
4,reel3__2,bot41__0,990,N,True
4,reel4__9,bot38__5,990,N,True
4,113,bot33__1,990,N,True
4,300,bot33__1,990,N,True
4,163,reel23__8,990,N,True
4,bot40__3,reel23__8,990,N,True
4,reel13__9,reel23__8,990,N,True
4,249,reel23__8,990,N,True
4,340,reel44__4,990,N,True
4,130,reel19__6,990,N,True
4,reel11__3,reel19__6,990,N,True
4,reel11__3,reel44__1,990,N,True
4,168,reel30__8,990,N,True
4,reel6__4,bot38__6,990,N,True
4,bot5__5,bot38__6,990,N,True
4,bot26__4,bot44__6,990,N,True
4,reel7__8,reel21__4,990,N,True
4,260,reel16__5,990,N,True
4,249,reel35__2,990,N,True
4,260,reel35__2,990,N,True
4,347,bot20__1,990,N,True
4,347,bot22__0,990,N,True
4,bot2__4,bot41__7,990,N,True
4,77,bot33__9,990,N,True
4,87,bot13__5,990,N,True
4,reel9__2,bot13__5,990,N,True
4,reel9__2,reel47__2,990,N,True
4,130,reel2__6,990,N,True
4,195,reel2__6,990,N,True
4,195,reel19__4,990,N,True
4,249,reel21__7,990,N,True
4,195,reel21__7,990,N,True
4,72,bot46__9,990,N,True
4,207,bot46__3,990,N,True
4,bot32__8,bot1__1,990,N,True
4,131,reel23__5,990,N,True
4,167,reel23__5,990,N,True
4,131,reel39__6,990,N,True
4,258,bot27__8,990,N,True
4,57,reel12__7,990,N,True
4,119,reel12__7,990,N,True
4,119,reel24__7,990,N,True
4,225,reel24__7,990,N,True
4,119,bot46__6,990,N,True
4,193,reel23__0,990,N,True
4,246,bot15__8,990,N,True
4,bot29__1,bot15__7,990,N,True
4,7,bot15__7,990,N,True
4,reel25__7,reel27__3,990,N,True
4,49,reel27__3,990,N,True
4,bot0__8,bot14__7,990,N,True
4,bot16__9,bot14__7,990,N,True
4,24,bot14__7,990,N,True
4,bot16__9,bot19__2,990,N,True
4,75,bot2__9,990,N,True
4,75,bot19__8,990,N,True
4,221,bot49__4,990,N,True
4,330,reel12__6,990,N,True
4,bot20__7,bot43__6,990,N,True
4,bot0__6,bot40__7,990,N,True
4,bot0__6,bot47__0,990,N,True
4,reel6__9,bot47__0,990,N,True
4,reel32__7,reel47__6,990,N,True
4,341,bot15__4,990,N,True
4,130,bot15__4,990,N,True
4,reel21__6,bot34__2,990,N,True
4,bot9__7,bot42__4,990,N,True
4,reel30__5,bot43__9,990,N,True
4,48,reel43__4,990,N,True
4,164,reel19__2,990,N,True
4,reel5__1,bot39__4,990,N,True
4,34,reel21__2,990,N,True
4,91,bot26__6,990,N,True
4,108,bot28__6,990,N,True
4,87,bot19__1,990,N,True
4,reel6__9,reel24__4,990,N,True
4,225,reel24__4,990,N,True
4,78,bot28__4,990,N,True
4,bot47__4,bot22__3,990,N,True
4,344,bot41__9,990,N,True
4,332,bot5__7,990,N,True
4,332,reel25__4,990,N,True
4,332,bot49__2,990,N,True
4,167,bot49__2,990,N,True
4,reel6__9,reel36__3,990,N,True
4,7,reel17__5,990,N,True
4,7,bot33__5,990,N,True
4,bot0__8,bot27__3,990,N,True
4,3,reel23__2,990,N,True
4,bot11__5,bot12__9,990,N,True
4,reel17__4,reel45__4,990,N,True
4,bot4__9,bot11__9,990,N,True
4,334,reel23__9,990,N,True
4,294,reel23__9,990,N,True
4,24,reel7__9,990,N,True
4,24,reel24__5,990,N,True
4,90,bot21__4,990,N,True
4,90,reel28__2,990,N,True
4,bot6__0,bot39__8,990,N,True
4,bot39__6,bot25__1,990,N,True
4,317,bot26__2,990,N,True
4,bot3__7,bot23__5,990,N,True
4,reel19__8,bot43__1,990,N,True
4,reel19__7,reel30__9,990,N,True
4,reel23__4,reel24__2,991,N,True
4,reel20__8,reel24__2,991,N,True
4,reel20__8,bot25__6,991,N,True
4,reel11__7,bot25__6,991,N,True
4,reel20__8,reel41__3,991,N,True
4,reel20__8,bot47__8,991,N,True
4,reel27__7,bot47__8,991,N,True
4,47,reel14__1,991,N,True
4,reel29__6,reel14__1,991,N,True
4,reel8__2,reel14__1,991,N,True
4,191,reel14__1,991,N,True
4,reel8__2,reel16__6,991,N,True
4,reel12__0,reel16__6,991,N,True
4,338,reel16__6,991,N,True
4,reel8__2,bot34__8,991,N,True
4,283,reel47__9,991,N,True
4,reel8__2,reel47__9,991,N,True
4,227,reel47__9,991,N,True
4,bot8__5,bot16__1,991,N,True
4,bot19__2,bot16__1,991,N,True
4,bot29__5,bot33__6,991,N,True
4,bot19__2,bot33__6,991,N,True
4,314,bot33__6,991,N,True
4,bot44__8,bot42__8,991,N,True
4,276,bot42__8,991,N,True
4,bot20__9,reel18__6,991,N,True
4,125,reel18__6,991,N,True
4,reel36__0,reel18__6,991,N,True
4,106,reel0__9,991,N,True
4,206,reel0__9,991,N,True
4,reel37__4,reel2__9,991,N,True
4,106,reel2__9,991,N,True
4,reel3__8,reel2__9,991,N,True
4,259,bot7__1,991,N,True
4,106,bot7__1,991,N,True
4,bot26__5,bot7__1,991,N,True
4,4,bot7__1,991,N,True
4,bot19__1,bot8__0,991,N,True
4,106,bot8__0,991,N,True
4,280,bot8__0,991,N,True
4,106,bot25__0,991,N,True
4,106,reel36__5,991,N,True
4,106,reel37__9,991,N,True
4,118,reel37__9,991,N,True
4,338,bot31__8,991,N,True
4,bot40__5,reel16__7,991,N,True
4,283,bot4__5,991,N,True
4,reel3__1,bot4__5,991,N,True
4,271,reel5__1,991,N,True
4,reel33__7,reel5__1,991,N,True
4,76,reel5__1,991,N,True
4,reel33__7,bot37__0,991,N,True
4,bot46__5,reel14__4,991,N,True
4,165,reel14__4,991,N,True
4,reel22__8,bot32__5,991,N,True
4,reel3__7,reel36__2,991,N,True
4,reel22__8,reel36__2,991,N,True
4,131,278,991,N,True
4,99,278,991,N,True
4,bot2__8,278,991,N,True
4,reel35__6,278,991,N,True
4,227,278,991,N,True
4,bot3__0,278,991,N,True
4,175,278,991,N,True
4,bot3__0,bot43__1,991,N,True
4,reel19__8,bot43__1,991,N,True
4,reel16__1,bot43__1,991,N,True
4,bot31__2,bot6__0,991,N,True
4,bot4__6,bot6__0,991,N,True
4,reel5__3,bot6__0,991,N,True
4,33,bot6__0,991,N,True
4,bot39__8,bot6__0,991,N,True
4,reel30__6,reel6__7,991,N,True
4,206,reel6__7,991,N,True
4,257,reel6__7,991,N,True
4,reel16__1,reel6__7,991,N,True
4,257,bot13__7,991,N,True
4,reel24__6,247,991,N,True
4,29,247,991,N,True
4,120,247,991,N,True
4,reel5__3,247,991,N,True
4,120,reel6__8,991,N,True
4,330,reel16__4,991,N,True
4,120,reel16__4,991,N,True
4,99,reel16__4,991,N,True
4,bot15__3,bot29__0,991,N,True
4,120,bot29__0,991,N,True
4,bot23__6,bot29__0,991,N,True
4,bot23__1,bot34__7,991,N,True
4,120,bot34__7,991,N,True
4,131,177,991,N,True
4,bot39__6,177,991,N,True
4,reel21__4,177,991,N,True
4,reel24__1,177,991,N,True
4,99,177,991,N,True
4,bot48__2,177,991,N,True
4,227,177,991,N,True
4,reel20__9,177,991,N,True
4,reel6__1,177,991,N,True
4,175,177,991,N,True
4,reel20__9,reel21__5,991,N,True
4,reel24__4,reel42__3,991,N,True
4,reel20__9,reel42__3,991,N,True
4,203,bot5__6,991,N,True
4,329,bot5__6,991,N,True
4,bot8__5,bot5__6,991,N,True
4,29,bot5__6,991,N,True
4,bot10__2,bot5__6,991,N,True
4,203,bot13__3,991,N,True
4,175,bot13__3,991,N,True
4,203,reel26__4,991,N,True
4,165,reel26__4,991,N,True
4,101,reel26__4,991,N,True
4,203,bot36__0,991,N,True
4,reel27__2,reel25__0,991,N,True
4,88,reel25__0,991,N,True
4,155,reel11__0,991,N,True
4,reel9__3,reel11__0,991,N,True
4,bot29__6,reel11__0,991,N,True
4,bot30__2,reel7__0,991,N,True
4,reel12__2,reel7__0,991,N,True
4,bot36__1,195,991,N,True
4,218,195,991,N,True
4,reel5__2,195,991,N,True
4,reel30__1,195,991,N,True
4,reel2__3,195,991,N,True
4,reel21__7,195,991,N,True
4,reel2__6,195,991,N,True
4,4,195,991,N,True
4,reel19__4,195,991,N,True
4,reel0__3,bot7__5,991,N,True
4,189,bot7__5,991,N,True
4,reel5__2,bot7__5,991,N,True
4,317,bot26__2,991,N,True
4,reel5__2,bot26__2,991,N,True
4,reel5__2,bot35__4,991,N,True
4,261,bot35__4,991,N,True
4,188,reel41__2,991,N,True
4,reel5__2,reel41__2,991,N,True
4,bot45__3,reel22__2,991,N,True
4,reel31__3,reel22__2,991,N,True
4,200,reel42__0,991,N,True
4,reel31__3,reel42__0,991,N,True
4,reel40__8,reel42__0,991,N,True
4,reel16__5,reel47__7,991,N,True
4,reel31__3,reel47__7,991,N,True
4,bot45__9,241,991,N,True
4,49,241,991,N,True
4,bot8__3,241,991,N,True
4,bot4__1,241,991,N,True
4,9,bot3__1,991,N,True
4,267,bot3__1,991,N,True
4,51,bot3__1,991,N,True
4,bot9__8,bot8__9,991,N,True
4,88,bot8__9,991,N,True
4,bot9__5,bot8__9,991,N,True
4,51,bot8__9,991,N,True
4,bot30__3,bot8__9,991,N,True
4,51,bot26__0,991,N,True
4,reel20__3,reel32__8,991,N,True
4,51,reel32__8,991,N,True
4,reel0__3,bot34__9,991,N,True
4,reel13__4,bot34__9,991,N,True
4,reel5__9,reel22__6,991,N,True
4,261,reel22__6,991,N,True
4,reel5__9,bot31__5,991,N,True
4,reel5__9,bot44__3,991,N,True
4,reel5__9,reel45__5,991,N,True
4,101,bot6__2,991,N,True
4,reel4__1,bot6__2,991,N,True
4,reel4__1,bot23__3,991,N,True
4,reel4__1,reel26__8,991,N,True
4,101,bot40__4,991,N,True
4,reel21__7,bot28__3,991,N,True
4,reel21__7,reel33__8,991,N,True
4,reel21__7,reel45__3,991,N,True
4,bot23__9,reel4__5,991,N,True
4,196,reel4__5,991,N,True
4,82,reel4__5,991,N,True
4,196,bot11__3,991,N,True
4,170,bot11__3,991,N,True
4,196,reel13__1,991,N,True
4,reel44__0,reel13__1,991,N,True
4,196,reel32__0,991,N,True
4,reel6__0,reel44__9,991,N,True
4,196,reel44__9,991,N,True
4,269,bot48__7,991,N,True
4,reel0__7,bot48__7,991,N,True
4,reel15__3,bot32__1,991,N,True
4,reel10__5,reel14__5,991,N,True
4,reel7__4,reel14__5,991,N,True
4,75,reel18__0,991,N,True
4,reel10__5,reel18__0,991,N,True
4,reel22__0,reel18__0,991,N,True
4,reel10__8,reel17__7,991,N,True
4,reel31__9,reel17__7,991,N,True
4,reel46__3,reel17__7,991,N,True
4,reel5__6,reel17__7,991,N,True
4,159,reel17__7,991,N,True
4,bot46__2,reel17__7,991,N,True
4,234,bot44__5,991,N,True
4,reel35__1,bot44__5,991,N,True
4,283,bot13__8,991,N,True
4,92,bot13__8,991,N,True
4,283,reel19__9,991,N,True
4,63,reel19__9,991,N,True
4,283,reel32__7,991,N,True
4,206,reel32__7,991,N,True
4,reel19__6,reel18__2,991,N,True
4,bot41__3,183,991,N,True
4,reel10__8,183,991,N,True
4,133,183,991,N,True
4,reel13__7,183,991,N,True
4,bot12__1,183,991,N,True
4,bot12__1,bot45__4,991,N,True
4,bot12__1,bot46__8,991,N,True
4,bot19__8,bot11__4,991,N,True
4,bot15__0,bot47__1,991,N,True
4,252,250,991,N,True
4,reel0__2,250,991,N,True
4,170,250,991,N,True
4,59,250,991,N,True
4,108,bot1__3,991,N,True
4,258,bot1__3,991,N,True
4,bot6__5,bot1__3,991,N,True
4,170,bot1__3,991,N,True
4,170,bot14__9,991,N,True
4,336,bot14__9,991,N,True
4,108,reel16__2,991,N,True
4,64,reel16__2,991,N,True
4,reel17__4,reel16__2,991,N,True
4,170,reel16__2,991,N,True
4,170,bot22__4,991,N,True
4,bot30__6,bot22__6,991,N,True
4,212,bot22__6,991,N,True
4,212,bot48__1,991,N,True
4,151,bot18__4,991,N,True
4,reel25__6,bot30__5,991,N,True
4,151,bot30__5,991,N,True
4,59,bot30__5,991,N,True
4,reel16__5,bot35__2,991,N,True
4,151,bot35__2,991,N,True
4,reel23__1,reel41__4,991,N,True
4,151,reel41__4,991,N,True
4,bot2__8,bot41__1,991,N,True
4,124,bot42__9,991,N,True
4,bot2__8,bot42__9,991,N,True
4,10,reel17__8,991,N,True
4,227,reel28__1,991,N,True
4,113,reel28__1,991,N,True
4,10,reel28__1,991,N,True
4,reel0__6,135,991,N,True
4,bot30__6,135,991,N,True
4,197,135,991,N,True
4,36,135,991,N,True
4,127,135,991,N,True
4,184,135,991,N,True
4,329,284,991,N,True
4,21,284,991,N,True
4,197,284,991,N,True
4,36,284,991,N,True
4,108,284,991,N,True
4,159,284,991,N,True
4,reel9__0,284,991,N,True
4,127,284,991,N,True
4,184,284,991,N,True
4,197,bot22__2,991,N,True
4,bot15__4,bot22__2,991,N,True
4,197,reel38__1,991,N,True
4,234,reel38__1,991,N,True
4,reel43__0,reel38__1,991,N,True
4,reel5__6,282,991,N,True
4,bot9__5,282,991,N,True
4,reel39__0,282,991,N,True
4,bot7__4,bot33__0,991,N,True
4,bot7__4,bot41__6,991,N,True
4,reel38__5,bot41__6,991,N,True
4,reel24__6,reel35__7,991,N,True
4,199,reel35__7,991,N,True
4,bot49__3,bot48__8,991,N,True
4,reel24__3,reel43__5,991,N,True
4,bot49__3,reel43__5,991,N,True
4,reel12__3,reel43__5,991,N,True
4,234,reel8__9,991,N,True
4,reel24__7,reel8__9,991,N,True
4,336,reel8__9,991,N,True
4,131,225,991,N,True
4,reel24__7,225,991,N,True
4,99,225,991,N,True
4,227,225,991,N,True
4,reel24__4,225,991,N,True
4,175,225,991,N,True
4,reel21__4,reel28__4,991,N,True
4,reel16__1,reel28__4,991,N,True
4,reel19__0,bot26__7,991,N,True
4,reel34__0,bot35__8,991,N,True
4,reel34__0,reel41__8,991,N,True
4,317,reel41__8,991,N,True
4,reel42__6,reel41__8,991,N,True
4,bot11__8,reel10__1,991,N,True
4,reel6__3,reel10__1,991,N,True
4,reel7__4,reel10__1,991,N,True
4,reel9__9,bot14__0,991,N,True
4,29,bot14__0,991,N,True
4,reel6__3,bot14__0,991,N,True
4,reel36__0,reel46__7,991,N,True
4,reel6__3,reel46__7,991,N,True
4,reel6__3,bot48__9,991,N,True
4,reel6__5,reel4__0,991,N,True
4,79,reel4__0,991,N,True
4,reel6__5,bot41__0,991,N,True
4,100,reel1__9,991,N,True
4,132,reel1__9,991,N,True
4,55,reel1__9,991,N,True
4,100,bot3__6,991,N,True
4,49,bot3__6,991,N,True
4,3,reel23__2,991,N,True
4,reel12__0,reel23__2,991,N,True
4,reel22__3,reel23__2,991,N,True
4,reel40__6,reel42__1,991,N,True
4,reel12__0,reel42__1,991,N,True
4,reel30__8,256,991,N,True
4,bot14__1,256,991,N,True
4,329,16,991,N,True
4,172,16,991,N,True
4,reel11__4,16,991,N,True
4,29,16,991,N,True
4,82,16,991,N,True
4,118,16,991,N,True
4,261,16,991,N,True
4,261,bot17__2,991,N,True
4,59,bot17__2,991,N,True
4,54,reel48__3,991,N,True
4,261,reel48__3,991,N,True
4,217,reel28__0,991,N,True
4,329,reel28__0,991,N,True
4,217,reel38__2,991,N,True
4,bot1__9,95,991,N,True
4,reel23__6,95,991,N,True
4,reel34__7,bot44__6,991,N,True
4,126,bot11__9,991,N,True
4,126,reel26__5,991,N,True
4,reel14__2,reel26__5,991,N,True
4,reel39__0,reel26__5,991,N,True
4,126,reel29__2,991,N,True
4,reel34__9,reel29__2,991,N,True
4,bot45__9,bot39__1,991,N,True
4,126,bot39__1,991,N,True
4,64,bot39__1,991,N,True
4,218,328,991,N,True
4,reel28__7,328,991,N,True
4,4,328,991,N,True
4,reel17__4,328,991,N,True
4,218,306,991,N,True
4,reel11__8,306,991,N,True
4,4,306,991,N,True
4,69,reel4__9,991,N,True
4,218,reel4__9,991,N,True
4,9,reel4__9,991,N,True
4,21,121,991,N,True
4,206,121,991,N,True
4,82,121,991,N,True
4,113,121,991,N,True
4,280,121,991,N,True
4,165,121,991,N,True
4,39,121,991,N,True
4,69,121,991,N,True
4,reel40__8,121,991,N,True
4,82,bot30__8,991,N,True
4,reel25__6,reel16__9,991,N,True
4,54,reel16__9,991,N,True
4,280,reel16__9,991,N,True
4,54,bot18__9,991,N,True
4,bot16__6,bot18__9,991,N,True
4,290,bot0__3,991,N,True
4,64,bot0__3,991,N,True
4,bot3__4,bot0__3,991,N,True
4,reel21__1,bot32__2,991,N,True
4,3,reel3__2,991,N,True
4,bot7__9,reel3__2,991,N,True
4,269,reel3__2,991,N,True
4,reel15__6,reel3__2,991,N,True
4,reel13__8,reel3__2,991,N,True
4,reel11__5,reel15__8,991,N,True
4,reel13__8,reel15__8,991,N,True
4,reel19__4,reel15__8,991,N,True
4,reel12__2,reel5__4,991,N,True
4,333,reel5__4,991,N,True
4,333,bot7__0,991,N,True
4,288,bot7__0,991,N,True
4,bot4__1,bot7__0,991,N,True
4,333,reel12__9,991,N,True
4,98,reel12__9,991,N,True
4,333,reel45__2,991,N,True
4,bot8__5,bot23__8,991,N,True
4,reel6__9,bot40__8,991,N,True
4,bot8__5,bot40__8,991,N,True
4,bot8__5,bot46__3,991,N,True
4,141,reel48__7,991,N,True
4,reel9__3,reel48__7,991,N,True
4,reel27__7,reel48__7,991,N,True
4,237,bot0__1,991,N,True
4,133,bot0__1,991,N,True
4,237,bot14__5,991,N,True
4,bot31__2,bot14__5,991,N,True
4,44,bot9__4,991,N,True
4,27,bot9__4,991,N,True
4,44,bot19__6,991,N,True
4,44,reel46__6,991,N,True
4,reel6__9,bot34__5,991,N,True
4,bot16__7,bot34__5,991,N,True
4,bot14__1,bot34__5,991,N,True
4,reel2__3,bot39__0,991,N,True
4,99,bot39__0,991,N,True
4,141,reel39__4,991,N,True
4,reel2__3,reel39__4,991,N,True
4,bot41__3,bot17__5,991,N,True
4,188,bot17__5,991,N,True
4,reel12__2,reel0__1,991,N,True
4,98,reel0__1,991,N,True
4,50,reel31__0,991,N,True
4,98,reel31__0,991,N,True
4,329,bot4__0,991,N,True
4,bot49__9,bot12__4,991,N,True
4,bot6__4,bot12__4,991,N,True
4,69,bot19__9,991,N,True
4,39,bot19__9,991,N,True
4,reel46__0,reel29__3,991,N,True
4,bot35__7,reel29__3,991,N,True
4,reel21__0,reel29__3,991,N,True
4,bot35__7,bot49__5,991,N,True
4,reel15__5,bot49__5,991,N,True
4,92,bot13__2,991,N,True
4,85,reel15__4,991,N,True
4,reel46__8,reel35__3,991,N,True
4,259,110,991,N,True
4,reel3__5,110,991,N,True
4,reel12__3,110,991,N,True
4,reel3__5,reel38__9,991,N,True
4,reel3__5,bot39__3,991,N,True
4,118,bot39__3,991,N,True
4,13,reel23__7,991,N,True
4,bot34__3,reel23__7,991,N,True
4,reel4__4,bot11__0,991,N,True
4,131,reel39__6,991,N,True
4,reel45__0,reel39__6,991,N,True
4,reel11__9,reel39__6,991,N,True
4,bot1__4,bot5__5,991,N,True
4,133,bot5__5,991,N,True
4,bot38__6,bot5__5,991,N,True
4,271,bot5__5,991,N,True
4,bot37__1,bot5__5,991,N,True
4,50,reel25__3,991,N,True
4,55,reel25__3,991,N,True
4,50,bot38__7,991,N,True
4,reel30__1,bot38__7,991,N,True
4,50,reel44__8,991,N,True
4,265,reel44__8,991,N,True
4,131,143,991,N,True
4,175,143,991,N,True
4,227,143,991,N,True
4,99,143,991,N,True
4,175,68,991,N,True
4,227,68,991,N,True
4,99,68,991,N,True
4,175,102,991,N,True
4,227,102,991,N,True
4,99,102,991,N,True
4,reel30__1,102,991,N,True
4,175,263,991,N,True
4,227,263,991,N,True
4,99,263,991,N,True
4,175,bot13__9,991,N,True
4,227,bot13__9,991,N,True
4,227,bot24__5,991,N,True
4,227,bot29__8,991,N,True
4,118,bot29__8,991,N,True
4,reel5__8,reel24__0,991,N,True
4,124,bot4__3,991,N,True
4,60,bot4__3,991,N,True
4,bot2__3,bot4__3,991,N,True
4,bot0__8,bot14__7,991,N,True
4,60,bot14__7,991,N,True
4,60,reel36__8,991,N,True
4,bot25__7,bot21__6,991,N,True
4,bot25__7,bot8__8,991,N,True
4,bot6__5,bot8__8,991,N,True
4,bot0__8,bot27__3,991,N,True
4,bot18__8,bot27__3,991,N,True
4,267,bot27__3,991,N,True
4,reel34__8,reel27__6,991,N,True
4,336,reel27__6,991,N,True
4,159,reel3__4,991,N,True
4,205,reel3__4,991,N,True
4,205,bot22__8,991,N,True
4,bot40__7,reel39__3,991,N,True
4,reel28__7,reel39__3,991,N,True
4,26,reel39__3,991,N,True
4,reel5__0,bot33__4,991,N,True
4,reel7__1,bot33__4,991,N,True
4,reel7__4,bot33__4,991,N,True
4,bot12__8,bot25__8,991,N,True
4,reel9__9,bot20__2,991,N,True
4,47,reel19__2,991,N,True
4,reel38__3,reel19__2,991,N,True
4,reel13__5,reel19__2,991,N,True
4,reel38__3,bot47__7,991,N,True
4,reel41__7,bot43__3,991,N,True
4,reel11__5,reel17__0,991,N,True
4,reel11__5,bot26__4,991,N,True
4,reel10__7,bot26__4,991,N,True
4,reel11__5,reel38__0,991,N,True
4,36,bot0__5,991,N,True
4,reel44__5,reel47__4,991,N,True
4,reel31__9,reel47__4,991,N,True
4,bot20__1,bot21__9,991,N,True
4,127,bot21__9,991,N,True
4,127,reel48__5,991,N,True
4,bot10__9,bot9__3,991,N,True
4,21,bot9__3,991,N,True
4,254,bot9__3,991,N,True
4,79,reel26__6,991,N,True
4,288,reel26__6,991,N,True
4,reel48__4,reel26__6,991,N,True
4,reel26__3,reel37__7,991,N,True
4,175,321,991,N,True
4,bot16__7,321,991,N,True
4,131,bot4__7,991,N,True
4,184,bot4__7,991,N,True
4,bot46__6,reel36__4,991,N,True
4,211,reel36__4,991,N,True
4,288,reel36__4,991,N,True
4,184,reel36__4,991,N,True
4,189,reel1__4,991,N,True
4,reel8__1,reel1__4,991,N,True
4,13,reel15__1,991,N,True
4,346,reel15__1,991,N,True
4,bot20__5,bot25__5,991,N,True
4,346,bot25__5,991,N,True
4,bot23__6,bot41__4,991,N,True
4,bot23__6,bot44__0,991,N,True
4,208,bot2__2,991,N,True
4,reel0__2,bot2__2,991,N,True
4,21,reel16__3,991,N,True
4,reel19__5,bot30__1,991,N,True
4,reel0__6,138,991,N,True
4,reel15__5,138,991,N,True
4,reel0__6,reel22__1,991,N,True
4,reel0__6,reel27__3,991,N,True
4,49,reel27__3,991,N,True
4,reel15__0,reel32__3,991,N,True
4,298,reel45__9,991,N,True
4,reel15__0,reel45__9,991,N,True
4,280,153,991,N,True
4,49,reel27__1,991,N,True
4,reel0__2,reel27__1,991,N,True
4,280,reel27__1,991,N,True
4,33,42,991,N,True
4,3,bot17__9,991,N,True
4,33,bot17__9,991,N,True
4,33,reel40__9,991,N,True
4,299,reel32__5,991,N,True
4,reel13__5,reel17__1,991,N,True
4,269,81,991,N,True
4,reel10__8,81,991,N,True
4,reel42__6,81,991,N,True
4,reel10__8,bot16__2,991,N,True
4,reel10__8,reel18__9,991,N,True
4,64,bot41__8,991,N,True
4,29,bot41__8,991,N,True
4,bot4__1,bot41__8,991,N,True
4,bot1__4,bot0__9,991,N,True
4,270,bot0__9,991,N,True
4,bot1__4,179,991,N,True
4,bot39__6,179,991,N,True
4,bot1__4,bot45__1,991,N,True
4,9,reel35__8,991,N,True
4,reel3__8,reel35__8,991,N,True
4,175,bot47__4,991,N,True
4,reel11__7,bot47__4,991,N,True
4,314,reel25__1,991,N,True
4,52,reel33__1,991,N,True
4,314,reel33__1,991,N,True
4,bot35__1,reel29__5,991,N,True
4,240,reel29__5,991,N,True
4,reel14__2,bot38__3,991,N,True
4,reel17__4,reel45__4,991,N,True
4,reel21__2,reel45__4,991,N,True
4,reel14__8,reel4__2,991,N,True
4,reel43__8,reel4__2,991,N,True
4,reel14__8,reel26__1,991,N,True
4,reel14__8,bot35__9,991,N,True
4,bot6__8,bot16__0,991,N,True
4,bot21__8,bot16__0,991,N,True
4,reel23__4,bot28__9,991,N,True
4,bot6__8,bot28__9,991,N,True
4,reel20__3,bot31__9,991,N,True
4,bot6__8,bot31__9,991,N,True
4,reel19__4,bot31__9,991,N,True
4,69,reel47__5,991,N,True
4,141,reel47__5,991,N,True
4,259,8,991,N,True
4,245,8,991,N,True
4,259,91,991,N,True
4,245,91,991,N,True
4,259,193,991,N,True
4,reel5__7,193,991,N,True
4,245,reel10__9,991,N,True
4,133,reel10__9,991,N,True
4,125,bot28__6,991,N,True
4,108,bot28__6,991,N,True
4,bot10__9,bot3__8,991,N,True
4,75,bot3__8,991,N,True
4,bot15__3,bot38__5,991,N,True
4,222,reel10__0,991,N,True
4,bot11__5,reel10__0,991,N,True
4,194,reel10__0,991,N,True
4,245,reel2__4,991,N,True
4,bot44__9,reel2__4,991,N,True
4,reel9__8,reel11__6,991,N,True
4,bot44__9,reel11__6,991,N,True
4,124,157,991,N,True
4,155,157,991,N,True
4,124,reel18__4,991,N,True
4,124,reel31__5,991,N,True
4,reel4__8,reel10__3,991,N,True
4,reel9__2,reel10__3,991,N,True
4,9,bot24__8,991,N,True
4,13,reel46__5,991,N,True
4,252,reel46__5,991,N,True
4,48,reel6__6,991,N,True
4,bot16__6,reel6__6,991,N,True
4,27,reel34__5,991,N,True
4,bot46__6,bot31__1,991,N,True
4,270,bot31__1,991,N,True
4,270,reel42__5,991,N,True
4,240,bot21__4,991,N,True
4,252,reel15__7,991,N,True
4,111,279,991,N,True
4,111,bot22__7,991,N,True
4,reel6__0,reel30__4,991,N,True
4,reel11__4,reel30__4,991,N,True
4,bot5__2,bot19__7,991,N,True
4,bot5__2,bot44__7,991,N,True
4,173,reel21__9,991,N,True
4,bot49__9,reel21__9,991,N,True
4,bot28__0,reel25__4,991,N,True
4,211,reel23__3,991,N,True
4,79,reel3__9,991,N,True
4,reel44__0,reel3__9,991,N,True
4,173,bot33__3,991,N,True
4,reel17__4,reel43__3,991,N,True
4,reel9__3,reel43__3,991,N,True
4,194,bot13__4,991,N,True
4,194,bot34__6,991,N,True
4,bot12__0,bot13__0,991,N,True
4,reel25__6,reel34__1,991,N,True
4,288,reel34__1,991,N,True
4,159,reel1__6,991,N,True
4,172,reel1__6,991,N,True
4,104,reel18__7,991,N,True
4,172,reel18__7,991,N,True
4,reel10__7,reel35__0,991,N,True
4,bot37__3,reel35__0,991,N,True
4,29,bot11__2,991,N,True
4,29,bot47__9,991,N,True
4,245,bot47__9,991,N,True
4,99,bot43__2,991,N,True
4,206,bot17__8,991,N,True
4,323,bot17__8,991,N,True
4,323,bot40__2,991,N,True
4,bot21__3,bot24__7,991,N,True
4,bot5__4,bot24__7,991,N,True
4,reel9__2,90,991,N,True
4,155,bot38__4,991,N,True
4,reel28__3,bot48__4,991,N,True
4,bot37__6,bot48__4,991,N,True
4,104,reel29__7,991,N,True
4,reel35__6,reel8__0,991,N,True
4,159,bot25__3,991,N,True
4,131,bot25__3,991,N,True
4,bot27__9,bot25__3,991,N,True
4,258,bot20__3,991,N,True
4,258,bot27__8,991,N,True
4,reel6__1,reel29__9,991,N,True
4,bot11__8,bot15__9,991,N,True
4,bot29__5,bot15__9,991,N,True
4,bot29__1,145,991,N,True
4,221,bot15__6,991,N,True
4,221,bot49__4,991,N,True
4,bot3__3,bot8__6,991,N,True
4,200,bot8__6,991,N,True
4,bot3__3,bot10__4,991,N,True
4,reel6__0,reel24__5,991,N,True
4,reel6__0,reel39__2,991,N,True
4,reel9__1,reel37__5,991,N,True
4,reel5__3,bot22__3,991,N,True
4,reel5__3,reel40__0,991,N,True
4,290,bot23__2,991,N,True
4,bot20__1,reel15__2,991,N,True
4,63,reel7__7,991,N,True
4,206,bot11__1,991,N,True
4,206,reel42__7,991,N,True
4,reel12__2,reel25__5,991,N,True
4,reel45__0,reel25__5,991,N,True
4,reel15__5,reel16__0,991,N,True
4,288,reel16__0,991,N,True
4,reel15__5,reel37__8,991,N,True
4,reel44__5,reel39__1,991,N,True
4,reel15__5,reel39__1,991,N,True
4,reel18__5,bot46__7,991,N,True
4,bot9__7,bot42__6,991,N,True
4,48,reel43__4,991,N,True
4,reel29__6,bot34__4,991,N,True
4,reel23__1,reel41__5,991,N,True
4,reel28__7,reel41__5,991,N,True
4,reel28__7,reel43__1,991,N,True
4,47,bot29__2,991,N,True
4,49,reel1__7,991,N,True
4,288,reel1__7,991,N,True
4,49,bot10__1,991,N,True
4,reel19__4,reel42__4,991,N,True
4,reel4__6,bot14__6,991,N,True
4,bot13__6,bot14__6,991,N,True
4,bot16__8,bot5__7,991,N,True
4,bot2__0,bot5__7,991,N,True
4,bot2__0,bot33__9,991,N,True
4,288,reel7__3,991,N,True
4,4,reel7__3,991,N,True
4,bot36__1,bot47__5,991,N,True
4,4,bot47__5,991,N,True
4,bot19__1,bot48__3,991,N,True
4,reel43__2,reel33__5,991,N,True
4,reel6__9,reel36__3,991,N,True
4,reel7__1,bot9__6,991,N,True
4,reel28__5,reel32__1,991,N,True
4,229,bot36__9,991,N,True
4,bot7__9,bot36__9,991,N,True
4,bot36__1,bot40__1,991,N,True
4,3,bot37__7,991,N,True
4,bot11__5,bot38__2,991,N,True
4,79,reel27__0,991,N,True
4,159,reel23__0,991,N,True
4,159,reel33__0,991,N,True
4,229,bot1__0,991,N,True
4,reel23__4,bot26__9,991,N,True
4,reel23__4,reel40__1,991,N,True
4,bot38__9,bot24__9,991,N,True
4,288,reel7__9,991,N,True
4,reel31__7,bot41__5,991,N,True
4,118,bot24__0,991,N,True
4,118,reel41__9,991,N,True
4,reel0__3,reel21__6,991,N,True
4,342,reel48__2,991,N,True
4,bot16__7,bot3__4,992,N,True
4,bot0__3,bot3__4,992,N,True
4,reel5__1,bot39__4,992,N,True
4,bot0__3,bot39__4,992,N,True
4,reel0__5,bot39__4,992,N,True
4,reel46__2,reel42__8,992,N,True
4,reel44__3,reel42__8,992,N,True
4,reel19__3,reel42__8,992,N,True
4,reel6__5,reel36__9,992,N,True
4,reel33__7,reel36__9,992,N,True
4,reel21__4,reel36__9,992,N,True
4,bot22__6,bot37__0,992,N,True
4,reel33__7,bot37__0,992,N,True
4,reel30__8,reel38__5,992,N,True
4,reel12__8,reel38__5,992,N,True
4,reel33__7,reel38__5,992,N,True
4,reel6__0,reel39__2,992,N,True
4,reel13__2,reel39__2,992,N,True
4,reel5__8,bot39__5,992,N,True
4,reel23__8,bot39__5,992,N,True
4,reel27__7,bot39__5,992,N,True
4,reel10__7,bot40__3,992,N,True
4,reel23__8,bot40__3,992,N,True
4,reel0__4,reel27__6,992,N,True
4,bot33__3,bot28__9,992,N,True
4,reel0__4,bot28__9,992,N,True
4,bot15__2,bot28__4,992,N,True
4,reel20__9,bot28__4,992,N,True
4,reel20__9,reel42__3,992,N,True
4,bot2__6,bot10__6,992,N,True
4,bot2__6,bot41__5,992,N,True
4,reel2__0,bot6__7,992,N,True
4,reel5__2,bot6__7,992,N,True
4,bot38__6,reel6__4,992,N,True
4,reel5__2,reel6__4,992,N,True
4,reel13__9,reel27__4,992,N,True
4,reel5__2,reel27__4,992,N,True
4,reel25__1,reel22__6,992,N,True
4,reel2__8,reel22__6,992,N,True
4,reel7__4,reel41__0,992,N,True
4,reel25__1,reel41__0,992,N,True
4,reel11__7,bot14__4,992,N,True
4,reel13__4,bot14__4,992,N,True
4,reel13__4,bot24__1,992,N,True
4,bot7__3,bot34__9,992,N,True
4,reel13__4,bot34__9,992,N,True
4,reel4__7,bot30__4,992,N,True
4,reel16__6,reel12__0,992,N,True
4,reel33__4,reel12__0,992,N,True
4,reel0__5,reel12__0,992,N,True
4,reel4__1,bot6__2,992,N,True
4,reel4__1,reel26__8,992,N,True
4,bot9__9,bot21__2,992,N,True
4,reel21__7,reel35__2,992,N,True
4,reel40__9,bot45__1,992,N,True
4,bot41__9,bot32__2,992,N,True
4,reel21__6,bot32__2,992,N,True
4,reel21__1,bot32__2,992,N,True
4,bot5__2,bot21__1,992,N,True
4,bot27__9,bot21__1,992,N,True
4,bot19__0,bot21__1,992,N,True
4,bot6__3,bot44__9,992,N,True
4,reel2__4,bot44__9,992,N,True
4,reel10__5,reel14__5,992,N,True
4,reel36__6,reel14__5,992,N,True
4,reel7__4,reel14__5,992,N,True
4,reel10__5,bot22__5,992,N,True
4,reel14__2,bot22__5,992,N,True
4,bot39__3,bot22__5,992,N,True
4,bot10__8,bot22__5,992,N,True
4,bot23__0,bot45__7,992,N,True
4,reel10__5,bot45__7,992,N,True
4,reel34__6,reel15__8,992,N,True
4,reel2__4,reel15__8,992,N,True
4,reel13__8,reel15__8,992,N,True
4,bot49__6,reel15__8,992,N,True
4,reel19__4,reel15__8,992,N,True
4,reel9__5,reel27__8,992,N,True
4,reel26__2,reel27__8,992,N,True
4,bot23__9,bot27__7,992,N,True
4,bot15__0,bot27__7,992,N,True
4,bot19__6,bot27__7,992,N,True
4,bot7__4,bot41__6,992,N,True
4,reel13__7,bot20__5,992,N,True
4,reel12__1,bot20__5,992,N,True
4,bot6__6,bot20__5,992,N,True
4,bot25__5,bot20__5,992,N,True
4,bot32__8,bot36__3,992,N,True
4,reel7__5,bot36__3,992,N,True
4,bot49__3,bot48__8,992,N,True
4,bot39__1,bot45__9,992,N,True
4,bot36__5,bot45__9,992,N,True
4,reel19__0,bot26__7,992,N,True
4,reel7__0,bot26__7,992,N,True
4,bot12__7,bot26__7,992,N,True
4,reel21__4,reel28__4,992,N,True
4,reel35__7,reel28__4,992,N,True
4,reel16__1,reel28__4,992,N,True
4,reel16__6,bot21__9,992,N,True
4,bot25__0,bot21__9,992,N,True
4,reel19__0,bot39__7,992,N,True
4,bot26__3,bot39__7,992,N,True
4,bot21__5,bot39__7,992,N,True
4,reel38__1,reel43__3,992,N,True
4,reel9__3,reel43__3,992,N,True
4,reel34__0,bot35__8,992,N,True
4,reel6__5,bot20__1,992,N,True
4,reel6__5,bot41__0,992,N,True
4,bot37__5,bot41__0,992,N,True
4,bot0__6,bot47__0,992,N,True
4,reel30__8,bot47__0,992,N,True
4,reel28__0,reel40__1,992,N,True
4,reel21__9,reel40__1,992,N,True
4,reel41__7,bot43__3,992,N,True
4,bot49__1,bot43__3,992,N,True
4,reel34__7,bot44__6,992,N,True
4,bot26__4,bot44__6,992,N,True
4,reel6__7,bot12__4,992,N,True
4,bot10__4,bot12__4,992,N,True
4,bot6__4,bot12__4,992,N,True
4,reel20__3,reel30__6,992,N,True
4,reel6__7,reel30__6,992,N,True
4,reel31__2,reel30__6,992,N,True
4,reel12__8,reel30__6,992,N,True
4,reel44__2,reel30__6,992,N,True
4,bot26__3,bot23__5,992,N,True
4,reel1__2,bot23__5,992,N,True
4,bot3__7,bot23__5,992,N,True
4,reel1__2,bot37__3,992,N,True
4,reel35__0,bot37__3,992,N,True
4,reel35__4,bot37__3,992,N,True
4,reel21__1,reel45__1,992,N,True
4,reel9__4,reel45__1,992,N,True
4,reel38__7,reel45__1,992,N,True
4,bot46__7,bot43__7,992,N,True
4,bot4__8,bot41__4,992,N,True
4,bot13__1,bot41__4,992,N,True
4,bot23__6,bot41__4,992,N,True
4,reel5__8,reel47__8,992,N,True
4,reel18__2,reel47__8,992,N,True
4,bot35__9,reel14__8,992,N,True
4,reel30__2,reel14__8,992,N,True
4,reel5__0,reel14__8,992,N,True
4,reel4__2,reel14__8,992,N,True
4,reel9__4,reel15__3,992,N,True
4,reel31__0,bot32__1,992,N,True
4,bot22__6,bot30__6,992,N,True
4,bot37__5,bot30__6,992,N,True
4,reel33__4,reel42__2,992,N,True
4,reel35__7,reel42__2,992,N,True
4,reel11__1,reel42__2,992,N,True
4,bot42__3,bot7__9,992,N,True
4,bot36__9,bot7__9,992,N,True
4,reel4__3,bot7__9,992,N,True
4,reel3__3,bot47__6,992,N,True
4,reel21__6,bot34__2,992,N,True
4,bot27__6,bot34__2,992,N,True
4,bot5__0,bot35__6,992,N,True
4,reel10__1,bot35__6,992,N,True
4,bot27__6,bot35__6,992,N,True
4,bot16__7,bot34__5,992,N,True
4,bot14__1,bot34__5,992,N,True
4,reel43__4,reel27__5,992,N,True
4,reel11__3,reel27__5,992,N,True
4,bot6__1,bot40__1,992,N,True
4,bot36__1,bot40__1,992,N,True
4,bot19__1,bot41__3,992,N,True
4,bot17__5,bot41__3,992,N,True
4,reel35__3,reel46__8,992,N,True
4,reel31__2,reel46__8,992,N,True
4,bot10__8,bot27__2,992,N,True
4,bot12__2,bot3__1,992,N,True
4,reel0__0,reel47__0,992,N,True
4,reel33__0,reel47__0,992,N,True
4,reel44__2,bot49__4,992,N,True
4,reel2__0,bot44__8,992,N,True
4,bot42__8,bot44__8,992,N,True
4,reel40__6,reel42__1,992,N,True
4,bot13__8,bot27__5,992,N,True
4,reel15__9,bot27__5,992,N,True
4,bot0__8,bot27__3,992,N,True
4,bot18__8,bot27__3,992,N,True
4,reel12__6,bot13__0,992,N,True
4,bot12__0,bot13__0,992,N,True
4,bot11__3,bot38__1,992,N,True
4,reel21__9,bot49__9,992,N,True
4,bot17__8,bot23__2,992,N,True
4,bot17__8,bot39__2,992,N,True
4,reel9__9,bot20__2,992,N,True
4,bot37__4,bot20__2,992,N,True
4,reel13__1,bot20__2,992,N,True
4,bot27__1,bot20__2,992,N,True
4,reel9__9,reel21__3,992,N,True
4,reel20__3,reel21__3,992,N,True
4,reel9__9,bot42__5,992,N,True
4,bot23__6,bot44__0,992,N,True
4,reel0__6,reel22__1,992,N,True
4,reel20__5,reel22__1,992,N,True
4,bot31__7,bot18__6,992,N,True
4,bot7__1,bot18__6,992,N,True
4,reel3__8,reel35__8,992,N,True
4,reel36__8,reel35__8,992,N,True
4,bot22__1,bot28__8,992,N,True
4,reel17__3,bot38__3,992,N,True
4,reel14__2,bot38__3,992,N,True
4,reel29__1,reel40__0,992,N,True
4,reel8__4,reel40__4,992,N,True
4,reel34__4,reel27__0,992,N,True
4,reel11__1,reel27__0,992,N,True
4,reel15__9,bot38__8,992,N,True
4,reel11__1,bot38__8,992,N,True
4,bot15__3,bot38__5,992,N,True
4,reel4__9,bot38__5,992,N,True
4,reel32__0,bot45__0,992,N,True
4,reel26__2,bot45__0,992,N,True
4,reel20__3,bot45__5,992,N,True
4,bot17__4,bot45__5,992,N,True
4,reel11__3,bot45__5,992,N,True
4,reel23__3,reel37__5,992,N,True
4,reel2__9,reel37__5,992,N,True
4,reel32__7,reel10__3,992,N,True
4,reel4__8,reel10__3,992,N,True
4,bot24__0,bot32__6,992,N,True
4,bot10__4,bot32__6,992,N,True
4,reel34__4,reel47__3,992,N,True
4,bot1__2,bot18__3,992,N,True
4,reel4__3,bot18__3,992,N,True
4,bot12__6,bot18__3,992,N,True
4,bot22__3,bot35__3,992,N,True
4,bot10__3,bot42__6,992,N,True
4,bot5__2,bot19__7,992,N,True
4,reel0__9,bot19__7,992,N,True
4,bot5__2,bot42__4,992,N,True
4,bot31__0,bot26__1,992,N,True
4,bot28__0,bot26__1,992,N,True
4,reel44__6,reel47__2,992,N,True
4,bot39__6,bot25__1,992,N,True
4,reel0__2,bot25__1,992,N,True
4,reel36__0,reel46__7,992,N,True
4,bot20__3,bot47__3,992,N,True
4,reel0__0,bot28__5,992,N,True
4,bot14__5,bot28__5,992,N,True
4,bot6__0,bot31__2,992,N,True
4,bot45__6,bot31__2,992,N,True
4,bot14__5,bot31__2,992,N,True
4,reel32__7,reel47__6,992,N,True
4,reel24__6,reel47__6,992,N,True
4,reel8__9,bot44__2,992,N,True
4,reel10__1,bot44__2,992,N,True
4,reel39__5,bot49__7,992,N,True
4,bot8__4,bot29__7,992,N,True
4,reel6__0,reel30__4,992,N,True
4,bot8__9,bot26__9,992,N,True
4,bot8__9,bot30__3,992,N,True
4,reel32__7,bot40__9,992,N,True
4,reel30__0,bot40__9,992,N,True
4,reel29__7,bot40__9,992,N,True
4,reel16__0,bot22__2,992,N,True
4,bot15__4,bot22__2,992,N,True
4,bot49__5,bot35__7,992,N,True
4,reel20__3,bot31__9,992,N,True
4,reel19__4,bot31__9,992,N,True
4,reel4__6,bot14__6,992,N,True
4,reel4__2,bot14__6,992,N,True
4,bot13__6,bot14__6,992,N,True
4,bot13__2,bot24__8,992,N,True
4,reel16__6,bot20__6,992,N,True
4,reel22__3,reel23__2,992,N,True
4,reel13__7,bot42__7,992,N,True
4,reel20__3,reel32__8,992,N,True
4,reel8__6,bot29__3,992,N,True
4,bot32__3,bot43__2,992,N,True
4,reel1__9,bot4__0,992,N,True
4,reel23__1,bot29__9,992,N,True
4,bot1__2,bot16__5,992,N,True
4,reel8__9,bot16__5,992,N,True
4,bot1__5,bot26__0,992,N,True
4,reel10__6,reel33__3,992,N,True
4,bot1__2,bot12__1,992,N,True
4,320,reel5__4,993,N,True
4,bot25__7,bot21__6,993,N,True
4,320,bot21__6,993,N,True
4,320,bot46__0,993,N,True
4,300,bot46__0,993,N,True
4,315,reel23__1,993,N,True
4,30,reel23__1,993,N,True
4,184,reel23__1,993,N,True
4,reel41__5,reel23__1,993,N,True
4,95,reel23__6,993,N,True
4,315,reel23__6,993,N,True
4,119,reel23__6,993,N,True
4,reel41__0,reel23__6,993,N,True
4,315,bot34__6,993,N,True
4,106,reel2__9,993,N,True
4,106,bot7__6,993,N,True
4,106,bot8__0,993,N,True
4,280,bot8__0,993,N,True
4,106,bot18__5,993,N,True
4,1,bot18__5,993,N,True
4,318,bot18__5,993,N,True
4,106,bot25__0,993,N,True
4,232,bot25__0,993,N,True
4,109,reel37__9,993,N,True
4,106,reel37__9,993,N,True
4,reel9__5,reel7__2,993,N,True
4,33,reel7__2,993,N,True
4,338,reel7__2,993,N,True
4,338,reel16__6,993,N,True
4,338,bot18__1,993,N,True
4,338,bot31__8,993,N,True
4,332,bot5__7,993,N,True
4,70,bot5__7,993,N,True
4,174,reel8__3,993,N,True
4,70,reel8__3,993,N,True
4,70,bot38__6,993,N,True
4,70,reel46__9,993,N,True
4,295,reel22__3,993,N,True
4,reel3__1,reel22__3,993,N,True
4,242,bot45__3,993,N,True
4,reel3__1,bot45__3,993,N,True
4,reel22__2,bot45__3,993,N,True
4,302,reel20__5,993,N,True
4,216,reel26__0,993,N,True
4,302,reel26__0,993,N,True
4,bot3__0,bot11__6,993,N,True
4,165,bot11__6,993,N,True
4,172,bot11__6,993,N,True
4,bot3__0,bot49__0,993,N,True
4,162,bot16__3,993,N,True
4,reel2__2,bot16__3,993,N,True
4,162,bot21__5,993,N,True
4,238,bot21__5,993,N,True
4,241,bot13__7,993,N,True
4,257,bot13__7,993,N,True
4,reel23__8,bot39__5,993,N,True
4,228,bot40__3,993,N,True
4,reel23__8,bot40__3,993,N,True
4,bot22__8,bot37__2,993,N,True
4,reel5__2,bot6__7,993,N,True
4,115,reel6__4,993,N,True
4,reel5__2,reel6__4,993,N,True
4,reel5__2,bot7__5,993,N,True
4,reel5__2,bot26__2,993,N,True
4,reel5__2,reel27__4,993,N,True
4,reel5__2,bot35__4,993,N,True
4,261,bot35__4,993,N,True
4,225,bot35__4,993,N,True
4,reel5__2,reel41__2,993,N,True
4,224,bot4__6,993,N,True
4,bot36__6,bot4__6,993,N,True
4,224,bot8__4,993,N,True
4,13,bot8__4,993,N,True
4,10,bot8__4,993,N,True
4,224,bot9__9,993,N,True
4,212,bot9__9,993,N,True
4,224,bot12__5,993,N,True
4,343,bot12__5,993,N,True
4,174,bot12__5,993,N,True
4,224,reel14__6,993,N,True
4,33,reel14__6,993,N,True
4,224,reel26__7,993,N,True
4,25,reel26__7,993,N,True
4,224,bot35__0,993,N,True
4,184,bot35__0,993,N,True
4,55,bot35__0,993,N,True
4,31,bot12__0,993,N,True
4,31,bot49__9,993,N,True
4,bot48__7,reel0__7,993,N,True
4,175,reel0__7,993,N,True
4,255,reel0__7,993,N,True
4,reel43__3,reel9__3,993,N,True
4,345,reel9__3,993,N,True
4,reel11__0,reel9__3,993,N,True
4,255,reel9__3,993,N,True
4,reel48__7,reel9__3,993,N,True
4,255,reel22__0,993,N,True
4,255,bot26__1,993,N,True
4,bot28__0,bot26__1,993,N,True
4,255,reel44__6,993,N,True
4,340,reel44__6,993,N,True
4,255,reel48__4,993,N,True
4,reel20__7,reel43__6,993,N,True
4,159,reel43__6,993,N,True
4,80,reel29__6,993,N,True
4,80,reel30__0,993,N,True
4,reel12__9,reel30__7,993,N,True
4,80,reel30__7,993,N,True
4,156,bot6__2,993,N,True
4,101,bot6__2,993,N,True
4,165,reel26__4,993,N,True
4,101,reel26__4,993,N,True
4,322,bot40__4,993,N,True
4,101,bot40__4,993,N,True
4,223,reel20__4,993,N,True
4,reel7__3,reel20__4,993,N,True
4,156,bot1__5,993,N,True
4,160,bot1__5,993,N,True
4,295,bot1__5,993,N,True
4,156,bot4__9,993,N,True
4,1,bot4__9,993,N,True
4,156,reel8__2,993,N,True
4,17,reel8__2,993,N,True
4,300,reel8__2,993,N,True
4,156,bot13__1,993,N,True
4,54,reel20__6,993,N,True
4,156,reel20__6,993,N,True
4,156,bot30__9,993,N,True
4,216,bot30__9,993,N,True
4,156,bot31__3,993,N,True
4,156,bot37__4,993,N,True
4,bot20__2,bot37__4,993,N,True
4,155,bot38__4,993,N,True
4,156,bot38__4,993,N,True
4,156,reel42__8,993,N,True
4,reel7__8,reel33__8,993,N,True
4,reel21__7,reel33__8,993,N,True
4,235,reel45__3,993,N,True
4,reel21__7,reel45__3,993,N,True
4,236,reel17__9,993,N,True
4,185,reel17__9,993,N,True
4,236,bot22__9,993,N,True
4,108,bot22__9,993,N,True
4,105,reel21__1,993,N,True
4,172,reel21__1,993,N,True
4,105,reel34__7,993,N,True
4,reel8__8,reel34__7,993,N,True
4,182,bot39__9,993,N,True
4,105,bot39__9,993,N,True
4,105,reel46__0,993,N,True
4,271,reel46__0,993,N,True
4,reel18__7,reel0__1,993,N,True
4,256,reel0__1,993,N,True
4,reel8__0,reel0__1,993,N,True
4,110,reel0__1,993,N,True
4,98,reel0__1,993,N,True
4,reel18__7,bot24__0,993,N,True
4,reel7__8,bot24__0,993,N,True
4,reel18__7,reel28__8,993,N,True
4,305,reel39__7,993,N,True
4,reel18__7,reel39__7,993,N,True
4,121,bot5__9,993,N,True
4,reel1__6,bot5__9,993,N,True
4,reel3__4,bot5__9,993,N,True
4,176,bot0__8,993,N,True
4,bot4__2,bot0__8,993,N,True
4,161,bot0__8,993,N,True
4,176,bot21__3,993,N,True
4,57,bot21__3,993,N,True
4,bot47__3,bot20__3,993,N,True
4,258,bot20__3,993,N,True
4,94,bot20__3,993,N,True
4,reel47__1,reel38__3,993,N,True
4,reel9__5,reel34__9,993,N,True
4,reel29__2,reel34__9,993,N,True
4,96,reel34__9,993,N,True
4,reel47__1,reel34__9,993,N,True
4,71,reel3__0,993,N,True
4,93,reel3__0,993,N,True
4,41,reel3__0,993,N,True
4,reel29__2,reel3__0,993,N,True
4,93,reel4__1,993,N,True
4,83,reel4__1,993,N,True
4,139,bot11__8,993,N,True
4,93,bot11__8,993,N,True
4,93,reel11__4,993,N,True
4,98,reel11__4,993,N,True
4,16,reel11__4,993,N,True
4,23,bot31__4,993,N,True
4,bot21__4,bot31__4,993,N,True
4,182,bot21__7,993,N,True
4,182,bot37__9,993,N,True
4,182,reel41__1,993,N,True
4,268,bot19__7,993,N,True
4,reel0__9,bot19__7,993,N,True
4,283,reel3__3,993,N,True
4,283,bot6__4,993,N,True
4,277,bot6__4,993,N,True
4,283,bot13__8,993,N,True
4,283,reel19__9,993,N,True
4,283,reel32__7,993,N,True
4,342,bot2__4,993,N,True
4,345,bot2__4,993,N,True
4,130,bot2__4,993,N,True
4,345,reel9__0,993,N,True
4,117,reel12__3,993,N,True
4,110,reel12__3,993,N,True
4,117,reel13__2,993,N,True
4,35,reel13__2,993,N,True
4,117,bot29__8,993,N,True
4,reel9__5,reel27__8,993,N,True
4,reel26__2,reel27__8,993,N,True
4,86,reel27__8,993,N,True
4,reel9__5,reel36__1,993,N,True
4,115,reel36__1,993,N,True
4,121,reel0__0,993,N,True
4,91,reel0__0,993,N,True
4,170,reel0__0,993,N,True
4,108,bot1__3,993,N,True
4,258,bot1__3,993,N,True
4,170,bot1__3,993,N,True
4,190,bot14__9,993,N,True
4,170,bot14__9,993,N,True
4,336,bot14__9,993,N,True
4,170,bot22__4,993,N,True
4,212,bot48__1,993,N,True
4,36,reel1__5,993,N,True
4,151,reel1__5,993,N,True
4,339,reel1__5,993,N,True
4,151,reel12__4,993,N,True
4,151,bot18__4,993,N,True
4,bot3__2,bot18__4,993,N,True
4,151,bot24__3,993,N,True
4,311,bot24__3,993,N,True
4,295,bot35__2,993,N,True
4,151,bot35__2,993,N,True
4,151,reel41__4,993,N,True
4,113,reel28__1,993,N,True
4,10,reel28__1,993,N,True
4,197,bot22__2,993,N,True
4,bot15__4,bot22__2,993,N,True
4,197,bot32__9,993,N,True
4,32,bot32__9,993,N,True
4,197,reel38__1,993,N,True
4,234,reel38__1,993,N,True
4,reel43__3,reel38__1,993,N,True
4,331,reel38__1,993,N,True
4,reel18__6,reel40__5,993,N,True
4,32,reel40__5,993,N,True
4,16,reel42__9,993,N,True
4,71,bot5__1,993,N,True
4,41,bot5__1,993,N,True
4,234,bot17__1,993,N,True
4,41,bot17__1,993,N,True
4,41,reel28__6,993,N,True
4,295,reel2__0,993,N,True
4,246,reel2__0,993,N,True
4,295,reel4__6,993,N,True
4,242,reel4__6,993,N,True
4,295,bot9__1,993,N,True
4,59,bot9__1,993,N,True
4,295,reel34__2,993,N,True
4,344,reel34__2,993,N,True
4,199,reel35__7,993,N,True
4,bot49__3,bot48__8,993,N,True
4,reel24__3,reel43__5,993,N,True
4,bot49__3,reel43__5,993,N,True
4,110,bot3__6,993,N,True
4,49,bot3__6,993,N,True
4,110,bot7__7,993,N,True
4,232,bot7__7,993,N,True
4,110,reel32__5,993,N,True
4,190,reel9__1,993,N,True
4,190,reel33__4,993,N,True
4,190,reel35__0,993,N,True
4,190,reel40__7,993,N,True
4,reel22__6,reel2__8,993,N,True
4,233,reel2__8,993,N,True
4,reel39__3,reel2__8,993,N,True
4,316,reel2__8,993,N,True
4,reel24__8,reel7__5,993,N,True
4,316,reel7__5,993,N,True
4,89,reel7__5,993,N,True
4,75,reel18__0,993,N,True
4,316,reel18__0,993,N,True
4,316,bot22__7,993,N,True
4,316,reel46__6,993,N,True
4,247,reel24__6,993,N,True
4,160,reel24__6,993,N,True
4,289,reel24__6,993,N,True
4,9,reel1__8,993,N,True
4,42,reel1__8,993,N,True
4,261,reel1__8,993,N,True
4,235,bot17__2,993,N,True
4,261,bot17__2,993,N,True
4,59,bot17__2,993,N,True
4,54,reel48__3,993,N,True
4,261,reel48__3,993,N,True
4,147,reel43__9,993,N,True
4,214,reel43__9,993,N,True
4,217,reel11__9,993,N,True
4,347,reel11__9,993,N,True
4,217,reel28__0,993,N,True
4,329,reel28__0,993,N,True
4,217,reel38__2,993,N,True
4,318,reel38__2,993,N,True
4,reel41__5,reel38__2,993,N,True
4,217,reel41__6,993,N,True
4,163,reel41__6,993,N,True
4,126,reel0__2,993,N,True
4,126,reel26__5,993,N,True
4,126,bot39__1,993,N,True
4,64,bot39__1,993,N,True
4,243,reel13__4,993,N,True
4,136,reel13__4,993,N,True
4,159,reel33__0,993,N,True
4,reel39__9,reel33__0,993,N,True
4,183,reel33__0,993,N,True
4,54,reel16__9,993,N,True
4,280,reel16__9,993,N,True
4,54,bot18__9,993,N,True
4,282,bot2__6,993,N,True
4,19,bot2__6,993,N,True
4,bot41__5,bot2__6,993,N,True
4,282,reel5__6,993,N,True
4,323,reel5__6,993,N,True
4,282,reel39__0,993,N,True
4,bot9__3,bot10__9,993,N,True
4,233,bot10__9,993,N,True
4,326,bot2__3,993,N,True
4,38,bot2__3,993,N,True
4,289,bot2__3,993,N,True
4,340,reel9__7,993,N,True
4,289,reel9__7,993,N,True
4,289,bot25__9,993,N,True
4,149,bot25__9,993,N,True
4,276,reel1__2,993,N,True
4,115,reel1__2,993,N,True
4,72,reel1__2,993,N,True
4,276,bot42__8,993,N,True
4,138,reel0__6,993,N,True
4,135,reel0__6,993,N,True
4,138,reel15__5,993,N,True
4,reel37__8,reel15__5,993,N,True
4,48,reel15__5,993,N,True
4,reel39__1,reel15__5,993,N,True
4,337,reel15__5,993,N,True
4,247,reel5__3,993,N,True
4,112,reel4__8,993,N,True
4,116,reel4__8,993,N,True
4,62,reel4__8,993,N,True
4,bot23__6,reel4__8,993,N,True
4,264,reel7__6,993,N,True
4,150,reel7__6,993,N,True
4,264,bot8__9,993,N,True
4,88,bot8__9,993,N,True
4,264,bot15__0,993,N,True
4,20,bot15__0,993,N,True
4,35,reel34__5,993,N,True
4,238,reel34__5,993,N,True
4,35,reel38__7,993,N,True
4,reel2__3,bot39__0,993,N,True
4,99,bot39__0,993,N,True
4,bot32__0,bot23__3,993,N,True
4,107,reel0__5,993,N,True
4,98,reel0__5,993,N,True
4,344,bot4__4,993,N,True
4,98,bot4__4,993,N,True
4,50,reel31__0,993,N,True
4,98,reel31__0,993,N,True
4,bot9__6,bot15__2,993,N,True
4,123,bot15__2,993,N,True
4,bot9__6,bot17__0,993,N,True
4,329,bot4__0,993,N,True
4,248,reel11__5,993,N,True
4,329,reel11__5,993,N,True
4,87,reel11__5,993,N,True
4,34,bot24__2,993,N,True
4,329,bot24__2,993,N,True
4,323,bot24__2,993,N,True
4,202,bot5__2,993,N,True
4,38,bot5__2,993,N,True
4,55,bot5__2,993,N,True
4,38,reel48__9,993,N,True
4,123,reel4__0,993,N,True
4,79,reel4__0,993,N,True
4,123,bot18__8,993,N,True
4,20,bot18__8,993,N,True
4,123,reel34__6,993,N,True
4,39,bot19__9,993,N,True
4,85,reel15__4,993,N,True
4,147,reel15__4,993,N,True
4,157,bot10__1,993,N,True
4,49,bot10__1,993,N,True
4,155,bot40__7,993,N,True
4,reel39__3,bot40__7,993,N,True
4,22,bot0__5,993,N,True
4,36,bot0__5,993,N,True
4,95,bot1__9,993,N,True
4,22,bot1__9,993,N,True
4,231,bot1__9,993,N,True
4,22,reel35__4,993,N,True
4,339,reel35__4,993,N,True
4,22,bot48__3,993,N,True
4,231,bot13__6,993,N,True
4,bot23__1,bot13__6,993,N,True
4,291,reel9__6,993,N,True
4,reel41__7,reel9__6,993,N,True
4,280,reel9__6,993,N,True
4,339,reel9__6,993,N,True
4,271,bot15__5,993,N,True
4,262,bot15__5,993,N,True
4,339,bot15__5,993,N,True
4,339,reel18__8,993,N,True
4,339,reel25__2,993,N,True
4,95,bot1__0,993,N,True
4,262,bot1__0,993,N,True
4,95,bot1__2,993,N,True
4,113,bot1__2,993,N,True
4,95,reel1__4,993,N,True
4,95,bot17__8,993,N,True
4,323,bot17__8,993,N,True
4,95,reel29__9,993,N,True
4,95,reel46__5,993,N,True
4,13,reel46__5,993,N,True
4,252,reel46__5,993,N,True
4,reel41__0,reel7__4,993,N,True
4,reel11__7,reel7__4,993,N,True
4,reel3__5,reel7__4,993,N,True
4,reel3__5,reel14__3,993,N,True
4,20,reel14__3,993,N,True
4,226,reel38__9,993,N,True
4,reel3__5,reel38__9,993,N,True
4,reel3__5,bot39__3,993,N,True
4,13,reel23__7,993,N,True
4,bot34__3,reel23__7,993,N,True
4,208,reel27__7,993,N,True
4,reel24__3,reel27__7,993,N,True
4,reel48__7,reel27__7,993,N,True
4,130,reel6__1,993,N,True
4,50,reel6__1,993,N,True
4,248,bot45__8,993,N,True
4,205,bot45__8,993,N,True
4,96,bot45__8,993,N,True
4,71,bot3__7,993,N,True
4,71,reel35__6,993,N,True
4,reel8__0,reel35__6,993,N,True
4,171,bot2__5,993,N,True
4,1,bot2__5,993,N,True
4,1,bot6__1,993,N,True
4,45,bot6__1,993,N,True
4,79,reel11__1,993,N,True
4,1,reel11__1,993,N,True
4,1,bot17__5,993,N,True
4,1,bot19__6,993,N,True
4,321,bot15__6,993,N,True
4,bot7__8,bot15__6,993,N,True
4,bot7__8,bot24__5,993,N,True
4,124,bot4__3,993,N,True
4,60,bot4__3,993,N,True
4,60,bot14__7,993,N,True
4,60,bot33__8,993,N,True
4,60,reel36__8,993,N,True
4,94,bot8__8,993,N,True
4,bot25__7,bot8__8,993,N,True
4,219,reel15__7,993,N,True
4,252,reel15__7,993,N,True
4,219,bot17__4,993,N,True
4,bot45__5,bot17__4,993,N,True
4,238,bot17__4,993,N,True
4,235,bot10__0,993,N,True
4,234,reel8__9,993,N,True
4,305,reel8__9,993,N,True
4,336,reel8__9,993,N,True
4,226,reel18__3,993,N,True
4,336,reel18__3,993,N,True
4,336,reel27__6,993,N,True
4,202,bot0__0,993,N,True
4,47,bot0__0,993,N,True
4,205,bot0__0,993,N,True
4,49,reel27__5,993,N,True
4,205,reel27__5,993,N,True
4,reel11__3,reel27__5,993,N,True
4,205,bot44__4,993,N,True
4,288,bot44__4,993,N,True
4,reel12__6,bot13__0,993,N,True
4,296,bot13__0,993,N,True
4,reel12__6,bot26__6,993,N,True
4,91,bot26__6,993,N,True
4,14,bot16__7,993,N,True
4,321,bot16__7,993,N,True
4,121,bot17__3,993,N,True
4,321,bot17__3,993,N,True
4,91,bot45__6,993,N,True
4,45,bot45__6,993,N,True
4,326,reel10__5,993,N,True
4,253,reel10__5,993,N,True
4,bot12__8,bot25__8,993,N,True
4,59,bot20__8,993,N,True
4,112,bot10__8,993,N,True
4,bot27__2,bot10__8,993,N,True
4,340,bot10__8,993,N,True
4,248,reel41__8,993,N,True
4,86,reel12__5,993,N,True
4,86,bot23__2,993,N,True
4,242,reel9__2,993,N,True
4,90,reel9__2,993,N,True
4,277,reel9__2,993,N,True
4,reel41__7,reel31__6,993,N,True
4,225,reel31__6,993,N,True
4,reel11__3,reel44__1,993,N,True
4,reel41__7,reel44__1,993,N,True
4,337,reel20__9,993,N,True
4,reel43__8,reel4__2,993,N,True
4,83,reel4__2,993,N,True
4,83,bot8__2,993,N,True
4,34,bot14__3,993,N,True
4,83,bot14__3,993,N,True
4,343,bot25__2,993,N,True
4,83,bot25__2,993,N,True
4,342,reel48__2,993,N,True
4,83,reel48__2,993,N,True
4,132,reel1__9,993,N,True
4,55,reel1__9,993,N,True
4,57,reel12__7,993,N,True
4,119,reel12__7,993,N,True
4,55,reel12__7,993,N,True
4,159,bot41__2,993,N,True
4,55,bot41__2,993,N,True
4,131,bot4__7,993,N,True
4,184,bot4__7,993,N,True
4,342,bot0__7,993,N,True
4,304,bot0__7,993,N,True
4,9,bot3__4,993,N,True
4,14,bot3__4,993,N,True
4,bot23__6,bot29__0,993,N,True
4,bot23__6,bot41__4,993,N,True
4,bot23__6,bot44__0,993,N,True
4,208,bot2__2,993,N,True
4,61,bot2__2,993,N,True
4,21,reel16__3,993,N,True
4,reel2__2,reel16__3,993,N,True
4,21,bot23__0,993,N,True
4,49,reel27__1,993,N,True
4,280,reel27__1,993,N,True
4,49,bot4__8,993,N,True
4,33,bot4__8,993,N,True
4,3,bot17__9,993,N,True
4,33,bot17__9,993,N,True
4,213,bot28__2,993,N,True
4,33,bot28__2,993,N,True
4,216,bot0__2,993,N,True
4,291,bot0__2,993,N,True
4,216,bot7__3,993,N,True
4,216,reel32__2,993,N,True
4,163,reel32__2,993,N,True
4,216,bot37__8,993,N,True
4,reel10__8,bot16__2,993,N,True
4,reel10__8,bot22__0,993,N,True
4,347,bot22__0,993,N,True
4,334,reel23__9,993,N,True
4,reel10__8,reel23__9,993,N,True
4,reel10__8,bot48__6,993,N,True
4,183,bot12__1,993,N,True
4,241,reel26__8,993,N,True
4,183,reel26__8,993,N,True
4,183,bot41__3,993,N,True
4,42,bot8__1,993,N,True
4,42,reel21__9,993,N,True
4,311,reel21__9,993,N,True
4,bot20__2,bot27__1,993,N,True
4,42,bot27__1,993,N,True
4,64,bot2__0,993,N,True
4,64,bot41__8,993,N,True
4,reel32__8,reel33__9,993,N,True
4,344,reel33__9,993,N,True
4,94,bot8__7,993,N,True
4,89,bot8__7,993,N,True
4,175,bot13__3,993,N,True
4,175,bot13__9,993,N,True
4,322,bot13__9,993,N,True
4,175,bot47__4,993,N,True
4,reel11__7,bot47__4,993,N,True
4,bot38__1,bot21__1,993,N,True
4,26,reel19__3,993,N,True
4,26,bot43__4,993,N,True
4,334,reel6__5,993,N,True
4,231,reel6__5,993,N,True
4,231,reel8__1,993,N,True
4,reel26__2,reel8__1,993,N,True
4,231,bot26__5,993,N,True
4,bot7__1,bot26__5,993,N,True
4,reel11__3,bot26__5,993,N,True
4,231,reel37__1,993,N,True
4,231,reel40__8,993,N,True
4,121,reel40__8,993,N,True
4,97,bot23__7,993,N,True
4,213,reel39__5,993,N,True
4,34,reel39__5,993,N,True
4,97,reel39__5,993,N,True
4,bot27__2,reel12__2,993,N,True
4,reel25__5,reel12__2,993,N,True
4,reel41__9,reel3__9,993,N,True
4,79,reel3__9,993,N,True
4,291,reel3__9,993,N,True
4,reel44__0,reel3__9,993,N,True
4,291,bot27__6,993,N,True
4,bot25__6,bot30__0,993,N,True
4,47,bot1__7,993,N,True
4,232,bot1__7,993,N,True
4,155,reel2__7,993,N,True
4,232,reel2__7,993,N,True
4,125,bot28__6,993,N,True
4,108,bot28__6,993,N,True
4,125,reel29__1,993,N,True
4,reel10__2,reel29__1,993,N,True
4,147,bot11__4,993,N,True
4,147,bot19__0,993,N,True
4,251,bot19__0,993,N,True
4,168,reel30__8,993,N,True
4,147,reel30__8,993,N,True
4,256,reel30__8,993,N,True
4,reel9__8,reel11__6,993,N,True
4,bot44__9,reel11__6,993,N,True
4,256,reel11__6,993,N,True
4,213,bot6__3,993,N,True
4,168,bot6__3,993,N,True
4,bot44__9,bot6__3,993,N,True
4,reel22__6,bot37__0,993,N,True
4,124,reel18__4,993,N,True
4,reel25__7,reel18__4,993,N,True
4,19,reel24__2,993,N,True
4,reel36__5,reel24__2,993,N,True
4,61,reel0__4,993,N,True
4,3,reel0__4,993,N,True
4,75,reel0__4,993,N,True
4,238,reel17__3,993,N,True
4,155,bot19__5,993,N,True
4,238,bot19__5,993,N,True
4,238,reel22__7,993,N,True
4,238,reel25__8,993,N,True
4,311,reel25__8,993,N,True
4,238,reel32__3,993,N,True
4,241,bot4__1,993,N,True
4,326,bot4__1,993,N,True
4,241,reel10__3,993,N,True
4,241,reel21__5,993,N,True
4,94,bot22__3,993,N,True
4,241,bot22__3,993,N,True
4,241,bot33__7,993,N,True
4,reel0__9,bot33__7,993,N,True
4,241,reel35__3,993,N,True
4,179,reel44__7,993,N,True
4,327,reel40__2,993,N,True
4,58,reel40__2,993,N,True
4,9,bot3__1,993,N,True
4,267,bot3__1,993,N,True
4,9,reel35__8,993,N,True
4,58,reel35__8,993,N,True
4,228,bot10__7,993,N,True
4,13,bot10__7,993,N,True
4,13,reel15__1,993,N,True
4,13,bot17__6,993,N,True
4,13,bot29__1,993,N,True
4,296,bot36__0,993,N,True
4,reel15__9,bot27__5,993,N,True
4,bot32__5,bot27__5,993,N,True
4,reel7__3,bot36__2,993,N,True
4,reel18__6,bot20__9,993,N,True
4,326,bot20__9,993,N,True
4,326,reel25__6,993,N,True
4,326,reel28__2,993,N,True
4,90,reel28__2,993,N,True
4,326,reel34__3,993,N,True
4,326,reel45__8,993,N,True
4,269,reel17__5,993,N,True
4,reel2__2,reel17__5,993,N,True
4,7,reel17__5,993,N,True
4,149,reel14__8,993,N,True
4,344,bot48__5,993,N,True
4,reel0__9,bot48__5,993,N,True
4,265,bot48__5,993,N,True
4,109,reel1__1,993,N,True
4,202,reel22__1,993,N,True
4,277,bot8__5,993,N,True
4,251,bot8__5,993,N,True
4,reel24__3,bot30__2,993,N,True
4,186,reel6__2,993,N,True
4,271,reel6__2,993,N,True
4,234,bot10__5,993,N,True
4,271,bot10__5,993,N,True
4,48,bot16__9,993,N,True
4,271,bot16__9,993,N,True
4,322,bot6__9,993,N,True
4,256,bot6__9,993,N,True
4,107,bot14__8,993,N,True
4,107,bot26__3,993,N,True
4,reel3__2,bot7__9,993,N,True
4,reel3__2,bot41__0,993,N,True
4,reel3__2,bot46__1,993,N,True
4,165,reel14__4,993,N,True
4,reel16__8,reel14__4,993,N,True
4,reel2__2,reel14__4,993,N,True
4,75,bot2__9,993,N,True
4,256,bot2__9,993,N,True
4,256,bot9__0,993,N,True
4,256,bot44__3,993,N,True
4,113,bot33__1,993,N,True
4,300,bot33__1,993,N,True
4,reel10__2,reel15__3,993,N,True
4,267,reel15__3,993,N,True
4,reel10__2,bot31__2,993,N,True
4,144,reel14__7,993,N,True
4,144,reel31__2,993,N,True
4,reel30__6,reel31__2,993,N,True
4,168,bot10__2,993,N,True
4,220,reel13__0,993,N,True
4,161,reel13__0,993,N,True
4,311,bot34__2,993,N,True
4,99,reel16__4,993,N,True
4,323,bot40__2,993,N,True
4,reel18__6,reel36__0,993,N,True
4,347,reel36__0,993,N,True
4,153,reel43__7,993,N,True
4,bot12__6,bot18__3,993,N,True
4,230,bot36__5,993,N,True
4,230,reel46__1,993,N,True
4,143,bot38__5,993,N,True
4,143,reel41__3,993,N,True
4,reel41__0,bot46__9,993,N,True
4,72,bot46__9,993,N,True
4,207,reel37__7,993,N,True
4,207,bot46__3,993,N,True
4,reel18__6,reel16__0,993,N,True
4,288,reel16__0,993,N,True
4,reel18__6,bot43__0,993,N,True
4,159,bot25__3,993,N,True
4,131,bot25__3,993,N,True
4,131,reel39__6,993,N,True
4,48,reel6__6,993,N,True
4,reel25__5,reel6__6,993,N,True
4,reel36__5,reel39__2,993,N,True
4,reel31__7,reel15__0,993,N,True
4,258,reel15__0,993,N,True
4,119,reel24__7,993,N,True
4,225,reel24__7,993,N,True
4,119,reel40__6,993,N,True
4,119,bot46__6,993,N,True
4,228,bot9__2,993,N,True
4,228,reel30__4,993,N,True
4,246,bot42__3,993,N,True
4,reel25__7,reel27__3,993,N,True
4,49,reel27__3,993,N,True
4,75,bot3__8,993,N,True
4,bot3__3,bot10__4,993,N,True
4,225,bot10__4,993,N,True
4,185,reel31__4,993,N,True
4,reel11__7,bot14__4,993,N,True
4,reel11__7,reel30__5,993,N,True
4,267,reel30__5,993,N,True
4,277,bot9__7,993,N,True
4,163,bot9__7,993,N,True
4,bot4__2,bot27__4,993,N,True
4,277,bot27__4,993,N,True
4,148,bot35__5,993,N,True
4,267,bot27__3,993,N,True
4,288,reel34__1,993,N,True
4,reel24__8,reel34__1,993,N,True
4,226,reel16__7,993,N,True
4,164,reel16__7,993,N,True
4,17,bot27__9,993,N,True
4,48,reel43__4,993,N,True
4,34,reel21__2,993,N,True
4,reel45__4,reel21__2,993,N,True
4,47,reel14__1,993,N,True
4,47,bot25__1,993,N,True
4,87,bot13__5,993,N,True
4,87,bot19__1,993,N,True
4,87,bot33__2,993,N,True
4,344,bot41__9,993,N,True
4,reel13__7,bot20__5,993,N,True
4,bot6__6,bot20__5,993,N,True
4,332,reel17__0,993,N,True
4,332,bot49__2,993,N,True
4,7,bot15__7,993,N,True
4,reel43__8,bot47__2,993,N,True
4,7,bot47__2,993,N,True
4,reel29__7,bot40__9,993,N,True
4,62,reel33__2,993,N,True
4,161,reel33__2,993,N,True
4,161,bot37__6,993,N,True
4,3,bot37__7,993,N,True
4,234,bot44__5,993,N,True
4,reel8__0,reel23__3,993,N,True
4,reel0__9,bot11__2,993,N,True
4,135,bot30__6,993,N,True
4,52,bot1__1,993,N,True
4,342,bot20__0,993,N,True
4,reel15__9,bot38__8,993,N,True
4,313,reel9__4,993,N,True
4,313,bot46__4,993,N,True
4,94,bot0__1,993,N,True
4,243,reel19__5,993,N,True
4,152,reel0__3,993,N,True
4,102,99,994,N,True
4,131,99,994,N,True
4,23,99,994,N,True
4,131,143,994,N,True
4,reel41__3,143,994,N,True
4,reel3__3,177,994,N,True
4,131,177,994,N,True
4,reel24__1,177,994,N,True
4,86,177,994,N,True
4,102,227,994,N,True
4,131,227,994,N,True
4,23,227,994,N,True
4,86,227,994,N,True
4,131,225,994,N,True
4,reel31__6,225,994,N,True
4,86,225,994,N,True
4,131,reel2__2,994,N,True
4,bot16__3,reel2__2,994,N,True
4,131,bot4__7,994,N,True
4,324,bot4__7,994,N,True
4,184,bot4__7,994,N,True
4,159,bot25__3,994,N,True
4,131,bot25__3,994,N,True
4,285,117,994,N,True
4,231,117,994,N,True
4,reel12__3,117,994,N,True
4,231,82,994,N,True
4,reel4__5,82,994,N,True
4,252,82,994,N,True
4,98,82,994,N,True
4,123,82,994,N,True
4,56,82,994,N,True
4,169,82,994,N,True
4,318,82,994,N,True
4,325,82,994,N,True
4,271,82,994,N,True
4,231,232,994,N,True
4,239,232,994,N,True
4,21,232,994,N,True
4,200,232,994,N,True
4,212,232,994,N,True
4,122,232,994,N,True
4,322,232,994,N,True
4,56,232,994,N,True
4,25,232,994,N,True
4,285,232,994,N,True
4,291,232,994,N,True
4,271,232,994,N,True
4,231,9,994,N,True
4,21,9,994,N,True
4,128,9,994,N,True
4,169,9,994,N,True
4,186,9,994,N,True
4,285,9,994,N,True
4,291,9,994,N,True
4,188,9,994,N,True
4,66,9,994,N,True
4,200,9,994,N,True
4,113,9,994,N,True
4,161,9,994,N,True
4,25,9,994,N,True
4,252,9,994,N,True
4,142,9,994,N,True
4,bot3__4,9,994,N,True
4,185,9,994,N,True
4,271,9,994,N,True
4,277,9,994,N,True
4,322,9,994,N,True
4,56,9,994,N,True
4,122,9,994,N,True
4,231,280,994,N,True
4,239,280,994,N,True
4,21,280,994,N,True
4,169,280,994,N,True
4,236,280,994,N,True
4,291,280,994,N,True
4,188,280,994,N,True
4,98,280,994,N,True
4,200,280,994,N,True
4,25,280,994,N,True
4,reel16__9,280,994,N,True
4,252,280,994,N,True
4,142,280,994,N,True
4,185,280,994,N,True
4,271,280,994,N,True
4,277,280,994,N,True
4,322,280,994,N,True
4,332,280,994,N,True
4,122,280,994,N,True
4,231,29,994,N,True
4,252,29,994,N,True
4,bot41__8,29,994,N,True
4,231,106,994,N,True
4,169,106,994,N,True
4,reel36__5,106,994,N,True
4,332,106,994,N,True
4,231,172,994,N,True
4,reel18__7,172,994,N,True
4,239,172,994,N,True
4,252,172,994,N,True
4,277,172,994,N,True
4,212,172,994,N,True
4,325,172,994,N,True
4,128,172,994,N,True
4,113,172,994,N,True
4,56,172,994,N,True
4,332,172,994,N,True
4,159,172,994,N,True
4,308,172,994,N,True
4,271,172,994,N,True
4,98,172,994,N,True
4,231,329,994,N,True
4,54,329,994,N,True
4,324,329,994,N,True
4,178,329,994,N,True
4,322,329,994,N,True
4,320,329,994,N,True
4,204,329,994,N,True
4,197,329,994,N,True
4,332,329,994,N,True
4,reel11__5,329,994,N,True
4,308,329,994,N,True
4,291,329,994,N,True
4,27,329,994,N,True
4,184,329,994,N,True
4,231,bot1__9,994,N,True
4,22,bot1__9,994,N,True
4,231,bot2__8,994,N,True
4,231,bot4__2,994,N,True
4,reel6__2,bot13__6,994,N,True
4,231,bot13__6,994,N,True
4,333,bot13__6,994,N,True
4,bot14__6,bot13__6,994,N,True
4,231,bot26__5,994,N,True
4,reel11__3,bot26__5,994,N,True
4,231,reel40__8,994,N,True
4,188,reel40__8,994,N,True
4,reel22__9,228,994,N,True
4,reel24__3,reel14__9,994,N,True
4,reel36__5,reel14__9,994,N,True
4,reel36__5,reel39__2,994,N,True
4,bot15__7,bot9__9,994,N,True
4,bot6__8,bot9__9,994,N,True
4,212,bot9__9,994,N,True
4,bot15__7,bot29__1,994,N,True
4,reel3__3,reel19__1,994,N,True
4,reel3__3,reel22__5,994,N,True
4,reel3__3,bot47__6,994,N,True
4,reel3__3,reel48__9,994,N,True
4,213,224,994,N,True
4,324,224,994,N,True
4,200,224,994,N,True
4,122,224,994,N,True
4,bot12__5,224,994,N,True
4,322,224,994,N,True
4,332,224,994,N,True
4,25,224,994,N,True
4,236,224,994,N,True
4,291,224,994,N,True
4,188,224,994,N,True
4,271,224,994,N,True
4,281,135,994,N,True
4,197,135,994,N,True
4,320,135,994,N,True
4,184,135,994,N,True
4,281,309,994,N,True
4,197,309,994,N,True
4,320,309,994,N,True
4,184,309,994,N,True
4,281,bot28__7,994,N,True
4,281,bot36__2,994,N,True
4,reel6__5,bot41__0,994,N,True
4,bot37__5,bot41__0,994,N,True
4,reel28__4,reel21__4,994,N,True
4,reel28__4,reel35__7,994,N,True
4,21,88,994,N,True
4,126,88,994,N,True
4,178,88,994,N,True
4,322,88,994,N,True
4,53,88,994,N,True
4,56,88,994,N,True
4,186,88,994,N,True
4,25,88,994,N,True
4,236,88,994,N,True
4,reel8__0,341,994,N,True
4,322,341,994,N,True
4,56,341,994,N,True
4,186,341,994,N,True
4,188,341,994,N,True
4,271,223,994,N,True
4,239,223,994,N,True
4,252,223,994,N,True
4,21,223,994,N,True
4,200,223,994,N,True
4,128,223,994,N,True
4,56,223,994,N,True
4,246,223,994,N,True
4,186,223,994,N,True
4,325,223,994,N,True
4,188,223,994,N,True
4,98,223,994,N,True
4,239,59,994,N,True
4,252,59,994,N,True
4,98,59,994,N,True
4,56,59,994,N,True
4,186,59,994,N,True
4,325,59,994,N,True
4,271,59,994,N,True
4,239,62,994,N,True
4,reel4__8,62,994,N,True
4,200,62,994,N,True
4,122,62,994,N,True
4,142,62,994,N,True
4,322,62,994,N,True
4,161,62,994,N,True
4,56,62,994,N,True
4,186,62,994,N,True
4,318,62,994,N,True
4,236,62,994,N,True
4,98,62,994,N,True
4,239,170,994,N,True
4,21,170,994,N,True
4,128,170,994,N,True
4,186,170,994,N,True
4,285,170,994,N,True
4,122,170,994,N,True
4,188,170,994,N,True
4,98,170,994,N,True
4,200,170,994,N,True
4,25,170,994,N,True
4,252,170,994,N,True
4,55,170,994,N,True
4,142,170,994,N,True
4,185,170,994,N,True
4,271,170,994,N,True
4,bot22__4,170,994,N,True
4,277,170,994,N,True
4,322,170,994,N,True
4,bot11__3,170,994,N,True
4,56,170,994,N,True
4,332,170,994,N,True
4,reel0__0,170,994,N,True
4,322,221,994,N,True
4,45,221,994,N,True
4,56,221,994,N,True
4,186,221,994,N,True
4,25,221,994,N,True
4,285,221,994,N,True
4,109,323,994,N,True
4,239,323,994,N,True
4,277,323,994,N,True
4,200,323,994,N,True
4,21,323,994,N,True
4,122,323,994,N,True
4,142,323,994,N,True
4,322,323,994,N,True
4,56,323,994,N,True
4,332,323,994,N,True
4,186,323,994,N,True
4,25,323,994,N,True
4,285,323,994,N,True
4,308,323,994,N,True
4,188,323,994,N,True
4,271,323,994,N,True
4,56,222,994,N,True
4,325,222,994,N,True
4,186,222,994,N,True
4,109,331,994,N,True
4,324,331,994,N,True
4,56,331,994,N,True
4,332,331,994,N,True
4,186,331,994,N,True
4,25,331,994,N,True
4,271,331,994,N,True
4,98,331,994,N,True
4,186,bot0__4,994,N,True
4,186,reel33__7,994,N,True
4,213,80,994,N,True
4,194,80,994,N,True
4,330,80,994,N,True
4,204,80,994,N,True
4,92,80,994,N,True
4,180,80,994,N,True
4,249,80,994,N,True
4,320,80,994,N,True
4,194,187,994,N,True
4,254,187,994,N,True
4,5,187,994,N,True
4,92,187,994,N,True
4,180,187,994,N,True
4,249,187,994,N,True
4,213,242,994,N,True
4,194,242,994,N,True
4,254,242,994,N,True
4,322,242,994,N,True
4,330,242,994,N,True
4,204,242,994,N,True
4,53,242,994,N,True
4,92,242,994,N,True
4,180,242,994,N,True
4,249,242,994,N,True
4,194,299,994,N,True
4,254,299,994,N,True
4,330,299,994,N,True
4,53,299,994,N,True
4,92,299,994,N,True
4,180,299,994,N,True
4,249,299,994,N,True
4,194,94,994,N,True
4,254,94,994,N,True
4,330,94,994,N,True
4,204,94,994,N,True
4,53,94,994,N,True
4,92,94,994,N,True
4,25,94,994,N,True
4,180,94,994,N,True
4,249,94,994,N,True
4,320,94,994,N,True
4,bot6__2,101,994,N,True
4,194,101,994,N,True
4,254,101,994,N,True
4,330,101,994,N,True
4,204,101,994,N,True
4,53,101,994,N,True
4,92,101,994,N,True
4,180,101,994,N,True
4,249,101,994,N,True
4,194,302,994,N,True
4,254,302,994,N,True
4,330,302,994,N,True
4,204,302,994,N,True
4,53,302,994,N,True
4,92,302,994,N,True
4,180,302,994,N,True
4,249,302,994,N,True
4,180,reel15__9,994,N,True
4,180,reel25__5,994,N,True
4,180,reel32__6,994,N,True
4,bot2__6,103,994,N,True
4,252,103,994,N,True
4,200,103,994,N,True
4,7,103,994,N,True
4,136,103,994,N,True
4,185,103,994,N,True
4,56,103,994,N,True
4,169,103,994,N,True
4,25,103,994,N,True
4,285,103,994,N,True
4,271,103,994,N,True
4,98,103,994,N,True
4,239,60,994,N,True
4,322,60,994,N,True
4,56,60,994,N,True
4,285,60,994,N,True
4,291,60,994,N,True
4,bot2__2,208,994,N,True
4,277,208,994,N,True
4,332,208,994,N,True
4,285,208,994,N,True
4,291,208,994,N,True
4,188,208,994,N,True
4,239,119,994,N,True
4,21,119,994,N,True
4,128,119,994,N,True
4,285,119,994,N,True
4,27,119,994,N,True
4,188,119,994,N,True
4,98,119,994,N,True
4,324,119,994,N,True
4,200,119,994,N,True
4,113,119,994,N,True
4,25,119,994,N,True
4,318,119,994,N,True
4,109,119,994,N,True
4,54,119,994,N,True
4,252,119,994,N,True
4,185,119,994,N,True
4,271,119,994,N,True
4,277,119,994,N,True
4,56,119,994,N,True
4,332,119,994,N,True
4,122,119,994,N,True
4,325,119,994,N,True
4,239,313,994,N,True
4,54,313,994,N,True
4,252,313,994,N,True
4,21,313,994,N,True
4,98,313,994,N,True
4,128,313,994,N,True
4,113,313,994,N,True
4,56,313,994,N,True
4,285,313,994,N,True
4,325,313,994,N,True
4,271,313,994,N,True
4,285,164,994,N,True
4,271,342,994,N,True
4,252,342,994,N,True
4,277,342,994,N,True
4,21,342,994,N,True
4,122,342,994,N,True
4,123,342,994,N,True
4,322,342,994,N,True
4,113,342,994,N,True
4,56,342,994,N,True
4,285,342,994,N,True
4,325,342,994,N,True
4,188,342,994,N,True
4,98,342,994,N,True
4,239,261,994,N,True
4,252,261,994,N,True
4,122,261,994,N,True
4,98,261,994,N,True
4,123,261,994,N,True
4,55,261,994,N,True
4,113,261,994,N,True
4,56,261,994,N,True
4,318,261,994,N,True
4,285,261,994,N,True
4,325,261,994,N,True
4,271,261,994,N,True
4,277,10,994,N,True
4,200,10,994,N,True
4,142,10,994,N,True
4,332,10,994,N,True
4,169,10,994,N,True
4,285,10,994,N,True
4,291,10,994,N,True
4,285,bot3__3,994,N,True
4,285,bot49__3,994,N,True
4,239,72,994,N,True
4,252,72,994,N,True
4,200,72,994,N,True
4,212,72,994,N,True
4,113,72,994,N,True
4,56,72,994,N,True
4,25,72,994,N,True
4,291,72,994,N,True
4,271,72,994,N,True
4,109,31,994,N,True
4,252,31,994,N,True
4,277,31,994,N,True
4,200,31,994,N,True
4,7,31,994,N,True
4,83,31,994,N,True
4,21,31,994,N,True
4,142,31,994,N,True
4,25,31,994,N,True
4,51,31,994,N,True
4,122,31,994,N,True
4,308,31,994,N,True
4,291,31,994,N,True
4,98,258,994,N,True
4,161,258,994,N,True
4,291,258,994,N,True
4,188,258,994,N,True
4,bot27__8,258,994,N,True
4,291,129,994,N,True
4,7,129,994,N,True
4,109,158,994,N,True
4,142,158,994,N,True
4,322,158,994,N,True
4,113,158,994,N,True
4,5,158,994,N,True
4,332,158,994,N,True
4,25,158,994,N,True
4,22,158,994,N,True
4,325,158,994,N,True
4,291,158,994,N,True
4,22,168,994,N,True
4,291,168,994,N,True
4,277,168,994,N,True
4,7,168,994,N,True
4,56,bot0__2,994,N,True
4,291,bot0__2,994,N,True
4,291,reel3__1,994,N,True
4,bot4__5,reel3__1,994,N,True
4,53,reel3__1,994,N,True
4,169,reel3__9,994,N,True
4,291,reel3__9,994,N,True
4,reel44__0,reel3__9,994,N,True
4,291,reel9__6,994,N,True
4,291,bot27__6,994,N,True
4,239,265,994,N,True
4,252,265,994,N,True
4,98,265,994,N,True
4,128,265,994,N,True
4,56,265,994,N,True
4,325,265,994,N,True
4,271,265,994,N,True
4,109,148,994,N,True
4,98,148,994,N,True
4,113,148,994,N,True
4,185,148,994,N,True
4,25,148,994,N,True
4,271,148,994,N,True
4,109,13,994,N,True
4,271,13,994,N,True
4,239,13,994,N,True
4,252,13,994,N,True
4,277,13,994,N,True
4,21,13,994,N,True
4,56,13,994,N,True
4,332,13,994,N,True
4,236,13,994,N,True
4,325,13,994,N,True
4,188,13,994,N,True
4,98,13,994,N,True
4,252,134,994,N,True
4,277,134,994,N,True
4,21,134,994,N,True
4,142,134,994,N,True
4,113,134,994,N,True
4,56,134,994,N,True
4,bot49__5,134,994,N,True
4,66,134,994,N,True
4,252,334,994,N,True
4,277,334,994,N,True
4,200,334,994,N,True
4,21,334,994,N,True
4,123,334,994,N,True
4,128,334,994,N,True
4,142,334,994,N,True
4,113,334,994,N,True
4,56,334,994,N,True
4,reel6__5,334,994,N,True
4,169,334,994,N,True
4,318,334,994,N,True
4,308,334,994,N,True
4,66,334,994,N,True
4,188,334,994,N,True
4,66,bot46__1,994,N,True
4,320,300,994,N,True
4,bot33__1,300,994,N,True
4,213,57,994,N,True
4,277,57,994,N,True
4,204,57,994,N,True
4,92,57,994,N,True
4,249,57,994,N,True
4,320,57,994,N,True
4,184,57,994,N,True
4,333,reel5__4,994,N,True
4,320,reel5__4,994,N,True
4,324,reel5__4,994,N,True
4,320,bot21__6,994,N,True
4,320,bot21__8,994,N,True
4,53,bot21__8,994,N,True
4,320,reel45__4,994,N,True
4,reel17__4,reel45__4,994,N,True
4,236,133,994,N,True
4,322,133,994,N,True
4,188,133,994,N,True
4,271,133,994,N,True
4,21,165,994,N,True
4,200,165,994,N,True
4,113,165,994,N,True
4,169,165,994,N,True
4,188,165,994,N,True
4,200,3,994,N,True
4,142,3,994,N,True
4,25,3,994,N,True
4,122,3,994,N,True
4,188,3,994,N,True
4,109,297,994,N,True
4,252,297,994,N,True
4,324,297,994,N,True
4,200,297,994,N,True
4,21,297,994,N,True
4,reel34__7,297,994,N,True
4,122,297,994,N,True
4,142,297,994,N,True
4,322,297,994,N,True
4,185,297,994,N,True
4,56,297,994,N,True
4,25,297,994,N,True
4,236,297,994,N,True
4,188,297,994,N,True
4,271,297,994,N,True
4,213,30,994,N,True
4,200,30,994,N,True
4,178,30,994,N,True
4,322,30,994,N,True
4,56,30,994,N,True
4,236,30,994,N,True
4,188,30,994,N,True
4,271,30,994,N,True
4,252,79,994,N,True
4,200,79,994,N,True
4,185,79,994,N,True
4,25,79,994,N,True
4,188,79,994,N,True
4,271,79,994,N,True
4,reel18__0,75,994,N,True
4,200,75,994,N,True
4,322,75,994,N,True
4,56,75,994,N,True
4,bot19__8,75,994,N,True
4,188,75,994,N,True
4,188,bot17__5,994,N,True
4,reel5__2,reel41__2,994,N,True
4,188,reel41__2,994,N,True
4,188,bot49__8,994,N,True
4,reel7__6,150,994,N,True
4,128,150,994,N,True
4,324,150,994,N,True
4,213,340,994,N,True
4,246,340,994,N,True
4,324,340,994,N,True
4,7,340,994,N,True
4,324,reel13__3,994,N,True
4,54,reel20__6,994,N,True
4,324,reel20__6,994,N,True
4,reel8__4,bot30__0,994,N,True
4,bot25__6,bot30__0,994,N,True
4,bot8__3,bot36__8,994,N,True
4,bot25__6,bot36__8,994,N,True
4,reel8__4,bot36__1,994,N,True
4,reel8__4,reel36__6,994,N,True
4,332,bot5__7,994,N,True
4,bot2__0,bot5__7,994,N,True
4,bot16__8,bot5__7,994,N,True
4,70,bot5__7,994,N,True
4,70,reel40__3,994,N,True
4,123,reel4__0,994,N,True
4,reel6__5,reel4__0,994,N,True
4,201,reel4__0,994,N,True
4,123,reel32__1,994,N,True
4,123,reel48__1,994,N,True
4,reel16__0,288,994,N,True
4,reel34__1,288,994,N,True
4,25,288,994,N,True
4,bot7__0,288,994,N,True
4,273,275,994,N,True
4,273,78,994,N,True
4,273,181,994,N,True
4,273,4,994,N,True
4,273,reel14__4,994,N,True
4,332,reel17__0,994,N,True
4,273,reel17__0,994,N,True
4,reel11__5,reel17__0,994,N,True
4,273,bot23__8,994,N,True
4,273,reel33__8,994,N,True
4,246,bot15__8,994,N,True
4,246,bot42__3,994,N,True
4,236,69,994,N,True
4,25,69,994,N,True
4,reel8__9,336,994,N,True
4,25,336,994,N,True
4,236,84,994,N,True
4,83,84,994,N,True
4,25,84,994,N,True
4,51,84,994,N,True
4,126,73,994,N,True
4,25,73,994,N,True
4,21,105,994,N,True
4,277,105,994,N,True
4,reel34__7,105,994,N,True
4,25,105,994,N,True
4,236,105,994,N,True
4,reel7__6,65,994,N,True
4,252,65,994,N,True
4,25,65,994,N,True
4,7,65,994,N,True
4,bot2__0,64,994,N,True
4,bot41__8,64,994,N,True
4,344,311,994,N,True
4,325,311,994,N,True
4,277,311,994,N,True
4,bot24__3,311,994,N,True
4,293,reel15__0,994,N,True
4,bot24__3,reel15__0,994,N,True
4,reel32__0,reel24__9,994,N,True
4,reel32__0,reel29__5,994,N,True
4,301,reel29__5,994,N,True
4,reel32__0,reel46__4,994,N,True
4,bot17__4,219,994,N,True
4,330,reel12__6,994,N,True
4,330,reel16__4,994,N,True
4,185,reel31__4,994,N,True
4,53,191,994,N,True
4,53,317,994,N,True
4,53,reel9__8,994,N,True
4,53,bot21__2,994,N,True
4,reel0__5,reel31__3,994,N,True
4,53,reel31__3,994,N,True
4,reel33__9,reel38__0,994,N,True
4,reel11__5,reel38__0,994,N,True
4,249,163,994,N,True
4,reel23__8,163,994,N,True
4,reel23__8,reel37__0,994,N,True
4,reel23__8,bot39__5,994,N,True
4,92,bot13__2,994,N,True
4,92,bot13__8,994,N,True
4,92,bot20__8,994,N,True
4,293,bot1__6,994,N,True
4,reel14__3,reel9__3,994,N,True
4,293,reel9__3,994,N,True
4,293,bot31__8,994,N,True
4,293,bot36__4,994,N,True
4,293,bot42__0,994,N,True
4,205,bot44__4,994,N,True
4,293,bot44__4,994,N,True
4,bot22__4,bot9__2,994,N,True
4,bot2__6,bot9__2,994,N,True
4,bot15__9,bot9__2,994,N,True
4,bot28__1,reel6__3,994,N,True
4,bot7__4,112,994,N,True
4,174,112,994,N,True
4,reel4__8,112,994,N,True
4,241,reel10__3,994,N,True
4,reel4__8,reel10__3,994,N,True
4,reel4__8,bot23__6,994,N,True
4,23,245,994,N,True
4,reel28__9,245,994,N,True
4,bot2__6,bot3__7,994,N,True
4,194,bot3__7,994,N,True
4,bot2__6,bot41__5,994,N,True
4,109,50,994,N,True
4,bot38__7,50,994,N,True
4,113,50,994,N,True
4,277,50,994,N,True
4,136,120,994,N,True
4,277,120,994,N,True
4,277,294,994,N,True
4,reel14__3,reel3__5,994,N,True
4,277,reel3__5,994,N,True
4,277,bot6__4,994,N,True
4,277,bot9__7,994,N,True
4,reel13__0,reel19__0,994,N,True
4,277,reel19__0,994,N,True
4,277,bot27__4,994,N,True
4,reel24__1,reel48__0,994,N,True
4,277,reel48__0,994,N,True
4,reel5__2,bot6__7,994,N,True
4,reel5__2,bot7__5,994,N,True
4,reel5__2,bot35__4,994,N,True
4,bot48__6,bot16__1,994,N,True
4,bot48__6,bot49__6,994,N,True
4,51,bot3__1,994,N,True
4,51,bot26__0,994,N,True
4,bot45__7,bot23__0,994,N,True
4,bot7__4,bot23__0,994,N,True
4,21,bot23__0,994,N,True
4,241,bot13__7,994,N,True
4,241,reel21__5,994,N,True
4,241,bot22__3,994,N,True
4,241,reel35__3,994,N,True
4,241,bot45__9,994,N,True
4,22,bot0__5,994,N,True
4,169,bot0__5,994,N,True
4,22,bot27__0,994,N,True
4,bot13__1,bot27__0,994,N,True
4,22,reel42__4,994,N,True
4,reel19__4,reel42__4,994,N,True
4,bot7__0,bot31__3,994,N,True
4,reel0__5,reel21__6,994,N,True
4,reel0__5,bot31__1,994,N,True
4,reel0__5,bot39__4,994,N,True
4,reel14__7,reel5__7,994,N,True
4,174,bot20__2,994,N,True
4,reel13__1,bot20__2,994,N,True
4,236,314,994,N,True
4,161,314,994,N,True
4,271,314,994,N,True
4,109,314,994,N,True
4,236,bot22__9,994,N,True
4,27,bot9__4,994,N,True
4,27,reel34__5,994,N,True
4,bot43__1,bot3__0,994,N,True
4,213,bot0__6,994,N,True
4,213,bot6__3,994,N,True
4,reel18__7,bot24__0,994,N,True
4,reel18__7,bot47__3,994,N,True
4,reel8__9,reel24__7,994,N,True
4,reel27__4,reel24__7,994,N,True
4,332,38,994,N,True
4,178,38,994,N,True
4,322,38,994,N,True
4,7,38,994,N,True
4,178,reel37__4,994,N,True
4,178,reel45__0,994,N,True
4,bot14__4,bot30__4,994,N,True
4,reel13__7,183,994,N,True
4,reel26__8,183,994,N,True
4,23,61,994,N,True
4,bot2__2,61,994,N,True
4,23,240,994,N,True
4,23,267,994,N,True
4,249,reel21__7,994,N,True
4,249,bot34__3,994,N,True
4,249,reel35__2,994,N,True
4,249,reel38__4,994,N,True
4,49,255,994,N,True
4,49,bot3__6,994,N,True
4,bot13__1,bot4__8,994,N,True
4,49,bot4__8,994,N,True
4,49,bot10__1,994,N,True
4,49,reel27__1,994,N,True
4,reel0__2,reel27__1,994,N,True
4,205,reel27__5,994,N,True
4,reel31__6,reel27__5,994,N,True
4,49,reel27__5,994,N,True
4,reel11__3,reel27__5,994,N,True
4,reel11__5,reel15__8,994,N,True
4,reel19__4,reel15__8,994,N,True
4,reel39__7,reel37__7,994,N,True
4,109,229,994,N,True
4,109,reel1__1,994,N,True
4,109,reel25__7,994,N,True
4,109,reel37__9,994,N,True
4,bot23__9,bot47__2,994,N,True
4,7,bot47__2,994,N,True
4,239,338,994,N,True
4,308,338,994,N,True
4,252,338,994,N,True
4,252,reel6__9,994,N,True
4,252,reel15__7,994,N,True
4,252,reel46__5,994,N,True
4,reel16__9,bot43__5,994,N,True
4,reel16__0,reel2__9,994,N,True
4,reel1__4,reel2__9,994,N,True
4,reel24__3,bot30__2,994,N,True
4,reel6__5,bot30__2,994,N,True
4,reel24__3,reel43__5,994,N,True
4,reel12__3,reel43__5,994,N,True
4,bot23__3,reel21__9,994,N,True
4,159,reel33__0,994,N,True
4,reel43__1,reel33__0,994,N,True
4,bot18__8,bot27__3,994,N,True
4,56,298,994,N,True
4,271,298,994,N,True
4,212,298,994,N,True
4,56,63,994,N,True
4,271,63,994,N,True
4,271,bot5__5,994,N,True
4,271,reel5__1,994,N,True
4,271,bot16__9,994,N,True
4,271,reel46__0,994,N,True
4,reel4__5,42,994,N,True
4,reel4__5,bot7__2,994,N,True
4,reel4__5,bot7__8,994,N,True
4,205,bot0__0,994,N,True
4,322,bot2__7,994,N,True
4,308,bot2__7,994,N,True
4,322,bot6__9,994,N,True
4,322,bot13__9,994,N,True
4,bot11__3,bot12__6,994,N,True
4,bot11__3,bot32__5,994,N,True
4,bot11__3,bot38__1,994,N,True
4,344,bot41__9,994,N,True
4,45,bot45__6,994,N,True
4,reel13__7,bot42__7,994,N,True
4,reel44__9,reel23__9,994,N,True
4,253,bot5__4,994,N,True
4,reel16__5,bot29__7,994,N,True
4,bot19__8,bot29__7,994,N,True
4,reel48__6,reel23__3,994,N,True
4,reel8__0,reel23__3,994,N,True
4,reel48__6,160,994,N,True
4,7,reel17__5,994,N,True
4,7,bot33__5,994,N,True
4,212,bot22__6,994,N,True
4,212,bot48__1,994,N,True
4,reel24__1,reel0__7,994,N,True
4,204,reel43__8,994,N,True
4,197,reel38__1,994,N,True
4,reel5__0,bot17__3,994,N,True
4,reel5__0,bot22__0,994,N,True
4,reel5__0,reel25__2,994,N,True
4,308,reel11__1,994,N,True
4,308,reel29__8,994,N,True
4,86,bot23__2,994,N,True
4,200,reel7__8,994,N,True
4,200,bot8__6,994,N,True
4,200,bot20__7,994,N,True
4,bot7__4,bot33__0,994,N,True
4,5,bot33__0,994,N,True
4,bot7__4,bot41__6,994,N,True
4,113,bot28__8,994,N,True
4,113,reel28__1,994,N,True
4,161,bot0__8,994,N,True
4,184,reel26__3,994,N,True
4,161,reel26__3,994,N,True
4,161,reel33__2,994,N,True
4,reel31__6,bot37__6,994,N,True
4,161,bot37__6,994,N,True
4,reel11__5,bot20__0,994,N,True
4,318,bot18__5,994,N,True
4,318,reel33__6,994,N,True
4,318,reel38__2,994,N,True
4,reel7__5,reel10__6,994,N,True
4,reel7__5,reel18__8,994,N,True
4,reel7__5,bot36__3,994,N,True
4,reel7__5,reel36__8,994,N,True
4,reel16__5,reel47__7,994,N,True
4,bot34__9,bot7__3,994,N,True
4,bot16__3,bot7__3,994,N,True
4,83,reel18__2,994,N,True
4,83,reel48__2,994,N,True
4,21,bot9__3,994,N,True
4,254,bot9__3,994,N,True
4,54,bot15__3,994,N,True
4,254,bot15__3,994,N,True
4,55,reel1__9,994,N,True
4,55,bot5__2,994,N,True
4,184,bot35__0,994,N,True
4,55,bot35__0,994,N,True
4,bot11__5,reel10__0,994,N,True
4,194,reel10__0,994,N,True
4,bot11__5,bot12__9,994,N,True
4,bot11__5,bot38__2,994,N,True
4,bot27__8,bot38__2,994,N,True
4,reel17__4,reel16__2,994,N,True
4,reel17__4,bot27__2,994,N,True
4,bot29__9,bot26__1,994,N,True
4,184,reel23__1,994,N,True
4,bot29__9,reel23__1,994,N,True
4,bot4__9,bot42__8,994,N,True
4,159,reel1__6,994,N,True
4,reel17__3,reel23__0,994,N,True
4,159,reel23__0,994,N,True
4,159,reel43__6,994,N,True
4,184,reel36__4,994,N,True
4,reel18__0,reel25__8,994,N,True
4,194,reel2__7,994,N,True
4,194,bot13__4,994,N,True
4,194,bot34__6,994,N,True
4,56,bot14__1,994,N,True
4,56,reel19__3,994,N,True
4,56,bot46__2,994,N,True
4,reel8__9,234,994,N,True
4,239,234,994,N,True
4,reel8__9,bot16__5,994,N,True
4,reel8__9,bot44__2,994,N,True
4,90,179,994,N,True
4,90,reel48__5,994,N,True
4,reel34__0,reel8__6,994,N,True
4,126,reel8__6,994,N,True
4,reel29__2,reel8__6,994,N,True
4,reel34__0,bot35__8,994,N,True
4,reel34__0,reel41__8,994,N,True
4,reel42__6,reel41__8,994,N,True
4,reel0__0,91,994,N,True
4,264,91,994,N,True
4,201,91,994,N,True
4,reel0__0,reel5__9,994,N,True
4,reel0__0,reel38__3,994,N,True
4,reel0__0,reel47__0,994,N,True
4,126,reel26__5,994,N,True
4,bot30__1,reel26__5,994,N,True
4,reel0__2,reel7__4,994,N,True
4,21,reel16__3,994,N,True
4,reel12__4,100,994,N,True
4,128,reel11__8,994,N,True
4,reel7__6,bot9__0,994,N,True
4,bot8__2,bot9__0,994,N,True
4,reel6__5,bot20__1,994,N,True
4,reel6__5,reel36__9,994,N,True
4,reel12__0,reel23__2,994,N,True
4,reel12__0,reel33__4,994,N,True
4,reel12__0,reel42__1,994,N,True
4,169,125,994,N,True
4,136,125,994,N,True
4,169,reel8__5,994,N,True
4,reel13__5,reel19__2,994,N,True
4,301,47,994,N,True
4,301,bot22__1,994,N,True
4,301,reel22__2,994,N,True
4,301,bot28__0,994,N,True
4,bot25__2,bot12__3,994,N,True
4,reel29__2,reel34__9,994,N,True
4,reel34__7,bot44__6,994,N,True
4,bot47__8,bot28__6,994,N,True
4,136,reel9__5,994,N,True
4,bot43__7,reel35__5,994,N,True
4,bot43__7,reel26__6,994,N,True
4,102,296,994,N,True
4,102,reel28__0,994,N,True
4,102,bot40__2,994,N,True
4,102,reel48__3,994,N,True
4,54,reel48__3,994,N,True
4,54,bot18__9,994,N,True
4,bot6__2,bot16__4,994,N,True
4,282,reel39__0,994,N,True
4,bot3__4,bot0__3,994,N,True
4,52,reel33__1,994,N,True
4,bot13__1,bot41__4,994,N,True
4,reel39__1,reel11__0,994,N,True
4,bot38__7,reel14__1,994,N,True
4,230,307,994,N,True
4,230,reel10__2,994,N,True
4,230,bot36__5,994,N,True
4,138,reel0__6,994,N,True
4,bot15__9,bot14__5,994,N,True
4,bot15__9,bot29__5,994,N,True
4,201,259,994,N,True
4,264,259,994,N,True
4,201,8,994,N,True
4,264,8,994,N,True
4,201,bot0__9,994,N,True
4,201,reel7__0,994,N,True
4,reel1__4,reel7__0,994,N,True
4,201,bot16__6,994,N,True
4,201,bot22__7,994,N,True
4,reel14__8,reel26__1,994,N,True
4,reel14__8,reel30__2,994,N,True
4,reel14__8,bot35__9,994,N,True
4,reel1__4,95,994,N,True
4,reel1__4,189,994,N,True
4,122,reel6__6,994,N,True
4,122,bot24__5,994,N,True
4,122,reel29__9,994,N,True
4,122,reel44__3,994,N,True
4,264,bot29__4,994,N,True
4,174,reel46__7,994,N,True
4,325,reel38__8,994,N,True
4,bot6__8,bot16__0,994,N,True
4,bot6__8,bot21__7,994,N,True
4,bot44__8,bot42__8,995,N,True
4,bot4__9,bot42__8,995,N,True
4,reel22__6,bot37__0,995,N,True
4,reel33__7,bot37__0,995,N,True
4,reel0__0,reel8__1,995,N,True
4,bot48__0,reel8__1,995,N,True
4,bot48__0,bot32__0,995,N,True
4,180,bot32__0,995,N,True
4,183,reel10__8,995,N,True
4,reel17__7,reel10__8,995,N,True
4,reel22__8,reel10__8,995,N,True
4,81,reel10__8,995,N,True
4,reel23__9,reel10__8,995,N,True
4,reel34__5,35,995,N,True
4,reel33__9,reel38__0,995,N,True
4,reel11__5,reel38__0,995,N,True
4,reel0__4,reel27__6,995,N,True
4,336,reel27__6,995,N,True
4,reel40__8,bot41__7,995,N,True
4,bot2__4,bot41__7,995,N,True
4,reel0__4,bot41__7,995,N,True
4,reel27__2,bot31__7,995,N,True
4,bot37__6,bot24__1,995,N,True
4,reel13__4,bot24__1,995,N,True
4,reel4__7,bot30__4,995,N,True
4,reel9__3,255,995,N,True
4,reel5__9,255,995,N,True
4,reel5__9,bot12__2,995,N,True
4,bot3__1,bot12__2,995,N,True
4,reel5__9,bot15__0,995,N,True
4,20,bot15__0,995,N,True
4,bot27__7,bot15__0,995,N,True
4,187,bot31__5,995,N,True
4,reel5__9,bot31__5,995,N,True
4,reel3__4,reel45__5,995,N,True
4,reel5__9,reel45__5,995,N,True
4,bot46__1,reel45__5,995,N,True
4,80,173,995,N,True
4,reel21__9,173,995,N,True
4,34,173,995,N,True
4,80,bot1__4,995,N,True
4,bot5__5,bot1__4,995,N,True
4,80,reel29__6,995,N,True
4,101,bot6__2,995,N,True
4,81,286,995,N,True
4,reel41__8,reel42__6,995,N,True
4,81,reel42__6,995,N,True
4,20,reel42__6,995,N,True
4,bot45__8,205,995,N,True
4,reel3__4,205,995,N,True
4,bot0__0,205,995,N,True
4,bot44__4,205,995,N,True
4,bot42__7,267,995,N,True
4,23,267,995,N,True
4,reel15__3,267,995,N,True
4,bot3__1,267,995,N,True
4,bot7__5,bot39__1,995,N,True
4,191,reel10__4,995,N,True
4,152,4,995,N,True
4,reel38__4,4,995,N,True
4,reel3__4,233,995,N,True
4,reel3__4,bot45__1,995,N,True
4,reel28__1,227,995,N,True
4,102,227,995,N,True
4,296,227,995,N,True
4,reel43__6,227,995,N,True
4,23,227,995,N,True
4,23,245,995,N,True
4,reel10__9,245,995,N,True
4,reel2__4,245,995,N,True
4,102,99,995,N,True
4,23,99,995,N,True
4,296,99,995,N,True
4,23,155,995,N,True
4,reel11__0,155,995,N,True
4,23,bot31__4,995,N,True
4,reel26__7,reel33__3,995,N,True
4,reel10__6,reel33__3,995,N,True
4,241,49,995,N,True
4,reel27__1,49,995,N,True
4,reel36__4,reel41__6,995,N,True
4,180,reel8__8,995,N,True
4,reel31__1,reel8__8,995,N,True
4,bot24__6,157,995,N,True
4,reel2__4,157,995,N,True
4,bot30__8,reel12__6,995,N,True
4,330,reel12__6,995,N,True
4,reel2__4,reel12__6,995,N,True
4,reel11__5,reel15__8,995,N,True
4,reel13__8,reel15__8,995,N,True
4,reel19__4,reel15__8,995,N,True
4,reel2__4,reel15__8,995,N,True
4,reel14__4,bot46__5,995,N,True
4,reel44__9,reel45__2,995,N,True
4,reel42__4,reel45__2,995,N,True
4,bot0__2,bot11__4,995,N,True
4,bot17__4,bot11__4,995,N,True
4,bot19__8,bot11__4,995,N,True
4,bot19__8,bot10__6,995,N,True
4,reel16__5,bot29__7,995,N,True
4,bot19__8,bot29__7,995,N,True
4,reel25__2,reel5__0,995,N,True
4,20,reel5__0,995,N,True
4,reel25__2,bot30__6,995,N,True
4,reel9__5,reel7__2,995,N,True
4,reel9__7,reel7__2,995,N,True
4,reel9__5,reel15__2,995,N,True
4,bot24__6,reel15__2,995,N,True
4,reel9__5,reel27__8,995,N,True
4,reel26__9,reel13__6,995,N,True
4,reel26__9,reel34__8,995,N,True
4,151,310,995,N,True
4,151,reel28__9,995,N,True
4,151,bot30__5,995,N,True
4,151,reel41__4,995,N,True
4,reel1__3,reel41__4,995,N,True
4,reel17__5,reel31__8,995,N,True
4,187,reel31__8,995,N,True
4,bot33__8,reel31__8,995,N,True
4,298,reel31__8,995,N,True
4,reel37__0,reel23__8,995,N,True
4,reel37__0,bot49__0,995,N,True
4,reel26__6,bot43__7,995,N,True
4,reel26__6,reel48__4,995,N,True
4,194,reel48__4,995,N,True
4,bot46__9,reel41__0,995,N,True
4,bot35__4,225,995,N,True
4,reel24__4,225,995,N,True
4,bot10__4,225,995,N,True
4,reel21__4,reel28__4,995,N,True
4,reel22__7,reel28__4,995,N,True
4,reel35__7,reel28__4,995,N,True
4,reel16__1,reel28__4,995,N,True
4,194,reel10__0,995,N,True
4,bot32__7,reel10__0,995,N,True
4,bot27__8,bot38__2,995,N,True
4,bot42__6,bot38__2,995,N,True
4,reel35__2,reel21__7,995,N,True
4,reel19__0,bot26__7,995,N,True
4,reel19__0,reel36__7,995,N,True
4,219,reel36__7,995,N,True
4,reel19__0,bot39__7,995,N,True
4,bot21__5,bot39__7,995,N,True
4,reel38__1,234,995,N,True
4,reel38__1,reel43__3,995,N,True
4,reel9__3,reel43__3,995,N,True
4,reel3__0,93,995,N,True
4,reel11__4,93,995,N,True
4,bot46__4,reel38__7,995,N,True
4,reel28__0,reel38__7,995,N,True
4,reel28__0,reel43__5,995,N,True
4,reel11__0,reel18__9,995,N,True
4,reel11__0,bot29__6,995,N,True
4,2,bot29__6,995,N,True
4,bot0__2,216,995,N,True
4,bot7__3,216,995,N,True
4,bot0__2,bot8__1,995,N,True
4,bot8__9,bot9__5,995,N,True
4,220,bot9__5,995,N,True
4,282,bot9__5,995,N,True
4,282,reel24__8,995,N,True
4,282,reel39__0,995,N,True
4,reel21__1,reel45__1,995,N,True
4,reel9__4,reel45__1,995,N,True
4,reel41__8,reel47__8,995,N,True
4,reel18__2,reel47__8,995,N,True
4,reel13__8,bot18__7,995,N,True
4,139,bot11__8,995,N,True
4,bot2__5,bot16__1,995,N,True
4,bot8__5,bot16__1,995,N,True
4,bot8__5,bot23__8,995,N,True
4,116,17,995,N,True
4,bot21__5,162,995,N,True
4,20,162,995,N,True
4,116,162,995,N,True
4,343,162,995,N,True
4,149,162,995,N,True
4,116,reel17__4,995,N,True
4,reel45__4,reel17__4,995,N,True
4,reel46__1,reel41__1,995,N,True
4,reel8__4,reel41__1,995,N,True
4,reel3__6,305,995,N,True
4,reel9__8,reel11__6,995,N,True
4,reel3__6,reel11__6,995,N,True
4,reel3__6,bot20__6,995,N,True
4,reel3__6,reel40__0,995,N,True
4,bot27__6,bot35__6,995,N,True
4,reel2__3,bot39__0,995,N,True
4,reel2__3,bot40__6,995,N,True
4,296,bot40__6,995,N,True
4,2,bot29__5,995,N,True
4,2,reel36__0,995,N,True
4,347,reel36__0,995,N,True
4,bot46__4,bot43__4,995,N,True
4,2,bot43__4,995,N,True
4,reel4__3,reel32__6,995,N,True
4,71,reel32__6,995,N,True
4,180,reel32__6,995,N,True
4,bot31__2,bot45__6,995,N,True
4,bot6__1,bot8__7,995,N,True
4,bot36__8,bot8__3,995,N,True
4,reel6__4,bot8__3,995,N,True
4,241,bot8__3,995,N,True
4,reel6__8,bot13__2,995,N,True
4,92,bot13__2,995,N,True
4,95,reel25__9,995,N,True
4,92,reel25__9,995,N,True
4,reel15__4,147,995,N,True
4,95,147,995,N,True
4,219,147,995,N,True
4,reel15__4,bot47__1,995,N,True
4,bot19__7,bot26__6,995,N,True
4,bot23__1,bot13__6,995,N,True
4,bot14__6,bot13__6,995,N,True
4,bot23__1,bot34__7,995,N,True
4,reel10__6,bot34__7,995,N,True
4,219,319,995,N,True
4,95,319,995,N,True
4,327,319,995,N,True
4,219,6,995,N,True
4,95,6,995,N,True
4,95,reel1__4,995,N,True
4,reel2__9,reel1__4,995,N,True
4,reel28__8,reel1__4,995,N,True
4,95,reel29__9,995,N,True
4,343,111,995,N,True
4,20,111,995,N,True
4,reel4__4,111,995,N,True
4,bot46__8,bot12__1,995,N,True
4,bot45__4,bot12__1,995,N,True
4,183,bot12__1,995,N,True
4,71,bot5__1,995,N,True
4,reel16__9,bot32__4,995,N,True
4,bot28__6,bot47__8,995,N,True
4,219,reel5__8,995,N,True
4,219,bot24__4,995,N,True
4,bot21__5,reel8__9,995,N,True
4,336,reel8__9,995,N,True
4,reel16__7,164,995,N,True
4,reel23__9,reel31__5,995,N,True
4,reel16__7,reel31__5,995,N,True
4,reel16__7,bot32__8,995,N,True
4,bot32__9,32,995,N,True
4,253,reel10__5,995,N,True
4,reel22__5,42,995,N,True
4,reel4__5,42,995,N,True
4,reel21__9,42,995,N,True
4,36,reel43__8,995,N,True
4,reel4__2,reel43__8,995,N,True
4,204,reel43__8,995,N,True
4,bot21__5,bot28__7,995,N,True
4,reel44__4,reel20__9,995,N,True
4,reel48__2,reel45__3,995,N,True
4,reel17__5,bot49__8,995,N,True
4,reel36__8,reel7__5,995,N,True
4,reel13__5,reel7__5,995,N,True
4,reel10__6,reel7__5,995,N,True
4,reel13__5,reel17__1,995,N,True
4,reel12__5,bot21__0,995,N,True
4,reel12__5,bot49__6,995,N,True
4,241,reel26__8,995,N,True
4,183,reel26__8,995,N,True
4,reel33__2,reel35__5,995,N,True
4,bot8__9,bot30__3,995,N,True
4,reel20__1,bot30__3,995,N,True
4,reel20__1,reel47__3,995,N,True
4,reel34__4,reel47__3,995,N,True
4,bot10__2,bot9__9,995,N,True
4,bot10__2,bot17__6,995,N,True
4,reel15__9,bot38__8,995,N,True
4,reel11__1,bot38__8,995,N,True
4,reel32__0,bot45__0,995,N,True
4,bot14__6,bot45__0,995,N,True
4,bot22__2,reel16__0,995,N,True
4,reel2__9,reel16__0,995,N,True
4,reel15__5,reel16__0,995,N,True
4,288,reel16__0,995,N,True
4,bot7__3,reel1__7,995,N,True
4,reel2__9,reel1__7,995,N,True
4,288,reel1__7,995,N,True
4,bot7__3,bot16__3,995,N,True
4,reel2__2,bot16__3,995,N,True
4,reel22__6,reel25__1,995,N,True
4,reel22__6,reel39__9,995,N,True
4,241,reel10__3,995,N,True
4,reel4__8,reel10__3,995,N,True
4,bot41__2,bot44__1,995,N,True
4,bot15__8,reel5__3,995,N,True
4,bot6__0,reel5__3,995,N,True
4,bot19__4,reel5__3,995,N,True
4,241,reel21__5,995,N,True
4,241,bot22__3,995,N,True
4,241,bot45__9,995,N,True
4,327,bot3__9,995,N,True
4,bot1__7,166,995,N,True
4,bot1__7,bot35__3,995,N,True
4,reel4__3,bot18__3,995,N,True
4,reel4__3,reel46__6,995,N,True
4,reel45__6,reel44__3,995,N,True
4,102,263,995,N,True
4,296,263,995,N,True
4,296,68,995,N,True
4,bot16__8,bot6__5,995,N,True
4,296,bot6__5,995,N,True
4,76,bot6__5,995,N,True
4,296,bot13__0,995,N,True
4,240,bot21__4,995,N,True
4,149,reel12__9,995,N,True
4,reel4__2,reel14__8,995,N,True
4,149,reel14__8,995,N,True
4,reel37__7,reel39__7,995,N,True
4,298,reel45__9,995,N,True
4,reel37__7,reel45__9,995,N,True
4,58,reel35__8,995,N,True
4,reel36__8,reel35__8,995,N,True
4,102,reel37__6,995,N,True
4,58,reel37__6,995,N,True
4,bot31__1,reel0__5,995,N,True
4,reel21__6,reel0__5,995,N,True
4,107,reel0__5,995,N,True
4,228,reel30__4,995,N,True
4,reel6__0,reel30__4,995,N,True
4,reel11__4,reel30__4,995,N,True
4,204,bot25__7,995,N,True
4,reel4__9,218,995,N,True
4,bot5__2,bot42__4,995,N,True
4,bot5__2,bot44__7,995,N,True
4,bot47__6,bot34__0,995,N,True
4,reel16__5,reel47__7,995,N,True
4,reel2__9,reel37__5,995,N,True
4,reel28__1,reel40__9,995,N,True
4,bot19__1,reel2__7,995,N,True
4,194,reel2__7,995,N,True
4,194,bot13__4,995,N,True
4,194,bot34__6,995,N,True
4,reel4__0,bot34__6,995,N,True
4,reel2__2,131,995,N,True
4,bot25__3,131,995,N,True
4,reel39__6,131,995,N,True
4,bot25__3,78,995,N,True
4,bot25__3,bot27__9,995,N,True
4,reel6__4,bot28__1,995,N,True
4,228,bot40__3,995,N,True
4,reel10__7,bot40__3,995,N,True
4,347,bot20__1,995,N,True
4,347,bot22__0,995,N,True
4,102,bot12__7,995,N,True
4,reel4__2,bot12__7,995,N,True
4,102,reel14__7,995,N,True
4,102,reel30__1,995,N,True
4,bot2__4,bot17__1,995,N,True
4,bot19__9,bot17__1,995,N,True
4,201,8,995,N,True
4,201,reel7__0,995,N,True
4,201,bot22__7,995,N,True
4,reel35__6,reel8__0,995,N,True
4,reel13__1,reel8__0,995,N,True
4,reel35__6,278,995,N,True
4,reel4__2,278,995,N,True
4,bot37__2,bot22__8,995,N,True
4,reel6__0,reel39__2,995,N,True
4,reel36__5,reel39__2,995,N,True
4,reel36__5,bot43__3,995,N,True
4,20,bot14__2,995,N,True
4,20,bot18__8,995,N,True
4,bot42__6,bot9__7,995,N,True
4,reel9__6,reel41__7,995,N,True
4,reel44__1,reel41__7,995,N,True
4,76,reel9__0,995,N,True
4,reel6__0,reel44__2,995,N,True
4,63,reel22__0,995,N,True
4,bot15__8,bot18__2,995,N,True
4,reel15__5,337,995,N,True
4,reel15__5,138,995,N,True
4,reel15__5,reel37__8,995,N,True
4,reel21__6,reel26__0,995,N,True
4,reel2__2,279,995,N,True
4,reel2__2,reel7__3,995,N,True
4,288,reel7__3,995,N,True
4,34,reel39__5,995,N,True
4,bot49__5,bot35__7,995,N,True
4,reel23__0,193,995,N,True
4,reel31__4,reel10__1,995,N,True
4,reel31__4,reel23__1,995,N,True
4,reel20__3,reel30__6,995,N,True
4,reel8__6,reel5__5,995,N,True
4,reel8__6,reel33__1,995,N,True
4,reel10__9,145,995,N,True
4,reel15__9,145,995,N,True
4,bot37__6,reel31__6,995,N,True
4,reel0__0,bot28__5,995,N,True
4,reel0__0,reel47__0,995,N,True
4,317,bot26__2,995,N,True
4,288,bot7__0,995,N,True
4,288,reel34__1,995,N,True
4,152,275,995,N,True
4,reel10__0,bot11__5,996,N,True
4,bot12__9,bot11__5,996,N,True
4,bot12__9,bot23__7,996,N,True
4,reel25__0,bot31__5,996,N,True
4,bot36__8,bot25__6,996,N,True
4,reel20__8,bot25__6,996,N,True
4,reel20__0,bot25__6,996,N,True
4,reel20__8,reel26__2,996,N,True
4,reel20__8,bot47__8,996,N,True
4,reel27__7,bot47__8,996,N,True
4,reel8__2,reel16__6,996,N,True
4,338,reel16__6,996,N,True
4,bot21__9,reel16__6,996,N,True
4,251,139,996,N,True
4,284,139,996,N,True
4,197,139,996,N,True
4,320,139,996,N,True
4,127,139,996,N,True
4,184,139,996,N,True
4,reel14__9,108,996,N,True
4,251,108,996,N,True
4,284,108,996,N,True
4,197,108,996,N,True
4,36,108,996,N,True
4,57,108,996,N,True
4,320,108,996,N,True
4,127,108,996,N,True
4,184,108,996,N,True
4,251,135,996,N,True
4,284,135,996,N,True
4,197,135,996,N,True
4,36,135,996,N,True
4,reel14__0,135,996,N,True
4,320,135,996,N,True
4,127,135,996,N,True
4,184,135,996,N,True
4,320,reel45__4,996,N,True
4,343,144,996,N,True
4,28,144,996,N,True
4,23,144,996,N,True
4,28,226,996,N,True
4,reel20__0,226,996,N,True
4,reel6__7,226,996,N,True
4,20,226,996,N,True
4,2,226,996,N,True
4,343,226,996,N,True
4,reel18__3,226,996,N,True
4,28,14,996,N,True
4,310,14,996,N,True
4,20,14,996,N,True
4,214,14,996,N,True
4,343,14,996,N,True
4,bot4__4,140,996,N,True
4,28,140,996,N,True
4,137,140,996,N,True
4,214,140,996,N,True
4,28,149,996,N,True
4,20,149,996,N,True
4,reel12__9,149,996,N,True
4,2,149,996,N,True
4,343,149,996,N,True
4,28,reel6__3,996,N,True
4,bot14__0,reel6__3,996,N,True
4,reel10__1,reel6__3,996,N,True
4,28,reel7__4,996,N,True
4,reel0__2,reel7__4,996,N,True
4,reel10__1,reel7__4,996,N,True
4,reel9__5,reel7__2,996,N,True
4,338,reel7__2,996,N,True
4,reel27__0,bot31__8,996,N,True
4,293,bot31__8,996,N,True
4,338,bot31__8,996,N,True
4,174,reel8__3,996,N,True
4,284,reel8__3,996,N,True
4,70,reel8__3,996,N,True
4,57,bot35__1,996,N,True
4,reel29__5,bot35__1,996,N,True
4,70,bot35__1,996,N,True
4,70,bot38__6,996,N,True
4,reel3__1,bot45__3,996,N,True
4,24,187,996,N,True
4,reel6__6,187,996,N,True
4,reel31__8,187,996,N,True
4,302,187,996,N,True
4,180,187,996,N,True
4,bot3__8,187,996,N,True
4,310,reel20__5,996,N,True
4,302,reel20__5,996,N,True
4,216,reel26__0,996,N,True
4,reel21__6,reel26__0,996,N,True
4,302,reel26__0,996,N,True
4,reel23__7,reel16__7,996,N,True
4,reel1__9,reel16__7,996,N,True
4,reel23__7,reel26__1,996,N,True
4,reel11__1,reel26__1,996,N,True
4,bot31__1,bot29__2,996,N,True
4,reel23__7,bot29__2,996,N,True
4,47,bot29__2,996,N,True
4,bot46__9,bot29__2,996,N,True
4,reel23__7,bot34__3,996,N,True
4,bot1__1,52,996,N,True
4,reel33__1,52,996,N,True
4,bot0__2,bot18__9,996,N,True
4,54,bot18__9,996,N,True
4,bot33__9,bot18__9,996,N,True
4,reel2__5,reel6__8,996,N,True
4,reel24__9,reel6__8,996,N,True
4,120,reel6__8,996,N,True
4,reel20__1,reel9__4,996,N,True
4,120,reel9__4,996,N,True
4,120,reel16__4,996,N,True
4,120,bot34__7,996,N,True
4,reel10__6,bot34__7,996,N,True
4,23,61,996,N,True
4,reel0__4,61,996,N,True
4,reel10__6,61,996,N,True
4,reel0__4,bot13__7,996,N,True
4,reel0__4,bot28__9,996,N,True
4,bot6__8,bot28__9,996,N,True
4,reel0__4,bot37__1,996,N,True
4,310,bot37__1,996,N,True
4,reel6__6,reel30__0,996,N,True
4,293,reel30__0,996,N,True
4,23,155,996,N,True
4,bot38__4,155,996,N,True
4,reel2__0,bot6__7,996,N,True
4,reel5__2,bot6__7,996,N,True
4,reel5__2,reel6__4,996,N,True
4,27,reel6__4,996,N,True
4,reel5__2,reel22__4,996,N,True
4,bot39__4,reel0__5,996,N,True
4,reel21__6,reel0__5,996,N,True
4,reel31__3,reel0__5,996,N,True
4,bot31__1,reel0__5,996,N,True
4,reel5__0,reel0__5,996,N,True
4,reel20__0,reel22__2,996,N,True
4,321,reel22__2,996,N,True
4,reel31__3,reel22__2,996,N,True
4,reel44__8,reel22__2,996,N,True
4,301,reel22__2,996,N,True
4,reel31__3,reel47__7,996,N,True
4,reel12__2,bot26__1,996,N,True
4,reel18__3,bot26__1,996,N,True
4,reel20__7,bot48__0,996,N,True
4,reel4__1,201,996,N,True
4,reel19__8,201,996,N,True
4,bot0__9,201,996,N,True
4,bot22__7,201,996,N,True
4,reel4__0,201,996,N,True
4,reel34__0,201,996,N,True
4,reel33__3,reel26__8,996,N,True
4,reel4__1,reel26__8,996,N,True
4,reel9__5,reel36__1,996,N,True
4,reel4__1,reel36__1,996,N,True
4,bot13__3,reel3__0,996,N,True
4,reel29__2,reel3__0,996,N,True
4,bot4__5,reel3__0,996,N,True
4,71,reel3__0,996,N,True
4,93,reel3__0,996,N,True
4,reel18__7,reel0__1,996,N,True
4,110,reel0__1,996,N,True
4,reel12__2,reel0__1,996,N,True
4,reel18__7,reel39__7,996,N,True
4,reel37__7,reel39__7,996,N,True
4,reel18__7,bot47__3,996,N,True
4,bot20__3,bot47__3,996,N,True
4,310,32,996,N,True
4,reel40__5,32,996,N,True
4,93,32,996,N,True
4,137,32,996,N,True
4,337,32,996,N,True
4,93,bot11__8,996,N,True
4,reel10__1,bot11__8,996,N,True
4,23,245,996,N,True
4,bot47__9,245,996,N,True
4,reel2__4,245,996,N,True
4,23,99,996,N,True
4,227,99,996,N,True
4,23,267,996,N,True
4,bot3__1,267,996,N,True
4,23,bot31__4,996,N,True
4,269,bot48__7,996,N,True
4,reel0__7,bot48__7,996,N,True
4,reel6__6,bot16__6,996,N,True
4,reel35__5,reel44__7,996,N,True
4,reel6__6,reel44__7,996,N,True
4,reel10__5,253,996,N,True
4,reel10__5,reel14__5,996,N,True
4,reel10__5,bot22__5,996,N,True
4,bot39__3,bot22__5,996,N,True
4,reel10__5,bot45__7,996,N,True
4,310,reel30__5,996,N,True
4,reel35__1,reel30__5,996,N,True
4,234,bot44__5,996,N,True
4,bot2__7,bot44__5,996,N,True
4,reel35__1,bot44__5,996,N,True
4,reel27__1,49,996,N,True
4,reel1__7,49,996,N,True
4,124,157,996,N,True
4,bot24__6,157,996,N,True
4,reel2__4,157,996,N,True
4,279,reel2__2,996,N,True
4,reel17__5,reel2__2,996,N,True
4,reel14__4,reel2__2,996,N,True
4,reel7__3,reel2__2,996,N,True
4,reel1__6,reel16__8,996,N,True
4,279,reel16__8,996,N,True
4,reel14__4,reel16__8,996,N,True
4,bot12__1,183,996,N,True
4,reel14__0,183,996,N,True
4,bot26__0,183,996,N,True
4,reel44__9,reel45__2,996,N,True
4,bot8__4,bot29__7,996,N,True
4,bot19__8,bot29__7,996,N,True
4,reel9__5,reel27__8,996,N,True
4,reel9__5,reel34__9,996,N,True
4,reel29__2,reel34__9,996,N,True
4,bot3__5,bot18__0,996,N,True
4,284,bot18__0,996,N,True
4,reel27__6,reel34__8,996,N,True
4,reel26__9,reel34__8,996,N,True
4,197,reel38__1,996,N,True
4,234,reel38__1,996,N,True
4,reel21__3,296,996,N,True
4,bot13__0,296,996,N,True
4,bot36__0,296,996,N,True
4,bot16__4,296,996,N,True
4,227,296,996,N,True
4,bot2__9,bot39__2,996,N,True
4,bot13__0,bot39__2,996,N,True
4,reel6__1,reel11__2,996,N,True
4,reel17__2,reel11__2,996,N,True
4,reel35__5,bot43__7,996,N,True
4,reel26__6,bot43__7,996,N,True
4,reel26__6,reel48__4,996,N,True
4,bot46__9,reel41__0,996,N,True
4,reel33__6,233,996,N,True
4,bot7__2,233,996,N,True
4,95,327,996,N,True
4,319,327,996,N,True
4,bot8__6,327,996,N,True
4,319,bot32__4,996,N,True
4,reel3__3,bot19__3,996,N,True
4,reel16__1,bot19__3,996,N,True
4,reel19__8,bot43__1,996,N,True
4,reel16__1,bot43__1,996,N,True
4,110,8,996,N,True
4,bot0__9,8,996,N,True
4,110,bot3__6,996,N,True
4,100,bot3__6,996,N,True
4,110,reel7__7,996,N,True
4,63,reel7__7,996,N,True
4,reel10__6,reel7__7,996,N,True
4,171,reel17__8,996,N,True
4,110,reel17__8,996,N,True
4,110,reel32__5,996,N,True
4,190,bot24__7,996,N,True
4,24,reel33__4,996,N,True
4,190,reel33__4,996,N,True
4,190,reel35__0,996,N,True
4,bot27__8,reel12__5,996,N,True
4,bot27__8,bot38__2,996,N,True
4,bot24__8,bot13__2,996,N,True
4,294,bot13__2,996,N,True
4,44,bot9__4,996,N,True
4,27,bot9__4,996,N,True
4,316,bot9__4,996,N,True
4,44,reel46__6,996,N,True
4,reel4__3,reel46__6,996,N,True
4,316,reel46__6,996,N,True
4,reel34__0,bot35__8,996,N,True
4,bot16__5,bot35__8,996,N,True
4,reel3__3,reel18__5,996,N,True
4,reel6__5,reel18__5,996,N,True
4,reel6__5,bot41__0,996,N,True
4,20,333,996,N,True
4,reel12__9,333,996,N,True
4,2,333,996,N,True
4,214,333,996,N,True
4,343,333,996,N,True
4,reel5__4,333,996,N,True
4,bot18__8,333,996,N,True
4,bot7__0,333,996,N,True
4,reel40__5,reel43__9,996,N,True
4,214,reel43__9,996,N,True
4,reel7__6,bot9__0,996,N,True
4,bot8__2,bot9__0,996,N,True
4,reel28__0,102,996,N,True
4,227,102,996,N,True
4,reel13__1,102,996,N,True
4,bot46__4,reel38__7,996,N,True
4,reel28__0,reel38__7,996,N,True
4,reel28__0,reel40__1,996,N,True
4,reel21__9,reel40__1,996,N,True
4,343,reel14__2,996,N,True
4,reel28__6,reel14__2,996,N,True
4,126,reel26__5,996,N,True
4,reel10__4,reel26__5,996,N,True
4,126,bot39__1,996,N,True
4,64,bot39__1,996,N,True
4,reel14__9,reel18__6,996,N,True
4,reel16__0,reel18__6,996,N,True
4,bot43__0,reel18__6,996,N,True
4,reel40__5,reel18__6,996,N,True
4,125,reel18__6,996,N,True
4,reel36__0,reel18__6,996,N,True
4,reel39__9,reel33__0,996,N,True
4,reel39__9,reel22__6,996,N,True
4,bot37__0,reel22__6,996,N,True
4,bot18__4,bot3__2,996,N,True
4,bot5__6,bot6__9,996,N,True
4,54,bot15__3,996,N,True
4,54,reel48__3,996,N,True
4,reel6__7,206,996,N,True
4,bot11__1,206,996,N,True
4,reel0__9,206,996,N,True
4,reel42__7,206,996,N,True
4,reel32__7,206,996,N,True
4,reel6__7,bot12__4,996,N,True
4,bot49__9,bot12__4,996,N,True
4,bot14__4,bot12__4,996,N,True
4,bot6__4,bot12__4,996,N,True
4,reel6__7,reel30__6,996,N,True
4,reel17__9,bot48__9,996,N,True
4,reel45__6,bot48__9,996,N,True
4,reel39__5,34,996,N,True
4,bot24__2,34,996,N,True
4,reel20__1,bot30__3,996,N,True
4,reel17__6,bot30__3,996,N,True
4,reel17__6,bot31__6,996,N,True
4,reel19__7,bot31__6,996,N,True
4,reel17__6,bot38__8,996,N,True
4,reel11__1,bot38__8,996,N,True
4,bot13__1,bot4__8,996,N,True
4,bot13__1,bot41__4,996,N,True
4,reel18__2,reel47__8,996,N,True
4,reel14__9,reel24__3,996,N,True
4,reel43__5,reel24__3,996,N,True
4,251,reel24__3,996,N,True
4,reel27__7,reel24__3,996,N,True
4,reel27__7,bot39__5,996,N,True
4,reel27__7,reel48__7,996,N,True
4,bot28__2,33,996,N,True
4,42,33,996,N,True
4,bot17__9,33,996,N,True
4,bot34__9,bot7__3,996,N,True
4,reel1__7,bot7__3,996,N,True
4,bot17__9,bot7__3,996,N,True
4,bot10__3,bot7__3,996,N,True
4,216,bot7__3,996,N,True
4,247,reel5__3,996,N,True
4,bot15__8,reel5__3,996,N,True
4,24,reel5__3,996,N,True
4,247,reel24__6,996,N,True
4,reel35__7,reel24__6,996,N,True
4,343,bot12__5,996,N,True
4,174,bot12__5,996,N,True
4,reel23__2,bot32__1,996,N,True
4,reel31__0,bot32__1,996,N,True
4,reel20__0,177,996,N,True
4,reel3__3,177,996,N,True
4,reel21__4,177,996,N,True
4,227,177,996,N,True
4,reel6__1,177,996,N,True
4,reel41__3,143,996,N,True
4,227,143,996,N,True
4,321,143,996,N,True
4,reel2__5,143,996,N,True
4,reel2__5,bot28__5,996,N,True
4,bot34__2,bot27__6,996,N,True
4,bot14__1,bot27__6,996,N,True
4,bot47__6,bot34__0,996,N,True
4,bot14__1,bot34__0,996,N,True
4,bot14__1,bot34__5,996,N,True
4,reel7__1,bot29__6,996,N,True
4,2,bot29__6,996,N,True
4,180,reel15__9,996,N,True
4,reel30__3,reel15__9,996,N,True
4,337,bot32__0,996,N,True
4,bot23__3,bot32__0,996,N,True
4,180,bot32__0,996,N,True
4,reel4__3,reel32__6,996,N,True
4,71,reel32__6,996,N,True
4,180,reel32__6,996,N,True
4,85,reel15__4,996,N,True
4,reel43__4,reel15__4,996,N,True
4,reel7__9,reel15__4,996,N,True
4,bot31__2,bot45__6,996,N,True
4,181,328,996,N,True
4,273,328,996,N,True
4,275,328,996,N,True
4,78,328,996,N,True
4,4,328,996,N,True
4,273,bot23__8,996,N,True
4,273,bot30__1,996,N,True
4,reel19__5,bot30__1,996,N,True
4,273,reel34__3,996,N,True
4,reel42__8,reel46__2,996,N,True
4,reel19__5,reel46__2,996,N,True
4,bot21__9,bot28__7,996,N,True
4,171,58,996,N,True
4,269,58,996,N,True
4,reel15__6,58,996,N,True
4,reel35__8,58,996,N,True
4,205,192,996,N,True
4,bot16__8,192,996,N,True
4,reel21__0,192,996,N,True
4,reel21__0,reel29__3,996,N,True
4,reel27__6,reel17__1,996,N,True
4,reel13__5,reel17__1,996,N,True
4,reel1__7,reel17__1,996,N,True
4,reel1__7,reel18__9,996,N,True
4,95,bot1__0,996,N,True
4,bot23__2,bot17__8,996,N,True
4,95,bot17__8,996,N,True
4,95,reel25__9,996,N,True
4,reel2__0,bot44__8,996,N,True
4,bot46__1,reel45__5,996,N,True
4,bot37__7,bot27__1,996,N,True
4,bot20__2,bot27__1,996,N,True
4,42,bot27__1,996,N,True
4,bot23__2,bot44__7,996,N,True
4,bot37__7,bot44__7,996,N,True
4,227,68,996,N,True
4,227,263,996,N,True
4,227,278,996,N,True
4,bot24__9,278,996,N,True
4,227,bot13__9,996,N,True
4,227,reel37__2,996,N,True
4,reel33__8,reel21__7,996,N,True
4,235,bot10__0,996,N,True
4,235,reel36__7,996,N,True
4,235,bot40__8,996,N,True
4,reel48__2,reel45__3,996,N,True
4,235,reel45__3,996,N,True
4,reel7__9,reel45__3,996,N,True
4,bot18__8,bot27__3,996,N,True
4,reel38__5,bot41__6,996,N,True
4,reel28__8,bot41__6,996,N,True
4,bot37__2,bot22__8,996,N,True
4,279,bot22__8,996,N,True
4,205,bot22__8,996,N,True
4,321,bot15__6,996,N,True
4,bot47__9,bot15__6,996,N,True
4,reel35__7,reel42__2,996,N,True
4,reel11__1,reel42__2,996,N,True
4,reel26__3,reel30__7,996,N,True
4,reel12__9,reel30__7,996,N,True
4,bot42__3,bot7__9,996,N,True
4,reel4__3,bot7__9,996,N,True
4,112,reel4__8,996,N,True
4,112,bot7__4,996,N,True
4,bot5__8,bot7__4,996,N,True
4,reel32__1,reel28__5,996,N,True
4,reel38__3,reel0__0,996,N,True
4,reel34__6,reel19__2,996,N,True
4,47,reel19__2,996,N,True
4,reel38__3,reel19__2,996,N,True
4,reel13__5,reel19__2,996,N,True
4,bot48__8,bot47__7,996,N,True
4,reel38__3,bot47__7,996,N,True
4,reel7__9,bot47__7,996,N,True
4,reel20__0,bot47__7,996,N,True
4,reel14__9,reel47__1,996,N,True
4,reel38__3,reel47__1,996,N,True
4,bot47__2,reel43__8,996,N,True
4,36,reel43__8,996,N,True
4,204,reel43__8,996,N,True
4,127,reel48__5,996,N,True
4,bot18__7,bot47__1,996,N,True
4,bot16__2,reel10__8,996,N,True
4,bot22__0,reel10__8,996,N,True
4,reel18__1,reel11__8,996,N,True
4,reel19__7,reel11__8,996,N,True
4,216,reel32__2,996,N,True
4,reel18__1,reel32__2,996,N,True
4,reel19__5,reel31__6,996,N,True
4,bot37__6,reel31__6,996,N,True
4,bot34__9,bot37__8,996,N,True
4,216,bot37__8,996,N,True
4,216,reel48__8,996,N,True
4,279,bot28__3,996,N,True
4,reel14__9,reel33__5,996,N,True
4,279,reel33__5,996,N,True
4,reel20__1,bot43__8,996,N,True
4,reel15__8,reel19__4,996,N,True
4,reel15__8,bot49__6,996,N,True
4,275,reel39__8,996,N,True
4,250,reel11__0,996,N,True
4,250,reel40__2,996,N,True
4,bot6__8,bot16__0,996,N,True
4,bot21__8,bot16__0,996,N,True
4,bot40__0,bot21__7,996,N,True
4,bot6__8,bot21__7,996,N,True
4,bot6__8,bot31__9,996,N,True
4,bot26__5,bot30__0,996,N,True
4,reel8__4,bot30__0,996,N,True
4,reel8__4,reel41__1,996,N,True
4,reel23__3,reel8__0,996,N,True
4,reel13__1,reel8__0,996,N,True
4,reel23__3,bot42__2,996,N,True
4,reel23__3,reel48__6,996,N,True
4,reel35__9,reel11__6,996,N,True
4,bot44__9,reel11__6,996,N,True
4,reel9__8,reel11__6,996,N,True
4,124,reel31__5,996,N,True
4,124,bot42__9,996,N,True
4,reel34__4,reel23__0,996,N,True
4,reel7__3,bot36__2,996,N,True
4,reel35__9,reel36__3,996,N,True
4,reel35__9,bot41__1,996,N,True
4,27,reel34__5,996,N,True
4,166,198,996,N,True
4,bot32__3,198,996,N,True
4,240,bot15__4,996,N,True
4,240,reel44__4,996,N,True
4,bot10__3,bot15__1,996,N,True
4,reel2__9,bot15__1,996,N,True
4,bot13__5,bot15__1,996,N,True
4,bot10__3,bot42__6,996,N,True
4,204,bot25__7,996,N,True
4,reel5__0,reel14__8,996,N,True
4,reel5__0,bot20__9,996,N,True
4,bot5__1,bot36__5,996,N,True
4,reel36__2,bot44__3,996,N,True
4,bot26__4,bot40__2,996,N,True
4,bot26__4,bot44__6,996,N,True
4,bot36__3,bot44__6,996,N,True
4,bot1__1,bot32__8,996,N,True
4,bot36__3,bot32__8,996,N,True
4,reel14__0,reel45__8,996,N,True
4,reel30__3,reel45__8,996,N,True
4,reel24__2,reel31__2,996,N,True
4,reel23__2,reel12__0,996,N,True
4,reel29__8,reel19__0,996,N,True
4,reel13__0,reel19__0,996,N,True
4,bot20__8,reel19__0,996,N,True
4,207,reel19__0,996,N,True
4,207,bot46__3,996,N,True
4,reel36__5,reel39__2,996,N,True
4,reel36__5,bot43__3,996,N,True
4,reel10__1,bot35__6,996,N,True
4,343,162,996,N,True
4,20,162,996,N,True
4,reel39__5,97,996,N,True
4,reel12__2,bot49__7,996,N,True
4,reel39__5,bot49__7,996,N,True
4,20,reel14__3,996,N,True
4,20,bot15__0,996,N,True
4,20,reel42__6,996,N,True
4,bot29__1,145,996,N,True
4,reel44__1,reel41__7,996,N,True
4,bot11__6,bot3__0,996,N,True
4,bot11__6,bot19__4,996,N,True
4,reel30__3,reel39__4,996,N,True
4,63,reel22__0,996,N,True
4,reel32__7,reel10__3,996,N,True
4,reel32__7,bot40__9,996,N,True
4,reel12__2,bot27__2,996,N,True
4,reel35__3,241,996,N,True
4,bot4__1,241,996,N,True
4,reel43__5,bot49__3,996,N,True
4,bot48__8,bot49__3,996,N,True
4,bot49__5,bot35__7,996,N,True
4,bot23__9,bot27__7,996,N,True
4,reel4__6,bot14__6,996,N,True
4,reel16__0,bot21__0,996,N,True
4,181,bot39__0,996,N,True
4,bot13__5,reel9__2,996,N,True
4,78,bot25__3,996,N,True
4,4,bot47__5,996,N,True
4,reel24__9,bot38__0,996,N,True
4,reel7__1,bot9__6,996,N,True
4,reel7__1,reel16__5,996,N,True
4,reel7__1,bot17__0,996,N,True
4,bot32__3,bot43__2,996,N,True
4,reel5__7,193,996,N,True
4,reel35__3,46,996,N,True
4,reel35__3,reel46__8,996,N,True
4,bot20__0,reel16__3,996,N,True
4,24,reel24__5,996,N,True
4,bot42__4,bot9__7,996,N,True
4,bot37__6,bot48__4,996,N,True
4,reel23__1,reel41__5,996,N,True
4,bot17__2,bot36__9,996,N,True
4,reel47__4,reel44__5,996,N,True
4,reel47__4,reel1__0,996,N,True
4,reel31__7,reel5__9,996,N,True
4,bot38__7,reel30__1,996,N,True
4,reel19__7,reel30__9,996,N,True
4,reel4__0,bot34__6,996,N,True
4,131,bot4__7,997,N,True
4,324,bot4__7,997,N,True
4,184,bot4__7,997,N,True
4,131,bot25__3,997,N,True
4,131,reel39__6,997,N,True
4,reel8__4,110,997,N,True
4,reel0__1,110,997,N,True
4,reel0__1,reel12__2,997,N,True
4,reel0__1,bot23__8,997,N,True
4,281,135,997,N,True
4,284,135,997,N,True
4,197,135,997,N,True
4,127,135,997,N,True
4,184,135,997,N,True
4,281,36,997,N,True
4,bot0__5,36,997,N,True
4,197,36,997,N,True
4,184,36,997,N,True
4,108,36,997,N,True
4,127,36,997,N,True
4,284,36,997,N,True
4,281,reel16__1,997,N,True
4,66,reel16__1,997,N,True
4,281,bot28__7,997,N,True
4,bot32__1,reel15__3,997,N,True
4,258,reel15__0,997,N,True
4,258,bot27__8,997,N,True
4,258,bot36__8,997,N,True
4,222,240,997,N,True
4,23,240,997,N,True
4,bot17__7,240,997,N,True
4,bot0__3,244,997,N,True
4,bot0__3,bot39__4,997,N,True
4,bot0__5,bot32__2,997,N,True
4,reel6__9,bot34__5,997,N,True
4,bot14__1,bot34__5,997,N,True
4,reel24__6,247,997,N,True
4,29,247,997,N,True
4,reel24__6,289,997,N,True
4,19,289,997,N,True
4,reel24__6,reel35__7,997,N,True
4,19,reel8__8,997,N,True
4,reel34__7,reel8__8,997,N,True
4,180,reel8__8,997,N,True
4,180,reel15__9,997,N,True
4,reel40__4,reel25__5,997,N,True
4,reel6__6,reel25__5,997,N,True
4,180,reel25__5,997,N,True
4,180,bot32__0,997,N,True
4,reel10__1,reel7__4,997,N,True
4,reel10__1,bot11__8,997,N,True
4,reel10__1,bot44__2,997,N,True
4,66,reel34__4,997,N,True
4,66,bot46__1,997,N,True
4,bot8__6,327,997,N,True
4,324,301,997,N,True
4,324,reel0__3,997,N,True
4,reel4__4,reel0__3,997,N,True
4,324,reel5__4,997,N,True
4,54,reel20__6,997,N,True
4,156,reel20__6,997,N,True
4,324,reel20__6,997,N,True
4,338,bot5__0,997,N,True
4,33,reel7__2,997,N,True
4,338,reel7__2,997,N,True
4,bot47__5,bot36__1,997,N,True
4,reel8__4,bot36__1,997,N,True
4,bot15__5,bot36__1,997,N,True
4,reel8__4,reel41__1,997,N,True
4,reel6__0,reel44__2,997,N,True
4,bot49__4,reel44__2,997,N,True
4,reel3__9,bot11__4,997,N,True
4,reel3__9,reel41__9,997,N,True
4,reel3__9,reel44__0,997,N,True
4,reel25__7,reel27__3,997,N,True
4,bot15__3,bot29__0,997,N,True
4,bot6__1,bot41__2,997,N,True
4,55,bot41__2,997,N,True
4,bot16__9,bot14__7,997,N,True
4,bot17__5,bot14__7,997,N,True
4,bot16__9,bot19__2,997,N,True
4,reel9__6,bot19__2,997,N,True
4,213,57,997,N,True
4,reel12__7,57,997,N,True
4,80,57,997,N,True
4,48,57,997,N,True
4,302,57,997,N,True
4,108,57,997,N,True
4,249,57,997,N,True
4,bot21__3,57,997,N,True
4,184,57,997,N,True
4,reel4__9,reel20__5,997,N,True
4,302,reel20__5,997,N,True
4,reel23__7,reel16__7,997,N,True
4,reel23__7,81,997,N,True
4,269,81,997,N,True
4,reel16__3,81,997,N,True
4,reel23__7,bot34__3,997,N,True
4,249,bot34__3,997,N,True
4,75,bot3__8,997,N,True
4,reel1__8,bot3__8,997,N,True
4,75,bot19__8,997,N,True
4,bot1__2,95,997,N,True
4,bot1__9,95,997,N,True
4,reel29__9,95,997,N,True
4,bot17__8,95,997,N,True
4,bot17__5,bot41__3,997,N,True
4,33,bot6__0,997,N,True
4,bot4__6,bot6__0,997,N,True
4,222,bot1__8,997,N,True
4,222,reel10__0,997,N,True
4,194,reel10__0,997,N,True
4,284,reel10__0,997,N,True
4,reel6__0,reel18__1,997,N,True
4,reel6__0,reel24__5,997,N,True
4,reel41__2,reel24__5,997,N,True
4,reel6__0,reel30__4,997,N,True
4,217,reel9__8,997,N,True
4,53,reel9__8,997,N,True
4,53,bot21__2,997,N,True
4,53,bot21__8,997,N,True
4,bot13__6,bot23__1,997,N,True
4,53,bot23__1,997,N,True
4,reel42__0,reel31__3,997,N,True
4,53,reel31__3,997,N,True
4,53,reel31__7,997,N,True
4,bot8__9,264,997,N,True
4,bot8__9,bot9__5,997,N,True
4,reel23__4,bot26__9,997,N,True
4,bot8__9,bot26__9,997,N,True
4,bot8__9,bot30__3,997,N,True
4,bot7__3,bot34__9,997,N,True
4,bot22__8,279,997,N,True
4,bot22__8,bot37__2,997,N,True
4,223,bot6__6,997,N,True
4,146,bot6__6,997,N,True
4,146,reel14__0,997,N,True
4,134,reel11__9,997,N,True
4,217,reel11__9,997,N,True
4,134,reel21__6,997,N,True
4,134,bot37__4,997,N,True
4,156,bot37__4,997,N,True
4,134,bot49__5,997,N,True
4,bot21__3,reel1__1,997,N,True
4,284,reel1__1,997,N,True
4,bot21__3,bot24__7,997,N,True
4,reel39__3,reel2__8,997,N,True
4,reel39__3,bot40__7,997,N,True
4,reel39__3,bot42__9,997,N,True
4,bot2__8,bot42__9,997,N,True
4,19,115,997,N,True
4,17,115,997,N,True
4,19,293,997,N,True
4,19,112,997,N,True
4,reel4__8,112,997,N,True
4,19,138,997,N,True
4,bot25__2,343,997,N,True
4,19,343,997,N,True
4,reel14__2,343,997,N,True
4,19,319,997,N,True
4,19,41,997,N,True
4,17,41,997,N,True
4,bot24__8,bot29__3,997,N,True
4,19,bot29__3,997,N,True
4,63,bot1__6,997,N,True
4,63,reel7__7,997,N,True
4,23,116,997,N,True
4,reel4__8,116,997,N,True
4,17,116,997,N,True
4,reel14__2,116,997,N,True
4,61,193,997,N,True
4,61,reel10__6,997,N,True
4,bot15__8,reel5__3,997,N,True
4,bot15__8,bot10__9,997,N,True
4,bot9__3,bot10__9,997,N,True
4,bot36__0,bot17__2,997,N,True
4,235,bot17__2,997,N,True
4,261,bot17__2,997,N,True
4,59,bot17__2,997,N,True
4,121,reel0__0,997,N,True
4,121,bot5__9,997,N,True
4,121,bot17__3,997,N,True
4,238,bot17__4,997,N,True
4,238,reel17__3,997,N,True
4,284,reel17__3,997,N,True
4,238,bot21__5,997,N,True
4,238,reel22__7,997,N,True
4,reel4__4,reel22__7,997,N,True
4,238,reel25__8,997,N,True
4,311,reel25__8,997,N,True
4,238,reel34__5,997,N,True
4,68,reel13__6,997,N,True
4,reel30__9,reel13__6,997,N,True
4,7,347,997,N,True
4,339,347,997,N,True
4,129,347,997,N,True
4,168,347,997,N,True
4,reel2__1,347,997,N,True
4,22,347,997,N,True
4,241,49,997,N,True
4,241,reel21__5,997,N,True
4,241,reel35__3,997,N,True
4,22,bot48__3,997,N,True
4,bot44__7,bot5__2,997,N,True
4,55,bot5__2,997,N,True
4,reel21__0,192,997,N,True
4,reel46__0,reel29__3,997,N,True
4,reel21__0,reel29__3,997,N,True
4,reel21__0,reel31__9,997,N,True
4,reel4__7,reel0__8,997,N,True
4,260,reel0__8,997,N,True
4,reel4__3,181,997,N,True
4,reel4__7,181,997,N,True
4,reel4__7,bot30__4,997,N,True
4,reel18__3,226,997,N,True
4,reel18__3,bot26__1,997,N,True
4,156,bot1__5,997,N,True
4,295,bot1__5,997,N,True
4,bot26__0,bot1__5,997,N,True
4,reel4__1,93,997,N,True
4,77,bot23__3,997,N,True
4,reel4__1,bot23__3,997,N,True
4,reel4__1,reel36__1,997,N,True
4,13,bot8__4,997,N,True
4,13,reel15__1,997,N,True
4,13,bot17__6,997,N,True
4,13,bot29__1,997,N,True
4,17,326,997,N,True
4,17,310,997,N,True
4,bot37__1,310,997,N,True
4,bot4__4,140,997,N,True
4,17,140,997,N,True
4,17,111,997,N,True
4,reel4__4,111,997,N,True
4,17,137,997,N,True
4,17,bot27__9,997,N,True
4,117,38,997,N,True
4,178,38,997,N,True
4,7,38,997,N,True
4,339,38,997,N,True
4,339,152,997,N,True
4,339,reel1__5,997,N,True
4,reel12__7,reel18__8,997,N,True
4,339,reel18__8,997,N,True
4,339,reel25__2,997,N,True
4,223,reel20__4,997,N,True
4,278,reel20__4,997,N,True
4,48,reel43__4,997,N,True
4,156,bot2__1,997,N,True
4,bot42__8,bot4__9,997,N,True
4,156,bot4__9,997,N,True
4,1,bot4__9,997,N,True
4,156,bot30__9,997,N,True
4,bot24__2,bot30__9,997,N,True
4,156,bot31__3,997,N,True
4,156,bot38__4,997,N,True
4,156,reel42__8,997,N,True
4,bot42__3,bot7__9,997,N,True
4,reel4__3,bot7__9,997,N,True
4,reel45__6,reel40__3,997,N,True
4,reel38__6,reel40__3,997,N,True
4,reel45__6,bot48__9,997,N,True
4,reel6__3,bot48__9,997,N,True
4,296,bot13__0,997,N,True
4,296,reel21__3,997,N,True
4,296,bot40__6,997,N,True
4,reel4__4,bot11__0,997,N,True
4,bot8__8,bot25__7,997,N,True
4,213,bot0__6,997,N,True
4,313,bot0__6,997,N,True
4,213,bot28__2,997,N,True
4,33,bot28__2,997,N,True
4,213,reel39__5,997,N,True
4,reel2__0,218,997,N,True
4,reel4__9,218,997,N,True
4,reel2__0,bot7__6,997,N,True
4,50,reel25__3,997,N,True
4,55,reel25__3,997,N,True
4,50,reel44__8,997,N,True
4,bot28__8,bot22__1,997,N,True
4,bot0__9,bot22__1,997,N,True
4,191,bot22__1,997,N,True
4,reel28__7,328,997,N,True
4,reel28__7,reel41__5,997,N,True
4,reel1__8,bot4__0,997,N,True
4,reel1__8,bot10__1,997,N,True
4,reel1__8,reel48__5,997,N,True
4,127,reel48__5,997,N,True
4,108,reel14__9,997,N,True
4,reel7__8,reel14__9,997,N,True
4,reel37__3,reel14__9,997,N,True
4,132,reel14__9,997,N,True
4,bot40__2,bot26__4,997,N,True
4,reel10__7,bot26__4,997,N,True
4,bot15__5,262,997,N,True
4,178,reel37__4,997,N,True
4,178,reel45__0,997,N,True
4,269,reel17__5,997,N,True
4,bot49__8,reel17__5,997,N,True
4,7,reel17__5,997,N,True
4,reel40__6,reel35__6,997,N,True
4,278,reel35__6,997,N,True
4,reel40__6,reel42__1,997,N,True
4,bot34__8,bot30__5,997,N,True
4,59,bot30__5,997,N,True
4,reel3__8,bot30__7,997,N,True
4,bot34__8,bot30__7,997,N,True
4,reel20__2,147,997,N,True
4,reel20__2,reel33__0,997,N,True
4,reel20__2,reel37__8,997,N,True
4,bot4__4,bot29__9,997,N,True
4,1,reel2__3,997,N,True
4,bot24__1,reel13__4,997,N,True
4,bot24__1,bot10__6,997,N,True
4,86,bot10__6,997,N,True
4,bot24__1,bot37__6,997,N,True
4,161,bot37__6,997,N,True
4,reel42__5,reel21__8,997,N,True
4,reel5__6,reel17__7,997,N,True
4,bot46__2,reel17__7,997,N,True
4,23,230,997,N,True
4,23,245,997,N,True
4,23,155,997,N,True
4,23,bot31__4,997,N,True
4,249,reel21__7,997,N,True
4,211,reel21__7,997,N,True
4,249,reel35__2,997,N,True
4,260,reel35__2,997,N,True
4,249,reel38__4,997,N,True
4,reel4__6,bot14__6,997,N,True
4,bot13__6,bot14__6,997,N,True
4,196,reel4__5,997,N,True
4,bot7__2,reel4__5,997,N,True
4,196,bot11__3,997,N,True
4,102,reel13__1,997,N,True
4,196,reel13__1,997,N,True
4,196,reel20__3,997,N,True
4,87,reel20__3,997,N,True
4,196,reel32__0,997,N,True
4,reel0__7,255,997,N,True
4,bot1__2,bot13__5,997,N,True
4,87,bot13__5,997,N,True
4,bot21__0,reel16__0,997,N,True
4,reel6__6,reel44__7,997,N,True
4,278,bot24__9,997,N,True
4,bot34__0,bot10__0,997,N,True
4,235,bot10__0,997,N,True
4,235,reel45__3,997,N,True
4,bot15__6,321,997,N,True
4,175,321,997,N,True
4,143,321,997,N,True
4,117,reel12__3,997,N,True
4,45,bot45__6,997,N,True
4,bot12__1,bot45__4,997,N,True
4,reel6__9,reel9__5,997,N,True
4,reel6__9,bot47__0,997,N,True
4,284,reel8__3,997,N,True
4,212,bot22__6,997,N,True
4,212,bot48__1,997,N,True
4,7,bot15__7,997,N,True
4,7,bot47__2,997,N,True
4,59,bot20__8,997,N,True
4,bot2__8,bot41__1,997,N,True
4,217,bot2__7,997,N,True
4,308,bot2__7,997,N,True
4,308,reel29__8,997,N,True
4,86,reel27__8,997,N,True
4,171,107,997,N,True
4,171,reel17__8,997,N,True
4,299,reel42__9,997,N,True
4,16,reel42__9,997,N,True
4,bot46__6,reel36__4,997,N,True
4,211,reel36__4,997,N,True
4,184,reel36__4,997,N,True
4,reel18__7,bot24__0,997,N,True
4,reel7__8,bot24__0,997,N,True
4,reel18__7,reel39__7,997,N,True
4,reel18__7,bot47__3,997,N,True
4,295,bot35__2,997,N,True
4,bot0__7,bot8__1,997,N,True
4,bot0__7,bot9__7,997,N,True
4,127,bot21__9,997,N,True
4,340,bot10__8,997,N,True
4,340,reel44__6,997,N,True
4,bot49__3,reel43__5,997,N,True
4,reel11__3,reel27__5,997,N,True
4,bot7__2,bot29__4,997,N,True
4,bot0__4,202,997,N,True
4,reel37__2,202,997,N,True
4,reel23__9,reel10__8,997,N,True
4,77,294,997,N,True
4,reel23__9,294,997,N,True
4,bot24__8,bot13__2,997,N,True
4,194,reel2__7,997,N,True
4,194,reel48__4,997,N,True
4,168,reel9__9,997,N,True
4,311,bot24__3,997,N,True
4,311,bot42__7,997,N,True
4,bot28__9,bot33__3,997,N,True
4,208,bot32__7,997,N,True
4,reel12__7,reel16__5,997,N,True
4,260,reel16__5,997,N,True
4,bot24__4,182,997,N,True
4,bot39__6,179,997,N,True
4,bot39__6,bot25__1,997,N,True
4,bot39__6,bot40__0,997,N,True
4,reel6__3,28,997,N,True
4,bot42__8,bot14__0,997,N,True
4,29,bot14__0,997,N,True
4,reel6__3,bot14__0,997,N,True
4,reel6__3,reel46__7,997,N,True
4,172,reel1__6,997,N,True
4,128,reel19__4,997,N,True
4,128,bot39__8,997,N,True
4,reel44__5,reel39__1,997,N,True
4,reel9__6,reel41__7,997,N,True
4,reel21__4,reel28__4,997,N,True
4,126,reel0__2,997,N,True
4,77,reel0__2,997,N,True
4,250,reel0__2,997,N,True
4,250,reel1__4,997,N,True
4,250,reel11__0,997,N,True
4,250,reel40__2,997,N,True
4,reel12__8,reel20__8,997,N,True
4,bot5__5,bot38__6,997,N,True
4,reel23__4,reel43__7,997,N,True
4,reel6__5,bot20__1,997,N,True
4,reel6__5,bot30__2,997,N,True
4,reel6__5,bot41__0,997,N,True
4,bot8__2,bot9__0,997,N,True
4,reel7__8,reel33__8,997,N,True
4,317,bot26__2,997,N,True
4,317,reel41__8,997,N,True
4,reel10__7,reel35__0,997,N,True
4,reel10__7,bot40__3,997,N,True
4,217,reel38__2,997,N,True
4,299,reel32__5,997,N,True
4,bot45__3,reel22__2,997,N,True
4,reel13__5,reel7__5,997,N,True
4,bot25__2,bot12__3,997,N,True
4,342,bot20__0,997,N,True
4,reel16__3,bot20__0,997,N,True
4,126,reel29__2,997,N,True
4,126,bot39__1,997,N,True
4,64,bot39__1,997,N,True
4,64,bot41__8,997,N,True
4,29,bot41__8,997,N,True
4,reel27__6,reel34__8,997,N,True
4,bot13__6,333,997,N,True
4,99,bot43__2,997,N,True
4,102,reel14__7,997,N,True
4,102,reel30__1,997,N,True
4,102,reel37__6,997,N,True
4,64,bot2__0,997,N,True
4,54,bot18__9,997,N,True
4,bot5__6,bot6__9,997,N,True
4,bot5__6,bot8__5,997,N,True
4,bot43__4,2,997,N,True
4,77,reel11__7,997,N,True
4,77,bot33__9,997,N,True
4,bot3__4,bot16__7,997,N,True
4,bot46__7,bot43__7,997,N,True
4,bot24__2,34,997,N,True
4,bot1__1,52,997,N,True
4,bot1__1,bot32__8,997,N,True
4,bot1__2,bot16__5,997,N,True
4,165,reel14__4,997,N,True
4,201,8,997,N,True
4,bot0__9,8,997,N,True
4,reel18__2,154,997,N,True
4,reel18__2,reel47__8,997,N,True
4,reel11__2,198,997,N,True
4,reel11__2,reel17__2,997,N,True
4,reel3__8,reel2__9,997,N,True
4,175,reel10__2,997,N,True
4,175,reel28__9,997,N,True
4,175,bot31__6,997,N,True
4,175,bot47__4,997,N,True
4,reel14__1,bot35__9,997,N,True
4,314,bot12__8,997,N,True
4,314,reel25__1,997,N,True
4,314,bot33__6,997,N,True
4,reel14__2,bot22__5,997,N,True
4,reel14__2,bot38__3,997,N,True
4,reel14__2,reel39__0,997,N,True
4,bot0__4,275,997,N,True
4,bot34__0,bot42__1,997,N,True
4,bot34__0,bot49__0,997,N,True
4,313,reel9__4,997,N,True
4,bot27__1,bot20__2,997,N,True
4,201,259,997,N,True
4,201,reel7__0,997,N,True
4,201,reel19__8,997,N,True
4,201,bot22__7,997,N,True
4,201,reel34__0,997,N,True
4,143,35,997,N,True
4,143,reel41__3,997,N,True
4,bot12__5,174,998,N,True
4,187,bot31__5,998,N,True
4,reel25__0,bot31__5,998,N,True
4,reel11__7,reel30__5,998,N,True
4,bot43__9,reel30__5,998,N,True
4,reel35__1,reel30__5,998,N,True
4,bot43__9,bot4__8,998,N,True
4,33,bot4__8,998,N,True
4,bot16__0,bot4__8,998,N,True
4,281,139,998,N,True
4,284,139,998,N,True
4,197,139,998,N,True
4,bot3__2,139,998,N,True
4,159,139,998,N,True
4,320,139,998,N,True
4,127,139,998,N,True
4,184,139,998,N,True
4,281,135,998,N,True
4,284,135,998,N,True
4,197,135,998,N,True
4,320,135,998,N,True
4,127,135,998,N,True
4,184,135,998,N,True
4,320,bot21__6,998,N,True
4,320,reel45__4,998,N,True
4,reel21__2,reel45__4,998,N,True
4,reel17__4,reel45__4,998,N,True
4,reel23__7,reel16__7,998,N,True
4,reel1__9,reel16__7,998,N,True
4,bot40__5,reel16__7,998,N,True
4,reel3__1,bot4__5,998,N,True
4,24,266,998,N,True
4,194,266,998,N,True
4,80,266,998,N,True
4,242,266,998,N,True
4,204,266,998,N,True
4,53,266,998,N,True
4,94,266,998,N,True
4,187,266,998,N,True
4,346,266,998,N,True
4,92,266,998,N,True
4,302,266,998,N,True
4,249,266,998,N,True
4,194,254,998,N,True
4,242,254,998,N,True
4,bot9__3,254,998,N,True
4,204,254,998,N,True
4,53,254,998,N,True
4,94,254,998,N,True
4,187,254,998,N,True
4,346,254,998,N,True
4,92,254,998,N,True
4,302,254,998,N,True
4,299,254,998,N,True
4,249,254,998,N,True
4,bot15__3,254,998,N,True
4,reel12__6,330,998,N,True
4,80,330,998,N,True
4,242,330,998,N,True
4,204,330,998,N,True
4,53,330,998,N,True
4,94,330,998,N,True
4,346,330,998,N,True
4,92,330,998,N,True
4,302,330,998,N,True
4,299,330,998,N,True
4,249,330,998,N,True
4,24,101,998,N,True
4,194,101,998,N,True
4,80,101,998,N,True
4,reel26__4,101,998,N,True
4,242,101,998,N,True
4,204,101,998,N,True
4,53,101,998,N,True
4,bot40__4,101,998,N,True
4,94,101,998,N,True
4,187,101,998,N,True
4,346,101,998,N,True
4,92,101,998,N,True
4,302,101,998,N,True
4,317,101,998,N,True
4,299,101,998,N,True
4,249,101,998,N,True
4,302,reel26__0,998,N,True
4,143,35,998,N,True
4,reel13__2,35,998,N,True
4,reel34__5,35,998,N,True
4,reel23__7,bot29__2,998,N,True
4,bot46__9,bot29__2,998,N,True
4,reel23__7,bot34__3,998,N,True
4,249,bot34__3,998,N,True
4,42,bot27__1,998,N,True
4,reel13__2,bot27__1,998,N,True
4,reel6__0,reel39__2,998,N,True
4,reel13__2,reel39__2,998,N,True
4,249,bot36__6,998,N,True
4,bot4__6,bot36__6,998,N,True
4,bot1__1,52,998,N,True
4,reel33__1,52,998,N,True
4,126,reel8__6,998,N,True
4,reel33__1,reel8__6,998,N,True
4,168,reel8__6,998,N,True
4,120,reel6__8,998,N,True
4,120,reel16__4,998,N,True
4,99,reel16__4,998,N,True
4,bot15__3,bot29__0,998,N,True
4,120,bot29__0,998,N,True
4,bot23__6,bot29__0,998,N,True
4,120,bot34__7,998,N,True
4,reel38__6,reel13__9,998,N,True
4,115,reel13__9,998,N,True
4,reel23__8,reel13__9,998,N,True
4,reel27__4,reel13__9,998,N,True
4,reel23__8,bot39__5,998,N,True
4,reel27__7,bot39__5,998,N,True
4,reel10__7,bot40__3,998,N,True
4,reel23__8,bot40__3,998,N,True
4,bot9__9,bot21__2,998,N,True
4,53,bot21__2,998,N,True
4,53,reel31__3,998,N,True
4,53,reel31__7,998,N,True
4,bot4__7,bot12__7,998,N,True
4,bot38__0,bot12__7,998,N,True
4,bot4__7,bot13__4,998,N,True
4,194,bot13__4,998,N,True
4,reel5__6,282,998,N,True
4,bot2__6,282,998,N,True
4,175,19,998,N,True
4,227,19,998,N,True
4,bot2__6,19,998,N,True
4,115,19,998,N,True
4,bot22__4,bot9__2,998,N,True
4,bot2__6,bot9__2,998,N,True
4,bot24__1,bot10__6,998,N,True
4,115,bot10__6,998,N,True
4,bot2__6,bot10__6,998,N,True
4,86,bot10__6,998,N,True
4,reel5__2,bot6__7,998,N,True
4,reel5__2,reel22__4,998,N,True
4,317,bot26__2,998,N,True
4,reel5__2,bot26__2,998,N,True
4,175,263,998,N,True
4,227,263,998,N,True
4,68,263,998,N,True
4,99,263,998,N,True
4,99,296,998,N,True
4,bot36__0,296,998,N,True
4,227,296,998,N,True
4,68,296,998,N,True
4,175,296,998,N,True
4,124,23,998,N,True
4,83,23,998,N,True
4,237,23,998,N,True
4,99,23,998,N,True
4,227,23,998,N,True
4,51,23,998,N,True
4,175,23,998,N,True
4,190,23,998,N,True
4,bot5__2,bot21__1,998,N,True
4,51,bot21__1,998,N,True
4,183,bot26__0,998,N,True
4,51,bot26__0,998,N,True
4,51,reel32__8,998,N,True
4,202,reel0__8,998,N,True
4,reel4__7,reel0__8,998,N,True
4,42,reel0__8,998,N,True
4,260,reel0__8,998,N,True
4,bot22__6,181,998,N,True
4,reel4__3,181,998,N,True
4,reel4__7,181,998,N,True
4,reel26__6,181,998,N,True
4,reel4__7,bot30__4,998,N,True
4,reel19__2,47,998,N,True
4,301,47,998,N,True
4,reel0__0,reel38__3,998,N,True
4,reel19__2,reel38__3,998,N,True
4,80,bot1__4,998,N,True
4,80,reel29__6,998,N,True
4,80,reel30__0,998,N,True
4,reel6__6,reel30__0,998,N,True
4,156,bot1__5,998,N,True
4,295,bot1__5,998,N,True
4,156,bot2__1,998,N,True
4,42,bot2__1,998,N,True
4,156,bot6__2,998,N,True
4,156,reel8__2,998,N,True
4,300,reel8__2,998,N,True
4,156,bot13__1,998,N,True
4,284,bot13__1,998,N,True
4,156,bot31__3,998,N,True
4,bot43__0,bot31__3,998,N,True
4,reel23__3,bot31__3,998,N,True
4,bot5__6,bot10__2,998,N,True
4,168,bot10__2,998,N,True
4,bot9__9,bot10__2,998,N,True
4,reel21__7,bot28__3,998,N,True
4,reel7__8,reel33__8,998,N,True
4,reel21__7,reel33__8,998,N,True
4,249,reel35__2,998,N,True
4,260,reel35__2,998,N,True
4,reel21__7,reel35__2,998,N,True
4,reel21__7,bot40__6,998,N,True
4,reel48__2,reel45__3,998,N,True
4,235,reel45__3,998,N,True
4,reel21__7,reel45__3,998,N,True
4,81,286,998,N,True
4,bot13__3,reel3__0,998,N,True
4,bot13__3,bot20__3,998,N,True
4,258,bot20__3,998,N,True
4,94,bot20__3,998,N,True
4,reel8__7,255,998,N,True
4,reel9__3,255,998,N,True
4,reel8__7,reel6__7,998,N,True
4,206,reel6__7,998,N,True
4,reel16__1,reel6__7,998,N,True
4,reel8__7,reel27__9,998,N,True
4,reel8__7,reel33__9,998,N,True
4,344,reel33__9,998,N,True
4,reel18__7,reel0__1,998,N,True
4,reel20__2,reel0__1,998,N,True
4,256,reel0__1,998,N,True
4,reel18__7,reel39__7,998,N,True
4,reel18__7,bot47__3,998,N,True
4,bot10__9,bot3__8,998,N,True
4,187,bot3__8,998,N,True
4,75,bot3__8,998,N,True
4,reel1__8,bot3__8,998,N,True
4,bot40__2,bot26__4,998,N,True
4,reel11__5,bot26__4,998,N,True
4,reel10__7,bot26__4,998,N,True
4,reel12__4,151,998,N,True
4,bot30__5,151,998,N,True
4,reel1__5,151,998,N,True
4,bot34__0,bot42__1,998,N,True
4,bot30__5,bot42__1,998,N,True
4,bot33__6,bot29__5,998,N,True
4,reel14__6,bot29__5,998,N,True
4,bot33__6,bot19__2,998,N,True
4,reel9__6,bot19__2,998,N,True
4,reel26__7,reel23__9,998,N,True
4,reel6__6,reel25__5,998,N,True
4,234,bot44__5,998,N,True
4,bot2__7,bot44__5,998,N,True
4,reel35__1,bot44__5,998,N,True
4,bot28__8,bot22__1,998,N,True
4,301,bot22__1,998,N,True
4,bot45__9,241,998,N,True
4,bot33__7,241,998,N,True
4,bot4__1,241,998,N,True
4,reel14__8,reel5__0,998,N,True
4,reel25__2,reel5__0,998,N,True
4,bot17__3,reel5__0,998,N,True
4,20,reel5__0,998,N,True
4,bot22__6,bot30__6,998,N,True
4,reel25__2,bot30__6,998,N,True
4,bot2__8,bot41__1,998,N,True
4,197,bot32__9,998,N,True
4,bot7__4,112,998,N,True
4,bot7__4,bot41__6,998,N,True
4,reel38__5,bot41__6,998,N,True
4,reel13__7,bot20__5,998,N,True
4,reel12__1,bot20__5,998,N,True
4,bot6__6,bot20__5,998,N,True
4,143,46,998,N,True
4,175,46,998,N,True
4,177,46,998,N,True
4,reel5__6,reel12__5,998,N,True
4,86,reel12__5,998,N,True
4,177,reel12__5,998,N,True
4,177,reel20__0,998,N,True
4,reel7__8,reel21__4,998,N,True
4,177,reel21__4,998,N,True
4,reel19__7,reel30__9,998,N,True
4,177,reel30__9,998,N,True
4,177,bot39__6,998,N,True
4,207,bot46__3,998,N,True
4,bot8__5,bot46__3,998,N,True
4,177,bot46__3,998,N,True
4,reel37__0,reel43__2,998,N,True
4,reel29__4,reel43__2,998,N,True
4,reel37__0,bot49__0,998,N,True
4,bot34__0,bot49__0,998,N,True
4,bot49__3,reel43__5,998,N,True
4,reel35__5,bot43__7,998,N,True
4,reel26__6,bot43__7,998,N,True
4,reel26__6,reel48__4,998,N,True
4,194,reel48__4,998,N,True
4,bot46__9,reel41__0,998,N,True
4,reel3__3,bot19__3,998,N,True
4,reel16__1,bot19__3,998,N,True
4,reel16__1,bot43__1,998,N,True
4,38,reel1__3,998,N,True
4,317,reel1__3,998,N,True
4,190,reel1__3,998,N,True
4,reel4__3,reel9__1,998,N,True
4,190,reel9__1,998,N,True
4,bot5__4,bot24__7,998,N,True
4,bot21__3,bot24__7,998,N,True
4,190,bot24__7,998,N,True
4,190,reel32__9,998,N,True
4,24,reel33__4,998,N,True
4,190,reel33__4,998,N,True
4,reel10__7,reel35__0,998,N,True
4,190,reel35__0,998,N,True
4,190,reel40__7,998,N,True
4,127,bot21__9,998,N,True
4,bot25__0,bot21__9,998,N,True
4,reel19__4,reel42__4,998,N,True
4,22,reel42__4,998,N,True
4,reel37__9,reel42__4,998,N,True
4,bot24__8,bot18__6,998,N,True
4,bot7__1,bot18__6,998,N,True
4,bot31__7,bot18__6,998,N,True
4,bot24__8,bot13__2,998,N,True
4,92,bot13__2,998,N,True
4,reel19__0,bot26__7,998,N,True
4,reel19__0,reel36__7,998,N,True
4,235,reel36__7,998,N,True
4,219,reel36__7,998,N,True
4,reel19__0,bot39__7,998,N,True
4,bot21__5,bot39__7,998,N,True
4,bot4__9,293,998,N,True
4,bot31__8,293,998,N,True
4,reel9__3,293,998,N,True
4,bot1__6,293,998,N,True
4,reel23__4,reel43__0,998,N,True
4,242,reel43__0,998,N,True
4,reel38__1,reel43__0,998,N,True
4,reel13__5,reel7__5,998,N,True
4,316,reel7__5,998,N,True
4,316,bot9__4,998,N,True
4,201,bot22__7,998,N,True
4,316,bot22__7,998,N,True
4,reel6__3,reel46__7,998,N,True
4,reel6__3,bot48__9,998,N,True
4,reel12__4,reel32__4,998,N,True
4,115,reel32__4,998,N,True
4,reel6__5,reel18__3,998,N,True
4,336,reel18__3,998,N,True
4,reel6__5,bot20__1,998,N,True
4,347,bot20__1,998,N,True
4,reel6__5,bot30__2,998,N,True
4,bot37__9,bot30__2,998,N,True
4,reel6__5,bot41__0,998,N,True
4,reel7__6,264,998,N,True
4,reel34__7,reel8__8,998,N,True
4,reel34__7,bot44__6,998,N,True
4,159,reel33__0,998,N,True
4,bot48__1,reel33__0,998,N,True
4,183,reel33__0,998,N,True
4,reel20__2,reel33__0,998,N,True
4,126,bot8__3,998,N,True
4,126,reel26__5,998,N,True
4,reel14__2,reel26__5,998,N,True
4,126,reel29__2,998,N,True
4,reel11__0,reel14__5,998,N,True
4,reel11__0,reel18__9,998,N,True
4,reel11__0,bot29__6,998,N,True
4,reel7__1,bot29__6,998,N,True
4,bot28__4,78,998,N,True
4,bot0__2,216,998,N,True
4,reel32__2,216,998,N,True
4,bot0__2,bot8__1,998,N,True
4,42,bot8__1,998,N,True
4,bot0__2,bot11__4,998,N,True
4,147,bot11__4,998,N,True
4,bot8__0,244,998,N,True
4,bot31__9,reel20__3,998,N,True
4,87,reel20__3,998,N,True
4,reel10__0,bot11__5,998,N,True
4,58,bot11__5,998,N,True
4,reel10__0,bot14__5,998,N,True
4,237,bot14__5,998,N,True
4,bot24__2,34,998,N,True
4,173,34,998,N,True
4,reel21__2,34,998,N,True
4,124,reel22__8,998,N,True
4,reel1__2,reel22__8,998,N,True
4,reel36__2,reel22__8,998,N,True
4,reel21__1,reel45__1,998,N,True
4,reel9__4,reel45__1,998,N,True
4,bot9__6,198,998,N,True
4,bot3__2,198,998,N,True
4,reel11__2,198,998,N,True
4,bot2__2,bot18__4,998,N,True
4,bot3__2,bot18__4,998,N,True
4,reel9__4,167,998,N,True
4,reel9__4,reel15__3,998,N,True
4,bot43__4,2,998,N,True
4,333,2,998,N,True
4,115,2,998,N,True
4,20,2,998,N,True
4,333,214,998,N,True
4,115,214,998,N,True
4,20,214,998,N,True
4,333,226,998,N,True
4,115,226,998,N,True
4,20,226,998,N,True
4,reel11__8,226,998,N,True
4,bot21__5,162,998,N,True
4,333,162,998,N,True
4,20,162,998,N,True
4,333,bot7__0,998,N,True
4,288,bot7__0,998,N,True
4,bot4__1,bot7__0,998,N,True
4,333,reel12__9,998,N,True
4,333,reel28__2,998,N,True
4,333,reel45__2,998,N,True
4,94,bot8__8,998,N,True
4,bot0__1,bot8__8,998,N,True
4,bot8__5,bot16__1,998,N,True
4,bot8__5,bot23__8,998,N,True
4,75,reel0__4,998,N,True
4,3,reel0__4,998,N,True
4,bot28__9,reel0__4,998,N,True
4,reel27__7,reel0__4,998,N,True
4,reel14__9,reel24__3,998,N,True
4,reel27__7,reel24__3,998,N,True
4,reel27__7,bot47__8,998,N,True
4,237,reel2__5,998,N,True
4,143,reel2__5,998,N,True
4,reel1__4,reel8__1,998,N,True
4,reel0__0,reel8__1,998,N,True
4,247,reel24__6,998,N,True
4,reel35__7,reel24__6,998,N,True
4,reel31__0,bot32__1,998,N,True
4,reel3__3,reel48__9,998,N,True
4,38,reel48__9,998,N,True
4,reel3__6,305,998,N,True
4,reel4__3,bot7__9,998,N,True
4,reel3__6,bot7__9,998,N,True
4,reel3__6,reel40__0,998,N,True
4,reel5__3,reel40__0,998,N,True
4,bot5__0,bot35__6,998,N,True
4,reel10__1,bot35__6,998,N,True
4,bot27__6,bot35__6,998,N,True
4,bot9__6,bot17__0,998,N,True
4,reel7__1,bot17__0,998,N,True
4,bot9__1,reel0__7,998,N,True
4,bot48__7,reel0__7,998,N,True
4,175,reel0__7,998,N,True
4,270,reel0__7,998,N,True
4,bot9__1,bot46__8,998,N,True
4,reel35__5,44,998,N,True
4,20,44,998,N,True
4,reel3__5,110,998,N,True
4,bot3__6,110,998,N,True
4,bot6__1,bot8__7,998,N,True
4,94,bot8__7,998,N,True
4,bot6__1,bot40__1,998,N,True
4,bot36__1,bot40__1,998,N,True
4,92,bot13__8,998,N,True
4,92,reel25__9,998,N,True
4,reel39__3,bot40__7,998,N,True
4,reel15__4,reel7__9,998,N,True
4,24,reel7__9,998,N,True
4,288,reel7__9,998,N,True
4,94,reel7__9,998,N,True
4,reel15__4,bot47__1,998,N,True
4,bot18__7,bot47__1,998,N,True
4,22,bot27__0,998,N,True
4,22,bot48__3,998,N,True
4,115,192,998,N,True
4,reel21__0,192,998,N,True
4,bot19__7,bot26__6,998,N,True
4,reel12__6,bot26__6,998,N,True
4,reel11__7,reel7__4,998,N,True
4,reel3__5,reel7__4,998,N,True
4,reel0__2,reel7__4,998,N,True
4,reel10__1,reel7__4,998,N,True
4,reel3__5,reel14__3,998,N,True
4,reel9__3,reel14__3,998,N,True
4,20,reel14__3,998,N,True
4,reel3__5,reel38__9,998,N,True
4,reel11__9,reel39__6,998,N,True
4,202,reel37__2,998,N,True
4,175,reel37__2,998,N,True
4,227,reel37__2,998,N,True
4,227,reel47__9,998,N,True
4,221,bot15__6,998,N,True
4,bot7__8,bot15__6,998,N,True
4,bot47__9,bot15__6,998,N,True
4,201,reel34__0,998,N,True
4,reel41__8,reel34__0,998,N,True
4,reel41__8,reel47__8,998,N,True
4,bot37__0,reel22__6,998,N,True
4,219,154,998,N,True
4,reel23__3,154,998,N,True
4,219,6,998,N,True
4,147,6,998,N,True
4,219,89,998,N,True
4,147,89,998,N,True
4,reel34__8,reel27__6,998,N,True
4,336,reel27__6,998,N,True
4,reel38__5,reel12__8,998,N,True
4,reel29__0,reel12__8,998,N,True
4,129,reel2__4,998,N,True
4,reel12__6,reel2__4,998,N,True
4,reel21__8,reel2__4,998,N,True
4,reel12__6,bot13__0,998,N,True
4,bot12__0,bot13__0,998,N,True
4,bot11__3,bot32__5,998,N,True
4,bot11__3,bot38__1,998,N,True
4,reel35__7,reel42__2,998,N,True
4,reel11__1,reel42__2,998,N,True
4,reel9__9,reel21__3,998,N,True
4,reel9__9,bot42__5,998,N,True
4,242,reel38__4,998,N,True
4,249,reel38__4,998,N,True
4,3,bot37__7,998,N,True
4,reel32__3,bot37__7,998,N,True
4,reel11__5,reel13__4,998,N,True
4,bot24__1,reel13__4,998,N,True
4,bot1__2,bot16__5,998,N,True
4,bot25__4,bot16__5,998,N,True
4,reel5__6,reel17__7,998,N,True
4,159,reel17__7,998,N,True
4,reel31__9,reel17__7,998,N,True
4,bot46__2,reel17__7,998,N,True
4,reel31__9,reel47__4,998,N,True
4,bot21__5,bot28__7,998,N,True
4,281,bot28__7,998,N,True
4,83,bot8__2,998,N,True
4,reel7__1,bot8__2,998,N,True
4,83,bot25__2,998,N,True
4,reel18__1,reel26__3,998,N,True
4,184,reel26__3,998,N,True
4,bot18__7,reel13__8,998,N,True
4,346,reel15__1,998,N,True
4,202,bot25__5,998,N,True
4,346,bot25__5,998,N,True
4,bot23__6,bot44__0,998,N,True
4,reel20__6,bot44__0,998,N,True
4,reel19__5,bot30__1,998,N,True
4,reel19__5,reel46__2,998,N,True
4,3,bot17__9,998,N,True
4,33,bot17__9,998,N,True
4,33,bot28__2,998,N,True
4,reel28__1,reel40__9,998,N,True
4,33,reel40__9,998,N,True
4,207,reel37__7,998,N,True
4,reel35__4,reel37__7,998,N,True
4,reel18__6,reel40__5,998,N,True
4,reel35__4,reel40__5,998,N,True
4,299,reel32__5,998,N,True
4,301,bot28__0,998,N,True
4,301,reel29__5,998,N,True
4,301,bot38__9,998,N,True
4,bot42__8,bot44__8,998,N,True
4,reel23__4,bot44__8,998,N,True
4,183,reel26__8,998,N,True
4,173,reel21__9,998,N,True
4,42,reel21__9,998,N,True
4,311,reel21__9,998,N,True
4,bot49__9,reel21__9,998,N,True
4,bot22__6,reel19__9,998,N,True
4,reel1__9,reel19__9,998,N,True
4,reel31__6,reel27__5,998,N,True
4,reel29__3,reel27__5,998,N,True
4,bot24__1,bot37__6,998,N,True
4,reel31__6,bot37__6,998,N,True
4,reel9__6,reel41__7,998,N,True
4,reel31__6,reel41__7,998,N,True
4,175,reel28__9,998,N,True
4,175,bot31__6,998,N,True
4,reel19__7,bot31__6,998,N,True
4,bot36__1,reel8__4,998,N,True
4,reel41__1,reel8__4,998,N,True
4,reel41__1,reel46__1,998,N,True
4,115,116,998,N,True
4,reel14__2,116,998,N,True
4,reel17__4,116,998,N,True
4,reel14__2,bot22__5,998,N,True
4,bot39__3,bot22__5,998,N,True
4,reel14__2,reel39__0,998,N,True
4,reel14__8,reel30__2,998,N,True
4,281,bot36__2,998,N,True
4,97,230,998,N,True
4,97,reel39__5,998,N,True
4,reel21__8,reel42__5,998,N,True
4,270,reel42__5,998,N,True
4,reel11__1,bot38__8,998,N,True
4,bot10__9,bot15__8,998,N,True
4,246,bot15__8,998,N,True
4,reel5__3,bot15__8,998,N,True
4,bot15__3,bot38__5,998,N,True
4,reel4__9,bot38__5,998,N,True
4,143,bot38__5,998,N,True
4,reel14__9,reel33__5,998,N,True
4,reel14__9,reel47__1,998,N,True
4,147,bot19__0,998,N,True
4,bot45__8,205,998,N,True
4,reel23__3,reel37__5,998,N,True
4,reel23__3,bot42__2,998,N,True
4,reel23__3,reel48__6,998,N,True
4,124,157,998,N,True
4,124,reel31__5,998,N,True
4,reel2__1,bot42__3,998,N,True
4,246,bot42__3,998,N,True
4,bot46__4,reel38__7,998,N,True
4,reel9__2,reel38__7,998,N,True
4,bot3__1,267,998,N,True
4,bot1__2,bot18__3,998,N,True
4,reel4__3,bot18__3,998,N,True
4,reel4__3,reel32__6,998,N,True
4,201,bot0__9,998,N,True
4,bot1__1,bot0__9,998,N,True
4,270,bot0__9,998,N,True
4,202,166,998,N,True
4,173,166,998,N,True
4,202,bot0__0,998,N,True
4,202,reel22__1,998,N,True
4,58,reel37__6,998,N,True
4,bot0__8,bot4__2,998,N,True
4,bot27__4,bot4__2,998,N,True
4,284,bot18__0,998,N,True
4,bot27__4,bot18__0,998,N,True
4,reel11__8,reel15__9,998,N,True
4,reel30__3,reel15__9,998,N,True
4,reel11__4,93,998,N,True
4,reel6__0,reel30__4,998,N,True
4,reel11__4,reel30__4,998,N,True
4,reel22__7,reel41__3,998,N,True
4,143,reel41__3,998,N,True
4,204,bot25__7,998,N,True
4,204,reel43__8,998,N,True
4,bot23__2,bot44__7,998,N,True
4,bot5__2,bot44__7,998,N,True
4,75,bot2__9,998,N,True
4,reel1__9,bot2__9,998,N,True
4,256,bot2__9,998,N,True
4,256,bot12__3,998,N,True
4,256,bot44__3,998,N,True
4,reel36__2,bot44__3,998,N,True
4,bot5__1,41,998,N,True
4,115,41,998,N,True
4,20,41,998,N,True
4,reel35__6,71,998,N,True
4,bot5__1,71,998,N,True
4,bot45__9,bot36__5,998,N,True
4,bot5__1,bot36__5,998,N,True
4,reel13__3,bot36__5,998,N,True
4,reel16__5,reel47__7,998,N,True
4,reel29__7,reel47__7,998,N,True
4,340,bot10__8,998,N,True
4,340,bot31__0,998,N,True
4,340,reel44__4,998,N,True
4,bot34__1,reel0__5,998,N,True
4,173,reel0__5,998,N,True
4,173,bot33__3,998,N,True
4,bot28__9,bot33__3,998,N,True
4,129,reel24__9,998,N,True
4,bot38__0,reel24__9,998,N,True
4,194,reel2__7,998,N,True
4,194,reel34__3,998,N,True
4,168,bot6__3,998,N,True
4,bot5__4,bot6__3,998,N,True
4,311,bot24__3,998,N,True
4,reel13__7,bot42__7,998,N,True
4,311,bot42__7,998,N,True
4,reel0__2,reel5__5,998,N,True
4,reel0__2,bot25__1,998,N,True
4,260,160,998,N,True
4,260,reel38__8,998,N,True
4,99,bot39__0,998,N,True
4,99,bot43__2,998,N,True
4,347,bot22__0,998,N,True
4,234,bot17__1,998,N,True
4,bot2__4,bot17__1,998,N,True
4,bot19__9,bot17__1,998,N,True
4,bot43__4,bot10__7,998,N,True
4,77,bot33__9,998,N,True
4,reel9__2,90,998,N,True
4,reel9__2,reel10__3,998,N,True
4,reel9__2,reel47__2,998,N,True
4,bot1__1,bot33__5,998,N,True
4,7,bot33__5,998,N,True
4,reel14__6,reel37__1,998,N,True
4,bot34__1,312,998,N,True
4,115,312,998,N,True
4,20,312,998,N,True
4,201,259,998,N,True
4,bot7__1,259,998,N,True
4,201,91,998,N,True
4,reel0__0,91,998,N,True
4,201,bot46__7,998,N,True
4,reel18__6,reel16__0,998,N,True
4,288,reel16__0,998,N,True
4,reel18__6,bot20__9,998,N,True
4,258,bot27__8,998,N,True
4,reel10__1,bot11__8,998,N,True
4,reel10__1,bot44__2,998,N,True
4,20,111,998,N,True
4,bot2__3,326,998,N,True
4,115,326,998,N,True
4,20,326,998,N,True
4,bot4__1,326,998,N,True
4,20,bot14__2,998,N,True
4,76,bot37__2,998,N,True
4,75,bot19__8,998,N,True
4,reel30__3,reel45__8,998,N,True
4,221,bot49__4,998,N,True
4,288,reel7__3,998,N,True
4,reel2__2,reel7__3,998,N,True
4,reel20__4,reel7__3,998,N,True
4,reel6__0,reel44__2,998,N,True
4,reel6__0,reel44__9,998,N,True
4,bot49__5,bot35__7,998,N,True
4,reel29__3,bot35__7,998,N,True
4,94,bot22__3,998,N,True
4,reel5__3,bot22__3,998,N,True
4,bot5__0,bot21__4,998,N,True
4,reel11__7,bot14__4,998,N,True
4,reel11__7,bot25__6,998,N,True
4,bot20__7,reel10__6,998,N,True
4,reel9__7,bot43__6,998,N,True
4,bot20__7,bot43__6,998,N,True
4,206,reel32__7,998,N,True
4,reel2__2,279,998,N,True
4,reel2__2,reel14__4,998,N,True
4,reel2__2,bot16__3,998,N,True
4,reel28__7,328,998,N,True
4,reel17__4,328,998,N,True
4,reel23__1,reel41__5,998,N,True
4,reel28__7,reel41__5,998,N,True
4,reel28__7,reel43__1,998,N,True
4,bot49__5,reel15__5,998,N,True
4,reel28__5,reel40__3,998,N,True
4,reel38__6,reel40__3,998,N,True
4,reel9__7,289,998,N,True
4,bot2__3,289,998,N,True
4,bot23__9,bot27__7,998,N,True
4,344,bot4__4,998,N,True
4,284,reel8__3,998,N,True
4,reel7__1,bot33__4,998,N,True
4,reel29__7,bot40__9,998,N,True
4,bot2__2,61,998,N,True
4,bot10__0,145,998,N,True
4,reel10__9,145,998,N,True
4,94,bot47__5,998,N,True
4,bot36__1,bot47__5,998,N,True
4,3,228,998,N,True
4,reel17__4,bot27__2,998,N,True
4,159,reel23__0,998,N,True
4,159,bot25__3,998,N,True
4,reel23__1,bot29__9,998,N,True
4,reel23__1,reel41__4,998,N,True
4,reel0__0,reel5__9,998,N,True
4,reel0__0,bot28__5,998,N,True
4,reel0__0,reel47__0,998,N,True
4,reel9__0,reel10__4,998,N,True
4,115,140,998,N,True
4,reel23__4,reel24__2,998,N,True
4,reel23__4,bot26__9,998,N,True
4,reel23__4,reel40__1,998,N,True
4,reel23__4,reel43__7,998,N,True
4,bot17__3,bot31__4,998,N,True
4,bot7__1,4,998,N,True
4,bot7__1,bot26__5,998,N,True
4,234,bot36__7,998,N,True
4,reel0__9,reel1__7,998,N,True
4,288,reel1__7,998,N,True
4,reel42__1,reel12__0,998,N,True
4,288,reel34__1,998,N,True
4,288,bot44__4,998,N,True
4,reel0__3,bot34__9,998,N,True
4,57,bot35__1,998,N,True
4,bot38__7,reel14__1,998,N,True
4,bot38__7,reel30__1,998,N,True
4,94,bot22__8,998,N,True
4,131,reel2__2,999,N,True
4,reel23__4,reel2__2,999,N,True
4,279,reel2__2,999,N,True
4,reel7__3,reel2__2,999,N,True
4,reel17__5,reel2__2,999,N,True
4,131,reel23__5,999,N,True
4,167,reel23__5,999,N,True
4,131,bot25__3,999,N,True
4,78,bot25__3,999,N,True
4,bot42__9,bot2__8,999,N,True
4,315,bot2__8,999,N,True
4,278,bot2__8,999,N,True
4,bot42__9,reel39__3,999,N,True
4,117,reel13__2,999,N,True
4,35,reel13__2,999,N,True
4,35,reel34__5,999,N,True
4,27,reel34__5,999,N,True
4,bot46__4,reel38__7,999,N,True
4,reel28__0,reel38__7,999,N,True
4,35,reel38__7,999,N,True
4,35,bot42__2,999,N,True
4,122,reel20__2,999,N,True
4,147,reel20__2,999,N,True
4,reel0__1,reel20__2,999,N,True
4,273,bot23__8,999,N,True
4,reel0__1,bot23__8,999,N,True
4,120,reel6__8,999,N,True
4,reel2__5,reel6__8,999,N,True
4,bot0__3,bot39__4,999,N,True
4,reel1__2,reel6__2,999,N,True
4,186,reel6__2,999,N,True
4,186,reel13__5,999,N,True
4,180,reel8__8,999,N,True
4,180,reel25__5,999,N,True
4,337,bot32__0,999,N,True
4,180,bot32__0,999,N,True
4,97,bot23__7,999,N,True
4,69,reel4__9,999,N,True
4,218,reel4__9,999,N,True
4,69,bot19__9,999,N,True
4,bot17__1,bot19__9,999,N,True
4,39,bot19__9,999,N,True
4,69,reel47__5,999,N,True
4,141,reel47__5,999,N,True
4,reel31__2,reel24__2,999,N,True
4,reel20__8,reel24__2,999,N,True
4,reel23__4,reel24__2,999,N,True
4,reel20__8,bot25__6,999,N,True
4,reel20__8,reel26__2,999,N,True
4,reel20__8,reel41__3,999,N,True
4,143,reel41__3,999,N,True
4,52,bot1__1,999,N,True
4,188,bot1__1,999,N,True
4,bot33__5,bot1__1,999,N,True
4,1,bot17__5,999,N,True
4,188,bot17__5,999,N,True
4,121,reel40__8,999,N,True
4,188,reel40__8,999,N,True
4,reel17__5,bot49__8,999,N,True
4,188,bot49__8,999,N,True
4,107,reel0__5,999,N,True
4,173,reel0__5,999,N,True
4,98,reel0__5,999,N,True
4,50,reel31__0,999,N,True
4,98,reel31__0,999,N,True
4,98,reel44__5,999,N,True
4,bot20__9,reel5__0,999,N,True
4,reel25__2,reel5__0,999,N,True
4,reel14__8,reel5__0,999,N,True
4,214,reel5__0,999,N,True
4,315,bot16__0,999,N,True
4,315,reel23__1,999,N,True
4,30,reel23__1,999,N,True
4,184,reel23__1,999,N,True
4,38,reel1__3,999,N,True
4,reel11__1,reel17__2,999,N,True
4,84,reel17__2,999,N,True
4,reel11__1,bot38__8,999,N,True
4,reel11__1,reel42__2,999,N,True
4,192,bot16__8,999,N,True
4,reel14__9,reel24__3,999,N,True
4,251,reel24__3,999,N,True
4,192,reel24__3,999,N,True
4,reel10__8,bot48__6,999,N,True
4,192,bot48__6,999,N,True
4,155,reel2__7,999,N,True
4,232,reel2__7,999,N,True
4,bot7__1,bot18__6,999,N,True
4,232,bot18__6,999,N,True
4,123,reel4__0,999,N,True
4,201,reel4__0,999,N,True
4,123,bot15__2,999,N,True
4,123,reel32__1,999,N,True
4,123,reel34__6,999,N,True
4,123,reel48__1,999,N,True
4,reel8__4,bot30__0,999,N,True
4,182,reel41__1,999,N,True
4,reel23__6,reel41__1,999,N,True
4,reel8__4,reel41__1,999,N,True
4,reel18__4,reel3__3,999,N,True
4,193,reel23__0,999,N,True
4,reel18__8,bot30__4,999,N,True
4,reel18__8,reel38__3,999,N,True
4,273,reel14__4,999,N,True
4,332,reel17__0,999,N,True
4,273,reel17__0,999,N,True
4,reel11__5,reel17__0,999,N,True
4,273,bot30__1,999,N,True
4,273,reel33__8,999,N,True
4,39,bot7__2,999,N,True
4,75,reel0__4,999,N,True
4,3,reel0__4,999,N,True
4,61,reel0__4,999,N,True
4,162,bot16__3,999,N,True
4,221,bot49__4,999,N,True
4,reel14__9,reel7__8,999,N,True
4,168,reel7__8,999,N,True
4,94,reel7__8,999,N,True
4,200,reel7__8,999,N,True
4,reel14__9,reel33__5,999,N,True
4,279,reel33__5,999,N,True
4,reel14__9,reel36__5,999,N,True
4,bot43__3,reel36__5,999,N,True
4,reel14__9,reel37__3,999,N,True
4,31,reel37__3,999,N,True
4,reel14__9,reel47__1,999,N,True
4,147,bot11__4,999,N,True
4,147,bot19__0,999,N,True
4,229,bot19__0,999,N,True
4,251,bot19__0,999,N,True
4,147,reel43__9,999,N,True
4,214,reel43__9,999,N,True
4,222,reel10__0,999,N,True
4,bot11__5,reel10__0,999,N,True
4,284,reel10__0,999,N,True
4,reel31__2,reel30__6,999,N,True
4,reel31__2,reel46__1,999,N,True
4,reel31__2,reel46__8,999,N,True
4,342,bot2__4,999,N,True
4,345,bot2__4,999,N,True
4,bot17__1,bot2__4,999,N,True
4,236,reel17__9,999,N,True
4,185,reel17__9,999,N,True
4,185,reel26__9,999,N,True
4,185,reel31__4,999,N,True
4,330,reel12__6,999,N,True
4,bot26__6,reel12__6,999,N,True
4,152,reel13__8,999,N,True
4,330,reel13__8,999,N,True
4,120,reel16__4,999,N,True
4,330,reel16__4,999,N,True
4,99,reel16__4,999,N,True
4,120,bot34__7,999,N,True
4,33,bot6__0,999,N,True
4,reel5__3,bot6__0,999,N,True
4,reel5__3,bot15__8,999,N,True
4,reel45__8,reel14__0,999,N,True
4,146,reel14__0,999,N,True
4,183,reel14__0,999,N,True
4,295,reel22__3,999,N,True
4,146,reel22__3,999,N,True
4,156,bot4__9,999,N,True
4,1,bot4__9,999,N,True
4,293,bot4__9,999,N,True
4,345,reel9__3,999,N,True
4,293,reel9__3,999,N,True
4,reel11__5,bot26__4,999,N,True
4,reel10__7,bot26__4,999,N,True
4,293,bot26__4,999,N,True
4,293,bot31__8,999,N,True
4,293,bot42__0,999,N,True
4,293,bot44__4,999,N,True
4,288,bot44__4,999,N,True
4,134,reel21__6,999,N,True
4,reel0__3,reel21__6,999,N,True
4,134,bot37__4,999,N,True
4,156,bot37__4,999,N,True
4,134,bot49__5,999,N,True
4,bot4__7,bot12__7,999,N,True
4,bot39__1,bot7__5,999,N,True
4,reel0__3,bot7__5,999,N,True
4,bot39__1,bot45__9,999,N,True
4,bot36__5,bot45__9,999,N,True
4,reel4__8,bot23__6,999,N,True
4,67,bot23__6,999,N,True
4,306,reel40__9,999,N,True
4,33,reel40__9,999,N,True
4,95,bot17__8,999,N,True
4,206,bot17__8,999,N,True
4,323,bot17__8,999,N,True
4,206,reel32__7,999,N,True
4,206,reel42__7,999,N,True
4,reel13__9,reel23__8,999,N,True
4,reel13__9,reel27__4,999,N,True
4,31,bot12__0,999,N,True
4,84,bot12__0,999,N,True
4,31,reel15__6,999,N,True
4,58,reel15__6,999,N,True
4,31,bot49__9,999,N,True
4,bot36__0,bot17__2,999,N,True
4,59,bot17__2,999,N,True
4,bot0__6,bot10__8,999,N,True
4,340,bot10__8,999,N,True
4,bot0__6,bot40__7,999,N,True
4,155,bot40__7,999,N,True
4,bot0__6,bot47__0,999,N,True
4,121,bot5__9,999,N,True
4,reel17__8,reel46__4,999,N,True
4,51,bot3__1,999,N,True
4,bot5__2,bot21__1,999,N,True
4,51,bot21__1,999,N,True
4,174,reel32__8,999,N,True
4,51,reel32__8,999,N,True
4,22,bot0__5,999,N,True
4,169,bot0__5,999,N,True
4,36,bot0__5,999,N,True
4,22,bot27__0,999,N,True
4,298,reel31__8,999,N,True
4,reel17__5,reel31__8,999,N,True
4,reel1__0,reel13__6,999,N,True
4,328,reel13__6,999,N,True
4,reel14__7,bot20__6,999,N,True
4,80,bot1__4,999,N,True
4,80,reel30__7,999,N,True
4,48,bot16__9,999,N,True
4,48,reel43__4,999,N,True
4,156,bot1__5,999,N,True
4,295,bot1__5,999,N,True
4,156,bot2__1,999,N,True
4,275,bot2__1,999,N,True
4,156,bot13__1,999,N,True
4,284,bot13__1,999,N,True
4,156,bot30__9,999,N,True
4,bot24__2,bot30__9,999,N,True
4,216,bot30__9,999,N,True
4,156,bot31__3,999,N,True
4,155,bot38__4,999,N,True
4,156,bot38__4,999,N,True
4,95,reel25__9,999,N,True
4,122,reel29__9,999,N,True
4,95,reel29__9,999,N,True
4,95,reel32__9,999,N,True
4,321,reel32__9,999,N,True
4,reel3__5,reel7__4,999,N,True
4,reel3__5,reel14__3,999,N,True
4,296,bot6__5,999,N,True
4,296,bot13__0,999,N,True
4,296,reel21__3,999,N,True
4,113,bot33__1,999,N,True
4,300,bot33__1,999,N,True
4,bot4__1,bot33__1,999,N,True
4,27,bot46__0,999,N,True
4,300,bot46__0,999,N,True
4,236,reel24__0,999,N,True
4,bot43__3,reel24__0,999,N,True
4,278,reel20__4,999,N,True
4,reel7__3,reel20__4,999,N,True
4,27,bot9__4,999,N,True
4,316,bot9__4,999,N,True
4,reel11__9,reel28__3,999,N,True
4,50,reel19__7,999,N,True
4,50,bot38__7,999,N,True
4,50,reel44__8,999,N,True
4,265,reel44__8,999,N,True
4,96,reel34__9,999,N,True
4,248,bot45__8,999,N,True
4,96,bot45__8,999,N,True
4,bot47__1,bot18__7,999,N,True
4,bot15__5,bot18__7,999,N,True
4,176,reel35__9,999,N,True
4,reel36__3,reel35__9,999,N,True
4,202,bot0__0,999,N,True
4,47,bot0__0,999,N,True
4,34,bot14__3,999,N,True
4,83,bot14__3,999,N,True
4,reel1__2,bot14__3,999,N,True
4,reel25__2,reel21__2,999,N,True
4,142,reel21__2,999,N,True
4,34,reel21__2,999,N,True
4,71,bot3__7,999,N,True
4,71,reel35__6,999,N,True
4,278,reel35__6,999,N,True
4,reel23__4,bot26__9,999,N,True
4,bot46__8,bot26__9,999,N,True
4,46,bot13__8,999,N,True
4,46,reel21__5,999,N,True
4,46,reel22__9,999,N,True
4,1,bot19__6,999,N,True
4,67,bot17__7,999,N,True
4,240,bot17__7,999,N,True
4,90,bot21__4,999,N,True
4,240,bot21__4,999,N,True
4,340,reel44__4,999,N,True
4,240,reel44__4,999,N,True
4,bot10__3,bot7__3,999,N,True
4,216,bot7__3,999,N,True
4,bot10__3,bot11__2,999,N,True
4,108,bot1__3,999,N,True
4,170,bot1__3,999,N,True
4,108,bot28__6,999,N,True
4,158,reel4__4,999,N,True
4,111,reel4__4,999,N,True
4,reel0__3,reel4__4,999,N,True
4,33,bot4__8,999,N,True
4,49,bot4__8,999,N,True
4,49,reel27__5,999,N,True
4,344,bot48__5,999,N,True
4,265,bot48__5,999,N,True
4,reel11__5,reel15__8,999,N,True
4,reel19__4,reel15__8,999,N,True
4,182,bot21__7,999,N,True
4,182,reel37__0,999,N,True
4,182,bot39__9,999,N,True
4,182,reel44__3,999,N,True
4,122,reel44__3,999,N,True
4,202,reel9__9,999,N,True
4,168,reel9__9,999,N,True
4,202,bot25__5,999,N,True
4,346,bot25__5,999,N,True
4,reel41__6,reel36__4,999,N,True
4,211,reel36__4,999,N,True
4,288,reel36__4,999,N,True
4,184,reel36__4,999,N,True
4,bot23__9,reel4__5,999,N,True
4,196,reel4__5,999,N,True
4,332,bot11__3,999,N,True
4,196,bot11__3,999,N,True
4,170,bot11__3,999,N,True
4,196,reel13__1,999,N,True
4,reel44__0,reel13__1,999,N,True
4,196,reel20__3,999,N,True
4,196,reel32__0,999,N,True
4,341,reel7__2,999,N,True
4,33,reel7__2,999,N,True
4,341,reel15__7,999,N,True
4,332,bot5__7,999,N,True
4,bot2__0,bot5__7,999,N,True
4,bot45__4,bot5__7,999,N,True
4,bot2__0,bot33__9,999,N,True
4,77,bot33__9,999,N,True
4,reel14__8,reel4__2,999,N,True
4,reel38__2,reel4__2,999,N,True
4,83,reel4__2,999,N,True
4,278,reel4__2,999,N,True
4,278,bot24__9,999,N,True
4,84,reel19__1,999,N,True
4,200,bot20__7,999,N,True
4,84,bot20__7,999,N,True
4,reel5__4,bot10__4,999,N,True
4,225,bot10__4,999,N,True
4,225,reel24__4,999,N,True
4,225,reel31__6,999,N,True
4,reel10__5,bot22__5,999,N,True
4,reel14__2,bot22__5,999,N,True
4,reel10__5,bot45__7,999,N,True
4,78,bot28__4,999,N,True
4,58,reel35__8,999,N,True
4,58,reel37__6,999,N,True
4,bot5__2,bot19__7,999,N,True
4,bot26__6,bot19__7,999,N,True
4,4,reel38__4,999,N,True
4,94,bot47__5,999,N,True
4,4,bot47__5,999,N,True
4,336,reel4__3,999,N,True
4,170,bot14__9,999,N,True
4,336,bot14__9,999,N,True
4,336,bot20__4,999,N,True
4,336,reel27__6,999,N,True
4,201,bot22__7,999,N,True
4,111,bot22__7,999,N,True
4,316,bot22__7,999,N,True
4,345,reel9__0,999,N,True
4,284,reel9__0,999,N,True
4,322,bot6__9,999,N,True
4,175,bot13__9,999,N,True
4,322,bot13__9,999,N,True
4,117,bot29__8,999,N,True
4,321,bot16__7,999,N,True
4,321,reel22__2,999,N,True
4,344,reel33__9,999,N,True
4,332,bot49__2,999,N,True
4,167,bot49__2,999,N,True
4,reel44__9,reel45__2,999,N,True
4,107,bot26__3,999,N,True
4,328,reel25__1,999,N,True
4,328,reel44__2,999,N,True
4,174,reel8__3,999,N,True
4,284,reel8__3,999,N,True
4,bot10__6,bot2__6,999,N,True
4,103,bot2__6,999,N,True
4,103,bot43__0,999,N,True
4,103,bot47__6,999,N,True
4,bot45__6,bot31__2,999,N,True
4,170,reel3__6,999,N,True
4,169,reel3__7,999,N,True
4,170,reel3__7,999,N,True
4,170,reel8__7,999,N,True
4,170,bot22__4,999,N,True
4,151,reel12__4,999,N,True
4,151,bot18__4,999,N,True
4,reel25__6,bot30__5,999,N,True
4,151,bot30__5,999,N,True
4,59,bot30__5,999,N,True
4,295,bot35__2,999,N,True
4,151,bot35__2,999,N,True
4,151,reel41__4,999,N,True
4,59,bot20__8,999,N,True
4,197,bot22__2,999,N,True
4,197,bot32__9,999,N,True
4,32,bot32__9,999,N,True
4,197,reel38__1,999,N,True
4,234,reel38__1,999,N,True
4,308,reel29__8,999,N,True
4,248,reel41__8,999,N,True
4,bot5__2,bot44__7,999,N,True
4,200,reel42__0,999,N,True
4,200,bot45__2,999,N,True
4,211,reel21__7,999,N,True
4,211,reel23__3,999,N,True
4,67,reel11__3,999,N,True
4,67,reel12__1,999,N,True
4,67,reel31__9,999,N,True
4,67,reel46__3,999,N,True
4,bot10__6,bot24__1,999,N,True
4,113,bot24__1,999,N,True
4,184,reel26__3,999,N,True
4,161,reel26__3,999,N,True
4,161,reel33__2,999,N,True
4,161,bot37__6,999,N,True
4,reel11__5,reel13__4,999,N,True
4,136,reel13__4,999,N,True
4,reel11__5,reel38__0,999,N,True
4,216,reel38__0,999,N,True
4,36,reel43__8,999,N,True
4,318,reel33__6,999,N,True
4,169,reel3__9,999,N,True
4,reel44__0,reel3__9,999,N,True
4,127,bot21__9,999,N,True
4,90,reel48__5,999,N,True
4,127,reel48__5,999,N,True
4,3,reel23__2,999,N,True
4,340,reel9__7,999,N,True
4,340,bot31__0,999,N,True
4,201,reel4__1,999,N,True
4,83,reel4__1,999,N,True
4,254,bot9__3,999,N,True
4,54,bot15__3,999,N,True
4,254,bot15__3,999,N,True
4,reel32__5,bot38__2,999,N,True
4,bot11__5,bot38__2,999,N,True
4,bot36__5,bot46__5,999,N,True
4,reel17__4,bot27__2,999,N,True
4,reel17__4,reel43__3,999,N,True
4,319,bot32__4,999,N,True
4,bot37__9,bot30__2,999,N,True
4,229,bot36__9,999,N,True
4,334,reel6__5,999,N,True
4,94,reel7__9,999,N,True
4,24,reel7__9,999,N,True
4,288,reel7__9,999,N,True
4,24,bot14__7,999,N,True
4,24,reel24__5,999,N,True
4,24,reel33__4,999,N,True
4,168,bot6__3,999,N,True
4,168,reel8__6,999,N,True
4,168,bot10__2,999,N,True
4,bot17__6,bot10__2,999,N,True
4,303,reel5__2,999,N,True
4,90,reel9__2,999,N,True
4,reel25__6,reel34__1,999,N,True
4,288,reel34__1,999,N,True
4,reel3__0,reel29__2,999,N,True
4,reel3__0,reel37__1,999,N,True
4,311,reel25__8,999,N,True
4,311,bot42__7,999,N,True
4,208,reel27__7,999,N,True
4,208,bot32__7,999,N,True
4,reel23__4,bot28__9,999,N,True
4,reel23__4,reel40__1,999,N,True
4,reel28__0,reel40__1,999,N,True
4,reel23__4,reel43__0,999,N,True
4,reel23__4,bot44__8,999,N,True
4,169,bot32__6,999,N,True
4,33,bot28__2,999,N,True
4,260,reel3__1,999,N,True
4,260,reel16__5,999,N,True
4,260,reel35__2,999,N,True
4,reel35__4,reel48__0,999,N,True
4,bot7__1,bot26__5,999,N,True
4,reel23__6,reel41__0,999,N,True
4,234,bot10__5,999,N,True
4,234,bot36__7,999,N,True
4,216,reel26__0,999,N,True
4,reel32__5,reel26__0,999,N,True
4,216,reel32__2,999,N,True
4,216,reel48__8,999,N,True
4,reel10__7,bot40__3,999,N,True
4,bot45__4,bot43__2,999,N,True
4,reel32__5,bot43__2,999,N,True
4,99,bot43__2,999,N,True
4,reel10__8,reel17__7,999,N,True
4,reel10__8,reel18__9,999,N,True
4,reel10__8,bot22__0,999,N,True
4,347,bot22__0,999,N,True
4,183,reel33__0,999,N,True
4,183,bot41__3,999,N,True
4,136,reel9__5,999,N,True
4,99,bot39__0,999,N,True
4,347,bot20__1,999,N,True
4,279,reel16__8,999,N,True
4,288,reel16__0,999,N,True
4,54,bot18__9,999,N,True
4,54,reel48__3,999,N,True
4,77,reel0__2,999,N,True
4,155,bot12__6,999,N,True
4,reel0__3,bot34__9,999,N,True
4,175,reel0__7,999,N,True
4,175,bot31__6,999,N,True
4,175,bot47__4,999,N,True
4,reel9__4,reel15__3,999,N,True
4,reel9__4,reel45__1,999,N,True
4,138,reel0__6,999,N,True
4,reel14__2,reel26__5,999,N,True
4,reel14__2,bot38__3,999,N,True
4,342,bot14__1,999,N,True
4,reel14__8,bot35__9,999,N,True
4,201,reel7__0,999,N,True
4,201,reel19__8,999,N,True
4,201,bot46__7,999,N,True
4,141,bot3__2,999,N,True
4,141,bot5__4,999,N,True
4,141,reel48__7,999,N,True
4,94,reel6__3,999,N,True
4,94,bot20__3,999,N,True
4,143,bot38__5,999,N,True
4,122,reel10__1,999,N,True
4,122,bot24__5,999,N,True
4,247,reel24__6,999,N,True
4,174,bot20__2,999,N,True
4,174,reel46__7,999,N,True
4,reel20__6,reel28__8,999,N,True
5,reel12__7,57,980,N,False
5,reel12__7,reel16__5,980,N,False
5,130,300,980,N,False
5,130,53,980,N,False
5,88,53,980,N,False
5,130,191,980,N,False
5,342,bot2__4,980,N,False
5,345,bot2__4,980,N,False
5,130,bot2__4,980,N,False
5,bot17__1,bot2__4,980,N,False
5,130,reel19__6,980,N,False
5,reel18__1,reel32__2,980,N,False
5,reel18__1,reel48__1,980,N,False
5,172,reel1__6,980,N,False
5,258,295,980,N,False
5,257,295,980,N,False
5,258,bot20__3,980,N,False
5,258,bot27__8,980,N,False
5,reel19__3,reel20__1,980,N,False
5,bot36__7,reel5__0,980,N,False
5,100,150,980,N,False
5,100,189,980,N,False
5,100,217,980,N,False
5,100,269,980,N,False
5,100,64,980,N,False
5,100,bot1__2,980,N,False
5,169,106,980,N,False
5,88,106,980,N,False
5,22,bot0__5,980,N,False
5,169,bot0__5,980,N,False
5,169,bot32__6,980,N,False
5,bot24__0,bot32__6,980,N,False
5,261,bot17__2,980,N,False
5,308,bot8__2,980,N,False
5,83,bot8__2,980,N,False
5,66,reel34__4,980,N,False
5,bot49__9,bot12__4,980,N,False
5,reel28__7,328,980,N,False
5,reel11__1,bot38__8,980,N,False
5,bot15__5,262,980,N,False
5,bot15__5,bot36__1,980,N,False
5,reel12__1,reel9__7,980,N,False
5,246,bot15__8,980,N,False
5,246,bot42__3,980,N,False
5,318,bot18__5,980,N,False
5,reel3__9,reel44__0,980,N,False
5,bot6__1,bot8__7,980,N,False
5,bot0__2,bot8__1,980,N,False
5,bot0__2,bot18__9,980,N,False
5,83,23,980,N,False
5,83,bot14__3,980,N,False
5,83,bot25__2,980,N,False
5,257,reel6__7,980,N,False
5,257,bot13__7,980,N,False
5,bot3__3,bot2__8,980,N,False
5,reel6__2,reel20__9,980,N,False
5,60,reel6__9,980,N,False
5,reel2__7,bot19__1,980,N,False
5,bot7__2,reel4__5,980,N,False
5,bot7__2,bot29__4,980,N,False
5,290,bot0__3,980,N,False
5,290,bot23__2,980,N,False
5,283,228,980,N,False
5,283,bot6__4,980,N,False
5,283,reel32__7,980,N,False
5,314,50,980,N,False
5,314,bot33__6,980,N,False
5,336,reel4__3,980,N,False
5,336,bot20__4,980,N,False
5,336,reel27__6,980,N,False
5,bot22__4,bot11__9,980,N,False
5,reel1__9,bot4__0,980,N,False
5,reel1__9,bot5__0,980,N,False
5,345,178,980,N,False
5,303,178,980,N,False
5,88,178,980,N,False
5,345,reel9__3,980,N,False
5,bot11__3,bot38__1,980,N,False
5,88,242,980,N,False
5,303,reel5__2,980,N,False
5,121,206,980,N,False
5,121,bot5__9,980,N,False
5,reel4__0,bot34__6,980,N,False
5,22,reel35__4,980,N,False
5,reel20__8,reel41__3,982,N,False
5,bot20__2,bot27__1,982,N,False
5,147,319,982,N,False
5,147,89,982,N,False
5,reel23__3,154,982,N,False
5,reel23__3,reel8__0,982,N,False
5,reel23__3,reel48__6,982,N,False
5,reel13__4,reel48__6,982,N,False
5,293,bot1__6,982,N,False
5,reel6__6,reel30__0,982,N,False
5,293,reel30__0,982,N,False
5,reel22__6,bot37__0,982,N,False
5,reel33__0,reel39__9,982,N,False
5,reel22__6,reel39__9,982,N,False
5,306,bot48__7,982,N,False
5,reel5__2,reel6__4,982,N,False
5,267,reel15__3,982,N,False
5,267,reel30__5,982,N,False
5,reel0__3,bot34__9,982,N,False
5,reel13__4,bot34__9,982,N,False
5,255,bot26__1,982,N,False
5,255,reel48__4,982,N,False
5,bot21__6,bot18__6,982,N,False
5,bot21__6,bot25__7,982,N,False
5,reel21__6,bot34__4,982,N,False
5,reel19__2,47,982,N,False
5,reel19__2,reel34__6,982,N,False
5,reel14__7,bot20__6,982,N,False
5,reel33__0,reel43__1,982,N,False
5,reel45__6,bot48__9,982,N,False
5,reel44__2,bot49__4,982,N,False
5,bot4__8,33,982,N,False
5,bot6__0,33,982,N,False
5,reel40__9,33,982,N,False
5,reel36__6,reel14__5,982,N,False
5,bot16__1,reel14__5,982,N,False
5,reel22__1,reel20__5,982,N,False
5,reel39__7,reel37__7,982,N,False
5,bot23__9,bot27__7,982,N,False
5,bot17__0,bot43__7,982,N,False
5,reel31__1,reel8__8,982,N,False
5,reel31__6,reel27__5,982,N,False
5,205,reel27__5,982,N,False
5,bot12__1,bot46__8,982,N,False
5,bot26__9,bot46__8,982,N,False
5,245,259,982,N,False
5,reel3__2,269,982,N,False
5,reel3__2,reel6__8,982,N,False
5,reel3__2,bot41__0,982,N,False
5,bot31__5,reel25__0,982,N,False
5,reel26__1,reel14__8,982,N,False
5,reel5__0,reel14__8,982,N,False
5,86,reel27__8,982,N,False
5,bot13__0,bot35__3,982,N,False
5,reel11__5,reel38__0,982,N,False
5,bot37__9,bot30__2,982,N,False
5,bot37__6,bot48__4,982,N,False
5,bot39__6,bot40__0,982,N,False
5,reel0__6,138,982,N,False
5,reel12__5,bot49__6,982,N,False
5,bot11__9,bot22__4,982,N,False
5,reel42__1,reel40__6,982,N,False
5,reel31__6,reel19__5,982,N,False
5,reel23__2,bot32__1,982,N,False
5,reel14__2,bot38__3,982,N,False
5,343,2,983,N,False
5,343,326,983,N,False
5,reel10__5,326,983,N,False
5,343,44,983,N,False
5,reel46__6,44,983,N,False
5,343,214,983,N,False
5,343,14,983,N,False
5,151,14,983,N,False
5,343,20,983,N,False
5,343,bot12__5,983,N,False
5,259,reel30__2,983,N,False
5,147,319,983,N,False
5,147,89,983,N,False
5,reel22__6,bot37__0,983,N,False
5,reel22__6,reel39__9,983,N,False
5,bot22__4,bot9__2,983,N,False
5,bot26__9,bot9__2,983,N,False
5,bot30__2,bot37__9,983,N,False
5,reel2__1,bot42__3,983,N,False
5,reel4__7,bot30__4,983,N,False
5,bot31__1,reel0__5,983,N,False
5,reel21__6,reel0__5,983,N,False
5,reel21__6,reel26__0,983,N,False
5,reel1__0,bot49__1,983,N,False
5,189,reel2__2,983,N,False
5,reel7__3,reel2__2,983,N,False
5,bot32__2,bot41__9,983,N,False
5,reel18__7,reel39__7,983,N,False
5,reel18__7,bot47__3,983,N,False
5,71,bot3__7,983,N,False
5,reel22__1,reel0__6,983,N,False
5,218,273,983,N,False
5,181,273,983,N,False
5,bot30__1,273,983,N,False
5,328,273,983,N,False
5,181,78,983,N,False
5,218,78,983,N,False
5,328,78,983,N,False
5,181,bot39__0,983,N,False
5,reel10__5,reel7__5,983,N,False
5,reel10__5,reel18__0,983,N,False
5,reel10__5,bot45__7,983,N,False
5,bot19__3,bot45__7,983,N,False
5,reel46__6,316,983,N,False
5,328,reel17__4,983,N,False
5,151,310,983,N,False
5,100,reel12__4,983,N,False
5,151,reel12__4,983,N,False
5,151,bot24__3,983,N,False
5,151,reel41__4,983,N,False
5,bot17__8,bot39__2,983,N,False
5,100,reel13__2,983,N,False
5,bot32__3,reel13__2,983,N,False
5,bot47__8,reel20__8,983,N,False
5,reel26__2,reel20__8,983,N,False
5,reel26__2,bot45__0,983,N,False
5,reel41__7,reel9__6,983,N,False
5,bot24__7,bot21__3,983,N,False
5,bot34__9,bot37__8,983,N,False
5,reel9__3,reel48__7,983,N,False
5,reel27__7,reel48__7,983,N,False
5,229,bot1__0,983,N,False
5,reel3__0,reel37__1,983,N,False
5,100,reel15__0,983,N,False
5,100,reel40__6,983,N,False
5,bot7__1,bot18__6,983,N,False
5,234,reel29__4,983,N,False
5,234,bot36__7,983,N,False
5,218,bot37__5,983,N,False
5,reel33__5,279,983,N,False
5,reel33__5,reel43__2,983,N,False
5,reel14__1,reel8__2,983,N,False
5,reel14__1,bot35__9,983,N,False
5,8,bot0__9,983,N,False
5,reel27__7,bot39__5,983,N,False
5,reel39__6,reel45__0,983,N,False
5,258,295,985,N,False
5,258,bot20__3,985,N,False
5,258,bot27__8,985,N,False
5,bot0__3,244,985,N,False
5,bot0__3,bot39__4,985,N,False
5,reel9__4,reel20__1,985,N,False
5,reel19__3,reel20__1,985,N,False
5,reel24__6,247,985,N,False
5,120,247,985,N,False
5,reel24__6,reel35__7,985,N,False
5,reel24__6,reel47__6,985,N,False
5,2,bot29__6,985,N,False
5,reel20__8,reel12__8,985,N,False
5,reel20__8,reel26__2,985,N,False
5,reel20__8,bot47__8,985,N,False
5,66,reel16__1,985,N,False
5,66,reel42__7,985,N,False
5,reel18__8,bot30__4,985,N,False
5,20,reel5__0,985,N,False
5,20,reel14__3,985,N,False
5,20,bot15__0,985,N,False
5,20,bot18__8,985,N,False
5,246,reel2__0,985,N,False
5,246,bot15__8,985,N,False
5,246,bot42__3,985,N,False
5,bot15__3,bot29__0,985,N,False
5,120,bot29__0,985,N,False
5,bot15__3,bot38__5,985,N,False
5,bot20__2,bot27__1,985,N,False
5,bot20__2,bot37__4,985,N,False
5,reel30__3,235,985,N,False
5,reel30__3,reel45__8,985,N,False
5,147,bot19__0,985,N,False
5,147,reel20__2,985,N,False
5,221,bot49__4,985,N,False
5,reel20__9,reel21__5,985,N,False
5,reel20__9,reel42__3,985,N,False
5,reel11__6,bot44__9,985,N,False
5,reel11__7,reel30__5,985,N,False
5,328,reel25__1,985,N,False
5,reel22__6,reel25__1,985,N,False
5,reel22__6,bot37__0,985,N,False
5,reel22__6,reel39__9,985,N,False
5,bot0__6,bot40__7,985,N,False
5,121,reel0__0,985,N,False
5,121,bot5__9,985,N,False
5,bot41__7,reel40__8,985,N,False
5,121,reel40__8,985,N,False
5,22,bot0__5,985,N,False
5,95,bot1__9,985,N,False
5,22,bot1__9,985,N,False
5,339,reel1__5,985,N,False
5,339,reel9__6,985,N,False
5,95,bot1__0,985,N,False
5,95,reel29__9,985,N,False
5,reel45__6,reel40__3,985,N,False
5,reel45__6,reel44__3,985,N,False
5,296,bot13__0,985,N,False
5,296,bot40__6,985,N,False
5,bot9__9,bot15__7,985,N,False
5,7,bot15__7,985,N,False
5,27,bot46__0,985,N,False
5,bot7__5,189,985,N,False
5,64,189,985,N,False
5,171,189,985,N,False
5,100,189,985,N,False
5,reel0__3,189,985,N,False
5,217,189,985,N,False
5,bot7__5,reel5__2,985,N,False
5,309,reel17__6,985,N,False
5,bot24__1,reel13__4,985,N,False
5,bot10__3,bot7__3,985,N,False
5,bot8__2,83,985,N,False
5,23,83,985,N,False
5,84,83,985,N,False
5,23,245,985,N,False
5,23,267,985,N,False
5,23,51,985,N,False
5,reel32__8,51,985,N,False
5,84,51,985,N,False
5,23,bot31__4,985,N,False
5,202,166,985,N,False
5,bot23__9,reel4__5,985,N,False
5,bot23__9,bot27__7,985,N,False
5,bot2__0,bot5__7,985,N,False
5,bot18__9,bot33__9,985,N,False
5,bot2__0,bot33__9,985,N,False
5,84,bot12__0,985,N,False
5,bot27__4,bot4__2,985,N,False
5,111,93,985,N,False
5,137,93,985,N,False
5,reel3__0,93,985,N,False
5,111,reel4__4,985,N,False
5,reel0__3,reel4__4,985,N,False
5,111,bot22__7,985,N,False
5,bot41__7,reel0__4,985,N,False
5,reel6__9,reel9__5,985,N,False
5,reel34__9,reel9__5,985,N,False
5,reel34__9,reel47__1,985,N,False
5,163,reel32__2,985,N,False
5,328,306,985,N,False
5,328,218,985,N,False
5,bot36__1,195,985,N,False
5,328,195,985,N,False
5,328,reel13__6,985,N,False
5,116,reel17__4,985,N,False
5,328,reel17__4,985,N,False
5,328,reel44__2,985,N,False
5,reel6__9,bot21__7,985,N,False
5,bot40__0,bot21__7,985,N,False
5,reel6__9,reel36__3,985,N,False
5,284,reel10__0,985,N,False
5,197,bot22__2,985,N,False
5,197,bot32__9,985,N,False
5,197,reel38__1,985,N,False
5,reel43__0,reel38__1,985,N,False
5,171,reel36__6,985,N,False
5,bot25__9,bot1__4,985,N,False
5,reel32__3,reel16__3,985,N,False
5,reel32__3,bot37__7,985,N,False
5,reel16__5,bot29__7,985,N,False
5,reel16__5,bot35__2,985,N,False
5,bot36__1,reel8__4,985,N,False
5,14,bot16__7,985,N,False
5,reel23__1,reel41__4,985,N,False
5,168,bot6__3,985,N,False
5,reel34__0,reel23__5,985,N,False
5,reel34__0,bot35__8,985,N,False
5,reel3__0,71,985,N,False
5,208,reel29__0,985,N,False
5,reel23__4,bot26__9,985,N,False
5,reel23__4,bot44__8,985,N,False
5,bot42__8,bot44__8,985,N,False
5,100,269,985,N,False
5,100,bot12__2,985,N,False
5,reel7__8,reel33__8,985,N,False
5,64,bot41__8,985,N,False
5,reel32__8,reel20__3,985,N,False
5,reel32__8,reel33__9,985,N,False
5,reel48__0,reel24__1,985,N,False
5,bot24__2,34,985,N,False
5,reel21__2,34,985,N,False
5,reel0__3,reel21__6,985,N,False
5,reel0__3,bot34__9,985,N,False
5,reel21__2,reel45__4,985,N,False
5,bot8__5,bot23__8,985,N,False
5,bot34__1,reel0__5,985,N,False
5,116,reel14__2,985,N,False
5,reel19__7,reel11__8,985,N,False
5,reel19__7,bot31__6,985,N,False
5,bot24__0,bot32__6,985,N,False
5,207,reel37__7,985,N,False
5,reel20__6,reel28__8,985,N,False
5,reel34__2,reel11__5,986,N,False
5,reel17__0,reel11__5,986,N,False
5,248,reel11__5,986,N,False
5,reel34__2,reel39__6,986,N,False
5,bot0__3,bot39__4,986,N,False
5,reel0__5,bot39__4,986,N,False
5,bot14__1,256,986,N,False
5,bot12__4,bot6__4,986,N,False
5,283,bot6__4,986,N,False
5,277,bot6__4,986,N,False
5,bot12__4,bot14__4,986,N,False
5,bot49__2,bot14__4,986,N,False
5,bot12__4,bot49__9,986,N,False
5,232,bot7__7,986,N,False
5,232,bot18__6,986,N,False
5,123,reel4__0,986,N,False
5,79,reel4__0,986,N,False
5,123,bot18__8,986,N,False
5,123,reel48__1,986,N,False
5,340,7,986,N,False
5,304,7,986,N,False
5,322,7,986,N,False
5,136,7,986,N,False
5,339,7,986,N,False
5,246,7,986,N,False
5,22,7,986,N,False
5,308,7,986,N,False
5,65,7,986,N,False
5,246,bot42__3,986,N,False
5,334,165,986,N,False
5,200,165,986,N,False
5,342,165,986,N,False
5,169,165,986,N,False
5,121,165,986,N,False
5,72,165,986,N,False
5,39,165,986,N,False
5,39,bot19__9,986,N,False
5,bot16__9,bot14__7,986,N,False
5,76,bot6__5,986,N,False
5,345,reel9__0,986,N,False
5,76,reel9__0,986,N,False
5,222,bot1__8,986,N,False
5,bot32__6,bot24__0,986,N,False
5,48,299,986,N,False
5,53,299,986,N,False
5,53,254,986,N,False
5,322,242,986,N,False
5,88,242,986,N,False
5,53,242,986,N,False
5,48,330,986,N,False
5,53,330,986,N,False
5,53,194,986,N,False
5,53,reel3__1,986,N,False
5,53,bot21__2,986,N,False
5,53,bot21__8,986,N,False
5,53,bot23__1,986,N,False
5,bot43__5,reel16__9,986,N,False
5,bot4__7,bot13__4,986,N,False
5,reel40__4,reel8__4,986,N,False
5,48,57,986,N,False
5,277,57,986,N,False
5,345,159,986,N,False
5,277,159,986,N,False
5,22,168,986,N,False
5,304,168,986,N,False
5,277,168,986,N,False
5,339,168,986,N,False
5,277,reel3__5,986,N,False
5,277,bot8__5,986,N,False
5,277,reel9__2,986,N,False
5,277,reel48__0,986,N,False
5,206,bot11__1,986,N,False
5,283,reel32__7,986,N,False
5,206,reel32__7,986,N,False
5,224,bot4__6,986,N,False
5,229,bot4__6,986,N,False
5,224,reel5__7,986,N,False
5,reel0__3,reel5__7,986,N,False
5,224,bot9__9,986,N,False
5,212,bot9__9,986,N,False
5,224,bot12__5,986,N,False
5,121,reel0__0,986,N,False
5,121,bot5__9,986,N,False
5,238,bot17__4,986,N,False
5,155,bot19__5,986,N,False
5,238,bot19__5,986,N,False
5,238,reel22__7,986,N,False
5,reel16__1,reel22__7,986,N,False
5,238,reel32__3,986,N,False
5,238,reel34__5,986,N,False
5,51,bot21__1,986,N,False
5,bot1__5,bot26__0,986,N,False
5,51,bot26__0,986,N,False
5,51,reel32__8,986,N,False
5,22,347,986,N,False
5,304,347,986,N,False
5,339,347,986,N,False
5,95,bot1__9,986,N,False
5,22,bot1__9,986,N,False
5,22,reel42__4,986,N,False
5,reel20__7,bot48__0,986,N,False
5,342,bot2__4,986,N,False
5,345,bot2__4,986,N,False
5,130,bot2__4,986,N,False
5,130,reel2__6,986,N,False
5,136,reel2__6,986,N,False
5,130,reel19__6,986,N,False
5,130,reel28__7,986,N,False
5,reel0__5,reel5__0,986,N,False
5,reel0__5,reel12__0,986,N,False
5,reel0__3,reel21__6,986,N,False
5,reel0__5,reel21__6,986,N,False
5,reel0__5,bot31__1,986,N,False
5,bot46__6,bot31__1,986,N,False
5,270,bot31__1,986,N,False
5,reel6__2,bot34__1,986,N,False
5,reel0__5,bot34__1,986,N,False
5,100,bot12__2,986,N,False
5,bot3__1,bot12__2,986,N,False
5,237,reel2__5,986,N,False
5,13,reel2__5,986,N,False
5,13,reel23__7,986,N,False
5,13,bot29__1,986,N,False
5,bot5__8,243,986,N,False
5,bot5__8,bot4__1,986,N,False
5,339,reel9__6,986,N,False
5,339,reel18__8,986,N,False
5,339,reel25__2,986,N,False
5,223,bot6__6,986,N,False
5,223,reel20__4,986,N,False
5,95,319,986,N,False
5,95,147,986,N,False
5,95,6,986,N,False
5,95,reel25__9,986,N,False
5,95,reel29__9,986,N,False
5,48,126,986,N,False
5,322,126,986,N,False
5,88,126,986,N,False
5,48,reel15__5,986,N,False
5,48,reel43__4,986,N,False
5,65,bot5__1,986,N,False
5,65,bot12__1,986,N,False
5,reel2__0,218,986,N,False
5,reel4__9,218,986,N,False
5,reel2__0,bot44__8,986,N,False
5,171,58,986,N,False
5,269,58,986,N,False
5,reel35__8,58,986,N,False
5,reel37__6,58,986,N,False
5,269,reel17__5,986,N,False
5,269,bot48__7,986,N,False
5,169,reel8__5,986,N,False
5,270,reel8__5,986,N,False
5,270,reel19__1,986,N,False
5,270,reel42__5,986,N,False
5,bot4__4,140,986,N,False
5,116,140,986,N,False
5,bot10__3,reel4__7,986,N,False
5,bot10__3,bot7__3,986,N,False
5,reel4__9,bot7__3,986,N,False
5,bot10__5,234,986,N,False
5,bot10__5,bot11__0,986,N,False
5,283,228,986,N,False
5,283,bot4__5,986,N,False
5,336,reel8__9,986,N,False
5,336,bot14__9,986,N,False
5,reel12__9,bot20__4,986,N,False
5,336,bot20__4,986,N,False
5,336,reel27__6,986,N,False
5,345,reel9__3,986,N,False
5,155,bot12__6,986,N,False
5,bot11__3,bot12__6,986,N,False
5,bot11__3,bot32__5,986,N,False
5,bot11__3,bot38__1,986,N,False
5,88,164,986,N,False
5,88,bot23__6,986,N,False
5,reel12__9,reel15__2,986,N,False
5,245,8,986,N,False
5,245,91,986,N,False
5,245,259,986,N,False
5,reel8__8,reel43__1,986,N,False
5,307,71,986,N,False
5,307,reel10__4,986,N,False
5,reel11__4,93,986,N,False
5,reel11__4,reel30__4,986,N,False
5,reel26__9,reel13__6,986,N,False
5,bot39__2,bot2__9,986,N,False
5,bot39__2,bot13__0,986,N,False
5,reel4__9,reel20__5,986,N,False
5,reel4__9,bot38__5,986,N,False
5,248,reel41__8,986,N,False
5,317,reel41__8,986,N,False
5,248,bot45__8,986,N,False
5,308,bot8__2,986,N,False
5,308,reel29__8,986,N,False
5,171,reel17__8,986,N,False
5,171,reel23__4,986,N,False
5,171,reel36__6,986,N,False
5,200,reel7__8,986,N,False
5,200,reel42__0,986,N,False
5,reel35__8,reel36__8,986,N,False
5,318,bot18__5,986,N,False
5,340,bot31__0,986,N,False
5,340,reel44__4,986,N,False
5,340,reel44__6,986,N,False
5,reel6__2,bot13__6,986,N,False
5,79,reel3__9,986,N,False
5,169,reel3__9,986,N,False
5,reel16__1,281,986,N,False
5,334,reel23__9,986,N,False
5,189,reel5__3,986,N,False
5,189,reel5__8,986,N,False
5,189,bot7__5,986,N,False
5,reel0__3,bot7__5,986,N,False
5,342,bot0__7,986,N,False
5,304,bot0__7,986,N,False
5,304,reel10__2,986,N,False
5,304,reel12__6,986,N,False
5,reel5__4,reel12__2,986,N,False
5,208,bot2__2,986,N,False
5,bot24__4,182,986,N,False
5,bot24__4,bot25__8,986,N,False
5,128,bot39__8,986,N,False
5,100,reel1__9,986,N,False
5,100,bot3__6,986,N,False
5,100,reel12__4,986,N,False
5,317,reel1__3,986,N,False
5,317,bot26__2,986,N,False
5,261,bot17__2,986,N,False
5,261,reel22__6,986,N,False
5,288,reel36__4,986,N,False
5,bot46__6,reel36__4,986,N,False
5,217,reel41__6,986,N,False
5,reel13__5,reel7__5,986,N,False
5,reel13__5,reel19__2,986,N,False
5,301,bot22__1,986,N,False
5,301,bot28__0,986,N,False
5,301,reel29__5,986,N,False
5,136,reel9__5,986,N,False
5,bot0__2,bot8__1,986,N,False
5,bot0__2,bot18__9,986,N,False
5,bot1__5,160,986,N,False
5,bot1__5,bot4__8,986,N,False
5,288,bot7__0,986,N,False
5,bot3__4,bot16__7,986,N,False
5,155,157,986,N,False
5,155,reel11__0,986,N,False
5,155,bot40__7,986,N,False
5,reel0__3,reel4__4,986,N,False
5,reel0__3,bot34__9,986,N,False
5,237,bot14__5,986,N,False
5,313,bot0__6,986,N,False
5,313,reel9__4,986,N,False
5,313,bot40__5,986,N,False
5,313,bot46__4,986,N,False
5,116,326,986,N,False
5,116,343,986,N,False
5,116,2,986,N,False
5,72,bot46__9,986,N,False
5,reel19__7,bot31__6,986,N,False
5,bot35__2,151,986,N,False
5,reel31__0,bot32__1,986,N,False
5,21,88,987,N,False
5,56,88,987,N,False
5,186,88,987,N,False
5,25,88,987,N,False
5,236,88,987,N,False
5,21,55,987,N,False
5,277,55,987,N,False
5,123,55,987,N,False
5,185,55,987,N,False
5,56,55,987,N,False
5,186,55,987,N,False
5,261,55,987,N,False
5,122,55,987,N,False
5,21,66,987,N,False
5,113,66,987,N,False
5,56,66,987,N,False
5,122,66,987,N,False
5,308,66,987,N,False
5,315,121,987,N,False
5,21,121,987,N,False
5,113,121,987,N,False
5,280,121,987,N,False
5,236,121,987,N,False
5,277,39,987,N,False
5,21,39,987,N,False
5,313,39,987,N,False
5,280,39,987,N,False
5,25,39,987,N,False
5,315,345,987,N,False
5,21,345,987,N,False
5,186,345,987,N,False
5,261,345,987,N,False
5,122,345,987,N,False
5,21,reel16__3,987,N,False
5,reel0__5,107,987,N,False
5,reel0__5,reel5__0,987,N,False
5,reel0__5,reel21__6,987,N,False
5,reel0__5,bot32__4,987,N,False
5,reel0__5,bot34__1,987,N,False
5,reel0__5,bot39__4,987,N,False
5,reel11__4,93,987,N,False
5,reel11__4,reel30__4,987,N,False
5,212,bot9__9,987,N,False
5,212,bot22__6,987,N,False
5,212,bot48__1,987,N,False
5,reel44__5,reel39__1,987,N,False
5,reel34__2,reel11__5,987,N,False
5,248,reel11__5,987,N,False
5,329,reel11__5,987,N,False
5,25,65,987,N,False
5,13,65,987,N,False
5,118,65,987,N,False
5,261,65,987,N,False
5,13,reel2__5,987,N,False
5,13,bot17__6,987,N,False
5,290,bot23__2,987,N,False
5,bot17__8,bot23__2,987,N,False
5,280,117,987,N,False
5,280,reel9__6,987,N,False
5,280,reel16__9,987,N,False
5,280,reel27__1,987,N,False
5,280,reel28__7,987,N,False
5,reel2__0,246,987,N,False
5,315,246,987,N,False
5,223,246,987,N,False
5,25,246,987,N,False
5,308,246,987,N,False
5,223,bot6__6,987,N,False
5,197,139,987,N,False
5,320,139,987,N,False
5,127,139,987,N,False
5,197,36,987,N,False
5,320,36,987,N,False
5,127,36,987,N,False
5,197,bot32__9,987,N,False
5,100,150,987,N,False
5,329,150,987,N,False
5,100,189,987,N,False
5,100,217,987,N,False
5,100,269,987,N,False
5,329,269,987,N,False
5,100,reel1__9,987,N,False
5,100,bot3__6,987,N,False
5,100,bot12__2,987,N,False
5,122,45,987,N,False
5,186,45,987,N,False
5,313,222,987,N,False
5,118,222,987,N,False
5,56,222,987,N,False
5,186,222,987,N,False
5,325,222,987,N,False
5,315,303,987,N,False
5,122,303,987,N,False
5,56,303,987,N,False
5,186,303,987,N,False
5,236,303,987,N,False
5,186,bot0__4,987,N,False
5,186,reel7__1,987,N,False
5,325,268,987,N,False
5,118,268,987,N,False
5,261,268,987,N,False
5,261,reel5__9,987,N,False
5,261,bot17__2,987,N,False
5,261,reel22__6,987,N,False
5,236,69,987,N,False
5,25,69,987,N,False
5,332,53,987,N,False
5,315,53,987,N,False
5,248,53,987,N,False
5,248,reel41__8,987,N,False
5,315,7,987,N,False
5,308,7,987,N,False
5,277,22,987,N,False
5,308,22,987,N,False
5,185,22,987,N,False
5,308,bot2__7,987,N,False
5,315,80,987,N,False
5,320,80,987,N,False
5,320,bot21__6,987,N,False
5,320,bot21__8,987,N,False
5,320,reel45__4,987,N,False
5,reel2__0,218,987,N,False
5,reel2__0,bot7__6,987,N,False
5,reel12__5,bot49__6,987,N,False
5,315,288,987,N,False
5,25,288,987,N,False
5,315,249,987,N,False
5,122,5,987,N,False
5,315,5,987,N,False
5,315,324,987,N,False
5,277,324,987,N,False
5,329,324,987,N,False
5,118,324,987,N,False
5,332,324,987,N,False
5,315,bot34__6,987,N,False
5,277,130,987,N,False
5,62,130,987,N,False
5,329,130,987,N,False
5,25,130,987,N,False
5,bot15__3,54,987,N,False
5,329,54,987,N,False
5,313,54,987,N,False
5,332,106,987,N,False
5,329,106,987,N,False
5,277,204,987,N,False
5,329,204,987,N,False
5,329,27,987,N,False
5,329,202,987,N,False
5,329,bot4__0,987,N,False
5,329,reel28__0,987,N,False
5,123,reel4__0,987,N,False
5,79,reel4__0,987,N,False
5,123,reel32__1,987,N,False
5,148,50,987,N,False
5,113,50,987,N,False
5,277,50,987,N,False
5,113,bot24__1,987,N,False
5,113,bot28__8,987,N,False
5,127,bot28__8,987,N,False
5,113,reel28__1,987,N,False
5,25,83,987,N,False
5,25,51,987,N,False
5,3,283,987,N,False
5,118,283,987,N,False
5,25,283,987,N,False
5,25,73,987,N,False
5,25,270,987,N,False
5,bot15__3,254,987,N,False
5,bot1__5,160,987,N,False
5,bot1__5,bot4__8,987,N,False
5,bot1__5,bot26__0,987,N,False
5,bot38__2,reel32__5,987,N,False
5,bot38__2,bot42__6,987,N,False
5,127,bot21__9,987,N,False
5,127,reel48__5,987,N,False
5,3,228,987,N,False
5,3,reel0__4,987,N,False
5,62,reel4__8,987,N,False
5,bot24__9,bot9__2,987,N,False
5,bot24__9,bot38__9,987,N,False
5,118,bot2__0,987,N,False
5,118,reel3__3,987,N,False
5,118,reel20__7,987,N,False
5,118,reel30__3,987,N,False
5,118,reel37__9,987,N,False
5,118,bot40__0,987,N,False
5,79,reel26__6,987,N,False
5,79,reel27__0,987,N,False
5,277,294,987,N,False
5,277,168,987,N,False
5,277,reel3__5,987,N,False
5,277,bot6__4,987,N,False
5,277,bot9__7,987,N,False
5,277,reel34__8,987,N,False
5,342,bot20__0,987,N,False
5,342,reel48__2,987,N,False
5,148,229,987,N,False
5,148,reel4__7,987,N,False
5,313,bot46__4,987,N,False
5,56,bot0__2,987,N,False
5,56,bot46__2,987,N,False
5,332,reel17__0,987,N,False
5,332,reel25__4,987,N,False
5,332,reel40__4,987,N,False
5,332,bot49__2,987,N,False
5,bot35__2,151,987,N,False
5,bot8__3,reel6__4,987,N,False
5,bot8__3,241,987,N,False
5,72,reel1__2,987,N,False
5,122,reel6__6,987,N,False
5,122,reel10__1,987,N,False
5,325,reel38__8,987,N,False
5,258,bot20__3,988,N,False
5,258,bot27__8,988,N,False
5,186,reel6__2,988,N,False
5,186,reel13__5,988,N,False
5,reel7__5,reel13__5,988,N,False
5,reel20__6,bot44__0,988,N,False
5,232,bot1__7,988,N,False
5,232,reel2__7,988,N,False
5,123,reel4__0,988,N,False
5,bot30__7,321,988,N,False
5,bot30__7,bot34__8,988,N,False
5,bot15__3,bot29__0,988,N,False
5,221,bot49__4,988,N,False
5,reel20__4,278,988,N,False
5,bot32__6,bot24__0,988,N,False
5,reel5__3,bot6__0,988,N,False
5,290,bot0__3,988,N,False
5,290,bot23__2,988,N,False
5,293,bot4__9,988,N,False
5,134,bot11__1,988,N,False
5,bot28__6,bot11__1,988,N,False
5,134,reel21__6,988,N,False
5,reel0__3,reel21__6,988,N,False
5,134,bot37__4,988,N,False
5,134,bot49__5,988,N,False
5,reel31__3,reel0__5,988,N,False
5,130,300,988,N,False
5,130,73,988,N,False
5,88,73,988,N,False
5,130,reel2__6,988,N,False
5,130,reel19__6,988,N,False
5,130,reel28__7,988,N,False
5,reel30__5,bot43__9,988,N,False
5,reel11__5,reel13__4,988,N,False
5,bot24__1,reel13__4,988,N,False
5,bot24__1,bot37__6,988,N,False
5,190,23,988,N,False
5,240,23,988,N,False
5,bot10__3,reel4__7,988,N,False
5,bot30__4,reel4__7,988,N,False
5,bot10__3,bot11__2,988,N,False
5,bot10__3,bot42__6,988,N,False
5,reel41__8,reel34__0,988,N,False
5,reel41__8,reel47__8,988,N,False
5,196,reel8__4,988,N,False
5,196,bot11__3,988,N,False
5,196,reel20__3,988,N,False
5,196,reel44__9,988,N,False
5,88,336,988,N,False
5,bot20__4,336,988,N,False
5,88,bot8__9,988,N,False
5,344,bot4__4,988,N,False
5,344,reel33__9,988,N,False
5,344,bot41__9,988,N,False
5,bot26__5,bot30__0,988,N,False
5,bot46__2,reel17__7,988,N,False
5,bot26__1,bot28__0,988,N,False
5,bot32__3,198,988,N,False
5,242,reel43__0,988,N,False
5,reel11__5,reel15__8,988,N,False
5,reel11__5,reel38__0,988,N,False
5,295,bot1__5,988,N,False
5,reel16__5,bot35__2,988,N,False
5,295,bot35__2,988,N,False
5,reel7__5,316,988,N,False
5,reel7__5,reel10__5,988,N,False
5,reel7__5,bot36__3,988,N,False
5,reel16__5,bot29__7,988,N,False
5,55,bot5__2,988,N,False
5,184,bot35__0,988,N,False
5,55,bot35__0,988,N,False
5,reel28__1,227,988,N,False
5,reel28__1,reel40__9,988,N,False
5,reel48__9,reel3__3,988,N,False
5,190,bot14__9,988,N,False
5,190,bot24__7,988,N,False
5,190,reel33__4,988,N,False
5,190,reel35__0,988,N,False
5,184,139,988,N,False
5,184,127,988,N,False
5,184,197,988,N,False
5,317,bot26__2,988,N,False
5,234,bot36__7,988,N,False
5,bot13__7,reel0__4,988,N,False
5,reel0__3,reel4__4,988,N,False
5,reel0__3,bot34__9,988,N,False
5,reel29__1,reel10__2,988,N,False
5,276,reel1__2,988,N,False
5,72,reel1__2,988,N,False
5,276,bot42__8,988,N,False
5,72,bot46__9,988,N,False
5,bot12__9,bot23__7,990,N,True
5,bot25__1,bot23__7,990,N,True
5,bot1__6,bot23__7,990,N,True
5,bot43__9,reel42__3,990,N,True
5,reel24__4,reel42__3,990,N,True
5,reel20__9,reel42__3,990,N,True
5,reel36__3,reel42__3,990,N,True
5,reel10__8,bot16__2,990,N,True
5,reel1__1,bot16__2,990,N,True
5,bot11__3,bot32__5,990,N,True
5,reel22__8,bot32__5,990,N,True
5,reel3__7,reel36__2,990,N,True
5,bot44__3,reel36__2,990,N,True
5,reel22__8,reel36__2,990,N,True
5,bot3__0,bot49__0,990,N,True
5,reel23__8,bot39__5,990,N,True
5,reel20__9,reel29__6,990,N,True
5,reel5__2,reel41__2,990,N,True
5,reel24__5,reel41__2,990,N,True
5,bot46__9,reel41__0,990,N,True
5,reel23__6,reel41__0,990,N,True
5,reel25__1,reel41__0,990,N,True
5,reel16__5,reel47__7,990,N,True
5,reel31__3,reel47__7,990,N,True
5,reel0__0,reel38__3,990,N,True
5,reel19__2,reel38__3,990,N,True
5,reel18__8,reel38__3,990,N,True
5,reel3__4,bot45__1,990,N,True
5,reel40__9,bot45__1,990,N,True
5,reel8__7,bot11__7,990,N,True
5,reel8__8,bot11__7,990,N,True
5,bot33__6,bot29__5,990,N,True
5,bot15__9,bot29__5,990,N,True
5,reel10__5,reel14__5,990,N,True
5,reel14__4,bot46__5,990,N,True
5,reel24__5,reel6__0,990,N,True
5,reel44__9,reel6__0,990,N,True
5,reel44__2,reel6__0,990,N,True
5,reel44__9,reel45__2,990,N,True
5,reel42__4,reel45__2,990,N,True
5,reel16__5,bot29__7,990,N,True
5,bot19__8,bot29__7,990,N,True
5,reel25__2,bot30__6,990,N,True
5,bot37__5,bot30__6,990,N,True
5,reel26__1,reel47__3,990,N,True
5,reel34__4,reel47__3,990,N,True
5,reel9__5,reel34__9,990,N,True
5,reel29__2,reel34__9,990,N,True
5,bot15__0,bot47__1,990,N,True
5,bot7__4,bot41__6,990,N,True
5,reel28__8,bot41__6,990,N,True
5,bot1__2,bot16__5,990,N,True
5,reel8__9,bot16__5,990,N,True
5,bot13__0,bot16__5,990,N,True
5,bot17__8,bot39__2,990,N,True
5,bot2__9,bot39__2,990,N,True
5,bot13__0,bot39__2,990,N,True
5,reel21__4,reel28__4,990,N,True
5,reel16__1,reel28__4,990,N,True
5,reel13__6,reel21__8,990,N,True
5,reel15__2,reel21__8,990,N,True
5,reel15__2,reel39__9,990,N,True
5,reel30__8,reel38__5,990,N,True
5,reel23__4,reel40__1,990,N,True
5,reel28__0,reel40__1,990,N,True
5,reel28__0,reel43__5,990,N,True
5,reel12__3,reel43__5,990,N,True
5,reel14__9,reel18__6,990,N,True
5,bot43__0,reel18__6,990,N,True
5,reel40__5,reel18__6,990,N,True
5,reel24__5,reel18__6,990,N,True
5,reel29__4,reel43__2,990,N,True
5,reel33__5,reel43__2,990,N,True
5,reel41__8,reel47__8,990,N,True
5,reel18__2,reel47__8,990,N,True
5,reel1__4,bot11__0,990,N,True
5,bot42__0,bot11__0,990,N,True
5,reel4__4,bot11__0,990,N,True
5,bot5__0,bot35__6,990,N,True
5,bot27__6,bot35__6,990,N,True
5,bot0__5,bot25__4,990,N,True
5,bot12__2,bot49__8,990,N,True
5,reel17__5,bot49__8,990,N,True
5,reel2__0,bot44__8,990,N,True
5,reel23__4,bot44__8,990,N,True
5,bot42__8,bot44__8,990,N,True
5,reel7__2,bot43__8,990,N,True
5,bot7__8,bot43__8,990,N,True
5,reel41__8,reel34__0,990,N,True
5,reel23__5,reel34__0,990,N,True
5,reel41__8,reel42__6,990,N,True
5,reel16__9,reel25__6,990,N,True
5,reel12__3,reel25__6,990,N,True
5,bot15__6,bot47__9,990,N,True
5,bot15__6,bot48__4,990,N,True
5,reel28__3,bot48__4,990,N,True
5,bot11__3,bot12__6,990,N,True
5,reel10__8,bot48__6,990,N,True
5,reel28__8,bot33__8,990,N,True
5,reel16__6,bot26__3,990,N,True
5,bot39__7,bot26__3,990,N,True
5,bot23__5,bot26__3,990,N,True
5,reel23__2,reel27__0,990,N,True
5,reel34__4,reel27__0,990,N,True
5,reel11__1,reel27__0,990,N,True
5,reel11__1,bot38__8,990,N,True
5,reel11__1,reel42__2,990,N,True
5,reel14__9,reel24__3,990,N,True
5,bot22__2,reel16__0,990,N,True
5,reel2__9,reel16__0,990,N,True
5,reel34__6,reel15__8,990,N,True
5,reel19__4,reel15__8,990,N,True
5,reel39__1,reel11__0,990,N,True
5,reel9__3,reel11__0,990,N,True
5,reel18__9,reel11__0,990,N,True
5,reel5__0,bot33__4,990,N,True
5,bot23__2,bot44__7,990,N,True
5,bot5__2,bot44__7,990,N,True
5,bot49__9,reel21__9,990,N,True
5,reel16__6,reel12__0,990,N,True
5,reel23__2,reel12__0,990,N,True
5,reel23__2,bot32__1,990,N,True
5,reel36__3,reel35__9,990,N,True
5,reel24__6,reel35__7,990,N,True
5,reel12__2,bot49__7,990,N,True
5,reel39__5,bot49__7,990,N,True
5,bot6__5,bot49__7,990,N,True
5,reel20__4,reel7__3,990,N,True
5,bot8__9,bot30__3,990,N,True
5,reel24__8,reel34__1,990,N,True
5,reel9__8,reel11__6,990,N,True
5,reel35__3,bot37__2,990,N,True
5,bot36__1,bot47__5,990,N,True
5,bot18__6,bot21__6,990,N,True
5,bot27__0,bot42__1,990,N,True
5,reel17__7,bot46__2,990,N,True
5,bot1__2,bot18__3,990,N,True
5,reel4__0,bot34__6,990,N,True
5,reel5__1,bot39__4,991,N,True
5,bot0__3,bot39__4,991,N,True
5,143,35,991,N,True
5,reel34__5,35,991,N,True
5,102,bot12__7,991,N,True
5,bot4__7,bot12__7,991,N,True
5,reel4__2,bot12__7,991,N,True
5,bot26__7,bot12__7,991,N,True
5,328,reel13__6,991,N,True
5,68,reel13__6,991,N,True
5,reel33__5,reel13__6,991,N,True
5,reel17__1,reel13__6,991,N,True
5,reel18__9,reel46__4,991,N,True
5,reel32__0,reel46__4,991,N,True
5,reel17__8,reel46__4,991,N,True
5,reel15__8,reel34__6,991,N,True
5,reel19__2,reel34__6,991,N,True
5,81,286,991,N,True
5,reel1__4,reel28__8,991,N,True
5,bot41__6,reel28__8,991,N,True
5,reel18__7,reel28__8,991,N,True
5,reel18__7,reel39__7,991,N,True
5,reel37__7,reel39__7,991,N,True
5,reel18__7,bot47__3,991,N,True
5,bot20__3,bot47__3,991,N,True
5,145,bot10__0,991,N,True
5,bot30__5,bot42__1,991,N,True
5,reel8__9,bot16__5,991,N,True
5,bot35__8,bot16__5,991,N,True
5,bot13__0,bot16__5,991,N,True
5,bot35__8,reel8__3,991,N,True
5,284,reel8__3,991,N,True
5,reel15__2,reel21__8,991,N,True
5,reel42__5,reel21__8,991,N,True
5,reel2__4,reel21__8,991,N,True
5,bot22__7,316,991,N,True
5,bot9__4,316,991,N,True
5,reel18__0,316,991,N,True
5,reel46__6,316,991,N,True
5,reel1__6,reel16__8,991,N,True
5,279,reel16__8,991,N,True
5,reel14__4,reel16__8,991,N,True
5,bot24__8,bot18__6,991,N,True
5,bot7__1,bot18__6,991,N,True
5,reel14__4,bot18__6,991,N,True
5,bot21__6,bot18__6,991,N,True
5,reel26__1,reel47__3,991,N,True
5,bot38__3,bot35__3,991,N,True
5,bot40__1,bot35__3,991,N,True
5,bot13__0,bot35__3,991,N,True
5,bot22__3,bot35__3,991,N,True
5,bot17__8,bot39__2,991,N,True
5,bot13__0,bot39__2,991,N,True
5,177,reel30__9,991,N,True
5,reel27__3,reel25__7,991,N,True
5,reel18__4,reel25__7,991,N,True
5,bot43__3,bot49__1,991,N,True
5,110,bot7__7,991,N,True
5,110,bot12__3,991,N,True
5,256,bot12__3,991,N,True
5,reel6__7,reel17__9,991,N,True
5,bot48__9,reel17__9,991,N,True
5,bot27__8,reel17__9,991,N,True
5,reel40__1,reel47__0,991,N,True
5,reel33__0,reel47__0,991,N,True
5,282,reel24__8,991,N,True
5,reel15__2,reel24__8,991,N,True
5,reel34__1,reel24__8,991,N,True
5,reel15__2,reel39__9,991,N,True
5,reel33__0,reel39__9,991,N,True
5,reel22__6,reel39__9,991,N,True
5,bot5__6,bot6__9,991,N,True
5,256,bot6__9,991,N,True
5,bot6__2,bot16__4,991,N,True
5,bot43__2,bot32__3,991,N,True
5,reel1__7,bot7__3,991,N,True
5,bot34__9,bot7__3,991,N,True
5,reel4__9,bot7__3,991,N,True
5,bot17__9,bot7__3,991,N,True
5,bot0__5,bot25__4,991,N,True
5,bot23__8,bot32__8,991,N,True
5,reel16__7,bot32__8,991,N,True
5,reel6__8,reel24__9,991,N,True
5,reel32__0,reel24__9,991,N,True
5,reel25__3,reel2__8,991,N,True
5,reel39__3,reel2__8,991,N,True
5,reel22__6,reel2__8,991,N,True
5,bot22__4,bot9__2,991,N,True
5,bot24__9,bot9__2,991,N,True
5,bot15__9,bot9__2,991,N,True
5,bot26__9,bot9__2,991,N,True
5,bot21__9,bot28__7,991,N,True
5,95,327,991,N,True
5,bot8__6,327,991,N,True
5,95,319,991,N,True
5,95,89,991,N,True
5,reel24__2,reel40__7,991,N,True
5,reel24__5,reel40__7,991,N,True
5,reel41__5,reel48__8,991,N,True
5,bot37__7,bot27__1,991,N,True
5,bot20__2,bot27__1,991,N,True
5,42,bot27__1,991,N,True
5,reel16__9,bot32__4,991,N,True
5,bot13__8,bot27__5,991,N,True
5,bot32__5,bot27__5,991,N,True
5,bot40__8,bot44__1,991,N,True
5,bot38__3,bot44__1,991,N,True
5,bot11__3,bot38__1,991,N,True
5,reel35__7,reel42__2,991,N,True
5,bot32__2,bot41__9,991,N,True
5,bot11__1,bot41__9,991,N,True
5,bot11__0,bot42__0,991,N,True
5,bot42__8,bot4__9,991,N,True
5,bot11__9,bot4__9,991,N,True
5,42,bot2__1,991,N,True
5,reel15__8,bot49__6,991,N,True
5,250,reel40__2,991,N,True
5,bot20__2,bot37__4,991,N,True
5,reel32__0,bot45__0,991,N,True
5,bot14__6,bot45__0,991,N,True
5,reel23__3,bot31__3,991,N,True
5,bot7__0,bot31__3,991,N,True
5,reel23__3,bot42__2,991,N,True
5,bot24__0,bot32__6,991,N,True
5,bot10__4,bot32__6,991,N,True
5,bot26__0,bot1__5,991,N,True
5,reel14__5,reel36__6,991,N,True
5,bot44__6,bot36__3,991,N,True
5,reel3__2,bot46__1,991,N,True
5,reel45__5,bot46__1,991,N,True
5,256,bot11__7,991,N,True
5,bot34__9,bot37__8,991,N,True
5,bot34__7,reel10__6,991,N,True
5,reel7__7,reel10__6,991,N,True
5,284,bot13__1,991,N,True
5,bot41__4,bot13__1,991,N,True
5,102,reel37__6,991,N,True
5,195,reel37__6,991,N,True
5,reel25__5,reel40__4,991,N,True
5,bot14__5,bot28__5,991,N,True
5,reel10__1,bot35__6,991,N,True
5,reel8__9,bot44__2,991,N,True
5,reel10__1,bot44__2,991,N,True
5,reel32__7,bot40__9,991,N,True
5,reel29__7,bot40__9,991,N,True
5,bot29__2,bot46__9,991,N,True
5,reel26__8,reel33__3,991,N,True
5,reel16__0,bot21__0,991,N,True
5,reel42__3,bot43__9,991,N,True
5,reel16__6,bot26__3,991,N,True
5,bot10__6,bot19__8,992,N,True
5,bot29__7,bot19__8,992,N,True
5,bot32__2,bot0__5,992,N,True
5,bot14__4,bot49__2,992,N,True
5,reel22__1,bot41__1,992,N,True
5,bot38__3,bot44__1,992,N,True
5,reel15__8,bot21__6,992,N,True
5,bot18__6,bot21__6,992,N,True
5,bot27__5,bot1__7,992,N,True
5,bot35__3,bot1__7,992,N,True
5,reel6__4,bot28__1,992,N,True
5,reel6__4,reel28__3,992,N,True
5,bot41__6,reel28__8,992,N,True
5,reel0__4,bot28__9,993,N,True
5,reel0__4,bot37__1,993,N,True
5,reel40__8,bot41__7,993,N,True
5,bot2__4,bot41__7,993,N,True
5,reel0__4,bot41__7,993,N,True
5,bot15__2,bot28__4,993,N,True
5,reel20__9,bot28__4,993,N,True
5,bot4__7,bot13__4,993,N,True
5,reel0__1,bot13__4,993,N,True
5,reel12__5,bot49__6,993,N,True
5,bot48__6,bot49__6,993,N,True
5,bot7__3,bot34__9,993,N,True
5,reel0__3,bot34__9,993,N,True
5,bot37__8,bot34__9,993,N,True
5,reel13__4,bot34__9,993,N,True
5,bot8__1,bot33__3,993,N,True
5,reel16__6,reel12__0,993,N,True
5,reel33__4,reel12__0,993,N,True
5,reel0__5,reel12__0,993,N,True
5,reel8__1,reel12__0,993,N,True
5,reel0__3,reel21__6,993,N,True
5,reel26__0,reel21__6,993,N,True
5,reel0__5,reel21__6,993,N,True
5,bot34__2,reel21__6,993,N,True
5,reel0__5,bot31__1,993,N,True
5,bot46__6,bot31__1,993,N,True
5,reel6__2,bot34__1,993,N,True
5,reel0__5,bot34__1,993,N,True
5,reel0__5,bot39__4,993,N,True
5,bot21__7,bot6__8,993,N,True
5,bot9__9,bot6__8,993,N,True
5,bot40__2,bot26__4,993,N,True
5,reel11__5,bot26__4,993,N,True
5,bot0__5,bot32__2,993,N,True
5,bot41__9,bot32__2,993,N,True
5,reel21__1,bot32__2,993,N,True
5,reel9__0,reel10__4,993,N,True
5,reel26__5,reel10__4,993,N,True
5,reel19__5,bot30__1,993,N,True
5,reel26__5,bot30__1,993,N,True
5,reel26__7,reel33__3,993,N,True
5,reel26__8,reel33__3,993,N,True
5,reel0__7,reel24__1,993,N,True
5,bot18__9,bot16__6,993,N,True
5,reel6__6,bot16__6,993,N,True
5,reel31__0,bot32__1,993,N,True
5,reel15__3,bot32__1,993,N,True
5,bot23__0,bot45__7,993,N,True
5,reel10__5,bot45__7,993,N,True
5,bot12__1,bot45__4,993,N,True
5,bot5__7,bot45__4,993,N,True
5,bot9__1,bot46__8,993,N,True
5,bot12__1,bot46__8,993,N,True
5,bot15__0,bot27__7,993,N,True
5,bot19__6,bot27__7,993,N,True
5,reel15__4,bot47__1,993,N,True
5,bot15__0,bot47__1,993,N,True
5,bot9__2,bot15__9,993,N,True
5,bot11__8,bot15__9,993,N,True
5,bot9__2,bot24__9,993,N,True
5,bot20__3,bot24__9,993,N,True
5,bot8__9,bot26__9,993,N,True
5,bot9__2,bot26__9,993,N,True
5,bot9__2,bot36__4,993,N,True
5,bot13__5,bot36__4,993,N,True
5,bot1__2,bot16__5,993,N,True
5,reel8__9,bot16__5,993,N,True
5,bot13__0,bot16__5,993,N,True
5,bot22__3,bot35__3,993,N,True
5,bot13__0,bot35__3,993,N,True
5,bot1__7,bot35__3,993,N,True
5,bot17__8,bot39__2,993,N,True
5,bot2__9,bot39__2,993,N,True
5,bot13__0,bot39__2,993,N,True
5,bot34__2,bot36__3,993,N,True
5,reel7__5,bot36__3,993,N,True
5,bot23__7,bot12__9,993,N,True
5,bot1__9,bot12__9,993,N,True
5,reel3__3,reel18__5,993,N,True
5,reel6__5,reel18__5,993,N,True
5,reel6__5,reel36__9,993,N,True
5,reel34__7,bot44__6,993,N,True
5,reel17__9,bot48__9,993,N,True
5,bot26__3,bot23__5,993,N,True
5,bot3__7,bot23__5,993,N,True
5,reel1__2,bot23__5,993,N,True
5,reel18__8,bot23__5,993,N,True
5,reel1__2,bot37__3,993,N,True
5,reel35__0,bot37__3,993,N,True
5,reel35__4,bot37__3,993,N,True
5,reel21__1,reel45__1,993,N,True
5,reel9__4,reel45__1,993,N,True
5,reel38__7,reel45__1,993,N,True
5,reel14__8,bot35__9,993,N,True
5,reel14__1,bot35__9,993,N,True
5,bot28__6,bot47__8,993,N,True
5,reel27__7,bot47__8,993,N,True
5,reel1__4,bot11__0,993,N,True
5,bot10__5,bot11__0,993,N,True
5,reel35__3,reel46__8,993,N,True
5,reel31__2,reel46__8,993,N,True
5,reel1__5,reel46__8,993,N,True
5,reel3__3,bot19__3,993,N,True
5,reel8__1,bot19__3,993,N,True
5,reel3__3,reel19__1,993,N,True
5,reel3__3,bot47__6,993,N,True
5,bot27__6,bot35__6,993,N,True
5,bot21__5,bot39__7,993,N,True
5,bot26__3,bot39__7,993,N,True
5,bot10__4,bot12__4,993,N,True
5,bot49__9,bot12__4,993,N,True
5,bot14__4,bot12__4,993,N,True
5,bot6__4,bot12__4,993,N,True
5,bot6__1,bot40__1,993,N,True
5,reel42__8,reel46__2,993,N,True
5,reel19__5,reel46__2,993,N,True
5,reel14__7,bot20__6,993,N,True
5,reel16__6,bot20__6,993,N,True
5,reel0__0,reel47__0,993,N,True
5,reel33__0,reel47__0,993,N,True
5,reel2__0,bot44__8,993,N,True
5,bot42__8,bot44__8,993,N,True
5,bot23__2,bot44__7,993,N,True
5,bot37__7,bot44__7,993,N,True
5,bot5__2,bot44__7,993,N,True
5,reel40__6,reel42__1,993,N,True
5,reel35__8,reel42__1,993,N,True
5,reel41__8,reel47__8,993,N,True
5,bot15__6,bot47__9,993,N,True
5,bot15__6,bot48__4,993,N,True
5,bot37__6,bot48__4,993,N,True
5,bot17__0,bot43__7,993,N,True
5,reel22__7,reel28__4,993,N,True
5,reel35__7,reel28__4,993,N,True
5,reel31__4,reel10__1,993,N,True
5,bot11__8,reel10__1,993,N,True
5,reel7__4,reel10__1,993,N,True
5,reel7__4,bot33__4,993,N,True
5,bot21__5,bot28__7,993,N,True
5,bot16__7,bot34__5,993,N,True
5,reel12__7,reel16__5,993,N,True
5,bot35__2,reel16__5,993,N,True
5,reel17__5,bot49__8,993,N,True
5,bot42__8,bot14__0,993,N,True
5,bot21__7,bot40__0,993,N,True
5,reel28__8,bot41__6,993,N,True
5,reel46__0,reel29__3,993,N,True
5,reel27__5,reel29__3,993,N,True
5,reel20__5,reel29__3,993,N,True
5,bot5__7,bot16__8,993,N,True
5,reel11__1,reel17__2,993,N,True
5,reel23__3,reel37__5,993,N,True
5,reel2__9,reel37__5,993,N,True
5,reel9__1,reel37__5,993,N,True
5,bot41__2,bot44__1,993,N,True
5,bot10__0,bot34__0,993,N,True
5,bot49__0,bot34__0,993,N,True
5,bot19__6,bot34__0,993,N,True
5,reel44__6,reel47__2,993,N,True
5,reel39__0,reel47__2,993,N,True
5,reel9__2,reel47__2,993,N,True
5,bot27__4,bot18__0,993,N,True
5,reel22__7,reel16__1,993,N,True
5,bot9__7,bot42__4,993,N,True
5,bot5__2,bot42__4,993,N,True
5,reel18__8,bot42__4,993,N,True
5,reel2__9,bot15__1,993,N,True
5,bot13__5,bot15__1,993,N,True
5,reel6__4,bot28__1,993,N,True
5,reel9__7,bot43__6,993,N,True
5,bot41__3,bot43__6,993,N,True
5,reel14__6,bot29__5,993,N,True
5,reel6__1,bot18__7,993,N,True
5,bot15__5,bot18__7,993,N,True
5,reel12__2,bot49__7,993,N,True
5,reel39__5,bot49__7,993,N,True
5,bot16__9,bot19__2,993,N,True
5,reel9__6,bot19__2,993,N,True
5,reel8__3,bot35__8,993,N,True
5,bot8__9,bot30__3,993,N,True
5,reel15__5,bot49__5,993,N,True
5,bot9__7,bot42__6,993,N,True
5,bot18__9,bot33__9,993,N,True
5,bot2__0,bot33__9,993,N,True
5,reel8__9,bot44__2,993,N,True
5,bot12__9,bot23__7,994,N,True
5,bot1__6,bot23__7,994,N,True
5,bot38__1,reel20__1,994,N,True
5,329,reel20__1,994,N,True
5,reel19__3,reel20__1,994,N,True
5,reel7__0,bot16__2,994,N,True
5,reel1__1,bot16__2,994,N,True
5,94,reel2__1,994,N,True
5,bot42__3,reel2__1,994,N,True
5,106,reel2__1,994,N,True
5,106,bot7__6,994,N,True
5,106,bot8__0,994,N,True
5,280,bot8__0,994,N,True
5,106,bot25__0,994,N,True
5,232,bot25__0,994,N,True
5,bot23__0,reel7__2,994,N,True
5,reel9__5,reel7__2,994,N,True
5,341,reel7__2,994,N,True
5,338,reel7__2,994,N,True
5,338,bot18__1,994,N,True
5,reel23__2,reel22__3,994,N,True
5,reel3__1,reel22__3,994,N,True
5,242,bot45__3,994,N,True
5,reel3__1,bot45__3,994,N,True
5,reel22__2,bot45__3,994,N,True
5,bot22__6,bot37__0,994,N,True
5,reel33__7,bot37__0,994,N,True
5,bot41__6,reel38__5,994,N,True
5,reel33__7,reel38__5,994,N,True
5,reel21__6,reel26__0,994,N,True
5,302,reel26__0,994,N,True
5,bot3__0,bot11__6,994,N,True
5,165,bot11__6,994,N,True
5,172,bot11__6,994,N,True
5,reel37__0,bot49__0,994,N,True
5,bot3__0,bot49__0,994,N,True
5,29,247,994,N,True
5,120,247,994,N,True
5,reel48__5,reel1__8,994,N,True
5,9,reel1__8,994,N,True
5,bot10__1,reel1__8,994,N,True
5,reel33__2,reel1__8,994,N,True
5,42,reel1__8,994,N,True
5,261,reel1__8,994,N,True
5,224,bot4__6,994,N,True
5,221,bot4__6,994,N,True
5,229,bot4__6,994,N,True
5,224,bot8__4,994,N,True
5,bot29__7,bot8__4,994,N,True
5,13,bot8__4,994,N,True
5,10,bot8__4,994,N,True
5,224,reel14__6,994,N,True
5,bot29__5,reel14__6,994,N,True
5,reel6__3,reel14__6,994,N,True
5,31,bot9__8,994,N,True
5,31,bot12__0,994,N,True
5,reel0__6,bot12__0,994,N,True
5,84,bot12__0,994,N,True
5,31,reel37__3,994,N,True
5,reel14__9,reel37__3,994,N,True
5,31,bot49__9,994,N,True
5,reel21__9,bot49__9,994,N,True
5,reel30__2,reel44__6,994,N,True
5,255,reel44__6,994,N,True
5,340,reel44__6,994,N,True
5,reel5__9,reel22__6,994,N,True
5,261,reel22__6,994,N,True
5,187,bot31__5,994,N,True
5,reel5__9,bot31__5,994,N,True
5,reel5__9,reel45__5,994,N,True
5,bot46__1,reel45__5,994,N,True
5,reel26__3,reel30__7,994,N,True
5,80,reel30__7,994,N,True
5,165,reel26__4,994,N,True
5,101,reel26__4,994,N,True
5,223,reel20__4,994,N,True
5,168,bot10__2,994,N,True
5,bot9__9,bot10__2,994,N,True
5,179,bot28__3,994,N,True
5,reel21__7,bot28__3,994,N,True
5,296,bot40__6,994,N,True
5,reel21__7,bot40__6,994,N,True
5,reel48__2,reel45__3,994,N,True
5,reel21__7,reel45__3,994,N,True
5,105,bot39__9,994,N,True
5,bot0__5,bot32__2,994,N,True
5,bot41__9,bot32__2,994,N,True
5,reel21__6,bot32__2,994,N,True
5,reel0__7,bot48__7,994,N,True
5,bot6__3,bot44__9,994,N,True
5,reel35__5,reel44__7,994,N,True
5,reel6__6,reel44__7,994,N,True
5,179,reel44__7,994,N,True
5,117,reel13__2,994,N,True
5,100,reel13__2,994,N,True
5,reel39__2,reel13__2,994,N,True
5,117,bot29__8,994,N,True
5,227,bot29__8,994,N,True
5,reel26__1,reel23__7,994,N,True
5,13,reel23__7,994,N,True
5,bot34__3,reel23__7,994,N,True
5,170,bot14__9,994,N,True
5,336,bot14__9,994,N,True
5,reel46__4,reel17__8,994,N,True
5,10,reel17__8,994,N,True
5,75,bot3__8,994,N,True
5,187,bot3__8,994,N,True
5,298,reel31__8,994,N,True
5,187,reel31__8,994,N,True
5,reel17__5,reel31__8,994,N,True
5,219,154,994,N,True
5,bot9__2,154,994,N,True
5,reel18__2,154,994,N,True
5,reel23__3,154,994,N,True
5,bot9__2,bot24__9,994,N,True
5,bot9__2,bot26__9,994,N,True
5,99,68,994,N,True
5,177,68,994,N,True
5,225,68,994,N,True
5,143,68,994,N,True
5,227,68,994,N,True
5,296,68,994,N,True
5,50,reel6__1,994,N,True
5,reel29__9,reel6__1,994,N,True
5,177,reel6__1,994,N,True
5,179,bot39__6,994,N,True
5,177,bot39__6,994,N,True
5,177,bot46__3,994,N,True
5,bot22__7,bot25__8,994,N,True
5,bot9__7,bot42__6,994,N,True
5,bot38__2,bot42__6,994,N,True
5,bot36__5,bot5__1,994,N,True
5,65,bot5__1,994,N,True
5,reel33__6,233,994,N,True
5,bot1__6,233,994,N,True
5,bot7__2,233,994,N,True
5,reel25__5,reel12__2,994,N,True
5,bot26__1,reel12__2,994,N,True
5,reel38__8,reel12__2,994,N,True
5,reel7__0,reel12__2,994,N,True
5,bot27__2,reel12__2,994,N,True
5,reel5__4,reel12__2,994,N,True
5,reel7__0,bot19__5,994,N,True
5,reel19__0,reel36__7,994,N,True
5,219,reel36__7,994,N,True
5,bot1__6,bot12__8,994,N,True
5,314,bot12__8,994,N,True
5,242,reel43__0,994,N,True
5,reel38__1,reel43__0,994,N,True
5,bot4__8,bot1__5,994,N,True
5,160,bot1__5,994,N,True
5,bot26__0,bot1__5,994,N,True
5,bot42__8,bot14__0,994,N,True
5,29,bot14__0,994,N,True
5,reel6__3,bot14__0,994,N,True
5,100,269,994,N,True
5,119,269,994,N,True
5,reel17__5,269,994,N,True
5,329,269,994,N,True
5,bot20__1,bot21__9,994,N,True
5,bot28__7,bot21__9,994,N,True
5,261,bot17__2,994,N,True
5,59,bot17__2,994,N,True
5,reel47__0,reel40__1,994,N,True
5,reel28__0,reel40__1,994,N,True
5,reel21__9,reel40__1,994,N,True
5,reel12__6,bot30__8,994,N,True
5,reel23__3,bot30__8,994,N,True
5,82,bot30__8,994,N,True
5,bot0__2,bot8__1,994,N,True
5,42,bot8__1,994,N,True
5,300,reel8__2,994,N,True
5,reel14__1,reel8__2,994,N,True
5,reel33__4,reel42__2,994,N,True
5,reel35__7,reel42__2,994,N,True
5,reel11__1,reel42__2,994,N,True
5,bot36__3,bot34__2,994,N,True
5,reel21__6,bot34__2,994,N,True
5,311,bot34__2,994,N,True
5,bot27__6,bot34__2,994,N,True
5,bot0__5,bot25__4,994,N,True
5,reel19__1,bot25__4,994,N,True
5,bot16__5,bot25__4,994,N,True
5,bot12__3,256,994,N,True
5,bot9__0,256,994,N,True
5,bot6__9,256,994,N,True
5,bot14__1,256,994,N,True
5,bot47__6,bot34__0,994,N,True
5,bot14__1,bot34__0,994,N,True
5,reel1__9,bot4__0,994,N,True
5,329,bot4__0,994,N,True
5,29,bot5__6,994,N,True
5,329,bot5__6,994,N,True
5,bot6__9,bot5__6,994,N,True
5,222,bot1__8,994,N,True
5,38,bot1__8,994,N,True
5,reel37__4,reel1__3,994,N,True
5,317,reel1__3,994,N,True
5,38,reel1__3,994,N,True
5,bot0__8,bot14__7,994,N,True
5,bot16__9,bot14__7,994,N,True
5,60,bot14__7,994,N,True
5,bot17__5,bot14__7,994,N,True
5,bot17__5,bot41__3,994,N,True
5,183,bot41__3,994,N,True
5,bot23__8,bot32__8,994,N,True
5,bot36__3,bot32__8,994,N,True
5,reel33__0,reel39__9,994,N,True
5,219,319,994,N,True
5,95,319,994,N,True
5,219,147,994,N,True
5,95,147,994,N,True
5,bot7__8,147,994,N,True
5,219,6,994,N,True
5,95,6,994,N,True
5,bot23__2,bot17__8,994,N,True
5,95,bot17__8,994,N,True
5,323,bot17__8,994,N,True
5,95,reel32__9,994,N,True
5,341,reel38__9,994,N,True
5,reel3__5,reel38__9,994,N,True
5,183,bot12__1,994,N,True
5,65,bot12__1,994,N,True
5,reel22__2,reel44__8,994,N,True
5,50,reel44__8,994,N,True
5,265,reel44__8,994,N,True
5,bot7__8,bot43__8,994,N,True
5,60,bot4__3,994,N,True
5,60,bot33__8,994,N,True
5,bot31__1,bot29__2,994,N,True
5,47,bot29__2,994,N,True
5,bot13__8,bot29__2,994,N,True
5,219,reel5__8,994,N,True
5,189,reel5__8,994,N,True
5,reel8__5,reel5__8,994,N,True
5,bot39__5,reel5__8,994,N,True
5,336,reel27__6,994,N,True
5,reel15__8,reel2__4,994,N,True
5,reel12__6,reel2__4,994,N,True
5,245,reel2__4,994,N,True
5,129,reel2__4,994,N,True
5,reel12__6,bot13__0,994,N,True
5,bot16__5,bot13__0,994,N,True
5,296,bot13__0,994,N,True
5,reel12__6,bot26__6,994,N,True
5,91,bot26__6,994,N,True
5,reel2__9,reel3__8,994,N,True
5,242,reel3__8,994,N,True
5,88,reel3__8,994,N,True
5,88,reel25__0,994,N,True
5,reel7__4,reel41__0,994,N,True
5,reel38__3,bot47__7,994,N,True
5,242,reel2__3,994,N,True
5,reel26__3,reel18__1,994,N,True
5,reel11__8,reel18__1,994,N,True
5,reel48__1,reel18__1,994,N,True
5,280,reel18__1,994,N,True
5,bot15__8,reel5__3,994,N,True
5,189,reel5__3,994,N,True
5,bot22__3,reel5__3,994,N,True
5,bot23__6,bot44__0,994,N,True
5,reel20__6,bot44__0,994,N,True
5,bot4__8,33,994,N,True
5,42,33,994,N,True
5,bot3__3,bot10__4,994,N,True
5,reel5__4,bot10__4,994,N,True
5,225,bot10__4,994,N,True
5,208,reel29__0,994,N,True
5,reel0__6,reel22__1,994,N,True
5,298,reel45__9,994,N,True
5,reel15__0,reel45__9,994,N,True
5,reel37__7,reel45__9,994,N,True
5,280,153,994,N,True
5,bot21__7,bot40__0,994,N,True
5,275,bot2__1,994,N,True
5,42,bot2__1,994,N,True
5,bot20__2,bot27__1,994,N,True
5,42,bot27__1,994,N,True
5,reel46__0,reel29__3,994,N,True
5,reel27__5,reel29__3,994,N,True
5,reel27__5,reel43__4,994,N,True
5,314,reel25__1,994,N,True
5,bot29__5,bot33__6,994,N,True
5,314,bot33__6,994,N,True
5,8,193,994,N,True
5,259,193,994,N,True
5,reel5__7,193,994,N,True
5,61,193,994,N,True
5,reel23__0,193,994,N,True
5,91,193,994,N,True
5,181,152,994,N,True
5,275,152,994,N,True
5,4,152,994,N,True
5,275,bot5__3,994,N,True
5,84,bot5__3,994,N,True
5,275,reel39__8,994,N,True
5,bot5__7,bot45__4,994,N,True
5,69,bot0__7,994,N,True
5,bot9__7,bot0__7,994,N,True
5,342,bot0__7,994,N,True
5,69,reel4__9,994,N,True
5,bot7__3,reel4__9,994,N,True
5,bot9__3,reel4__9,994,N,True
5,9,reel4__9,994,N,True
5,69,bot19__9,994,N,True
5,reel11__1,reel17__2,994,N,True
5,84,reel17__2,994,N,True
5,294,bot7__7,994,N,True
5,232,bot7__7,994,N,True
5,bot15__8,bot18__2,994,N,True
5,232,bot18__2,994,N,True
5,94,bot0__1,994,N,True
5,133,bot0__1,994,N,True
5,245,reel10__9,994,N,True
5,133,reel10__9,994,N,True
5,168,reel9__9,994,N,True
5,bot20__2,reel9__9,994,N,True
5,134,bot37__4,994,N,True
5,bot20__2,bot37__4,994,N,True
5,reel14__9,reel33__5,994,N,True
5,bot10__1,157,994,N,True
5,bot14__5,157,994,N,True
5,reel23__3,reel37__5,994,N,True
5,reel2__9,reel37__5,994,N,True
5,reel23__3,bot42__2,994,N,True
5,bot7__3,bot17__9,994,N,True
5,3,bot17__9,994,N,True
5,4,reel7__3,994,N,True
5,bot36__2,reel7__3,994,N,True
5,reel2__2,reel7__3,994,N,True
5,288,reel7__3,994,N,True
5,reel10__3,reel32__7,994,N,True
5,bot13__2,bot24__8,994,N,True
5,9,bot24__8,994,N,True
5,reel42__1,reel35__8,994,N,True
5,9,reel35__8,994,N,True
5,reel36__8,reel35__8,994,N,True
5,143,reel2__5,994,N,True
5,13,reel2__5,994,N,True
5,13,reel15__1,994,N,True
5,13,bot17__6,994,N,True
5,296,bot36__0,994,N,True
5,bot32__5,reel22__8,994,N,True
5,reel22__5,bot26__8,994,N,True
5,reel21__5,bot26__8,994,N,True
5,bot22__3,bot35__3,994,N,True
5,bot22__3,bot47__4,994,N,True
5,341,bot15__4,994,N,True
5,240,bot15__4,994,N,True
5,331,bot17__7,994,N,True
5,240,bot17__7,994,N,True
5,158,reel4__4,994,N,True
5,reel8__5,bot10__0,994,N,True
5,reel8__5,bot38__4,994,N,True
5,reel23__1,reel41__5,994,N,True
5,reel38__2,reel41__5,994,N,True
5,bot16__9,bot19__2,994,N,True
5,reel9__6,bot19__2,994,N,True
5,bot16__1,bot19__2,994,N,True
5,bot5__2,bot19__7,994,N,True
5,bot9__7,bot42__4,994,N,True
5,bot5__2,bot42__4,994,N,True
5,reel18__8,bot42__4,994,N,True
5,reel10__2,reel15__3,994,N,True
5,267,reel15__3,994,N,True
5,340,reel9__7,994,N,True
5,reel2__9,bot15__1,994,N,True
5,reel9__3,reel48__7,994,N,True
5,reel48__1,reel21__8,994,N,True
5,reel21__6,bot34__4,994,N,True
5,reel21__5,bot34__4,994,N,True
5,168,reel30__8,994,N,True
5,29,bot11__2,994,N,True
5,29,bot47__9,994,N,True
5,245,bot47__9,994,N,True
5,181,bot39__0,994,N,True
5,99,bot39__0,994,N,True
5,99,bot43__2,994,N,True
5,bot5__4,bot24__7,994,N,True
5,bot12__6,bot18__3,994,N,True
5,reel23__2,bot32__1,994,N,True
5,reel29__9,reel42__5,994,N,True
5,72,bot46__9,994,N,True
5,228,reel30__4,994,N,True
5,bot3__7,bot23__5,994,N,True
5,reel18__8,bot23__5,994,N,True
5,75,bot2__9,994,N,True
5,reel1__9,bot2__9,994,N,True
5,221,bot49__4,994,N,True
5,148,bot35__5,994,N,True
5,267,reel30__5,994,N,True
5,bot0__6,bot40__7,994,N,True
5,bot0__6,bot47__0,994,N,True
5,reel6__9,bot47__0,994,N,True
5,reel2__2,279,994,N,True
5,reel1__9,reel16__7,994,N,True
5,164,reel16__7,994,N,True
5,47,bot24__6,994,N,True
5,reel6__9,reel24__4,994,N,True
5,225,reel24__4,994,N,True
5,bot27__0,reel2__8,994,N,True
5,78,reel2__8,994,N,True
5,78,bot28__4,994,N,True
5,94,bot47__5,994,N,True
5,bot36__1,bot47__5,994,N,True
5,4,bot47__5,994,N,True
5,163,reel32__2,994,N,True
5,reel6__9,bot40__8,994,N,True
5,reel9__8,reel11__6,994,N,True
5,234,bot44__5,994,N,True
5,bot2__7,bot44__5,994,N,True
5,reel8__6,bot29__3,994,N,True
5,reel35__3,bot37__2,994,N,True
5,3,bot37__7,994,N,True
5,79,reel12__1,994,N,True
5,229,bot19__0,994,N,True
5,reel23__9,reel31__5,994,N,True
5,bot37__6,bot48__4,994,N,True
5,bot5__5,bot37__1,994,N,True
5,234,bot17__1,994,N,True
5,bot27__0,bot42__1,994,N,True
5,331,bot31__7,994,N,True
5,94,reel7__9,994,N,True
5,288,reel7__9,994,N,True
5,342,bot2__4,994,N,True
5,342,bot3__5,994,N,True
5,reel15__9,reel30__3,994,N,True
5,313,bot46__4,994,N,True
5,131,reel23__5,995,N,True
5,reel39__2,reel13__2,995,N,True
5,35,reel13__2,995,N,True
5,35,bot42__2,995,N,True
5,bot37__0,bot22__6,995,N,True
5,bot30__6,bot22__6,995,N,True
5,218,bot37__5,995,N,True
5,bot30__6,bot37__5,995,N,True
5,reel26__0,reel32__5,995,N,True
5,bot38__2,reel32__5,995,N,True
5,bot28__1,reel6__3,995,N,True
5,reel10__1,reel6__3,995,N,True
5,reel8__9,bot44__2,995,N,True
5,reel10__1,bot44__2,995,N,True
5,bot11__8,bot15__9,995,N,True
5,bot29__5,bot15__9,995,N,True
5,reel39__5,bot49__7,995,N,True
5,bot6__5,bot49__7,995,N,True
5,reel27__8,bot38__0,995,N,True
5,bot12__7,bot38__0,995,N,True
5,reel35__5,reel44__7,995,N,True
5,bot35__7,reel29__3,995,N,True
5,reel37__8,reel20__2,995,N,True
5,147,reel20__2,995,N,True
5,bot23__8,reel0__1,995,N,True
5,bot13__4,reel0__1,995,N,True
5,reel8__0,reel0__1,995,N,True
5,reel23__8,reel13__9,995,N,True
5,reel5__8,bot39__5,995,N,True
5,reel23__8,bot39__5,995,N,True
5,233,256,995,N,True
5,reel11__6,256,995,N,True
5,bot18__8,bot27__3,995,N,True
5,267,bot27__3,995,N,True
5,bot3__9,328,995,N,True
5,218,328,995,N,True
5,reel17__4,328,995,N,True
5,reel25__1,328,995,N,True
5,reel13__6,328,995,N,True
5,275,328,995,N,True
5,78,328,995,N,True
5,reel44__2,328,995,N,True
5,4,328,995,N,True
5,173,bot33__3,995,N,True
5,bot8__1,bot33__3,995,N,True
5,reel0__5,bot34__1,995,N,True
5,111,137,995,N,True
5,32,137,995,N,True
5,310,137,995,N,True
5,17,137,995,N,True
5,93,137,995,N,True
5,337,137,995,N,True
5,279,bot28__3,995,N,True
5,reel21__7,bot28__3,995,N,True
5,reel45__5,bot49__4,995,N,True
5,reel44__2,bot49__4,995,N,True
5,reel37__8,198,995,N,True
5,166,198,995,N,True
5,reel41__7,198,995,N,True
5,bot34__0,bot10__0,995,N,True
5,145,bot10__0,995,N,True
5,reel43__5,reel12__3,995,N,True
5,reel43__5,reel24__3,995,N,True
5,reel43__5,bot49__3,995,N,True
5,bot34__0,bot42__1,995,N,True
5,bot30__5,bot42__1,995,N,True
5,reel16__0,reel18__6,995,N,True
5,reel36__0,reel18__6,995,N,True
5,bot3__9,bot47__3,995,N,True
5,278,bot24__9,995,N,True
5,reel10__5,bot45__7,995,N,True
5,reel15__8,bot21__6,995,N,True
5,bot25__7,bot21__6,995,N,True
5,bot25__7,bot8__8,995,N,True
5,bot6__5,bot8__8,995,N,True
5,4,bot29__4,995,N,True
5,4,bot47__5,995,N,True
5,bot13__2,bot18__0,995,N,True
5,bot13__2,bot24__8,995,N,True
5,reel5__5,bot17__0,995,N,True
5,bot43__7,bot17__0,995,N,True
5,reel8__8,bot11__7,995,N,True
5,reel8__8,reel43__1,995,N,True
5,bot15__0,bot37__9,995,N,True
5,bot44__1,bot38__3,995,N,True
5,bot35__3,bot38__3,995,N,True
5,234,bot36__7,995,N,True
5,reel5__0,bot36__7,995,N,True
5,bot32__8,bot36__3,995,N,True
5,reel7__5,bot36__3,995,N,True
5,reel7__0,bot30__2,995,N,True
5,bot43__3,bot49__1,995,N,True
5,reel8__1,reel22__4,995,N,True
5,reel23__1,bot29__9,995,N,True
5,234,bot10__5,995,N,True
5,234,bot44__5,995,N,True
5,216,bot30__9,995,N,True
5,216,reel32__2,995,N,True
5,275,bot2__1,995,N,True
5,42,bot2__1,995,N,True
5,bot1__4,bot6__7,995,N,True
5,155,bot38__4,995,N,True
5,155,bot40__7,995,N,True
5,reel31__6,reel19__5,995,N,True
5,reel15__8,reel34__6,995,N,True
5,reel14__8,reel30__2,995,N,True
5,reel24__6,160,996,N,True
5,reel48__6,160,996,N,True
5,328,reel17__4,996,N,True
5,bot27__2,reel17__4,996,N,True
5,reel45__4,reel17__4,996,N,True
5,bot49__6,bot48__6,996,N,True
5,reel10__8,bot48__6,996,N,True
5,192,bot48__6,996,N,True
5,bot41__1,reel22__1,996,N,True
5,reel20__5,reel22__1,996,N,True
5,reel22__4,reel8__1,996,N,True
5,bot48__0,reel8__1,996,N,True
5,reel12__0,reel8__1,996,N,True
5,reel0__0,reel8__1,996,N,True
5,bot19__3,reel8__1,996,N,True
5,reel26__2,reel8__1,996,N,True
5,bot42__2,35,996,N,True
5,reel38__7,35,996,N,True
5,143,35,996,N,True
5,reel34__5,35,996,N,True
5,bot15__3,bot38__5,996,N,True
5,143,bot38__5,996,N,True
5,bot34__0,bot49__0,996,N,True
5,bot3__0,bot49__0,996,N,True
5,162,bot16__3,996,N,True
5,bot7__3,bot16__3,996,N,True
5,reel2__2,bot16__3,996,N,True
5,162,bot21__5,996,N,True
5,bot28__7,bot21__5,996,N,True
5,reel31__2,reel46__1,996,N,True
5,reel41__1,reel46__1,996,N,True
5,241,bot22__3,996,N,True
5,reel5__3,bot22__3,996,N,True
5,bot39__1,bot45__9,996,N,True
5,bot36__5,bot45__9,996,N,True
5,241,bot45__9,996,N,True
5,157,bot10__1,996,N,True
5,49,bot10__1,996,N,True
5,reel41__0,reel25__1,996,N,True
5,328,reel25__1,996,N,True
5,reel22__6,reel25__1,996,N,True
5,reel48__5,90,996,N,True
5,reel9__2,90,996,N,True
5,bot45__7,bot23__0,996,N,True
5,bot7__4,bot23__0,996,N,True
5,reel7__2,bot23__0,996,N,True
5,241,reel21__5,996,N,True
5,46,reel21__5,996,N,True
5,reel0__5,bot34__1,996,N,True
5,201,bot46__7,996,N,True
5,reel18__5,bot46__7,996,N,True
5,bot43__7,bot46__7,996,N,True
5,bot43__3,bot49__1,996,N,True
5,reel1__0,bot49__1,996,N,True
5,reel6__4,reel28__3,996,N,True
5,bot48__4,reel28__3,996,N,True
5,reel5__9,reel28__3,996,N,True
5,bot4__8,bot43__9,996,N,True
5,reel30__5,bot43__9,996,N,True
5,reel0__0,reel47__0,996,N,True
5,reel40__1,reel47__0,996,N,True
5,reel33__0,reel47__0,996,N,True
5,296,bot40__6,996,N,True
5,reel21__7,bot40__6,996,N,True
5,reel39__7,305,996,N,True
5,333,bot13__6,996,N,True
5,bot14__6,bot13__6,996,N,True
5,102,reel37__6,996,N,True
5,58,reel37__6,996,N,True
5,reel47__8,reel5__8,996,N,True
5,bot39__5,reel5__8,996,N,True
5,reel16__7,bot40__5,996,N,True
5,reel16__6,bot26__3,996,N,True
5,reel14__5,bot16__1,996,N,True
5,bot26__1,bot31__0,996,N,True
5,bot19__3,bot31__0,996,N,True
5,reel45__5,bot49__4,996,N,True
5,177,bot48__2,996,N,True
5,bot40__8,bot44__1,996,N,True
5,102,bot12__7,996,N,True
5,bot38__0,bot12__7,996,N,True
5,reel19__0,bot26__7,996,N,True
5,reel19__0,bot39__7,996,N,True
5,bot25__3,bot27__9,996,N,True
5,reel38__1,reel43__0,996,N,True
5,reel38__1,reel43__3,996,N,True
5,reel3__0,reel37__1,996,N,True
5,reel6__3,bot28__1,996,N,True
5,reel6__4,bot28__1,996,N,True
5,33,reel14__6,996,N,True
5,reel6__3,reel14__6,996,N,True
5,bot18__0,bot27__4,996,N,True
5,183,bot41__3,996,N,True
5,155,bot19__5,996,N,True
5,155,bot40__7,996,N,True
5,333,reel28__2,996,N,True
5,reel14__2,bot38__3,996,N,True
5,bot34__0,bot42__1,996,N,True
5,reel14__8,reel30__2,996,N,True
5,326,reel10__5,997,N,True
5,bot15__7,reel10__5,997,N,True
5,bot22__5,reel10__5,997,N,True
5,reel7__5,reel10__5,997,N,True
5,reel27__8,reel26__2,997,N,True
5,reel20__8,reel26__2,997,N,True
5,198,reel26__2,997,N,True
5,reel20__8,bot47__8,997,N,True
5,bot8__5,bot16__1,997,N,True
5,bot19__2,bot16__1,997,N,True
5,reel1__1,reel25__4,997,N,True
5,255,reel9__3,997,N,True
5,reel11__0,reel9__3,997,N,True
5,293,reel9__3,997,N,True
5,bot13__5,bot36__4,997,N,True
5,293,bot36__4,997,N,True
5,293,reel46__9,997,N,True
5,bot30__2,reel24__3,997,N,True
5,reel43__5,reel24__3,997,N,True
5,reel14__9,reel24__3,997,N,True
5,192,reel24__3,997,N,True
5,reel7__4,reel41__0,997,N,True
5,reel25__1,reel41__0,997,N,True
5,reel16__5,reel47__7,997,N,True
5,reel31__3,reel47__7,997,N,True
5,reel13__4,reel48__6,997,N,True
5,reel32__0,reel46__4,997,N,True
5,reel17__8,reel46__4,997,N,True
5,255,reel8__7,997,N,True
5,bot39__8,reel8__7,997,N,True
5,81,286,997,N,True
5,reel41__8,reel42__6,997,N,True
5,81,reel42__6,997,N,True
5,bot42__7,reel13__7,997,N,True
5,326,reel25__6,997,N,True
5,bot30__5,reel25__6,997,N,True
5,reel12__3,reel25__6,997,N,True
5,93,167,997,N,True
5,137,167,997,N,True
5,310,167,997,N,True
5,reel9__4,167,997,N,True
5,111,337,997,N,True
5,310,337,997,N,True
5,93,337,997,N,True
5,41,337,997,N,True
5,137,337,997,N,True
5,bot32__0,337,997,N,True
5,93,32,997,N,True
5,137,32,997,N,True
5,310,32,997,N,True
5,bot33__6,bot29__5,997,N,True
5,2,bot29__5,997,N,True
5,182,reel37__0,997,N,True
5,bot49__0,reel37__0,997,N,True
5,247,120,997,N,True
5,bot29__0,120,997,N,True
5,reel9__4,120,997,N,True
5,reel14__4,bot46__5,997,N,True
5,bot17__3,reel5__0,997,N,True
5,reel25__2,reel5__0,997,N,True
5,reel8__8,bot11__7,997,N,True
5,reel9__5,reel34__9,997,N,True
5,reel29__2,reel34__9,997,N,True
5,bot9__5,220,997,N,True
5,115,220,997,N,True
5,262,220,997,N,True
5,bot38__3,bot35__3,997,N,True
5,bot13__0,bot35__3,997,N,True
5,326,20,997,N,True
5,333,20,997,N,True
5,111,20,997,N,True
5,226,20,997,N,True
5,115,20,997,N,True
5,41,20,997,N,True
5,2,20,997,N,True
5,343,20,997,N,True
5,343,44,997,N,True
5,111,44,997,N,True
5,41,44,997,N,True
5,reel7__5,reel24__8,997,N,True
5,95,6,997,N,True
5,147,6,997,N,True
5,319,6,997,N,True
5,319,bot32__4,997,N,True
5,reel7__0,bot26__7,997,N,True
5,reel27__3,reel0__6,997,N,True
5,135,reel0__6,997,N,True
5,138,reel0__6,997,N,True
5,bot5__0,bot3__6,997,N,True
5,110,bot3__6,997,N,True
5,49,bot3__6,997,N,True
5,110,reel3__5,997,N,True
5,reel7__4,reel3__5,997,N,True
5,110,bot7__7,997,N,True
5,294,bot7__7,997,N,True
5,reel32__5,bot38__2,997,N,True
5,bot27__8,bot38__2,997,N,True
5,bot25__1,bot23__7,997,N,True
5,bot1__6,bot23__7,997,N,True
5,181,78,997,N,True
5,218,78,997,N,True
5,bot25__3,78,997,N,True
5,275,78,997,N,True
5,328,78,997,N,True
5,reel2__8,78,997,N,True
5,181,306,997,N,True
5,218,306,997,N,True
5,275,306,997,N,True
5,328,306,997,N,True
5,218,bot37__5,997,N,True
5,bot41__0,bot37__5,997,N,True
5,reel11__0,reel14__5,997,N,True
5,reel7__4,reel14__5,997,N,True
5,reel11__0,bot29__6,997,N,True
5,2,bot29__6,997,N,True
5,bot43__7,bot17__0,997,N,True
5,181,reel26__6,997,N,True
5,bot43__7,reel26__6,997,N,True
5,reel48__4,reel26__6,997,N,True
5,reel14__9,reel33__5,997,N,True
5,reel13__6,reel33__5,997,N,True
5,279,reel33__5,997,N,True
5,reel10__0,bot11__5,997,N,True
5,bot43__2,bot32__3,997,N,True
5,198,bot32__3,997,N,True
5,326,bot2__3,997,N,True
5,38,bot2__3,997,N,True
5,289,bot2__3,997,N,True
5,289,bot25__9,997,N,True
5,reel9__4,reel45__1,997,N,True
5,bot21__5,162,997,N,True
5,326,162,997,N,True
5,333,162,997,N,True
5,116,162,997,N,True
5,343,162,997,N,True
5,112,bot7__4,997,N,True
5,333,bot7__4,997,N,True
5,333,bot18__8,997,N,True
5,326,reel28__2,997,N,True
5,333,reel28__2,997,N,True
5,333,reel45__2,997,N,True
5,116,reel17__4,997,N,True
5,328,reel17__4,997,N,True
5,264,bot15__0,997,N,True
5,264,bot49__1,997,N,True
5,202,reel22__1,997,N,True
5,bot41__1,reel22__1,997,N,True
5,reel20__5,reel22__1,997,N,True
5,reel35__3,reel46__8,997,N,True
5,reel1__5,reel46__8,997,N,True
5,35,reel38__7,997,N,True
5,reel46__7,reel36__0,997,N,True
5,2,reel36__0,997,N,True
5,347,reel36__0,997,N,True
5,bot39__1,bot7__5,997,N,True
5,reel0__3,bot7__5,997,N,True
5,bot21__9,bot25__0,997,N,True
5,reel43__7,153,997,N,True
5,reel14__7,bot20__6,997,N,True
5,reel0__0,reel47__0,997,N,True
5,reel33__0,reel47__0,997,N,True
5,95,bot1__0,997,N,True
5,262,bot1__0,997,N,True
5,95,reel25__9,997,N,True
5,95,reel32__9,997,N,True
5,321,reel32__9,997,N,True
5,reel11__9,reel28__3,997,N,True
5,reel14__9,reel18__6,997,N,True
5,reel16__0,reel18__6,997,N,True
5,reel24__5,reel18__6,997,N,True
5,reel41__5,reel48__8,997,N,True
5,bot38__6,reel6__4,997,N,True
5,115,reel6__4,997,N,True
5,bot38__6,70,997,N,True
5,reel8__3,70,997,N,True
5,230,70,997,N,True
5,reel40__3,70,997,N,True
5,reel39__7,reel37__7,997,N,True
5,reel35__0,bot37__3,997,N,True
5,bot25__7,bot21__6,997,N,True
5,155,bot12__6,997,N,True
5,bot11__3,bot12__6,997,N,True
5,bot11__3,bot32__5,997,N,True
5,bot11__3,bot38__1,997,N,True
5,bot26__1,bot28__0,997,N,True
5,301,bot28__0,997,N,True
5,reel9__9,bot42__5,997,N,True
5,bot31__3,bot43__0,997,N,True
5,reel27__5,reel31__6,997,N,True
5,reel41__7,reel31__6,997,N,True
5,bot37__6,reel31__6,997,N,True
5,bot47__2,reel43__8,997,N,True
5,36,reel43__8,997,N,True
5,bot21__5,bot39__7,997,N,True
5,reel18__1,reel32__2,997,N,True
5,259,reel30__2,997,N,True
5,reel44__6,reel30__2,997,N,True
5,reel15__0,reel30__2,997,N,True
5,198,bot3__2,997,N,True
5,reel10__8,bot22__0,997,N,True
5,347,bot22__0,997,N,True
5,reel10__8,reel22__8,997,N,True
5,reel10__8,bot48__6,997,N,True
5,192,bot48__6,997,N,True
5,230,reel46__1,997,N,True
5,reel41__1,reel46__1,997,N,True
5,154,bot9__2,997,N,True
5,bot24__9,bot9__2,997,N,True
5,bot26__9,bot9__2,997,N,True
5,192,bot16__8,997,N,True
5,reel14__9,reel36__5,997,N,True
5,reel14__9,reel47__1,997,N,True
5,147,bot19__0,997,N,True
5,147,reel43__9,997,N,True
5,reel32__0,bot45__0,997,N,True
5,bot14__6,bot45__0,997,N,True
5,107,bot14__8,997,N,True
5,244,bot14__8,997,N,True
5,reel17__3,reel23__0,997,N,True
5,193,reel23__0,997,N,True
5,reel34__4,reel23__0,997,N,True
5,reel34__4,reel47__3,997,N,True
5,262,reel22__9,997,N,True
5,326,reel45__8,997,N,True
5,reel14__0,reel45__8,997,N,True
5,bot5__0,bot21__4,997,N,True
5,bot31__4,bot21__4,997,N,True
5,240,bot21__4,997,N,True
5,202,bot0__0,997,N,True
5,202,bot25__5,997,N,True
5,107,bot26__3,997,N,True
5,bot9__7,bot42__4,997,N,True
5,bot5__2,bot42__4,997,N,True
5,reel18__8,bot42__4,997,N,True
5,bot34__9,bot37__8,997,N,True
5,reel2__9,bot15__1,997,N,True
5,bot13__5,bot15__1,997,N,True
5,reel35__6,71,997,N,True
5,230,71,997,N,True
5,bot5__9,reel3__4,997,N,True
5,343,bot12__5,997,N,True
5,bot11__8,bot15__9,997,N,True
5,reel12__2,bot49__7,997,N,True
5,reel39__5,bot49__7,997,N,True
5,reel27__8,bot38__0,997,N,True
5,reel20__5,bot33__0,997,N,True
5,reel0__0,reel38__3,997,N,True
5,reel18__8,reel38__3,997,N,True
5,bot10__6,bot35__7,997,N,True
5,bot49__5,bot35__7,997,N,True
5,reel29__3,bot35__7,997,N,True
5,reel11__7,reel30__5,997,N,True
5,310,reel30__5,997,N,True
5,226,reel38__9,997,N,True
5,bot9__7,bot42__6,997,N,True
5,bot32__2,bot41__9,997,N,True
5,reel20__3,bot31__9,997,N,True
5,reel19__4,bot31__9,997,N,True
5,bot2__0,bot5__7,997,N,True
5,bot45__4,bot5__7,997,N,True
5,bot13__2,reel6__8,997,N,True
5,245,reel10__9,997,N,True
5,reel9__8,reel11__6,997,N,True
5,bot2__7,bot44__5,997,N,True
5,bot24__7,bot5__4,997,N,True
5,reel0__0,bot28__5,997,N,True
5,115,reel32__4,997,N,True
5,bot6__6,bot20__5,997,N,True
5,reel31__7,bot41__5,997,N,True
5,57,bot35__1,997,N,True
5,reel47__8,reel5__8,997,N,True
5,bot9__2,bot36__4,998,N,True
5,293,bot36__4,998,N,True
5,241,bot13__7,998,N,True
5,reel0__4,bot13__7,998,N,True
5,reel0__4,bot37__1,998,N,True
5,bot49__0,bot3__0,998,N,True
5,255,bot3__0,998,N,True
5,266,bot3__0,998,N,True
5,bot43__1,bot3__0,998,N,True
5,bot28__0,bot26__1,998,N,True
5,bot31__0,bot26__1,998,N,True
5,bot29__9,bot26__1,998,N,True
5,255,bot26__1,998,N,True
5,reel18__3,bot26__1,998,N,True
5,reel0__5,bot32__4,998,N,True
5,145,bot29__1,998,N,True
5,111,310,998,N,True
5,reel30__5,310,998,N,True
5,151,310,998,N,True
5,93,310,998,N,True
5,41,310,998,N,True
5,167,310,998,N,True
5,167,32,998,N,True
5,93,32,998,N,True
5,reel40__5,32,998,N,True
5,bot32__9,32,998,N,True
5,bot6__3,bot44__9,998,N,True
5,reel2__4,bot44__9,998,N,True
5,bot36__5,bot46__5,998,N,True
5,reel14__4,bot46__5,998,N,True
5,reel20__3,reel31__1,998,N,True
5,reel8__8,reel31__1,998,N,True
5,bot9__2,bot15__9,998,N,True
5,bot11__8,bot15__9,998,N,True
5,bot29__5,bot15__9,998,N,True
5,bot14__5,bot15__9,998,N,True
5,bot38__9,bot24__9,998,N,True
5,bot9__2,bot24__9,998,N,True
5,bot20__3,bot24__9,998,N,True
5,bot40__1,bot35__3,998,N,True
5,bot13__0,bot35__3,998,N,True
5,bot22__3,bot35__3,998,N,True
5,reel14__5,reel10__5,998,N,True
5,326,reel10__5,998,N,True
5,bot22__5,reel10__5,998,N,True
5,reel7__5,reel10__5,998,N,True
5,282,reel24__8,998,N,True
5,reel34__1,reel24__8,998,N,True
5,reel7__5,reel24__8,998,N,True
5,bot44__6,bot36__3,998,N,True
5,reel7__5,bot36__3,998,N,True
5,110,bot7__7,998,N,True
5,110,reel7__7,998,N,True
5,328,reel7__7,998,N,True
5,reel10__6,reel7__7,998,N,True
5,reel32__5,bot38__2,998,N,True
5,bot27__8,bot38__2,998,N,True
5,bot11__5,bot38__2,998,N,True
5,reel34__0,reel23__5,998,N,True
5,reel0__8,reel23__5,998,N,True
5,167,reel23__5,998,N,True
5,reel34__0,bot35__8,998,N,True
5,reel8__3,bot35__8,998,N,True
5,bot16__5,bot35__8,998,N,True
5,reel6__7,reel30__6,998,N,True
5,reel12__8,reel30__6,998,N,True
5,reel20__3,reel30__6,998,N,True
5,reel44__2,reel30__6,998,N,True
5,282,bot9__5,998,N,True
5,bot1__4,bot25__9,998,N,True
5,289,bot25__9,998,N,True
5,264,bot29__4,998,N,True
5,4,bot29__4,998,N,True
5,264,bot49__1,998,N,True
5,reel24__2,reel31__2,998,N,True
5,reel46__1,reel31__2,998,N,True
5,47,bot24__6,998,N,True
5,157,bot24__6,998,N,True
5,reel33__0,reel39__9,998,N,True
5,reel22__6,reel39__9,998,N,True
5,bot14__4,bot49__2,998,N,True
5,167,bot49__2,998,N,True
5,46,reel21__5,998,N,True
5,241,reel21__5,998,N,True
5,228,reel22__9,998,N,True
5,46,reel22__9,998,N,True
5,bot37__2,reel35__3,998,N,True
5,46,reel35__3,998,N,True
5,241,reel35__3,998,N,True
5,reel15__9,bot27__5,998,N,True
5,bot13__8,bot27__5,998,N,True
5,bot32__5,bot27__5,998,N,True
5,bot27__2,reel12__2,998,N,True
5,reel25__5,reel12__2,998,N,True
5,reel38__8,reel12__2,998,N,True
5,reel0__1,reel12__2,998,N,True
5,bot25__3,bot27__9,998,N,True
5,bot21__1,bot27__9,998,N,True
5,reel41__7,bot43__3,998,N,True
5,reel12__5,bot49__6,998,N,True
5,reel5__5,bot17__6,998,N,True
5,bot10__2,bot17__6,998,N,True
5,bot35__1,70,998,N,True
5,230,70,998,N,True
5,reel8__3,70,998,N,True
5,reel40__3,70,998,N,True
5,259,193,998,N,True
5,reel23__0,193,998,N,True
5,61,193,998,N,True
5,91,193,998,N,True
5,reel14__5,reel36__6,998,N,True
5,reel8__4,reel36__6,998,N,True
5,192,bot48__6,998,N,True
5,bot16__1,bot48__6,998,N,True
5,19,138,998,N,True
5,reel15__5,138,998,N,True
5,78,bot14__8,998,N,True
5,244,bot14__8,998,N,True
5,47,bot1__7,998,N,True
5,166,bot1__7,998,N,True
5,111,bot26__8,998,N,True
5,reel18__9,reel46__4,998,N,True
5,reel13__9,bot37__5,998,N,True
5,bot41__0,bot37__5,998,N,True
5,bot30__6,bot37__5,998,N,True
5,bot14__5,bot31__2,998,N,True
5,reel32__7,reel47__6,998,N,True
5,reel24__6,reel47__6,998,N,True
5,reel39__5,bot49__7,998,N,True
5,bot15__8,bot18__2,998,N,True
5,reel29__6,bot34__4,998,N,True
5,bot39__7,bot26__3,998,N,True
5,reel20__3,bot45__5,998,N,True
5,bot19__3,bot45__7,998,N,True
5,reel47__4,reel44__5,998,N,True
5,reel3__1,bot45__3,999,N,True
5,reel22__2,bot45__3,999,N,True
5,bot6__3,bot44__9,999,N,True
5,bot46__5,bot44__9,999,N,True
5,bot20__2,bot27__1,999,N,True
5,reel13__2,bot27__1,999,N,True
5,reel8__7,bot32__3,999,N,True
5,bot43__2,bot32__3,999,N,True
5,reel13__2,bot32__3,999,N,True
5,reel36__5,reel39__2,999,N,True
5,reel13__2,reel39__2,999,N,True
5,reel23__8,bot39__5,999,N,True
5,reel27__7,bot39__5,999,N,True
5,reel0__4,bot37__1,999,N,True
5,reel48__5,reel1__8,999,N,True
5,reel33__2,reel1__8,999,N,True
5,bot19__6,reel1__8,999,N,True
5,bot1__4,bot6__7,999,N,True
5,reel5__2,bot6__7,999,N,True
5,bot18__4,bot26__2,999,N,True
5,reel5__2,bot26__2,999,N,True
5,bot48__6,bot16__1,999,N,True
5,reel15__8,bot49__6,999,N,True
5,bot48__6,bot49__6,999,N,True
5,bot45__7,bot23__0,999,N,True
5,reel7__2,bot23__0,999,N,True
5,reel22__2,reel31__3,999,N,True
5,reel42__0,reel31__3,999,N,True
5,reel0__5,reel31__3,999,N,True
5,reel6__2,bot34__1,999,N,True
5,reel0__5,bot34__1,999,N,True
5,reel7__9,reel45__3,999,N,True
5,reel21__7,reel45__3,999,N,True
5,bot1__4,bot45__1,999,N,True
5,reel40__9,bot45__1,999,N,True
5,reel8__7,bot11__7,999,N,True
5,reel8__8,bot11__7,999,N,True
5,reel8__7,reel27__9,999,N,True
5,bot30__5,bot34__8,999,N,True
5,reel23__5,reel24__1,999,N,True
5,reel48__0,reel24__1,999,N,True
5,reel0__7,reel24__1,999,N,True
5,reel23__2,bot32__1,999,N,True
5,reel31__0,bot32__1,999,N,True
5,reel15__3,bot32__1,999,N,True
5,reel8__8,reel43__1,999,N,True
5,reel33__0,reel43__1,999,N,True
5,reel12__1,bot20__5,999,N,True
5,bot25__5,bot20__5,999,N,True
5,reel3__7,reel45__7,999,N,True
5,reel12__1,reel45__7,999,N,True
5,reel35__9,reel45__7,999,N,True
5,bot13__0,bot16__5,999,N,True
5,bot38__3,bot35__3,999,N,True
5,bot13__0,bot35__3,999,N,True
5,reel37__0,bot49__0,999,N,True
5,reel17__9,bot27__8,999,N,True
5,bot38__2,bot27__8,999,N,True
5,reel6__2,bot13__6,999,N,True
5,reel7__0,bot26__7,999,N,True
5,bot12__7,bot26__7,999,N,True
5,reel3__3,reel18__5,999,N,True
5,reel6__5,reel18__5,999,N,True
5,bot46__7,reel18__5,999,N,True
5,reel6__5,bot41__0,999,N,True
5,reel13__6,reel30__9,999,N,True
5,reel19__7,reel30__9,999,N,True
5,bot46__7,bot43__7,999,N,True
5,bot41__3,bot19__1,999,N,True
5,reel2__7,bot19__1,999,N,True
5,bot19__6,bot34__0,999,N,True
5,bot47__6,bot34__0,999,N,True
5,bot14__1,bot34__0,999,N,True
5,bot16__7,bot34__5,999,N,True
5,bot14__1,bot34__5,999,N,True
5,bot0__5,bot25__4,999,N,True
5,reel19__1,bot25__4,999,N,True
5,bot0__5,bot32__2,999,N,True
5,reel21__6,bot32__2,999,N,True
5,bot26__3,reel16__6,999,N,True
5,bot21__9,reel16__6,999,N,True
5,bot20__6,reel16__6,999,N,True
5,reel6__8,bot13__2,999,N,True
5,reel6__8,reel24__9,999,N,True
5,reel32__0,reel24__9,999,N,True
5,reel33__0,reel39__9,999,N,True
5,reel41__3,reel22__7,999,N,True
5,reel4__4,reel22__7,999,N,True
5,bot39__9,bot12__2,999,N,True
5,bot49__8,bot12__2,999,N,True
5,bot3__1,bot12__2,999,N,True
5,bot13__8,bot27__5,999,N,True
5,reel12__6,bot30__8,999,N,True
5,reel23__3,bot30__8,999,N,True
5,bot11__3,bot32__5,999,N,True
5,bot11__3,bot38__1,999,N,True
5,bot21__1,bot38__1,999,N,True
5,reel5__0,bot33__4,999,N,True
5,reel7__4,bot33__4,999,N,True
5,bot44__7,bot23__2,999,N,True
5,bot17__8,bot23__2,999,N,True
5,reel32__1,reel3__4,999,N,True
5,bot5__9,reel3__4,999,N,True
5,reel19__7,reel3__4,999,N,True
5,reel38__3,bot47__7,999,N,True
5,reel7__9,bot47__7,999,N,True
5,bot21__7,bot40__0,999,N,True
5,bot1__4,bot5__5,999,N,True
5,reel28__8,bot41__6,999,N,True
5,reel15__8,bot21__6,999,N,True
5,bot18__6,bot21__6,999,N,True
5,reel27__5,reel29__3,999,N,True
5,reel3__7,bot6__4,999,N,True
5,reel32__0,bot45__0,999,N,True
5,reel26__2,bot45__0,999,N,True
5,bot32__6,bot24__0,999,N,True
5,reel7__8,bot24__0,999,N,True
5,bot10__4,bot12__4,999,N,True
5,bot49__9,bot12__4,999,N,True
5,bot11__4,bot17__4,999,N,True
5,reel4__3,reel9__1,999,N,True
5,reel4__3,bot18__3,999,N,True
5,bot12__6,bot18__3,999,N,True
5,reel35__9,bot44__2,999,N,True
5,reel10__1,bot44__2,999,N,True
5,reel4__9,reel20__5,999,N,True
5,reel16__5,bot29__7,999,N,True
5,reel16__5,reel47__7,999,N,True
5,reel11__3,reel19__6,999,N,True
5,reel20__3,bot45__5,999,N,True
5,reel11__3,bot45__5,999,N,True
5,bot16__0,bot21__8,999,N,True
5,reel21__6,bot34__4,999,N,True
5,reel21__5,bot34__4,999,N,True
5,bot26__4,bot44__6,999,N,True
5,reel7__8,reel21__4,999,N,True
5,reel9__7,bot43__6,999,N,True
5,bot41__3,bot43__6,999,N,True
5,bot20__7,bot43__6,999,N,True
5,bot5__4,bot24__7,999,N,True
5,reel9__2,bot13__5,999,N,True
5,reel28__3,bot48__4,999,N,True
5,bot37__6,bot48__4,999,N,True
5,reel1__3,reel37__4,999,N,True
5,reel25__5,reel45__0,999,N,True
5,reel24__6,reel35__7,999,N,True
5,reel42__2,reel35__7,999,N,True
5,bot31__0,bot26__1,999,N,True
5,reel34__1,reel24__8,999,N,True
5,reel8__3,bot35__8,999,N,True
5,bot15__8,bot10__9,999,N,True
5,bot9__3,bot10__9,999,N,True
5,reel32__7,bot40__9,999,N,True
5,reel7__2,bot43__8,999,N,True
5,reel16__0,reel2__9,999,N,True
5,reel16__0,bot21__0,999,N,True
5,reel23__0,reel34__4,999,N,True
5,bot15__2,bot7__4,999,N,True
5,reel8__6,bot29__3,999,N,True
5,reel26__2,reel8__1,999,N,True
5,bot6__5,bot49__7,999,N,True
5,bot18__6,bot24__8,999,N,True
5,bot18__6,bot31__7,999,N,True
5,reel23__1,bot29__9,999,N,True
5,bot34__7,bot23__1,999,N,True
5,reel44__5,reel39__1,999,N,True
5,reel19__8,bot43__1,999,N,True
5,bot38__7,reel30__1,999,N,True
6,bot17__2,bot36__9,980,N,False
6,reel32__7,reel10__3,980,N,False
6,bot0__3,bot39__4,980,N,False
6,bot2__8,bot41__1,980,N,False
6,reel16__5,reel7__1,980,N,False
6,bot8__2,reel7__1,980,N,False
6,bot8__2,bot9__0,980,N,False
6,bot1__2,bot18__3,980,N,False
6,reel4__3,bot18__3,980,N,False
6,300,bot33__1,980,N,False
6,300,bot46__0,980,N,False
6,reel35__4,reel37__7,980,N,False
6,reel5__0,reel0__5,980,N,False
6,reel5__0,bot22__0,980,N,False
6,64,171,980,N,False
6,217,171,980,N,False
6,189,171,980,N,False
6,150,171,980,N,False
6,217,reel9__8,980,N,False
6,53,reel9__8,980,N,False
6,262,bot1__0,980,N,False
6,262,reel8__0,980,N,False
6,106,bot7__6,980,N,False
6,106,reel37__9,980,N,False
6,228,reel30__4,980,N,False
6,228,bot40__3,980,N,False
6,191,reel14__1,980,N,False
6,50,reel19__7,980,N,False
6,bot11__9,bot4__9,980,N,False
6,269,81,980,N,False
6,269,bot48__7,980,N,False
6,reel27__6,reel0__4,980,N,False
6,bot13__7,reel0__4,980,N,False
6,reel27__6,reel34__8,980,N,False
6,242,330,980,N,False
6,53,330,980,N,False
6,242,101,980,N,False
6,53,101,980,N,False
6,295,reel4__6,980,N,False
6,242,reel4__6,980,N,False
6,242,reel9__2,980,N,False
6,23,144,980,N,False
6,reel44__0,144,980,N,False
6,295,bot1__5,980,N,False
6,reel16__5,bot35__2,980,N,False
6,295,bot35__2,980,N,False
6,23,227,980,N,False
6,23,245,980,N,False
6,23,267,980,N,False
6,23,bot31__4,980,N,False
6,reel20__1,reel9__4,980,N,False
6,64,bot2__0,980,N,False
6,bot36__1,reel8__4,980,N,False
6,reel6__7,226,980,N,False
6,reel6__7,reel30__6,980,N,False
6,53,317,980,N,False
6,bot1__2,95,980,N,False
6,bot23__2,bot44__7,980,N,False
6,reel20__9,reel21__5,980,N,False
6,reel20__9,reel44__4,980,N,False
6,reel9__3,293,980,N,False
6,57,bot35__1,980,N,False
6,bot29__4,264,980,N,False
6,bot5__0,bot35__6,980,N,False
6,bot38__1,bot21__1,980,N,False
6,bot27__8,bot38__2,980,N,False
6,reel4__5,bot23__9,980,N,False
6,189,reel0__3,980,N,False
6,bot15__8,reel5__3,980,N,False
6,189,reel5__3,980,N,False
6,189,bot7__5,980,N,False
6,reel5__2,bot7__5,980,N,False
6,bot14__3,34,980,N,False
6,206,bot11__1,980,N,False
6,reel48__1,reel21__8,980,N,False
6,reel5__2,reel22__4,980,N,False
6,reel5__2,bot26__2,980,N,False
6,bot18__9,bot16__6,980,N,False
6,bot20__3,bot47__3,980,N,False
6,328,275,980,N,False
6,328,218,980,N,False
6,328,78,980,N,False
6,328,reel17__4,980,N,False
6,328,reel44__2,980,N,False
6,bot8__1,bot33__3,980,N,False
6,reel6__9,reel36__3,980,N,False
6,bot26__1,bot28__0,982,N,False
6,259,reel30__2,982,N,False
6,reel14__8,reel30__2,982,N,False
6,47,bot24__6,982,N,False
6,bot34__9,bot37__8,982,N,False
6,bot38__3,bot44__1,982,N,False
6,reel6__8,reel2__5,982,N,False
6,reel27__5,reel43__4,982,N,False
6,reel14__5,reel10__5,982,N,False
6,reel6__4,bot28__1,982,N,False
6,bot36__7,reel5__0,983,N,False
6,reel0__5,reel5__0,983,N,False
6,20,reel5__0,983,N,False
6,214,reel5__0,983,N,False
6,reel0__5,reel12__0,983,N,False
6,reel0__5,bot34__1,983,N,False
6,reel12__4,reel32__4,983,N,False
6,reel15__0,reel32__3,983,N,False
6,reel15__0,reel48__9,983,N,False
6,326,137,983,N,False
6,310,137,983,N,False
6,214,137,983,N,False
6,326,140,983,N,False
6,214,140,983,N,False
6,reel8__2,bot34__8,983,N,False
6,326,bot4__1,983,N,False
6,326,reel25__6,983,N,False
6,326,reel34__3,983,N,False
6,273,reel34__3,983,N,False
6,bot9__2,154,983,N,False
6,bot9__2,bot24__9,983,N,False
6,20,bot18__8,983,N,False
6,279,reel16__8,983,N,False
6,reel7__5,reel10__6,983,N,False
6,reel7__5,reel13__5,983,N,False
6,bot30__4,reel18__8,983,N,False
6,reel7__5,reel18__8,983,N,False
6,reel7__5,reel24__8,983,N,False
6,310,32,983,N,False
6,310,243,983,N,False
6,bot18__6,bot21__6,983,N,False
6,bot18__6,bot31__7,983,N,False
6,78,bot14__8,983,N,False
6,78,bot25__3,983,N,False
6,bot37__9,182,983,N,False
6,bot35__9,reel14__8,983,N,False
6,reel30__2,reel14__8,983,N,False
6,14,bot16__7,983,N,False
6,44,bot9__4,983,N,False
6,316,bot9__4,983,N,False
6,reel43__2,reel37__0,983,N,False
6,bot37__5,reel13__9,983,N,False
6,bot37__5,bot41__0,983,N,False
6,reel1__5,reel46__8,985,N,False
6,bot5__7,bot48__8,985,N,False
6,reel8__4,110,985,N,False
6,reel8__4,bot10__7,985,N,False
6,reel8__4,reel41__1,985,N,False
6,bot23__8,reel0__1,985,N,False
6,reel20__2,reel0__1,985,N,False
6,bot23__8,bot32__8,985,N,False
6,reel33__9,reel8__7,985,N,False
6,reel33__9,reel38__0,985,N,False
6,reel0__4,bot13__7,985,N,False
6,reel0__4,reel27__6,985,N,False
6,244,bot8__0,985,N,False
6,244,reel13__9,985,N,False
6,bot12__2,bot39__9,985,N,False
6,bot12__2,bot49__8,985,N,False
6,reel2__0,bot6__7,985,N,False
6,bot1__4,bot6__7,985,N,False
6,reel5__2,bot6__7,985,N,False
6,51,bot26__0,985,N,False
6,reel21__6,reel26__0,985,N,False
6,reel0__5,bot31__1,985,N,False
6,bot29__7,bot19__8,985,N,False
6,reel4__4,bot11__0,985,N,False
6,reel12__8,reel30__6,985,N,False
6,reel20__3,reel30__6,985,N,False
6,reel44__2,reel30__6,985,N,False
6,reel2__0,bot7__6,985,N,False
6,reel39__9,reel33__0,985,N,False
6,reel20__2,reel33__0,985,N,False
6,93,bot11__8,985,N,False
6,93,reel11__4,985,N,False
6,bot37__0,reel33__7,985,N,False
6,reel37__7,reel39__7,985,N,False
6,235,reel45__3,985,N,False
6,bot35__8,bot16__5,985,N,False
6,bot13__0,bot16__5,985,N,False
6,reel4__5,bot7__2,985,N,False
6,reel35__7,reel42__2,985,N,False
6,reel0__0,91,985,N,False
6,245,91,985,N,False
6,245,reel28__9,985,N,False
6,reel9__5,reel15__2,985,N,False
6,reel39__9,reel15__2,985,N,False
6,reel14__3,reel9__3,985,N,False
6,reel5__0,reel14__8,985,N,False
6,reel5__0,bot36__7,985,N,False
6,reel0__0,reel8__1,985,N,False
6,reel26__2,reel8__1,985,N,False
6,bot22__7,bot25__8,985,N,False
6,295,bot9__1,985,N,False
6,295,reel34__2,985,N,False
6,bot34__9,bot37__8,985,N,False
6,reel16__1,reel6__7,985,N,False
6,reel16__1,bot43__1,985,N,False
6,reel12__8,reel9__1,985,N,False
6,reel13__6,reel1__0,985,N,False
6,reel20__1,bot30__3,985,N,False
6,reel17__6,bot30__3,985,N,False
6,reel20__1,bot38__1,985,N,False
6,reel20__1,bot43__8,985,N,False
6,bot1__4,179,985,N,False
6,reel28__8,bot41__6,985,N,False
6,reel17__6,bot38__8,985,N,False
6,reel14__2,bot22__5,985,N,False
6,reel14__2,bot38__3,985,N,False
6,reel14__2,reel39__0,985,N,False
6,bot20__3,bot47__3,985,N,False
6,reel47__6,reel32__7,985,N,False
6,bot26__9,bot9__2,985,N,False
6,reel10__2,bot31__2,986,N,False
6,bot14__5,bot31__2,986,N,False
6,281,139,986,N,False
6,159,139,986,N,False
6,281,284,986,N,False
6,159,284,986,N,False
6,reel9__0,284,986,N,False
6,281,197,986,N,False
6,159,197,986,N,False
6,281,bot36__2,986,N,False
6,bot32__1,reel23__2,986,N,False
6,reel12__0,reel23__2,986,N,False
6,326,20,986,N,False
6,2,20,986,N,False
6,343,20,986,N,False
6,reel5__0,20,986,N,False
6,bot18__8,20,986,N,False
6,2,bot29__5,986,N,False
6,reel11__0,bot29__6,986,N,False
6,2,bot29__6,986,N,False
6,bot46__4,bot43__4,986,N,False
6,2,bot43__4,986,N,False
6,343,111,986,N,False
6,326,111,986,N,False
6,93,111,986,N,False
6,reel4__4,111,986,N,False
6,228,bot40__3,986,N,False
6,259,201,986,N,False
6,8,201,986,N,False
6,91,201,986,N,False
6,reel4__0,201,986,N,False
6,259,193,986,N,False
6,reel5__7,193,986,N,False
6,8,193,986,N,False
6,91,193,986,N,False
6,259,reel30__2,986,N,False
6,reel44__6,reel30__2,986,N,False
6,182,reel41__1,986,N,False
6,reel8__4,reel41__1,986,N,False
6,bot31__0,bot26__1,986,N,False
6,reel12__2,bot26__1,986,N,False
6,bot28__0,bot26__1,986,N,False
6,reel1__9,bot5__0,986,N,False
6,bot3__6,bot5__0,986,N,False
6,reel4__7,bot30__4,986,N,False
6,bot14__4,bot30__4,986,N,False
6,reel18__8,bot30__4,986,N,False
6,243,310,986,N,False
6,93,310,986,N,False
6,151,310,986,N,False
6,reel20__5,310,986,N,False
6,reel10__2,reel29__1,986,N,False
6,reel3__9,reel29__1,986,N,False
6,reel3__9,reel44__0,986,N,False
6,reel23__7,bot34__3,986,N,False
6,147,reel20__2,986,N,False
6,bot4__6,bot36__6,986,N,False
6,bot45__8,205,986,N,False
6,bot17__4,bot45__5,986,N,False
6,330,reel13__8,986,N,False
6,reel5__3,reel40__0,986,N,False
6,reel29__5,reel32__0,986,N,False
6,157,bot10__1,986,N,False
6,157,bot24__6,986,N,False
6,reel15__2,bot24__6,986,N,False
6,reel15__2,reel39__9,986,N,False
6,reel22__6,reel39__9,986,N,False
6,bot12__2,bot49__8,986,N,False
6,reel17__5,bot49__8,986,N,False
6,243,337,986,N,False
6,93,337,986,N,False
6,reel15__5,337,986,N,False
6,reel15__5,138,986,N,False
6,reel15__5,bot49__5,986,N,False
6,bot8__1,bot33__3,986,N,False
6,bot46__4,reel38__7,986,N,False
6,reel9__2,reel38__7,986,N,False
6,218,181,986,N,False
6,reel4__7,181,986,N,False
6,bot12__1,183,986,N,False
6,bot26__0,183,986,N,False
6,bot7__0,bot31__3,986,N,False
6,reel21__6,reel26__0,986,N,False
6,reel21__6,bot34__4,986,N,False
6,bot23__1,bot34__7,986,N,False
6,reel3__5,reel14__3,986,N,False
6,reel9__3,reel14__3,986,N,False
6,bot9__9,bot6__8,986,N,False
6,168,bot10__2,986,N,False
6,bot9__9,bot10__2,986,N,False
6,243,137,986,N,False
6,326,137,986,N,False
6,93,137,986,N,False
6,140,137,986,N,False
6,bot32__5,bot27__5,986,N,False
6,bot32__5,reel22__8,986,N,False
6,reel12__2,bot49__7,986,N,False
6,bot6__5,bot49__7,986,N,False
6,326,reel10__5,986,N,False
6,reel7__5,reel10__5,986,N,False
6,326,reel25__6,986,N,False
6,reel16__9,reel25__6,986,N,False
6,326,reel28__2,986,N,False
6,326,reel34__3,986,N,False
6,194,reel34__3,986,N,False
6,bot4__1,bot2__0,986,N,False
6,bot4__1,bot33__1,986,N,False
6,93,32,986,N,False
6,93,reel4__1,986,N,False
6,reel12__6,bot26__6,986,N,False
6,91,bot26__6,986,N,False
6,reel15__2,reel21__8,986,N,False
6,reel13__6,reel21__8,986,N,False
6,reel48__1,reel21__8,986,N,False
6,reel42__5,reel21__8,986,N,False
6,reel41__8,reel34__0,986,N,False
6,reel8__5,bot10__0,986,N,False
6,reel8__5,bot48__2,986,N,False
6,reel16__9,reel4__2,986,N,False
6,reel5__8,bot39__5,986,N,False
6,58,reel39__8,986,N,False
6,159,reel33__0,986,N,False
6,reel43__1,reel33__0,986,N,False
6,bot18__8,bot27__3,986,N,False
6,reel19__6,reel18__2,986,N,False
6,bot21__1,bot5__2,986,N,False
6,bot21__1,bot27__9,986,N,False
6,reel25__2,bot30__6,986,N,False
6,reel9__5,reel6__9,986,N,False
6,reel9__5,reel34__9,986,N,False
6,reel9__5,reel36__1,986,N,False
6,7,bot33__5,986,N,False
6,7,bot47__2,986,N,False
6,reel22__7,reel41__3,986,N,False
6,bot11__1,bot28__6,986,N,False
6,bot11__1,bot41__9,986,N,False
6,bot26__2,bot18__4,986,N,False
6,bot2__2,bot18__4,986,N,False
6,151,bot18__4,986,N,False
6,151,bot24__3,986,N,False
6,151,reel41__4,986,N,False
6,reel1__3,reel41__4,986,N,False
6,reel5__0,reel14__8,986,N,False
6,reel5__0,bot22__0,986,N,False
6,347,bot22__0,986,N,False
6,reel5__0,bot33__4,986,N,False
6,234,bot36__7,986,N,False
6,reel5__0,bot36__7,986,N,False
6,reel42__4,reel45__2,986,N,False
6,256,233,986,N,False
6,256,reel11__6,986,N,False
6,256,bot44__3,986,N,False
6,299,187,986,N,False
6,242,187,986,N,False
6,194,187,986,N,False
6,254,187,986,N,False
6,242,reel38__4,986,N,False
6,reel23__4,reel43__0,986,N,False
6,242,reel43__0,986,N,False
6,reel44__6,255,986,N,False
6,reel9__3,255,986,N,False
6,bot6__5,bot16__8,986,N,False
6,reel11__5,bot26__4,986,N,False
6,reel11__5,reel38__0,986,N,False
6,reel32__3,reel16__3,986,N,False
6,reel8__9,bot16__5,986,N,False
6,bot13__0,bot16__5,986,N,False
6,bot13__0,bot35__3,986,N,False
6,bot5__1,bot36__5,986,N,False
6,bot0__7,bot9__8,986,N,False
6,reel7__5,316,986,N,False
6,reel7__5,bot36__3,986,N,False
6,165,reel14__4,986,N,False
6,bot18__6,reel14__4,986,N,False
6,reel9__3,293,986,N,False
6,reel9__3,reel48__7,986,N,False
6,159,reel17__7,986,N,False
6,159,reel23__0,986,N,False
6,reel23__9,reel31__5,986,N,False
6,reel23__9,reel44__9,986,N,False
6,reel1__9,bot4__0,986,N,False
6,194,bot34__6,986,N,False
6,reel4__0,bot34__6,986,N,False
6,reel48__1,reel18__1,986,N,False
6,168,bot6__3,986,N,False
6,reel8__9,305,986,N,False
6,reel8__9,bot44__2,986,N,False
6,bot23__6,bot44__0,986,N,False
6,160,reel24__6,986,N,False
6,160,reel48__6,986,N,False
6,bot17__2,bot36__0,986,N,False
6,reel12__4,reel32__4,986,N,False
6,reel23__4,reel24__2,986,N,False
6,reel23__4,bot26__9,986,N,False
6,reel23__4,bot28__9,986,N,False
6,reel23__4,reel40__1,986,N,False
6,reel12__0,reel16__6,986,N,False
6,reel12__0,reel33__4,986,N,False
6,reel7__8,reel21__4,986,N,False
6,reel17__5,reel31__8,986,N,False
6,bot25__8,bot22__7,986,N,False
6,126,bot11__9,986,N,False
6,126,reel26__5,986,N,False
6,reel10__4,reel26__5,986,N,False
6,126,reel29__2,986,N,False
6,218,bot37__5,986,N,False
6,reel27__6,reel0__4,986,N,False
6,reel11__0,reel18__9,986,N,False
6,reel13__6,reel1__0,986,N,False
6,reel13__6,reel33__5,986,N,False
6,bot2__4,bot41__7,986,N,False
6,bot31__6,reel17__6,986,N,False
6,reel32__8,reel20__3,986,N,False
6,bot6__6,bot20__5,986,N,False
6,reel48__0,reel24__1,986,N,False
6,165,reel26__4,986,N,False
6,57,bot21__3,986,N,False
6,bot8__5,bot23__8,986,N,False
6,bot18__9,bot16__6,986,N,False
6,bot18__9,bot33__9,986,N,False
6,243,reel19__5,986,N,False
6,reel3__3,reel18__5,987,N,False
6,reel3__3,reel19__1,987,N,False
6,270,reel19__1,987,N,False
6,reel3__3,reel48__9,987,N,False
6,reel2__5,reel6__8,987,N,False
6,reel2__5,bot28__5,987,N,False
6,139,bot11__8,987,N,False
6,93,bot11__8,987,N,False
6,reel10__1,bot11__8,987,N,False
6,69,reel4__9,987,N,False
6,218,reel4__9,987,N,False
6,69,bot19__9,987,N,False
6,39,bot19__9,987,N,False
6,66,reel16__1,987,N,False
6,228,bot12__6,987,N,False
6,228,bot40__3,987,N,False
6,106,reel2__9,987,N,False
6,reel39__1,301,987,N,False
6,bot38__9,301,987,N,False
6,324,301,987,N,False
6,246,340,987,N,False
6,324,340,987,N,False
6,7,340,987,N,False
6,reel21__6,reel0__3,987,N,False
6,189,reel0__3,987,N,False
6,324,reel0__3,987,N,False
6,324,bot4__7,987,N,False
6,324,bot5__8,987,N,False
6,80,reel13__3,987,N,False
6,324,reel13__3,987,N,False
6,54,reel20__6,987,N,False
6,324,reel20__6,987,N,False
6,324,bot23__9,987,N,False
6,324,bot33__2,987,N,False
6,bot6__4,reel3__7,987,N,False
6,reel1__9,bot5__0,987,N,False
6,bot3__6,bot5__0,987,N,False
6,246,bot15__8,987,N,False
6,246,bot42__3,987,N,False
6,39,bot7__2,987,N,False
6,reel30__3,reel15__9,987,N,False
6,reel30__3,reel39__4,987,N,False
6,reel30__3,reel45__8,987,N,False
6,222,reel10__0,987,N,False
6,249,196,987,N,False
6,204,196,987,N,False
6,254,196,987,N,False
6,53,196,987,N,False
6,160,260,987,N,False
6,reel38__8,260,987,N,False
6,53,260,987,N,False
6,254,242,987,N,False
6,80,242,987,N,False
6,88,242,987,N,False
6,204,242,987,N,False
6,53,242,987,N,False
6,249,242,987,N,False
6,130,191,987,N,False
6,53,191,987,N,False
6,reel41__8,317,987,N,False
6,53,317,987,N,False
6,254,101,987,N,False
6,80,101,987,N,False
6,204,101,987,N,False
6,53,101,987,N,False
6,249,101,987,N,False
6,217,reel9__8,987,N,False
6,53,reel9__8,987,N,False
6,bot9__9,bot21__2,987,N,False
6,53,bot21__2,987,N,False
6,reel5__9,reel31__7,987,N,False
6,53,reel31__7,987,N,False
6,241,bot13__7,987,N,False
6,reel0__4,bot13__7,987,N,False
6,reel34__8,reel27__6,987,N,False
6,reel0__4,reel27__6,987,N,False
6,reel0__4,reel27__7,987,N,False
6,reel40__4,reel25__5,987,N,False
6,reel6__6,reel25__5,987,N,False
6,reel40__4,reel8__4,987,N,False
6,reel40__4,reel47__6,987,N,False
6,reel22__6,reel25__1,987,N,False
6,bot22__6,bot37__0,987,N,False
6,reel22__6,bot37__0,987,N,False
6,reel22__6,reel39__9,987,N,False
6,bot12__2,bot3__1,987,N,False
6,51,bot3__1,987,N,False
6,bot12__2,bot49__8,987,N,False
6,121,reel0__0,987,N,False
6,reel5__9,reel0__0,987,N,False
6,reel5__0,bot17__3,987,N,False
6,121,bot17__3,987,N,False
6,121,reel40__8,987,N,False
6,83,23,987,N,False
6,51,23,987,N,False
6,51,reel32__8,987,N,False
6,241,reel21__5,987,N,False
6,241,reel35__3,987,N,False
6,241,bot45__9,987,N,False
6,22,bot0__5,987,N,False
6,36,bot0__5,987,N,False
6,bot22__6,181,987,N,False
6,218,181,987,N,False
6,reel4__7,181,987,N,False
6,reel26__6,181,987,N,False
6,bot26__0,183,987,N,False
6,reel20__7,reel19__7,987,N,False
6,50,reel19__7,987,N,False
6,reel20__7,reel43__6,987,N,False
6,reel20__7,bot48__0,987,N,False
6,130,bot15__4,987,N,False
6,130,reel19__6,987,N,False
6,reel21__6,reel26__0,987,N,False
6,reel32__5,reel26__0,987,N,False
6,reel5__9,255,987,N,False
6,reel5__9,bot15__0,987,N,False
6,reel6__4,reel28__3,987,N,False
6,reel5__9,reel28__3,987,N,False
6,reel5__9,bot31__5,987,N,False
6,reel5__9,bot44__3,987,N,False
6,254,187,987,N,False
6,80,187,987,N,False
6,5,187,987,N,False
6,reel6__6,187,987,N,False
6,249,187,987,N,False
6,80,reel30__0,987,N,False
6,reel6__6,reel30__0,987,N,False
6,80,reel30__7,987,N,False
6,reel3__5,reel38__9,987,N,False
6,bot9__9,bot6__8,987,N,False
6,168,bot10__2,987,N,False
6,bot17__6,bot10__2,987,N,False
6,bot9__9,bot10__2,987,N,False
6,27,bot9__4,987,N,False
6,27,reel21__1,987,N,False
6,27,reel34__5,987,N,False
6,65,bot5__1,987,N,False
6,65,reel45__6,987,N,False
6,reel25__4,reel1__1,987,N,False
6,reel25__4,bot28__0,987,N,False
6,50,bot38__7,987,N,False
6,218,328,987,N,False
6,reel28__7,328,987,N,False
6,reel28__7,reel41__5,987,N,False
6,269,reel17__5,987,N,False
6,7,reel17__5,987,N,False
6,270,reel0__7,987,N,False
6,303,reel5__2,987,N,False
6,reel6__4,reel5__2,987,N,False
6,270,reel5__2,987,N,False
6,93,337,987,N,False
6,93,137,987,N,False
6,93,32,987,N,False
6,bot32__9,32,987,N,False
6,93,reel3__0,987,N,False
6,93,reel4__1,987,N,False
6,83,reel4__1,987,N,False
6,reel11__5,reel13__4,987,N,False
6,bot24__1,reel13__4,987,N,False
6,reel41__8,reel34__0,987,N,False
6,reel41__8,reel47__8,987,N,False
6,249,reel21__7,987,N,False
6,249,reel23__8,987,N,False
6,249,bot34__3,987,N,False
6,249,reel35__2,987,N,False
6,249,reel38__4,987,N,False
6,202,bot5__2,987,N,False
6,55,bot5__2,987,N,False
6,202,bot25__5,987,N,False
6,202,reel37__2,987,N,False
6,reel6__6,reel44__7,987,N,False
6,bot22__6,reel19__9,987,N,False
6,283,reel19__9,987,N,False
6,reel1__9,reel19__9,987,N,False
6,reel27__1,reel0__2,987,N,False
6,reel7__1,reel0__2,987,N,False
6,117,reel12__3,987,N,False
6,88,reel25__0,987,N,False
6,45,bot6__1,987,N,False
6,107,bot14__8,987,N,False
6,bot46__2,reel17__7,987,N,False
6,bot2__7,bot44__5,987,N,False
6,reel7__1,bot29__6,987,N,False
6,reel5__0,bot33__4,987,N,False
6,reel7__1,bot33__4,987,N,False
6,168,129,987,N,False
6,7,129,987,N,False
6,7,bot33__5,987,N,False
6,7,bot47__2,987,N,False
6,36,reel1__5,987,N,False
6,151,reel1__5,987,N,False
6,151,bot24__3,987,N,False
6,151,reel28__9,987,N,False
6,36,reel43__8,987,N,False
6,204,reel43__8,987,N,False
6,reel5__0,20,987,N,False
6,reel5__0,reel14__8,987,N,False
6,reel5__0,bot22__0,987,N,False
6,reel5__0,reel25__2,987,N,False
6,reel5__0,bot36__7,987,N,False
6,reel27__0,bot31__8,987,N,False
6,reel32__1,reel28__5,987,N,False
6,bot9__2,bot22__4,987,N,False
6,bot9__2,bot36__4,987,N,False
6,reel11__5,bot26__4,987,N,False
6,reel11__5,reel38__0,987,N,False
6,83,reel18__2,987,N,False
6,55,bot41__2,987,N,False
6,reel28__1,reel40__9,987,N,False
6,bot32__4,319,987,N,False
6,reel48__2,reel45__3,987,N,False
6,168,reel7__8,987,N,False
6,303,reel20__8,987,N,False
6,bot40__0,bot21__7,987,N,False
6,bot4__8,33,987,N,False
6,160,reel24__6,987,N,False
6,160,reel48__6,987,N,False
6,reel6__4,bot38__6,987,N,False
6,bot17__6,reel5__5,987,N,False
6,217,reel11__9,987,N,False
6,reel28__0,reel43__5,987,N,False
6,reel32__5,bot43__2,987,N,False
6,218,bot37__5,987,N,False
6,5,316,987,N,False
6,294,bot7__7,987,N,False
6,294,bot13__2,987,N,False
6,294,reel23__9,987,N,False
6,bot0__2,bot8__1,987,N,False
6,288,reel1__7,987,N,False
6,288,reel7__3,987,N,False
6,288,reel36__4,987,N,False
6,bot22__6,bot30__6,987,N,False
6,bot6__6,bot20__5,987,N,False
6,reel39__1,reel15__5,987,N,False
6,reel39__1,reel11__0,987,N,False
6,reel3__3,283,988,N,False
6,reel3__3,reel18__4,988,N,False
6,reel3__3,reel18__5,988,N,False
6,bot0__3,bot3__4,988,N,False
6,bot0__3,bot39__4,988,N,False
6,reel0__5,bot39__4,988,N,False
6,bot36__7,reel5__0,988,N,False
6,reel0__5,reel5__0,988,N,False
6,bot43__9,reel42__3,988,N,False
6,reel8__4,reel41__1,988,N,False
6,bot8__9,264,988,N,False
6,bot8__9,51,988,N,False
6,23,51,988,N,False
6,bot8__9,bot9__5,988,N,False
6,bot8__9,bot30__3,988,N,False
6,23,61,988,N,False
6,reel0__4,61,988,N,False
6,reel0__4,reel27__6,988,N,False
6,336,reel27__6,988,N,False
6,reel13__4,243,988,N,False
6,reel13__4,reel17__3,988,N,False
6,reel4__7,reel0__8,988,N,False
6,reel4__7,181,988,N,False
6,reel0__5,107,988,N,False
6,reel6__2,bot34__1,988,N,False
6,reel0__5,bot34__1,988,N,False
6,198,166,988,N,False
6,bot1__7,166,988,N,False
6,bot29__7,bot19__8,988,N,False
6,bot34__8,reel8__2,988,N,False
6,300,reel8__2,988,N,False
6,reel28__7,328,988,N,False
6,reel28__7,reel43__1,988,N,False
6,bot34__8,bot30__5,988,N,False
6,bot4__4,140,988,N,False
6,227,296,988,N,False
6,227,263,988,N,False
6,321,175,988,N,False
6,278,175,988,N,False
6,227,175,988,N,False
6,reel10__2,175,988,N,False
6,23,175,988,N,False
6,227,reel37__2,988,N,False
6,23,116,988,N,False
6,23,83,988,N,False
6,23,144,988,N,False
6,23,245,988,N,False
6,reel35__0,reel10__7,988,N,False
6,278,bot3__0,988,N,False
6,reel10__5,reel14__5,988,N,False
6,reel10__5,bot45__7,988,N,False
6,336,reel4__3,988,N,False
6,bot11__3,bot12__6,988,N,False
6,reel44__9,reel23__9,988,N,False
6,reel20__3,reel30__6,988,N,False
6,197,bot32__9,988,N,False
6,bot23__2,bot44__7,988,N,False
6,bot5__2,bot44__7,988,N,False
6,127,bot21__9,988,N,False
6,127,reel48__5,988,N,False
6,bot37__6,bot48__4,988,N,False
6,316,reel2__8,988,N,False
6,316,bot9__4,988,N,False
6,reel34__0,reel8__6,988,N,False
6,reel34__0,reel23__5,988,N,False
6,bot6__0,bot39__8,988,N,False
6,bot36__3,bot32__8,988,N,False
6,reel13__5,reel19__2,988,N,False
6,bot42__8,bot44__8,988,N,False
6,bot26__2,reel5__2,988,N,False
6,bot1__5,bot26__0,988,N,False
6,bot23__2,bot17__8,988,N,False
6,reel2__6,195,988,N,False
6,reel15__8,reel19__4,988,N,False
6,reel15__8,bot49__6,988,N,False
6,139,bot11__8,988,N,False
6,bot20__3,bot47__3,988,N,False
6,bot46__5,bot44__9,990,N,True
6,reel11__6,bot44__9,990,N,True
6,reel15__8,bot49__6,990,N,True
6,bot48__6,bot49__6,990,N,True
6,bot21__6,bot25__7,990,N,True
6,reel7__3,bot36__2,990,N,True
6,reel43__5,bot49__3,990,N,True
6,reel24__3,bot30__2,990,N,True
6,reel47__7,reel29__7,990,N,True
6,reel34__0,bot35__8,990,N,True
6,bot16__5,bot35__8,990,N,True
6,bot26__3,107,991,N,True
6,reel21__8,reel48__1,991,N,True
6,bot9__2,bot36__4,991,N,True
6,bot12__3,bot25__2,991,N,True
6,89,bot8__7,991,N,True
6,bot49__5,bot35__7,993,N,True
6,reel29__3,bot35__7,993,N,True
6,reel18__5,bot46__7,993,N,True
6,bot43__7,bot46__7,993,N,True
6,bot43__6,bot20__7,993,N,True
6,bot48__9,reel45__6,993,N,True
6,reel2__3,reel39__4,994,N,True
6,reel30__3,reel39__4,994,N,True
6,reel6__1,bot18__7,994,N,True
6,reel8__2,bot34__8,994,N,True
6,reel22__8,reel36__2,994,N,True
6,reel22__8,reel46__3,994,N,True
6,bot11__6,bot19__4,994,N,True
6,reel5__3,bot19__4,994,N,True
6,33,bot6__0,994,N,True
6,bot4__6,bot6__0,994,N,True
6,reel5__3,bot6__0,994,N,True
6,reel5__3,reel40__0,994,N,True
6,bot8__1,bot33__3,994,N,True
6,reel12__2,bot49__7,994,N,True
6,bot13__0,bot39__2,994,N,True
6,bot2__9,bot39__2,994,N,True
6,bot17__8,bot39__2,994,N,True
6,bot34__0,bot19__6,994,N,True
6,reel1__8,bot19__6,994,N,True
6,reel9__9,bot42__5,994,N,True
6,bot31__5,bot42__5,994,N,True
6,bot40__7,reel39__3,994,N,True
6,reel2__8,reel39__3,994,N,True
6,reel12__1,reel45__7,994,N,True
6,bot40__8,bot44__1,994,N,True
6,reel24__4,reel42__3,994,N,True
6,153,reel43__7,994,N,True
6,reel30__7,reel43__7,994,N,True
6,reel31__5,reel35__0,994,N,True
6,reel3__8,bot30__7,994,N,True
6,bot23__5,bot26__3,994,N,True
6,bot17__0,bot9__6,995,N,True
6,198,bot9__6,995,N,True
6,198,bot32__3,995,N,True
6,reel13__2,bot32__3,995,N,True
6,bot18__0,bot27__4,995,N,True
6,256,bot12__3,995,N,True
6,reel23__5,reel24__1,995,N,True
6,bot40__7,reel39__3,995,N,True
6,reel29__3,reel46__0,995,N,True
6,bot29__9,bot4__4,995,N,True
6,reel13__9,reel27__4,995,N,True
6,reel18__6,bot43__0,995,N,True
6,bot22__3,bot47__4,996,N,True
6,bot41__3,bot43__6,996,N,True
6,305,reel32__4,996,N,True
6,reel30__2,reel44__6,996,N,True
6,reel32__4,reel12__4,997,N,True
6,reel3__5,reel14__3,997,N,True
6,reel9__3,reel14__3,997,N,True
6,20,reel14__3,997,N,True
6,bot46__5,bot44__9,997,N,True
6,reel11__6,bot44__9,997,N,True
6,bot48__6,bot49__6,997,N,True
6,reel30__5,bot43__9,997,N,True
6,reel8__7,reel33__9,997,N,True
6,reel3__4,reel32__1,997,N,True
6,reel3__4,bot45__1,997,N,True
6,reel5__8,bot39__5,997,N,True
6,reel10__5,bot45__7,997,N,True
6,78,bot28__4,997,N,True
6,bot18__8,bot27__3,997,N,True
6,bot15__0,bot27__7,997,N,True
6,bot2__3,bot4__3,997,N,True
6,reel5__0,bot36__7,997,N,True
6,167,bot49__2,997,N,True
6,reel38__3,bot47__7,997,N,True
6,reel18__6,reel40__5,997,N,True
6,32,reel40__5,997,N,True
6,reel43__9,reel40__5,997,N,True
6,bot7__4,bot41__6,997,N,True
6,reel37__0,reel43__2,997,N,True
6,reel33__5,reel43__2,997,N,True
6,reel17__4,reel43__3,997,N,True
6,reel9__3,reel43__3,997,N,True
6,reel17__4,reel45__4,997,N,True
6,bot35__3,bot1__7,997,N,True
6,bot44__5,234,997,N,True
6,44,bot9__4,997,N,True
6,70,bot5__7,998,N,True
6,70,bot38__6,998,N,True
6,bot38__2,bot42__6,998,N,True
6,reel29__3,reel46__0,999,N,True
6,bot44__6,bot36__3,999,N,True
6,reel22__7,reel28__4,999,N,True
6,reel35__7,reel28__4,999,N,True
6,reel21__4,reel28__4,999,N,True
6,bot26__1,bot28__0,999,N,True
6,bot5__5,bot38__6,999,N,True
6,bot43__7,bot17__0,999,N,True
6,bot41__6,reel38__5,999,N,True
6,bot34__0,bot10__0,999,N,True
7,bot36__9,229,980,N,False
7,bot1__0,229,980,N,False
7,144,326,980,N,False
7,226,326,980,N,False
7,reel7__1,bot9__6,980,N,False
7,reel7__1,bot29__6,980,N,False
7,reel0__3,reel21__6,980,N,False
7,reel0__5,reel21__6,980,N,False
7,reel0__5,bot31__1,980,N,False
7,bot16__6,reel6__6,980,N,False
7,101,bot40__4,980,N,False
7,95,319,980,N,False
7,317,reel41__8,980,N,False
7,reel44__2,bot49__4,980,N,False
7,81,286,980,N,False
7,81,reel23__7,980,N,False
7,reel21__8,reel42__5,980,N,False
7,reel30__4,reel11__4,980,N,False
7,171,reel17__8,980,N,False
7,reel8__4,reel41__1,980,N,False
7,reel8__0,reel0__1,980,N,False
7,reel8__0,reel23__3,980,N,False
7,reel8__0,reel35__6,980,N,False
7,227,225,980,N,False
7,227,102,980,N,False
7,227,263,980,N,False
7,227,bot24__5,980,N,False
7,227,reel28__1,980,N,False
7,227,bot29__8,980,N,False
7,bot38__2,reel32__5,980,N,False
7,reel30__6,reel20__3,980,N,False
7,330,reel12__6,980,N,False
7,reel9__2,reel38__7,980,N,False
7,reel37__7,reel39__7,980,N,False
7,reel17__4,bot27__2,980,N,False
7,293,reel30__0,980,N,False
7,reel0__3,reel4__4,980,N,False
7,reel0__3,bot34__9,980,N,False
7,78,bot25__3,980,N,False
7,reel14__1,47,980,N,False
7,reel9__8,reel11__6,980,N,False
7,bot35__1,70,980,N,False
7,reel21__5,bot34__4,980,N,False
7,267,bot3__1,980,N,False
7,267,bot27__3,980,N,False
7,267,reel30__5,980,N,False
7,264,8,980,N,False
7,245,8,980,N,False
7,264,259,980,N,False
7,245,259,980,N,False
7,275,bot2__1,980,N,False
7,reel19__7,reel30__9,980,N,False
7,reel19__7,bot31__6,980,N,False
7,bot21__1,bot27__9,980,N,False
7,264,bot49__1,980,N,False
7,bot41__1,reel22__1,980,N,False
7,bot35__6,reel10__1,980,N,False
7,reel5__0,bot22__0,983,N,False
7,bot4__1,bot41__8,983,N,False
7,reel37__0,bot49__0,983,N,False
7,182,97,983,N,False
7,bot34__1,reel6__2,983,N,False
7,reel1__0,bot49__1,985,N,False
7,reel11__4,reel30__4,985,N,False
7,reel34__2,reel39__6,985,N,False
7,reel33__0,bot48__1,985,N,False
7,bot11__8,reel10__1,985,N,False
7,bot43__1,reel19__8,985,N,False
7,reel8__7,bot32__3,985,N,False
7,bot9__2,bot22__4,985,N,False
7,bot48__8,bot49__3,985,N,False
7,91,193,985,N,False
7,91,bot26__6,985,N,False
7,91,bot45__6,985,N,False
7,reel9__1,reel4__3,985,N,False
7,bot7__2,233,985,N,False
7,110,bot7__7,985,N,False
7,reel41__1,reel46__1,985,N,False
7,reel42__2,reel33__4,985,N,False
7,bot38__1,bot11__3,985,N,False
7,reel14__8,reel30__2,985,N,False
7,reel15__2,bot20__1,985,N,False
7,bot37__5,bot41__0,986,N,False
7,reel24__6,reel35__7,986,N,False
7,reel40__0,reel3__6,986,N,False
7,305,reel3__6,986,N,False
7,reel11__6,reel3__6,986,N,False
7,bot23__8,bot32__8,986,N,False
7,bot36__3,bot32__8,986,N,False
7,reel0__4,bot37__1,986,N,False
7,310,bot37__1,986,N,False
7,293,bot4__9,986,N,False
7,bot11__9,bot4__9,986,N,False
7,293,reel30__0,986,N,False
7,293,bot36__4,986,N,False
7,293,reel46__9,986,N,False
7,bot6__3,bot44__9,986,N,False
7,reel11__6,bot44__9,986,N,False
7,bot21__3,reel1__1,986,N,False
7,284,reel1__1,986,N,False
7,bot21__3,bot24__7,986,N,False
7,reel1__0,198,986,N,False
7,reel1__0,bot49__1,986,N,False
7,reel4__1,bot23__3,986,N,False
7,bot29__5,bot33__6,986,N,False
7,reel18__2,154,986,N,False
7,bot44__0,154,986,N,False
7,reel19__5,bot30__1,986,N,False
7,reel26__5,bot30__1,986,N,False
7,reel24__2,reel20__8,986,N,False
7,reel41__3,reel20__8,986,N,False
7,bot28__6,bot47__8,986,N,False
7,181,bot39__0,986,N,False
7,305,reel39__7,986,N,False
7,reel10__5,bot45__7,986,N,False
7,bot5__2,bot19__7,986,N,False
7,bot26__6,bot19__7,986,N,False
7,reel16__6,reel8__2,986,N,False
7,reel16__6,bot26__3,986,N,False
7,reel14__4,reel16__8,986,N,False
7,reel6__9,reel36__3,986,N,False
7,284,bot18__0,986,N,False
7,reel20__3,bot31__9,986,N,False
7,bot6__8,bot31__9,986,N,False
7,bot5__2,202,986,N,False
7,bot31__3,bot43__0,986,N,False
7,reel41__4,reel23__1,986,N,False
7,bot40__3,reel10__7,986,N,False
7,bot26__4,reel10__7,986,N,False
7,bot47__2,reel43__8,986,N,False
7,reel4__2,reel43__8,986,N,False
7,bot36__5,bot45__9,986,N,False
7,bot35__3,bot38__3,986,N,False
7,316,bot9__4,986,N,False
7,316,reel46__6,986,N,False
7,reel34__0,bot35__8,986,N,False
7,bot16__5,bot35__8,986,N,False
7,bot26__4,bot44__6,986,N,False
7,bot36__3,bot44__6,986,N,False
7,reel18__1,reel32__2,986,N,False
7,reel31__5,reel35__0,986,N,False
7,183,bot41__3,986,N,False
7,bot18__4,bot3__2,986,N,False
7,139,bot3__2,986,N,False
7,bot11__9,bot3__2,986,N,False
7,bot11__9,bot22__4,986,N,False
7,bot20__5,bot25__5,986,N,False
7,bot33__5,bot25__1,986,N,False
7,reel17__7,reel31__9,986,N,False
7,233,bot10__9,986,N,False
7,reel17__6,bot30__3,986,N,False
7,reel17__6,bot38__8,986,N,False
7,bot49__7,reel39__5,986,N,False
7,reel25__5,reel45__0,987,N,False
7,bot37__5,bot41__0,987,N,False
7,bot36__7,234,987,N,False
7,bot44__5,234,987,N,False
7,reel24__6,247,987,N,False
7,reel24__6,reel35__7,987,N,False
7,reel20__6,bot44__0,987,N,False
7,reel20__8,reel12__8,987,N,False
7,reel20__8,reel41__3,987,N,False
7,reel20__8,bot47__8,987,N,False
7,reel27__7,bot47__8,987,N,False
7,reel1__1,bot16__2,987,N,False
7,reel8__4,bot30__0,987,N,False
7,reel8__4,bot36__1,987,N,False
7,reel8__4,reel36__6,987,N,False
7,reel8__4,reel41__1,987,N,False
7,bot29__6,2,987,N,False
7,20,2,987,N,False
7,reel38__9,226,987,N,False
7,20,226,987,N,False
7,reel45__8,326,987,N,False
7,137,326,987,N,False
7,20,326,987,N,False
7,20,343,987,N,False
7,reel0__0,reel8__1,987,N,False
7,bot48__0,reel8__1,987,N,False
7,bot48__0,bot32__0,987,N,False
7,337,bot32__0,987,N,False
7,reel23__8,reel37__0,987,N,False
7,reel23__8,bot39__5,987,N,False
7,reel27__7,bot39__5,987,N,False
7,bot4__7,131,987,N,False
7,bot4__7,bot13__4,987,N,False
7,bot22__4,bot11__9,987,N,False
7,23,245,987,N,False
7,reel28__9,245,987,N,False
7,reel15__5,reel37__8,987,N,False
7,reel15__5,bot49__5,987,N,False
7,bot8__1,bot33__3,987,N,False
7,bot5__8,243,987,N,False
7,reel5__5,243,987,N,False
7,reel13__4,243,987,N,False
7,137,243,987,N,False
7,337,243,987,N,False
7,255,reel22__0,987,N,False
7,255,bot26__1,987,N,False
7,bot28__0,bot26__1,987,N,False
7,255,reel44__6,987,N,False
7,340,reel44__6,987,N,False
7,bot28__5,bot42__5,987,N,False
7,bot31__5,bot42__5,987,N,False
7,23,267,987,N,False
7,bot3__1,267,987,N,False
7,reel4__1,reel36__1,987,N,False
7,reel4__9,bot7__3,987,N,False
7,reel1__7,bot7__3,987,N,False
7,reel27__6,reel17__1,987,N,False
7,reel1__7,reel17__1,987,N,False
7,reel11__0,reel18__9,987,N,False
7,reel1__7,reel18__9,987,N,False
7,reel21__7,bot28__3,987,N,False
7,191,reel10__4,987,N,False
7,reel38__4,reel44__1,987,N,False
7,reel43__5,reel24__3,987,N,False
7,reel27__7,reel24__3,987,N,False
7,reel43__5,bot49__3,987,N,False
7,bot38__6,70,987,N,False
7,bot38__6,bot5__5,987,N,False
7,23,124,987,N,False
7,bot17__3,bot31__4,987,N,False
7,23,bot31__4,987,N,False
7,bot23__9,reel4__5,987,N,False
7,196,reel4__5,987,N,False
7,bot7__2,reel4__5,987,N,False
7,bot23__9,bot27__7,987,N,False
7,bot15__0,bot27__7,987,N,False
7,196,reel20__3,987,N,False
7,reel32__8,reel20__3,987,N,False
7,196,reel44__9,987,N,False
7,reel23__9,reel44__9,987,N,False
7,reel0__7,reel24__1,987,N,False
7,reel44__7,reel35__5,987,N,False
7,181,152,987,N,False
7,reel0__3,152,987,N,False
7,bot13__2,bot24__8,987,N,False
7,bot19__9,bot17__1,987,N,False
7,reel5__5,bot35__7,987,N,False
7,328,reel7__7,987,N,False
7,reel48__6,reel23__3,987,N,False
7,bot15__0,bot47__1,987,N,False
7,187,bot3__8,987,N,False
7,187,reel31__8,987,N,False
7,reel17__5,reel31__8,987,N,False
7,bot5__1,71,987,N,False
7,reel3__0,71,987,N,False
7,bot40__3,reel10__7,987,N,False
7,bot26__4,reel10__7,987,N,False
7,reel21__5,reel20__9,987,N,False
7,337,reel20__9,987,N,False
7,340,reel44__4,987,N,False
7,reel2__9,bot15__1,987,N,False
7,319,147,987,N,False
7,319,6,987,N,False
7,reel30__7,bot42__2,987,N,False
7,316,reel7__5,987,N,False
7,316,bot22__7,987,N,False
7,316,reel46__6,987,N,False
7,reel0__0,91,987,N,False
7,reel0__0,reel38__3,987,N,False
7,reel34__0,bot35__8,987,N,False
7,137,140,987,N,False
7,137,17,987,N,False
7,reel3__0,reel29__2,987,N,False
7,reel0__2,bot2__2,987,N,False
7,317,reel1__3,987,N,False
7,33,reel7__2,987,N,False
7,bot17__3,321,987,N,False
7,bot21__7,reel6__9,987,N,False
7,reel17__7,reel46__3,987,N,False
7,reel31__7,bot41__5,987,N,False
7,bot43__2,bot32__3,987,N,False
7,reel0__3,reel4__4,987,N,False
7,reel0__3,reel5__7,987,N,False
7,bot12__6,bot18__3,987,N,False
7,reel28__3,bot48__4,987,N,False
7,reel30__0,bot40__9,987,N,False
7,reel15__9,bot27__5,987,N,False
7,reel15__9,bot38__8,987,N,False
7,reel14__8,reel30__2,987,N,False
7,bot45__9,bot39__1,987,N,False
7,reel8__6,bot29__3,988,N,False
7,reel8__6,reel33__1,988,N,False
7,144,312,988,N,False
7,reel18__5,312,988,N,False
7,bot34__1,312,988,N,False
7,243,312,988,N,False
7,116,312,988,N,False
7,140,312,988,N,False
7,296,bot6__5,988,N,False
7,296,bot13__0,988,N,False
7,296,bot40__6,988,N,False
7,243,137,988,N,False
7,140,137,988,N,False
7,144,17,988,N,False
7,reel8__2,17,988,N,False
7,116,17,988,N,False
7,140,17,988,N,False
7,reel5__0,214,988,N,False
7,116,214,988,N,False
7,140,214,988,N,False
7,bot32__8,bot23__8,988,N,False
7,reel10__7,bot40__3,988,N,False
7,reel5__0,20,988,N,False
7,reel5__0,bot22__0,988,N,False
7,reel8__2,reel16__6,988,N,False
7,bot21__9,reel16__6,988,N,False
7,bot11__8,93,988,N,False
7,reel18__4,reel25__7,988,N,False
7,reel27__6,reel34__8,988,N,False
7,bot3__0,bot49__0,988,N,False
7,144,343,988,N,False
7,116,343,988,N,False
7,144,reel31__2,988,N,False
7,reel30__6,reel31__2,988,N,False
7,144,reel44__0,988,N,False
7,83,bot8__2,988,N,False
7,181,218,988,N,False
7,328,218,988,N,False
7,195,218,988,N,False
7,181,4,988,N,False
7,328,4,988,N,False
7,195,4,988,N,False
7,181,bot22__6,988,N,False
7,181,reel26__6,988,N,False
7,181,bot39__0,988,N,False
7,283,bot6__4,988,N,False
7,175,reel28__9,988,N,False
7,245,reel28__9,988,N,False
7,175,bot31__6,988,N,False
7,reel41__1,reel46__1,988,N,False
7,reel48__5,reel1__8,988,N,False
7,bot21__9,bot20__1,988,N,False
7,61,193,988,N,False
7,reel17__3,reel23__0,988,N,False
7,reel17__3,bot38__3,988,N,False
7,reel14__5,bot16__1,988,N,False
7,reel5__2,reel6__4,988,N,False
7,195,reel37__6,988,N,False
7,bot32__9,bot13__1,988,N,False
7,bot32__9,32,988,N,False
7,243,reel19__5,988,N,False
7,116,2,988,N,False
7,116,reel17__4,988,N,False
7,328,reel17__4,988,N,False
7,107,bot14__8,988,N,False
7,bot45__7,bot23__0,988,N,False
7,264,bot49__1,988,N,False
7,bot26__0,183,988,N,False
7,107,bot14__8,991,N,True
7,bot18__7,bot47__1,994,N,True
7,bot43__9,reel42__3,997,N,True
7,reel33__9,reel38__0,997,N,True
8,reel21__6,reel26__0,980,N,False
8,reel32__5,reel26__0,980,N,False
8,reel11__4,93,980,N,False
8,reel30__5,310,980,N,False
8,reel10__1,bot11__8,980,N,False
8,reel10__1,bot44__2,980,N,False
8,reel4__4,bot11__0,980,N,False
8,bot9__6,bot6__6,980,N,False
8,259,193,980,N,False
8,8,193,980,N,False
8,326,137,980,N,False
8,326,reel10__5,980,N,False
8,326,reel45__8,980,N,False
8,47,reel19__2,980,N,False
8,47,bot24__6,980,N,False
8,102,reel37__6,980,N,False
8,reel22__1,reel20__5,980,N,False
8,reel22__1,202,980,N,False
8,bot34__9,reel13__4,980,N,False
8,bot34__9,bot7__3,980,N,False
8,reel38__7,35,980,N,False
8,reel38__7,bot46__4,980,N,False
8,reel28__1,reel40__9,980,N,False
8,225,reel24__7,980,N,False
8,reel23__3,bot31__3,980,N,False
8,reel11__6,bot44__9,980,N,False
8,reel41__1,reel46__1,980,N,False
8,8,bot0__9,980,N,False
8,reel35__6,71,980,N,False
8,97,bot23__7,983,N,False
8,bot45__6,bot31__2,985,N,False
8,bot32__3,bot43__2,985,N,False
8,reel10__1,bot44__2,985,N,False
8,bot48__1,bot13__5,985,N,False
8,bot49__3,reel43__5,985,N,False
8,reel20__8,reel26__2,986,N,False
8,198,reel26__2,986,N,False
8,reel8__2,bot34__8,986,N,False
8,reel8__2,bot35__5,986,N,False
8,reel39__5,34,986,N,False
8,reel1__1,bot16__2,986,N,False
8,reel1__1,reel35__3,986,N,False
8,bot18__0,bot13__2,986,N,False
8,reel39__7,reel37__7,986,N,False
8,reel46__9,70,986,N,False
8,bot25__1,bot39__6,986,N,False
8,131,225,987,N,False
8,131,bot25__3,987,N,False
8,343,reel14__2,987,N,False
8,bot35__8,reel8__3,987,N,False
8,70,reel8__3,987,N,False
8,bot35__7,reel29__3,987,N,False
8,147,bot7__8,987,N,False
8,reel4__5,bot7__8,987,N,False
8,bot47__1,reel15__4,987,N,False
8,147,reel15__4,987,N,False
8,reel7__2,reel9__5,987,N,False
8,reel6__9,reel9__5,987,N,False
8,reel36__1,reel9__5,987,N,False
8,reel20__9,reel42__3,987,N,False
8,124,157,987,N,False
8,reel30__2,259,987,N,False
8,245,259,987,N,False
8,91,259,987,N,False
8,267,reel30__5,987,N,False
8,bot38__8,reel17__6,987,N,False
8,bot26__1,reel18__3,987,N,False
8,226,reel18__3,987,N,False
8,226,reel20__0,987,N,False
8,bot41__5,reel20__0,987,N,False
8,17,reel8__2,987,N,False
8,reel4__4,bot11__0,987,N,False
8,326,reel10__5,987,N,False
8,reel7__5,reel10__5,987,N,False
8,326,reel28__2,987,N,False
8,71,reel32__6,987,N,False
8,reel5__7,193,987,N,False
8,91,193,987,N,False
8,91,bot26__6,987,N,False
8,bot35__8,bot16__5,987,N,False
8,321,bot16__7,987,N,False
8,321,bot30__7,987,N,False
8,321,reel32__9,987,N,False
8,245,reel10__9,987,N,False
8,reel6__9,reel36__3,987,N,False
8,reel6__9,bot40__8,987,N,False
8,reel12__8,reel30__6,987,N,False
8,reel20__3,reel30__6,987,N,False
8,reel20__3,reel31__1,987,N,False
8,reel20__3,bot45__5,987,N,False
8,reel37__8,198,987,N,False
8,bot32__3,198,987,N,False
8,reel5__7,reel14__7,987,N,False
8,reel38__3,reel18__8,987,N,False
8,reel7__5,reel18__8,987,N,False
8,reel38__3,bot47__7,987,N,False
8,reel44__6,reel47__2,987,N,False
8,bot22__7,bot25__8,987,N,False
8,reel37__0,reel28__6,987,N,False
8,reel37__0,reel43__2,987,N,False
8,reel37__0,bot49__0,987,N,False
8,reel7__7,reel10__6,987,N,False
8,reel7__5,reel10__6,987,N,False
8,bot36__1,bot15__5,987,N,False
8,bot36__1,bot47__5,987,N,False
8,bot49__3,bot48__8,987,N,False
8,bot24__8,bot29__3,987,N,False
8,reel12__8,reel9__1,987,N,False
8,reel12__8,reel38__5,987,N,False
8,reel10__7,reel35__0,987,N,False
8,reel29__2,reel34__9,987,N,False
8,bot11__9,bot4__9,987,N,False
8,reel10__4,reel26__5,987,N,False
8,bot30__0,bot26__5,987,N,False
8,2,bot29__6,988,N,False
8,343,bot12__5,988,N,False
8,reel1__8,bot10__1,988,N,False
8,bot23__0,reel7__2,988,N,False
8,183,bot41__3,988,N,False
8,bot6__5,bot16__8,988,N,False
8,bot6__5,bot49__7,988,N,False
8,93,reel3__0,988,N,False
8,bot49__0,reel37__0,988,N,False
8,reel26__6,bot43__7,988,N,False
8,reel17__4,reel43__3,988,N,False
8,bot20__1,reel15__2,988,N,False
8,reel6__4,bot8__3,988,N,False
9,reel19__2,reel13__5,980,N,False
9,35,reel34__5,980,N,False
9,bot11__8,139,980,N,False
9,bot31__3,bot43__0,980,N,False
9,93,reel3__0,980,N,False
9,71,reel3__0,980,N,False
9,71,bot5__1,980,N,False
9,reel20__5,reel29__3,980,N,False
9,93,32,980,N,False
9,137,32,980,N,False
9,310,32,980,N,False
9,202,bot25__5,980,N,False
9,137,243,980,N,False
9,310,243,980,N,False
9,reel13__4,243,980,N,False
9,reel10__5,reel7__5,980,N,False
9,reel10__5,bot45__7,980,N,False
9,bot7__3,bot10__3,980,N,False
9,bot7__3,bot17__9,980,N,False
9,reel13__4,bot24__1,980,N,False
9,bot31__2,reel10__2,985,N,False
9,bot31__2,bot6__0,985,N,False
9,reel43__5,reel24__3,985,N,False
9,reel35__3,46,986,N,False
9,34,bot14__3,986,N,False
9,bot39__6,bot40__0,986,N,False
9,70,bot38__6,986,N,False
9,70,reel40__3,986,N,False
9,bot34__8,bot30__7,986,N,False
9,reel26__2,reel28__5,986,N,False
9,reel9__5,reel27__8,987,N,False
9,bot45__5,bot17__4,987,N,False
9,reel47__2,reel39__0,987,N,False
9,reel14__2,reel39__0,987,N,False
9,reel26__5,reel39__0,987,N,False
9,bot25__8,bot24__4,987,N,False
9,bot25__8,bot12__8,987,N,False
9,reel20__0,reel10__2,987,N,False
9,193,reel23__0,987,N,False
9,reel10__6,bot20__7,987,N,False
9,reel10__6,reel33__3,987,N,False
9,bot49__0,bot34__0,987,N,False
9,225,68,987,N,False
9,reel10__5,bot45__7,987,N,False
9,157,bot10__1,987,N,False
9,157,bot24__6,987,N,False
9,bot16__5,bot13__0,987,N,False
9,reel14__2,bot38__3,987,N,False
9,reel43__2,reel33__5,987,N,False
9,bot49__7,reel39__5,988,N,False
9,bot16__8,192,988,N,False
9,bot10__1,157,988,N,False
9,bot43__7,reel35__5,988,N,False
9,bot43__7,bot17__0,988,N,False
9,reel7__2,reel9__5,988,N,False
9,reel15__2,reel9__5,988,N,False
10,reel7__5,316,980,N,False
10,bot10__3,reel4__7,980,N,False
10,reel29__3,reel27__5,980,N,False
10,243,reel19__5,980,N,False
10,bot24__1,bot37__6,980,N,False
10,bot45__7,bot23__0,980,N,False
10,bot5__1,bot36__5,980,N,False
10,139,197,980,N,False
10,reel3__0,reel29__2,980,N,False
10,reel10__2,reel29__1,985,N,False
10,bot38__6,reel6__4,986,N,False
10,reel27__8,bot38__0,987,N,False
10,bot34__0,bot42__1,987,N,False
10,68,263,987,N,False
10,reel10__2,reel29__1,987,N,False
10,reel9__5,reel34__9,988,N,False
10,reel39__5,34,988,N,False
11,reel29__2,reel34__9,980,N,False
11,bot36__5,reel13__3,980,N,False
11,bot36__5,bot45__9,980,N,False
11,316,bot9__4,980,N,False
11,316,bot22__7,980,N,False
11,reel4__7,bot30__4,980,N,False
11,reel6__4,reel28__3,986,N,False
12,bot22__7,bot25__8,980,N,False
12,reel28__3,bot48__4,986,N,False
13,bot48__4,bot15__6,986,N,False
