iteration,sender,receiver,news_id,news_party,news_veracity
0,bot4__0,reel1__9,80,N,False
0,bot4__0,329,80,N,False
0,bot4__2,bot3__9,82,N,False
0,bot4__4,140,84,N,False
0,bot4__5,reel3__1,85,N,False
0,bot4__5,283,85,N,False
0,bot4__5,reel3__0,85,N,False
0,bot4__6,229,86,N,False
0,bot4__7,131,87,N,False
0,bot4__8,bot1__5,88,N,False
0,bot4__8,49,88,N,False
0,bot4__9,156,89,N,False
0,reel4__0,79,90,N,True
0,reel4__0,201,90,N,True
0,reel4__1,83,91,N,True
0,reel4__1,93,91,N,True
0,reel4__2,reel0__8,92,N,True
0,reel4__2,83,92,N,True
0,reel4__2,278,92,N,True
0,reel4__3,291,93,N,True
0,reel4__3,181,93,N,True
0,reel4__4,111,94,N,True
0,reel4__5,196,95,N,True
0,reel4__5,42,95,N,True
0,reel4__5,82,95,N,True
0,reel4__6,242,96,N,True
0,reel4__6,203,96,N,True
0,reel4__6,295,96,N,True
0,reel4__7,181,97,N,True
0,reel4__8,116,98,N,True
0,reel4__8,112,98,N,True
0,reel4__8,62,98,N,True
0,reel4__9,218,99,N,True
0,reel4__9,69,99,N,True
1,reel1__9,100,80,N,False
1,reel1__9,132,80,N,False
1,329,130,80,N,False
1,329,184,80,N,False
1,329,269,80,N,False
1,329,119,80,N,False
1,329,106,80,N,False
1,329,315,80,N,False
1,329,16,80,N,False
1,329,308,80,N,False
1,329,202,80,N,False
1,329,320,80,N,False
1,329,172,80,N,False
1,329,284,80,N,False
1,329,72,80,N,False
1,329,231,80,N,False
1,329,0,80,N,False
1,bot3__9,328,82,N,False
1,bot3__9,327,82,N,False
1,140,137,84,N,False
1,140,115,84,N,False
1,140,28,84,N,False
1,283,118,85,N,False
1,283,228,85,N,False
1,reel3__0,71,85,N,False
1,229,119,86,N,False
1,131,99,87,N,False
1,bot1__5,156,88,N,False
1,bot1__5,160,88,N,False
1,49,255,88,N,False
1,49,241,88,N,False
1,156,67,89,N,False
1,156,188,89,N,False
1,156,122,89,N,False
1,156,258,89,N,False
1,156,bot1__5,89,N,False
1,201,8,90,N,True
1,201,91,90,N,True
1,79,271,90,N,True
1,79,188,90,N,True
1,79,9,90,N,True
1,79,67,90,N,True
1,79,252,90,N,True
1,79,25,90,N,True
1,79,200,90,N,True
1,79,119,90,N,True
1,79,272,90,N,True
1,79,185,90,N,True
1,93,167,91,N,True
1,93,310,91,N,True
1,93,337,91,N,True
1,93,137,91,N,True
1,93,111,91,N,True
1,93,41,91,N,True
1,93,0,91,N,True
1,83,0,91,N,True
1,93,reel3__0,91,N,True
1,83,23,91,N,True
1,83,25,91,N,True
1,83,31,91,N,True
1,83,237,91,N,True
1,reel0__8,42,92,N,True
1,reel0__8,202,92,N,True
1,reel0__8,260,92,N,True
1,278,175,92,N,True
1,278,177,92,N,True
1,278,86,92,N,True
1,278,143,92,N,True
1,278,225,92,N,True
1,278,46,92,N,True
1,278,99,92,N,True
1,278,131,92,N,True
1,278,227,92,N,True
1,278,bot3__0,92,N,True
1,83,25,92,N,True
1,83,51,92,N,True
1,83,84,92,N,True
1,181,195,93,N,True
1,181,152,93,N,True
1,181,218,93,N,True
1,181,275,93,N,True
1,181,273,93,N,True
1,181,328,93,N,True
1,181,78,93,N,True
1,181,306,93,N,True
1,291,252,93,N,True
1,291,329,93,N,True
1,291,10,93,N,True
1,291,224,93,N,True
1,291,332,93,N,True
1,291,31,93,N,True
1,291,213,93,N,True
1,291,315,93,N,True
1,291,188,93,N,True
1,291,199,93,N,True
1,291,169,93,N,True
1,291,158,93,N,True
1,291,168,93,N,True
1,291,277,93,N,True
1,291,113,93,N,True
1,291,98,93,N,True
1,291,248,93,N,True
1,291,271,93,N,True
1,291,231,93,N,True
1,291,bot0__2,93,N,True
1,291,reel3__1,93,N,True
1,111,343,94,N,True
1,111,279,94,N,True
1,111,137,94,N,True
1,111,310,94,N,True
1,111,44,94,N,True
1,111,20,94,N,True
1,111,214,94,N,True
1,111,326,94,N,True
1,111,0,94,N,True
1,82,65,95,N,True
1,82,169,95,N,True
1,82,231,95,N,True
1,82,211,95,N,True
1,82,238,95,N,True
1,82,203,95,N,True
1,82,331,95,N,True
1,82,158,95,N,True
1,82,118,95,N,True
1,82,56,95,N,True
1,82,84,95,N,True
1,82,148,95,N,True
1,82,119,95,N,True
1,82,170,95,N,True
1,82,199,95,N,True
1,82,59,95,N,True
1,82,268,95,N,True
1,82,313,95,N,True
1,82,67,95,N,True
1,196,67,95,N,True
1,82,16,95,N,True
1,82,29,95,N,True
1,82,222,95,N,True
1,82,0,95,N,True
1,42,0,95,N,True
1,196,0,95,N,True
1,196,249,95,N,True
1,196,194,95,N,True
1,196,266,95,N,True
1,196,346,95,N,True
1,196,330,95,N,True
1,196,285,95,N,True
1,196,92,95,N,True
1,196,254,95,N,True
1,42,33,95,N,True
1,42,reel1__8,95,N,True
1,42,bot2__1,95,N,True
1,203,332,96,N,True
1,203,9,96,N,True
1,295,9,96,N,True
1,203,25,96,N,True
1,203,223,96,N,True
1,203,313,96,N,True
1,203,271,96,N,True
1,203,265,96,N,True
1,203,272,96,N,True
1,203,59,96,N,True
1,203,161,96,N,True
1,203,55,96,N,True
1,203,65,96,N,True
1,203,98,96,N,True
1,203,211,96,N,True
1,203,297,96,N,True
1,203,67,96,N,True
1,203,82,96,N,True
1,203,239,96,N,True
1,295,239,96,N,True
1,203,331,96,N,True
1,203,338,96,N,True
1,203,304,96,N,True
1,203,238,96,N,True
1,203,170,96,N,True
1,203,268,96,N,True
1,203,308,96,N,True
1,203,118,96,N,True
1,203,122,96,N,True
1,203,342,96,N,True
1,203,134,96,N,True
1,203,113,96,N,True
1,203,29,96,N,True
1,203,341,96,N,True
1,203,119,96,N,True
1,203,172,96,N,True
1,203,142,96,N,True
1,203,40,96,N,True
1,203,128,96,N,True
1,203,0,96,N,True
1,295,0,96,N,True
1,242,0,96,N,True
1,295,212,96,N,True
1,295,258,96,N,True
1,295,bot1__5,96,N,True
1,242,194,96,N,True
1,242,92,96,N,True
1,242,330,96,N,True
1,242,266,96,N,True
1,242,249,96,N,True
1,242,180,96,N,True
1,242,24,96,N,True
1,242,254,96,N,True
1,242,132,96,N,True
1,242,302,96,N,True
1,242,94,96,N,True
1,242,88,96,N,True
1,242,187,96,N,True
1,181,195,97,N,True
1,181,152,97,N,True
1,181,218,97,N,True
1,181,275,97,N,True
1,181,273,97,N,True
1,181,328,97,N,True
1,181,78,97,N,True
1,181,0,97,N,True
1,112,19,98,N,True
1,112,0,98,N,True
1,116,0,98,N,True
1,62,0,98,N,True
1,116,23,98,N,True
1,116,14,98,N,True
1,116,214,98,N,True
1,116,226,98,N,True
1,116,115,98,N,True
1,116,343,98,N,True
1,116,2,98,N,True
1,62,133,98,N,True
1,62,323,98,N,True
1,62,276,98,N,True
1,62,67,98,N,True
1,62,142,98,N,True
1,62,186,98,N,True
1,62,322,98,N,True
1,62,223,98,N,True
1,62,341,98,N,True
1,62,26,98,N,True
1,62,122,98,N,True
1,62,318,98,N,True
1,62,130,98,N,True
1,62,98,98,N,True
1,62,261,98,N,True
1,62,96,98,N,True
1,69,67,99,N,True
1,69,26,99,N,True
1,69,25,99,N,True
1,69,236,99,N,True
1,69,105,99,N,True
1,69,121,99,N,True
1,69,39,99,N,True
1,69,0,99,N,True
1,218,0,99,N,True
1,218,78,99,N,True
1,218,275,99,N,True
1,218,328,99,N,True
1,218,181,99,N,True
1,218,273,99,N,True
1,218,195,99,N,True
1,218,4,99,N,True
1,218,306,99,N,True
1,218,reel2__0,99,N,True
2,202,bot0__4,80,N,False
2,202,reel0__8,80,N,False
2,0,300,80,N,False
2,130,300,80,N,False
2,320,300,80,N,False
2,0,88,80,N,False
2,130,88,80,N,False
2,106,88,80,N,False
2,0,53,80,N,False
2,130,53,80,N,False
2,315,53,80,N,False
2,231,213,80,N,False
2,130,213,80,N,False
2,315,213,80,N,False
2,0,213,80,N,False
2,308,213,80,N,False
2,130,277,80,N,False
2,315,277,80,N,False
2,172,277,80,N,False
2,132,277,80,N,False
2,0,277,80,N,False
2,119,277,80,N,False
2,308,277,80,N,False
2,130,bot2__4,80,N,False
2,231,29,80,N,False
2,106,29,80,N,False
2,172,29,80,N,False
2,16,29,80,N,False
2,0,29,80,N,False
2,0,169,80,N,False
2,106,169,80,N,False
2,315,169,80,N,False
2,0,238,80,N,False
2,106,238,80,N,False
2,172,238,80,N,False
2,0,345,80,N,False
2,315,345,80,N,False
2,0,303,80,N,False
2,315,303,80,N,False
2,132,303,80,N,False
2,0,80,80,N,False
2,315,80,80,N,False
2,320,80,80,N,False
2,0,285,80,N,False
2,315,285,80,N,False
2,119,285,80,N,False
2,0,188,80,N,False
2,315,188,80,N,False
2,119,188,80,N,False
2,0,249,80,N,False
2,315,249,80,N,False
2,0,170,80,N,False
2,315,170,80,N,False
2,119,170,80,N,False
2,0,133,80,N,False
2,315,133,80,N,False
2,0,94,80,N,False
2,315,94,80,N,False
2,320,94,80,N,False
2,0,98,80,N,False
2,315,98,80,N,False
2,119,98,80,N,False
2,172,98,80,N,False
2,0,128,80,N,False
2,315,128,80,N,False
2,119,128,80,N,False
2,172,128,80,N,False
2,0,121,80,N,False
2,315,121,80,N,False
2,0,211,80,N,False
2,315,211,80,N,False
2,172,211,80,N,False
2,0,339,80,N,False
2,315,339,80,N,False
2,119,339,80,N,False
2,0,122,80,N,False
2,315,122,80,N,False
2,119,122,80,N,False
2,284,122,80,N,False
2,315,21,80,N,False
2,0,21,80,N,False
2,184,21,80,N,False
2,119,21,80,N,False
2,308,21,80,N,False
2,284,21,80,N,False
2,0,77,80,N,False
2,231,77,80,N,False
2,231,bot1__9,80,N,False
2,231,bot4__2,80,N,False
2,172,331,80,N,False
2,0,331,80,N,False
2,119,331,80,N,False
2,16,331,80,N,False
2,172,118,80,N,False
2,0,118,80,N,False
2,16,118,80,N,False
2,0,342,80,N,False
2,119,342,80,N,False
2,172,342,80,N,False
2,0,141,80,N,False
2,72,141,80,N,False
2,172,141,80,N,False
2,0,13,80,N,False
2,119,13,80,N,False
2,172,13,80,N,False
2,0,325,80,N,False
2,119,325,80,N,False
2,172,325,80,N,False
2,0,103,80,N,False
2,172,103,80,N,False
2,0,268,80,N,False
2,172,268,80,N,False
2,172,reel1__6,80,N,False
2,269,reel3__2,80,N,False
2,0,127,80,N,False
2,184,127,80,N,False
2,320,127,80,N,False
2,284,127,80,N,False
2,0,36,80,N,False
2,184,36,80,N,False
2,320,36,80,N,False
2,284,36,80,N,False
2,0,281,80,N,False
2,184,281,80,N,False
2,320,281,80,N,False
2,284,281,80,N,False
2,0,309,80,N,False
2,184,309,80,N,False
2,320,309,80,N,False
2,284,309,80,N,False
2,0,24,80,N,False
2,0,65,80,N,False
2,0,276,80,N,False
2,0,46,80,N,False
2,0,254,80,N,False
2,0,194,80,N,False
2,0,23,80,N,False
2,0,57,80,N,False
2,320,57,80,N,False
2,184,57,80,N,False
2,0,200,80,N,False
2,119,200,80,N,False
2,72,200,80,N,False
2,0,63,80,N,False
2,0,275,80,N,False
2,0,273,80,N,False
2,0,20,80,N,False
2,0,307,80,N,False
2,0,207,80,N,False
2,0,341,80,N,False
2,0,109,80,N,False
2,119,109,80,N,False
2,0,64,80,N,False
2,100,64,80,N,False
2,119,64,80,N,False
2,0,217,80,N,False
2,100,217,80,N,False
2,119,217,80,N,False
2,0,126,80,N,False
2,0,290,80,N,False
2,0,146,80,N,False
2,119,146,80,N,False
2,0,326,80,N,False
2,0,85,80,N,False
2,0,137,80,N,False
2,0,343,80,N,False
2,0,104,80,N,False
2,0,171,80,N,False
2,119,171,80,N,False
2,0,111,80,N,False
2,0,14,80,N,False
2,0,310,80,N,False
2,0,92,80,N,False
2,0,230,80,N,False
2,0,70,80,N,False
2,0,10,80,N,False
2,0,196,80,N,False
2,0,156,80,N,False
2,0,174,80,N,False
2,0,42,80,N,False
2,0,338,80,N,False
2,308,338,80,N,False
2,0,19,80,N,False
2,0,75,80,N,False
2,0,218,80,N,False
2,0,314,80,N,False
2,0,195,80,N,False
2,0,99,80,N,False
2,0,318,80,N,False
2,119,318,80,N,False
2,0,306,80,N,False
2,0,180,80,N,False
2,0,60,80,N,False
2,0,167,80,N,False
2,0,227,80,N,False
2,0,143,80,N,False
2,0,41,80,N,False
2,0,235,80,N,False
2,0,89,80,N,False
2,0,301,80,N,False
2,0,337,80,N,False
2,0,264,80,N,False
2,0,86,80,N,False
2,0,148,80,N,False
2,119,148,80,N,False
2,0,160,80,N,False
2,0,321,80,N,False
2,0,68,80,N,False
2,0,131,80,N,False
2,0,220,80,N,False
2,0,151,80,N,False
2,0,327,80,N,False
2,0,95,80,N,False
2,0,247,80,N,False
2,0,282,80,N,False
2,0,244,80,N,False
2,0,319,80,N,False
2,0,233,80,N,False
2,0,256,80,N,False
2,0,229,80,N,False
2,119,229,80,N,False
2,0,164,80,N,False
2,0,241,80,N,False
2,0,294,80,N,False
2,0,253,80,N,False
2,0,267,80,N,False
2,0,205,80,N,False
2,0,47,80,N,False
2,0,183,80,N,False
2,0,52,80,N,False
2,184,bot4__7,80,N,False
2,327,89,82,N,False
2,328,273,82,N,False
2,328,306,82,N,False
2,328,275,82,N,False
2,328,218,82,N,False
2,28,310,84,N,False
2,137,310,84,N,False
2,28,151,84,N,False
2,28,bot2__0,84,N,False
2,137,167,84,N,False
2,137,111,84,N,False
2,137,93,84,N,False
2,115,343,84,N,False
2,115,19,84,N,False
2,115,220,84,N,False
2,71,230,85,N,False
2,118,325,85,N,False
2,118,134,85,N,False
2,118,161,85,N,False
2,118,268,85,N,False
2,118,211,85,N,False
2,118,331,85,N,False
2,118,200,85,N,False
2,118,29,85,N,False
2,118,322,85,N,False
2,118,222,85,N,False
2,118,172,85,N,False
2,118,342,85,N,False
2,118,65,85,N,False
2,118,277,85,N,False
2,118,98,85,N,False
2,118,265,85,N,False
2,118,238,85,N,False
2,118,59,85,N,False
2,119,339,86,N,False
2,119,171,86,N,False
2,119,39,86,N,False
2,119,285,86,N,False
2,119,332,86,N,False
2,119,329,86,N,False
2,119,318,86,N,False
2,119,185,86,N,False
2,119,313,86,N,False
2,119,217,86,N,False
2,119,67,86,N,False
2,119,239,86,N,False
2,119,269,86,N,False
2,119,82,86,N,False
2,119,26,86,N,False
2,119,64,86,N,False
2,119,132,86,N,False
2,119,189,86,N,False
2,119,331,86,N,False
2,119,27,86,N,False
2,119,203,86,N,False
2,119,277,86,N,False
2,119,100,86,N,False
2,119,79,86,N,False
2,119,105,86,N,False
2,119,146,86,N,False
2,99,175,87,N,False
2,99,68,87,N,False
2,99,102,87,N,False
2,241,bot4__1,88,N,False
2,156,85,88,N,False
2,156,67,88,N,False
2,156,188,88,N,False
2,156,122,88,N,False
2,156,272,88,N,False
2,156,235,88,N,False
2,156,bot2__1,88,N,False
2,156,bot4__9,88,N,False
2,160,260,88,N,False
2,122,161,89,N,False
2,258,161,89,N,False
2,67,161,89,N,False
2,258,40,89,N,False
2,67,40,89,N,False
2,122,342,89,N,False
2,188,342,89,N,False
2,67,342,89,N,False
2,67,69,89,N,False
2,122,142,89,N,False
2,188,142,89,N,False
2,67,142,89,N,False
2,67,196,89,N,False
2,122,109,89,N,False
2,67,109,89,N,False
2,122,104,89,N,False
2,188,104,89,N,False
2,67,104,89,N,False
2,122,332,89,N,False
2,67,332,89,N,False
2,67,265,89,N,False
2,122,325,89,N,False
2,67,325,89,N,False
2,67,134,89,N,False
2,122,26,89,N,False
2,188,26,89,N,False
2,67,26,89,N,False
2,122,280,89,N,False
2,188,280,89,N,False
2,67,280,89,N,False
2,122,3,89,N,False
2,188,3,89,N,False
2,67,3,89,N,False
2,122,344,89,N,False
2,67,344,89,N,False
2,67,72,89,N,False
2,122,21,89,N,False
2,188,21,89,N,False
2,67,21,89,N,False
2,122,261,89,N,False
2,67,261,89,N,False
2,188,185,89,N,False
2,67,185,89,N,False
2,67,10,89,N,False
2,122,170,89,N,False
2,188,170,89,N,False
2,67,170,89,N,False
2,67,199,89,N,False
2,67,82,89,N,False
2,67,118,89,N,False
2,122,274,89,N,False
2,188,274,89,N,False
2,122,276,89,N,False
2,122,232,89,N,False
2,122,281,89,N,False
2,bot1__5,160,89,N,False
2,bot1__5,bot4__8,89,N,False
2,188,208,89,N,False
2,188,bot1__1,89,N,False
2,8,193,90,N,True
2,91,193,90,N,True
2,9,176,90,N,True
2,119,176,90,N,True
2,25,176,90,N,True
2,188,176,90,N,True
2,271,176,90,N,True
2,25,105,90,N,True
2,119,105,90,N,True
2,9,105,90,N,True
2,272,105,90,N,True
2,9,203,90,N,True
2,200,203,90,N,True
2,67,203,90,N,True
2,119,203,90,N,True
2,25,203,90,N,True
2,271,203,90,N,True
2,272,203,90,N,True
2,252,322,90,N,True
2,9,322,90,N,True
2,200,322,90,N,True
2,185,322,90,N,True
2,67,322,90,N,True
2,25,322,90,N,True
2,188,322,90,N,True
2,271,322,90,N,True
2,9,323,90,N,True
2,200,323,90,N,True
2,67,323,90,N,True
2,119,323,90,N,True
2,25,323,90,N,True
2,188,323,90,N,True
2,271,323,90,N,True
2,9,258,90,N,True
2,188,258,90,N,True
2,272,258,90,N,True
2,271,186,90,N,True
2,252,186,90,N,True
2,9,186,90,N,True
2,200,186,90,N,True
2,67,186,90,N,True
2,25,186,90,N,True
2,188,186,90,N,True
2,272,186,90,N,True
2,9,231,90,N,True
2,25,231,90,N,True
2,271,304,90,N,True
2,252,304,90,N,True
2,9,304,90,N,True
2,200,304,90,N,True
2,67,304,90,N,True
2,188,304,90,N,True
2,272,304,90,N,True
2,271,21,90,N,True
2,252,21,90,N,True
2,9,21,90,N,True
2,200,21,90,N,True
2,67,21,90,N,True
2,119,21,90,N,True
2,25,21,90,N,True
2,188,21,90,N,True
2,272,21,90,N,True
2,271,30,90,N,True
2,9,30,90,N,True
2,188,30,90,N,True
2,200,30,90,N,True
2,271,56,90,N,True
2,252,56,90,N,True
2,9,56,90,N,True
2,200,56,90,N,True
2,67,56,90,N,True
2,185,56,90,N,True
2,119,56,90,N,True
2,25,56,90,N,True
2,188,56,90,N,True
2,272,56,90,N,True
2,252,334,90,N,True
2,9,334,90,N,True
2,200,334,90,N,True
2,67,334,90,N,True
2,188,334,90,N,True
2,271,297,90,N,True
2,252,297,90,N,True
2,9,297,90,N,True
2,200,297,90,N,True
2,67,297,90,N,True
2,185,297,90,N,True
2,119,297,90,N,True
2,25,297,90,N,True
2,188,297,90,N,True
2,272,297,90,N,True
2,271,85,90,N,True
2,9,85,90,N,True
2,188,85,90,N,True
2,272,85,90,N,True
2,252,199,90,N,True
2,9,199,90,N,True
2,200,199,90,N,True
2,67,199,90,N,True
2,119,199,90,N,True
2,25,199,90,N,True
2,271,199,90,N,True
2,271,280,90,N,True
2,252,280,90,N,True
2,9,280,90,N,True
2,200,280,90,N,True
2,67,280,90,N,True
2,185,280,90,N,True
2,119,280,90,N,True
2,25,280,90,N,True
2,188,280,90,N,True
2,272,280,90,N,True
2,252,161,90,N,True
2,9,161,90,N,True
2,67,161,90,N,True
2,271,161,90,N,True
2,188,156,90,N,True
2,9,156,90,N,True
2,67,156,90,N,True
2,272,156,90,N,True
2,252,66,90,N,True
2,9,66,90,N,True
2,67,66,90,N,True
2,25,232,90,N,True
2,9,232,90,N,True
2,271,232,90,N,True
2,200,232,90,N,True
2,271,285,90,N,True
2,252,285,90,N,True
2,9,285,90,N,True
2,200,285,90,N,True
2,67,285,90,N,True
2,185,285,90,N,True
2,119,285,90,N,True
2,25,285,90,N,True
2,188,285,90,N,True
2,272,285,90,N,True
2,252,72,90,N,True
2,9,72,90,N,True
2,200,72,90,N,True
2,67,72,90,N,True
2,25,72,90,N,True
2,271,72,90,N,True
2,272,72,90,N,True
2,252,134,90,N,True
2,9,134,90,N,True
2,67,134,90,N,True
2,252,315,90,N,True
2,9,315,90,N,True
2,67,315,90,N,True
2,185,315,90,N,True
2,188,315,90,N,True
2,271,315,90,N,True
2,9,148,90,N,True
2,185,148,90,N,True
2,119,148,90,N,True
2,25,148,90,N,True
2,271,148,90,N,True
2,272,148,90,N,True
2,9,69,90,N,True
2,67,69,90,N,True
2,25,69,90,N,True
2,9,141,90,N,True
2,272,141,90,N,True
2,67,141,90,N,True
2,25,141,90,N,True
2,271,141,90,N,True
2,271,122,90,N,True
2,252,122,90,N,True
2,9,122,90,N,True
2,200,122,90,N,True
2,67,122,90,N,True
2,119,122,90,N,True
2,25,122,90,N,True
2,188,122,90,N,True
2,272,122,90,N,True
2,9,bot3__1,90,N,True
2,9,bot3__4,90,N,True
2,252,332,90,N,True
2,200,332,90,N,True
2,67,332,90,N,True
2,119,332,90,N,True
2,25,332,90,N,True
2,271,332,90,N,True
2,119,248,90,N,True
2,252,248,90,N,True
2,67,248,90,N,True
2,200,248,90,N,True
2,252,338,90,N,True
2,271,239,90,N,True
2,252,239,90,N,True
2,200,239,90,N,True
2,67,239,90,N,True
2,119,239,90,N,True
2,25,239,90,N,True
2,188,239,90,N,True
2,272,239,90,N,True
2,252,250,90,N,True
2,252,325,90,N,True
2,200,325,90,N,True
2,67,325,90,N,True
2,119,325,90,N,True
2,25,325,90,N,True
2,271,325,90,N,True
2,252,13,90,N,True
2,67,13,90,N,True
2,119,13,90,N,True
2,188,13,90,N,True
2,271,13,90,N,True
2,252,172,90,N,True
2,271,172,90,N,True
2,252,65,90,N,True
2,25,65,90,N,True
2,252,103,90,N,True
2,200,103,90,N,True
2,185,103,90,N,True
2,25,103,90,N,True
2,271,103,90,N,True
2,252,59,90,N,True
2,271,59,90,N,True
2,119,82,90,N,True
2,252,82,90,N,True
2,67,82,90,N,True
2,271,82,90,N,True
2,252,265,90,N,True
2,67,265,90,N,True
2,271,265,90,N,True
2,119,313,90,N,True
2,252,313,90,N,True
2,67,313,90,N,True
2,271,313,90,N,True
2,252,212,90,N,True
2,67,212,90,N,True
2,271,212,90,N,True
2,119,324,90,N,True
2,252,324,90,N,True
2,67,324,90,N,True
2,200,324,90,N,True
2,252,98,90,N,True
2,200,98,90,N,True
2,67,98,90,N,True
2,119,98,90,N,True
2,25,98,90,N,True
2,271,98,90,N,True
2,272,98,90,N,True
2,252,308,90,N,True
2,67,308,90,N,True
2,271,118,90,N,True
2,252,118,90,N,True
2,67,118,90,N,True
2,200,118,90,N,True
2,252,104,90,N,True
2,200,104,90,N,True
2,67,104,90,N,True
2,25,104,90,N,True
2,188,104,90,N,True
2,271,104,90,N,True
2,252,345,90,N,True
2,67,345,90,N,True
2,185,55,90,N,True
2,252,55,90,N,True
2,67,55,90,N,True
2,200,55,90,N,True
2,252,238,90,N,True
2,271,238,90,N,True
2,200,40,90,N,True
2,272,40,90,N,True
2,67,40,90,N,True
2,25,40,90,N,True
2,271,40,90,N,True
2,25,39,90,N,True
2,119,39,90,N,True
2,200,39,90,N,True
2,67,45,90,N,True
2,200,45,90,N,True
2,188,165,90,N,True
2,200,165,90,N,True
2,188,274,90,N,True
2,185,274,90,N,True
2,200,274,90,N,True
2,67,10,90,N,True
2,200,10,90,N,True
2,272,159,90,N,True
2,272,346,90,N,True
2,272,197,90,N,True
2,67,213,90,N,True
2,272,213,90,N,True
2,272,320,90,N,True
2,272,281,90,N,True
2,272,127,90,N,True
2,272,184,90,N,True
2,272,178,90,N,True
2,67,196,90,N,True
2,67,136,90,N,True
2,185,290,90,N,True
2,67,290,90,N,True
2,25,290,90,N,True
2,188,290,90,N,True
2,271,290,90,N,True
2,185,344,90,N,True
2,67,344,90,N,True
2,67,303,90,N,True
2,67,158,90,N,True
2,25,158,90,N,True
2,119,48,90,N,True
2,271,48,90,N,True
2,119,171,90,N,True
2,119,54,90,N,True
2,119,318,90,N,True
2,271,318,90,N,True
2,119,217,90,N,True
2,119,125,90,N,True
2,119,208,90,N,True
2,188,208,90,N,True
2,119,269,90,N,True
2,119,64,90,N,True
2,119,50,90,N,True
2,119,1,90,N,True
2,119,150,90,N,True
2,119,331,90,N,True
2,271,331,90,N,True
2,25,331,90,N,True
2,119,163,90,N,True
2,119,229,90,N,True
2,119,100,90,N,True
2,119,146,90,N,True
2,91,reel0__0,90,N,True
2,25,83,90,N,True
2,25,288,90,N,True
2,25,76,90,N,True
2,25,88,90,N,True
2,25,336,90,N,True
2,25,51,90,N,True
2,25,283,90,N,True
2,25,84,90,N,True
2,25,73,90,N,True
2,25,270,90,N,True
2,25,221,90,N,True
2,25,246,90,N,True
2,188,bot1__1,90,N,True
2,271,268,90,N,True
2,271,314,90,N,True
2,271,63,90,N,True
2,0,343,91,N,True
2,111,343,91,N,True
2,41,343,91,N,True
2,0,279,91,N,True
2,111,279,91,N,True
2,0,312,91,N,True
2,137,312,91,N,True
2,111,312,91,N,True
2,41,312,91,N,True
2,0,44,91,N,True
2,111,44,91,N,True
2,41,44,91,N,True
2,0,20,91,N,True
2,111,20,91,N,True
2,41,20,91,N,True
2,0,214,91,N,True
2,137,214,91,N,True
2,111,214,91,N,True
2,41,214,91,N,True
2,0,28,91,N,True
2,41,28,91,N,True
2,310,28,91,N,True
2,0,151,91,N,True
2,41,151,91,N,True
2,310,151,91,N,True
2,310,243,91,N,True
2,0,243,91,N,True
2,41,243,91,N,True
2,137,243,91,N,True
2,337,243,91,N,True
2,167,243,91,N,True
2,0,14,91,N,True
2,41,14,91,N,True
2,310,14,91,N,True
2,0,236,91,N,True
2,25,236,91,N,True
2,0,122,91,N,True
2,31,122,91,N,True
2,25,122,91,N,True
2,0,285,91,N,True
2,25,285,91,N,True
2,0,24,91,N,True
2,0,346,91,N,True
2,0,271,91,N,True
2,25,271,91,N,True
2,0,9,91,N,True
2,25,9,91,N,True
2,0,130,91,N,True
2,25,130,91,N,True
2,0,329,91,N,True
2,0,204,91,N,True
2,0,332,91,N,True
2,25,332,91,N,True
2,0,82,91,N,True
2,0,65,91,N,True
2,25,65,91,N,True
2,0,26,91,N,True
2,25,26,91,N,True
2,0,199,91,N,True
2,25,199,91,N,True
2,0,133,91,N,True
2,0,62,91,N,True
2,0,239,91,N,True
2,25,239,91,N,True
2,0,322,91,N,True
2,25,322,91,N,True
2,0,3,91,N,True
2,25,3,91,N,True
2,0,175,91,N,True
2,23,175,91,N,True
2,0,56,91,N,True
2,25,56,91,N,True
2,0,254,91,N,True
2,0,231,91,N,True
2,25,231,91,N,True
2,0,127,91,N,True
2,0,135,91,N,True
2,0,116,91,N,True
2,23,116,91,N,True
2,41,116,91,N,True
2,0,299,91,N,True
2,0,288,91,N,True
2,25,288,91,N,True
2,0,315,91,N,True
2,0,119,91,N,True
2,25,119,91,N,True
2,0,323,91,N,True
2,25,323,91,N,True
2,0,98,91,N,True
2,25,98,91,N,True
2,0,313,91,N,True
2,0,63,91,N,True
2,0,344,91,N,True
2,0,118,91,N,True
2,0,325,91,N,True
2,25,325,91,N,True
2,0,277,91,N,True
2,31,277,91,N,True
2,25,277,91,N,True
2,0,134,91,N,True
2,0,270,91,N,True
2,25,270,91,N,True
2,0,76,91,N,True
2,25,76,91,N,True
2,0,223,91,N,True
2,0,88,91,N,True
2,25,88,91,N,True
2,0,21,91,N,True
2,31,21,91,N,True
2,25,21,91,N,True
2,0,339,91,N,True
2,31,339,91,N,True
2,0,108,91,N,True
2,0,169,91,N,True
2,25,169,91,N,True
2,0,275,91,N,True
2,0,273,91,N,True
2,0,242,91,N,True
2,0,307,91,N,True
2,0,71,91,N,True
2,reel3__0,71,91,N,True
2,0,207,91,N,True
2,0,168,91,N,True
2,31,168,91,N,True
2,0,308,91,N,True
2,31,308,91,N,True
2,0,128,91,N,True
2,0,334,91,N,True
2,0,238,91,N,True
2,0,265,91,N,True
2,0,78,91,N,True
2,0,345,91,N,True
2,0,317,91,N,True
2,0,158,91,N,True
2,25,158,91,N,True
2,0,38,91,N,True
2,0,302,91,N,True
2,0,27,91,N,True
2,0,139,91,N,True
2,0,291,91,N,True
2,31,291,91,N,True
2,25,291,91,N,True
2,0,142,91,N,True
2,31,142,91,N,True
2,0,232,91,N,True
2,25,232,91,N,True
2,0,64,91,N,True
2,0,248,91,N,True
2,0,126,91,N,True
2,0,261,91,N,True
2,0,283,91,N,True
2,25,283,91,N,True
2,0,144,91,N,True
2,23,144,91,N,True
2,41,144,91,N,True
2,0,290,91,N,True
2,25,290,91,N,True
2,0,342,91,N,True
2,0,146,91,N,True
2,0,300,91,N,True
2,0,94,91,N,True
2,25,94,91,N,True
2,0,184,91,N,True
2,0,159,91,N,True
2,0,149,91,N,True
2,0,59,91,N,True
2,0,80,91,N,True
2,0,161,91,N,True
2,0,66,91,N,True
2,0,136,91,N,True
2,0,7,91,N,True
2,31,7,91,N,True
2,0,49,91,N,True
2,0,320,91,N,True
2,0,85,91,N,True
2,0,246,91,N,True
2,25,246,91,N,True
2,0,284,91,N,True
2,0,115,91,N,True
2,137,115,91,N,True
2,41,115,91,N,True
2,0,297,91,N,True
2,25,297,91,N,True
2,0,185,91,N,True
2,25,185,91,N,True
2,0,104,91,N,True
2,25,104,91,N,True
2,0,171,91,N,True
2,0,222,91,N,True
2,0,72,91,N,True
2,25,72,91,N,True
2,0,40,91,N,True
2,25,40,91,N,True
2,0,125,91,N,True
2,0,212,91,N,True
2,0,278,91,N,True
2,0,340,91,N,True
2,0,311,91,N,True
2,0,309,91,N,True
2,0,330,91,N,True
2,0,230,91,N,True
2,23,230,91,N,True
2,41,230,91,N,True
2,0,16,91,N,True
2,0,249,91,N,True
2,0,39,91,N,True
2,25,39,91,N,True
2,0,55,91,N,True
2,0,228,91,N,True
2,0,69,91,N,True
2,25,69,91,N,True
2,0,113,91,N,True
2,25,113,91,N,True
2,0,258,91,N,True
2,0,257,91,N,True
2,25,257,91,N,True
2,0,196,91,N,True
2,0,303,91,N,True
2,0,286,91,N,True
2,0,293,91,N,True
2,0,33,91,N,True
2,0,347,91,N,True
2,0,2,91,N,True
2,0,281,91,N,True
2,0,263,91,N,True
2,0,338,91,N,True
2,31,338,91,N,True
2,0,162,91,N,True
2,0,19,91,N,True
2,41,19,91,N,True
2,0,75,91,N,True
2,0,218,91,N,True
2,0,268,91,N,True
2,0,314,91,N,True
2,0,5,91,N,True
2,0,192,91,N,True
2,0,181,91,N,True
2,0,245,91,N,True
2,23,245,91,N,True
2,0,129,91,N,True
2,31,129,91,N,True
2,0,328,91,N,True
2,0,331,91,N,True
2,25,331,91,N,True
2,0,150,91,N,True
2,0,101,91,N,True
2,0,99,91,N,True
2,23,99,91,N,True
2,0,318,91,N,True
2,0,163,91,N,True
2,0,173,91,N,True
2,0,165,91,N,True
2,0,87,91,N,True
2,0,189,91,N,True
2,0,60,91,N,True
2,0,45,91,N,True
2,0,58,91,N,True
2,0,269,91,N,True
2,0,227,91,N,True
2,23,227,91,N,True
2,0,96,91,N,True
2,0,91,91,N,True
2,0,61,91,N,True
2,23,61,91,N,True
2,0,235,91,N,True
2,0,6,91,N,True
2,0,89,91,N,True
2,0,107,91,N,True
2,0,79,91,N,True
2,25,79,91,N,True
2,0,132,91,N,True
2,0,221,91,N,True
2,25,221,91,N,True
2,0,301,91,N,True
2,0,250,91,N,True
2,0,106,91,N,True
2,0,29,91,N,True
2,0,100,91,N,True
2,0,110,91,N,True
2,0,264,91,N,True
2,0,86,91,N,True
2,0,152,91,N,True
2,0,148,91,N,True
2,25,148,91,N,True
2,0,289,91,N,True
2,137,289,91,N,True
2,0,260,91,N,True
2,0,160,91,N,True
2,0,321,91,N,True
2,0,68,91,N,True
2,0,22,91,N,True
2,0,298,91,N,True
2,0,262,91,N,True
2,0,220,91,N,True
2,0,50,91,N,True
2,0,193,91,N,True
2,0,124,91,N,True
2,23,124,91,N,True
2,0,90,91,N,True
2,0,179,91,N,True
2,0,216,91,N,True
2,0,145,91,N,True
2,0,327,91,N,True
2,0,247,91,N,True
2,0,190,91,N,True
2,23,190,91,N,True
2,0,244,91,N,True
2,0,319,91,N,True
2,0,233,91,N,True
2,0,256,91,N,True
2,0,166,91,N,True
2,0,202,91,N,True
2,0,155,91,N,True
2,23,155,91,N,True
2,0,191,91,N,True
2,0,147,91,N,True
2,0,206,91,N,True
2,0,229,91,N,True
2,0,138,91,N,True
2,0,164,91,N,True
2,0,219,91,N,True
2,0,305,91,N,True
2,0,153,91,N,True
2,0,154,91,N,True
2,0,198,91,N,True
2,0,182,91,N,True
2,0,336,91,N,True
2,25,336,91,N,True
2,0,241,91,N,True
2,0,294,91,N,True
2,0,267,91,N,True
2,23,267,91,N,True
2,0,316,91,N,True
2,0,205,91,N,True
2,0,183,91,N,True
2,0,52,91,N,True
2,0,35,91,N,True
2,0,reel3__5,91,N,True
2,reel3__0,bot4__5,91,N,True
2,202,166,92,N,True
2,202,173,92,N,True
2,202,bot0__0,92,N,True
2,202,bot0__4,92,N,True
2,131,bot4__7,92,N,True
2,51,bot3__1,92,N,True
2,42,33,92,N,True
2,42,reel1__8,92,N,True
2,42,bot2__1,92,N,True
2,175,296,92,N,True
2,227,296,92,N,True
2,99,296,92,N,True
2,99,68,92,N,True
2,225,68,92,N,True
2,177,68,92,N,True
2,143,68,92,N,True
2,227,68,92,N,True
2,175,68,92,N,True
2,175,102,92,N,True
2,227,102,92,N,True
2,99,102,92,N,True
2,175,263,92,N,True
2,227,263,92,N,True
2,99,263,92,N,True
2,177,reel3__3,92,N,True
2,143,35,92,N,True
2,143,321,92,N,True
2,175,321,92,N,True
2,143,reel2__5,92,N,True
2,175,19,92,N,True
2,227,19,92,N,True
2,25,236,92,N,True
2,84,236,92,N,True
2,25,224,92,N,True
2,84,224,92,N,True
2,84,82,92,N,True
2,84,265,92,N,True
2,84,304,92,N,True
2,25,276,92,N,True
2,84,276,92,N,True
2,84,313,92,N,True
2,260,160,92,N,True
2,260,53,92,N,True
2,260,126,92,N,True
2,25,170,92,N,True
2,260,170,92,N,True
2,25,322,92,N,True
2,260,322,92,N,True
2,260,206,92,N,True
2,260,reel3__1,92,N,True
2,25,290,92,N,True
2,25,94,92,N,True
2,25,288,92,N,True
2,25,332,92,N,True
2,25,3,92,N,True
2,25,169,92,N,True
2,25,158,92,N,True
2,25,176,92,N,True
2,25,188,92,N,True
2,25,119,92,N,True
2,25,104,92,N,True
2,25,252,92,N,True
2,25,69,92,N,True
2,25,72,92,N,True
2,25,199,92,N,True
2,25,130,92,N,True
2,25,280,92,N,True
2,25,113,92,N,True
2,175,277,92,N,True
2,25,277,92,N,True
2,25,88,92,N,True
2,25,185,92,N,True
2,25,122,92,N,True
2,25,239,92,N,True
2,25,103,92,N,True
2,25,272,92,N,True
2,25,283,92,N,True
2,25,40,92,N,True
2,25,39,92,N,True
2,25,98,92,N,True
2,25,79,92,N,True
2,25,105,92,N,True
2,25,56,92,N,True
2,25,331,92,N,True
2,25,21,92,N,True
2,25,26,92,N,True
2,bot3__0,255,92,N,True
2,175,reel0__7,92,N,True
2,231,117,93,N,True
2,231,82,93,N,True
2,252,82,93,N,True
2,199,82,93,N,True
2,169,82,93,N,True
2,158,82,93,N,True
2,271,82,93,N,True
2,98,82,93,N,True
2,213,178,93,N,True
2,231,178,93,N,True
2,329,178,93,N,True
2,213,40,93,N,True
2,231,40,93,N,True
2,315,40,93,N,True
2,199,40,93,N,True
2,329,40,93,N,True
2,277,40,93,N,True
2,113,40,93,N,True
2,224,40,93,N,True
2,332,40,93,N,True
2,169,40,93,N,True
2,158,40,93,N,True
2,271,40,93,N,True
2,231,29,93,N,True
2,252,29,93,N,True
2,231,172,93,N,True
2,252,172,93,N,True
2,329,172,93,N,True
2,199,172,93,N,True
2,277,172,93,N,True
2,113,172,93,N,True
2,332,172,93,N,True
2,271,172,93,N,True
2,98,172,93,N,True
2,213,239,93,N,True
2,231,239,93,N,True
2,271,239,93,N,True
2,252,239,93,N,True
2,199,239,93,N,True
2,277,239,93,N,True
2,113,239,93,N,True
2,169,239,93,N,True
2,188,239,93,N,True
2,98,239,93,N,True
2,231,bot1__9,93,N,True
2,231,bot2__8,93,N,True
2,315,bot2__8,93,N,True
2,231,bot4__2,93,N,True
2,315,142,93,N,True
2,252,142,93,N,True
2,277,142,93,N,True
2,113,142,93,N,True
2,10,142,93,N,True
2,31,142,93,N,True
2,332,142,93,N,True
2,169,142,93,N,True
2,158,142,93,N,True
2,188,142,93,N,True
2,271,142,93,N,True
2,213,67,93,N,True
2,271,67,93,N,True
2,315,67,93,N,True
2,252,67,93,N,True
2,199,67,93,N,True
2,277,67,93,N,True
2,113,67,93,N,True
2,10,67,93,N,True
2,224,67,93,N,True
2,332,67,93,N,True
2,31,67,93,N,True
2,169,67,93,N,True
2,158,67,93,N,True
2,248,67,93,N,True
2,188,67,93,N,True
2,98,67,93,N,True
2,271,200,93,N,True
2,252,200,93,N,True
2,199,200,93,N,True
2,277,200,93,N,True
2,113,200,93,N,True
2,10,200,93,N,True
2,224,200,93,N,True
2,332,200,93,N,True
2,31,200,93,N,True
2,248,200,93,N,True
2,188,200,93,N,True
2,98,200,93,N,True
2,213,136,93,N,True
2,315,136,93,N,True
2,169,136,93,N,True
2,315,185,93,N,True
2,169,185,93,N,True
2,188,185,93,N,True
2,271,185,93,N,True
2,315,257,93,N,True
2,169,257,93,N,True
2,252,334,93,N,True
2,277,334,93,N,True
2,113,334,93,N,True
2,169,334,93,N,True
2,188,334,93,N,True
2,169,103,93,N,True
2,252,103,93,N,True
2,271,103,93,N,True
2,98,103,93,N,True
2,169,318,93,N,True
2,271,318,93,N,True
2,169,125,93,N,True
2,271,104,93,N,True
2,252,104,93,N,True
2,277,104,93,N,True
2,113,104,93,N,True
2,332,104,93,N,True
2,169,104,93,N,True
2,188,104,93,N,True
2,98,104,93,N,True
2,213,122,93,N,True
2,271,122,93,N,True
2,315,122,93,N,True
2,252,122,93,N,True
2,277,122,93,N,True
2,113,122,93,N,True
2,224,122,93,N,True
2,332,122,93,N,True
2,31,122,93,N,True
2,169,122,93,N,True
2,248,122,93,N,True
2,188,122,93,N,True
2,98,122,93,N,True
2,169,165,93,N,True
2,113,165,93,N,True
2,188,165,93,N,True
2,213,128,93,N,True
2,315,128,93,N,True
2,252,128,93,N,True
2,199,128,93,N,True
2,169,128,93,N,True
2,248,128,93,N,True
2,271,128,93,N,True
2,98,128,93,N,True
2,315,121,93,N,True
2,169,121,93,N,True
2,113,121,93,N,True
2,169,bot0__5,93,N,True
2,169,reel3__7,93,N,True
2,332,38,93,N,True
2,248,38,93,N,True
2,271,119,93,N,True
2,252,119,93,N,True
2,329,119,93,N,True
2,199,119,93,N,True
2,277,119,93,N,True
2,113,119,93,N,True
2,332,119,93,N,True
2,248,119,93,N,True
2,188,119,93,N,True
2,98,119,93,N,True
2,248,311,93,N,True
2,277,311,93,N,True
2,252,265,93,N,True
2,199,265,93,N,True
2,98,265,93,N,True
2,248,265,93,N,True
2,271,265,93,N,True
2,224,133,93,N,True
2,315,133,93,N,True
2,188,133,93,N,True
2,271,133,93,N,True
2,188,274,93,N,True
2,252,13,93,N,True
2,199,13,93,N,True
2,277,13,93,N,True
2,98,13,93,N,True
2,332,13,93,N,True
2,188,13,93,N,True
2,271,13,93,N,True
2,271,304,93,N,True
2,315,304,93,N,True
2,252,304,93,N,True
2,199,304,93,N,True
2,277,304,93,N,True
2,113,304,93,N,True
2,224,304,93,N,True
2,332,304,93,N,True
2,31,304,93,N,True
2,168,304,93,N,True
2,158,304,93,N,True
2,188,304,93,N,True
2,98,304,93,N,True
2,188,85,93,N,True
2,271,85,93,N,True
2,188,3,93,N,True
2,188,156,93,N,True
2,213,186,93,N,True
2,271,186,93,N,True
2,252,186,93,N,True
2,199,186,93,N,True
2,277,186,93,N,True
2,113,186,93,N,True
2,188,186,93,N,True
2,98,186,93,N,True
2,252,79,93,N,True
2,188,79,93,N,True
2,271,79,93,N,True
2,188,75,93,N,True
2,271,223,93,N,True
2,315,223,93,N,True
2,252,223,93,N,True
2,199,223,93,N,True
2,188,223,93,N,True
2,98,223,93,N,True
2,188,176,93,N,True
2,271,176,93,N,True
2,315,211,93,N,True
2,199,211,93,N,True
2,271,211,93,N,True
2,98,211,93,N,True
2,332,331,93,N,True
2,271,331,93,N,True
2,98,331,93,N,True
2,252,325,93,N,True
2,199,325,93,N,True
2,277,325,93,N,True
2,113,325,93,N,True
2,158,325,93,N,True
2,271,325,93,N,True
2,98,325,93,N,True
2,315,203,93,N,True
2,199,203,93,N,True
2,277,203,93,N,True
2,98,203,93,N,True
2,113,203,93,N,True
2,332,203,93,N,True
2,271,203,93,N,True
2,252,123,93,N,True
2,98,123,93,N,True
2,224,276,93,N,True
2,271,276,93,N,True
2,98,276,93,N,True
2,252,59,93,N,True
2,271,59,93,N,True
2,98,59,93,N,True
2,252,118,93,N,True
2,277,118,93,N,True
2,199,118,93,N,True
2,98,118,93,N,True
2,271,118,93,N,True
2,252,238,93,N,True
2,271,238,93,N,True
2,98,238,93,N,True
2,199,238,93,N,True
2,98,reel0__1,93,N,True
2,98,reel0__5,93,N,True
2,98,bot4__4,93,N,True
2,213,204,93,N,True
2,277,204,93,N,True
2,329,204,93,N,True
2,213,57,93,N,True
2,277,57,93,N,True
2,213,340,93,N,True
2,213,345,93,N,True
2,315,345,93,N,True
2,252,345,93,N,True
2,213,96,93,N,True
2,224,96,93,N,True
2,213,80,93,N,True
2,315,80,93,N,True
2,213,130,93,N,True
2,277,130,93,N,True
2,329,130,93,N,True
2,213,242,93,N,True
2,158,242,93,N,True
2,213,303,93,N,True
2,315,303,93,N,True
2,315,1,93,N,True
2,315,94,93,N,True
2,315,302,93,N,True
2,158,132,93,N,True
2,315,132,93,N,True
2,113,132,93,N,True
2,277,132,93,N,True
2,315,105,93,N,True
2,277,105,93,N,True
2,329,269,93,N,True
2,329,150,93,N,True
2,329,197,93,N,True
2,329,54,93,N,True
2,329,27,93,N,True
2,329,202,93,N,True
2,329,284,93,N,True
2,329,bot4__0,93,N,True
2,252,66,93,N,True
2,113,66,93,N,True
2,113,50,93,N,True
2,277,50,93,N,True
2,reel3__1,bot4__5,93,N,True
2,bot0__2,216,93,N,True
2,168,22,93,N,True
2,158,22,93,N,True
2,277,22,93,N,True
2,252,250,93,N,True
2,252,55,93,N,True
2,277,55,93,N,True
2,199,222,93,N,True
2,199,314,93,N,True
2,271,314,93,N,True
2,199,298,93,N,True
2,271,298,93,N,True
2,199,bot1__8,93,N,True
2,78,reel2__8,93,N,True
2,271,63,93,N,True
2,277,39,93,N,True
2,277,175,93,N,True
2,277,120,93,N,True
2,277,159,93,N,True
2,277,294,93,N,True
2,195,reel1__6,93,N,True
2,224,84,93,N,True
2,31,84,93,N,True
2,224,bot4__6,93,N,True
2,275,bot0__4,93,N,True
2,275,bot2__1,93,N,True
2,31,51,93,N,True
2,328,bot3__9,93,N,True
2,168,347,93,N,True
2,0,149,94,N,True
2,343,149,94,N,True
2,326,149,94,N,True
2,20,149,94,N,True
2,0,144,94,N,True
2,343,144,94,N,True
2,326,144,94,N,True
2,0,28,94,N,True
2,326,28,94,N,True
2,310,28,94,N,True
2,0,116,94,N,True
2,343,116,94,N,True
2,326,116,94,N,True
2,214,116,94,N,True
2,0,226,94,N,True
2,343,226,94,N,True
2,326,226,94,N,True
2,20,226,94,N,True
2,326,14,94,N,True
2,310,14,94,N,True
2,20,14,94,N,True
2,0,14,94,N,True
2,214,14,94,N,True
2,343,14,94,N,True
2,0,2,94,N,True
2,343,2,94,N,True
2,326,2,94,N,True
2,20,2,94,N,True
2,326,bot4__1,94,N,True
2,0,151,94,N,True
2,310,151,94,N,True
2,0,167,94,N,True
2,137,167,94,N,True
2,310,167,94,N,True
2,310,bot3__5,94,N,True
2,0,333,94,N,True
2,343,333,94,N,True
2,20,333,94,N,True
2,214,333,94,N,True
2,0,236,94,N,True
2,0,186,94,N,True
2,0,122,94,N,True
2,0,285,94,N,True
2,0,24,94,N,True
2,0,271,94,N,True
2,0,304,94,N,True
2,0,176,94,N,True
2,0,130,94,N,True
2,0,329,94,N,True
2,0,204,94,N,True
2,0,213,94,N,True
2,0,252,94,N,True
2,0,332,94,N,True
2,0,82,94,N,True
2,0,65,94,N,True
2,0,276,94,N,True
2,0,280,94,N,True
2,0,84,94,N,True
2,0,133,94,N,True
2,0,239,94,N,True
2,0,53,94,N,True
2,0,3,94,N,True
2,0,170,94,N,True
2,0,46,94,N,True
2,0,56,94,N,True
2,0,254,94,N,True
2,0,194,94,N,True
2,0,231,94,N,True
2,0,117,94,N,True
2,0,127,94,N,True
2,0,23,94,N,True
2,0,73,94,N,True
2,0,299,94,N,True
2,0,288,94,N,True
2,0,315,94,N,True
2,0,119,94,N,True
2,0,57,94,N,True
2,0,200,94,N,True
2,0,98,94,N,True
2,0,63,94,N,True
2,0,67,94,N,True
2,0,118,94,N,True
2,0,277,94,N,True
2,0,270,94,N,True
2,0,76,94,N,True
2,0,274,94,N,True
2,0,88,94,N,True
2,0,21,94,N,True
2,0,108,94,N,True
2,0,197,94,N,True
2,0,169,94,N,True
2,0,275,94,N,True
2,0,273,94,N,True
2,0,83,94,N,True
2,0,307,94,N,True
2,0,71,94,N,True
2,0,207,94,N,True
2,0,168,94,N,True
2,0,308,94,N,True
2,0,341,94,N,True
2,0,128,94,N,True
2,0,334,94,N,True
2,0,238,94,N,True
2,0,78,94,N,True
2,0,345,94,N,True
2,0,317,94,N,True
2,0,38,94,N,True
2,0,54,94,N,True
2,0,139,94,N,True
2,0,291,94,N,True
2,0,142,94,N,True
2,0,203,94,N,True
2,0,105,94,N,True
2,0,232,94,N,True
2,0,217,94,N,True
2,0,248,94,N,True
2,0,261,94,N,True
2,0,290,94,N,True
2,0,25,94,N,True
2,0,300,94,N,True
2,0,94,94,N,True
2,0,159,94,N,True
2,0,13,94,N,True
2,0,59,94,N,True
2,0,80,94,N,True
2,0,187,94,N,True
2,0,31,94,N,True
2,0,136,94,N,True
2,0,255,94,N,True
2,0,49,94,N,True
2,0,85,94,N,True
2,0,246,94,N,True
2,0,123,94,N,True
2,0,185,94,N,True
2,0,104,94,N,True
2,0,324,94,N,True
2,0,171,94,N,True
2,0,30,94,N,True
2,0,92,94,N,True
2,0,72,94,N,True
2,0,40,94,N,True
2,0,125,94,N,True
2,0,266,94,N,True
2,0,212,94,N,True
2,0,340,94,N,True
2,0,311,94,N,True
2,0,309,94,N,True
2,0,330,94,N,True
2,0,230,94,N,True
2,214,230,94,N,True
2,0,16,94,N,True
2,0,249,94,N,True
2,0,39,94,N,True
2,0,251,94,N,True
2,0,10,94,N,True
2,0,69,94,N,True
2,0,258,94,N,True
2,0,257,94,N,True
2,0,196,94,N,True
2,0,156,94,N,True
2,0,303,94,N,True
2,0,286,94,N,True
2,0,81,94,N,True
2,0,174,94,N,True
2,0,293,94,N,True
2,0,33,94,N,True
2,0,42,94,N,True
2,0,347,94,N,True
2,0,281,94,N,True
2,0,51,94,N,True
2,0,19,94,N,True
2,343,19,94,N,True
2,214,19,94,N,True
2,0,218,94,N,True
2,0,268,94,N,True
2,0,5,94,N,True
2,0,192,94,N,True
2,0,195,94,N,True
2,0,129,94,N,True
2,0,328,94,N,True
2,0,150,94,N,True
2,0,101,94,N,True
2,0,99,94,N,True
2,0,102,94,N,True
2,0,318,94,N,True
2,0,163,94,N,True
2,0,173,94,N,True
2,0,121,94,N,True
2,0,177,94,N,True
2,0,180,94,N,True
2,0,87,94,N,True
2,0,189,94,N,True
2,0,259,94,N,True
2,0,45,94,N,True
2,0,58,94,N,True
2,0,269,94,N,True
2,0,227,94,N,True
2,0,143,94,N,True
2,0,61,94,N,True
2,0,235,94,N,True
2,0,6,94,N,True
2,0,107,94,N,True
2,0,208,94,N,True
2,0,132,94,N,True
2,0,221,94,N,True
2,0,301,94,N,True
2,0,250,94,N,True
2,0,106,94,N,True
2,0,100,94,N,True
2,0,110,94,N,True
2,0,264,94,N,True
2,0,225,94,N,True
2,0,86,94,N,True
2,0,152,94,N,True
2,0,148,94,N,True
2,0,201,94,N,True
2,0,289,94,N,True
2,137,289,94,N,True
2,214,289,94,N,True
2,0,260,94,N,True
2,0,160,94,N,True
2,0,321,94,N,True
2,0,131,94,N,True
2,0,22,94,N,True
2,0,298,94,N,True
2,0,234,94,N,True
2,0,193,94,N,True
2,0,112,94,N,True
2,0,179,94,N,True
2,0,216,94,N,True
2,0,327,94,N,True
2,0,95,94,N,True
2,0,120,94,N,True
2,0,247,94,N,True
2,0,190,94,N,True
2,0,244,94,N,True
2,0,233,94,N,True
2,0,166,94,N,True
2,0,202,94,N,True
2,0,147,94,N,True
2,0,206,94,N,True
2,0,229,94,N,True
2,0,164,94,N,True
2,0,240,94,N,True
2,0,77,94,N,True
2,0,219,94,N,True
2,0,305,94,N,True
2,0,198,94,N,True
2,0,182,94,N,True
2,0,336,94,N,True
2,0,241,94,N,True
2,0,294,94,N,True
2,0,253,94,N,True
2,0,316,94,N,True
2,0,205,94,N,True
2,0,47,94,N,True
2,0,183,94,N,True
2,0,52,94,N,True
2,0,34,94,N,True
2,0,reel3__5,94,N,True
2,285,117,95,N,True
2,231,117,95,N,True
2,0,117,95,N,True
2,203,315,95,N,True
2,231,315,95,N,True
2,199,315,95,N,True
2,170,315,95,N,True
2,211,315,95,N,True
2,67,315,95,N,True
2,313,315,95,N,True
2,0,315,95,N,True
2,56,315,95,N,True
2,169,315,95,N,True
2,285,315,95,N,True
2,158,315,95,N,True
2,249,315,95,N,True
2,0,178,95,N,True
2,231,178,95,N,True
2,231,232,95,N,True
2,199,232,95,N,True
2,0,232,95,N,True
2,56,232,95,N,True
2,285,232,95,N,True
2,158,232,95,N,True
2,203,9,95,N,True
2,231,9,95,N,True
2,reel1__8,9,95,N,True
2,199,9,95,N,True
2,170,9,95,N,True
2,148,9,95,N,True
2,67,9,95,N,True
2,0,9,95,N,True
2,56,9,95,N,True
2,119,9,95,N,True
2,169,9,95,N,True
2,285,9,95,N,True
2,203,40,95,N,True
2,231,40,95,N,True
2,199,40,95,N,True
2,29,40,95,N,True
2,67,40,95,N,True
2,0,40,95,N,True
2,56,40,95,N,True
2,169,40,95,N,True
2,158,40,95,N,True
2,231,106,95,N,True
2,29,106,95,N,True
2,0,106,95,N,True
2,169,106,95,N,True
2,238,106,95,N,True
2,203,332,95,N,True
2,231,332,95,N,True
2,170,332,95,N,True
2,16,332,95,N,True
2,67,332,95,N,True
2,0,332,95,N,True
2,56,332,95,N,True
2,119,332,95,N,True
2,169,332,95,N,True
2,285,332,95,N,True
2,158,332,95,N,True
2,331,332,95,N,True
2,231,213,95,N,True
2,67,213,95,N,True
2,0,213,95,N,True
2,56,213,95,N,True
2,285,213,95,N,True
2,249,213,95,N,True
2,0,77,95,N,True
2,231,77,95,N,True
2,0,329,95,N,True
2,231,329,95,N,True
2,119,329,95,N,True
2,16,329,95,N,True
2,203,239,95,N,True
2,231,239,95,N,True
2,199,239,95,N,True
2,170,239,95,N,True
2,211,239,95,N,True
2,67,239,95,N,True
2,59,239,95,N,True
2,118,239,95,N,True
2,0,239,95,N,True
2,313,239,95,N,True
2,56,239,95,N,True
2,119,239,95,N,True
2,169,239,95,N,True
2,238,239,95,N,True
2,285,239,95,N,True
2,231,bot1__9,95,N,True
2,231,bot2__8,95,N,True
2,231,bot4__2,95,N,True
2,0,3,95,N,True
2,67,3,95,N,True
2,170,3,95,N,True
2,0,176,95,N,True
2,148,176,95,N,True
2,119,176,95,N,True
2,170,176,95,N,True
2,203,223,95,N,True
2,199,223,95,N,True
2,170,223,95,N,True
2,211,223,95,N,True
2,67,223,95,N,True
2,313,223,95,N,True
2,0,223,95,N,True
2,56,223,95,N,True
2,0,274,95,N,True
2,170,274,95,N,True
2,203,142,95,N,True
2,170,142,95,N,True
2,67,142,95,N,True
2,0,142,95,N,True
2,56,142,95,N,True
2,169,142,95,N,True
2,285,142,95,N,True
2,158,142,95,N,True
2,0,290,95,N,True
2,56,290,95,N,True
2,67,290,95,N,True
2,170,290,95,N,True
2,203,21,95,N,True
2,170,21,95,N,True
2,67,21,95,N,True
2,313,21,95,N,True
2,0,21,95,N,True
2,56,21,95,N,True
2,119,21,95,N,True
2,169,21,95,N,True
2,0,250,95,N,True
2,170,250,95,N,True
2,59,250,95,N,True
2,0,124,95,N,True
2,170,124,95,N,True
2,203,128,95,N,True
2,199,128,95,N,True
2,170,128,95,N,True
2,211,128,95,N,True
2,67,128,95,N,True
2,313,128,95,N,True
2,0,128,95,N,True
2,56,128,95,N,True
2,119,128,95,N,True
2,169,128,95,N,True
2,203,342,95,N,True
2,199,342,95,N,True
2,170,342,95,N,True
2,211,342,95,N,True
2,67,342,95,N,True
2,59,342,95,N,True
2,118,342,95,N,True
2,0,342,95,N,True
2,313,342,95,N,True
2,56,342,95,N,True
2,119,342,95,N,True
2,238,342,95,N,True
2,285,342,95,N,True
2,0,260,95,N,True
2,170,260,95,N,True
2,203,277,95,N,True
2,170,277,95,N,True
2,67,277,95,N,True
2,118,277,95,N,True
2,0,277,95,N,True
2,56,277,95,N,True
2,119,277,95,N,True
2,169,277,95,N,True
2,285,277,95,N,True
2,170,185,95,N,True
2,148,185,95,N,True
2,67,185,95,N,True
2,0,185,95,N,True
2,56,185,95,N,True
2,119,185,95,N,True
2,169,185,95,N,True
2,285,185,95,N,True
2,203,122,95,N,True
2,170,122,95,N,True
2,67,122,95,N,True
2,0,122,95,N,True
2,56,122,95,N,True
2,119,122,95,N,True
2,169,122,95,N,True
2,285,122,95,N,True
2,0,85,95,N,True
2,170,85,95,N,True
2,203,322,95,N,True
2,199,322,95,N,True
2,170,322,95,N,True
2,67,322,95,N,True
2,118,322,95,N,True
2,0,322,95,N,True
2,56,322,95,N,True
2,169,322,95,N,True
2,285,322,95,N,True
2,158,322,95,N,True
2,203,26,95,N,True
2,199,26,95,N,True
2,170,26,95,N,True
2,67,26,95,N,True
2,118,26,95,N,True
2,313,26,95,N,True
2,0,26,95,N,True
2,56,26,95,N,True
2,119,26,95,N,True
2,169,26,95,N,True
2,285,26,95,N,True
2,158,26,95,N,True
2,0,75,95,N,True
2,56,75,95,N,True
2,67,75,95,N,True
2,170,75,95,N,True
2,170,323,95,N,True
2,67,323,95,N,True
2,0,323,95,N,True
2,56,323,95,N,True
2,119,323,95,N,True
2,285,323,95,N,True
2,203,334,95,N,True
2,170,334,95,N,True
2,67,334,95,N,True
2,0,334,95,N,True
2,56,334,95,N,True
2,169,334,95,N,True
2,170,reel0__0,95,N,True
2,170,bot1__3,95,N,True
2,170,reel3__6,95,N,True
2,67,136,95,N,True
2,0,136,95,N,True
2,56,136,95,N,True
2,169,136,95,N,True
2,285,136,95,N,True
2,0,236,95,N,True
2,169,236,95,N,True
2,67,236,95,N,True
2,84,236,95,N,True
2,285,10,95,N,True
2,0,10,95,N,True
2,169,10,95,N,True
2,67,10,95,N,True
2,119,125,95,N,True
2,0,125,95,N,True
2,169,125,95,N,True
2,0,165,95,N,True
2,169,165,95,N,True
2,0,5,95,N,True
2,158,5,95,N,True
2,169,5,95,N,True
2,203,109,95,N,True
2,148,109,95,N,True
2,67,109,95,N,True
2,118,109,95,N,True
2,0,109,95,N,True
2,56,109,95,N,True
2,119,109,95,N,True
2,169,109,95,N,True
2,285,109,95,N,True
2,158,109,95,N,True
2,331,109,95,N,True
2,203,113,95,N,True
2,199,113,95,N,True
2,148,113,95,N,True
2,67,113,95,N,True
2,313,113,95,N,True
2,0,113,95,N,True
2,56,113,95,N,True
2,119,113,95,N,True
2,169,113,95,N,True
2,285,113,95,N,True
2,158,113,95,N,True
2,169,bot0__5,95,N,True
2,169,reel3__9,95,N,True
2,148,339,95,N,True
2,313,339,95,N,True
2,0,339,95,N,True
2,119,339,95,N,True
2,158,339,95,N,True
2,65,339,95,N,True
2,203,48,95,N,True
2,199,48,95,N,True
2,330,48,95,N,True
2,0,48,95,N,True
2,119,48,95,N,True
2,0,54,95,N,True
2,119,54,95,N,True
2,313,54,95,N,True
2,0,39,95,N,True
2,119,39,95,N,True
2,313,39,95,N,True
2,0,217,95,N,True
2,119,217,95,N,True
2,285,208,95,N,True
2,0,208,95,N,True
2,119,208,95,N,True
2,0,269,95,N,True
2,119,269,95,N,True
2,203,324,95,N,True
2,199,324,95,N,True
2,67,324,95,N,True
2,118,324,95,N,True
2,0,324,95,N,True
2,119,324,95,N,True
2,238,324,95,N,True
2,331,324,95,N,True
2,0,64,95,N,True
2,119,64,95,N,True
2,194,1,95,N,True
2,0,1,95,N,True
2,119,1,95,N,True
2,346,1,95,N,True
2,92,1,95,N,True
2,0,189,95,N,True
2,119,189,95,N,True
2,0,150,95,N,True
2,119,150,95,N,True
2,0,27,95,N,True
2,119,27,95,N,True
2,203,297,95,N,True
2,67,297,95,N,True
2,0,297,95,N,True
2,56,297,95,N,True
2,119,297,95,N,True
2,65,297,95,N,True
2,0,100,95,N,True
2,119,100,95,N,True
2,33,bot4__8,95,N,True
2,285,246,95,N,True
2,0,246,95,N,True
2,313,60,95,N,True
2,0,60,95,N,True
2,56,60,95,N,True
2,285,60,95,N,True
2,158,60,95,N,True
2,285,345,95,N,True
2,0,345,95,N,True
2,67,345,95,N,True
2,285,221,95,N,True
2,0,221,95,N,True
2,56,221,95,N,True
2,285,303,95,N,True
2,0,303,95,N,True
2,56,303,95,N,True
2,67,303,95,N,True
2,285,bot3__3,95,N,True
2,0,7,95,N,True
2,65,7,95,N,True
2,reel1__8,bot4__0,95,N,True
2,0,247,95,N,True
2,29,247,95,N,True
2,203,265,95,N,True
2,199,265,95,N,True
2,211,265,95,N,True
2,67,265,95,N,True
2,118,265,95,N,True
2,84,265,95,N,True
2,0,265,95,N,True
2,313,265,95,N,True
2,56,265,95,N,True
2,238,265,95,N,True
2,331,265,95,N,True
2,0,212,95,N,True
2,56,212,95,N,True
2,199,212,95,N,True
2,67,212,95,N,True
2,0,69,95,N,True
2,67,69,95,N,True
2,0,156,95,N,True
2,bot2__1,156,95,N,True
2,67,156,95,N,True
2,0,224,95,N,True
2,148,224,95,N,True
2,67,224,95,N,True
2,84,224,95,N,True
2,0,66,95,N,True
2,56,66,95,N,True
2,67,66,95,N,True
2,203,134,95,N,True
2,199,134,95,N,True
2,67,134,95,N,True
2,118,134,95,N,True
2,0,134,95,N,True
2,56,134,95,N,True
2,238,134,95,N,True
2,0,344,95,N,True
2,67,344,95,N,True
2,0,308,95,N,True
2,203,308,95,N,True
2,67,308,95,N,True
2,203,161,95,N,True
2,199,161,95,N,True
2,67,161,95,N,True
2,118,161,95,N,True
2,0,161,95,N,True
2,56,161,95,N,True
2,0,31,95,N,True
2,67,31,95,N,True
2,84,31,95,N,True
2,0,130,95,N,True
2,346,130,95,N,True
2,0,133,95,N,True
2,0,175,95,N,True
2,0,46,95,N,True
2,0,127,95,N,True
2,346,127,95,N,True
2,0,135,95,N,True
2,0,23,95,N,True
2,0,116,95,N,True
2,194,299,95,N,True
2,254,299,95,N,True
2,330,299,95,N,True
2,0,299,95,N,True
2,346,299,95,N,True
2,92,299,95,N,True
2,249,299,95,N,True
2,0,288,95,N,True
2,199,288,95,N,True
2,0,57,95,N,True
2,249,57,95,N,True
2,346,57,95,N,True
2,92,57,95,N,True
2,0,63,95,N,True
2,56,63,95,N,True
2,313,63,95,N,True
2,0,270,95,N,True
2,203,270,95,N,True
2,0,76,95,N,True
2,0,36,95,N,True
2,0,88,95,N,True
2,56,88,95,N,True
2,0,197,95,N,True
2,0,275,95,N,True
2,bot2__1,275,95,N,True
2,0,273,95,N,True
2,0,83,95,N,True
2,84,83,95,N,True
2,0,312,95,N,True
2,0,214,95,N,True
2,0,20,95,N,True
2,0,71,95,N,True
2,0,333,95,N,True
2,0,207,95,N,True
2,56,207,95,N,True
2,0,78,95,N,True
2,0,317,95,N,True
2,158,317,95,N,True
2,194,302,95,N,True
2,254,302,95,N,True
2,266,302,95,N,True
2,330,302,95,N,True
2,0,302,95,N,True
2,346,302,95,N,True
2,92,302,95,N,True
2,249,302,95,N,True
2,0,126,95,N,True
2,0,144,95,N,True
2,0,226,95,N,True
2,0,300,95,N,True
2,346,300,95,N,True
2,0,184,95,N,True
2,346,184,95,N,True
2,0,159,95,N,True
2,0,149,95,N,True
2,0,17,95,N,True
2,0,326,95,N,True
2,194,80,95,N,True
2,266,80,95,N,True
2,330,80,95,N,True
2,0,80,95,N,True
2,346,80,95,N,True
2,92,80,95,N,True
2,249,80,95,N,True
2,194,187,95,N,True
2,254,187,95,N,True
2,266,187,95,N,True
2,0,187,95,N,True
2,346,187,95,N,True
2,92,187,95,N,True
2,249,187,95,N,True
2,0,255,95,N,True
2,0,320,95,N,True
2,346,320,95,N,True
2,0,284,95,N,True
2,0,343,95,N,True
2,0,14,95,N,True
2,0,310,95,N,True
2,0,32,95,N,True
2,0,30,95,N,True
2,56,30,95,N,True
2,331,30,95,N,True
2,0,278,95,N,True
2,0,340,95,N,True
2,0,237,95,N,True
2,84,237,95,N,True
2,0,309,95,N,True
2,0,230,95,N,True
2,0,251,95,N,True
2,0,228,95,N,True
2,0,258,95,N,True
2,0,286,95,N,True
2,0,81,95,N,True
2,0,174,95,N,True
2,0,293,95,N,True
2,0,2,95,N,True
2,0,281,95,N,True
2,0,263,95,N,True
2,0,162,95,N,True
2,0,19,95,N,True
2,0,218,95,N,True
2,0,192,95,N,True
2,0,8,95,N,True
2,0,245,95,N,True
2,0,129,95,N,True
2,0,99,95,N,True
2,0,102,95,N,True
2,0,306,95,N,True
2,0,177,95,N,True
2,0,58,95,N,True
2,0,167,95,N,True
2,0,96,95,N,True
2,0,91,95,N,True
2,0,143,95,N,True
2,0,61,95,N,True
2,0,93,95,N,True
2,0,41,95,N,True
2,0,89,95,N,True
2,0,107,95,N,True
2,0,301,95,N,True
2,0,337,95,N,True
2,0,110,95,N,True
2,0,264,95,N,True
2,0,86,95,N,True
2,0,152,95,N,True
2,0,295,95,N,True
2,0,201,95,N,True
2,0,289,95,N,True
2,0,160,95,N,True
2,0,321,95,N,True
2,0,68,95,N,True
2,0,131,95,N,True
2,0,22,95,N,True
2,158,22,95,N,True
2,0,262,95,N,True
2,0,220,95,N,True
2,0,234,95,N,True
2,0,193,95,N,True
2,0,112,95,N,True
2,0,179,95,N,True
2,0,157,95,N,True
2,0,95,95,N,True
2,0,120,95,N,True
2,0,190,95,N,True
2,0,282,95,N,True
2,0,319,95,N,True
2,0,233,95,N,True
2,0,256,95,N,True
2,0,166,95,N,True
2,0,202,95,N,True
2,0,155,95,N,True
2,0,206,95,N,True
2,0,138,95,N,True
2,0,219,95,N,True
2,0,305,95,N,True
2,0,153,95,N,True
2,0,182,95,N,True
2,0,336,95,N,True
2,0,294,95,N,True
2,0,267,95,N,True
2,0,316,95,N,True
2,0,205,95,N,True
2,0,47,95,N,True
2,0,52,95,N,True
2,0,34,95,N,True
2,0,reel3__5,95,N,True
2,222,bot1__8,95,N,True
2,199,bot1__8,95,N,True
2,118,bot2__0,95,N,True
2,118,reel3__3,95,N,True
2,203,bot3__5,95,N,True
2,194,reel2__7,95,N,True
2,194,bot3__7,95,N,True
2,266,bot3__0,95,N,True
2,56,bot0__2,95,N,True
2,239,344,96,N,True
2,212,344,96,N,True
2,67,344,96,N,True
2,0,344,96,N,True
2,122,344,96,N,True
2,341,62,96,N,True
2,239,62,96,N,True
2,170,62,96,N,True
2,142,62,96,N,True
2,67,62,96,N,True
2,161,62,96,N,True
2,223,62,96,N,True
2,0,62,96,N,True
2,122,62,96,N,True
2,98,62,96,N,True
2,0,234,96,N,True
2,239,234,96,N,True
2,341,323,96,N,True
2,239,323,96,N,True
2,9,323,96,N,True
2,170,323,96,N,True
2,297,323,96,N,True
2,142,323,96,N,True
2,258,323,96,N,True
2,67,323,96,N,True
2,0,323,96,N,True
2,332,323,96,N,True
2,119,323,96,N,True
2,25,323,96,N,True
2,122,323,96,N,True
2,308,323,96,N,True
2,271,323,96,N,True
2,239,176,96,N,True
2,9,176,96,N,True
2,170,176,96,N,True
2,128,176,96,N,True
2,0,176,96,N,True
2,119,176,96,N,True
2,25,176,96,N,True
2,122,176,96,N,True
2,271,176,96,N,True
2,341,188,96,N,True
2,239,188,96,N,True
2,9,188,96,N,True
2,304,188,96,N,True
2,170,188,96,N,True
2,342,188,96,N,True
2,142,188,96,N,True
2,258,188,96,N,True
2,113,188,96,N,True
2,67,188,96,N,True
2,223,188,96,N,True
2,0,188,96,N,True
2,119,188,96,N,True
2,25,188,96,N,True
2,122,188,96,N,True
2,297,188,96,N,True
2,271,188,96,N,True
2,272,188,96,N,True
2,239,13,96,N,True
2,172,13,96,N,True
2,59,13,96,N,True
2,223,13,96,N,True
2,119,13,96,N,True
2,98,13,96,N,True
2,65,13,96,N,True
2,82,13,96,N,True
2,211,13,96,N,True
2,67,13,96,N,True
2,0,13,96,N,True
2,265,13,96,N,True
2,118,13,96,N,True
2,271,13,96,N,True
2,304,13,96,N,True
2,342,13,96,N,True
2,313,13,96,N,True
2,332,13,96,N,True
2,238,13,96,N,True
2,239,123,96,N,True
2,55,123,96,N,True
2,342,123,96,N,True
2,142,123,96,N,True
2,82,123,96,N,True
2,67,123,96,N,True
2,0,123,96,N,True
2,122,123,96,N,True
2,98,123,96,N,True
2,239,72,96,N,True
2,9,72,96,N,True
2,212,72,96,N,True
2,172,72,96,N,True
2,113,72,96,N,True
2,67,72,96,N,True
2,40,72,96,N,True
2,132,72,96,N,True
2,0,72,96,N,True
2,25,72,96,N,True
2,271,72,96,N,True
2,272,72,96,N,True
2,239,303,96,N,True
2,142,303,96,N,True
2,132,303,96,N,True
2,67,303,96,N,True
2,88,303,96,N,True
2,0,303,96,N,True
2,122,303,96,N,True
2,9,105,96,N,True
2,0,105,96,N,True
2,119,105,96,N,True
2,25,105,96,N,True
2,272,105,96,N,True
2,9,75,96,N,True
2,304,75,96,N,True
2,170,75,96,N,True
2,258,75,96,N,True
2,67,75,96,N,True
2,0,75,96,N,True
2,272,75,96,N,True
2,304,30,96,N,True
2,9,30,96,N,True
2,0,30,96,N,True
2,331,30,96,N,True
2,271,30,96,N,True
2,9,224,96,N,True
2,304,224,96,N,True
2,40,224,96,N,True
2,67,224,96,N,True
2,0,224,96,N,True
2,332,224,96,N,True
2,25,224,96,N,True
2,122,224,96,N,True
2,271,224,96,N,True
2,9,329,96,N,True
2,172,329,96,N,True
2,40,329,96,N,True
2,0,329,96,N,True
2,332,329,96,N,True
2,119,329,96,N,True
2,308,329,96,N,True
2,272,329,96,N,True
2,9,148,96,N,True
2,82,148,96,N,True
2,272,148,96,N,True
2,113,148,96,N,True
2,0,148,96,N,True
2,119,148,96,N,True
2,25,148,96,N,True
2,271,148,96,N,True
2,98,148,96,N,True
2,304,69,96,N,True
2,9,69,96,N,True
2,67,69,96,N,True
2,0,69,96,N,True
2,25,69,96,N,True
2,9,185,96,N,True
2,170,185,96,N,True
2,55,185,96,N,True
2,67,185,96,N,True
2,0,185,96,N,True
2,119,185,96,N,True
2,25,185,96,N,True
2,297,185,96,N,True
2,271,185,96,N,True
2,272,185,96,N,True
2,9,3,96,N,True
2,170,3,96,N,True
2,142,3,96,N,True
2,67,3,96,N,True
2,0,3,96,N,True
2,25,3,96,N,True
2,122,3,96,N,True
2,9,291,96,N,True
2,258,291,96,N,True
2,113,291,96,N,True
2,272,291,96,N,True
2,0,291,96,N,True
2,332,291,96,N,True
2,25,291,96,N,True
2,271,291,96,N,True
2,98,291,96,N,True
2,9,reel1__8,96,N,True
2,9,bot3__1,96,N,True
2,9,bot3__4,96,N,True
2,170,290,96,N,True
2,342,290,96,N,True
2,67,290,96,N,True
2,0,290,96,N,True
2,25,290,96,N,True
2,271,290,96,N,True
2,0,250,96,N,True
2,170,250,96,N,True
2,59,250,96,N,True
2,0,124,96,N,True
2,170,124,96,N,True
2,0,260,96,N,True
2,170,260,96,N,True
2,258,bot1__3,96,N,True
2,170,bot1__3,96,N,True
2,170,reel3__6,96,N,True
2,170,reel3__7,96,N,True
2,0,159,96,N,True
2,272,159,96,N,True
2,172,159,96,N,True
2,172,16,96,N,True
2,29,16,96,N,True
2,82,16,96,N,True
2,118,16,96,N,True
2,0,16,96,N,True
2,332,16,96,N,True
2,331,16,96,N,True
2,172,reel1__6,96,N,True
2,0,150,96,N,True
2,128,150,96,N,True
2,119,150,96,N,True
2,122,248,96,N,True
2,128,248,96,N,True
2,67,248,96,N,True
2,0,248,96,N,True
2,332,248,96,N,True
2,119,248,96,N,True
2,134,248,96,N,True
2,265,248,96,N,True
2,304,246,96,N,True
2,223,246,96,N,True
2,0,246,96,N,True
2,25,246,96,N,True
2,308,246,96,N,True
2,0,5,96,N,True
2,187,5,96,N,True
2,122,5,96,N,True
2,180,5,96,N,True
2,187,bot3__8,96,N,True
2,0,171,96,N,True
2,119,171,96,N,True
2,0,54,96,N,True
2,119,54,96,N,True
2,313,54,96,N,True
2,313,39,96,N,True
2,161,39,96,N,True
2,0,39,96,N,True
2,119,39,96,N,True
2,25,39,96,N,True
2,0,125,96,N,True
2,119,125,96,N,True
2,0,208,96,N,True
2,332,208,96,N,True
2,119,208,96,N,True
2,0,64,96,N,True
2,119,64,96,N,True
2,0,189,96,N,True
2,119,189,96,N,True
2,0,27,96,N,True
2,119,27,96,N,True
2,0,163,96,N,True
2,119,163,96,N,True
2,249,163,96,N,True
2,0,229,96,N,True
2,119,229,96,N,True
2,0,100,96,N,True
2,119,100,96,N,True
2,0,146,96,N,True
2,119,146,96,N,True
2,313,146,96,N,True
2,194,196,96,N,True
2,254,196,96,N,True
2,266,196,96,N,True
2,67,196,96,N,True
2,330,196,96,N,True
2,0,196,96,N,True
2,92,196,96,N,True
2,180,196,96,N,True
2,249,196,96,N,True
2,180,reel0__9,96,N,True
2,0,7,96,N,True
2,308,7,96,N,True
2,304,7,96,N,True
2,65,7,96,N,True
2,0,87,96,N,True
2,308,87,96,N,True
2,161,87,96,N,True
2,304,136,96,N,True
2,67,136,96,N,True
2,0,136,96,N,True
2,122,136,96,N,True
2,308,136,96,N,True
2,0,22,96,N,True
2,308,22,96,N,True
2,308,bot2__7,96,N,True
2,98,reel0__5,96,N,True
2,98,bot4__4,96,N,True
2,0,108,96,N,True
2,272,108,96,N,True
2,304,236,96,N,True
2,142,236,96,N,True
2,67,236,96,N,True
2,88,236,96,N,True
2,0,236,96,N,True
2,25,236,96,N,True
2,122,236,96,N,True
2,297,236,96,N,True
2,271,236,96,N,True
2,272,236,96,N,True
2,0,320,96,N,True
2,94,320,96,N,True
2,272,320,96,N,True
2,0,281,96,N,True
2,122,281,96,N,True
2,272,281,96,N,True
2,0,127,96,N,True
2,272,127,96,N,True
2,0,184,96,N,True
2,272,184,96,N,True
2,0,178,96,N,True
2,88,178,96,N,True
2,272,178,96,N,True
2,342,314,96,N,True
2,82,314,96,N,True
2,313,314,96,N,True
2,161,314,96,N,True
2,0,314,96,N,True
2,271,314,96,N,True
2,65,314,96,N,True
2,304,84,96,N,True
2,82,84,96,N,True
2,313,84,96,N,True
2,0,84,96,N,True
2,25,84,96,N,True
2,265,84,96,N,True
2,0,121,96,N,True
2,82,121,96,N,True
2,113,121,96,N,True
2,0,345,96,N,True
2,142,345,96,N,True
2,67,345,96,N,True
2,122,345,96,N,True
2,142,45,96,N,True
2,132,45,96,N,True
2,67,45,96,N,True
2,0,45,96,N,True
2,122,45,96,N,True
2,0,10,96,N,True
2,332,10,96,N,True
2,142,10,96,N,True
2,67,10,96,N,True
2,0,165,96,N,True
2,113,165,96,N,True
2,342,165,96,N,True
2,113,bot1__2,96,N,True
2,341,bot0__8,96,N,True
2,161,bot0__8,96,N,True
2,0,77,96,N,True
2,332,77,96,N,True
2,40,77,96,N,True
2,0,317,96,N,True
2,132,317,96,N,True
2,40,317,96,N,True
2,0,307,96,N,True
2,40,307,96,N,True
2,40,reel0__6,96,N,True
2,0,130,96,N,True
2,88,130,96,N,True
2,25,130,96,N,True
2,0,175,96,N,True
2,0,46,96,N,True
2,0,117,96,N,True
2,0,23,96,N,True
2,0,116,96,N,True
2,0,73,96,N,True
2,88,73,96,N,True
2,331,73,96,N,True
2,25,73,96,N,True
2,0,288,96,N,True
2,25,288,96,N,True
2,0,63,96,N,True
2,313,63,96,N,True
2,342,63,96,N,True
2,271,63,96,N,True
2,0,76,96,N,True
2,25,76,96,N,True
2,0,36,96,N,True
2,0,275,96,N,True
2,0,273,96,N,True
2,0,83,96,N,True
2,25,83,96,N,True
2,0,28,96,N,True
2,0,20,96,N,True
2,0,333,96,N,True
2,0,207,96,N,True
2,0,38,96,N,True
2,332,38,96,N,True
2,0,139,96,N,True
2,0,126,96,N,True
2,88,126,96,N,True
2,0,283,96,N,True
2,118,283,96,N,True
2,25,283,96,N,True
2,0,226,96,N,True
2,0,300,96,N,True
2,94,300,96,N,True
2,0,149,96,N,True
2,0,17,96,N,True
2,0,326,96,N,True
2,0,255,96,N,True
2,0,284,96,N,True
2,122,284,96,N,True
2,0,140,96,N,True
2,0,343,96,N,True
2,0,115,96,N,True
2,0,111,96,N,True
2,0,14,96,N,True
2,0,310,96,N,True
2,0,278,96,N,True
2,0,340,96,N,True
2,0,309,96,N,True
2,0,230,96,N,True
2,0,70,96,N,True
2,0,286,96,N,True
2,0,81,96,N,True
2,0,174,96,N,True
2,0,293,96,N,True
2,0,33,96,N,True
2,0,42,96,N,True
2,0,347,96,N,True
2,304,347,96,N,True
2,0,2,96,N,True
2,0,279,96,N,True
2,0,51,96,N,True
2,25,51,96,N,True
2,0,162,96,N,True
2,0,19,96,N,True
2,0,218,96,N,True
2,0,192,96,N,True
2,0,243,96,N,True
2,0,195,96,N,True
2,0,181,96,N,True
2,0,245,96,N,True
2,0,129,96,N,True
2,0,99,96,N,True
2,0,296,96,N,True
2,0,173,96,N,True
2,0,306,96,N,True
2,0,259,96,N,True
2,0,227,96,N,True
2,0,96,96,N,True
2,0,91,96,N,True
2,0,143,96,N,True
2,0,61,96,N,True
2,0,93,96,N,True
2,0,41,96,N,True
2,0,6,96,N,True
2,0,89,96,N,True
2,0,107,96,N,True
2,0,301,96,N,True
2,0,264,96,N,True
2,0,86,96,N,True
2,0,289,96,N,True
2,0,160,96,N,True
2,bot1__5,160,96,N,True
2,0,321,96,N,True
2,0,68,96,N,True
2,0,131,96,N,True
2,0,262,96,N,True
2,0,220,96,N,True
2,0,44,96,N,True
2,0,97,96,N,True
2,0,112,96,N,True
2,0,90,96,N,True
2,0,179,96,N,True
2,0,216,96,N,True
2,0,145,96,N,True
2,0,157,96,N,True
2,0,4,96,N,True
2,0,327,96,N,True
2,0,120,96,N,True
2,0,190,96,N,True
2,0,282,96,N,True
2,0,244,96,N,True
2,0,233,96,N,True
2,0,256,96,N,True
2,0,155,96,N,True
2,0,191,96,N,True
2,0,206,96,N,True
2,0,164,96,N,True
2,88,164,96,N,True
2,0,240,96,N,True
2,0,219,96,N,True
2,0,305,96,N,True
2,0,153,96,N,True
2,0,198,96,N,True
2,0,182,96,N,True
2,0,241,96,N,True
2,0,294,96,N,True
2,0,267,96,N,True
2,0,205,96,N,True
2,0,47,96,N,True
2,0,183,96,N,True
2,0,52,96,N,True
2,0,34,96,N,True
2,0,35,96,N,True
2,0,reel3__5,96,N,True
2,132,reel1__9,96,N,True
2,55,reel1__9,96,N,True
2,bot1__5,bot4__8,96,N,True
2,341,bot0__6,96,N,True
2,313,bot0__6,96,N,True
2,118,bot2__0,96,N,True
2,118,reel3__3,96,N,True
2,342,bot0__7,96,N,True
2,304,bot0__7,96,N,True
2,194,bot3__7,96,N,True
2,342,bot2__4,96,N,True
2,94,reel2__1,96,N,True
2,218,reel2__0,97,N,True
2,195,reel2__3,97,N,True
2,0,122,97,N,True
2,0,285,97,N,True
2,0,24,97,N,True
2,0,346,97,N,True
2,0,271,97,N,True
2,0,304,97,N,True
2,0,176,97,N,True
2,0,9,97,N,True
2,0,130,97,N,True
2,0,329,97,N,True
2,0,204,97,N,True
2,0,213,97,N,True
2,0,332,97,N,True
2,0,82,97,N,True
2,0,65,97,N,True
2,0,276,97,N,True
2,0,26,97,N,True
2,0,280,97,N,True
2,0,272,97,N,True
2,0,211,97,N,True
2,0,199,97,N,True
2,0,84,97,N,True
2,0,133,97,N,True
2,0,239,97,N,True
2,0,172,97,N,True
2,0,3,97,N,True
2,0,170,97,N,True
2,0,56,97,N,True
2,0,194,97,N,True
2,0,231,97,N,True
2,0,117,97,N,True
2,0,127,97,N,True
2,0,103,97,N,True
2,0,188,97,N,True
2,0,23,97,N,True
2,0,73,97,N,True
2,0,323,97,N,True
2,0,57,97,N,True
2,0,200,97,N,True
2,0,98,97,N,True
2,0,313,97,N,True
2,0,63,97,N,True
2,0,344,97,N,True
2,0,67,97,N,True
2,0,118,97,N,True
2,0,277,97,N,True
2,0,134,97,N,True
2,0,36,97,N,True
2,0,223,97,N,True
2,0,274,97,N,True
2,0,21,97,N,True
2,0,339,97,N,True
2,152,339,97,N,True
2,0,108,97,N,True
2,0,197,97,N,True
2,0,169,97,N,True
2,0,312,97,N,True
2,0,242,97,N,True
2,0,20,97,N,True
2,0,307,97,N,True
2,0,333,97,N,True
2,0,207,97,N,True
2,0,308,97,N,True
2,0,341,97,N,True
2,0,128,97,N,True
2,0,334,97,N,True
2,0,265,97,N,True
2,0,141,97,N,True
2,0,345,97,N,True
2,0,158,97,N,True
2,0,54,97,N,True
2,0,139,97,N,True
2,0,109,97,N,True
2,0,291,97,N,True
2,0,142,97,N,True
2,0,203,97,N,True
2,0,105,97,N,True
2,0,64,97,N,True
2,0,126,97,N,True
2,0,261,97,N,True
2,0,283,97,N,True
2,0,144,97,N,True
2,0,226,97,N,True
2,0,290,97,N,True
2,0,342,97,N,True
2,0,300,97,N,True
2,0,94,97,N,True
2,0,1,97,N,True
2,0,184,97,N,True
2,0,149,97,N,True
2,0,13,97,N,True
2,0,59,97,N,True
2,0,326,97,N,True
2,0,80,97,N,True
2,0,187,97,N,True
2,0,66,97,N,True
2,0,31,97,N,True
2,0,7,97,N,True
2,0,320,97,N,True
2,0,123,97,N,True
2,0,140,97,N,True
2,0,137,97,N,True
2,0,343,97,N,True
2,0,115,97,N,True
2,0,297,97,N,True
2,0,185,97,N,True
2,0,104,97,N,True
2,0,324,97,N,True
2,0,171,97,N,True
2,0,111,97,N,True
2,0,14,97,N,True
2,0,310,97,N,True
2,0,32,97,N,True
2,0,30,97,N,True
2,0,222,97,N,True
2,0,92,97,N,True
2,0,40,97,N,True
2,0,125,97,N,True
2,0,266,97,N,True
2,0,212,97,N,True
2,0,340,97,N,True
2,0,237,97,N,True
2,0,311,97,N,True
2,0,309,97,N,True
2,0,330,97,N,True
2,0,230,97,N,True
2,0,70,97,N,True
2,0,16,97,N,True
2,0,249,97,N,True
2,0,39,97,N,True
2,0,251,97,N,True
2,0,10,97,N,True
2,0,55,97,N,True
2,0,228,97,N,True
2,0,69,97,N,True
2,0,257,97,N,True
2,0,196,97,N,True
2,0,303,97,N,True
2,0,286,97,N,True
2,0,81,97,N,True
2,0,174,97,N,True
2,0,293,97,N,True
2,0,42,97,N,True
2,0,347,97,N,True
2,0,2,97,N,True
2,0,281,97,N,True
2,0,263,97,N,True
2,0,279,97,N,True
2,0,51,97,N,True
2,0,268,97,N,True
2,0,314,97,N,True
2,0,5,97,N,True
2,0,243,97,N,True
2,0,8,97,N,True
2,0,129,97,N,True
2,0,331,97,N,True
2,0,101,97,N,True
2,0,99,97,N,True
2,0,296,97,N,True
2,0,318,97,N,True
2,0,163,97,N,True
2,0,173,97,N,True
2,0,121,97,N,True
2,0,177,97,N,True
2,0,189,97,N,True
2,0,60,97,N,True
2,0,259,97,N,True
2,0,45,97,N,True
2,0,58,97,N,True
2,0,269,97,N,True
2,0,167,97,N,True
2,0,227,97,N,True
2,0,96,97,N,True
2,0,91,97,N,True
2,0,143,97,N,True
2,0,93,97,N,True
2,0,235,97,N,True
2,0,89,97,N,True
2,0,107,97,N,True
2,0,132,97,N,True
2,0,221,97,N,True
2,0,301,97,N,True
2,0,250,97,N,True
2,0,106,97,N,True
2,0,29,97,N,True
2,0,337,97,N,True
2,0,100,97,N,True
2,0,225,97,N,True
2,0,86,97,N,True
2,0,260,97,N,True
2,0,160,97,N,True
2,0,321,97,N,True
2,0,131,97,N,True
2,0,22,97,N,True
2,0,298,97,N,True
2,0,262,97,N,True
2,0,220,97,N,True
2,0,50,97,N,True
2,0,97,97,N,True
2,0,124,97,N,True
2,0,179,97,N,True
2,0,216,97,N,True
2,0,151,97,N,True
2,0,145,97,N,True
2,0,157,97,N,True
2,0,95,97,N,True
2,0,120,97,N,True
2,0,247,97,N,True
2,0,282,97,N,True
2,0,244,97,N,True
2,0,319,97,N,True
2,0,233,97,N,True
2,0,256,97,N,True
2,0,166,97,N,True
2,0,202,97,N,True
2,0,191,97,N,True
2,0,206,97,N,True
2,0,229,97,N,True
2,0,138,97,N,True
2,0,164,97,N,True
2,0,240,97,N,True
2,0,77,97,N,True
2,0,219,97,N,True
2,0,305,97,N,True
2,0,153,97,N,True
2,0,154,97,N,True
2,0,198,97,N,True
2,0,182,97,N,True
2,0,336,97,N,True
2,0,294,97,N,True
2,0,253,97,N,True
2,0,267,97,N,True
2,0,316,97,N,True
2,0,205,97,N,True
2,0,47,97,N,True
2,0,183,97,N,True
2,0,52,97,N,True
2,0,34,97,N,True
2,0,35,97,N,True
2,152,reel0__3,97,N,True
2,275,bot0__4,97,N,True
2,275,bot2__1,97,N,True
2,328,bot3__9,97,N,True
2,0,329,98,N,True
2,130,329,98,N,True
2,322,329,98,N,True
2,0,48,98,N,True
2,130,48,98,N,True
2,322,48,98,N,True
2,0,300,98,N,True
2,130,300,98,N,True
2,0,88,98,N,True
2,130,88,98,N,True
2,186,88,98,N,True
2,322,88,98,N,True
2,130,25,98,N,True
2,26,25,98,N,True
2,322,25,98,N,True
2,67,25,98,N,True
2,323,25,98,N,True
2,0,25,98,N,True
2,186,25,98,N,True
2,122,25,98,N,True
2,276,25,98,N,True
2,98,25,98,N,True
2,0,257,98,N,True
2,130,257,98,N,True
2,26,257,98,N,True
2,322,257,98,N,True
2,0,346,98,N,True
2,130,346,98,N,True
2,0,53,98,N,True
2,130,53,98,N,True
2,322,53,98,N,True
2,130,213,98,N,True
2,96,213,98,N,True
2,322,213,98,N,True
2,67,213,98,N,True
2,0,213,98,N,True
2,186,213,98,N,True
2,122,213,98,N,True
2,130,reel2__6,98,N,True
2,226,20,98,N,True
2,14,20,98,N,True
2,115,20,98,N,True
2,0,20,98,N,True
2,2,20,98,N,True
2,214,20,98,N,True
2,343,20,98,N,True
2,0,137,98,N,True
2,115,137,98,N,True
2,214,137,98,N,True
2,0,262,98,N,True
2,115,262,98,N,True
2,0,220,98,N,True
2,115,220,98,N,True
2,26,21,98,N,True
2,142,21,98,N,True
2,322,21,98,N,True
2,67,21,98,N,True
2,323,21,98,N,True
2,223,21,98,N,True
2,0,21,98,N,True
2,186,21,98,N,True
2,122,21,98,N,True
2,98,21,98,N,True
2,26,172,98,N,True
2,223,172,98,N,True
2,0,172,98,N,True
2,261,172,98,N,True
2,98,172,98,N,True
2,26,13,98,N,True
2,67,13,98,N,True
2,223,13,98,N,True
2,0,13,98,N,True
2,261,13,98,N,True
2,98,13,98,N,True
2,26,265,98,N,True
2,67,265,98,N,True
2,223,265,98,N,True
2,0,265,98,N,True
2,261,265,98,N,True
2,98,265,98,N,True
2,322,342,98,N,True
2,67,342,98,N,True
2,223,342,98,N,True
2,0,342,98,N,True
2,261,342,98,N,True
2,122,342,98,N,True
2,98,342,98,N,True
2,26,315,98,N,True
2,142,315,98,N,True
2,322,315,98,N,True
2,67,315,98,N,True
2,133,315,98,N,True
2,323,315,98,N,True
2,223,315,98,N,True
2,0,315,98,N,True
2,122,315,98,N,True
2,98,315,98,N,True
2,26,252,98,N,True
2,142,252,98,N,True
2,322,252,98,N,True
2,67,252,98,N,True
2,223,252,98,N,True
2,0,252,98,N,True
2,186,252,98,N,True
2,261,252,98,N,True
2,122,252,98,N,True
2,98,252,98,N,True
2,223,211,98,N,True
2,0,211,98,N,True
2,261,211,98,N,True
2,98,211,98,N,True
2,341,188,98,N,True
2,26,188,98,N,True
2,142,188,98,N,True
2,322,188,98,N,True
2,67,188,98,N,True
2,323,188,98,N,True
2,133,188,98,N,True
2,223,188,98,N,True
2,0,188,98,N,True
2,186,188,98,N,True
2,122,188,98,N,True
2,26,128,98,N,True
2,322,128,98,N,True
2,67,128,98,N,True
2,223,128,98,N,True
2,0,128,98,N,True
2,186,128,98,N,True
2,122,128,98,N,True
2,98,128,98,N,True
2,26,313,98,N,True
2,67,313,98,N,True
2,223,313,98,N,True
2,0,313,98,N,True
2,261,313,98,N,True
2,98,313,98,N,True
2,67,272,98,N,True
2,0,272,98,N,True
2,186,272,98,N,True
2,122,272,98,N,True
2,98,272,98,N,True
2,26,109,98,N,True
2,142,109,98,N,True
2,322,109,98,N,True
2,67,109,98,N,True
2,323,109,98,N,True
2,0,109,98,N,True
2,186,109,98,N,True
2,122,109,98,N,True
2,98,109,98,N,True
2,142,345,98,N,True
2,322,345,98,N,True
2,67,345,98,N,True
2,0,345,98,N,True
2,186,345,98,N,True
2,261,345,98,N,True
2,122,345,98,N,True
2,341,9,98,N,True
2,26,9,98,N,True
2,142,9,98,N,True
2,322,9,98,N,True
2,67,9,98,N,True
2,323,9,98,N,True
2,133,9,98,N,True
2,0,9,98,N,True
2,186,9,98,N,True
2,122,9,98,N,True
2,276,9,98,N,True
2,0,59,98,N,True
2,186,59,98,N,True
2,261,59,98,N,True
2,98,59,98,N,True
2,26,123,98,N,True
2,142,123,98,N,True
2,67,123,98,N,True
2,0,123,98,N,True
2,186,123,98,N,True
2,261,123,98,N,True
2,318,123,98,N,True
2,122,123,98,N,True
2,98,123,98,N,True
2,142,45,98,N,True
2,322,45,98,N,True
2,67,45,98,N,True
2,0,45,98,N,True
2,186,45,98,N,True
2,122,45,98,N,True
2,26,104,98,N,True
2,142,104,98,N,True
2,322,104,98,N,True
2,67,104,98,N,True
2,0,104,98,N,True
2,186,104,98,N,True
2,318,104,98,N,True
2,122,104,98,N,True
2,98,104,98,N,True
2,0,221,98,N,True
2,322,221,98,N,True
2,186,221,98,N,True
2,0,222,98,N,True
2,186,222,98,N,True
2,0,331,98,N,True
2,186,331,98,N,True
2,98,331,98,N,True
2,142,303,98,N,True
2,322,303,98,N,True
2,67,303,98,N,True
2,0,303,98,N,True
2,186,303,98,N,True
2,122,303,98,N,True
2,26,113,98,N,True
2,142,113,98,N,True
2,67,113,98,N,True
2,0,113,98,N,True
2,186,113,98,N,True
2,261,113,98,N,True
2,122,113,98,N,True
2,98,113,98,N,True
2,186,bot0__4,98,N,True
2,0,63,98,N,True
2,261,63,98,N,True
2,0,16,98,N,True
2,261,16,98,N,True
2,0,268,98,N,True
2,261,268,98,N,True
2,26,118,98,N,True
2,322,118,98,N,True
2,67,118,98,N,True
2,0,118,98,N,True
2,261,118,98,N,True
2,98,118,98,N,True
2,0,65,98,N,True
2,261,65,98,N,True
2,0,314,98,N,True
2,96,314,98,N,True
2,261,314,98,N,True
2,67,82,98,N,True
2,0,82,98,N,True
2,261,82,98,N,True
2,318,82,98,N,True
2,98,82,98,N,True
2,0,148,98,N,True
2,261,148,98,N,True
2,98,148,98,N,True
2,261,reel1__8,98,N,True
2,343,111,98,N,True
2,0,111,98,N,True
2,214,111,98,N,True
2,0,230,98,N,True
2,23,230,98,N,True
2,214,230,98,N,True
2,26,332,98,N,True
2,142,332,98,N,True
2,67,332,98,N,True
2,323,332,98,N,True
2,0,332,98,N,True
2,122,332,98,N,True
2,98,332,98,N,True
2,341,304,98,N,True
2,26,304,98,N,True
2,322,304,98,N,True
2,67,304,98,N,True
2,0,304,98,N,True
2,122,304,98,N,True
2,98,304,98,N,True
2,0,103,98,N,True
2,323,103,98,N,True
2,98,103,98,N,True
2,98,reel0__5,98,N,True
2,98,bot4__4,98,N,True
2,0,190,98,N,True
2,23,190,98,N,True
2,96,190,98,N,True
2,0,69,98,N,True
2,26,69,98,N,True
2,67,69,98,N,True
2,0,290,98,N,True
2,322,290,98,N,True
2,67,290,98,N,True
2,323,290,98,N,True
2,0,75,98,N,True
2,322,75,98,N,True
2,67,75,98,N,True
2,323,75,98,N,True
2,0,156,98,N,True
2,67,156,98,N,True
2,122,156,98,N,True
2,0,134,98,N,True
2,26,134,98,N,True
2,142,134,98,N,True
2,67,134,98,N,True
2,26,3,98,N,True
2,142,3,98,N,True
2,67,3,98,N,True
2,323,3,98,N,True
2,0,3,98,N,True
2,122,3,98,N,True
2,0,344,98,N,True
2,67,344,98,N,True
2,122,344,98,N,True
2,0,72,98,N,True
2,26,72,98,N,True
2,67,72,98,N,True
2,0,79,98,N,True
2,26,79,98,N,True
2,67,79,98,N,True
2,0,10,98,N,True
2,142,10,98,N,True
2,67,10,98,N,True
2,323,10,98,N,True
2,26,158,98,N,True
2,142,158,98,N,True
2,322,158,98,N,True
2,67,158,98,N,True
2,0,158,98,N,True
2,26,169,98,N,True
2,142,169,98,N,True
2,322,169,98,N,True
2,67,169,98,N,True
2,0,169,98,N,True
2,318,169,98,N,True
2,122,169,98,N,True
2,26,308,98,N,True
2,142,308,98,N,True
2,322,308,98,N,True
2,67,308,98,N,True
2,323,308,98,N,True
2,0,308,98,N,True
2,0,324,98,N,True
2,67,324,98,N,True
2,0,31,98,N,True
2,142,31,98,N,True
2,67,31,98,N,True
2,122,31,98,N,True
2,133,reel1__1,98,N,True
2,0,85,98,N,True
2,322,85,98,N,True
2,323,85,98,N,True
2,0,100,98,N,True
2,323,100,98,N,True
2,0,24,98,N,True
2,0,176,98,N,True
2,26,176,98,N,True
2,122,176,98,N,True
2,0,84,98,N,True
2,276,84,98,N,True
2,0,175,98,N,True
2,23,175,98,N,True
2,19,175,98,N,True
2,0,46,98,N,True
2,0,254,98,N,True
2,0,194,98,N,True
2,0,231,98,N,True
2,0,127,98,N,True
2,0,299,98,N,True
2,0,57,98,N,True
2,0,270,98,N,True
2,0,76,98,N,True
2,0,36,98,N,True
2,0,339,98,N,True
2,322,339,98,N,True
2,0,108,98,N,True
2,0,197,98,N,True
2,0,273,98,N,True
2,0,83,98,N,True
2,23,83,98,N,True
2,0,307,98,N,True
2,0,71,98,N,True
2,0,207,98,N,True
2,322,207,98,N,True
2,0,168,98,N,True
2,0,317,98,N,True
2,0,27,98,N,True
2,0,54,98,N,True
2,0,139,98,N,True
2,0,105,98,N,True
2,0,64,98,N,True
2,0,126,98,N,True
2,322,126,98,N,True
2,0,283,98,N,True
2,0,146,98,N,True
2,0,94,98,N,True
2,0,159,98,N,True
2,0,80,98,N,True
2,0,7,98,N,True
2,322,7,98,N,True
2,0,49,98,N,True
2,0,320,98,N,True
2,0,171,98,N,True
2,0,32,98,N,True
2,0,92,98,N,True
2,0,125,98,N,True
2,0,278,98,N,True
2,0,340,98,N,True
2,0,237,98,N,True
2,23,237,98,N,True
2,0,311,98,N,True
2,0,309,98,N,True
2,0,70,98,N,True
2,0,249,98,N,True
2,0,39,98,N,True
2,0,228,98,N,True
2,0,286,98,N,True
2,0,293,98,N,True
2,19,293,98,N,True
2,0,33,98,N,True
2,0,42,98,N,True
2,0,347,98,N,True
2,0,281,98,N,True
2,122,281,98,N,True
2,0,263,98,N,True
2,0,51,98,N,True
2,23,51,98,N,True
2,0,218,98,N,True
2,0,5,98,N,True
2,122,5,98,N,True
2,0,195,98,N,True
2,0,245,98,N,True
2,23,245,98,N,True
2,0,129,98,N,True
2,0,328,98,N,True
2,0,150,98,N,True
2,0,101,98,N,True
2,0,99,98,N,True
2,23,99,98,N,True
2,0,296,98,N,True
2,0,102,98,N,True
2,0,163,98,N,True
2,0,165,98,N,True
2,0,121,98,N,True
2,0,306,98,N,True
2,0,177,98,N,True
2,0,189,98,N,True
2,0,60,98,N,True
2,322,60,98,N,True
2,0,259,98,N,True
2,0,269,98,N,True
2,0,167,98,N,True
2,0,227,98,N,True
2,23,227,98,N,True
2,19,227,98,N,True
2,0,91,98,N,True
2,0,93,98,N,True
2,0,235,98,N,True
2,122,235,98,N,True
2,0,89,98,N,True
2,19,89,98,N,True
2,0,107,98,N,True
2,0,208,98,N,True
2,0,301,98,N,True
2,0,29,98,N,True
2,0,337,98,N,True
2,0,110,98,N,True
2,0,264,98,N,True
2,0,86,98,N,True
2,0,152,98,N,True
2,0,260,98,N,True
2,322,260,98,N,True
2,0,321,98,N,True
2,0,68,98,N,True
2,0,131,98,N,True
2,0,22,98,N,True
2,0,298,98,N,True
2,26,298,98,N,True
2,0,50,98,N,True
2,0,193,98,N,True
2,0,216,98,N,True
2,0,151,98,N,True
2,14,151,98,N,True
2,0,157,98,N,True
2,0,4,98,N,True
2,0,95,98,N,True
2,0,120,98,N,True
2,0,247,98,N,True
2,0,282,98,N,True
2,0,244,98,N,True
2,0,319,98,N,True
2,19,319,98,N,True
2,0,233,98,N,True
2,0,256,98,N,True
2,0,166,98,N,True
2,0,155,98,N,True
2,23,155,98,N,True
2,0,147,98,N,True
2,0,206,98,N,True
2,0,138,98,N,True
2,19,138,98,N,True
2,0,164,98,N,True
2,0,240,98,N,True
2,23,240,98,N,True
2,0,77,98,N,True
2,0,305,98,N,True
2,0,154,98,N,True
2,0,198,98,N,True
2,0,182,98,N,True
2,0,241,98,N,True
2,0,205,98,N,True
2,0,47,98,N,True
2,0,52,98,N,True
2,0,34,98,N,True
2,0,35,98,N,True
2,341,bot0__6,98,N,True
2,341,bot0__8,98,N,True
2,reel2__0,295,99,N,True
2,0,295,99,N,True
2,26,295,99,N,True
2,105,280,99,N,True
2,26,280,99,N,True
2,67,280,99,N,True
2,0,280,99,N,True
2,121,280,99,N,True
2,25,280,99,N,True
2,39,280,99,N,True
2,236,280,99,N,True
2,105,257,99,N,True
2,26,257,99,N,True
2,0,257,99,N,True
2,25,257,99,N,True
2,39,257,99,N,True
2,236,257,99,N,True
2,105,315,99,N,True
2,26,315,99,N,True
2,67,315,99,N,True
2,0,315,99,N,True
2,121,315,99,N,True
2,236,315,99,N,True
2,0,148,99,N,True
2,105,148,99,N,True
2,25,148,99,N,True
2,105,119,99,N,True
2,26,119,99,N,True
2,67,119,99,N,True
2,0,119,99,N,True
2,25,119,99,N,True
2,39,119,99,N,True
2,0,56,99,N,True
2,67,56,99,N,True
2,26,56,99,N,True
2,25,56,99,N,True
2,26,297,99,N,True
2,67,297,99,N,True
2,0,297,99,N,True
2,25,297,99,N,True
2,236,297,99,N,True
2,26,252,99,N,True
2,67,252,99,N,True
2,0,252,99,N,True
2,25,252,99,N,True
2,236,252,99,N,True
2,0,134,99,N,True
2,67,134,99,N,True
2,26,134,99,N,True
2,0,3,99,N,True
2,67,3,99,N,True
2,26,3,99,N,True
2,25,3,99,N,True
2,0,334,99,N,True
2,67,334,99,N,True
2,26,334,99,N,True
2,0,109,99,N,True
2,67,109,99,N,True
2,26,109,99,N,True
2,0,158,99,N,True
2,67,158,99,N,True
2,26,158,99,N,True
2,25,158,99,N,True
2,0,199,99,N,True
2,67,199,99,N,True
2,26,199,99,N,True
2,25,199,99,N,True
2,0,313,99,N,True
2,67,313,99,N,True
2,26,313,99,N,True
2,39,313,99,N,True
2,0,118,99,N,True
2,67,118,99,N,True
2,26,118,99,N,True
2,0,265,99,N,True
2,67,265,99,N,True
2,26,265,99,N,True
2,0,72,99,N,True
2,67,72,99,N,True
2,26,72,99,N,True
2,25,72,99,N,True
2,0,308,99,N,True
2,67,308,99,N,True
2,26,308,99,N,True
2,0,248,99,N,True
2,67,248,99,N,True
2,26,248,99,N,True
2,236,248,99,N,True
2,0,128,99,N,True
2,67,128,99,N,True
2,26,128,99,N,True
2,26,122,99,N,True
2,67,122,99,N,True
2,0,122,99,N,True
2,25,122,99,N,True
2,236,122,99,N,True
2,26,113,99,N,True
2,67,113,99,N,True
2,0,113,99,N,True
2,121,113,99,N,True
2,25,113,99,N,True
2,0,239,99,N,True
2,67,239,99,N,True
2,26,239,99,N,True
2,25,239,99,N,True
2,0,161,99,N,True
2,67,161,99,N,True
2,26,161,99,N,True
2,39,161,99,N,True
2,26,271,99,N,True
2,67,271,99,N,True
2,0,271,99,N,True
2,25,271,99,N,True
2,236,271,99,N,True
2,26,169,99,N,True
2,67,169,99,N,True
2,0,169,99,N,True
2,121,169,99,N,True
2,25,169,99,N,True
2,236,169,99,N,True
2,0,104,99,N,True
2,67,104,99,N,True
2,26,104,99,N,True
2,25,104,99,N,True
2,0,188,99,N,True
2,67,188,99,N,True
2,26,188,99,N,True
2,25,188,99,N,True
2,0,40,99,N,True
2,67,40,99,N,True
2,26,40,99,N,True
2,25,40,99,N,True
2,0,123,99,N,True
2,67,123,99,N,True
2,26,123,99,N,True
2,0,98,99,N,True
2,67,98,99,N,True
2,26,98,99,N,True
2,25,98,99,N,True
2,0,79,99,N,True
2,67,79,99,N,True
2,26,79,99,N,True
2,25,79,99,N,True
2,26,141,99,N,True
2,67,141,99,N,True
2,0,141,99,N,True
2,25,141,99,N,True
2,39,141,99,N,True
2,236,141,99,N,True
2,0,133,99,N,True
2,26,133,99,N,True
2,236,133,99,N,True
2,26,322,99,N,True
2,67,322,99,N,True
2,0,322,99,N,True
2,25,322,99,N,True
2,236,322,99,N,True
2,26,186,99,N,True
2,67,186,99,N,True
2,0,186,99,N,True
2,25,186,99,N,True
2,236,186,99,N,True
2,0,332,99,N,True
2,67,332,99,N,True
2,26,332,99,N,True
2,25,332,99,N,True
2,0,62,99,N,True
2,67,62,99,N,True
2,26,62,99,N,True
2,236,62,99,N,True
2,0,172,99,N,True
2,26,172,99,N,True
2,26,224,99,N,True
2,67,224,99,N,True
2,0,224,99,N,True
2,25,224,99,N,True
2,236,224,99,N,True
2,0,13,99,N,True
2,67,13,99,N,True
2,26,13,99,N,True
2,236,13,99,N,True
2,0,285,99,N,True
2,67,285,99,N,True
2,26,285,99,N,True
2,25,285,99,N,True
2,0,223,99,N,True
2,67,223,99,N,True
2,26,223,99,N,True
2,0,66,99,N,True
2,67,66,99,N,True
2,26,66,99,N,True
2,0,152,99,N,True
2,181,152,99,N,True
2,275,152,99,N,True
2,4,152,99,N,True
2,0,345,99,N,True
2,67,345,99,N,True
2,0,342,99,N,True
2,67,342,99,N,True
2,0,196,99,N,True
2,67,196,99,N,True
2,0,45,99,N,True
2,67,45,99,N,True
2,0,136,99,N,True
2,67,136,99,N,True
2,0,290,99,N,True
2,67,290,99,N,True
2,25,290,99,N,True
2,0,75,99,N,True
2,67,75,99,N,True
2,0,156,99,N,True
2,67,156,99,N,True
2,0,213,99,N,True
2,67,213,99,N,True
2,236,213,99,N,True
2,0,344,99,N,True
2,67,344,99,N,True
2,0,303,99,N,True
2,67,303,99,N,True
2,236,303,99,N,True
2,0,261,99,N,True
2,67,261,99,N,True
2,0,10,99,N,True
2,67,10,99,N,True
2,0,82,99,N,True
2,121,82,99,N,True
2,67,82,99,N,True
2,0,324,99,N,True
2,67,324,99,N,True
2,0,31,99,N,True
2,67,31,99,N,True
2,25,31,99,N,True
2,195,reel1__6,99,N,True
2,195,reel2__3,99,N,True
2,195,reel2__6,99,N,True
2,0,346,99,N,True
2,0,204,99,N,True
2,0,65,99,N,True
2,25,65,99,N,True
2,0,84,99,N,True
2,236,84,99,N,True
2,25,84,99,N,True
2,0,53,99,N,True
2,0,175,99,N,True
2,0,254,99,N,True
2,0,194,99,N,True
2,0,231,99,N,True
2,25,231,99,N,True
2,0,117,99,N,True
2,0,127,99,N,True
2,0,23,99,N,True
2,0,116,99,N,True
2,0,73,99,N,True
2,25,73,99,N,True
2,0,299,99,N,True
2,0,48,99,N,True
2,0,63,99,N,True
2,0,270,99,N,True
2,25,270,99,N,True
2,0,76,99,N,True
2,25,76,99,N,True
2,0,274,99,N,True
2,0,88,99,N,True
2,236,88,99,N,True
2,25,88,99,N,True
2,0,108,99,N,True
2,0,197,99,N,True
2,0,83,99,N,True
2,25,83,99,N,True
2,0,28,99,N,True
2,0,312,99,N,True
2,0,242,99,N,True
2,0,214,99,N,True
2,0,20,99,N,True
2,0,307,99,N,True
2,0,71,99,N,True
2,0,333,99,N,True
2,0,207,99,N,True
2,0,168,99,N,True
2,0,238,99,N,True
2,0,317,99,N,True
2,0,38,99,N,True
2,0,302,99,N,True
2,0,27,99,N,True
2,0,54,99,N,True
2,0,64,99,N,True
2,0,217,99,N,True
2,0,126,99,N,True
2,0,283,99,N,True
2,25,283,99,N,True
2,0,226,99,N,True
2,0,146,99,N,True
2,0,300,99,N,True
2,0,94,99,N,True
2,25,94,99,N,True
2,0,184,99,N,True
2,0,159,99,N,True
2,0,59,99,N,True
2,0,17,99,N,True
2,0,326,99,N,True
2,0,80,99,N,True
2,0,187,99,N,True
2,0,255,99,N,True
2,0,320,99,N,True
2,0,284,99,N,True
2,0,137,99,N,True
2,0,115,99,N,True
2,0,171,99,N,True
2,0,111,99,N,True
2,0,14,99,N,True
2,0,310,99,N,True
2,0,32,99,N,True
2,0,30,99,N,True
2,236,30,99,N,True
2,0,222,99,N,True
2,0,92,99,N,True
2,0,125,99,N,True
2,0,266,99,N,True
2,0,340,99,N,True
2,0,237,99,N,True
2,25,237,99,N,True
2,0,311,99,N,True
2,0,330,99,N,True
2,0,230,99,N,True
2,0,70,99,N,True
2,0,16,99,N,True
2,0,249,99,N,True
2,0,258,99,N,True
2,0,81,99,N,True
2,0,174,99,N,True
2,0,293,99,N,True
2,0,33,99,N,True
2,0,42,99,N,True
2,0,347,99,N,True
2,0,2,99,N,True
2,0,281,99,N,True
2,0,263,99,N,True
2,0,279,99,N,True
2,0,338,99,N,True
2,0,19,99,N,True
2,0,314,99,N,True
2,236,314,99,N,True
2,0,5,99,N,True
2,0,178,99,N,True
2,0,192,99,N,True
2,0,243,99,N,True
2,0,8,99,N,True
2,0,245,99,N,True
2,0,129,99,N,True
2,0,331,99,N,True
2,25,331,99,N,True
2,0,101,99,N,True
2,0,99,99,N,True
2,0,296,99,N,True
2,0,318,99,N,True
2,236,318,99,N,True
2,0,163,99,N,True
2,0,173,99,N,True
2,0,165,99,N,True
2,121,165,99,N,True
2,39,165,99,N,True
2,0,180,99,N,True
2,0,87,99,N,True
2,0,189,99,N,True
2,0,60,99,N,True
2,0,58,99,N,True
2,0,269,99,N,True
2,0,167,99,N,True
2,0,227,99,N,True
2,0,96,99,N,True
2,0,91,99,N,True
2,0,143,99,N,True
2,0,41,99,N,True
2,0,235,99,N,True
2,0,6,99,N,True
2,0,89,99,N,True
2,0,107,99,N,True
2,0,132,99,N,True
2,0,221,99,N,True
2,25,221,99,N,True
2,0,250,99,N,True
2,0,29,99,N,True
2,0,337,99,N,True
2,0,100,99,N,True
2,0,110,99,N,True
2,0,225,99,N,True
2,0,86,99,N,True
2,0,289,99,N,True
2,0,260,99,N,True
2,0,160,99,N,True
2,0,321,99,N,True
2,0,68,99,N,True
2,0,131,99,N,True
2,0,262,99,N,True
2,0,220,99,N,True
2,0,234,99,N,True
2,0,44,99,N,True
2,0,50,99,N,True
2,0,193,99,N,True
2,0,97,99,N,True
2,0,124,99,N,True
2,0,112,99,N,True
2,0,90,99,N,True
2,0,179,99,N,True
2,0,216,99,N,True
2,0,151,99,N,True
2,0,145,99,N,True
2,0,327,99,N,True
2,0,95,99,N,True
2,0,120,99,N,True
2,0,247,99,N,True
2,0,190,99,N,True
2,0,282,99,N,True
2,0,244,99,N,True
2,0,319,99,N,True
2,0,233,99,N,True
2,0,256,99,N,True
2,0,166,99,N,True
2,0,202,99,N,True
2,0,155,99,N,True
2,0,147,99,N,True
2,0,206,99,N,True
2,121,206,99,N,True
2,0,229,99,N,True
2,0,138,99,N,True
2,0,164,99,N,True
2,0,77,99,N,True
2,0,219,99,N,True
2,0,305,99,N,True
2,0,153,99,N,True
2,0,154,99,N,True
2,0,198,99,N,True
2,0,182,99,N,True
2,0,336,99,N,True
2,25,336,99,N,True
2,0,241,99,N,True
2,0,267,99,N,True
2,0,316,99,N,True
2,0,205,99,N,True
2,0,47,99,N,True
2,0,183,99,N,True
2,0,35,99,N,True
2,0,reel3__5,99,N,True
2,275,bot2__1,99,N,True
2,121,reel0__0,99,N,True
2,78,reel2__8,99,N,True
3,131,reel2__2,80,N,False
3,285,bot3__3,80,N,False
3,98,bot4__4,80,N,False
3,75,reel0__4,80,N,False
3,290,bot0__3,80,N,False
3,64,bot0__3,80,N,False
3,244,bot0__3,80,N,False
3,121,reel0__0,80,N,False
3,170,reel0__0,80,N,False
3,241,bot4__1,80,N,False
3,326,bot4__1,80,N,False
3,36,reel1__5,80,N,False
3,151,reel1__5,80,N,False
3,339,reel1__5,80,N,False
3,156,bot1__5,80,N,False
3,160,bot1__5,80,N,False
3,156,bot2__1,80,N,False
3,275,bot2__1,80,N,False
3,42,bot2__1,80,N,False
3,156,bot4__9,80,N,False
3,213,bot0__6,80,N,False
3,341,bot0__6,80,N,False
3,47,bot1__7,80,N,False
3,60,bot4__3,80,N,False
3,171,bot2__5,80,N,False
3,36,bot0__5,80,N,False
3,169,bot0__5,80,N,False
3,41,reel3__0,80,N,False
3,229,bot4__6,80,N,False
3,14,bot3__4,80,N,False
3,194,bot3__7,80,N,False
3,64,bot2__0,80,N,False
3,118,bot2__0,80,N,False
3,118,reel3__3,80,N,False
3,342,bot0__7,80,N,False
3,218,reel2__0,82,N,False
3,89,6,82,N,False
3,89,219,82,N,False
3,89,147,82,N,False
3,275,152,82,N,False
3,275,bot0__4,82,N,False
3,275,bot2__1,82,N,False
3,19,293,84,N,False
3,19,319,84,N,False
3,19,227,84,N,False
3,19,89,84,N,False
3,19,bot2__6,84,N,False
3,bot2__0,64,84,N,False
3,bot2__0,118,84,N,False
3,bot2__0,bot4__1,84,N,False
3,151,reel1__5,84,N,False
3,343,162,84,N,False
3,277,308,85,N,False
3,322,308,85,N,False
3,161,308,85,N,False
3,172,308,85,N,False
3,277,159,85,N,False
3,172,159,85,N,False
3,200,103,85,N,False
3,211,103,85,N,False
3,98,103,85,N,False
3,172,103,85,N,False
3,277,40,85,N,False
3,200,40,85,N,False
3,172,40,85,N,False
3,29,40,85,N,False
3,322,40,85,N,False
3,325,40,85,N,False
3,265,40,85,N,False
3,265,298,85,N,False
3,172,298,85,N,False
3,172,reel1__6,85,N,False
3,322,250,85,N,False
3,59,250,85,N,False
3,200,280,85,N,False
3,322,280,85,N,False
3,277,280,85,N,False
3,98,280,85,N,False
3,211,272,85,N,False
3,277,272,85,N,False
3,98,272,85,N,False
3,98,bot4__4,85,N,False
3,342,314,85,N,False
3,161,314,85,N,False
3,65,314,85,N,False
3,277,339,85,N,False
3,322,339,85,N,False
3,161,339,85,N,False
3,65,339,85,N,False
3,342,188,85,N,False
3,322,188,85,N,False
3,277,188,85,N,False
3,200,188,85,N,False
3,322,224,85,N,False
3,200,224,85,N,False
3,322,75,85,N,False
3,200,75,85,N,False
3,277,9,85,N,False
3,200,9,85,N,False
3,342,9,85,N,False
3,322,9,85,N,False
3,161,9,85,N,False
3,134,9,85,N,False
3,322,185,85,N,False
3,200,185,85,N,False
3,200,274,85,N,False
3,277,142,85,N,False
3,200,142,85,N,False
3,322,142,85,N,False
3,161,142,85,N,False
3,134,142,85,N,False
3,322,236,85,N,False
3,200,236,85,N,False
3,277,10,85,N,False
3,200,10,85,N,False
3,29,106,85,N,False
3,238,106,85,N,False
3,29,247,85,N,False
3,265,84,85,N,False
3,222,bot1__8,85,N,False
3,134,132,85,N,False
3,277,132,85,N,False
3,230,70,85,N,False
3,277,105,85,N,False
3,277,120,85,N,False
3,322,169,85,N,False
3,277,169,85,N,False
3,277,208,85,N,False
3,322,130,85,N,False
3,277,130,85,N,False
3,342,bot0__7,85,N,False
3,342,bot2__4,85,N,False
3,322,60,85,N,False
3,322,126,85,N,False
3,322,85,85,N,False
3,322,303,85,N,False
3,322,246,85,N,False
3,322,88,85,N,False
3,322,158,85,N,False
3,325,158,85,N,False
3,322,242,85,N,False
3,322,345,85,N,False
3,322,bot2__7,85,N,False
3,203,172,86,N,False
3,239,172,86,N,False
3,329,172,86,N,False
3,26,172,86,N,False
3,277,172,86,N,False
3,82,172,86,N,False
3,313,172,86,N,False
3,332,172,86,N,False
3,331,172,86,N,False
3,203,238,86,N,False
3,239,238,86,N,False
3,82,238,86,N,False
3,313,238,86,N,False
3,26,141,86,N,False
3,239,141,86,N,False
3,67,141,86,N,False
3,39,141,86,N,False
3,203,59,86,N,False
3,239,59,86,N,False
3,82,59,86,N,False
3,203,265,86,N,False
3,239,265,86,N,False
3,26,265,86,N,False
3,67,265,86,N,False
3,313,265,86,N,False
3,331,265,86,N,False
3,203,186,86,N,False
3,239,186,86,N,False
3,26,186,86,N,False
3,277,186,86,N,False
3,67,186,86,N,False
3,285,186,86,N,False
3,331,186,86,N,False
3,239,123,86,N,False
3,26,123,86,N,False
3,82,123,86,N,False
3,67,123,86,N,False
3,318,123,86,N,False
3,26,66,86,N,False
3,239,66,86,N,False
3,67,66,86,N,False
3,203,104,86,N,False
3,239,104,86,N,False
3,26,104,86,N,False
3,277,104,86,N,False
3,67,104,86,N,False
3,332,104,86,N,False
3,318,104,86,N,False
3,332,231,86,N,False
3,239,231,86,N,False
3,82,231,86,N,False
3,329,231,86,N,False
3,277,168,86,N,False
3,339,168,86,N,False
3,332,38,86,N,False
3,339,38,86,N,False
3,285,136,86,N,False
3,146,136,86,N,False
3,67,136,86,N,False
3,339,136,86,N,False
3,339,340,86,N,False
3,285,103,86,N,False
3,185,103,86,N,False
3,339,103,86,N,False
3,339,129,86,N,False
3,26,158,86,N,False
3,82,158,86,N,False
3,132,158,86,N,False
3,67,158,86,N,False
3,339,158,86,N,False
3,332,158,86,N,False
3,339,152,86,N,False
3,339,260,86,N,False
3,277,291,86,N,False
3,26,291,86,N,False
3,329,291,86,N,False
3,339,291,86,N,False
3,332,291,86,N,False
3,339,347,86,N,False
3,339,reel1__5,86,N,False
3,100,bot1__2,86,N,False
3,285,345,86,N,False
3,67,345,86,N,False
3,285,164,86,N,False
3,285,117,86,N,False
3,285,196,86,N,False
3,67,196,86,N,False
3,285,10,86,N,False
3,277,10,86,N,False
3,67,10,86,N,False
3,332,10,86,N,False
3,285,bot3__3,86,N,False
3,217,bot2__7,86,N,False
3,171,107,86,N,False
3,171,bot2__5,86,N,False
3,105,257,86,N,False
3,26,257,86,N,False
3,39,257,86,N,False
3,26,69,86,N,False
3,105,69,86,N,False
3,67,69,86,N,False
3,39,69,86,N,False
3,277,130,86,N,False
3,329,130,86,N,False
3,329,30,86,N,False
3,331,30,86,N,False
3,277,204,86,N,False
3,329,204,86,N,False
3,203,308,86,N,False
3,26,308,86,N,False
3,329,308,86,N,False
3,277,308,86,N,False
3,67,308,86,N,False
3,329,202,86,N,False
3,329,178,86,N,False
3,329,bot4__0,86,N,False
3,82,314,86,N,False
3,313,314,86,N,False
3,203,268,86,N,False
3,82,268,86,N,False
3,203,134,86,N,False
3,26,134,86,N,False
3,277,134,86,N,False
3,132,134,86,N,False
3,67,134,86,N,False
3,67,75,86,N,False
3,67,156,86,N,False
3,26,3,86,N,False
3,67,3,86,N,False
3,331,73,86,N,False
3,79,reel3__9,86,N,False
3,332,53,86,N,False
3,146,53,86,N,False
3,203,341,86,N,False
3,189,reel0__3,86,N,False
3,189,reel2__2,86,N,False
3,26,298,86,N,False
3,277,57,86,N,False
3,277,120,86,N,False
3,313,bot0__6,86,N,False
3,175,46,87,N,False
3,175,19,87,N,False
3,175,321,87,N,False
3,175,277,87,N,False
3,122,285,88,N,False
3,188,285,88,N,False
3,67,285,88,N,False
3,272,285,88,N,False
3,122,345,88,N,False
3,67,345,88,N,False
3,122,284,88,N,False
3,122,142,88,N,False
3,188,142,88,N,False
3,67,142,88,N,False
3,122,3,88,N,False
3,188,3,88,N,False
3,85,3,88,N,False
3,67,3,88,N,False
3,122,119,88,N,False
3,188,119,88,N,False
3,67,119,88,N,False
3,122,239,88,N,False
3,188,239,88,N,False
3,67,239,88,N,False
3,272,239,88,N,False
3,122,261,88,N,False
3,67,261,88,N,False
3,122,303,88,N,False
3,67,303,88,N,False
3,122,304,88,N,False
3,188,304,88,N,False
3,67,304,88,N,False
3,272,304,88,N,False
3,122,252,88,N,False
3,188,252,88,N,False
3,67,252,88,N,False
3,272,252,88,N,False
3,122,332,88,N,False
3,67,332,88,N,False
3,122,104,88,N,False
3,188,104,88,N,False
3,67,104,88,N,False
3,122,342,88,N,False
3,188,342,88,N,False
3,67,342,88,N,False
3,67,21,88,N,False
3,122,21,88,N,False
3,235,21,88,N,False
3,188,21,88,N,False
3,272,21,88,N,False
3,122,109,88,N,False
3,67,109,88,N,False
3,122,277,88,N,False
3,188,277,88,N,False
3,67,277,88,N,False
3,272,277,88,N,False
3,122,297,88,N,False
3,188,297,88,N,False
3,67,297,88,N,False
3,272,297,88,N,False
3,122,281,88,N,False
3,272,281,88,N,False
3,67,212,88,N,False
3,67,69,88,N,False
3,67,196,88,N,False
3,188,290,88,N,False
3,67,290,88,N,False
3,67,134,88,N,False
3,67,72,88,N,False
3,272,72,88,N,False
3,67,10,88,N,False
3,67,82,88,N,False
3,67,308,88,N,False
3,188,334,88,N,False
3,67,334,88,N,False
3,67,118,88,N,False
3,bot2__1,275,88,N,False
3,260,reel0__8,88,N,False
3,188,133,88,N,False
3,188,208,88,N,False
3,188,341,88,N,False
3,272,159,88,N,False
3,272,105,88,N,False
3,272,257,88,N,False
3,272,184,88,N,False
3,281,108,89,N,False
3,21,108,89,N,False
3,69,121,89,N,False
3,82,121,89,N,False
3,21,121,89,N,False
3,280,121,89,N,False
3,281,197,89,N,False
3,21,197,89,N,False
3,170,reel0__0,89,N,False
3,170,reel3__6,89,N,False
3,281,135,89,N,False
3,281,309,89,N,False
3,281,36,89,N,False
3,199,231,89,N,False
3,232,231,89,N,False
3,82,231,89,N,False
3,40,231,89,N,False
3,280,231,89,N,False
3,332,231,89,N,False
3,332,329,89,N,False
3,40,329,89,N,False
3,280,329,89,N,False
3,72,329,89,N,False
3,332,16,89,N,False
3,82,16,89,N,False
3,118,16,89,N,False
3,261,16,89,N,False
3,82,65,89,N,False
3,118,65,89,N,False
3,261,65,89,N,False
3,82,318,89,N,False
3,104,318,89,N,False
3,261,318,89,N,False
3,199,172,89,N,False
3,26,172,89,N,False
3,232,172,89,N,False
3,342,172,89,N,False
3,82,172,89,N,False
3,40,172,89,N,False
3,118,172,89,N,False
3,332,172,89,N,False
3,72,172,89,N,False
3,261,172,89,N,False
3,325,172,89,N,False
3,265,172,89,N,False
3,109,314,89,N,False
3,199,314,89,N,False
3,342,314,89,N,False
3,82,314,89,N,False
3,161,314,89,N,False
3,261,314,89,N,False
3,199,238,89,N,False
3,342,238,89,N,False
3,82,238,89,N,False
3,118,238,89,N,False
3,261,238,89,N,False
3,134,238,89,N,False
3,325,238,89,N,False
3,265,238,89,N,False
3,232,reel2__7,89,N,False
3,109,331,89,N,False
3,82,331,89,N,False
3,118,331,89,N,False
3,332,331,89,N,False
3,265,331,89,N,False
3,82,222,89,N,False
3,199,222,89,N,False
3,118,222,89,N,False
3,325,222,89,N,False
3,40,307,89,N,False
3,196,249,89,N,False
3,196,194,89,N,False
3,196,266,89,N,False
3,196,92,89,N,False
3,196,180,89,N,False
3,196,254,89,N,False
3,3,228,89,N,False
3,3,reel0__4,89,N,False
3,199,288,89,N,False
3,118,reel3__3,89,N,False
3,342,bot2__4,89,N,False
3,344,bot4__4,89,N,False
3,231,bot1__9,90,N,True
3,231,bot2__8,90,N,True
3,315,bot2__8,90,N,True
3,231,bot4__2,90,N,True
3,281,135,90,N,True
3,197,135,90,N,True
3,320,135,90,N,True
3,127,135,90,N,True
3,184,135,90,N,True
3,21,251,90,N,True
3,281,251,90,N,True
3,197,251,90,N,True
3,122,251,90,N,True
3,320,251,90,N,True
3,127,251,90,N,True
3,184,251,90,N,True
3,21,284,90,N,True
3,281,284,90,N,True
3,197,284,90,N,True
3,122,284,90,N,True
3,159,284,90,N,True
3,320,284,90,N,True
3,127,284,90,N,True
3,184,284,90,N,True
3,281,309,90,N,True
3,197,309,90,N,True
3,320,309,90,N,True
3,127,309,90,N,True
3,184,309,90,N,True
3,281,36,90,N,True
3,197,36,90,N,True
3,320,36,90,N,True
3,127,36,90,N,True
3,184,36,90,N,True
3,258,bot1__3,90,N,True
3,199,222,90,N,True
3,82,222,90,N,True
3,118,222,90,N,True
3,313,222,90,N,True
3,56,222,90,N,True
3,186,222,90,N,True
3,238,222,90,N,True
3,325,222,90,N,True
3,186,bot0__4,90,N,True
3,239,60,90,N,True
3,322,60,90,N,True
3,313,60,90,N,True
3,56,60,90,N,True
3,285,60,90,N,True
3,158,60,90,N,True
3,285,164,90,N,True
3,88,164,90,N,True
3,285,bot3__3,90,N,True
3,315,121,90,N,True
3,21,121,90,N,True
3,82,121,90,N,True
3,280,121,90,N,True
3,165,121,90,N,True
3,reel0__0,121,90,N,True
3,39,121,90,N,True
3,69,121,90,N,True
3,69,bot0__7,90,N,True
3,304,bot0__7,90,N,True
3,213,80,90,N,True
3,315,80,90,N,True
3,88,80,90,N,True
3,48,80,90,N,True
3,346,80,90,N,True
3,320,80,90,N,True
3,346,300,90,N,True
3,320,300,90,N,True
3,213,57,90,N,True
3,48,57,90,N,True
3,346,57,90,N,True
3,320,57,90,N,True
3,184,57,90,N,True
3,344,bot4__4,90,N,True
3,98,bot4__4,90,N,True
3,213,249,90,N,True
3,315,249,90,N,True
3,196,249,90,N,True
3,304,249,90,N,True
3,163,249,90,N,True
3,346,249,90,N,True
3,213,87,90,N,True
3,315,87,90,N,True
3,322,87,90,N,True
3,136,87,90,N,True
3,161,87,90,N,True
3,246,87,90,N,True
3,308,87,90,N,True
3,213,5,90,N,True
3,315,5,90,N,True
3,156,5,90,N,True
3,122,5,90,N,True
3,158,5,90,N,True
3,213,53,90,N,True
3,315,53,90,N,True
3,196,53,90,N,True
3,54,53,90,N,True
3,322,53,90,N,True
3,88,53,90,N,True
3,48,53,90,N,True
3,332,53,90,N,True
3,1,53,90,N,True
3,146,53,90,N,True
3,346,53,90,N,True
3,248,53,90,N,True
3,213,7,90,N,True
3,315,7,90,N,True
3,103,7,90,N,True
3,304,7,90,N,True
3,322,7,90,N,True
3,136,7,90,N,True
3,246,7,90,N,True
3,308,7,90,N,True
3,65,7,90,N,True
3,213,340,90,N,True
3,246,340,90,N,True
3,324,340,90,N,True
3,324,reel0__3,90,N,True
3,324,bot4__7,90,N,True
3,184,bot4__7,90,N,True
3,232,bot1__7,90,N,True
3,193,61,90,N,True
3,158,317,90,N,True
3,146,317,90,N,True
3,40,317,90,N,True
3,40,307,90,N,True
3,246,reel2__0,90,N,True
3,221,bot4__6,90,N,True
3,229,bot4__6,90,N,True
3,213,96,90,N,True
3,323,96,90,N,True
3,274,96,90,N,True
3,314,96,90,N,True
3,290,bot0__3,90,N,True
3,64,bot0__3,90,N,True
3,bot3__4,bot0__3,90,N,True
3,203,bot3__5,90,N,True
3,63,bot1__6,90,N,True
3,bot3__1,267,90,N,True
3,13,reel2__5,90,N,True
3,346,299,90,N,True
3,48,299,90,N,True
3,1,299,90,N,True
3,73,299,90,N,True
3,48,180,90,N,True
3,196,180,90,N,True
3,346,180,90,N,True
3,48,330,90,N,True
3,196,330,90,N,True
3,346,330,90,N,True
3,122,235,90,N,True
3,156,235,90,N,True
3,21,235,90,N,True
3,156,bot1__5,90,N,True
3,156,bot2__1,90,N,True
3,156,bot4__9,90,N,True
3,1,bot4__9,90,N,True
3,213,204,90,N,True
3,196,204,90,N,True
3,346,204,90,N,True
3,213,242,90,N,True
3,322,242,90,N,True
3,88,242,90,N,True
3,346,242,90,N,True
3,158,242,90,N,True
3,176,bot0__8,90,N,True
3,161,bot0__8,90,N,True
3,178,38,90,N,True
3,322,38,90,N,True
3,141,38,90,N,True
3,332,38,90,N,True
3,248,38,90,N,True
3,178,reel3__7,90,N,True
3,171,58,90,N,True
3,269,58,90,N,True
3,270,reel0__7,90,N,True
3,171,bot2__5,90,N,True
3,250,bot2__5,90,N,True
3,1,bot2__5,90,N,True
3,158,168,90,N,True
3,304,168,90,N,True
3,196,266,90,N,True
3,346,266,90,N,True
3,283,bot4__5,90,N,True
3,345,bot2__4,90,N,True
3,56,207,90,N,True
3,322,207,90,N,True
3,322,bot2__7,90,N,True
3,308,bot2__7,90,N,True
3,217,bot2__7,90,N,True
3,88,reel3__8,90,N,True
3,103,bot2__6,90,N,True
3,100,reel1__9,90,N,True
3,55,reel1__9,90,N,True
3,159,reel1__6,90,N,True
3,172,reel1__6,90,N,True
3,229,190,90,N,True
3,229,bot1__0,90,N,True
3,304,347,90,N,True
3,346,24,90,N,True
3,346,101,90,N,True
3,346,187,90,N,True
3,208,bot2__2,90,N,True
3,239,234,90,N,True
3,280,153,90,N,True
3,100,bot1__2,90,N,True
3,100,bot3__6,90,N,True
3,136,120,90,N,True
3,136,reel2__6,90,N,True
3,288,reel1__7,90,N,True
3,64,bot2__0,90,N,True
3,118,bot2__0,90,N,True
3,bot3__4,14,90,N,True
3,141,reel1__0,90,N,True
3,104,reel1__0,90,N,True
3,141,bot3__2,90,N,True
3,231,bot1__9,91,N,True
3,22,bot1__9,91,N,True
3,231,bot2__8,91,N,True
3,315,bot2__8,91,N,True
3,278,bot2__8,91,N,True
3,231,bot4__2,91,N,True
3,108,bot1__3,91,N,True
3,258,bot1__3,91,N,True
3,285,bot3__3,91,N,True
3,108,bot3__3,91,N,True
3,69,bot0__7,91,N,True
3,342,bot0__7,91,N,True
3,56,bot0__2,91,N,True
3,216,bot0__2,91,N,True
3,291,bot0__2,91,N,True
3,bot4__5,reel3__1,91,N,True
3,291,reel3__1,91,N,True
3,260,reel3__1,91,N,True
3,79,reel3__9,91,N,True
3,291,reel3__9,91,N,True
3,169,reel3__9,91,N,True
3,256,reel0__1,91,N,True
3,110,reel0__1,91,N,True
3,98,reel0__1,91,N,True
3,344,bot4__4,91,N,True
3,98,bot4__4,91,N,True
3,28,bot2__0,91,N,True
3,64,bot2__0,91,N,True
3,118,bot2__0,91,N,True
3,106,reel0__9,91,N,True
3,206,reel0__9,91,N,True
3,94,reel2__1,91,N,True
3,106,reel2__1,91,N,True
3,347,reel2__1,91,N,True
3,106,reel2__9,91,N,True
3,329,bot4__0,91,N,True
3,317,reel1__3,91,N,True
3,190,reel1__3,91,N,True
3,38,reel1__3,91,N,True
3,289,bot2__3,91,N,True
3,38,bot2__3,91,N,True
3,166,bot1__7,91,N,True
3,232,bot1__7,91,N,True
3,155,reel2__7,91,N,True
3,232,reel2__7,91,N,True
3,218,reel2__0,91,N,True
3,246,reel2__0,91,N,True
3,75,reel0__4,91,N,True
3,3,reel0__4,91,N,True
3,61,reel0__4,91,N,True
3,75,bot3__8,91,N,True
3,221,bot4__6,91,N,True
3,229,bot4__6,91,N,True
3,63,bot1__6,91,N,True
3,293,bot1__6,91,N,True
3,233,bot1__6,91,N,True
3,293,bot4__9,91,N,True
3,124,bot4__3,91,N,True
3,60,bot4__3,91,N,True
3,61,bot2__2,91,N,True
3,9,bot3__1,91,N,True
3,267,bot3__1,91,N,True
3,241,bot4__1,91,N,True
3,22,bot0__5,91,N,True
3,169,bot0__5,91,N,True
3,289,bot3__9,91,N,True
3,327,bot3__9,91,N,True
3,328,bot3__9,91,N,True
3,342,bot2__4,91,N,True
3,345,bot2__4,91,N,True
3,130,bot2__4,91,N,True
3,130,reel2__6,91,N,True
3,136,reel2__6,91,N,True
3,9,reel1__8,91,N,True
3,261,reel1__8,91,N,True
3,151,reel1__5,91,N,True
3,339,reel1__5,91,N,True
3,229,bot1__0,91,N,True
3,262,bot1__0,91,N,True
3,269,reel3__2,91,N,True
3,3,reel3__2,91,N,True
3,71,bot3__7,91,N,True
3,100,reel1__9,91,N,True
3,132,reel1__9,91,N,True
3,55,reel1__9,91,N,True
3,175,reel0__7,91,N,True
3,270,reel0__7,91,N,True
3,91,reel0__0,91,N,True
3,49,reel1__7,91,N,True
3,288,reel1__7,91,N,True
3,110,bot3__6,91,N,True
3,49,bot3__6,91,N,True
3,100,bot3__6,91,N,True
3,33,bot4__8,91,N,True
3,49,bot4__8,91,N,True
3,202,bot0__4,91,N,True
3,275,bot0__4,91,N,True
3,202,reel0__8,91,N,True
3,260,reel0__8,91,N,True
3,305,reel3__6,91,N,True
3,159,reel3__4,91,N,True
3,233,reel3__4,91,N,True
3,205,reel3__4,91,N,True
3,322,bot2__7,91,N,True
3,308,bot2__7,91,N,True
3,242,reel3__8,91,N,True
3,88,reel3__8,91,N,True
3,129,reel2__4,91,N,True
3,245,reel2__4,91,N,True
3,171,bot2__5,91,N,True
3,250,bot2__5,91,N,True
3,100,bot1__2,91,N,True
3,113,bot1__2,91,N,True
3,161,bot0__8,91,N,True
3,159,reel1__6,91,N,True
3,184,bot4__7,91,N,True
3,152,reel0__3,91,N,True
3,189,reel0__3,91,N,True
3,189,reel1__4,91,N,True
3,250,reel1__4,91,N,True
3,189,reel2__2,91,N,True
3,279,reel2__2,91,N,True
3,160,bot1__5,91,N,True
3,169,reel3__7,91,N,True
3,139,bot3__2,91,N,True
3,198,bot3__2,91,N,True
3,52,bot1__1,91,N,True
3,313,bot0__6,91,N,True
3,275,bot2__1,91,N,True
3,130,48,92,N,True
3,199,48,92,N,True
3,126,48,92,N,True
3,322,48,92,N,True
3,88,48,92,N,True
3,53,48,92,N,True
3,332,48,92,N,True
3,119,48,92,N,True
3,94,300,92,N,True
3,130,300,92,N,True
3,130,213,92,N,True
3,239,213,92,N,True
3,277,213,92,N,True
3,122,213,92,N,True
3,322,213,92,N,True
3,40,213,92,N,True
3,53,213,92,N,True
3,224,213,92,N,True
3,332,213,92,N,True
3,56,213,92,N,True
3,236,213,92,N,True
3,272,213,92,N,True
3,130,bot2__4,92,N,True
3,239,172,92,N,True
3,103,172,92,N,True
3,252,172,92,N,True
3,199,172,92,N,True
3,304,172,92,N,True
3,277,172,92,N,True
3,26,172,92,N,True
3,82,172,92,N,True
3,113,172,92,N,True
3,40,172,92,N,True
3,313,172,92,N,True
3,331,172,92,N,True
3,56,172,92,N,True
3,332,172,92,N,True
3,72,172,92,N,True
3,265,172,92,N,True
3,98,172,92,N,True
3,122,344,92,N,True
3,104,344,92,N,True
3,239,344,92,N,True
3,185,344,92,N,True
3,239,223,92,N,True
3,252,223,92,N,True
3,21,223,92,N,True
3,170,223,92,N,True
3,199,223,92,N,True
3,26,223,92,N,True
3,313,223,92,N,True
3,56,223,92,N,True
3,265,223,92,N,True
3,188,223,92,N,True
3,98,223,92,N,True
3,239,234,92,N,True
3,239,59,92,N,True
3,252,59,92,N,True
3,82,59,92,N,True
3,56,59,92,N,True
3,98,59,92,N,True
3,239,55,92,N,True
3,252,55,92,N,True
3,21,55,92,N,True
3,170,55,92,N,True
3,277,55,92,N,True
3,26,55,92,N,True
3,185,55,92,N,True
3,104,55,92,N,True
3,56,55,92,N,True
3,122,55,92,N,True
3,239,109,92,N,True
3,252,109,92,N,True
3,21,109,92,N,True
3,304,109,92,N,True
3,277,109,92,N,True
3,26,109,92,N,True
3,322,109,92,N,True
3,104,109,92,N,True
3,56,109,92,N,True
3,332,109,92,N,True
3,119,109,92,N,True
3,169,109,92,N,True
3,122,109,92,N,True
3,158,109,92,N,True
3,331,109,92,N,True
3,98,109,92,N,True
3,239,261,92,N,True
3,reel1__8,261,92,N,True
3,252,261,92,N,True
3,199,261,92,N,True
3,82,261,92,N,True
3,113,261,92,N,True
3,313,261,92,N,True
3,224,261,92,N,True
3,56,261,92,N,True
3,119,261,92,N,True
3,122,261,92,N,True
3,265,261,92,N,True
3,98,261,92,N,True
3,239,60,92,N,True
3,322,60,92,N,True
3,313,60,92,N,True
3,56,60,92,N,True
3,158,60,92,N,True
3,239,123,92,N,True
3,252,123,92,N,True
3,21,123,92,N,True
3,26,123,92,N,True
3,82,123,92,N,True
3,104,123,92,N,True
3,122,123,92,N,True
3,98,123,92,N,True
3,239,338,92,N,True
3,252,338,92,N,True
3,239,303,92,N,True
3,122,303,92,N,True
3,322,303,92,N,True
3,88,303,92,N,True
3,104,303,92,N,True
3,56,303,92,N,True
3,236,303,92,N,True
3,103,bot2__6,92,N,True
3,19,bot2__6,92,N,True
3,bot3__1,267,92,N,True
3,3,274,92,N,True
3,21,274,92,N,True
3,170,274,92,N,True
3,40,274,92,N,True
3,185,274,92,N,True
3,122,274,92,N,True
3,188,274,92,N,True
3,21,315,92,N,True
3,170,315,92,N,True
3,280,315,92,N,True
3,169,315,92,N,True
3,236,315,92,N,True
3,188,315,92,N,True
3,98,315,92,N,True
3,105,315,92,N,True
3,40,315,92,N,True
3,158,315,92,N,True
3,288,315,92,N,True
3,252,315,92,N,True
3,199,315,92,N,True
3,185,315,92,N,True
3,53,315,92,N,True
3,304,315,92,N,True
3,277,315,92,N,True
3,26,315,92,N,True
3,322,315,92,N,True
3,313,315,92,N,True
3,224,315,92,N,True
3,94,315,92,N,True
3,56,315,92,N,True
3,122,315,92,N,True
3,170,124,92,N,True
3,82,268,92,N,True
3,170,268,92,N,True
3,304,75,92,N,True
3,170,75,92,N,True
3,322,75,92,N,True
3,56,75,92,N,True
3,188,75,92,N,True
3,272,75,92,N,True
3,304,341,92,N,True
3,170,341,92,N,True
3,322,341,92,N,True
3,56,341,92,N,True
3,188,341,92,N,True
3,170,reel3__6,92,N,True
3,169,reel3__7,92,N,True
3,170,reel3__7,92,N,True
3,122,284,92,N,True
3,21,284,92,N,True
3,21,108,92,N,True
3,272,108,92,N,True
3,122,235,92,N,True
3,21,235,92,N,True
3,304,161,92,N,True
3,252,161,92,N,True
3,21,161,92,N,True
3,199,161,92,N,True
3,277,161,92,N,True
3,26,161,92,N,True
3,322,161,92,N,True
3,56,161,92,N,True
3,39,161,92,N,True
3,122,161,92,N,True
3,304,308,92,N,True
3,277,308,92,N,True
3,252,308,92,N,True
3,21,308,92,N,True
3,26,308,92,N,True
3,322,308,92,N,True
3,21,121,92,N,True
3,206,121,92,N,True
3,82,121,92,N,True
3,113,121,92,N,True
3,280,121,92,N,True
3,169,121,92,N,True
3,39,121,92,N,True
3,236,121,92,N,True
3,69,121,92,N,True
3,122,251,92,N,True
3,21,251,92,N,True
3,122,281,92,N,True
3,21,281,92,N,True
3,272,281,92,N,True
3,122,345,92,N,True
3,322,345,92,N,True
3,252,345,92,N,True
3,21,345,92,N,True
3,21,197,92,N,True
3,272,197,92,N,True
3,277,159,92,N,True
3,21,159,92,N,True
3,272,159,92,N,True
3,126,1,92,N,True
3,322,1,92,N,True
3,88,1,92,N,True
3,280,1,92,N,True
3,53,1,92,N,True
3,119,1,92,N,True
3,236,1,92,N,True
3,26,133,92,N,True
3,322,133,92,N,True
3,40,133,92,N,True
3,280,133,92,N,True
3,224,133,92,N,True
3,236,133,92,N,True
3,276,133,92,N,True
3,188,133,92,N,True
3,332,106,92,N,True
3,169,106,92,N,True
3,88,106,92,N,True
3,82,318,92,N,True
3,104,318,92,N,True
3,119,318,92,N,True
3,169,318,92,N,True
3,236,318,92,N,True
3,119,125,92,N,True
3,169,125,92,N,True
3,122,5,92,N,True
3,158,5,92,N,True
3,169,5,92,N,True
3,33,bot4__8,92,N,True
3,119,171,92,N,True
3,119,54,92,N,True
3,313,54,92,N,True
3,53,54,92,N,True
3,119,217,92,N,True
3,119,269,92,N,True
3,252,324,92,N,True
3,199,324,92,N,True
3,304,324,92,N,True
3,277,324,92,N,True
3,224,324,92,N,True
3,332,324,92,N,True
3,119,324,92,N,True
3,bot4__7,324,92,N,True
3,331,324,92,N,True
3,119,64,92,N,True
3,277,132,92,N,True
3,113,132,92,N,True
3,40,132,92,N,True
3,56,132,92,N,True
3,119,132,92,N,True
3,72,132,92,N,True
3,158,132,92,N,True
3,119,189,92,N,True
3,119,163,92,N,True
3,173,163,92,N,True
3,119,100,92,N,True
3,119,146,92,N,True
3,313,146,92,N,True
3,53,146,92,N,True
3,304,30,92,N,True
3,322,30,92,N,True
3,331,30,92,N,True
3,224,30,92,N,True
3,56,30,92,N,True
3,236,30,92,N,True
3,188,30,92,N,True
3,69,bot0__7,92,N,True
3,304,bot0__7,92,N,True
3,bot0__0,47,92,N,True
3,bot0__0,205,92,N,True
3,122,156,92,N,True
3,bot2__1,156,92,N,True
3,188,156,92,N,True
3,272,156,92,N,True
3,40,258,92,N,True
3,188,258,92,N,True
3,272,258,92,N,True
3,98,258,92,N,True
3,188,bot1__1,92,N,True
3,94,320,92,N,True
3,272,320,92,N,True
3,206,178,92,N,True
3,322,178,92,N,True
3,88,178,92,N,True
3,272,178,92,N,True
3,173,reel0__5,92,N,True
3,98,reel0__5,92,N,True
3,98,bot4__4,92,N,True
3,166,198,92,N,True
3,166,bot1__7,92,N,True
3,reel1__8,bot3__8,92,N,True
3,reel1__8,bot4__0,92,N,True
3,176,bot0__8,92,N,True
3,126,reel0__2,92,N,True
3,332,16,92,N,True
3,82,16,92,N,True
3,331,16,92,N,True
3,283,bot4__5,92,N,True
3,reel3__1,bot4__5,92,N,True
3,113,bot1__2,92,N,True
3,158,317,92,N,True
3,40,317,92,N,True
3,53,317,92,N,True
3,40,307,92,N,True
3,40,reel0__6,92,N,True
3,277,22,92,N,True
3,158,22,92,N,True
3,185,22,92,N,True
3,158,168,92,N,True
3,304,168,92,N,True
3,277,168,92,N,True
3,277,311,92,N,True
3,265,311,92,N,True
3,288,reel1__7,92,N,True
3,199,bot1__8,92,N,True
3,94,80,92,N,True
3,88,80,92,N,True
3,173,80,92,N,True
3,173,34,92,N,True
3,94,299,92,N,True
3,53,299,92,N,True
3,94,24,92,N,True
3,53,24,92,N,True
3,53,196,92,N,True
3,94,254,92,N,True
3,53,254,92,N,True
3,94,330,92,N,True
3,53,330,92,N,True
3,94,249,92,N,True
3,304,249,92,N,True
3,53,249,92,N,True
3,94,180,92,N,True
3,53,180,92,N,True
3,94,194,92,N,True
3,53,194,92,N,True
3,bot2__1,275,92,N,True
3,bot0__4,275,92,N,True
3,276,reel1__2,92,N,True
3,72,reel1__2,92,N,True
3,19,312,92,N,True
3,19,293,92,N,True
3,19,112,92,N,True
3,19,138,92,N,True
3,19,174,92,N,True
3,19,214,92,N,True
3,19,343,92,N,True
3,19,17,92,N,True
3,19,289,92,N,True
3,19,319,92,N,True
3,19,41,92,N,True
3,304,347,92,N,True
3,277,57,92,N,True
3,277,120,92,N,True
3,277,294,92,N,True
3,56,207,92,N,True
3,322,207,92,N,True
3,122,45,92,N,True
3,322,45,92,N,True
3,104,45,92,N,True
3,322,87,92,N,True
3,322,bot2__7,92,N,True
3,206,reel0__9,92,N,True
3,104,reel1__0,92,N,True
3,56,63,92,N,True
3,313,63,92,N,True
3,224,96,92,N,True
3,224,bot4__6,92,N,True
3,94,187,92,N,True
3,94,reel2__1,92,N,True
3,255,49,92,N,True
3,160,bot1__5,92,N,True
3,reel0__1,110,93,N,True
3,reel0__1,256,93,N,True
3,bot0__5,36,93,N,True
3,197,36,93,N,True
3,284,36,93,N,True
3,119,217,93,N,True
3,150,217,93,N,True
3,119,189,93,N,True
3,150,189,93,N,True
3,119,163,93,N,True
3,150,163,93,N,True
3,334,229,93,N,True
3,119,229,93,N,True
3,bot4__6,229,93,N,True
3,269,100,93,N,True
3,119,100,93,N,True
3,150,100,93,N,True
3,136,146,93,N,True
3,119,146,93,N,True
3,50,146,93,N,True
3,130,88,93,N,True
3,178,88,93,N,True
3,80,88,93,N,True
3,242,88,93,N,True
3,303,88,93,N,True
3,186,88,93,N,True
3,1,88,93,N,True
3,200,45,93,N,True
3,345,45,93,N,True
3,142,45,93,N,True
3,132,45,93,N,True
3,67,45,93,N,True
3,104,45,93,N,True
3,303,45,93,N,True
3,186,45,93,N,True
3,122,45,93,N,True
3,303,221,93,N,True
3,186,221,93,N,True
3,bot4__6,221,93,N,True
3,133,183,93,N,True
3,94,bot0__1,93,N,True
3,133,bot0__1,93,N,True
3,284,reel1__1,93,N,True
3,133,reel1__1,93,N,True
3,242,24,93,N,True
3,80,24,93,N,True
3,94,24,93,N,True
3,302,24,93,N,True
3,57,24,93,N,True
3,242,266,93,N,True
3,80,266,93,N,True
3,204,266,93,N,True
3,94,266,93,N,True
3,302,266,93,N,True
3,94,254,93,N,True
3,242,254,93,N,True
3,204,254,93,N,True
3,302,254,93,N,True
3,242,194,93,N,True
3,80,194,93,N,True
3,204,194,93,N,True
3,94,194,93,N,True
3,1,194,93,N,True
3,302,194,93,N,True
3,242,299,93,N,True
3,80,299,93,N,True
3,94,299,93,N,True
3,1,299,93,N,True
3,302,299,93,N,True
3,242,180,93,N,True
3,80,180,93,N,True
3,204,180,93,N,True
3,94,180,93,N,True
3,302,180,93,N,True
3,105,69,93,N,True
3,304,69,93,N,True
3,67,69,93,N,True
3,121,69,93,N,True
3,39,69,93,N,True
3,75,bot2__9,93,N,True
3,239,344,93,N,True
3,257,344,93,N,True
3,67,344,93,N,True
3,185,344,93,N,True
3,104,344,93,N,True
3,bot4__4,344,93,N,True
3,122,344,93,N,True
3,311,344,93,N,True
3,156,295,93,N,True
3,104,295,93,N,True
3,257,295,93,N,True
3,239,295,93,N,True
3,222,240,93,N,True
3,29,247,93,N,True
3,120,247,93,N,True
3,bot2__1,42,93,N,True
3,63,bot1__6,93,N,True
3,121,reel0__0,93,N,True
3,175,23,93,N,True
3,51,23,93,N,True
3,51,bot3__1,93,N,True
3,94,300,93,N,True
3,130,300,93,N,True
3,80,300,93,N,True
3,130,73,93,N,True
3,1,73,93,N,True
3,331,73,93,N,True
3,130,191,93,N,True
3,345,bot2__4,93,N,True
3,130,bot2__4,93,N,True
3,reel0__5,107,93,N,True
3,202,173,93,N,True
3,80,173,93,N,True
3,reel0__5,173,93,N,True
3,80,bot1__4,93,N,True
3,122,235,93,N,True
3,156,235,93,N,True
3,156,bot1__5,93,N,True
3,156,bot4__9,93,N,True
3,1,bot4__9,93,N,True
3,96,190,93,N,True
3,176,bot0__8,93,N,True
3,bot4__2,bot0__8,93,N,True
3,269,58,93,N,True
3,269,reel3__2,93,N,True
3,3,reel3__2,93,N,True
3,132,reel1__9,93,N,True
3,55,reel1__9,93,N,True
3,bot4__0,reel1__9,93,N,True
3,bot4__4,140,93,N,True
3,1,126,93,N,True
3,bot4__0,reel1__8,93,N,True
3,202,166,93,N,True
3,202,bot0__0,93,N,True
3,bot3__9,289,93,N,True
3,197,108,93,N,True
3,159,108,93,N,True
3,284,108,93,N,True
3,57,108,93,N,True
3,197,251,93,N,True
3,122,251,93,N,True
3,284,251,93,N,True
3,197,281,93,N,True
3,159,281,93,N,True
3,122,281,93,N,True
3,284,281,93,N,True
3,197,135,93,N,True
3,284,135,93,N,True
3,197,309,93,N,True
3,284,309,93,N,True
3,reel2__8,316,93,N,True
3,103,bot2__6,93,N,True
3,67,196,93,N,True
3,204,196,93,N,True
3,175,278,93,N,True
3,bot2__8,278,93,N,True
3,bot2__8,bot3__3,93,N,True
3,242,reel3__8,93,N,True
3,304,bot0__7,93,N,True
3,239,234,93,N,True
3,bot4__5,reel3__0,93,N,True
3,94,reel2__1,93,N,True
3,347,reel2__1,93,N,True
3,175,46,93,N,True
3,175,263,93,N,True
3,175,19,93,N,True
3,175,143,93,N,True
3,175,321,93,N,True
3,175,99,93,N,True
3,175,177,93,N,True
3,175,86,93,N,True
3,175,296,93,N,True
3,175,102,93,N,True
3,175,227,93,N,True
3,250,reel1__4,93,N,True
3,231,bot1__9,94,N,True
3,22,bot1__9,94,N,True
3,95,bot1__9,94,N,True
3,231,bot4__2,94,N,True
3,131,bot4__7,94,N,True
3,324,bot4__7,94,N,True
3,108,bot1__3,94,N,True
3,258,bot1__3,94,N,True
3,170,bot1__3,94,N,True
3,206,reel0__9,94,N,True
3,106,reel0__9,94,N,True
3,180,reel0__9,94,N,True
3,285,bot3__3,94,N,True
3,108,bot3__3,94,N,True
3,291,reel3__1,94,N,True
3,260,reel3__1,94,N,True
3,53,reel3__1,94,N,True
3,107,reel0__5,94,N,True
3,173,reel0__5,94,N,True
3,98,reel0__5,94,N,True
3,98,bot4__4,94,N,True
3,94,reel2__1,94,N,True
3,106,reel2__1,94,N,True
3,347,reel2__1,94,N,True
3,106,reel2__9,94,N,True
3,329,bot4__0,94,N,True
3,38,bot1__8,94,N,True
3,317,reel1__3,94,N,True
3,190,reel1__3,94,N,True
3,38,reel1__3,94,N,True
3,269,reel3__2,94,N,True
3,3,reel3__2,94,N,True
3,324,reel3__2,94,N,True
3,40,reel0__6,94,N,True
3,133,reel1__1,94,N,True
3,218,reel2__0,94,N,True
3,246,reel2__0,94,N,True
3,221,bot4__6,94,N,True
3,229,bot4__6,94,N,True
3,290,bot0__3,94,N,True
3,244,bot0__3,94,N,True
3,156,bot4__9,94,N,True
3,293,bot4__9,94,N,True
3,19,bot2__6,94,N,True
3,61,reel0__4,94,N,True
3,3,reel0__4,94,N,True
3,61,bot2__2,94,N,True
3,208,bot2__2,94,N,True
3,121,reel0__0,94,N,True
3,170,reel0__0,94,N,True
3,51,bot3__1,94,N,True
3,179,bot1__4,94,N,True
3,80,bot1__4,94,N,True
3,289,bot3__9,94,N,True
3,327,bot3__9,94,N,True
3,328,bot3__9,94,N,True
3,345,bot2__4,94,N,True
3,130,bot2__4,94,N,True
3,130,reel2__6,94,N,True
3,136,reel2__6,94,N,True
3,195,reel2__6,94,N,True
3,95,bot1__2,94,N,True
3,100,bot1__2,94,N,True
3,95,reel1__4,94,N,True
3,189,reel1__4,94,N,True
3,250,reel1__4,94,N,True
3,156,bot1__5,94,N,True
3,160,bot1__5,94,N,True
3,156,bot2__1,94,N,True
3,275,bot2__1,94,N,True
3,42,bot2__1,94,N,True
3,213,bot0__6,94,N,True
3,341,bot0__6,94,N,True
3,176,bot0__8,94,N,True
3,341,bot0__8,94,N,True
3,202,bot0__0,94,N,True
3,47,bot0__0,94,N,True
3,205,bot0__0,94,N,True
3,71,bot3__7,94,N,True
3,194,bot3__7,94,N,True
3,201,bot0__9,94,N,True
3,270,bot0__9,94,N,True
3,49,reel1__7,94,N,True
3,288,reel1__7,94,N,True
3,110,bot3__6,94,N,True
3,49,bot3__6,94,N,True
3,100,bot3__6,94,N,True
3,33,bot4__8,94,N,True
3,49,bot4__8,94,N,True
3,202,reel0__8,94,N,True
3,42,reel0__8,94,N,True
3,260,reel0__8,94,N,True
3,305,reel3__6,94,N,True
3,170,reel3__6,94,N,True
3,159,reel3__4,94,N,True
3,233,reel3__4,94,N,True
3,205,reel3__4,94,N,True
3,88,reel3__8,94,N,True
3,169,reel3__7,94,N,True
3,170,reel3__7,94,N,True
3,151,reel1__5,94,N,True
3,217,bot2__7,94,N,True
3,308,bot2__7,94,N,True
3,118,reel3__3,94,N,True
3,177,reel3__3,94,N,True
3,159,reel1__6,94,N,True
3,195,reel1__6,94,N,True
3,14,bot3__4,94,N,True
3,42,reel1__8,94,N,True
3,261,reel1__8,94,N,True
3,104,reel1__0,94,N,True
3,198,reel1__0,94,N,True
3,77,reel0__2,94,N,True
3,250,reel0__2,94,N,True
3,52,bot1__1,94,N,True
3,131,reel2__2,95,N,True
3,189,reel2__2,95,N,True
3,131,bot4__7,95,N,True
3,324,bot4__7,95,N,True
3,184,bot4__7,95,N,True
3,106,reel0__9,95,N,True
3,reel3__6,reel0__9,95,N,True
3,206,reel0__9,95,N,True
3,69,bot0__7,95,N,True
3,342,bot0__7,95,N,True
3,152,reel0__3,95,N,True
3,189,reel0__3,95,N,True
3,324,reel0__3,95,N,True
3,269,reel3__2,95,N,True
3,3,reel3__2,95,N,True
3,324,reel3__2,95,N,True
3,47,bot1__7,95,N,True
3,166,bot1__7,95,N,True
3,232,bot1__7,95,N,True
3,138,reel0__6,95,N,True
3,135,reel0__6,95,N,True
3,40,reel0__6,95,N,True
3,237,bot0__1,95,N,True
3,133,bot0__1,95,N,True
3,109,reel1__1,95,N,True
3,284,reel1__1,95,N,True
3,133,reel1__1,95,N,True
3,218,reel2__0,95,N,True
3,246,reel2__0,95,N,True
3,295,reel2__0,95,N,True
3,75,reel0__4,95,N,True
3,3,reel0__4,95,N,True
3,61,reel0__4,95,N,True
3,224,bot4__6,95,N,True
3,221,bot4__6,95,N,True
3,290,bot0__3,95,N,True
3,64,bot0__3,95,N,True
3,63,bot1__6,95,N,True
3,293,bot1__6,95,N,True
3,233,bot1__6,95,N,True
3,156,bot4__9,95,N,True
3,1,bot4__9,95,N,True
3,293,bot4__9,95,N,True
3,129,reel2__4,95,N,True
3,157,reel2__4,95,N,True
3,245,reel2__4,95,N,True
3,124,bot4__3,95,N,True
3,60,bot4__3,95,N,True
3,61,bot2__2,95,N,True
3,208,bot2__2,95,N,True
3,9,bot3__1,95,N,True
3,267,bot3__1,95,N,True
3,175,reel0__7,95,N,True
3,255,reel0__7,95,N,True
3,270,reel0__7,95,N,True
3,179,bot1__4,95,N,True
3,80,bot1__4,95,N,True
3,342,bot2__4,95,N,True
3,345,bot2__4,95,N,True
3,130,bot2__4,95,N,True
3,14,bot3__4,95,N,True
3,9,bot3__4,95,N,True
3,36,reel1__5,95,N,True
3,339,reel1__5,95,N,True
3,bot4__8,bot1__5,95,N,True
3,156,bot1__5,95,N,True
3,160,bot1__5,95,N,True
3,295,bot1__5,95,N,True
3,95,bot1__0,95,N,True
3,262,bot1__0,95,N,True
3,95,bot1__2,95,N,True
3,100,bot1__2,95,N,True
3,113,bot1__2,95,N,True
3,95,reel1__4,95,N,True
3,189,reel1__4,95,N,True
3,250,reel1__4,95,N,True
3,326,bot4__1,95,N,True
3,bot2__0,bot4__1,95,N,True
3,176,bot0__8,95,N,True
3,bot4__2,bot0__8,95,N,True
3,161,bot0__8,95,N,True
3,93,reel3__0,95,N,True
3,71,reel3__0,95,N,True
3,41,reel3__0,95,N,True
3,202,bot0__0,95,N,True
3,47,bot0__0,95,N,True
3,205,bot0__0,95,N,True
3,8,bot0__9,95,N,True
3,201,bot0__9,95,N,True
3,270,bot0__9,95,N,True
3,250,bot2__5,95,N,True
3,1,bot2__5,95,N,True
3,1,reel2__3,95,N,True
3,100,reel1__9,95,N,True
3,bot4__0,reel1__9,95,N,True
3,202,bot0__4,95,N,True
3,275,bot0__4,95,N,True
3,233,reel2__8,95,N,True
3,78,reel2__8,95,N,True
3,316,reel2__8,95,N,True
3,159,reel3__4,95,N,True
3,233,reel3__4,95,N,True
3,205,reel3__4,95,N,True
3,322,bot2__7,95,N,True
3,308,bot2__7,95,N,True
3,217,bot2__7,95,N,True
3,344,bot4__4,95,N,True
3,88,reel3__8,95,N,True
3,110,bot3__6,95,N,True
3,100,bot3__6,95,N,True
3,317,reel1__3,95,N,True
3,190,reel1__3,95,N,True
3,126,reel0__2,95,N,True
3,77,reel0__2,95,N,True
3,250,reel0__2,95,N,True
3,288,reel1__7,95,N,True
3,52,bot1__1,95,N,True
3,237,reel2__5,95,N,True
3,143,reel2__5,95,N,True
3,131,reel2__2,96,N,True
3,189,reel2__2,96,N,True
3,279,reel2__2,96,N,True
3,131,bot4__7,96,N,True
3,184,bot4__7,96,N,True
3,216,bot0__2,96,N,True
3,291,bot0__2,96,N,True
3,291,reel3__1,96,N,True
3,260,reel3__1,96,N,True
3,52,bot1__1,96,N,True
3,188,bot1__1,96,N,True
3,reel1__9,bot4__0,96,N,True
3,reel1__8,bot4__0,96,N,True
3,329,bot4__0,96,N,True
3,38,bot1__8,96,N,True
3,289,bot2__3,96,N,True
3,326,bot2__3,96,N,True
3,38,bot2__3,96,N,True
3,75,reel0__4,96,N,True
3,3,reel0__4,96,N,True
3,61,reel0__4,96,N,True
3,75,bot2__9,96,N,True
3,reel1__9,bot2__9,96,N,True
3,256,bot2__9,96,N,True
3,290,bot0__3,96,N,True
3,64,bot0__3,96,N,True
3,bot3__4,bot0__3,96,N,True
3,244,bot0__3,96,N,True
3,293,bot4__9,96,N,True
3,124,bot4__3,96,N,True
3,282,bot2__6,96,N,True
3,19,bot2__6,96,N,True
3,bot3__7,bot2__6,96,N,True
3,61,bot2__2,96,N,True
3,208,bot2__2,96,N,True
3,224,bot4__6,96,N,True
3,229,bot4__6,96,N,True
3,241,bot4__1,96,N,True
3,326,bot4__1,96,N,True
3,bot2__0,bot4__1,96,N,True
3,22,bot0__5,96,N,True
3,36,bot0__5,96,N,True
3,22,bot1__9,96,N,True
3,175,reel0__7,96,N,True
3,255,reel0__7,96,N,True
3,327,bot3__9,96,N,True
3,289,bot3__9,96,N,True
3,130,reel2__6,96,N,True
3,136,reel2__6,96,N,True
3,195,reel2__6,96,N,True
3,143,reel2__5,96,N,True
3,13,reel2__5,96,N,True
3,229,bot1__0,96,N,True
3,262,bot1__0,96,N,True
3,47,bot0__0,96,N,True
3,205,bot0__0,96,N,True
3,47,bot1__7,96,N,True
3,93,reel3__0,96,N,True
3,41,reel3__0,96,N,True
3,108,bot3__3,96,N,True
3,283,bot4__5,96,N,True
3,159,reel3__4,96,N,True
3,233,reel3__4,96,N,True
3,205,reel3__4,96,N,True
3,bot0__8,bot4__2,96,N,True
3,36,reel1__5,96,N,True
3,3,reel3__2,96,N,True
3,189,reel0__3,96,N,True
3,189,reel1__4,96,N,True
3,250,reel1__4,96,N,True
3,115,reel1__2,96,N,True
3,72,reel1__2,96,N,True
3,198,reel1__0,96,N,True
3,139,bot3__2,96,N,True
3,198,bot3__2,96,N,True
3,126,reel0__2,96,N,True
3,77,reel0__2,96,N,True
3,250,reel0__2,96,N,True
3,reel0__9,reel1__7,96,N,True
3,288,reel1__7,96,N,True
3,275,bot2__1,96,N,True
3,42,bot2__1,96,N,True
3,233,reel2__8,96,N,True
3,275,bot0__4,96,N,True
3,231,bot1__9,97,N,True
3,22,bot1__9,97,N,True
3,95,bot1__9,97,N,True
3,231,bot2__8,97,N,True
3,231,bot4__2,97,N,True
3,bot3__9,bot4__2,97,N,True
3,131,reel2__2,97,N,True
3,189,reel2__2,97,N,True
3,279,reel2__2,97,N,True
3,131,bot4__7,97,N,True
3,324,bot4__7,97,N,True
3,184,bot4__7,97,N,True
3,285,bot3__3,97,N,True
3,108,bot3__3,97,N,True
3,69,bot0__7,97,N,True
3,304,bot0__7,97,N,True
3,342,bot0__7,97,N,True
3,56,bot0__2,97,N,True
3,216,bot0__2,97,N,True
3,291,bot0__2,97,N,True
3,291,reel3__1,97,N,True
3,260,reel3__1,97,N,True
3,169,reel3__9,97,N,True
3,291,reel3__9,97,N,True
3,256,reel0__1,97,N,True
3,98,reel0__1,97,N,True
3,344,bot4__4,97,N,True
3,98,bot4__4,97,N,True
3,140,bot4__4,97,N,True
3,94,reel2__1,97,N,True
3,106,reel2__1,97,N,True
3,347,reel2__1,97,N,True
3,106,reel2__9,97,N,True
3,329,bot4__0,97,N,True
3,269,reel3__2,97,N,True
3,3,reel3__2,97,N,True
3,324,reel3__2,97,N,True
3,138,reel0__6,97,N,True
3,40,reel0__6,97,N,True
3,237,bot0__1,97,N,True
3,94,bot0__1,97,N,True
3,133,bot0__1,97,N,True
3,109,reel1__1,97,N,True
3,133,reel1__1,97,N,True
3,221,bot4__6,97,N,True
3,229,bot4__6,97,N,True
3,222,bot1__8,97,N,True
3,199,bot1__8,97,N,True
3,290,bot0__3,97,N,True
3,64,bot0__3,97,N,True
3,244,bot0__3,97,N,True
3,1,bot4__9,97,N,True
3,293,bot4__9,97,N,True
3,129,reel2__4,97,N,True
3,157,reel2__4,97,N,True
3,203,bot3__5,97,N,True
3,310,bot3__5,97,N,True
3,342,bot3__5,97,N,True
3,124,bot4__3,97,N,True
3,60,bot4__3,97,N,True
3,9,bot3__1,97,N,True
3,267,bot3__1,97,N,True
3,51,bot3__1,97,N,True
3,121,reel0__0,97,N,True
3,91,reel0__0,97,N,True
3,170,reel0__0,97,N,True
3,22,bot0__5,97,N,True
3,169,bot0__5,97,N,True
3,36,bot0__5,97,N,True
3,179,bot1__4,97,N,True
3,80,bot1__4,97,N,True
3,342,bot2__4,97,N,True
3,345,bot2__4,97,N,True
3,130,bot2__4,97,N,True
3,9,reel1__8,97,N,True
3,42,reel1__8,97,N,True
3,261,reel1__8,97,N,True
3,14,bot3__4,97,N,True
3,9,bot3__4,97,N,True
3,95,bot1__2,97,N,True
3,100,bot1__2,97,N,True
3,95,reel1__4,97,N,True
3,189,reel1__4,97,N,True
3,250,reel1__4,97,N,True
3,326,bot2__3,97,N,True
3,326,bot4__1,97,N,True
3,176,bot0__8,97,N,True
3,341,bot0__8,97,N,True
3,100,reel1__9,97,N,True
3,132,reel1__9,97,N,True
3,55,reel1__9,97,N,True
3,166,bot1__7,97,N,True
3,47,bot1__7,97,N,True
3,171,bot2__5,97,N,True
3,250,bot2__5,97,N,True
3,1,bot2__5,97,N,True
3,93,reel3__0,97,N,True
3,108,bot1__3,97,N,True
3,170,bot1__3,97,N,True
3,305,reel3__6,97,N,True
3,170,reel3__6,97,N,True
3,283,reel3__3,97,N,True
3,118,reel3__3,97,N,True
3,177,reel3__3,97,N,True
3,283,bot4__5,97,N,True
3,233,reel3__4,97,N,True
3,205,reel3__4,97,N,True
3,282,bot2__6,97,N,True
3,103,bot2__6,97,N,True
3,169,reel3__7,97,N,True
3,170,reel3__7,97,N,True
3,187,bot3__8,97,N,True
3,308,bot2__7,97,N,True
3,3,reel0__4,97,N,True
3,194,reel2__7,97,N,True
3,194,bot3__7,97,N,True
3,160,bot1__5,97,N,True
3,276,reel1__2,97,N,True
3,115,reel1__2,97,N,True
3,100,bot3__6,97,N,True
3,141,reel1__0,97,N,True
3,104,reel1__0,97,N,True
3,198,reel1__0,97,N,True
3,141,bot3__2,97,N,True
3,139,bot3__2,97,N,True
3,198,bot3__2,97,N,True
3,126,reel0__2,97,N,True
3,77,reel0__2,97,N,True
3,250,reel0__2,97,N,True
3,64,bot2__0,97,N,True
3,118,bot2__0,97,N,True
3,8,bot0__9,97,N,True
3,266,bot3__0,97,N,True
3,231,bot1__9,98,N,True
3,22,bot1__9,98,N,True
3,95,bot1__9,98,N,True
3,231,bot2__8,98,N,True
3,315,bot2__8,98,N,True
3,278,bot2__8,98,N,True
3,bot0__8,bot4__2,98,N,True
3,231,bot4__2,98,N,True
3,131,reel2__2,98,N,True
3,189,reel2__2,98,N,True
3,131,bot4__7,98,N,True
3,324,bot4__7,98,N,True
3,52,bot1__1,98,N,True
3,188,bot1__1,98,N,True
3,reel1__8,bot4__0,98,N,True
3,329,bot4__0,98,N,True
3,152,reel0__3,98,N,True
3,189,reel0__3,98,N,True
3,324,reel0__3,98,N,True
3,269,reel3__2,98,N,True
3,3,reel3__2,98,N,True
3,324,reel3__2,98,N,True
3,75,reel0__4,98,N,True
3,3,reel0__4,98,N,True
3,75,bot3__8,98,N,True
3,reel1__8,bot3__8,98,N,True
3,221,bot4__6,98,N,True
3,290,bot0__3,98,N,True
3,64,bot0__3,98,N,True
3,244,bot0__3,98,N,True
3,63,bot1__6,98,N,True
3,293,bot1__6,98,N,True
3,233,bot1__6,98,N,True
3,156,bot4__9,98,N,True
3,293,bot4__9,98,N,True
3,206,reel0__9,98,N,True
3,121,reel0__0,98,N,True
3,91,reel0__0,98,N,True
3,9,bot3__1,98,N,True
3,51,bot3__1,98,N,True
3,241,bot4__1,98,N,True
3,22,bot0__5,98,N,True
3,169,bot0__5,98,N,True
3,36,bot0__5,98,N,True
3,237,reel2__5,98,N,True
3,13,reel2__5,98,N,True
3,80,bot1__4,98,N,True
3,36,reel1__5,98,N,True
3,151,reel1__5,98,N,True
3,339,reel1__5,98,N,True
3,156,bot1__5,98,N,True
3,95,reel1__4,98,N,True
3,189,reel1__4,98,N,True
3,47,bot1__7,98,N,True
3,166,bot1__7,98,N,True
3,47,bot0__0,98,N,True
3,205,bot0__0,98,N,True
3,71,bot3__7,98,N,True
3,194,bot3__7,98,N,True
3,93,reel3__0,98,N,True
3,71,reel3__0,98,N,True
3,270,bot0__9,98,N,True
3,108,bot1__3,98,N,True
3,108,bot3__3,98,N,True
3,49,reel1__7,98,N,True
3,110,bot3__6,98,N,True
3,49,bot3__6,98,N,True
3,100,bot3__6,98,N,True
3,33,bot4__8,98,N,True
3,49,bot4__8,98,N,True
3,60,bot4__3,98,N,True
3,305,reel3__6,98,N,True
3,283,reel3__3,98,N,True
3,118,reel3__3,98,N,True
3,177,reel3__3,98,N,True
3,283,bot4__5,98,N,True
3,88,reel3__8,98,N,True
3,159,reel1__6,98,N,True
3,195,reel1__6,98,N,True
3,172,reel1__6,98,N,True
3,317,reel1__3,98,N,True
3,190,reel1__3,98,N,True
3,155,reel2__7,98,N,True
3,194,reel2__7,98,N,True
3,208,bot2__2,98,N,True
3,169,reel3__7,98,N,True
3,42,reel0__8,98,N,True
3,260,reel0__8,98,N,True
3,216,bot0__2,98,N,True
3,104,reel1__0,98,N,True
3,198,reel1__0,98,N,True
3,139,bot3__2,98,N,True
3,198,bot3__2,98,N,True
3,218,reel2__0,98,N,True
3,94,reel2__1,98,N,True
3,347,reel2__1,98,N,True
3,64,bot2__0,98,N,True
3,118,bot2__0,98,N,True
3,231,bot1__9,99,N,True
3,95,bot1__9,99,N,True
3,231,bot2__8,99,N,True
3,315,bot2__8,99,N,True
3,231,bot4__2,99,N,True
3,131,reel2__2,99,N,True
3,189,reel2__2,99,N,True
3,279,reel2__2,99,N,True
3,131,bot4__7,99,N,True
3,324,bot4__7,99,N,True
3,184,bot4__7,99,N,True
3,206,reel0__9,99,N,True
3,180,reel0__9,99,N,True
3,285,bot3__3,99,N,True
3,108,bot3__3,99,N,True
3,188,bot1__1,99,N,True
3,107,reel0__5,99,N,True
3,173,reel0__5,99,N,True
3,98,reel0__5,99,N,True
3,344,bot4__4,99,N,True
3,98,bot4__4,99,N,True
3,28,bot2__0,99,N,True
3,64,bot2__0,99,N,True
3,118,bot2__0,99,N,True
3,269,reel3__2,99,N,True
3,3,reel3__2,99,N,True
3,324,reel3__2,99,N,True
3,222,bot1__8,99,N,True
3,199,bot1__8,99,N,True
3,38,bot1__8,99,N,True
3,317,reel1__3,99,N,True
3,190,reel1__3,99,N,True
3,38,reel1__3,99,N,True
3,289,bot2__3,99,N,True
3,326,bot2__3,99,N,True
3,38,bot2__3,99,N,True
3,138,reel0__6,99,N,True
3,40,reel0__6,99,N,True
3,237,bot0__1,99,N,True
3,94,bot0__1,99,N,True
3,133,bot0__1,99,N,True
3,109,reel1__1,99,N,True
3,284,reel1__1,99,N,True
3,133,reel1__1,99,N,True
3,75,reel0__4,99,N,True
3,3,reel0__4,99,N,True
3,75,bot2__9,99,N,True
3,256,bot2__9,99,N,True
3,224,bot4__6,99,N,True
3,221,bot4__6,99,N,True
3,229,bot4__6,99,N,True
3,260,reel3__1,99,N,True
3,53,reel3__1,99,N,True
3,290,bot0__3,99,N,True
3,64,bot0__3,99,N,True
3,244,bot0__3,99,N,True
3,63,bot1__6,99,N,True
3,293,bot1__6,99,N,True
3,233,bot1__6,99,N,True
3,156,bot4__9,99,N,True
3,293,bot4__9,99,N,True
3,124,bot4__3,99,N,True
3,60,bot4__3,99,N,True
3,282,bot2__6,99,N,True
3,19,bot2__6,99,N,True
3,267,bot3__1,99,N,True
3,241,bot4__1,99,N,True
3,326,bot4__1,99,N,True
3,175,reel0__7,99,N,True
3,255,reel0__7,99,N,True
3,270,reel0__7,99,N,True
3,255,bot3__0,99,N,True
3,266,bot3__0,99,N,True
3,179,bot1__4,99,N,True
3,80,bot1__4,99,N,True
3,237,reel2__5,99,N,True
3,143,reel2__5,99,N,True
3,13,reel2__5,99,N,True
3,156,bot1__5,99,N,True
3,160,bot1__5,99,N,True
3,295,bot1__5,99,N,True
3,95,bot1__2,99,N,True
3,100,bot1__2,99,N,True
3,113,bot1__2,99,N,True
3,95,reel1__4,99,N,True
3,189,reel1__4,99,N,True
3,250,reel1__4,99,N,True
3,213,bot0__6,99,N,True
3,313,bot0__6,99,N,True
3,47,bot1__7,99,N,True
3,166,bot1__7,99,N,True
3,178,reel3__7,99,N,True
3,169,reel3__7,99,N,True
3,71,bot3__7,99,N,True
3,194,bot3__7,99,N,True
3,71,reel3__0,99,N,True
3,41,reel3__0,99,N,True
3,100,reel1__9,99,N,True
3,132,reel1__9,99,N,True
3,8,bot0__9,99,N,True
3,270,bot0__9,99,N,True
3,202,reel0__8,99,N,True
3,42,reel0__8,99,N,True
3,260,reel0__8,99,N,True
3,283,bot4__5,99,N,True
3,159,reel3__4,99,N,True
3,233,reel3__4,99,N,True
3,205,reel3__4,99,N,True
3,342,bot2__4,99,N,True
3,345,bot2__4,99,N,True
3,322,bot2__7,99,N,True
3,308,bot2__7,99,N,True
3,217,bot2__7,99,N,True
3,242,reel3__8,99,N,True
3,88,reel3__8,99,N,True
3,129,reel2__4,99,N,True
3,245,reel2__4,99,N,True
3,171,bot2__5,99,N,True
3,250,bot2__5,99,N,True
3,161,bot0__8,99,N,True
3,79,reel3__9,99,N,True
3,169,reel3__9,99,N,True
3,110,bot3__6,99,N,True
3,100,bot3__6,99,N,True
3,14,bot3__4,99,N,True
3,56,bot0__2,99,N,True
3,216,bot0__2,99,N,True
3,115,reel1__2,99,N,True
3,72,reel1__2,99,N,True
3,169,bot0__5,99,N,True
3,33,bot4__8,99,N,True
3,42,reel1__8,99,N,True
3,261,reel1__8,99,N,True
3,141,reel1__0,99,N,True
3,104,reel1__0,99,N,True
3,198,reel1__0,99,N,True
3,141,bot3__2,99,N,True
3,198,bot3__2,99,N,True
3,94,reel2__1,99,N,True
3,347,reel2__1,99,N,True
4,bot1__5,bot4__8,80,N,False
4,reel3__0,bot4__5,80,N,False
4,bot0__4,202,82,N,False
4,152,339,82,N,False
4,152,reel0__3,82,N,False
4,219,154,82,N,False
4,64,171,84,N,False
4,64,189,84,N,False
4,64,100,84,N,False
4,64,bot0__3,84,N,False
4,bot2__6,bot3__7,84,N,False
4,reel1__5,36,84,N,False
4,reel1__5,339,84,N,False
4,118,283,84,N,False
4,118,13,84,N,False
4,118,239,84,N,False
4,118,82,84,N,False
4,118,222,84,N,False
4,118,172,84,N,False
4,118,342,84,N,False
4,118,313,84,N,False
4,118,67,84,N,False
4,118,238,84,N,False
4,118,reel3__3,84,N,False
4,319,6,84,N,False
4,89,6,84,N,False
4,319,95,84,N,False
4,89,95,84,N,False
4,319,219,84,N,False
4,89,219,84,N,False
4,319,147,84,N,False
4,89,147,84,N,False
4,227,177,84,N,False
4,227,143,84,N,False
4,227,131,84,N,False
4,227,86,84,N,False
4,227,102,84,N,False
4,227,263,84,N,False
4,227,99,84,N,False
4,293,bot1__6,84,N,False
4,293,bot4__9,84,N,False
4,208,bot2__2,85,N,False
4,130,300,85,N,False
4,85,156,85,N,False
4,9,156,85,N,False
4,188,156,85,N,False
4,272,156,85,N,False
4,236,69,85,N,False
4,105,69,85,N,False
4,bot0__7,69,85,N,False
4,9,69,85,N,False
4,236,121,85,N,False
4,169,121,85,N,False
4,280,121,85,N,False
4,280,153,85,N,False
4,280,117,85,N,False
4,246,340,85,N,False
4,339,340,85,N,False
4,339,152,85,N,False
4,339,347,85,N,False
4,236,318,85,N,False
4,169,318,85,N,False
4,169,125,85,N,False
4,169,bot0__5,85,N,False
4,169,reel3__7,85,N,False
4,169,reel3__9,85,N,False
4,188,bot1__1,85,N,False
4,106,reel0__9,85,N,False
4,242,194,85,N,False
4,242,249,85,N,False
4,242,180,85,N,False
4,242,101,85,N,False
4,242,24,85,N,False
4,242,94,85,N,False
4,242,187,85,N,False
4,132,reel1__9,85,N,False
4,246,reel2__0,85,N,False
4,75,reel0__4,85,N,False
4,75,bot3__8,85,N,False
4,60,bot4__3,85,N,False
4,84,51,85,N,False
4,84,237,85,N,False
4,159,284,85,N,False
4,159,reel3__4,85,N,False
4,88,336,85,N,False
4,224,bot4__6,85,N,False
4,250,reel1__4,85,N,False
4,bot2__7,217,85,N,False
4,bot3__3,bot2__8,86,N,False
4,231,bot2__8,86,N,False
4,231,bot4__2,86,N,False
4,103,bot2__6,86,N,False
4,130,300,86,N,False
4,130,88,86,N,False
4,178,88,86,N,False
4,53,88,86,N,False
4,186,88,86,N,False
4,164,88,86,N,False
4,73,88,86,N,False
4,130,191,86,N,False
4,53,191,86,N,False
4,reel1__5,151,86,N,False
4,reel1__5,36,86,N,False
4,172,reel1__6,86,N,False
4,57,249,86,N,False
4,196,249,86,N,False
4,204,249,86,N,False
4,53,249,86,N,False
4,57,80,86,N,False
4,204,80,86,N,False
4,196,254,86,N,False
4,204,254,86,N,False
4,53,254,86,N,False
4,196,180,86,N,False
4,204,180,86,N,False
4,53,180,86,N,False
4,57,302,86,N,False
4,204,302,86,N,False
4,53,302,86,N,False
4,bot2__5,250,86,N,False
4,59,250,86,N,False
4,156,bot1__5,86,N,False
4,156,bot4__9,86,N,False
4,202,bot0__4,86,N,False
4,186,bot0__4,86,N,False
4,260,160,86,N,False
4,291,reel3__1,86,N,False
4,260,reel3__1,86,N,False
4,53,reel3__1,86,N,False
4,69,bot0__7,86,N,False
4,38,bot1__8,86,N,False
4,178,reel3__7,86,N,False
4,347,reel2__1,86,N,False
4,3,228,86,N,False
4,120,247,86,N,False
4,57,24,86,N,False
4,53,24,86,N,False
4,152,275,86,N,False
4,19,115,87,N,False
4,19,312,87,N,False
4,19,174,87,N,False
4,19,214,87,N,False
4,19,343,87,N,False
4,19,289,87,N,False
4,19,319,87,N,False
4,19,89,87,N,False
4,19,41,87,N,False
4,19,bot2__6,87,N,False
4,277,308,87,N,False
4,277,31,87,N,False
4,277,271,87,N,False
4,277,161,87,N,False
4,277,172,87,N,False
4,277,57,87,N,False
4,277,186,87,N,False
4,277,332,87,N,False
4,277,22,87,N,False
4,277,120,87,N,False
4,277,272,87,N,False
4,277,98,87,N,False
4,277,67,87,N,False
4,277,188,87,N,False
4,277,339,87,N,False
4,277,208,87,N,False
4,277,294,87,N,False
4,277,252,87,N,False
4,277,280,87,N,False
4,277,9,87,N,False
4,277,239,87,N,False
4,277,311,87,N,False
4,277,10,87,N,False
4,277,315,87,N,False
4,277,322,87,N,False
4,277,122,87,N,False
4,277,290,87,N,False
4,277,130,87,N,False
4,277,reel3__5,87,N,False
4,208,bot2__2,88,N,False
4,239,172,88,N,False
4,252,172,88,N,False
4,304,172,88,N,False
4,277,172,88,N,False
4,212,172,88,N,False
4,342,172,88,N,False
4,82,172,88,N,False
4,118,172,88,N,False
4,332,172,88,N,False
4,72,172,88,N,False
4,261,172,88,N,False
4,159,172,88,N,False
4,308,172,88,N,False
4,239,238,88,N,False
4,252,238,88,N,False
4,342,238,88,N,False
4,82,238,88,N,False
4,118,238,88,N,False
4,261,238,88,N,False
4,134,238,88,N,False
4,285,60,88,N,False
4,239,60,88,N,False
4,239,338,88,N,False
4,308,338,88,N,False
4,252,338,88,N,False
4,69,121,88,N,False
4,82,121,88,N,False
4,21,121,88,N,False
4,281,309,88,N,False
4,284,309,88,N,False
4,184,309,88,N,False
4,281,36,88,N,False
4,284,36,88,N,False
4,184,36,88,N,False
4,119,171,88,N,False
4,119,54,88,N,False
4,334,318,88,N,False
4,82,318,88,N,False
4,104,318,88,N,False
4,119,318,88,N,False
4,261,318,88,N,False
4,119,217,88,N,False
4,119,64,88,N,False
4,109,50,88,N,False
4,119,50,88,N,False
4,334,50,88,N,False
4,277,50,88,N,False
4,119,189,88,N,False
4,109,331,88,N,False
4,82,331,88,N,False
4,118,331,88,N,False
4,332,331,88,N,False
4,119,331,88,N,False
4,119,163,88,N,False
4,119,100,88,N,False
4,342,63,88,N,False
4,261,63,88,N,False
4,332,16,88,N,False
4,82,16,88,N,False
4,118,16,88,N,False
4,261,16,88,N,False
4,261,reel1__8,88,N,False
4,285,103,88,N,False
4,252,103,88,N,False
4,285,164,88,N,False
4,285,bot3__3,88,N,False
4,308,7,88,N,False
4,304,7,88,N,False
4,82,29,88,N,False
4,252,29,88,N,False
4,118,29,88,N,False
4,133,96,88,N,False
4,133,183,88,N,False
4,3,reel0__4,88,N,False
4,196,249,88,N,False
4,304,249,88,N,False
4,196,194,88,N,False
4,196,266,88,N,False
4,196,92,88,N,False
4,196,180,88,N,False
4,196,254,88,N,False
4,277,130,88,N,False
4,257,130,88,N,False
4,118,reel3__3,88,N,False
4,159,reel1__6,88,N,False
4,159,reel3__4,88,N,False
4,277,57,88,N,False
4,184,57,88,N,False
4,184,bot4__7,88,N,False
4,304,168,88,N,False
4,277,168,88,N,False
4,277,294,88,N,False
4,277,311,88,N,False
4,reel0__8,202,88,N,False
4,104,reel1__0,88,N,False
4,332,77,88,N,False
4,275,273,88,N,False
4,275,78,88,N,False
4,275,4,88,N,False
4,307,230,89,N,False
4,231,bot1__9,89,N,False
4,231,bot4__2,89,N,False
4,172,reel1__6,89,N,False
4,194,80,89,N,False
4,266,80,89,N,False
4,92,80,89,N,False
4,180,80,89,N,False
4,249,80,89,N,False
4,194,299,89,N,False
4,254,299,89,N,False
4,92,299,89,N,False
4,180,299,89,N,False
4,249,299,89,N,False
4,329,269,89,N,False
4,329,150,89,N,False
4,329,202,89,N,False
4,329,bot4__0,89,N,False
4,36,bot0__5,89,N,False
4,36,reel1__5,89,N,False
4,108,bot3__3,89,N,False
4,249,163,89,N,False
4,331,73,89,N,False
4,288,reel1__7,89,N,False
4,222,240,89,N,False
4,194,bot3__7,89,N,False
4,reel2__5,143,90,N,True
4,38,bot2__3,90,N,True
4,120,247,90,N,True
4,53,191,90,N,True
4,bot4__5,reel3__1,90,N,True
4,53,reel3__1,90,N,True
4,bot2__1,42,90,N,True
4,bot2__1,275,90,N,True
4,bot0__4,275,90,N,True
4,bot4__7,131,90,N,True
4,bot2__6,19,90,N,True
4,bot2__6,bot3__7,90,N,True
4,reel1__0,198,90,N,True
4,bot3__2,198,90,N,True
4,bot1__7,47,90,N,True
4,bot4__2,bot3__9,90,N,True
4,reel0__7,255,90,N,True
4,60,bot4__3,90,N,True
4,bot2__0,28,90,N,True
4,14,28,90,N,True
4,bot2__0,bot4__1,90,N,True
4,284,reel1__1,90,N,True
4,307,71,90,N,True
4,307,230,90,N,True
4,bot3__5,310,90,N,True
4,14,310,90,N,True
4,bot2__8,278,90,N,True
4,187,bot3__8,90,N,True
4,36,bot0__5,90,N,True
4,36,reel1__5,90,N,True
4,bot1__0,262,90,N,True
4,reel1__9,bot4__0,90,N,True
4,14,20,90,N,True
4,14,116,90,N,True
4,14,144,90,N,True
4,14,115,90,N,True
4,14,312,90,N,True
4,14,214,90,N,True
4,14,326,90,N,True
4,14,343,90,N,True
4,bot1__6,233,90,N,True
4,reel2__6,195,90,N,True
4,reel1__6,195,90,N,True
4,bot4__5,reel3__0,90,N,True
4,5,316,90,N,True
4,347,reel2__1,90,N,True
4,bot1__5,bot4__8,90,N,True
4,266,bot3__0,90,N,True
4,251,135,92,N,True
4,281,135,92,N,True
4,reel0__6,135,92,N,True
4,197,135,92,N,True
4,320,135,92,N,True
4,284,135,92,N,True
4,251,309,92,N,True
4,281,309,92,N,True
4,197,309,92,N,True
4,320,309,92,N,True
4,284,309,92,N,True
4,251,36,92,N,True
4,281,36,92,N,True
4,197,36,92,N,True
4,108,36,92,N,True
4,320,36,92,N,True
4,284,36,92,N,True
4,reel3__6,305,92,N,True
4,312,305,92,N,True
4,343,149,92,N,True
4,312,149,92,N,True
4,343,226,92,N,True
4,312,226,92,N,True
4,41,226,92,N,True
4,17,326,92,N,True
4,41,326,92,N,True
4,214,326,92,N,True
4,343,326,92,N,True
4,312,326,92,N,True
4,343,162,92,N,True
4,312,162,92,N,True
4,343,144,92,N,True
4,312,144,92,N,True
4,17,144,92,N,True
4,41,144,92,N,True
4,343,44,92,N,True
4,312,44,92,N,True
4,41,44,92,N,True
4,343,333,92,N,True
4,214,333,92,N,True
4,17,116,92,N,True
4,41,116,92,N,True
4,214,116,92,N,True
4,343,116,92,N,True
4,312,116,92,N,True
4,343,14,92,N,True
4,312,14,92,N,True
4,41,14,92,N,True
4,214,14,92,N,True
4,343,20,92,N,True
4,312,20,92,N,True
4,41,20,92,N,True
4,214,20,92,N,True
4,47,301,92,N,True
4,324,301,92,N,True
4,213,340,92,N,True
4,324,340,92,N,True
4,133,183,92,N,True
4,109,reel1__1,92,N,True
4,284,reel1__1,92,N,True
4,133,reel1__1,92,N,True
4,120,247,92,N,True
4,63,bot1__6,92,N,True
4,293,bot1__6,92,N,True
4,156,bot4__9,92,N,True
4,1,bot4__9,92,N,True
4,293,bot4__9,92,N,True
4,124,157,92,N,True
4,124,bot4__3,92,N,True
4,60,bot4__3,92,N,True
4,bot2__6,282,92,N,True
4,bot2__6,bot3__7,92,N,True
4,194,bot3__7,92,N,True
4,22,bot1__9,92,N,True
4,171,107,92,N,True
4,reel0__5,107,92,N,True
4,41,310,92,N,True
4,17,310,92,N,True
4,17,140,92,N,True
4,bot4__4,140,92,N,True
4,41,140,92,N,True
4,214,140,92,N,True
4,312,140,92,N,True
4,289,137,92,N,True
4,17,137,92,N,True
4,41,137,92,N,True
4,214,137,92,N,True
4,312,137,92,N,True
4,269,81,92,N,True
4,100,reel1__9,92,N,True
4,132,reel1__9,92,N,True
4,55,reel1__9,92,N,True
4,bot4__0,reel1__9,92,N,True
4,171,bot2__5,92,N,True
4,1,bot2__5,92,N,True
4,1,reel2__3,92,N,True
4,108,bot3__3,92,N,True
4,49,241,92,N,True
4,159,reel3__4,92,N,True
4,205,reel3__4,92,N,True
4,312,243,92,N,True
4,41,243,92,N,True
4,312,262,92,N,True
4,312,220,92,N,True
4,312,151,92,N,True
4,41,151,92,N,True
4,307,230,92,N,True
4,41,230,92,N,True
4,214,230,92,N,True
4,bot0__8,bot4__2,92,N,True
4,41,337,92,N,True
4,41,93,92,N,True
4,41,reel3__0,92,N,True
4,bot4__5,reel3__0,92,N,True
4,bot1__2,95,92,N,True
4,319,95,92,N,True
4,319,219,92,N,True
4,319,147,92,N,True
4,319,6,92,N,True
4,319,327,92,N,True
4,159,reel1__6,92,N,True
4,172,reel1__6,92,N,True
4,reel0__2,bot2__2,92,N,True
4,317,reel1__3,92,N,True
4,198,bot3__2,92,N,True
4,64,bot2__0,92,N,True
4,289,bot2__3,92,N,True
4,bot1__1,52,92,N,True
4,275,273,92,N,True
4,275,195,92,N,True
4,275,78,92,N,True
4,275,181,92,N,True
4,275,306,92,N,True
4,275,152,92,N,True
4,275,4,92,N,True
4,180,reel0__9,93,N,True
4,19,115,93,N,True
4,140,115,93,N,True
4,19,312,93,N,True
4,140,312,93,N,True
4,bot4__9,293,93,N,True
4,19,293,93,N,True
4,bot1__6,293,93,N,True
4,19,112,93,N,True
4,19,138,93,N,True
4,19,214,93,N,True
4,289,214,93,N,True
4,140,214,93,N,True
4,19,343,93,N,True
4,19,17,93,N,True
4,140,17,93,N,True
4,19,319,93,N,True
4,19,89,93,N,True
4,bot2__6,282,93,N,True
4,bot2__6,bot3__7,93,N,True
4,194,bot3__7,93,N,True
4,23,267,93,N,True
4,bot3__1,267,93,N,True
4,289,137,93,N,True
4,140,137,93,N,True
4,23,116,93,N,True
4,140,116,93,N,True
4,bot0__0,205,93,N,True
4,99,131,93,N,True
4,278,131,93,N,True
4,177,131,93,N,True
4,143,131,93,N,True
4,227,131,93,N,True
4,108,bot1__3,93,N,True
4,23,230,93,N,True
4,23,61,93,N,True
4,23,245,93,N,True
4,23,155,93,N,True
4,23,124,93,N,True
4,266,bot3__0,93,N,True
4,278,bot3__0,93,N,True
4,173,34,93,N,True
4,110,264,93,N,True
4,reel0__0,91,93,N,True
4,110,91,93,N,True
4,110,259,93,N,True
4,110,8,93,N,True
4,110,bot3__6,93,N,True
4,100,bot3__6,93,N,True
4,229,bot1__0,93,N,True
4,reel3__0,93,93,N,True
4,bot1__5,bot4__8,93,N,True
4,bot1__4,bot0__9,93,N,True
4,reel1__4,reel2__9,93,N,True
4,reel3__8,reel2__9,93,N,True
4,143,35,93,N,True
4,reel3__1,bot4__5,94,N,True
4,reel3__0,bot4__5,95,N,True
4,reel1__4,reel2__9,96,N,True
4,reel1__7,reel2__9,96,N,True
4,bot1__1,bot0__9,96,N,True
4,bot1__5,bot4__8,97,N,True
4,bot4__3,bot2__3,98,N,True
4,reel1__9,bot4__0,99,N,True
4,reel1__8,bot4__0,99,N,True
4,reel0__9,reel1__7,99,N,True
4,reel1__4,reel2__9,99,N,True
4,reel3__8,reel2__9,99,N,True
5,202,reel0__8,82,N,False
5,339,340,82,N,False
5,339,158,82,N,False
5,339,313,82,N,False
5,339,65,82,N,False
5,339,347,82,N,False
5,339,reel1__5,82,N,False
5,131,bot4__7,84,N,False
5,239,21,84,N,False
5,342,21,84,N,False
5,13,21,84,N,False
5,67,21,84,N,False
5,313,21,84,N,False
5,239,234,84,N,False
5,342,188,84,N,False
5,239,188,84,N,False
5,13,188,84,N,False
5,67,188,84,N,False
5,239,169,84,N,False
5,82,169,84,N,False
5,67,169,84,N,False
5,222,186,84,N,False
5,239,186,84,N,False
5,67,186,84,N,False
5,342,123,84,N,False
5,239,123,84,N,False
5,82,123,84,N,False
5,67,123,84,N,False
5,239,338,84,N,False
5,239,170,84,N,False
5,342,170,84,N,False
5,82,170,84,N,False
5,67,170,84,N,False
5,313,170,84,N,False
5,342,285,84,N,False
5,239,285,84,N,False
5,67,285,84,N,False
5,313,285,84,N,False
5,239,142,84,N,False
5,67,142,84,N,False
5,13,332,84,N,False
5,67,332,84,N,False
5,172,332,84,N,False
5,67,128,84,N,False
5,313,128,84,N,False
5,172,128,84,N,False
5,172,reel1__6,84,N,False
5,bot0__3,244,84,N,False
5,339,38,84,N,False
5,67,136,84,N,False
5,339,136,84,N,False
5,82,158,84,N,False
5,67,158,84,N,False
5,339,158,84,N,False
5,313,146,84,N,False
5,339,146,84,N,False
5,339,260,84,N,False
5,339,347,84,N,False
5,95,bot1__9,84,N,False
5,100,269,84,N,False
5,171,107,84,N,False
5,342,314,84,N,False
5,82,314,84,N,False
5,313,314,84,N,False
5,82,121,84,N,False
5,82,318,84,N,False
5,67,345,84,N,False
5,67,69,84,N,False
5,67,297,84,N,False
5,342,9,84,N,False
5,67,9,84,N,False
5,67,75,84,N,False
5,283,3,84,N,False
5,67,3,84,N,False
5,143,46,84,N,False
5,177,46,84,N,False
5,36,309,84,N,False
5,36,127,84,N,False
5,36,284,84,N,False
5,36,108,84,N,False
5,36,281,84,N,False
5,222,240,84,N,False
5,222,bot1__8,84,N,False
5,283,bot4__5,84,N,False
5,189,reel0__3,84,N,False
5,342,bot2__4,84,N,False
5,313,bot0__6,84,N,False
5,bot1__6,233,84,N,False
5,156,235,85,N,False
5,156,bot4__9,85,N,False
5,bot2__2,61,85,N,False
5,reel0__4,61,85,N,False
5,reel3__4,233,85,N,False
5,reel3__4,205,85,N,False
5,reel0__9,reel1__7,85,N,False
5,bot4__3,bot2__3,85,N,False
5,249,163,85,N,False
5,bot4__6,229,85,N,False
5,bot1__1,bot0__9,85,N,False
5,reel1__9,bot4__0,85,N,False
5,237,reel2__5,85,N,False
5,reel1__4,95,85,N,False
5,152,275,85,N,False
5,284,251,85,N,False
5,284,309,85,N,False
5,151,144,86,N,False
5,151,310,86,N,False
5,151,41,86,N,False
5,151,312,86,N,False
5,reel3__1,bot4__5,86,N,False
5,bot1__5,bot4__8,86,N,False
5,bot4__2,bot3__9,86,N,False
5,88,336,86,N,False
5,275,273,86,N,False
5,275,218,86,N,False
5,275,306,86,N,False
5,250,reel0__2,86,N,False
5,239,261,87,N,False
5,252,261,87,N,False
5,172,261,87,N,False
5,67,261,87,N,False
5,122,261,87,N,False
5,271,261,87,N,False
5,98,261,87,N,False
5,239,60,87,N,False
5,322,60,87,N,False
5,31,338,87,N,False
5,239,338,87,N,False
5,308,338,87,N,False
5,252,338,87,N,False
5,315,303,87,N,False
5,239,303,87,N,False
5,322,303,87,N,False
5,67,303,87,N,False
5,186,303,87,N,False
5,122,303,87,N,False
5,130,257,87,N,False
5,315,257,87,N,False
5,322,257,87,N,False
5,280,257,87,N,False
5,272,257,87,N,False
5,9,75,87,N,False
5,322,75,87,N,False
5,67,75,87,N,False
5,188,75,87,N,False
5,272,75,87,N,False
5,322,30,87,N,False
5,9,30,87,N,False
5,188,30,87,N,False
5,271,30,87,N,False
5,9,156,87,N,False
5,67,156,87,N,False
5,122,156,87,N,False
5,188,156,87,N,False
5,272,156,87,N,False
5,271,79,87,N,False
5,252,79,87,N,False
5,9,79,87,N,False
5,67,79,87,N,False
5,188,79,87,N,False
5,272,79,87,N,False
5,9,reel1__8,87,N,False
5,9,bot3__4,87,N,False
5,252,82,87,N,False
5,98,82,87,N,False
5,172,82,87,N,False
5,67,82,87,N,False
5,271,82,87,N,False
5,252,103,87,N,False
5,bot2__6,103,87,N,False
5,98,103,87,N,False
5,172,103,87,N,False
5,339,103,87,N,False
5,271,103,87,N,False
5,271,268,87,N,False
5,172,268,87,N,False
5,343,2,87,N,False
5,115,2,87,N,False
5,312,2,87,N,False
5,115,137,87,N,False
5,289,137,87,N,False
5,41,137,87,N,False
5,214,137,87,N,False
5,312,137,87,N,False
5,115,116,87,N,False
5,41,116,87,N,False
5,214,116,87,N,False
5,343,116,87,N,False
5,312,116,87,N,False
5,115,220,87,N,False
5,312,220,87,N,False
5,115,192,87,N,False
5,315,121,87,N,False
5,280,121,87,N,False
5,339,340,87,N,False
5,322,260,87,N,False
5,339,260,87,N,False
5,315,345,87,N,False
5,252,345,87,N,False
5,322,345,87,N,False
5,67,345,87,N,False
5,186,345,87,N,False
5,122,345,87,N,False
5,186,bot0__4,87,N,False
5,343,111,87,N,False
5,41,111,87,N,False
5,312,111,87,N,False
5,214,111,87,N,False
5,41,230,87,N,False
5,214,230,87,N,False
5,343,162,87,N,False
5,312,162,87,N,False
5,343,44,87,N,False
5,41,44,87,N,False
5,312,44,87,N,False
5,322,bot2__7,87,N,False
5,308,bot2__7,87,N,False
5,122,274,87,N,False
5,188,274,87,N,False
5,57,320,87,N,False
5,272,320,87,N,False
5,98,bot4__4,87,N,False
5,57,249,87,N,False
5,315,249,87,N,False
5,315,94,87,N,False
5,41,310,87,N,False
5,41,151,87,N,False
5,312,151,87,N,False
5,41,93,87,N,False
5,290,bot0__3,87,N,False
5,57,92,87,N,False
5,57,24,87,N,False
5,271,318,87,N,False
5,322,207,87,N,False
5,31,51,87,N,False
5,31,84,87,N,False
5,reel3__3,177,88,N,False
5,100,bot1__2,88,N,False
5,100,reel1__9,88,N,False
5,194,101,88,N,False
5,254,101,88,N,False
5,266,101,88,N,False
5,92,101,88,N,False
5,180,101,88,N,False
5,249,101,88,N,False
5,171,58,88,N,False
5,reel1__8,bot4__0,88,N,False
5,29,247,88,N,False
5,reel3__4,205,88,N,False
5,36,reel1__5,88,N,False
5,202,166,88,N,False
5,202,bot0__0,88,N,False
5,60,bot4__3,88,N,False
5,78,reel2__8,88,N,False
5,63,bot1__6,88,N,False
5,121,reel0__0,88,N,False
5,202,bot0__4,89,N,False
5,reel1__5,151,89,N,False
5,269,58,89,N,False
5,269,100,89,N,False
5,150,100,89,N,False
5,163,100,89,N,False
5,269,81,89,N,False
5,80,bot1__4,89,N,False
5,150,171,89,N,False
5,150,64,89,N,False
5,150,189,89,N,False
5,150,217,89,N,False
5,reel1__6,195,89,N,False
5,bot3__7,bot2__6,89,N,False
5,230,23,89,N,False
5,240,23,89,N,False
5,230,70,89,N,False
5,230,41,89,N,False
5,230,97,89,N,False
5,bot4__0,reel1__9,89,N,False
5,131,99,90,N,True
5,278,99,90,N,True
5,143,99,90,N,True
5,131,227,90,N,True
5,19,227,90,N,True
5,278,227,90,N,True
5,143,227,90,N,True
5,131,225,90,N,True
5,278,225,90,N,True
5,143,225,90,N,True
5,131,reel2__2,90,N,True
5,326,2,90,N,True
5,115,2,90,N,True
5,20,2,90,N,True
5,116,2,90,N,True
5,343,2,90,N,True
5,312,2,90,N,True
5,326,137,90,N,True
5,310,137,90,N,True
5,115,137,90,N,True
5,214,137,90,N,True
5,312,137,90,N,True
5,115,192,90,N,True
5,144,17,90,N,True
5,326,17,90,N,True
5,19,17,90,N,True
5,310,17,90,N,True
5,115,17,90,N,True
5,116,17,90,N,True
5,214,17,90,N,True
5,312,17,90,N,True
5,bot3__9,289,90,N,True
5,bot2__3,289,90,N,True
5,19,289,90,N,True
5,214,289,90,N,True
5,326,111,90,N,True
5,310,111,90,N,True
5,20,111,90,N,True
5,214,111,90,N,True
5,343,111,90,N,True
5,312,111,90,N,True
5,326,162,90,N,True
5,20,162,90,N,True
5,116,162,90,N,True
5,343,162,90,N,True
5,312,162,90,N,True
5,bot4__1,241,90,N,True
5,47,bot0__0,90,N,True
5,bot4__8,33,90,N,True
5,42,33,90,N,True
5,42,reel0__8,90,N,True
5,310,32,90,N,True
5,reel3__0,93,90,N,True
5,310,93,90,N,True
5,310,167,90,N,True
5,310,337,90,N,True
5,312,243,90,N,True
5,310,243,90,N,True
5,bot3__9,328,90,N,True
5,275,328,90,N,True
5,195,328,90,N,True
5,bot3__9,327,90,N,True
5,233,reel2__8,90,N,True
5,316,reel2__8,90,N,True
5,278,86,90,N,True
5,143,46,90,N,True
5,278,46,90,N,True
5,230,70,90,N,True
5,230,97,90,N,True
5,230,253,90,N,True
5,19,319,90,N,True
5,275,181,90,N,True
5,195,181,90,N,True
5,275,306,90,N,True
5,195,306,90,N,True
5,275,273,90,N,True
5,195,273,90,N,True
5,143,68,90,N,True
5,143,35,90,N,True
5,143,321,90,N,True
5,312,305,90,N,True
5,95,bot1__0,92,N,True
5,262,bot1__0,92,N,True
5,241,bot4__1,92,N,True
5,326,bot4__1,92,N,True
5,bot2__0,bot4__1,92,N,True
5,bot2__2,61,92,N,True
5,reel3__4,233,92,N,True
5,bot1__6,233,92,N,True
5,310,167,92,N,True
5,243,167,92,N,True
5,93,167,92,N,True
5,137,167,92,N,True
5,337,167,92,N,True
5,137,32,92,N,True
5,93,32,92,N,True
5,337,32,92,N,True
5,310,32,92,N,True
5,310,bot3__5,92,N,True
5,282,244,92,N,True
5,78,reel2__8,92,N,True
5,230,70,92,N,True
5,230,253,92,N,True
5,157,reel2__4,92,N,True
5,14,bot3__4,92,N,True
5,131,bot4__7,93,N,True
5,343,149,93,N,True
5,115,149,93,N,True
5,312,149,93,N,True
5,116,149,93,N,True
5,343,226,93,N,True
5,115,226,93,N,True
5,312,226,93,N,True
5,116,226,93,N,True
5,115,14,93,N,True
5,116,14,93,N,True
5,214,14,93,N,True
5,343,14,93,N,True
5,312,14,93,N,True
5,115,220,93,N,True
5,312,220,93,N,True
5,93,310,93,N,True
5,137,310,93,N,True
5,17,310,93,N,True
5,343,333,93,N,True
5,214,333,93,N,True
5,343,162,93,N,True
5,116,162,93,N,True
5,312,162,93,N,True
5,343,44,93,N,True
5,312,44,93,N,True
5,259,193,93,N,True
5,8,193,93,N,True
5,61,193,93,N,True
5,91,193,93,N,True
5,reel0__9,reel3__6,93,N,True
5,bot4__8,49,93,N,True
5,bot3__6,49,93,N,True
5,93,167,93,N,True
5,137,167,93,N,True
5,93,337,93,N,True
5,137,337,93,N,True
5,bot3__0,255,93,N,True
5,282,244,93,N,True
5,319,219,93,N,True
5,89,219,93,N,True
5,319,147,93,N,True
5,89,147,93,N,True
5,124,bot4__3,93,N,True
5,61,bot2__2,93,N,True
5,312,151,93,N,True
6,340,213,82,N,False
6,reel1__5,36,82,N,False
6,313,63,82,N,False
6,313,265,82,N,False
6,313,21,82,N,False
6,313,54,82,N,False
6,158,26,82,N,False
6,313,26,82,N,False
6,313,128,82,N,False
6,313,199,82,N,False
6,313,239,82,N,False
6,313,285,82,N,False
6,158,60,82,N,False
6,313,60,82,N,False
6,313,261,82,N,False
6,65,261,82,N,False
6,313,13,82,N,False
6,65,13,82,N,False
6,313,118,82,N,False
6,65,118,82,N,False
6,313,271,82,N,False
6,158,325,82,N,False
6,313,325,82,N,False
6,313,211,82,N,False
6,313,223,82,N,False
6,158,40,82,N,False
6,158,332,82,N,False
6,158,109,82,N,False
6,158,132,82,N,False
6,75,258,84,N,False
6,9,258,84,N,False
6,188,258,84,N,False
6,75,85,84,N,False
6,3,85,84,N,False
6,9,85,84,N,False
6,170,85,84,N,False
6,188,85,84,N,False
6,186,88,84,N,False
6,21,88,84,N,False
6,170,124,84,N,False
6,108,bot1__3,84,N,False
6,170,bot1__3,84,N,False
6,169,257,84,N,False
6,345,178,84,N,False
6,186,178,84,N,False
6,38,178,84,N,False
6,260,126,84,N,False
6,121,206,84,N,False
6,260,206,84,N,False
6,260,reel0__8,84,N,False
6,285,208,84,N,False
6,332,208,84,N,False
6,188,208,84,N,False
6,285,164,84,N,False
6,38,bot2__3,84,N,False
6,269,reel3__2,84,N,False
6,3,reel3__2,84,N,False
6,136,120,84,N,False
6,bot2__4,130,84,N,False
6,233,256,84,N,False
6,233,reel3__4,84,N,False
6,332,48,84,N,False
6,107,reel0__5,84,N,False
6,284,reel1__1,84,N,False
6,205,bot0__0,85,N,False
6,61,193,85,N,False
6,233,256,85,N,False
6,reel1__7,49,85,N,False
6,95,319,85,N,False
6,95,147,85,N,False
6,95,bot1__2,85,N,False
6,bot0__9,270,85,N,False
6,bot0__9,8,85,N,False
6,275,273,85,N,False
6,144,226,86,N,False
6,41,226,86,N,False
6,312,226,86,N,False
6,144,343,86,N,False
6,41,343,86,N,False
6,312,343,86,N,False
6,144,116,86,N,False
6,41,116,86,N,False
6,312,116,86,N,False
6,144,149,86,N,False
6,312,149,86,N,False
6,310,32,86,N,False
6,41,111,86,N,False
6,310,111,86,N,False
6,312,111,86,N,False
6,41,93,86,N,False
6,310,93,86,N,False
6,310,167,86,N,False
6,41,337,86,N,False
6,310,337,86,N,False
6,41,reel3__0,86,N,False
6,bot4__5,reel3__0,86,N,False
6,218,reel2__0,86,N,False
6,bot4__8,33,86,N,False
6,312,305,86,N,False
6,312,220,86,N,False
6,312,2,86,N,False
6,312,162,86,N,False
6,bot0__3,244,87,N,False
6,bot0__3,64,87,N,False
6,156,bot4__9,87,N,False
6,260,160,87,N,False
6,260,reel0__8,87,N,False
6,320,309,87,N,False
6,reel1__8,bot4__0,87,N,False
6,192,205,87,N,False
6,94,266,87,N,False
6,24,266,87,N,False
6,249,266,87,N,False
6,92,266,87,N,False
6,94,194,87,N,False
6,24,194,87,N,False
6,249,194,87,N,False
6,92,194,87,N,False
6,94,101,87,N,False
6,24,101,87,N,False
6,249,101,87,N,False
6,92,101,87,N,False
6,249,163,87,N,False
6,75,reel0__4,87,N,False
6,310,bot3__5,87,N,False
6,60,bot4__3,87,N,False
6,79,reel3__9,87,N,False
6,230,307,87,N,False
6,bot0__4,202,87,N,False
6,94,reel2__1,87,N,False
6,166,bot1__7,88,N,False
6,177,46,88,N,False
6,177,227,88,N,False
6,177,278,88,N,False
6,177,99,88,N,False
6,177,86,88,N,False
6,reel2__8,316,88,N,False
6,bot4__3,124,88,N,False
6,171,107,89,N,False
6,58,107,89,N,False
6,171,bot2__5,89,N,False
6,64,bot0__3,89,N,False
6,189,reel2__2,89,N,False
6,23,116,89,N,False
6,41,116,89,N,False
6,23,245,89,N,False
6,23,99,89,N,False
6,151,28,89,N,False
6,41,28,89,N,False
6,151,14,89,N,False
6,41,14,89,N,False
6,151,312,89,N,False
6,41,312,89,N,False
6,195,218,89,N,False
6,195,328,89,N,False
6,41,137,89,N,False
6,41,115,89,N,False
6,41,111,89,N,False
6,41,343,89,N,False
6,41,93,89,N,False
6,111,279,90,N,True
6,reel2__2,279,90,N,True
6,253,182,90,N,True
6,97,182,90,N,True
6,bot0__0,205,90,N,True
6,192,205,90,N,True
6,68,296,90,N,True
6,227,296,90,N,True
6,99,296,90,N,True
6,227,102,90,N,True
6,99,102,90,N,True
6,68,263,90,N,True
6,227,263,90,N,True
6,99,263,90,N,True
6,319,219,90,N,True
6,319,147,90,N,True
6,319,6,90,N,True
6,243,216,90,N,True
6,61,193,92,N,True
6,233,256,92,N,True
6,reel2__4,245,92,N,True
6,253,182,92,N,True
6,219,154,93,N,True
6,14,bot3__4,93,N,True
6,244,bot0__3,93,N,True
7,239,344,82,N,False
7,239,188,82,N,False
7,21,188,82,N,False
7,26,188,82,N,False
7,13,188,82,N,False
7,223,188,82,N,False
7,285,188,82,N,False
7,271,188,82,N,False
7,26,123,82,N,False
7,239,123,82,N,False
7,21,123,82,N,False
7,261,123,82,N,False
7,26,66,82,N,False
7,239,66,82,N,False
7,21,66,82,N,False
7,109,200,82,N,False
7,239,200,82,N,False
7,199,200,82,N,False
7,21,200,82,N,False
7,26,200,82,N,False
7,40,200,82,N,False
7,118,200,82,N,False
7,223,200,82,N,False
7,332,200,82,N,False
7,285,200,82,N,False
7,325,200,82,N,False
7,271,200,82,N,False
7,213,272,82,N,False
7,239,272,82,N,False
7,21,272,82,N,False
7,211,272,82,N,False
7,40,272,82,N,False
7,285,272,82,N,False
7,271,272,82,N,False
7,21,88,82,N,False
7,40,274,82,N,False
7,21,274,82,N,False
7,199,134,82,N,False
7,26,134,82,N,False
7,21,134,82,N,False
7,132,134,82,N,False
7,118,134,82,N,False
7,21,235,82,N,False
7,199,9,82,N,False
7,21,9,82,N,False
7,26,9,82,N,False
7,128,9,82,N,False
7,285,9,82,N,False
7,271,9,82,N,False
7,36,127,82,N,False
7,21,127,82,N,False
7,21,105,82,N,False
7,213,308,82,N,False
7,26,308,82,N,False
7,21,308,82,N,False
7,21,121,82,N,False
7,21,165,82,N,False
7,21,159,82,N,False
7,332,16,82,N,False
7,118,16,82,N,False
7,261,16,82,N,False
7,211,268,82,N,False
7,118,268,82,N,False
7,261,268,82,N,False
7,325,268,82,N,False
7,271,268,82,N,False
7,285,208,82,N,False
7,332,208,82,N,False
7,285,221,82,N,False
7,285,117,82,N,False
7,285,185,82,N,False
7,26,185,82,N,False
7,271,185,82,N,False
7,213,249,82,N,False
7,213,178,82,N,False
7,213,96,82,N,False
7,213,80,82,N,False
7,211,29,82,N,False
7,40,29,82,N,False
7,118,29,82,N,False
7,26,133,82,N,False
7,40,133,82,N,False
7,271,133,82,N,False
7,332,77,82,N,False
7,40,77,82,N,False
7,40,307,82,N,False
7,26,257,82,N,False
7,40,257,82,N,False
7,40,258,82,N,False
7,325,311,82,N,False
7,132,311,82,N,False
7,265,311,82,N,False
7,36,135,82,N,False
7,36,309,82,N,False
7,36,320,82,N,False
7,109,229,82,N,False
7,109,reel1__1,82,N,False
7,54,27,82,N,False
7,199,288,82,N,False
7,60,bot4__3,82,N,False
7,118,bot2__0,82,N,False
7,271,85,82,N,False
7,26,69,82,N,False
7,130,204,84,N,False
7,130,191,84,N,False
7,48,180,84,N,False
7,48,302,84,N,False
7,124,bot4__3,84,N,False
7,bot2__3,bot4__3,84,N,False
7,reel3__4,205,84,N,False
7,88,336,84,N,False
7,8,245,85,N,False
7,8,264,85,N,False
7,147,219,85,N,False
7,319,219,85,N,False
7,bot0__0,47,85,N,False
7,bot0__0,202,85,N,False
7,319,19,85,N,False
7,49,255,85,N,False
7,49,241,85,N,False
7,49,bot4__8,85,N,False
7,305,reel3__6,86,N,False
7,101,317,87,N,False
7,bot4__3,124,87,N,False
7,64,171,87,N,False
7,64,150,87,N,False
7,163,150,87,N,False
7,64,bot2__0,87,N,False
7,202,bot0__0,87,N,False
7,205,bot0__0,87,N,False
7,194,reel2__7,87,N,False
7,124,157,88,N,False
7,227,296,88,N,False
7,99,296,88,N,False
7,218,reel2__0,89,N,False
7,115,220,89,N,False
7,312,220,89,N,False
7,99,68,89,N,False
7,99,225,89,N,False
7,245,reel2__4,89,N,False
7,93,167,89,N,False
7,137,167,89,N,False
7,219,154,90,N,True
7,245,91,92,N,True
7,193,91,92,N,True
8,307,71,82,N,False
8,307,230,82,N,False
8,9,75,82,N,False
8,200,75,82,N,False
8,274,75,82,N,False
8,258,75,82,N,False
8,85,75,82,N,False
8,188,75,82,N,False
8,272,75,82,N,False
8,9,341,82,N,False
8,188,341,82,N,False
8,274,341,82,N,False
8,80,180,82,N,False
8,249,180,82,N,False
8,80,194,82,N,False
8,249,194,82,N,False
8,80,94,82,N,False
8,320,94,82,N,False
8,249,94,82,N,False
8,133,183,82,N,False
8,221,bot4__6,82,N,False
8,229,bot4__6,82,N,False
8,77,reel0__2,82,N,False
8,bot2__0,64,82,N,False
8,bot2__0,bot4__1,82,N,False
8,159,reel3__4,82,N,False
8,344,bot4__4,82,N,False
8,88,73,82,N,False
8,88,reel3__8,82,N,False
8,121,reel0__0,82,N,False
8,204,254,84,N,False
8,302,254,84,N,False
8,180,254,84,N,False
8,302,24,84,N,False
8,180,24,84,N,False
8,202,166,85,N,False
8,241,bot4__1,85,N,False
8,19,115,85,N,False
8,19,17,85,N,False
8,19,227,85,N,False
8,47,301,85,N,False
8,245,reel2__4,85,N,False
8,bot4__8,33,85,N,False
8,171,107,87,N,False
8,bot2__0,bot4__1,87,N,False
8,bot0__0,47,87,N,False
8,reel2__4,129,89,N,False
8,91,264,92,N,True
8,91,201,92,N,True
9,75,reel0__4,82,N,False
9,75,bot2__9,82,N,False
9,75,bot3__8,82,N,False
9,64,100,82,N,False
9,194,reel2__7,82,N,False
9,71,bot3__7,82,N,False
9,194,bot3__7,82,N,False
9,reel0__2,250,82,N,False
9,bot4__1,241,82,N,False
9,reel3__4,205,82,N,False
9,180,reel0__9,82,N,False
9,reel0__0,91,82,N,False
9,230,70,82,N,False
9,230,23,82,N,False
9,230,41,82,N,False
9,reel2__4,157,85,N,False
9,115,137,85,N,False
9,17,137,85,N,False
9,115,226,85,N,False
9,115,116,85,N,False
9,17,116,85,N,False
9,115,220,85,N,False
9,227,68,85,N,False
9,227,86,85,N,False
9,227,296,85,N,False
9,33,42,85,N,False
9,47,301,87,N,False
10,23,83,82,N,False
10,23,227,82,N,False
10,23,144,82,N,False
10,41,144,82,N,False
10,23,240,82,N,False
10,23,267,82,N,False
10,23,51,82,N,False
10,reel0__9,reel3__6,82,N,False
10,91,8,82,N,False
10,91,193,82,N,False
10,91,264,82,N,False
10,41,226,82,N,False
10,41,20,82,N,False
10,41,17,82,N,False
10,41,310,82,N,False
10,41,343,82,N,False
10,41,312,82,N,False
10,bot2__9,256,82,N,False
10,116,162,85,N,False
10,157,155,85,N,False
10,137,32,85,N,False
11,144,149,82,N,False
11,226,149,82,N,False
11,20,149,82,N,False
11,343,149,82,N,False
11,312,149,82,N,False
11,8,bot0__9,82,N,False
11,343,2,82,N,False
11,226,2,82,N,False
11,312,2,82,N,False
11,20,2,82,N,False
11,310,167,82,N,False
11,reel3__6,305,82,N,False
11,312,305,82,N,False
11,227,225,82,N,False
12,bot0__9,270,82,N,False
13,270,reel0__7,82,N,False
