iteration,sender,receiver,news_id,news_party,news_veracity
0,bot0__0,47,0,N,False
0,bot0__0,205,0,N,False
0,bot0__0,202,0,N,False
0,bot0__1,133,1,N,False
0,bot0__1,237,1,N,False
0,bot0__1,94,1,N,False
0,bot0__2,216,2,N,False
0,bot0__4,275,4,N,False
0,bot0__5,36,5,N,False
0,bot0__6,341,6,N,False
0,bot0__6,313,6,N,False
0,bot0__7,304,7,N,False
0,bot0__7,342,7,N,False
0,bot0__8,176,8,N,False
0,bot0__8,341,8,N,False
0,bot0__9,8,9,N,False
0,reel0__0,170,10,N,True
0,reel0__0,91,10,N,True
0,reel0__0,121,10,N,True
0,reel0__1,110,11,N,True
0,reel0__1,256,11,N,True
0,reel0__1,98,11,N,True
0,reel0__2,250,12,N,True
0,reel0__2,126,12,N,True
0,reel0__2,77,12,N,True
0,reel0__3,152,13,N,True
0,reel0__3,324,13,N,True
0,reel0__3,189,13,N,True
0,reel0__4,61,14,N,True
0,reel0__4,75,14,N,True
0,reel0__5,98,15,N,True
0,reel0__5,107,15,N,True
0,reel0__5,173,15,N,True
0,reel0__6,40,16,N,True
0,reel0__6,138,16,N,True
0,reel0__7,175,17,N,True
0,reel0__7,255,17,N,True
0,reel0__8,42,18,N,True
0,reel0__8,202,18,N,True
0,reel0__9,180,19,N,True
0,reel0__9,206,19,N,True
1,202,329,0,N,False
1,202,173,0,N,False
1,202,bot0__4,0,N,False
1,47,301,0,N,False
1,133,62,1,N,False
1,133,96,1,N,False
1,133,40,1,N,False
1,133,1,1,N,False
1,133,141,1,N,False
1,133,183,1,N,False
1,133,280,1,N,False
1,133,322,1,N,False
1,133,9,1,N,False
1,94,300,1,N,False
1,237,25,1,N,False
1,94,25,1,N,False
1,94,302,1,N,False
1,94,53,1,N,False
1,94,299,1,N,False
1,94,320,1,N,False
1,94,92,1,N,False
1,94,254,1,N,False
1,94,101,1,N,False
1,94,242,1,N,False
1,94,194,1,N,False
1,237,84,1,N,False
1,237,83,1,N,False
1,275,195,4,N,False
1,275,78,4,N,False
1,275,181,4,N,False
1,36,135,5,N,False
1,36,127,5,N,False
1,341,186,6,N,False
1,341,9,6,N,False
1,341,322,6,N,False
1,341,56,6,N,False
1,313,56,6,N,False
1,341,203,6,N,False
1,313,203,6,N,False
1,341,170,6,N,False
1,313,170,6,N,False
1,341,bot0__8,6,N,False
1,313,63,6,N,False
1,313,265,6,N,False
1,313,54,6,N,False
1,313,172,6,N,False
1,313,222,6,N,False
1,313,26,6,N,False
1,313,128,6,N,False
1,313,239,6,N,False
1,313,285,6,N,False
1,313,315,6,N,False
1,313,261,6,N,False
1,313,98,6,N,False
1,313,13,6,N,False
1,313,342,6,N,False
1,313,339,6,N,False
1,313,118,6,N,False
1,313,271,6,N,False
1,313,314,6,N,False
1,313,325,6,N,False
1,313,211,6,N,False
1,304,199,7,N,False
1,342,199,7,N,False
1,304,30,7,N,False
1,304,212,7,N,False
1,304,322,7,N,False
1,342,322,7,N,False
1,304,172,7,N,False
1,342,172,7,N,False
1,304,170,7,N,False
1,342,170,7,N,False
1,304,161,7,N,False
1,304,9,7,N,False
1,342,9,7,N,False
1,304,224,7,N,False
1,304,203,7,N,False
1,342,203,7,N,False
1,304,257,7,N,False
1,304,98,7,N,False
1,342,98,7,N,False
1,304,141,7,N,False
1,304,134,7,N,False
1,304,56,7,N,False
1,342,56,7,N,False
1,304,285,7,N,False
1,342,285,7,N,False
1,304,239,7,N,False
1,304,40,7,N,False
1,304,200,7,N,False
1,304,341,7,N,False
1,304,277,7,N,False
1,342,277,7,N,False
1,304,211,7,N,False
1,342,211,7,N,False
1,304,13,7,N,False
1,342,13,7,N,False
1,304,246,7,N,False
1,304,31,7,N,False
1,304,315,7,N,False
1,304,0,7,N,False
1,342,0,7,N,False
1,342,59,7,N,False
1,342,119,7,N,False
1,342,123,7,N,False
1,342,314,7,N,False
1,342,63,7,N,False
1,342,165,7,N,False
1,342,261,7,N,False
1,342,290,7,N,False
1,341,186,8,N,False
1,341,274,8,N,False
1,341,9,8,N,False
1,176,9,8,N,False
1,341,322,8,N,False
1,341,323,8,N,False
1,341,56,8,N,False
1,341,188,8,N,False
1,176,188,8,N,False
1,341,304,8,N,False
1,341,203,8,N,False
1,341,62,8,N,False
1,341,170,8,N,False
1,176,170,8,N,False
1,341,bot0__6,8,N,False
1,176,25,8,N,False
1,176,239,8,N,False
1,176,119,8,N,False
1,176,148,8,N,False
1,8,91,9,N,False
1,8,264,9,N,False
1,8,0,9,N,False
1,91,8,10,N,True
1,91,193,10,N,True
1,91,264,10,N,True
1,91,245,10,N,True
1,91,259,10,N,True
1,91,201,10,N,True
1,91,0,10,N,True
1,121,0,10,N,True
1,170,0,10,N,True
1,121,165,10,N,True
1,121,280,10,N,True
1,121,315,10,N,True
1,170,315,10,N,True
1,121,21,10,N,True
1,170,21,10,N,True
1,121,39,10,N,True
1,121,69,10,N,True
1,170,56,10,N,True
1,170,223,10,N,True
1,170,274,10,N,True
1,170,142,10,N,True
1,170,304,10,N,True
1,170,285,10,N,True
1,170,200,10,N,True
1,170,250,10,N,True
1,170,128,10,N,True
1,170,55,10,N,True
1,170,342,10,N,True
1,170,268,10,N,True
1,170,203,10,N,True
1,170,260,10,N,True
1,170,277,10,N,True
1,170,313,10,N,True
1,170,9,10,N,True
1,170,185,10,N,True
1,170,122,10,N,True
1,170,85,10,N,True
1,170,322,10,N,True
1,170,26,10,N,True
1,170,75,10,N,True
1,170,67,10,N,True
1,170,239,10,N,True
1,170,25,10,N,True
1,170,341,10,N,True
1,170,334,10,N,True
1,170,211,10,N,True
1,170,252,10,N,True
1,98,21,11,N,True
1,98,271,11,N,True
1,98,265,11,N,True
1,98,172,11,N,True
1,98,211,11,N,True
1,98,223,11,N,True
1,98,285,11,N,True
1,98,148,11,N,True
1,98,203,11,N,True
1,98,104,11,N,True
1,98,122,11,N,True
1,98,123,11,N,True
1,98,113,11,N,True
1,98,342,11,N,True
1,98,276,11,N,True
1,98,261,11,N,True
1,98,313,11,N,True
1,98,315,11,N,True
1,98,128,11,N,True
1,98,59,11,N,True
1,98,304,11,N,True
1,98,277,11,N,True
1,98,141,11,N,True
1,98,26,11,N,True
1,98,103,11,N,True
1,98,252,11,N,True
1,98,170,11,N,True
1,98,25,11,N,True
1,98,186,11,N,True
1,98,82,11,N,True
1,98,119,11,N,True
1,98,118,11,N,True
1,98,258,11,N,True
1,98,291,11,N,True
1,98,67,11,N,True
1,98,109,11,N,True
1,98,56,11,N,True
1,98,239,11,N,True
1,110,0,11,N,True
1,256,0,11,N,True
1,98,0,11,N,True
1,256,233,11,N,True
1,110,259,11,N,True
1,126,73,12,N,True
1,126,48,12,N,True
1,126,260,12,N,True
1,126,322,12,N,True
1,250,322,12,N,True
1,126,1,12,N,True
1,126,0,12,N,True
1,77,0,12,N,True
1,250,0,12,N,True
1,77,40,12,N,True
1,77,332,12,N,True
1,77,117,12,N,True
1,77,294,12,N,True
1,250,252,12,N,True
1,324,329,13,N,True
1,324,304,13,N,True
1,324,301,13,N,True
1,324,118,13,N,True
1,324,109,13,N,True
1,324,22,13,N,True
1,324,332,13,N,True
1,324,119,13,N,True
1,189,119,13,N,True
1,324,213,13,N,True
1,324,315,13,N,True
1,324,297,13,N,True
1,324,200,13,N,True
1,324,340,13,N,True
1,324,67,13,N,True
1,324,203,13,N,True
1,324,27,13,N,True
1,324,224,13,N,True
1,324,0,13,N,True
1,189,0,13,N,True
1,152,0,13,N,True
1,189,100,13,N,True
1,189,64,13,N,True
1,189,171,13,N,True
1,152,4,13,N,True
1,152,275,13,N,True
1,152,339,13,N,True
1,75,9,14,N,True
1,75,56,14,N,True
1,75,200,14,N,True
1,75,67,14,N,True
1,75,272,14,N,True
1,75,170,14,N,True
1,75,258,14,N,True
1,107,0,15,N,True
1,173,0,15,N,True
1,98,0,15,N,True
1,173,163,15,N,True
1,173,80,15,N,True
1,173,166,15,N,True
1,173,202,15,N,True
1,98,271,15,N,True
1,98,172,15,N,True
1,98,211,15,N,True
1,98,285,15,N,True
1,98,199,15,N,True
1,98,148,15,N,True
1,98,325,15,N,True
1,98,203,15,N,True
1,98,104,15,N,True
1,98,122,15,N,True
1,98,123,15,N,True
1,98,113,15,N,True
1,98,261,15,N,True
1,98,313,15,N,True
1,98,315,15,N,True
1,98,128,15,N,True
1,98,304,15,N,True
1,98,277,15,N,True
1,98,26,15,N,True
1,98,103,15,N,True
1,98,252,15,N,True
1,98,170,15,N,True
1,98,25,15,N,True
1,98,186,15,N,True
1,98,119,15,N,True
1,98,258,15,N,True
1,98,62,15,N,True
1,98,67,15,N,True
1,98,109,15,N,True
1,98,56,15,N,True
1,98,238,15,N,True
1,40,199,16,N,True
1,40,265,16,N,True
1,40,332,16,N,True
1,40,158,16,N,True
1,40,200,16,N,True
1,40,169,16,N,True
1,40,213,16,N,True
1,40,133,16,N,True
1,40,232,16,N,True
1,40,298,16,N,True
1,40,280,16,N,True
1,40,334,16,N,True
1,40,271,16,N,True
1,40,274,16,N,True
1,40,315,16,N,True
1,40,26,16,N,True
1,40,329,16,N,True
1,40,56,16,N,True
1,40,141,16,N,True
1,40,304,16,N,True
1,40,212,16,N,True
1,40,224,16,N,True
1,40,272,16,N,True
1,40,25,16,N,True
1,40,277,16,N,True
1,40,307,16,N,True
1,40,239,16,N,True
1,40,21,16,N,True
1,40,132,16,N,True
1,40,258,16,N,True
1,40,203,16,N,True
1,40,322,16,N,True
1,40,172,16,N,True
1,40,113,16,N,True
1,40,67,16,N,True
1,40,0,16,N,True
1,138,0,16,N,True
1,138,19,16,N,True
1,175,46,17,N,True
1,175,278,17,N,True
1,175,263,17,N,True
1,175,143,17,N,True
1,175,321,17,N,True
1,175,99,17,N,True
1,175,23,17,N,True
1,175,177,17,N,True
1,175,296,17,N,True
1,175,225,17,N,True
1,175,102,17,N,True
1,175,227,17,N,True
1,175,0,17,N,True
1,255,0,17,N,True
1,255,49,17,N,True
1,202,329,18,N,True
1,202,173,18,N,True
1,202,0,18,N,True
1,42,0,18,N,True
1,202,bot0__0,18,N,True
1,202,bot0__4,18,N,True
1,180,24,19,N,True
1,180,194,19,N,True
1,180,5,19,N,True
1,180,242,19,N,True
1,180,299,19,N,True
1,180,94,19,N,True
1,180,196,19,N,True
1,180,204,19,N,True
1,180,302,19,N,True
1,206,121,19,N,True
1,206,260,19,N,True
2,329,291,0,N,False
2,329,332,0,N,False
2,329,119,0,N,False
2,329,150,0,N,False
2,329,197,0,N,False
2,329,54,0,N,False
2,329,106,0,N,False
2,329,40,0,N,False
2,329,315,0,N,False
2,329,322,0,N,False
2,329,16,0,N,False
2,329,308,0,N,False
2,329,9,0,N,False
2,329,320,0,N,False
2,329,172,0,N,False
2,329,284,0,N,False
2,329,280,0,N,False
2,329,72,0,N,False
2,329,231,0,N,False
2,173,163,0,N,False
2,173,80,0,N,False
2,173,34,0,N,False
2,bot0__4,275,0,N,False
2,92,57,1,N,False
2,302,57,1,N,False
2,320,57,1,N,False
2,242,57,1,N,False
2,40,132,1,N,False
2,242,132,1,N,False
2,84,304,1,N,False
2,322,304,1,N,False
2,40,304,1,N,False
2,280,304,1,N,False
2,9,304,1,N,False
2,141,304,1,N,False
2,322,104,1,N,False
2,25,104,1,N,False
2,322,203,1,N,False
2,40,203,1,N,False
2,9,203,1,N,False
2,25,203,1,N,False
2,322,136,1,N,False
2,62,56,1,N,False
2,322,56,1,N,False
2,40,56,1,N,False
2,141,56,1,N,False
2,9,56,1,N,False
2,25,56,1,N,False
2,322,161,1,N,False
2,9,161,1,N,False
2,62,161,1,N,False
2,322,85,1,N,False
2,9,85,1,N,False
2,322,341,1,N,False
2,9,341,1,N,False
2,62,341,1,N,False
2,322,118,1,N,False
2,322,221,1,N,False
2,25,221,1,N,False
2,322,7,1,N,False
2,62,67,1,N,False
2,322,67,1,N,False
2,40,67,1,N,False
2,25,67,1,N,False
2,280,67,1,N,False
2,9,67,1,N,False
2,141,67,1,N,False
2,322,345,1,N,False
2,322,170,1,N,False
2,62,170,1,N,False
2,9,170,1,N,False
2,25,170,1,N,False
2,322,87,1,N,False
2,322,260,1,N,False
2,53,260,1,N,False
2,322,38,1,N,False
2,141,38,1,N,False
2,322,285,1,N,False
2,9,285,1,N,False
2,25,285,1,N,False
2,322,342,1,N,False
2,9,342,1,N,False
2,62,200,1,N,False
2,322,200,1,N,False
2,40,200,1,N,False
2,280,200,1,N,False
2,9,200,1,N,False
2,25,200,1,N,False
2,53,191,1,N,False
2,53,317,1,N,False
2,40,317,1,N,False
2,101,317,1,N,False
2,280,332,1,N,False
2,53,332,1,N,False
2,40,332,1,N,False
2,25,332,1,N,False
2,40,72,1,N,False
2,9,72,1,N,False
2,25,72,1,N,False
2,141,72,1,N,False
2,40,298,1,N,False
2,280,231,1,N,False
2,40,231,1,N,False
2,9,231,1,N,False
2,25,231,1,N,False
2,40,334,1,N,False
2,9,334,1,N,False
2,40,212,1,N,False
2,40,307,1,N,False
2,40,172,1,N,False
2,141,172,1,N,False
2,320,36,1,N,False
2,320,108,1,N,False
2,320,135,1,N,False
2,320,284,1,N,False
2,9,176,1,N,False
2,25,176,1,N,False
2,280,105,1,N,False
2,9,105,1,N,False
2,25,105,1,N,False
2,280,119,1,N,False
2,1,119,1,N,False
2,9,119,1,N,False
2,25,119,1,N,False
2,9,156,1,N,False
2,9,66,1,N,False
2,9,295,1,N,False
2,9,148,1,N,False
2,25,148,1,N,False
2,280,3,1,N,False
2,9,3,1,N,False
2,25,3,1,N,False
2,280,291,1,N,False
2,9,291,1,N,False
2,25,291,1,N,False
2,141,291,1,N,False
2,280,39,1,N,False
2,25,39,1,N,False
2,141,39,1,N,False
2,280,98,1,N,False
2,62,98,1,N,False
2,25,98,1,N,False
2,141,98,1,N,False
2,280,117,1,N,False
2,299,73,1,N,False
2,1,73,1,N,False
2,25,73,1,N,False
2,25,288,1,N,False
2,25,76,1,N,False
2,25,336,1,N,False
2,25,65,1,N,False
2,62,223,1,N,False
2,62,318,1,N,False
2,127,159,5,N,False
2,127,272,5,N,False
2,203,25,6,N,False
2,186,25,6,N,False
2,239,25,6,N,False
2,170,25,6,N,False
2,56,25,6,N,False
2,325,25,6,N,False
2,322,25,6,N,False
2,271,25,6,N,False
2,26,25,6,N,False
2,9,25,6,N,False
2,98,25,6,N,False
2,285,25,6,N,False
2,186,345,6,N,False
2,315,345,6,N,False
2,261,345,6,N,False
2,322,345,6,N,False
2,285,345,6,N,False
2,239,123,6,N,False
2,186,123,6,N,False
2,261,123,6,N,False
2,342,123,6,N,False
2,26,123,6,N,False
2,98,123,6,N,False
2,203,104,6,N,False
2,186,104,6,N,False
2,239,104,6,N,False
2,56,104,6,N,False
2,325,104,6,N,False
2,322,104,6,N,False
2,271,104,6,N,False
2,26,104,6,N,False
2,128,104,6,N,False
2,98,104,6,N,False
2,203,142,6,N,False
2,186,142,6,N,False
2,239,142,6,N,False
2,170,142,6,N,False
2,315,142,6,N,False
2,56,142,6,N,False
2,322,142,6,N,False
2,271,142,6,N,False
2,26,142,6,N,False
2,9,142,6,N,False
2,285,142,6,N,False
2,186,bot0__4,6,N,False
2,322,53,6,N,False
2,54,53,6,N,False
2,315,53,6,N,False
2,322,207,6,N,False
2,56,207,6,N,False
2,203,48,6,N,False
2,322,48,6,N,False
2,54,48,6,N,False
2,271,48,6,N,False
2,339,136,6,N,False
2,315,136,6,N,False
2,56,136,6,N,False
2,322,136,6,N,False
2,285,136,6,N,False
2,322,1,6,N,False
2,54,1,6,N,False
2,315,1,6,N,False
2,339,161,6,N,False
2,118,161,6,N,False
2,203,161,6,N,False
2,bot0__8,161,6,N,False
2,56,161,6,N,False
2,325,161,6,N,False
2,314,161,6,N,False
2,322,161,6,N,False
2,271,161,6,N,False
2,26,161,6,N,False
2,9,161,6,N,False
2,170,185,6,N,False
2,315,185,6,N,False
2,56,185,6,N,False
2,322,185,6,N,False
2,271,185,6,N,False
2,26,185,6,N,False
2,9,185,6,N,False
2,285,185,6,N,False
2,203,297,6,N,False
2,56,297,6,N,False
2,261,297,6,N,False
2,322,297,6,N,False
2,271,297,6,N,False
2,26,297,6,N,False
2,9,297,6,N,False
2,322,30,6,N,False
2,56,30,6,N,False
2,271,30,6,N,False
2,9,30,6,N,False
2,172,308,6,N,False
2,322,308,6,N,False
2,203,308,6,N,False
2,26,308,6,N,False
2,322,257,6,N,False
2,315,257,6,N,False
2,26,257,6,N,False
2,239,280,6,N,False
2,315,280,6,N,False
2,322,280,6,N,False
2,271,280,6,N,False
2,26,280,6,N,False
2,9,280,6,N,False
2,98,280,6,N,False
2,172,232,6,N,False
2,239,232,6,N,False
2,56,232,6,N,False
2,322,232,6,N,False
2,271,232,6,N,False
2,26,232,6,N,False
2,9,232,6,N,False
2,285,232,6,N,False
2,315,133,6,N,False
2,322,133,6,N,False
2,271,133,6,N,False
2,26,133,6,N,False
2,9,133,6,N,False
2,239,169,6,N,False
2,315,169,6,N,False
2,56,169,6,N,False
2,322,169,6,N,False
2,271,169,6,N,False
2,26,169,6,N,False
2,128,169,6,N,False
2,9,169,6,N,False
2,271,79,6,N,False
2,9,79,6,N,False
2,26,79,6,N,False
2,172,103,6,N,False
2,339,103,6,N,False
2,56,103,6,N,False
2,211,103,6,N,False
2,271,103,6,N,False
2,98,103,6,N,False
2,285,103,6,N,False
2,239,176,6,N,False
2,170,176,6,N,False
2,bot0__8,176,6,N,False
2,271,176,6,N,False
2,26,176,6,N,False
2,128,176,6,N,False
2,9,176,6,N,False
2,339,148,6,N,False
2,261,148,6,N,False
2,271,148,6,N,False
2,13,148,6,N,False
2,9,148,6,N,False
2,98,148,6,N,False
2,339,291,6,N,False
2,315,291,6,N,False
2,56,291,6,N,False
2,271,291,6,N,False
2,26,291,6,N,False
2,9,291,6,N,False
2,98,291,6,N,False
2,172,212,6,N,False
2,239,212,6,N,False
2,56,212,6,N,False
2,271,212,6,N,False
2,26,212,6,N,False
2,172,72,6,N,False
2,239,72,6,N,False
2,56,72,6,N,False
2,271,72,6,N,False
2,26,72,6,N,False
2,9,72,6,N,False
2,9,258,6,N,False
2,98,258,6,N,False
2,239,295,6,N,False
2,9,295,6,N,False
2,26,295,6,N,False
2,172,29,6,N,False
2,118,29,6,N,False
2,211,29,6,N,False
2,203,29,6,N,False
2,172,16,6,N,False
2,118,16,6,N,False
2,261,16,6,N,False
2,339,340,6,N,False
2,339,65,6,N,False
2,118,65,6,N,False
2,203,65,6,N,False
2,314,65,6,N,False
2,261,65,6,N,False
2,13,65,6,N,False
2,339,347,6,N,False
2,203,324,6,N,False
2,118,324,6,N,False
2,315,324,6,N,False
2,265,311,6,N,False
2,325,311,6,N,False
2,203,270,6,N,False
2,239,234,6,N,False
2,222,240,6,N,False
2,315,249,6,N,False
2,315,5,6,N,False
2,315,302,6,N,False
2,56,132,6,N,False
2,315,132,6,N,False
2,56,bot0__2,6,N,False
2,314,96,6,N,False
2,342,165,6,N,False
2,342,bot0__7,6,N,False
2,128,150,6,N,False
2,285,164,6,N,False
2,257,258,7,N,False
2,0,258,7,N,False
2,40,258,7,N,False
2,161,258,7,N,False
2,9,258,7,N,False
2,98,258,7,N,False
2,141,258,7,N,False
2,257,25,7,N,False
2,246,25,7,N,False
2,322,25,7,N,False
2,40,25,7,N,False
2,9,25,7,N,False
2,141,25,7,N,False
2,277,25,7,N,False
2,31,25,7,N,False
2,199,25,7,N,False
2,203,25,7,N,False
2,239,25,7,N,False
2,170,25,7,N,False
2,119,25,7,N,False
2,98,25,7,N,False
2,56,25,7,N,False
2,0,25,7,N,False
2,224,25,7,N,False
2,290,25,7,N,False
2,200,25,7,N,False
2,285,25,7,N,False
2,257,130,7,N,False
2,322,130,7,N,False
2,0,130,7,N,False
2,277,130,7,N,False
2,246,339,7,N,False
2,315,339,7,N,False
2,119,339,7,N,False
2,0,339,7,N,False
2,322,339,7,N,False
2,31,339,7,N,False
2,277,339,7,N,False
2,161,339,7,N,False
2,246,87,7,N,False
2,315,87,7,N,False
2,0,87,7,N,False
2,322,87,7,N,False
2,161,87,7,N,False
2,246,340,7,N,False
2,0,340,7,N,False
2,322,53,7,N,False
2,315,53,7,N,False
2,0,53,7,N,False
2,322,207,7,N,False
2,56,207,7,N,False
2,0,207,7,N,False
2,203,104,7,N,False
2,239,104,7,N,False
2,56,104,7,N,False
2,0,104,7,N,False
2,212,104,7,N,False
2,322,104,7,N,False
2,277,104,7,N,False
2,123,104,7,N,False
2,200,104,7,N,False
2,98,104,7,N,False
2,203,142,7,N,False
2,239,142,7,N,False
2,170,142,7,N,False
2,315,142,7,N,False
2,56,142,7,N,False
2,0,142,7,N,False
2,322,142,7,N,False
2,134,142,7,N,False
2,40,142,7,N,False
2,277,142,7,N,False
2,31,142,7,N,False
2,123,142,7,N,False
2,200,142,7,N,False
2,161,142,7,N,False
2,9,142,7,N,False
2,285,142,7,N,False
2,322,1,7,N,False
2,315,1,7,N,False
2,119,1,7,N,False
2,0,1,7,N,False
2,239,303,7,N,False
2,315,303,7,N,False
2,56,303,7,N,False
2,0,303,7,N,False
2,322,303,7,N,False
2,30,303,7,N,False
2,285,303,7,N,False
2,322,221,7,N,False
2,56,221,7,N,False
2,0,221,7,N,False
2,285,221,7,N,False
2,203,186,7,N,False
2,239,186,7,N,False
2,59,186,7,N,False
2,341,186,7,N,False
2,170,186,7,N,False
2,56,186,7,N,False
2,0,186,7,N,False
2,322,186,7,N,False
2,277,186,7,N,False
2,199,186,7,N,False
2,123,186,7,N,False
2,200,186,7,N,False
2,9,186,7,N,False
2,98,186,7,N,False
2,285,186,7,N,False
2,322,242,7,N,False
2,0,242,7,N,False
2,315,345,7,N,False
2,0,345,7,N,False
2,261,345,7,N,False
2,322,345,7,N,False
2,285,345,7,N,False
2,172,232,7,N,False
2,239,232,7,N,False
2,56,232,7,N,False
2,0,232,7,N,False
2,212,232,7,N,False
2,322,232,7,N,False
2,224,232,7,N,False
2,40,232,7,N,False
2,199,232,7,N,False
2,200,232,7,N,False
2,9,232,7,N,False
2,285,232,7,N,False
2,315,133,7,N,False
2,0,133,7,N,False
2,224,133,7,N,False
2,322,133,7,N,False
2,40,133,7,N,False
2,9,133,7,N,False
2,141,133,7,N,False
2,315,132,7,N,False
2,119,132,7,N,False
2,56,132,7,N,False
2,0,132,7,N,False
2,134,132,7,N,False
2,277,132,7,N,False
2,40,132,7,N,False
2,119,248,7,N,False
2,0,248,7,N,False
2,134,248,7,N,False
2,277,248,7,N,False
2,200,248,7,N,False
2,172,231,7,N,False
2,239,231,7,N,False
2,315,231,7,N,False
2,56,231,7,N,False
2,0,231,7,N,False
2,40,231,7,N,False
2,199,231,7,N,False
2,9,231,7,N,False
2,40,317,7,N,False
2,0,317,7,N,False
2,40,307,7,N,False
2,0,307,7,N,False
2,239,176,7,N,False
2,170,176,7,N,False
2,119,176,7,N,False
2,0,176,7,N,False
2,290,176,7,N,False
2,9,176,7,N,False
2,119,148,7,N,False
2,0,148,7,N,False
2,261,148,7,N,False
2,224,148,7,N,False
2,13,148,7,N,False
2,9,148,7,N,False
2,98,148,7,N,False
2,172,331,7,N,False
2,203,331,7,N,False
2,56,331,7,N,False
2,119,331,7,N,False
2,0,331,7,N,False
2,211,331,7,N,False
2,30,331,7,N,False
2,98,331,7,N,False
2,172,16,7,N,False
2,0,16,7,N,False
2,261,16,7,N,False
2,277,57,7,N,False
2,0,57,7,N,False
2,277,22,7,N,False
2,0,22,7,N,False
2,277,120,7,N,False
2,0,120,7,N,False
2,277,208,7,N,False
2,119,208,7,N,False
2,0,208,7,N,False
2,285,208,7,N,False
2,277,294,7,N,False
2,0,294,7,N,False
2,277,311,7,N,False
2,0,311,7,N,False
2,277,204,7,N,False
2,0,204,7,N,False
2,31,51,7,N,False
2,0,51,7,N,False
2,31,83,7,N,False
2,0,83,7,N,False
2,31,129,7,N,False
2,0,129,7,N,False
2,203,65,7,N,False
2,314,65,7,N,False
2,0,65,7,N,False
2,261,65,7,N,False
2,13,65,7,N,False
2,239,234,7,N,False
2,0,234,7,N,False
2,315,80,7,N,False
2,0,80,7,N,False
2,315,94,7,N,False
2,0,94,7,N,False
2,315,5,7,N,False
2,0,5,7,N,False
2,315,302,7,N,False
2,0,302,7,N,False
2,119,54,7,N,False
2,0,54,7,N,False
2,119,318,7,N,False
2,0,318,7,N,False
2,123,318,7,N,False
2,261,318,7,N,False
2,119,269,7,N,False
2,0,269,7,N,False
2,119,64,7,N,False
2,0,64,7,N,False
2,119,189,7,N,False
2,0,189,7,N,False
2,119,150,7,N,False
2,0,150,7,N,False
2,119,100,7,N,False
2,0,100,7,N,False
2,119,146,7,N,False
2,0,146,7,N,False
2,285,146,7,N,False
2,341,bot0__8,7,N,False
2,161,bot0__8,7,N,False
2,341,bot0__6,7,N,False
2,56,bot0__2,7,N,False
2,0,346,7,N,False
2,0,254,7,N,False
2,0,117,7,N,False
2,285,117,7,N,False
2,0,23,7,N,False
2,0,36,7,N,False
2,0,20,7,N,False
2,0,71,7,N,False
2,0,333,7,N,False
2,0,139,7,N,False
2,0,283,7,N,False
2,0,149,7,N,False
2,0,17,7,N,False
2,0,187,7,N,False
2,0,49,7,N,False
2,0,137,7,N,False
2,0,343,7,N,False
2,0,115,7,N,False
2,0,111,7,N,False
2,0,32,7,N,False
2,0,278,7,N,False
2,0,230,7,N,False
2,0,70,7,N,False
2,0,251,7,N,False
2,0,286,7,N,False
2,0,293,7,N,False
2,0,2,7,N,False
2,0,281,7,N,False
2,0,162,7,N,False
2,0,192,7,N,False
2,0,181,7,N,False
2,0,8,7,N,False
2,0,296,7,N,False
2,0,173,7,N,False
2,0,58,7,N,False
2,224,96,7,N,False
2,314,96,7,N,False
2,0,96,7,N,False
2,0,93,7,N,False
2,0,235,7,N,False
2,0,107,7,N,False
2,0,301,7,N,False
2,0,110,7,N,False
2,0,264,7,N,False
2,0,160,7,N,False
2,0,321,7,N,False
2,0,68,7,N,False
2,0,262,7,N,False
2,0,220,7,N,False
2,0,112,7,N,False
2,0,216,7,N,False
2,0,145,7,N,False
2,0,95,7,N,False
2,0,190,7,N,False
2,0,319,7,N,False
2,0,233,7,N,False
2,0,202,7,N,False
2,0,155,7,N,False
2,0,191,7,N,False
2,0,138,7,N,False
2,0,164,7,N,False
2,285,164,7,N,False
2,0,240,7,N,False
2,0,219,7,N,False
2,0,305,7,N,False
2,0,154,7,N,False
2,0,182,7,N,False
2,0,336,7,N,False
2,0,241,7,N,False
2,0,253,7,N,False
2,0,267,7,N,False
2,0,183,7,N,False
2,0,52,7,N,False
2,0,35,7,N,False
2,290,bot0__3,7,N,False
2,203,313,8,N,False
2,239,313,8,N,False
2,170,313,8,N,False
2,56,313,8,N,False
2,119,313,8,N,False
2,bot0__6,313,8,N,False
2,203,265,8,N,False
2,56,265,8,N,False
2,239,265,8,N,False
2,203,272,8,N,False
2,186,272,8,N,False
2,239,272,8,N,False
2,56,272,8,N,False
2,25,272,8,N,False
2,304,272,8,N,False
2,188,272,8,N,False
2,9,272,8,N,False
2,148,272,8,N,False
2,203,65,8,N,False
2,25,65,8,N,False
2,203,98,8,N,False
2,186,98,8,N,False
2,239,98,8,N,False
2,170,98,8,N,False
2,62,98,8,N,False
2,56,98,8,N,False
2,119,98,8,N,False
2,25,98,8,N,False
2,304,98,8,N,False
2,148,98,8,N,False
2,203,211,8,N,False
2,239,211,8,N,False
2,170,211,8,N,False
2,56,211,8,N,False
2,304,211,8,N,False
2,203,297,8,N,False
2,56,297,8,N,False
2,119,297,8,N,False
2,322,297,8,N,False
2,323,297,8,N,False
2,188,297,8,N,False
2,9,297,8,N,False
2,25,297,8,N,False
2,203,67,8,N,False
2,186,67,8,N,False
2,239,67,8,N,False
2,170,67,8,N,False
2,62,67,8,N,False
2,56,67,8,N,False
2,119,67,8,N,False
2,322,67,8,N,False
2,323,67,8,N,False
2,304,67,8,N,False
2,188,67,8,N,False
2,9,67,8,N,False
2,25,67,8,N,False
2,203,82,8,N,False
2,170,82,8,N,False
2,56,82,8,N,False
2,119,82,8,N,False
2,148,82,8,N,False
2,203,199,8,N,False
2,186,199,8,N,False
2,239,199,8,N,False
2,62,199,8,N,False
2,56,199,8,N,False
2,119,199,8,N,False
2,322,199,8,N,False
2,304,199,8,N,False
2,9,199,8,N,False
2,25,199,8,N,False
2,203,238,8,N,False
2,56,238,8,N,False
2,239,238,8,N,False
2,203,315,8,N,False
2,170,315,8,N,False
2,56,315,8,N,False
2,322,315,8,N,False
2,323,315,8,N,False
2,304,315,8,N,False
2,188,315,8,N,False
2,9,315,8,N,False
2,203,308,8,N,False
2,322,308,8,N,False
2,304,308,8,N,False
2,323,308,8,N,False
2,203,325,8,N,False
2,186,325,8,N,False
2,239,325,8,N,False
2,56,325,8,N,False
2,119,325,8,N,False
2,304,325,8,N,False
2,25,325,8,N,False
2,203,261,8,N,False
2,239,261,8,N,False
2,62,261,8,N,False
2,56,261,8,N,False
2,119,261,8,N,False
2,148,261,8,N,False
2,203,118,8,N,False
2,239,118,8,N,False
2,56,118,8,N,False
2,322,118,8,N,False
2,304,118,8,N,False
2,203,342,8,N,False
2,170,342,8,N,False
2,56,342,8,N,False
2,119,342,8,N,False
2,322,342,8,N,False
2,188,342,8,N,False
2,9,342,8,N,False
2,203,104,8,N,False
2,186,104,8,N,False
2,239,104,8,N,False
2,56,104,8,N,False
2,322,104,8,N,False
2,188,104,8,N,False
2,25,104,8,N,False
2,203,109,8,N,False
2,186,109,8,N,False
2,239,109,8,N,False
2,56,109,8,N,False
2,119,109,8,N,False
2,322,109,8,N,False
2,323,109,8,N,False
2,304,109,8,N,False
2,148,109,8,N,False
2,203,134,8,N,False
2,56,134,8,N,False
2,304,134,8,N,False
2,9,134,8,N,False
2,203,29,8,N,False
2,203,172,8,N,False
2,56,172,8,N,False
2,239,172,8,N,False
2,304,172,8,N,False
2,203,142,8,N,False
2,186,142,8,N,False
2,239,142,8,N,False
2,170,142,8,N,False
2,62,142,8,N,False
2,56,142,8,N,False
2,322,142,8,N,False
2,323,142,8,N,False
2,188,142,8,N,False
2,9,142,8,N,False
2,203,324,8,N,False
2,119,324,8,N,False
2,304,324,8,N,False
2,186,88,8,N,False
2,56,88,8,N,False
2,322,88,8,N,False
2,25,88,8,N,False
2,239,213,8,N,False
2,186,213,8,N,False
2,56,213,8,N,False
2,bot0__6,213,8,N,False
2,322,213,8,N,False
2,186,345,8,N,False
2,322,345,8,N,False
2,239,123,8,N,False
2,186,123,8,N,False
2,186,45,8,N,False
2,322,45,8,N,False
2,239,252,8,N,False
2,186,252,8,N,False
2,170,252,8,N,False
2,56,252,8,N,False
2,119,252,8,N,False
2,322,252,8,N,False
2,304,252,8,N,False
2,188,252,8,N,False
2,9,252,8,N,False
2,25,252,8,N,False
2,186,222,8,N,False
2,56,222,8,N,False
2,239,303,8,N,False
2,186,303,8,N,False
2,56,303,8,N,False
2,322,303,8,N,False
2,186,bot0__4,8,N,False
2,239,344,8,N,False
2,239,295,8,N,False
2,9,295,8,N,False
2,239,212,8,N,False
2,56,212,8,N,False
2,304,212,8,N,False
2,239,234,8,N,False
2,239,169,8,N,False
2,56,169,8,N,False
2,322,169,8,N,False
2,9,169,8,N,False
2,25,169,8,N,False
2,239,280,8,N,False
2,119,280,8,N,False
2,322,280,8,N,False
2,323,280,8,N,False
2,304,280,8,N,False
2,188,280,8,N,False
2,9,280,8,N,False
2,25,280,8,N,False
2,239,60,8,N,False
2,322,60,8,N,False
2,56,60,8,N,False
2,239,13,8,N,False
2,56,13,8,N,False
2,119,13,8,N,False
2,304,13,8,N,False
2,188,13,8,N,False
2,148,13,8,N,False
2,239,66,8,N,False
2,56,66,8,N,False
2,304,66,8,N,False
2,9,66,8,N,False
2,239,231,8,N,False
2,56,231,8,N,False
2,9,231,8,N,False
2,25,231,8,N,False
2,170,185,8,N,False
2,56,185,8,N,False
2,119,185,8,N,False
2,322,185,8,N,False
2,25,185,8,N,False
2,274,185,8,N,False
2,188,185,8,N,False
2,9,185,8,N,False
2,148,185,8,N,False
2,322,133,8,N,False
2,188,133,8,N,False
2,9,133,8,N,False
2,62,133,8,N,False
2,119,318,8,N,False
2,62,318,8,N,False
2,323,96,8,N,False
2,274,96,8,N,False
2,62,96,8,N,False
2,56,30,8,N,False
2,322,30,8,N,False
2,304,30,8,N,False
2,188,30,8,N,False
2,9,30,8,N,False
2,56,132,8,N,False
2,119,132,8,N,False
2,56,298,8,N,False
2,56,63,8,N,False
2,56,bot0__2,8,N,False
2,119,54,8,N,False
2,119,125,8,N,False
2,119,208,8,N,False
2,188,208,8,N,False
2,119,189,8,N,False
2,119,150,8,N,False
2,119,27,8,N,False
2,323,100,8,N,False
2,119,100,8,N,False
2,322,53,8,N,False
2,322,257,8,N,False
2,304,257,8,N,False
2,25,257,8,N,False
2,322,7,8,N,False
2,304,7,8,N,False
2,322,242,8,N,False
2,322,87,8,N,False
2,304,168,8,N,False
2,304,69,8,N,False
2,9,69,8,N,False
2,25,69,8,N,False
2,304,bot0__7,8,N,False
2,323,10,8,N,False
2,188,165,8,N,False
2,25,83,8,N,False
2,25,94,8,N,False
2,25,51,8,N,False
2,25,283,8,N,False
2,0,186,9,N,False
2,0,285,9,N,False
2,0,304,9,N,False
2,0,176,9,N,False
2,0,204,9,N,False
2,0,26,9,N,False
2,0,272,9,N,False
2,0,211,9,N,False
2,0,199,9,N,False
2,0,84,9,N,False
2,0,133,9,N,False
2,0,62,9,N,False
2,0,239,9,N,False
2,0,322,9,N,False
2,0,53,9,N,False
2,0,170,9,N,False
2,0,56,9,N,False
2,0,194,9,N,False
2,0,117,9,N,False
2,0,127,9,N,False
2,0,135,9,N,False
2,0,103,9,N,False
2,0,23,9,N,False
2,0,116,9,N,False
2,0,299,9,N,False
2,0,288,9,N,False
2,0,315,9,N,False
2,0,57,9,N,False
2,0,98,9,N,False
2,0,313,9,N,False
2,0,118,9,N,False
2,0,325,9,N,False
2,0,36,9,N,False
2,0,339,9,N,False
2,0,312,9,N,False
2,0,242,9,N,False
2,0,20,9,N,False
2,0,71,9,N,False
2,0,333,9,N,False
2,0,341,9,N,False
2,0,141,9,N,False
2,0,78,9,N,False
2,0,345,9,N,False
2,0,317,9,N,False
2,0,302,9,N,False
2,0,54,9,N,False
2,0,109,9,N,False
2,0,291,9,N,False
2,0,203,9,N,False
2,0,232,9,N,False
2,0,64,9,N,False
2,0,224,9,N,False
2,0,261,9,N,False
2,0,226,9,N,False
2,0,25,9,N,False
2,0,342,9,N,False
2,0,146,9,N,False
2,0,300,9,N,False
2,0,1,9,N,False
2,0,184,9,N,False
2,0,149,9,N,False
2,0,13,9,N,False
2,0,59,9,N,False
2,0,17,9,N,False
2,0,80,9,N,False
2,0,187,9,N,False
2,0,66,9,N,False
2,0,7,9,N,False
2,0,49,9,N,False
2,0,246,9,N,False
2,0,123,9,N,False
2,0,284,9,N,False
2,0,137,9,N,False
2,0,185,9,N,False
2,0,171,9,N,False
2,0,310,9,N,False
2,0,32,9,N,False
2,0,92,9,N,False
2,0,72,9,N,False
2,0,125,9,N,False
2,0,212,9,N,False
2,0,340,9,N,False
2,0,330,9,N,False
2,0,70,9,N,False
2,0,16,9,N,False
2,0,251,9,N,False
2,0,228,9,N,False
2,0,69,9,N,False
2,0,113,9,N,False
2,0,258,9,N,False
2,0,257,9,N,False
2,0,196,9,N,False
2,0,286,9,N,False
2,0,2,9,N,False
2,0,281,9,N,False
2,0,263,9,N,False
2,0,51,9,N,False
2,0,162,9,N,False
2,0,218,9,N,False
2,0,314,9,N,False
2,0,192,9,N,False
2,0,195,9,N,False
2,0,181,9,N,False
2,0,328,9,N,False
2,0,150,9,N,False
2,0,101,9,N,False
2,0,99,9,N,False
2,0,296,9,N,False
2,0,102,9,N,False
2,0,165,9,N,False
2,0,121,9,N,False
2,0,180,9,N,False
2,0,87,9,N,False
2,0,189,9,N,False
2,0,96,9,N,False
2,0,143,9,N,False
2,0,6,9,N,False
2,0,89,9,N,False
2,0,107,9,N,False
2,0,208,9,N,False
2,0,221,9,N,False
2,0,250,9,N,False
2,0,106,9,N,False
2,0,225,9,N,False
2,0,86,9,N,False
2,0,152,9,N,False
2,0,295,9,N,False
2,0,260,9,N,False
2,0,160,9,N,False
2,0,68,9,N,False
2,0,131,9,N,False
2,0,220,9,N,False
2,0,234,9,N,False
2,0,50,9,N,False
2,0,97,9,N,False
2,0,179,9,N,False
2,0,145,9,N,False
2,0,120,9,N,False
2,0,247,9,N,False
2,0,282,9,N,False
2,0,319,9,N,False
2,0,233,9,N,False
2,0,202,9,N,False
2,0,206,9,N,False
2,0,138,9,N,False
2,0,164,9,N,False
2,0,240,9,N,False
2,0,219,9,N,False
2,0,305,9,N,False
2,0,154,9,N,False
2,0,182,9,N,False
2,0,253,9,N,False
2,0,47,9,N,False
2,0,183,9,N,False
2,0,52,9,N,False
2,0,35,9,N,False
2,201,bot0__9,10,N,True
2,8,bot0__9,10,N,True
2,322,207,10,N,True
2,56,207,10,N,True
2,0,207,10,N,True
2,203,104,10,N,True
2,239,104,10,N,True
2,56,104,10,N,True
2,67,104,10,N,True
2,21,104,10,N,True
2,0,104,10,N,True
2,322,104,10,N,True
2,277,104,10,N,True
2,142,104,10,N,True
2,55,104,10,N,True
2,200,104,10,N,True
2,26,104,10,N,True
2,128,104,10,N,True
2,122,104,10,N,True
2,252,104,10,N,True
2,25,104,10,N,True
2,203,48,10,N,True
2,322,48,10,N,True
2,0,48,10,N,True
2,67,45,10,N,True
2,0,45,10,N,True
2,322,45,10,N,True
2,142,45,10,N,True
2,200,45,10,N,True
2,122,45,10,N,True
2,315,136,10,N,True
2,67,136,10,N,True
2,56,136,10,N,True
2,21,136,10,N,True
2,0,136,10,N,True
2,322,136,10,N,True
2,304,136,10,N,True
2,122,136,10,N,True
2,285,136,10,N,True
2,239,60,10,N,True
2,285,60,10,N,True
2,56,60,10,N,True
2,0,60,10,N,True
2,322,60,10,N,True
2,313,60,10,N,True
2,280,1,10,N,True
2,322,1,10,N,True
2,315,1,10,N,True
2,0,1,10,N,True
2,322,130,10,N,True
2,0,130,10,N,True
2,25,130,10,N,True
2,277,130,10,N,True
2,322,126,10,N,True
2,0,126,10,N,True
2,260,126,10,N,True
2,203,118,10,N,True
2,239,118,10,N,True
2,56,118,10,N,True
2,67,118,10,N,True
2,0,118,10,N,True
2,26,118,10,N,True
2,322,118,10,N,True
2,277,118,10,N,True
2,211,118,10,N,True
2,342,118,10,N,True
2,268,118,10,N,True
2,200,118,10,N,True
2,304,118,10,N,True
2,252,118,10,N,True
2,313,118,10,N,True
2,203,297,10,N,True
2,252,297,10,N,True
2,56,297,10,N,True
2,67,297,10,N,True
2,21,297,10,N,True
2,0,297,10,N,True
2,322,297,10,N,True
2,142,297,10,N,True
2,26,297,10,N,True
2,280,297,10,N,True
2,200,297,10,N,True
2,122,297,10,N,True
2,185,297,10,N,True
2,9,297,10,N,True
2,25,297,10,N,True
2,285,246,10,N,True
2,315,246,10,N,True
2,0,246,10,N,True
2,322,246,10,N,True
2,223,246,10,N,True
2,304,246,10,N,True
2,25,246,10,N,True
2,56,30,10,N,True
2,0,30,10,N,True
2,322,30,10,N,True
2,200,30,10,N,True
2,304,30,10,N,True
2,9,30,10,N,True
2,203,109,10,N,True
2,239,109,10,N,True
2,56,109,10,N,True
2,67,109,10,N,True
2,21,109,10,N,True
2,0,109,10,N,True
2,322,109,10,N,True
2,277,109,10,N,True
2,142,109,10,N,True
2,26,109,10,N,True
2,200,109,10,N,True
2,304,109,10,N,True
2,122,109,10,N,True
2,252,109,10,N,True
2,285,109,10,N,True
2,56,88,10,N,True
2,21,88,10,N,True
2,0,88,10,N,True
2,322,88,10,N,True
2,25,88,10,N,True
2,239,276,10,N,True
2,56,276,10,N,True
2,0,276,10,N,True
2,322,276,10,N,True
2,26,276,10,N,True
2,200,276,10,N,True
2,122,276,10,N,True
2,9,276,10,N,True
2,25,276,10,N,True
2,315,158,10,N,True
2,67,158,10,N,True
2,0,158,10,N,True
2,322,158,10,N,True
2,142,158,10,N,True
2,26,158,10,N,True
2,304,158,10,N,True
2,25,158,10,N,True
2,322,178,10,N,True
2,0,178,10,N,True
2,39,257,10,N,True
2,315,257,10,N,True
2,0,257,10,N,True
2,322,257,10,N,True
2,26,257,10,N,True
2,280,257,10,N,True
2,304,257,10,N,True
2,25,257,10,N,True
2,322,242,10,N,True
2,0,242,10,N,True
2,334,339,10,N,True
2,315,339,10,N,True
2,0,339,10,N,True
2,260,339,10,N,True
2,322,339,10,N,True
2,277,339,10,N,True
2,313,339,10,N,True
2,315,224,10,N,True
2,67,224,10,N,True
2,0,224,10,N,True
2,322,224,10,N,True
2,26,224,10,N,True
2,200,224,10,N,True
2,304,224,10,N,True
2,122,224,10,N,True
2,9,224,10,N,True
2,25,224,10,N,True
2,322,87,10,N,True
2,315,87,10,N,True
2,0,87,10,N,True
2,203,199,10,N,True
2,239,199,10,N,True
2,252,199,10,N,True
2,315,199,10,N,True
2,67,199,10,N,True
2,56,199,10,N,True
2,0,199,10,N,True
2,322,199,10,N,True
2,223,199,10,N,True
2,211,199,10,N,True
2,25,199,10,N,True
2,26,199,10,N,True
2,342,199,10,N,True
2,200,199,10,N,True
2,128,199,10,N,True
2,304,199,10,N,True
2,9,199,10,N,True
2,313,199,10,N,True
2,239,232,10,N,True
2,285,232,10,N,True
2,56,232,10,N,True
2,21,232,10,N,True
2,0,232,10,N,True
2,322,232,10,N,True
2,26,232,10,N,True
2,280,232,10,N,True
2,200,232,10,N,True
2,122,232,10,N,True
2,9,232,10,N,True
2,25,232,10,N,True
2,322,38,10,N,True
2,0,38,10,N,True
2,203,261,10,N,True
2,239,261,10,N,True
2,285,261,10,N,True
2,56,261,10,N,True
2,67,261,10,N,True
2,0,261,10,N,True
2,223,261,10,N,True
2,211,261,10,N,True
2,55,261,10,N,True
2,342,261,10,N,True
2,268,261,10,N,True
2,122,261,10,N,True
2,252,261,10,N,True
2,313,261,10,N,True
2,239,13,10,N,True
2,56,13,10,N,True
2,67,13,10,N,True
2,21,13,10,N,True
2,0,13,10,N,True
2,277,13,10,N,True
2,223,13,10,N,True
2,211,13,10,N,True
2,342,13,10,N,True
2,26,13,10,N,True
2,304,13,10,N,True
2,252,13,10,N,True
2,313,13,10,N,True
2,203,325,10,N,True
2,239,325,10,N,True
2,56,325,10,N,True
2,67,325,10,N,True
2,21,325,10,N,True
2,0,325,10,N,True
2,26,325,10,N,True
2,277,325,10,N,True
2,223,325,10,N,True
2,211,325,10,N,True
2,25,325,10,N,True
2,268,325,10,N,True
2,342,325,10,N,True
2,200,325,10,N,True
2,304,325,10,N,True
2,122,325,10,N,True
2,252,325,10,N,True
2,313,325,10,N,True
2,193,61,10,N,True
2,0,61,10,N,True
2,315,249,10,N,True
2,304,249,10,N,True
2,0,249,10,N,True
2,239,212,10,N,True
2,56,212,10,N,True
2,67,212,10,N,True
2,21,212,10,N,True
2,0,212,10,N,True
2,26,212,10,N,True
2,304,212,10,N,True
2,252,212,10,N,True
2,203,324,10,N,True
2,315,324,10,N,True
2,67,324,10,N,True
2,0,324,10,N,True
2,277,324,10,N,True
2,200,324,10,N,True
2,304,324,10,N,True
2,252,324,10,N,True
2,203,272,10,N,True
2,239,272,10,N,True
2,252,272,10,N,True
2,75,272,10,N,True
2,285,272,10,N,True
2,56,272,10,N,True
2,67,272,10,N,True
2,21,272,10,N,True
2,0,272,10,N,True
2,277,272,10,N,True
2,211,272,10,N,True
2,85,272,10,N,True
2,280,272,10,N,True
2,304,272,10,N,True
2,122,272,10,N,True
2,185,272,10,N,True
2,9,272,10,N,True
2,25,272,10,N,True
2,239,141,10,N,True
2,39,141,10,N,True
2,56,141,10,N,True
2,67,141,10,N,True
2,0,141,10,N,True
2,26,141,10,N,True
2,280,141,10,N,True
2,304,141,10,N,True
2,122,141,10,N,True
2,9,141,10,N,True
2,25,141,10,N,True
2,203,134,10,N,True
2,252,134,10,N,True
2,334,134,10,N,True
2,56,134,10,N,True
2,67,134,10,N,True
2,21,134,10,N,True
2,0,134,10,N,True
2,277,134,10,N,True
2,142,134,10,N,True
2,26,134,10,N,True
2,304,134,10,N,True
2,9,134,10,N,True
2,304,347,10,N,True
2,0,347,10,N,True
2,304,84,10,N,True
2,0,84,10,N,True
2,25,84,10,N,True
2,313,84,10,N,True
2,304,bot0__7,10,N,True
2,342,bot0__7,10,N,True
2,69,bot0__7,10,N,True
2,0,258,10,N,True
2,75,258,10,N,True
2,9,258,10,N,True
2,85,258,10,N,True
2,239,231,10,N,True
2,315,231,10,N,True
2,56,231,10,N,True
2,0,231,10,N,True
2,280,231,10,N,True
2,9,231,10,N,True
2,25,231,10,N,True
2,67,156,10,N,True
2,0,156,10,N,True
2,85,156,10,N,True
2,122,156,10,N,True
2,9,156,10,N,True
2,239,295,10,N,True
2,9,295,10,N,True
2,0,295,10,N,True
2,26,295,10,N,True
2,239,72,10,N,True
2,252,72,10,N,True
2,56,72,10,N,True
2,67,72,10,N,True
2,0,72,10,N,True
2,26,72,10,N,True
2,200,72,10,N,True
2,9,72,10,N,True
2,165,72,10,N,True
2,25,72,10,N,True
2,185,148,10,N,True
2,9,148,10,N,True
2,0,148,10,N,True
2,25,148,10,N,True
2,252,291,10,N,True
2,315,291,10,N,True
2,56,291,10,N,True
2,0,291,10,N,True
2,277,291,10,N,True
2,26,291,10,N,True
2,280,291,10,N,True
2,9,291,10,N,True
2,25,291,10,N,True
2,239,344,10,N,True
2,67,344,10,N,True
2,0,344,10,N,True
2,122,344,10,N,True
2,185,344,10,N,True
2,285,103,10,N,True
2,56,103,10,N,True
2,0,103,10,N,True
2,185,103,10,N,True
2,211,103,10,N,True
2,200,103,10,N,True
2,252,103,10,N,True
2,25,103,10,N,True
2,277,22,10,N,True
2,185,22,10,N,True
2,0,22,10,N,True
2,239,123,10,N,True
2,334,123,10,N,True
2,67,123,10,N,True
2,21,123,10,N,True
2,0,123,10,N,True
2,142,123,10,N,True
2,55,123,10,N,True
2,342,123,10,N,True
2,26,123,10,N,True
2,200,123,10,N,True
2,122,123,10,N,True
2,252,123,10,N,True
2,67,248,10,N,True
2,21,248,10,N,True
2,0,248,10,N,True
2,277,248,10,N,True
2,200,248,10,N,True
2,26,248,10,N,True
2,128,248,10,N,True
2,122,248,10,N,True
2,252,248,10,N,True
2,122,284,10,N,True
2,21,284,10,N,True
2,0,284,10,N,True
2,21,184,10,N,True
2,0,184,10,N,True
2,122,235,10,N,True
2,21,235,10,N,True
2,0,235,10,N,True
2,21,127,10,N,True
2,0,127,10,N,True
2,21,197,10,N,True
2,0,197,10,N,True
2,277,159,10,N,True
2,21,159,10,N,True
2,0,159,10,N,True
2,0,160,10,N,True
2,260,160,10,N,True
2,203,50,10,N,True
2,277,50,10,N,True
2,334,50,10,N,True
2,0,50,10,N,True
2,277,57,10,N,True
2,0,57,10,N,True
2,277,175,10,N,True
2,0,175,10,N,True
2,277,120,10,N,True
2,0,120,10,N,True
2,277,208,10,N,True
2,0,208,10,N,True
2,285,208,10,N,True
2,277,294,10,N,True
2,0,294,10,N,True
2,277,311,10,N,True
2,0,311,10,N,True
2,277,204,10,N,True
2,0,204,10,N,True
2,203,331,10,N,True
2,56,331,10,N,True
2,0,331,10,N,True
2,211,331,10,N,True
2,25,331,10,N,True
2,56,222,10,N,True
2,211,222,10,N,True
2,0,222,10,N,True
2,313,222,10,N,True
2,203,238,10,N,True
2,239,238,10,N,True
2,56,238,10,N,True
2,0,238,10,N,True
2,211,238,10,N,True
2,342,238,10,N,True
2,252,238,10,N,True
2,313,238,10,N,True
2,203,29,10,N,True
2,211,29,10,N,True
2,252,29,10,N,True
2,0,29,10,N,True
2,280,153,10,N,True
2,0,153,10,N,True
2,203,65,10,N,True
2,252,65,10,N,True
2,0,65,10,N,True
2,25,65,10,N,True
2,203,338,10,N,True
2,239,338,10,N,True
2,252,338,10,N,True
2,0,338,10,N,True
2,239,234,10,N,True
2,0,234,10,N,True
2,315,80,10,N,True
2,0,80,10,N,True
2,315,94,10,N,True
2,0,94,10,N,True
2,25,94,10,N,True
2,315,5,10,N,True
2,122,5,10,N,True
2,0,5,10,N,True
2,315,302,10,N,True
2,0,302,10,N,True
2,56,298,10,N,True
2,0,298,10,N,True
2,26,298,10,N,True
2,342,63,10,N,True
2,56,63,10,N,True
2,0,63,10,N,True
2,313,63,10,N,True
2,285,146,10,N,True
2,0,146,10,N,True
2,313,146,10,N,True
2,0,54,10,N,True
2,313,54,10,N,True
2,342,314,10,N,True
2,0,314,10,N,True
2,313,314,10,N,True
2,341,bot0__6,10,N,True
2,313,bot0__6,10,N,True
2,0,83,10,N,True
2,25,83,10,N,True
2,0,76,10,N,True
2,25,76,10,N,True
2,0,336,10,N,True
2,25,336,10,N,True
2,0,51,10,N,True
2,25,51,10,N,True
2,0,283,10,N,True
2,25,283,10,N,True
2,0,73,10,N,True
2,25,73,10,N,True
2,0,237,10,N,True
2,25,237,10,N,True
2,245,23,10,N,True
2,0,23,10,N,True
2,341,bot0__8,10,N,True
2,334,229,10,N,True
2,0,229,10,N,True
2,334,318,10,N,True
2,0,318,10,N,True
2,56,bot0__2,10,N,True
2,0,346,10,N,True
2,0,46,10,N,True
2,0,135,10,N,True
2,0,116,10,N,True
2,0,299,10,N,True
2,0,36,10,N,True
2,0,275,10,N,True
2,0,20,10,N,True
2,0,307,10,N,True
2,0,333,10,N,True
2,0,317,10,N,True
2,0,139,10,N,True
2,0,64,10,N,True
2,0,144,10,N,True
2,0,300,10,N,True
2,0,149,10,N,True
2,0,49,10,N,True
2,0,137,10,N,True
2,0,343,10,N,True
2,0,115,10,N,True
2,0,171,10,N,True
2,0,111,10,N,True
2,0,14,10,N,True
2,0,310,10,N,True
2,0,125,10,N,True
2,0,266,10,N,True
2,0,278,10,N,True
2,0,340,10,N,True
2,0,16,10,N,True
2,0,228,10,N,True
2,0,81,10,N,True
2,0,293,10,N,True
2,0,33,10,N,True
2,0,2,10,N,True
2,0,263,10,N,True
2,0,162,10,N,True
2,0,19,10,N,True
2,0,218,10,N,True
2,0,192,10,N,True
2,0,243,10,N,True
2,0,181,10,N,True
2,0,129,10,N,True
2,0,328,10,N,True
2,128,150,10,N,True
2,0,150,10,N,True
2,0,101,10,N,True
2,0,99,10,N,True
2,0,296,10,N,True
2,0,102,10,N,True
2,0,163,10,N,True
2,0,306,10,N,True
2,0,177,10,N,True
2,0,180,10,N,True
2,0,58,10,N,True
2,0,227,10,N,True
2,0,93,10,N,True
2,0,41,10,N,True
2,0,107,10,N,True
2,0,301,10,N,True
2,0,337,10,N,True
2,0,100,10,N,True
2,0,225,10,N,True
2,0,86,10,N,True
2,0,152,10,N,True
2,0,321,10,N,True
2,0,68,10,N,True
2,0,131,10,N,True
2,0,262,10,N,True
2,0,44,10,N,True
2,0,112,10,N,True
2,0,90,10,N,True
2,0,179,10,N,True
2,0,216,10,N,True
2,0,151,10,N,True
2,0,145,10,N,True
2,0,157,10,N,True
2,0,4,10,N,True
2,0,327,10,N,True
2,0,95,10,N,True
2,0,190,10,N,True
2,0,282,10,N,True
2,0,244,10,N,True
2,0,319,10,N,True
2,0,233,10,N,True
2,0,256,10,N,True
2,0,166,10,N,True
2,0,202,10,N,True
2,0,155,10,N,True
2,0,191,10,N,True
2,0,138,10,N,True
2,0,240,10,N,True
2,0,77,10,N,True
2,0,305,10,N,True
2,0,154,10,N,True
2,0,198,10,N,True
2,0,182,10,N,True
2,0,241,10,N,True
2,0,253,10,N,True
2,0,267,10,N,True
2,0,316,10,N,True
2,0,205,10,N,True
2,0,183,10,N,True
2,0,34,10,N,True
2,0,35,10,N,True
2,186,236,11,N,True
2,315,236,11,N,True
2,67,236,11,N,True
2,21,236,11,N,True
2,0,236,11,N,True
2,276,236,11,N,True
2,271,236,11,N,True
2,25,236,11,N,True
2,26,236,11,N,True
2,304,236,11,N,True
2,122,236,11,N,True
2,252,236,11,N,True
2,141,236,11,N,True
2,186,88,11,N,True
2,56,88,11,N,True
2,21,88,11,N,True
2,0,88,11,N,True
2,25,88,11,N,True
2,239,213,11,N,True
2,186,213,11,N,True
2,315,213,11,N,True
2,67,213,11,N,True
2,56,213,11,N,True
2,0,213,11,N,True
2,277,213,11,N,True
2,128,213,11,N,True
2,122,213,11,N,True
2,291,213,11,N,True
2,285,213,11,N,True
2,203,341,11,N,True
2,186,341,11,N,True
2,170,341,11,N,True
2,56,341,11,N,True
2,0,341,11,N,True
2,304,341,11,N,True
2,203,55,11,N,True
2,186,55,11,N,True
2,239,55,11,N,True
2,104,55,11,N,True
2,170,55,11,N,True
2,56,55,11,N,True
2,67,55,11,N,True
2,21,55,11,N,True
2,261,55,11,N,True
2,0,55,11,N,True
2,277,55,11,N,True
2,123,55,11,N,True
2,26,55,11,N,True
2,122,55,11,N,True
2,252,55,11,N,True
2,186,178,11,N,True
2,0,178,11,N,True
2,186,9,11,N,True
2,148,9,11,N,True
2,271,9,11,N,True
2,304,9,11,N,True
2,141,9,11,N,True
2,67,9,11,N,True
2,21,9,11,N,True
2,277,9,11,N,True
2,276,9,11,N,True
2,203,9,11,N,True
2,170,9,11,N,True
2,315,9,11,N,True
2,119,9,11,N,True
2,252,9,11,N,True
2,25,9,11,N,True
2,258,9,11,N,True
2,56,9,11,N,True
2,0,9,11,N,True
2,113,9,11,N,True
2,342,9,11,N,True
2,26,9,11,N,True
2,128,9,11,N,True
2,122,9,11,N,True
2,291,9,11,N,True
2,285,9,11,N,True
2,186,45,11,N,True
2,104,45,11,N,True
2,67,45,11,N,True
2,0,45,11,N,True
2,122,45,11,N,True
2,186,322,11,N,True
2,104,322,11,N,True
2,109,322,11,N,True
2,271,322,11,N,True
2,304,322,11,N,True
2,118,322,11,N,True
2,67,322,11,N,True
2,21,322,11,N,True
2,277,322,11,N,True
2,276,322,11,N,True
2,203,322,11,N,True
2,239,322,11,N,True
2,170,322,11,N,True
2,315,322,11,N,True
2,252,322,11,N,True
2,25,322,11,N,True
2,56,322,11,N,True
2,0,322,11,N,True
2,342,322,11,N,True
2,26,322,11,N,True
2,128,322,11,N,True
2,122,322,11,N,True
2,285,322,11,N,True
2,186,188,11,N,True
2,104,188,11,N,True
2,223,188,11,N,True
2,271,188,11,N,True
2,304,188,11,N,True
2,67,188,11,N,True
2,21,188,11,N,True
2,277,188,11,N,True
2,239,188,11,N,True
2,170,188,11,N,True
2,315,188,11,N,True
2,119,188,11,N,True
2,252,188,11,N,True
2,25,188,11,N,True
2,258,188,11,N,True
2,56,188,11,N,True
2,0,188,11,N,True
2,113,188,11,N,True
2,342,188,11,N,True
2,26,188,11,N,True
2,122,188,11,N,True
2,291,188,11,N,True
2,285,188,11,N,True
2,186,142,11,N,True
2,104,142,11,N,True
2,109,142,11,N,True
2,271,142,11,N,True
2,67,142,11,N,True
2,21,142,11,N,True
2,277,142,11,N,True
2,203,142,11,N,True
2,239,142,11,N,True
2,170,142,11,N,True
2,315,142,11,N,True
2,252,142,11,N,True
2,56,142,11,N,True
2,0,142,11,N,True
2,113,142,11,N,True
2,123,142,11,N,True
2,26,142,11,N,True
2,122,142,11,N,True
2,285,142,11,N,True
2,186,222,11,N,True
2,118,222,11,N,True
2,56,222,11,N,True
2,0,222,11,N,True
2,211,222,11,N,True
2,82,222,11,N,True
2,313,222,11,N,True
2,239,303,11,N,True
2,186,303,11,N,True
2,104,303,11,N,True
2,315,303,11,N,True
2,67,303,11,N,True
2,56,303,11,N,True
2,0,303,11,N,True
2,109,303,11,N,True
2,122,303,11,N,True
2,285,303,11,N,True
2,186,bot0__4,11,N,True
2,104,318,11,N,True
2,119,318,11,N,True
2,261,318,11,N,True
2,0,318,11,N,True
2,271,318,11,N,True
2,82,318,11,N,True
2,123,318,11,N,True
2,239,295,11,N,True
2,258,295,11,N,True
2,104,295,11,N,True
2,0,295,11,N,True
2,109,295,11,N,True
2,26,295,11,N,True
2,239,344,11,N,True
2,104,344,11,N,True
2,67,344,11,N,True
2,0,344,11,N,True
2,122,344,11,N,True
2,104,169,11,N,True
2,109,169,11,N,True
2,271,169,11,N,True
2,67,169,11,N,True
2,21,169,11,N,True
2,277,169,11,N,True
2,82,169,11,N,True
2,239,169,11,N,True
2,103,169,11,N,True
2,315,169,11,N,True
2,252,169,11,N,True
2,25,169,11,N,True
2,56,169,11,N,True
2,0,169,11,N,True
2,113,169,11,N,True
2,26,169,11,N,True
2,128,169,11,N,True
2,122,169,11,N,True
2,291,169,11,N,True
2,172,212,11,N,True
2,239,212,11,N,True
2,104,212,11,N,True
2,56,212,11,N,True
2,67,212,11,N,True
2,21,212,11,N,True
2,0,212,11,N,True
2,271,212,11,N,True
2,26,212,11,N,True
2,304,212,11,N,True
2,252,212,11,N,True
2,285,246,11,N,True
2,315,246,11,N,True
2,0,246,11,N,True
2,223,246,11,N,True
2,304,246,11,N,True
2,25,246,11,N,True
2,103,185,11,N,True
2,148,185,11,N,True
2,170,185,11,N,True
2,315,185,11,N,True
2,67,185,11,N,True
2,119,185,11,N,True
2,56,185,11,N,True
2,0,185,11,N,True
2,271,185,11,N,True
2,25,185,11,N,True
2,26,185,11,N,True
2,285,185,11,N,True
2,56,30,11,N,True
2,304,30,11,N,True
2,271,30,11,N,True
2,0,30,11,N,True
2,172,232,11,N,True
2,239,232,11,N,True
2,56,232,11,N,True
2,21,232,11,N,True
2,0,232,11,N,True
2,276,232,11,N,True
2,271,232,11,N,True
2,25,232,11,N,True
2,26,232,11,N,True
2,122,232,11,N,True
2,291,232,11,N,True
2,285,232,11,N,True
2,315,133,11,N,True
2,0,133,11,N,True
2,276,133,11,N,True
2,271,133,11,N,True
2,26,133,11,N,True
2,141,133,11,N,True
2,119,79,11,N,True
2,67,79,11,N,True
2,0,79,11,N,True
2,271,79,11,N,True
2,26,79,11,N,True
2,252,79,11,N,True
2,25,79,11,N,True
2,258,85,11,N,True
2,0,85,11,N,True
2,271,85,11,N,True
2,170,85,11,N,True
2,203,161,11,N,True
2,118,161,11,N,True
2,258,161,11,N,True
2,56,161,11,N,True
2,67,161,11,N,True
2,21,161,11,N,True
2,0,161,11,N,True
2,277,161,11,N,True
2,271,161,11,N,True
2,26,161,11,N,True
2,304,161,11,N,True
2,122,161,11,N,True
2,252,161,11,N,True
2,172,298,11,N,True
2,56,298,11,N,True
2,0,298,11,N,True
2,265,298,11,N,True
2,271,298,11,N,True
2,26,298,11,N,True
2,203,297,11,N,True
2,56,297,11,N,True
2,67,297,11,N,True
2,119,297,11,N,True
2,21,297,11,N,True
2,261,297,11,N,True
2,0,297,11,N,True
2,109,297,11,N,True
2,271,297,11,N,True
2,26,297,11,N,True
2,122,297,11,N,True
2,252,297,11,N,True
2,25,297,11,N,True
2,148,224,11,N,True
2,315,224,11,N,True
2,67,224,11,N,True
2,261,224,11,N,True
2,0,224,11,N,True
2,276,224,11,N,True
2,271,224,11,N,True
2,25,224,11,N,True
2,26,224,11,N,True
2,304,224,11,N,True
2,122,224,11,N,True
2,291,224,11,N,True
2,141,224,11,N,True
2,172,268,11,N,True
2,118,268,11,N,True
2,203,268,11,N,True
2,59,268,11,N,True
2,170,268,11,N,True
2,261,268,11,N,True
2,0,268,11,N,True
2,211,268,11,N,True
2,271,268,11,N,True
2,82,268,11,N,True
2,261,314,11,N,True
2,0,314,11,N,True
2,109,314,11,N,True
2,271,314,11,N,True
2,82,314,11,N,True
2,342,314,11,N,True
2,313,314,11,N,True
2,170,290,11,N,True
2,56,290,11,N,True
2,67,290,11,N,True
2,0,290,11,N,True
2,277,290,11,N,True
2,271,290,11,N,True
2,342,290,11,N,True
2,25,290,11,N,True
2,172,72,11,N,True
2,239,72,11,N,True
2,291,72,11,N,True
2,56,72,11,N,True
2,67,72,11,N,True
2,0,72,11,N,True
2,113,72,11,N,True
2,271,72,11,N,True
2,25,72,11,N,True
2,26,72,11,N,True
2,252,72,11,N,True
2,141,72,11,N,True
2,56,63,11,N,True
2,0,63,11,N,True
2,261,63,11,N,True
2,271,63,11,N,True
2,342,63,11,N,True
2,313,63,11,N,True
2,203,324,11,N,True
2,118,324,11,N,True
2,315,324,11,N,True
2,67,324,11,N,True
2,119,324,11,N,True
2,0,324,11,N,True
2,277,324,11,N,True
2,109,324,11,N,True
2,304,324,11,N,True
2,252,324,11,N,True
2,119,229,11,N,True
2,109,229,11,N,True
2,0,229,11,N,True
2,148,229,11,N,True
2,259,245,11,N,True
2,0,245,11,N,True
2,277,168,11,N,True
2,304,168,11,N,True
2,291,168,11,N,True
2,0,168,11,N,True
2,315,249,11,N,True
2,304,249,11,N,True
2,0,249,11,N,True
2,258,257,11,N,True
2,315,257,11,N,True
2,0,257,11,N,True
2,26,257,11,N,True
2,141,257,11,N,True
2,304,257,11,N,True
2,25,257,11,N,True
2,67,69,11,N,True
2,0,69,11,N,True
2,26,69,11,N,True
2,304,69,11,N,True
2,25,69,11,N,True
2,258,75,11,N,True
2,170,75,11,N,True
2,56,75,11,N,True
2,67,75,11,N,True
2,0,75,11,N,True
2,304,75,11,N,True
2,203,134,11,N,True
2,118,134,11,N,True
2,56,134,11,N,True
2,67,134,11,N,True
2,21,134,11,N,True
2,0,134,11,N,True
2,113,134,11,N,True
2,277,134,11,N,True
2,26,134,11,N,True
2,304,134,11,N,True
2,252,134,11,N,True
2,239,66,11,N,True
2,56,66,11,N,True
2,67,66,11,N,True
2,21,66,11,N,True
2,0,66,11,N,True
2,113,66,11,N,True
2,26,66,11,N,True
2,304,66,11,N,True
2,122,66,11,N,True
2,252,66,11,N,True
2,103,7,11,N,True
2,315,7,11,N,True
2,0,7,11,N,True
2,304,7,11,N,True
2,291,7,11,N,True
2,304,bot0__7,11,N,True
2,342,bot0__7,11,N,True
2,0,38,11,N,True
2,141,38,11,N,True
2,119,39,11,N,True
2,21,39,11,N,True
2,0,39,11,N,True
2,277,39,11,N,True
2,25,39,11,N,True
2,141,39,11,N,True
2,313,39,11,N,True
2,172,159,11,N,True
2,277,159,11,N,True
2,21,159,11,N,True
2,0,159,11,N,True
2,172,29,11,N,True
2,118,29,11,N,True
2,203,29,11,N,True
2,0,29,11,N,True
2,211,29,11,N,True
2,82,29,11,N,True
2,252,29,11,N,True
2,172,231,11,N,True
2,239,231,11,N,True
2,315,231,11,N,True
2,56,231,11,N,True
2,0,231,11,N,True
2,82,231,11,N,True
2,291,231,11,N,True
2,25,231,11,N,True
2,172,16,11,N,True
2,118,16,11,N,True
2,0,16,11,N,True
2,261,16,11,N,True
2,82,16,11,N,True
2,118,283,11,N,True
2,0,283,11,N,True
2,25,283,11,N,True
2,203,65,11,N,True
2,118,65,11,N,True
2,261,65,11,N,True
2,0,65,11,N,True
2,82,65,11,N,True
2,252,65,11,N,True
2,25,65,11,N,True
2,67,196,11,N,True
2,0,196,11,N,True
2,285,196,11,N,True
2,291,248,11,N,True
2,119,248,11,N,True
2,67,248,11,N,True
2,21,248,11,N,True
2,0,248,11,N,True
2,265,248,11,N,True
2,277,248,11,N,True
2,26,248,11,N,True
2,128,248,11,N,True
2,122,248,11,N,True
2,252,248,11,N,True
2,122,156,11,N,True
2,67,156,11,N,True
2,258,156,11,N,True
2,0,156,11,N,True
2,170,3,11,N,True
2,67,3,11,N,True
2,0,3,11,N,True
2,26,3,11,N,True
2,122,3,11,N,True
2,25,3,11,N,True
2,67,10,11,N,True
2,0,10,11,N,True
2,277,10,11,N,True
2,291,10,11,N,True
2,285,10,11,N,True
2,0,274,11,N,True
2,122,274,11,N,True
2,21,274,11,N,True
2,170,274,11,N,True
2,122,284,11,N,True
2,21,284,11,N,True
2,0,284,11,N,True
2,21,184,11,N,True
2,0,184,11,N,True
2,21,108,11,N,True
2,0,108,11,N,True
2,122,235,11,N,True
2,21,235,11,N,True
2,0,235,11,N,True
2,21,127,11,N,True
2,0,127,11,N,True
2,148,105,11,N,True
2,315,105,11,N,True
2,119,105,11,N,True
2,21,105,11,N,True
2,0,105,11,N,True
2,277,105,11,N,True
2,25,105,11,N,True
2,122,281,11,N,True
2,21,281,11,N,True
2,0,281,11,N,True
2,342,165,11,N,True
2,21,165,11,N,True
2,0,165,11,N,True
2,113,165,11,N,True
2,21,197,11,N,True
2,0,197,11,N,True
2,265,311,11,N,True
2,0,311,11,N,True
2,277,311,11,N,True
2,277,22,11,N,True
2,0,22,11,N,True
2,277,120,11,N,True
2,0,120,11,N,True
2,103,339,11,N,True
2,148,339,11,N,True
2,315,339,11,N,True
2,119,339,11,N,True
2,0,339,11,N,True
2,277,339,11,N,True
2,291,339,11,N,True
2,313,339,11,N,True
2,119,208,11,N,True
2,0,208,11,N,True
2,277,208,11,N,True
2,291,208,11,N,True
2,285,208,11,N,True
2,277,294,11,N,True
2,0,294,11,N,True
2,277,204,11,N,True
2,0,204,11,N,True
2,277,130,11,N,True
2,0,130,11,N,True
2,25,130,11,N,True
2,239,234,11,N,True
2,0,234,11,N,True
2,239,60,11,N,True
2,285,60,11,N,True
2,56,60,11,N,True
2,0,60,11,N,True
2,291,60,11,N,True
2,313,60,11,N,True
2,0,124,11,N,True
2,170,124,11,N,True
2,285,146,11,N,True
2,119,146,11,N,True
2,0,146,11,N,True
2,313,146,11,N,True
2,148,146,11,N,True
2,0,117,11,N,True
2,285,117,11,N,True
2,315,288,11,N,True
2,0,288,11,N,True
2,25,288,11,N,True
2,315,1,11,N,True
2,119,1,11,N,True
2,0,1,11,N,True
2,315,80,11,N,True
2,0,80,11,N,True
2,315,87,11,N,True
2,291,87,11,N,True
2,0,87,11,N,True
2,315,94,11,N,True
2,0,94,11,N,True
2,25,94,11,N,True
2,315,5,11,N,True
2,122,5,11,N,True
2,0,5,11,N,True
2,315,302,11,N,True
2,0,302,11,N,True
2,315,53,11,N,True
2,0,53,11,N,True
2,119,171,11,N,True
2,0,171,11,N,True
2,119,54,11,N,True
2,0,54,11,N,True
2,313,54,11,N,True
2,119,217,11,N,True
2,0,217,11,N,True
2,119,125,11,N,True
2,0,125,11,N,True
2,119,269,11,N,True
2,0,269,11,N,True
2,119,64,11,N,True
2,0,64,11,N,True
2,119,189,11,N,True
2,0,189,11,N,True
2,128,150,11,N,True
2,119,150,11,N,True
2,0,150,11,N,True
2,119,27,11,N,True
2,0,27,11,N,True
2,119,163,11,N,True
2,0,163,11,N,True
2,119,100,11,N,True
2,0,100,11,N,True
2,313,bot0__6,11,N,True
2,0,83,11,N,True
2,25,83,11,N,True
2,0,76,11,N,True
2,25,76,11,N,True
2,0,336,11,N,True
2,25,336,11,N,True
2,0,237,11,N,True
2,25,237,11,N,True
2,56,207,11,N,True
2,0,207,11,N,True
2,56,bot0__2,11,N,True
2,291,bot0__2,11,N,True
2,0,24,11,N,True
2,0,346,11,N,True
2,0,46,11,N,True
2,0,254,11,N,True
2,0,23,11,N,True
2,0,116,11,N,True
2,0,275,11,N,True
2,0,273,11,N,True
2,0,28,11,N,True
2,0,242,11,N,True
2,0,214,11,N,True
2,0,20,11,N,True
2,0,307,11,N,True
2,0,71,11,N,True
2,0,333,11,N,True
2,0,78,11,N,True
2,0,317,11,N,True
2,0,126,11,N,True
2,0,144,11,N,True
2,0,226,11,N,True
2,0,300,11,N,True
2,0,149,11,N,True
2,0,17,11,N,True
2,0,326,11,N,True
2,0,187,11,N,True
2,0,255,11,N,True
2,0,320,11,N,True
2,0,140,11,N,True
2,0,137,11,N,True
2,0,343,11,N,True
2,0,115,11,N,True
2,0,14,11,N,True
2,0,310,11,N,True
2,0,32,11,N,True
2,0,92,11,N,True
2,0,266,11,N,True
2,0,278,11,N,True
2,0,330,11,N,True
2,0,230,11,N,True
2,0,70,11,N,True
2,0,228,11,N,True
2,0,286,11,N,True
2,0,81,11,N,True
2,0,174,11,N,True
2,0,293,11,N,True
2,0,2,11,N,True
2,0,263,11,N,True
2,0,279,11,N,True
2,0,162,11,N,True
2,0,19,11,N,True
2,0,218,11,N,True
2,0,195,11,N,True
2,0,181,11,N,True
2,291,129,11,N,True
2,0,129,11,N,True
2,0,328,11,N,True
2,0,101,11,N,True
2,0,99,11,N,True
2,0,102,11,N,True
2,0,173,11,N,True
2,0,177,11,N,True
2,0,180,11,N,True
2,0,167,11,N,True
2,0,227,11,N,True
2,0,96,11,N,True
2,0,143,11,N,True
2,0,61,11,N,True
2,0,41,11,N,True
2,0,107,11,N,True
2,0,301,11,N,True
2,0,225,11,N,True
2,0,86,11,N,True
2,0,152,11,N,True
2,0,289,11,N,True
2,0,160,11,N,True
2,0,321,11,N,True
2,0,131,11,N,True
2,0,262,11,N,True
2,0,44,11,N,True
2,0,97,11,N,True
2,0,112,11,N,True
2,0,179,11,N,True
2,0,216,11,N,True
2,0,151,11,N,True
2,0,145,11,N,True
2,0,157,11,N,True
2,0,4,11,N,True
2,0,327,11,N,True
2,0,95,11,N,True
2,0,247,11,N,True
2,0,190,11,N,True
2,0,282,11,N,True
2,0,244,11,N,True
2,0,319,11,N,True
2,0,166,11,N,True
2,0,202,11,N,True
2,0,206,11,N,True
2,0,138,11,N,True
2,0,240,11,N,True
2,0,219,11,N,True
2,0,305,11,N,True
2,0,153,11,N,True
2,0,154,11,N,True
2,0,198,11,N,True
2,0,241,11,N,True
2,0,253,11,N,True
2,0,267,11,N,True
2,0,47,11,N,True
2,0,52,11,N,True
2,0,34,11,N,True
2,0,35,11,N,True
2,48,57,12,N,True
2,0,57,12,N,True
2,48,119,12,N,True
2,332,119,12,N,True
2,1,119,12,N,True
2,0,119,12,N,True
2,252,119,12,N,True
2,48,320,12,N,True
2,0,320,12,N,True
2,48,53,12,N,True
2,332,53,12,N,True
2,1,53,12,N,True
2,0,53,12,N,True
2,260,53,12,N,True
2,322,53,12,N,True
2,48,80,12,N,True
2,0,80,12,N,True
2,48,130,12,N,True
2,322,130,12,N,True
2,0,130,12,N,True
2,73,130,12,N,True
2,48,299,12,N,True
2,1,299,12,N,True
2,0,299,12,N,True
2,73,299,12,N,True
2,48,54,12,N,True
2,1,54,12,N,True
2,0,54,12,N,True
2,48,203,12,N,True
2,332,203,12,N,True
2,0,203,12,N,True
2,322,203,12,N,True
2,40,203,12,N,True
2,48,180,12,N,True
2,0,180,12,N,True
2,48,330,12,N,True
2,0,330,12,N,True
2,48,271,12,N,True
2,332,271,12,N,True
2,0,271,12,N,True
2,322,271,12,N,True
2,40,271,12,N,True
2,252,271,12,N,True
2,48,302,12,N,True
2,0,302,12,N,True
2,332,13,12,N,True
2,252,13,12,N,True
2,0,13,12,N,True
2,322,104,12,N,True
2,332,104,12,N,True
2,252,104,12,N,True
2,0,104,12,N,True
2,332,25,12,N,True
2,0,25,12,N,True
2,73,25,12,N,True
2,322,25,12,N,True
2,40,25,12,N,True
2,252,25,12,N,True
2,332,67,12,N,True
2,0,67,12,N,True
2,322,67,12,N,True
2,40,67,12,N,True
2,252,67,12,N,True
2,322,158,12,N,True
2,40,158,12,N,True
2,332,158,12,N,True
2,0,158,12,N,True
2,332,56,12,N,True
2,0,56,12,N,True
2,322,56,12,N,True
2,40,56,12,N,True
2,252,56,12,N,True
2,332,331,12,N,True
2,0,331,12,N,True
2,73,331,12,N,True
2,332,324,12,N,True
2,252,324,12,N,True
2,0,324,12,N,True
2,322,224,12,N,True
2,40,224,12,N,True
2,332,224,12,N,True
2,0,224,12,N,True
2,332,208,12,N,True
2,0,208,12,N,True
2,332,16,12,N,True
2,0,16,12,N,True
2,332,169,12,N,True
2,0,169,12,N,True
2,322,169,12,N,True
2,40,169,12,N,True
2,252,169,12,N,True
2,322,122,12,N,True
2,332,122,12,N,True
2,252,122,12,N,True
2,0,122,12,N,True
2,322,323,12,N,True
2,332,323,12,N,True
2,0,323,12,N,True
2,322,109,12,N,True
2,332,109,12,N,True
2,252,109,12,N,True
2,0,109,12,N,True
2,332,10,12,N,True
2,0,10,12,N,True
2,332,304,12,N,True
2,0,304,12,N,True
2,322,304,12,N,True
2,40,304,12,N,True
2,252,304,12,N,True
2,322,213,12,N,True
2,40,213,12,N,True
2,332,213,12,N,True
2,0,213,12,N,True
2,40,172,12,N,True
2,332,172,12,N,True
2,252,172,12,N,True
2,0,172,12,N,True
2,332,142,12,N,True
2,0,142,12,N,True
2,322,142,12,N,True
2,40,142,12,N,True
2,252,142,12,N,True
2,1,315,12,N,True
2,0,315,12,N,True
2,322,315,12,N,True
2,40,315,12,N,True
2,252,315,12,N,True
2,1,92,12,N,True
2,0,92,12,N,True
2,1,194,12,N,True
2,0,194,12,N,True
2,322,133,12,N,True
2,40,133,12,N,True
2,1,133,12,N,True
2,0,133,12,N,True
2,252,236,12,N,True
2,322,236,12,N,True
2,1,236,12,N,True
2,0,236,12,N,True
2,322,186,12,N,True
2,252,186,12,N,True
2,0,186,12,N,True
2,0,176,12,N,True
2,322,9,12,N,True
2,252,9,12,N,True
2,0,9,12,N,True
2,0,204,12,N,True
2,252,82,12,N,True
2,0,82,12,N,True
2,40,272,12,N,True
2,252,272,12,N,True
2,0,272,12,N,True
2,0,84,12,N,True
2,322,62,12,N,True
2,0,62,12,N,True
2,0,175,12,N,True
2,0,46,12,N,True
2,0,254,12,N,True
2,0,127,12,N,True
2,0,135,12,N,True
2,252,103,12,N,True
2,0,103,12,N,True
2,322,188,12,N,True
2,252,188,12,N,True
2,0,188,12,N,True
2,0,116,12,N,True
2,0,288,12,N,True
2,252,313,12,N,True
2,0,313,12,N,True
2,0,63,12,N,True
2,0,344,12,N,True
2,322,118,12,N,True
2,252,118,12,N,True
2,0,118,12,N,True
2,40,325,12,N,True
2,252,325,12,N,True
2,0,325,12,N,True
2,252,134,12,N,True
2,0,134,12,N,True
2,0,270,12,N,True
2,0,76,12,N,True
2,0,36,12,N,True
2,40,274,12,N,True
2,0,274,12,N,True
2,322,339,12,N,True
2,0,339,12,N,True
2,260,339,12,N,True
2,0,197,12,N,True
2,0,83,12,N,True
2,0,28,12,N,True
2,0,312,12,N,True
2,322,242,12,N,True
2,0,242,12,N,True
2,0,20,12,N,True
2,40,307,12,N,True
2,0,307,12,N,True
2,0,333,12,N,True
2,0,168,12,N,True
2,322,308,12,N,True
2,252,308,12,N,True
2,0,308,12,N,True
2,322,341,12,N,True
2,0,341,12,N,True
2,322,128,12,N,True
2,252,128,12,N,True
2,0,128,12,N,True
2,40,334,12,N,True
2,252,334,12,N,True
2,0,334,12,N,True
2,0,78,12,N,True
2,322,345,12,N,True
2,252,345,12,N,True
2,0,345,12,N,True
2,0,139,12,N,True
2,0,105,12,N,True
2,0,217,12,N,True
2,252,261,12,N,True
2,0,261,12,N,True
2,0,283,12,N,True
2,0,144,12,N,True
2,0,226,12,N,True
2,322,290,12,N,True
2,0,290,12,N,True
2,322,342,12,N,True
2,252,342,12,N,True
2,0,342,12,N,True
2,0,146,12,N,True
2,0,300,12,N,True
2,0,94,12,N,True
2,0,184,12,N,True
2,0,159,12,N,True
2,0,149,12,N,True
2,0,326,12,N,True
2,322,161,12,N,True
2,252,161,12,N,True
2,0,161,12,N,True
2,252,66,12,N,True
2,0,66,12,N,True
2,252,31,12,N,True
2,0,31,12,N,True
2,322,136,12,N,True
2,0,136,12,N,True
2,322,7,12,N,True
2,0,7,12,N,True
2,0,49,12,N,True
2,322,85,12,N,True
2,0,85,12,N,True
2,322,246,12,N,True
2,0,246,12,N,True
2,252,123,12,N,True
2,0,123,12,N,True
2,0,140,12,N,True
2,0,343,12,N,True
2,0,115,12,N,True
2,0,171,12,N,True
2,0,111,12,N,True
2,0,14,12,N,True
2,0,32,12,N,True
2,0,125,12,N,True
2,40,212,12,N,True
2,252,212,12,N,True
2,0,212,12,N,True
2,0,340,12,N,True
2,0,309,12,N,True
2,0,230,12,N,True
2,0,249,12,N,True
2,0,251,12,N,True
2,0,228,12,N,True
2,40,258,12,N,True
2,0,258,12,N,True
2,322,257,12,N,True
2,40,257,12,N,True
2,0,257,12,N,True
2,0,156,12,N,True
2,0,286,12,N,True
2,0,81,12,N,True
2,0,174,12,N,True
2,0,293,12,N,True
2,0,33,12,N,True
2,0,347,12,N,True
2,0,2,12,N,True
2,0,281,12,N,True
2,0,263,12,N,True
2,0,51,12,N,True
2,252,338,12,N,True
2,0,338,12,N,True
2,0,162,12,N,True
2,322,75,12,N,True
2,0,75,12,N,True
2,0,268,12,N,True
2,0,314,12,N,True
2,0,5,12,N,True
2,0,243,12,N,True
2,0,195,12,N,True
2,0,181,12,N,True
2,0,8,12,N,True
2,0,328,12,N,True
2,0,150,12,N,True
2,0,101,12,N,True
2,0,99,12,N,True
2,0,296,12,N,True
2,0,318,12,N,True
2,0,163,12,N,True
2,0,121,12,N,True
2,0,306,12,N,True
2,0,189,12,N,True
2,0,259,12,N,True
2,0,58,12,N,True
2,0,269,12,N,True
2,0,167,12,N,True
2,0,96,12,N,True
2,0,143,12,N,True
2,0,61,12,N,True
2,0,41,12,N,True
2,0,6,12,N,True
2,0,89,12,N,True
2,0,107,12,N,True
2,40,132,12,N,True
2,0,132,12,N,True
2,322,221,12,N,True
2,0,221,12,N,True
2,0,301,12,N,True
2,40,29,12,N,True
2,252,29,12,N,True
2,0,29,12,N,True
2,0,337,12,N,True
2,0,100,12,N,True
2,0,110,12,N,True
2,0,264,12,N,True
2,0,152,12,N,True
2,0,148,12,N,True
2,0,295,12,N,True
2,0,201,12,N,True
2,0,289,12,N,True
2,0,160,12,N,True
2,260,160,12,N,True
2,0,321,12,N,True
2,0,68,12,N,True
2,0,131,12,N,True
2,40,298,12,N,True
2,0,298,12,N,True
2,0,262,12,N,True
2,0,220,12,N,True
2,0,44,12,N,True
2,0,50,12,N,True
2,0,193,12,N,True
2,0,97,12,N,True
2,0,124,12,N,True
2,0,216,12,N,True
2,0,145,12,N,True
2,0,4,12,N,True
2,0,95,12,N,True
2,0,247,12,N,True
2,0,190,12,N,True
2,0,282,12,N,True
2,0,244,12,N,True
2,0,233,12,N,True
2,0,166,12,N,True
2,0,202,12,N,True
2,0,155,12,N,True
2,0,191,12,N,True
2,0,147,12,N,True
2,0,206,12,N,True
2,260,206,12,N,True
2,0,138,12,N,True
2,0,219,12,N,True
2,0,305,12,N,True
2,0,153,12,N,True
2,0,154,12,N,True
2,0,198,12,N,True
2,0,182,12,N,True
2,0,336,12,N,True
2,0,241,12,N,True
2,0,253,12,N,True
2,0,267,12,N,True
2,0,205,12,N,True
2,0,47,12,N,True
2,0,183,12,N,True
2,0,52,12,N,True
2,213,130,13,N,True
2,329,130,13,N,True
2,0,130,13,N,True
2,339,291,13,N,True
2,329,291,13,N,True
2,332,291,13,N,True
2,315,291,13,N,True
2,0,291,13,N,True
2,213,291,13,N,True
2,224,291,13,N,True
2,329,184,13,N,True
2,0,184,13,N,True
2,203,272,13,N,True
2,329,272,13,N,True
2,67,272,13,N,True
2,0,272,13,N,True
2,213,272,13,N,True
2,304,272,13,N,True
2,297,272,13,N,True
2,329,197,13,N,True
2,0,197,13,N,True
2,329,54,13,N,True
2,119,54,13,N,True
2,0,54,13,N,True
2,27,54,13,N,True
2,329,106,13,N,True
2,332,106,13,N,True
2,0,106,13,N,True
2,329,30,13,N,True
2,0,30,13,N,True
2,213,30,13,N,True
2,224,30,13,N,True
2,200,30,13,N,True
2,304,30,13,N,True
2,203,40,13,N,True
2,329,40,13,N,True
2,332,40,13,N,True
2,315,40,13,N,True
2,67,40,13,N,True
2,0,40,13,N,True
2,213,40,13,N,True
2,224,40,13,N,True
2,200,40,13,N,True
2,304,40,13,N,True
2,213,204,13,N,True
2,329,204,13,N,True
2,0,204,13,N,True
2,339,322,13,N,True
2,118,322,13,N,True
2,329,322,13,N,True
2,203,322,13,N,True
2,315,322,13,N,True
2,67,322,13,N,True
2,0,322,13,N,True
2,213,322,13,N,True
2,224,322,13,N,True
2,109,322,13,N,True
2,200,322,13,N,True
2,304,322,13,N,True
2,297,322,13,N,True
2,118,16,13,N,True
2,329,16,13,N,True
2,332,16,13,N,True
2,0,16,13,N,True
2,203,308,13,N,True
2,329,308,13,N,True
2,22,308,13,N,True
2,67,308,13,N,True
2,0,308,13,N,True
2,213,308,13,N,True
2,304,308,13,N,True
2,329,202,13,N,True
2,0,202,13,N,True
2,203,9,13,N,True
2,329,9,13,N,True
2,315,9,13,N,True
2,67,9,13,N,True
2,119,9,13,N,True
2,0,9,13,N,True
2,224,9,13,N,True
2,200,9,13,N,True
2,304,9,13,N,True
2,297,9,13,N,True
2,329,320,13,N,True
2,0,320,13,N,True
2,203,172,13,N,True
2,118,172,13,N,True
2,329,172,13,N,True
2,332,172,13,N,True
2,0,172,13,N,True
2,304,172,13,N,True
2,213,178,13,N,True
2,329,178,13,N,True
2,0,178,13,N,True
2,329,280,13,N,True
2,332,280,13,N,True
2,315,280,13,N,True
2,67,280,13,N,True
2,119,280,13,N,True
2,0,280,13,N,True
2,200,280,13,N,True
2,304,280,13,N,True
2,297,280,13,N,True
2,200,72,13,N,True
2,329,72,13,N,True
2,67,72,13,N,True
2,0,72,13,N,True
2,203,186,13,N,True
2,67,186,13,N,True
2,0,186,13,N,True
2,213,186,13,N,True
2,109,186,13,N,True
2,200,186,13,N,True
2,213,57,13,N,True
2,0,57,13,N,True
2,213,345,13,N,True
2,315,345,13,N,True
2,67,345,13,N,True
2,0,345,13,N,True
2,213,96,13,N,True
2,224,96,13,N,True
2,0,96,13,N,True
2,213,53,13,N,True
2,315,53,13,N,True
2,332,53,13,N,True
2,0,53,13,N,True
2,203,128,13,N,True
2,315,128,13,N,True
2,67,128,13,N,True
2,119,128,13,N,True
2,0,128,13,N,True
2,213,128,13,N,True
2,339,161,13,N,True
2,118,161,13,N,True
2,203,161,13,N,True
2,67,161,13,N,True
2,0,161,13,N,True
2,213,161,13,N,True
2,304,161,13,N,True
2,213,5,13,N,True
2,315,5,13,N,True
2,0,5,13,N,True
2,315,236,13,N,True
2,67,236,13,N,True
2,0,236,13,N,True
2,213,236,13,N,True
2,224,236,13,N,True
2,200,236,13,N,True
2,304,236,13,N,True
2,297,236,13,N,True
2,213,80,13,N,True
2,315,80,13,N,True
2,0,80,13,N,True
2,203,239,13,N,True
2,118,239,13,N,True
2,67,239,13,N,True
2,119,239,13,N,True
2,0,239,13,N,True
2,213,239,13,N,True
2,109,239,13,N,True
2,200,239,13,N,True
2,304,239,13,N,True
2,213,242,13,N,True
2,0,242,13,N,True
2,213,bot0__6,13,N,True
2,203,325,13,N,True
2,118,325,13,N,True
2,67,325,13,N,True
2,119,325,13,N,True
2,0,325,13,N,True
2,109,325,13,N,True
2,200,325,13,N,True
2,304,325,13,N,True
2,203,26,13,N,True
2,118,26,13,N,True
2,332,26,13,N,True
2,315,26,13,N,True
2,67,26,13,N,True
2,119,26,13,N,True
2,0,26,13,N,True
2,224,26,13,N,True
2,109,26,13,N,True
2,200,26,13,N,True
2,304,26,13,N,True
2,297,26,13,N,True
2,339,148,13,N,True
2,119,148,13,N,True
2,0,148,13,N,True
2,224,148,13,N,True
2,109,148,13,N,True
2,339,158,13,N,True
2,332,158,13,N,True
2,22,158,13,N,True
2,315,158,13,N,True
2,67,158,13,N,True
2,0,158,13,N,True
2,109,158,13,N,True
2,304,158,13,N,True
2,203,142,13,N,True
2,332,142,13,N,True
2,315,142,13,N,True
2,67,142,13,N,True
2,0,142,13,N,True
2,109,142,13,N,True
2,200,142,13,N,True
2,297,142,13,N,True
2,203,21,13,N,True
2,332,21,13,N,True
2,315,21,13,N,True
2,67,21,13,N,True
2,119,21,13,N,True
2,0,21,13,N,True
2,109,21,13,N,True
2,200,21,13,N,True
2,304,21,13,N,True
2,297,21,13,N,True
2,203,104,13,N,True
2,332,104,13,N,True
2,67,104,13,N,True
2,0,104,13,N,True
2,109,104,13,N,True
2,200,104,13,N,True
2,339,31,13,N,True
2,67,31,13,N,True
2,0,31,13,N,True
2,109,31,13,N,True
2,200,31,13,N,True
2,304,31,13,N,True
2,109,314,13,N,True
2,0,314,13,N,True
2,203,50,13,N,True
2,119,50,13,N,True
2,109,50,13,N,True
2,0,50,13,N,True
2,118,13,13,N,True
2,332,13,13,N,True
2,67,13,13,N,True
2,119,13,13,N,True
2,0,13,13,N,True
2,109,13,13,N,True
2,304,13,13,N,True
2,203,98,13,N,True
2,118,98,13,N,True
2,332,98,13,N,True
2,315,98,13,N,True
2,67,98,13,N,True
2,119,98,13,N,True
2,0,98,13,N,True
2,109,98,13,N,True
2,200,98,13,N,True
2,304,98,13,N,True
2,339,168,13,N,True
2,304,168,13,N,True
2,22,168,13,N,True
2,0,168,13,N,True
2,304,212,13,N,True
2,67,212,13,N,True
2,0,212,13,N,True
2,315,188,13,N,True
2,119,188,13,N,True
2,67,188,13,N,True
2,0,188,13,N,True
2,224,188,13,N,True
2,200,188,13,N,True
2,304,188,13,N,True
2,297,188,13,N,True
2,315,257,13,N,True
2,304,257,13,N,True
2,0,257,13,N,True
2,339,334,13,N,True
2,203,334,13,N,True
2,67,334,13,N,True
2,0,334,13,N,True
2,200,334,13,N,True
2,304,334,13,N,True
2,224,141,13,N,True
2,304,141,13,N,True
2,67,141,13,N,True
2,0,141,13,N,True
2,203,341,13,N,True
2,304,341,13,N,True
2,0,341,13,N,True
2,203,113,13,N,True
2,119,113,13,N,True
2,67,113,13,N,True
2,0,113,13,N,True
2,200,113,13,N,True
2,304,113,13,N,True
2,304,66,13,N,True
2,67,66,13,N,True
2,0,66,13,N,True
2,203,211,13,N,True
2,118,211,13,N,True
2,315,211,13,N,True
2,0,211,13,N,True
2,304,211,13,N,True
2,339,347,13,N,True
2,304,347,13,N,True
2,22,347,13,N,True
2,0,347,13,N,True
2,304,bot0__7,13,N,True
2,4,328,13,N,True
2,275,328,13,N,True
2,0,328,13,N,True
2,4,195,13,N,True
2,275,195,13,N,True
2,0,195,13,N,True
2,4,218,13,N,True
2,275,218,13,N,True
2,0,218,13,N,True
2,4,78,13,N,True
2,275,78,13,N,True
2,0,78,13,N,True
2,118,283,13,N,True
2,0,283,13,N,True
2,203,268,13,N,True
2,118,268,13,N,True
2,0,268,13,N,True
2,203,342,13,N,True
2,118,342,13,N,True
2,119,342,13,N,True
2,67,342,13,N,True
2,0,342,13,N,True
2,339,65,13,N,True
2,118,65,13,N,True
2,203,65,13,N,True
2,0,65,13,N,True
2,297,65,13,N,True
2,203,265,13,N,True
2,118,265,13,N,True
2,67,265,13,N,True
2,0,265,13,N,True
2,203,59,13,N,True
2,118,59,13,N,True
2,0,59,13,N,True
2,339,38,13,N,True
2,332,38,13,N,True
2,0,38,13,N,True
2,339,103,13,N,True
2,200,103,13,N,True
2,0,103,13,N,True
2,339,146,13,N,True
2,119,146,13,N,True
2,0,146,13,N,True
2,339,260,13,N,True
2,0,260,13,N,True
2,203,55,13,N,True
2,200,55,13,N,True
2,67,55,13,N,True
2,0,55,13,N,True
2,200,123,13,N,True
2,67,123,13,N,True
2,0,123,13,N,True
2,332,248,13,N,True
2,119,248,13,N,True
2,67,248,13,N,True
2,0,248,13,N,True
2,200,248,13,N,True
2,67,156,13,N,True
2,0,156,13,N,True
2,67,344,13,N,True
2,0,344,13,N,True
2,22,185,13,N,True
2,315,185,13,N,True
2,119,185,13,N,True
2,67,185,13,N,True
2,0,185,13,N,True
2,200,185,13,N,True
2,297,185,13,N,True
2,203,223,13,N,True
2,315,223,13,N,True
2,67,223,13,N,True
2,0,223,13,N,True
2,200,223,13,N,True
2,203,48,13,N,True
2,119,48,13,N,True
2,332,48,13,N,True
2,0,48,13,N,True
2,332,77,13,N,True
2,0,77,13,N,True
2,275,bot0__4,13,N,True
2,315,288,13,N,True
2,0,288,13,N,True
2,315,1,13,N,True
2,119,1,13,N,True
2,0,1,13,N,True
2,224,133,13,N,True
2,315,133,13,N,True
2,0,133,13,N,True
2,315,94,13,N,True
2,0,94,13,N,True
2,315,302,13,N,True
2,0,302,13,N,True
2,315,132,13,N,True
2,119,132,13,N,True
2,0,132,13,N,True
2,315,105,13,N,True
2,119,105,13,N,True
2,0,105,13,N,True
2,200,39,13,N,True
2,119,39,13,N,True
2,0,39,13,N,True
2,119,176,13,N,True
2,0,176,13,N,True
2,119,125,13,N,True
2,0,125,13,N,True
2,119,163,13,N,True
2,100,163,13,N,True
2,0,163,13,N,True
2,171,107,13,N,True
2,0,107,13,N,True
2,171,58,13,N,True
2,0,58,13,N,True
2,64,bot0__3,13,N,True
2,22,bot0__5,13,N,True
2,0,175,13,N,True
2,0,117,13,N,True
2,0,135,13,N,True
2,0,23,13,N,True
2,0,73,13,N,True
2,0,299,13,N,True
2,0,63,13,N,True
2,0,76,13,N,True
2,200,274,13,N,True
2,0,274,13,N,True
2,0,88,13,N,True
2,0,83,13,N,True
2,0,28,13,N,True
2,0,214,13,N,True
2,0,307,13,N,True
2,0,71,13,N,True
2,0,333,13,N,True
2,0,317,13,N,True
2,0,139,13,N,True
2,224,232,13,N,True
2,200,232,13,N,True
2,0,232,13,N,True
2,0,126,13,N,True
2,0,144,13,N,True
2,0,300,13,N,True
2,0,159,13,N,True
2,0,149,13,N,True
2,0,17,13,N,True
2,0,187,13,N,True
2,0,255,13,N,True
2,0,49,13,N,True
2,0,85,13,N,True
2,0,140,13,N,True
2,0,343,13,N,True
2,0,14,13,N,True
2,0,32,13,N,True
2,0,266,13,N,True
2,0,278,13,N,True
2,0,311,13,N,True
2,0,309,13,N,True
2,0,330,13,N,True
2,0,70,13,N,True
2,0,251,13,N,True
2,0,258,13,N,True
2,0,286,13,N,True
2,0,81,13,N,True
2,0,174,13,N,True
2,0,293,13,N,True
2,0,2,13,N,True
2,0,281,13,N,True
2,0,263,13,N,True
2,0,51,13,N,True
2,0,162,13,N,True
2,0,8,13,N,True
2,0,245,13,N,True
2,0,101,13,N,True
2,0,99,13,N,True
2,0,296,13,N,True
2,0,102,13,N,True
2,200,165,13,N,True
2,0,165,13,N,True
2,0,177,13,N,True
2,0,180,13,N,True
2,0,259,13,N,True
2,0,167,13,N,True
2,0,91,13,N,True
2,0,143,13,N,True
2,0,61,13,N,True
2,0,93,13,N,True
2,0,235,13,N,True
2,0,221,13,N,True
2,0,250,13,N,True
2,0,264,13,N,True
2,0,225,13,N,True
2,0,86,13,N,True
2,0,201,13,N,True
2,0,289,13,N,True
2,0,160,13,N,True
2,0,68,13,N,True
2,0,131,13,N,True
2,0,298,13,N,True
2,0,262,13,N,True
2,0,220,13,N,True
2,0,193,13,N,True
2,0,97,13,N,True
2,0,112,13,N,True
2,0,179,13,N,True
2,0,151,13,N,True
2,0,327,13,N,True
2,0,95,13,N,True
2,0,120,13,N,True
2,0,247,13,N,True
2,0,244,13,N,True
2,0,319,13,N,True
2,0,233,13,N,True
2,0,256,13,N,True
2,0,166,13,N,True
2,0,191,13,N,True
2,0,147,13,N,True
2,0,206,13,N,True
2,0,138,13,N,True
2,0,164,13,N,True
2,0,219,13,N,True
2,0,305,13,N,True
2,0,198,13,N,True
2,0,336,13,N,True
2,0,241,13,N,True
2,0,294,13,N,True
2,0,205,13,N,True
2,301,47,13,N,True
2,0,47,13,N,True
2,0,183,13,N,True
2,0,52,13,N,True
2,0,34,13,N,True
2,0,35,13,N,True
2,258,257,14,N,True
2,272,257,14,N,True
2,258,141,14,N,True
2,56,141,14,N,True
2,67,141,14,N,True
2,272,141,14,N,True
2,9,141,14,N,True
2,56,291,14,N,True
2,258,291,14,N,True
2,272,291,14,N,True
2,9,291,14,N,True
2,258,98,14,N,True
2,170,98,14,N,True
2,56,98,14,N,True
2,67,98,14,N,True
2,272,98,14,N,True
2,200,98,14,N,True
2,9,176,14,N,True
2,170,176,14,N,True
2,200,223,14,N,True
2,56,223,14,N,True
2,67,223,14,N,True
2,170,223,14,N,True
2,170,142,14,N,True
2,56,142,14,N,True
2,67,142,14,N,True
2,200,142,14,N,True
2,9,142,14,N,True
2,170,119,14,N,True
2,56,119,14,N,True
2,67,119,14,N,True
2,200,119,14,N,True
2,9,119,14,N,True
2,56,290,14,N,True
2,67,290,14,N,True
2,170,290,14,N,True
2,170,285,14,N,True
2,56,285,14,N,True
2,67,285,14,N,True
2,272,285,14,N,True
2,200,285,14,N,True
2,9,285,14,N,True
2,170,21,14,N,True
2,56,21,14,N,True
2,67,21,14,N,True
2,272,21,14,N,True
2,200,21,14,N,True
2,9,21,14,N,True
2,170,250,14,N,True
2,56,315,14,N,True
2,67,315,14,N,True
2,9,315,14,N,True
2,170,315,14,N,True
2,56,128,14,N,True
2,67,128,14,N,True
2,9,128,14,N,True
2,170,128,14,N,True
2,200,55,14,N,True
2,56,55,14,N,True
2,67,55,14,N,True
2,170,55,14,N,True
2,56,342,14,N,True
2,67,342,14,N,True
2,9,342,14,N,True
2,170,342,14,N,True
2,170,268,14,N,True
2,170,203,14,N,True
2,56,203,14,N,True
2,67,203,14,N,True
2,272,203,14,N,True
2,200,203,14,N,True
2,9,203,14,N,True
2,170,186,14,N,True
2,56,186,14,N,True
2,67,186,14,N,True
2,272,186,14,N,True
2,200,186,14,N,True
2,9,186,14,N,True
2,170,260,14,N,True
2,170,277,14,N,True
2,56,277,14,N,True
2,67,277,14,N,True
2,272,277,14,N,True
2,200,277,14,N,True
2,9,277,14,N,True
2,170,185,14,N,True
2,56,185,14,N,True
2,67,185,14,N,True
2,272,185,14,N,True
2,200,185,14,N,True
2,9,185,14,N,True
2,170,122,14,N,True
2,56,122,14,N,True
2,67,122,14,N,True
2,272,122,14,N,True
2,200,122,14,N,True
2,9,122,14,N,True
2,170,239,14,N,True
2,56,239,14,N,True
2,67,239,14,N,True
2,272,239,14,N,True
2,200,239,14,N,True
2,170,25,14,N,True
2,56,25,14,N,True
2,67,25,14,N,True
2,272,25,14,N,True
2,200,25,14,N,True
2,9,25,14,N,True
2,56,341,14,N,True
2,9,341,14,N,True
2,170,341,14,N,True
2,170,334,14,N,True
2,56,334,14,N,True
2,67,334,14,N,True
2,200,334,14,N,True
2,9,334,14,N,True
2,56,211,14,N,True
2,272,211,14,N,True
2,170,211,14,N,True
2,170,252,14,N,True
2,56,252,14,N,True
2,67,252,14,N,True
2,272,252,14,N,True
2,200,252,14,N,True
2,9,252,14,N,True
2,56,134,14,N,True
2,67,134,14,N,True
2,9,134,14,N,True
2,56,109,14,N,True
2,67,109,14,N,True
2,200,109,14,N,True
2,56,104,14,N,True
2,67,104,14,N,True
2,200,104,14,N,True
2,56,265,14,N,True
2,67,265,14,N,True
2,56,238,14,N,True
2,56,30,14,N,True
2,9,30,14,N,True
2,200,30,14,N,True
2,56,103,14,N,True
2,200,103,14,N,True
2,56,132,14,N,True
2,56,59,14,N,True
2,56,232,14,N,True
2,9,232,14,N,True
2,200,232,14,N,True
2,56,207,14,N,True
2,56,136,14,N,True
2,67,136,14,N,True
2,56,298,14,N,True
2,56,60,14,N,True
2,56,212,14,N,True
2,67,212,14,N,True
2,56,222,14,N,True
2,56,231,14,N,True
2,9,231,14,N,True
2,56,303,14,N,True
2,67,303,14,N,True
2,56,325,14,N,True
2,67,325,14,N,True
2,200,325,14,N,True
2,56,63,14,N,True
2,56,13,14,N,True
2,67,13,14,N,True
2,56,172,14,N,True
2,56,213,14,N,True
2,67,213,14,N,True
2,272,213,14,N,True
2,56,261,14,N,True
2,67,261,14,N,True
2,56,bot0__2,14,N,True
2,67,345,14,N,True
2,67,69,14,N,True
2,9,69,14,N,True
2,67,196,14,N,True
2,200,45,14,N,True
2,67,45,14,N,True
2,200,123,14,N,True
2,67,123,14,N,True
2,200,248,14,N,True
2,67,248,14,N,True
2,200,224,14,N,True
2,67,224,14,N,True
2,9,224,14,N,True
2,200,280,14,N,True
2,67,280,14,N,True
2,272,280,14,N,True
2,9,280,14,N,True
2,67,344,14,N,True
2,200,79,14,N,True
2,67,79,14,N,True
2,272,79,14,N,True
2,9,79,14,N,True
2,200,236,14,N,True
2,67,236,14,N,True
2,272,236,14,N,True
2,200,31,14,N,True
2,67,31,14,N,True
2,272,159,14,N,True
2,272,346,14,N,True
2,272,105,14,N,True
2,9,105,14,N,True
2,272,108,14,N,True
2,272,197,14,N,True
2,272,148,14,N,True
2,9,148,14,N,True
2,272,320,14,N,True
2,272,281,14,N,True
2,272,127,14,N,True
2,272,184,14,N,True
2,200,39,14,N,True
2,200,165,14,N,True
2,9,133,14,N,True
2,186,88,15,N,True
2,56,88,15,N,True
2,0,88,15,N,True
2,80,88,15,N,True
2,25,88,15,N,True
2,203,341,15,N,True
2,186,341,15,N,True
2,170,341,15,N,True
2,62,341,15,N,True
2,56,341,15,N,True
2,0,341,15,N,True
2,304,341,15,N,True
2,203,55,15,N,True
2,186,55,15,N,True
2,104,55,15,N,True
2,170,55,15,N,True
2,56,55,15,N,True
2,67,55,15,N,True
2,261,55,15,N,True
2,0,55,15,N,True
2,277,55,15,N,True
2,123,55,15,N,True
2,26,55,15,N,True
2,122,55,15,N,True
2,252,55,15,N,True
2,186,178,15,N,True
2,0,178,15,N,True
2,186,345,15,N,True
2,315,345,15,N,True
2,67,345,15,N,True
2,261,345,15,N,True
2,0,345,15,N,True
2,122,345,15,N,True
2,252,345,15,N,True
2,285,345,15,N,True
2,186,9,15,N,True
2,148,9,15,N,True
2,271,9,15,N,True
2,304,9,15,N,True
2,67,9,15,N,True
2,277,9,15,N,True
2,199,9,15,N,True
2,203,9,15,N,True
2,170,9,15,N,True
2,315,9,15,N,True
2,119,9,15,N,True
2,252,9,15,N,True
2,25,9,15,N,True
2,258,9,15,N,True
2,56,9,15,N,True
2,0,9,15,N,True
2,113,9,15,N,True
2,26,9,15,N,True
2,128,9,15,N,True
2,122,9,15,N,True
2,285,9,15,N,True
2,186,221,15,N,True
2,285,221,15,N,True
2,56,221,15,N,True
2,0,221,15,N,True
2,25,221,15,N,True
2,186,322,15,N,True
2,104,322,15,N,True
2,109,322,15,N,True
2,271,322,15,N,True
2,304,322,15,N,True
2,67,322,15,N,True
2,277,322,15,N,True
2,199,322,15,N,True
2,203,322,15,N,True
2,170,322,15,N,True
2,315,322,15,N,True
2,252,322,15,N,True
2,25,322,15,N,True
2,62,322,15,N,True
2,56,322,15,N,True
2,0,322,15,N,True
2,26,322,15,N,True
2,128,322,15,N,True
2,122,322,15,N,True
2,285,322,15,N,True
2,186,323,15,N,True
2,103,323,15,N,True
2,258,323,15,N,True
2,170,323,15,N,True
2,62,323,15,N,True
2,315,323,15,N,True
2,67,323,15,N,True
2,119,323,15,N,True
2,56,323,15,N,True
2,0,323,15,N,True
2,277,323,15,N,True
2,109,323,15,N,True
2,271,323,15,N,True
2,25,323,15,N,True
2,26,323,15,N,True
2,122,323,15,N,True
2,285,323,15,N,True
2,203,142,15,N,True
2,186,142,15,N,True
2,104,142,15,N,True
2,170,142,15,N,True
2,62,142,15,N,True
2,315,142,15,N,True
2,67,142,15,N,True
2,56,142,15,N,True
2,0,142,15,N,True
2,113,142,15,N,True
2,277,142,15,N,True
2,109,142,15,N,True
2,271,142,15,N,True
2,123,142,15,N,True
2,26,142,15,N,True
2,122,142,15,N,True
2,252,142,15,N,True
2,285,142,15,N,True
2,186,222,15,N,True
2,56,222,15,N,True
2,325,222,15,N,True
2,0,222,15,N,True
2,211,222,15,N,True
2,199,222,15,N,True
2,238,222,15,N,True
2,313,222,15,N,True
2,186,303,15,N,True
2,104,303,15,N,True
2,315,303,15,N,True
2,67,303,15,N,True
2,56,303,15,N,True
2,0,303,15,N,True
2,109,303,15,N,True
2,122,303,15,N,True
2,285,303,15,N,True
2,186,bot0__4,15,N,True
2,202,bot0__4,15,N,True
2,104,318,15,N,True
2,62,318,15,N,True
2,119,318,15,N,True
2,261,318,15,N,True
2,0,318,15,N,True
2,271,318,15,N,True
2,123,318,15,N,True
2,67,344,15,N,True
2,122,344,15,N,True
2,104,344,15,N,True
2,0,344,15,N,True
2,103,169,15,N,True
2,104,169,15,N,True
2,315,169,15,N,True
2,67,169,15,N,True
2,56,169,15,N,True
2,0,169,15,N,True
2,113,169,15,N,True
2,277,169,15,N,True
2,109,169,15,N,True
2,271,169,15,N,True
2,26,169,15,N,True
2,128,169,15,N,True
2,122,169,15,N,True
2,252,169,15,N,True
2,25,169,15,N,True
2,172,212,15,N,True
2,104,212,15,N,True
2,56,212,15,N,True
2,67,212,15,N,True
2,0,212,15,N,True
2,271,212,15,N,True
2,199,212,15,N,True
2,26,212,15,N,True
2,304,212,15,N,True
2,252,212,15,N,True
2,80,187,15,N,True
2,0,187,15,N,True
2,80,330,15,N,True
2,0,330,15,N,True
2,80,24,15,N,True
2,0,24,15,N,True
2,203,48,15,N,True
2,119,48,15,N,True
2,0,48,15,N,True
2,80,48,15,N,True
2,271,48,15,N,True
2,199,48,15,N,True
2,80,57,15,N,True
2,0,57,15,N,True
2,277,57,15,N,True
2,80,194,15,N,True
2,0,194,15,N,True
2,80,300,15,N,True
2,0,300,15,N,True
2,80,242,15,N,True
2,0,242,15,N,True
2,80,92,15,N,True
2,0,92,15,N,True
2,80,204,15,N,True
2,0,204,15,N,True
2,277,204,15,N,True
2,80,299,15,N,True
2,0,299,15,N,True
2,119,229,15,N,True
2,109,229,15,N,True
2,0,229,15,N,True
2,148,229,15,N,True
2,261,314,15,N,True
2,0,314,15,N,True
2,109,314,15,N,True
2,271,314,15,N,True
2,199,314,15,N,True
2,313,314,15,N,True
2,203,50,15,N,True
2,119,50,15,N,True
2,0,50,15,N,True
2,113,50,15,N,True
2,277,50,15,N,True
2,109,50,15,N,True
2,148,50,15,N,True
2,203,297,15,N,True
2,56,297,15,N,True
2,119,297,15,N,True
2,67,297,15,N,True
2,261,297,15,N,True
2,0,297,15,N,True
2,109,297,15,N,True
2,271,297,15,N,True
2,26,297,15,N,True
2,122,297,15,N,True
2,252,297,15,N,True
2,25,297,15,N,True
2,128,150,15,N,True
2,119,150,15,N,True
2,163,150,15,N,True
2,0,150,15,N,True
2,119,100,15,N,True
2,163,100,15,N,True
2,0,100,15,N,True
2,103,185,15,N,True
2,148,185,15,N,True
2,170,185,15,N,True
2,315,185,15,N,True
2,67,185,15,N,True
2,119,185,15,N,True
2,56,185,15,N,True
2,0,185,15,N,True
2,271,185,15,N,True
2,25,185,15,N,True
2,26,185,15,N,True
2,285,185,15,N,True
2,172,232,15,N,True
2,285,232,15,N,True
2,56,232,15,N,True
2,0,232,15,N,True
2,271,232,15,N,True
2,199,232,15,N,True
2,26,232,15,N,True
2,122,232,15,N,True
2,25,232,15,N,True
2,119,79,15,N,True
2,67,79,15,N,True
2,0,79,15,N,True
2,271,79,15,N,True
2,26,79,15,N,True
2,252,79,15,N,True
2,25,79,15,N,True
2,258,85,15,N,True
2,0,85,15,N,True
2,271,85,15,N,True
2,170,85,15,N,True
2,172,40,15,N,True
2,203,40,15,N,True
2,258,40,15,N,True
2,315,40,15,N,True
2,67,40,15,N,True
2,56,40,15,N,True
2,325,40,15,N,True
2,0,40,15,N,True
2,113,40,15,N,True
2,277,40,15,N,True
2,271,40,15,N,True
2,199,40,15,N,True
2,26,40,15,N,True
2,304,40,15,N,True
2,25,40,15,N,True
2,203,161,15,N,True
2,258,161,15,N,True
2,62,161,15,N,True
2,56,161,15,N,True
2,67,161,15,N,True
2,325,161,15,N,True
2,0,161,15,N,True
2,277,161,15,N,True
2,271,161,15,N,True
2,199,161,15,N,True
2,26,161,15,N,True
2,304,161,15,N,True
2,122,161,15,N,True
2,252,161,15,N,True
2,148,176,15,N,True
2,170,176,15,N,True
2,119,176,15,N,True
2,0,176,15,N,True
2,271,176,15,N,True
2,26,176,15,N,True
2,128,176,15,N,True
2,122,176,15,N,True
2,25,176,15,N,True
2,172,298,15,N,True
2,56,298,15,N,True
2,0,298,15,N,True
2,271,298,15,N,True
2,199,298,15,N,True
2,26,298,15,N,True
2,148,224,15,N,True
2,62,224,15,N,True
2,315,224,15,N,True
2,67,224,15,N,True
2,261,224,15,N,True
2,0,224,15,N,True
2,271,224,15,N,True
2,26,224,15,N,True
2,304,224,15,N,True
2,122,224,15,N,True
2,25,224,15,N,True
2,170,290,15,N,True
2,56,290,15,N,True
2,67,290,15,N,True
2,0,290,15,N,True
2,277,290,15,N,True
2,271,290,15,N,True
2,25,290,15,N,True
2,172,72,15,N,True
2,56,72,15,N,True
2,67,72,15,N,True
2,0,72,15,N,True
2,113,72,15,N,True
2,271,72,15,N,True
2,199,72,15,N,True
2,26,72,15,N,True
2,252,72,15,N,True
2,25,72,15,N,True
2,277,168,15,N,True
2,304,168,15,N,True
2,0,168,15,N,True
2,172,308,15,N,True
2,203,308,15,N,True
2,67,308,15,N,True
2,0,308,15,N,True
2,277,308,15,N,True
2,26,308,15,N,True
2,304,308,15,N,True
2,252,308,15,N,True
2,258,257,15,N,True
2,315,257,15,N,True
2,0,257,15,N,True
2,26,257,15,N,True
2,304,257,15,N,True
2,25,257,15,N,True
2,67,69,15,N,True
2,0,69,15,N,True
2,26,69,15,N,True
2,304,69,15,N,True
2,25,69,15,N,True
2,258,75,15,N,True
2,170,75,15,N,True
2,56,75,15,N,True
2,67,75,15,N,True
2,0,75,15,N,True
2,304,75,15,N,True
2,304,84,15,N,True
2,0,84,15,N,True
2,25,84,15,N,True
2,313,84,15,N,True
2,285,246,15,N,True
2,315,246,15,N,True
2,0,246,15,N,True
2,304,246,15,N,True
2,25,246,15,N,True
2,304,bot0__7,15,N,True
2,172,159,15,N,True
2,277,159,15,N,True
2,0,159,15,N,True
2,172,329,15,N,True
2,315,329,15,N,True
2,119,329,15,N,True
2,0,329,15,N,True
2,202,329,15,N,True
2,172,16,15,N,True
2,0,16,15,N,True
2,261,16,15,N,True
2,67,196,15,N,True
2,0,196,15,N,True
2,285,196,15,N,True
2,119,248,15,N,True
2,67,248,15,N,True
2,0,248,15,N,True
2,277,248,15,N,True
2,26,248,15,N,True
2,128,248,15,N,True
2,122,248,15,N,True
2,252,248,15,N,True
2,122,156,15,N,True
2,67,156,15,N,True
2,258,156,15,N,True
2,0,156,15,N,True
2,170,3,15,N,True
2,67,3,15,N,True
2,0,3,15,N,True
2,26,3,15,N,True
2,122,3,15,N,True
2,25,3,15,N,True
2,119,39,15,N,True
2,0,39,15,N,True
2,313,39,15,N,True
2,277,39,15,N,True
2,25,39,15,N,True
2,148,105,15,N,True
2,315,105,15,N,True
2,119,105,15,N,True
2,0,105,15,N,True
2,277,105,15,N,True
2,25,105,15,N,True
2,277,175,15,N,True
2,0,175,15,N,True
2,277,22,15,N,True
2,0,22,15,N,True
2,277,120,15,N,True
2,0,120,15,N,True
2,103,339,15,N,True
2,148,339,15,N,True
2,315,339,15,N,True
2,119,339,15,N,True
2,0,339,15,N,True
2,277,339,15,N,True
2,313,339,15,N,True
2,277,294,15,N,True
2,0,294,15,N,True
2,56,132,15,N,True
2,315,132,15,N,True
2,119,132,15,N,True
2,0,132,15,N,True
2,113,132,15,N,True
2,277,132,15,N,True
2,277,311,15,N,True
2,325,311,15,N,True
2,0,311,15,N,True
2,277,130,15,N,True
2,62,130,15,N,True
2,0,130,15,N,True
2,25,130,15,N,True
2,166,198,15,N,True
2,0,198,15,N,True
2,203,270,15,N,True
2,0,270,15,N,True
2,25,270,15,N,True
2,203,65,15,N,True
2,0,65,15,N,True
2,261,65,15,N,True
2,252,65,15,N,True
2,25,65,15,N,True
2,0,274,15,N,True
2,122,274,15,N,True
2,170,274,15,N,True
2,0,250,15,N,True
2,252,250,15,N,True
2,170,250,15,N,True
2,285,146,15,N,True
2,119,146,15,N,True
2,0,146,15,N,True
2,313,146,15,N,True
2,148,146,15,N,True
2,56,60,15,N,True
2,0,60,15,N,True
2,313,60,15,N,True
2,285,60,15,N,True
2,0,164,15,N,True
2,285,164,15,N,True
2,0,117,15,N,True
2,285,117,15,N,True
2,315,1,15,N,True
2,119,1,15,N,True
2,0,1,15,N,True
2,315,87,15,N,True
2,0,87,15,N,True
2,315,121,15,N,True
2,0,121,15,N,True
2,113,121,15,N,True
2,315,5,15,N,True
2,122,5,15,N,True
2,0,5,15,N,True
2,315,302,15,N,True
2,0,302,15,N,True
2,119,54,15,N,True
2,0,54,15,N,True
2,313,54,15,N,True
2,119,217,15,N,True
2,0,217,15,N,True
2,119,64,15,N,True
2,0,64,15,N,True
2,119,189,15,N,True
2,0,189,15,N,True
2,202,bot0__0,15,N,True
2,313,bot0__6,15,N,True
2,0,83,15,N,True
2,25,83,15,N,True
2,0,76,15,N,True
2,25,76,15,N,True
2,0,51,15,N,True
2,25,51,15,N,True
2,0,283,15,N,True
2,25,283,15,N,True
2,0,73,15,N,True
2,25,73,15,N,True
2,0,237,15,N,True
2,25,237,15,N,True
2,0,96,15,N,True
2,62,96,15,N,True
2,56,207,15,N,True
2,0,207,15,N,True
2,56,bot0__2,15,N,True
2,0,127,15,N,True
2,0,23,15,N,True
2,0,116,15,N,True
2,0,36,15,N,True
2,0,108,15,N,True
2,0,197,15,N,True
2,0,275,15,N,True
2,0,273,15,N,True
2,0,28,15,N,True
2,0,20,15,N,True
2,0,307,15,N,True
2,0,333,15,N,True
2,0,78,15,N,True
2,0,317,15,N,True
2,0,139,15,N,True
2,0,126,15,N,True
2,0,144,15,N,True
2,0,226,15,N,True
2,0,184,15,N,True
2,0,17,15,N,True
2,0,326,15,N,True
2,0,255,15,N,True
2,0,49,15,N,True
2,0,140,15,N,True
2,0,137,15,N,True
2,0,343,15,N,True
2,0,115,15,N,True
2,0,111,15,N,True
2,0,310,15,N,True
2,0,32,15,N,True
2,0,340,15,N,True
2,122,251,15,N,True
2,0,251,15,N,True
2,0,228,15,N,True
2,0,286,15,N,True
2,0,174,15,N,True
2,0,293,15,N,True
2,0,33,15,N,True
2,0,42,15,N,True
2,122,281,15,N,True
2,0,281,15,N,True
2,0,263,15,N,True
2,0,162,15,N,True
2,0,19,15,N,True
2,0,218,15,N,True
2,0,192,15,N,True
2,0,195,15,N,True
2,0,245,15,N,True
2,0,129,15,N,True
2,0,328,15,N,True
2,0,99,15,N,True
2,0,102,15,N,True
2,0,165,15,N,True
2,113,165,15,N,True
2,0,306,15,N,True
2,0,177,15,N,True
2,0,227,15,N,True
2,0,91,15,N,True
2,0,61,15,N,True
2,0,41,15,N,True
2,122,235,15,N,True
2,0,235,15,N,True
2,0,89,15,N,True
2,0,301,15,N,True
2,238,106,15,N,True
2,0,106,15,N,True
2,0,110,15,N,True
2,0,264,15,N,True
2,0,225,15,N,True
2,0,86,15,N,True
2,0,201,15,N,True
2,0,289,15,N,True
2,0,160,15,N,True
2,0,321,15,N,True
2,0,68,15,N,True
2,0,131,15,N,True
2,0,262,15,N,True
2,0,220,15,N,True
2,0,234,15,N,True
2,0,193,15,N,True
2,0,97,15,N,True
2,0,179,15,N,True
2,0,145,15,N,True
2,0,95,15,N,True
2,0,247,15,N,True
2,0,190,15,N,True
2,0,282,15,N,True
2,0,233,15,N,True
2,0,256,15,N,True
2,0,155,15,N,True
2,0,147,15,N,True
2,0,206,15,N,True
2,0,138,15,N,True
2,0,240,15,N,True
2,0,77,15,N,True
2,0,219,15,N,True
2,0,305,15,N,True
2,0,153,15,N,True
2,0,182,15,N,True
2,0,241,15,N,True
2,0,253,15,N,True
2,0,267,15,N,True
2,0,205,15,N,True
2,0,47,15,N,True
2,0,183,15,N,True
2,0,52,15,N,True
2,0,35,15,N,True
2,172,82,16,N,True
2,203,82,16,N,True
2,169,82,16,N,True
2,56,82,16,N,True
2,67,82,16,N,True
2,0,82,16,N,True
2,271,82,16,N,True
2,199,82,16,N,True
2,158,82,16,N,True
2,169,10,16,N,True
2,332,10,16,N,True
2,67,10,16,N,True
2,0,10,16,N,True
2,277,10,16,N,True
2,200,10,16,N,True
2,169,248,16,N,True
2,332,248,16,N,True
2,67,248,16,N,True
2,21,248,16,N,True
2,0,248,16,N,True
2,265,248,16,N,True
2,277,248,16,N,True
2,26,248,16,N,True
2,200,248,16,N,True
2,158,248,16,N,True
2,172,103,16,N,True
2,169,103,16,N,True
2,56,103,16,N,True
2,0,103,16,N,True
2,271,103,16,N,True
2,200,103,16,N,True
2,25,103,16,N,True
2,169,106,16,N,True
2,329,106,16,N,True
2,332,106,16,N,True
2,0,106,16,N,True
2,334,318,16,N,True
2,169,318,16,N,True
2,271,318,16,N,True
2,0,318,16,N,True
2,169,125,16,N,True
2,0,125,16,N,True
2,169,291,16,N,True
2,329,291,16,N,True
2,213,291,16,N,True
2,271,291,16,N,True
2,272,291,16,N,True
2,158,291,16,N,True
2,141,291,16,N,True
2,277,291,16,N,True
2,232,291,16,N,True
2,199,291,16,N,True
2,280,291,16,N,True
2,332,291,16,N,True
2,315,291,16,N,True
2,25,291,16,N,True
2,258,291,16,N,True
2,56,291,16,N,True
2,0,291,16,N,True
2,113,291,16,N,True
2,224,291,16,N,True
2,26,291,16,N,True
2,239,104,16,N,True
2,203,104,16,N,True
2,169,104,16,N,True
2,332,104,16,N,True
2,56,104,16,N,True
2,67,104,16,N,True
2,21,104,16,N,True
2,0,104,16,N,True
2,113,104,16,N,True
2,212,104,16,N,True
2,322,104,16,N,True
2,277,104,16,N,True
2,271,104,16,N,True
2,26,104,16,N,True
2,200,104,16,N,True
2,25,104,16,N,True
2,169,122,16,N,True
2,213,122,16,N,True
2,322,122,16,N,True
2,271,122,16,N,True
2,272,122,16,N,True
2,304,122,16,N,True
2,274,122,16,N,True
2,141,122,16,N,True
2,67,122,16,N,True
2,21,122,16,N,True
2,277,122,16,N,True
2,232,122,16,N,True
2,280,122,16,N,True
2,239,122,16,N,True
2,203,122,16,N,True
2,332,122,16,N,True
2,315,122,16,N,True
2,25,122,16,N,True
2,56,122,16,N,True
2,0,122,16,N,True
2,113,122,16,N,True
2,224,122,16,N,True
2,26,122,16,N,True
2,200,122,16,N,True
2,334,165,16,N,True
2,169,165,16,N,True
2,21,165,16,N,True
2,0,165,16,N,True
2,113,165,16,N,True
2,200,165,16,N,True
2,169,9,16,N,True
2,329,9,16,N,True
2,322,9,16,N,True
2,271,9,16,N,True
2,272,9,16,N,True
2,304,9,16,N,True
2,141,9,16,N,True
2,67,9,16,N,True
2,21,9,16,N,True
2,277,9,16,N,True
2,232,9,16,N,True
2,199,9,16,N,True
2,280,9,16,N,True
2,203,9,16,N,True
2,315,9,16,N,True
2,25,9,16,N,True
2,334,9,16,N,True
2,258,9,16,N,True
2,56,9,16,N,True
2,0,9,16,N,True
2,113,9,16,N,True
2,224,9,16,N,True
2,26,9,16,N,True
2,133,9,16,N,True
2,200,9,16,N,True
2,172,128,16,N,True
2,203,128,16,N,True
2,169,128,16,N,True
2,334,128,16,N,True
2,315,128,16,N,True
2,67,128,16,N,True
2,56,128,16,N,True
2,0,128,16,N,True
2,213,128,16,N,True
2,322,128,16,N,True
2,265,128,16,N,True
2,271,128,16,N,True
2,199,128,16,N,True
2,26,128,16,N,True
2,169,121,16,N,True
2,315,121,16,N,True
2,21,121,16,N,True
2,0,121,16,N,True
2,113,121,16,N,True
2,280,121,16,N,True
2,169,252,16,N,True
2,322,252,16,N,True
2,271,252,16,N,True
2,272,252,16,N,True
2,304,252,16,N,True
2,172,252,16,N,True
2,67,252,16,N,True
2,21,252,16,N,True
2,265,252,16,N,True
2,277,252,16,N,True
2,199,252,16,N,True
2,280,252,16,N,True
2,239,252,16,N,True
2,332,252,16,N,True
2,315,252,16,N,True
2,25,252,16,N,True
2,334,252,16,N,True
2,56,252,16,N,True
2,0,252,16,N,True
2,113,252,16,N,True
2,212,252,16,N,True
2,26,252,16,N,True
2,200,252,16,N,True
2,169,bot0__5,16,N,True
2,329,130,16,N,True
2,0,130,16,N,True
2,213,130,16,N,True
2,322,130,16,N,True
2,277,130,16,N,True
2,25,130,16,N,True
2,203,324,16,N,True
2,329,324,16,N,True
2,332,324,16,N,True
2,315,324,16,N,True
2,67,324,16,N,True
2,0,324,16,N,True
2,213,324,16,N,True
2,277,324,16,N,True
2,224,324,16,N,True
2,199,324,16,N,True
2,200,324,16,N,True
2,304,324,16,N,True
2,329,184,16,N,True
2,272,184,16,N,True
2,0,184,16,N,True
2,21,184,16,N,True
2,329,269,16,N,True
2,0,269,16,N,True
2,239,119,16,N,True
2,203,119,16,N,True
2,329,119,16,N,True
2,332,119,16,N,True
2,56,119,16,N,True
2,67,119,16,N,True
2,132,119,16,N,True
2,21,119,16,N,True
2,0,119,16,N,True
2,113,119,16,N,True
2,277,119,16,N,True
2,271,119,16,N,True
2,199,119,16,N,True
2,26,119,16,N,True
2,280,119,16,N,True
2,200,119,16,N,True
2,25,119,16,N,True
2,329,150,16,N,True
2,0,150,16,N,True
2,329,54,16,N,True
2,0,54,16,N,True
2,213,204,16,N,True
2,277,204,16,N,True
2,329,204,16,N,True
2,0,204,16,N,True
2,172,16,16,N,True
2,329,16,16,N,True
2,332,16,16,N,True
2,0,16,16,N,True
2,329,27,16,N,True
2,0,27,16,N,True
2,172,308,16,N,True
2,203,308,16,N,True
2,329,308,16,N,True
2,334,308,16,N,True
2,67,308,16,N,True
2,21,308,16,N,True
2,0,308,16,N,True
2,213,308,16,N,True
2,322,308,16,N,True
2,277,308,16,N,True
2,26,308,16,N,True
2,304,308,16,N,True
2,329,202,16,N,True
2,0,202,16,N,True
2,329,178,16,N,True
2,0,178,16,N,True
2,213,178,16,N,True
2,322,178,16,N,True
2,272,178,16,N,True
2,329,284,16,N,True
2,21,284,16,N,True
2,0,284,16,N,True
2,239,186,16,N,True
2,203,186,16,N,True
2,56,186,16,N,True
2,67,186,16,N,True
2,21,186,16,N,True
2,0,186,16,N,True
2,113,186,16,N,True
2,213,186,16,N,True
2,322,186,16,N,True
2,277,186,16,N,True
2,271,186,16,N,True
2,272,186,16,N,True
2,199,186,16,N,True
2,26,186,16,N,True
2,200,186,16,N,True
2,25,186,16,N,True
2,213,57,16,N,True
2,277,57,16,N,True
2,0,57,16,N,True
2,213,340,16,N,True
2,0,340,16,N,True
2,213,87,16,N,True
2,322,87,16,N,True
2,315,87,16,N,True
2,0,87,16,N,True
2,315,246,16,N,True
2,0,246,16,N,True
2,213,246,16,N,True
2,322,246,16,N,True
2,304,246,16,N,True
2,25,246,16,N,True
2,315,345,16,N,True
2,67,345,16,N,True
2,21,345,16,N,True
2,0,345,16,N,True
2,213,345,16,N,True
2,322,345,16,N,True
2,332,53,16,N,True
2,315,53,16,N,True
2,0,53,16,N,True
2,213,53,16,N,True
2,322,53,16,N,True
2,203,161,16,N,True
2,258,161,16,N,True
2,56,161,16,N,True
2,67,161,16,N,True
2,21,161,16,N,True
2,0,161,16,N,True
2,213,161,16,N,True
2,322,161,16,N,True
2,277,161,16,N,True
2,271,161,16,N,True
2,199,161,16,N,True
2,26,161,16,N,True
2,304,161,16,N,True
2,213,80,16,N,True
2,315,80,16,N,True
2,0,80,16,N,True
2,132,242,16,N,True
2,0,242,16,N,True
2,213,242,16,N,True
2,322,242,16,N,True
2,158,242,16,N,True
2,239,303,16,N,True
2,315,303,16,N,True
2,67,303,16,N,True
2,132,303,16,N,True
2,56,303,16,N,True
2,0,303,16,N,True
2,213,303,16,N,True
2,322,303,16,N,True
2,213,bot0__6,16,N,True
2,132,45,16,N,True
2,67,45,16,N,True
2,0,45,16,N,True
2,322,45,16,N,True
2,200,45,16,N,True
2,239,60,16,N,True
2,56,60,16,N,True
2,0,60,16,N,True
2,322,60,16,N,True
2,158,60,16,N,True
2,315,1,16,N,True
2,0,1,16,N,True
2,322,1,16,N,True
2,280,1,16,N,True
2,133,1,16,N,True
2,258,85,16,N,True
2,0,85,16,N,True
2,322,85,16,N,True
2,271,85,16,N,True
2,272,85,16,N,True
2,274,85,16,N,True
2,239,323,16,N,True
2,332,323,16,N,True
2,258,323,16,N,True
2,315,323,16,N,True
2,67,323,16,N,True
2,56,323,16,N,True
2,21,323,16,N,True
2,0,323,16,N,True
2,322,323,16,N,True
2,277,323,16,N,True
2,271,323,16,N,True
2,25,323,16,N,True
2,26,323,16,N,True
2,280,323,16,N,True
2,200,323,16,N,True
2,274,323,16,N,True
2,141,323,16,N,True
2,203,341,16,N,True
2,274,341,16,N,True
2,56,341,16,N,True
2,0,341,16,N,True
2,322,341,16,N,True
2,304,341,16,N,True
2,172,118,16,N,True
2,239,118,16,N,True
2,203,118,16,N,True
2,56,118,16,N,True
2,67,118,16,N,True
2,0,118,16,N,True
2,322,118,16,N,True
2,265,118,16,N,True
2,277,118,16,N,True
2,271,118,16,N,True
2,199,118,16,N,True
2,26,118,16,N,True
2,200,118,16,N,True
2,304,118,16,N,True
2,203,297,16,N,True
2,56,297,16,N,True
2,67,297,16,N,True
2,21,297,16,N,True
2,0,297,16,N,True
2,322,297,16,N,True
2,271,297,16,N,True
2,272,297,16,N,True
2,26,297,16,N,True
2,280,297,16,N,True
2,200,297,16,N,True
2,25,297,16,N,True
2,239,62,16,N,True
2,56,62,16,N,True
2,67,62,16,N,True
2,0,62,16,N,True
2,224,62,16,N,True
2,322,62,16,N,True
2,199,62,16,N,True
2,26,62,16,N,True
2,133,62,16,N,True
2,200,62,16,N,True
2,141,62,16,N,True
2,274,75,16,N,True
2,258,75,16,N,True
2,56,75,16,N,True
2,67,75,16,N,True
2,0,75,16,N,True
2,322,75,16,N,True
2,272,75,16,N,True
2,200,75,16,N,True
2,304,75,16,N,True
2,322,250,16,N,True
2,0,250,16,N,True
2,239,170,16,N,True
2,203,170,16,N,True
2,334,170,16,N,True
2,274,170,16,N,True
2,332,170,16,N,True
2,315,170,16,N,True
2,67,170,16,N,True
2,56,170,16,N,True
2,21,170,16,N,True
2,0,170,16,N,True
2,322,170,16,N,True
2,277,170,16,N,True
2,271,170,16,N,True
2,26,170,16,N,True
2,200,170,16,N,True
2,304,170,16,N,True
2,25,170,16,N,True
2,322,260,16,N,True
2,0,260,16,N,True
2,322,188,16,N,True
2,271,188,16,N,True
2,272,188,16,N,True
2,274,188,16,N,True
2,304,188,16,N,True
2,67,188,16,N,True
2,21,188,16,N,True
2,277,188,16,N,True
2,280,188,16,N,True
2,239,188,16,N,True
2,315,188,16,N,True
2,25,188,16,N,True
2,334,188,16,N,True
2,258,188,16,N,True
2,56,188,16,N,True
2,0,188,16,N,True
2,113,188,16,N,True
2,224,188,16,N,True
2,26,188,16,N,True
2,133,188,16,N,True
2,200,188,16,N,True
2,271,98,16,N,True
2,272,98,16,N,True
2,304,98,16,N,True
2,141,98,16,N,True
2,172,98,16,N,True
2,67,98,16,N,True
2,21,98,16,N,True
2,265,98,16,N,True
2,277,98,16,N,True
2,199,98,16,N,True
2,280,98,16,N,True
2,239,98,16,N,True
2,203,98,16,N,True
2,332,98,16,N,True
2,315,98,16,N,True
2,25,98,16,N,True
2,258,98,16,N,True
2,56,98,16,N,True
2,0,98,16,N,True
2,113,98,16,N,True
2,26,98,16,N,True
2,200,98,16,N,True
2,67,79,16,N,True
2,0,79,16,N,True
2,271,79,16,N,True
2,272,79,16,N,True
2,26,79,16,N,True
2,200,79,16,N,True
2,25,79,16,N,True
2,172,331,16,N,True
2,203,331,16,N,True
2,332,331,16,N,True
2,56,331,16,N,True
2,0,331,16,N,True
2,265,331,16,N,True
2,271,331,16,N,True
2,25,331,16,N,True
2,172,313,16,N,True
2,239,313,16,N,True
2,203,313,16,N,True
2,315,313,16,N,True
2,67,313,16,N,True
2,56,313,16,N,True
2,21,313,16,N,True
2,0,313,16,N,True
2,113,313,16,N,True
2,265,313,16,N,True
2,271,313,16,N,True
2,199,313,16,N,True
2,26,313,16,N,True
2,172,211,16,N,True
2,239,211,16,N,True
2,203,211,16,N,True
2,315,211,16,N,True
2,56,211,16,N,True
2,0,211,16,N,True
2,265,211,16,N,True
2,271,211,16,N,True
2,272,211,16,N,True
2,199,211,16,N,True
2,304,211,16,N,True
2,172,13,16,N,True
2,239,13,16,N,True
2,332,13,16,N,True
2,56,13,16,N,True
2,67,13,16,N,True
2,21,13,16,N,True
2,0,13,16,N,True
2,265,13,16,N,True
2,277,13,16,N,True
2,271,13,16,N,True
2,199,13,16,N,True
2,26,13,16,N,True
2,304,13,16,N,True
2,172,268,16,N,True
2,203,268,16,N,True
2,271,268,16,N,True
2,0,268,16,N,True
2,271,314,16,N,True
2,199,314,16,N,True
2,0,314,16,N,True
2,0,148,16,N,True
2,113,148,16,N,True
2,224,148,16,N,True
2,271,148,16,N,True
2,272,148,16,N,True
2,25,148,16,N,True
2,172,238,16,N,True
2,239,238,16,N,True
2,203,238,16,N,True
2,56,238,16,N,True
2,0,238,16,N,True
2,265,238,16,N,True
2,271,238,16,N,True
2,199,238,16,N,True
2,272,346,16,N,True
2,0,346,16,N,True
2,315,105,16,N,True
2,21,105,16,N,True
2,0,105,16,N,True
2,277,105,16,N,True
2,272,105,16,N,True
2,280,105,16,N,True
2,25,105,16,N,True
2,272,108,16,N,True
2,0,108,16,N,True
2,21,108,16,N,True
2,272,281,16,N,True
2,0,281,16,N,True
2,21,281,16,N,True
2,67,156,16,N,True
2,258,156,16,N,True
2,272,156,16,N,True
2,0,156,16,N,True
2,277,168,16,N,True
2,304,168,16,N,True
2,0,168,16,N,True
2,158,168,16,N,True
2,67,69,16,N,True
2,0,69,16,N,True
2,26,69,16,N,True
2,304,69,16,N,True
2,25,69,16,N,True
2,203,134,16,N,True
2,334,134,16,N,True
2,56,134,16,N,True
2,67,134,16,N,True
2,132,134,16,N,True
2,21,134,16,N,True
2,0,134,16,N,True
2,113,134,16,N,True
2,277,134,16,N,True
2,199,134,16,N,True
2,26,134,16,N,True
2,304,134,16,N,True
2,239,66,16,N,True
2,334,66,16,N,True
2,56,66,16,N,True
2,67,66,16,N,True
2,21,66,16,N,True
2,0,66,16,N,True
2,113,66,16,N,True
2,26,66,16,N,True
2,304,66,16,N,True
2,304,347,16,N,True
2,0,347,16,N,True
2,0,84,16,N,True
2,224,84,16,N,True
2,265,84,16,N,True
2,304,84,16,N,True
2,25,84,16,N,True
2,67,31,16,N,True
2,21,31,16,N,True
2,0,31,16,N,True
2,277,31,16,N,True
2,280,31,16,N,True
2,200,31,16,N,True
2,304,31,16,N,True
2,25,31,16,N,True
2,304,bot0__7,16,N,True
2,277,22,16,N,True
2,0,22,16,N,True
2,158,22,16,N,True
2,67,196,16,N,True
2,0,196,16,N,True
2,239,55,16,N,True
2,203,55,16,N,True
2,56,55,16,N,True
2,67,55,16,N,True
2,21,55,16,N,True
2,0,55,16,N,True
2,277,55,16,N,True
2,26,55,16,N,True
2,200,55,16,N,True
2,21,235,16,N,True
2,0,235,16,N,True
2,21,251,16,N,True
2,0,251,16,N,True
2,265,311,16,N,True
2,132,311,16,N,True
2,0,311,16,N,True
2,277,311,16,N,True
2,277,175,16,N,True
2,19,175,16,N,True
2,0,175,16,N,True
2,277,120,16,N,True
2,0,120,16,N,True
2,277,208,16,N,True
2,332,208,16,N,True
2,0,208,16,N,True
2,277,294,16,N,True
2,0,294,16,N,True
2,280,153,16,N,True
2,0,153,16,N,True
2,280,117,16,N,True
2,0,117,16,N,True
2,239,295,16,N,True
2,258,295,16,N,True
2,0,295,16,N,True
2,212,295,16,N,True
2,26,295,16,N,True
2,239,234,16,N,True
2,0,234,16,N,True
2,239,338,16,N,True
2,203,338,16,N,True
2,0,338,16,N,True
2,203,270,16,N,True
2,0,270,16,N,True
2,25,270,16,N,True
2,203,65,16,N,True
2,0,65,16,N,True
2,25,65,16,N,True
2,307,71,16,N,True
2,0,71,16,N,True
2,307,230,16,N,True
2,0,230,16,N,True
2,315,302,16,N,True
2,0,302,16,N,True
2,0,83,16,N,True
2,25,83,16,N,True
2,0,336,16,N,True
2,25,336,16,N,True
2,0,51,16,N,True
2,25,51,16,N,True
2,0,283,16,N,True
2,25,283,16,N,True
2,0,73,16,N,True
2,25,73,16,N,True
2,334,229,16,N,True
2,0,229,16,N,True
2,56,bot0__2,16,N,True
2,0,46,16,N,True
2,0,254,16,N,True
2,0,194,16,N,True
2,0,23,16,N,True
2,0,116,16,N,True
2,0,36,16,N,True
2,0,275,16,N,True
2,0,273,16,N,True
2,0,28,16,N,True
2,19,214,16,N,True
2,0,214,16,N,True
2,0,20,16,N,True
2,0,333,16,N,True
2,0,78,16,N,True
2,0,139,16,N,True
2,0,64,16,N,True
2,0,144,16,N,True
2,0,226,16,N,True
2,0,146,16,N,True
2,0,300,16,N,True
2,0,149,16,N,True
2,19,17,16,N,True
2,0,17,16,N,True
2,0,187,16,N,True
2,0,49,16,N,True
2,0,140,16,N,True
2,0,137,16,N,True
2,19,343,16,N,True
2,0,343,16,N,True
2,19,115,16,N,True
2,0,115,16,N,True
2,0,171,16,N,True
2,0,14,16,N,True
2,0,310,16,N,True
2,0,32,16,N,True
2,0,92,16,N,True
2,0,266,16,N,True
2,0,309,16,N,True
2,0,330,16,N,True
2,0,228,16,N,True
2,0,81,16,N,True
2,0,42,16,N,True
2,0,2,16,N,True
2,0,263,16,N,True
2,0,279,16,N,True
2,0,218,16,N,True
2,0,192,16,N,True
2,0,243,16,N,True
2,0,195,16,N,True
2,0,181,16,N,True
2,0,8,16,N,True
2,0,245,16,N,True
2,0,129,16,N,True
2,0,328,16,N,True
2,0,101,16,N,True
2,0,99,16,N,True
2,0,102,16,N,True
2,0,163,16,N,True
2,0,173,16,N,True
2,0,306,16,N,True
2,0,177,16,N,True
2,0,180,16,N,True
2,0,259,16,N,True
2,0,58,16,N,True
2,0,167,16,N,True
2,0,91,16,N,True
2,0,61,16,N,True
2,0,93,16,N,True
2,19,41,16,N,True
2,0,41,16,N,True
2,0,6,16,N,True
2,19,89,16,N,True
2,0,89,16,N,True
2,0,107,16,N,True
2,0,301,16,N,True
2,0,337,16,N,True
2,0,100,16,N,True
2,0,110,16,N,True
2,0,264,16,N,True
2,0,225,16,N,True
2,0,86,16,N,True
2,0,201,16,N,True
2,19,289,16,N,True
2,0,289,16,N,True
2,0,160,16,N,True
2,0,321,16,N,True
2,0,68,16,N,True
2,0,131,16,N,True
2,0,262,16,N,True
2,0,44,16,N,True
2,0,193,16,N,True
2,0,97,16,N,True
2,0,124,16,N,True
2,19,112,16,N,True
2,0,112,16,N,True
2,0,179,16,N,True
2,0,216,16,N,True
2,0,151,16,N,True
2,0,145,16,N,True
2,0,157,16,N,True
2,0,4,16,N,True
2,0,327,16,N,True
2,0,95,16,N,True
2,0,190,16,N,True
2,0,282,16,N,True
2,0,233,16,N,True
2,0,166,16,N,True
2,0,155,16,N,True
2,0,191,16,N,True
2,0,147,16,N,True
2,0,206,16,N,True
2,0,164,16,N,True
2,0,240,16,N,True
2,0,219,16,N,True
2,0,305,16,N,True
2,0,154,16,N,True
2,0,198,16,N,True
2,0,182,16,N,True
2,0,241,16,N,True
2,0,253,16,N,True
2,0,267,16,N,True
2,0,316,16,N,True
2,0,205,16,N,True
2,0,47,16,N,True
2,133,183,16,N,True
2,0,183,16,N,True
2,0,52,16,N,True
2,0,34,16,N,True
2,0,35,16,N,True
2,133,bot0__1,16,N,True
2,49,192,17,N,True
2,0,192,17,N,True
2,49,241,17,N,True
2,0,241,17,N,True
2,0,186,17,N,True
2,0,122,17,N,True
2,0,24,17,N,True
2,0,346,17,N,True
2,0,304,17,N,True
2,0,9,17,N,True
2,0,130,17,N,True
2,0,329,17,N,True
2,0,204,17,N,True
2,0,252,17,N,True
2,0,65,17,N,True
2,0,280,17,N,True
2,0,272,17,N,True
2,0,211,17,N,True
2,0,199,17,N,True
2,0,84,17,N,True
2,0,172,17,N,True
2,0,322,17,N,True
2,0,53,17,N,True
2,0,3,17,N,True
2,0,170,17,N,True
2,0,56,17,N,True
2,0,254,17,N,True
2,0,194,17,N,True
2,0,117,17,N,True
2,0,135,17,N,True
2,0,103,17,N,True
2,0,188,17,N,True
2,23,116,17,N,True
2,0,116,17,N,True
2,0,73,17,N,True
2,0,315,17,N,True
2,0,119,17,N,True
2,0,323,17,N,True
2,0,98,17,N,True
2,0,313,17,N,True
2,0,63,17,N,True
2,0,344,17,N,True
2,0,67,17,N,True
2,0,118,17,N,True
2,0,325,17,N,True
2,0,134,17,N,True
2,0,76,17,N,True
2,0,36,17,N,True
2,0,223,17,N,True
2,0,88,17,N,True
2,0,108,17,N,True
2,0,197,17,N,True
2,0,275,17,N,True
2,0,273,17,N,True
2,23,83,17,N,True
2,0,83,17,N,True
2,0,312,17,N,True
2,0,242,17,N,True
2,0,307,17,N,True
2,0,71,17,N,True
2,0,333,17,N,True
2,0,168,17,N,True
2,0,341,17,N,True
2,0,128,17,N,True
2,0,334,17,N,True
2,0,238,17,N,True
2,0,141,17,N,True
2,0,78,17,N,True
2,0,345,17,N,True
2,0,317,17,N,True
2,0,302,17,N,True
2,0,27,17,N,True
2,0,54,17,N,True
2,0,109,17,N,True
2,0,142,17,N,True
2,0,203,17,N,True
2,0,105,17,N,True
2,0,64,17,N,True
2,0,217,17,N,True
2,0,248,17,N,True
2,0,126,17,N,True
2,0,224,17,N,True
2,0,261,17,N,True
2,0,283,17,N,True
2,23,144,17,N,True
2,0,144,17,N,True
2,0,25,17,N,True
2,0,342,17,N,True
2,0,146,17,N,True
2,0,300,17,N,True
2,0,94,17,N,True
2,0,1,17,N,True
2,0,184,17,N,True
2,0,159,17,N,True
2,0,149,17,N,True
2,0,13,17,N,True
2,0,59,17,N,True
2,0,17,17,N,True
2,0,326,17,N,True
2,0,187,17,N,True
2,0,161,17,N,True
2,0,136,17,N,True
2,0,7,17,N,True
2,0,320,17,N,True
2,0,246,17,N,True
2,0,123,17,N,True
2,0,140,17,N,True
2,0,343,17,N,True
2,0,115,17,N,True
2,0,297,17,N,True
2,0,185,17,N,True
2,0,104,17,N,True
2,0,324,17,N,True
2,0,171,17,N,True
2,0,111,17,N,True
2,0,14,17,N,True
2,0,310,17,N,True
2,0,32,17,N,True
2,0,30,17,N,True
2,0,222,17,N,True
2,0,125,17,N,True
2,0,266,17,N,True
2,0,212,17,N,True
2,0,340,17,N,True
2,0,309,17,N,True
2,0,330,17,N,True
2,0,70,17,N,True
2,0,16,17,N,True
2,0,249,17,N,True
2,0,251,17,N,True
2,0,10,17,N,True
2,0,55,17,N,True
2,0,113,17,N,True
2,0,257,17,N,True
2,0,196,17,N,True
2,0,303,17,N,True
2,0,286,17,N,True
2,0,174,17,N,True
2,0,33,17,N,True
2,0,42,17,N,True
2,0,281,17,N,True
2,0,279,17,N,True
2,23,51,17,N,True
2,0,51,17,N,True
2,0,338,17,N,True
2,0,162,17,N,True
2,0,75,17,N,True
2,0,218,17,N,True
2,0,314,17,N,True
2,0,5,17,N,True
2,0,178,17,N,True
2,0,195,17,N,True
2,0,181,17,N,True
2,23,245,17,N,True
2,0,245,17,N,True
2,0,129,17,N,True
2,0,150,17,N,True
2,0,101,17,N,True
2,0,318,17,N,True
2,0,163,17,N,True
2,0,165,17,N,True
2,0,121,17,N,True
2,0,306,17,N,True
2,0,180,17,N,True
2,0,87,17,N,True
2,0,60,17,N,True
2,0,45,17,N,True
2,0,269,17,N,True
2,0,96,17,N,True
2,0,91,17,N,True
2,23,61,17,N,True
2,0,61,17,N,True
2,0,93,17,N,True
2,0,107,17,N,True
2,0,79,17,N,True
2,0,208,17,N,True
2,0,132,17,N,True
2,0,221,17,N,True
2,0,301,17,N,True
2,0,250,17,N,True
2,0,100,17,N,True
2,0,110,17,N,True
2,0,264,17,N,True
2,0,148,17,N,True
2,0,295,17,N,True
2,0,201,17,N,True
2,0,289,17,N,True
2,0,260,17,N,True
2,0,160,17,N,True
2,0,298,17,N,True
2,0,262,17,N,True
2,0,220,17,N,True
2,0,44,17,N,True
2,0,50,17,N,True
2,0,193,17,N,True
2,0,97,17,N,True
2,0,112,17,N,True
2,0,90,17,N,True
2,0,179,17,N,True
2,0,216,17,N,True
2,0,151,17,N,True
2,0,157,17,N,True
2,0,4,17,N,True
2,0,95,17,N,True
2,0,282,17,N,True
2,0,244,17,N,True
2,0,319,17,N,True
2,0,233,17,N,True
2,0,256,17,N,True
2,0,202,17,N,True
2,0,138,17,N,True
2,0,164,17,N,True
2,23,240,17,N,True
2,0,240,17,N,True
2,0,219,17,N,True
2,0,153,17,N,True
2,0,154,17,N,True
2,0,198,17,N,True
2,0,336,17,N,True
2,0,253,17,N,True
2,23,267,17,N,True
2,0,267,17,N,True
2,0,205,17,N,True
2,0,47,17,N,True
2,0,52,17,N,True
2,0,34,17,N,True
2,143,35,17,N,True
2,0,35,17,N,True
2,329,130,18,N,True
2,0,130,18,N,True
2,329,324,18,N,True
2,0,324,18,N,True
2,329,332,18,N,True
2,0,332,18,N,True
2,329,184,18,N,True
2,0,184,18,N,True
2,329,269,18,N,True
2,0,269,18,N,True
2,329,119,18,N,True
2,0,119,18,N,True
2,329,272,18,N,True
2,0,272,18,N,True
2,329,150,18,N,True
2,0,150,18,N,True
2,329,54,18,N,True
2,0,54,18,N,True
2,329,106,18,N,True
2,0,106,18,N,True
2,329,30,18,N,True
2,0,30,18,N,True
2,329,204,18,N,True
2,0,204,18,N,True
2,329,315,18,N,True
2,0,315,18,N,True
2,329,322,18,N,True
2,0,322,18,N,True
2,329,16,18,N,True
2,0,16,18,N,True
2,329,27,18,N,True
2,0,27,18,N,True
2,329,9,18,N,True
2,0,9,18,N,True
2,329,320,18,N,True
2,0,320,18,N,True
2,329,178,18,N,True
2,0,178,18,N,True
2,329,284,18,N,True
2,0,284,18,N,True
2,329,280,18,N,True
2,0,280,18,N,True
2,329,231,18,N,True
2,0,231,18,N,True
2,0,236,18,N,True
2,bot0__4,186,18,N,True
2,0,186,18,N,True
2,0,122,18,N,True
2,0,285,18,N,True
2,0,24,18,N,True
2,0,271,18,N,True
2,0,304,18,N,True
2,0,176,18,N,True
2,0,213,18,N,True
2,0,252,18,N,True
2,0,82,18,N,True
2,0,65,18,N,True
2,0,276,18,N,True
2,0,211,18,N,True
2,0,84,18,N,True
2,0,133,18,N,True
2,0,62,18,N,True
2,0,53,18,N,True
2,0,170,18,N,True
2,0,175,18,N,True
2,0,46,18,N,True
2,0,56,18,N,True
2,0,254,18,N,True
2,0,117,18,N,True
2,0,127,18,N,True
2,0,135,18,N,True
2,0,103,18,N,True
2,0,116,18,N,True
2,0,299,18,N,True
2,0,200,18,N,True
2,0,98,18,N,True
2,0,63,18,N,True
2,0,344,18,N,True
2,0,118,18,N,True
2,0,277,18,N,True
2,0,134,18,N,True
2,0,270,18,N,True
2,0,36,18,N,True
2,0,223,18,N,True
2,0,88,18,N,True
2,0,21,18,N,True
2,0,339,18,N,True
2,0,108,18,N,True
2,0,273,18,N,True
2,0,83,18,N,True
2,0,28,18,N,True
2,0,312,18,N,True
2,0,242,18,N,True
2,0,20,18,N,True
2,0,307,18,N,True
2,0,71,18,N,True
2,0,333,18,N,True
2,0,207,18,N,True
2,0,168,18,N,True
2,0,128,18,N,True
2,0,238,18,N,True
2,0,265,18,N,True
2,0,141,18,N,True
2,0,345,18,N,True
2,0,158,18,N,True
2,0,38,18,N,True
2,0,302,18,N,True
2,0,139,18,N,True
2,0,109,18,N,True
2,0,142,18,N,True
2,0,105,18,N,True
2,0,232,18,N,True
2,0,217,18,N,True
2,0,248,18,N,True
2,0,126,18,N,True
2,0,261,18,N,True
2,0,283,18,N,True
2,0,144,18,N,True
2,0,226,18,N,True
2,0,290,18,N,True
2,0,25,18,N,True
2,0,342,18,N,True
2,0,300,18,N,True
2,0,94,18,N,True
2,0,1,18,N,True
2,0,159,18,N,True
2,0,149,18,N,True
2,0,13,18,N,True
2,0,326,18,N,True
2,173,80,18,N,True
2,0,80,18,N,True
2,0,161,18,N,True
2,0,66,18,N,True
2,0,31,18,N,True
2,0,136,18,N,True
2,0,7,18,N,True
2,0,255,18,N,True
2,0,49,18,N,True
2,0,85,18,N,True
2,0,246,18,N,True
2,0,123,18,N,True
2,0,137,18,N,True
2,0,343,18,N,True
2,0,115,18,N,True
2,0,297,18,N,True
2,0,104,18,N,True
2,0,111,18,N,True
2,0,14,18,N,True
2,0,32,18,N,True
2,0,222,18,N,True
2,0,125,18,N,True
2,0,266,18,N,True
2,0,212,18,N,True
2,0,278,18,N,True
2,0,340,18,N,True
2,0,237,18,N,True
2,0,311,18,N,True
2,0,309,18,N,True
2,0,230,18,N,True
2,0,251,18,N,True
2,0,10,18,N,True
2,0,55,18,N,True
2,0,228,18,N,True
2,0,69,18,N,True
2,0,113,18,N,True
2,0,258,18,N,True
2,0,257,18,N,True
2,0,196,18,N,True
2,0,156,18,N,True
2,0,303,18,N,True
2,0,286,18,N,True
2,0,293,18,N,True
2,0,347,18,N,True
2,0,2,18,N,True
2,0,281,18,N,True
2,0,263,18,N,True
2,0,279,18,N,True
2,0,51,18,N,True
2,0,162,18,N,True
2,0,218,18,N,True
2,0,268,18,N,True
2,0,314,18,N,True
2,0,5,18,N,True
2,0,192,18,N,True
2,0,181,18,N,True
2,0,8,18,N,True
2,0,245,18,N,True
2,0,328,18,N,True
2,0,331,18,N,True
2,0,101,18,N,True
2,0,99,18,N,True
2,0,102,18,N,True
2,0,318,18,N,True
2,173,163,18,N,True
2,0,163,18,N,True
2,0,165,18,N,True
2,0,121,18,N,True
2,0,306,18,N,True
2,0,177,18,N,True
2,0,180,18,N,True
2,0,87,18,N,True
2,0,60,18,N,True
2,0,259,18,N,True
2,0,45,18,N,True
2,0,58,18,N,True
2,0,167,18,N,True
2,0,227,18,N,True
2,0,96,18,N,True
2,0,91,18,N,True
2,0,143,18,N,True
2,0,61,18,N,True
2,0,93,18,N,True
2,0,41,18,N,True
2,0,235,18,N,True
2,0,6,18,N,True
2,0,107,18,N,True
2,0,79,18,N,True
2,0,208,18,N,True
2,0,132,18,N,True
2,0,301,18,N,True
2,0,29,18,N,True
2,0,100,18,N,True
2,0,264,18,N,True
2,0,225,18,N,True
2,0,86,18,N,True
2,0,148,18,N,True
2,0,295,18,N,True
2,0,321,18,N,True
2,0,68,18,N,True
2,0,131,18,N,True
2,0,22,18,N,True
2,0,298,18,N,True
2,0,262,18,N,True
2,0,220,18,N,True
2,0,234,18,N,True
2,0,44,18,N,True
2,0,97,18,N,True
2,0,124,18,N,True
2,0,90,18,N,True
2,0,151,18,N,True
2,0,157,18,N,True
2,0,4,18,N,True
2,0,327,18,N,True
2,0,95,18,N,True
2,0,120,18,N,True
2,0,247,18,N,True
2,0,282,18,N,True
2,0,319,18,N,True
2,0,233,18,N,True
2,0,256,18,N,True
2,0,155,18,N,True
2,0,191,18,N,True
2,0,147,18,N,True
2,0,206,18,N,True
2,0,229,18,N,True
2,0,138,18,N,True
2,0,77,18,N,True
2,0,219,18,N,True
2,0,305,18,N,True
2,0,154,18,N,True
2,0,198,18,N,True
2,0,182,18,N,True
2,0,336,18,N,True
2,0,253,18,N,True
2,0,267,18,N,True
2,bot0__0,205,18,N,True
2,0,205,18,N,True
2,bot0__0,47,18,N,True
2,0,47,18,N,True
2,0,183,18,N,True
2,0,52,18,N,True
2,173,34,18,N,True
2,0,34,18,N,True
2,0,35,18,N,True
2,5,122,19,N,True
2,5,315,19,N,True
2,302,315,19,N,True
2,121,315,19,N,True
2,94,315,19,N,True
2,5,87,19,N,True
2,5,316,19,N,True
2,5,156,19,N,True
2,196,67,19,N,True
2,121,165,19,N,True
2,121,280,19,N,True
2,121,21,19,N,True
2,121,39,19,N,True
2,121,82,19,N,True
2,121,69,19,N,True
2,242,322,19,N,True
2,260,322,19,N,True
2,242,132,19,N,True
2,242,88,19,N,True
2,299,300,19,N,True
2,94,300,19,N,True
2,94,bot0__1,19,N,True
2,260,160,19,N,True
2,260,126,19,N,True
2,260,170,19,N,True
2,299,1,19,N,True
2,194,1,19,N,True
2,299,73,19,N,True
2,204,130,19,N,True
2,204,329,19,N,True
2,204,277,19,N,True
3,322,53,0,N,False
3,54,53,0,N,False
3,315,53,0,N,False
3,332,53,0,N,False
3,284,122,0,N,False
3,332,122,0,N,False
3,315,122,0,N,False
3,119,122,0,N,False
3,322,122,0,N,False
3,280,122,0,N,False
3,9,122,0,N,False
3,172,304,0,N,False
3,332,304,0,N,False
3,315,304,0,N,False
3,322,304,0,N,False
3,40,304,0,N,False
3,280,304,0,N,False
3,9,304,0,N,False
3,308,304,0,N,False
3,322,104,0,N,False
3,332,104,0,N,False
3,280,290,0,N,False
3,322,290,0,N,False
3,332,142,0,N,False
3,315,142,0,N,False
3,322,142,0,N,False
3,40,142,0,N,False
3,280,142,0,N,False
3,9,142,0,N,False
3,308,142,0,N,False
3,172,203,0,N,False
3,332,203,0,N,False
3,315,203,0,N,False
3,119,203,0,N,False
3,322,203,0,N,False
3,40,203,0,N,False
3,9,203,0,N,False
3,308,203,0,N,False
3,322,60,0,N,False
3,291,60,0,N,False
3,315,1,0,N,False
3,119,1,0,N,False
3,322,1,0,N,False
3,54,1,0,N,False
3,280,1,0,N,False
3,322,161,0,N,False
3,9,161,0,N,False
3,308,161,0,N,False
3,322,85,0,N,False
3,9,85,0,N,False
3,322,341,0,N,False
3,9,341,0,N,False
3,172,118,0,N,False
3,322,118,0,N,False
3,16,118,0,N,False
3,322,303,0,N,False
3,315,303,0,N,False
3,280,297,0,N,False
3,322,297,0,N,False
3,119,297,0,N,False
3,9,297,0,N,False
3,322,109,0,N,False
3,119,109,0,N,False
3,332,109,0,N,False
3,172,252,0,N,False
3,332,252,0,N,False
3,291,252,0,N,False
3,72,252,0,N,False
3,315,252,0,N,False
3,119,252,0,N,False
3,322,252,0,N,False
3,280,252,0,N,False
3,9,252,0,N,False
3,308,252,0,N,False
3,322,62,0,N,False
3,284,21,0,N,False
3,332,21,0,N,False
3,315,21,0,N,False
3,119,21,0,N,False
3,322,21,0,N,False
3,40,21,0,N,False
3,280,21,0,N,False
3,197,21,0,N,False
3,9,21,0,N,False
3,308,21,0,N,False
3,332,158,0,N,False
3,315,158,0,N,False
3,322,158,0,N,False
3,40,158,0,N,False
3,291,158,0,N,False
3,280,257,0,N,False
3,322,257,0,N,False
3,315,257,0,N,False
3,40,257,0,N,False
3,322,7,0,N,False
3,315,7,0,N,False
3,291,7,0,N,False
3,308,7,0,N,False
3,332,67,0,N,False
3,72,67,0,N,False
3,315,67,0,N,False
3,119,67,0,N,False
3,322,67,0,N,False
3,40,67,0,N,False
3,280,67,0,N,False
3,9,67,0,N,False
3,308,67,0,N,False
3,322,345,0,N,False
3,315,345,0,N,False
3,322,260,0,N,False
3,172,199,0,N,False
3,291,199,0,N,False
3,72,199,0,N,False
3,315,199,0,N,False
3,119,199,0,N,False
3,322,199,0,N,False
3,40,199,0,N,False
3,231,199,0,N,False
3,9,199,0,N,False
3,280,236,0,N,False
3,322,236,0,N,False
3,315,236,0,N,False
3,172,277,0,N,False
3,332,277,0,N,False
3,291,277,0,N,False
3,315,277,0,N,False
3,119,277,0,N,False
3,322,277,0,N,False
3,40,277,0,N,False
3,280,277,0,N,False
3,9,277,0,N,False
3,308,277,0,N,False
3,322,38,0,N,False
3,332,38,0,N,False
3,332,285,0,N,False
3,315,285,0,N,False
3,119,285,0,N,False
3,322,285,0,N,False
3,9,285,0,N,False
3,172,342,0,N,False
3,322,342,0,N,False
3,119,342,0,N,False
3,9,342,0,N,False
3,315,133,0,N,False
3,322,133,0,N,False
3,40,133,0,N,False
3,280,133,0,N,False
3,9,133,0,N,False
3,332,200,0,N,False
3,72,200,0,N,False
3,119,200,0,N,False
3,322,200,0,N,False
3,40,200,0,N,False
3,280,200,0,N,False
3,9,200,0,N,False
3,172,313,0,N,False
3,315,313,0,N,False
3,54,313,0,N,False
3,119,313,0,N,False
3,40,274,0,N,False
3,172,141,0,N,False
3,291,141,0,N,False
3,72,141,0,N,False
3,40,141,0,N,False
3,280,141,0,N,False
3,9,141,0,N,False
3,172,212,0,N,False
3,40,212,0,N,False
3,72,212,0,N,False
3,172,325,0,N,False
3,119,325,0,N,False
3,40,325,0,N,False
3,40,307,0,N,False
3,119,132,0,N,False
3,315,132,0,N,False
3,40,132,0,N,False
3,72,132,0,N,False
3,291,258,0,N,False
3,40,258,0,N,False
3,9,258,0,N,False
3,80,249,0,N,False
3,315,249,0,N,False
3,163,249,0,N,False
3,284,139,0,N,False
3,320,139,0,N,False
3,197,139,0,N,False
3,284,36,0,N,False
3,320,36,0,N,False
3,197,36,0,N,False
3,284,309,0,N,False
3,320,309,0,N,False
3,197,309,0,N,False
3,284,108,0,N,False
3,320,108,0,N,False
3,197,108,0,N,False
3,80,300,0,N,False
3,320,300,0,N,False
3,284,281,0,N,False
3,320,281,0,N,False
3,197,281,0,N,False
3,284,135,0,N,False
3,320,135,0,N,False
3,197,135,0,N,False
3,80,57,0,N,False
3,320,57,0,N,False
3,80,187,0,N,False
3,80,194,0,N,False
3,80,92,0,N,False
3,80,299,0,N,False
3,172,261,0,N,False
3,119,261,0,N,False
3,16,261,0,N,False
3,9,156,0,N,False
3,9,295,0,N,False
3,119,79,0,N,False
3,9,79,0,N,False
3,9,134,0,N,False
3,172,98,0,N,False
3,332,98,0,N,False
3,315,98,0,N,False
3,119,98,0,N,False
3,280,98,0,N,False
3,291,98,0,N,False
3,172,238,0,N,False
3,106,238,0,N,False
3,172,13,0,N,False
3,119,13,0,N,False
3,332,13,0,N,False
3,172,211,0,N,False
3,315,211,0,N,False
3,172,103,0,N,False
3,172,268,0,N,False
3,280,121,0,N,False
3,315,121,0,N,False
3,280,31,0,N,False
3,291,31,0,N,False
3,308,31,0,N,False
3,275,273,0,N,False
3,275,195,0,N,False
3,275,78,0,N,False
3,275,306,0,N,False
3,275,152,0,N,False
3,315,288,0,N,False
3,315,302,0,N,False
3,119,217,0,N,False
3,150,217,0,N,False
3,119,64,0,N,False
3,150,64,0,N,False
3,119,50,0,N,False
3,291,bot0__2,0,N,False
3,308,338,0,N,False
3,308,22,0,N,False
3,203,50,1,N,False
3,119,50,1,N,False
3,334,50,1,N,False
3,148,50,1,N,False
3,172,13,1,N,False
3,118,13,1,N,False
3,332,13,1,N,False
3,56,13,1,N,False
3,67,13,1,N,False
3,119,13,1,N,False
3,65,13,1,N,False
3,223,13,1,N,False
3,342,13,1,N,False
3,304,13,1,N,False
3,98,13,1,N,False
3,148,13,1,N,False
3,334,229,1,N,False
3,119,229,1,N,False
3,148,229,1,N,False
3,334,123,1,N,False
3,104,123,1,N,False
3,67,123,1,N,False
3,98,123,1,N,False
3,342,123,1,N,False
3,200,123,1,N,False
3,318,123,1,N,False
3,172,211,1,N,False
3,118,211,1,N,False
3,203,211,1,N,False
3,170,211,1,N,False
3,56,211,1,N,False
3,223,211,1,N,False
3,342,211,1,N,False
3,304,211,1,N,False
3,98,211,1,N,False
3,285,211,1,N,False
3,304,bot0__7,1,N,False
3,342,bot0__7,1,N,False
3,332,10,1,N,False
3,67,10,1,N,False
3,200,10,1,N,False
3,291,10,1,N,False
3,285,10,1,N,False
3,260,160,1,N,False
3,36,bot0__5,1,N,False
3,3,228,1,N,False
3,203,338,1,N,False
3,231,106,1,N,False
3,332,106,1,N,False
3,170,124,1,N,False
3,119,125,1,N,False
3,136,125,1,N,False
3,119,269,1,N,False
3,119,64,1,N,False
3,119,150,1,N,False
3,119,27,1,N,False
3,119,163,1,N,False
3,341,bot0__8,1,N,False
3,161,bot0__8,1,N,False
3,176,bot0__8,1,N,False
3,341,bot0__6,1,N,False
3,136,120,1,N,False
3,56,bot0__2,1,N,False
3,291,bot0__2,1,N,False
3,56,63,1,N,False
3,342,63,1,N,False
3,272,186,5,N,False
3,272,304,5,N,False
3,272,56,5,N,False
3,272,9,5,N,False
3,272,297,5,N,False
3,272,213,5,N,False
3,272,271,5,N,False
3,272,98,5,N,False
3,272,72,5,N,False
3,272,122,5,N,False
3,272,40,5,N,False
3,272,252,5,N,False
3,272,75,5,N,False
3,272,178,5,N,False
3,272,141,5,N,False
3,159,172,5,N,False
3,bot0__2,216,6,N,False
3,169,106,6,N,False
3,29,106,6,N,False
3,169,bot0__5,6,N,False
3,48,299,6,N,False
3,302,299,6,N,False
3,1,299,6,N,False
3,53,299,6,N,False
3,249,299,6,N,False
3,53,24,6,N,False
3,302,24,6,N,False
3,249,24,6,N,False
3,53,254,6,N,False
3,302,254,6,N,False
3,249,254,6,N,False
3,53,317,6,N,False
3,132,317,6,N,False
3,48,330,6,N,False
3,53,330,6,N,False
3,302,330,6,N,False
3,249,330,6,N,False
3,53,101,6,N,False
3,302,101,6,N,False
3,249,101,6,N,False
3,53,194,6,N,False
3,302,194,6,N,False
3,249,194,6,N,False
3,1,194,6,N,False
3,53,92,6,N,False
3,302,92,6,N,False
3,249,92,6,N,False
3,1,92,6,N,False
3,270,bot0__9,6,N,False
3,240,23,6,N,False
3,5,235,6,N,False
3,48,57,6,N,False
3,302,57,6,N,False
3,249,57,6,N,False
3,280,153,6,N,False
3,48,73,6,N,False
3,1,73,6,N,False
3,25,73,6,N,False
3,30,73,6,N,False
3,bot0__4,275,6,N,False
3,bot0__4,202,6,N,False
3,150,64,6,N,False
3,25,83,6,N,False
3,25,51,6,N,False
3,25,237,6,N,False
3,324,301,6,N,False
3,133,183,6,N,False
3,133,bot0__1,6,N,False
3,133,bot0__1,7,N,False
3,94,bot0__1,7,N,False
3,202,bot0__0,7,N,False
3,186,bot0__4,7,N,False
3,202,bot0__4,7,N,False
3,36,bot0__5,7,N,False
3,22,bot0__5,7,N,False
3,8,bot0__9,7,N,False
3,bot0__2,216,8,N,False
3,169,106,8,N,False
3,29,106,8,N,False
3,88,106,8,N,False
3,231,106,8,N,False
3,238,106,8,N,False
3,169,bot0__5,8,N,False
3,172,16,8,N,False
3,118,16,8,N,False
3,29,16,8,N,False
3,261,16,8,N,False
3,82,16,8,N,False
3,94,194,8,N,False
3,53,194,8,N,False
3,242,194,8,N,False
3,94,92,8,N,False
3,53,92,8,N,False
3,242,92,8,N,False
3,213,204,8,N,False
3,94,204,8,N,False
3,53,204,8,N,False
3,242,204,8,N,False
3,242,80,8,N,False
3,315,80,8,N,False
3,94,80,8,N,False
3,88,80,8,N,False
3,213,80,8,N,False
3,94,254,8,N,False
3,53,254,8,N,False
3,242,254,8,N,False
3,94,299,8,N,False
3,53,299,8,N,False
3,242,299,8,N,False
3,94,346,8,N,False
3,53,346,8,N,False
3,272,346,8,N,False
3,242,346,8,N,False
3,94,187,8,N,False
3,242,187,8,N,False
3,94,300,8,N,False
3,133,bot0__1,8,N,False
3,94,bot0__1,8,N,False
3,88,164,8,N,False
3,324,22,8,N,False
3,168,22,8,N,False
3,7,22,8,N,False
3,87,22,8,N,False
3,185,22,8,N,False
3,308,22,8,N,False
3,213,340,8,N,False
3,324,340,8,N,False
3,7,340,8,N,False
3,53,191,8,N,False
3,53,317,8,N,False
3,132,317,8,N,False
3,272,281,8,N,False
3,272,184,8,N,False
3,83,23,8,N,False
3,51,23,8,N,False
3,280,117,8,N,False
3,231,117,8,N,False
3,265,311,8,N,False
3,132,311,8,N,False
3,325,311,8,N,False
3,344,311,8,N,False
3,222,240,8,N,False
3,bot0__4,275,8,N,False
3,324,301,8,N,False
3,283,228,8,N,False
3,133,183,8,N,False
3,304,bot0__7,9,N,False
3,342,bot0__7,9,N,False
3,69,bot0__7,9,N,False
3,341,bot0__6,9,N,False
3,313,bot0__6,9,N,False
3,341,bot0__8,9,N,False
3,176,bot0__8,9,N,False
3,133,bot0__1,9,N,False
3,56,bot0__2,9,N,False
3,291,bot0__2,9,N,False
3,202,bot0__0,9,N,False
3,47,bot0__0,9,N,False
3,186,bot0__4,9,N,False
3,202,bot0__4,9,N,False
3,64,bot0__3,9,N,False
3,36,bot0__5,9,N,False
3,64,bot0__3,10,N,True
3,244,bot0__3,10,N,True
3,205,bot0__0,10,N,True
3,202,bot0__0,10,N,True
3,275,bot0__4,10,N,True
3,202,bot0__4,10,N,True
3,36,bot0__5,10,N,True
3,22,bot0__5,10,N,True
3,237,bot0__1,10,N,True
3,94,bot0__1,10,N,True
3,64,bot0__3,11,N,True
3,244,bot0__3,11,N,True
3,290,bot0__3,11,N,True
3,133,bot0__1,11,N,True
3,94,bot0__1,11,N,True
3,237,bot0__1,11,N,True
3,202,bot0__0,11,N,True
3,47,bot0__0,11,N,True
3,22,bot0__5,11,N,True
3,169,bot0__5,11,N,True
3,341,bot0__8,11,N,True
3,161,bot0__8,11,N,True
3,201,bot0__9,12,N,True
3,270,bot0__9,12,N,True
3,8,bot0__9,12,N,True
3,304,bot0__7,12,N,True
3,342,bot0__7,12,N,True
3,213,bot0__6,12,N,True
3,341,bot0__6,12,N,True
3,313,bot0__6,12,N,True
3,341,bot0__8,12,N,True
3,161,bot0__8,12,N,True
3,176,bot0__8,12,N,True
3,244,bot0__3,12,N,True
3,290,bot0__3,12,N,True
3,133,bot0__1,12,N,True
3,94,bot0__1,12,N,True
3,205,bot0__0,12,N,True
3,202,bot0__0,12,N,True
3,47,bot0__0,12,N,True
3,186,bot0__4,12,N,True
3,202,bot0__4,12,N,True
3,36,bot0__5,12,N,True
3,169,bot0__5,12,N,True
3,216,bot0__2,12,N,True
3,56,bot0__2,12,N,True
3,341,bot0__8,13,N,True
3,161,bot0__8,13,N,True
3,176,bot0__8,13,N,True
3,133,bot0__1,13,N,True
3,94,bot0__1,13,N,True
3,291,bot0__2,13,N,True
3,205,bot0__0,13,N,True
3,202,bot0__0,13,N,True
3,47,bot0__0,13,N,True
3,201,bot0__9,13,N,True
3,8,bot0__9,13,N,True
3,277,22,14,N,True
3,185,22,14,N,True
3,172,29,14,N,True
3,203,29,14,N,True
3,211,29,14,N,True
3,231,29,14,N,True
3,252,29,14,N,True
3,172,16,14,N,True
3,261,16,14,N,True
3,315,1,14,N,True
3,119,1,14,N,True
3,346,1,14,N,True
3,236,1,14,N,True
3,280,1,14,N,True
3,133,1,14,N,True
3,39,121,14,N,True
3,315,121,14,N,True
3,21,121,14,N,True
3,236,121,14,N,True
3,69,121,14,N,True
3,280,121,14,N,True
3,165,121,14,N,True
3,280,153,14,N,True
3,280,117,14,N,True
3,231,117,14,N,True
3,285,117,14,N,True
3,203,65,14,N,True
3,261,65,14,N,True
3,13,65,14,N,True
3,252,65,14,N,True
3,25,65,14,N,True
3,203,48,14,N,True
3,119,48,14,N,True
3,320,48,14,N,True
3,30,48,14,N,True
3,203,50,14,N,True
3,334,50,14,N,True
3,119,50,14,N,True
3,277,50,14,N,True
3,109,50,14,N,True
3,148,50,14,N,True
3,334,339,14,N,True
3,103,339,14,N,True
3,136,339,14,N,True
3,315,339,14,N,True
3,119,339,14,N,True
3,260,339,14,N,True
3,277,339,14,N,True
3,31,339,14,N,True
3,291,339,14,N,True
3,148,339,14,N,True
3,103,7,14,N,True
3,136,7,14,N,True
3,315,7,14,N,True
3,213,7,14,N,True
3,31,7,14,N,True
3,291,7,14,N,True
3,281,139,14,N,True
3,127,139,14,N,True
3,159,139,14,N,True
3,184,139,14,N,True
3,320,139,14,N,True
3,197,139,14,N,True
3,281,284,14,N,True
3,108,284,14,N,True
3,127,284,14,N,True
3,159,284,14,N,True
3,184,284,14,N,True
3,21,284,14,N,True
3,320,284,14,N,True
3,122,284,14,N,True
3,197,284,14,N,True
3,119,171,14,N,True
3,119,54,14,N,True
3,334,318,14,N,True
3,104,318,14,N,True
3,119,318,14,N,True
3,261,318,14,N,True
3,236,318,14,N,True
3,123,318,14,N,True
3,119,125,14,N,True
3,136,125,14,N,True
3,277,208,14,N,True
3,119,208,14,N,True
3,291,208,14,N,True
3,285,208,14,N,True
3,119,269,14,N,True
3,119,189,14,N,True
3,128,150,14,N,True
3,119,150,14,N,True
3,119,27,14,N,True
3,119,163,14,N,True
3,119,100,14,N,True
3,119,146,14,N,True
3,136,146,14,N,True
3,285,146,14,N,True
3,148,146,14,N,True
3,281,251,14,N,True
3,108,251,14,N,True
3,127,251,14,N,True
3,184,251,14,N,True
3,21,251,14,N,True
3,320,251,14,N,True
3,122,251,14,N,True
3,197,251,14,N,True
3,281,36,14,N,True
3,108,36,14,N,True
3,127,36,14,N,True
3,184,36,14,N,True
3,320,36,14,N,True
3,197,36,14,N,True
3,108,57,14,N,True
3,184,57,14,N,True
3,346,57,14,N,True
3,213,57,14,N,True
3,277,57,14,N,True
3,320,57,14,N,True
3,341,bot0__8,14,N,True
3,176,bot0__8,14,N,True
3,261,314,14,N,True
3,109,314,14,N,True
3,236,314,14,N,True
3,342,314,14,N,True
3,342,bot0__7,14,N,True
3,69,bot0__7,14,N,True
3,290,bot0__3,14,N,True
3,133,96,14,N,True
3,224,96,14,N,True
3,213,96,14,N,True
3,133,183,14,N,True
3,133,bot0__1,14,N,True
3,231,106,14,N,True
3,238,106,14,N,True
3,132,311,14,N,True
3,325,311,14,N,True
3,277,311,14,N,True
3,265,311,14,N,True
3,248,311,14,N,True
3,344,311,14,N,True
3,31,129,14,N,True
3,291,129,14,N,True
3,213,87,14,N,True
3,315,87,14,N,True
3,136,87,14,N,True
3,291,87,14,N,True
3,277,168,14,N,True
3,31,168,14,N,True
3,291,168,14,N,True
3,213,204,14,N,True
3,196,204,14,N,True
3,346,204,14,N,True
3,277,204,14,N,True
3,213,340,14,N,True
3,136,246,14,N,True
3,315,246,14,N,True
3,213,246,14,N,True
3,223,246,14,N,True
3,25,246,14,N,True
3,285,246,14,N,True
3,315,53,14,N,True
3,346,53,14,N,True
3,260,53,14,N,True
3,213,53,14,N,True
3,248,53,14,N,True
3,196,53,14,N,True
3,213,80,14,N,True
3,315,80,14,N,True
3,346,80,14,N,True
3,320,80,14,N,True
3,257,130,14,N,True
3,346,130,14,N,True
3,213,130,14,N,True
3,277,130,14,N,True
3,25,130,14,N,True
3,213,bot0__6,14,N,True
3,341,bot0__6,14,N,True
3,315,94,14,N,True
3,346,94,14,N,True
3,320,94,14,N,True
3,25,94,14,N,True
3,281,135,14,N,True
3,127,135,14,N,True
3,184,135,14,N,True
3,320,135,14,N,True
3,197,135,14,N,True
3,346,24,14,N,True
3,196,92,14,N,True
3,346,92,14,N,True
3,196,194,14,N,True
3,346,194,14,N,True
3,346,299,14,N,True
3,346,187,14,N,True
3,196,254,14,N,True
3,346,254,14,N,True
3,196,180,14,N,True
3,346,180,14,N,True
3,196,330,14,N,True
3,346,330,14,N,True
3,196,266,14,N,True
3,346,266,14,N,True
3,31,237,14,N,True
3,25,237,14,N,True
3,31,51,14,N,True
3,25,51,14,N,True
3,31,83,14,N,True
3,25,83,14,N,True
3,222,240,14,N,True
3,25,73,14,N,True
3,30,73,14,N,True
3,260,160,14,N,True
3,260,126,14,N,True
3,260,206,14,N,True
3,277,175,14,N,True
3,277,120,14,N,True
3,136,120,14,N,True
3,277,294,14,N,True
3,239,234,14,N,True
3,132,317,14,N,True
3,315,288,14,N,True
3,25,288,14,N,True
3,25,76,14,N,True
3,25,336,14,N,True
3,25,283,14,N,True
3,231,77,14,N,True
3,285,164,14,N,True
3,186,bot0__4,14,N,True
3,bot0__2,216,14,N,True
3,201,bot0__9,15,N,True
3,270,bot0__9,15,N,True
3,341,bot0__8,15,N,True
3,161,bot0__8,15,N,True
3,176,bot0__8,15,N,True
3,64,bot0__3,15,N,True
3,290,bot0__3,15,N,True
3,36,bot0__5,15,N,True
3,169,bot0__5,15,N,True
3,22,bot0__5,15,N,True
3,237,bot0__1,15,N,True
3,201,bot0__9,16,N,True
3,270,bot0__9,16,N,True
3,8,bot0__9,16,N,True
3,205,bot0__0,16,N,True
3,202,bot0__0,16,N,True
3,47,bot0__0,16,N,True
3,186,bot0__4,16,N,True
3,275,bot0__4,16,N,True
3,202,bot0__4,16,N,True
3,64,bot0__3,16,N,True
3,341,bot0__8,16,N,True
3,161,bot0__8,16,N,True
3,304,bot0__7,17,N,True
3,342,bot0__7,17,N,True
3,341,bot0__6,17,N,True
3,313,bot0__6,17,N,True
3,205,bot0__0,17,N,True
3,202,bot0__0,17,N,True
3,47,bot0__0,17,N,True
3,201,bot0__9,17,N,True
3,64,bot0__3,17,N,True
3,244,bot0__3,17,N,True
3,186,bot0__4,17,N,True
3,275,bot0__4,17,N,True
3,202,bot0__4,17,N,True
3,36,bot0__5,17,N,True
3,94,bot0__1,17,N,True
3,216,bot0__2,17,N,True
3,56,bot0__2,17,N,True
3,341,bot0__8,17,N,True
3,161,bot0__8,17,N,True
3,270,bot0__9,18,N,True
3,8,bot0__9,18,N,True
3,304,bot0__7,18,N,True
3,342,bot0__7,18,N,True
3,69,bot0__7,18,N,True
3,161,bot0__8,18,N,True
3,176,bot0__8,18,N,True
3,290,bot0__3,18,N,True
3,133,bot0__1,18,N,True
3,94,bot0__1,18,N,True
3,237,bot0__1,18,N,True
3,213,bot0__6,18,N,True
3,36,bot0__5,18,N,True
3,22,bot0__5,18,N,True
3,56,bot0__2,18,N,True
3,277,324,19,N,True
3,329,324,19,N,True
3,67,324,19,N,True
3,315,324,19,N,True
3,329,184,19,N,True
3,21,184,19,N,True
3,329,119,19,N,True
3,39,119,19,N,True
3,170,119,19,N,True
3,67,119,19,N,True
3,132,119,19,N,True
3,21,119,19,N,True
3,1,119,19,N,True
3,277,119,19,N,True
3,82,119,19,N,True
3,280,119,19,N,True
3,122,119,19,N,True
3,329,150,19,N,True
3,329,197,19,N,True
3,21,197,19,N,True
3,329,54,19,N,True
3,1,54,19,N,True
3,322,30,19,N,True
3,329,30,19,N,True
3,73,30,19,N,True
3,329,16,19,N,True
3,82,16,19,N,True
3,329,202,19,N,True
3,277,172,19,N,True
3,329,172,19,N,True
3,82,172,19,N,True
3,280,231,19,N,True
3,315,231,19,N,True
3,329,231,19,N,True
3,82,231,19,N,True
3,170,186,19,N,True
3,67,186,19,N,True
3,88,186,19,N,True
3,21,186,19,N,True
3,322,186,19,N,True
3,277,186,19,N,True
3,122,186,19,N,True
3,88,164,19,N,True
3,315,303,19,N,True
3,132,303,19,N,True
3,67,303,19,N,True
3,88,303,19,N,True
3,322,303,19,N,True
3,122,303,19,N,True
3,88,336,19,N,True
3,322,207,19,N,True
3,67,104,19,N,True
3,21,104,19,N,True
3,322,104,19,N,True
3,277,104,19,N,True
3,122,104,19,N,True
3,170,142,19,N,True
3,315,142,19,N,True
3,67,142,19,N,True
3,21,142,19,N,True
3,322,142,19,N,True
3,277,142,19,N,True
3,280,142,19,N,True
3,122,142,19,N,True
3,170,128,19,N,True
3,315,128,19,N,True
3,67,128,19,N,True
3,322,128,19,N,True
3,122,128,19,N,True
3,322,60,19,N,True
3,39,161,19,N,True
3,67,161,19,N,True
3,21,161,19,N,True
3,322,161,19,N,True
3,277,161,19,N,True
3,87,161,19,N,True
3,122,161,19,N,True
3,170,323,19,N,True
3,315,323,19,N,True
3,67,323,19,N,True
3,21,323,19,N,True
3,322,323,19,N,True
3,277,323,19,N,True
3,280,323,19,N,True
3,122,323,19,N,True
3,322,341,19,N,True
3,170,341,19,N,True
3,322,118,19,N,True
3,67,118,19,N,True
3,82,118,19,N,True
3,277,118,19,N,True
3,67,297,19,N,True
3,21,297,19,N,True
3,322,297,19,N,True
3,280,297,19,N,True
3,122,297,19,N,True
3,170,271,19,N,True
3,315,271,19,N,True
3,67,271,19,N,True
3,21,271,19,N,True
3,322,271,19,N,True
3,277,271,19,N,True
3,82,271,19,N,True
3,280,271,19,N,True
3,122,271,19,N,True
3,67,109,19,N,True
3,21,109,19,N,True
3,322,109,19,N,True
3,277,109,19,N,True
3,122,109,19,N,True
3,322,221,19,N,True
3,170,62,19,N,True
3,67,62,19,N,True
3,322,62,19,N,True
3,130,62,19,N,True
3,122,62,19,N,True
3,322,276,19,N,True
3,122,276,19,N,True
3,322,75,19,N,True
3,67,75,19,N,True
3,170,75,19,N,True
3,322,7,19,N,True
3,315,7,19,N,True
3,87,7,19,N,True
3,322,250,19,N,True
3,170,250,19,N,True
3,322,224,19,N,True
3,315,224,19,N,True
3,67,224,19,N,True
3,122,224,19,N,True
3,170,188,19,N,True
3,315,188,19,N,True
3,67,188,19,N,True
3,21,188,19,N,True
3,156,188,19,N,True
3,322,188,19,N,True
3,277,188,19,N,True
3,280,188,19,N,True
3,122,188,19,N,True
3,165,188,19,N,True
3,322,38,19,N,True
3,170,342,19,N,True
3,67,342,19,N,True
3,21,342,19,N,True
3,322,342,19,N,True
3,277,342,19,N,True
3,122,342,19,N,True
3,165,342,19,N,True
3,bot0__1,133,19,N,True
3,315,133,19,N,True
3,1,133,19,N,True
3,322,133,19,N,True
3,280,133,19,N,True
3,130,191,19,N,True
3,280,141,19,N,True
3,122,141,19,N,True
3,67,141,19,N,True
3,39,141,19,N,True
3,67,212,19,N,True
3,21,212,19,N,True
3,170,55,19,N,True
3,67,55,19,N,True
3,21,55,19,N,True
3,277,55,19,N,True
3,122,55,19,N,True
3,67,123,19,N,True
3,122,123,19,N,True
3,21,123,19,N,True
3,82,123,19,N,True
3,277,248,19,N,True
3,67,248,19,N,True
3,122,248,19,N,True
3,21,248,19,N,True
3,67,325,19,N,True
3,21,325,19,N,True
3,277,325,19,N,True
3,82,325,19,N,True
3,122,325,19,N,True
3,67,66,19,N,True
3,122,66,19,N,True
3,21,66,19,N,True
3,277,134,19,N,True
3,132,134,19,N,True
3,67,134,19,N,True
3,21,134,19,N,True
3,67,344,19,N,True
3,122,344,19,N,True
3,277,10,19,N,True
3,67,10,19,N,True
3,39,313,19,N,True
3,170,313,19,N,True
3,315,313,19,N,True
3,67,313,19,N,True
3,21,313,19,N,True
3,82,313,19,N,True
3,170,98,19,N,True
3,315,98,19,N,True
3,67,98,19,N,True
3,21,98,19,N,True
3,277,98,19,N,True
3,82,98,19,N,True
3,280,98,19,N,True
3,122,98,19,N,True
3,67,31,19,N,True
3,21,31,19,N,True
3,277,31,19,N,True
3,280,31,19,N,True
3,122,31,19,N,True
3,21,108,19,N,True
3,21,127,19,N,True
3,39,105,19,N,True
3,315,105,19,N,True
3,21,105,19,N,True
3,277,105,19,N,True
3,69,105,19,N,True
3,280,105,19,N,True
3,122,251,19,N,True
3,21,251,19,N,True
3,277,159,19,N,True
3,21,159,19,N,True
3,156,295,19,N,True
3,156,258,19,N,True
3,277,50,19,N,True
3,277,175,19,N,True
3,277,22,19,N,True
3,87,22,19,N,True
3,277,208,19,N,True
3,277,294,19,N,True
3,277,311,19,N,True
3,132,311,19,N,True
3,277,168,19,N,True
3,82,65,19,N,True
3,315,211,19,N,True
3,82,211,19,N,True
3,170,211,19,N,True
3,82,238,19,N,True
3,82,84,19,N,True
3,82,148,19,N,True
3,82,314,19,N,True
3,82,59,19,N,True
3,82,268,19,N,True
3,170,268,19,N,True
3,82,318,19,N,True
3,280,117,19,N,True
3,122,176,19,N,True
3,170,176,19,N,True
3,170,124,19,N,True
3,132,317,19,N,True
3,69,bot0__7,19,N,True
3,bot0__1,237,19,N,True
4,7,340,0,N,False
4,31,84,0,N,False
4,304,84,0,N,False
4,236,84,0,N,False
4,313,84,0,N,False
4,304,bot0__7,0,N,False
4,342,bot0__7,0,N,False
4,118,222,0,N,False
4,325,222,0,N,False
4,211,222,0,N,False
4,199,222,0,N,False
4,238,222,0,N,False
4,313,222,0,N,False
4,261,314,0,N,False
4,50,314,0,N,False
4,109,314,0,N,False
4,199,314,0,N,False
4,342,314,0,N,False
4,236,314,0,N,False
4,161,314,0,N,False
4,313,314,0,N,False
4,307,71,0,N,False
4,261,63,0,N,False
4,342,63,0,N,False
4,313,63,0,N,False
4,341,bot0__6,0,N,False
4,313,bot0__6,0,N,False
4,133,96,0,N,False
4,274,96,0,N,False
4,62,96,0,N,False
4,64,bot0__3,0,N,False
4,290,bot0__3,0,N,False
4,133,183,0,N,False
4,133,bot0__1,0,N,False
4,31,237,0,N,False
4,31,83,0,N,False
4,260,160,0,N,False
4,36,bot0__5,0,N,False
4,22,bot0__5,0,N,False
4,277,175,0,N,False
4,277,120,0,N,False
4,277,294,0,N,False
4,bot0__2,216,0,N,False
4,341,bot0__8,0,N,False
4,161,bot0__8,0,N,False
4,bot0__2,216,1,N,False
4,64,bot0__3,1,N,False
4,124,157,1,N,False
4,56,334,5,N,False
4,40,334,5,N,False
4,304,334,5,N,False
4,252,334,5,N,False
4,9,334,5,N,False
4,252,338,5,N,False
4,172,325,5,N,False
4,186,325,5,N,False
4,56,325,5,N,False
4,40,325,5,N,False
4,271,325,5,N,False
4,304,325,5,N,False
4,122,325,5,N,False
4,252,325,5,N,False
4,98,325,5,N,False
4,172,29,5,N,False
4,40,29,5,N,False
4,252,29,5,N,False
4,172,13,5,N,False
4,56,13,5,N,False
4,271,13,5,N,False
4,304,13,5,N,False
4,252,13,5,N,False
4,98,13,5,N,False
4,252,65,5,N,False
4,297,65,5,N,False
4,172,103,5,N,False
4,56,103,5,N,False
4,271,103,5,N,False
4,252,103,5,N,False
4,98,103,5,N,False
4,186,123,5,N,False
4,122,123,5,N,False
4,252,123,5,N,False
4,98,123,5,N,False
4,9,322,5,N,False
4,186,322,5,N,False
4,178,322,5,N,False
4,56,322,5,N,False
4,213,322,5,N,False
4,297,322,5,N,False
4,40,322,5,N,False
4,271,322,5,N,False
4,304,322,5,N,False
4,122,322,5,N,False
4,252,322,5,N,False
4,75,322,5,N,False
4,9,315,5,N,False
4,56,315,5,N,False
4,213,315,5,N,False
4,40,315,5,N,False
4,271,315,5,N,False
4,304,315,5,N,False
4,122,315,5,N,False
4,252,315,5,N,False
4,98,315,5,N,False
4,172,313,5,N,False
4,56,313,5,N,False
4,271,313,5,N,False
4,252,313,5,N,False
4,98,313,5,N,False
4,56,66,5,N,False
4,304,66,5,N,False
4,122,66,5,N,False
4,252,66,5,N,False
4,9,66,5,N,False
4,172,223,5,N,False
4,186,223,5,N,False
4,56,223,5,N,False
4,271,223,5,N,False
4,252,223,5,N,False
4,98,223,5,N,False
4,172,118,5,N,False
4,56,118,5,N,False
4,271,118,5,N,False
4,304,118,5,N,False
4,252,118,5,N,False
4,98,118,5,N,False
4,186,104,5,N,False
4,56,104,5,N,False
4,271,104,5,N,False
4,122,104,5,N,False
4,252,104,5,N,False
4,98,104,5,N,False
4,186,142,5,N,False
4,56,142,5,N,False
4,297,142,5,N,False
4,40,142,5,N,False
4,271,142,5,N,False
4,122,142,5,N,False
4,252,142,5,N,False
4,9,142,5,N,False
4,172,261,5,N,False
4,56,261,5,N,False
4,297,261,5,N,False
4,271,261,5,N,False
4,122,261,5,N,False
4,252,261,5,N,False
4,98,261,5,N,False
4,186,341,5,N,False
4,56,341,5,N,False
4,304,341,5,N,False
4,9,341,5,N,False
4,186,62,5,N,False
4,56,62,5,N,False
4,122,62,5,N,False
4,98,62,5,N,False
4,141,62,5,N,False
4,186,221,5,N,False
4,56,221,5,N,False
4,186,222,5,N,False
4,56,222,5,N,False
4,186,303,5,N,False
4,178,303,5,N,False
4,56,303,5,N,False
4,213,303,5,N,False
4,122,303,5,N,False
4,186,bot0__4,5,N,False
4,172,232,5,N,False
4,72,232,5,N,False
4,56,232,5,N,False
4,40,232,5,N,False
4,271,232,5,N,False
4,122,232,5,N,False
4,9,232,5,N,False
4,172,16,5,N,False
4,56,132,5,N,False
4,40,132,5,N,False
4,72,132,5,N,False
4,178,30,5,N,False
4,56,30,5,N,False
4,213,30,5,N,False
4,271,30,5,N,False
4,304,30,5,N,False
4,9,30,5,N,False
4,56,bot0__2,5,N,False
4,213,204,5,N,False
4,213,57,5,N,False
4,213,7,5,N,False
4,304,7,5,N,False
4,213,340,5,N,False
4,213,87,5,N,False
4,213,96,5,N,False
4,213,80,5,N,False
4,213,130,5,N,False
4,213,242,5,N,False
4,213,bot0__6,5,N,False
4,40,133,5,N,False
4,271,133,5,N,False
4,9,133,5,N,False
4,141,133,5,N,False
4,40,307,5,N,False
4,122,176,5,N,False
4,271,176,5,N,False
4,9,176,5,N,False
4,271,314,5,N,False
4,271,318,5,N,False
4,304,69,5,N,False
4,9,69,5,N,False
4,304,347,5,N,False
4,304,bot0__7,5,N,False
4,9,295,5,N,False
4,141,39,5,N,False
4,23,230,6,N,False
4,23,61,6,N,False
4,23,175,6,N,False
4,23,267,6,N,False
4,23,155,6,N,False
4,275,328,6,N,False
4,275,195,6,N,False
4,275,78,6,N,False
4,275,306,6,N,False
4,275,4,6,N,False
4,299,300,6,N,False
4,202,166,6,N,False
4,202,bot0__0,6,N,False
4,64,bot0__3,6,N,False
4,bot0__9,8,6,N,False
4,301,47,6,N,False
4,184,139,8,N,False
4,281,139,8,N,False
4,184,251,8,N,False
4,281,251,8,N,False
4,184,284,8,N,False
4,281,284,8,N,False
4,184,309,8,N,False
4,281,309,8,N,False
4,184,36,8,N,False
4,281,36,8,N,False
4,bot0__5,36,8,N,False
4,80,173,8,N,False
4,23,116,8,N,False
4,23,61,8,N,False
4,23,144,8,N,False
4,23,99,8,N,False
4,275,273,8,N,False
4,275,328,8,N,False
4,275,195,8,N,False
4,275,78,8,N,False
4,275,306,8,N,False
4,275,152,8,N,False
4,80,173,14,N,True
4,163,173,14,N,True
4,120,247,14,N,True
4,29,247,14,N,True
4,130,191,14,N,True
4,53,191,14,N,True
4,339,152,14,N,True
4,96,190,14,N,True
4,175,46,14,N,True
4,175,278,14,N,True
4,175,263,14,N,True
4,175,19,14,N,True
4,175,143,14,N,True
4,175,99,14,N,True
4,175,68,14,N,True
4,175,177,14,N,True
4,175,86,14,N,True
4,175,296,14,N,True
4,175,225,14,N,True
4,175,227,14,N,True
4,171,58,14,N,True
4,269,58,14,N,True
4,269,81,14,N,True
4,36,bot0__5,14,N,True
4,22,bot0__5,14,N,True
4,171,107,14,N,True
4,bot0__3,244,14,N,True
4,bot0__4,275,14,N,True
4,bot0__4,202,14,N,True
4,283,228,14,N,True
4,168,129,19,N,True
4,31,129,19,N,True
4,7,129,19,N,True
4,324,340,19,N,True
4,7,340,19,N,True
4,172,103,19,N,True
4,7,103,19,N,True
4,211,103,19,N,True
4,271,103,19,N,True
4,323,103,19,N,True
4,98,103,19,N,True
4,168,347,19,N,True
4,22,347,19,N,True
4,7,347,19,N,True
4,127,139,19,N,True
4,159,139,19,N,True
4,184,139,19,N,True
4,251,139,19,N,True
4,197,139,19,N,True
4,324,217,19,N,True
4,119,217,19,N,True
4,150,217,19,N,True
4,119,125,19,N,True
4,119,64,19,N,True
4,150,64,19,N,True
4,119,189,19,N,True
4,150,189,19,N,True
4,119,163,19,N,True
4,150,163,19,N,True
4,109,229,19,N,True
4,119,229,19,N,True
4,148,229,19,N,True
4,271,63,19,N,True
4,342,63,19,N,True
4,313,63,19,N,True
4,341,bot0__6,19,N,True
4,313,bot0__6,19,N,True
4,108,36,19,N,True
4,127,36,19,N,True
4,184,36,19,N,True
4,251,36,19,N,True
4,197,36,19,N,True
4,62,96,19,N,True
4,314,96,19,N,True
4,224,96,19,N,True
4,133,96,19,N,True
4,323,96,19,N,True
4,341,bot0__8,19,N,True
4,161,bot0__8,19,N,True
4,176,bot0__8,19,N,True
4,124,157,19,N,True
4,175,23,19,N,True
4,124,23,19,N,True
4,237,23,19,N,True
4,133,183,19,N,True
4,231,77,19,N,True
4,117,77,19,N,True
4,294,77,19,N,True
4,237,51,19,N,True
4,31,51,19,N,True
4,84,51,19,N,True
4,237,83,19,N,True
4,31,83,19,N,True
4,84,83,19,N,True
4,202,166,19,N,True
4,202,173,19,N,True
4,202,bot0__0,19,N,True
4,186,bot0__4,19,N,True
4,202,bot0__4,19,N,True
4,175,278,19,N,True
4,175,143,19,N,True
4,175,321,19,N,True
4,175,99,19,N,True
4,175,68,19,N,True
4,175,177,19,N,True
4,175,86,19,N,True
4,175,296,19,N,True
4,175,225,19,N,True
4,175,102,19,N,True
4,22,bot0__5,19,N,True
5,237,23,0,N,False
5,83,23,0,N,False
5,175,23,0,N,False
5,96,190,0,N,False
5,175,46,0,N,False
5,175,278,0,N,False
5,175,19,0,N,False
5,175,143,0,N,False
5,175,321,0,N,False
5,175,99,0,N,False
5,175,68,0,N,False
5,175,177,0,N,False
5,175,86,0,N,False
5,175,296,0,N,False
5,175,225,0,N,False
5,175,102,0,N,False
5,175,227,0,N,False
5,157,155,1,N,False
5,bot0__2,216,5,N,False
5,80,330,5,N,False
5,204,330,5,N,False
5,242,330,5,N,False
5,80,101,5,N,False
5,204,101,5,N,False
5,242,101,5,N,False
5,80,299,5,N,False
5,242,299,5,N,False
5,80,94,5,N,False
5,315,94,5,N,False
5,204,94,5,N,False
5,242,94,5,N,False
5,80,187,5,N,False
5,242,187,5,N,False
5,133,1,5,N,False
5,322,1,5,N,False
5,315,1,5,N,False
5,80,300,5,N,False
5,130,300,5,N,False
5,80,173,5,N,False
5,118,283,5,N,False
5,307,71,5,N,False
5,307,230,5,N,False
5,222,240,5,N,False
5,bot0__4,202,5,N,False
5,313,54,5,N,False
5,334,50,5,N,False
5,314,50,5,N,False
5,341,bot0__8,5,N,False
5,176,bot0__8,5,N,False
5,133,bot0__1,5,N,False
5,175,46,6,N,False
5,175,263,6,N,False
5,175,177,6,N,False
5,175,86,6,N,False
5,175,296,6,N,False
5,175,102,6,N,False
5,230,70,6,N,False
5,230,41,6,N,False
5,230,307,6,N,False
5,230,71,6,N,False
5,99,296,8,N,False
5,99,131,8,N,False
5,99,68,8,N,False
5,99,278,8,N,False
5,99,177,8,N,False
5,99,143,8,N,False
5,116,226,8,N,False
5,144,226,8,N,False
5,116,343,8,N,False
5,144,343,8,N,False
5,144,151,8,N,False
5,116,115,8,N,False
5,144,115,8,N,False
5,116,149,8,N,False
5,144,149,8,N,False
5,61,193,8,N,False
5,116,214,8,N,False
5,173,34,8,N,False
5,275,181,14,N,True
5,152,181,14,N,True
5,275,4,14,N,True
5,152,4,14,N,True
5,81,286,14,N,True
5,143,35,14,N,True
5,275,218,14,N,True
5,275,328,14,N,True
5,275,78,14,N,True
5,275,306,14,N,True
5,173,166,14,N,True
5,202,166,14,N,True
5,202,bot0__0,14,N,True
5,19,115,14,N,True
5,19,312,14,N,True
5,19,293,14,N,True
5,19,112,14,N,True
5,19,138,14,N,True
5,19,174,14,N,True
5,19,214,14,N,True
5,19,343,14,N,True
5,19,17,14,N,True
5,19,319,14,N,True
5,19,41,14,N,True
5,157,155,19,N,True
5,23,155,19,N,True
5,23,230,19,N,True
5,23,61,19,N,True
5,23,144,19,N,True
5,23,267,19,N,True
5,166,198,19,N,True
5,225,131,19,N,True
5,278,131,19,N,True
5,99,131,19,N,True
5,143,131,19,N,True
5,177,131,19,N,True
5,143,35,19,N,True
5,bot0__4,275,19,N,True
5,173,34,19,N,True
5,64,bot0__3,19,N,True
6,227,131,0,N,False
6,225,131,0,N,False
6,278,131,0,N,False
6,99,131,0,N,False
6,143,131,0,N,False
6,177,131,0,N,False
6,143,35,0,N,False
6,19,115,0,N,False
6,19,312,0,N,False
6,19,293,0,N,False
6,19,112,0,N,False
6,19,138,0,N,False
6,19,17,0,N,False
6,19,289,0,N,False
6,19,319,0,N,False
6,19,41,0,N,False
6,23,116,0,N,False
6,23,61,0,N,False
6,23,267,0,N,False
6,23,155,0,N,False
6,283,228,5,N,False
6,202,bot0__0,5,N,False
6,230,70,5,N,False
6,230,41,5,N,False
6,230,214,5,N,False
6,41,137,6,N,False
6,41,226,6,N,False
6,41,20,6,N,False
6,41,310,6,N,False
6,41,140,6,N,False
6,41,343,6,N,False
6,41,326,6,N,False
6,41,312,6,N,False
6,41,93,6,N,False
6,115,19,8,N,False
6,214,19,8,N,False
6,343,19,8,N,False
6,214,289,8,N,False
6,226,333,8,N,False
6,149,333,8,N,False
6,214,333,8,N,False
6,343,333,8,N,False
6,177,86,8,N,False
6,278,86,8,N,False
6,193,8,8,N,False
6,143,35,8,N,False
6,143,321,8,N,False
6,115,262,8,N,False
6,343,44,8,N,False
6,41,28,14,N,True
6,312,28,14,N,True
6,115,28,14,N,True
6,17,111,14,N,True
6,41,111,14,N,True
6,312,111,14,N,True
6,214,111,14,N,True
6,343,111,14,N,True
6,312,262,14,N,True
6,115,262,14,N,True
6,214,14,14,N,True
6,41,14,14,N,True
6,312,14,14,N,True
6,115,14,14,N,True
6,343,14,14,N,True
6,41,44,14,N,True
6,312,44,14,N,True
6,343,44,14,N,True
6,41,226,14,N,True
6,312,226,14,N,True
6,115,226,14,N,True
6,343,226,14,N,True
6,312,305,14,N,True
6,312,2,14,N,True
6,115,2,14,N,True
6,343,2,14,N,True
6,214,140,14,N,True
6,17,140,14,N,True
6,41,140,14,N,True
6,312,140,14,N,True
6,115,140,14,N,True
6,312,162,14,N,True
6,343,162,14,N,True
6,17,144,14,N,True
6,41,144,14,N,True
6,312,144,14,N,True
6,115,144,14,N,True
6,343,144,14,N,True
6,bot0__0,205,14,N,True
6,214,333,14,N,True
6,343,333,14,N,True
6,41,230,14,N,True
6,214,230,14,N,True
6,41,310,14,N,True
6,17,310,14,N,True
6,41,337,14,N,True
6,41,93,14,N,True
6,115,192,14,N,True
6,319,95,14,N,True
6,319,219,14,N,True
6,319,147,14,N,True
6,319,6,14,N,True
6,319,327,14,N,True
6,275,328,19,N,True
6,275,195,19,N,True
6,275,181,19,N,True
6,144,326,19,N,True
6,144,28,19,N,True
6,144,14,19,N,True
6,144,151,19,N,True
6,144,17,19,N,True
6,144,149,19,N,True
6,144,140,19,N,True
6,144,312,19,N,True
6,230,70,19,N,True
6,230,307,19,N,True
6,230,214,19,N,True
7,289,137,0,N,False
7,17,137,0,N,False
7,41,137,0,N,False
7,312,137,0,N,False
7,115,137,0,N,False
7,41,310,0,N,False
7,17,310,0,N,False
7,41,14,0,N,False
7,312,14,0,N,False
7,115,14,0,N,False
7,116,14,0,N,False
7,319,95,0,N,False
7,319,147,0,N,False
7,319,6,0,N,False
7,319,327,0,N,False
7,312,149,0,N,False
7,115,149,0,N,False
7,116,149,0,N,False
7,312,305,0,N,False
7,312,2,0,N,False
7,115,2,0,N,False
7,116,2,0,N,False
7,312,162,0,N,False
7,116,162,0,N,False
7,61,193,0,N,False
7,155,157,0,N,False
7,41,137,5,N,False
7,214,137,5,N,False
7,41,115,5,N,False
7,214,115,5,N,False
7,41,337,5,N,False
7,41,28,5,N,False
7,41,326,5,N,False
7,214,326,5,N,False
7,41,44,5,N,False
7,41,312,5,N,False
7,214,312,5,N,False
7,41,93,5,N,False
7,41,19,5,N,False
7,214,19,5,N,False
7,bot0__0,47,5,N,False
7,bot0__0,205,5,N,False
7,214,289,5,N,False
7,214,333,5,N,False
7,137,289,6,N,False
7,93,32,6,N,False
7,137,32,6,N,False
7,310,32,6,N,False
7,226,2,6,N,False
7,312,2,6,N,False
7,326,2,6,N,False
7,20,2,6,N,False
7,343,2,6,N,False
7,226,333,6,N,False
7,20,333,6,N,False
7,343,333,6,N,False
7,312,262,6,N,False
7,326,162,6,N,False
7,312,162,6,N,False
7,20,162,6,N,False
7,343,162,6,N,False
7,8,264,8,N,False
7,8,201,8,N,False
7,8,bot0__9,8,N,False
7,19,293,8,N,False
7,19,112,8,N,False
7,19,138,8,N,False
7,19,174,8,N,False
7,19,319,8,N,False
7,192,49,14,N,True
7,192,52,14,N,True
7,219,154,14,N,True
7,111,279,14,N,True
7,93,167,14,N,True
7,310,167,14,N,True
7,337,167,14,N,True
7,230,97,14,N,True
7,230,71,14,N,True
7,230,253,14,N,True
7,28,310,19,N,True
7,14,310,19,N,True
7,17,310,19,N,True
7,151,310,19,N,True
7,17,111,19,N,True
7,326,111,19,N,True
7,312,111,19,N,True
7,214,111,19,N,True
7,214,289,19,N,True
7,326,162,19,N,True
7,312,162,19,N,True
7,149,162,19,N,True
7,312,243,19,N,True
7,312,262,19,N,True
7,312,305,19,N,True
7,312,220,19,N,True
8,137,32,0,N,False
8,310,32,0,N,False
8,193,8,0,N,False
8,28,149,5,N,False
8,333,149,5,N,False
8,312,149,5,N,False
8,326,149,5,N,False
8,115,149,5,N,False
8,312,2,5,N,False
8,326,2,5,N,False
8,333,2,5,N,False
8,115,2,5,N,False
8,312,162,5,N,False
8,326,162,5,N,False
8,333,162,5,N,False
8,312,262,5,N,False
8,115,262,5,N,False
8,312,305,5,N,False
8,19,175,5,N,False
8,19,293,5,N,False
8,19,138,5,N,False
8,319,95,8,N,False
8,319,6,8,N,False
8,49,241,14,N,True
8,253,182,14,N,True
8,97,182,14,N,True
8,243,167,19,N,True
8,310,167,19,N,True
8,111,279,19,N,True
9,8,264,0,N,False
9,8,110,0,N,False
9,8,bot0__9,0,N,False
9,175,46,5,N,False
9,175,278,5,N,False
9,175,296,5,N,False
9,175,102,5,N,False
