iteration,sender,receiver,news_id,news_party,news_veracity
0,bot7__0,bot4__1,140,N,False
0,bot7__0,288,140,N,False
0,bot7__0,333,140,N,False
0,bot7__1,4,141,N,False
0,bot7__1,259,141,N,False
0,bot7__2,233,142,N,False
0,bot7__2,39,142,N,False
0,bot7__3,reel4__9,143,N,False
0,bot7__4,333,144,N,False
0,bot7__4,112,144,N,False
0,bot7__6,bot1__8,146,N,False
0,bot7__6,106,146,N,False
0,bot7__7,294,147,N,False
0,bot7__8,reel4__5,148,N,False
0,bot7__9,reel4__3,149,N,False
0,reel7__0,201,150,N,True
0,reel7__1,186,151,N,True
0,reel7__1,reel0__2,151,N,True
0,reel7__2,338,152,N,True
0,reel7__2,33,152,N,True
0,reel7__2,341,152,N,True
0,reel7__4,reel0__2,154,N,True
0,reel7__4,reel3__5,154,N,True
0,reel7__5,28,155,N,True
0,reel7__6,150,156,N,True
0,reel7__6,65,156,N,True
0,reel7__7,110,157,N,True
0,reel7__7,63,157,N,True
0,reel7__8,200,158,N,True
0,reel7__9,288,159,N,True
0,reel7__9,24,159,N,True
1,bot4__1,bot2__0,140,N,False
1,333,20,140,N,False
1,333,149,140,N,False
1,333,343,140,N,False
1,333,214,140,N,False
1,333,bot7__4,140,N,False
1,288,199,140,N,False
1,4,328,141,N,False
1,4,195,141,N,False
1,4,306,141,N,False
1,4,218,141,N,False
1,4,181,141,N,False
1,259,8,141,N,False
1,259,245,141,N,False
1,259,264,141,N,False
1,39,119,142,N,False
1,39,161,142,N,False
1,39,280,142,N,False
1,233,256,142,N,False
1,233,reel3__4,142,N,False
1,reel4__9,218,143,N,False
1,reel4__9,69,143,N,False
1,reel4__9,9,143,N,False
1,112,0,144,N,False
1,333,0,144,N,False
1,333,20,144,N,False
1,333,2,144,N,False
1,333,149,144,N,False
1,333,214,144,N,False
1,333,bot7__0,144,N,False
1,bot1__8,199,146,N,False
1,106,29,146,N,False
1,106,169,146,N,False
1,106,329,146,N,False
1,106,88,146,N,False
1,106,231,146,N,False
1,106,238,146,N,False
1,106,0,146,N,False
1,106,bot7__1,146,N,False
1,294,77,147,N,False
1,reel4__5,196,148,N,False
1,reel4__5,82,148,N,False
1,reel4__5,bot7__2,148,N,False
1,reel4__3,291,149,N,False
1,201,8,150,N,True
1,201,0,150,N,True
1,201,bot0__9,150,N,True
1,201,reel4__0,150,N,True
1,201,reel4__1,150,N,True
1,reel0__2,77,151,N,True
1,186,236,151,N,True
1,186,88,151,N,True
1,186,213,151,N,True
1,186,341,151,N,True
1,186,272,151,N,True
1,186,109,151,N,True
1,186,55,151,N,True
1,186,199,151,N,True
1,186,223,151,N,True
1,186,178,151,N,True
1,186,9,151,N,True
1,186,277,151,N,True
1,186,325,151,N,True
1,186,67,151,N,True
1,186,59,151,N,True
1,186,123,151,N,True
1,186,45,151,N,True
1,186,104,151,N,True
1,186,285,151,N,True
1,186,200,151,N,True
1,186,252,151,N,True
1,186,322,151,N,True
1,186,142,151,N,True
1,186,26,151,N,True
1,186,98,151,N,True
1,186,303,151,N,True
1,186,122,151,N,True
1,186,271,151,N,True
1,186,bot0__4,151,N,True
1,186,reel6__2,151,N,True
1,341,9,152,N,True
1,341,188,152,N,True
1,341,304,152,N,True
1,341,62,152,N,True
1,341,170,152,N,True
1,341,0,152,N,True
1,338,0,152,N,True
1,33,0,152,N,True
1,33,bot4__8,152,N,True
1,33,bot6__0,152,N,True
1,338,252,152,N,True
1,338,29,152,N,True
1,338,308,152,N,True
1,338,239,152,N,True
1,338,bot5__0,152,N,True
1,reel0__2,250,154,N,True
1,reel0__2,77,154,N,True
1,reel3__5,0,154,N,True
1,reel3__5,110,154,N,True
1,28,312,155,N,True
1,28,310,155,N,True
1,28,144,155,N,True
1,28,151,155,N,True
1,28,326,155,N,True
1,28,14,155,N,True
1,28,140,155,N,True
1,28,149,155,N,True
1,28,0,155,N,True
1,65,82,156,N,True
1,65,314,156,N,True
1,65,261,156,N,True
1,65,252,156,N,True
1,65,7,156,N,True
1,65,118,156,N,True
1,65,339,156,N,True
1,65,13,156,N,True
1,65,0,156,N,True
1,150,0,156,N,True
1,150,128,156,N,True
1,150,171,156,N,True
1,150,163,156,N,True
1,150,329,156,N,True
1,150,64,156,N,True
1,150,119,156,N,True
1,150,217,156,N,True
1,63,313,157,N,True
1,63,261,157,N,True
1,63,342,157,N,True
1,63,56,157,N,True
1,63,271,157,N,True
1,63,0,157,N,True
1,110,0,157,N,True
1,63,bot1__6,157,N,True
1,110,264,157,N,True
1,110,91,157,N,True
1,110,reel0__1,157,N,True
1,110,bot3__6,157,N,True
1,110,reel3__5,157,N,True
1,110,bot7__7,157,N,True
1,200,98,158,N,True
1,200,123,158,N,True
1,200,109,158,N,True
1,200,277,158,N,True
1,200,55,158,N,True
1,200,188,158,N,True
1,200,40,158,N,True
1,200,3,158,N,True
1,200,39,158,N,True
1,200,30,158,N,True
1,200,232,158,N,True
1,200,224,158,N,True
1,200,75,158,N,True
1,200,203,158,N,True
1,200,252,158,N,True
1,200,118,158,N,True
1,200,67,158,N,True
1,200,199,158,N,True
1,200,31,158,N,True
1,200,186,158,N,True
1,200,325,158,N,True
1,200,248,158,N,True
1,200,9,158,N,True
1,200,332,158,N,True
1,200,25,158,N,True
1,200,271,158,N,True
1,200,280,158,N,True
1,200,223,158,N,True
1,200,304,158,N,True
1,200,56,158,N,True
1,200,165,158,N,True
1,200,185,158,N,True
1,200,239,158,N,True
1,200,324,158,N,True
1,200,79,158,N,True
1,200,274,158,N,True
1,200,142,158,N,True
1,200,236,158,N,True
1,200,10,158,N,True
1,200,21,158,N,True
1,288,25,159,N,True
1,288,199,159,N,True
1,288,0,159,N,True
1,24,0,159,N,True
1,288,bot7__0,159,N,True
1,24,346,159,N,True
1,24,302,159,N,True
1,24,80,159,N,True
1,24,187,159,N,True
1,24,249,159,N,True
1,24,299,159,N,True
1,24,92,159,N,True
1,24,101,159,N,True
1,24,242,159,N,True
1,24,reel5__3,159,N,True
2,214,312,140,N,False
2,149,312,140,N,False
2,20,312,140,N,False
2,343,312,140,N,False
2,149,116,140,N,False
2,214,116,140,N,False
2,343,116,140,N,False
2,149,144,140,N,False
2,343,144,140,N,False
2,214,41,140,N,False
2,20,41,140,N,False
2,343,41,140,N,False
2,214,111,140,N,False
2,20,111,140,N,False
2,343,111,140,N,False
2,199,118,140,N,False
2,bot2__0,118,140,N,False
2,bot2__0,bot5__7,140,N,False
2,199,211,140,N,False
2,199,304,140,N,False
2,199,40,140,N,False
2,199,119,140,N,False
2,199,186,140,N,False
2,199,314,140,N,False
2,199,98,140,N,False
2,199,203,140,N,False
2,199,313,140,N,False
2,199,238,140,N,False
2,199,325,140,N,False
2,199,239,140,N,False
2,199,9,140,N,False
2,199,223,140,N,False
2,199,291,140,N,False
2,199,161,140,N,False
2,199,232,140,N,False
2,199,342,140,N,False
2,199,231,140,N,False
2,199,bot1__8,140,N,False
2,bot7__4,112,140,N,False
2,214,289,140,N,False
2,195,reel1__6,141,N,False
2,195,reel2__3,141,N,False
2,8,bot0__9,141,N,False
2,328,bot3__9,141,N,False
2,218,reel2__0,141,N,False
2,181,reel4__3,141,N,False
2,256,reel0__1,142,N,False
2,reel3__4,205,142,N,False
2,119,48,142,N,False
2,119,170,142,N,False
2,119,342,142,N,False
2,119,54,142,N,False
2,161,199,142,N,False
2,119,199,142,N,False
2,280,329,142,N,False
2,119,329,142,N,False
2,280,252,142,N,False
2,161,252,142,N,False
2,119,252,142,N,False
2,119,148,142,N,False
2,280,239,142,N,False
2,119,239,142,N,False
2,119,269,142,N,False
2,119,324,142,N,False
2,119,82,142,N,False
2,280,26,142,N,False
2,161,26,142,N,False
2,119,26,142,N,False
2,280,1,142,N,False
2,119,1,142,N,False
2,119,229,142,N,False
2,161,203,142,N,False
2,119,203,142,N,False
2,280,98,142,N,False
2,119,98,142,N,False
2,119,79,142,N,False
2,280,272,142,N,False
2,280,291,142,N,False
2,280,231,142,N,False
2,280,304,142,N,False
2,161,304,142,N,False
2,280,290,142,N,False
2,280,40,142,N,False
2,280,315,142,N,False
2,280,142,142,N,False
2,161,142,142,N,False
2,280,133,142,N,False
2,280,169,142,N,False
2,161,308,142,N,False
2,161,118,142,N,False
2,161,258,142,N,False
2,161,213,142,N,False
2,161,314,142,N,False
2,218,328,143,N,False
2,218,273,143,N,False
2,218,306,143,N,False
2,9,252,143,N,False
2,9,203,143,N,False
2,9,186,143,N,False
2,9,304,143,N,False
2,69,304,143,N,False
2,9,272,143,N,False
2,9,142,143,N,False
2,9,334,143,N,False
2,9,199,143,N,False
2,9,280,143,N,False
2,9,170,143,N,False
2,9,342,143,N,False
2,9,295,143,N,False
2,9,79,143,N,False
2,9,232,143,N,False
2,9,72,143,N,False
2,9,169,143,N,False
2,9,315,143,N,False
2,9,148,143,N,False
2,9,185,143,N,False
2,9,3,143,N,False
2,9,133,143,N,False
2,9,reel1__8,143,N,False
2,69,236,143,N,False
2,69,39,143,N,False
2,69,bot0__7,143,N,False
2,20,41,144,N,False
2,0,41,144,N,False
2,214,41,144,N,False
2,0,140,144,N,False
2,214,140,144,N,False
2,0,289,144,N,False
2,214,289,144,N,False
2,214,312,144,N,False
2,149,312,144,N,False
2,0,312,144,N,False
2,2,312,144,N,False
2,20,312,144,N,False
2,0,17,144,N,False
2,214,17,144,N,False
2,149,144,144,N,False
2,0,144,144,N,False
2,bot7__0,bot4__1,144,N,False
2,bot7__0,288,144,N,False
2,0,288,144,N,False
2,0,236,144,N,False
2,0,346,144,N,False
2,0,304,144,N,False
2,0,130,144,N,False
2,0,204,144,N,False
2,0,252,144,N,False
2,0,332,144,N,False
2,0,26,144,N,False
2,0,280,144,N,False
2,0,272,144,N,False
2,0,133,144,N,False
2,0,239,144,N,False
2,0,170,144,N,False
2,0,46,144,N,False
2,0,127,144,N,False
2,0,103,144,N,False
2,0,73,144,N,False
2,0,315,144,N,False
2,0,98,144,N,False
2,0,63,144,N,False
2,0,67,144,N,False
2,0,118,144,N,False
2,0,325,144,N,False
2,0,270,144,N,False
2,0,223,144,N,False
2,0,274,144,N,False
2,0,88,144,N,False
2,0,169,144,N,False
2,0,273,144,N,False
2,0,71,144,N,False
2,0,168,144,N,False
2,0,308,144,N,False
2,0,128,144,N,False
2,0,238,144,N,False
2,0,265,144,N,False
2,0,141,144,N,False
2,0,345,144,N,False
2,0,109,144,N,False
2,0,291,144,N,False
2,0,105,144,N,False
2,0,290,144,N,False
2,0,342,144,N,False
2,0,1,144,N,False
2,0,184,144,N,False
2,0,80,144,N,False
2,0,161,144,N,False
2,0,123,144,N,False
2,0,284,144,N,False
2,0,324,144,N,False
2,0,310,144,N,False
2,0,32,144,N,False
2,0,92,144,N,False
2,0,266,144,N,False
2,0,16,144,N,False
2,0,249,144,N,False
2,0,39,144,N,False
2,0,10,144,N,False
2,0,228,144,N,False
2,0,257,144,N,False
2,0,196,144,N,False
2,0,156,144,N,False
2,0,303,144,N,False
2,0,286,144,N,False
2,0,293,144,N,False
2,0,33,144,N,False
2,0,281,144,N,False
2,0,279,144,N,False
2,0,338,144,N,False
2,0,75,144,N,False
2,0,218,144,N,False
2,0,268,144,N,False
2,0,243,144,N,False
2,0,129,144,N,False
2,0,328,144,N,False
2,0,102,144,N,False
2,0,318,144,N,False
2,0,173,144,N,False
2,0,87,144,N,False
2,0,60,144,N,False
2,0,259,144,N,False
2,0,45,144,N,False
2,0,58,144,N,False
2,0,269,144,N,False
2,0,96,144,N,False
2,0,143,144,N,False
2,0,61,144,N,False
2,0,89,144,N,False
2,0,79,144,N,False
2,0,221,144,N,False
2,0,250,144,N,False
2,0,29,144,N,False
2,0,225,144,N,False
2,0,152,144,N,False
2,0,148,144,N,False
2,0,295,144,N,False
2,0,201,144,N,False
2,0,260,144,N,False
2,0,160,144,N,False
2,0,131,144,N,False
2,0,220,144,N,False
2,0,234,144,N,False
2,0,216,144,N,False
2,0,145,144,N,False
2,0,4,144,N,False
2,0,327,144,N,False
2,0,95,144,N,False
2,0,282,144,N,False
2,0,166,144,N,False
2,0,155,144,N,False
2,0,191,144,N,False
2,0,229,144,N,False
2,0,240,144,N,False
2,0,154,144,N,False
2,0,336,144,N,False
2,0,294,144,N,False
2,0,316,144,N,False
2,0,205,144,N,False
2,0,183,144,N,False
2,0,35,144,N,False
2,0,reel3__5,144,N,False
2,238,271,146,N,False
2,169,271,146,N,False
2,199,271,146,N,False
2,0,271,146,N,False
2,169,82,146,N,False
2,29,82,146,N,False
2,0,82,146,N,False
2,199,82,146,N,False
2,231,82,146,N,False
2,238,82,146,N,False
2,169,136,146,N,False
2,0,136,146,N,False
2,169,185,146,N,False
2,0,185,146,N,False
2,169,25,146,N,False
2,88,25,146,N,False
2,0,25,146,N,False
2,199,25,146,N,False
2,231,25,146,N,False
2,169,257,146,N,False
2,0,257,146,N,False
2,169,10,146,N,False
2,0,10,146,N,False
2,169,56,146,N,False
2,88,56,146,N,False
2,0,56,146,N,False
2,199,56,146,N,False
2,231,56,146,N,False
2,238,56,146,N,False
2,169,334,146,N,False
2,0,334,146,N,False
2,169,103,146,N,False
2,0,103,146,N,False
2,169,318,146,N,False
2,0,318,146,N,False
2,169,26,146,N,False
2,199,26,146,N,False
2,0,26,146,N,False
2,169,239,146,N,False
2,0,239,146,N,False
2,199,239,146,N,False
2,231,239,146,N,False
2,238,239,146,N,False
2,169,125,146,N,False
2,0,125,146,N,False
2,169,291,146,N,False
2,329,291,146,N,False
2,0,291,146,N,False
2,199,291,146,N,False
2,231,291,146,N,False
2,169,104,146,N,False
2,0,104,146,N,False
2,169,277,146,N,False
2,0,277,146,N,False
2,169,5,146,N,False
2,0,5,146,N,False
2,169,142,146,N,False
2,0,142,146,N,False
2,169,128,146,N,False
2,199,128,146,N,False
2,0,128,146,N,False
2,169,67,146,N,False
2,199,67,146,N,False
2,0,67,146,N,False
2,169,252,146,N,False
2,29,252,146,N,False
2,0,252,146,N,False
2,199,252,146,N,False
2,238,252,146,N,False
2,169,322,146,N,False
2,329,322,146,N,False
2,88,322,146,N,False
2,0,322,146,N,False
2,199,322,146,N,False
2,169,reel3__9,146,N,False
2,329,184,146,N,False
2,0,184,146,N,False
2,329,269,146,N,False
2,0,269,146,N,False
2,329,119,146,N,False
2,199,119,146,N,False
2,0,119,146,N,False
2,329,150,146,N,False
2,0,150,146,N,False
2,329,197,146,N,False
2,0,197,146,N,False
2,329,30,146,N,False
2,0,30,146,N,False
2,329,204,146,N,False
2,0,204,146,N,False
2,329,308,146,N,False
2,0,308,146,N,False
2,329,202,146,N,False
2,0,202,146,N,False
2,231,178,146,N,False
2,329,178,146,N,False
2,88,178,146,N,False
2,0,178,146,N,False
2,329,72,146,N,False
2,199,72,146,N,False
2,0,72,146,N,False
2,329,bot4__0,146,N,False
2,29,338,146,N,False
2,0,338,146,N,False
2,29,247,146,N,False
2,0,247,146,N,False
2,238,203,146,N,False
2,199,203,146,N,False
2,29,203,146,N,False
2,0,203,146,N,False
2,199,186,146,N,False
2,88,186,146,N,False
2,0,186,146,N,False
2,199,48,146,N,False
2,88,48,146,N,False
2,0,48,146,N,False
2,88,164,146,N,False
2,0,164,146,N,False
2,88,80,146,N,False
2,0,80,146,N,False
2,88,336,146,N,False
2,0,336,146,N,False
2,88,reel3__8,146,N,False
2,0,176,146,N,False
2,0,84,146,N,False
2,0,133,146,N,False
2,0,3,146,N,False
2,0,170,146,N,False
2,0,46,146,N,False
2,0,194,146,N,False
2,231,117,146,N,False
2,0,117,146,N,False
2,0,127,146,N,False
2,0,135,146,N,False
2,0,116,146,N,False
2,199,288,146,N,False
2,0,288,146,N,False
2,0,323,146,N,False
2,238,98,146,N,False
2,199,98,146,N,False
2,0,98,146,N,False
2,0,63,146,N,False
2,238,325,146,N,False
2,199,325,146,N,False
2,0,325,146,N,False
2,238,134,146,N,False
2,199,134,146,N,False
2,0,134,146,N,False
2,0,270,146,N,False
2,0,76,146,N,False
2,199,223,146,N,False
2,0,223,146,N,False
2,0,274,146,N,False
2,0,275,146,N,False
2,0,83,146,N,False
2,0,28,146,N,False
2,0,312,146,N,False
2,0,214,146,N,False
2,0,20,146,N,False
2,0,307,146,N,False
2,0,71,146,N,False
2,0,333,146,N,False
2,0,168,146,N,False
2,0,341,146,N,False
2,0,345,146,N,False
2,0,139,146,N,False
2,0,105,146,N,False
2,231,232,146,N,False
2,199,232,146,N,False
2,0,232,146,N,False
2,0,217,146,N,False
2,0,283,146,N,False
2,0,144,146,N,False
2,238,342,146,N,False
2,199,342,146,N,False
2,0,342,146,N,False
2,0,300,146,N,False
2,0,159,146,N,False
2,0,149,146,N,False
2,238,13,146,N,False
2,199,13,146,N,False
2,0,13,146,N,False
2,238,59,146,N,False
2,0,59,146,N,False
2,0,17,146,N,False
2,0,326,146,N,False
2,0,187,146,N,False
2,199,161,146,N,False
2,0,161,146,N,False
2,0,31,146,N,False
2,0,85,146,N,False
2,0,246,146,N,False
2,0,123,146,N,False
2,0,140,146,N,False
2,0,137,146,N,False
2,0,171,146,N,False
2,0,14,146,N,False
2,0,32,146,N,False
2,0,266,146,N,False
2,0,278,146,N,False
2,0,340,146,N,False
2,0,311,146,N,False
2,0,249,146,N,False
2,0,69,146,N,False
2,0,196,146,N,False
2,0,286,146,N,False
2,0,174,146,N,False
2,0,293,146,N,False
2,0,42,146,N,False
2,0,347,146,N,False
2,0,2,146,N,False
2,0,281,146,N,False
2,0,263,146,N,False
2,0,279,146,N,False
2,0,75,146,N,False
2,0,218,146,N,False
2,0,268,146,N,False
2,0,243,146,N,False
2,0,181,146,N,False
2,0,328,146,N,False
2,0,331,146,N,False
2,0,296,146,N,False
2,0,102,146,N,False
2,0,173,146,N,False
2,0,306,146,N,False
2,0,177,146,N,False
2,0,189,146,N,False
2,0,60,146,N,False
2,bot7__1,259,146,N,False
2,0,259,146,N,False
2,0,58,146,N,False
2,0,227,146,N,False
2,0,143,146,N,False
2,0,93,146,N,False
2,0,41,146,N,False
2,0,235,146,N,False
2,0,6,146,N,False
2,0,89,146,N,False
2,0,208,146,N,False
2,0,100,146,N,False
2,0,110,146,N,False
2,0,264,146,N,False
2,0,148,146,N,False
2,0,295,146,N,False
2,0,201,146,N,False
2,0,289,146,N,False
2,0,260,146,N,False
2,0,321,146,N,False
2,0,131,146,N,False
2,0,22,146,N,False
2,199,298,146,N,False
2,0,298,146,N,False
2,0,262,146,N,False
2,0,220,146,N,False
2,0,234,146,N,False
2,0,112,146,N,False
2,0,179,146,N,False
2,0,216,146,N,False
2,bot7__1,4,146,N,False
2,0,4,146,N,False
2,0,327,146,N,False
2,0,95,146,N,False
2,0,282,146,N,False
2,0,319,146,N,False
2,0,233,146,N,False
2,0,256,146,N,False
2,0,166,146,N,False
2,0,155,146,N,False
2,0,191,146,N,False
2,0,229,146,N,False
2,0,138,146,N,False
2,231,77,146,N,False
2,0,77,146,N,False
2,0,219,146,N,False
2,0,154,146,N,False
2,0,294,146,N,False
2,0,253,146,N,False
2,0,316,146,N,False
2,0,205,146,N,False
2,0,52,146,N,False
2,0,34,146,N,False
2,0,35,146,N,False
2,231,bot1__9,146,N,False
2,231,bot4__2,146,N,False
2,231,reel6__5,146,N,False
2,238,reel5__1,146,N,False
2,77,40,147,N,False
2,77,231,147,N,False
2,77,reel0__2,147,N,False
2,196,249,148,N,False
2,196,204,148,N,False
2,196,67,148,N,False
2,82,67,148,N,False
2,196,194,148,N,False
2,196,53,148,N,False
2,196,346,148,N,False
2,196,330,148,N,False
2,196,92,148,N,False
2,196,180,148,N,False
2,82,231,148,N,False
2,82,238,148,N,False
2,82,203,148,N,False
2,82,331,148,N,False
2,82,158,148,N,False
2,82,118,148,N,False
2,82,84,148,N,False
2,82,148,148,N,False
2,82,252,148,N,False
2,82,314,148,N,False
2,82,170,148,N,False
2,82,199,148,N,False
2,82,59,148,N,False
2,82,268,148,N,False
2,82,313,148,N,False
2,82,325,148,N,False
2,82,16,148,N,False
2,82,318,148,N,False
2,bot7__2,233,148,N,False
2,bot7__2,39,148,N,False
2,291,252,149,N,False
2,291,332,149,N,False
2,291,72,149,N,False
2,291,213,149,N,False
2,291,315,149,N,False
2,291,272,149,N,False
2,291,188,149,N,False
2,291,208,149,N,False
2,291,60,149,N,False
2,291,199,149,N,False
2,291,169,149,N,False
2,291,87,149,N,False
2,291,168,149,N,False
2,291,56,149,N,False
2,291,26,149,N,False
2,291,248,149,N,False
2,291,9,149,N,False
2,291,bot0__2,149,N,False
2,0,245,150,N,True
2,8,245,150,N,True
2,0,110,150,N,True
2,8,110,150,N,True
2,reel4__0,79,150,N,True
2,0,79,150,N,True
2,reel4__0,reel6__5,150,N,True
2,0,93,150,N,True
2,reel4__1,93,150,N,True
2,reel4__1,bot6__2,150,N,True
2,0,236,150,N,True
2,0,186,150,N,True
2,0,122,150,N,True
2,0,285,150,N,True
2,0,24,150,N,True
2,0,346,150,N,True
2,0,271,150,N,True
2,0,304,150,N,True
2,0,9,150,N,True
2,0,130,150,N,True
2,0,329,150,N,True
2,0,204,150,N,True
2,0,213,150,N,True
2,0,82,150,N,True
2,0,276,150,N,True
2,0,26,150,N,True
2,0,280,150,N,True
2,0,272,150,N,True
2,0,211,150,N,True
2,0,199,150,N,True
2,0,84,150,N,True
2,0,133,150,N,True
2,0,62,150,N,True
2,0,239,150,N,True
2,0,172,150,N,True
2,0,322,150,N,True
2,0,3,150,N,True
2,0,170,150,N,True
2,0,175,150,N,True
2,0,46,150,N,True
2,0,56,150,N,True
2,0,194,150,N,True
2,0,231,150,N,True
2,0,127,150,N,True
2,0,135,150,N,True
2,0,103,150,N,True
2,0,188,150,N,True
2,0,116,150,N,True
2,0,73,150,N,True
2,0,299,150,N,True
2,0,288,150,N,True
2,0,315,150,N,True
2,0,119,150,N,True
2,0,323,150,N,True
2,0,48,150,N,True
2,0,57,150,N,True
2,0,200,150,N,True
2,0,98,150,N,True
2,0,313,150,N,True
2,0,63,150,N,True
2,0,344,150,N,True
2,0,67,150,N,True
2,0,118,150,N,True
2,0,325,150,N,True
2,0,277,150,N,True
2,0,134,150,N,True
2,0,76,150,N,True
2,0,223,150,N,True
2,0,274,150,N,True
2,0,88,150,N,True
2,0,21,150,N,True
2,0,339,150,N,True
2,0,108,150,N,True
2,0,197,150,N,True
2,0,169,150,N,True
2,0,242,150,N,True
2,0,20,150,N,True
2,0,307,150,N,True
2,0,333,150,N,True
2,0,168,150,N,True
2,0,308,150,N,True
2,0,341,150,N,True
2,0,128,150,N,True
2,0,265,150,N,True
2,0,141,150,N,True
2,0,317,150,N,True
2,0,158,150,N,True
2,0,38,150,N,True
2,0,109,150,N,True
2,0,291,150,N,True
2,0,142,150,N,True
2,0,203,150,N,True
2,0,64,150,N,True
2,0,217,150,N,True
2,0,261,150,N,True
2,0,283,150,N,True
2,0,144,150,N,True
2,0,226,150,N,True
2,0,290,150,N,True
2,0,342,150,N,True
2,0,146,150,N,True
2,0,300,150,N,True
2,0,1,150,N,True
2,0,184,150,N,True
2,0,159,150,N,True
2,0,149,150,N,True
2,0,13,150,N,True
2,0,59,150,N,True
2,0,326,150,N,True
2,0,80,150,N,True
2,0,187,150,N,True
2,0,66,150,N,True
2,0,136,150,N,True
2,0,49,150,N,True
2,0,320,150,N,True
2,0,85,150,N,True
2,0,246,150,N,True
2,0,140,150,N,True
2,0,137,150,N,True
2,0,115,150,N,True
2,0,297,150,N,True
2,0,185,150,N,True
2,0,104,150,N,True
2,0,324,150,N,True
2,0,171,150,N,True
2,0,14,150,N,True
2,0,32,150,N,True
2,0,30,150,N,True
2,0,40,150,N,True
2,0,125,150,N,True
2,0,266,150,N,True
2,0,278,150,N,True
2,0,237,150,N,True
2,0,311,150,N,True
2,0,309,150,N,True
2,0,330,150,N,True
2,0,230,150,N,True
2,0,249,150,N,True
2,0,228,150,N,True
2,0,258,150,N,True
2,0,196,150,N,True
2,0,156,150,N,True
2,0,286,150,N,True
2,0,81,150,N,True
2,0,293,150,N,True
2,0,33,150,N,True
2,0,42,150,N,True
2,0,347,150,N,True
2,0,2,150,N,True
2,0,281,150,N,True
2,0,263,150,N,True
2,0,51,150,N,True
2,0,338,150,N,True
2,0,162,150,N,True
2,0,75,150,N,True
2,0,218,150,N,True
2,0,5,150,N,True
2,0,178,150,N,True
2,0,192,150,N,True
2,0,243,150,N,True
2,0,195,150,N,True
2,0,181,150,N,True
2,0,328,150,N,True
2,0,331,150,N,True
2,0,150,150,N,True
2,0,99,150,N,True
2,0,296,150,N,True
2,0,102,150,N,True
2,0,318,150,N,True
2,0,173,150,N,True
2,0,165,150,N,True
2,0,177,150,N,True
2,0,180,150,N,True
2,0,87,150,N,True
2,0,189,150,N,True
2,0,60,150,N,True
2,0,45,150,N,True
2,0,58,150,N,True
2,0,167,150,N,True
2,0,227,150,N,True
2,0,96,150,N,True
2,0,143,150,N,True
2,0,61,150,N,True
2,0,41,150,N,True
2,0,235,150,N,True
2,0,6,150,N,True
2,0,89,150,N,True
2,0,250,150,N,True
2,0,29,150,N,True
2,0,337,150,N,True
2,0,100,150,N,True
2,0,86,150,N,True
2,0,152,150,N,True
2,0,148,150,N,True
2,0,295,150,N,True
2,0,289,150,N,True
2,0,160,150,N,True
2,0,321,150,N,True
2,0,68,150,N,True
2,0,131,150,N,True
2,0,22,150,N,True
2,0,298,150,N,True
2,0,262,150,N,True
2,0,220,150,N,True
2,0,234,150,N,True
2,0,44,150,N,True
2,0,50,150,N,True
2,0,97,150,N,True
2,0,90,150,N,True
2,0,216,150,N,True
2,0,145,150,N,True
2,0,157,150,N,True
2,0,4,150,N,True
2,0,247,150,N,True
2,0,190,150,N,True
2,0,282,150,N,True
2,0,319,150,N,True
2,0,233,150,N,True
2,0,256,150,N,True
2,0,166,150,N,True
2,0,202,150,N,True
2,0,155,150,N,True
2,0,191,150,N,True
2,0,206,150,N,True
2,0,229,150,N,True
2,0,164,150,N,True
2,0,77,150,N,True
2,0,305,150,N,True
2,0,153,150,N,True
2,0,154,150,N,True
2,0,198,150,N,True
2,0,336,150,N,True
2,0,241,150,N,True
2,0,253,150,N,True
2,0,267,150,N,True
2,0,316,150,N,True
2,0,47,150,N,True
2,0,34,150,N,True
2,0,35,150,N,True
2,0,reel3__5,150,N,True
2,bot0__9,bot1__1,150,N,True
2,123,318,151,N,True
2,271,318,151,N,True
2,104,318,151,N,True
2,236,318,151,N,True
2,109,295,151,N,True
2,104,295,151,N,True
2,9,295,151,N,True
2,26,295,151,N,True
2,67,344,151,N,True
2,122,344,151,N,True
2,104,344,151,N,True
2,252,169,151,N,True
2,104,169,151,N,True
2,67,169,151,N,True
2,322,169,151,N,True
2,277,169,151,N,True
2,109,169,151,N,True
2,271,169,151,N,True
2,236,169,151,N,True
2,142,169,151,N,True
2,26,169,151,N,True
2,122,169,151,N,True
2,9,169,151,N,True
2,88,73,151,N,True
2,88,164,151,N,True
2,285,164,151,N,True
2,322,1,151,N,True
2,88,1,151,N,True
2,236,1,151,N,True
2,88,106,151,N,True
2,213,80,151,N,True
2,88,80,151,N,True
2,88,reel3__8,151,N,True
2,213,204,151,N,True
2,277,204,151,N,True
2,213,57,151,N,True
2,277,57,151,N,True
2,213,7,151,N,True
2,322,7,151,N,True
2,213,340,151,N,True
2,77,40,151,N,True
2,67,40,151,N,True
2,325,40,151,N,True
2,213,40,151,N,True
2,322,40,151,N,True
2,277,40,151,N,True
2,142,40,151,N,True
2,271,40,151,N,True
2,272,40,151,N,True
2,199,40,151,N,True
2,26,40,151,N,True
2,200,40,151,N,True
2,252,315,151,N,True
2,67,315,151,N,True
2,26,315,151,N,True
2,213,315,151,N,True
2,322,315,151,N,True
2,277,315,151,N,True
2,223,315,151,N,True
2,271,315,151,N,True
2,236,315,151,N,True
2,199,315,151,N,True
2,142,315,151,N,True
2,303,315,151,N,True
2,122,315,151,N,True
2,9,315,151,N,True
2,98,315,151,N,True
2,285,315,151,N,True
2,252,291,151,N,True
2,213,291,151,N,True
2,277,291,151,N,True
2,271,291,151,N,True
2,272,291,151,N,True
2,199,291,151,N,True
2,26,291,151,N,True
2,9,291,151,N,True
2,98,291,151,N,True
2,213,246,151,N,True
2,322,246,151,N,True
2,223,246,151,N,True
2,285,246,151,N,True
2,67,324,151,N,True
2,213,324,151,N,True
2,277,324,151,N,True
2,109,324,151,N,True
2,199,324,151,N,True
2,200,324,151,N,True
2,252,324,151,N,True
2,67,224,151,N,True
2,213,224,151,N,True
2,322,224,151,N,True
2,271,224,151,N,True
2,236,224,151,N,True
2,26,224,151,N,True
2,200,224,151,N,True
2,122,224,151,N,True
2,9,224,151,N,True
2,178,30,151,N,True
2,213,30,151,N,True
2,322,30,151,N,True
2,271,30,151,N,True
2,236,30,151,N,True
2,200,30,151,N,True
2,303,30,151,N,True
2,9,30,151,N,True
2,213,5,151,N,True
2,122,5,151,N,True
2,67,136,151,N,True
2,213,136,151,N,True
2,322,136,151,N,True
2,122,136,151,N,True
2,285,136,151,N,True
2,178,231,151,N,True
2,77,231,151,N,True
2,213,231,151,N,True
2,199,231,151,N,True
2,9,231,151,N,True
2,213,bot6__3,151,N,True
2,322,207,151,N,True
2,252,304,151,N,True
2,341,304,151,N,True
2,67,304,151,N,True
2,325,304,151,N,True
2,26,304,151,N,True
2,322,304,151,N,True
2,277,304,151,N,True
2,109,304,151,N,True
2,271,304,151,N,True
2,272,304,151,N,True
2,236,304,151,N,True
2,199,304,151,N,True
2,200,304,151,N,True
2,122,304,151,N,True
2,9,304,151,N,True
2,98,304,151,N,True
2,285,304,151,N,True
2,322,290,151,N,True
2,67,290,151,N,True
2,271,290,151,N,True
2,277,290,151,N,True
2,322,60,151,N,True
2,285,60,151,N,True
2,322,85,151,N,True
2,271,85,151,N,True
2,272,85,151,N,True
2,9,85,151,N,True
2,67,185,151,N,True
2,322,185,151,N,True
2,271,185,151,N,True
2,272,185,151,N,True
2,26,185,151,N,True
2,200,185,151,N,True
2,55,185,151,N,True
2,9,185,151,N,True
2,285,185,151,N,True
2,59,118,151,N,True
2,67,118,151,N,True
2,325,118,151,N,True
2,322,118,151,N,True
2,277,118,151,N,True
2,109,118,151,N,True
2,271,118,151,N,True
2,199,118,151,N,True
2,26,118,151,N,True
2,200,118,151,N,True
2,252,118,151,N,True
2,98,118,151,N,True
2,252,297,151,N,True
2,67,297,151,N,True
2,26,297,151,N,True
2,322,297,151,N,True
2,109,297,151,N,True
2,271,297,151,N,True
2,272,297,151,N,True
2,236,297,151,N,True
2,142,297,151,N,True
2,200,297,151,N,True
2,122,297,151,N,True
2,9,297,151,N,True
2,322,257,151,N,True
2,272,257,151,N,True
2,236,257,151,N,True
2,26,257,151,N,True
2,67,75,151,N,True
2,322,75,151,N,True
2,272,75,151,N,True
2,200,75,151,N,True
2,9,75,151,N,True
2,322,339,151,N,True
2,277,339,151,N,True
2,252,280,151,N,True
2,67,280,151,N,True
2,322,280,151,N,True
2,277,280,151,N,True
2,142,280,151,N,True
2,271,280,151,N,True
2,272,280,151,N,True
2,236,280,151,N,True
2,26,280,151,N,True
2,200,280,151,N,True
2,122,280,151,N,True
2,9,280,151,N,True
2,98,280,151,N,True
2,322,232,151,N,True
2,271,232,151,N,True
2,199,232,151,N,True
2,26,232,151,N,True
2,200,232,151,N,True
2,122,232,151,N,True
2,9,232,151,N,True
2,285,232,151,N,True
2,322,38,151,N,True
2,178,38,151,N,True
2,252,342,151,N,True
2,59,342,151,N,True
2,67,342,151,N,True
2,325,342,151,N,True
2,322,342,151,N,True
2,277,342,151,N,True
2,223,342,151,N,True
2,271,342,151,N,True
2,199,342,151,N,True
2,123,342,151,N,True
2,122,342,151,N,True
2,9,342,151,N,True
2,98,342,151,N,True
2,285,342,151,N,True
2,322,133,151,N,True
2,271,133,151,N,True
2,236,133,151,N,True
2,26,133,151,N,True
2,9,133,151,N,True
2,322,bot2__7,151,N,True
2,252,119,151,N,True
2,67,119,151,N,True
2,325,119,151,N,True
2,277,119,151,N,True
2,109,119,151,N,True
2,271,119,151,N,True
2,199,119,151,N,True
2,26,119,151,N,True
2,200,119,151,N,True
2,122,119,151,N,True
2,9,119,151,N,True
2,98,119,151,N,True
2,285,119,151,N,True
2,109,148,151,N,True
2,271,148,151,N,True
2,272,148,151,N,True
2,9,148,151,N,True
2,98,148,151,N,True
2,67,31,151,N,True
2,277,31,151,N,True
2,109,31,151,N,True
2,142,31,151,N,True
2,200,31,151,N,True
2,122,31,151,N,True
2,252,31,151,N,True
2,277,50,151,N,True
2,109,50,151,N,True
2,109,reel1__1,151,N,True
2,59,261,151,N,True
2,67,261,151,N,True
2,325,261,151,N,True
2,223,261,151,N,True
2,271,261,151,N,True
2,199,261,151,N,True
2,123,261,151,N,True
2,55,261,151,N,True
2,122,261,151,N,True
2,252,261,151,N,True
2,98,261,151,N,True
2,285,261,151,N,True
2,67,265,151,N,True
2,325,265,151,N,True
2,223,265,151,N,True
2,271,265,151,N,True
2,199,265,151,N,True
2,26,265,151,N,True
2,252,265,151,N,True
2,98,265,151,N,True
2,59,211,151,N,True
2,325,211,151,N,True
2,223,211,151,N,True
2,271,211,151,N,True
2,199,211,151,N,True
2,272,211,151,N,True
2,98,211,151,N,True
2,285,211,151,N,True
2,67,313,151,N,True
2,325,313,151,N,True
2,223,313,151,N,True
2,271,313,151,N,True
2,199,313,151,N,True
2,26,313,151,N,True
2,252,313,151,N,True
2,98,313,151,N,True
2,285,313,151,N,True
2,223,bot6__6,151,N,True
2,236,84,151,N,True
2,277,105,151,N,True
2,272,105,151,N,True
2,236,105,151,N,True
2,9,105,151,N,True
2,67,69,151,N,True
2,236,69,151,N,True
2,9,69,151,N,True
2,26,69,151,N,True
2,236,121,151,N,True
2,67,248,151,N,True
2,277,248,151,N,True
2,236,248,151,N,True
2,26,248,151,N,True
2,200,248,151,N,True
2,122,248,151,N,True
2,252,248,151,N,True
2,277,159,151,N,True
2,272,159,151,N,True
2,272,346,151,N,True
2,252,72,151,N,True
2,67,72,151,N,True
2,271,72,151,N,True
2,199,72,151,N,True
2,272,72,151,N,True
2,26,72,151,N,True
2,200,72,151,N,True
2,9,72,151,N,True
2,122,281,151,N,True
2,272,281,151,N,True
2,272,127,151,N,True
2,67,156,151,N,True
2,122,156,151,N,True
2,272,156,151,N,True
2,9,156,151,N,True
2,67,79,151,N,True
2,271,79,151,N,True
2,272,79,151,N,True
2,26,79,151,N,True
2,200,79,151,N,True
2,252,79,151,N,True
2,9,79,151,N,True
2,59,82,151,N,True
2,67,82,151,N,True
2,325,82,151,N,True
2,271,82,151,N,True
2,199,82,151,N,True
2,123,82,151,N,True
2,252,82,151,N,True
2,98,82,151,N,True
2,271,103,151,N,True
2,200,103,151,N,True
2,252,103,151,N,True
2,98,103,151,N,True
2,285,103,151,N,True
2,122,176,151,N,True
2,271,176,151,N,True
2,9,176,151,N,True
2,26,176,151,N,True
2,271,298,151,N,True
2,199,298,151,N,True
2,26,298,151,N,True
2,271,63,151,N,True
2,271,bot5__5,151,N,True
2,271,reel5__1,151,N,True
2,67,134,151,N,True
2,277,134,151,N,True
2,142,134,151,N,True
2,199,134,151,N,True
2,26,134,151,N,True
2,252,134,151,N,True
2,9,134,151,N,True
2,67,3,151,N,True
2,142,3,151,N,True
2,26,3,151,N,True
2,200,3,151,N,True
2,122,3,151,N,True
2,9,3,151,N,True
2,9,reel1__8,151,N,True
2,9,bot3__4,151,N,True
2,9,reel4__9,151,N,True
2,77,117,151,N,True
2,285,117,151,N,True
2,67,196,151,N,True
2,285,196,151,N,True
2,67,10,151,N,True
2,277,10,151,N,True
2,142,10,151,N,True
2,200,10,151,N,True
2,285,10,151,N,True
2,277,175,151,N,True
2,277,22,151,N,True
2,277,120,151,N,True
2,277,132,151,N,True
2,303,132,151,N,True
2,45,132,151,N,True
2,277,311,151,N,True
2,325,311,151,N,True
2,277,168,151,N,True
2,277,reel3__5,151,N,True
2,277,bot6__4,151,N,True
2,199,288,151,N,True
2,bot0__4,202,151,N,True
2,341,274,151,N,True
2,200,274,151,N,True
2,122,274,151,N,True
2,122,284,151,N,True
2,122,251,151,N,True
2,122,reel6__6,151,N,True
2,252,338,151,N,True
2,98,reel0__1,151,N,True
2,98,reel0__5,151,N,True
2,341,bot0__8,151,N,True
2,178,206,151,N,True
2,178,reel3__7,151,N,True
2,123,reel4__0,151,N,True
2,200,165,151,N,True
2,303,reel5__2,151,N,True
2,285,bot3__3,151,N,True
2,304,332,152,N,True
2,0,332,152,N,True
2,252,332,152,N,True
2,170,332,152,N,True
2,170,334,152,N,True
2,0,334,152,N,True
2,304,334,152,N,True
2,188,334,152,N,True
2,252,334,152,N,True
2,9,334,152,N,True
2,308,334,152,N,True
2,239,26,152,N,True
2,170,26,152,N,True
2,62,26,152,N,True
2,0,26,152,N,True
2,304,26,152,N,True
2,188,26,152,N,True
2,252,26,152,N,True
2,9,26,152,N,True
2,308,26,152,N,True
2,252,248,152,N,True
2,0,248,152,N,True
2,304,236,152,N,True
2,252,236,152,N,True
2,0,236,152,N,True
2,62,236,152,N,True
2,239,109,152,N,True
2,304,109,152,N,True
2,252,109,152,N,True
2,0,109,152,N,True
2,9,134,152,N,True
2,304,134,152,N,True
2,252,134,152,N,True
2,0,134,152,N,True
2,239,113,152,N,True
2,0,113,152,N,True
2,304,113,152,N,True
2,188,113,152,N,True
2,252,113,152,N,True
2,9,113,152,N,True
2,239,119,152,N,True
2,170,119,152,N,True
2,0,119,152,N,True
2,188,119,152,N,True
2,252,119,152,N,True
2,9,119,152,N,True
2,239,325,152,N,True
2,304,325,152,N,True
2,252,325,152,N,True
2,0,325,152,N,True
2,239,200,152,N,True
2,170,200,152,N,True
2,62,200,152,N,True
2,0,200,152,N,True
2,304,200,152,N,True
2,188,200,152,N,True
2,252,200,152,N,True
2,9,200,152,N,True
2,239,172,152,N,True
2,29,172,152,N,True
2,0,172,152,N,True
2,304,172,152,N,True
2,252,172,152,N,True
2,308,172,152,N,True
2,252,65,152,N,True
2,0,65,152,N,True
2,239,280,152,N,True
2,0,280,152,N,True
2,304,280,152,N,True
2,188,280,152,N,True
2,252,280,152,N,True
2,9,280,152,N,True
2,252,103,152,N,True
2,0,103,152,N,True
2,239,123,152,N,True
2,252,123,152,N,True
2,0,123,152,N,True
2,239,67,152,N,True
2,170,67,152,N,True
2,62,67,152,N,True
2,0,67,152,N,True
2,304,67,152,N,True
2,188,67,152,N,True
2,252,67,152,N,True
2,9,67,152,N,True
2,308,67,152,N,True
2,239,265,152,N,True
2,252,265,152,N,True
2,0,265,152,N,True
2,9,128,152,N,True
2,0,128,152,N,True
2,252,128,152,N,True
2,170,128,152,N,True
2,239,199,152,N,True
2,62,199,152,N,True
2,0,199,152,N,True
2,304,199,152,N,True
2,252,199,152,N,True
2,9,199,152,N,True
2,239,313,152,N,True
2,0,313,152,N,True
2,252,313,152,N,True
2,170,313,152,N,True
2,239,212,152,N,True
2,304,212,152,N,True
2,252,212,152,N,True
2,0,212,152,N,True
2,304,324,152,N,True
2,252,324,152,N,True
2,0,324,152,N,True
2,9,79,152,N,True
2,188,79,152,N,True
2,252,79,152,N,True
2,0,79,152,N,True
2,239,98,152,N,True
2,170,98,152,N,True
2,62,98,152,N,True
2,0,98,152,N,True
2,304,98,152,N,True
2,252,98,152,N,True
2,239,66,152,N,True
2,0,66,152,N,True
2,304,66,152,N,True
2,252,66,152,N,True
2,9,66,152,N,True
2,308,66,152,N,True
2,239,285,152,N,True
2,170,285,152,N,True
2,0,285,152,N,True
2,304,285,152,N,True
2,188,285,152,N,True
2,252,285,152,N,True
2,9,285,152,N,True
2,239,223,152,N,True
2,170,223,152,N,True
2,62,223,152,N,True
2,0,223,152,N,True
2,188,223,152,N,True
2,252,223,152,N,True
2,239,104,152,N,True
2,188,104,152,N,True
2,252,104,152,N,True
2,0,104,152,N,True
2,239,142,152,N,True
2,170,142,152,N,True
2,62,142,152,N,True
2,0,142,152,N,True
2,188,142,152,N,True
2,252,142,152,N,True
2,9,142,152,N,True
2,308,142,152,N,True
2,239,169,152,N,True
2,252,169,152,N,True
2,0,169,152,N,True
2,9,169,152,N,True
2,239,21,152,N,True
2,170,21,152,N,True
2,0,21,152,N,True
2,304,21,152,N,True
2,188,21,152,N,True
2,252,21,152,N,True
2,9,21,152,N,True
2,308,21,152,N,True
2,239,55,152,N,True
2,0,55,152,N,True
2,252,55,152,N,True
2,170,55,152,N,True
2,252,342,152,N,True
2,170,342,152,N,True
2,0,342,152,N,True
2,188,342,152,N,True
2,9,342,152,N,True
2,239,238,152,N,True
2,252,238,152,N,True
2,0,238,152,N,True
2,239,344,152,N,True
2,0,344,152,N,True
2,239,141,152,N,True
2,62,141,152,N,True
2,0,141,152,N,True
2,304,141,152,N,True
2,9,141,152,N,True
2,239,211,152,N,True
2,29,211,152,N,True
2,170,211,152,N,True
2,0,211,152,N,True
2,304,211,152,N,True
2,239,295,152,N,True
2,9,295,152,N,True
2,0,295,152,N,True
2,239,234,152,N,True
2,0,234,152,N,True
2,239,232,152,N,True
2,9,232,152,N,True
2,0,232,152,N,True
2,239,231,152,N,True
2,29,231,152,N,True
2,0,231,152,N,True
2,9,231,152,N,True
2,bot5__0,reel1__9,152,N,True
2,bot5__0,bot3__6,152,N,True
2,29,247,152,N,True
2,0,247,152,N,True
2,29,16,152,N,True
2,0,16,152,N,True
2,29,bot5__6,152,N,True
2,0,124,152,N,True
2,170,124,152,N,True
2,0,260,152,N,True
2,170,260,152,N,True
2,0,185,152,N,True
2,188,185,152,N,True
2,9,185,152,N,True
2,170,185,152,N,True
2,0,85,152,N,True
2,188,85,152,N,True
2,9,85,152,N,True
2,170,85,152,N,True
2,170,75,152,N,True
2,0,75,152,N,True
2,304,75,152,N,True
2,188,75,152,N,True
2,9,75,152,N,True
2,170,reel0__0,152,N,True
2,170,reel3__6,152,N,True
2,170,reel3__7,152,N,True
2,188,133,152,N,True
2,9,133,152,N,True
2,0,133,152,N,True
2,62,133,152,N,True
2,0,318,152,N,True
2,62,318,152,N,True
2,0,130,152,N,True
2,62,130,152,N,True
2,62,224,152,N,True
2,0,224,152,N,True
2,304,224,152,N,True
2,188,224,152,N,True
2,9,224,152,N,True
2,0,96,152,N,True
2,62,96,152,N,True
2,bot4__8,bot1__5,152,N,True
2,bot6__0,bot4__6,152,N,True
2,bot6__0,reel5__3,152,N,True
2,0,24,152,N,True
2,9,329,152,N,True
2,0,329,152,N,True
2,308,329,152,N,True
2,0,204,152,N,True
2,304,84,152,N,True
2,0,84,152,N,True
2,0,53,152,N,True
2,0,254,152,N,True
2,0,127,152,N,True
2,0,135,152,N,True
2,0,116,152,N,True
2,0,299,152,N,True
2,0,288,152,N,True
2,0,48,152,N,True
2,0,57,152,N,True
2,0,63,152,N,True
2,0,270,152,N,True
2,0,76,152,N,True
2,0,36,152,N,True
2,0,88,152,N,True
2,0,339,152,N,True
2,0,108,152,N,True
2,0,197,152,N,True
2,0,275,152,N,True
2,0,83,152,N,True
2,0,28,152,N,True
2,0,312,152,N,True
2,0,242,152,N,True
2,0,214,152,N,True
2,0,20,152,N,True
2,0,307,152,N,True
2,0,71,152,N,True
2,0,333,152,N,True
2,0,207,152,N,True
2,304,168,152,N,True
2,0,168,152,N,True
2,0,78,152,N,True
2,0,317,152,N,True
2,304,158,152,N,True
2,0,158,152,N,True
2,0,38,152,N,True
2,9,105,152,N,True
2,0,105,152,N,True
2,0,217,152,N,True
2,0,126,152,N,True
2,0,283,152,N,True
2,0,226,152,N,True
2,0,146,152,N,True
2,0,300,152,N,True
2,0,94,152,N,True
2,0,1,152,N,True
2,0,184,152,N,True
2,0,17,152,N,True
2,0,326,152,N,True
2,0,80,152,N,True
2,304,7,152,N,True
2,0,7,152,N,True
2,308,7,152,N,True
2,0,320,152,N,True
2,304,246,152,N,True
2,0,246,152,N,True
2,308,246,152,N,True
2,0,284,152,N,True
2,0,140,152,N,True
2,0,137,152,N,True
2,0,343,152,N,True
2,0,14,152,N,True
2,0,310,152,N,True
2,0,32,152,N,True
2,0,92,152,N,True
2,0,125,152,N,True
2,0,266,152,N,True
2,0,278,152,N,True
2,0,340,152,N,True
2,0,237,152,N,True
2,0,311,152,N,True
2,0,309,152,N,True
2,0,330,152,N,True
2,304,249,152,N,True
2,0,249,152,N,True
2,0,39,152,N,True
2,0,251,152,N,True
2,304,257,152,N,True
2,0,257,152,N,True
2,0,196,152,N,True
2,188,156,152,N,True
2,9,156,152,N,True
2,0,156,152,N,True
2,0,286,152,N,True
2,0,81,152,N,True
2,0,174,152,N,True
2,0,281,152,N,True
2,0,263,152,N,True
2,0,279,152,N,True
2,0,51,152,N,True
2,0,218,152,N,True
2,0,314,152,N,True
2,0,5,152,N,True
2,0,178,152,N,True
2,0,192,152,N,True
2,0,243,152,N,True
2,0,195,152,N,True
2,0,181,152,N,True
2,0,8,152,N,True
2,0,245,152,N,True
2,0,328,152,N,True
2,0,150,152,N,True
2,0,99,152,N,True
2,0,296,152,N,True
2,0,163,152,N,True
2,188,165,152,N,True
2,0,165,152,N,True
2,0,121,152,N,True
2,0,306,152,N,True
2,0,177,152,N,True
2,0,180,152,N,True
2,0,87,152,N,True
2,308,87,152,N,True
2,0,189,152,N,True
2,0,259,152,N,True
2,0,269,152,N,True
2,0,167,152,N,True
2,0,91,152,N,True
2,0,143,152,N,True
2,0,61,152,N,True
2,0,41,152,N,True
2,0,235,152,N,True
2,0,6,152,N,True
2,0,89,152,N,True
2,0,221,152,N,True
2,0,337,152,N,True
2,0,100,152,N,True
2,0,264,152,N,True
2,0,225,152,N,True
2,0,86,152,N,True
2,0,152,152,N,True
2,9,148,152,N,True
2,0,148,152,N,True
2,0,201,152,N,True
2,0,289,152,N,True
2,0,321,152,N,True
2,0,131,152,N,True
2,0,22,152,N,True
2,308,22,152,N,True
2,0,298,152,N,True
2,0,262,152,N,True
2,0,220,152,N,True
2,0,44,152,N,True
2,0,97,152,N,True
2,0,112,152,N,True
2,0,90,152,N,True
2,0,179,152,N,True
2,0,216,152,N,True
2,0,151,152,N,True
2,0,95,152,N,True
2,0,190,152,N,True
2,0,282,152,N,True
2,0,244,152,N,True
2,0,319,152,N,True
2,0,256,152,N,True
2,0,166,152,N,True
2,0,155,152,N,True
2,0,191,152,N,True
2,0,206,152,N,True
2,0,138,152,N,True
2,0,164,152,N,True
2,0,240,152,N,True
2,0,77,152,N,True
2,0,219,152,N,True
2,0,305,152,N,True
2,0,154,152,N,True
2,0,182,152,N,True
2,0,253,152,N,True
2,0,205,152,N,True
2,0,47,152,N,True
2,0,52,152,N,True
2,0,34,152,N,True
2,0,reel3__5,152,N,True
2,188,bot1__1,152,N,True
2,9,bot3__1,152,N,True
2,9,bot3__4,152,N,True
2,9,reel4__9,152,N,True
2,308,bot2__7,152,N,True
2,0,264,154,N,True
2,110,264,154,N,True
2,0,91,154,N,True
2,110,91,154,N,True
2,0,259,154,N,True
2,110,259,154,N,True
2,110,reel0__1,154,N,True
2,110,bot3__6,154,N,True
2,110,bot7__7,154,N,True
2,77,40,154,N,True
2,0,40,154,N,True
2,77,332,154,N,True
2,0,332,154,N,True
2,77,117,154,N,True
2,0,117,154,N,True
2,77,294,154,N,True
2,0,294,154,N,True
2,77,231,154,N,True
2,0,231,154,N,True
2,250,59,154,N,True
2,0,59,154,N,True
2,250,252,154,N,True
2,0,252,154,N,True
2,250,170,154,N,True
2,0,170,154,N,True
2,250,322,154,N,True
2,0,322,154,N,True
2,250,reel1__4,154,N,True
2,250,bot2__5,154,N,True
2,0,236,154,N,True
2,0,186,154,N,True
2,0,122,154,N,True
2,0,285,154,N,True
2,0,24,154,N,True
2,0,271,154,N,True
2,0,304,154,N,True
2,0,176,154,N,True
2,0,9,154,N,True
2,0,130,154,N,True
2,0,329,154,N,True
2,0,204,154,N,True
2,0,82,154,N,True
2,0,276,154,N,True
2,0,26,154,N,True
2,0,272,154,N,True
2,0,211,154,N,True
2,0,199,154,N,True
2,0,84,154,N,True
2,0,133,154,N,True
2,0,62,154,N,True
2,0,239,154,N,True
2,0,53,154,N,True
2,0,3,154,N,True
2,0,175,154,N,True
2,0,46,154,N,True
2,0,56,154,N,True
2,0,254,154,N,True
2,0,194,154,N,True
2,0,127,154,N,True
2,0,135,154,N,True
2,0,103,154,N,True
2,0,23,154,N,True
2,0,116,154,N,True
2,0,73,154,N,True
2,0,299,154,N,True
2,0,288,154,N,True
2,0,119,154,N,True
2,0,48,154,N,True
2,0,57,154,N,True
2,0,200,154,N,True
2,0,98,154,N,True
2,0,313,154,N,True
2,0,344,154,N,True
2,0,67,154,N,True
2,0,118,154,N,True
2,0,325,154,N,True
2,0,76,154,N,True
2,0,36,154,N,True
2,0,223,154,N,True
2,0,274,154,N,True
2,0,88,154,N,True
2,0,21,154,N,True
2,0,339,154,N,True
2,0,197,154,N,True
2,0,273,154,N,True
2,0,83,154,N,True
2,0,312,154,N,True
2,0,242,154,N,True
2,0,214,154,N,True
2,0,20,154,N,True
2,0,307,154,N,True
2,0,71,154,N,True
2,0,168,154,N,True
2,0,308,154,N,True
2,0,341,154,N,True
2,0,128,154,N,True
2,0,334,154,N,True
2,0,238,154,N,True
2,0,265,154,N,True
2,0,141,154,N,True
2,0,78,154,N,True
2,0,345,154,N,True
2,0,38,154,N,True
2,0,27,154,N,True
2,0,54,154,N,True
2,0,139,154,N,True
2,0,291,154,N,True
2,0,203,154,N,True
2,0,105,154,N,True
2,0,232,154,N,True
2,0,217,154,N,True
2,0,248,154,N,True
2,0,224,154,N,True
2,0,261,154,N,True
2,0,283,154,N,True
2,0,144,154,N,True
2,0,226,154,N,True
2,0,290,154,N,True
2,0,25,154,N,True
2,0,146,154,N,True
2,0,300,154,N,True
2,0,1,154,N,True
2,0,184,154,N,True
2,0,159,154,N,True
2,0,149,154,N,True
2,0,13,154,N,True
2,0,17,154,N,True
2,0,326,154,N,True
2,0,80,154,N,True
2,0,161,154,N,True
2,0,66,154,N,True
2,0,136,154,N,True
2,0,7,154,N,True
2,0,49,154,N,True
2,0,320,154,N,True
2,0,85,154,N,True
2,0,246,154,N,True
2,0,123,154,N,True
2,0,284,154,N,True
2,0,140,154,N,True
2,0,137,154,N,True
2,0,343,154,N,True
2,0,115,154,N,True
2,0,297,154,N,True
2,0,185,154,N,True
2,0,324,154,N,True
2,0,171,154,N,True
2,0,111,154,N,True
2,0,14,154,N,True
2,0,32,154,N,True
2,0,30,154,N,True
2,0,222,154,N,True
2,0,92,154,N,True
2,0,72,154,N,True
2,0,125,154,N,True
2,0,212,154,N,True
2,0,278,154,N,True
2,0,340,154,N,True
2,0,237,154,N,True
2,0,330,154,N,True
2,0,230,154,N,True
2,0,70,154,N,True
2,0,16,154,N,True
2,0,249,154,N,True
2,0,39,154,N,True
2,0,251,154,N,True
2,0,10,154,N,True
2,0,228,154,N,True
2,0,69,154,N,True
2,0,113,154,N,True
2,0,258,154,N,True
2,0,257,154,N,True
2,0,303,154,N,True
2,0,286,154,N,True
2,0,81,154,N,True
2,0,174,154,N,True
2,0,293,154,N,True
2,0,33,154,N,True
2,0,42,154,N,True
2,0,347,154,N,True
2,0,2,154,N,True
2,0,263,154,N,True
2,0,279,154,N,True
2,0,51,154,N,True
2,0,338,154,N,True
2,0,19,154,N,True
2,0,75,154,N,True
2,0,218,154,N,True
2,0,268,154,N,True
2,0,314,154,N,True
2,0,178,154,N,True
2,0,243,154,N,True
2,0,195,154,N,True
2,0,181,154,N,True
2,0,245,154,N,True
2,0,129,154,N,True
2,0,328,154,N,True
2,0,331,154,N,True
2,0,101,154,N,True
2,0,99,154,N,True
2,0,296,154,N,True
2,0,102,154,N,True
2,0,318,154,N,True
2,0,163,154,N,True
2,0,173,154,N,True
2,0,165,154,N,True
2,0,121,154,N,True
2,0,306,154,N,True
2,0,177,154,N,True
2,0,87,154,N,True
2,0,60,154,N,True
2,0,45,154,N,True
2,0,269,154,N,True
2,0,167,154,N,True
2,0,227,154,N,True
2,0,143,154,N,True
2,0,93,154,N,True
2,0,235,154,N,True
2,0,89,154,N,True
2,0,107,154,N,True
2,0,208,154,N,True
2,0,132,154,N,True
2,0,221,154,N,True
2,0,301,154,N,True
2,0,106,154,N,True
2,0,337,154,N,True
2,0,100,154,N,True
2,0,225,154,N,True
2,0,86,154,N,True
2,0,152,154,N,True
2,0,295,154,N,True
2,0,201,154,N,True
2,0,289,154,N,True
2,0,260,154,N,True
2,0,160,154,N,True
2,0,68,154,N,True
2,0,131,154,N,True
2,0,22,154,N,True
2,0,234,154,N,True
2,0,44,154,N,True
2,0,50,154,N,True
2,0,193,154,N,True
2,0,97,154,N,True
2,0,112,154,N,True
2,0,90,154,N,True
2,0,179,154,N,True
2,0,157,154,N,True
2,0,4,154,N,True
2,0,327,154,N,True
2,0,95,154,N,True
2,0,120,154,N,True
2,0,247,154,N,True
2,0,282,154,N,True
2,0,319,154,N,True
2,0,233,154,N,True
2,0,256,154,N,True
2,0,166,154,N,True
2,0,202,154,N,True
2,0,191,154,N,True
2,0,206,154,N,True
2,0,229,154,N,True
2,0,138,154,N,True
2,0,164,154,N,True
2,0,240,154,N,True
2,0,219,154,N,True
2,0,305,154,N,True
2,0,153,154,N,True
2,0,198,154,N,True
2,0,182,154,N,True
2,0,241,154,N,True
2,0,267,154,N,True
2,0,316,154,N,True
2,0,205,154,N,True
2,0,47,154,N,True
2,0,183,154,N,True
2,0,34,154,N,True
2,149,20,155,N,True
2,0,20,155,N,True
2,14,20,155,N,True
2,312,20,155,N,True
2,326,20,155,N,True
2,149,343,155,N,True
2,144,343,155,N,True
2,0,343,155,N,True
2,14,343,155,N,True
2,312,343,155,N,True
2,326,343,155,N,True
2,149,333,155,N,True
2,0,333,155,N,True
2,326,2,155,N,True
2,312,2,155,N,True
2,149,2,155,N,True
2,0,2,155,N,True
2,144,17,155,N,True
2,310,17,155,N,True
2,0,17,155,N,True
2,312,17,155,N,True
2,326,17,155,N,True
2,140,17,155,N,True
2,310,32,155,N,True
2,0,32,155,N,True
2,310,337,155,N,True
2,0,337,155,N,True
2,312,243,155,N,True
2,310,243,155,N,True
2,0,243,155,N,True
2,0,236,155,N,True
2,0,186,155,N,True
2,0,285,155,N,True
2,0,24,155,N,True
2,0,346,155,N,True
2,0,304,155,N,True
2,0,9,155,N,True
2,0,130,155,N,True
2,0,329,155,N,True
2,0,204,155,N,True
2,0,213,155,N,True
2,0,332,155,N,True
2,0,26,155,N,True
2,0,280,155,N,True
2,0,272,155,N,True
2,0,199,155,N,True
2,0,133,155,N,True
2,0,239,155,N,True
2,0,53,155,N,True
2,0,3,155,N,True
2,0,170,155,N,True
2,0,175,155,N,True
2,0,56,155,N,True
2,0,254,155,N,True
2,0,231,155,N,True
2,0,127,155,N,True
2,0,73,155,N,True
2,0,299,155,N,True
2,0,288,155,N,True
2,0,315,155,N,True
2,0,323,155,N,True
2,0,48,155,N,True
2,0,200,155,N,True
2,0,98,155,N,True
2,0,63,155,N,True
2,0,344,155,N,True
2,0,67,155,N,True
2,0,325,155,N,True
2,0,277,155,N,True
2,0,270,155,N,True
2,0,274,155,N,True
2,0,21,155,N,True
2,0,197,155,N,True
2,0,169,155,N,True
2,0,275,155,N,True
2,0,273,155,N,True
2,0,83,155,N,True
2,0,242,155,N,True
2,0,307,155,N,True
2,0,207,155,N,True
2,0,168,155,N,True
2,0,128,155,N,True
2,0,141,155,N,True
2,0,345,155,N,True
2,0,302,155,N,True
2,0,27,155,N,True
2,0,54,155,N,True
2,0,139,155,N,True
2,0,291,155,N,True
2,0,142,155,N,True
2,0,203,155,N,True
2,0,232,155,N,True
2,0,64,155,N,True
2,0,217,155,N,True
2,0,248,155,N,True
2,0,126,155,N,True
2,0,224,155,N,True
2,0,261,155,N,True
2,0,283,155,N,True
2,0,290,155,N,True
2,0,25,155,N,True
2,0,342,155,N,True
2,0,94,155,N,True
2,0,184,155,N,True
2,0,159,155,N,True
2,0,13,155,N,True
2,0,59,155,N,True
2,0,80,155,N,True
2,0,136,155,N,True
2,0,255,155,N,True
2,0,85,155,N,True
2,0,246,155,N,True
2,0,123,155,N,True
2,0,104,155,N,True
2,0,171,155,N,True
2,0,40,155,N,True
2,0,125,155,N,True
2,0,266,155,N,True
2,0,212,155,N,True
2,0,340,155,N,True
2,0,309,155,N,True
2,0,330,155,N,True
2,0,230,155,N,True
2,0,39,155,N,True
2,0,251,155,N,True
2,0,55,155,N,True
2,0,69,155,N,True
2,0,258,155,N,True
2,0,257,155,N,True
2,0,303,155,N,True
2,0,286,155,N,True
2,0,33,155,N,True
2,0,347,155,N,True
2,0,281,155,N,True
2,0,263,155,N,True
2,0,279,155,N,True
2,0,51,155,N,True
2,0,338,155,N,True
2,312,19,155,N,True
2,0,19,155,N,True
2,0,75,155,N,True
2,0,268,155,N,True
2,0,314,155,N,True
2,0,192,155,N,True
2,0,195,155,N,True
2,0,181,155,N,True
2,0,8,155,N,True
2,0,245,155,N,True
2,0,328,155,N,True
2,0,150,155,N,True
2,0,296,155,N,True
2,0,102,155,N,True
2,0,318,155,N,True
2,0,163,155,N,True
2,0,165,155,N,True
2,0,121,155,N,True
2,0,306,155,N,True
2,0,180,155,N,True
2,0,87,155,N,True
2,0,60,155,N,True
2,0,259,155,N,True
2,0,58,155,N,True
2,0,269,155,N,True
2,0,227,155,N,True
2,0,96,155,N,True
2,0,91,155,N,True
2,0,61,155,N,True
2,0,235,155,N,True
2,0,107,155,N,True
2,0,79,155,N,True
2,0,208,155,N,True
2,0,132,155,N,True
2,0,221,155,N,True
2,0,301,155,N,True
2,0,250,155,N,True
2,0,106,155,N,True
2,0,100,155,N,True
2,0,110,155,N,True
2,0,264,155,N,True
2,0,225,155,N,True
2,0,86,155,N,True
2,0,152,155,N,True
2,0,295,155,N,True
2,0,201,155,N,True
2,0,289,155,N,True
2,0,260,155,N,True
2,0,160,155,N,True
2,0,321,155,N,True
2,0,68,155,N,True
2,0,131,155,N,True
2,0,22,155,N,True
2,0,298,155,N,True
2,312,262,155,N,True
2,0,262,155,N,True
2,312,220,155,N,True
2,0,220,155,N,True
2,0,234,155,N,True
2,312,44,155,N,True
2,0,44,155,N,True
2,0,50,155,N,True
2,0,193,155,N,True
2,0,97,155,N,True
2,0,124,155,N,True
2,0,112,155,N,True
2,0,90,155,N,True
2,0,179,155,N,True
2,0,145,155,N,True
2,0,4,155,N,True
2,0,327,155,N,True
2,0,95,155,N,True
2,0,120,155,N,True
2,0,247,155,N,True
2,0,190,155,N,True
2,0,282,155,N,True
2,0,319,155,N,True
2,0,233,155,N,True
2,0,256,155,N,True
2,0,166,155,N,True
2,0,202,155,N,True
2,0,155,155,N,True
2,0,191,155,N,True
2,0,206,155,N,True
2,0,229,155,N,True
2,0,138,155,N,True
2,0,164,155,N,True
2,0,240,155,N,True
2,0,77,155,N,True
2,0,219,155,N,True
2,312,305,155,N,True
2,0,305,155,N,True
2,0,153,155,N,True
2,0,154,155,N,True
2,0,336,155,N,True
2,0,241,155,N,True
2,0,294,155,N,True
2,0,253,155,N,True
2,0,205,155,N,True
2,0,183,155,N,True
2,0,52,155,N,True
2,0,34,155,N,True
2,0,35,155,N,True
2,14,bot3__4,155,N,True
2,326,bot2__3,155,N,True
2,326,bot4__1,155,N,True
2,140,bot4__4,155,N,True
2,339,168,156,N,True
2,7,168,156,N,True
2,0,168,156,N,True
2,339,136,156,N,True
2,7,136,156,N,True
2,0,136,156,N,True
2,339,340,156,N,True
2,7,340,156,N,True
2,0,340,156,N,True
2,339,161,156,N,True
2,118,161,156,N,True
2,0,161,156,N,True
2,314,161,156,N,True
2,252,161,156,N,True
2,339,31,156,N,True
2,252,31,156,N,True
2,7,31,156,N,True
2,0,31,156,N,True
2,339,129,156,N,True
2,7,129,156,N,True
2,0,129,156,N,True
2,339,87,156,N,True
2,7,87,156,N,True
2,0,87,156,N,True
2,339,158,156,N,True
2,82,158,156,N,True
2,0,158,156,N,True
2,339,148,156,N,True
2,119,148,156,N,True
2,0,148,156,N,True
2,261,148,156,N,True
2,13,148,156,N,True
2,82,148,156,N,True
2,339,322,156,N,True
2,118,322,156,N,True
2,329,322,156,N,True
2,7,322,156,N,True
2,0,322,156,N,True
2,128,322,156,N,True
2,252,322,156,N,True
2,339,152,156,N,True
2,0,152,156,N,True
2,339,260,156,N,True
2,0,260,156,N,True
2,339,291,156,N,True
2,329,291,156,N,True
2,7,291,156,N,True
2,0,291,156,N,True
2,252,291,156,N,True
2,339,347,156,N,True
2,7,347,156,N,True
2,0,347,156,N,True
2,339,reel1__5,156,N,True
2,118,325,156,N,True
2,119,325,156,N,True
2,0,325,156,N,True
2,261,325,156,N,True
2,13,325,156,N,True
2,82,325,156,N,True
2,252,325,156,N,True
2,118,109,156,N,True
2,119,109,156,N,True
2,0,109,156,N,True
2,314,109,156,N,True
2,13,109,156,N,True
2,252,109,156,N,True
2,118,134,156,N,True
2,252,134,156,N,True
2,0,134,156,N,True
2,118,199,156,N,True
2,119,199,156,N,True
2,314,199,156,N,True
2,0,199,156,N,True
2,261,199,156,N,True
2,13,199,156,N,True
2,82,199,156,N,True
2,128,199,156,N,True
2,252,199,156,N,True
2,118,283,156,N,True
2,0,283,156,N,True
2,118,239,156,N,True
2,119,239,156,N,True
2,0,239,156,N,True
2,261,239,156,N,True
2,13,239,156,N,True
2,252,239,156,N,True
2,118,26,156,N,True
2,119,26,156,N,True
2,0,26,156,N,True
2,13,26,156,N,True
2,128,26,156,N,True
2,252,26,156,N,True
2,118,211,156,N,True
2,0,211,156,N,True
2,261,211,156,N,True
2,13,211,156,N,True
2,82,211,156,N,True
2,128,211,156,N,True
2,118,331,156,N,True
2,119,331,156,N,True
2,82,331,156,N,True
2,0,331,156,N,True
2,118,222,156,N,True
2,82,222,156,N,True
2,0,222,156,N,True
2,118,172,156,N,True
2,329,172,156,N,True
2,0,172,156,N,True
2,261,172,156,N,True
2,13,172,156,N,True
2,82,172,156,N,True
2,128,172,156,N,True
2,252,172,156,N,True
2,118,342,156,N,True
2,119,342,156,N,True
2,314,342,156,N,True
2,0,342,156,N,True
2,261,342,156,N,True
2,13,342,156,N,True
2,252,342,156,N,True
2,118,56,156,N,True
2,119,56,156,N,True
2,0,56,156,N,True
2,261,56,156,N,True
2,13,56,156,N,True
2,82,56,156,N,True
2,128,56,156,N,True
2,252,56,156,N,True
2,118,98,156,N,True
2,119,98,156,N,True
2,0,98,156,N,True
2,261,98,156,N,True
2,13,98,156,N,True
2,82,98,156,N,True
2,128,98,156,N,True
2,252,98,156,N,True
2,118,271,156,N,True
2,119,271,156,N,True
2,314,271,156,N,True
2,0,271,156,N,True
2,261,271,156,N,True
2,13,271,156,N,True
2,82,271,156,N,True
2,128,271,156,N,True
2,252,271,156,N,True
2,118,16,156,N,True
2,329,16,156,N,True
2,0,16,156,N,True
2,261,16,156,N,True
2,82,16,156,N,True
2,118,67,156,N,True
2,119,67,156,N,True
2,0,67,156,N,True
2,261,67,156,N,True
2,13,67,156,N,True
2,82,67,156,N,True
2,128,67,156,N,True
2,252,67,156,N,True
2,118,59,156,N,True
2,0,59,156,N,True
2,261,59,156,N,True
2,13,59,156,N,True
2,82,59,156,N,True
2,252,59,156,N,True
2,118,bot2__0,156,N,True
2,64,bot2__0,156,N,True
2,118,reel3__3,156,N,True
2,329,130,156,N,True
2,0,130,156,N,True
2,329,332,156,N,True
2,119,332,156,N,True
2,0,332,156,N,True
2,13,332,156,N,True
2,252,332,156,N,True
2,329,269,156,N,True
2,119,269,156,N,True
2,0,269,156,N,True
2,329,272,156,N,True
2,252,272,156,N,True
2,0,272,156,N,True
2,329,54,156,N,True
2,119,54,156,N,True
2,0,54,156,N,True
2,329,106,156,N,True
2,0,106,156,N,True
2,329,30,156,N,True
2,0,30,156,N,True
2,329,204,156,N,True
2,0,204,156,N,True
2,329,202,156,N,True
2,0,202,156,N,True
2,329,320,156,N,True
2,0,320,156,N,True
2,329,178,156,N,True
2,0,178,156,N,True
2,329,284,156,N,True
2,0,284,156,N,True
2,329,280,156,N,True
2,119,280,156,N,True
2,252,280,156,N,True
2,0,280,156,N,True
2,329,72,156,N,True
2,252,72,156,N,True
2,0,72,156,N,True
2,329,231,156,N,True
2,82,231,156,N,True
2,0,231,156,N,True
2,329,bot4__0,156,N,True
2,64,bot0__3,156,N,True
2,64,reel6__9,156,N,True
2,252,reel6__9,156,N,True
2,119,323,156,N,True
2,0,323,156,N,True
2,119,188,156,N,True
2,13,188,156,N,True
2,252,188,156,N,True
2,0,188,156,N,True
2,119,170,156,N,True
2,0,170,156,N,True
2,82,170,156,N,True
2,128,170,156,N,True
2,252,170,156,N,True
2,119,318,156,N,True
2,0,318,156,N,True
2,82,318,156,N,True
2,261,318,156,N,True
2,119,185,156,N,True
2,0,185,156,N,True
2,119,113,156,N,True
2,0,113,156,N,True
2,252,113,156,N,True
2,261,113,156,N,True
2,119,122,156,N,True
2,0,122,156,N,True
2,261,122,156,N,True
2,128,122,156,N,True
2,252,122,156,N,True
2,119,125,156,N,True
2,0,125,156,N,True
2,119,21,156,N,True
2,13,21,156,N,True
2,252,21,156,N,True
2,0,21,156,N,True
2,119,132,156,N,True
2,0,132,156,N,True
2,119,1,156,N,True
2,0,1,156,N,True
2,119,229,156,N,True
2,0,229,156,N,True
2,119,79,156,N,True
2,252,79,156,N,True
2,0,79,156,N,True
2,128,213,156,N,True
2,7,213,156,N,True
2,0,213,156,N,True
2,0,224,156,N,True
2,261,224,156,N,True
2,0,63,156,N,True
2,261,63,156,N,True
2,0,223,156,N,True
2,261,223,156,N,True
2,13,223,156,N,True
2,128,223,156,N,True
2,252,223,156,N,True
2,252,123,156,N,True
2,0,123,156,N,True
2,82,123,156,N,True
2,261,123,156,N,True
2,0,55,156,N,True
2,252,55,156,N,True
2,261,55,156,N,True
2,0,62,156,N,True
2,261,62,156,N,True
2,261,reel1__8,156,N,True
2,261,reel5__9,156,N,True
2,0,236,156,N,True
2,13,236,156,N,True
2,252,236,156,N,True
2,314,236,156,N,True
2,128,186,156,N,True
2,252,186,156,N,True
2,0,186,156,N,True
2,0,24,156,N,True
2,0,346,156,N,True
2,0,133,156,N,True
2,0,53,156,N,True
2,0,3,156,N,True
2,0,175,156,N,True
2,0,46,156,N,True
2,0,254,156,N,True
2,0,194,156,N,True
2,0,127,156,N,True
2,0,135,156,N,True
2,0,116,156,N,True
2,0,73,156,N,True
2,0,299,156,N,True
2,0,288,156,N,True
2,0,57,156,N,True
2,0,270,156,N,True
2,0,76,156,N,True
2,0,36,156,N,True
2,0,274,156,N,True
2,0,88,156,N,True
2,0,108,156,N,True
2,0,83,156,N,True
2,0,312,156,N,True
2,0,214,156,N,True
2,0,307,156,N,True
2,0,71,156,N,True
2,0,333,156,N,True
2,0,207,156,N,True
2,0,141,156,N,True
2,0,78,156,N,True
2,0,317,156,N,True
2,0,302,156,N,True
2,252,142,156,N,True
2,0,142,156,N,True
2,0,232,156,N,True
2,0,126,156,N,True
2,0,144,156,N,True
2,0,226,156,N,True
2,0,300,156,N,True
2,0,94,156,N,True
2,0,159,156,N,True
2,0,149,156,N,True
2,0,80,156,N,True
2,0,187,156,N,True
2,252,66,156,N,True
2,0,66,156,N,True
2,0,49,156,N,True
2,0,140,156,N,True
2,0,137,156,N,True
2,0,343,156,N,True
2,0,115,156,N,True
2,0,32,156,N,True
2,0,92,156,N,True
2,0,266,156,N,True
2,252,212,156,N,True
2,0,212,156,N,True
2,0,237,156,N,True
2,0,311,156,N,True
2,0,309,156,N,True
2,163,249,156,N,True
2,0,249,156,N,True
2,0,251,156,N,True
2,0,228,156,N,True
2,0,69,156,N,True
2,0,257,156,N,True
2,0,196,156,N,True
2,0,156,156,N,True
2,0,303,156,N,True
2,0,286,156,N,True
2,0,81,156,N,True
2,0,293,156,N,True
2,0,33,156,N,True
2,0,42,156,N,True
2,0,281,156,N,True
2,0,279,156,N,True
2,252,338,156,N,True
2,0,338,156,N,True
2,0,5,156,N,True
2,0,192,156,N,True
2,0,243,156,N,True
2,0,195,156,N,True
2,0,8,156,N,True
2,0,245,156,N,True
2,0,328,156,N,True
2,0,101,156,N,True
2,0,99,156,N,True
2,0,296,156,N,True
2,163,173,156,N,True
2,0,173,156,N,True
2,0,165,156,N,True
2,0,306,156,N,True
2,0,180,156,N,True
2,0,60,156,N,True
2,0,259,156,N,True
2,0,227,156,N,True
2,0,61,156,N,True
2,0,89,156,N,True
2,171,107,156,N,True
2,0,107,156,N,True
2,0,221,156,N,True
2,0,301,156,N,True
2,0,337,156,N,True
2,0,110,156,N,True
2,0,225,156,N,True
2,0,86,156,N,True
2,0,295,156,N,True
2,0,201,156,N,True
2,0,289,156,N,True
2,0,160,156,N,True
2,0,321,156,N,True
2,0,68,156,N,True
2,0,131,156,N,True
2,0,220,156,N,True
2,0,234,156,N,True
2,0,44,156,N,True
2,0,124,156,N,True
2,0,112,156,N,True
2,0,90,156,N,True
2,0,179,156,N,True
2,0,216,156,N,True
2,0,151,156,N,True
2,0,145,156,N,True
2,0,4,156,N,True
2,0,327,156,N,True
2,0,95,156,N,True
2,0,120,156,N,True
2,0,247,156,N,True
2,0,282,156,N,True
2,0,319,156,N,True
2,0,233,156,N,True
2,0,166,156,N,True
2,0,206,156,N,True
2,0,138,156,N,True
2,0,240,156,N,True
2,0,77,156,N,True
2,0,219,156,N,True
2,0,305,156,N,True
2,0,153,156,N,True
2,0,154,156,N,True
2,0,198,156,N,True
2,0,182,156,N,True
2,0,336,156,N,True
2,0,316,156,N,True
2,0,205,156,N,True
2,0,47,156,N,True
2,0,183,156,N,True
2,0,52,156,N,True
2,0,reel3__5,156,N,True
2,171,bot2__5,156,N,True
2,13,reel2__5,156,N,True
2,217,bot2__7,156,N,True
2,reel0__1,256,157,N,True
2,0,256,157,N,True
2,reel0__1,98,157,N,True
2,56,98,157,N,True
2,0,98,157,N,True
2,261,98,157,N,True
2,271,98,157,N,True
2,342,98,157,N,True
2,313,98,157,N,True
2,91,193,157,N,True
2,0,193,157,N,True
2,91,245,157,N,True
2,0,245,157,N,True
2,91,201,157,N,True
2,0,201,157,N,True
2,bot3__6,100,157,N,True
2,0,100,157,N,True
2,bot3__6,49,157,N,True
2,0,49,157,N,True
2,bot3__6,bot5__0,157,N,True
2,56,170,157,N,True
2,0,170,157,N,True
2,271,170,157,N,True
2,342,170,157,N,True
2,313,170,157,N,True
2,56,109,157,N,True
2,271,109,157,N,True
2,0,109,157,N,True
2,56,104,157,N,True
2,271,104,157,N,True
2,0,104,157,N,True
2,56,88,157,N,True
2,0,88,157,N,True
2,56,141,157,N,True
2,271,141,157,N,True
2,0,141,157,N,True
2,56,185,157,N,True
2,271,185,157,N,True
2,0,185,157,N,True
2,56,128,157,N,True
2,271,128,157,N,True
2,0,128,157,N,True
2,313,128,157,N,True
2,56,21,157,N,True
2,0,21,157,N,True
2,271,21,157,N,True
2,342,21,157,N,True
2,313,21,157,N,True
2,56,297,157,N,True
2,0,297,157,N,True
2,271,297,157,N,True
2,261,297,157,N,True
2,56,238,157,N,True
2,0,238,157,N,True
2,261,238,157,N,True
2,271,238,157,N,True
2,342,238,157,N,True
2,313,238,157,N,True
2,56,103,157,N,True
2,271,103,157,N,True
2,0,103,157,N,True
2,56,132,157,N,True
2,0,132,157,N,True
2,56,322,157,N,True
2,271,322,157,N,True
2,0,322,157,N,True
2,342,322,157,N,True
2,56,75,157,N,True
2,0,75,157,N,True
2,56,331,157,N,True
2,271,331,157,N,True
2,0,331,157,N,True
2,56,66,157,N,True
2,0,66,157,N,True
2,56,290,157,N,True
2,271,290,157,N,True
2,0,290,157,N,True
2,342,290,157,N,True
2,56,169,157,N,True
2,271,169,157,N,True
2,0,169,157,N,True
2,56,62,157,N,True
2,0,62,157,N,True
2,261,62,157,N,True
2,56,332,157,N,True
2,271,332,157,N,True
2,0,332,157,N,True
2,56,272,157,N,True
2,271,272,157,N,True
2,0,272,157,N,True
2,56,221,157,N,True
2,0,221,157,N,True
2,56,136,157,N,True
2,0,136,157,N,True
2,56,211,157,N,True
2,0,211,157,N,True
2,261,211,157,N,True
2,271,211,157,N,True
2,342,211,157,N,True
2,313,211,157,N,True
2,56,203,157,N,True
2,0,203,157,N,True
2,261,203,157,N,True
2,271,203,157,N,True
2,342,203,157,N,True
2,313,203,157,N,True
2,56,122,157,N,True
2,0,122,157,N,True
2,261,122,157,N,True
2,271,122,157,N,True
2,342,122,157,N,True
2,56,72,157,N,True
2,271,72,157,N,True
2,0,72,157,N,True
2,56,188,157,N,True
2,271,188,157,N,True
2,0,188,157,N,True
2,342,188,157,N,True
2,56,9,157,N,True
2,271,9,157,N,True
2,0,9,157,N,True
2,342,9,157,N,True
2,56,82,157,N,True
2,0,82,157,N,True
2,261,82,157,N,True
2,271,82,157,N,True
2,313,82,157,N,True
2,56,334,157,N,True
2,0,334,157,N,True
2,56,298,157,N,True
2,271,298,157,N,True
2,0,298,157,N,True
2,56,341,157,N,True
2,0,341,157,N,True
2,56,222,157,N,True
2,0,222,157,N,True
2,313,222,157,N,True
2,56,231,157,N,True
2,0,231,157,N,True
2,56,142,157,N,True
2,271,142,157,N,True
2,0,142,157,N,True
2,56,304,157,N,True
2,271,304,157,N,True
2,0,304,157,N,True
2,56,315,157,N,True
2,271,315,157,N,True
2,0,315,157,N,True
2,313,315,157,N,True
2,56,40,157,N,True
2,271,40,157,N,True
2,0,40,157,N,True
2,56,276,157,N,True
2,271,276,157,N,True
2,0,276,157,N,True
2,56,200,157,N,True
2,271,200,157,N,True
2,0,200,157,N,True
2,56,291,157,N,True
2,271,291,157,N,True
2,0,291,157,N,True
2,56,186,157,N,True
2,271,186,157,N,True
2,0,186,157,N,True
2,56,303,157,N,True
2,0,303,157,N,True
2,56,323,157,N,True
2,271,323,157,N,True
2,0,323,157,N,True
2,56,285,157,N,True
2,0,285,157,N,True
2,261,285,157,N,True
2,271,285,157,N,True
2,342,285,157,N,True
2,313,285,157,N,True
2,56,223,157,N,True
2,0,223,157,N,True
2,261,223,157,N,True
2,271,223,157,N,True
2,342,223,157,N,True
2,313,223,157,N,True
2,56,bot0__2,157,N,True
2,0,224,157,N,True
2,271,224,157,N,True
2,261,224,157,N,True
2,0,65,157,N,True
2,261,65,157,N,True
2,0,318,157,N,True
2,271,318,157,N,True
2,261,318,157,N,True
2,342,123,157,N,True
2,0,123,157,N,True
2,261,123,157,N,True
2,0,314,157,N,True
2,261,314,157,N,True
2,271,314,157,N,True
2,342,314,157,N,True
2,313,314,157,N,True
2,0,345,157,N,True
2,261,345,157,N,True
2,0,148,157,N,True
2,271,148,157,N,True
2,261,148,157,N,True
2,261,reel1__8,157,N,True
2,261,reel5__9,157,N,True
2,271,236,157,N,True
2,0,236,157,N,True
2,0,24,157,N,True
2,0,346,157,N,True
2,271,176,157,N,True
2,0,176,157,N,True
2,0,130,157,N,True
2,0,329,157,N,True
2,271,133,157,N,True
2,0,133,157,N,True
2,0,53,157,N,True
2,0,175,157,N,True
2,0,46,157,N,True
2,0,254,157,N,True
2,0,194,157,N,True
2,0,117,157,N,True
2,0,127,157,N,True
2,0,23,157,N,True
2,0,116,157,N,True
2,0,73,157,N,True
2,0,288,157,N,True
2,0,57,157,N,True
2,0,344,157,N,True
2,0,270,157,N,True
2,0,76,157,N,True
2,0,274,157,N,True
2,0,339,157,N,True
2,313,339,157,N,True
2,0,108,157,N,True
2,0,197,157,N,True
2,0,275,157,N,True
2,0,83,157,N,True
2,0,312,157,N,True
2,0,242,157,N,True
2,0,214,157,N,True
2,0,307,157,N,True
2,0,71,157,N,True
2,0,333,157,N,True
2,0,168,157,N,True
2,0,317,157,N,True
2,0,158,157,N,True
2,0,38,157,N,True
2,0,27,157,N,True
2,0,139,157,N,True
2,0,64,157,N,True
2,0,217,157,N,True
2,0,126,157,N,True
2,0,283,157,N,True
2,0,144,157,N,True
2,0,226,157,N,True
2,0,146,157,N,True
2,313,146,157,N,True
2,0,300,157,N,True
2,0,94,157,N,True
2,0,1,157,N,True
2,0,184,157,N,True
2,0,159,157,N,True
2,0,149,157,N,True
2,0,17,157,N,True
2,0,80,157,N,True
2,0,187,157,N,True
2,0,31,157,N,True
2,0,7,157,N,True
2,0,255,157,N,True
2,271,85,157,N,True
2,0,85,157,N,True
2,0,246,157,N,True
2,0,284,157,N,True
2,0,140,157,N,True
2,0,137,157,N,True
2,0,324,157,N,True
2,0,171,157,N,True
2,0,111,157,N,True
2,0,14,157,N,True
2,0,310,157,N,True
2,0,32,157,N,True
2,0,92,157,N,True
2,0,125,157,N,True
2,0,266,157,N,True
2,0,237,157,N,True
2,0,309,157,N,True
2,0,230,157,N,True
2,0,70,157,N,True
2,0,249,157,N,True
2,0,39,157,N,True
2,313,39,157,N,True
2,0,10,157,N,True
2,0,228,157,N,True
2,0,69,157,N,True
2,0,257,157,N,True
2,0,196,157,N,True
2,0,156,157,N,True
2,0,286,157,N,True
2,0,81,157,N,True
2,bot1__6,293,157,N,True
2,0,293,157,N,True
2,0,42,157,N,True
2,0,347,157,N,True
2,0,2,157,N,True
2,0,281,157,N,True
2,0,279,157,N,True
2,0,51,157,N,True
2,0,338,157,N,True
2,0,162,157,N,True
2,0,218,157,N,True
2,0,5,157,N,True
2,0,178,157,N,True
2,0,192,157,N,True
2,0,195,157,N,True
2,0,181,157,N,True
2,0,129,157,N,True
2,0,101,157,N,True
2,0,99,157,N,True
2,0,296,157,N,True
2,0,102,157,N,True
2,0,173,157,N,True
2,342,165,157,N,True
2,0,165,157,N,True
2,0,306,157,N,True
2,0,177,157,N,True
2,0,180,157,N,True
2,0,87,157,N,True
2,0,189,157,N,True
2,0,45,157,N,True
2,0,58,157,N,True
2,0,269,157,N,True
2,0,167,157,N,True
2,0,227,157,N,True
2,0,96,157,N,True
2,0,143,157,N,True
2,0,93,157,N,True
2,0,41,157,N,True
2,0,89,157,N,True
2,0,107,157,N,True
2,271,79,157,N,True
2,0,79,157,N,True
2,0,301,157,N,True
2,0,250,157,N,True
2,0,29,157,N,True
2,0,225,157,N,True
2,0,152,157,N,True
2,0,289,157,N,True
2,0,160,157,N,True
2,0,321,157,N,True
2,0,131,157,N,True
2,0,262,157,N,True
2,0,220,157,N,True
2,0,234,157,N,True
2,0,50,157,N,True
2,0,97,157,N,True
2,0,124,157,N,True
2,0,112,157,N,True
2,0,90,157,N,True
2,0,179,157,N,True
2,0,216,157,N,True
2,0,151,157,N,True
2,0,157,157,N,True
2,0,4,157,N,True
2,0,327,157,N,True
2,0,95,157,N,True
2,0,120,157,N,True
2,0,282,157,N,True
2,0,244,157,N,True
2,bot1__6,233,157,N,True
2,0,233,157,N,True
2,0,155,157,N,True
2,0,191,157,N,True
2,0,206,157,N,True
2,0,229,157,N,True
2,0,138,157,N,True
2,0,240,157,N,True
2,0,77,157,N,True
2,0,219,157,N,True
2,0,305,157,N,True
2,0,198,157,N,True
2,0,182,157,N,True
2,0,336,157,N,True
2,0,241,157,N,True
2,bot7__7,294,157,N,True
2,0,294,157,N,True
2,0,253,157,N,True
2,0,267,157,N,True
2,0,316,157,N,True
2,0,47,157,N,True
2,0,52,157,N,True
2,0,34,157,N,True
2,0,35,157,N,True
2,271,reel6__2,157,N,True
2,342,bot0__7,157,N,True
2,342,bot2__4,157,N,True
2,342,bot3__5,157,N,True
2,313,bot0__6,157,N,True
2,186,88,158,N,True
2,56,88,158,N,True
2,21,88,158,N,True
2,236,88,158,N,True
2,25,88,158,N,True
2,239,213,158,N,True
2,186,213,158,N,True
2,332,213,158,N,True
2,324,213,158,N,True
2,56,213,158,N,True
2,67,213,158,N,True
2,224,213,158,N,True
2,277,213,158,N,True
2,40,213,158,N,True
2,236,213,158,N,True
2,30,213,158,N,True
2,186,178,158,N,True
2,30,178,158,N,True
2,186,345,158,N,True
2,67,345,158,N,True
2,21,345,158,N,True
2,142,345,158,N,True
2,252,345,158,N,True
2,203,59,158,N,True
2,186,59,158,N,True
2,239,59,158,N,True
2,118,59,158,N,True
2,56,59,158,N,True
2,325,59,158,N,True
2,271,59,158,N,True
2,252,59,158,N,True
2,98,59,158,N,True
2,203,128,158,N,True
2,186,128,158,N,True
2,252,128,158,N,True
2,56,128,158,N,True
2,67,128,158,N,True
2,223,128,158,N,True
2,271,128,158,N,True
2,199,128,158,N,True
2,248,128,158,N,True
2,9,128,158,N,True
2,98,128,158,N,True
2,186,221,158,N,True
2,56,221,158,N,True
2,25,221,158,N,True
2,186,222,158,N,True
2,118,222,158,N,True
2,56,222,158,N,True
2,325,222,158,N,True
2,199,222,158,N,True
2,203,331,158,N,True
2,186,331,158,N,True
2,118,331,158,N,True
2,332,331,158,N,True
2,324,331,158,N,True
2,56,331,158,N,True
2,109,331,158,N,True
2,271,331,158,N,True
2,30,331,158,N,True
2,98,331,158,N,True
2,25,331,158,N,True
2,186,reel6__2,158,N,True
2,271,reel6__2,158,N,True
2,224,148,158,N,True
2,109,148,158,N,True
2,271,148,158,N,True
2,98,148,158,N,True
2,185,148,158,N,True
2,9,148,158,N,True
2,25,148,158,N,True
2,109,229,158,N,True
2,239,295,158,N,True
2,109,295,158,N,True
2,9,295,158,N,True
2,109,reel1__1,158,N,True
2,203,265,158,N,True
2,118,265,158,N,True
2,239,265,158,N,True
2,56,265,158,N,True
2,67,265,158,N,True
2,325,265,158,N,True
2,40,265,158,N,True
2,271,265,158,N,True
2,223,265,158,N,True
2,199,265,158,N,True
2,248,265,158,N,True
2,252,265,158,N,True
2,98,265,158,N,True
2,224,133,158,N,True
2,232,133,158,N,True
2,40,133,158,N,True
2,271,133,158,N,True
2,236,133,158,N,True
2,280,133,158,N,True
2,188,133,158,N,True
2,9,133,158,N,True
2,239,231,158,N,True
2,332,231,158,N,True
2,56,231,158,N,True
2,232,231,158,N,True
2,40,231,158,N,True
2,199,231,158,N,True
2,280,231,158,N,True
2,9,231,158,N,True
2,25,231,158,N,True
2,40,315,158,N,True
2,271,315,158,N,True
2,236,315,158,N,True
2,223,315,158,N,True
2,304,315,158,N,True
2,188,315,158,N,True
2,185,315,158,N,True
2,9,315,158,N,True
2,67,315,158,N,True
2,21,315,158,N,True
2,277,315,158,N,True
2,199,315,158,N,True
2,280,315,158,N,True
2,203,315,158,N,True
2,252,315,158,N,True
2,98,315,158,N,True
2,324,315,158,N,True
2,56,315,158,N,True
2,224,315,158,N,True
2,142,315,158,N,True
2,332,329,158,N,True
2,324,329,158,N,True
2,40,329,158,N,True
2,30,329,158,N,True
2,280,329,158,N,True
2,9,329,158,N,True
2,203,29,158,N,True
2,118,29,158,N,True
2,40,29,158,N,True
2,252,29,158,N,True
2,40,307,158,N,True
2,39,257,158,N,True
2,40,257,158,N,True
2,236,257,158,N,True
2,280,257,158,N,True
2,304,257,158,N,True
2,25,257,158,N,True
2,75,258,158,N,True
2,40,258,158,N,True
2,188,258,158,N,True
2,9,258,158,N,True
2,98,258,158,N,True
2,40,reel0__6,158,N,True
2,203,82,158,N,True
2,118,82,158,N,True
2,56,82,158,N,True
2,67,82,158,N,True
2,325,82,158,N,True
2,271,82,158,N,True
2,199,82,158,N,True
2,123,82,158,N,True
2,252,82,158,N,True
2,98,82,158,N,True
2,203,161,158,N,True
2,118,161,158,N,True
2,252,161,158,N,True
2,39,161,158,N,True
2,56,161,158,N,True
2,67,161,158,N,True
2,21,161,158,N,True
2,325,161,158,N,True
2,277,161,158,N,True
2,142,161,158,N,True
2,271,161,158,N,True
2,199,161,158,N,True
2,304,161,158,N,True
2,9,161,158,N,True
2,203,342,158,N,True
2,118,342,158,N,True
2,252,342,158,N,True
2,165,342,158,N,True
2,56,342,158,N,True
2,67,342,158,N,True
2,21,342,158,N,True
2,325,342,158,N,True
2,277,342,158,N,True
2,223,342,158,N,True
2,271,342,158,N,True
2,199,342,158,N,True
2,123,342,158,N,True
2,188,342,158,N,True
2,9,342,158,N,True
2,98,342,158,N,True
2,203,268,158,N,True
2,118,268,158,N,True
2,271,268,158,N,True
2,325,268,158,N,True
2,56,290,158,N,True
2,67,290,158,N,True
2,277,290,158,N,True
2,271,290,158,N,True
2,280,290,158,N,True
2,188,290,158,N,True
2,185,290,158,N,True
2,25,290,158,N,True
2,203,48,158,N,True
2,332,48,158,N,True
2,271,48,158,N,True
2,199,48,158,N,True
2,30,48,158,N,True
2,271,318,158,N,True
2,236,318,158,N,True
2,123,318,158,N,True
2,203,238,158,N,True
2,118,238,158,N,True
2,239,238,158,N,True
2,324,238,158,N,True
2,56,238,158,N,True
2,325,238,158,N,True
2,271,238,158,N,True
2,199,238,158,N,True
2,252,238,158,N,True
2,98,238,158,N,True
2,56,63,158,N,True
2,271,63,158,N,True
2,271,bot5__5,158,N,True
2,271,reel5__1,158,N,True
2,304,246,158,N,True
2,223,246,158,N,True
2,25,246,158,N,True
2,223,bot6__6,158,N,True
2,224,84,158,N,True
2,31,84,158,N,True
2,236,84,158,N,True
2,304,84,158,N,True
2,25,84,158,N,True
2,39,121,158,N,True
2,21,121,158,N,True
2,236,121,158,N,True
2,280,121,158,N,True
2,165,121,158,N,True
2,280,1,158,N,True
2,236,1,158,N,True
2,203,308,158,N,True
2,67,308,158,N,True
2,21,308,158,N,True
2,277,308,158,N,True
2,31,308,158,N,True
2,142,308,158,N,True
2,304,308,158,N,True
2,252,308,158,N,True
2,203,134,158,N,True
2,118,134,158,N,True
2,252,134,158,N,True
2,56,134,158,N,True
2,67,134,158,N,True
2,21,134,158,N,True
2,277,134,158,N,True
2,142,134,158,N,True
2,248,134,158,N,True
2,199,134,158,N,True
2,304,134,158,N,True
2,9,134,158,N,True
2,31,7,158,N,True
2,304,7,158,N,True
2,304,bot0__7,158,N,True
2,9,reel1__8,158,N,True
2,9,bot3__1,158,N,True
2,9,reel4__9,158,N,True
2,277,22,158,N,True
2,324,22,158,N,True
2,185,22,158,N,True
2,224,96,158,N,True
2,274,96,158,N,True
2,118,bot2__0,158,N,True
2,118,reel3__3,158,N,True
2,79,reel3__9,158,N,True
2,79,reel4__0,158,N,True
2,123,reel4__0,158,N,True
2,67,196,158,N,True
2,21,284,158,N,True
2,21,184,158,N,True
2,21,108,158,N,True
2,21,235,158,N,True
2,21,127,158,N,True
2,21,251,158,N,True
2,21,281,158,N,True
2,21,197,158,N,True
2,277,159,158,N,True
2,21,159,158,N,True
2,277,120,158,N,True
2,277,294,158,N,True
2,277,204,158,N,True
2,277,130,158,N,True
2,25,130,158,N,True
2,232,bot1__7,158,N,True
2,232,bot7__7,158,N,True
2,31,237,158,N,True
2,25,237,158,N,True
2,31,51,158,N,True
2,25,51,158,N,True
2,31,83,158,N,True
2,25,83,158,N,True
2,203,338,158,N,True
2,31,338,158,N,True
2,239,338,158,N,True
2,252,338,158,N,True
2,31,129,158,N,True
2,199,288,158,N,True
2,25,288,158,N,True
2,280,117,158,N,True
2,75,bot2__9,158,N,True
2,203,bot6__8,158,N,True
2,239,234,158,N,True
2,239,60,158,N,True
2,56,60,158,N,True
2,39,bot7__2,158,N,True
2,248,38,158,N,True
2,332,38,158,N,True
2,248,53,158,N,True
2,332,53,158,N,True
2,332,bot5__7,158,N,True
2,25,73,158,N,True
2,30,73,158,N,True
2,252,250,158,N,True
2,98,reel0__1,158,N,True
2,98,reel0__5,158,N,True
2,98,bot4__4,158,N,True
2,25,76,158,N,True
2,25,336,158,N,True
2,324,301,158,N,True
2,324,150,158,N,True
2,324,340,158,N,True
2,324,27,158,N,True
2,324,bot4__7,158,N,True
2,56,207,158,N,True
2,224,bot4__6,158,N,True
2,302,254,159,N,True
2,242,254,159,N,True
2,346,254,159,N,True
2,92,254,159,N,True
2,0,254,159,N,True
2,187,254,159,N,True
2,299,254,159,N,True
2,249,254,159,N,True
2,101,254,159,N,True
2,302,204,159,N,True
2,242,204,159,N,True
2,346,204,159,N,True
2,92,204,159,N,True
2,0,204,159,N,True
2,80,204,159,N,True
2,249,204,159,N,True
2,101,204,159,N,True
2,80,213,159,N,True
2,0,213,159,N,True
2,249,213,159,N,True
2,242,213,159,N,True
2,242,reel2__3,159,N,True
2,242,reel3__8,159,N,True
2,242,reel4__6,159,N,True
2,92,1,159,N,True
2,299,1,159,N,True
2,346,1,159,N,True
2,0,1,159,N,True
2,346,272,159,N,True
2,0,272,159,N,True
2,25,272,159,N,True
2,346,184,159,N,True
2,0,184,159,N,True
2,80,320,159,N,True
2,346,320,159,N,True
2,0,320,159,N,True
2,92,196,159,N,True
2,249,196,159,N,True
2,346,196,159,N,True
2,0,196,159,N,True
2,bot7__0,bot4__1,159,N,True
2,bot7__0,333,159,N,True
2,0,333,159,N,True
2,0,236,159,N,True
2,25,236,159,N,True
2,199,186,159,N,True
2,0,186,159,N,True
2,25,186,159,N,True
2,0,122,159,N,True
2,25,122,159,N,True
2,0,285,159,N,True
2,25,285,159,N,True
2,199,271,159,N,True
2,0,271,159,N,True
2,25,271,159,N,True
2,249,304,159,N,True
2,199,304,159,N,True
2,0,304,159,N,True
2,0,176,159,N,True
2,25,176,159,N,True
2,0,329,159,N,True
2,199,82,159,N,True
2,0,82,159,N,True
2,0,65,159,N,True
2,25,65,159,N,True
2,0,276,159,N,True
2,25,276,159,N,True
2,199,26,159,N,True
2,0,26,159,N,True
2,25,26,159,N,True
2,0,280,159,N,True
2,25,280,159,N,True
2,199,211,159,N,True
2,0,211,159,N,True
2,0,133,159,N,True
2,199,62,159,N,True
2,0,62,159,N,True
2,199,239,159,N,True
2,0,239,159,N,True
2,25,239,159,N,True
2,199,172,159,N,True
2,0,172,159,N,True
2,0,175,159,N,True
2,0,46,159,N,True
2,199,231,159,N,True
2,0,231,159,N,True
2,25,231,159,N,True
2,0,117,159,N,True
2,0,103,159,N,True
2,25,103,159,N,True
2,0,188,159,N,True
2,25,188,159,N,True
2,0,23,159,N,True
2,299,73,159,N,True
2,0,73,159,N,True
2,25,73,159,N,True
2,199,119,159,N,True
2,0,119,159,N,True
2,25,119,159,N,True
2,0,323,159,N,True
2,25,323,159,N,True
2,199,200,159,N,True
2,0,200,159,N,True
2,25,200,159,N,True
2,199,98,159,N,True
2,0,98,159,N,True
2,25,98,159,N,True
2,199,313,159,N,True
2,0,313,159,N,True
2,0,63,159,N,True
2,0,344,159,N,True
2,199,67,159,N,True
2,0,67,159,N,True
2,25,67,159,N,True
2,199,118,159,N,True
2,0,118,159,N,True
2,0,277,159,N,True
2,25,277,159,N,True
2,199,134,159,N,True
2,0,134,159,N,True
2,0,270,159,N,True
2,25,270,159,N,True
2,0,274,159,N,True
2,0,21,159,N,True
2,25,21,159,N,True
2,0,339,159,N,True
2,0,197,159,N,True
2,0,169,159,N,True
2,25,169,159,N,True
2,0,275,159,N,True
2,0,273,159,N,True
2,0,28,159,N,True
2,0,214,159,N,True
2,0,207,159,N,True
2,0,168,159,N,True
2,0,308,159,N,True
2,0,341,159,N,True
2,0,334,159,N,True
2,199,238,159,N,True
2,0,238,159,N,True
2,199,265,159,N,True
2,0,265,159,N,True
2,199,141,159,N,True
2,0,141,159,N,True
2,25,141,159,N,True
2,0,345,159,N,True
2,101,317,159,N,True
2,0,317,159,N,True
2,0,38,159,N,True
2,0,27,159,N,True
2,0,54,159,N,True
2,0,109,159,N,True
2,199,291,159,N,True
2,0,291,159,N,True
2,25,291,159,N,True
2,0,142,159,N,True
2,199,203,159,N,True
2,0,203,159,N,True
2,25,203,159,N,True
2,0,105,159,N,True
2,25,105,159,N,True
2,199,232,159,N,True
2,0,232,159,N,True
2,25,232,159,N,True
2,0,64,159,N,True
2,0,126,159,N,True
2,0,224,159,N,True
2,25,224,159,N,True
2,199,261,159,N,True
2,0,261,159,N,True
2,0,283,159,N,True
2,25,283,159,N,True
2,0,144,159,N,True
2,0,159,159,N,True
2,0,59,159,N,True
2,0,17,159,N,True
2,0,326,159,N,True
2,199,161,159,N,True
2,0,161,159,N,True
2,0,66,159,N,True
2,0,31,159,N,True
2,25,31,159,N,True
2,0,49,159,N,True
2,0,85,159,N,True
2,0,246,159,N,True
2,25,246,159,N,True
2,0,123,159,N,True
2,0,284,159,N,True
2,0,140,159,N,True
2,0,115,159,N,True
2,0,297,159,N,True
2,25,297,159,N,True
2,0,185,159,N,True
2,25,185,159,N,True
2,199,324,159,N,True
2,0,324,159,N,True
2,0,171,159,N,True
2,0,111,159,N,True
2,0,14,159,N,True
2,0,310,159,N,True
2,0,32,159,N,True
2,0,30,159,N,True
2,199,72,159,N,True
2,0,72,159,N,True
2,25,72,159,N,True
2,199,40,159,N,True
2,0,40,159,N,True
2,25,40,159,N,True
2,0,125,159,N,True
2,199,212,159,N,True
2,0,212,159,N,True
2,0,278,159,N,True
2,0,340,159,N,True
2,0,237,159,N,True
2,25,237,159,N,True
2,0,311,159,N,True
2,0,309,159,N,True
2,0,70,159,N,True
2,0,16,159,N,True
2,0,39,159,N,True
2,25,39,159,N,True
2,0,251,159,N,True
2,0,10,159,N,True
2,0,55,159,N,True
2,0,228,159,N,True
2,0,69,159,N,True
2,25,69,159,N,True
2,199,113,159,N,True
2,0,113,159,N,True
2,25,113,159,N,True
2,0,258,159,N,True
2,0,257,159,N,True
2,25,257,159,N,True
2,0,156,159,N,True
2,0,303,159,N,True
2,0,286,159,N,True
2,0,293,159,N,True
2,0,33,159,N,True
2,0,347,159,N,True
2,0,281,159,N,True
2,0,263,159,N,True
2,0,279,159,N,True
2,0,51,159,N,True
2,25,51,159,N,True
2,0,162,159,N,True
2,0,19,159,N,True
2,0,75,159,N,True
2,0,218,159,N,True
2,0,268,159,N,True
2,0,192,159,N,True
2,0,243,159,N,True
2,0,195,159,N,True
2,0,181,159,N,True
2,0,8,159,N,True
2,0,245,159,N,True
2,0,129,159,N,True
2,0,328,159,N,True
2,0,331,159,N,True
2,25,331,159,N,True
2,0,150,159,N,True
2,0,99,159,N,True
2,0,102,159,N,True
2,0,318,159,N,True
2,80,173,159,N,True
2,0,173,159,N,True
2,0,306,159,N,True
2,0,177,159,N,True
2,0,87,159,N,True
2,reel5__3,189,159,N,True
2,0,189,159,N,True
2,0,60,159,N,True
2,0,259,159,N,True
2,0,45,159,N,True
2,0,269,159,N,True
2,0,96,159,N,True
2,0,91,159,N,True
2,0,143,159,N,True
2,0,61,159,N,True
2,0,93,159,N,True
2,0,41,159,N,True
2,0,235,159,N,True
2,0,6,159,N,True
2,0,89,159,N,True
2,0,107,159,N,True
2,0,79,159,N,True
2,25,79,159,N,True
2,0,208,159,N,True
2,0,221,159,N,True
2,25,221,159,N,True
2,0,301,159,N,True
2,0,250,159,N,True
2,0,106,159,N,True
2,0,29,159,N,True
2,0,337,159,N,True
2,0,100,159,N,True
2,0,110,159,N,True
2,0,225,159,N,True
2,0,86,159,N,True
2,0,152,159,N,True
2,0,148,159,N,True
2,25,148,159,N,True
2,0,295,159,N,True
2,0,201,159,N,True
2,0,289,159,N,True
2,0,260,159,N,True
2,0,160,159,N,True
2,0,321,159,N,True
2,0,131,159,N,True
2,0,22,159,N,True
2,199,298,159,N,True
2,0,298,159,N,True
2,0,220,159,N,True
2,0,50,159,N,True
2,0,193,159,N,True
2,0,97,159,N,True
2,0,124,159,N,True
2,0,90,159,N,True
2,0,179,159,N,True
2,0,151,159,N,True
2,0,145,159,N,True
2,0,157,159,N,True
2,0,4,159,N,True
2,0,327,159,N,True
2,0,120,159,N,True
2,reel5__3,247,159,N,True
2,0,247,159,N,True
2,0,190,159,N,True
2,0,319,159,N,True
2,0,233,159,N,True
2,0,256,159,N,True
2,0,202,159,N,True
2,0,191,159,N,True
2,0,229,159,N,True
2,0,240,159,N,True
2,0,77,159,N,True
2,0,219,159,N,True
2,0,305,159,N,True
2,0,153,159,N,True
2,0,154,159,N,True
2,0,198,159,N,True
2,0,182,159,N,True
2,0,241,159,N,True
2,0,294,159,N,True
2,0,253,159,N,True
2,0,205,159,N,True
2,0,183,159,N,True
2,0,52,159,N,True
2,0,34,159,N,True
2,0,reel3__5,159,N,True
2,reel5__3,bot6__0,159,N,True
2,187,reel6__6,159,N,True
2,199,bot1__8,159,N,True
2,101,bot6__2,159,N,True
3,186,236,140,N,False
3,304,236,140,N,False
3,314,236,140,N,False
3,186,88,140,N,False
3,203,272,140,N,False
3,186,272,140,N,False
3,239,272,140,N,False
3,291,272,140,N,False
3,40,272,140,N,False
3,211,272,140,N,False
3,304,272,140,N,False
3,9,272,140,N,False
3,98,272,140,N,False
3,203,109,140,N,False
3,186,109,140,N,False
3,239,109,140,N,False
3,118,109,140,N,False
3,119,109,140,N,False
3,325,109,140,N,False
3,314,109,140,N,False
3,304,109,140,N,False
3,98,109,140,N,False
3,186,178,140,N,False
3,231,178,140,N,False
3,203,277,140,N,False
3,186,277,140,N,False
3,118,277,140,N,False
3,239,277,140,N,False
3,291,277,140,N,False
3,119,277,140,N,False
3,325,277,140,N,False
3,40,277,140,N,False
3,342,277,140,N,False
3,161,277,140,N,False
3,304,277,140,N,False
3,9,277,140,N,False
3,98,277,140,N,False
3,203,59,140,N,False
3,186,59,140,N,False
3,239,59,140,N,False
3,118,59,140,N,False
3,325,59,140,N,False
3,211,59,140,N,False
3,342,59,140,N,False
3,238,59,140,N,False
3,98,59,140,N,False
3,186,45,140,N,False
3,203,170,140,N,False
3,186,170,140,N,False
3,239,170,140,N,False
3,119,170,140,N,False
3,223,170,140,N,False
3,211,170,140,N,False
3,342,170,140,N,False
3,304,170,140,N,False
3,9,170,140,N,False
3,98,170,140,N,False
3,313,170,140,N,False
3,203,142,140,N,False
3,186,142,140,N,False
3,239,142,140,N,False
3,40,142,140,N,False
3,161,142,140,N,False
3,9,142,140,N,False
3,186,bot0__4,140,N,False
3,186,reel6__2,140,N,False
3,239,280,140,N,False
3,291,280,140,N,False
3,119,280,140,N,False
3,232,280,140,N,False
3,40,280,140,N,False
3,231,280,140,N,False
3,304,280,140,N,False
3,9,280,140,N,False
3,98,280,140,N,False
3,304,334,140,N,False
3,203,334,140,N,False
3,40,334,140,N,False
3,9,334,140,N,False
3,40,274,140,N,False
3,203,29,140,N,False
3,118,29,140,N,False
3,40,29,140,N,False
3,211,29,140,N,False
3,231,29,140,N,False
3,40,307,140,N,False
3,312,262,140,N,False
3,312,220,140,N,False
3,223,bot6__6,140,N,False
3,bot1__8,bot7__6,140,N,False
3,304,168,140,N,False
3,291,168,140,N,False
3,304,249,140,N,False
3,203,308,140,N,False
3,161,308,140,N,False
3,304,308,140,N,False
3,304,136,140,N,False
3,239,66,140,N,False
3,304,66,140,N,False
3,9,66,140,N,False
3,304,bot0__7,140,N,False
3,342,bot0__7,140,N,False
3,9,85,140,N,False
3,239,295,140,N,False
3,9,295,140,N,False
3,119,79,140,N,False
3,9,79,140,N,False
3,119,148,140,N,False
3,9,148,140,N,False
3,98,148,140,N,False
3,119,185,140,N,False
3,9,185,140,N,False
3,9,reel1__8,140,N,False
3,9,bot3__4,140,N,False
3,9,reel4__9,140,N,False
3,118,283,140,N,False
3,118,16,140,N,False
3,232,bot1__7,140,N,False
3,232,bot7__7,140,N,False
3,203,270,140,N,False
3,203,338,140,N,False
3,239,338,140,N,False
3,239,234,140,N,False
3,239,60,140,N,False
3,291,60,140,N,False
3,313,60,140,N,False
3,41,310,140,N,False
3,111,310,140,N,False
3,41,337,140,N,False
3,111,337,140,N,False
3,41,93,140,N,False
3,111,93,140,N,False
3,41,bot5__1,140,N,False
3,161,339,140,N,False
3,119,339,140,N,False
3,291,339,140,N,False
3,313,339,140,N,False
3,161,39,140,N,False
3,119,39,140,N,False
3,313,39,140,N,False
3,119,217,140,N,False
3,119,125,140,N,False
3,119,1,140,N,False
3,119,150,140,N,False
3,119,163,140,N,False
3,119,229,140,N,False
3,119,100,140,N,False
3,111,279,140,N,False
3,98,reel0__1,140,N,False
3,98,reel0__5,140,N,False
3,342,63,140,N,False
3,313,63,140,N,False
3,289,bot3__9,140,N,False
3,291,reel3__1,140,N,False
3,291,reel3__9,140,N,False
3,291,reel4__3,140,N,False
3,314,96,140,N,False
3,342,165,140,N,False
3,342,290,140,N,False
3,342,bot2__4,140,N,False
3,231,bot1__9,140,N,False
3,231,bot2__8,140,N,False
3,231,bot4__2,140,N,False
3,231,reel6__5,140,N,False
3,reel2__0,295,141,N,False
3,reel2__0,bot7__6,141,N,False
3,reel2__3,1,141,N,False
3,bot0__9,bot1__1,141,N,False
3,bot0__9,bot1__4,141,N,False
3,reel4__3,291,141,N,False
3,reel4__3,bot7__9,141,N,False
3,bot3__9,289,141,N,False
3,bot3__9,bot4__2,141,N,False
3,bot3__9,bot6__6,141,N,False
3,329,184,142,N,False
3,272,184,142,N,False
3,329,197,142,N,False
3,272,197,142,N,False
3,213,204,142,N,False
3,329,204,142,N,False
3,118,16,142,N,False
3,329,16,142,N,False
3,82,16,142,N,False
3,213,178,142,N,False
3,231,178,142,N,False
3,329,178,142,N,False
3,272,178,142,N,False
3,329,284,142,N,False
3,239,72,142,N,False
3,329,72,142,N,False
3,291,72,142,N,False
3,40,72,142,N,False
3,272,72,142,N,False
3,199,72,142,N,False
3,26,72,142,N,False
3,252,72,142,N,False
3,203,bot5__6,142,N,False
3,329,bot5__6,142,N,False
3,169,103,142,N,False
3,252,103,142,N,False
3,98,103,142,N,False
3,169,bot0__5,142,N,False
3,169,reel3__9,142,N,False
3,79,reel3__9,142,N,False
3,291,reel3__9,142,N,False
3,203,186,142,N,False
3,239,186,142,N,False
3,170,186,142,N,False
3,213,186,142,N,False
3,142,186,142,N,False
3,199,186,142,N,False
3,272,186,142,N,False
3,26,186,142,N,False
3,252,186,142,N,False
3,98,186,142,N,False
3,213,96,142,N,False
3,133,96,142,N,False
3,314,96,142,N,False
3,324,224,142,N,False
3,315,224,142,N,False
3,213,224,142,N,False
3,40,224,142,N,False
3,26,224,142,N,False
3,133,224,142,N,False
3,304,224,142,N,False
3,291,224,142,N,False
3,148,224,142,N,False
3,213,80,142,N,False
3,48,80,142,N,False
3,315,80,142,N,False
3,213,303,142,N,False
3,315,303,142,N,False
3,239,303,142,N,False
3,142,303,142,N,False
3,213,bot6__3,142,N,False
3,315,158,142,N,False
3,142,158,142,N,False
3,40,158,142,N,False
3,82,158,142,N,False
3,26,158,142,N,False
3,304,158,142,N,False
3,291,158,142,N,False
3,40,298,142,N,False
3,199,298,142,N,False
3,26,298,142,N,False
3,231,77,142,N,False
3,40,77,142,N,False
3,40,274,142,N,False
3,170,274,142,N,False
3,203,29,142,N,False
3,118,29,142,N,False
3,40,29,142,N,False
3,82,29,142,N,False
3,231,29,142,N,False
3,252,29,142,N,False
3,40,307,142,N,False
3,40,reel0__6,142,N,False
3,1,346,142,N,False
3,272,346,142,N,False
3,239,211,142,N,False
3,118,211,142,N,False
3,203,211,142,N,False
3,170,211,142,N,False
3,315,211,142,N,False
3,199,211,142,N,False
3,272,211,142,N,False
3,82,211,142,N,False
3,342,211,142,N,False
3,304,211,142,N,False
3,98,211,142,N,False
3,272,281,142,N,False
3,304,75,142,N,False
3,258,75,142,N,False
3,272,75,142,N,False
3,170,75,142,N,False
3,258,85,142,N,False
3,272,85,142,N,False
3,170,85,142,N,False
3,304,168,142,N,False
3,291,168,142,N,False
3,304,347,142,N,False
3,304,bot0__7,142,N,False
3,342,bot0__7,142,N,False
3,118,283,142,N,False
3,203,268,142,N,False
3,118,268,142,N,False
3,82,268,142,N,False
3,170,268,142,N,False
3,239,59,142,N,False
3,118,59,142,N,False
3,203,59,142,N,False
3,82,59,142,N,False
3,342,59,142,N,False
3,252,59,142,N,False
3,98,59,142,N,False
3,118,reel3__3,142,N,False
3,79,reel4__0,142,N,False
3,269,58,142,N,False
3,239,223,142,N,False
3,203,223,142,N,False
3,170,223,142,N,False
3,315,223,142,N,False
3,199,223,142,N,False
3,342,223,142,N,False
3,26,223,142,N,False
3,252,223,142,N,False
3,98,223,142,N,False
3,315,288,142,N,False
3,199,288,142,N,False
3,199,bot1__8,142,N,False
3,48,299,142,N,False
3,1,299,142,N,False
3,48,73,142,N,False
3,1,73,142,N,False
3,48,180,142,N,False
3,48,330,142,N,False
3,48,302,142,N,False
3,315,302,142,N,False
3,239,344,142,N,False
3,239,234,142,N,False
3,239,60,142,N,False
3,291,60,142,N,False
3,239,338,142,N,False
3,203,338,142,N,False
3,252,338,142,N,False
3,308,338,142,N,False
3,170,260,142,N,False
3,170,reel0__0,142,N,False
3,170,reel3__6,142,N,False
3,98,reel0__5,142,N,False
3,324,bot4__7,142,N,False
3,1,92,142,N,False
3,1,194,142,N,False
3,1,bot2__5,142,N,False
3,1,reel2__3,142,N,False
3,1,bot6__1,142,N,False
3,142,45,142,N,False
3,342,63,142,N,False
3,133,183,142,N,False
3,231,bot1__9,142,N,False
3,231,reel6__5,142,N,False
3,205,bot0__0,142,N,False
3,291,bot0__2,142,N,False
3,291,reel4__3,142,N,False
3,186,88,143,N,False
3,236,88,143,N,False
3,203,223,143,N,False
3,186,223,143,N,False
3,170,223,143,N,False
3,315,223,143,N,False
3,199,223,143,N,False
3,342,223,143,N,False
3,252,223,143,N,False
3,186,178,143,N,False
3,272,178,143,N,False
3,203,325,143,N,False
3,186,325,143,N,False
3,199,325,143,N,False
3,342,325,143,N,False
3,304,325,143,N,False
3,252,325,143,N,False
3,203,59,143,N,False
3,186,59,143,N,False
3,252,59,143,N,False
3,342,59,143,N,False
3,334,123,143,N,False
3,186,123,143,N,False
3,142,123,143,N,False
3,342,123,143,N,False
3,252,123,143,N,False
3,186,45,143,N,False
3,142,45,143,N,False
3,186,221,143,N,False
3,203,239,143,N,False
3,186,239,143,N,False
3,169,239,143,N,False
3,170,239,143,N,False
3,72,239,143,N,False
3,232,239,143,N,False
3,142,239,143,N,False
3,295,239,143,N,False
3,272,239,143,N,False
3,199,239,143,N,False
3,280,239,143,N,False
3,304,239,143,N,False
3,252,239,143,N,False
3,203,98,143,N,False
3,186,98,143,N,False
3,170,98,143,N,False
3,315,98,143,N,False
3,199,98,143,N,False
3,272,98,143,N,False
3,342,98,143,N,False
3,280,98,143,N,False
3,304,98,143,N,False
3,252,98,143,N,False
3,148,98,143,N,False
3,186,bot0__4,143,N,False
3,186,reel6__2,143,N,False
3,203,40,143,N,False
3,334,40,143,N,False
3,169,40,143,N,False
3,72,40,143,N,False
3,315,40,143,N,False
3,232,40,143,N,False
3,142,40,143,N,False
3,272,40,143,N,False
3,199,40,143,N,False
3,280,40,143,N,False
3,304,40,143,N,False
3,133,40,143,N,False
3,169,10,143,N,False
3,142,10,143,N,False
3,334,318,143,N,False
3,169,318,143,N,False
3,236,318,143,N,False
3,169,bot0__5,143,N,False
3,272,281,143,N,False
3,304,84,143,N,False
3,236,84,143,N,False
3,280,1,143,N,False
3,315,1,143,N,False
3,133,1,143,N,False
3,236,1,143,N,False
3,reel1__8,bot3__8,143,N,False
3,reel1__8,bot4__0,143,N,False
3,304,168,143,N,False
3,203,308,143,N,False
3,334,308,143,N,False
3,142,308,143,N,False
3,304,308,143,N,False
3,252,308,143,N,False
3,280,290,143,N,False
3,342,290,143,N,False
3,185,290,143,N,False
3,170,290,143,N,False
3,185,274,143,N,False
3,170,274,143,N,False
3,3,274,143,N,False
3,185,22,143,N,False
3,79,reel4__0,143,N,False
3,232,298,143,N,False
3,199,298,143,N,False
3,72,298,143,N,False
3,232,bot1__7,143,N,False
3,232,bot7__7,143,N,False
3,203,238,143,N,False
3,342,238,143,N,False
3,199,238,143,N,False
3,252,238,143,N,False
3,315,288,143,N,False
3,199,288,143,N,False
3,203,48,143,N,False
3,199,48,143,N,False
3,3,283,143,N,False
3,203,270,143,N,False
3,203,338,143,N,False
3,252,338,143,N,False
3,203,268,143,N,False
3,170,268,143,N,False
3,203,50,143,N,False
3,334,50,143,N,False
3,148,50,143,N,False
3,203,29,143,N,False
3,252,29,143,N,False
3,203,bot3__5,143,N,False
3,342,bot3__5,143,N,False
3,39,bot7__2,143,N,False
3,170,reel0__0,143,N,False
3,170,reel3__6,143,N,False
3,315,80,143,N,False
3,315,87,143,N,False
3,334,132,143,N,False
3,315,132,143,N,False
3,72,132,143,N,False
3,328,bot3__9,143,N,False
3,334,229,143,N,False
3,148,229,143,N,False
3,334,reel6__5,143,N,False
3,72,reel1__2,143,N,False
3,133,96,143,N,False
3,133,183,143,N,False
3,148,146,143,N,False
3,80,bot1__4,144,N,False
3,95,bot1__2,144,N,False
3,95,bot1__9,144,N,False
3,95,reel1__4,144,N,False
3,250,reel1__4,144,N,False
3,304,bot0__7,144,N,False
3,342,bot0__7,144,N,False
3,bot4__1,bot2__0,144,N,False
3,118,bot2__0,144,N,False
3,160,bot1__5,144,N,False
3,295,bot1__5,144,N,False
3,156,bot1__5,144,N,False
3,221,bot4__6,144,N,False
3,229,bot4__6,144,N,False
3,168,bot6__3,144,N,False
3,61,reel0__4,144,N,False
3,75,reel0__4,144,N,False
3,289,bot2__3,144,N,False
3,289,bot3__9,144,N,False
3,328,bot3__9,144,N,False
3,327,bot3__9,144,N,False
3,218,reel4__9,144,N,False
3,133,bot0__1,144,N,False
3,336,reel4__3,144,N,False
3,291,reel4__3,144,N,False
3,238,reel5__1,144,N,False
3,29,bot5__6,144,N,False
3,294,bot7__7,144,N,False
3,63,bot1__6,144,N,False
3,293,bot1__6,144,N,False
3,201,reel4__0,144,N,False
3,79,reel4__0,144,N,False
3,123,reel4__0,144,N,False
3,166,bot1__7,144,N,False
3,250,bot2__5,144,N,False
3,1,bot2__5,144,N,False
3,71,bot3__7,144,N,False
3,71,reel3__0,144,N,False
3,41,reel3__0,144,N,False
3,71,bot5__1,144,N,False
3,41,bot5__1,144,N,False
3,45,bot6__1,144,N,False
3,274,bot6__1,144,N,False
3,1,bot6__1,144,N,False
3,205,reel3__4,144,N,False
3,308,bot2__7,144,N,False
3,169,bot0__5,144,N,False
3,88,reel3__8,144,N,False
3,4,bot7__1,144,N,False
3,259,bot7__1,144,N,False
3,269,reel3__2,144,N,False
3,324,reel3__2,144,N,False
3,260,reel0__8,144,N,False
3,332,bot5__7,144,N,False
3,170,reel0__0,144,N,False
3,170,reel3__6,144,N,False
3,293,bot4__9,144,N,False
3,1,bot4__9,144,N,False
3,156,bot4__9,144,N,False
3,1,reel2__3,144,N,False
3,223,bot6__6,144,N,False
3,141,bot5__4,144,N,False
3,216,bot7__3,144,N,False
3,156,bot2__1,144,N,False
3,39,bot7__2,144,N,False
3,173,reel0__5,144,N,False
3,98,reel0__5,144,N,False
3,173,reel5__8,144,N,False
3,98,reel0__1,144,N,False
3,129,reel2__4,144,N,False
3,80,bot1__4,146,N,False
3,179,bot1__4,146,N,False
3,201,bot0__9,146,N,False
3,270,bot0__9,146,N,False
3,95,bot1__2,146,N,False
3,100,bot1__2,146,N,False
3,95,reel1__4,146,N,False
3,189,reel1__4,146,N,False
3,289,bot2__3,146,N,False
3,326,bot2__3,146,N,False
3,326,bot4__1,146,N,False
3,295,bot1__5,146,N,False
3,203,reel4__6,146,N,False
3,295,reel4__6,146,N,False
3,76,reel6__0,146,N,False
3,85,reel6__0,146,N,False
3,184,bot4__7,146,N,False
3,131,bot4__7,146,N,False
3,203,bot3__5,146,N,False
3,342,bot3__5,146,N,False
3,203,bot6__8,146,N,False
3,173,bot6__8,146,N,False
3,233,reel3__4,146,N,False
3,205,reel3__4,146,N,False
3,159,reel3__4,146,N,False
3,98,reel0__1,146,N,False
3,256,reel0__1,146,N,False
3,110,reel0__1,146,N,False
3,100,bot3__6,146,N,False
3,110,bot3__6,146,N,False
3,232,bot7__7,146,N,False
3,110,bot7__7,146,N,False
3,294,bot7__7,146,N,False
3,28,bot2__0,146,N,False
3,289,bot3__9,146,N,False
3,328,bot3__9,146,N,False
3,327,bot3__9,146,N,False
3,bot4__2,bot3__9,146,N,False
3,72,reel1__2,146,N,False
3,201,reel4__0,146,N,False
3,reel6__5,reel4__0,146,N,False
3,123,reel4__0,146,N,False
3,bot4__2,bot0__8,146,N,False
3,341,bot0__8,146,N,False
3,161,bot0__8,146,N,False
3,176,bot0__8,146,N,False
3,48,reel6__6,146,N,False
3,187,reel6__6,146,N,False
3,218,reel4__9,146,N,False
3,69,reel4__9,146,N,False
3,71,reel3__0,146,N,False
3,93,reel3__0,146,N,False
3,41,reel3__0,146,N,False
3,83,reel4__1,146,N,False
3,93,reel4__1,146,N,False
3,201,reel4__1,146,N,False
3,83,reel4__2,146,N,False
3,278,reel4__2,146,N,False
3,133,bot0__1,146,N,False
3,216,bot0__2,146,N,False
3,56,bot0__2,146,N,False
3,291,bot0__2,146,N,False
3,336,reel4__3,146,N,False
3,291,reel4__3,146,N,False
3,181,reel4__3,146,N,False
3,173,reel5__8,146,N,False
3,189,reel5__8,146,N,False
3,219,reel5__8,146,N,False
3,260,reel0__8,146,N,False
3,202,reel0__8,146,N,False
3,42,reel0__8,146,N,False
3,bot4__0,reel1__8,146,N,False
3,42,reel1__8,146,N,False
3,275,bot2__1,146,N,False
3,42,bot2__1,146,N,False
3,139,bot3__2,146,N,False
3,77,reel0__2,146,N,False
3,275,bot5__3,146,N,False
3,84,bot5__3,146,N,False
3,166,bot1__7,146,N,False
3,232,bot1__7,146,N,False
3,338,bot5__0,146,N,False
3,76,bot5__4,146,N,False
3,253,bot5__4,146,N,False
3,14,bot3__4,146,N,False
3,208,bot2__2,146,N,False
3,205,bot0__0,146,N,False
3,202,bot0__0,146,N,False
3,186,bot0__4,146,N,False
3,275,bot0__4,146,N,False
3,202,bot0__4,146,N,False
3,135,reel0__6,146,N,False
3,138,reel0__6,146,N,False
3,71,bot3__7,146,N,False
3,194,bot3__7,146,N,False
3,71,bot5__1,146,N,False
3,41,bot5__1,146,N,False
3,112,reel4__8,146,N,False
3,116,reel4__8,146,N,False
3,189,bot7__5,146,N,False
3,288,bot7__0,146,N,False
3,333,bot7__0,146,N,False
3,186,reel6__2,146,N,False
3,271,reel6__2,146,N,False
3,52,bot1__1,146,N,False
3,75,reel0__4,146,N,False
3,3,reel0__4,146,N,False
3,243,reel5__5,146,N,False
3,164,reel5__5,146,N,False
3,170,reel3__6,146,N,False
3,233,bot7__2,146,N,False
3,143,reel2__5,146,N,False
3,13,reel2__5,146,N,False
3,60,bot4__3,146,N,False
3,112,bot7__4,146,N,False
3,333,bot7__4,146,N,False
3,257,reel6__7,146,N,False
3,223,bot6__6,146,N,False
3,274,bot6__1,146,N,False
3,216,bot7__3,146,N,False
3,341,bot0__6,146,N,False
3,reel0__2,250,147,N,False
3,231,315,147,N,False
3,40,315,147,N,False
3,231,178,147,N,False
3,231,280,147,N,False
3,40,280,147,N,False
3,231,29,147,N,False
3,40,29,147,N,False
3,231,172,147,N,False
3,40,172,147,N,False
3,231,199,147,N,False
3,40,199,147,N,False
3,231,bot1__9,147,N,False
3,40,169,147,N,False
3,40,133,147,N,False
3,40,274,147,N,False
3,40,26,147,N,False
3,40,304,147,N,False
3,40,224,147,N,False
3,40,272,147,N,False
3,40,317,147,N,False
3,40,307,147,N,False
3,40,257,147,N,False
3,40,67,147,N,False
3,40,reel0__6,147,N,False
3,180,48,148,N,False
3,203,48,148,N,False
3,53,48,148,N,False
3,199,48,148,N,False
3,330,48,148,N,False
3,180,187,148,N,False
3,346,187,148,N,False
3,92,187,148,N,False
3,194,187,148,N,False
3,249,187,148,N,False
3,180,242,148,N,False
3,346,242,148,N,False
3,92,242,148,N,False
3,53,242,148,N,False
3,194,242,148,N,False
3,330,242,148,N,False
3,249,242,148,N,False
3,204,242,148,N,False
3,158,242,148,N,False
3,203,324,148,N,False
3,331,324,148,N,False
3,118,324,148,N,False
3,67,324,148,N,False
3,199,324,148,N,False
3,238,324,148,N,False
3,252,324,148,N,False
3,331,73,148,N,False
3,203,332,148,N,False
3,331,332,148,N,False
3,170,332,148,N,False
3,67,332,148,N,False
3,53,332,148,N,False
3,231,332,148,N,False
3,16,332,148,N,False
3,252,332,148,N,False
3,158,332,148,N,False
3,331,30,148,N,False
3,203,186,148,N,False
3,331,186,148,N,False
3,59,186,148,N,False
3,170,186,148,N,False
3,67,186,148,N,False
3,325,186,148,N,False
3,199,186,148,N,False
3,252,186,148,N,False
3,203,322,148,N,False
3,118,322,148,N,False
3,170,322,148,N,False
3,67,322,148,N,False
3,53,322,148,N,False
3,199,322,148,N,False
3,252,322,148,N,False
3,158,322,148,N,False
3,53,1,148,N,False
3,346,1,148,N,False
3,194,1,148,N,False
3,92,1,148,N,False
3,53,191,148,N,False
3,53,317,148,N,False
3,158,317,148,N,False
3,53,146,148,N,False
3,148,146,148,N,False
3,313,146,148,N,False
3,203,315,148,N,False
3,170,315,148,N,False
3,67,315,148,N,False
3,53,315,148,N,False
3,199,315,148,N,False
3,231,315,148,N,False
3,249,315,148,N,False
3,252,315,148,N,False
3,158,315,148,N,False
3,313,315,148,N,False
3,53,88,148,N,False
3,249,57,148,N,False
3,346,57,148,N,False
3,204,57,148,N,False
3,92,57,148,N,False
3,203,277,148,N,False
3,118,277,148,N,False
3,252,277,148,N,False
3,39,277,148,N,False
3,170,277,148,N,False
3,67,277,148,N,False
3,325,277,148,N,False
3,204,277,148,N,False
3,203,304,148,N,False
3,118,304,148,N,False
3,170,304,148,N,False
3,67,304,148,N,False
3,325,304,148,N,False
3,84,304,148,N,False
3,199,304,148,N,False
3,249,304,148,N,False
3,252,304,148,N,False
3,158,304,148,N,False
3,203,40,148,N,False
3,67,40,148,N,False
3,325,40,148,N,False
3,199,40,148,N,False
3,231,40,148,N,False
3,158,40,148,N,False
3,203,142,148,N,False
3,170,142,148,N,False
3,67,142,148,N,False
3,252,142,148,N,False
3,158,142,148,N,False
3,158,60,148,N,False
3,313,60,148,N,False
3,203,134,148,N,False
3,118,134,148,N,False
3,67,134,148,N,False
3,199,134,148,N,False
3,238,134,148,N,False
3,252,134,148,N,False
3,118,283,148,N,False
3,203,239,148,N,False
3,118,239,148,N,False
3,59,239,148,N,False
3,170,239,148,N,False
3,67,239,148,N,False
3,325,239,148,N,False
3,199,239,148,N,False
3,238,239,148,N,False
3,231,239,148,N,False
3,252,239,148,N,False
3,313,239,148,N,False
3,203,161,148,N,False
3,118,161,148,N,False
3,39,161,148,N,False
3,67,161,148,N,False
3,325,161,148,N,False
3,314,161,148,N,False
3,199,161,148,N,False
3,252,161,148,N,False
3,203,200,148,N,False
3,118,200,148,N,False
3,39,200,148,N,False
3,170,200,148,N,False
3,67,200,148,N,False
3,325,200,148,N,False
3,199,200,148,N,False
3,252,200,148,N,False
3,203,342,148,N,False
3,118,342,148,N,False
3,59,342,148,N,False
3,170,342,148,N,False
3,67,342,148,N,False
3,325,342,148,N,False
3,314,342,148,N,False
3,199,342,148,N,False
3,238,342,148,N,False
3,252,342,148,N,False
3,313,342,148,N,False
3,118,bot2__0,148,N,False
3,67,345,148,N,False
3,252,345,148,N,False
3,203,55,148,N,False
3,67,55,148,N,False
3,252,55,148,N,False
3,170,55,148,N,False
3,67,45,148,N,False
3,203,104,148,N,False
3,67,104,148,N,False
3,325,104,148,N,False
3,252,104,148,N,False
3,318,104,148,N,False
3,67,136,148,N,False
3,67,290,148,N,False
3,170,290,148,N,False
3,67,188,148,N,False
3,252,188,148,N,False
3,170,188,148,N,False
3,203,272,148,N,False
3,67,272,148,N,False
3,346,272,148,N,False
3,252,272,148,N,False
3,148,272,148,N,False
3,67,323,148,N,False
3,170,323,148,N,False
3,67,66,148,N,False
3,252,66,148,N,False
3,231,280,148,N,False
3,67,280,148,N,False
3,39,280,148,N,False
3,252,280,148,N,False
3,203,128,148,N,False
3,170,128,148,N,False
3,67,128,148,N,False
3,199,128,148,N,False
3,252,128,148,N,False
3,313,128,148,N,False
3,67,3,148,N,False
3,170,3,148,N,False
3,252,72,148,N,False
3,67,72,148,N,False
3,199,72,148,N,False
3,67,303,148,N,False
3,67,10,148,N,False
3,203,223,148,N,False
3,170,223,148,N,False
3,67,223,148,N,False
3,325,223,148,N,False
3,199,223,148,N,False
3,252,223,148,N,False
3,313,223,148,N,False
3,67,236,148,N,False
3,314,236,148,N,False
3,84,236,148,N,False
3,252,236,148,N,False
3,318,236,148,N,False
3,203,308,148,N,False
3,67,308,148,N,False
3,252,308,148,N,False
3,67,31,148,N,False
3,252,31,148,N,False
3,84,31,148,N,False
3,346,184,148,N,False
3,346,320,148,N,False
3,346,127,148,N,False
3,84,83,148,N,False
3,84,bot5__3,148,N,False
3,199,298,148,N,False
3,199,288,148,N,False
3,199,bot1__8,148,N,False
3,203,338,148,N,False
3,252,338,148,N,False
3,203,341,148,N,False
3,170,341,148,N,False
3,203,bot3__5,148,N,False
3,203,reel4__6,148,N,False
3,39,257,148,N,False
3,39,165,148,N,False
3,170,reel3__6,148,N,False
3,233,256,148,N,False
3,233,bot1__6,148,N,False
3,233,reel3__4,148,N,False
3,252,reel6__9,148,N,False
3,313,63,148,N,False
3,231,106,148,N,False
3,238,106,148,N,False
3,231,77,148,N,False
3,231,bot1__9,148,N,False
3,231,bot4__2,148,N,False
3,231,reel6__5,148,N,False
3,148,229,148,N,False
3,60,285,149,N,False
3,332,285,149,N,False
3,56,285,149,N,False
3,315,285,149,N,False
3,213,285,149,N,False
3,208,285,149,N,False
3,272,285,149,N,False
3,26,285,149,N,False
3,188,285,149,N,False
3,252,285,149,N,False
3,9,285,149,N,False
3,60,313,149,N,False
3,56,313,149,N,False
3,315,313,149,N,False
3,199,313,149,N,False
3,26,313,149,N,False
3,252,313,149,N,False
3,60,239,149,N,False
3,169,239,149,N,False
3,72,239,149,N,False
3,56,239,149,N,False
3,213,239,149,N,False
3,272,239,149,N,False
3,199,239,149,N,False
3,26,239,149,N,False
3,188,239,149,N,False
3,252,239,149,N,False
3,60,bot4__3,149,N,False
3,bot0__2,216,149,N,False
3,169,136,149,N,False
3,56,136,149,N,False
3,315,136,149,N,False
3,213,136,149,N,False
3,87,136,149,N,False
3,169,236,149,N,False
3,315,236,149,N,False
3,213,236,149,N,False
3,248,236,149,N,False
3,272,236,149,N,False
3,26,236,149,N,False
3,252,236,149,N,False
3,169,40,149,N,False
3,332,40,149,N,False
3,72,40,149,N,False
3,56,40,149,N,False
3,315,40,149,N,False
3,213,40,149,N,False
3,272,40,149,N,False
3,199,40,149,N,False
3,26,40,149,N,False
3,315,257,149,N,False
3,169,257,149,N,False
3,272,257,149,N,False
3,26,257,149,N,False
3,56,103,149,N,False
3,169,103,149,N,False
3,252,103,149,N,False
3,169,318,149,N,False
3,169,142,149,N,False
3,332,142,149,N,False
3,56,142,149,N,False
3,315,142,149,N,False
3,26,142,149,N,False
3,188,142,149,N,False
3,252,142,149,N,False
3,9,142,149,N,False
3,169,109,149,N,False
3,332,109,149,N,False
3,56,109,149,N,False
3,26,109,149,N,False
3,252,109,149,N,False
3,169,128,149,N,False
3,56,128,149,N,False
3,315,128,149,N,False
3,213,128,149,N,False
3,248,128,149,N,False
3,199,128,149,N,False
3,26,128,149,N,False
3,252,128,149,N,False
3,9,128,149,N,False
3,315,121,149,N,False
3,169,121,149,N,False
3,169,67,149,N,False
3,332,67,149,N,False
3,72,67,149,N,False
3,56,67,149,N,False
3,315,67,149,N,False
3,213,67,149,N,False
3,248,67,149,N,False
3,272,67,149,N,False
3,199,67,149,N,False
3,26,67,149,N,False
3,188,67,149,N,False
3,252,67,149,N,False
3,9,67,149,N,False
3,332,119,149,N,False
3,56,119,149,N,False
3,208,119,149,N,False
3,248,119,149,N,False
3,199,119,149,N,False
3,26,119,149,N,False
3,188,119,149,N,False
3,252,119,149,N,False
3,9,119,149,N,False
3,56,331,149,N,False
3,332,331,149,N,False
3,332,bot5__7,149,N,False
3,56,298,149,N,False
3,199,298,149,N,False
3,72,298,149,N,False
3,26,298,149,N,False
3,72,212,149,N,False
3,56,212,149,N,False
3,199,212,149,N,False
3,26,212,149,N,False
3,252,212,149,N,False
3,56,132,149,N,False
3,315,132,149,N,False
3,72,132,149,N,False
3,315,288,149,N,False
3,199,288,149,N,False
3,213,345,149,N,False
3,315,345,149,N,False
3,252,345,149,N,False
3,315,1,149,N,False
3,213,303,149,N,False
3,56,303,149,N,False
3,315,303,149,N,False
3,213,80,149,N,False
3,315,80,149,N,False
3,213,249,149,N,False
3,315,249,149,N,False
3,315,133,149,N,False
3,188,133,149,N,False
3,9,133,149,N,False
3,26,133,149,N,False
3,315,94,149,N,False
3,315,302,149,N,False
3,315,bot2__8,149,N,False
3,56,134,149,N,False
3,248,134,149,N,False
3,199,134,149,N,False
3,26,134,149,N,False
3,252,134,149,N,False
3,9,134,149,N,False
3,56,88,149,N,False
3,56,297,149,N,False
3,272,297,149,N,False
3,26,297,149,N,False
3,188,297,149,N,False
3,252,297,149,N,False
3,9,297,149,N,False
3,252,238,149,N,False
3,56,238,149,N,False
3,199,238,149,N,False
3,56,59,149,N,False
3,252,59,149,N,False
3,56,55,149,N,False
3,252,55,149,N,False
3,26,55,149,N,False
3,56,161,149,N,False
3,213,161,149,N,False
3,199,161,149,N,False
3,26,161,149,N,False
3,87,161,149,N,False
3,252,161,149,N,False
3,9,161,149,N,False
3,56,290,149,N,False
3,188,290,149,N,False
3,56,221,149,N,False
3,56,342,149,N,False
3,199,342,149,N,False
3,188,342,149,N,False
3,252,342,149,N,False
3,9,342,149,N,False
3,56,222,149,N,False
3,199,222,149,N,False
3,252,118,149,N,False
3,56,118,149,N,False
3,199,118,149,N,False
3,26,118,149,N,False
3,56,186,149,N,False
3,213,186,149,N,False
3,199,186,149,N,False
3,272,186,149,N,False
3,26,186,149,N,False
3,188,186,149,N,False
3,252,186,149,N,False
3,9,186,149,N,False
3,56,63,149,N,False
3,252,261,149,N,False
3,56,261,149,N,False
3,199,261,149,N,False
3,213,178,149,N,False
3,272,178,149,N,False
3,213,96,149,N,False
3,213,130,149,N,False
3,213,bot0__6,149,N,False
3,272,159,149,N,False
3,272,148,149,N,False
3,9,148,149,N,False
3,272,127,149,N,False
3,272,79,149,N,False
3,26,79,149,N,False
3,188,79,149,N,False
3,252,79,149,N,False
3,9,79,149,N,False
3,188,85,149,N,False
3,272,85,149,N,False
3,9,85,149,N,False
3,9,295,149,N,False
3,26,295,149,N,False
3,188,274,149,N,False
3,188,bot1__1,149,N,False
3,252,338,149,N,False
3,252,29,149,N,False
3,9,reel1__8,149,N,False
3,9,bot3__1,149,N,False
3,9,bot3__4,149,N,False
3,9,reel4__9,149,N,False
3,88,reel3__8,150,N,True
3,242,reel3__8,150,N,True
3,203,reel4__6,150,N,True
3,295,reel4__6,150,N,True
3,242,reel4__6,150,N,True
3,289,bot2__3,150,N,True
3,38,bot2__3,150,N,True
3,326,bot2__3,150,N,True
3,326,bot4__1,150,N,True
3,241,bot4__1,150,N,True
3,172,reel1__6,150,N,True
3,195,reel1__6,150,N,True
3,159,reel1__6,150,N,True
3,118,bot2__0,150,N,True
3,64,bot2__0,150,N,True
3,118,reel3__3,150,N,True
3,283,reel3__3,150,N,True
3,177,reel3__3,150,N,True
3,49,bot3__6,150,N,True
3,100,bot3__6,150,N,True
3,110,bot3__6,150,N,True
3,324,reel0__3,150,N,True
3,189,reel0__3,150,N,True
3,152,reel0__3,150,N,True
3,262,bot1__0,150,N,True
3,229,bot1__0,150,N,True
3,160,bot1__5,150,N,True
3,295,bot1__5,150,N,True
3,156,bot1__5,150,N,True
3,246,reel2__0,150,N,True
3,218,reel2__0,150,N,True
3,295,reel2__0,150,N,True
3,196,reel4__5,150,N,True
3,82,reel4__5,150,N,True
3,42,reel4__5,150,N,True
3,76,reel6__0,150,N,True
3,85,reel6__0,150,N,True
3,229,bot4__6,150,N,True
3,203,bot3__5,150,N,True
3,342,bot3__5,150,N,True
3,203,bot6__8,150,N,True
3,173,bot6__8,150,N,True
3,206,reel6__7,150,N,True
3,226,reel6__7,150,N,True
3,98,reel0__1,150,N,True
3,256,reel0__1,150,N,True
3,110,reel0__1,150,N,True
3,110,bot7__7,150,N,True
3,233,reel3__4,150,N,True
3,159,reel3__4,150,N,True
3,168,bot6__3,150,N,True
3,213,bot6__3,150,N,True
3,61,bot2__2,150,N,True
3,50,reel6__1,150,N,True
3,130,reel6__1,150,N,True
3,177,reel6__1,150,N,True
3,213,bot0__6,150,N,True
3,341,bot0__6,150,N,True
3,313,bot0__6,150,N,True
3,289,bot3__9,150,N,True
3,328,bot3__9,150,N,True
3,108,bot1__3,150,N,True
3,258,bot1__3,150,N,True
3,170,bot1__3,150,N,True
3,108,bot3__3,150,N,True
3,285,bot3__3,150,N,True
3,48,reel6__6,150,N,True
3,187,reel6__6,150,N,True
3,122,reel6__6,150,N,True
3,130,bot2__4,150,N,True
3,342,bot2__4,150,N,True
3,64,bot0__3,150,N,True
3,290,bot0__3,150,N,True
3,133,bot0__1,150,N,True
3,237,bot0__1,150,N,True
3,133,reel1__1,150,N,True
3,109,reel1__1,150,N,True
3,133,bot5__5,150,N,True
3,271,bot5__5,150,N,True
3,231,bot2__8,150,N,True
3,315,bot2__8,150,N,True
3,278,bot2__8,150,N,True
3,266,bot3__0,150,N,True
3,278,bot3__0,150,N,True
3,216,bot0__2,150,N,True
3,56,bot0__2,150,N,True
3,291,bot0__2,150,N,True
3,336,reel4__3,150,N,True
3,291,reel4__3,150,N,True
3,181,reel4__3,150,N,True
3,20,reel5__0,150,N,True
3,140,bot4__4,150,N,True
3,98,bot4__4,150,N,True
3,344,bot4__4,150,N,True
3,202,reel0__8,150,N,True
3,42,reel0__8,150,N,True
3,9,reel1__8,150,N,True
3,261,reel1__8,150,N,True
3,42,reel1__8,150,N,True
3,156,bot2__1,150,N,True
3,42,bot2__1,150,N,True
3,322,bot2__7,150,N,True
3,217,bot2__7,150,N,True
3,308,bot2__7,150,N,True
3,333,reel5__4,150,N,True
3,324,reel5__4,150,N,True
3,320,reel5__4,150,N,True
3,63,bot1__6,150,N,True
3,293,bot1__6,150,N,True
3,233,bot1__6,150,N,True
3,347,reel2__1,150,N,True
3,339,reel1__5,150,N,True
3,77,reel0__2,150,N,True
3,250,reel0__2,150,N,True
3,38,bot5__2,150,N,True
3,202,bot5__2,150,N,True
3,75,bot2__9,150,N,True
3,256,bot2__9,150,N,True
3,202,bot0__0,150,N,True
3,47,bot0__0,150,N,True
3,338,bot5__0,150,N,True
3,76,bot5__4,150,N,True
3,253,bot5__4,150,N,True
3,141,bot5__4,150,N,True
3,76,reel5__1,150,N,True
3,271,reel5__1,150,N,True
3,76,bot6__5,150,N,True
3,296,bot6__5,150,N,True
3,14,bot3__4,150,N,True
3,9,bot3__4,150,N,True
3,60,reel6__9,150,N,True
3,64,reel6__9,150,N,True
3,155,reel2__7,150,N,True
3,194,reel2__7,150,N,True
3,45,bot6__1,150,N,True
3,274,bot6__1,150,N,True
3,1,bot6__1,150,N,True
3,198,reel1__0,150,N,True
3,104,reel1__0,150,N,True
3,141,reel1__0,150,N,True
3,198,bot3__2,150,N,True
3,141,bot3__2,150,N,True
3,100,bot1__2,150,N,True
3,100,reel1__9,150,N,True
3,178,reel3__7,150,N,True
3,169,reel3__7,150,N,True
3,170,reel3__7,150,N,True
3,247,reel5__3,150,N,True
3,189,reel5__3,150,N,True
3,24,reel5__3,150,N,True
3,173,reel5__8,150,N,True
3,189,reel5__8,150,N,True
3,189,bot7__5,150,N,True
3,288,bot7__0,150,N,True
3,333,bot7__0,150,N,True
3,186,reel6__2,150,N,True
3,271,reel6__2,150,N,True
3,9,bot3__1,150,N,True
3,267,bot3__1,150,N,True
3,51,bot3__1,150,N,True
3,277,bot6__4,150,N,True
3,283,bot6__4,150,N,True
3,170,reel0__0,150,N,True
3,170,reel3__6,150,N,True
3,305,reel3__6,150,N,True
3,316,reel2__8,150,N,True
3,233,reel2__8,150,N,True
3,233,bot7__2,150,N,True
3,293,bot4__9,150,N,True
3,1,bot4__9,150,N,True
3,156,bot4__9,150,N,True
3,261,reel5__9,150,N,True
3,157,reel2__4,150,N,True
3,245,reel2__4,150,N,True
3,231,bot4__2,150,N,True
3,333,bot7__4,150,N,True
3,60,bot4__3,150,N,True
3,4,bot7__1,150,N,True
3,216,bot7__3,150,N,True
3,276,reel1__2,150,N,True
3,115,reel1__2,150,N,True
3,173,reel0__5,150,N,True
3,98,reel0__5,150,N,True
3,341,bot0__8,150,N,True
3,283,bot4__5,150,N,True
3,339,129,151,N,True
3,168,129,151,N,True
3,7,129,151,N,True
3,31,129,151,N,True
3,291,129,151,N,True
3,80,187,151,N,True
3,5,187,151,N,True
3,346,187,151,N,True
3,reel6__6,187,151,N,True
3,80,101,151,N,True
3,346,101,151,N,True
3,204,101,151,N,True
3,80,266,151,N,True
3,196,266,151,N,True
3,346,266,151,N,True
3,204,266,151,N,True
3,5,180,151,N,True
3,346,180,151,N,True
3,80,180,151,N,True
3,196,180,151,N,True
3,204,180,151,N,True
3,346,194,151,N,True
3,1,194,151,N,True
3,80,194,151,N,True
3,196,194,151,N,True
3,204,194,151,N,True
3,80,300,151,N,True
3,346,300,151,N,True
3,57,92,151,N,True
3,346,92,151,N,True
3,1,92,151,N,True
3,80,92,151,N,True
3,196,92,151,N,True
3,204,92,151,N,True
3,80,299,151,N,True
3,346,299,151,N,True
3,1,299,151,N,True
3,73,299,151,N,True
3,80,173,151,N,True
3,202,173,151,N,True
3,reel0__5,173,151,N,True
3,80,bot1__4,151,N,True
3,bot5__5,bot1__4,151,N,True
3,304,bot0__7,151,N,True
3,342,bot0__7,151,N,True
3,69,bot0__7,151,N,True
3,196,254,151,N,True
3,346,254,151,N,True
3,204,254,151,N,True
3,315,302,151,N,True
3,57,302,151,N,True
3,346,302,151,N,True
3,204,302,151,N,True
3,118,283,151,N,True
3,bot6__4,283,151,N,True
3,3,283,151,N,True
3,118,16,151,N,True
3,82,16,151,N,True
3,261,16,151,N,True
3,118,reel3__3,151,N,True
3,5,316,151,N,True
3,295,bot1__5,151,N,True
3,156,bot1__5,151,N,True
3,246,reel2__0,151,N,True
3,295,reel2__0,151,N,True
3,85,reel6__0,151,N,True
3,280,153,151,N,True
3,206,reel0__9,151,N,True
3,106,reel0__9,151,N,True
3,206,reel6__7,151,N,True
3,257,reel6__7,151,N,True
3,284,139,151,N,True
3,281,139,151,N,True
3,127,139,151,N,True
3,159,139,151,N,True
3,251,139,151,N,True
3,159,reel1__6,151,N,True
3,159,reel3__4,151,N,True
3,bot2__7,217,151,N,True
3,119,217,151,N,True
3,324,217,151,N,True
3,169,125,151,N,True
3,119,125,151,N,True
3,136,125,151,N,True
3,119,269,151,N,True
3,119,64,151,N,True
3,119,27,151,N,True
3,324,27,151,N,True
3,119,100,151,N,True
3,bot6__3,bot5__4,151,N,True
3,290,bot0__3,151,N,True
3,bot3__4,bot0__3,151,N,True
3,120,247,151,N,True
3,120,reel6__8,151,N,True
3,342,bot3__5,151,N,True
3,133,183,151,N,True
3,133,bot0__1,151,N,True
3,291,bot0__2,151,N,True
3,169,reel3__9,151,N,True
3,79,reel3__9,151,N,True
3,291,reel3__9,151,N,True
3,reel5__1,76,151,N,True
3,132,317,151,N,True
3,40,317,151,N,True
3,40,307,151,N,True
3,339,152,151,N,True
3,339,reel1__5,151,N,True
3,31,51,151,N,True
3,84,51,151,N,True
3,31,237,151,N,True
3,84,237,151,N,True
3,31,83,151,N,True
3,84,83,151,N,True
3,84,bot5__3,151,N,True
3,50,reel6__1,151,N,True
3,284,135,151,N,True
3,127,135,151,N,True
3,251,135,151,N,True
3,281,135,151,N,True
3,38,bot2__3,151,N,True
3,338,bot5__0,151,N,True
3,reel4__9,218,151,N,True
3,reel4__9,bot7__3,151,N,True
3,202,166,151,N,True
3,202,bot0__0,151,N,True
3,202,reel0__8,151,N,True
3,175,46,151,N,True
3,175,321,151,N,True
3,175,99,151,N,True
3,175,177,151,N,True
3,175,86,151,N,True
3,175,296,151,N,True
3,175,225,151,N,True
3,175,102,151,N,True
3,175,227,151,N,True
3,175,reel0__7,151,N,True
3,reel0__5,reel5__0,151,N,True
3,148,reel4__7,151,N,True
3,22,bot0__5,151,N,True
3,169,bot0__5,151,N,True
3,288,reel1__7,151,N,True
3,288,bot7__0,151,N,True
3,reel1__8,42,151,N,True
3,reel1__8,bot3__8,151,N,True
3,75,bot3__8,151,N,True
3,reel1__8,bot4__0,151,N,True
3,232,bot1__7,151,N,True
3,232,reel2__7,151,N,True
3,232,bot7__7,151,N,True
3,121,reel0__0,151,N,True
3,106,reel2__1,151,N,True
3,106,bot7__1,151,N,True
3,106,bot7__6,151,N,True
3,324,bot4__7,151,N,True
3,324,reel5__4,151,N,True
3,1,bot2__5,151,N,True
3,1,reel2__3,151,N,True
3,224,bot4__6,151,N,True
3,224,reel5__7,151,N,True
3,231,bot2__8,151,N,True
3,315,bot2__8,151,N,True
3,bot3__3,bot2__8,151,N,True
3,231,reel6__5,151,N,True
3,reel4__0,reel6__5,151,N,True
3,reel5__2,270,151,N,True
3,reel5__2,reel6__4,151,N,True
3,reel5__2,bot7__5,151,N,True
3,156,bot2__1,151,N,True
3,156,bot6__2,151,N,True
3,75,bot2__9,151,N,True
3,reel0__1,256,151,N,True
3,reel4__0,201,151,N,True
3,180,reel0__9,152,N,True
3,206,reel0__9,152,N,True
3,reel3__6,reel0__9,152,N,True
3,329,bot4__0,152,N,True
3,reel1__9,bot4__0,152,N,True
3,195,reel2__3,152,N,True
3,1,reel2__3,152,N,True
3,242,reel2__3,152,N,True
3,88,reel3__8,152,N,True
3,242,reel3__8,152,N,True
3,295,reel4__6,152,N,True
3,242,reel4__6,152,N,True
3,270,reel0__7,152,N,True
3,195,reel5__2,152,N,True
3,270,reel5__2,152,N,True
3,80,bot1__4,152,N,True
3,179,bot1__4,152,N,True
3,95,bot1__0,152,N,True
3,262,bot1__0,152,N,True
3,95,bot1__2,152,N,True
3,100,bot1__2,152,N,True
3,113,bot1__2,152,N,True
3,22,bot1__9,152,N,True
3,231,bot1__9,152,N,True
3,95,bot1__9,152,N,True
3,95,reel1__4,152,N,True
3,189,reel1__4,152,N,True
3,289,bot2__3,152,N,True
3,38,bot2__3,152,N,True
3,326,bot2__3,152,N,True
3,326,bot4__1,152,N,True
3,172,reel1__6,152,N,True
3,195,reel1__6,152,N,True
3,78,reel2__8,152,N,True
3,76,reel6__0,152,N,True
3,85,reel6__0,152,N,True
3,206,reel6__7,152,N,True
3,226,reel6__7,152,N,True
3,257,reel6__7,152,N,True
3,168,bot6__3,152,N,True
3,61,reel0__4,152,N,True
3,75,reel0__4,152,N,True
3,61,bot2__2,152,N,True
3,283,reel3__3,152,N,True
3,177,reel3__3,152,N,True
3,130,reel6__1,152,N,True
3,177,reel6__1,152,N,True
3,334,reel6__5,152,N,True
3,231,reel6__5,152,N,True
3,28,reel6__3,152,N,True
3,94,reel6__3,152,N,True
3,314,reel6__3,152,N,True
3,289,bot3__9,152,N,True
3,328,bot3__9,152,N,True
3,108,bot3__3,152,N,True
3,285,bot3__3,152,N,True
3,244,bot0__3,152,N,True
3,bot3__4,bot0__3,152,N,True
3,124,bot4__3,152,N,True
3,310,bot3__5,152,N,True
3,342,bot3__5,152,N,True
3,231,bot2__8,152,N,True
3,278,bot2__8,152,N,True
3,266,bot3__0,152,N,True
3,278,bot3__0,152,N,True
3,83,reel4__2,152,N,True
3,278,reel4__2,152,N,True
3,133,bot0__1,152,N,True
3,94,bot0__1,152,N,True
3,237,bot0__1,152,N,True
3,133,reel1__1,152,N,True
3,284,reel1__1,152,N,True
3,109,reel1__1,152,N,True
3,133,bot5__5,152,N,True
3,140,bot4__4,152,N,True
3,98,bot4__4,152,N,True
3,344,bot4__4,152,N,True
3,189,reel5__8,152,N,True
3,219,reel5__8,152,N,True
3,333,reel5__4,152,N,True
3,324,reel5__4,152,N,True
3,320,reel5__4,152,N,True
3,169,reel3__9,152,N,True
3,79,reel3__9,152,N,True
3,201,reel4__0,152,N,True
3,79,reel4__0,152,N,True
3,123,reel4__0,152,N,True
3,275,bot5__3,152,N,True
3,bot1__1,bot5__3,152,N,True
3,84,bot5__3,152,N,True
3,126,reel0__2,152,N,True
3,77,reel0__2,152,N,True
3,166,bot1__7,152,N,True
3,232,bot1__7,152,N,True
3,47,bot1__7,152,N,True
3,83,reel4__1,152,N,True
3,201,reel4__1,152,N,True
3,38,bot5__2,152,N,True
3,55,bot5__2,152,N,True
3,196,reel4__5,152,N,True
3,181,reel4__7,152,N,True
3,148,reel4__7,152,N,True
3,98,reel0__1,152,N,True
3,256,reel0__1,152,N,True
3,205,bot0__0,152,N,True
3,47,bot0__0,152,N,True
3,282,reel5__6,152,N,True
3,76,bot5__4,152,N,True
3,253,bot5__4,152,N,True
3,141,bot5__4,152,N,True
3,76,bot6__5,152,N,True
3,296,bot6__5,152,N,True
3,216,bot7__3,152,N,True
3,reel4__9,bot7__3,152,N,True
3,135,reel0__6,152,N,True
3,138,reel0__6,152,N,True
3,71,bot3__7,152,N,True
3,71,reel3__0,152,N,True
3,41,reel3__0,152,N,True
3,65,bot5__1,152,N,True
3,71,bot5__1,152,N,True
3,41,bot5__1,152,N,True
3,205,reel3__4,152,N,True
3,reel3__6,bot7__9,152,N,True
3,36,bot0__5,152,N,True
3,169,bot0__5,152,N,True
3,22,bot0__5,152,N,True
3,104,reel1__0,152,N,True
3,141,reel1__0,152,N,True
3,189,bot7__5,152,N,True
3,288,bot7__0,152,N,True
3,333,bot7__0,152,N,True
3,53,reel3__1,152,N,True
3,260,reel3__1,152,N,True
3,259,bot7__1,152,N,True
3,283,bot6__4,152,N,True
3,reel3__7,bot6__4,152,N,True
3,269,reel3__2,152,N,True
3,324,reel3__2,152,N,True
3,260,reel0__8,152,N,True
3,232,bot7__7,152,N,True
3,243,bot5__8,152,N,True
3,324,bot5__8,152,N,True
3,243,reel5__5,152,N,True
3,164,reel5__5,152,N,True
3,48,reel6__6,152,N,True
3,332,bot5__7,152,N,True
3,245,reel2__4,152,N,True
3,223,bot6__6,152,N,True
3,146,bot6__6,152,N,True
3,1,bot2__5,152,N,True
3,1,bot4__9,152,N,True
3,156,bot4__9,152,N,True
3,1,bot6__1,152,N,True
3,224,reel5__7,152,N,True
3,reel0__0,reel5__9,152,N,True
3,231,bot4__2,152,N,True
3,112,bot7__4,152,N,True
3,333,bot7__4,152,N,True
3,94,bot7__8,152,N,True
3,141,bot3__2,152,N,True
3,158,reel4__4,152,N,True
3,216,bot0__2,152,N,True
3,237,reel2__5,152,N,True
3,143,reel2__5,152,N,True
3,156,bot6__2,152,N,True
3,275,bot0__4,152,N,True
3,39,bot7__2,152,N,True
3,98,reel0__5,152,N,True
3,283,bot4__5,152,N,True
3,329,bot4__0,154,N,True
3,203,bot5__6,154,N,True
3,329,bot5__6,154,N,True
3,195,reel2__3,154,N,True
3,1,reel2__3,154,N,True
3,242,reel2__3,154,N,True
3,88,reel3__8,154,N,True
3,242,reel3__8,154,N,True
3,203,reel4__6,154,N,True
3,295,reel4__6,154,N,True
3,242,reel4__6,154,N,True
3,80,bot1__4,154,N,True
3,179,bot1__4,154,N,True
3,95,bot1__2,154,N,True
3,100,bot1__2,154,N,True
3,113,bot1__2,154,N,True
3,193,reel5__7,154,N,True
3,224,reel5__7,154,N,True
3,289,bot2__3,154,N,True
3,38,bot2__3,154,N,True
3,326,bot2__3,154,N,True
3,326,bot4__1,154,N,True
3,241,bot4__1,154,N,True
3,118,bot2__0,154,N,True
3,288,reel1__7,154,N,True
3,49,reel1__7,154,N,True
3,316,reel2__8,154,N,True
3,78,reel2__8,154,N,True
3,233,reel2__8,154,N,True
3,324,reel0__3,154,N,True
3,152,reel0__3,154,N,True
3,160,bot1__5,154,N,True
3,295,bot1__5,154,N,True
3,246,reel2__0,154,N,True
3,218,reel2__0,154,N,True
3,295,reel2__0,154,N,True
3,82,reel4__5,154,N,True
3,42,reel4__5,154,N,True
3,222,bot1__8,154,N,True
3,38,bot1__8,154,N,True
3,199,bot1__8,154,N,True
3,131,reel2__2,154,N,True
3,279,reel2__2,154,N,True
3,224,bot4__6,154,N,True
3,221,bot4__6,154,N,True
3,229,bot4__6,154,N,True
3,203,bot3__5,154,N,True
3,203,bot6__8,154,N,True
3,173,bot6__8,154,N,True
3,206,reel0__9,154,N,True
3,106,reel0__9,154,N,True
3,206,reel6__7,154,N,True
3,226,reel6__7,154,N,True
3,257,reel6__7,154,N,True
3,282,bot2__6,154,N,True
3,103,bot2__6,154,N,True
3,19,bot2__6,154,N,True
3,195,reel1__6,154,N,True
3,159,reel1__6,154,N,True
3,233,reel3__4,154,N,True
3,205,reel3__4,154,N,True
3,159,reel3__4,154,N,True
3,168,bot6__3,154,N,True
3,50,reel6__1,154,N,True
3,130,reel6__1,154,N,True
3,177,reel6__1,154,N,True
3,341,bot0__6,154,N,True
3,313,bot0__6,154,N,True
3,334,reel6__5,154,N,True
3,231,reel6__5,154,N,True
3,289,bot3__9,154,N,True
3,328,bot3__9,154,N,True
3,327,bot3__9,154,N,True
3,112,reel4__8,154,N,True
3,116,reel4__8,154,N,True
3,62,reel4__8,154,N,True
3,276,reel1__2,154,N,True
3,115,reel1__2,154,N,True
3,72,reel1__2,154,N,True
3,70,bot5__7,154,N,True
3,332,bot5__7,154,N,True
3,341,bot0__8,154,N,True
3,161,bot0__8,154,N,True
3,176,bot0__8,154,N,True
3,218,reel4__9,154,N,True
3,9,reel4__9,154,N,True
3,69,reel4__9,154,N,True
3,71,reel3__0,154,N,True
3,93,reel3__0,154,N,True
3,83,reel4__1,154,N,True
3,93,reel4__1,154,N,True
3,201,reel4__1,154,N,True
3,120,reel6__8,154,N,True
3,278,bot3__0,154,N,True
3,83,reel4__2,154,N,True
3,278,reel4__2,154,N,True
3,290,bot0__3,154,N,True
3,133,bot0__1,154,N,True
3,237,bot0__1,154,N,True
3,133,reel1__1,154,N,True
3,284,reel1__1,154,N,True
3,133,bot5__5,154,N,True
3,271,bot5__5,154,N,True
3,76,reel5__1,154,N,True
3,271,reel5__1,154,N,True
3,238,reel5__1,154,N,True
3,56,bot0__2,154,N,True
3,291,bot0__2,154,N,True
3,53,reel3__1,154,N,True
3,291,reel3__1,154,N,True
3,260,reel3__1,154,N,True
3,291,reel3__9,154,N,True
3,291,reel4__3,154,N,True
3,181,reel4__3,154,N,True
3,101,bot6__2,154,N,True
3,173,reel5__8,154,N,True
3,219,reel5__8,154,N,True
3,260,reel0__8,154,N,True
3,202,reel0__8,154,N,True
3,42,reel0__8,154,N,True
3,9,reel1__8,154,N,True
3,261,reel1__8,154,N,True
3,42,reel1__8,154,N,True
3,42,bot2__1,154,N,True
3,322,bot2__7,154,N,True
3,217,bot2__7,154,N,True
3,308,bot2__7,154,N,True
3,322,bot6__9,154,N,True
3,256,bot6__9,154,N,True
3,345,bot2__4,154,N,True
3,130,bot2__4,154,N,True
3,40,reel0__6,154,N,True
3,135,reel0__6,154,N,True
3,138,reel0__6,154,N,True
3,282,reel5__6,154,N,True
3,40,reel5__6,154,N,True
3,324,reel5__4,154,N,True
3,320,reel5__4,154,N,True
3,106,reel2__1,154,N,True
3,347,reel2__1,154,N,True
3,139,bot3__2,154,N,True
3,198,bot3__2,154,N,True
3,141,bot3__2,154,N,True
3,84,bot5__3,154,N,True
3,38,bot5__2,154,N,True
3,202,bot5__2,154,N,True
3,181,reel4__7,154,N,True
3,205,bot0__0,154,N,True
3,202,bot0__0,154,N,True
3,47,bot0__0,154,N,True
3,bot3__6,bot5__0,154,N,True
3,338,bot5__0,154,N,True
3,76,bot6__5,154,N,True
3,296,bot6__5,154,N,True
3,14,bot3__4,154,N,True
3,9,bot3__4,154,N,True
3,201,bot0__9,154,N,True
3,201,reel4__0,154,N,True
3,123,reel4__0,154,N,True
3,186,bot0__4,154,N,True
3,202,bot0__4,154,N,True
3,33,bot6__0,154,N,True
3,71,bot3__7,154,N,True
3,194,bot3__7,154,N,True
3,71,bot5__1,154,N,True
3,45,bot6__1,154,N,True
3,274,bot6__1,154,N,True
3,1,bot6__1,154,N,True
3,198,reel1__0,154,N,True
3,141,reel1__0,154,N,True
3,132,reel1__9,154,N,True
3,100,reel1__9,154,N,True
3,288,bot7__0,154,N,True
3,106,bot7__1,154,N,True
3,259,bot7__1,154,N,True
3,4,bot7__1,154,N,True
3,186,reel6__2,154,N,True
3,271,reel6__2,154,N,True
3,269,reel3__2,154,N,True
3,324,reel3__2,154,N,True
3,3,reel3__2,154,N,True
3,48,reel6__6,154,N,True
3,122,reel6__6,154,N,True
3,91,reel0__0,154,N,True
3,121,reel0__0,154,N,True
3,170,reel0__0,154,N,True
3,121,bot5__9,154,N,True
3,258,bot1__3,154,N,True
3,170,bot1__3,154,N,True
3,170,reel3__6,154,N,True
3,305,reel3__6,154,N,True
3,178,reel3__7,154,N,True
3,170,reel3__7,154,N,True
3,39,bot7__2,154,N,True
3,233,bot7__2,154,N,True
3,106,reel2__9,154,N,True
3,reel1__4,reel2__9,154,N,True
3,106,bot7__6,154,N,True
3,157,reel2__4,154,N,True
3,245,reel2__4,154,N,True
3,129,reel2__4,154,N,True
3,223,bot6__6,154,N,True
3,146,bot6__6,154,N,True
3,237,reel2__5,154,N,True
3,143,reel2__5,154,N,True
3,13,reel2__5,154,N,True
3,107,reel0__5,154,N,True
3,173,reel0__5,154,N,True
3,98,reel0__5,154,N,True
3,60,bot4__3,154,N,True
3,60,reel6__9,154,N,True
3,252,reel6__9,154,N,True
3,112,bot7__4,154,N,True
3,195,reel5__2,154,N,True
3,303,reel5__2,154,N,True
3,247,reel5__3,154,N,True
3,24,reel5__3,154,N,True
3,27,reel6__4,154,N,True
3,115,reel6__4,154,N,True
3,111,reel4__4,154,N,True
3,314,reel6__3,154,N,True
3,283,bot4__5,154,N,True
3,283,bot6__4,154,N,True
3,180,reel0__9,155,N,True
3,206,reel0__9,155,N,True
3,106,reel0__9,155,N,True
3,329,bot4__0,155,N,True
3,203,bot5__6,155,N,True
3,329,bot5__6,155,N,True
3,195,reel2__3,155,N,True
3,242,reel2__3,155,N,True
3,242,reel3__8,155,N,True
3,80,bot1__4,155,N,True
3,179,bot1__4,155,N,True
3,201,bot0__9,155,N,True
3,270,bot0__9,155,N,True
3,8,bot0__9,155,N,True
3,175,reel0__7,155,N,True
3,270,reel0__7,155,N,True
3,255,reel0__7,155,N,True
3,195,reel5__2,155,N,True
3,270,reel5__2,155,N,True
3,303,reel5__2,155,N,True
3,95,bot1__2,155,N,True
3,100,bot1__2,155,N,True
3,22,bot1__9,155,N,True
3,231,bot1__9,155,N,True
3,95,bot1__9,155,N,True
3,95,reel1__4,155,N,True
3,250,reel1__4,155,N,True
3,193,reel5__7,155,N,True
3,224,reel5__7,155,N,True
3,152,reel0__3,155,N,True
3,160,bot1__5,155,N,True
3,295,bot1__5,155,N,True
3,85,reel6__0,155,N,True
3,131,reel2__2,155,N,True
3,279,reel2__2,155,N,True
3,184,bot4__7,155,N,True
3,131,bot4__7,155,N,True
3,224,bot4__6,155,N,True
3,221,bot4__6,155,N,True
3,229,bot4__6,155,N,True
3,190,reel1__3,155,N,True
3,206,reel6__7,155,N,True
3,257,reel6__7,155,N,True
3,195,reel1__6,155,N,True
3,159,reel1__6,155,N,True
3,233,reel3__4,155,N,True
3,205,reel3__4,155,N,True
3,159,reel3__4,155,N,True
3,98,reel0__1,155,N,True
3,256,reel0__1,155,N,True
3,110,reel0__1,155,N,True
3,100,bot3__6,155,N,True
3,110,bot3__6,155,N,True
3,232,bot7__7,155,N,True
3,110,bot7__7,155,N,True
3,294,bot7__7,155,N,True
3,208,bot2__2,155,N,True
3,61,bot2__2,155,N,True
3,243,bot5__8,155,N,True
3,bot4__1,bot5__8,155,N,True
3,bot4__1,bot7__0,155,N,True
3,333,bot7__0,155,N,True
3,288,bot7__0,155,N,True
3,289,bot3__9,155,N,True
3,328,bot3__9,155,N,True
3,327,bot3__9,155,N,True
3,64,bot0__3,155,N,True
3,290,bot0__3,155,N,True
3,bot3__4,bot0__3,155,N,True
3,120,reel6__8,155,N,True
3,60,bot4__3,155,N,True
3,124,bot4__3,155,N,True
3,bot2__3,bot4__3,155,N,True
3,133,bot0__1,155,N,True
3,94,bot0__1,155,N,True
3,133,reel1__1,155,N,True
3,133,bot5__5,155,N,True
3,56,bot0__2,155,N,True
3,291,bot0__2,155,N,True
3,169,reel3__9,155,N,True
3,79,reel3__9,155,N,True
3,291,reel3__9,155,N,True
3,336,reel4__3,155,N,True
3,291,reel4__3,155,N,True
3,181,reel4__3,155,N,True
3,20,reel5__0,155,N,True
3,219,reel5__8,155,N,True
3,213,bot0__6,155,N,True
3,130,reel2__6,155,N,True
3,195,reel2__6,155,N,True
3,136,reel2__6,155,N,True
3,50,reel6__1,155,N,True
3,130,reel6__1,155,N,True
3,40,reel0__6,155,N,True
3,138,reel0__6,155,N,True
3,63,bot1__6,155,N,True
3,233,bot1__6,155,N,True
3,106,reel2__1,155,N,True
3,347,reel2__1,155,N,True
3,94,reel2__1,155,N,True
3,201,reel4__0,155,N,True
3,79,reel4__0,155,N,True
3,123,reel4__0,155,N,True
3,166,bot1__7,155,N,True
3,232,bot1__7,155,N,True
3,83,reel4__1,155,N,True
3,201,reel4__1,155,N,True
3,83,reel4__2,155,N,True
3,181,reel4__7,155,N,True
3,75,bot2__9,155,N,True
3,256,bot2__9,155,N,True
3,282,bot2__6,155,N,True
3,19,bot2__6,155,N,True
3,171,bot2__5,155,N,True
3,250,bot2__5,155,N,True
3,205,bot0__0,155,N,True
3,202,bot0__0,155,N,True
3,186,bot0__4,155,N,True
3,275,bot0__4,155,N,True
3,202,bot0__4,155,N,True
3,202,reel0__8,155,N,True
3,260,reel0__8,155,N,True
3,55,bot5__2,155,N,True
3,202,bot5__2,155,N,True
3,33,bot6__0,155,N,True
3,132,reel1__9,155,N,True
3,55,reel1__9,155,N,True
3,100,reel1__9,155,N,True
3,22,bot0__5,155,N,True
3,169,bot0__5,155,N,True
3,169,reel3__7,155,N,True
3,170,reel3__7,155,N,True
3,104,reel1__0,155,N,True
3,141,reel1__0,155,N,True
3,288,reel1__7,155,N,True
3,106,bot7__1,155,N,True
3,259,bot7__1,155,N,True
3,4,bot7__1,155,N,True
3,9,bot3__1,155,N,True
3,51,bot3__1,155,N,True
3,269,reel3__2,155,N,True
3,3,reel3__2,155,N,True
3,52,bot1__1,155,N,True
3,277,bot6__4,155,N,True
3,283,bot6__4,155,N,True
3,232,reel2__7,155,N,True
3,155,reel2__7,155,N,True
3,243,reel5__5,155,N,True
3,164,reel5__5,155,N,True
3,91,reel0__0,155,N,True
3,121,reel0__0,155,N,True
3,170,reel0__0,155,N,True
3,121,bot5__9,155,N,True
3,258,bot1__3,155,N,True
3,170,bot1__3,155,N,True
3,170,reel3__6,155,N,True
3,305,reel3__6,155,N,True
3,233,reel2__8,155,N,True
3,39,bot7__2,155,N,True
3,233,bot7__2,155,N,True
3,106,reel2__9,155,N,True
3,106,bot7__6,155,N,True
3,245,reel2__4,155,N,True
3,13,reel2__5,155,N,True
3,231,bot4__2,155,N,True
3,231,reel6__5,155,N,True
3,333,reel5__4,155,N,True
3,112,bot7__4,155,N,True
3,333,bot7__4,155,N,True
3,94,bot7__8,155,N,True
3,274,bot6__1,155,N,True
3,253,bot5__4,155,N,True
3,141,bot5__4,155,N,True
3,75,bot3__8,155,N,True
3,275,bot2__1,155,N,True
3,275,bot5__3,155,N,True
3,27,reel6__4,155,N,True
3,247,reel5__3,155,N,True
3,24,reel5__3,155,N,True
3,283,reel3__3,155,N,True
3,296,bot6__5,155,N,True
3,180,reel0__9,156,N,True
3,206,reel0__9,156,N,True
3,106,reel0__9,156,N,True
3,317,reel1__3,156,N,True
3,201,bot0__9,156,N,True
3,270,bot0__9,156,N,True
3,8,bot0__9,156,N,True
3,80,bot1__4,156,N,True
3,179,bot1__4,156,N,True
3,95,bot1__0,156,N,True
3,229,bot1__0,156,N,True
3,231,bot1__9,156,N,True
3,95,bot1__9,156,N,True
3,95,reel1__4,156,N,True
3,172,reel1__6,156,N,True
3,195,reel1__6,156,N,True
3,159,reel1__6,156,N,True
3,49,bot4__8,156,N,True
3,33,bot4__8,156,N,True
3,316,reel2__8,156,N,True
3,78,reel2__8,156,N,True
3,233,reel2__8,156,N,True
3,160,bot1__5,156,N,True
3,295,bot1__5,156,N,True
3,156,bot1__5,156,N,True
3,295,reel4__6,156,N,True
3,222,bot1__8,156,N,True
3,199,bot1__8,156,N,True
3,206,reel6__7,156,N,True
3,226,reel6__7,156,N,True
3,257,reel6__7,156,N,True
3,233,reel3__4,156,N,True
3,205,reel3__4,156,N,True
3,159,reel3__4,156,N,True
3,232,bot7__7,156,N,True
3,110,bot7__7,156,N,True
3,168,bot6__3,156,N,True
3,213,bot6__3,156,N,True
3,289,bot2__3,156,N,True
3,115,reel1__2,156,N,True
3,72,reel1__2,156,N,True
3,187,bot3__8,156,N,True
3,reel1__8,bot3__8,156,N,True
3,187,reel6__6,156,N,True
3,122,reel6__6,156,N,True
3,120,reel6__8,156,N,True
3,reel2__5,reel6__8,156,N,True
3,60,bot4__3,156,N,True
3,124,bot4__3,156,N,True
3,342,bot0__7,156,N,True
3,69,bot0__7,156,N,True
3,130,bot2__4,156,N,True
3,342,bot2__4,156,N,True
3,342,bot3__5,156,N,True
3,133,reel1__1,156,N,True
3,284,reel1__1,156,N,True
3,109,reel1__1,156,N,True
3,282,reel5__6,156,N,True
3,323,reel5__6,156,N,True
3,216,bot0__2,156,N,True
3,56,bot0__2,156,N,True
3,291,bot0__2,156,N,True
3,79,reel3__9,156,N,True
3,291,reel3__9,156,N,True
3,336,reel4__3,156,N,True
3,291,reel4__3,156,N,True
3,101,bot6__2,156,N,True
3,156,bot6__2,156,N,True
3,173,reel5__8,156,N,True
3,219,reel5__8,156,N,True
3,260,reel0__8,156,N,True
3,202,reel0__8,156,N,True
3,42,reel0__8,156,N,True
3,156,bot2__1,156,N,True
3,42,bot2__1,156,N,True
3,130,reel2__6,156,N,True
3,195,reel2__6,156,N,True
3,136,reel2__6,156,N,True
3,130,reel6__1,156,N,True
3,333,reel5__4,156,N,True
3,320,reel5__4,156,N,True
3,63,bot1__6,156,N,True
3,293,bot1__6,156,N,True
3,233,bot1__6,156,N,True
3,106,reel2__1,156,N,True
3,347,reel2__1,156,N,True
3,94,reel2__1,156,N,True
3,52,bot1__1,156,N,True
3,188,bot1__1,156,N,True
3,201,reel4__0,156,N,True
3,79,reel4__0,156,N,True
3,123,reel4__0,156,N,True
3,126,reel0__2,156,N,True
3,77,reel0__2,156,N,True
3,166,bot1__7,156,N,True
3,232,bot1__7,156,N,True
3,47,bot1__7,156,N,True
3,83,reel4__1,156,N,True
3,201,reel4__1,156,N,True
3,205,bot0__0,156,N,True
3,202,bot0__0,156,N,True
3,47,bot0__0,156,N,True
3,132,reel1__9,156,N,True
3,55,reel1__9,156,N,True
3,bot4__0,reel1__9,156,N,True
3,76,bot5__4,156,N,True
3,141,bot5__4,156,N,True
3,76,reel6__0,156,N,True
3,69,reel4__9,156,N,True
3,55,bot5__2,156,N,True
3,202,bot5__2,156,N,True
3,135,reel0__6,156,N,True
3,138,reel0__6,156,N,True
3,71,reel3__0,156,N,True
3,232,reel2__7,156,N,True
3,194,reel2__7,156,N,True
3,198,reel1__0,156,N,True
3,141,reel1__0,156,N,True
3,170,reel0__0,156,N,True
3,reel5__9,reel0__0,156,N,True
3,88,reel3__8,156,N,True
3,288,bot7__0,156,N,True
3,333,bot7__0,156,N,True
3,186,reel6__2,156,N,True
3,271,reel6__2,156,N,True
3,106,bot7__1,156,N,True
3,259,bot7__1,156,N,True
3,4,bot7__1,156,N,True
3,269,reel3__2,156,N,True
3,3,reel3__2,156,N,True
3,36,bot0__5,156,N,True
3,243,reel5__5,156,N,True
3,332,bot5__7,156,N,True
3,bot2__0,bot5__7,156,N,True
3,178,reel3__7,156,N,True
3,170,reel3__7,156,N,True
3,233,bot7__2,156,N,True
3,293,bot4__9,156,N,True
3,1,bot4__9,156,N,True
3,156,bot4__9,156,N,True
3,bot0__3,bot3__4,156,N,True
3,106,reel2__9,156,N,True
3,106,bot7__6,156,N,True
3,245,reel2__4,156,N,True
3,129,reel2__4,156,N,True
3,195,reel2__3,156,N,True
3,1,reel2__3,156,N,True
3,274,bot6__1,156,N,True
3,1,bot6__1,156,N,True
3,224,reel5__7,156,N,True
3,231,bot4__2,156,N,True
3,231,reel6__5,156,N,True
3,107,reel0__5,156,N,True
3,173,reel0__5,156,N,True
3,98,reel0__5,156,N,True
3,112,bot7__4,156,N,True
3,333,bot7__4,156,N,True
3,94,bot7__8,156,N,True
3,223,bot6__6,156,N,True
3,214,reel5__0,156,N,True
3,216,bot7__3,156,N,True
3,247,reel5__3,156,N,True
3,24,reel5__3,156,N,True
3,161,bot0__8,156,N,True
3,173,bot6__8,156,N,True
3,283,bot4__5,156,N,True
3,180,reel0__9,157,N,True
3,206,reel0__9,157,N,True
3,329,bot4__0,157,N,True
3,reel1__8,bot4__0,157,N,True
3,203,bot5__6,157,N,True
3,329,bot5__6,157,N,True
3,29,bot5__6,157,N,True
3,195,reel2__3,157,N,True
3,1,reel2__3,157,N,True
3,242,reel2__3,157,N,True
3,88,reel3__8,157,N,True
3,242,reel3__8,157,N,True
3,203,reel4__6,157,N,True
3,242,reel4__6,157,N,True
3,38,reel1__3,157,N,True
3,317,reel1__3,157,N,True
3,80,bot1__4,157,N,True
3,179,bot1__4,157,N,True
3,175,reel0__7,157,N,True
3,270,reel0__7,157,N,True
3,255,reel0__7,157,N,True
3,95,bot1__0,157,N,True
3,262,bot1__0,157,N,True
3,229,bot1__0,157,N,True
3,95,bot1__2,157,N,True
3,100,bot1__2,157,N,True
3,231,bot1__9,157,N,True
3,95,bot1__9,157,N,True
3,288,reel1__7,157,N,True
3,49,reel1__7,157,N,True
3,49,bot4__8,157,N,True
3,324,reel0__3,157,N,True
3,189,reel0__3,157,N,True
3,152,reel0__3,157,N,True
3,196,reel4__5,157,N,True
3,82,reel4__5,157,N,True
3,42,reel4__5,157,N,True
3,76,reel6__0,157,N,True
3,85,reel6__0,157,N,True
3,189,reel2__2,157,N,True
3,131,reel2__2,157,N,True
3,279,reel2__2,157,N,True
3,224,bot4__6,157,N,True
3,221,bot4__6,157,N,True
3,229,bot4__6,157,N,True
3,203,bot6__8,157,N,True
3,173,bot6__8,157,N,True
3,bot5__0,bot6__8,157,N,True
3,206,reel6__7,157,N,True
3,226,reel6__7,157,N,True
3,257,reel6__7,157,N,True
3,282,bot2__6,157,N,True
3,103,bot2__6,157,N,True
3,195,reel1__6,157,N,True
3,159,reel1__6,157,N,True
3,233,reel3__4,157,N,True
3,159,reel3__4,157,N,True
3,168,bot6__3,157,N,True
3,50,reel6__1,157,N,True
3,130,reel6__1,157,N,True
3,177,reel6__1,157,N,True
3,334,reel6__5,157,N,True
3,231,reel6__5,157,N,True
3,108,bot3__3,157,N,True
3,285,bot3__3,157,N,True
3,112,reel4__8,157,N,True
3,116,reel4__8,157,N,True
3,62,reel4__8,157,N,True
3,70,bot5__7,157,N,True
3,332,bot5__7,157,N,True
3,341,bot0__8,157,N,True
3,176,bot0__8,157,N,True
3,246,reel2__0,157,N,True
3,218,reel2__0,157,N,True
3,71,reel3__0,157,N,True
3,93,reel3__0,157,N,True
3,41,reel3__0,157,N,True
3,124,bot4__3,157,N,True
3,64,bot0__3,157,N,True
3,244,bot0__3,157,N,True
3,290,bot0__3,157,N,True
3,133,bot0__1,157,N,True
3,94,bot0__1,157,N,True
3,237,bot0__1,157,N,True
3,282,reel5__6,157,N,True
3,323,reel5__6,157,N,True
3,40,reel5__6,157,N,True
3,160,bot1__5,157,N,True
3,156,bot1__5,157,N,True
3,53,reel3__1,157,N,True
3,291,reel3__1,157,N,True
3,169,reel3__9,157,N,True
3,79,reel3__9,157,N,True
3,291,reel3__9,157,N,True
3,336,reel4__3,157,N,True
3,291,reel4__3,157,N,True
3,181,reel4__3,157,N,True
3,140,bot4__4,157,N,True
3,98,bot4__4,157,N,True
3,344,bot4__4,157,N,True
3,101,bot6__2,157,N,True
3,156,bot6__2,157,N,True
3,339,reel1__5,157,N,True
3,151,reel1__5,157,N,True
3,173,reel5__8,157,N,True
3,189,reel5__8,157,N,True
3,219,reel5__8,157,N,True
3,42,reel0__8,157,N,True
3,275,bot2__1,157,N,True
3,156,bot2__1,157,N,True
3,42,bot2__1,157,N,True
3,322,bot2__7,157,N,True
3,217,bot2__7,157,N,True
3,130,reel2__6,157,N,True
3,195,reel2__6,157,N,True
3,136,reel2__6,157,N,True
3,40,reel0__6,157,N,True
3,138,reel0__6,157,N,True
3,347,reel2__1,157,N,True
3,94,reel2__1,157,N,True
3,52,bot1__1,157,N,True
3,188,bot1__1,157,N,True
3,241,bot4__1,157,N,True
3,201,reel4__0,157,N,True
3,79,reel4__0,157,N,True
3,123,reel4__0,157,N,True
3,83,reel4__2,157,N,True
3,38,bot5__2,157,N,True
3,bot5__0,reel1__9,157,N,True
3,132,reel1__9,157,N,True
3,100,reel1__9,157,N,True
3,75,bot2__9,157,N,True
3,256,bot2__9,157,N,True
3,171,bot2__5,157,N,True
3,250,bot2__5,157,N,True
3,1,bot2__5,157,N,True
3,76,bot5__4,157,N,True
3,253,bot5__4,157,N,True
3,141,bot5__4,157,N,True
3,76,bot6__5,157,N,True
3,296,bot6__5,157,N,True
3,14,bot3__4,157,N,True
3,9,bot3__4,157,N,True
3,64,reel6__9,157,N,True
3,71,bot3__7,157,N,True
3,194,bot3__7,157,N,True
3,45,bot6__1,157,N,True
3,274,bot6__1,157,N,True
3,1,bot6__1,157,N,True
3,198,reel1__0,157,N,True
3,104,reel1__0,157,N,True
3,141,reel1__0,157,N,True
3,178,reel3__7,157,N,True
3,169,reel3__7,157,N,True
3,170,reel3__7,157,N,True
3,189,reel5__3,157,N,True
3,24,reel5__3,157,N,True
3,189,bot7__5,157,N,True
3,288,bot7__0,157,N,True
3,333,bot7__0,157,N,True
3,9,bot3__1,157,N,True
3,267,bot3__1,157,N,True
3,51,bot3__1,157,N,True
3,269,reel3__2,157,N,True
3,324,reel3__2,157,N,True
3,170,reel3__6,157,N,True
3,305,reel3__6,157,N,True
3,39,bot7__2,157,N,True
3,233,bot7__2,157,N,True
3,293,bot4__9,157,N,True
3,1,bot4__9,157,N,True
3,156,bot4__9,157,N,True
3,333,reel5__4,157,N,True
3,324,reel5__4,157,N,True
3,231,bot2__8,157,N,True
3,315,bot2__8,157,N,True
3,231,bot4__2,157,N,True
3,186,bot0__4,157,N,True
3,275,bot0__4,157,N,True
3,112,bot7__4,157,N,True
3,333,bot7__4,157,N,True
3,94,reel6__3,157,N,True
3,314,reel6__3,157,N,True
3,94,bot7__8,157,N,True
3,158,reel4__4,157,N,True
3,111,reel4__4,157,N,True
3,216,bot7__3,157,N,True
3,4,bot7__1,157,N,True
3,237,reel2__5,157,N,True
3,143,reel2__5,157,N,True
3,75,reel0__4,157,N,True
3,275,bot5__3,157,N,True
3,266,bot3__0,157,N,True
3,255,bot3__0,157,N,True
3,283,bot4__5,157,N,True
3,283,bot6__4,157,N,True
3,329,202,158,N,True
3,329,bot4__0,158,N,True
3,reel1__8,bot4__0,158,N,True
3,246,87,158,N,True
3,22,87,158,N,True
3,315,87,158,N,True
3,7,87,158,N,True
3,213,87,158,N,True
3,161,87,158,N,True
3,308,87,158,N,True
3,196,92,158,N,True
3,53,92,158,N,True
3,204,92,158,N,True
3,1,92,158,N,True
3,213,242,158,N,True
3,88,242,158,N,True
3,53,242,158,N,True
3,204,242,158,N,True
3,196,194,158,N,True
3,53,194,158,N,True
3,204,194,158,N,True
3,1,194,158,N,True
3,196,266,158,N,True
3,53,266,158,N,True
3,204,266,158,N,True
3,48,330,158,N,True
3,196,330,158,N,True
3,53,330,158,N,True
3,204,330,158,N,True
3,48,80,158,N,True
3,315,80,158,N,True
3,88,80,158,N,True
3,213,80,158,N,True
3,204,80,158,N,True
3,196,254,158,N,True
3,53,254,158,N,True
3,204,254,158,N,True
3,48,180,158,N,True
3,196,180,158,N,True
3,53,180,158,N,True
3,204,180,158,N,True
3,48,302,158,N,True
3,53,302,158,N,True
3,315,302,158,N,True
3,204,302,158,N,True
3,246,reel2__0,158,N,True
3,295,reel2__0,158,N,True
3,96,190,158,N,True
3,229,190,158,N,True
3,307,71,158,N,True
3,284,139,158,N,True
3,281,139,158,N,True
3,127,139,158,N,True
3,159,139,158,N,True
3,184,139,158,N,True
3,251,139,158,N,True
3,197,139,158,N,True
3,159,reel3__4,158,N,True
3,reel0__1,256,158,N,True
3,bot2__9,256,158,N,True
3,reel0__1,110,158,N,True
3,bot7__7,110,158,N,True
3,284,36,158,N,True
3,108,36,158,N,True
3,281,36,158,N,True
3,127,36,158,N,True
3,184,36,158,N,True
3,251,36,158,N,True
3,197,36,158,N,True
3,108,bot1__3,158,N,True
3,258,bot1__3,158,N,True
3,108,bot3__3,158,N,True
3,120,reel6__8,158,N,True
3,345,bot2__4,158,N,True
3,130,bot2__4,158,N,True
3,342,bot2__4,158,N,True
3,290,bot0__3,158,N,True
3,133,183,158,N,True
3,133,bot0__1,158,N,True
3,237,bot0__1,158,N,True
3,213,bot0__6,158,N,True
3,213,bot6__3,158,N,True
3,130,191,158,N,True
3,53,191,158,N,True
3,130,reel2__6,158,N,True
3,130,reel6__1,158,N,True
3,63,bot1__6,158,N,True
3,284,135,158,N,True
3,281,135,158,N,True
3,127,135,158,N,True
3,184,135,158,N,True
3,251,135,158,N,True
3,197,135,158,N,True
3,reel0__6,135,158,N,True
3,284,309,158,N,True
3,281,309,158,N,True
3,127,309,158,N,True
3,184,309,158,N,True
3,251,309,158,N,True
3,197,309,158,N,True
3,84,bot5__3,158,N,True
3,bot6__6,bot3__9,158,N,True
3,53,146,158,N,True
3,bot6__6,146,158,N,True
3,148,146,158,N,True
3,237,23,158,N,True
3,83,23,158,N,True
3,51,23,158,N,True
3,83,reel4__1,158,N,True
3,83,reel4__2,158,N,True
3,38,reel1__3,158,N,True
3,222,240,158,N,True
3,250,reel0__2,158,N,True
3,250,reel1__4,158,N,True
3,250,bot2__5,158,N,True
3,1,bot2__5,158,N,True
3,bot6__8,bot5__0,158,N,True
3,338,bot5__0,158,N,True
3,76,bot6__5,158,N,True
3,76,reel6__0,158,N,True
3,bot4__7,131,158,N,True
3,reel4__9,bot7__3,158,N,True
3,150,171,158,N,True
3,150,163,158,N,True
3,150,64,158,N,True
3,bot2__0,64,158,N,True
3,150,189,158,N,True
3,reel0__5,107,158,N,True
3,bot6__8,173,158,N,True
3,reel0__5,173,158,N,True
3,reel0__5,reel5__0,158,N,True
3,reel0__6,138,158,N,True
3,308,bot2__7,158,N,True
3,148,reel4__7,158,N,True
3,48,126,158,N,True
3,1,126,158,N,True
3,88,126,158,N,True
3,73,126,158,N,True
3,88,reel3__8,158,N,True
3,288,bot7__0,158,N,True
3,48,299,158,N,True
3,53,299,158,N,True
3,1,299,158,N,True
3,73,299,158,N,True
3,53,24,158,N,True
3,53,reel3__1,158,N,True
3,reel1__8,42,158,N,True
3,121,206,158,N,True
3,178,206,158,N,True
3,121,reel0__0,158,N,True
3,121,bot5__9,158,N,True
3,1,reel2__3,158,N,True
3,1,bot4__9,158,N,True
3,bot1__7,47,158,N,True
3,301,47,158,N,True
3,bot4__6,bot6__0,158,N,True
3,231,bot2__8,158,N,True
3,315,bot2__8,158,N,True
3,231,bot4__2,158,N,True
3,231,reel6__5,158,N,True
3,reel4__0,reel6__5,158,N,True
3,60,bot4__3,158,N,True
3,257,reel6__7,158,N,True
3,bot4__4,140,158,N,True
3,bot5__7,70,158,N,True
3,237,reel2__5,158,N,True
3,bot2__0,bot4__1,158,N,True
3,reel4__0,201,158,N,True
3,27,reel6__4,158,N,True
3,bot1__7,166,158,N,True
3,178,reel3__7,158,N,True
3,22,bot0__5,158,N,True
3,bot5__5,bot1__4,158,N,True
3,129,reel2__4,158,N,True
3,reel6__2,reel1__2,158,N,True
3,203,bot5__6,159,N,True
3,329,bot5__6,159,N,True
3,29,bot5__6,159,N,True
3,201,bot0__9,159,N,True
3,270,bot0__9,159,N,True
3,8,bot0__9,159,N,True
3,175,reel0__7,159,N,True
3,270,reel0__7,159,N,True
3,195,reel5__2,159,N,True
3,270,reel5__2,159,N,True
3,303,reel5__2,159,N,True
3,193,reel5__7,159,N,True
3,224,reel5__7,159,N,True
3,bot1__8,bot7__6,159,N,True
3,106,bot7__6,159,N,True
3,304,bot0__7,159,N,True
3,69,bot0__7,159,N,True
3,289,bot2__3,159,N,True
3,38,bot2__3,159,N,True
3,326,bot2__3,159,N,True
3,172,reel1__6,159,N,True
3,195,reel1__6,159,N,True
3,159,reel1__6,159,N,True
3,bot4__1,bot2__0,159,N,True
3,118,bot2__0,159,N,True
3,28,bot2__0,159,N,True
3,64,bot2__0,159,N,True
3,118,reel3__3,159,N,True
3,283,reel3__3,159,N,True
3,177,reel3__3,159,N,True
3,49,bot3__6,159,N,True
3,100,bot3__6,159,N,True
3,110,bot3__6,159,N,True
3,49,bot4__8,159,N,True
3,33,bot4__8,159,N,True
3,324,reel0__3,159,N,True
3,189,reel0__3,159,N,True
3,152,reel0__3,159,N,True
3,160,bot1__5,159,N,True
3,295,bot1__5,159,N,True
3,156,bot1__5,159,N,True
3,85,reel6__0,159,N,True
3,189,reel2__2,159,N,True
3,131,reel2__2,159,N,True
3,279,reel2__2,159,N,True
3,184,bot4__7,159,N,True
3,324,bot4__7,159,N,True
3,131,bot4__7,159,N,True
3,229,bot1__0,159,N,True
3,224,bot4__6,159,N,True
3,221,bot4__6,159,N,True
3,bot6__0,bot4__6,159,N,True
3,229,bot4__6,159,N,True
3,103,bot2__6,159,N,True
3,19,bot2__6,159,N,True
3,98,reel0__1,159,N,True
3,256,reel0__1,159,N,True
3,110,reel0__1,159,N,True
3,232,bot7__7,159,N,True
3,110,bot7__7,159,N,True
3,294,bot7__7,159,N,True
3,168,bot6__3,159,N,True
3,213,bot6__3,159,N,True
3,61,reel0__4,159,N,True
3,75,reel0__4,159,N,True
3,243,bot5__8,159,N,True
3,bot4__1,bot5__8,159,N,True
3,324,bot5__8,159,N,True
3,50,reel6__1,159,N,True
3,177,reel6__1,159,N,True
3,213,bot0__6,159,N,True
3,341,bot0__6,159,N,True
3,313,bot0__6,159,N,True
3,334,reel6__5,159,N,True
3,231,reel6__5,159,N,True
3,289,bot3__9,159,N,True
3,328,bot3__9,159,N,True
3,327,bot3__9,159,N,True
3,62,reel4__8,159,N,True
3,70,bot5__7,159,N,True
3,41,reel3__0,159,N,True
3,93,reel3__0,159,N,True
3,60,bot4__3,159,N,True
3,124,bot4__3,159,N,True
3,120,reel6__8,159,N,True
3,231,bot2__8,159,N,True
3,278,bot2__8,159,N,True
3,278,bot3__0,159,N,True
3,278,reel4__2,159,N,True
3,133,bot0__1,159,N,True
3,237,bot0__1,159,N,True
3,133,reel1__1,159,N,True
3,284,reel1__1,159,N,True
3,109,reel1__1,159,N,True
3,133,bot5__5,159,N,True
3,271,bot5__5,159,N,True
3,323,reel5__6,159,N,True
3,40,reel5__6,159,N,True
3,291,bot0__2,159,N,True
3,291,reel3__1,159,N,True
3,260,reel3__1,159,N,True
3,169,reel3__9,159,N,True
3,79,reel3__9,159,N,True
3,291,reel3__9,159,N,True
3,291,reel4__3,159,N,True
3,181,reel4__3,159,N,True
3,271,reel5__1,159,N,True
3,238,reel5__1,159,N,True
3,140,bot4__4,159,N,True
3,98,bot4__4,159,N,True
3,344,bot4__4,159,N,True
3,339,reel1__5,159,N,True
3,151,reel1__5,159,N,True
3,173,reel5__8,159,N,True
3,189,reel5__8,159,N,True
3,219,reel5__8,159,N,True
3,40,reel0__6,159,N,True
3,333,reel5__4,159,N,True
3,324,reel5__4,159,N,True
3,320,reel5__4,159,N,True
3,63,bot1__6,159,N,True
3,293,bot1__6,159,N,True
3,233,bot1__6,159,N,True
3,106,reel2__1,159,N,True
3,347,reel2__1,159,N,True
3,52,bot1__1,159,N,True
3,188,bot1__1,159,N,True
3,126,reel0__2,159,N,True
3,77,reel0__2,159,N,True
3,250,reel0__2,159,N,True
3,38,bot5__2,159,N,True
3,55,bot5__2,159,N,True
3,202,bot5__2,159,N,True
3,75,bot2__9,159,N,True
3,256,bot2__9,159,N,True
3,256,bot6__9,159,N,True
3,250,reel1__4,159,N,True
3,189,reel1__4,159,N,True
3,14,bot3__4,159,N,True
3,205,bot0__0,159,N,True
3,202,bot0__0,159,N,True
3,186,bot0__4,159,N,True
3,275,bot0__4,159,N,True
3,202,bot0__4,159,N,True
3,55,reel1__9,159,N,True
3,100,reel1__9,159,N,True
3,308,bot2__7,159,N,True
3,100,bot1__2,159,N,True
3,113,bot1__2,159,N,True
3,22,bot0__5,159,N,True
3,169,bot0__5,159,N,True
3,189,bot7__5,159,N,True
3,198,reel1__0,159,N,True
3,141,reel1__0,159,N,True
3,186,reel6__2,159,N,True
3,271,reel6__2,159,N,True
3,106,bot7__1,159,N,True
3,259,bot7__1,159,N,True
3,4,bot7__1,159,N,True
3,269,reel3__2,159,N,True
3,324,reel3__2,159,N,True
3,277,bot6__4,159,N,True
3,283,bot6__4,159,N,True
3,243,reel5__5,159,N,True
3,39,bot7__2,159,N,True
3,233,bot7__2,159,N,True
3,293,bot4__9,159,N,True
3,1,bot4__9,159,N,True
3,156,bot4__9,159,N,True
3,261,reel5__9,159,N,True
3,106,reel0__9,159,N,True
3,106,reel2__9,159,N,True
3,reel3__8,reel2__9,159,N,True
3,157,reel2__4,159,N,True
3,245,reel2__4,159,N,True
3,129,reel2__4,159,N,True
3,91,reel0__0,159,N,True
3,231,bot4__2,159,N,True
3,285,bot3__3,159,N,True
3,333,bot7__4,159,N,True
3,257,reel6__7,159,N,True
3,214,reel5__0,159,N,True
3,195,reel2__6,159,N,True
3,237,reel2__5,159,N,True
3,143,reel2__5,159,N,True
3,275,bot2__1,159,N,True
3,156,bot2__1,159,N,True
3,345,bot2__4,159,N,True
3,305,reel3__6,159,N,True
3,275,bot5__3,159,N,True
3,65,bot5__1,159,N,True
3,41,bot5__1,159,N,True
3,27,reel6__4,159,N,True
3,115,reel6__4,159,N,True
3,111,reel4__4,159,N,True
3,258,bot1__3,159,N,True
3,283,bot4__5,159,N,True
4,60,bot4__3,140,N,False
4,283,bot4__5,140,N,False
4,reel3__1,bot4__5,140,N,False
4,29,247,140,N,False
4,249,80,140,N,False
4,88,80,140,N,False
4,reel4__3,336,140,N,False
4,88,336,140,N,False
4,88,reel3__8,140,N,False
4,270,76,140,N,False
4,270,bot0__9,140,N,False
4,109,reel1__1,140,N,False
4,163,173,140,N,False
4,reel0__5,173,140,N,False
4,277,159,140,N,False
4,272,159,140,N,False
4,1,346,140,N,False
4,249,346,140,N,False
4,272,346,140,N,False
4,272,197,140,N,False
4,272,127,140,N,False
4,272,184,140,N,False
4,63,bot1__6,140,N,False
4,reel1__8,bot4__0,140,N,False
4,339,22,140,N,False
4,168,22,140,N,False
4,bot1__9,22,140,N,False
4,277,22,140,N,False
4,185,22,140,N,False
4,308,22,140,N,False
4,100,bot1__2,140,N,False
4,bot3__9,328,140,N,False
4,339,152,140,N,False
4,reel4__3,bot7__9,140,N,False
4,reel6__5,reel4__0,140,N,False
4,79,reel4__0,140,N,False
4,262,bot1__0,140,N,False
4,229,bot1__0,140,N,False
4,277,175,140,N,False
4,277,294,140,N,False
4,bot7__7,294,140,N,False
4,277,bot6__4,140,N,False
4,283,bot6__4,140,N,False
4,280,153,140,N,False
4,reel0__1,256,140,N,False
4,39,bot7__2,140,N,False
4,170,reel0__0,140,N,False
4,170,bot1__3,140,N,False
4,168,bot6__3,140,N,False
4,bot0__4,275,140,N,False
4,bot2__8,bot3__3,140,N,False
4,reel4__9,218,140,N,False
4,reel4__9,bot7__3,140,N,False
4,93,32,140,N,False
4,310,32,140,N,False
4,337,32,140,N,False
4,249,92,140,N,False
4,1,92,140,N,False
4,249,194,140,N,False
4,1,194,140,N,False
4,1,bot2__5,140,N,False
4,1,reel2__3,140,N,False
4,283,228,140,N,False
4,249,196,140,N,False
4,249,266,140,N,False
4,249,180,140,N,False
4,249,302,140,N,False
4,249,330,140,N,False
4,289,137,141,N,False
4,289,214,141,N,False
4,289,bot2__3,141,N,False
4,291,315,141,N,False
4,1,315,141,N,False
4,291,280,141,N,False
4,1,280,141,N,False
4,1,92,141,N,False
4,1,73,141,N,False
4,1,194,141,N,False
4,1,322,141,N,False
4,1,133,141,N,False
4,1,54,141,N,False
4,1,88,141,N,False
4,1,126,141,N,False
4,1,bot4__9,141,N,False
4,1,bot6__1,141,N,False
4,bot4__2,231,141,N,False
4,291,231,141,N,False
4,295,239,141,N,False
4,295,104,141,N,False
4,295,257,141,N,False
4,295,bot1__5,141,N,False
4,295,reel4__6,141,N,False
4,bot6__6,146,141,N,False
4,bot6__6,223,141,N,False
4,bot1__4,179,141,N,False
4,bot1__4,80,141,N,False
4,bot1__4,bot5__5,141,N,False
4,bot7__6,bot1__8,141,N,False
4,bot7__9,reel3__6,141,N,False
4,291,329,141,N,False
4,291,10,141,N,False
4,291,31,141,N,False
4,291,141,141,N,False
4,291,7,141,N,False
4,291,208,141,N,False
4,291,129,141,N,False
4,291,168,141,N,False
4,291,232,141,N,False
4,291,98,141,N,False
4,291,271,141,N,False
4,291,bot0__2,141,N,False
4,180,187,142,N,False
4,302,187,142,N,False
4,346,187,142,N,False
4,92,187,142,N,False
4,80,187,142,N,False
4,194,187,142,N,False
4,299,187,142,N,False
4,180,254,142,N,False
4,302,254,142,N,False
4,346,254,142,N,False
4,92,254,142,N,False
4,194,254,142,N,False
4,299,254,142,N,False
4,330,254,142,N,False
4,204,254,142,N,False
4,180,101,142,N,False
4,302,101,142,N,False
4,346,101,142,N,False
4,92,101,142,N,False
4,80,101,142,N,False
4,194,101,142,N,False
4,299,101,142,N,False
4,330,101,142,N,False
4,204,101,142,N,False
4,186,221,142,N,False
4,303,221,142,N,False
4,45,221,142,N,False
4,186,reel6__2,142,N,False
4,184,251,142,N,False
4,284,251,142,N,False
4,281,251,142,N,False
4,197,251,142,N,False
4,60,bot4__3,142,N,False
4,29,247,142,N,False
4,bot0__2,216,142,N,False
4,80,bot1__4,142,N,False
4,288,reel1__7,142,N,False
4,288,bot7__0,142,N,False
4,223,bot6__6,142,N,False
4,bot1__8,bot7__6,142,N,False
4,347,reel2__1,142,N,False
4,344,311,142,N,False
4,77,294,142,N,False
4,77,reel0__2,142,N,False
4,178,206,142,N,False
4,260,206,142,N,False
4,260,reel0__8,142,N,False
4,reel4__3,336,142,N,False
4,reel4__3,181,142,N,False
4,reel4__3,bot7__9,142,N,False
4,reel3__6,bot7__9,142,N,False
4,reel4__0,201,142,N,False
4,338,bot5__0,142,N,False
4,bot4__7,131,142,N,False
4,bot6__3,bot5__4,142,N,False
4,reel0__5,reel5__0,142,N,False
4,224,reel5__7,142,N,False
4,283,bot4__5,142,N,False
4,194,bot3__7,142,N,False
4,reel0__6,138,142,N,False
4,281,251,143,N,False
4,281,284,143,N,False
4,29,247,143,N,False
4,29,16,143,N,False
4,48,73,143,N,False
4,1,73,143,N,False
4,88,73,143,N,False
4,48,130,143,N,False
4,88,130,143,N,False
4,88,336,143,N,False
4,288,bot7__0,143,N,False
4,270,bot0__9,143,N,False
4,40,307,143,N,False
4,reel3__6,bot7__9,143,N,False
4,80,266,143,N,False
4,48,180,143,N,False
4,80,180,143,N,False
4,80,194,143,N,False
4,1,194,143,N,False
4,80,92,143,N,False
4,1,92,143,N,False
4,80,204,143,N,False
4,80,173,143,N,False
4,80,bot1__4,143,N,False
4,45,bot6__1,143,N,False
4,274,bot6__1,143,N,False
4,1,bot6__1,143,N,False
4,bot3__9,289,143,N,False
4,bot3__9,bot4__2,143,N,False
4,84,51,143,N,False
4,84,83,143,N,False
4,bot3__5,310,143,N,False
4,229,bot1__0,143,N,False
4,239,234,143,N,False
4,239,60,143,N,False
4,48,reel6__6,143,N,False
4,reel4__0,201,143,N,False
4,338,bot5__0,143,N,False
4,bot7__7,294,143,N,False
4,98,reel0__1,143,N,False
4,178,206,143,N,False
4,22,bot1__9,143,N,False
4,1,reel2__3,143,N,False
4,1,bot4__9,143,N,False
4,283,bot4__5,143,N,False
4,283,bot6__4,143,N,False
4,290,bot0__3,143,N,False
4,308,bot2__7,143,N,False
4,reel4__3,bot7__9,144,N,False
4,reel3__2,bot7__9,144,N,False
4,reel3__6,bot7__9,144,N,False
4,reel3__4,bot5__9,144,N,False
4,reel3__0,bot4__5,144,N,False
4,reel4__3,bot7__9,146,N,False
4,reel3__6,bot7__9,146,N,False
4,reel2__5,reel6__8,146,N,False
4,bot1__5,bot4__8,146,N,False
4,169,236,147,N,False
4,257,236,147,N,False
4,315,236,147,N,False
4,67,236,147,N,False
4,224,236,147,N,False
4,272,236,147,N,False
4,26,236,147,N,False
4,280,236,147,N,False
4,304,236,147,N,False
4,133,236,147,N,False
4,169,10,147,N,False
4,67,10,147,N,False
4,169,248,147,N,False
4,67,248,147,N,False
4,26,248,147,N,False
4,172,103,147,N,False
4,169,103,147,N,False
4,169,318,147,N,False
4,169,122,147,N,False
4,274,122,147,N,False
4,315,122,147,N,False
4,67,122,147,N,False
4,224,122,147,N,False
4,272,122,147,N,False
4,26,122,147,N,False
4,280,122,147,N,False
4,304,122,147,N,False
4,169,109,147,N,False
4,304,109,147,N,False
4,67,109,147,N,False
4,26,109,147,N,False
4,172,128,147,N,False
4,169,128,147,N,False
4,315,128,147,N,False
4,67,128,147,N,False
4,199,128,147,N,False
4,26,128,147,N,False
4,169,bot0__5,147,N,False
4,169,reel3__7,147,N,False
4,178,reel3__7,147,N,False
4,29,338,147,N,False
4,29,247,147,N,False
4,172,118,147,N,False
4,29,118,147,N,False
4,67,118,147,N,False
4,199,118,147,N,False
4,26,118,147,N,False
4,304,118,147,N,False
4,29,bot5__6,147,N,False
4,257,39,147,N,False
4,280,39,147,N,False
4,317,reel1__3,147,N,False
4,178,186,147,N,False
4,67,186,147,N,False
4,199,186,147,N,False
4,272,186,147,N,False
4,26,186,147,N,False
4,272,197,147,N,False
4,315,285,147,N,False
4,67,285,147,N,False
4,272,285,147,N,False
4,26,285,147,N,False
4,304,285,147,N,False
4,280,297,147,N,False
4,67,297,147,N,False
4,272,297,147,N,False
4,26,297,147,N,False
4,224,148,147,N,False
4,272,148,147,N,False
4,272,281,147,N,False
4,304,75,147,N,False
4,274,75,147,N,False
4,272,75,147,N,False
4,67,75,147,N,False
4,67,79,147,N,False
4,272,79,147,N,False
4,26,79,147,N,False
4,274,188,147,N,False
4,315,188,147,N,False
4,67,188,147,N,False
4,224,188,147,N,False
4,272,188,147,N,False
4,26,188,147,N,False
4,280,188,147,N,False
4,304,188,147,N,False
4,133,188,147,N,False
4,272,184,147,N,False
4,274,85,147,N,False
4,272,85,147,N,False
4,274,170,147,N,False
4,315,170,147,N,False
4,67,170,147,N,False
4,250,170,147,N,False
4,26,170,147,N,False
4,304,170,147,N,False
4,304,341,147,N,False
4,274,341,147,N,False
4,224,96,147,N,False
4,274,96,147,N,False
4,133,96,147,N,False
4,274,bot6__1,147,N,False
4,304,168,147,N,False
4,315,249,147,N,False
4,304,249,147,N,False
4,199,161,147,N,False
4,304,161,147,N,False
4,67,161,147,N,False
4,26,161,147,N,False
4,304,66,147,N,False
4,67,66,147,N,False
4,26,66,147,N,False
4,172,342,147,N,False
4,67,342,147,N,False
4,199,342,147,N,False
4,172,313,147,N,False
4,315,313,147,N,False
4,67,313,147,N,False
4,199,313,147,N,False
4,26,313,147,N,False
4,172,238,147,N,False
4,199,238,147,N,False
4,172,223,147,N,False
4,315,223,147,N,False
4,67,223,147,N,False
4,199,223,147,N,False
4,26,223,147,N,False
4,172,59,147,N,False
4,250,59,147,N,False
4,172,268,147,N,False
4,67,196,147,N,False
4,67,123,147,N,False
4,26,123,147,N,False
4,280,290,147,N,False
4,67,290,147,N,False
4,315,303,147,N,False
4,67,303,147,N,False
4,178,303,147,N,False
4,199,314,147,N,False
4,199,48,147,N,False
4,307,71,147,N,False
4,315,302,147,N,False
4,315,339,147,N,False
4,250,bot2__5,147,N,False
4,bot1__9,95,147,N,False
4,bot1__9,22,147,N,False
4,178,88,147,N,False
4,224,bot4__6,147,N,False
4,224,reel5__7,147,N,False
4,133,bot0__1,147,N,False
4,133,bot5__5,147,N,False
4,reel0__6,138,147,N,False
4,60,bot4__3,148,N,False
4,186,221,148,N,False
4,322,221,148,N,False
4,303,221,148,N,False
4,45,221,148,N,False
4,186,bot0__4,148,N,False
4,184,135,148,N,False
4,127,135,148,N,False
4,320,135,148,N,False
4,184,197,148,N,False
4,127,197,148,N,False
4,272,197,148,N,False
4,320,197,148,N,False
4,184,36,148,N,False
4,127,36,148,N,False
4,320,36,148,N,False
4,127,159,148,N,False
4,reel3__4,159,148,N,False
4,184,159,148,N,False
4,345,159,148,N,False
4,277,159,148,N,False
4,272,159,148,N,False
4,320,159,148,N,False
4,184,281,148,N,False
4,127,281,148,N,False
4,272,281,148,N,False
4,320,281,148,N,False
4,127,108,148,N,False
4,184,108,148,N,False
4,57,108,148,N,False
4,272,108,148,N,False
4,320,108,148,N,False
4,257,295,148,N,False
4,239,295,148,N,False
4,104,295,148,N,False
4,reel4__6,295,148,N,False
4,104,reel1__0,148,N,False
4,88,reel3__8,148,N,False
4,242,reel3__8,148,N,False
4,188,bot1__1,148,N,False
4,bot5__3,bot1__1,148,N,False
4,257,258,148,N,False
4,40,258,148,N,False
4,272,258,148,N,False
4,323,258,148,N,False
4,161,258,148,N,False
4,188,258,148,N,False
4,257,reel6__7,148,N,False
4,136,246,148,N,False
4,315,246,148,N,False
4,322,246,148,N,False
4,223,246,148,N,False
4,304,246,148,N,False
4,308,246,148,N,False
4,136,87,148,N,False
4,315,87,148,N,False
4,322,87,148,N,False
4,161,87,148,N,False
4,308,87,148,N,False
4,bot1__8,38,148,N,False
4,322,38,148,N,False
4,332,38,148,N,False
4,315,133,148,N,False
4,1,133,148,N,False
4,322,133,148,N,False
4,40,133,148,N,False
4,236,133,148,N,False
4,280,133,148,N,False
4,188,133,148,N,False
4,322,bot2__7,148,N,False
4,308,bot2__7,148,N,False
4,322,bot6__9,148,N,False
4,256,bot6__9,148,N,False
4,223,bot6__6,148,N,False
4,146,bot6__6,148,N,False
4,288,bot7__0,148,N,False
4,bot1__8,bot7__6,148,N,False
4,106,bot7__6,148,N,False
4,reel3__6,bot7__9,148,N,False
4,304,347,148,N,False
4,304,bot0__7,148,N,False
4,342,bot0__7,148,N,False
4,277,294,148,N,False
4,77,294,148,N,False
4,345,bot2__4,148,N,False
4,342,bot2__4,148,N,False
4,277,bot6__4,148,N,False
4,283,bot6__4,148,N,False
4,bot2__0,bot4__1,148,N,False
4,332,bot5__7,148,N,False
4,bot2__0,bot5__7,148,N,False
4,324,reel3__2,148,N,False
4,3,reel3__2,148,N,False
4,83,reel4__1,148,N,False
4,83,reel4__2,148,N,False
4,229,bot1__0,148,N,False
4,229,bot4__6,148,N,False
4,239,234,148,N,False
4,256,reel0__1,148,N,False
4,bot4__2,bot0__8,148,N,False
4,341,bot0__8,148,N,False
4,161,bot0__8,148,N,False
4,bot4__2,bot3__9,148,N,False
4,bot1__6,293,148,N,False
4,106,reel2__1,148,N,False
4,106,reel2__9,148,N,False
4,106,bot7__1,148,N,False
4,136,125,148,N,False
4,128,150,148,N,False
4,324,150,148,N,False
4,324,27,148,N,False
4,72,reel1__2,148,N,False
4,reel3__4,205,148,N,False
4,reel6__5,reel4__0,148,N,False
4,45,bot6__1,148,N,False
4,1,bot6__1,148,N,False
4,187,bot3__8,148,N,False
4,283,bot4__5,148,N,False
4,303,reel5__2,148,N,False
4,55,bot5__2,148,N,False
4,331,73,149,N,False
4,130,73,149,N,False
4,88,73,149,N,False
4,1,73,149,N,False
4,186,45,149,N,False
4,132,45,149,N,False
4,67,45,149,N,False
4,345,45,149,N,False
4,142,45,149,N,False
4,221,45,149,N,False
4,303,45,149,N,False
4,186,bot0__4,149,N,False
4,186,reel6__2,149,N,False
4,119,229,149,N,False
4,109,229,149,N,False
4,148,229,149,N,False
4,127,284,149,N,False
4,159,284,149,N,False
4,127,36,149,N,False
4,127,139,149,N,False
4,159,139,149,N,False
4,127,309,149,N,False
4,29,247,149,N,False
4,257,344,149,N,False
4,212,344,149,N,False
4,67,344,149,N,False
4,239,344,149,N,False
4,257,reel6__7,149,N,False
4,302,299,149,N,False
4,94,299,149,N,False
4,1,299,149,N,False
4,80,299,149,N,False
4,249,299,149,N,False
4,302,92,149,N,False
4,94,92,149,N,False
4,1,92,149,N,False
4,80,92,149,N,False
4,249,92,149,N,False
4,80,180,149,N,False
4,94,180,149,N,False
4,302,180,149,N,False
4,249,180,149,N,False
4,80,266,149,N,False
4,94,266,149,N,False
4,302,266,149,N,False
4,249,266,149,N,False
4,302,194,149,N,False
4,94,194,149,N,False
4,1,194,149,N,False
4,80,194,149,N,False
4,249,194,149,N,False
4,133,bot0__1,149,N,False
4,94,bot0__1,149,N,False
4,94,reel2__1,149,N,False
4,94,reel6__3,149,N,False
4,94,bot7__8,149,N,False
4,88,reel3__8,149,N,False
4,288,bot7__0,149,N,False
4,80,173,149,N,False
4,40,307,149,N,False
4,40,reel0__6,149,N,False
4,130,191,149,N,False
4,130,reel2__6,149,N,False
4,136,reel2__6,149,N,False
4,bot4__3,bot2__3,149,N,False
4,118,bot2__0,149,N,False
4,bot5__7,bot2__0,149,N,False
4,bot5__7,70,149,N,False
4,274,bot6__1,149,N,False
4,1,bot6__1,149,N,False
4,reel1__8,42,149,N,False
4,reel1__8,bot4__0,149,N,False
4,216,243,149,N,False
4,216,bot7__3,149,N,False
4,reel4__9,bot7__3,149,N,False
4,118,283,149,N,False
4,118,reel3__3,149,N,False
4,79,reel4__0,149,N,False
4,96,190,149,N,False
4,bot1__1,bot0__9,149,N,False
4,bot1__1,bot5__3,149,N,False
4,55,bot5__2,149,N,False
4,295,bot1__5,149,N,False
4,295,reel4__6,149,N,False
4,159,reel1__6,149,N,False
4,159,reel3__4,149,N,False
4,222,240,149,N,False
4,119,171,149,N,False
4,119,217,149,N,False
4,119,269,149,N,False
4,119,64,149,N,False
4,128,150,149,N,False
4,119,150,149,N,False
4,119,100,149,N,False
4,bot2__8,278,149,N,False
4,161,bot0__8,149,N,False
4,136,120,149,N,False
4,1,bot4__9,149,N,False
4,bot3__4,14,149,N,False
4,221,bot4__6,149,N,False
4,342,bot0__7,149,N,False
4,342,bot3__5,149,N,False
4,133,bot5__5,149,N,False
4,reel2__0,bot7__6,150,N,True
4,reel4__5,bot7__8,150,N,True
4,reel1__6,bot5__9,150,N,True
4,reel3__4,bot5__9,150,N,True
4,reel4__3,bot7__9,150,N,True
4,reel3__6,bot7__9,150,N,True
4,reel0__3,reel5__7,150,N,True
4,218,181,151,N,True
4,reel4__7,181,151,N,True
4,152,181,151,N,True
4,bot7__1,4,151,N,True
4,152,4,151,N,True
4,218,4,151,N,True
4,307,71,151,N,True
4,201,259,151,N,True
4,bot7__1,259,151,N,True
4,218,328,151,N,True
4,218,273,151,N,True
4,218,306,151,N,True
4,bot1__5,bot4__8,151,N,True
4,42,33,151,N,True
4,reel5__4,333,151,N,True
4,bot7__0,333,151,N,True
4,139,bot3__2,151,N,True
4,reel0__9,reel3__6,151,N,True
4,83,reel4__1,151,N,True
4,bot6__2,reel4__1,151,N,True
4,201,reel4__1,151,N,True
4,83,reel4__2,151,N,True
4,reel0__8,reel4__2,151,N,True
4,bot5__0,bot3__6,151,N,True
4,100,bot3__6,151,N,True
4,bot5__0,bot6__8,151,N,True
4,173,bot6__8,151,N,True
4,256,233,151,N,True
4,reel3__4,233,151,N,True
4,201,91,151,N,True
4,reel0__0,91,151,N,True
4,100,bot1__2,151,N,True
4,bot0__0,47,151,N,True
4,bot1__7,47,151,N,True
4,269,58,151,N,True
4,bot5__4,253,151,N,True
4,316,reel2__8,151,N,True
4,reel5__0,214,151,N,True
4,bot0__3,244,151,N,True
4,bot7__0,bot4__1,151,N,True
4,bot4__6,bot6__0,151,N,True
4,reel2__7,155,151,N,True
4,reel6__7,226,151,N,True
4,bot3__5,310,151,N,True
4,reel0__7,255,151,N,True
4,266,bot3__0,151,N,True
4,173,reel5__8,151,N,True
4,bot2__3,326,151,N,True
4,bot2__3,289,151,N,True
4,129,reel2__4,151,N,True
4,283,bot4__5,151,N,True
4,reel6__0,reel1__2,152,N,True
4,reel2__5,reel6__8,152,N,True
4,reel3__2,reel6__8,152,N,True
4,reel5__2,bot6__7,152,N,True
4,bot1__4,bot6__7,152,N,True
4,reel5__2,reel6__4,152,N,True
4,reel5__2,bot6__7,154,N,True
4,reel2__0,bot6__7,154,N,True
4,bot1__4,bot6__7,154,N,True
4,bot0__9,bot1__1,154,N,True
4,bot5__3,bot1__1,154,N,True
4,reel4__5,bot7__8,154,N,True
4,reel4__9,bot7__3,154,N,True
4,reel1__7,bot7__3,154,N,True
4,reel4__3,bot7__9,154,N,True
4,reel3__2,bot7__9,154,N,True
4,reel3__6,bot7__9,154,N,True
4,reel5__2,bot7__5,154,N,True
4,reel0__3,bot7__5,154,N,True
4,bot2__6,bot3__7,155,N,True
4,bot7__8,reel4__5,155,N,True
4,bot7__2,reel4__5,155,N,True
4,reel6__0,reel1__2,155,N,True
4,bot4__2,bot0__8,155,N,True
4,reel4__3,bot7__9,155,N,True
4,reel3__2,bot7__9,155,N,True
4,reel3__6,bot7__9,155,N,True
4,reel4__1,bot6__2,155,N,True
4,reel0__3,reel4__4,155,N,True
4,reel5__2,bot7__5,155,N,True
4,reel0__3,bot7__5,155,N,True
4,bot3__9,bot6__6,155,N,True
4,reel5__2,bot6__7,155,N,True
4,bot1__4,bot6__7,155,N,True
4,reel1__7,bot7__3,155,N,True
4,reel1__6,bot5__9,156,N,True
4,reel3__4,bot5__9,156,N,True
4,bot1__4,bot6__7,156,N,True
4,reel4__3,bot7__9,156,N,True
4,reel3__2,bot7__9,156,N,True
4,bot1__1,bot5__3,156,N,True
4,reel2__0,bot7__6,157,N,True
4,reel1__6,bot5__9,157,N,True
4,reel3__4,bot5__9,157,N,True
4,reel4__3,bot7__9,157,N,True
4,reel3__2,bot7__9,157,N,True
4,reel3__6,bot7__9,157,N,True
4,bot4__6,bot6__0,157,N,True
4,reel5__3,bot6__0,157,N,True
4,reel3__8,reel2__9,157,N,True
4,reel1__7,reel2__9,157,N,True
4,180,187,158,N,True
4,302,187,158,N,True
4,242,187,158,N,True
4,92,187,158,N,True
4,24,187,158,N,True
4,80,187,158,N,True
4,266,187,158,N,True
4,254,187,158,N,True
4,194,187,158,N,True
4,299,187,158,N,True
4,reel3__1,bot4__5,158,N,True
4,reel2__0,bot7__6,158,N,True
4,reel2__3,195,158,N,True
4,reel2__6,195,158,N,True
4,140,115,158,N,True
4,reel1__2,115,158,N,True
4,reel6__4,115,158,N,True
4,reel6__4,reel5__2,158,N,True
4,23,99,158,N,True
4,131,99,158,N,True
4,reel2__5,143,158,N,True
4,131,143,158,N,True
4,23,227,158,N,True
4,131,227,158,N,True
4,201,91,158,N,True
4,reel0__0,91,158,N,True
4,110,91,158,N,True
4,201,8,158,N,True
4,110,8,158,N,True
4,bot5__0,bot3__6,158,N,True
4,110,bot3__6,158,N,True
4,bot4__1,326,158,N,True
4,140,326,158,N,True
4,bot4__1,241,158,N,True
4,202,reel0__8,158,N,True
4,reel4__2,reel0__8,158,N,True
4,reel4__7,reel0__8,158,N,True
4,42,reel0__8,158,N,True
4,reel4__7,181,158,N,True
4,reel2__4,157,158,N,True
4,23,245,158,N,True
4,reel2__4,245,158,N,True
4,bot6__0,33,158,N,True
4,42,33,158,N,True
4,42,bot2__1,158,N,True
4,bot4__3,124,158,N,True
4,23,124,158,N,True
4,139,bot3__2,158,N,True
4,166,198,158,N,True
4,202,bot0__0,158,N,True
4,47,bot0__0,158,N,True
4,201,bot0__9,158,N,True
4,bot1__4,bot0__9,158,N,True
4,reel3__4,205,158,N,True
4,71,bot3__7,158,N,True
4,194,bot3__7,158,N,True
4,71,reel3__0,158,N,True
4,71,bot5__1,158,N,True
4,189,reel5__3,158,N,True
4,bot6__0,reel5__3,158,N,True
4,24,reel5__3,158,N,True
4,173,reel5__8,158,N,True
4,189,reel5__8,158,N,True
4,189,bot7__5,158,N,True
4,23,116,158,N,True
4,140,116,158,N,True
4,23,61,158,N,True
4,23,144,158,N,True
4,140,144,158,N,True
4,23,155,158,N,True
4,bot7__3,216,158,N,True
4,36,reel1__5,158,N,True
4,bot6__5,296,158,N,True
4,reel4__1,bot6__2,158,N,True
4,171,58,158,N,True
4,107,58,158,N,True
4,bot1__6,293,158,N,True
4,bot4__9,293,158,N,True
4,reel5__0,20,158,N,True
4,140,214,158,N,True
4,reel5__0,214,158,N,True
4,bot0__3,244,158,N,True
4,bot7__0,333,158,N,True
4,reel0__2,bot2__2,158,N,True
4,reel0__2,reel5__5,158,N,True
4,reel0__0,reel5__9,158,N,True
4,bot3__9,289,158,N,True
4,bot3__9,328,158,N,True
4,bot3__9,327,158,N,True
4,bot5__3,275,158,N,True
4,reel6__7,226,158,N,True
4,140,17,158,N,True
4,140,41,158,N,True
4,140,312,158,N,True
4,reel1__4,reel2__9,158,N,True
4,reel3__8,reel2__9,158,N,True
4,173,34,158,N,True
4,reel1__4,95,158,N,True
4,bot2__6,bot3__7,159,N,True
4,bot1__3,bot6__5,159,N,True
4,reel4__3,bot7__9,159,N,True
4,reel3__2,bot7__9,159,N,True
4,reel3__6,bot7__9,159,N,True
4,bot3__9,bot6__6,159,N,True
5,180,reel0__9,140,N,False
5,184,309,140,N,False
5,127,309,140,N,False
5,197,309,140,N,False
5,80,bot1__4,140,N,False
5,bot0__9,bot1__4,140,N,False
5,bot7__3,216,140,N,False
5,152,reel0__3,140,N,False
5,218,306,140,N,False
5,275,306,140,N,False
5,328,306,140,N,False
5,275,bot2__1,140,N,False
5,275,bot5__3,140,N,False
5,159,reel3__4,140,N,False
5,256,bot6__9,140,N,False
5,reel3__8,reel2__9,140,N,False
5,247,reel5__3,140,N,False
5,reel4__0,201,140,N,False
5,bot0__9,201,140,N,False
5,76,bot5__4,140,N,False
5,bot6__3,bot5__4,140,N,False
5,266,bot3__0,140,N,False
5,bot1__6,293,140,N,False
5,173,reel5__8,140,N,False
5,175,46,140,N,False
5,175,143,140,N,False
5,175,321,140,N,False
5,175,99,140,N,False
5,175,68,140,N,False
5,175,86,140,N,False
5,175,227,140,N,False
5,bot0__9,bot1__1,140,N,False
5,reel0__0,91,140,N,False
5,194,bot3__7,140,N,False
5,bot0__2,216,141,N,False
5,329,130,141,N,False
5,257,130,141,N,False
5,88,130,141,N,False
5,73,130,141,N,False
5,322,130,141,N,False
5,329,184,141,N,False
5,329,269,141,N,False
5,329,197,141,N,False
5,322,30,141,N,False
5,329,30,141,N,False
5,271,30,141,N,False
5,73,30,141,N,False
5,239,40,141,N,False
5,329,40,141,N,False
5,257,40,141,N,False
5,315,40,141,N,False
5,322,40,141,N,False
5,232,40,141,N,False
5,271,40,141,N,False
5,280,40,141,N,False
5,231,40,141,N,False
5,133,40,141,N,False
5,141,40,141,N,False
5,329,16,141,N,False
5,329,27,141,N,False
5,54,27,141,N,False
5,31,308,141,N,False
5,322,308,141,N,False
5,329,308,141,N,False
5,7,308,141,N,False
5,329,202,141,N,False
5,322,178,141,N,False
5,329,178,141,N,False
5,231,178,141,N,False
5,88,178,141,N,False
5,329,284,141,N,False
5,329,bot4__0,141,N,False
5,271,318,141,N,False
5,104,318,141,N,False
5,239,67,141,N,False
5,104,67,141,N,False
5,315,67,141,N,False
5,322,67,141,N,False
5,10,67,141,N,False
5,223,67,141,N,False
5,271,67,141,N,False
5,31,67,141,N,False
5,280,67,141,N,False
5,98,67,141,N,False
5,141,67,141,N,False
5,322,45,141,N,False
5,104,45,141,N,False
5,bot6__1,45,141,N,False
5,239,186,141,N,False
5,104,186,141,N,False
5,88,186,141,N,False
5,322,186,141,N,False
5,223,186,141,N,False
5,271,186,141,N,False
5,98,186,141,N,False
5,239,142,141,N,False
5,104,142,141,N,False
5,315,142,141,N,False
5,322,142,141,N,False
5,31,142,141,N,False
5,10,142,141,N,False
5,271,142,141,N,False
5,280,142,141,N,False
5,239,203,141,N,False
5,104,203,141,N,False
5,315,203,141,N,False
5,reel4__6,203,141,N,False
5,322,203,141,N,False
5,223,203,141,N,False
5,271,203,141,N,False
5,98,203,141,N,False
5,239,122,141,N,False
5,104,122,141,N,False
5,315,122,141,N,False
5,322,122,141,N,False
5,31,122,141,N,False
5,232,122,141,N,False
5,271,122,141,N,False
5,280,122,141,N,False
5,98,122,141,N,False
5,141,122,141,N,False
5,239,304,141,N,False
5,257,304,141,N,False
5,168,304,141,N,False
5,315,304,141,N,False
5,7,304,141,N,False
5,322,304,141,N,False
5,31,304,141,N,False
5,271,304,141,N,False
5,280,304,141,N,False
5,98,304,141,N,False
5,141,304,141,N,False
5,257,reel6__7,141,N,False
5,126,reel0__2,141,N,False
5,88,reel3__8,141,N,False
5,322,136,141,N,False
5,315,136,141,N,False
5,146,136,141,N,False
5,7,136,141,N,False
5,271,103,141,N,False
5,7,103,141,N,False
5,98,103,141,N,False
5,280,290,141,N,False
5,322,290,141,N,False
5,271,290,141,N,False
5,322,161,141,N,False
5,271,161,141,N,False
5,322,85,141,N,False
5,271,85,141,N,False
5,280,185,141,N,False
5,322,185,141,N,False
5,315,185,141,N,False
5,271,185,141,N,False
5,322,221,141,N,False
5,239,276,141,N,False
5,322,276,141,N,False
5,232,276,141,N,False
5,271,276,141,N,False
5,133,276,141,N,False
5,98,276,141,N,False
5,141,276,141,N,False
5,322,75,141,N,False
5,322,345,141,N,False
5,315,345,141,N,False
5,322,342,141,N,False
5,223,342,141,N,False
5,271,342,141,N,False
5,98,342,141,N,False
5,322,bot2__7,141,N,False
5,239,211,141,N,False
5,315,211,141,N,False
5,223,211,141,N,False
5,271,211,141,N,False
5,98,211,141,N,False
5,80,187,141,N,False
5,194,187,141,N,False
5,92,187,141,N,False
5,80,330,141,N,False
5,92,330,141,N,False
5,80,266,141,N,False
5,194,266,141,N,False
5,92,266,141,N,False
5,80,180,141,N,False
5,194,180,141,N,False
5,92,180,141,N,False
5,80,249,141,N,False
5,315,249,141,N,False
5,194,249,141,N,False
5,92,249,141,N,False
5,80,173,141,N,False
5,231,82,141,N,False
5,271,82,141,N,False
5,98,82,141,N,False
5,271,79,141,N,False
5,239,59,141,N,False
5,271,59,141,N,False
5,98,59,141,N,False
5,232,298,141,N,False
5,271,298,141,N,False
5,271,268,141,N,False
5,271,314,141,N,False
5,271,148,141,N,False
5,146,148,141,N,False
5,98,148,141,N,False
5,239,238,141,N,False
5,271,238,141,N,False
5,98,238,141,N,False
5,271,63,141,N,False
5,271,reel5__1,141,N,False
5,271,reel6__2,141,N,False
5,214,20,141,N,False
5,214,116,141,N,False
5,137,41,141,N,False
5,214,41,141,N,False
5,137,140,141,N,False
5,214,140,141,N,False
5,214,230,141,N,False
5,194,196,141,N,False
5,92,196,141,N,False
5,194,254,141,N,False
5,92,254,141,N,False
5,bot6__1,274,141,N,False
5,31,51,141,N,False
5,31,83,141,N,False
5,239,338,141,N,False
5,31,338,141,N,False
5,31,84,141,N,False
5,232,bot7__7,141,N,False
5,179,145,141,N,False
5,280,3,141,N,False
5,280,121,141,N,False
5,315,121,141,N,False
5,280,153,141,N,False
5,280,117,141,N,False
5,231,117,141,N,False
5,239,234,141,N,False
5,315,288,141,N,False
5,315,132,141,N,False
5,98,reel0__1,141,N,False
5,98,reel0__5,141,N,False
5,137,310,141,N,False
5,137,32,141,N,False
5,137,337,141,N,False
5,bot1__5,160,141,N,False
5,bot1__5,bot4__8,141,N,False
5,133,96,141,N,False
5,133,bot0__1,141,N,False
5,231,29,141,N,False
5,231,77,141,N,False
5,231,bot1__9,141,N,False
5,231,reel6__5,141,N,False
5,reel5__7,193,142,N,False
5,bot1__4,179,142,N,False
5,294,bot7__7,142,N,False
5,bot4__3,bot2__3,142,N,False
5,216,243,142,N,False
5,216,bot7__3,142,N,False
5,reel1__7,bot7__3,142,N,False
5,bot6__6,bot3__9,142,N,False
5,131,143,142,N,False
5,181,152,142,N,False
5,181,218,142,N,False
5,181,328,142,N,False
5,181,306,142,N,False
5,181,4,142,N,False
5,bot5__0,reel1__9,142,N,False
5,bot5__4,76,142,N,False
5,bot5__4,253,142,N,False
5,reel5__0,214,142,N,False
5,201,259,142,N,False
5,201,reel4__1,142,N,False
5,bot7__0,bot4__1,142,N,False
5,bot7__0,333,142,N,False
5,bot4__5,reel3__0,142,N,False
5,reel1__7,49,142,N,False
5,60,bot4__3,143,N,False
5,bot1__4,179,143,N,False
5,83,reel4__1,143,N,False
5,201,reel4__1,143,N,False
5,83,reel4__2,143,N,False
5,bot5__0,bot3__6,143,N,False
5,reel0__1,256,143,N,False
5,307,71,143,N,False
5,206,reel6__7,143,N,False
5,247,reel5__3,143,N,False
5,bot1__0,95,143,N,False
5,bot1__9,95,143,N,False
5,bot4__9,293,143,N,False
5,201,259,143,N,False
5,173,reel5__8,143,N,False
5,289,137,143,N,False
5,310,137,143,N,False
5,289,214,143,N,False
5,289,bot2__3,143,N,False
5,bot7__0,bot4__1,143,N,False
5,bot7__0,333,143,N,False
5,310,32,143,N,False
5,310,41,143,N,False
5,310,337,143,N,False
5,310,14,143,N,False
5,bot0__9,bot1__1,143,N,False
5,bot4__5,reel3__0,143,N,False
5,186,bot0__4,147,N,False
5,186,reel6__2,147,N,False
5,184,284,147,N,False
5,281,284,147,N,False
5,122,284,147,N,False
5,197,284,147,N,False
5,184,309,147,N,False
5,281,309,147,N,False
5,197,309,147,N,False
5,bot4__6,229,147,N,False
5,109,229,147,N,False
5,148,229,147,N,False
5,bot5__6,bot6__9,147,N,False
5,48,73,147,N,False
5,88,73,147,N,False
5,302,242,147,N,False
5,249,242,147,N,False
5,88,242,147,N,False
5,88,reel3__8,147,N,False
5,reel5__7,193,147,N,False
5,reel5__7,reel0__3,147,N,False
5,95,bot1__2,147,N,False
5,188,bot1__1,147,N,False
5,339,reel1__5,147,N,False
5,118,283,147,N,False
5,79,reel4__0,147,N,False
5,123,reel4__0,147,N,False
5,48,180,147,N,False
5,196,180,147,N,False
5,302,180,147,N,False
5,249,180,147,N,False
5,196,194,147,N,False
5,302,194,147,N,False
5,249,194,147,N,False
5,196,204,147,N,False
5,302,204,147,N,False
5,249,204,147,N,False
5,48,299,147,N,False
5,302,299,147,N,False
5,249,299,147,N,False
5,75,reel0__4,147,N,False
5,48,54,147,N,False
5,313,54,147,N,False
5,39,bot7__2,147,N,False
5,170,124,147,N,False
5,247,reel5__3,147,N,False
5,248,311,147,N,False
5,342,63,147,N,False
5,313,63,147,N,False
5,285,60,147,N,False
5,313,60,147,N,False
5,341,bot0__6,147,N,False
5,313,bot0__6,147,N,False
5,71,bot3__7,147,N,False
5,71,reel3__0,147,N,False
5,bot5__5,bot1__4,147,N,False
5,bot4__6,bot6__0,147,N,False
5,128,150,147,N,False
5,303,reel5__2,147,N,False
5,285,bot3__3,147,N,False
5,bot4__5,reel3__0,148,N,False
5,294,bot7__7,148,N,False
5,bot4__3,bot2__3,148,N,False
5,38,bot2__3,148,N,False
5,reel3__2,269,148,N,False
5,reel3__2,reel6__8,148,N,False
5,bot3__9,289,148,N,False
5,reel5__2,195,148,N,False
5,reel5__2,bot7__5,148,N,False
5,reel2__9,reel1__4,148,N,False
5,bot1__1,bot0__9,148,N,False
5,36,bot0__5,148,N,False
5,295,bot1__5,148,N,False
5,bot5__2,202,148,N,False
5,bot0__4,202,148,N,False
5,reel4__2,278,148,N,False
5,293,174,148,N,False
5,293,19,148,N,False
5,reel4__0,201,148,N,False
5,reel4__1,201,148,N,False
5,bot3__8,reel1__8,148,N,False
5,reel4__1,93,148,N,False
5,reel4__1,bot6__2,148,N,False
5,bot7__1,259,148,N,False
5,bot4__1,241,148,N,False
5,150,189,148,N,False
5,108,bot3__3,148,N,False
5,reel1__2,reel6__0,148,N,False
5,bot7__0,333,148,N,False
5,133,bot0__1,148,N,False
5,133,bot5__5,148,N,False
5,205,bot0__0,148,N,False
5,bot7__9,reel4__3,148,N,False
5,bot7__8,147,149,N,False
5,42,bot2__1,149,N,False
5,171,58,149,N,False
5,269,58,149,N,False
5,269,81,149,N,False
5,36,reel1__5,149,N,False
5,reel0__6,138,149,N,False
5,243,310,149,N,False
5,14,310,149,N,False
5,bot3__5,310,149,N,False
5,bot7__0,bot4__1,149,N,False
5,bot2__0,bot4__1,149,N,False
5,bot5__2,202,149,N,False
5,bot0__4,202,149,N,False
5,173,202,149,N,False
5,229,bot1__0,149,N,False
5,243,312,149,N,False
5,14,312,149,N,False
5,243,41,149,N,False
5,14,41,149,N,False
5,243,bot5__8,149,N,False
5,307,71,149,N,False
5,70,230,149,N,False
5,307,230,149,N,False
5,reel3__8,reel2__9,149,N,False
5,247,reel5__3,149,N,False
5,reel4__0,reel6__5,149,N,False
5,14,20,149,N,False
5,14,116,149,N,False
5,14,214,149,N,False
5,14,149,149,N,False
5,266,bot3__0,149,N,False
5,278,bot3__0,149,N,False
5,173,reel0__5,149,N,False
5,173,reel5__8,149,N,False
5,bot2__3,289,149,N,False
5,bot4__6,bot6__0,149,N,False
5,reel3__4,233,149,N,False
5,reel3__4,205,149,N,False
5,bot0__8,bot4__2,149,N,False
5,bot7__0,333,149,N,False
5,bot1__5,160,149,N,False
5,bot1__5,bot4__8,149,N,False
5,283,bot4__5,149,N,False
5,283,bot6__4,149,N,False
5,194,bot3__7,149,N,False
5,278,175,149,N,False
5,278,131,149,N,False
5,278,reel4__2,149,N,False
5,100,bot1__2,149,N,False
5,100,bot3__6,149,N,False
5,326,2,151,N,True
5,333,2,151,N,True
5,226,2,151,N,True
5,326,149,151,N,True
5,333,149,151,N,True
5,226,149,151,N,True
5,326,343,151,N,True
5,333,343,151,N,True
5,226,343,151,N,True
5,214,343,151,N,True
5,326,162,151,N,True
5,333,162,151,N,True
5,333,bot7__4,151,N,True
5,326,144,151,N,True
5,226,144,151,N,True
5,326,312,151,N,True
5,226,312,151,N,True
5,214,312,151,N,True
5,310,41,151,N,True
5,326,41,151,N,True
5,226,41,151,N,True
5,214,41,151,N,True
5,326,116,151,N,True
5,226,116,151,N,True
5,214,116,151,N,True
5,326,17,151,N,True
5,310,17,151,N,True
5,214,17,151,N,True
5,326,140,151,N,True
5,214,140,151,N,True
5,233,bot7__2,151,N,True
5,155,157,151,N,True
5,reel2__4,157,151,N,True
5,bot4__1,241,151,N,True
5,bot4__5,reel3__0,151,N,True
5,71,reel3__0,151,N,True
5,310,167,151,N,True
5,310,337,151,N,True
5,310,243,151,N,True
5,reel3__6,305,151,N,True
5,reel3__6,bot7__9,151,N,True
5,reel1__2,reel6__2,152,N,True
5,333,2,158,N,True
5,226,2,158,N,True
5,115,2,158,N,True
5,312,2,158,N,True
5,116,2,158,N,True
5,326,2,158,N,True
5,20,2,158,N,True
5,333,149,158,N,True
5,226,149,158,N,True
5,144,149,158,N,True
5,115,149,158,N,True
5,312,149,158,N,True
5,116,149,158,N,True
5,326,149,158,N,True
5,20,149,158,N,True
5,333,bot7__4,158,N,True
5,91,193,158,N,True
5,61,193,158,N,True
5,8,193,158,N,True
5,143,68,158,N,True
5,296,68,158,N,True
5,227,68,158,N,True
5,99,68,158,N,True
5,296,102,158,N,True
5,227,102,158,N,True
5,99,102,158,N,True
5,296,263,158,N,True
5,227,263,158,N,True
5,99,263,158,N,True
5,41,243,158,N,True
5,216,243,158,N,True
5,312,243,158,N,True
5,reel5__5,243,158,N,True
5,95,319,158,N,True
5,327,319,158,N,True
5,95,89,158,N,True
5,327,89,158,N,True
5,95,6,158,N,True
5,95,bot1__2,158,N,True
5,214,111,158,N,True
5,17,111,158,N,True
5,41,111,158,N,True
5,312,111,158,N,True
5,326,111,158,N,True
5,20,111,158,N,True
5,312,262,158,N,True
5,115,262,158,N,True
5,41,44,158,N,True
5,312,44,158,N,True
5,20,44,158,N,True
5,312,220,158,N,True
5,115,220,158,N,True
5,41,151,158,N,True
5,reel1__5,151,158,N,True
5,312,151,158,N,True
5,144,151,158,N,True
5,bot3__6,49,158,N,True
5,241,49,158,N,True
5,195,306,158,N,True
5,275,306,158,N,True
5,328,306,158,N,True
5,181,306,158,N,True
5,195,273,158,N,True
5,275,273,158,N,True
5,328,273,158,N,True
5,181,273,158,N,True
5,195,78,158,N,True
5,275,78,158,N,True
5,328,78,158,N,True
5,181,78,158,N,True
5,143,46,158,N,True
5,143,35,158,N,True
5,143,321,158,N,True
5,275,152,158,N,True
5,181,152,158,N,True
5,41,310,158,N,True
5,17,310,158,N,True
5,41,337,158,N,True
5,244,282,158,N,True
5,205,192,158,N,True
5,115,192,158,N,True
5,33,bot4__8,158,N,True
5,bot3__7,bot2__6,158,N,True
5,116,reel4__8,158,N,True
6,143,131,140,N,False
6,227,131,140,N,False
6,99,131,140,N,False
6,bot1__4,179,140,N,False
6,bot1__4,bot5__5,140,N,False
6,reel2__9,reel1__4,140,N,False
6,reel5__3,bot6__0,140,N,False
6,143,35,140,N,False
6,bot5__4,253,140,N,False
6,reel5__8,219,140,N,False
6,91,245,140,N,False
6,reel0__3,reel5__7,140,N,False
6,reel0__3,bot7__5,140,N,False
6,bot4__8,33,141,N,False
6,203,334,141,N,False
6,reel6__5,334,141,N,False
6,67,334,141,N,False
6,132,334,141,N,False
6,40,334,141,N,False
6,142,334,141,N,False
6,304,334,141,N,False
6,318,334,141,N,False
6,308,334,141,N,False
6,304,bot0__7,141,N,False
6,342,bot0__7,141,N,False
6,77,294,141,N,False
6,bot7__7,294,141,N,False
6,reel6__5,reel4__0,141,N,False
6,79,reel4__0,141,N,False
6,187,bot3__8,141,N,False
6,75,bot3__8,141,N,False
6,187,reel6__6,141,N,False
6,122,reel6__6,141,N,False
6,345,bot2__4,141,N,False
6,130,bot2__4,141,N,False
6,342,bot2__4,141,N,False
6,290,bot0__3,141,N,False
6,29,247,141,N,False
6,reel5__1,76,141,N,False
6,40,307,141,N,False
6,230,307,141,N,False
6,63,bot1__6,141,N,False
6,184,127,141,N,False
6,284,127,141,N,False
6,197,127,141,N,False
6,184,36,141,N,False
6,284,36,141,N,False
6,197,36,141,N,False
6,184,281,141,N,False
6,284,281,141,N,False
6,122,281,141,N,False
6,197,281,141,N,False
6,184,309,141,N,False
6,284,309,141,N,False
6,197,309,141,N,False
6,83,reel4__1,141,N,False
6,202,reel0__8,141,N,False
6,202,bot5__2,141,N,False
6,reel0__5,107,141,N,False
6,41,144,141,N,False
6,140,144,141,N,False
6,116,144,141,N,False
6,148,229,141,N,False
6,288,bot7__0,141,N,False
6,51,bot3__1,141,N,False
6,184,bot4__7,141,N,False
6,269,100,141,N,False
6,3,283,141,N,False
6,75,reel0__4,141,N,False
6,3,reel0__4,141,N,False
6,132,311,141,N,False
6,221,bot4__6,141,N,False
6,173,163,141,N,False
6,249,163,141,N,False
6,230,97,141,N,False
6,216,bot7__3,141,N,False
6,75,bot2__9,141,N,False
6,reel0__1,256,141,N,False
6,41,151,141,N,False
6,310,151,141,N,False
6,41,reel3__0,141,N,False
6,41,bot5__1,141,N,False
6,bot1__9,95,141,N,False
6,333,149,142,N,False
6,333,343,142,N,False
6,214,343,142,N,False
6,333,bot7__4,142,N,False
6,4,bot7__1,142,N,False
6,259,bot7__1,142,N,False
6,214,116,142,N,False
6,243,41,142,N,False
6,reel3__0,41,142,N,False
6,214,41,142,N,False
6,214,140,142,N,False
6,bot2__3,289,142,N,False
6,bot3__9,289,142,N,False
6,214,289,142,N,False
6,243,312,142,N,False
6,214,312,142,N,False
6,218,reel4__9,142,N,False
6,bot7__3,reel4__9,142,N,False
6,179,145,142,N,False
6,143,reel2__5,142,N,False
6,243,337,142,N,False
6,243,310,142,N,False
6,reel4__1,83,142,N,False
6,bot3__9,327,142,N,False
6,41,20,143,N,False
6,14,20,143,N,False
6,333,20,143,N,False
6,214,20,143,N,False
6,333,2,143,N,False
6,14,149,143,N,False
6,333,149,143,N,False
6,41,343,143,N,False
6,14,343,143,N,False
6,333,343,143,N,False
6,214,343,143,N,False
6,333,bot7__4,143,N,False
6,95,319,143,N,False
6,95,89,143,N,False
6,95,bot1__2,143,N,False
6,259,245,143,N,False
6,259,264,143,N,False
6,259,bot7__1,143,N,False
6,137,326,143,N,False
6,bot2__3,326,143,N,False
6,41,326,143,N,False
6,14,326,143,N,False
6,bot4__1,326,143,N,False
6,214,326,143,N,False
6,41,116,143,N,False
6,14,116,143,N,False
6,214,116,143,N,False
6,41,140,143,N,False
6,137,140,143,N,False
6,214,140,143,N,False
6,214,reel5__0,143,N,False
6,179,145,143,N,False
6,reel4__2,reel0__8,143,N,False
6,293,bot1__6,143,N,False
6,41,144,143,N,False
6,14,144,143,N,False
6,41,44,143,N,False
6,bot4__1,241,143,N,False
6,bot3__6,100,143,N,False
6,bot3__6,49,143,N,False
6,60,bot4__3,147,N,False
6,124,bot4__3,147,N,False
6,242,reel2__3,147,N,False
6,bot1__1,bot0__9,147,N,False
6,bot1__4,bot0__9,147,N,False
6,bot1__4,179,147,N,False
6,reel5__2,bot6__7,147,N,False
6,bot1__4,bot6__7,147,N,False
6,193,91,147,N,False
6,63,bot1__6,147,N,False
6,reel5__2,reel6__4,147,N,False
6,reel5__2,bot7__5,147,N,False
6,reel0__3,bot7__5,147,N,False
6,bot1__2,100,147,N,False
6,150,100,147,N,False
6,150,189,147,N,False
6,reel5__3,189,147,N,False
6,reel0__3,189,147,N,False
6,bot1__1,bot5__3,147,N,False
6,reel3__8,reel2__9,147,N,False
6,reel4__0,201,147,N,False
6,299,300,147,N,False
6,reel3__0,41,147,N,False
6,283,bot4__5,147,N,False
6,reel3__0,bot4__5,147,N,False
6,bot6__0,33,147,N,False
6,reel6__2,reel1__2,147,N,False
6,189,reel5__3,148,N,False
6,189,reel5__8,148,N,False
6,333,20,148,N,False
6,333,149,148,N,False
6,333,343,148,N,False
6,19,343,148,N,False
6,333,bot7__4,148,N,False
6,201,91,148,N,False
6,259,91,148,N,False
6,259,245,148,N,False
6,reel4__3,181,148,N,False
6,195,181,148,N,False
6,241,49,148,N,False
6,195,218,148,N,False
6,195,273,148,N,False
6,269,58,148,N,False
6,reel6__0,76,148,N,False
6,202,173,148,N,False
6,289,137,148,N,False
6,93,137,148,N,False
6,93,41,148,N,False
6,reel3__0,41,148,N,False
6,19,41,148,N,False
6,reel3__0,71,148,N,False
6,93,167,148,N,False
6,93,337,148,N,False
6,93,32,148,N,False
6,278,177,148,N,False
6,278,86,148,N,False
6,278,46,148,N,False
6,278,99,148,N,False
6,278,131,148,N,False
6,19,138,148,N,False
6,19,17,148,N,False
6,19,89,148,N,False
6,19,bot2__6,148,N,False
6,bot1__5,160,148,N,False
6,bot1__5,bot4__8,148,N,False
6,333,2,149,N,False
6,149,2,149,N,False
6,312,2,149,N,False
6,116,2,149,N,False
6,20,2,149,N,False
6,333,162,149,N,False
6,149,162,149,N,False
6,312,162,149,N,False
6,116,162,149,N,False
6,20,162,149,N,False
6,bot5__8,bot7__4,149,N,False
6,333,bot7__4,149,N,False
6,bot3__6,49,149,N,False
6,bot4__8,49,149,N,False
6,bot3__0,255,149,N,False
6,214,111,149,N,False
6,41,111,149,N,False
6,310,111,149,N,False
6,312,111,149,N,False
6,20,111,149,N,False
6,312,220,149,N,False
6,41,140,149,N,False
6,116,140,149,N,False
6,312,140,149,N,False
6,214,140,149,N,False
6,reel0__5,reel5__0,149,N,False
6,20,reel5__0,149,N,False
6,214,reel5__0,149,N,False
6,147,319,149,N,False
6,147,89,149,N,False
6,reel2__9,reel1__4,149,N,False
6,131,reel2__2,149,N,False
6,131,bot4__7,149,N,False
6,81,286,149,N,False
6,233,256,149,N,False
6,233,bot7__2,149,N,False
6,41,93,149,N,False
6,310,93,149,N,False
6,bot4__5,reel3__0,149,N,False
6,41,reel3__0,149,N,False
6,71,reel3__0,149,N,False
6,bot4__2,bot3__9,149,N,False
6,289,bot3__9,149,N,False
6,205,bot0__0,149,N,False
6,202,bot0__0,149,N,False
6,175,263,149,N,False
6,175,68,149,N,False
6,310,32,149,N,False
6,230,253,149,N,False
6,157,124,151,N,True
6,bot7__4,112,151,N,True
6,116,reel4__8,151,N,True
6,reel4__8,112,158,N,True
6,bot7__4,112,158,N,True
6,78,reel2__8,158,N,True
6,243,167,158,N,True
6,310,167,158,N,True
6,337,167,158,N,True
6,111,279,158,N,True
6,111,reel4__4,158,N,True
6,310,32,158,N,True
6,337,32,158,N,True
7,245,reel2__4,140,N,False
7,bot6__0,33,140,N,False
7,253,182,140,N,False
7,219,319,140,N,False
7,219,89,140,N,False
7,95,89,141,N,False
7,95,6,141,N,False
7,95,bot1__2,141,N,False
7,100,bot1__2,141,N,False
7,95,reel1__4,141,N,False
7,36,bot0__5,141,N,False
7,247,reel5__3,141,N,False
7,bot4__7,131,141,N,False
7,reel0__4,61,141,N,False
7,bot0__3,64,141,N,False
7,100,64,141,N,False
7,reel0__8,42,141,N,False
7,33,42,141,N,False
7,bot7__0,bot4__1,141,N,False
7,283,bot4__5,141,N,False
7,reel3__0,bot4__5,141,N,False
7,283,bot6__4,141,N,False
7,149,144,142,N,False
7,41,144,142,N,False
7,312,144,142,N,False
7,116,144,142,N,False
7,140,144,142,N,False
7,343,144,142,N,False
7,41,bot5__1,142,N,False
7,310,32,142,N,False
7,337,32,142,N,False
7,312,220,142,N,False
7,83,23,142,N,False
7,116,23,142,N,False
7,327,319,142,N,False
7,bot7__4,112,142,N,False
7,bot7__4,112,143,N,False
7,100,269,143,N,False
7,189,reel5__8,147,N,False
7,bot4__3,bot2__3,147,N,False
7,179,90,147,N,False
7,179,145,147,N,False
7,41,243,147,N,False
7,41,137,147,N,False
7,41,20,147,N,False
7,41,214,147,N,False
7,41,310,147,N,False
7,41,140,147,N,False
7,41,343,147,N,False
7,41,326,147,N,False
7,41,312,147,N,False
7,201,reel4__1,147,N,False
7,91,245,147,N,False
7,33,42,147,N,False
7,bot4__5,reel3__1,147,N,False
7,100,269,147,N,False
7,100,reel1__9,147,N,False
7,100,bot3__6,147,N,False
7,89,6,148,N,False
7,bot4__8,33,148,N,False
7,41,144,148,N,False
7,149,144,148,N,False
7,17,144,148,N,False
7,343,144,148,N,False
7,41,44,148,N,False
7,20,44,148,N,False
7,343,44,148,N,False
7,49,255,148,N,False
7,reel5__3,247,148,N,False
7,bot2__6,282,148,N,False
7,181,152,148,N,False
7,41,230,148,N,False
7,71,230,148,N,False
7,41,151,148,N,False
7,41,140,148,N,False
7,137,140,148,N,False
7,17,140,148,N,False
7,41,bot5__1,148,N,False
7,71,bot5__1,148,N,False
7,76,bot5__4,148,N,False
7,173,34,148,N,False
7,173,reel0__5,148,N,False
7,177,68,148,N,False
7,99,68,148,N,False
7,177,reel6__1,148,N,False
7,245,reel2__4,148,N,False
7,99,296,148,N,False
7,99,263,148,N,False
7,20,reel5__0,148,N,False
7,319,327,149,N,False
7,bot3__9,327,149,N,False
7,89,327,149,N,False
7,bot0__0,47,149,N,False
7,bot7__4,112,149,N,False
7,bot3__9,328,149,N,False
7,111,279,149,N,False
7,reel2__2,279,149,N,False
7,256,reel0__1,149,N,False
7,256,bot2__9,149,N,False
7,111,reel4__4,149,N,False
7,253,182,149,N,False
7,253,bot5__4,149,N,False
7,93,reel4__1,149,N,False
7,112,174,151,N,True
7,reel2__8,316,158,N,True
8,33,bot4__8,140,N,False
8,64,reel6__9,141,N,False
8,131,99,141,N,False
8,131,143,141,N,False
8,131,278,141,N,False
8,319,147,142,N,False
8,23,240,142,N,False
8,23,267,142,N,False
8,269,58,143,N,False
8,269,81,143,N,False
8,42,reel1__8,147,N,False
8,42,bot2__1,147,N,False
8,326,149,147,N,False
8,312,149,147,N,False
8,20,149,147,N,False
8,343,149,147,N,False
8,312,262,147,N,False
8,312,220,147,N,False
8,326,bot4__1,147,N,False
8,bot2__3,289,147,N,False
8,214,289,147,N,False
8,137,289,147,N,False
8,20,333,147,N,False
8,214,333,147,N,False
8,343,333,147,N,False
8,269,58,147,N,False
8,269,reel3__2,147,N,False
8,140,bot4__4,147,N,False
8,243,216,147,N,False
8,reel4__1,83,147,N,False
8,reel5__8,219,147,N,False
8,reel5__8,173,147,N,False
8,bot3__6,49,147,N,False
8,reel1__9,bot4__0,147,N,False
8,230,97,148,N,False
8,282,244,148,N,False
8,bot5__4,bot6__3,148,N,False
8,reel2__4,157,148,N,False
8,47,bot1__7,149,N,False
8,328,4,149,N,False
8,bot5__4,76,149,N,False
8,112,174,149,N,False
8,174,293,151,N,True
9,143,46,141,N,False
9,278,46,141,N,False
9,143,321,141,N,False
9,278,86,141,N,False
9,99,296,141,N,False
9,99,102,141,N,False
9,99,263,141,N,False
9,147,bot7__8,142,N,False
9,267,bot3__1,142,N,False
9,81,286,143,N,False
9,289,bot3__9,147,N,False
9,216,bot7__3,147,N,False
9,333,reel5__4,147,N,False
9,bot4__1,bot7__0,147,N,False
9,333,bot7__0,147,N,False
9,333,bot7__4,147,N,False
9,49,192,147,N,False
9,173,reel0__5,147,N,False
9,reel3__2,reel6__8,147,N,False
9,reel3__2,bot7__9,147,N,False
9,4,152,149,N,False
9,4,bot7__1,149,N,False
9,76,bot6__5,149,N,False
10,bot7__3,reel4__9,147,N,False
10,bot7__9,reel4__3,147,N,False
10,bot7__4,112,147,N,False
10,bot6__5,bot1__3,149,N,False
11,reel4__3,181,147,N,False
11,reel4__9,218,147,N,False
12,218,78,147,N,False
12,181,78,147,N,False
12,218,4,147,N,False
12,181,4,147,N,False
13,4,bot7__1,147,N,False
