iteration,sender,receiver,news_id,news_party,news_veracity
0,bot71__0,reel20__4,1420,N,False
0,bot71__0,315,1420,N,False
0,bot71__1,reel22__2,1421,N,False
0,bot71__1,bot10__3,1421,N,False
0,bot71__2,reel38__1,1422,N,False
0,bot71__2,237,1422,N,False
0,bot71__2,reel68__0,1422,N,False
0,bot71__3,307,1423,N,False
0,bot71__3,reel55__8,1423,N,False
0,bot71__3,bot58__6,1423,N,False
0,bot71__4,79,1424,N,False
0,bot71__5,reel50__7,1425,N,False
0,bot71__5,321,1425,N,False
0,bot71__6,reel11__7,1426,N,False
0,bot71__6,bot1__2,1426,N,False
0,bot71__7,225,1427,N,False
0,bot71__8,195,1428,N,False
0,bot71__9,bot68__1,1429,N,False
0,bot71__9,reel9__0,1429,N,False
0,reel71__0,reel68__0,1430,N,True
0,reel71__0,70,1430,N,True
0,reel71__0,155,1430,N,True
0,reel71__1,reel50__0,1431,N,True
0,reel71__1,reel29__1,1431,N,True
0,reel71__2,reel50__7,1432,N,True
0,reel71__2,reel61__3,1432,N,True
0,reel71__3,reel45__3,1433,N,True
0,reel71__4,reel10__1,1434,N,True
0,reel71__4,reel52__3,1434,N,True
0,reel71__4,22,1434,N,True
0,reel71__5,309,1435,N,True
0,reel71__5,reel19__7,1435,N,True
0,reel71__5,reel54__3,1435,N,True
0,reel71__6,reel42__1,1436,N,True
0,reel71__6,214,1436,N,True
0,reel71__7,26,1437,N,True
0,reel71__7,220,1437,N,True
0,reel71__8,reel47__1,1438,N,True
0,reel71__8,reel24__1,1438,N,True
0,reel71__9,reel9__9,1439,N,True
0,reel71__9,reel40__3,1439,N,True
1,315,288,1420,N,False
1,315,1,1420,N,False
1,315,231,1420,N,False
1,315,303,1420,N,False
1,315,80,1420,N,False
1,315,249,1420,N,False
1,315,170,1420,N,False
1,315,133,1420,N,False
1,315,94,1420,N,False
1,315,246,1420,N,False
1,315,323,1420,N,False
1,315,128,1420,N,False
1,315,26,1420,N,False
1,315,5,1420,N,False
1,315,302,1420,N,False
1,315,252,1420,N,False
1,315,56,1420,N,False
1,315,223,1420,N,False
1,reel20__4,223,1420,N,False
1,315,105,1420,N,False
1,315,67,1420,N,False
1,315,53,1420,N,False
1,315,21,1420,N,False
1,315,0,1420,N,False
1,315,bot16__0,1420,N,False
1,315,reel52__6,1420,N,False
1,reel20__4,reel7__3,1420,N,False
1,reel20__4,bot69__6,1420,N,False
1,reel20__4,reel70__2,1420,N,False
1,reel22__2,301,1421,N,False
1,reel22__2,reel20__0,1421,N,False
1,reel22__2,321,1421,N,False
1,reel22__2,reel31__3,1421,N,False
1,reel22__2,reel49__5,1421,N,False
1,bot10__3,reel4__7,1421,N,False
1,bot10__3,bot7__3,1421,N,False
1,bot10__3,bot11__2,1421,N,False
1,bot10__3,bot15__1,1421,N,False
1,bot10__3,bot42__6,1421,N,False
1,237,51,1422,N,False
1,237,84,1422,N,False
1,237,23,1422,N,False
1,237,25,1422,N,False
1,237,bot0__1,1422,N,False
1,237,reel2__5,1422,N,False
1,237,bot14__5,1422,N,False
1,reel68__0,88,1422,N,False
1,reel68__0,reel23__0,1422,N,False
1,reel38__1,234,1422,N,False
1,reel38__1,reel43__3,1422,N,False
1,reel38__1,bot59__2,1422,N,False
1,307,71,1423,N,False
1,307,230,1423,N,False
1,307,0,1423,N,False
1,reel55__8,reel53__1,1423,N,False
1,bot58__6,bot53__2,1423,N,False
1,bot58__6,341,1423,N,False
1,79,271,1424,N,False
1,79,188,1424,N,False
1,79,26,1424,N,False
1,79,9,1424,N,False
1,79,25,1424,N,False
1,79,119,1424,N,False
1,79,185,1424,N,False
1,79,0,1424,N,False
1,79,reel3__9,1424,N,False
1,79,reel11__1,1424,N,False
1,79,reel12__1,1424,N,False
1,79,reel27__0,1424,N,False
1,321,175,1425,N,False
1,321,0,1425,N,False
1,321,bot17__3,1425,N,False
1,reel50__7,163,1425,N,False
1,reel50__7,reel10__7,1425,N,False
1,reel50__7,bot53__9,1425,N,False
1,reel50__7,reel66__8,1425,N,False
1,bot1__2,bot13__5,1426,N,False
1,bot1__2,bot18__3,1426,N,False
1,reel11__7,67,1426,N,False
1,reel11__7,reel7__4,1426,N,False
1,reel11__7,bot14__4,1426,N,False
1,reel11__7,reel60__5,1426,N,False
1,reel11__7,reel64__7,1426,N,False
1,225,227,1427,N,False
1,225,68,1427,N,False
1,225,177,1427,N,False
1,225,99,1427,N,False
1,225,175,1427,N,False
1,225,0,1427,N,False
1,225,reel24__4,1427,N,False
1,225,bot35__4,1427,N,False
1,225,reel61__0,1427,N,False
1,195,181,1428,N,False
1,195,306,1428,N,False
1,195,218,1428,N,False
1,195,0,1428,N,False
1,195,reel19__4,1428,N,False
1,195,reel30__1,1428,N,False
1,195,bot68__0,1428,N,False
1,reel9__0,76,1429,N,False
1,reel9__0,reel10__4,1429,N,False
1,bot68__1,reel48__3,1429,N,False
1,bot68__1,111,1429,N,False
1,70,230,1430,N,True
1,70,0,1430,N,True
1,155,0,1430,N,True
1,70,bot5__7,1430,N,True
1,70,bot38__6,1430,N,True
1,70,reel40__3,1430,N,True
1,70,reel46__9,1430,N,True
1,70,reel53__6,1430,N,True
1,70,reel54__6,1430,N,True
1,70,reel65__0,1430,N,True
1,reel68__0,88,1430,N,True
1,reel68__0,reel62__5,1430,N,True
1,reel68__0,reel23__0,1430,N,True
1,reel68__0,bot71__2,1430,N,True
1,155,157,1430,N,True
1,155,reel2__7,1430,N,True
1,155,bot12__6,1430,N,True
1,155,bot19__5,1430,N,True
1,155,bot38__4,1430,N,True
1,155,bot40__7,1430,N,True
1,155,reel65__5,1430,N,True
1,155,reel66__9,1430,N,True
1,reel50__0,reel0__1,1431,N,True
1,reel50__0,reel67__7,1431,N,True
1,reel29__1,125,1431,N,True
1,reel29__1,reel3__9,1431,N,True
1,reel29__1,reel40__0,1431,N,True
1,reel29__1,reel67__5,1431,N,True
1,reel61__3,126,1432,N,True
1,reel61__3,reel27__0,1432,N,True
1,reel50__7,163,1432,N,True
1,reel50__7,reel8__9,1432,N,True
1,reel50__7,reel10__7,1432,N,True
1,reel50__7,bot53__9,1432,N,True
1,reel50__7,reel54__9,1432,N,True
1,reel50__7,reel66__8,1432,N,True
1,reel50__7,bot71__5,1432,N,True
1,reel45__3,reel21__7,1433,N,True
1,reel45__3,reel7__9,1433,N,True
1,reel45__3,235,1433,N,True
1,reel45__3,bot53__3,1433,N,True
1,22,339,1434,N,True
1,22,87,1434,N,True
1,22,347,1434,N,True
1,22,0,1434,N,True
1,22,bot1__9,1434,N,True
1,22,bot27__0,1434,N,True
1,22,reel35__4,1434,N,True
1,22,reel42__4,1434,N,True
1,reel52__3,reel42__4,1434,N,True
1,22,bot48__3,1434,N,True
1,reel52__3,62,1434,N,True
1,reel52__3,bot66__8,1434,N,True
1,reel52__3,reel66__3,1434,N,True
1,reel10__1,122,1434,N,True
1,reel10__1,reel7__4,1434,N,True
1,reel10__1,bot11__8,1434,N,True
1,reel10__1,bot44__2,1434,N,True
1,reel10__1,reel51__6,1434,N,True
1,reel10__1,bot62__2,1434,N,True
1,reel19__7,reel11__8,1435,N,True
1,reel19__7,reel20__7,1435,N,True
1,reel19__7,reel30__9,1435,N,True
1,reel19__7,bot31__6,1435,N,True
1,reel19__7,reel70__4,1435,N,True
1,reel54__3,reel36__1,1435,N,True
1,309,36,1435,N,True
1,309,320,1435,N,True
1,309,281,1435,N,True
1,309,197,1435,N,True
1,309,284,1435,N,True
1,309,0,1435,N,True
1,309,reel55__7,1435,N,True
1,309,reel61__0,1435,N,True
1,reel42__1,reel40__6,1436,N,True
1,reel42__1,reel12__0,1436,N,True
1,reel42__1,reel53__1,1436,N,True
1,reel42__1,reel60__9,1436,N,True
1,reel42__1,reel62__0,1436,N,True
1,214,20,1436,N,True
1,214,326,1436,N,True
1,214,116,1436,N,True
1,214,137,1436,N,True
1,214,19,1436,N,True
1,214,41,1436,N,True
1,214,111,1436,N,True
1,214,14,1436,N,True
1,214,115,1436,N,True
1,214,289,1436,N,True
1,214,312,1436,N,True
1,214,17,1436,N,True
1,214,230,1436,N,True
1,214,343,1436,N,True
1,214,reel43__9,1436,N,True
1,214,reel54__8,1436,N,True
1,220,312,1437,N,True
1,220,0,1437,N,True
1,26,0,1437,N,True
1,220,bot9__5,1437,N,True
1,220,reel13__0,1437,N,True
1,220,reel13__7,1437,N,True
1,26,277,1437,N,True
1,26,56,1437,N,True
1,26,252,1437,N,True
1,26,134,1437,N,True
1,26,3,1437,N,True
1,26,334,1437,N,True
1,26,109,1437,N,True
1,26,21,1437,N,True
1,26,9,1437,N,True
1,26,313,1437,N,True
1,26,118,1437,N,True
1,26,265,1437,N,True
1,26,72,1437,N,True
1,26,308,1437,N,True
1,26,248,1437,N,True
1,26,128,1437,N,True
1,26,176,1437,N,True
1,26,113,1437,N,True
1,26,161,1437,N,True
1,26,169,1437,N,True
1,26,188,1437,N,True
1,26,325,1437,N,True
1,26,315,1437,N,True
1,26,119,1437,N,True
1,26,40,1437,N,True
1,26,298,1437,N,True
1,26,200,1437,N,True
1,26,123,1437,N,True
1,26,295,1437,N,True
1,26,141,1437,N,True
1,26,291,1437,N,True
1,26,170,1437,N,True
1,26,133,1437,N,True
1,26,186,1437,N,True
1,26,332,1437,N,True
1,26,62,1437,N,True
1,26,172,1437,N,True
1,26,224,1437,N,True
1,26,185,1437,N,True
1,26,13,1437,N,True
1,26,285,1437,N,True
1,26,66,1437,N,True
1,26,25,1437,N,True
1,26,323,1437,N,True
1,26,reel10__7,1437,N,True
1,26,reel19__3,1437,N,True
1,26,reel39__3,1437,N,True
1,26,bot43__4,1437,N,True
1,26,bot56__4,1437,N,True
1,reel47__1,reel38__3,1438,N,True
1,reel47__1,reel14__9,1438,N,True
1,reel47__1,reel54__5,1438,N,True
1,reel47__1,reel55__7,1438,N,True
1,reel24__1,reel0__7,1438,N,True
1,reel24__1,reel23__5,1438,N,True
1,reel24__1,177,1438,N,True
1,reel24__1,reel48__0,1438,N,True
1,reel40__3,70,1439,N,True
1,reel40__3,reel28__5,1439,N,True
1,reel40__3,reel38__6,1439,N,True
1,reel40__3,reel45__6,1439,N,True
1,reel40__3,reel50__2,1439,N,True
1,reel9__9,202,1439,N,True
1,reel9__9,168,1439,N,True
1,reel9__9,bot14__0,1439,N,True
1,reel9__9,bot20__2,1439,N,True
1,reel9__9,reel21__3,1439,N,True
1,reel9__9,bot42__5,1439,N,True
1,reel9__9,reel52__8,1439,N,True
1,reel9__9,reel64__7,1439,N,True
2,246,308,1420,N,False
2,67,308,1420,N,False
2,21,308,1420,N,False
2,0,308,1420,N,False
2,26,308,1420,N,False
2,323,308,1420,N,False
2,252,308,1420,N,False
2,246,340,1420,N,False
2,0,340,1420,N,False
2,105,25,1420,N,False
2,170,25,1420,N,False
2,246,25,1420,N,False
2,94,25,1420,N,False
2,67,25,1420,N,False
2,56,25,1420,N,False
2,21,25,1420,N,False
2,0,25,1420,N,False
2,288,25,1420,N,False
2,323,25,1420,N,False
2,26,25,1420,N,False
2,231,25,1420,N,False
2,252,25,1420,N,False
2,246,bot15__8,1420,N,False
2,246,bot62__5,1420,N,False
2,302,330,1420,N,False
2,94,330,1420,N,False
2,0,330,1420,N,False
2,80,330,1420,N,False
2,53,330,1420,N,False
2,249,330,1420,N,False
2,5,204,1420,N,False
2,302,204,1420,N,False
2,94,204,1420,N,False
2,0,204,1420,N,False
2,80,204,1420,N,False
2,53,204,1420,N,False
2,249,204,1420,N,False
2,80,320,1420,N,False
2,94,320,1420,N,False
2,0,320,1420,N,False
2,302,266,1420,N,False
2,94,266,1420,N,False
2,0,266,1420,N,False
2,80,266,1420,N,False
2,53,266,1420,N,False
2,249,266,1420,N,False
2,302,242,1420,N,False
2,94,242,1420,N,False
2,0,242,1420,N,False
2,80,242,1420,N,False
2,53,242,1420,N,False
2,249,242,1420,N,False
2,133,bot0__1,1420,N,False
2,94,bot0__1,1420,N,False
2,94,reel6__3,1420,N,False
2,94,reel7__8,1420,N,False
2,94,bot22__3,1420,N,False
2,94,bot22__8,1420,N,False
2,94,bot47__5,1420,N,False
2,94,reel66__0,1420,N,False
2,bot69__6,bot15__9,1420,N,False
2,288,reel26__6,1420,N,False
2,288,reel34__1,1420,N,False
2,288,bot44__4,1420,N,False
2,302,48,1420,N,False
2,1,48,1420,N,False
2,0,48,1420,N,False
2,80,48,1420,N,False
2,53,48,1420,N,False
2,80,57,1420,N,False
2,302,57,1420,N,False
2,249,57,1420,N,False
2,0,57,1420,N,False
2,56,88,1420,N,False
2,21,88,1420,N,False
2,1,88,1420,N,False
2,0,88,1420,N,False
2,80,88,1420,N,False
2,53,88,1420,N,False
2,303,88,1420,N,False
2,80,173,1420,N,False
2,0,173,1420,N,False
2,80,reel29__6,1420,N,False
2,80,reel30__0,1420,N,False
2,80,reel30__7,1420,N,False
2,80,reel50__6,1420,N,False
2,80,bot51__6,1420,N,False
2,170,239,1420,N,False
2,56,239,1420,N,False
2,67,239,1420,N,False
2,21,239,1420,N,False
2,0,239,1420,N,False
2,323,239,1420,N,False
2,223,239,1420,N,False
2,26,239,1420,N,False
2,231,239,1420,N,False
2,303,239,1420,N,False
2,252,239,1420,N,False
2,56,13,1420,N,False
2,67,13,1420,N,False
2,21,13,1420,N,False
2,0,13,1420,N,False
2,223,13,1420,N,False
2,26,13,1420,N,False
2,252,13,1420,N,False
2,170,342,1420,N,False
2,56,342,1420,N,False
2,67,342,1420,N,False
2,21,342,1420,N,False
2,0,342,1420,N,False
2,223,342,1420,N,False
2,252,342,1420,N,False
2,170,200,1420,N,False
2,56,200,1420,N,False
2,67,200,1420,N,False
2,21,200,1420,N,False
2,0,200,1420,N,False
2,223,200,1420,N,False
2,26,200,1420,N,False
2,323,200,1420,N,False
2,252,200,1420,N,False
2,53,191,1420,N,False
2,0,191,1420,N,False
2,53,54,1420,N,False
2,1,54,1420,N,False
2,0,54,1420,N,False
2,53,130,1420,N,False
2,0,130,1420,N,False
2,53,146,1420,N,False
2,0,146,1420,N,False
2,53,reel3__1,1420,N,False
2,53,reel9__8,1420,N,False
2,bot16__0,bot21__8,1420,N,False
2,53,bot21__8,1420,N,False
2,53,bot23__1,1420,N,False
2,53,reel31__3,1420,N,False
2,53,reel31__7,1420,N,False
2,5,316,1420,N,False
2,0,316,1420,N,False
2,5,bot33__0,1420,N,False
2,5,reel67__2,1420,N,False
2,reel52__6,reel0__7,1420,N,False
2,67,69,1420,N,False
2,105,69,1420,N,False
2,0,69,1420,N,False
2,26,69,1420,N,False
2,105,119,1420,N,False
2,170,119,1420,N,False
2,56,119,1420,N,False
2,67,119,1420,N,False
2,21,119,1420,N,False
2,1,119,1420,N,False
2,0,119,1420,N,False
2,26,119,1420,N,False
2,323,119,1420,N,False
2,128,119,1420,N,False
2,252,119,1420,N,False
2,231,reel38__6,1420,N,False
2,105,reel38__6,1420,N,False
2,105,bot39__9,1420,N,False
2,105,reel46__0,1420,N,False
2,170,82,1420,N,False
2,56,82,1420,N,False
2,67,82,1420,N,False
2,0,82,1420,N,False
2,231,82,1420,N,False
2,252,82,1420,N,False
2,231,29,1420,N,False
2,252,29,1420,N,False
2,0,29,1420,N,False
2,231,106,1420,N,False
2,0,106,1420,N,False
2,231,77,1420,N,False
2,0,77,1420,N,False
2,231,bot1__9,1420,N,False
2,231,bot4__2,1420,N,False
2,231,reel8__1,1420,N,False
2,231,bot20__4,1420,N,False
2,231,reel40__8,1420,N,False
2,56,212,1420,N,False
2,67,212,1420,N,False
2,21,212,1420,N,False
2,0,212,1420,N,False
2,26,212,1420,N,False
2,252,212,1420,N,False
2,56,297,1420,N,False
2,67,297,1420,N,False
2,21,297,1420,N,False
2,0,297,1420,N,False
2,26,297,1420,N,False
2,323,297,1420,N,False
2,252,297,1420,N,False
2,56,66,1420,N,False
2,67,66,1420,N,False
2,21,66,1420,N,False
2,0,66,1420,N,False
2,26,66,1420,N,False
2,252,66,1420,N,False
2,56,134,1420,N,False
2,67,134,1420,N,False
2,21,134,1420,N,False
2,0,134,1420,N,False
2,26,134,1420,N,False
2,252,134,1420,N,False
2,67,344,1420,N,False
2,0,344,1420,N,False
2,56,72,1420,N,False
2,67,72,1420,N,False
2,0,72,1420,N,False
2,26,72,1420,N,False
2,252,72,1420,N,False
2,67,79,1420,N,False
2,252,79,1420,N,False
2,0,79,1420,N,False
2,26,79,1420,N,False
2,56,118,1420,N,False
2,67,118,1420,N,False
2,0,118,1420,N,False
2,26,118,1420,N,False
2,252,118,1420,N,False
2,67,reel13__7,1420,N,False
2,67,bot17__7,1420,N,False
2,67,bot30__7,1420,N,False
2,67,reel31__9,1420,N,False
2,67,reel46__3,1420,N,False
2,21,284,1420,N,False
2,0,284,1420,N,False
2,21,251,1420,N,False
2,0,251,1420,N,False
2,21,197,1420,N,False
2,0,197,1420,N,False
2,reel7__3,bot36__2,1420,N,False
2,bot16__0,bot4__8,1420,N,False
2,bot16__0,bot56__8,1420,N,False
2,302,reel26__0,1420,N,False
2,302,bot54__4,1420,N,False
2,323,341,1420,N,False
2,56,341,1420,N,False
2,0,341,1420,N,False
2,170,341,1420,N,False
2,170,reel0__0,1420,N,False
2,170,reel16__2,1420,N,False
2,170,bot51__2,1420,N,False
2,323,103,1420,N,False
2,56,103,1420,N,False
2,252,103,1420,N,False
2,0,103,1420,N,False
2,56,59,1420,N,False
2,252,59,1420,N,False
2,0,59,1420,N,False
2,252,reel6__9,1420,N,False
2,252,reel15__7,1420,N,False
2,56,30,1420,N,False
2,303,30,1420,N,False
2,0,30,1420,N,False
2,56,221,1420,N,False
2,303,221,1420,N,False
2,0,221,1420,N,False
2,56,298,1420,N,False
2,0,298,1420,N,False
2,26,298,1420,N,False
2,56,60,1420,N,False
2,0,60,1420,N,False
2,56,222,1420,N,False
2,0,222,1420,N,False
2,56,bot46__2,1420,N,False
2,1,bot2__5,1420,N,False
2,1,reel2__3,1420,N,False
2,1,bot4__9,1420,N,False
2,1,reel67__6,1420,N,False
2,0,175,1420,N,False
2,0,46,1420,N,False
2,0,116,1420,N,False
2,0,270,1420,N,False
2,0,76,1420,N,False
2,0,273,1420,N,False
2,0,83,1420,N,False
2,0,28,1420,N,False
2,0,307,1420,N,False
2,0,168,1420,N,False
2,0,38,1420,N,False
2,0,64,1420,N,False
2,0,144,1420,N,False
2,0,149,1420,N,False
2,0,326,1420,N,False
2,0,49,1420,N,False
2,0,137,1420,N,False
2,0,115,1420,N,False
2,0,14,1420,N,False
2,0,310,1420,N,False
2,0,32,1420,N,False
2,0,237,1420,N,False
2,0,311,1420,N,False
2,0,230,1420,N,False
2,0,228,1420,N,False
2,0,81,1420,N,False
2,0,174,1420,N,False
2,0,2,1420,N,False
2,0,263,1420,N,False
2,0,51,1420,N,False
2,0,218,1420,N,False
2,0,314,1420,N,False
2,0,243,1420,N,False
2,0,195,1420,N,False
2,0,181,1420,N,False
2,0,245,1420,N,False
2,0,129,1420,N,False
2,0,328,1420,N,False
2,128,150,1420,N,False
2,0,150,1420,N,False
2,0,99,1420,N,False
2,249,163,1420,N,False
2,0,163,1420,N,False
2,0,177,1420,N,False
2,0,259,1420,N,False
2,0,58,1420,N,False
2,0,227,1420,N,False
2,0,61,1420,N,False
2,0,41,1420,N,False
2,0,6,1420,N,False
2,0,301,1420,N,False
2,0,337,1420,N,False
2,0,264,1420,N,False
2,0,225,1420,N,False
2,0,86,1420,N,False
2,0,321,1420,N,False
2,0,131,1420,N,False
2,0,22,1420,N,False
2,0,234,1420,N,False
2,0,44,1420,N,False
2,0,50,1420,N,False
2,0,193,1420,N,False
2,0,216,1420,N,False
2,0,151,1420,N,False
2,0,145,1420,N,False
2,0,157,1420,N,False
2,0,327,1420,N,False
2,0,120,1420,N,False
2,0,190,1420,N,False
2,0,256,1420,N,False
2,0,166,1420,N,False
2,0,155,1420,N,False
2,0,229,1420,N,False
2,0,138,1420,N,False
2,0,153,1420,N,False
2,0,198,1420,N,False
2,0,241,1420,N,False
2,0,294,1420,N,False
2,0,267,1420,N,False
2,0,205,1420,N,False
2,133,183,1420,N,False
2,0,183,1420,N,False
2,303,reel20__8,1420,N,False
2,0,reel20__8,1420,N,False
2,26,reel55__8,1420,N,False
2,26,bot56__4,1420,N,False
2,133,reel1__1,1420,N,False
2,133,reel65__6,1420,N,False
2,323,bot24__2,1420,N,False
2,128,reel11__8,1420,N,False
2,128,reel51__0,1420,N,False
2,303,reel36__2,1420,N,False
2,303,reel60__3,1420,N,False
2,249,reel23__8,1420,N,False
2,249,bot34__3,1420,N,False
2,249,reel35__2,1420,N,False
2,249,reel54__2,1420,N,False
2,bot42__6,bot9__7,1421,N,False
2,bot42__6,bot38__2,1421,N,False
2,bot42__6,bot64__6,1421,N,False
2,reel49__5,109,1421,N,False
2,reel49__5,bot63__8,1421,N,False
2,bot15__1,reel2__9,1421,N,False
2,reel4__7,reel59__5,1421,N,False
2,bot7__3,reel4__9,1421,N,False
2,bot7__3,reel1__7,1421,N,False
2,bot7__3,bot16__3,1421,N,False
2,bot7__3,bot17__9,1421,N,False
2,321,175,1421,N,False
2,321,0,1421,N,False
2,301,0,1421,N,False
2,321,bot15__6,1421,N,False
2,321,bot16__7,1421,N,False
2,321,bot17__3,1421,N,False
2,321,reel32__9,1421,N,False
2,321,bot71__5,1421,N,False
2,reel31__3,53,1421,N,False
2,reel31__3,reel0__5,1421,N,False
2,reel31__3,reel42__0,1421,N,False
2,bot11__2,reel0__9,1421,N,False
2,bot11__2,29,1421,N,False
2,301,47,1421,N,False
2,301,bot28__0,1421,N,False
2,301,bot38__9,1421,N,False
2,reel20__0,177,1421,N,False
2,reel20__0,reel10__2,1421,N,False
2,reel20__0,reel24__9,1421,N,False
2,reel20__0,bot25__6,1421,N,False
2,reel20__0,bot47__7,1421,N,False
2,reel20__0,reel49__0,1421,N,False
2,reel43__3,reel9__3,1422,N,False
2,bot14__5,reel10__0,1422,N,False
2,bot14__5,157,1422,N,False
2,bot14__5,bot28__5,1422,N,False
2,reel2__5,bot28__5,1422,N,False
2,bot14__5,bot32__7,1422,N,False
2,bot14__5,bot50__5,1422,N,False
2,88,bot8__9,1422,N,False
2,51,bot8__9,1422,N,False
2,51,bot21__1,1422,N,False
2,51,reel32__8,1422,N,False
2,88,186,1422,N,False
2,25,186,1422,N,False
2,88,56,1422,N,False
2,25,56,1422,N,False
2,88,126,1422,N,False
2,88,48,1422,N,False
2,88,178,1422,N,False
2,88,236,1422,N,False
2,84,236,1422,N,False
2,25,236,1422,N,False
2,88,1,1422,N,False
2,88,106,1422,N,False
2,88,130,1422,N,False
2,25,130,1422,N,False
2,88,322,1422,N,False
2,25,322,1422,N,False
2,88,80,1422,N,False
2,88,303,1422,N,False
2,88,336,1422,N,False
2,25,336,1422,N,False
2,84,82,1422,N,False
2,84,313,1422,N,False
2,84,bot5__3,1422,N,False
2,84,bot12__0,1422,N,False
2,84,reel17__2,1422,N,False
2,84,reel29__7,1422,N,False
2,bot59__2,bot55__6,1422,N,False
2,reel2__5,13,1422,N,False
2,234,239,1422,N,False
2,25,239,1422,N,False
2,234,reel8__9,1422,N,False
2,234,bot17__1,1422,N,False
2,234,reel29__4,1422,N,False
2,234,bot44__5,1422,N,False
2,23,116,1422,N,False
2,23,227,1422,N,False
2,23,144,1422,N,False
2,23,175,1422,N,False
2,23,245,1422,N,False
2,23,240,1422,N,False
2,23,bot31__4,1422,N,False
2,reel23__0,reel17__3,1422,N,False
2,reel23__0,reel34__4,1422,N,False
2,25,323,1422,N,False
2,25,203,1422,N,False
2,25,288,1422,N,False
2,25,291,1422,N,False
2,25,176,1422,N,False
2,25,188,1422,N,False
2,25,231,1422,N,False
2,25,76,1422,N,False
2,25,257,1422,N,False
2,25,104,1422,N,False
2,25,69,1422,N,False
2,25,72,1422,N,False
2,25,113,1422,N,False
2,25,185,1422,N,False
2,25,122,1422,N,False
2,25,67,1422,N,False
2,25,283,1422,N,False
2,25,40,1422,N,False
2,25,9,1422,N,False
2,25,39,1422,N,False
2,25,98,1422,N,False
2,25,79,1422,N,False
2,25,105,1422,N,False
2,25,65,1422,N,False
2,25,270,1422,N,False
2,25,221,1422,N,False
2,25,26,1422,N,False
2,25,reel26__7,1422,N,False
2,341,274,1423,N,False
2,0,274,1423,N,False
2,341,9,1423,N,False
2,0,9,1423,N,False
2,341,323,1423,N,False
2,0,323,1423,N,False
2,341,56,1423,N,False
2,0,56,1423,N,False
2,341,304,1423,N,False
2,0,304,1423,N,False
2,341,203,1423,N,False
2,0,203,1423,N,False
2,341,62,1423,N,False
2,0,62,1423,N,False
2,341,bot0__8,1423,N,False
2,341,reel7__2,1423,N,False
2,341,reel15__7,1423,N,False
2,341,reel38__9,1423,N,False
2,71,reel3__0,1423,N,False
2,71,bot5__1,1423,N,False
2,71,reel35__6,1423,N,False
2,0,236,1423,N,False
2,0,122,1423,N,False
2,0,285,1423,N,False
2,0,346,1423,N,False
2,0,271,1423,N,False
2,0,130,1423,N,False
2,0,329,1423,N,False
2,0,204,1423,N,False
2,0,53,1423,N,False
2,0,3,1423,N,False
2,0,46,1423,N,False
2,0,231,1423,N,False
2,0,127,1423,N,False
2,0,23,1423,N,False
2,230,23,1423,N,False
2,0,116,1423,N,False
2,0,299,1423,N,False
2,0,288,1423,N,False
2,0,315,1423,N,False
2,0,119,1423,N,False
2,0,48,1423,N,False
2,0,98,1423,N,False
2,0,313,1423,N,False
2,0,67,1423,N,False
2,0,118,1423,N,False
2,0,277,1423,N,False
2,0,76,1423,N,False
2,0,36,1423,N,False
2,0,88,1423,N,False
2,0,339,1423,N,False
2,0,169,1423,N,False
2,0,275,1423,N,False
2,0,242,1423,N,False
2,0,20,1423,N,False
2,0,207,1423,N,False
2,0,168,1423,N,False
2,0,308,1423,N,False
2,0,128,1423,N,False
2,0,158,1423,N,False
2,0,38,1423,N,False
2,0,54,1423,N,False
2,0,291,1423,N,False
2,0,142,1423,N,False
2,0,232,1423,N,False
2,0,64,1423,N,False
2,0,248,1423,N,False
2,0,126,1423,N,False
2,0,283,1423,N,False
2,0,144,1423,N,False
2,0,25,1423,N,False
2,0,1,1423,N,False
2,0,184,1423,N,False
2,0,149,1423,N,False
2,0,59,1423,N,False
2,0,80,1423,N,False
2,0,187,1423,N,False
2,0,66,1423,N,False
2,0,49,1423,N,False
2,0,85,1423,N,False
2,0,123,1423,N,False
2,0,284,1423,N,False
2,0,171,1423,N,False
2,0,310,1423,N,False
2,0,32,1423,N,False
2,0,222,1423,N,False
2,0,92,1423,N,False
2,0,72,1423,N,False
2,0,212,1423,N,False
2,0,311,1423,N,False
2,0,39,1423,N,False
2,0,228,1423,N,False
2,0,69,1423,N,False
2,0,303,1423,N,False
2,0,286,1423,N,False
2,0,174,1423,N,False
2,0,347,1423,N,False
2,0,2,1423,N,False
2,0,281,1423,N,False
2,0,263,1423,N,False
2,0,51,1423,N,False
2,0,338,1423,N,False
2,0,75,1423,N,False
2,0,218,1423,N,False
2,0,5,1423,N,False
2,0,181,1423,N,False
2,0,129,1423,N,False
2,0,328,1423,N,False
2,0,150,1423,N,False
2,0,101,1423,N,False
2,0,99,1423,N,False
2,0,163,1423,N,False
2,0,165,1423,N,False
2,0,121,1423,N,False
2,0,177,1423,N,False
2,0,87,1423,N,False
2,0,189,1423,N,False
2,0,259,1423,N,False
2,0,58,1423,N,False
2,0,167,1423,N,False
2,0,93,1423,N,False
2,0,6,1423,N,False
2,0,79,1423,N,False
2,0,208,1423,N,False
2,0,132,1423,N,False
2,0,301,1423,N,False
2,0,337,1423,N,False
2,0,264,1423,N,False
2,0,225,1423,N,False
2,0,86,1423,N,False
2,0,295,1423,N,False
2,0,160,1423,N,False
2,0,68,1423,N,False
2,0,298,1423,N,False
2,0,234,1423,N,False
2,0,44,1423,N,False
2,0,50,1423,N,False
2,0,97,1423,N,False
2,230,97,1423,N,False
2,0,90,1423,N,False
2,0,179,1423,N,False
2,0,151,1423,N,False
2,0,157,1423,N,False
2,0,327,1423,N,False
2,0,95,1423,N,False
2,0,120,1423,N,False
2,0,319,1423,N,False
2,0,256,1423,N,False
2,0,202,1423,N,False
2,0,191,1423,N,False
2,0,229,1423,N,False
2,0,164,1423,N,False
2,0,240,1423,N,False
2,0,77,1423,N,False
2,0,154,1423,N,False
2,0,182,1423,N,False
2,0,294,1423,N,False
2,0,316,1423,N,False
2,0,47,1423,N,False
2,0,34,1423,N,False
2,0,35,1423,N,False
2,0,reel20__8,1423,N,False
2,bot53__2,reel45__7,1423,N,False
2,230,bot36__5,1423,N,False
2,230,reel46__1,1423,N,False
2,230,reel67__4,1423,N,False
2,reel53__1,reel42__1,1423,N,False
2,reel3__9,169,1424,N,False
2,0,169,1424,N,False
2,271,169,1424,N,False
2,26,169,1424,N,False
2,185,169,1424,N,False
2,9,169,1424,N,False
2,25,169,1424,N,False
2,reel3__9,bot11__4,1424,N,False
2,reel3__9,reel29__1,1424,N,False
2,reel3__9,reel44__0,1424,N,False
2,reel3__9,bot51__5,1424,N,False
2,reel12__1,bot20__5,1424,N,False
2,reel12__1,reel45__7,1424,N,False
2,reel12__1,reel52__3,1424,N,False
2,119,323,1424,N,False
2,0,323,1424,N,False
2,271,323,1424,N,False
2,26,323,1424,N,False
2,188,323,1424,N,False
2,9,323,1424,N,False
2,25,323,1424,N,False
2,119,339,1424,N,False
2,0,339,1424,N,False
2,119,48,1424,N,False
2,271,48,1424,N,False
2,0,48,1424,N,False
2,119,170,1424,N,False
2,0,170,1424,N,False
2,271,170,1424,N,False
2,26,170,1424,N,False
2,188,170,1424,N,False
2,185,170,1424,N,False
2,9,170,1424,N,False
2,25,170,1424,N,False
2,119,109,1424,N,False
2,271,109,1424,N,False
2,0,109,1424,N,False
2,26,109,1424,N,False
2,119,39,1424,N,False
2,0,39,1424,N,False
2,25,39,1424,N,False
2,119,199,1424,N,False
2,0,199,1424,N,False
2,271,199,1424,N,False
2,26,199,1424,N,False
2,9,199,1424,N,False
2,25,199,1424,N,False
2,119,318,1424,N,False
2,271,318,1424,N,False
2,0,318,1424,N,False
2,119,313,1424,N,False
2,271,313,1424,N,False
2,0,313,1424,N,False
2,26,313,1424,N,False
2,119,56,1424,N,False
2,0,56,1424,N,False
2,271,56,1424,N,False
2,26,56,1424,N,False
2,188,56,1424,N,False
2,185,56,1424,N,False
2,9,56,1424,N,False
2,25,56,1424,N,False
2,119,113,1424,N,False
2,0,113,1424,N,False
2,271,113,1424,N,False
2,26,113,1424,N,False
2,188,113,1424,N,False
2,9,113,1424,N,False
2,25,113,1424,N,False
2,119,122,1424,N,False
2,0,122,1424,N,False
2,271,122,1424,N,False
2,26,122,1424,N,False
2,188,122,1424,N,False
2,9,122,1424,N,False
2,25,122,1424,N,False
2,119,239,1424,N,False
2,0,239,1424,N,False
2,271,239,1424,N,False
2,26,239,1424,N,False
2,188,239,1424,N,False
2,25,239,1424,N,False
2,119,21,1424,N,False
2,0,21,1424,N,False
2,271,21,1424,N,False
2,26,21,1424,N,False
2,188,21,1424,N,False
2,9,21,1424,N,False
2,25,21,1424,N,False
2,119,280,1424,N,False
2,0,280,1424,N,False
2,271,280,1424,N,False
2,26,280,1424,N,False
2,188,280,1424,N,False
2,185,280,1424,N,False
2,9,280,1424,N,False
2,25,280,1424,N,False
2,119,82,1424,N,False
2,271,82,1424,N,False
2,0,82,1424,N,False
2,119,325,1424,N,False
2,0,325,1424,N,False
2,271,325,1424,N,False
2,26,325,1424,N,False
2,25,325,1424,N,False
2,119,50,1424,N,False
2,0,50,1424,N,False
2,reel11__1,1,1424,N,False
2,119,1,1424,N,False
2,0,1,1424,N,False
2,119,189,1424,N,False
2,0,189,1424,N,False
2,119,150,1424,N,False
2,0,150,1424,N,False
2,119,27,1424,N,False
2,0,27,1424,N,False
2,119,163,1424,N,False
2,0,163,1424,N,False
2,119,229,1424,N,False
2,0,229,1424,N,False
2,119,203,1424,N,False
2,0,203,1424,N,False
2,271,203,1424,N,False
2,26,203,1424,N,False
2,9,203,1424,N,False
2,25,203,1424,N,False
2,119,98,1424,N,False
2,0,98,1424,N,False
2,271,98,1424,N,False
2,26,98,1424,N,False
2,25,98,1424,N,False
2,119,100,1424,N,False
2,0,100,1424,N,False
2,119,105,1424,N,False
2,9,105,1424,N,False
2,0,105,1424,N,False
2,25,105,1424,N,False
2,119,146,1424,N,False
2,0,146,1424,N,False
2,119,reel12__7,1424,N,False
2,119,reel20__7,1424,N,False
2,119,reel40__6,1424,N,False
2,119,bot46__6,1424,N,False
2,25,236,1424,N,False
2,271,236,1424,N,False
2,0,236,1424,N,False
2,26,236,1424,N,False
2,0,24,1424,N,False
2,0,346,1424,N,False
2,0,130,1424,N,False
2,25,130,1424,N,False
2,0,204,1424,N,False
2,0,65,1424,N,False
2,25,65,1424,N,False
2,0,276,1424,N,False
2,271,276,1424,N,False
2,26,276,1424,N,False
2,9,276,1424,N,False
2,25,276,1424,N,False
2,0,84,1424,N,False
2,25,84,1424,N,False
2,0,62,1424,N,False
2,26,62,1424,N,False
2,0,322,1424,N,False
2,271,322,1424,N,False
2,26,322,1424,N,False
2,188,322,1424,N,False
2,185,322,1424,N,False
2,9,322,1424,N,False
2,25,322,1424,N,False
2,0,53,1424,N,False
2,0,3,1424,N,False
2,26,3,1424,N,False
2,188,3,1424,N,False
2,9,3,1424,N,False
2,25,3,1424,N,False
2,0,175,1424,N,False
2,0,46,1424,N,False
2,0,254,1424,N,False
2,0,194,1424,N,False
2,9,231,1424,N,False
2,0,231,1424,N,False
2,25,231,1424,N,False
2,0,116,1424,N,False
2,0,288,1424,N,False
2,25,288,1424,N,False
2,0,315,1424,N,False
2,271,315,1424,N,False
2,26,315,1424,N,False
2,188,315,1424,N,False
2,185,315,1424,N,False
2,9,315,1424,N,False
2,0,57,1424,N,False
2,271,63,1424,N,False
2,0,63,1424,N,False
2,9,134,1424,N,False
2,0,134,1424,N,False
2,26,134,1424,N,False
2,0,270,1424,N,False
2,25,270,1424,N,False
2,0,76,1424,N,False
2,25,76,1424,N,False
2,0,36,1424,N,False
2,188,223,1424,N,False
2,271,223,1424,N,False
2,0,223,1424,N,False
2,26,223,1424,N,False
2,188,274,1424,N,False
2,185,274,1424,N,False
2,0,274,1424,N,False
2,0,88,1424,N,False
2,25,88,1424,N,False
2,0,83,1424,N,False
2,25,83,1424,N,False
2,0,312,1424,N,False
2,0,214,1424,N,False
2,0,333,1424,N,False
2,0,207,1424,N,False
2,0,168,1424,N,False
2,0,141,1424,N,False
2,271,141,1424,N,False
2,26,141,1424,N,False
2,9,141,1424,N,False
2,25,141,1424,N,False
2,0,345,1424,N,False
2,0,317,1424,N,False
2,0,38,1424,N,False
2,0,302,1424,N,False
2,0,232,1424,N,False
2,271,232,1424,N,False
2,26,232,1424,N,False
2,9,232,1424,N,False
2,25,232,1424,N,False
2,0,224,1424,N,False
2,271,224,1424,N,False
2,26,224,1424,N,False
2,188,224,1424,N,False
2,9,224,1424,N,False
2,25,224,1424,N,False
2,0,144,1424,N,False
2,0,184,1424,N,False
2,0,159,1424,N,False
2,0,149,1424,N,False
2,271,59,1424,N,False
2,0,59,1424,N,False
2,0,17,1424,N,False
2,0,80,1424,N,False
2,271,161,1424,N,False
2,9,161,1424,N,False
2,0,161,1424,N,False
2,26,161,1424,N,False
2,9,66,1424,N,False
2,0,66,1424,N,False
2,26,66,1424,N,False
2,0,136,1424,N,False
2,0,255,1424,N,False
2,0,49,1424,N,False
2,0,320,1424,N,False
2,0,284,1424,N,False
2,0,137,1424,N,False
2,0,343,1424,N,False
2,0,104,1424,N,False
2,271,104,1424,N,False
2,26,104,1424,N,False
2,188,104,1424,N,False
2,25,104,1424,N,False
2,0,310,1424,N,False
2,0,32,1424,N,False
2,188,30,1424,N,False
2,271,30,1424,N,False
2,9,30,1424,N,False
2,0,30,1424,N,False
2,0,222,1424,N,False
2,0,72,1424,N,False
2,271,72,1424,N,False
2,26,72,1424,N,False
2,9,72,1424,N,False
2,25,72,1424,N,False
2,271,212,1424,N,False
2,0,212,1424,N,False
2,26,212,1424,N,False
2,0,278,1424,N,False
2,0,237,1424,N,False
2,25,237,1424,N,False
2,0,311,1424,N,False
2,0,309,1424,N,False
2,0,330,1424,N,False
2,0,230,1424,N,False
2,0,10,1424,N,False
2,0,228,1424,N,False
2,25,69,1424,N,False
2,9,69,1424,N,False
2,0,69,1424,N,False
2,26,69,1424,N,False
2,188,258,1424,N,False
2,9,258,1424,N,False
2,0,258,1424,N,False
2,0,303,1424,N,False
2,0,81,1424,N,False
2,0,174,1424,N,False
2,0,293,1424,N,False
2,0,33,1424,N,False
2,0,42,1424,N,False
2,0,347,1424,N,False
2,0,2,1424,N,False
2,0,281,1424,N,False
2,0,51,1424,N,False
2,25,51,1424,N,False
2,271,314,1424,N,False
2,0,314,1424,N,False
2,0,5,1424,N,False
2,0,192,1424,N,False
2,0,195,1424,N,False
2,0,181,1424,N,False
2,0,8,1424,N,False
2,0,245,1424,N,False
2,0,129,1424,N,False
2,0,328,1424,N,False
2,0,101,1424,N,False
2,0,173,1424,N,False
2,188,165,1424,N,False
2,0,165,1424,N,False
2,0,121,1424,N,False
2,0,306,1424,N,False
2,0,87,1424,N,False
2,0,60,1424,N,False
2,0,259,1424,N,False
2,0,227,1424,N,False
2,0,96,1424,N,False
2,0,61,1424,N,False
2,0,93,1424,N,False
2,0,6,1424,N,False
2,0,107,1424,N,False
2,0,221,1424,N,False
2,25,221,1424,N,False
2,0,301,1424,N,False
2,0,337,1424,N,False
2,0,225,1424,N,False
2,0,86,1424,N,False
2,0,201,1424,N,False
2,0,289,1424,N,False
2,185,22,1424,N,False
2,0,22,1424,N,False
2,271,298,1424,N,False
2,0,298,1424,N,False
2,26,298,1424,N,False
2,0,262,1424,N,False
2,0,234,1424,N,False
2,0,44,1424,N,False
2,0,97,1424,N,False
2,0,124,1424,N,False
2,0,112,1424,N,False
2,0,179,1424,N,False
2,0,151,1424,N,False
2,0,145,1424,N,False
2,0,157,1424,N,False
2,0,4,1424,N,False
2,0,120,1424,N,False
2,0,247,1424,N,False
2,0,319,1424,N,False
2,0,256,1424,N,False
2,0,202,1424,N,False
2,0,155,1424,N,False
2,0,77,1424,N,False
2,0,154,1424,N,False
2,0,182,1424,N,False
2,0,294,1424,N,False
2,0,253,1424,N,False
2,0,183,1424,N,False
2,185,reel17__9,1424,N,False
2,185,reel26__9,1424,N,False
2,271,bot5__5,1424,N,False
2,271,reel6__2,1424,N,False
2,271,bot10__5,1424,N,False
2,271,bot24__4,1424,N,False
2,271,reel46__0,1424,N,False
2,271,bot65__9,1424,N,False
2,reel27__0,bot31__8,1424,N,False
2,reel27__0,reel34__4,1424,N,False
2,reel27__0,reel61__3,1424,N,False
2,26,bot43__4,1424,N,False
2,26,reel55__8,1424,N,False
2,26,reel62__3,1424,N,False
2,reel11__1,reel26__1,1424,N,False
2,reel11__1,reel42__2,1424,N,False
2,reel11__1,bot67__2,1424,N,False
2,188,bot1__1,1424,N,False
2,188,bot17__5,1424,N,False
2,9,bot3__1,1424,N,False
2,9,bot3__4,1424,N,False
2,9,reel4__9,1424,N,False
2,9,bot24__8,1424,N,False
2,9,reel35__8,1424,N,False
2,9,bot43__5,1424,N,False
2,9,reel63__4,1424,N,False
2,bot17__3,reel5__0,1425,N,False
2,bot17__3,121,1425,N,False
2,0,121,1425,N,False
2,bot17__3,bot31__4,1425,N,False
2,175,263,1425,N,False
2,0,263,1425,N,False
2,175,19,1425,N,False
2,0,19,1425,N,False
2,175,68,1425,N,False
2,0,68,1425,N,False
2,175,177,1425,N,False
2,0,177,1425,N,False
2,175,277,1425,N,False
2,0,277,1425,N,False
2,175,86,1425,N,False
2,0,86,1425,N,False
2,175,102,1425,N,False
2,0,102,1425,N,False
2,175,227,1425,N,False
2,0,227,1425,N,False
2,175,bot13__3,1425,N,False
2,175,bot13__9,1425,N,False
2,175,reel64__5,1425,N,False
2,reel66__8,147,1425,N,False
2,0,147,1425,N,False
2,reel66__8,reel68__2,1425,N,False
2,0,236,1425,N,False
2,0,346,1425,N,False
2,0,271,1425,N,False
2,0,304,1425,N,False
2,0,9,1425,N,False
2,0,65,1425,N,False
2,reel10__7,26,1425,N,False
2,0,26,1425,N,False
2,0,272,1425,N,False
2,0,211,1425,N,False
2,0,84,1425,N,False
2,0,62,1425,N,False
2,0,239,1425,N,False
2,0,322,1425,N,False
2,0,53,1425,N,False
2,0,170,1425,N,False
2,0,56,1425,N,False
2,0,254,1425,N,False
2,0,231,1425,N,False
2,0,117,1425,N,False
2,0,135,1425,N,False
2,0,116,1425,N,False
2,0,73,1425,N,False
2,0,288,1425,N,False
2,0,315,1425,N,False
2,0,323,1425,N,False
2,0,57,1425,N,False
2,0,98,1425,N,False
2,0,313,1425,N,False
2,0,63,1425,N,False
2,0,325,1425,N,False
2,0,134,1425,N,False
2,0,76,1425,N,False
2,0,223,1425,N,False
2,0,339,1425,N,False
2,0,197,1425,N,False
2,0,169,1425,N,False
2,0,275,1425,N,False
2,0,83,1425,N,False
2,0,214,1425,N,False
2,0,20,1425,N,False
2,0,307,1425,N,False
2,0,71,1425,N,False
2,0,207,1425,N,False
2,0,168,1425,N,False
2,0,308,1425,N,False
2,0,341,1425,N,False
2,0,128,1425,N,False
2,0,141,1425,N,False
2,0,78,1425,N,False
2,0,345,1425,N,False
2,0,317,1425,N,False
2,0,302,1425,N,False
2,0,109,1425,N,False
2,reel10__7,291,1425,N,False
2,0,291,1425,N,False
2,0,142,1425,N,False
2,0,64,1425,N,False
2,0,248,1425,N,False
2,0,144,1425,N,False
2,0,342,1425,N,False
2,0,300,1425,N,False
2,0,1,1425,N,False
2,0,184,1425,N,False
2,0,159,1425,N,False
2,0,59,1425,N,False
2,0,326,1425,N,False
2,0,66,1425,N,False
2,0,49,1425,N,False
2,0,320,1425,N,False
2,0,284,1425,N,False
2,0,140,1425,N,False
2,0,115,1425,N,False
2,0,324,1425,N,False
2,0,310,1425,N,False
2,0,32,1425,N,False
2,0,92,1425,N,False
2,0,72,1425,N,False
2,0,40,1425,N,False
2,0,212,1425,N,False
2,0,340,1425,N,False
2,0,237,1425,N,False
2,0,309,1425,N,False
2,0,230,1425,N,False
2,163,249,1425,N,False
2,0,249,1425,N,False
2,0,39,1425,N,False
2,0,251,1425,N,False
2,0,10,1425,N,False
2,0,228,1425,N,False
2,0,69,1425,N,False
2,0,303,1425,N,False
2,0,81,1425,N,False
2,0,174,1425,N,False
2,0,293,1425,N,False
2,0,347,1425,N,False
2,0,2,1425,N,False
2,0,281,1425,N,False
2,0,51,1425,N,False
2,0,338,1425,N,False
2,0,75,1425,N,False
2,0,218,1425,N,False
2,0,268,1425,N,False
2,0,314,1425,N,False
2,0,5,1425,N,False
2,0,181,1425,N,False
2,0,245,1425,N,False
2,0,129,1425,N,False
2,0,328,1425,N,False
2,163,150,1425,N,False
2,0,150,1425,N,False
2,0,101,1425,N,False
2,163,173,1425,N,False
2,0,173,1425,N,False
2,0,259,1425,N,False
2,0,96,1425,N,False
2,reel10__7,235,1425,N,False
2,0,235,1425,N,False
2,0,6,1425,N,False
2,0,89,1425,N,False
2,0,107,1425,N,False
2,0,79,1425,N,False
2,0,208,1425,N,False
2,0,221,1425,N,False
2,0,301,1425,N,False
2,0,106,1425,N,False
2,0,29,1425,N,False
2,0,337,1425,N,False
2,0,110,1425,N,False
2,0,148,1425,N,False
2,0,295,1425,N,False
2,0,201,1425,N,False
2,0,160,1425,N,False
2,0,22,1425,N,False
2,0,298,1425,N,False
2,0,193,1425,N,False
2,0,97,1425,N,False
2,0,179,1425,N,False
2,0,151,1425,N,False
2,0,145,1425,N,False
2,0,157,1425,N,False
2,0,327,1425,N,False
2,0,282,1425,N,False
2,0,256,1425,N,False
2,0,202,1425,N,False
2,0,155,1425,N,False
2,0,191,1425,N,False
2,0,240,1425,N,False
2,0,154,1425,N,False
2,0,198,1425,N,False
2,0,182,1425,N,False
2,0,294,1425,N,False
2,0,253,1425,N,False
2,0,316,1425,N,False
2,0,47,1425,N,False
2,0,reel20__8,1425,N,False
2,163,reel9__8,1425,N,False
2,163,reel23__8,1425,N,False
2,163,reel32__2,1425,N,False
2,reel10__7,bot26__4,1425,N,False
2,bot53__9,reel20__9,1425,N,False
2,bot53__9,reel21__2,1425,N,False
2,67,56,1426,N,False
2,67,141,1426,N,False
2,67,345,1426,N,False
2,67,212,1426,N,False
2,67,196,1426,N,False
2,67,297,1426,N,False
2,67,109,1426,N,False
2,67,290,1426,N,False
2,67,119,1426,N,False
2,67,9,1426,N,False
2,67,75,1426,N,False
2,67,200,1426,N,False
2,67,248,1426,N,False
2,67,272,1426,N,False
2,67,62,1426,N,False
2,67,239,1426,N,False
2,67,66,1426,N,False
2,67,134,1426,N,False
2,67,72,1426,N,False
2,67,304,1426,N,False
2,67,21,1426,N,False
2,67,79,1426,N,False
2,67,25,1426,N,False
2,67,303,1426,N,False
2,67,170,1426,N,False
2,67,199,1426,N,False
2,67,223,1426,N,False
2,67,236,1426,N,False
2,67,315,1426,N,False
2,67,98,1426,N,False
2,67,40,1426,N,False
2,67,122,1426,N,False
2,67,0,1426,N,False
2,67,bot12__8,1426,N,False
2,67,reel12__1,1426,N,False
2,67,reel13__7,1426,N,False
2,67,bot17__7,1426,N,False
2,67,bot23__6,1426,N,False
2,67,bot30__7,1426,N,False
2,67,reel46__3,1426,N,False
2,reel60__5,reel22__5,1426,N,False
2,reel60__5,144,1426,N,False
2,reel60__5,bot66__9,1426,N,False
2,reel64__7,reel9__9,1426,N,False
2,bot14__4,reel13__4,1426,N,False
2,reel64__7,reel13__4,1426,N,False
2,bot14__4,bot49__2,1426,N,False
2,reel7__4,28,1426,N,False
2,reel7__4,reel14__5,1426,N,False
2,reel7__4,reel41__0,1426,N,False
2,bot18__3,reel4__3,1426,N,False
2,bot13__5,reel9__2,1426,N,False
2,bot13__5,bot48__1,1426,N,False
2,reel61__0,reel7__0,1427,N,False
2,reel61__0,309,1427,N,False
2,0,309,1427,N,False
2,reel24__4,reel6__9,1427,N,False
2,reel24__4,reel42__3,1427,N,False
2,175,263,1427,N,False
2,0,263,1427,N,False
2,227,263,1427,N,False
2,68,263,1427,N,False
2,99,263,1427,N,False
2,175,321,1427,N,False
2,0,321,1427,N,False
2,175,23,1427,N,False
2,0,23,1427,N,False
2,227,23,1427,N,False
2,99,23,1427,N,False
2,175,277,1427,N,False
2,0,277,1427,N,False
2,175,reel0__7,1427,N,False
2,175,reel10__2,1427,N,False
2,175,bot13__3,1427,N,False
2,175,bot31__6,1427,N,False
2,175,bot47__4,1427,N,False
2,175,reel64__5,1427,N,False
2,227,bot24__5,1427,N,False
2,227,bot29__8,1427,N,False
2,227,reel43__6,1427,N,False
2,0,236,1427,N,False
2,0,122,1427,N,False
2,0,271,1427,N,False
2,0,130,1427,N,False
2,0,329,1427,N,False
2,0,204,1427,N,False
2,0,332,1427,N,False
2,0,239,1427,N,False
2,0,322,1427,N,False
2,0,170,1427,N,False
2,0,231,1427,N,False
2,0,127,1427,N,False
2,0,116,1427,N,False
2,0,73,1427,N,False
2,0,299,1427,N,False
2,0,288,1427,N,False
2,0,119,1427,N,False
2,0,323,1427,N,False
2,0,57,1427,N,False
2,0,98,1427,N,False
2,0,63,1427,N,False
2,0,344,1427,N,False
2,0,134,1427,N,False
2,0,36,1427,N,False
2,0,21,1427,N,False
2,0,197,1427,N,False
2,0,169,1427,N,False
2,0,273,1427,N,False
2,0,83,1427,N,False
2,0,242,1427,N,False
2,0,214,1427,N,False
2,0,20,1427,N,False
2,0,307,1427,N,False
2,0,207,1427,N,False
2,0,308,1427,N,False
2,0,341,1427,N,False
2,0,128,1427,N,False
2,0,334,1427,N,False
2,0,291,1427,N,False
2,0,142,1427,N,False
2,0,203,1427,N,False
2,0,232,1427,N,False
2,0,217,1427,N,False
2,0,248,1427,N,False
2,0,144,1427,N,False
2,0,25,1427,N,False
2,0,1,1427,N,False
2,0,184,1427,N,False
2,0,13,1427,N,False
2,0,59,1427,N,False
2,0,326,1427,N,False
2,0,80,1427,N,False
2,0,187,1427,N,False
2,0,136,1427,N,False
2,0,49,1427,N,False
2,0,320,1427,N,False
2,0,284,1427,N,False
2,0,115,1427,N,False
2,0,297,1427,N,False
2,0,310,1427,N,False
2,0,32,1427,N,False
2,0,72,1427,N,False
2,0,266,1427,N,False
2,0,311,1427,N,False
2,0,330,1427,N,False
2,0,249,1427,N,False
2,0,251,1427,N,False
2,0,55,1427,N,False
2,0,228,1427,N,False
2,0,156,1427,N,False
2,0,81,1427,N,False
2,0,174,1427,N,False
2,0,42,1427,N,False
2,0,347,1427,N,False
2,0,281,1427,N,False
2,0,51,1427,N,False
2,0,75,1427,N,False
2,0,218,1427,N,False
2,0,314,1427,N,False
2,0,5,1427,N,False
2,0,192,1427,N,False
2,0,181,1427,N,False
2,0,245,1427,N,False
2,0,129,1427,N,False
2,0,150,1427,N,False
2,0,101,1427,N,False
2,0,163,1427,N,False
2,0,121,1427,N,False
2,0,259,1427,N,False
2,0,45,1427,N,False
2,0,58,1427,N,False
2,0,6,1427,N,False
2,0,208,1427,N,False
2,0,221,1427,N,False
2,0,301,1427,N,False
2,0,29,1427,N,False
2,0,337,1427,N,False
2,0,100,1427,N,False
2,0,110,1427,N,False
2,0,264,1427,N,False
2,0,289,1427,N,False
2,0,260,1427,N,False
2,0,22,1427,N,False
2,0,298,1427,N,False
2,0,220,1427,N,False
2,0,112,1427,N,False
2,0,179,1427,N,False
2,0,145,1427,N,False
2,0,157,1427,N,False
2,0,327,1427,N,False
2,0,95,1427,N,False
2,0,120,1427,N,False
2,0,256,1427,N,False
2,0,202,1427,N,False
2,0,229,1427,N,False
2,0,138,1427,N,False
2,0,240,1427,N,False
2,0,153,1427,N,False
2,0,182,1427,N,False
2,0,294,1427,N,False
2,0,183,1427,N,False
2,0,52,1427,N,False
2,0,reel20__8,1427,N,False
2,bot35__4,reel5__2,1427,N,False
2,bot35__4,bot52__0,1427,N,False
2,177,reel3__3,1427,N,False
2,177,reel12__5,1427,N,False
2,177,reel20__9,1427,N,False
2,177,reel21__4,1427,N,False
2,177,bot46__3,1427,N,False
2,177,bot48__2,1427,N,False
2,reel30__1,bot38__7,1428,N,False
2,reel30__1,reel57__1,1428,N,False
2,0,122,1428,N,False
2,0,24,1428,N,False
2,0,346,1428,N,False
2,0,9,1428,N,False
2,0,130,1428,N,False
2,0,204,1428,N,False
2,0,332,1428,N,False
2,0,276,1428,N,False
2,0,26,1428,N,False
2,0,211,1428,N,False
2,0,62,1428,N,False
2,0,3,1428,N,False
2,0,170,1428,N,False
2,0,56,1428,N,False
2,0,194,1428,N,False
2,0,231,1428,N,False
2,0,127,1428,N,False
2,0,188,1428,N,False
2,0,23,1428,N,False
2,0,73,1428,N,False
2,0,299,1428,N,False
2,0,288,1428,N,False
2,0,119,1428,N,False
2,0,48,1428,N,False
2,0,57,1428,N,False
2,0,98,1428,N,False
2,0,313,1428,N,False
2,0,67,1428,N,False
2,0,118,1428,N,False
2,0,277,1428,N,False
2,0,134,1428,N,False
2,0,270,1428,N,False
2,0,223,1428,N,False
2,0,21,1428,N,False
2,0,339,1428,N,False
2,0,169,1428,N,False
2,0,83,1428,N,False
2,0,28,1428,N,False
2,0,214,1428,N,False
2,0,307,1428,N,False
2,0,71,1428,N,False
2,0,207,1428,N,False
2,0,168,1428,N,False
2,0,308,1428,N,False
2,0,341,1428,N,False
2,0,238,1428,N,False
2,0,265,1428,N,False
2,0,141,1428,N,False
2,0,345,1428,N,False
2,0,54,1428,N,False
2,0,139,1428,N,False
2,0,109,1428,N,False
2,0,291,1428,N,False
2,0,142,1428,N,False
2,0,203,1428,N,False
2,0,232,1428,N,False
2,0,248,1428,N,False
2,0,283,1428,N,False
2,0,146,1428,N,False
2,0,300,1428,N,False
2,0,1,1428,N,False
2,0,59,1428,N,False
2,0,17,1428,N,False
2,0,326,1428,N,False
2,0,80,1428,N,False
2,0,187,1428,N,False
2,0,161,1428,N,False
2,0,66,1428,N,False
2,0,136,1428,N,False
2,0,297,1428,N,False
2,0,324,1428,N,False
2,0,171,1428,N,False
2,0,310,1428,N,False
2,0,32,1428,N,False
2,0,92,1428,N,False
2,0,72,1428,N,False
2,0,40,1428,N,False
2,0,278,1428,N,False
2,0,237,1428,N,False
2,0,311,1428,N,False
2,0,230,1428,N,False
2,0,70,1428,N,False
2,0,39,1428,N,False
2,0,228,1428,N,False
2,0,113,1428,N,False
2,0,196,1428,N,False
2,0,303,1428,N,False
2,0,286,1428,N,False
2,0,81,1428,N,False
2,0,174,1428,N,False
2,0,33,1428,N,False
2,0,347,1428,N,False
2,0,2,1428,N,False
2,0,281,1428,N,False
2,0,263,1428,N,False
2,0,51,1428,N,False
2,0,162,1428,N,False
2,0,75,1428,N,False
2,0,314,1428,N,False
2,0,5,1428,N,False
2,0,243,1428,N,False
2,0,245,1428,N,False
2,0,331,1428,N,False
2,0,150,1428,N,False
2,0,99,1428,N,False
2,0,163,1428,N,False
2,0,173,1428,N,False
2,0,165,1428,N,False
2,0,121,1428,N,False
2,0,177,1428,N,False
2,0,87,1428,N,False
2,0,60,1428,N,False
2,0,259,1428,N,False
2,0,58,1428,N,False
2,0,227,1428,N,False
2,0,91,1428,N,False
2,0,6,1428,N,False
2,0,89,1428,N,False
2,0,221,1428,N,False
2,0,301,1428,N,False
2,0,337,1428,N,False
2,0,264,1428,N,False
2,0,225,1428,N,False
2,0,260,1428,N,False
2,0,68,1428,N,False
2,0,22,1428,N,False
2,0,220,1428,N,False
2,0,234,1428,N,False
2,0,50,1428,N,False
2,0,124,1428,N,False
2,0,145,1428,N,False
2,0,157,1428,N,False
2,0,95,1428,N,False
2,0,120,1428,N,False
2,0,166,1428,N,False
2,0,155,1428,N,False
2,0,229,1428,N,False
2,0,138,1428,N,False
2,0,240,1428,N,False
2,0,154,1428,N,False
2,0,182,1428,N,False
2,0,294,1428,N,False
2,0,253,1428,N,False
2,0,316,1428,N,False
2,0,47,1428,N,False
2,0,183,1428,N,False
2,306,reel11__8,1428,N,False
2,306,reel40__9,1428,N,False
2,218,reel4__9,1428,N,False
2,218,bot37__5,1428,N,False
2,218,reel64__0,1428,N,False
2,reel19__4,reel15__8,1428,N,False
2,reel19__4,reel57__4,1428,N,False
2,181,reel4__7,1428,N,False
2,181,bot22__6,1428,N,False
2,181,bot39__0,1428,N,False
2,181,bot68__4,1428,N,False
2,76,25,1429,N,False
2,76,0,1429,N,False
2,111,0,1429,N,False
2,76,reel6__0,1429,N,False
2,76,reel69__6,1429,N,False
2,reel48__3,bot55__6,1429,N,False
2,reel48__3,bot65__2,1429,N,False
2,reel10__4,307,1429,N,False
2,reel10__4,191,1429,N,False
2,reel10__4,bot61__5,1429,N,False
2,111,279,1429,N,False
2,111,337,1429,N,False
2,111,310,1429,N,False
2,111,44,1429,N,False
2,111,20,1429,N,False
2,111,214,1429,N,False
2,111,326,1429,N,False
2,111,reel4__4,1429,N,False
2,111,bot22__7,1429,N,False
2,111,bot26__8,1429,N,False
2,reel2__7,194,1430,N,True
2,0,194,1430,N,True
2,reel2__7,232,1430,N,True
2,0,232,1430,N,True
2,reel2__7,bot19__1,1430,N,True
2,reel2__7,bot28__2,1430,N,True
2,bot19__5,reel7__0,1430,N,True
2,bot19__5,238,1430,N,True
2,0,238,1430,N,True
2,0,208,1430,N,True
2,reel65__5,208,1430,N,True
2,reel65__5,reel69__6,1430,N,True
2,bot38__4,156,1430,N,True
2,0,156,1430,N,True
2,88,21,1430,N,True
2,0,21,1430,N,True
2,88,186,1430,N,True
2,0,186,1430,N,True
2,88,56,1430,N,True
2,0,56,1430,N,True
2,88,73,1430,N,True
2,0,73,1430,N,True
2,88,48,1430,N,True
2,0,48,1430,N,True
2,88,178,1430,N,True
2,0,178,1430,N,True
2,88,164,1430,N,True
2,0,164,1430,N,True
2,88,1,1430,N,True
2,0,1,1430,N,True
2,88,130,1430,N,True
2,0,130,1430,N,True
2,88,80,1430,N,True
2,0,80,1430,N,True
2,88,303,1430,N,True
2,0,303,1430,N,True
2,88,25,1430,N,True
2,0,25,1430,N,True
2,88,242,1430,N,True
2,0,242,1430,N,True
2,88,53,1430,N,True
2,0,53,1430,N,True
2,88,reel3__8,1430,N,True
2,88,bot8__9,1430,N,True
2,88,bot23__6,1430,N,True
2,88,bot51__4,1430,N,True
2,88,reel58__7,1430,N,True
2,88,bot63__7,1430,N,True
2,157,124,1430,N,True
2,0,124,1430,N,True
2,157,reel2__4,1430,N,True
2,157,bot10__1,1430,N,True
2,157,bot24__6,1430,N,True
2,bot5__7,bot2__0,1430,N,True
2,bot5__7,bot45__4,1430,N,True
2,bot5__7,bot48__8,1430,N,True
2,reel66__9,reel36__7,1430,N,True
2,reel65__0,reel12__7,1430,N,True
2,reel65__0,reel8__6,1430,N,True
2,bot38__6,bot5__5,1430,N,True
2,reel53__6,98,1430,N,True
2,0,98,1430,N,True
2,reel53__6,28,1430,N,True
2,0,28,1430,N,True
2,bot71__2,reel38__1,1430,N,True
2,bot71__2,237,1430,N,True
2,0,237,1430,N,True
2,reel40__3,reel28__5,1430,N,True
2,reel40__3,reel38__6,1430,N,True
2,reel40__3,reel45__6,1430,N,True
2,reel40__3,reel50__2,1430,N,True
2,reel46__9,reel65__3,1430,N,True
2,reel23__0,reel17__3,1430,N,True
2,0,159,1430,N,True
2,reel23__0,159,1430,N,True
2,0,193,1430,N,True
2,reel23__0,193,1430,N,True
2,reel23__0,reel34__4,1430,N,True
2,reel23__0,bot65__5,1430,N,True
2,bot40__7,reel39__3,1430,N,True
2,bot40__7,bot0__6,1430,N,True
2,bot40__7,bot64__9,1430,N,True
2,reel54__6,24,1430,N,True
2,0,24,1430,N,True
2,0,346,1430,N,True
2,0,271,1430,N,True
2,0,304,1430,N,True
2,0,9,1430,N,True
2,0,204,1430,N,True
2,0,213,1430,N,True
2,0,82,1430,N,True
2,0,65,1430,N,True
2,0,276,1430,N,True
2,0,26,1430,N,True
2,0,211,1430,N,True
2,0,84,1430,N,True
2,0,133,1430,N,True
2,0,62,1430,N,True
2,0,239,1430,N,True
2,0,172,1430,N,True
2,0,175,1430,N,True
2,0,231,1430,N,True
2,0,117,1430,N,True
2,0,127,1430,N,True
2,0,116,1430,N,True
2,0,288,1430,N,True
2,0,315,1430,N,True
2,0,119,1430,N,True
2,0,200,1430,N,True
2,0,63,1430,N,True
2,0,344,1430,N,True
2,0,67,1430,N,True
2,0,118,1430,N,True
2,0,277,1430,N,True
2,0,270,1430,N,True
2,0,76,1430,N,True
2,0,36,1430,N,True
2,0,223,1430,N,True
2,0,274,1430,N,True
2,0,339,1430,N,True
2,0,197,1430,N,True
2,0,169,1430,N,True
2,0,275,1430,N,True
2,0,83,1430,N,True
2,0,214,1430,N,True
2,230,214,1430,N,True
2,0,20,1430,N,True
2,0,307,1430,N,True
2,230,307,1430,N,True
2,0,71,1430,N,True
2,230,71,1430,N,True
2,0,333,1430,N,True
2,0,207,1430,N,True
2,0,168,1430,N,True
2,0,341,1430,N,True
2,0,128,1430,N,True
2,0,265,1430,N,True
2,0,141,1430,N,True
2,0,345,1430,N,True
2,0,158,1430,N,True
2,0,38,1430,N,True
2,0,302,1430,N,True
2,0,27,1430,N,True
2,0,54,1430,N,True
2,0,139,1430,N,True
2,0,109,1430,N,True
2,0,291,1430,N,True
2,0,203,1430,N,True
2,0,105,1430,N,True
2,0,64,1430,N,True
2,0,217,1430,N,True
2,0,261,1430,N,True
2,0,283,1430,N,True
2,0,144,1430,N,True
2,0,226,1430,N,True
2,0,290,1430,N,True
2,0,342,1430,N,True
2,0,146,1430,N,True
2,0,94,1430,N,True
2,0,184,1430,N,True
2,0,149,1430,N,True
2,0,13,1430,N,True
2,0,17,1430,N,True
2,0,326,1430,N,True
2,0,187,1430,N,True
2,0,161,1430,N,True
2,0,66,1430,N,True
2,0,31,1430,N,True
2,0,7,1430,N,True
2,0,255,1430,N,True
2,0,49,1430,N,True
2,0,320,1430,N,True
2,0,85,1430,N,True
2,0,246,1430,N,True
2,0,123,1430,N,True
2,0,137,1430,N,True
2,0,115,1430,N,True
2,0,185,1430,N,True
2,0,104,1430,N,True
2,0,324,1430,N,True
2,0,171,1430,N,True
2,0,111,1430,N,True
2,0,14,1430,N,True
2,0,310,1430,N,True
2,0,32,1430,N,True
2,0,30,1430,N,True
2,0,222,1430,N,True
2,0,92,1430,N,True
2,0,72,1430,N,True
2,0,125,1430,N,True
2,0,266,1430,N,True
2,0,278,1430,N,True
2,0,340,1430,N,True
2,0,311,1430,N,True
2,0,309,1430,N,True
2,0,330,1430,N,True
2,0,249,1430,N,True
2,0,39,1430,N,True
2,0,251,1430,N,True
2,bot12__6,228,1430,N,True
2,0,228,1430,N,True
2,0,69,1430,N,True
2,0,113,1430,N,True
2,0,257,1430,N,True
2,0,196,1430,N,True
2,0,81,1430,N,True
2,0,174,1430,N,True
2,0,33,1430,N,True
2,0,42,1430,N,True
2,0,347,1430,N,True
2,0,281,1430,N,True
2,0,263,1430,N,True
2,0,279,1430,N,True
2,0,162,1430,N,True
2,0,19,1430,N,True
2,0,75,1430,N,True
2,0,268,1430,N,True
2,0,314,1430,N,True
2,0,5,1430,N,True
2,0,192,1430,N,True
2,0,243,1430,N,True
2,0,195,1430,N,True
2,0,181,1430,N,True
2,0,129,1430,N,True
2,0,331,1430,N,True
2,0,150,1430,N,True
2,0,102,1430,N,True
2,0,163,1430,N,True
2,0,173,1430,N,True
2,0,180,1430,N,True
2,0,60,1430,N,True
2,0,259,1430,N,True
2,0,45,1430,N,True
2,0,269,1430,N,True
2,0,227,1430,N,True
2,0,96,1430,N,True
2,0,91,1430,N,True
2,0,143,1430,N,True
2,0,61,1430,N,True
2,0,41,1430,N,True
2,230,41,1430,N,True
2,0,6,1430,N,True
2,0,79,1430,N,True
2,0,132,1430,N,True
2,0,221,1430,N,True
2,0,301,1430,N,True
2,0,250,1430,N,True
2,0,29,1430,N,True
2,0,337,1430,N,True
2,0,100,1430,N,True
2,0,110,1430,N,True
2,0,225,1430,N,True
2,0,295,1430,N,True
2,0,201,1430,N,True
2,0,260,1430,N,True
2,0,160,1430,N,True
2,0,68,1430,N,True
2,0,131,1430,N,True
2,0,22,1430,N,True
2,0,262,1430,N,True
2,0,234,1430,N,True
2,0,44,1430,N,True
2,0,50,1430,N,True
2,0,112,1430,N,True
2,0,216,1430,N,True
2,0,151,1430,N,True
2,0,145,1430,N,True
2,0,327,1430,N,True
2,0,120,1430,N,True
2,0,190,1430,N,True
2,0,233,1430,N,True
2,0,256,1430,N,True
2,0,166,1430,N,True
2,0,202,1430,N,True
2,0,191,1430,N,True
2,0,147,1430,N,True
2,0,229,1430,N,True
2,0,138,1430,N,True
2,0,240,1430,N,True
2,0,219,1430,N,True
2,0,305,1430,N,True
2,0,153,1430,N,True
2,0,154,1430,N,True
2,0,198,1430,N,True
2,0,241,1430,N,True
2,0,294,1430,N,True
2,0,267,1430,N,True
2,0,205,1430,N,True
2,0,47,1430,N,True
2,0,reel3__5,1430,N,True
2,0,reel20__8,1430,N,True
2,0,reel25__7,1430,N,True
2,bot12__6,bot18__3,1430,N,True
2,reel62__5,reel60__9,1430,N,True
2,reel62__5,reel33__5,1430,N,True
2,reel62__5,reel13__1,1430,N,True
2,reel62__5,reel69__8,1430,N,True
2,230,reel10__2,1430,N,True
2,230,bot36__5,1430,N,True
2,230,reel46__1,1430,N,True
2,reel0__1,110,1431,N,True
2,reel0__1,256,1431,N,True
2,reel0__1,reel8__0,1431,N,True
2,reel0__1,reel18__7,1431,N,True
2,reel3__9,169,1431,N,True
2,125,169,1431,N,True
2,reel3__9,79,1431,N,True
2,reel3__9,291,1431,N,True
2,reel3__9,bot11__4,1431,N,True
2,reel3__9,bot51__5,1431,N,True
2,reel67__7,reel20__4,1431,N,True
2,reel67__7,149,1431,N,True
2,125,136,1431,N,True
2,125,119,1431,N,True
2,125,0,1431,N,True
2,125,reel18__6,1431,N,True
2,125,bot28__6,1431,N,True
2,reel67__5,124,1431,N,True
2,reel40__0,reel5__3,1431,N,True
2,reel40__0,reel50__9,1431,N,True
2,reel40__0,bot62__2,1431,N,True
2,reel40__0,bot62__3,1431,N,True
2,126,73,1432,N,True
2,126,48,1432,N,True
2,126,1,1432,N,True
2,126,0,1432,N,True
2,163,0,1432,N,True
2,126,bot11__9,1432,N,True
2,126,reel26__5,1432,N,True
2,126,reel29__2,1432,N,True
2,126,bot39__1,1432,N,True
2,126,bot55__6,1432,N,True
2,reel66__8,147,1432,N,True
2,reel66__8,reel27__5,1432,N,True
2,reel66__8,reel68__2,1432,N,True
2,bot71__5,321,1432,N,True
2,bot71__5,336,1432,N,True
2,reel8__9,336,1432,N,True
2,reel54__9,226,1432,N,True
2,reel54__9,reel64__2,1432,N,True
2,reel27__0,79,1432,N,True
2,reel27__0,reel23__2,1432,N,True
2,reel27__0,reel34__4,1432,N,True
2,163,150,1432,N,True
2,163,100,1432,N,True
2,163,119,1432,N,True
2,163,249,1432,N,True
2,163,reel23__8,1432,N,True
2,163,reel32__2,1432,N,True
2,163,reel57__0,1432,N,True
2,163,reel64__0,1432,N,True
2,reel10__7,235,1432,N,True
2,reel10__7,26,1432,N,True
2,reel10__7,bot26__4,1432,N,True
2,reel10__7,reel35__0,1432,N,True
2,reel10__7,bot40__3,1432,N,True
2,bot53__9,reel20__9,1432,N,True
2,bot53__9,reel21__2,1432,N,True
2,reel8__9,234,1432,N,True
2,reel8__9,bot16__5,1432,N,True
2,reel8__9,bot21__5,1432,N,True
2,reel8__9,reel24__7,1432,N,True
2,reel8__9,reel25__9,1432,N,True
2,reel8__9,bot44__2,1432,N,True
2,235,5,1433,N,True
2,235,21,1433,N,True
2,235,122,1433,N,True
2,235,156,1433,N,True
2,235,0,1433,N,True
2,235,reel10__7,1433,N,True
2,235,reel30__3,1433,N,True
2,235,reel36__7,1433,N,True
2,235,bot62__1,1433,N,True
2,reel7__9,288,1433,N,True
2,reel7__9,24,1433,N,True
2,reel7__9,94,1433,N,True
2,reel7__9,reel15__4,1433,N,True
2,reel7__9,bot47__7,1433,N,True
2,bot53__3,reel26__9,1433,N,True
2,reel21__7,195,1433,N,True
2,reel21__7,211,1433,N,True
2,reel21__7,bot28__3,1433,N,True
2,reel21__7,reel33__8,1433,N,True
2,reel21__7,reel35__2,1433,N,True
2,reel21__7,bot70__4,1433,N,True
2,339,119,1434,N,True
2,122,119,1434,N,True
2,0,119,1434,N,True
2,339,340,1434,N,True
2,0,340,1434,N,True
2,339,161,1434,N,True
2,62,161,1434,N,True
2,0,161,1434,N,True
2,87,161,1434,N,True
2,122,161,1434,N,True
2,339,103,1434,N,True
2,0,103,1434,N,True
2,339,31,1434,N,True
2,122,31,1434,N,True
2,0,31,1434,N,True
2,339,334,1434,N,True
2,0,334,1434,N,True
2,339,246,1434,N,True
2,87,246,1434,N,True
2,0,246,1434,N,True
2,339,129,1434,N,True
2,347,129,1434,N,True
2,0,129,1434,N,True
2,339,148,1434,N,True
2,0,148,1434,N,True
2,339,322,1434,N,True
2,62,322,1434,N,True
2,0,322,1434,N,True
2,87,322,1434,N,True
2,122,322,1434,N,True
2,339,152,1434,N,True
2,0,152,1434,N,True
2,339,260,1434,N,True
2,0,260,1434,N,True
2,339,65,1434,N,True
2,0,65,1434,N,True
2,339,291,1434,N,True
2,87,291,1434,N,True
2,0,291,1434,N,True
2,339,reel9__6,1434,N,True
2,339,bot15__5,1434,N,True
2,339,reel18__8,1434,N,True
2,339,bot54__6,1434,N,True
2,bot27__0,reel2__8,1434,N,True
2,bot27__0,bot13__1,1434,N,True
2,reel42__4,reel45__2,1434,N,True
2,bot62__2,reel40__0,1434,N,True
2,bot62__2,bot11__6,1434,N,True
2,bot66__8,bot55__2,1434,N,True
2,reel35__4,reel5__7,1434,N,True
2,reel35__4,reel37__7,1434,N,True
2,reel35__4,reel57__8,1434,N,True
2,reel35__4,bot58__4,1434,N,True
2,reel35__4,bot60__3,1434,N,True
2,reel35__4,reel64__6,1434,N,True
2,0,133,1434,N,True
2,62,133,1434,N,True
2,122,236,1434,N,True
2,0,236,1434,N,True
2,62,236,1434,N,True
2,122,239,1434,N,True
2,0,239,1434,N,True
2,62,239,1434,N,True
2,122,200,1434,N,True
2,0,200,1434,N,True
2,62,200,1434,N,True
2,122,276,1434,N,True
2,0,276,1434,N,True
2,62,276,1434,N,True
2,122,67,1434,N,True
2,0,67,1434,N,True
2,62,67,1434,N,True
2,122,142,1434,N,True
2,0,142,1434,N,True
2,62,142,1434,N,True
2,122,186,1434,N,True
2,0,186,1434,N,True
2,62,186,1434,N,True
2,122,170,1434,N,True
2,0,170,1434,N,True
2,62,170,1434,N,True
2,0,223,1434,N,True
2,62,223,1434,N,True
2,122,141,1434,N,True
2,0,141,1434,N,True
2,62,141,1434,N,True
2,0,341,1434,N,True
2,62,341,1434,N,True
2,0,318,1434,N,True
2,62,318,1434,N,True
2,0,130,1434,N,True
2,62,130,1434,N,True
2,122,98,1434,N,True
2,0,98,1434,N,True
2,62,98,1434,N,True
2,122,261,1434,N,True
2,0,261,1434,N,True
2,62,261,1434,N,True
2,0,96,1434,N,True
2,62,96,1434,N,True
2,62,reel4__8,1434,N,True
2,62,reel33__2,1434,N,True
2,62,bot63__7,1434,N,True
2,62,reel66__7,1434,N,True
2,62,reel69__9,1434,N,True
2,reel51__6,188,1434,N,True
2,122,188,1434,N,True
2,0,188,1434,N,True
2,reel51__6,297,1434,N,True
2,122,297,1434,N,True
2,0,297,1434,N,True
2,reel51__6,bot55__6,1434,N,True
2,bot1__9,95,1434,N,True
2,0,95,1434,N,True
2,bot1__9,bot12__9,1434,N,True
2,bot1__9,bot50__2,1434,N,True
2,0,24,1434,N,True
2,0,346,1434,N,True
2,122,271,1434,N,True
2,0,271,1434,N,True
2,347,304,1434,N,True
2,122,304,1434,N,True
2,0,304,1434,N,True
2,122,176,1434,N,True
2,0,176,1434,N,True
2,122,9,1434,N,True
2,0,9,1434,N,True
2,0,329,1434,N,True
2,0,204,1434,N,True
2,87,213,1434,N,True
2,122,213,1434,N,True
2,0,213,1434,N,True
2,122,252,1434,N,True
2,0,252,1434,N,True
2,122,332,1434,N,True
2,0,332,1434,N,True
2,0,82,1434,N,True
2,122,272,1434,N,True
2,0,272,1434,N,True
2,0,211,1434,N,True
2,0,84,1434,N,True
2,0,172,1434,N,True
2,0,53,1434,N,True
2,122,3,1434,N,True
2,0,3,1434,N,True
2,0,175,1434,N,True
2,0,46,1434,N,True
2,0,254,1434,N,True
2,0,23,1434,N,True
2,0,73,1434,N,True
2,0,299,1434,N,True
2,0,288,1434,N,True
2,0,48,1434,N,True
2,0,57,1434,N,True
2,122,344,1434,N,True
2,0,344,1434,N,True
2,0,118,1434,N,True
2,0,134,1434,N,True
2,0,270,1434,N,True
2,0,76,1434,N,True
2,0,36,1434,N,True
2,0,88,1434,N,True
2,0,108,1434,N,True
2,0,197,1434,N,True
2,122,169,1434,N,True
2,0,169,1434,N,True
2,0,275,1434,N,True
2,0,273,1434,N,True
2,0,214,1434,N,True
2,0,307,1434,N,True
2,0,71,1434,N,True
2,0,333,1434,N,True
2,0,207,1434,N,True
2,0,238,1434,N,True
2,0,265,1434,N,True
2,0,78,1434,N,True
2,122,345,1434,N,True
2,0,345,1434,N,True
2,0,317,1434,N,True
2,0,302,1434,N,True
2,0,27,1434,N,True
2,bot11__8,139,1434,N,True
2,0,139,1434,N,True
2,122,109,1434,N,True
2,0,109,1434,N,True
2,0,105,1434,N,True
2,122,232,1434,N,True
2,0,232,1434,N,True
2,0,64,1434,N,True
2,0,217,1434,N,True
2,122,248,1434,N,True
2,0,248,1434,N,True
2,0,126,1434,N,True
2,0,283,1434,N,True
2,0,226,1434,N,True
2,0,290,1434,N,True
2,122,25,1434,N,True
2,0,25,1434,N,True
2,122,342,1434,N,True
2,0,342,1434,N,True
2,0,300,1434,N,True
2,0,1,1434,N,True
2,0,184,1434,N,True
2,0,149,1434,N,True
2,0,13,1434,N,True
2,0,17,1434,N,True
2,0,326,1434,N,True
2,0,187,1434,N,True
2,122,66,1434,N,True
2,0,66,1434,N,True
2,0,255,1434,N,True
2,0,49,1434,N,True
2,0,85,1434,N,True
2,122,123,1434,N,True
2,0,123,1434,N,True
2,122,284,1434,N,True
2,0,284,1434,N,True
2,0,137,1434,N,True
2,0,115,1434,N,True
2,122,104,1434,N,True
2,0,104,1434,N,True
2,0,111,1434,N,True
2,0,14,1434,N,True
2,0,310,1434,N,True
2,0,32,1434,N,True
2,0,30,1434,N,True
2,0,222,1434,N,True
2,0,92,1434,N,True
2,0,72,1434,N,True
2,0,40,1434,N,True
2,0,266,1434,N,True
2,0,278,1434,N,True
2,0,237,1434,N,True
2,0,309,1434,N,True
2,0,230,1434,N,True
2,0,70,1434,N,True
2,0,16,1434,N,True
2,0,249,1434,N,True
2,0,39,1434,N,True
2,122,251,1434,N,True
2,0,251,1434,N,True
2,122,55,1434,N,True
2,0,55,1434,N,True
2,0,228,1434,N,True
2,0,69,1434,N,True
2,122,113,1434,N,True
2,0,113,1434,N,True
2,0,257,1434,N,True
2,0,196,1434,N,True
2,122,156,1434,N,True
2,0,156,1434,N,True
2,122,303,1434,N,True
2,0,303,1434,N,True
2,0,286,1434,N,True
2,0,81,1434,N,True
2,0,174,1434,N,True
2,0,293,1434,N,True
2,0,33,1434,N,True
2,0,2,1434,N,True
2,0,263,1434,N,True
2,0,279,1434,N,True
2,0,51,1434,N,True
2,0,338,1434,N,True
2,0,19,1434,N,True
2,0,75,1434,N,True
2,0,218,1434,N,True
2,0,268,1434,N,True
2,0,314,1434,N,True
2,87,5,1434,N,True
2,122,5,1434,N,True
2,0,5,1434,N,True
2,0,178,1434,N,True
2,0,243,1434,N,True
2,0,195,1434,N,True
2,0,181,1434,N,True
2,0,8,1434,N,True
2,0,245,1434,N,True
2,0,328,1434,N,True
2,0,331,1434,N,True
2,0,150,1434,N,True
2,0,101,1434,N,True
2,0,99,1434,N,True
2,0,102,1434,N,True
2,0,173,1434,N,True
2,0,165,1434,N,True
2,0,121,1434,N,True
2,0,306,1434,N,True
2,0,177,1434,N,True
2,0,189,1434,N,True
2,0,259,1434,N,True
2,0,58,1434,N,True
2,0,269,1434,N,True
2,0,167,1434,N,True
2,0,227,1434,N,True
2,0,91,1434,N,True
2,0,143,1434,N,True
2,0,61,1434,N,True
2,bot11__8,93,1434,N,True
2,0,93,1434,N,True
2,0,41,1434,N,True
2,122,235,1434,N,True
2,0,235,1434,N,True
2,0,6,1434,N,True
2,0,89,1434,N,True
2,0,107,1434,N,True
2,0,208,1434,N,True
2,0,132,1434,N,True
2,0,221,1434,N,True
2,0,301,1434,N,True
2,0,250,1434,N,True
2,0,106,1434,N,True
2,0,29,1434,N,True
2,0,337,1434,N,True
2,0,100,1434,N,True
2,0,110,1434,N,True
2,0,264,1434,N,True
2,0,225,1434,N,True
2,0,86,1434,N,True
2,0,295,1434,N,True
2,0,289,1434,N,True
2,0,321,1434,N,True
2,0,131,1434,N,True
2,0,298,1434,N,True
2,0,262,1434,N,True
2,0,220,1434,N,True
2,0,234,1434,N,True
2,0,44,1434,N,True
2,0,50,1434,N,True
2,0,193,1434,N,True
2,0,97,1434,N,True
2,0,112,1434,N,True
2,0,90,1434,N,True
2,0,179,1434,N,True
2,0,216,1434,N,True
2,0,151,1434,N,True
2,0,145,1434,N,True
2,0,157,1434,N,True
2,0,4,1434,N,True
2,0,327,1434,N,True
2,0,120,1434,N,True
2,0,247,1434,N,True
2,0,190,1434,N,True
2,0,282,1434,N,True
2,0,244,1434,N,True
2,0,233,1434,N,True
2,0,256,1434,N,True
2,0,166,1434,N,True
2,0,155,1434,N,True
2,0,191,1434,N,True
2,0,206,1434,N,True
2,0,229,1434,N,True
2,0,138,1434,N,True
2,0,77,1434,N,True
2,0,153,1434,N,True
2,0,154,1434,N,True
2,0,198,1434,N,True
2,0,336,1434,N,True
2,0,241,1434,N,True
2,0,253,1434,N,True
2,0,267,1434,N,True
2,0,316,1434,N,True
2,0,205,1434,N,True
2,0,47,1434,N,True
2,0,52,1434,N,True
2,0,35,1434,N,True
2,0,reel20__8,1434,N,True
2,0,reel25__7,1434,N,True
2,87,bot19__1,1434,N,True
2,bot48__3,bot19__1,1434,N,True
2,bot48__3,bot7__0,1434,N,True
2,bot48__3,bot52__7,1434,N,True
2,bot48__3,bot56__3,1434,N,True
2,bot44__2,reel35__9,1434,N,True
2,reel7__4,reel0__2,1434,N,True
2,reel7__4,reel11__7,1434,N,True
2,reel7__4,reel14__5,1434,N,True
2,reel7__4,reel41__0,1434,N,True
2,347,reel2__1,1434,N,True
2,347,reel11__9,1434,N,True
2,347,bot20__1,1434,N,True
2,347,reel36__0,1434,N,True
2,87,bot13__5,1434,N,True
2,87,reel13__5,1434,N,True
2,87,reel20__3,1434,N,True
2,87,bot33__2,1434,N,True
2,87,reel62__4,1434,N,True
2,87,bot67__6,1434,N,True
2,122,reel6__6,1434,N,True
2,122,reel13__0,1434,N,True
2,122,reel19__5,1434,N,True
2,122,bot24__5,1434,N,True
2,122,reel44__3,1434,N,True
2,122,bot70__8,1434,N,True
2,bot11__8,bot15__9,1434,N,True
2,284,139,1435,N,True
2,281,139,1435,N,True
2,0,139,1435,N,True
2,320,139,1435,N,True
2,197,139,1435,N,True
2,284,159,1435,N,True
2,281,159,1435,N,True
2,0,159,1435,N,True
2,320,159,1435,N,True
2,197,159,1435,N,True
2,284,108,1435,N,True
2,281,108,1435,N,True
2,0,108,1435,N,True
2,36,108,1435,N,True
2,320,108,1435,N,True
2,197,108,1435,N,True
2,284,122,1435,N,True
2,281,122,1435,N,True
2,0,122,1435,N,True
2,281,reel16__1,1435,N,True
2,281,bot28__7,1435,N,True
2,281,bot36__2,1435,N,True
2,281,bot60__1,1435,N,True
2,284,329,1435,N,True
2,197,329,1435,N,True
2,320,329,1435,N,True
2,0,329,1435,N,True
2,284,reel1__1,1435,N,True
2,284,reel8__3,1435,N,True
2,284,reel9__0,1435,N,True
2,284,bot18__0,1435,N,True
2,284,reel61__9,1435,N,True
2,reel30__9,reel13__6,1435,N,True
2,reel30__9,177,1435,N,True
2,0,177,1435,N,True
2,reel30__9,bot54__8,1435,N,True
2,reel30__9,reel59__6,1435,N,True
2,reel55__7,reel47__1,1435,N,True
2,36,reel1__5,1435,N,True
2,reel55__7,reel1__5,1435,N,True
2,reel55__7,bot70__1,1435,N,True
2,0,119,1435,N,True
2,reel20__7,119,1435,N,True
2,0,118,1435,N,True
2,reel20__7,118,1435,N,True
2,reel20__7,reel43__6,1435,N,True
2,reel20__7,bot48__0,1435,N,True
2,reel20__7,reel64__8,1435,N,True
2,reel61__0,225,1435,N,True
2,0,225,1435,N,True
2,reel61__0,reel7__0,1435,N,True
2,reel36__1,115,1435,N,True
2,0,115,1435,N,True
2,reel36__1,reel9__5,1435,N,True
2,reel36__1,reel4__1,1435,N,True
2,reel36__1,reel67__3,1435,N,True
2,0,236,1435,N,True
2,0,186,1435,N,True
2,0,285,1435,N,True
2,0,304,1435,N,True
2,0,176,1435,N,True
2,0,9,1435,N,True
2,0,130,1435,N,True
2,0,204,1435,N,True
2,0,213,1435,N,True
2,0,252,1435,N,True
2,0,332,1435,N,True
2,0,82,1435,N,True
2,0,65,1435,N,True
2,0,276,1435,N,True
2,0,280,1435,N,True
2,0,211,1435,N,True
2,0,199,1435,N,True
2,0,133,1435,N,True
2,0,62,1435,N,True
2,0,322,1435,N,True
2,0,53,1435,N,True
2,0,3,1435,N,True
2,bot31__6,175,1435,N,True
2,0,175,1435,N,True
2,0,46,1435,N,True
2,0,56,1435,N,True
2,0,254,1435,N,True
2,0,194,1435,N,True
2,0,117,1435,N,True
2,0,23,1435,N,True
2,0,116,1435,N,True
2,0,73,1435,N,True
2,0,299,1435,N,True
2,0,288,1435,N,True
2,0,315,1435,N,True
2,0,323,1435,N,True
2,320,48,1435,N,True
2,0,48,1435,N,True
2,320,57,1435,N,True
2,0,57,1435,N,True
2,0,200,1435,N,True
2,0,98,1435,N,True
2,0,63,1435,N,True
2,0,67,1435,N,True
2,0,325,1435,N,True
2,0,277,1435,N,True
2,0,134,1435,N,True
2,0,270,1435,N,True
2,0,76,1435,N,True
2,0,223,1435,N,True
2,0,88,1435,N,True
2,0,169,1435,N,True
2,0,275,1435,N,True
2,0,273,1435,N,True
2,0,83,1435,N,True
2,0,28,1435,N,True
2,0,312,1435,N,True
2,0,242,1435,N,True
2,0,214,1435,N,True
2,0,20,1435,N,True
2,0,307,1435,N,True
2,0,71,1435,N,True
2,0,333,1435,N,True
2,0,207,1435,N,True
2,0,168,1435,N,True
2,0,308,1435,N,True
2,0,341,1435,N,True
2,0,141,1435,N,True
2,0,78,1435,N,True
2,0,345,1435,N,True
2,0,158,1435,N,True
2,0,38,1435,N,True
2,0,302,1435,N,True
2,0,109,1435,N,True
2,0,142,1435,N,True
2,0,203,1435,N,True
2,0,105,1435,N,True
2,0,232,1435,N,True
2,0,64,1435,N,True
2,0,217,1435,N,True
2,0,248,1435,N,True
2,0,224,1435,N,True
2,0,261,1435,N,True
2,0,283,1435,N,True
2,0,226,1435,N,True
2,reel11__8,226,1435,N,True
2,0,25,1435,N,True
2,0,146,1435,N,True
2,320,300,1435,N,True
2,0,300,1435,N,True
2,320,94,1435,N,True
2,0,94,1435,N,True
2,0,1,1435,N,True
2,0,149,1435,N,True
2,0,13,1435,N,True
2,0,59,1435,N,True
2,0,17,1435,N,True
2,0,326,1435,N,True
2,320,80,1435,N,True
2,0,80,1435,N,True
2,0,187,1435,N,True
2,0,161,1435,N,True
2,0,66,1435,N,True
2,0,136,1435,N,True
2,0,49,1435,N,True
2,0,85,1435,N,True
2,0,123,1435,N,True
2,0,137,1435,N,True
2,0,343,1435,N,True
2,0,104,1435,N,True
2,0,171,1435,N,True
2,0,111,1435,N,True
2,0,14,1435,N,True
2,0,310,1435,N,True
2,0,30,1435,N,True
2,0,222,1435,N,True
2,0,92,1435,N,True
2,0,72,1435,N,True
2,0,40,1435,N,True
2,0,125,1435,N,True
2,0,278,1435,N,True
2,0,237,1435,N,True
2,0,311,1435,N,True
2,0,70,1435,N,True
2,0,249,1435,N,True
2,0,10,1435,N,True
2,0,55,1435,N,True
2,0,228,1435,N,True
2,0,69,1435,N,True
2,0,113,1435,N,True
2,0,258,1435,N,True
2,0,196,1435,N,True
2,0,156,1435,N,True
2,0,303,1435,N,True
2,0,81,1435,N,True
2,0,293,1435,N,True
2,0,33,1435,N,True
2,0,347,1435,N,True
2,0,2,1435,N,True
2,0,51,1435,N,True
2,0,338,1435,N,True
2,0,162,1435,N,True
2,0,19,1435,N,True
2,reel70__4,19,1435,N,True
2,0,75,1435,N,True
2,0,218,1435,N,True
2,0,268,1435,N,True
2,0,5,1435,N,True
2,0,243,1435,N,True
2,0,195,1435,N,True
2,0,181,1435,N,True
2,0,8,1435,N,True
2,0,245,1435,N,True
2,0,328,1435,N,True
2,0,331,1435,N,True
2,0,150,1435,N,True
2,0,99,1435,N,True
2,0,296,1435,N,True
2,0,318,1435,N,True
2,0,163,1435,N,True
2,0,121,1435,N,True
2,0,306,1435,N,True
2,reel11__8,306,1435,N,True
2,0,180,1435,N,True
2,0,259,1435,N,True
2,0,58,1435,N,True
2,0,269,1435,N,True
2,0,167,1435,N,True
2,0,227,1435,N,True
2,0,96,1435,N,True
2,0,91,1435,N,True
2,0,143,1435,N,True
2,0,93,1435,N,True
2,0,41,1435,N,True
2,0,235,1435,N,True
2,0,6,1435,N,True
2,0,89,1435,N,True
2,0,107,1435,N,True
2,0,79,1435,N,True
2,0,208,1435,N,True
2,0,132,1435,N,True
2,0,221,1435,N,True
2,0,301,1435,N,True
2,0,106,1435,N,True
2,0,29,1435,N,True
2,0,337,1435,N,True
2,0,100,1435,N,True
2,0,264,1435,N,True
2,0,86,1435,N,True
2,0,295,1435,N,True
2,0,201,1435,N,True
2,0,160,1435,N,True
2,0,22,1435,N,True
2,0,298,1435,N,True
2,0,220,1435,N,True
2,0,234,1435,N,True
2,0,97,1435,N,True
2,0,112,1435,N,True
2,0,179,1435,N,True
2,0,151,1435,N,True
2,0,145,1435,N,True
2,0,4,1435,N,True
2,0,327,1435,N,True
2,0,95,1435,N,True
2,0,120,1435,N,True
2,0,247,1435,N,True
2,0,190,1435,N,True
2,0,282,1435,N,True
2,0,244,1435,N,True
2,0,319,1435,N,True
2,0,233,1435,N,True
2,0,256,1435,N,True
2,0,191,1435,N,True
2,0,206,1435,N,True
2,0,229,1435,N,True
2,0,164,1435,N,True
2,0,240,1435,N,True
2,0,77,1435,N,True
2,0,219,1435,N,True
2,0,305,1435,N,True
2,0,153,1435,N,True
2,0,198,1435,N,True
2,0,182,1435,N,True
2,0,241,1435,N,True
2,0,253,1435,N,True
2,0,267,1435,N,True
2,0,316,1435,N,True
2,0,205,1435,N,True
2,0,47,1435,N,True
2,0,34,1435,N,True
2,0,35,1435,N,True
2,0,reel3__5,1435,N,True
2,0,reel20__8,1435,N,True
2,36,reel43__8,1435,N,True
2,36,reel49__8,1435,N,True
2,36,reel56__5,1435,N,True
2,320,reel5__4,1435,N,True
2,320,bot21__6,1435,N,True
2,320,bot21__8,1435,N,True
2,320,reel66__0,1435,N,True
2,reel11__8,reel15__9,1435,N,True
2,reel11__8,reel56__4,1435,N,True
2,197,bot22__2,1435,N,True
2,197,bot32__9,1435,N,True
2,197,reel38__1,1435,N,True
2,reel70__4,reel23__1,1435,N,True
2,41,243,1436,N,True
2,137,243,1436,N,True
2,312,243,1436,N,True
2,20,149,1436,N,True
2,14,149,1436,N,True
2,312,149,1436,N,True
2,116,149,1436,N,True
2,326,149,1436,N,True
2,115,149,1436,N,True
2,343,149,1436,N,True
2,41,44,1436,N,True
2,312,44,1436,N,True
2,111,44,1436,N,True
2,20,44,1436,N,True
2,343,44,1436,N,True
2,312,305,1436,N,True
2,312,162,1436,N,True
2,116,162,1436,N,True
2,326,162,1436,N,True
2,20,162,1436,N,True
2,343,162,1436,N,True
2,41,151,1436,N,True
2,14,151,1436,N,True
2,312,151,1436,N,True
2,17,144,1436,N,True
2,41,144,1436,N,True
2,14,144,1436,N,True
2,312,144,1436,N,True
2,116,144,1436,N,True
2,326,144,1436,N,True
2,115,144,1436,N,True
2,343,144,1436,N,True
2,312,reel18__5,1436,N,True
2,312,bot34__1,1436,N,True
2,312,reel46__9,1436,N,True
2,312,reel60__1,1436,N,True
2,289,bot2__3,1436,N,True
2,326,bot2__3,1436,N,True
2,326,bot4__1,1436,N,True
2,326,reel10__5,1436,N,True
2,326,reel25__6,1436,N,True
2,326,reel34__3,1436,N,True
2,326,reel45__8,1436,N,True
2,343,bot12__5,1436,N,True
2,116,reel14__2,1436,N,True
2,343,reel14__2,1436,N,True
2,343,bot25__2,1436,N,True
2,343,reel51__1,1436,N,True
2,343,reel55__3,1436,N,True
2,reel53__1,reel22__5,1436,N,True
2,reel53__1,247,1436,N,True
2,reel53__1,reel55__0,1436,N,True
2,reel53__1,reel55__8,1436,N,True
2,reel43__9,reel40__5,1436,N,True
2,reel43__9,147,1436,N,True
2,reel43__9,reel48__8,1436,N,True
2,reel43__9,bot52__9,1436,N,True
2,reel40__6,100,1436,N,True
2,reel40__6,119,1436,N,True
2,reel40__6,reel35__6,1436,N,True
2,reel60__9,reel47__4,1436,N,True
2,reel60__9,318,1436,N,True
2,reel60__9,reel62__5,1436,N,True
2,reel54__8,reel36__5,1436,N,True
2,reel54__8,reel29__7,1436,N,True
2,137,310,1436,N,True
2,17,310,1436,N,True
2,41,310,1436,N,True
2,14,310,1436,N,True
2,111,310,1436,N,True
2,41,337,1436,N,True
2,137,337,1436,N,True
2,111,337,1436,N,True
2,41,93,1436,N,True
2,137,93,1436,N,True
2,111,93,1436,N,True
2,41,reel3__0,1436,N,True
2,41,bot17__1,1436,N,True
2,41,reel28__6,1436,N,True
2,41,reel70__1,1436,N,True
2,reel12__0,192,1436,N,True
2,115,192,1436,N,True
2,reel12__0,reel8__1,1436,N,True
2,reel12__0,reel0__5,1436,N,True
2,reel12__0,reel16__6,1436,N,True
2,reel12__0,reel23__2,1436,N,True
2,reel12__0,reel33__4,1436,N,True
2,14,bot3__4,1436,N,True
2,14,bot16__7,1436,N,True
2,111,279,1436,N,True
2,111,reel4__4,1436,N,True
2,111,bot22__7,1436,N,True
2,111,bot26__8,1436,N,True
2,111,bot68__1,1436,N,True
2,115,reel1__2,1436,N,True
2,115,reel6__4,1436,N,True
2,115,bot10__6,1436,N,True
2,115,reel32__4,1436,N,True
2,115,reel36__1,1436,N,True
2,289,bot3__9,1436,N,True
2,289,reel24__6,1436,N,True
2,289,bot25__9,1436,N,True
2,reel62__0,202,1436,N,True
2,reel62__0,reel68__2,1436,N,True
2,137,167,1436,N,True
2,137,32,1436,N,True
2,137,reel49__4,1436,N,True
2,116,reel4__8,1436,N,True
2,116,reel17__4,1436,N,True
2,19,112,1436,N,True
2,19,227,1436,N,True
2,19,89,1436,N,True
2,19,bot2__6,1436,N,True
2,19,reel8__8,1436,N,True
2,19,reel24__2,1436,N,True
2,19,bot29__3,1436,N,True
2,19,reel70__4,1436,N,True
2,20,bot14__2,1436,N,True
2,20,bot15__0,1436,N,True
2,230,70,1436,N,True
2,230,97,1436,N,True
2,230,307,1436,N,True
2,230,71,1436,N,True
2,230,reel10__2,1436,N,True
2,230,bot36__5,1436,N,True
2,230,reel67__4,1436,N,True
2,186,88,1437,N,True
2,56,88,1437,N,True
2,21,88,1437,N,True
2,0,88,1437,N,True
2,25,88,1437,N,True
2,186,341,1437,N,True
2,170,341,1437,N,True
2,62,341,1437,N,True
2,56,341,1437,N,True
2,0,341,1437,N,True
2,323,341,1437,N,True
2,188,341,1437,N,True
2,9,341,1437,N,True
2,186,178,1437,N,True
2,0,178,1437,N,True
2,186,345,1437,N,True
2,315,345,1437,N,True
2,21,345,1437,N,True
2,0,345,1437,N,True
2,252,345,1437,N,True
2,285,345,1437,N,True
2,172,59,1437,N,True
2,186,59,1437,N,True
2,118,59,1437,N,True
2,56,59,1437,N,True
2,325,59,1437,N,True
2,0,59,1437,N,True
2,13,59,1437,N,True
2,252,59,1437,N,True
2,186,45,1437,N,True
2,200,45,1437,N,True
2,0,45,1437,N,True
2,186,221,1437,N,True
2,285,221,1437,N,True
2,56,221,1437,N,True
2,0,221,1437,N,True
2,25,221,1437,N,True
2,186,222,1437,N,True
2,118,222,1437,N,True
2,56,222,1437,N,True
2,325,222,1437,N,True
2,0,222,1437,N,True
2,313,222,1437,N,True
2,172,331,1437,N,True
2,186,331,1437,N,True
2,118,331,1437,N,True
2,332,331,1437,N,True
2,56,331,1437,N,True
2,119,331,1437,N,True
2,0,331,1437,N,True
2,265,331,1437,N,True
2,109,331,1437,N,True
2,25,331,1437,N,True
2,186,303,1437,N,True
2,56,303,1437,N,True
2,315,303,1437,N,True
2,0,303,1437,N,True
2,109,303,1437,N,True
2,285,303,1437,N,True
2,186,bot0__4,1437,N,True
2,186,reel6__2,1437,N,True
2,186,reel33__7,1437,N,True
2,186,bot64__8,1437,N,True
2,172,82,1437,N,True
2,118,82,1437,N,True
2,169,82,1437,N,True
2,170,82,1437,N,True
2,56,82,1437,N,True
2,119,82,1437,N,True
2,325,82,1437,N,True
2,0,82,1437,N,True
2,13,82,1437,N,True
2,123,82,1437,N,True
2,252,82,1437,N,True
2,313,82,1437,N,True
2,169,136,1437,N,True
2,56,136,1437,N,True
2,315,136,1437,N,True
2,21,136,1437,N,True
2,0,136,1437,N,True
2,308,136,1437,N,True
2,285,136,1437,N,True
2,169,10,1437,N,True
2,332,10,1437,N,True
2,0,10,1437,N,True
2,277,10,1437,N,True
2,323,10,1437,N,True
2,200,10,1437,N,True
2,291,10,1437,N,True
2,285,10,1437,N,True
2,172,103,1437,N,True
2,252,103,1437,N,True
2,169,103,1437,N,True
2,56,103,1437,N,True
2,0,103,1437,N,True
2,25,103,1437,N,True
2,323,103,1437,N,True
2,200,103,1437,N,True
2,185,103,1437,N,True
2,285,103,1437,N,True
2,169,106,1437,N,True
2,332,106,1437,N,True
2,0,106,1437,N,True
2,169,125,1437,N,True
2,119,125,1437,N,True
2,0,125,1437,N,True
2,334,165,1437,N,True
2,169,165,1437,N,True
2,72,165,1437,N,True
2,21,165,1437,N,True
2,0,165,1437,N,True
2,113,165,1437,N,True
2,200,165,1437,N,True
2,188,165,1437,N,True
2,169,121,1437,N,True
2,315,121,1437,N,True
2,21,121,1437,N,True
2,0,121,1437,N,True
2,113,121,1437,N,True
2,169,bot0__5,1437,N,True
2,169,reel3__7,1437,N,True
2,170,reel3__7,1437,N,True
2,169,reel3__9,1437,N,True
2,291,reel3__9,1437,N,True
2,169,reel8__5,1437,N,True
2,169,bot32__6,1437,N,True
2,334,132,1437,N,True
2,72,132,1437,N,True
2,315,132,1437,N,True
2,119,132,1437,N,True
2,56,132,1437,N,True
2,0,132,1437,N,True
2,113,132,1437,N,True
2,134,132,1437,N,True
2,277,132,1437,N,True
2,40,132,1437,N,True
2,134,bot11__1,1437,N,True
2,134,reel11__9,1437,N,True
2,134,reel21__6,1437,N,True
2,134,bot37__4,1437,N,True
2,334,229,1437,N,True
2,119,229,1437,N,True
2,109,229,1437,N,True
2,0,229,1437,N,True
2,291,31,1437,N,True
2,21,31,1437,N,True
2,0,31,1437,N,True
2,277,31,1437,N,True
2,109,31,1437,N,True
2,308,31,1437,N,True
2,200,31,1437,N,True
2,252,31,1437,N,True
2,25,31,1437,N,True
2,334,50,1437,N,True
2,119,50,1437,N,True
2,0,50,1437,N,True
2,113,50,1437,N,True
2,277,50,1437,N,True
2,109,50,1437,N,True
2,133,reel1__1,1437,N,True
2,109,reel1__1,1437,N,True
2,109,reel49__5,1437,N,True
2,109,reel49__7,1437,N,True
2,109,reel55__3,1437,N,True
2,312,137,1437,N,True
2,0,137,1437,N,True
2,312,326,1437,N,True
2,0,326,1437,N,True
2,312,19,1437,N,True
2,0,19,1437,N,True
2,312,111,1437,N,True
2,0,111,1437,N,True
2,312,14,1437,N,True
2,0,14,1437,N,True
2,312,116,1437,N,True
2,0,116,1437,N,True
2,312,20,1437,N,True
2,0,20,1437,N,True
2,312,17,1437,N,True
2,0,17,1437,N,True
2,bot43__4,2,1437,N,True
2,312,2,1437,N,True
2,0,2,1437,N,True
2,312,343,1437,N,True
2,0,343,1437,N,True
2,312,214,1437,N,True
2,0,214,1437,N,True
2,312,162,1437,N,True
2,0,162,1437,N,True
2,312,151,1437,N,True
2,0,151,1437,N,True
2,312,41,1437,N,True
2,0,41,1437,N,True
2,312,144,1437,N,True
2,0,144,1437,N,True
2,312,reel18__5,1437,N,True
2,312,reel30__1,1437,N,True
2,312,bot34__1,1437,N,True
2,312,reel46__9,1437,N,True
2,312,reel60__1,1437,N,True
2,170,274,1437,N,True
2,21,274,1437,N,True
2,0,274,1437,N,True
2,40,274,1437,N,True
2,3,274,1437,N,True
2,323,274,1437,N,True
2,200,274,1437,N,True
2,188,274,1437,N,True
2,185,274,1437,N,True
2,172,329,1437,N,True
2,332,329,1437,N,True
2,291,329,1437,N,True
2,72,329,1437,N,True
2,315,329,1437,N,True
2,119,329,1437,N,True
2,0,329,1437,N,True
2,40,329,1437,N,True
2,9,329,1437,N,True
2,308,329,1437,N,True
2,172,29,1437,N,True
2,118,29,1437,N,True
2,0,29,1437,N,True
2,40,29,1437,N,True
2,252,29,1437,N,True
2,291,258,1437,N,True
2,0,258,1437,N,True
2,40,258,1437,N,True
2,295,258,1437,N,True
2,323,258,1437,N,True
2,161,258,1437,N,True
2,188,258,1437,N,True
2,9,258,1437,N,True
2,141,258,1437,N,True
2,reel10__7,235,1437,N,True
2,0,235,1437,N,True
2,21,235,1437,N,True
2,reel10__7,bot26__4,1437,N,True
2,reel10__7,reel35__0,1437,N,True
2,reel10__7,bot40__3,1437,N,True
2,reel10__7,reel50__7,1437,N,True
2,66,reel16__1,1437,N,True
2,66,reel42__7,1437,N,True
2,277,reel19__0,1437,N,True
2,reel13__0,reel19__0,1437,N,True
2,reel13__0,reel52__1,1437,N,True
2,332,208,1437,N,True
2,119,208,1437,N,True
2,0,208,1437,N,True
2,277,208,1437,N,True
2,188,208,1437,N,True
2,291,208,1437,N,True
2,285,208,1437,N,True
2,170,75,1437,N,True
2,56,75,1437,N,True
2,0,75,1437,N,True
2,323,75,1437,N,True
2,200,75,1437,N,True
2,188,75,1437,N,True
2,9,75,1437,N,True
2,170,290,1437,N,True
2,56,290,1437,N,True
2,176,290,1437,N,True
2,0,290,1437,N,True
2,277,290,1437,N,True
2,323,290,1437,N,True
2,188,290,1437,N,True
2,185,290,1437,N,True
2,25,290,1437,N,True
2,188,bot1__1,1437,N,True
2,188,bot17__5,1437,N,True
2,188,reel41__2,1437,N,True
2,188,bot49__8,1437,N,True
2,188,reel51__6,1437,N,True
2,315,105,1437,N,True
2,119,105,1437,N,True
2,21,105,1437,N,True
2,0,105,1437,N,True
2,277,105,1437,N,True
2,9,105,1437,N,True
2,25,105,1437,N,True
2,9,reel1__8,1437,N,True
2,9,bot3__1,1437,N,True
2,9,bot3__4,1437,N,True
2,9,reel4__9,1437,N,True
2,9,bot24__8,1437,N,True
2,9,reel35__8,1437,N,True
2,9,bot43__5,1437,N,True
2,9,reel63__4,1437,N,True
2,9,reel65__1,1437,N,True
2,277,22,1437,N,True
2,185,22,1437,N,True
2,0,22,1437,N,True
2,308,22,1437,N,True
2,185,reel26__9,1437,N,True
2,185,reel31__4,1437,N,True
2,248,38,1437,N,True
2,332,38,1437,N,True
2,0,38,1437,N,True
2,141,38,1437,N,True
2,141,bot5__4,1437,N,True
2,291,reel28__5,1437,N,True
2,141,reel28__5,1437,N,True
2,141,reel39__4,1437,N,True
2,141,reel48__7,1437,N,True
2,141,reel67__4,1437,N,True
2,172,211,1437,N,True
2,118,211,1437,N,True
2,170,211,1437,N,True
2,315,211,1437,N,True
2,56,211,1437,N,True
2,325,211,1437,N,True
2,313,211,1437,N,True
2,0,211,1437,N,True
2,265,211,1437,N,True
2,13,211,1437,N,True
2,128,211,1437,N,True
2,285,211,1437,N,True
2,172,261,1437,N,True
2,118,261,1437,N,True
2,62,261,1437,N,True
2,56,261,1437,N,True
2,119,261,1437,N,True
2,325,261,1437,N,True
2,313,261,1437,N,True
2,0,261,1437,N,True
2,113,261,1437,N,True
2,265,261,1437,N,True
2,224,261,1437,N,True
2,13,261,1437,N,True
2,123,261,1437,N,True
2,252,261,1437,N,True
2,285,261,1437,N,True
2,172,16,1437,N,True
2,118,16,1437,N,True
2,332,16,1437,N,True
2,0,16,1437,N,True
2,172,268,1437,N,True
2,118,268,1437,N,True
2,170,268,1437,N,True
2,325,268,1437,N,True
2,0,268,1437,N,True
2,172,reel18__7,1437,N,True
2,172,reel21__1,1437,N,True
2,172,bot50__0,1437,N,True
2,118,283,1437,N,True
2,0,283,1437,N,True
2,25,283,1437,N,True
2,3,283,1437,N,True
2,118,bot2__0,1437,N,True
2,118,reel9__9,1437,N,True
2,118,reel12__4,1437,N,True
2,118,bot18__1,1437,N,True
2,118,reel20__7,1437,N,True
2,119,reel20__7,1437,N,True
2,118,bot24__0,1437,N,True
2,118,bot29__8,1437,N,True
2,118,reel30__3,1437,N,True
2,118,reel41__9,1437,N,True
2,reel39__3,reel2__8,1437,N,True
2,reel39__3,bot42__9,1437,N,True
2,reel39__3,bot67__1,1437,N,True
2,bot9__5,bot8__9,1437,N,True
2,bot9__5,bot52__6,1437,N,True
2,21,284,1437,N,True
2,0,284,1437,N,True
2,21,184,1437,N,True
2,0,184,1437,N,True
2,21,127,1437,N,True
2,0,127,1437,N,True
2,21,251,1437,N,True
2,0,251,1437,N,True
2,21,281,1437,N,True
2,0,281,1437,N,True
2,21,197,1437,N,True
2,0,197,1437,N,True
2,21,bot9__3,1437,N,True
2,21,reel16__3,1437,N,True
2,21,reel51__7,1437,N,True
2,133,183,1437,N,True
2,0,183,1437,N,True
2,reel13__7,183,1437,N,True
2,reel13__7,bot20__5,1437,N,True
2,reel13__7,bot42__7,1437,N,True
2,reel13__7,bot53__1,1437,N,True
2,277,57,1437,N,True
2,0,57,1437,N,True
2,277,120,1437,N,True
2,0,120,1437,N,True
2,334,339,1437,N,True
2,315,339,1437,N,True
2,119,339,1437,N,True
2,0,339,1437,N,True
2,277,339,1437,N,True
2,161,339,1437,N,True
2,291,339,1437,N,True
2,313,339,1437,N,True
2,277,294,1437,N,True
2,0,294,1437,N,True
2,325,311,1437,N,True
2,0,311,1437,N,True
2,277,311,1437,N,True
2,265,311,1437,N,True
2,248,311,1437,N,True
2,277,204,1437,N,True
2,0,204,1437,N,True
2,277,130,1437,N,True
2,62,130,1437,N,True
2,0,130,1437,N,True
2,25,130,1437,N,True
2,277,bot6__4,1437,N,True
2,277,bot8__5,1437,N,True
2,277,bot9__7,1437,N,True
2,277,reel9__2,1437,N,True
2,277,reel34__8,1437,N,True
2,277,reel53__4,1437,N,True
2,277,bot60__9,1437,N,True
2,0,84,1437,N,True
2,313,84,1437,N,True
2,224,84,1437,N,True
2,265,84,1437,N,True
2,25,84,1437,N,True
2,265,reel44__8,1437,N,True
2,265,bot48__5,1437,N,True
2,295,bot1__5,1437,N,True
2,295,reel4__6,1437,N,True
2,295,bot9__1,1437,N,True
2,295,reel22__3,1437,N,True
2,295,reel34__2,1437,N,True
2,295,bot35__2,1437,N,True
2,200,bot8__6,1437,N,True
2,200,bot20__7,1437,N,True
2,200,reel28__6,1437,N,True
2,56,bot45__2,1437,N,True
2,200,bot45__2,1437,N,True
2,0,228,1437,N,True
2,3,228,1437,N,True
2,3,reel0__4,1437,N,True
2,3,reel3__2,1437,N,True
2,3,reel23__2,1437,N,True
2,3,bot64__1,1437,N,True
2,332,bot5__7,1437,N,True
2,332,bot11__3,1437,N,True
2,170,bot11__3,1437,N,True
2,332,reel25__4,1437,N,True
2,332,reel40__4,1437,N,True
2,332,bot49__2,1437,N,True
2,332,reel63__7,1437,N,True
2,0,250,1437,N,True
2,252,250,1437,N,True
2,170,250,1437,N,True
2,170,reel0__0,1437,N,True
2,170,bot1__3,1437,N,True
2,170,bot14__9,1437,N,True
2,170,bot51__2,1437,N,True
2,170,reel56__5,1437,N,True
2,285,246,1437,N,True
2,315,246,1437,N,True
2,0,246,1437,N,True
2,25,246,1437,N,True
2,308,246,1437,N,True
2,285,60,1437,N,True
2,56,60,1437,N,True
2,0,60,1437,N,True
2,291,60,1437,N,True
2,313,60,1437,N,True
2,0,164,1437,N,True
2,285,164,1437,N,True
2,0,117,1437,N,True
2,285,117,1437,N,True
2,0,196,1437,N,True
2,285,196,1437,N,True
2,285,bot3__3,1437,N,True
2,285,bot49__3,1437,N,True
2,315,288,1437,N,True
2,0,288,1437,N,True
2,25,288,1437,N,True
2,315,249,1437,N,True
2,0,249,1437,N,True
2,315,302,1437,N,True
2,0,302,1437,N,True
2,315,bot2__8,1437,N,True
2,315,bot16__0,1437,N,True
2,315,reel52__6,1437,N,True
2,315,bot71__0,1437,N,True
2,119,171,1437,N,True
2,0,171,1437,N,True
2,119,54,1437,N,True
2,0,54,1437,N,True
2,313,54,1437,N,True
2,119,269,1437,N,True
2,0,269,1437,N,True
2,119,64,1437,N,True
2,0,64,1437,N,True
2,119,189,1437,N,True
2,0,189,1437,N,True
2,119,27,1437,N,True
2,0,27,1437,N,True
2,119,163,1437,N,True
2,0,163,1437,N,True
2,119,reel24__7,1437,N,True
2,119,reel40__6,1437,N,True
2,119,bot46__6,1437,N,True
2,248,reel11__5,1437,N,True
2,248,reel41__8,1437,N,True
2,161,bot0__8,1437,N,True
2,176,bot0__8,1437,N,True
2,161,bot37__6,1437,N,True
2,161,reel59__4,1437,N,True
2,252,338,1437,N,True
2,0,338,1437,N,True
2,308,338,1437,N,True
2,13,reel46__5,1437,N,True
2,252,reel46__5,1437,N,True
2,252,bot64__3,1437,N,True
2,252,bot69__0,1437,N,True
2,56,63,1437,N,True
2,0,63,1437,N,True
2,313,63,1437,N,True
2,313,reel9__4,1437,N,True
2,313,bot40__5,1437,N,True
2,bot43__4,bot46__4,1437,N,True
2,313,bot46__4,1437,N,True
2,313,reel57__3,1437,N,True
2,334,reel6__5,1437,N,True
2,334,reel23__9,1437,N,True
2,334,reel56__6,1437,N,True
2,334,reel57__9,1437,N,True
2,0,83,1437,N,True
2,25,83,1437,N,True
2,0,51,1437,N,True
2,25,51,1437,N,True
2,0,237,1437,N,True
2,25,237,1437,N,True
2,0,270,1437,N,True
2,25,270,1437,N,True
2,25,reel56__9,1437,N,True
2,reel19__3,reel42__8,1437,N,True
2,reel19__3,bot58__4,1437,N,True
2,72,bot46__9,1437,N,True
2,62,reel52__3,1437,N,True
2,62,bot63__7,1437,N,True
2,62,reel66__7,1437,N,True
2,62,reel69__9,1437,N,True
2,56,207,1437,N,True
2,0,207,1437,N,True
2,56,bot0__2,1437,N,True
2,291,bot0__2,1437,N,True
2,56,bot14__1,1437,N,True
2,56,bot46__2,1437,N,True
2,56,reel67__1,1437,N,True
2,123,reel67__1,1437,N,True
2,176,bot21__3,1437,N,True
2,176,reel21__0,1437,N,True
2,176,reel35__9,1437,N,True
2,0,24,1437,N,True
2,0,346,1437,N,True
2,0,46,1437,N,True
2,0,135,1437,N,True
2,0,23,1437,N,True
2,0,299,1437,N,True
2,0,36,1437,N,True
2,0,273,1437,N,True
2,0,242,1437,N,True
2,0,333,1437,N,True
2,0,139,1437,N,True
2,0,300,1437,N,True
2,0,187,1437,N,True
2,0,255,1437,N,True
2,0,320,1437,N,True
2,0,92,1437,N,True
2,0,266,1437,N,True
2,0,340,1437,N,True
2,0,309,1437,N,True
2,0,330,1437,N,True
2,0,230,1437,N,True
2,0,286,1437,N,True
2,0,81,1437,N,True
2,0,33,1437,N,True
2,0,42,1437,N,True
2,0,263,1437,N,True
2,0,195,1437,N,True
2,0,181,1437,N,True
2,0,8,1437,N,True
2,0,245,1437,N,True
2,0,101,1437,N,True
2,0,99,1437,N,True
2,0,102,1437,N,True
2,0,173,1437,N,True
2,0,306,1437,N,True
2,0,180,1437,N,True
2,0,259,1437,N,True
2,0,227,1437,N,True
2,0,91,1437,N,True
2,0,93,1437,N,True
2,0,6,1437,N,True
2,0,89,1437,N,True
2,0,107,1437,N,True
2,0,337,1437,N,True
2,0,264,1437,N,True
2,0,225,1437,N,True
2,0,86,1437,N,True
2,0,152,1437,N,True
2,0,201,1437,N,True
2,0,289,1437,N,True
2,0,160,1437,N,True
2,0,68,1437,N,True
2,0,131,1437,N,True
2,0,234,1437,N,True
2,0,193,1437,N,True
2,0,97,1437,N,True
2,0,112,1437,N,True
2,0,157,1437,N,True
2,0,4,1437,N,True
2,0,95,1437,N,True
2,0,247,1437,N,True
2,0,244,1437,N,True
2,0,256,1437,N,True
2,0,166,1437,N,True
2,0,202,1437,N,True
2,0,155,1437,N,True
2,0,191,1437,N,True
2,0,206,1437,N,True
2,0,138,1437,N,True
2,0,240,1437,N,True
2,0,219,1437,N,True
2,0,198,1437,N,True
2,0,253,1437,N,True
2,0,267,1437,N,True
2,0,316,1437,N,True
2,0,205,1437,N,True
2,0,47,1437,N,True
2,0,reel20__8,1437,N,True
2,113,bot1__2,1437,N,True
2,113,bot24__1,1437,N,True
2,113,reel28__1,1437,N,True
2,113,bot33__1,1437,N,True
2,113,reel58__4,1437,N,True
2,325,reel38__8,1437,N,True
2,325,bot51__0,1437,N,True
2,325,bot51__8,1437,N,True
2,325,reel52__9,1437,N,True
2,325,bot57__2,1437,N,True
2,224,bot8__4,1437,N,True
2,13,bot8__4,1437,N,True
2,224,bot35__0,1437,N,True
2,bot43__4,bot10__7,1437,N,True
2,13,bot10__7,1437,N,True
2,13,bot17__6,1437,N,True
2,13,reel23__7,1437,N,True
2,13,bot29__1,1437,N,True
2,298,reel31__8,1437,N,True
2,298,reel45__9,1437,N,True
2,123,reel4__0,1437,N,True
2,123,bot18__8,1437,N,True
2,123,reel32__1,1437,N,True
2,123,reel48__1,1437,N,True
2,123,reel69__3,1437,N,True
2,133,bot0__1,1437,N,True
2,133,reel53__9,1437,N,True
2,133,bot60__7,1437,N,True
2,133,reel65__6,1437,N,True
2,323,bot17__8,1437,N,True
2,323,bot40__2,1437,N,True
2,128,reel11__8,1437,N,True
2,128,reel19__4,1437,N,True
2,bot56__4,reel24__5,1437,N,True
2,bot56__4,bot61__4,1437,N,True
2,291,reel3__1,1437,N,True
2,291,reel4__3,1437,N,True
2,291,reel9__6,1437,N,True
2,308,bot2__7,1437,N,True
2,308,bot8__2,1437,N,True
2,308,reel11__1,1437,N,True
2,308,reel56__8,1437,N,True
2,reel38__3,reel18__8,1438,N,True
2,reel38__3,reel0__0,1438,N,True
2,reel38__3,reel19__2,1438,N,True
2,reel38__3,bot47__7,1438,N,True
2,reel55__7,reel1__5,1438,N,True
2,reel54__5,reel40__8,1438,N,True
2,reel54__5,reel18__3,1438,N,True
2,177,131,1438,N,True
2,reel23__5,131,1438,N,True
2,reel23__5,167,1438,N,True
2,reel23__5,reel34__0,1438,N,True
2,reel23__5,bot50__9,1438,N,True
2,reel14__9,108,1438,N,True
2,reel14__9,132,1438,N,True
2,reel14__9,reel7__8,1438,N,True
2,reel14__9,reel18__6,1438,N,True
2,reel14__9,reel33__5,1438,N,True
2,reel14__9,reel36__5,1438,N,True
2,reel48__0,277,1438,N,True
2,reel0__7,175,1438,N,True
2,177,175,1438,N,True
2,reel0__7,270,1438,N,True
2,reel0__7,255,1438,N,True
2,reel0__7,bot9__1,1438,N,True
2,reel0__7,bot48__7,1438,N,True
2,177,46,1438,N,True
2,177,227,1438,N,True
2,177,278,1438,N,True
2,177,225,1438,N,True
2,177,86,1438,N,True
2,177,0,1438,N,True
2,177,reel3__3,1438,N,True
2,177,reel12__5,1438,N,True
2,177,reel20__0,1438,N,True
2,177,reel20__9,1438,N,True
2,177,reel21__4,1438,N,True
2,177,reel30__9,1438,N,True
2,177,bot39__6,1438,N,True
2,177,bot46__3,1438,N,True
2,177,bot48__2,1438,N,True
2,177,reel61__7,1438,N,True
2,bot14__0,29,1439,N,True
2,bot14__0,reel6__3,1439,N,True
2,bot14__0,bot42__8,1439,N,True
2,reel38__6,105,1439,N,True
2,reel38__6,231,1439,N,True
2,70,230,1439,N,True
2,70,0,1439,N,True
2,168,0,1439,N,True
2,202,0,1439,N,True
2,70,bot5__7,1439,N,True
2,70,reel8__3,1439,N,True
2,70,bot35__1,1439,N,True
2,70,bot38__6,1439,N,True
2,70,reel53__6,1439,N,True
2,70,reel54__6,1439,N,True
2,70,reel65__0,1439,N,True
2,reel28__5,141,1439,N,True
2,reel28__5,reel32__1,1439,N,True
2,168,339,1439,N,True
2,168,304,1439,N,True
2,168,31,1439,N,True
2,168,347,1439,N,True
2,168,7,1439,N,True
2,168,22,1439,N,True
2,168,158,1439,N,True
2,168,277,1439,N,True
2,168,bot6__3,1439,N,True
2,168,reel7__8,1439,N,True
2,168,reel8__6,1439,N,True
2,168,bot10__2,1439,N,True
2,168,reel30__8,1439,N,True
2,168,reel53__3,1439,N,True
2,168,reel54__7,1439,N,True
2,reel52__8,reel9__1,1439,N,True
2,reel45__6,reel44__3,1439,N,True
2,reel45__6,bot48__9,1439,N,True
2,reel45__6,reel50__8,1439,N,True
2,reel45__6,reel52__9,1439,N,True
2,reel64__7,reel11__7,1439,N,True
2,reel64__7,reel13__4,1439,N,True
2,reel50__2,139,1439,N,True
2,reel50__2,330,1439,N,True
2,reel50__2,bot62__0,1439,N,True
2,bot42__5,bot28__5,1439,N,True
2,bot42__5,bot31__5,1439,N,True
2,bot20__2,174,1439,N,True
2,bot20__2,reel13__1,1439,N,True
2,bot20__2,bot27__1,1439,N,True
2,bot20__2,bot37__4,1439,N,True
2,202,166,1439,N,True
2,202,329,1439,N,True
2,202,173,1439,N,True
2,202,bot0__0,1439,N,True
2,202,bot0__4,1439,N,True
2,202,reel0__8,1439,N,True
2,202,bot5__2,1439,N,True
2,202,bot53__0,1439,N,True
2,202,reel57__5,1439,N,True
2,202,bot58__0,1439,N,True
2,202,reel62__0,1439,N,True
2,202,reel63__7,1439,N,True
2,reel21__3,296,1439,N,True
2,reel21__3,reel62__4,1439,N,True
3,reel3__1,reel22__3,1420,N,False
3,146,reel22__3,1420,N,False
3,reel3__1,bot45__3,1420,N,False
3,242,bot45__3,1420,N,False
3,242,reel4__6,1420,N,False
3,242,reel43__0,1420,N,False
3,145,reel15__9,1420,N,False
3,reel11__8,reel15__9,1420,N,False
3,145,bot29__1,1420,N,False
3,13,bot29__1,1420,N,False
3,bot51__2,bot29__1,1420,N,False
3,bot4__8,bot1__5,1420,N,False
3,88,bot8__9,1420,N,False
3,264,bot8__9,1420,N,False
3,51,bot8__9,1420,N,False
3,264,bot15__0,1420,N,False
3,134,bot49__5,1420,N,False
3,270,bot0__9,1420,N,False
3,270,reel8__5,1420,N,False
3,270,reel19__1,1420,N,False
3,193,reel5__7,1420,N,False
3,193,reel23__0,1420,N,False
3,193,bot56__3,1420,N,False
3,reel0__0,bot56__3,1420,N,False
3,326,reel10__5,1420,N,False
3,326,bot20__9,1420,N,False
3,reel34__1,reel25__6,1420,N,False
3,326,reel25__6,1420,N,False
3,326,reel28__2,1420,N,False
3,204,bot51__0,1420,N,False
3,28,bot2__0,1420,N,False
3,118,bot2__0,1420,N,False
3,64,bot2__0,1420,N,False
3,118,reel3__3,1420,N,False
3,177,reel3__3,1420,N,False
3,168,reel9__9,1420,N,False
3,118,reel9__9,1420,N,False
3,118,reel12__4,1420,N,False
3,151,reel12__4,1420,N,False
3,118,bot18__1,1420,N,False
3,118,bot24__0,1420,N,False
3,reel7__8,bot24__0,1420,N,False
3,118,bot29__8,1420,N,False
3,227,bot29__8,1420,N,False
3,118,reel30__3,1420,N,False
3,118,bot39__3,1420,N,False
3,118,reel41__9,1420,N,False
3,49,reel27__1,1420,N,False
3,49,reel27__3,1420,N,False
3,149,reel14__8,1420,N,False
3,149,reel20__3,1420,N,False
3,reel2__3,bot39__0,1420,N,False
3,181,bot39__0,1420,N,False
3,99,bot39__0,1420,N,False
3,reel2__3,bot40__6,1420,N,False
3,reel2__3,bot54__3,1420,N,False
3,82,reel4__5,1420,N,False
3,82,reel33__7,1420,N,False
3,131,reel39__6,1420,N,False
3,131,bot65__0,1420,N,False
3,reel30__7,reel43__7,1420,N,False
3,153,reel43__7,1420,N,False
3,229,bot1__0,1420,N,False
3,251,bot19__0,1420,N,False
3,229,bot19__0,1420,N,False
3,229,bot36__9,1420,N,False
3,190,reel9__1,1420,N,False
3,44,reel9__1,1420,N,False
3,190,bot24__7,1420,N,False
3,190,reel32__9,1420,N,False
3,321,reel32__9,1420,N,False
3,190,reel33__4,1420,N,False
3,190,reel40__7,1420,N,False
3,307,reel10__4,1420,N,False
3,191,reel10__4,1420,N,False
3,307,bot71__3,1420,N,False
3,reel55__8,bot71__3,1420,N,False
3,103,bot2__6,1420,N,False
3,83,reel18__2,1420,N,False
3,103,reel18__2,1420,N,False
3,103,bot43__0,1420,N,False
3,103,bot57__2,1420,N,False
3,38,bot5__2,1420,N,False
3,bot51__2,bot5__2,1420,N,False
3,168,reel30__8,1420,N,False
3,reel60__3,reel30__8,1420,N,False
3,256,reel30__8,1420,N,False
3,168,reel54__7,1420,N,False
3,reel26__6,reel54__7,1420,N,False
3,57,bot21__3,1420,N,False
3,reel1__1,bot21__3,1420,N,False
3,191,bot22__1,1420,N,False
3,301,bot22__1,1420,N,False
3,191,bot71__7,1420,N,False
3,225,bot71__7,1420,N,False
3,119,reel24__7,1420,N,False
3,225,reel24__7,1420,N,False
3,119,reel40__6,1420,N,False
3,119,reel62__6,1420,N,False
3,reel8__1,reel1__4,1420,N,False
3,reel8__1,reel12__0,1420,N,False
3,reel8__1,bot19__3,1420,N,False
3,reel8__1,reel22__4,1420,N,False
3,144,reel22__4,1420,N,False
3,reel8__1,reel26__2,1420,N,False
3,reel20__8,reel26__2,1420,N,False
3,198,reel26__2,1420,N,False
3,263,bot71__4,1420,N,False
3,79,bot71__4,1420,N,False
3,61,reel0__4,1420,N,False
3,61,bot2__2,1420,N,False
3,86,reel12__5,1420,N,False
3,177,reel12__5,1420,N,False
3,reel66__0,reel12__5,1420,N,False
3,reel29__6,reel20__9,1420,N,False
3,177,reel20__9,1420,N,False
3,337,reel20__9,1420,N,False
3,177,reel21__4,1420,N,False
3,reel7__8,reel21__4,1420,N,False
3,177,reel30__9,1420,N,False
3,177,bot46__3,1420,N,False
3,177,bot48__2,1420,N,False
3,bot56__8,bot39__2,1420,N,False
3,337,bot57__3,1420,N,False
3,157,bot14__5,1420,N,False
3,237,bot14__5,1420,N,False
3,bot15__9,bot14__5,1420,N,False
3,28,reel7__4,1420,N,False
3,28,reel7__5,1420,N,False
3,316,reel7__5,1420,N,False
3,28,reel53__6,1420,N,False
3,reel6__9,reel9__5,1420,N,False
3,reel6__9,bot21__7,1420,N,False
3,reel6__9,reel24__4,1420,N,False
3,225,reel24__4,1420,N,False
3,reel6__9,bot34__5,1420,N,False
3,reel6__9,bot40__8,1420,N,False
3,reel6__9,bot47__0,1420,N,False
3,reel6__9,reel49__8,1420,N,False
3,reel6__9,reel53__0,1420,N,False
3,72,bot46__9,1420,N,False
3,218,reel4__9,1420,N,False
3,69,reel4__9,1420,N,False
3,120,reel9__4,1420,N,False
3,120,bot29__0,1420,N,False
3,bot23__1,bot34__7,1420,N,False
3,120,bot34__7,1420,N,False
3,120,bot68__8,1420,N,False
3,342,bot0__7,1420,N,False
3,69,bot0__7,1420,N,False
3,310,bot3__5,1420,N,False
3,342,bot3__5,1420,N,False
3,reel31__9,reel17__7,1420,N,False
3,reel46__3,reel17__7,1420,N,False
3,bot46__2,reel17__7,1420,N,False
3,200,bot8__6,1420,N,False
3,327,bot8__6,1420,N,False
3,41,reel28__6,1420,N,False
3,200,reel28__6,1420,N,False
3,reel40__8,reel42__0,1420,N,False
3,200,reel42__0,1420,N,False
3,reel31__3,reel42__0,1420,N,False
3,344,reel33__9,1420,N,False
3,344,bot41__9,1420,N,False
3,344,bot48__5,1420,N,False
3,reel13__7,bot53__1,1420,N,False
3,344,bot53__1,1420,N,False
3,151,bot18__4,1420,N,False
3,311,bot24__3,1420,N,False
3,151,bot24__3,1420,N,False
3,59,bot30__5,1420,N,False
3,151,bot30__5,1420,N,False
3,151,reel41__4,1420,N,False
3,reel29__6,reel55__1,1420,N,False
3,reel54__2,reel55__1,1420,N,False
3,29,bot11__2,1420,N,False
3,245,bot47__9,1420,N,False
3,29,bot47__9,1420,N,False
3,173,reel21__9,1420,N,False
3,311,reel21__9,1420,N,False
3,reel13__7,bot42__7,1420,N,False
3,267,bot42__7,1420,N,False
3,311,bot42__7,1420,N,False
3,311,reel62__1,1420,N,False
3,320,reel45__4,1420,N,False
3,320,bot46__0,1420,N,False
3,bot4__2,bot3__9,1420,N,False
3,328,bot3__9,1420,N,False
3,327,bot3__9,1420,N,False
3,234,reel29__4,1420,N,False
3,294,reel29__4,1420,N,False
3,2,bot29__6,1420,N,False
3,2,reel36__0,1420,N,False
3,2,bot58__3,1420,N,False
3,256,bot58__3,1420,N,False
3,32,bot32__9,1420,N,False
3,197,bot32__9,1420,N,False
3,234,reel38__1,1420,N,False
3,197,reel38__1,1420,N,False
3,241,reel21__5,1420,N,False
3,46,reel21__5,1420,N,False
3,241,bot33__7,1420,N,False
3,216,bot30__9,1420,N,False
3,bot24__2,bot30__9,1420,N,False
3,79,reel3__9,1420,N,False
3,79,reel4__0,1420,N,False
3,79,reel27__0,1420,N,False
3,58,bot11__5,1420,N,False
3,144,bot11__5,1420,N,False
3,144,reel14__7,1420,N,False
3,144,reel44__0,1420,N,False
3,144,reel54__0,1420,N,False
3,144,reel60__5,1420,N,False
3,77,reel17__6,1420,N,False
3,77,bot23__3,1420,N,False
3,77,bot59__5,1420,N,False
3,174,reel59__4,1420,N,False
3,77,reel59__4,1420,N,False
3,50,reel31__0,1420,N,False
3,50,reel44__8,1420,N,False
3,251,reel24__3,1420,N,False
3,59,reel21__0,1420,N,False
3,reel31__9,reel21__0,1420,N,False
3,228,reel22__9,1420,N,False
3,46,reel22__9,1420,N,False
3,83,bot25__2,1420,N,False
3,222,bot1__8,1420,N,False
3,38,bot1__8,1420,N,False
3,174,bot12__5,1420,N,False
3,174,bot20__2,1420,N,False
3,181,reel4__3,1420,N,False
3,181,reel4__7,1420,N,False
3,212,bot22__6,1420,N,False
3,181,bot22__6,1420,N,False
3,reel40__8,bot41__7,1420,N,False
3,reel0__7,bot9__1,1420,N,False
3,59,bot9__1,1420,N,False
3,59,bot17__2,1420,N,False
3,76,reel9__0,1420,N,False
3,284,reel9__0,1420,N,False
3,284,reel17__3,1420,N,False
3,reel36__2,bot44__3,1420,N,False
3,256,bot44__3,1420,N,False
3,256,bot2__9,1420,N,False
3,256,bot6__9,1420,N,False
3,256,reel56__9,1420,N,False
3,25,reel56__9,1420,N,False
3,222,reel63__8,1420,N,False
3,328,reel7__7,1420,N,False
3,328,reel44__2,1420,N,False
3,76,reel6__0,1420,N,False
3,76,reel69__6,1420,N,False
3,14,bot3__4,1420,N,False
3,bot4__2,bot0__8,1420,N,False
3,341,bot0__8,1420,N,False
3,bot4__2,bot27__4,1420,N,False
3,30,reel63__4,1420,N,False
3,reel23__8,bot39__5,1420,N,False
3,88,bot51__4,1420,N,False
3,138,bot51__4,1420,N,False
3,138,reel59__6,1420,N,False
3,138,bot67__4,1420,N,False
3,64,bot0__3,1420,N,False
3,64,bot39__1,1420,N,False
3,175,bot13__3,1420,N,False
3,175,bot13__9,1420,N,False
3,227,bot13__9,1420,N,False
3,175,bot31__6,1420,N,False
3,reel46__0,reel29__3,1420,N,False
3,reel46__0,bot52__7,1420,N,False
3,reel46__0,reel61__6,1420,N,False
3,81,reel61__6,1420,N,False
3,225,bot35__4,1420,N,False
3,225,reel61__0,1420,N,False
3,116,bot70__4,1420,N,False
3,reel55__8,reel53__1,1420,N,False
3,205,bot0__0,1420,N,False
3,198,reel1__0,1420,N,False
3,198,bot3__2,1420,N,False
3,198,reel11__2,1420,N,False
3,reel51__0,reel16__1,1420,N,False
3,66,reel16__1,1420,N,False
3,66,reel34__4,1420,N,False
3,66,bot46__1,1420,N,False
3,183,reel10__8,1420,N,False
3,81,reel10__8,1420,N,False
3,183,bot12__1,1420,N,False
3,308,bot59__9,1420,N,False
3,reel7__8,bot61__4,1420,N,False
3,bot56__4,bot61__4,1420,N,False
3,88,reel58__7,1420,N,False
3,88,reel68__0,1420,N,False
3,227,bot24__5,1420,N,False
3,227,reel28__1,1420,N,False
3,54,reel7__1,1420,N,False
3,54,reel16__9,1420,N,False
3,54,bot18__9,1420,N,False
3,54,reel20__6,1420,N,False
3,163,bot9__7,1420,N,False
3,163,reel50__7,1420,N,False
3,259,reel30__2,1420,N,False
3,234,bot17__1,1420,N,False
3,41,bot17__1,1420,N,False
3,239,bot36__7,1420,N,False
3,234,bot36__7,1420,N,False
3,234,reel52__1,1420,N,False
3,bot2__5,bot16__1,1420,N,False
3,267,bot3__1,1420,N,False
3,51,bot3__1,1420,N,False
3,reel31__7,reel15__0,1420,N,False
3,reel31__7,bot41__5,1420,N,False
3,reel31__7,bot66__1,1420,N,False
3,bot44__4,bot59__1,1420,N,False
3,60,bot70__5,1420,N,False
3,bot44__4,bot70__5,1420,N,False
3,297,reel51__6,1420,N,False
3,239,reel59__3,1420,N,False
3,301,reel59__3,1420,N,False
3,48,bot68__5,1420,N,False
3,341,bot68__5,1420,N,False
3,243,bot5__8,1420,N,False
3,243,reel13__4,1420,N,False
3,243,reel19__8,1420,N,False
3,301,reel19__8,1420,N,False
3,243,reel59__8,1420,N,False
3,314,reel59__8,1420,N,False
3,reel1__1,reel59__8,1420,N,False
3,243,reel60__2,1420,N,False
3,reel30__0,bot70__6,1420,N,False
3,bot22__8,bot60__8,1420,N,False
3,bot4__9,bot11__9,1420,N,False
3,bot4__9,bot42__8,1420,N,False
3,316,reel2__8,1420,N,False
3,44,bot9__4,1420,N,False
3,316,bot9__4,1420,N,False
3,316,reel18__0,1420,N,False
3,316,bot22__7,1420,N,False
3,155,bot19__5,1420,N,False
3,155,bot38__4,1420,N,False
3,86,bot23__2,1420,N,False
3,106,reel0__9,1420,N,False
3,106,reel36__5,1420,N,False
3,58,reel15__6,1420,N,False
3,reel26__6,bot43__7,1420,N,False
3,reel26__6,reel48__4,1420,N,False
3,reel46__3,bot70__3,1420,N,False
3,146,reel27__2,1420,N,False
3,146,reel63__1,1420,N,False
3,reel31__3,reel22__2,1420,N,False
3,321,reel22__2,1420,N,False
3,301,reel22__2,1420,N,False
3,321,bot71__5,1420,N,False
3,212,bot48__1,1420,N,False
3,228,bot10__7,1420,N,False
3,13,bot10__7,1420,N,False
3,13,bot17__6,1420,N,False
3,reel0__0,bot28__5,1420,N,False
3,reel0__0,reel38__3,1420,N,False
3,301,bot28__0,1420,N,False
3,301,reel39__1,1420,N,False
3,301,reel70__0,1420,N,False
3,267,reel15__3,1420,N,False
3,267,bot27__3,1420,N,False
3,310,reel30__5,1420,N,False
3,267,reel30__5,1420,N,False
3,267,reel58__1,1420,N,False
3,230,reel67__4,1420,N,False
3,60,bot4__3,1420,N,False
3,reel38__6,reel40__3,1420,N,False
3,157,bot24__6,1420,N,False
3,216,bot37__8,1420,N,False
3,195,reel1__6,1420,N,False
3,195,bot71__8,1420,N,False
3,237,bot71__2,1420,N,False
3,reel31__3,reel47__7,1420,N,False
3,340,reel9__7,1420,N,False
3,340,bot10__8,1420,N,False
3,340,reel44__4,1420,N,False
3,340,reel44__6,1420,N,False
3,340,reel65__9,1420,N,False
3,reel30__7,reel26__3,1420,N,False
3,reel30__7,bot42__2,1420,N,False
3,reel26__0,reel32__5,1420,N,False
3,reel26__0,reel56__7,1420,N,False
3,41,reel3__0,1420,N,False
3,41,reel70__1,1420,N,False
3,32,reel40__5,1420,N,False
3,173,bot33__3,1420,N,False
3,reel20__8,reel24__2,1420,N,False
3,reel20__8,reel41__3,1420,N,False
3,reel20__8,bot47__8,1420,N,False
3,115,reel32__4,1420,N,False
3,reel67__6,reel57__8,1420,N,False
3,reel1__1,reel25__4,1420,N,False
3,reel1__1,bot65__3,1420,N,False
3,341,reel7__2,1420,N,False
3,341,reel38__9,1420,N,False
3,341,bot58__6,1420,N,False
3,273,reel17__0,1420,N,False
3,273,bot23__8,1420,N,False
3,273,reel65__7,1420,N,False
3,22,bot0__5,1420,N,False
3,22,bot27__0,1420,N,False
3,22,bot48__3,1420,N,False
3,bot22__3,reel5__3,1420,N,False
3,bot15__8,reel5__3,1420,N,False
3,129,bot43__5,1420,N,False
3,44,bot60__2,1420,N,False
3,bot15__8,bot10__9,1420,N,False
3,bot15__8,bot18__2,1420,N,False
3,bot15__8,bot52__6,1420,N,False
3,298,reel31__8,1420,N,False
3,298,reel45__9,1420,N,False
3,99,bot57__0,1420,N,False
3,99,bot57__5,1420,N,False
3,29,338,1421,N,False
3,0,338,1421,N,False
3,109,118,1421,N,False
3,29,118,1421,N,False
3,0,118,1421,N,False
3,29,172,1421,N,False
3,0,172,1421,N,False
3,109,203,1421,N,False
3,29,203,1421,N,False
3,0,203,1421,N,False
3,29,bot5__6,1421,N,False
3,29,bot14__0,1421,N,False
3,bot15__6,bot47__9,1421,N,False
3,29,bot47__9,1421,N,False
3,reel32__9,reel62__6,1421,N,False
3,reel32__9,reel68__9,1421,N,False
3,0,3,1421,N,False
3,bot17__9,3,1421,N,False
3,53,322,1421,N,False
3,109,322,1421,N,False
3,0,322,1421,N,False
3,53,346,1421,N,False
3,0,346,1421,N,False
3,53,299,1421,N,False
3,0,299,1421,N,False
3,53,1,1421,N,False
3,0,1,1421,N,False
3,53,48,1421,N,False
3,0,48,1421,N,False
3,53,196,1421,N,False
3,0,196,1421,N,False
3,53,254,1421,N,False
3,0,254,1421,N,False
3,53,248,1421,N,False
3,0,248,1421,N,False
3,53,191,1421,N,False
3,0,191,1421,N,False
3,53,54,1421,N,False
3,0,54,1421,N,False
3,53,249,1421,N,False
3,0,249,1421,N,False
3,53,315,1421,N,False
3,0,315,1421,N,False
3,53,92,1421,N,False
3,0,92,1421,N,False
3,53,reel3__1,1421,N,False
3,53,reel9__8,1421,N,False
3,53,bot21__2,1421,N,False
3,53,bot23__1,1421,N,False
3,53,reel31__7,1421,N,False
3,53,bot50__4,1421,N,False
3,109,325,1421,N,False
3,0,325,1421,N,False
3,109,119,1421,N,False
3,0,119,1421,N,False
3,109,331,1421,N,False
3,0,331,1421,N,False
3,109,26,1421,N,False
3,0,26,1421,N,False
3,109,303,1421,N,False
3,0,303,1421,N,False
3,109,239,1421,N,False
3,0,239,1421,N,False
3,109,229,1421,N,False
3,0,229,1421,N,False
3,109,104,1421,N,False
3,0,104,1421,N,False
3,109,314,1421,N,False
3,0,314,1421,N,False
3,109,50,1421,N,False
3,0,50,1421,N,False
3,109,13,1421,N,False
3,0,13,1421,N,False
3,reel0__5,98,1421,N,False
3,109,98,1421,N,False
3,0,98,1421,N,False
3,109,323,1421,N,False
3,0,323,1421,N,False
3,109,reel1__1,1421,N,False
3,109,reel37__9,1421,N,False
3,109,reel55__3,1421,N,False
3,reel10__2,230,1421,N,False
3,0,230,1421,N,False
3,reel10__2,reel15__3,1421,N,False
3,reel10__2,reel29__1,1421,N,False
3,reel10__2,reel58__8,1421,N,False
3,bot47__7,reel38__3,1421,N,False
3,bot47__7,bot56__7,1421,N,False
3,reel24__9,129,1421,N,False
3,0,129,1421,N,False
3,reel24__9,reel32__0,1421,N,False
3,reel24__9,reel51__4,1421,N,False
3,reel42__0,reel40__8,1421,N,False
3,reel42__0,reel53__3,1421,N,False
3,bot25__6,reel20__8,1421,N,False
3,0,reel20__8,1421,N,False
3,bot25__6,reel11__7,1421,N,False
3,bot25__6,bot30__0,1421,N,False
3,bot25__6,bot36__8,1421,N,False
3,reel2__9,reel16__0,1421,N,False
3,reel2__9,reel55__4,1421,N,False
3,reel0__9,reel3__6,1421,N,False
3,reel0__9,bot19__7,1421,N,False
3,reel0__9,bot33__7,1421,N,False
3,reel0__9,bot48__5,1421,N,False
3,bot63__8,reel6__6,1421,N,False
3,bot63__8,reel59__0,1421,N,False
3,bot38__2,reel32__5,1421,N,False
3,bot38__2,bot27__8,1421,N,False
3,47,bot0__0,1421,N,False
3,47,bot29__2,1421,N,False
3,bot16__7,bot3__4,1421,N,False
3,bot16__7,bot34__5,1421,N,False
3,bot9__7,163,1421,N,False
3,0,163,1421,N,False
3,bot9__7,bot42__4,1421,N,False
3,bot71__5,reel50__7,1421,N,False
3,reel4__9,69,1421,N,False
3,0,69,1421,N,False
3,reel4__9,9,1421,N,False
3,0,9,1421,N,False
3,reel4__9,reel20__5,1421,N,False
3,reel4__9,bot51__8,1421,N,False
3,175,68,1421,N,False
3,177,68,1421,N,False
3,0,68,1421,N,False
3,175,227,1421,N,False
3,177,227,1421,N,False
3,0,227,1421,N,False
3,175,278,1421,N,False
3,177,278,1421,N,False
3,0,278,1421,N,False
3,177,131,1421,N,False
3,0,131,1421,N,False
3,175,225,1421,N,False
3,177,225,1421,N,False
3,0,225,1421,N,False
3,175,99,1421,N,False
3,177,99,1421,N,False
3,0,99,1421,N,False
3,175,86,1421,N,False
3,177,86,1421,N,False
3,0,86,1421,N,False
3,177,reel3__3,1421,N,False
3,177,reel6__1,1421,N,False
3,177,reel20__9,1421,N,False
3,177,reel21__4,1421,N,False
3,177,reel30__9,1421,N,False
3,177,bot46__3,1421,N,False
3,177,bot48__2,1421,N,False
3,bot17__3,bot31__4,1421,N,False
3,bot15__6,221,1421,N,False
3,0,221,1421,N,False
3,bot15__6,bot48__4,1421,N,False
3,175,263,1421,N,False
3,0,263,1421,N,False
3,175,19,1421,N,False
3,0,19,1421,N,False
3,175,23,1421,N,False
3,0,23,1421,N,False
3,175,reel0__7,1421,N,False
3,175,bot13__9,1421,N,False
3,175,bot31__6,1421,N,False
3,175,reel60__7,1421,N,False
3,175,reel64__5,1421,N,False
3,0,176,1421,N,False
3,0,272,1421,N,False
3,0,199,1421,N,False
3,0,62,1421,N,False
3,0,170,1421,N,False
3,0,117,1421,N,False
3,0,135,1421,N,False
3,0,188,1421,N,False
3,0,116,1421,N,False
3,reel1__7,288,1421,N,False
3,0,288,1421,N,False
3,0,57,1421,N,False
3,0,313,1421,N,False
3,0,270,1421,N,False
3,0,76,1421,N,False
3,0,36,1421,N,False
3,0,223,1421,N,False
3,0,274,1421,N,False
3,0,339,1421,N,False
3,0,108,1421,N,False
3,0,273,1421,N,False
3,0,83,1421,N,False
3,0,28,1421,N,False
3,0,312,1421,N,False
3,0,214,1421,N,False
3,0,333,1421,N,False
3,0,168,1421,N,False
3,0,308,1421,N,False
3,0,341,1421,N,False
3,0,128,1421,N,False
3,0,27,1421,N,False
3,0,139,1421,N,False
3,0,217,1421,N,False
3,0,126,1421,N,False
3,0,224,1421,N,False
3,0,283,1421,N,False
3,0,184,1421,N,False
3,0,159,1421,N,False
3,0,149,1421,N,False
3,0,59,1421,N,False
3,0,326,1421,N,False
3,0,187,1421,N,False
3,0,66,1421,N,False
3,reel1__7,49,1421,N,False
3,0,49,1421,N,False
3,0,320,1421,N,False
3,0,137,1421,N,False
3,0,115,1421,N,False
3,0,310,1421,N,False
3,0,32,1421,N,False
3,0,30,1421,N,False
3,0,72,1421,N,False
3,0,212,1421,N,False
3,0,237,1421,N,False
3,0,311,1421,N,False
3,0,70,1421,N,False
3,0,39,1421,N,False
3,0,81,1421,N,False
3,0,174,1421,N,False
3,0,347,1421,N,False
3,0,2,1421,N,False
3,0,281,1421,N,False
3,0,178,1421,N,False
3,0,243,1421,N,False
3,0,245,1421,N,False
3,reel0__5,173,1421,N,False
3,0,173,1421,N,False
3,0,165,1421,N,False
3,0,306,1421,N,False
3,0,87,1421,N,False
3,0,259,1421,N,False
3,0,58,1421,N,False
3,0,269,1421,N,False
3,0,96,1421,N,False
3,0,93,1421,N,False
3,0,6,1421,N,False
3,0,89,1421,N,False
3,0,208,1421,N,False
3,0,132,1421,N,False
3,0,250,1421,N,False
3,0,337,1421,N,False
3,0,264,1421,N,False
3,0,160,1421,N,False
3,0,22,1421,N,False
3,0,298,1421,N,False
3,0,262,1421,N,False
3,0,44,1421,N,False
3,0,90,1421,N,False
3,0,151,1421,N,False
3,0,145,1421,N,False
3,0,157,1421,N,False
3,0,4,1421,N,False
3,0,282,1421,N,False
3,0,256,1421,N,False
3,0,202,1421,N,False
3,0,155,1421,N,False
3,0,138,1421,N,False
3,0,164,1421,N,False
3,0,77,1421,N,False
3,0,154,1421,N,False
3,0,198,1421,N,False
3,0,294,1421,N,False
3,0,267,1421,N,False
3,0,205,1421,N,False
3,0,183,1421,N,False
3,0,52,1421,N,False
3,0,34,1421,N,False
3,0,35,1421,N,False
3,reel0__5,reel12__0,1421,N,False
3,reel0__5,bot31__1,1421,N,False
3,reel0__5,bot39__4,1421,N,False
3,reel0__5,reel56__1,1421,N,False
3,bot28__0,bot57__0,1421,N,False
3,reel59__5,reel57__2,1421,N,False
3,reel59__5,reel26__7,1421,N,False
3,bot38__9,bot24__9,1421,N,False
3,reel1__7,reel18__9,1421,N,False
3,reel1__7,reel54__0,1421,N,False
3,239,109,1422,N,False
3,186,109,1422,N,False
3,203,109,1422,N,False
3,104,109,1422,N,False
3,56,109,1422,N,False
3,67,109,1422,N,False
3,322,109,1422,N,False
3,13,109,1422,N,False
3,26,109,1422,N,False
3,323,109,1422,N,False
3,303,109,1422,N,False
3,122,109,1422,N,False
3,98,109,1422,N,False
3,239,55,1422,N,False
3,186,55,1422,N,False
3,203,55,1422,N,False
3,104,55,1422,N,False
3,56,55,1422,N,False
3,67,55,1422,N,False
3,26,55,1422,N,False
3,122,55,1422,N,False
3,185,55,1422,N,False
3,239,223,1422,N,False
3,186,223,1422,N,False
3,203,223,1422,N,False
3,56,223,1422,N,False
3,67,223,1422,N,False
3,13,223,1422,N,False
3,26,223,1422,N,False
3,188,223,1422,N,False
3,98,223,1422,N,False
3,313,223,1422,N,False
3,239,59,1422,N,False
3,186,59,1422,N,False
3,203,59,1422,N,False
3,56,59,1422,N,False
3,13,59,1422,N,False
3,82,59,1422,N,False
3,98,59,1422,N,False
3,203,128,1422,N,False
3,186,128,1422,N,False
3,104,128,1422,N,False
3,56,128,1422,N,False
3,67,128,1422,N,False
3,176,128,1422,N,False
3,322,128,1422,N,False
3,26,128,1422,N,False
3,122,128,1422,N,False
3,9,128,1422,N,False
3,98,128,1422,N,False
3,313,128,1422,N,False
3,239,142,1422,N,False
3,186,142,1422,N,False
3,203,142,1422,N,False
3,303,142,1422,N,False
3,104,142,1422,N,False
3,56,142,1422,N,False
3,67,142,1422,N,False
3,113,142,1422,N,False
3,322,142,1422,N,False
3,40,142,1422,N,False
3,236,142,1422,N,False
3,26,142,1422,N,False
3,323,142,1422,N,False
3,188,142,1422,N,False
3,122,142,1422,N,False
3,9,142,1422,N,False
3,186,222,1422,N,False
3,56,222,1422,N,False
3,82,222,1422,N,False
3,240,222,1422,N,False
3,reel10__0,222,1422,N,False
3,313,222,1422,N,False
3,186,bot0__4,1422,N,False
3,186,reel13__5,1422,N,False
3,186,reel61__2,1422,N,False
3,239,212,1422,N,False
3,104,212,1422,N,False
3,72,212,1422,N,False
3,56,212,1422,N,False
3,67,212,1422,N,False
3,40,212,1422,N,False
3,26,212,1422,N,False
3,104,reel12__8,1422,N,False
3,bot5__3,275,1422,N,False
3,188,bot1__1,1422,N,False
3,bot5__3,bot1__1,1422,N,False
3,bot8__9,264,1422,N,False
3,bot8__9,bot9__5,1422,N,False
3,bot8__9,bot26__9,1422,N,False
3,257,315,1422,N,False
3,322,315,1422,N,False
3,288,315,1422,N,False
3,80,315,1422,N,False
3,40,315,1422,N,False
3,236,315,1422,N,False
3,188,315,1422,N,False
3,185,315,1422,N,False
3,9,315,1422,N,False
3,105,315,1422,N,False
3,231,315,1422,N,False
3,67,315,1422,N,False
3,203,315,1422,N,False
3,98,315,1422,N,False
3,313,315,1422,N,False
3,56,315,1422,N,False
3,1,315,1422,N,False
3,26,315,1422,N,False
3,323,315,1422,N,False
3,303,315,1422,N,False
3,122,315,1422,N,False
3,291,315,1422,N,False
3,257,bot58__2,1422,N,False
3,126,reel0__2,1422,N,False
3,126,bot11__9,1422,N,False
3,126,reel26__5,1422,N,False
3,126,reel61__3,1422,N,False
3,175,225,1422,N,False
3,227,225,1422,N,False
3,175,68,1422,N,False
3,227,68,1422,N,False
3,175,86,1422,N,False
3,227,86,1422,N,False
3,175,263,1422,N,False
3,227,263,1422,N,False
3,175,19,1422,N,False
3,227,19,1422,N,False
3,175,bot13__9,1422,N,False
3,322,bot13__9,1422,N,False
3,227,bot13__9,1422,N,False
3,227,bot29__8,1422,N,False
3,175,reel37__2,1422,N,False
3,227,reel37__2,1422,N,False
3,227,reel43__6,1422,N,False
3,283,reel47__9,1422,N,False
3,227,reel47__9,1422,N,False
3,106,329,1422,N,False
3,291,329,1422,N,False
3,178,329,1422,N,False
3,72,329,1422,N,False
3,130,329,1422,N,False
3,322,329,1422,N,False
3,40,329,1422,N,False
3,231,329,1422,N,False
3,9,329,1422,N,False
3,130,191,1422,N,False
3,130,bot2__4,1422,N,False
3,bot17__1,bot2__4,1422,N,False
3,130,bot15__4,1422,N,False
3,240,bot15__4,1422,N,False
3,130,reel19__6,1422,N,False
3,322,207,1422,N,False
3,56,207,1422,N,False
3,203,161,1422,N,False
3,39,161,1422,N,False
3,56,161,1422,N,False
3,67,161,1422,N,False
3,322,161,1422,N,False
3,26,161,1422,N,False
3,122,161,1422,N,False
3,9,161,1422,N,False
3,239,118,1422,N,False
3,203,118,1422,N,False
3,56,118,1422,N,False
3,67,118,1422,N,False
3,65,118,1422,N,False
3,322,118,1422,N,False
3,283,118,1422,N,False
3,13,118,1422,N,False
3,82,118,1422,N,False
3,26,118,1422,N,False
3,98,118,1422,N,False
3,313,118,1422,N,False
3,48,30,1422,N,False
3,178,30,1422,N,False
3,56,30,1422,N,False
3,322,30,1422,N,False
3,236,30,1422,N,False
3,303,30,1422,N,False
3,188,30,1422,N,False
3,9,30,1422,N,False
3,203,308,1422,N,False
3,67,308,1422,N,False
3,322,308,1422,N,False
3,26,308,1422,N,False
3,323,308,1422,N,False
3,56,75,1422,N,False
3,67,75,1422,N,False
3,322,75,1422,N,False
3,323,75,1422,N,False
3,188,75,1422,N,False
3,9,75,1422,N,False
3,291,339,1422,N,False
3,65,339,1422,N,False
3,322,339,1422,N,False
3,reel29__4,339,1422,N,False
3,313,339,1422,N,False
3,322,87,1422,N,False
3,291,87,1422,N,False
3,322,38,1422,N,False
3,178,38,1422,N,False
3,80,187,1422,N,False
3,48,320,1422,N,False
3,80,320,1422,N,False
3,80,101,1422,N,False
3,48,299,1422,N,False
3,80,299,1422,N,False
3,1,299,1422,N,False
3,80,249,1422,N,False
3,80,173,1422,N,False
3,80,bot1__4,1422,N,False
3,80,reel29__6,1422,N,False
3,80,reel30__0,1422,N,False
3,80,bot51__6,1422,N,False
3,288,reel1__7,1422,N,False
3,288,bot7__0,1422,N,False
3,288,reel7__9,1422,N,False
3,288,reel34__1,1422,N,False
3,288,bot44__4,1422,N,False
3,39,121,1422,N,False
3,113,121,1422,N,False
3,82,121,1422,N,False
3,236,121,1422,N,False
3,69,121,1422,N,False
3,67,248,1422,N,False
3,236,248,1422,N,False
3,26,248,1422,N,False
3,323,248,1422,N,False
3,122,248,1422,N,False
3,291,248,1422,N,False
3,185,reel17__9,1422,N,False
3,236,reel17__9,1422,N,False
3,236,reel24__0,1422,N,False
3,56,298,1422,N,False
3,40,298,1422,N,False
3,72,298,1422,N,False
3,26,298,1422,N,False
3,40,307,1422,N,False
3,40,reel0__6,1422,N,False
3,bot12__0,reel0__6,1422,N,False
3,175,reel0__7,1422,N,False
3,270,reel0__7,1422,N,False
3,270,reel42__5,1422,N,False
3,157,reel2__4,1422,N,False
3,245,reel2__4,1422,N,False
3,157,bot24__6,1422,N,False
3,157,reel67__3,1422,N,False
3,240,bot17__7,1422,N,False
3,67,bot17__7,1422,N,False
3,240,reel29__5,1422,N,False
3,240,reel44__4,1422,N,False
3,188,reel51__6,1422,N,False
3,bot55__6,reel51__6,1422,N,False
3,185,22,1422,N,False
3,185,reel26__9,1422,N,False
3,185,reel31__4,1422,N,False
3,239,66,1422,N,False
3,56,66,1422,N,False
3,67,66,1422,N,False
3,reel34__4,66,1422,N,False
3,113,66,1422,N,False
3,26,66,1422,N,False
3,122,66,1422,N,False
3,9,66,1422,N,False
3,9,bot3__4,1422,N,False
3,9,reel4__9,1422,N,False
3,69,reel4__9,1422,N,False
3,9,bot24__8,1422,N,False
3,9,reel35__8,1422,N,False
3,9,bot43__5,1422,N,False
3,9,reel63__4,1422,N,False
3,9,reel65__1,1422,N,False
3,bot31__4,bot17__3,1422,N,False
3,79,reel3__9,1422,N,False
3,291,reel3__9,1422,N,False
3,79,reel4__0,1422,N,False
3,79,reel11__1,1422,N,False
3,1,reel11__1,1422,N,False
3,reel17__2,reel11__1,1422,N,False
3,67,reel12__1,1422,N,False
3,79,reel12__1,1422,N,False
3,79,bot71__4,1422,N,False
3,105,reel34__7,1422,N,False
3,105,reel35__5,1422,N,False
3,105,bot39__9,1422,N,False
3,116,326,1422,N,False
3,144,326,1422,N,False
3,144,151,1422,N,False
3,116,149,1422,N,False
3,144,149,1422,N,False
3,144,reel14__7,1422,N,False
3,144,reel22__4,1422,N,False
3,144,reel31__2,1422,N,False
3,144,bot52__2,1422,N,False
3,144,reel54__0,1422,N,False
3,231,bot1__9,1422,N,False
3,231,bot20__4,1422,N,False
3,336,bot20__4,1422,N,False
3,reel9__3,reel11__0,1422,N,False
3,reel9__3,reel48__7,1422,N,False
3,67,196,1422,N,False
3,239,261,1422,N,False
3,203,261,1422,N,False
3,56,261,1422,N,False
3,67,261,1422,N,False
3,113,261,1422,N,False
3,65,261,1422,N,False
3,13,261,1422,N,False
3,82,261,1422,N,False
3,122,261,1422,N,False
3,98,261,1422,N,False
3,313,261,1422,N,False
3,323,10,1422,N,False
3,67,10,1422,N,False
3,291,10,1422,N,False
3,203,324,1422,N,False
3,67,324,1422,N,False
3,67,reel11__3,1422,N,False
3,67,reel11__7,1422,N,False
3,67,bot12__8,1422,N,False
3,67,reel13__7,1422,N,False
3,67,bot30__7,1422,N,False
3,67,reel31__9,1422,N,False
3,67,reel46__3,1422,N,False
3,reel34__4,reel47__3,1422,N,False
3,239,211,1422,N,False
3,203,211,1422,N,False
3,56,211,1422,N,False
3,13,211,1422,N,False
3,82,211,1422,N,False
3,98,211,1422,N,False
3,313,211,1422,N,False
3,82,reel4__5,1422,N,False
3,reel32__8,174,1422,N,False
3,reel32__8,reel33__9,1422,N,False
3,48,54,1422,N,False
3,1,54,1422,N,False
3,313,54,1422,N,False
3,48,302,1422,N,False
3,48,reel15__5,1422,N,False
3,48,reel43__4,1422,N,False
3,239,bot61__9,1422,N,False
3,203,reel4__6,1422,N,False
3,203,bot6__8,1422,N,False
3,203,bot36__0,1422,N,False
3,39,bot7__2,1422,N,False
3,bot17__1,bot19__9,1422,N,False
3,39,bot19__9,1422,N,False
3,69,bot19__9,1422,N,False
3,39,reel62__2,1422,N,False
3,reel26__7,reel59__5,1422,N,False
3,bot50__5,bot22__8,1422,N,False
3,reel17__3,reel13__4,1422,N,False
3,reel17__3,284,1422,N,False
3,122,284,1422,N,False
3,reel10__0,284,1422,N,False
3,reel17__3,bot38__3,1422,N,False
3,291,reel10__7,1422,N,False
3,26,reel10__7,1422,N,False
3,56,reel19__3,1422,N,False
3,69,reel19__3,1422,N,False
3,26,reel19__3,1422,N,False
3,26,bot43__4,1422,N,False
3,26,reel55__8,1422,N,False
3,76,bot6__5,1422,N,False
3,76,reel6__0,1422,N,False
3,76,reel9__0,1422,N,False
3,76,bot37__2,1422,N,False
3,76,reel69__6,1422,N,False
3,291,reel4__3,1422,N,False
3,336,reel4__3,1422,N,False
3,336,bot14__9,1422,N,False
3,336,reel27__6,1422,N,False
3,336,bot71__5,1422,N,False
3,reel8__9,305,1422,N,False
3,reel8__9,bot16__5,1422,N,False
3,reel8__9,bot21__5,1422,N,False
3,reel8__9,reel24__7,1422,N,False
3,reel8__9,reel25__9,1422,N,False
3,reel8__9,bot44__2,1422,N,False
3,reel8__9,reel50__7,1422,N,False
3,bot21__1,bot5__2,1422,N,False
3,bot21__1,bot27__9,1422,N,False
3,bot21__1,bot37__8,1422,N,False
3,313,146,1422,N,False
3,313,bot0__6,1422,N,False
3,313,reel9__4,1422,N,False
3,313,bot40__5,1422,N,False
3,313,bot46__4,1422,N,False
3,106,reel0__9,1422,N,False
3,106,bot7__1,1422,N,False
3,106,bot7__6,1422,N,False
3,106,bot25__0,1422,N,False
3,106,reel36__5,1422,N,False
3,106,reel37__9,1422,N,False
3,245,8,1422,N,False
3,245,259,1422,N,False
3,245,reel10__9,1422,N,False
3,98,reel0__1,1422,N,False
3,98,bot4__4,1422,N,False
3,98,reel11__4,1422,N,False
3,98,reel12__9,1422,N,False
3,98,reel31__0,1422,N,False
3,98,reel65__9,1422,N,False
3,178,206,1422,N,False
3,178,reel31__1,1422,N,False
3,reel17__2,bot60__5,1422,N,False
3,175,46,1422,N,False
3,175,321,1422,N,False
3,175,bot31__6,1422,N,False
3,175,reel64__5,1422,N,False
3,56,bot46__2,1422,N,False
3,56,reel58__0,1422,N,False
3,reel29__7,bot40__9,1422,N,False
3,reel29__7,reel54__8,1422,N,False
3,reel29__7,bot68__9,1422,N,False
3,1,reel2__3,1422,N,False
3,176,bot0__8,1422,N,False
3,176,bot21__3,1422,N,False
3,113,bot24__1,1422,N,False
3,113,reel58__4,1422,N,False
3,65,bot5__1,1422,N,False
3,65,bot12__1,1422,N,False
3,65,reel45__6,1422,N,False
3,283,228,1422,N,False
3,283,reel19__9,1422,N,False
3,283,reel49__7,1422,N,False
3,13,bot17__6,1422,N,False
3,13,reel23__7,1422,N,False
3,13,bot29__1,1422,N,False
3,13,reel46__5,1422,N,False
3,116,214,1422,N,False
3,116,162,1422,N,False
3,116,2,1422,N,False
3,116,reel4__8,1422,N,False
3,116,bot70__4,1422,N,False
3,221,bot49__4,1422,N,False
3,323,100,1422,N,False
3,323,bot17__8,1422,N,False
3,323,bot24__2,1422,N,False
3,323,bot40__2,1422,N,False
3,303,reel20__8,1422,N,False
3,303,reel60__3,1422,N,False
3,122,5,1422,N,False
3,122,251,1422,N,False
3,122,reel13__0,1422,N,False
3,122,reel44__3,1422,N,False
3,291,168,1422,N,False
3,291,reel3__1,1422,N,False
3,291,reel9__6,1422,N,False
3,291,bot27__6,1422,N,False
3,291,reel28__5,1422,N,False
3,329,bot4__0,1423,N,False
3,329,reel11__5,1423,N,False
3,248,reel11__5,1423,N,False
3,87,reel11__5,1423,N,False
3,329,bot69__7,1423,N,False
3,6,bot69__7,1423,N,False
3,203,reel4__6,1423,N,False
3,295,reel4__6,1423,N,False
3,242,reel4__6,1423,N,False
3,88,bot8__9,1423,N,False
3,264,bot8__9,1423,N,False
3,51,bot8__9,1423,N,False
3,264,bot15__0,1423,N,False
3,20,bot15__0,1423,N,False
3,80,reel13__3,1423,N,False
3,bot36__5,reel13__3,1423,N,False
3,80,reel30__0,1423,N,False
3,80,bot51__6,1423,N,False
3,49,bot51__6,1423,N,False
3,95,bot1__0,1423,N,False
3,229,bot1__0,1423,N,False
3,95,bot1__2,1423,N,False
3,95,reel1__4,1423,N,False
3,189,reel1__4,1423,N,False
3,323,bot17__8,1423,N,False
3,95,bot17__8,1423,N,False
3,315,reel23__6,1423,N,False
3,95,reel23__6,1423,N,False
3,119,reel23__6,1423,N,False
3,95,reel25__9,1423,N,False
3,92,reel25__9,1423,N,False
3,95,reel32__9,1423,N,False
3,95,reel51__3,1423,N,False
3,95,reel53__2,1423,N,False
3,304,reel24__4,1423,N,False
3,225,reel24__4,1423,N,False
3,304,bot67__5,1423,N,False
3,204,bot25__7,1423,N,False
3,204,bot51__0,1423,N,False
3,118,bot2__0,1423,N,False
3,64,bot2__0,1423,N,False
3,118,reel3__3,1423,N,False
3,283,reel3__3,1423,N,False
3,177,reel3__3,1423,N,False
3,168,reel9__9,1423,N,False
3,118,reel9__9,1423,N,False
3,202,reel9__9,1423,N,False
3,118,bot18__1,1423,N,False
3,338,bot18__1,1423,N,False
3,118,reel30__3,1423,N,False
3,118,reel37__9,1423,N,False
3,5,bot33__0,1423,N,False
3,288,reel1__7,1423,N,False
3,49,reel1__7,1423,N,False
3,49,bot4__8,1423,N,False
3,49,reel27__3,1423,N,False
3,149,reel14__8,1423,N,False
3,53,bot23__1,1423,N,False
3,149,bot23__1,1423,N,False
3,160,bot1__5,1423,N,False
3,295,bot1__5,1423,N,False
3,59,bot9__1,1423,N,False
3,295,bot9__1,1423,N,False
3,295,reel22__3,1423,N,False
3,295,reel34__2,1423,N,False
3,295,bot35__2,1423,N,False
3,151,bot35__2,1423,N,False
3,76,reel6__0,1423,N,False
3,85,reel6__0,1423,N,False
3,85,reel63__9,1423,N,False
3,229,bot19__0,1423,N,False
3,229,bot36__9,1423,N,False
3,203,bot13__3,1423,N,False
3,reel3__0,bot13__3,1423,N,False
3,203,reel26__4,1423,N,False
3,101,reel26__4,1423,N,False
3,165,reel26__4,1423,N,False
3,168,reel30__8,1423,N,False
3,256,reel30__8,1423,N,False
3,263,bot58__8,1423,N,False
3,263,bot71__4,1423,N,False
3,79,bot71__4,1423,N,False
3,reel35__6,reel40__6,1423,N,False
3,119,reel40__6,1423,N,False
3,reel42__1,reel40__6,1423,N,False
3,119,reel62__6,1423,N,False
3,191,bot22__1,1423,N,False
3,301,bot22__1,1423,N,False
3,191,bot71__7,1423,N,False
3,225,bot71__7,1423,N,False
3,177,reel20__0,1423,N,False
3,177,reel21__4,1423,N,False
3,177,reel24__1,1423,N,False
3,177,reel30__9,1423,N,False
3,177,reel61__7,1423,N,False
3,337,bot32__0,1423,N,False
3,337,bot57__3,1423,N,False
3,reel7__2,reel9__5,1423,N,False
3,reel7__2,bot56__6,1423,N,False
3,120,reel9__4,1423,N,False
3,167,reel9__4,1423,N,False
3,313,reel9__4,1423,N,False
3,72,bot46__9,1423,N,False
3,116,reel4__8,1423,N,False
3,62,reel4__8,1423,N,False
3,88,bot63__7,1423,N,False
3,62,bot63__7,1423,N,False
3,62,reel66__7,1423,N,False
3,62,reel69__9,1423,N,False
3,231,reel37__1,1423,N,False
3,reel3__0,reel37__1,1423,N,False
3,187,reel57__2,1423,N,False
3,187,bot67__3,1423,N,False
3,218,reel4__9,1423,N,False
3,9,reel4__9,1423,N,False
3,69,reel4__9,1423,N,False
3,93,reel66__9,1423,N,False
3,120,reel16__4,1423,N,False
3,99,reel16__4,1423,N,False
3,120,bot29__0,1423,N,False
3,120,bot34__7,1423,N,False
3,323,bot40__2,1423,N,False
3,128,bot39__8,1423,N,False
3,128,bot68__2,1423,N,False
3,160,reel48__6,1423,N,False
3,160,reel70__5,1423,N,False
3,reel45__7,reel70__5,1423,N,False
3,53,reel3__1,1423,N,False
3,291,reel3__1,1423,N,False
3,169,reel3__9,1423,N,False
3,79,reel3__9,1423,N,False
3,291,reel3__9,1423,N,False
3,291,reel4__3,1423,N,False
3,181,reel4__3,1423,N,False
3,339,reel9__6,1423,N,False
3,291,reel9__6,1423,N,False
3,291,bot27__6,1423,N,False
3,101,bot6__2,1423,N,False
3,311,bot24__3,1423,N,False
3,151,bot24__3,1423,N,False
3,311,bot42__7,1423,N,False
3,328,bot3__9,1423,N,False
3,327,bot3__9,1423,N,False
3,232,bot7__7,1423,N,False
3,294,bot7__7,1423,N,False
3,92,bot13__2,1423,N,False
3,294,bot13__2,1423,N,False
3,339,reel29__4,1423,N,False
3,234,reel29__4,1423,N,False
3,294,reel29__4,1423,N,False
3,294,bot62__6,1423,N,False
3,347,reel2__1,1423,N,False
3,347,bot20__1,1423,N,False
3,347,bot22__0,1423,N,False
3,2,bot43__4,1423,N,False
3,339,reel25__2,1423,N,False
3,79,reel11__1,1423,N,False
3,1,reel11__1,1423,N,False
3,308,reel11__1,1423,N,False
3,67,reel12__1,1423,N,False
3,79,reel12__1,1423,N,False
3,reel45__7,reel12__1,1423,N,False
3,58,bot11__5,1423,N,False
3,144,bot11__5,1423,N,False
3,144,reel14__7,1423,N,False
3,144,reel44__0,1423,N,False
3,144,bot52__2,1423,N,False
3,144,reel60__5,1423,N,False
3,67,reel11__7,1423,N,False
3,77,reel11__7,1423,N,False
3,67,bot12__8,1423,N,False
3,67,reel13__7,1423,N,False
3,240,bot17__7,1423,N,False
3,67,bot17__7,1423,N,False
3,67,reel46__3,1423,N,False
3,346,reel27__2,1423,N,False
3,77,bot33__9,1423,N,False
3,77,bot59__5,1423,N,False
3,174,reel59__4,1423,N,False
3,77,reel59__4,1423,N,False
3,50,reel19__7,1423,N,False
3,50,reel31__0,1423,N,False
3,98,reel31__0,1423,N,False
3,228,reel22__9,1423,N,False
3,46,reel22__9,1423,N,False
3,46,reel65__2,1423,N,False
3,reel35__6,bot62__3,1423,N,False
3,222,bot1__8,1423,N,False
3,38,bot1__8,1423,N,False
3,38,bot2__3,1423,N,False
3,38,bot5__2,1423,N,False
3,202,bot5__2,1423,N,False
3,38,reel48__9,1423,N,False
3,174,bot12__5,1423,N,False
3,174,bot20__2,1423,N,False
3,174,reel32__8,1423,N,False
3,51,reel32__8,1423,N,False
3,35,reel34__5,1423,N,False
3,181,reel4__7,1423,N,False
3,181,bot39__0,1423,N,False
3,99,bot39__0,1423,N,False
3,181,bot68__4,1423,N,False
3,59,bot17__2,1423,N,False
3,284,reel1__1,1423,N,False
3,76,reel9__0,1423,N,False
3,284,reel9__0,1423,N,False
3,284,reel17__3,1423,N,False
3,58,reel35__8,1423,N,False
3,reel42__1,reel35__8,1423,N,False
3,9,reel35__8,1423,N,False
3,reel42__1,reel12__0,1423,N,False
3,98,reel0__1,1423,N,False
3,256,reel0__1,1423,N,False
3,256,bot9__0,1423,N,False
3,256,bot11__7,1423,N,False
3,256,reel11__6,1423,N,False
3,256,bot44__3,1423,N,False
3,256,reel63__5,1423,N,False
3,164,reel19__2,1423,N,False
3,47,reel19__2,1423,N,False
3,157,bot24__6,1423,N,False
3,47,bot24__6,1423,N,False
3,222,reel65__4,1423,N,False
3,328,reel7__7,1423,N,False
3,338,bot63__1,1423,N,False
3,338,bot70__7,1423,N,False
3,76,reel5__1,1423,N,False
3,271,reel5__1,1423,N,False
3,76,reel69__6,1423,N,False
3,208,bot2__2,1423,N,False
3,208,reel27__7,1423,N,False
3,208,bot32__7,1423,N,False
3,299,reel32__5,1423,N,False
3,299,reel42__9,1423,N,False
3,275,bot0__4,1423,N,False
3,202,bot0__4,1423,N,False
3,202,reel22__1,1423,N,False
3,202,reel37__2,1423,N,False
3,202,bot53__0,1423,N,False
3,202,reel57__5,1423,N,False
3,158,reel57__5,1423,N,False
3,64,reel6__9,1423,N,False
3,64,bot39__1,1423,N,False
3,126,bot39__1,1423,N,False
3,225,bot35__4,1423,N,False
3,66,reel42__7,1423,N,False
3,308,bot59__9,1423,N,False
3,36,bot0__5,1423,N,False
3,169,bot0__5,1423,N,False
3,169,reel8__5,1423,N,False
3,189,reel5__3,1423,N,False
3,189,bot7__5,1423,N,False
3,88,reel68__0,1423,N,False
3,154,reel23__3,1423,N,False
3,154,bot44__0,1423,N,False
3,288,bot7__0,1423,N,False
3,288,reel34__1,1423,N,False
3,184,reel36__4,1423,N,False
3,288,reel36__4,1423,N,False
3,288,bot44__4,1423,N,False
3,53,reel9__8,1423,N,False
3,163,reel9__8,1423,N,False
3,53,bot21__8,1423,N,False
3,54,reel16__9,1423,N,False
3,54,bot18__9,1423,N,False
3,54,reel20__6,1423,N,False
3,234,bot10__5,1423,N,False
3,271,bot10__5,1423,N,False
3,48,bot16__9,1423,N,False
3,271,bot16__9,1423,N,False
3,271,bot24__4,1423,N,False
3,182,bot24__4,1423,N,False
3,271,reel46__0,1423,N,False
3,277,bot9__7,1423,N,False
3,163,bot9__7,1423,N,False
3,163,reel23__8,1423,N,False
3,163,reel32__2,1423,N,False
3,163,reel50__7,1423,N,False
3,259,bot7__1,1423,N,False
3,259,reel30__2,1423,N,False
3,234,reel8__9,1423,N,False
3,234,bot36__7,1423,N,False
3,234,reel38__1,1423,N,False
3,234,reel52__1,1423,N,False
3,23,bot31__4,1423,N,False
3,240,reel29__5,1423,N,False
3,301,reel29__5,1423,N,False
3,reel46__1,reel41__1,1423,N,False
3,182,reel41__1,1423,N,False
3,reel46__1,bot64__2,1423,N,False
3,9,bot3__1,1423,N,False
3,51,bot3__1,1423,N,False
3,184,reel26__3,1423,N,False
3,184,reel57__1,1423,N,False
3,36,reel56__5,1423,N,False
3,277,bot8__5,1423,N,False
3,277,reel19__0,1423,N,False
3,207,reel19__0,1423,N,False
3,277,reel34__8,1423,N,False
3,277,reel52__0,1423,N,False
3,277,bot60__9,1423,N,False
3,232,reel2__7,1423,N,False
3,232,bot66__9,1423,N,False
3,75,reel0__4,1423,N,False
3,3,reel0__4,1423,N,False
3,3,reel3__2,1423,N,False
3,3,bot17__9,1423,N,False
3,182,bot37__9,1423,N,False
3,182,reel60__8,1423,N,False
3,48,reel43__4,1423,N,False
3,121,bot17__3,1423,N,False
3,231,reel40__8,1423,N,False
3,121,reel40__8,1423,N,False
3,121,reel58__4,1423,N,False
3,132,reel1__9,1423,N,False
3,171,bot2__5,1423,N,False
3,1,bot2__5,1423,N,False
3,171,reel17__8,1423,N,False
3,171,reel36__6,1423,N,False
3,316,reel2__8,1423,N,False
3,44,bot9__4,1423,N,False
3,316,bot9__4,1423,N,False
3,75,reel18__0,1423,N,False
3,316,reel18__0,1423,N,False
3,44,reel46__6,1423,N,False
3,316,reel46__6,1423,N,False
3,86,bot23__2,1423,N,False
3,25,reel26__7,1423,N,False
3,58,reel15__6,1423,N,False
3,58,reel39__8,1423,N,False
3,275,reel39__8,1423,N,False
3,bot0__8,bot4__2,1423,N,False
3,231,bot4__2,1423,N,False
3,bot0__8,bot27__3,1423,N,False
3,164,reel16__7,1423,N,False
3,274,bot6__1,1423,N,False
3,1,bot6__1,1423,N,False
3,1,bot18__5,1423,N,False
3,44,bot19__6,1423,N,False
3,1,bot19__6,1423,N,False
3,1,reel67__6,1423,N,False
3,212,bot9__9,1423,N,False
3,212,bot48__1,1423,N,False
3,142,reel21__2,1423,N,False
3,34,reel21__2,1423,N,False
3,301,reel19__8,1423,N,False
3,231,reel38__6,1423,N,False
3,87,bot13__5,1423,N,False
3,87,bot19__1,1423,N,False
3,87,bot53__8,1423,N,False
3,87,bot67__6,1423,N,False
3,122,reel13__0,1423,N,False
3,122,reel19__5,1423,N,False
3,122,bot70__8,1423,N,False
3,281,bot36__2,1423,N,False
3,281,bot60__1,1423,N,False
3,126,bot11__9,1423,N,False
3,126,reel26__5,1423,N,False
3,126,bot55__6,1423,N,False
3,126,reel61__3,1423,N,False
3,97,reel49__1,1423,N,False
3,236,reel17__9,1423,N,False
3,236,reel24__0,1423,N,False
3,157,bot14__5,1423,N,False
3,167,reel23__5,1423,N,False
3,167,bot49__2,1423,N,False
3,167,reel63__2,1423,N,False
3,274,reel46__2,1423,N,False
3,9,reel1__8,1423,N,False
3,9,bot3__4,1423,N,False
3,9,bot24__8,1423,N,False
3,9,bot43__5,1423,N,False
3,129,bot43__5,1423,N,False
3,158,reel49__6,1423,N,False
3,bot36__5,bot45__9,1423,N,False
3,179,bot28__3,1423,N,False
3,179,reel44__7,1423,N,False
3,275,reel70__2,1423,N,False
3,75,reel70__2,1423,N,False
3,275,bot2__1,1423,N,False
3,275,bot5__3,1423,N,False
3,39,bot7__2,1423,N,False
3,39,reel62__2,1423,N,False
3,315,bot16__0,1423,N,False
3,315,bot71__0,1423,N,False
3,32,bot32__9,1423,N,False
3,32,reel40__5,1423,N,False
3,reel20__8,reel12__8,1423,N,False
3,reel20__8,reel24__2,1423,N,False
3,reel20__8,reel41__3,1423,N,False
3,reel20__8,bot47__8,1423,N,False
3,98,bot4__4,1423,N,False
3,98,reel44__5,1423,N,False
3,98,reel53__6,1423,N,False
3,165,reel14__4,1423,N,False
3,56,bot45__2,1423,N,False
3,56,reel58__0,1423,N,False
3,310,bot37__1,1423,N,False
3,129,reel24__9,1423,N,False
3,44,bot60__2,1423,N,False
3,283,reel19__9,1423,N,False
3,283,reel47__9,1423,N,False
3,228,bot10__7,1423,N,False
3,123,reel34__6,1423,N,False
3,123,reel48__1,1423,N,False
3,123,reel69__3,1423,N,False
3,99,bot43__2,1423,N,False
3,99,bot57__5,1423,N,False
3,145,bot29__1,1424,N,False
3,317,bot26__2,1424,N,False
3,reel46__0,reel61__6,1424,N,False
3,317,reel61__6,1424,N,False
3,81,reel61__6,1424,N,False
3,134,bot37__4,1424,N,False
3,134,reel58__0,1424,N,False
3,56,reel58__0,1424,N,False
3,201,bot0__9,1424,N,False
3,270,bot0__9,1424,N,False
3,bot1__1,bot0__9,1424,N,False
3,8,bot0__9,1424,N,False
3,270,reel8__5,1424,N,False
3,169,reel8__5,1424,N,False
3,270,reel19__1,1424,N,False
3,84,reel19__1,1424,N,False
3,270,reel42__5,1424,N,False
3,175,reel13__3,1424,N,False
3,80,reel13__3,1424,N,False
3,80,reel29__6,1424,N,False
3,80,reel50__6,1424,N,False
3,80,bot51__6,1424,N,False
3,49,bot51__6,1424,N,False
3,reel12__7,reel65__0,1424,N,False
3,36,reel43__8,1424,N,False
3,204,reel43__8,1424,N,False
3,309,reel55__7,1424,N,False
3,5,bot33__0,1424,N,False
3,288,reel1__7,1424,N,False
3,49,reel1__7,1424,N,False
3,49,reel27__3,1424,N,False
3,49,reel27__5,1424,N,False
3,reel26__1,reel14__8,1424,N,False
3,149,reel14__8,1424,N,False
3,87,reel20__3,1424,N,False
3,149,reel20__3,1424,N,False
3,53,bot23__1,1424,N,False
3,149,bot23__1,1424,N,False
3,262,bot1__0,1424,N,False
3,229,bot1__0,1424,N,False
3,262,reel8__0,1424,N,False
3,262,bot23__4,1424,N,False
3,reel44__0,reel13__1,1424,N,False
3,306,reel11__8,1424,N,False
3,33,reel40__9,1424,N,False
3,306,reel40__9,1424,N,False
3,98,reel65__9,1424,N,False
3,306,reel65__9,1424,N,False
3,306,reel66__4,1424,N,False
3,bot67__2,bot43__8,1424,N,False
3,222,bot1__8,1424,N,False
3,38,bot1__8,1424,N,False
3,199,bot1__8,1424,N,False
3,reel42__2,reel35__7,1424,N,False
3,199,reel35__7,1424,N,False
3,82,reel4__5,1424,N,False
3,42,reel4__5,1424,N,False
3,82,reel33__7,1424,N,False
3,280,reel9__6,1424,N,False
3,339,reel9__6,1424,N,False
3,280,reel16__9,1424,N,False
3,bot43__5,reel16__9,1424,N,False
3,280,reel18__1,1424,N,False
3,bot24__8,bot13__2,1424,N,False
3,294,bot13__2,1424,N,False
3,224,bot4__6,1424,N,False
3,221,bot4__6,1424,N,False
3,229,bot4__6,1424,N,False
3,229,bot36__9,1424,N,False
3,203,bot3__5,1424,N,False
3,310,bot3__5,1424,N,False
3,203,reel4__6,1424,N,False
3,203,bot13__3,1424,N,False
3,175,bot13__3,1424,N,False
3,203,reel26__4,1424,N,False
3,101,reel26__4,1424,N,False
3,165,reel26__4,1424,N,False
3,203,bot36__0,1424,N,False
3,195,reel1__6,1424,N,False
3,159,reel1__6,1424,N,False
3,reel34__4,reel23__0,1424,N,False
3,159,reel23__0,1424,N,False
3,159,bot25__3,1424,N,False
3,183,reel33__0,1424,N,False
3,159,reel33__0,1424,N,False
3,159,bot41__2,1424,N,False
3,168,reel7__8,1424,N,False
3,168,reel30__8,1424,N,False
3,256,reel30__8,1424,N,False
3,57,bot21__3,1424,N,False
3,57,bot35__1,1424,N,False
3,61,reel0__4,1424,N,False
3,3,reel0__4,1424,N,False
3,224,reel64__9,1424,N,False
3,61,reel64__9,1424,N,False
3,reel62__3,reel58__2,1424,N,False
3,83,reel58__2,1424,N,False
3,337,reel20__9,1424,N,False
3,reel6__2,reel20__9,1424,N,False
3,337,bot32__0,1424,N,False
3,337,bot57__3,1424,N,False
3,120,reel9__4,1424,N,False
3,313,reel9__4,1424,N,False
3,bot43__4,bot46__4,1424,N,False
3,313,bot46__4,1424,N,False
3,289,bot3__9,1424,N,False
3,328,bot3__9,1424,N,False
3,289,reel49__9,1424,N,False
3,17,reel8__2,1424,N,False
3,17,reel52__7,1424,N,False
3,42,reel52__7,1424,N,False
3,112,reel4__8,1424,N,False
3,116,reel4__8,1424,N,False
3,62,reel4__8,1424,N,False
3,88,bot63__7,1424,N,False
3,62,bot63__7,1424,N,False
3,62,reel66__7,1424,N,False
3,276,reel1__2,1424,N,False
3,72,reel1__2,1424,N,False
3,reel6__2,reel1__2,1424,N,False
3,72,bot46__9,1424,N,False
3,120,reel6__8,1424,N,False
3,120,reel16__4,1424,N,False
3,330,reel16__4,1424,N,False
3,120,bot68__8,1424,N,False
3,93,bot11__8,1424,N,False
3,93,reel11__4,1424,N,False
3,98,reel11__4,1424,N,False
3,93,reel66__9,1424,N,False
3,155,reel66__9,1424,N,False
3,60,bot4__3,1424,N,False
3,124,bot4__3,1424,N,False
3,201,reel18__4,1424,N,False
3,124,reel18__4,1424,N,False
3,124,reel22__8,1424,N,False
3,124,reel31__5,1424,N,False
3,124,bot57__2,1424,N,False
3,325,bot57__2,1424,N,False
3,124,reel67__5,1424,N,False
3,reel29__1,reel67__5,1424,N,False
3,231,bot2__8,1424,N,False
3,315,bot2__8,1424,N,False
3,278,bot2__8,1424,N,False
3,223,reel20__4,1424,N,False
3,278,reel20__4,1424,N,False
3,278,reel35__6,1424,N,False
3,reel40__6,reel35__6,1424,N,False
3,278,bot58__1,1424,N,False
3,323,bot17__8,1424,N,False
3,101,bot6__2,1424,N,False
3,100,reel12__4,1424,N,False
3,151,reel12__4,1424,N,False
3,311,bot24__3,1424,N,False
3,151,bot24__3,1424,N,False
3,59,bot30__5,1424,N,False
3,151,bot30__5,1424,N,False
3,151,bot35__2,1424,N,False
3,311,reel62__1,1424,N,False
3,42,bot2__1,1424,N,False
3,42,reel22__5,1424,N,False
3,345,bot2__4,1424,N,False
3,130,bot2__4,1424,N,False
3,130,bot15__4,1424,N,False
3,130,reel19__6,1424,N,False
3,320,bot21__6,1424,N,False
3,53,bot21__8,1424,N,False
3,320,bot21__8,1424,N,False
3,27,bot46__0,1424,N,False
3,320,bot46__0,1424,N,False
3,320,reel66__0,1424,N,False
3,232,bot7__7,1424,N,False
3,294,bot7__7,1424,N,False
3,294,reel23__9,1424,N,False
3,339,reel29__4,1424,N,False
3,234,reel29__4,1424,N,False
3,294,reel29__4,1424,N,False
3,294,bot62__6,1424,N,False
3,63,reel22__0,1424,N,False
3,255,reel22__0,1424,N,False
3,63,bot64__7,1424,N,False
3,347,bot20__1,1424,N,False
3,347,bot22__0,1424,N,False
3,347,reel36__0,1424,N,False
3,2,reel36__0,1424,N,False
3,bot51__5,reel36__0,1424,N,False
3,2,bot29__6,1424,N,False
3,6,bot69__7,1424,N,False
3,144,bot11__5,1424,N,False
3,144,reel14__7,1424,N,False
3,144,reel22__4,1424,N,False
3,293,bot52__2,1424,N,False
3,144,bot52__2,1424,N,False
3,192,reel54__0,1424,N,False
3,144,reel54__0,1424,N,False
3,144,reel60__5,1424,N,False
3,96,reel34__9,1424,N,False
3,96,bot45__8,1424,N,False
3,346,reel15__1,1424,N,False
3,346,bot65__6,1424,N,False
3,21,reel16__3,1424,N,False
3,81,reel16__3,1424,N,False
3,21,reel51__7,1424,N,False
3,bot1__1,bot5__3,1424,N,False
3,84,bot5__3,1424,N,False
3,77,reel0__2,1424,N,False
3,77,bot23__3,1424,N,False
3,77,bot33__9,1424,N,False
3,50,reel31__0,1424,N,False
3,98,reel31__0,1424,N,False
3,50,bot38__7,1424,N,False
3,50,reel44__8,1424,N,False
3,reel35__8,reel42__1,1424,N,False
3,reel40__6,reel42__1,1424,N,False
3,46,reel21__5,1424,N,False
3,46,reel65__2,1424,N,False
3,83,bot8__2,1424,N,False
3,83,bot14__3,1424,N,False
3,154,reel18__2,1424,N,False
3,83,reel18__2,1424,N,False
3,83,bot25__2,1424,N,False
3,343,bot25__2,1424,N,False
3,83,reel48__2,1424,N,False
3,38,bot5__2,1424,N,False
3,202,bot5__2,1424,N,False
3,174,reel8__3,1424,N,False
3,284,reel8__3,1424,N,False
3,224,bot12__5,1424,N,False
3,174,bot12__5,1424,N,False
3,343,bot12__5,1424,N,False
3,174,bot20__2,1424,N,False
3,174,reel32__8,1424,N,False
3,51,reel32__8,1424,N,False
3,181,reel4__3,1424,N,False
3,181,reel4__7,1424,N,False
3,181,bot39__0,1424,N,False
3,181,reel61__2,1424,N,False
3,181,bot68__4,1424,N,False
3,59,bot9__1,1424,N,False
3,59,reel21__0,1424,N,False
3,192,reel21__0,1424,N,False
3,284,reel1__1,1424,N,False
3,109,reel1__1,1424,N,False
3,222,reel10__0,1424,N,False
3,284,reel10__0,1424,N,False
3,194,reel10__0,1424,N,False
3,284,reel17__3,1424,N,False
3,284,bot18__0,1424,N,False
3,302,reel26__0,1424,N,False
3,302,bot54__4,1424,N,False
3,98,reel0__1,1424,N,False
3,256,reel0__1,1424,N,False
3,256,bot2__9,1424,N,False
3,256,bot9__0,1424,N,False
3,256,bot11__7,1424,N,False
3,256,reel11__6,1424,N,False
3,256,bot44__3,1424,N,False
3,222,reel65__4,1424,N,False
3,76,bot5__4,1424,N,False
3,253,bot5__4,1424,N,False
3,141,bot5__4,1424,N,False
3,76,bot6__5,1424,N,False
3,76,reel6__0,1424,N,False
3,76,reel69__6,1424,N,False
3,184,reel23__1,1424,N,False
3,315,reel23__1,1424,N,False
3,30,reel23__1,1424,N,False
3,bot46__6,reel36__4,1424,N,False
3,288,reel36__4,1424,N,False
3,184,reel36__4,1424,N,False
3,bot46__6,bot51__3,1424,N,False
3,141,reel47__5,1424,N,False
3,69,reel47__5,1424,N,False
3,330,reel50__2,1424,N,False
3,330,reel51__0,1424,N,False
3,330,reel53__2,1424,N,False
3,201,bot16__6,1424,N,False
3,201,reel19__8,1424,N,False
3,301,reel19__8,1424,N,False
3,201,reel34__0,1424,N,False
3,201,bot46__7,1424,N,False
3,201,bot66__6,1424,N,False
3,201,reel70__3,1424,N,False
3,202,bot0__0,1424,N,False
3,202,bot0__4,1424,N,False
3,202,reel22__1,1424,N,False
3,202,bot58__0,1424,N,False
3,reel4__9,bot51__8,1424,N,False
3,325,bot51__8,1424,N,False
3,33,bot6__0,1424,N,False
3,33,reel7__2,1424,N,False
3,3,bot17__9,1424,N,False
3,33,bot17__9,1424,N,False
3,33,bot28__2,1424,N,False
3,175,bot31__6,1424,N,False
3,175,reel64__5,1424,N,False
3,reel46__0,reel29__3,1424,N,False
3,325,reel38__8,1424,N,False
3,254,bot15__3,1424,N,False
3,194,bot13__4,1424,N,False
3,315,bot34__6,1424,N,False
3,194,bot34__6,1424,N,False
3,194,reel34__3,1424,N,False
3,255,reel48__4,1424,N,False
3,194,reel48__4,1424,N,False
3,194,bot60__8,1424,N,False
3,194,bot70__0,1424,N,False
3,170,bot70__0,1424,N,False
3,116,reel14__2,1424,N,False
3,343,reel14__2,1424,N,False
3,225,bot10__4,1424,N,False
3,225,reel24__4,1424,N,False
3,225,reel31__6,1424,N,False
3,225,bot35__4,1424,N,False
3,225,bot71__7,1424,N,False
3,bot24__4,bot25__8,1424,N,False
3,247,reel53__1,1424,N,False
3,reel55__8,reel53__1,1424,N,False
3,reel55__8,reel36__7,1424,N,False
3,reel55__8,bot71__3,1424,N,False
3,192,reel10__8,1424,N,False
3,183,reel10__8,1424,N,False
3,81,reel10__8,1424,N,False
3,65,bot12__1,1424,N,False
3,183,bot12__1,1424,N,False
3,bot20__5,reel13__7,1424,N,False
3,183,reel13__7,1424,N,False
3,183,reel26__8,1424,N,False
3,100,bot1__2,1424,N,False
3,113,bot1__2,1424,N,False
3,36,bot0__5,1424,N,False
3,169,bot0__5,1424,N,False
3,22,bot0__5,1424,N,False
3,169,reel3__7,1424,N,False
3,reel45__7,reel3__7,1424,N,False
3,170,reel3__7,1424,N,False
3,169,bot32__6,1424,N,False
3,192,reel12__0,1424,N,False
3,192,bot16__8,1424,N,False
3,reel45__7,bot53__2,1424,N,False
3,189,reel1__4,1424,N,False
3,189,reel2__2,1424,N,False
3,189,bot7__5,1424,N,False
3,104,reel18__7,1424,N,False
3,reel42__2,reel33__4,1424,N,False
3,24,reel33__4,1424,N,False
3,88,bot8__9,1424,N,False
3,51,bot8__9,1424,N,False
3,88,bot23__6,1424,N,False
3,88,reel58__7,1424,N,False
3,88,reel68__0,1424,N,False
3,10,reel28__1,1424,N,False
3,227,reel28__1,1424,N,False
3,113,reel28__1,1424,N,False
3,227,bot29__8,1424,N,False
3,154,bot44__0,1424,N,False
3,288,bot7__0,1424,N,False
3,333,bot7__0,1424,N,False
3,4,reel7__3,1424,N,False
3,288,reel7__3,1424,N,False
3,293,bot44__4,1424,N,False
3,288,bot44__4,1424,N,False
3,53,reel3__1,1424,N,False
3,53,reel31__3,1424,N,False
3,109,reel37__9,1424,N,False
3,109,reel49__5,1424,N,False
3,109,reel55__3,1424,N,False
3,343,reel55__3,1424,N,False
3,163,bot9__7,1424,N,False
3,163,reel23__8,1424,N,False
3,163,reel50__7,1424,N,False
3,163,reel57__0,1424,N,False
3,259,reel30__2,1424,N,False
3,234,reel38__1,1424,N,False
3,234,bot44__5,1424,N,False
3,27,reel21__1,1424,N,False
3,105,reel21__1,1424,N,False
3,105,reel34__7,1424,N,False
3,231,reel38__6,1424,N,False
3,105,reel38__6,1424,N,False
3,105,bot39__9,1424,N,False
3,182,bot39__9,1424,N,False
3,184,bot4__7,1424,N,False
3,184,reel26__3,1424,N,False
3,161,reel26__3,1424,N,False
3,reel26__1,reel47__3,1424,N,False
3,reel34__4,reel47__3,1424,N,False
3,reel34__4,bot57__8,1424,N,False
3,60,reel36__8,1424,N,False
3,reel35__8,reel36__8,1424,N,False
3,36,reel49__8,1424,N,False
3,318,reel49__8,1424,N,False
3,36,reel56__5,1424,N,False
3,170,reel56__5,1424,N,False
3,232,bot18__2,1424,N,False
3,232,bot25__0,1424,N,False
3,10,reel17__8,1424,N,False
3,81,reel42__6,1424,N,False
3,3,reel3__2,1424,N,False
3,3,reel59__9,1424,N,False
3,182,bot37__9,1424,N,False
3,182,reel41__1,1424,N,False
3,122,reel44__3,1424,N,False
3,182,reel44__3,1424,N,False
3,48,reel6__6,1424,N,False
3,122,reel6__6,1424,N,False
3,48,reel43__4,1424,N,False
3,48,bot68__5,1424,N,False
3,121,reel0__0,1424,N,False
3,170,reel0__0,1424,N,False
3,121,reel58__4,1424,N,False
3,113,reel58__4,1424,N,False
3,255,reel8__7,1424,N,False
3,170,reel8__7,1424,N,False
3,170,bot11__3,1424,N,False
3,170,bot14__9,1424,N,False
3,293,bot4__9,1424,N,False
3,1,bot4__9,1424,N,False
3,293,bot26__4,1424,N,False
3,293,bot42__0,1424,N,False
3,293,reel46__9,1424,N,False
3,312,reel46__9,1424,N,False
3,bot10__5,bot11__0,1424,N,False
3,reel26__1,reel36__3,1424,N,False
3,155,reel11__0,1424,N,False
3,155,bot19__5,1424,N,False
3,155,bot40__7,1424,N,False
3,86,bot23__2,1424,N,False
3,318,reel54__4,1424,N,False
3,318,reel60__9,1424,N,False
3,157,reel2__4,1424,N,False
3,245,reel2__4,1424,N,False
3,129,reel2__4,1424,N,False
3,1,bot2__5,1424,N,False
3,44,bot19__6,1424,N,False
3,1,bot19__6,1424,N,False
3,146,reel22__3,1424,N,False
3,146,reel63__1,1424,N,False
3,113,bot33__1,1424,N,False
3,224,reel5__7,1424,N,False
3,221,bot15__6,1424,N,False
3,221,bot49__4,1424,N,False
3,301,reel22__2,1424,N,False
3,301,bot28__0,1424,N,False
3,301,reel29__5,1424,N,False
3,301,bot38__9,1424,N,False
3,301,reel39__1,1424,N,False
3,107,bot14__8,1424,N,False
3,107,bot26__3,1424,N,False
3,231,reel6__5,1424,N,False
3,231,bot20__4,1424,N,False
3,231,bot26__5,1424,N,False
3,87,reel11__5,1424,N,False
3,87,bot13__5,1424,N,False
3,87,bot19__1,1424,N,False
3,87,bot33__2,1424,N,False
3,87,bot53__8,1424,N,False
3,228,bot10__7,1424,N,False
3,bot43__4,bot10__7,1424,N,False
3,bot43__4,bot55__2,1424,N,False
3,122,reel10__1,1424,N,False
3,161,reel13__0,1424,N,False
3,122,reel13__0,1424,N,False
3,122,reel29__9,1424,N,False
3,230,reel46__1,1424,N,False
3,60,reel6__9,1424,N,False
3,60,bot33__8,1424,N,False
3,60,reel68__6,1424,N,False
3,60,bot70__5,1424,N,False
3,281,bot28__7,1424,N,False
3,281,bot36__2,1424,N,False
3,333,reel28__2,1424,N,False
3,97,bot23__7,1424,N,False
3,97,reel39__5,1424,N,False
3,97,reel49__1,1424,N,False
3,22,reel42__4,1424,N,False
3,reel52__3,reel42__4,1424,N,False
3,312,reel18__5,1424,N,False
3,195,reel30__1,1424,N,False
3,312,reel30__1,1424,N,False
3,312,bot34__1,1424,N,False
3,reel6__2,bot34__1,1424,N,False
3,236,reel24__0,1424,N,False
3,112,bot10__8,1424,N,False
3,157,bot14__5,1424,N,False
3,237,bot14__5,1424,N,False
3,157,bot24__6,1424,N,False
3,56,bot0__2,1424,N,False
3,bot11__4,bot0__2,1424,N,False
3,bot11__4,bot19__8,1424,N,False
3,bot11__4,bot67__1,1424,N,False
3,214,reel43__9,1424,N,False
3,214,reel54__8,1424,N,False
3,214,bot57__1,1424,N,False
3,141,reel39__4,1424,N,False
3,4,bot29__4,1424,N,False
3,4,bot47__5,1424,N,False
3,195,reel19__4,1424,N,False
3,195,reel21__7,1424,N,False
3,195,bot36__1,1424,N,False
3,195,bot71__8,1424,N,False
3,237,bot0__1,1424,N,False
3,237,reel2__5,1424,N,False
3,237,bot12__9,1424,N,False
3,237,bot71__2,1424,N,False
3,bot1__1,bot32__8,1424,N,False
3,bot1__1,bot33__5,1424,N,False
3,bot1__1,bot59__9,1424,N,False
3,276,bot42__8,1424,N,False
3,276,reel53__8,1424,N,False
3,179,bot28__3,1424,N,False
3,179,reel44__7,1424,N,False
3,39,bot7__2,1424,N,False
3,reel17__9,reel62__2,1424,N,False
3,39,reel62__2,1424,N,False
3,315,bot16__0,1424,N,False
3,315,reel52__6,1424,N,False
3,315,bot71__0,1424,N,False
3,44,bot9__4,1424,N,False
3,27,bot9__4,1424,N,False
3,27,reel34__5,1424,N,False
3,32,bot32__9,1424,N,False
3,32,reel40__5,1424,N,False
3,32,reel62__7,1424,N,False
3,bot51__5,bot21__0,1424,N,False
3,161,bot0__8,1424,N,False
3,161,bot37__6,1424,N,False
3,173,bot33__3,1424,N,False
3,173,reel56__6,1424,N,False
3,253,reel10__5,1424,N,False
3,253,reel58__1,1424,N,False
3,253,bot65__4,1424,N,False
3,98,bot4__4,1424,N,False
3,98,reel53__6,1424,N,False
3,98,bot62__4,1424,N,False
3,165,reel14__4,1424,N,False
3,165,bot69__4,1424,N,False
3,136,reel9__5,1424,N,False
3,136,reel13__4,1424,N,False
3,258,bot20__3,1424,N,False
3,258,bot36__8,1424,N,False
3,22,bot27__0,1424,N,False
3,22,bot48__3,1424,N,False
3,255,reel44__6,1424,N,False
3,310,reel30__5,1424,N,False
3,310,bot37__1,1424,N,False
3,bot5__5,bot37__1,1424,N,False
3,24,reel24__5,1424,N,False
3,24,reel50__1,1424,N,False
3,314,bot12__8,1424,N,False
3,314,reel59__8,1424,N,False
3,65,reel45__6,1424,N,False
3,129,reel24__9,1424,N,False
3,44,reel9__1,1424,N,False
3,44,reel46__6,1424,N,False
3,44,bot60__2,1424,N,False
3,reel26__9,reel14__1,1424,N,False
3,reel26__9,reel34__8,1424,N,False
3,reel26__9,bot53__3,1424,N,False
3,298,reel31__8,1424,N,False
3,298,reel45__9,1424,N,False
3,303,reel36__2,1424,N,False
3,303,reel60__3,1424,N,False
3,207,reel19__0,1424,N,False
3,207,bot46__3,1424,N,False
3,207,bot70__2,1424,N,False
3,reel6__2,bot69__5,1424,N,False
3,145,bot10__0,1425,N,False
3,235,bot10__0,1425,N,False
3,145,reel15__9,1425,N,False
3,145,bot29__1,1425,N,False
3,317,reel1__3,1425,N,False
3,248,reel41__8,1425,N,False
3,317,reel41__8,1425,N,False
3,317,reel55__2,1425,N,False
3,317,reel61__6,1425,N,False
3,81,reel61__6,1425,N,False
3,134,reel11__9,1425,N,False
3,347,reel11__9,1425,N,False
3,134,bot49__5,1425,N,False
3,134,reel58__0,1425,N,False
3,56,reel58__0,1425,N,False
3,193,reel5__7,1425,N,False
3,193,reel23__0,1425,N,False
3,159,reel23__0,1425,N,False
3,193,bot55__1,1425,N,False
3,193,bot56__3,1425,N,False
3,304,bot0__7,1425,N,False
3,342,bot0__7,1425,N,False
3,69,bot0__7,1425,N,False
3,304,reel12__6,1425,N,False
3,304,reel24__4,1425,N,False
3,326,bot2__3,1425,N,False
3,253,reel10__5,1425,N,False
3,326,reel10__5,1425,N,False
3,326,bot20__9,1425,N,False
3,reel5__0,bot20__9,1425,N,False
3,326,reel34__3,1425,N,False
3,309,reel55__7,1425,N,False
3,5,reel67__2,1425,N,False
3,49,bot3__6,1425,N,False
3,110,bot3__6,1425,N,False
3,49,bot4__8,1425,N,False
3,49,reel27__1,1425,N,False
3,49,bot51__6,1425,N,False
3,78,reel2__8,1425,N,False
3,316,reel2__8,1425,N,False
3,107,bot14__8,1425,N,False
3,78,bot14__8,1425,N,False
3,78,bot25__3,1425,N,False
3,159,bot25__3,1425,N,False
3,reel20__9,bot28__4,1425,N,False
3,78,bot28__4,1425,N,False
3,78,bot50__8,1425,N,False
3,303,reel60__3,1425,N,False
3,78,reel60__3,1425,N,False
3,68,reel13__6,1425,N,False
3,328,reel13__6,1425,N,False
3,218,reel2__0,1425,N,False
3,295,reel2__0,1425,N,False
3,59,bot9__1,1425,N,False
3,295,bot9__1,1425,N,False
3,295,reel22__3,1425,N,False
3,295,bot35__2,1425,N,False
3,151,bot35__2,1425,N,False
3,307,reel10__4,1425,N,False
3,191,reel10__4,1425,N,False
3,307,bot71__3,1425,N,False
3,159,reel17__7,1425,N,False
3,159,bot41__2,1425,N,False
3,98,reel0__1,1425,N,False
3,256,reel0__1,1425,N,False
3,110,reel0__1,1425,N,False
3,110,bot7__7,1425,N,False
3,294,bot7__7,1425,N,False
3,63,reel7__7,1425,N,False
3,328,reel7__7,1425,N,False
3,110,reel7__7,1425,N,False
3,10,reel17__8,1425,N,False
3,110,reel17__8,1425,N,False
3,110,reel32__5,1425,N,False
3,168,reel7__8,1425,N,False
3,168,reel8__6,1425,N,False
3,168,reel9__9,1425,N,False
3,202,reel9__9,1425,N,False
3,263,bot58__8,1425,N,False
3,263,bot71__4,1425,N,False
3,79,bot71__4,1425,N,False
3,57,bot35__1,1425,N,False
3,191,bot22__1,1425,N,False
3,301,bot22__1,1425,N,False
3,191,bot71__7,1425,N,False
3,71,reel3__0,1425,N,False
3,bot13__3,reel3__0,1425,N,False
3,177,reel21__4,1425,N,False
3,177,reel30__9,1425,N,False
3,177,bot46__3,1425,N,False
3,207,bot46__3,1425,N,False
3,177,bot48__2,1425,N,False
3,272,bot48__2,1425,N,False
3,177,reel61__7,1425,N,False
3,337,bot32__0,1425,N,False
3,337,bot57__3,1425,N,False
3,109,reel55__3,1425,N,False
3,reel9__8,reel55__3,1425,N,False
3,341,bot0__6,1425,N,False
3,313,bot0__6,1425,N,False
3,313,reel9__4,1425,N,False
3,313,bot46__4,1425,N,False
3,115,reel1__2,1425,N,False
3,72,reel1__2,1425,N,False
3,72,bot46__9,1425,N,False
3,116,reel4__8,1425,N,False
3,62,reel4__8,1425,N,False
3,62,reel52__3,1425,N,False
3,62,reel66__7,1425,N,False
3,218,reel4__9,1425,N,False
3,9,reel4__9,1425,N,False
3,69,reel4__9,1425,N,False
3,310,bot3__5,1425,N,False
3,342,bot3__5,1425,N,False
3,342,bot20__0,1425,N,False
3,83,reel48__2,1425,N,False
3,342,reel48__2,1425,N,False
3,282,reel5__6,1425,N,False
3,323,reel5__6,1425,N,False
3,40,reel5__6,1425,N,False
3,323,bot40__2,1425,N,False
3,102,bot40__2,1425,N,False
3,bot26__4,bot40__2,1425,N,False
3,128,reel51__0,1425,N,False
3,160,reel48__6,1425,N,False
3,160,reel70__5,1425,N,False
3,53,reel3__1,1425,N,False
3,291,reel3__1,1425,N,False
3,169,reel3__9,1425,N,False
3,79,reel3__9,1425,N,False
3,291,reel3__9,1425,N,False
3,291,reel4__3,1425,N,False
3,181,reel4__3,1425,N,False
3,339,reel9__6,1425,N,False
3,291,reel9__6,1425,N,False
3,291,bot27__6,1425,N,False
3,20,bot15__0,1425,N,False
3,81,reel42__6,1425,N,False
3,20,reel42__6,1425,N,False
3,101,bot6__2,1425,N,False
3,151,bot18__4,1425,N,False
3,151,bot24__3,1425,N,False
3,59,bot30__5,1425,N,False
3,151,bot30__5,1425,N,False
3,29,bot11__2,1425,N,False
3,29,bot14__0,1425,N,False
3,245,bot47__9,1425,N,False
3,29,bot47__9,1425,N,False
3,316,reel7__5,1425,N,False
3,89,reel7__5,1425,N,False
3,89,bot8__7,1425,N,False
3,89,reel65__7,1425,N,False
3,320,bot21__6,1425,N,False
3,53,bot21__8,1425,N,False
3,320,bot21__8,1425,N,False
3,320,reel66__0,1425,N,False
3,328,bot3__9,1425,N,False
3,327,bot3__9,1425,N,False
3,327,bot8__6,1425,N,False
3,339,reel29__4,1425,N,False
3,294,reel29__4,1425,N,False
3,63,reel22__0,1425,N,False
3,106,reel2__1,1425,N,False
3,347,reel2__1,1425,N,False
3,347,bot20__1,1425,N,False
3,2,bot29__6,1425,N,False
3,2,bot58__3,1425,N,False
3,256,bot58__3,1425,N,False
3,197,reel38__1,1425,N,False
3,339,bot15__5,1425,N,False
3,271,bot15__5,1425,N,False
3,339,reel18__8,1425,N,False
3,339,reel25__2,1425,N,False
3,reel21__2,reel25__2,1425,N,False
3,reel5__0,reel25__2,1425,N,False
3,339,reel35__4,1425,N,False
3,22,reel35__4,1425,N,False
3,201,reel4__0,1425,N,False
3,79,reel4__0,1425,N,False
3,79,reel12__1,1425,N,False
3,288,reel26__6,1425,N,False
3,79,reel26__6,1425,N,False
3,181,reel26__6,1425,N,False
3,6,bot69__7,1425,N,False
3,147,bot11__4,1425,N,False
3,251,bot19__0,1425,N,False
3,147,bot19__0,1425,N,False
3,147,bot53__8,1425,N,False
3,144,bot11__5,1425,N,False
3,144,reel22__4,1425,N,False
3,144,reel44__0,1425,N,False
3,144,reel54__0,1425,N,False
3,144,reel60__5,1425,N,False
3,96,reel34__9,1425,N,False
3,96,bot45__8,1425,N,False
3,248,bot45__8,1425,N,False
3,346,reel27__2,1425,N,False
3,275,bot5__3,1425,N,False
3,84,bot5__3,1425,N,False
3,84,bot12__0,1425,N,False
3,84,reel17__2,1425,N,False
3,84,bot20__7,1425,N,False
3,84,reel29__7,1425,N,False
3,84,reel62__6,1425,N,False
3,154,reel23__3,1425,N,False
3,211,reel23__3,1425,N,False
3,251,reel25__0,1425,N,False
3,154,reel18__2,1425,N,False
3,83,reel18__2,1425,N,False
3,83,bot25__2,1425,N,False
3,174,reel8__3,1425,N,False
3,284,reel8__3,1425,N,False
3,174,bot20__2,1425,N,False
3,174,reel59__4,1425,N,False
3,212,bot22__6,1425,N,False
3,181,bot22__6,1425,N,False
3,181,bot68__4,1425,N,False
3,59,bot17__2,1425,N,False
3,235,bot17__2,1425,N,False
3,59,reel21__0,1425,N,False
3,284,reel17__3,1425,N,False
3,284,reel61__9,1425,N,False
3,302,reel20__5,1425,N,False
3,310,reel20__5,1425,N,False
3,302,reel26__0,1425,N,False
3,302,bot54__4,1425,N,False
3,256,bot9__0,1425,N,False
3,256,bot11__7,1425,N,False
3,256,reel63__5,1425,N,False
3,202,bot0__0,1425,N,False
3,47,bot0__0,1425,N,False
3,47,bot1__7,1425,N,False
3,47,bot25__1,1425,N,False
3,282,bot9__5,1425,N,False
3,282,reel27__9,1425,N,False
3,282,reel49__6,1425,N,False
3,282,reel53__9,1425,N,False
3,328,reel28__7,1425,N,False
3,341,reel7__2,1425,N,False
3,338,reel7__2,1425,N,False
3,338,reel16__6,1425,N,False
3,76,bot5__4,1425,N,False
3,253,bot5__4,1425,N,False
3,141,bot5__4,1425,N,False
3,76,reel5__1,1425,N,False
3,271,reel5__1,1425,N,False
3,76,reel6__0,1425,N,False
3,208,reel29__0,1425,N,False
3,208,bot32__7,1425,N,False
3,248,reel11__5,1425,N,False
3,bot26__4,reel11__5,1425,N,False
3,56,reel19__3,1425,N,False
3,26,reel19__3,1425,N,False
3,69,reel19__3,1425,N,False
3,182,reel37__0,1425,N,False
3,reel23__8,reel37__0,1425,N,False
3,reel23__8,bot39__5,1425,N,False
3,201,bot0__9,1425,N,False
3,201,reel7__0,1425,N,False
3,201,bot16__6,1425,N,False
3,272,bot16__6,1425,N,False
3,201,bot22__7,1425,N,False
3,316,bot22__7,1425,N,False
3,201,reel34__0,1425,N,False
3,201,reel70__3,1425,N,False
3,65,reel7__6,1425,N,False
3,150,reel7__6,1425,N,False
3,275,bot0__4,1425,N,False
3,202,bot0__4,1425,N,False
3,202,reel22__1,1425,N,False
3,202,bot53__0,1425,N,False
3,202,reel57__5,1425,N,False
3,202,bot58__0,1425,N,False
3,202,reel62__0,1425,N,False
3,reel68__2,reel62__0,1425,N,False
3,64,bot0__3,1425,N,False
3,64,reel6__9,1425,N,False
3,64,reel16__2,1425,N,False
3,170,reel16__2,1425,N,False
3,64,bot39__1,1425,N,False
3,65,bot5__1,1425,N,False
3,71,bot5__1,1425,N,False
3,325,reel38__8,1425,N,False
3,325,bot51__0,1425,N,False
3,325,bot51__8,1425,N,False
3,325,reel52__9,1425,N,False
3,325,bot57__2,1425,N,False
3,325,bot60__6,1425,N,False
3,reel20__9,reel6__2,1425,N,False
3,271,reel6__2,1425,N,False
3,reel20__9,reel29__6,1425,N,False
3,reel20__9,reel42__3,1425,N,False
3,reel20__9,reel44__4,1425,N,False
3,240,reel44__4,1425,N,False
3,340,reel44__4,1425,N,False
3,254,bot15__3,1425,N,False
3,272,bot15__3,1425,N,False
3,116,bot70__4,1425,N,False
3,66,reel34__4,1425,N,False
3,66,reel42__7,1425,N,False
3,308,reel29__8,1425,N,False
3,308,reel56__8,1425,N,False
3,148,reel15__2,1425,N,False
3,22,bot0__5,1425,N,False
3,169,bot0__5,1425,N,False
3,169,reel8__5,1425,N,False
3,227,bot24__5,1425,N,False
3,117,bot29__8,1425,N,False
3,227,bot29__8,1425,N,False
3,227,reel47__9,1425,N,False
3,154,bot44__0,1425,N,False
3,288,bot7__0,1425,N,False
3,288,reel7__3,1425,N,False
3,288,reel34__1,1425,N,False
3,293,bot44__4,1425,N,False
3,288,bot44__4,1425,N,False
3,53,bot21__2,1425,N,False
3,53,reel31__3,1425,N,False
3,53,reel31__7,1425,N,False
3,109,reel49__5,1425,N,False
3,109,reel49__7,1425,N,False
3,271,bot10__5,1425,N,False
3,271,bot24__4,1425,N,False
3,182,bot24__4,1425,N,False
3,271,reel46__0,1425,N,False
3,271,bot65__9,1425,N,False
3,272,bot22__9,1425,N,False
3,236,bot22__9,1425,N,False
3,272,bot33__7,1425,N,False
3,106,bot7__1,1425,N,False
3,259,bot7__1,1425,N,False
3,259,reel30__2,1425,N,False
3,240,bot17__7,1425,N,False
3,9,bot3__1,1425,N,False
3,51,bot3__1,1425,N,False
3,51,bot8__9,1425,N,False
3,51,bot26__0,1425,N,False
3,184,bot4__7,1425,N,False
3,324,bot4__7,1425,N,False
3,184,reel23__1,1425,N,False
3,315,reel23__1,1425,N,False
3,184,reel26__3,1425,N,False
3,184,reel57__1,1425,N,False
3,117,reel13__2,1425,N,False
3,92,bot13__8,1425,N,False
3,92,reel25__9,1425,N,False
3,92,bot69__9,1425,N,False
3,277,reel9__2,1425,N,False
3,277,reel34__8,1425,N,False
3,277,bot60__9,1425,N,False
3,81,reel10__8,1425,N,False
3,81,reel16__3,1425,N,False
3,268,reel62__1,1425,N,False
3,182,bot21__7,1425,N,False
3,182,bot37__9,1425,N,False
3,182,bot39__9,1425,N,False
3,182,reel44__3,1425,N,False
3,239,bot61__9,1425,N,False
3,121,reel0__0,1425,N,False
3,170,reel0__0,1425,N,False
3,121,reel58__4,1425,N,False
3,170,bot11__3,1425,N,False
3,170,bot14__9,1425,N,False
3,170,reel56__5,1425,N,False
3,170,bot70__0,1425,N,False
3,293,reel30__0,1425,N,False
3,293,bot42__0,1425,N,False
3,293,reel46__9,1425,N,False
3,bot26__4,bot44__6,1425,N,False
3,bot26__4,bot70__6,1425,N,False
3,155,bot19__5,1425,N,False
3,155,bot38__4,1425,N,False
3,155,reel66__9,1425,N,False
3,reel68__2,reel66__9,1425,N,False
3,316,bot9__4,1425,N,False
3,316,reel46__6,1425,N,False
3,107,reel0__5,1425,N,False
3,173,reel0__5,1425,N,False
3,98,reel0__5,1425,N,False
3,reel5__0,reel0__5,1425,N,False
3,reel5__0,reel65__6,1425,N,False
3,86,bot23__2,1425,N,False
3,106,reel0__9,1425,N,False
3,106,reel2__9,1425,N,False
3,106,bot18__5,1425,N,False
3,1,bot18__5,1425,N,False
3,106,reel36__5,1425,N,False
3,157,reel2__4,1425,N,False
3,245,reel2__4,1425,N,False
3,129,reel2__4,1425,N,False
3,324,reel3__2,1425,N,False
3,324,bot5__8,1425,N,False
3,324,bot10__3,1425,N,False
3,324,reel20__6,1425,N,False
3,reel20__8,bot23__9,1425,N,False
3,324,bot23__9,1425,N,False
3,1,bot2__5,1425,N,False
3,1,reel2__3,1425,N,False
3,1,bot17__5,1425,N,False
3,212,bot48__1,1425,N,False
3,142,reel60__4,1425,N,False
3,221,bot49__4,1425,N,False
3,301,bot28__0,1425,N,False
3,301,reel39__1,1425,N,False
3,26,reel39__3,1425,N,False
3,231,bot2__8,1425,N,False
3,315,bot2__8,1425,N,False
3,231,bot4__2,1425,N,False
3,231,reel8__1,1425,N,False
3,231,bot13__6,1425,N,False
3,231,bot20__4,1425,N,False
3,231,reel37__1,1425,N,False
3,231,reel38__6,1425,N,False
3,231,reel58__8,1425,N,False
3,107,bot26__3,1425,N,False
3,107,bot60__1,1425,N,False
3,281,bot60__1,1425,N,False
3,230,bot36__5,1425,N,False
3,141,reel67__4,1425,N,False
3,230,reel67__4,1425,N,False
3,102,bot12__7,1425,N,False
3,102,reel13__1,1425,N,False
3,102,reel30__1,1425,N,False
3,102,reel48__3,1425,N,False
3,281,bot28__7,1425,N,False
3,281,bot53__7,1425,N,False
3,97,bot23__7,1425,N,False
3,97,reel39__5,1425,N,False
3,236,reel24__0,1425,N,False
3,157,reel67__3,1425,N,False
3,9,reel1__8,1425,N,False
3,9,bot3__4,1425,N,False
3,9,bot24__8,1425,N,False
3,9,bot43__5,1425,N,False
3,129,bot43__5,1425,N,False
3,9,reel63__4,1425,N,False
3,214,reel54__8,1425,N,False
3,214,bot57__1,1425,N,False
3,141,reel48__7,1425,N,False
3,237,bot0__1,1425,N,False
3,237,reel2__5,1425,N,False
3,237,bot12__9,1425,N,False
3,237,bot71__2,1425,N,False
3,300,reel56__7,1425,N,False
3,300,reel70__9,1425,N,False
3,340,bot10__8,1425,N,False
3,340,bot31__0,1425,N,False
3,340,reel44__6,1425,N,False
3,340,reel65__9,1425,N,False
3,98,reel65__9,1425,N,False
3,179,bot1__4,1425,N,False
3,179,bot28__3,1425,N,False
3,140,bot4__4,1425,N,False
3,98,bot4__4,1425,N,False
3,75,reel0__4,1425,N,False
3,75,reel69__4,1425,N,False
3,75,reel70__1,1425,N,False
3,275,reel70__2,1425,N,False
3,75,reel70__2,1425,N,False
3,275,bot2__1,1425,N,False
3,39,bot7__2,1425,N,False
3,39,reel62__2,1425,N,False
3,315,bot16__0,1425,N,False
3,65,reel35__1,1425,N,False
3,315,reel35__1,1425,N,False
3,315,reel52__6,1425,N,False
3,315,bot66__4,1425,N,False
3,315,bot71__0,1425,N,False
3,32,reel40__5,1425,N,False
3,253,reel58__1,1425,N,False
3,173,bot6__8,1425,N,False
3,173,bot33__3,1425,N,False
3,173,reel56__6,1425,N,False
3,reel20__8,reel12__8,1425,N,False
3,reel20__8,reel41__3,1425,N,False
3,reel20__8,bot47__8,1425,N,False
3,98,reel31__0,1425,N,False
3,98,reel53__6,1425,N,False
3,115,reel6__4,1425,N,False
3,115,reel36__1,1425,N,False
3,341,bot0__8,1425,N,False
3,341,reel15__7,1425,N,False
3,341,bot58__6,1425,N,False
3,341,bot68__5,1425,N,False
3,56,reel67__1,1425,N,False
3,235,reel30__3,1425,N,False
3,235,reel45__3,1425,N,False
3,235,bot62__1,1425,N,False
3,310,reel30__5,1425,N,False
3,310,bot37__1,1425,N,False
3,314,bot12__8,1425,N,False
3,314,reel33__1,1425,N,False
3,129,reel24__9,1425,N,False
3,228,bot10__7,1425,N,False
3,228,reel22__9,1425,N,False
3,298,reel31__8,1425,N,False
3,298,reel45__9,1425,N,False
3,19,reel8__8,1425,N,False
3,19,bot29__3,1425,N,False
3,303,reel36__2,1425,N,False
3,303,reel52__5,1425,N,False
3,72,132,1426,N,False
3,315,132,1426,N,False
3,119,132,1426,N,False
3,56,132,1426,N,False
3,0,132,1426,N,False
3,134,132,1426,N,False
3,40,132,1426,N,False
3,303,132,1426,N,False
3,134,bot49__5,1426,N,False
3,134,reel58__0,1426,N,False
3,56,reel58__0,1426,N,False
3,119,229,1426,N,False
3,109,229,1426,N,False
3,0,229,1426,N,False
3,bot12__8,314,1426,N,False
3,0,314,1426,N,False
3,109,314,1426,N,False
3,199,314,1426,N,False
3,236,314,1426,N,False
3,109,reel1__1,1426,N,False
3,109,reel37__9,1426,N,False
3,109,reel49__5,1426,N,False
3,239,211,1426,N,False
3,170,211,1426,N,False
3,315,211,1426,N,False
3,56,211,1426,N,False
3,0,211,1426,N,False
3,223,211,1426,N,False
3,199,211,1426,N,False
3,272,211,1426,N,False
3,304,211,1426,N,False
3,98,211,1426,N,False
3,223,bot6__6,1426,N,False
3,223,reel20__4,1426,N,False
3,345,159,1426,N,False
3,272,159,1426,N,False
3,0,159,1426,N,False
3,21,159,1426,N,False
3,196,346,1426,N,False
3,272,346,1426,N,False
3,0,346,1426,N,False
3,315,105,1426,N,False
3,119,105,1426,N,False
3,21,105,1426,N,False
3,0,105,1426,N,False
3,272,105,1426,N,False
3,236,105,1426,N,False
3,9,105,1426,N,False
3,25,105,1426,N,False
3,72,291,1426,N,False
3,315,291,1426,N,False
3,56,291,1426,N,False
3,0,291,1426,N,False
3,248,291,1426,N,False
3,199,291,1426,N,False
3,272,291,1426,N,False
3,25,291,1426,N,False
3,reel4__3,291,1426,N,False
3,9,291,1426,N,False
3,98,291,1426,N,False
3,141,291,1426,N,False
3,315,257,1426,N,False
3,0,257,1426,N,False
3,40,257,1426,N,False
3,272,257,1426,N,False
3,236,257,1426,N,False
3,25,257,1426,N,False
3,304,257,1426,N,False
3,141,257,1426,N,False
3,122,281,1426,N,False
3,272,281,1426,N,False
3,0,281,1426,N,False
3,21,281,1426,N,False
3,272,127,1426,N,False
3,0,127,1426,N,False
3,21,127,1426,N,False
3,272,184,1426,N,False
3,0,184,1426,N,False
3,21,184,1426,N,False
3,272,bot22__9,1426,N,False
3,236,bot22__9,1426,N,False
3,272,reel39__8,1426,N,False
3,239,276,1426,N,False
3,62,276,1426,N,False
3,56,276,1426,N,False
3,0,276,1426,N,False
3,236,276,1426,N,False
3,25,276,1426,N,False
3,200,276,1426,N,False
3,122,276,1426,N,False
3,9,276,1426,N,False
3,98,276,1426,N,False
3,141,276,1426,N,False
3,315,121,1426,N,False
3,236,121,1426,N,False
3,0,121,1426,N,False
3,21,121,1426,N,False
3,315,1,1426,N,False
3,119,1,1426,N,False
3,236,1,1426,N,False
3,0,1,1426,N,False
3,236,reel24__0,1426,N,False
3,239,232,1426,N,False
3,72,232,1426,N,False
3,bot66__9,232,1426,N,False
3,56,232,1426,N,False
3,21,232,1426,N,False
3,0,232,1426,N,False
3,212,232,1426,N,False
3,40,232,1426,N,False
3,199,232,1426,N,False
3,200,232,1426,N,False
3,122,232,1426,N,False
3,9,232,1426,N,False
3,25,232,1426,N,False
3,72,298,1426,N,False
3,56,298,1426,N,False
3,0,298,1426,N,False
3,212,298,1426,N,False
3,40,298,1426,N,False
3,199,298,1426,N,False
3,239,231,1426,N,False
3,315,231,1426,N,False
3,56,231,1426,N,False
3,0,231,1426,N,False
3,40,231,1426,N,False
3,199,231,1426,N,False
3,9,231,1426,N,False
3,25,231,1426,N,False
3,40,29,1426,N,False
3,0,29,1426,N,False
3,40,307,1426,N,False
3,0,307,1426,N,False
3,40,reel5__6,1426,N,False
3,119,reel23__6,1426,N,False
3,315,reel23__6,1426,N,False
3,reel41__0,reel23__6,1426,N,False
3,reel41__0,bot46__9,1426,N,False
3,72,bot46__9,1426,N,False
3,reel4__3,336,1426,N,False
3,0,336,1426,N,False
3,25,336,1426,N,False
3,reel4__3,bot7__9,1426,N,False
3,reel4__3,reel9__1,1426,N,False
3,reel4__3,reel46__6,1426,N,False
3,196,249,1426,N,False
3,315,249,1426,N,False
3,304,249,1426,N,False
3,0,249,1426,N,False
3,170,341,1426,N,False
3,62,341,1426,N,False
3,56,341,1426,N,False
3,0,341,1426,N,False
3,304,341,1426,N,False
3,9,341,1426,N,False
3,315,7,1426,N,False
3,304,7,1426,N,False
3,0,7,1426,N,False
3,304,347,1426,N,False
3,0,347,1426,N,False
3,304,bot67__5,1426,N,False
3,bot49__2,bot56__0,1426,N,False
3,9,reel1__8,1426,N,False
3,9,bot3__1,1426,N,False
3,9,bot3__4,1426,N,False
3,9,reel4__9,1426,N,False
3,9,bot24__8,1426,N,False
3,9,reel35__8,1426,N,False
3,9,reel63__4,1426,N,False
3,248,38,1426,N,False
3,0,38,1426,N,False
3,141,38,1426,N,False
3,141,bot3__2,1426,N,False
3,141,reel28__5,1426,N,False
3,141,reel48__7,1426,N,False
3,141,reel67__4,1426,N,False
3,79,reel3__9,1426,N,False
3,79,reel4__0,1426,N,False
3,79,reel11__1,1426,N,False
3,79,reel26__6,1426,N,False
3,79,reel27__0,1426,N,False
3,79,bot71__4,1426,N,False
3,28,226,1426,N,False
3,0,226,1426,N,False
3,144,226,1426,N,False
3,28,14,1426,N,False
3,0,14,1426,N,False
3,144,14,1426,N,False
3,28,151,1426,N,False
3,0,151,1426,N,False
3,144,151,1426,N,False
3,28,116,1426,N,False
3,0,116,1426,N,False
3,144,116,1426,N,False
3,28,140,1426,N,False
3,0,140,1426,N,False
3,144,140,1426,N,False
3,28,312,1426,N,False
3,0,312,1426,N,False
3,144,312,1426,N,False
3,144,bot11__5,1426,N,False
3,144,reel22__4,1426,N,False
3,144,reel44__0,1426,N,False
3,144,bot52__2,1426,N,False
3,144,reel54__0,1426,N,False
3,122,251,1426,N,False
3,21,251,1426,N,False
3,0,251,1426,N,False
3,21,bot23__0,1426,N,False
3,0,183,1426,N,False
3,reel13__7,183,1426,N,False
3,reel12__1,bot20__5,1426,N,False
3,reel13__7,bot20__5,1426,N,False
3,reel13__7,bot42__7,1426,N,False
3,reel13__7,bot53__1,1426,N,False
3,bot17__7,240,1426,N,False
3,0,240,1426,N,False
3,bot17__7,bot69__5,1426,N,False
3,56,222,1426,N,False
3,199,222,1426,N,False
3,0,222,1426,N,False
3,315,288,1426,N,False
3,199,288,1426,N,False
3,0,288,1426,N,False
3,25,288,1426,N,False
3,199,bot1__8,1426,N,False
3,199,reel35__7,1426,N,False
3,reel9__2,reel10__3,1426,N,False
3,196,204,1426,N,False
3,0,204,1426,N,False
3,196,194,1426,N,False
3,0,194,1426,N,False
3,196,53,1426,N,False
3,315,53,1426,N,False
3,248,53,1426,N,False
3,0,53,1426,N,False
3,196,266,1426,N,False
3,0,266,1426,N,False
3,196,330,1426,N,False
3,0,330,1426,N,False
3,196,92,1426,N,False
3,0,92,1426,N,False
3,196,180,1426,N,False
3,0,180,1426,N,False
3,196,reel4__5,1426,N,False
3,196,bot11__3,1426,N,False
3,170,bot11__3,1426,N,False
3,196,reel20__3,1426,N,False
3,reel9__9,bot20__2,1426,N,False
3,reel9__9,reel52__8,1426,N,False
3,75,reel0__4,1426,N,False
3,75,bot3__8,1426,N,False
3,75,reel18__0,1426,N,False
3,75,reel70__1,1426,N,False
3,75,reel70__2,1426,N,False
3,297,reel34__7,1426,N,False
3,297,reel53__4,1426,N,False
3,239,234,1426,N,False
3,0,234,1426,N,False
3,239,59,1426,N,False
3,56,59,1426,N,False
3,0,59,1426,N,False
3,98,59,1426,N,False
3,239,reel59__3,1426,N,False
3,239,bot61__9,1426,N,False
3,bot23__6,bot29__0,1426,N,False
3,bot23__6,bot41__4,1426,N,False
3,bot48__1,reel33__0,1426,N,False
3,0,250,1426,N,False
3,170,250,1426,N,False
3,0,260,1426,N,False
3,170,260,1426,N,False
3,170,bot1__3,1426,N,False
3,170,reel3__6,1426,N,False
3,170,reel8__7,1426,N,False
3,170,bot14__9,1426,N,False
3,170,reel16__2,1426,N,False
3,170,reel56__5,1426,N,False
3,reel14__5,reel10__5,1426,N,False
3,reel14__5,bot16__1,1426,N,False
3,315,80,1426,N,False
3,0,80,1426,N,False
3,315,5,1426,N,False
3,122,5,1426,N,False
3,0,5,1426,N,False
3,315,339,1426,N,False
3,119,339,1426,N,False
3,0,339,1426,N,False
3,315,bot16__0,1426,N,False
3,315,reel23__1,1426,N,False
3,315,reel35__1,1426,N,False
3,315,bot66__4,1426,N,False
3,315,bot71__0,1426,N,False
3,119,171,1426,N,False
3,0,171,1426,N,False
3,119,208,1426,N,False
3,0,208,1426,N,False
3,119,64,1426,N,False
3,0,64,1426,N,False
3,119,163,1426,N,False
3,0,163,1426,N,False
3,119,reel20__7,1426,N,False
3,119,reel40__6,1426,N,False
3,119,reel62__6,1426,N,False
3,reel13__4,reel11__5,1426,N,False
3,248,reel11__5,1426,N,False
3,248,bot45__8,1426,N,False
3,98,reel0__1,1426,N,False
3,98,reel0__5,1426,N,False
3,98,reel31__0,1426,N,False
3,98,reel44__5,1426,N,False
3,98,reel65__9,1426,N,False
3,0,83,1426,N,False
3,25,83,1426,N,False
3,62,130,1426,N,False
3,0,130,1426,N,False
3,25,130,1426,N,False
3,0,51,1426,N,False
3,25,51,1426,N,False
3,0,283,1426,N,False
3,25,283,1426,N,False
3,0,237,1426,N,False
3,25,237,1426,N,False
3,0,270,1426,N,False
3,25,270,1426,N,False
3,56,221,1426,N,False
3,303,221,1426,N,False
3,0,221,1426,N,False
3,25,221,1426,N,False
3,25,reel26__7,1426,N,False
3,25,reel56__9,1426,N,False
3,28,reel6__3,1426,N,False
3,28,bot35__5,1426,N,False
3,reel12__1,reel45__7,1426,N,False
3,reel12__1,reel52__3,1426,N,False
3,62,reel52__3,1426,N,False
3,62,bot63__7,1426,N,False
3,62,reel66__7,1426,N,False
3,0,306,1426,N,False
3,bot66__9,306,1426,N,False
3,56,207,1426,N,False
3,0,207,1426,N,False
3,56,bot46__2,1426,N,False
3,reel46__3,reel22__8,1426,N,False
3,bot12__8,bot1__6,1426,N,False
3,0,24,1426,N,False
3,0,299,1426,N,False
3,0,57,1426,N,False
3,0,36,1426,N,False
3,0,275,1426,N,False
3,0,214,1426,N,False
3,0,333,1426,N,False
3,0,139,1426,N,False
3,0,300,1426,N,False
3,0,137,1426,N,False
3,0,111,1426,N,False
3,0,32,1426,N,False
3,0,309,1426,N,False
3,0,230,1426,N,False
3,0,16,1426,N,False
3,0,286,1426,N,False
3,0,81,1426,N,False
3,0,33,1426,N,False
3,0,279,1426,N,False
3,0,19,1426,N,False
3,0,218,1426,N,False
3,reel13__4,243,1426,N,False
3,0,243,1426,N,False
3,0,101,1426,N,False
3,0,173,1426,N,False
3,0,58,1426,N,False
3,0,143,1426,N,False
3,0,6,1426,N,False
3,0,89,1426,N,False
3,0,301,1426,N,False
3,0,337,1426,N,False
3,0,110,1426,N,False
3,0,225,1426,N,False
3,0,86,1426,N,False
3,0,289,1426,N,False
3,bot30__7,321,1426,N,False
3,0,321,1426,N,False
3,0,68,1426,N,False
3,0,262,1426,N,False
3,0,44,1426,N,False
3,0,97,1426,N,False
3,0,179,1426,N,False
3,0,145,1426,N,False
3,0,157,1426,N,False
3,0,327,1426,N,False
3,0,247,1426,N,False
3,0,319,1426,N,False
3,0,256,1426,N,False
3,0,155,1426,N,False
3,0,191,1426,N,False
3,0,138,1426,N,False
3,0,153,1426,N,False
3,0,154,1426,N,False
3,0,294,1426,N,False
3,0,253,1426,N,False
3,0,267,1426,N,False
3,0,316,1426,N,False
3,0,47,1426,N,False
3,303,reel20__8,1426,N,False
3,0,reel20__8,1426,N,False
3,212,bot22__6,1426,N,False
3,bot30__7,reel3__8,1426,N,False
3,290,bot0__3,1426,N,False
3,reel22__5,bot26__8,1426,N,False
3,reel22__5,reel53__1,1426,N,False
3,reel22__5,bot56__6,1426,N,False
3,reel22__5,bot59__7,1426,N,False
3,reel13__4,reel17__3,1426,N,False
3,reel13__4,bot34__9,1426,N,False
3,reel13__4,reel48__6,1426,N,False
3,200,reel7__8,1426,N,False
3,200,bot8__6,1426,N,False
3,200,bot20__7,1426,N,False
3,200,reel42__0,1426,N,False
3,303,reel5__2,1426,N,False
3,303,reel36__2,1426,N,False
3,303,reel52__5,1426,N,False
3,303,reel60__3,1426,N,False
3,122,reel6__6,1426,N,False
3,122,reel19__5,1426,N,False
3,122,reel20__2,1426,N,False
3,122,bot24__5,1426,N,False
3,122,reel44__3,1426,N,False
3,66,reel34__4,1426,N,False
3,66,reel42__7,1426,N,False
3,66,bot46__1,1426,N,False
3,329,bot4__0,1427,N,False
3,329,reel11__5,1427,N,False
3,248,reel11__5,1427,N,False
3,329,reel20__1,1427,N,False
3,329,bot69__7,1427,N,False
3,6,bot69__7,1427,N,False
3,242,reel3__8,1427,N,False
3,203,reel4__6,1427,N,False
3,242,reel4__6,1427,N,False
3,277,reel9__2,1427,N,False
3,242,reel9__2,1427,N,False
3,242,bot45__3,1427,N,False
3,reel3__3,reel18__4,1427,N,False
3,reel3__3,reel18__5,1427,N,False
3,reel3__3,reel19__1,1427,N,False
3,reel3__3,bot47__6,1427,N,False
3,reel3__3,reel48__9,1427,N,False
3,145,reel15__9,1427,N,False
3,145,bot29__1,1427,N,False
3,13,bot29__1,1427,N,False
3,264,bot15__0,1427,N,False
3,20,bot15__0,1427,N,False
3,264,bot29__4,1427,N,False
3,264,bot49__1,1427,N,False
3,80,reel29__6,1427,N,False
3,reel20__9,reel29__6,1427,N,False
3,80,reel30__0,1427,N,False
3,80,reel50__6,1427,N,False
3,80,bot51__6,1427,N,False
3,49,bot51__6,1427,N,False
3,80,bot58__9,1427,N,False
3,52,bot58__9,1427,N,False
3,134,reel11__9,1427,N,False
3,347,reel11__9,1427,N,False
3,217,reel11__9,1427,N,False
3,134,bot49__5,1427,N,False
3,134,reel58__0,1427,N,False
3,95,bot1__0,1427,N,False
3,229,bot1__0,1427,N,False
3,22,bot1__9,1427,N,False
3,231,bot1__9,1427,N,False
3,95,bot1__9,1427,N,False
3,95,reel1__4,1427,N,False
3,reel7__0,reel1__4,1427,N,False
3,95,reel32__9,1427,N,False
3,321,reel32__9,1427,N,False
3,95,reel46__5,1427,N,False
3,13,reel46__5,1427,N,False
3,330,reel53__2,1427,N,False
3,95,reel53__2,1427,N,False
3,249,reel53__2,1427,N,False
3,289,bot2__3,1427,N,False
3,326,bot2__3,1427,N,False
3,326,reel25__6,1427,N,False
3,326,reel28__2,1427,N,False
3,273,reel34__3,1427,N,False
3,326,reel34__3,1427,N,False
3,reel12__5,bot21__0,1427,N,False
3,reel12__5,bot49__6,1427,N,False
3,reel12__5,reel66__0,1427,N,False
3,320,reel66__0,1427,N,False
3,204,bot25__7,1427,N,False
3,204,bot51__0,1427,N,False
3,204,reel59__7,1427,N,False
3,309,reel55__7,1427,N,False
3,5,bot33__0,1427,N,False
3,5,reel67__2,1427,N,False
3,49,bot4__8,1427,N,False
3,49,reel27__3,1427,N,False
3,49,reel27__5,1427,N,False
3,bot29__8,bot56__0,1427,N,False
3,reel7__0,reel12__2,1427,N,False
3,reel7__0,bot19__5,1427,N,False
3,reel7__0,bot26__7,1427,N,False
3,reel7__0,bot61__0,1427,N,False
3,153,reel43__7,1427,N,False
3,251,bot19__0,1427,N,False
3,229,bot19__0,1427,N,False
3,229,bot36__9,1427,N,False
3,203,bot3__5,1427,N,False
3,310,bot3__5,1427,N,False
3,203,reel26__4,1427,N,False
3,101,reel26__4,1427,N,False
3,203,bot36__0,1427,N,False
3,307,reel10__4,1427,N,False
3,307,bot71__3,1427,N,False
3,232,bot7__7,1427,N,False
3,110,bot7__7,1427,N,False
3,294,bot7__7,1427,N,False
3,299,reel32__5,1427,N,False
3,110,reel32__5,1427,N,False
3,263,bot71__4,1427,N,False
3,reel43__6,reel20__7,1427,N,False
3,119,reel20__7,1427,N,False
3,57,bot21__3,1427,N,False
3,57,bot35__1,1427,N,False
3,bot13__3,reel3__0,1427,N,False
3,337,reel15__5,1427,N,False
3,138,reel15__5,1427,N,False
3,337,bot32__0,1427,N,False
3,337,bot57__3,1427,N,False
3,289,bot3__9,1427,N,False
3,327,bot3__9,1427,N,False
3,289,reel24__6,1427,N,False
3,289,bot25__9,1427,N,False
3,289,reel49__9,1427,N,False
3,136,reel9__5,1427,N,False
3,reel6__9,reel9__5,1427,N,False
3,reel6__9,reel36__3,1427,N,False
3,reel42__3,reel36__3,1427,N,False
3,reel6__9,bot40__8,1427,N,False
3,36,reel49__8,1427,N,False
3,reel6__9,reel49__8,1427,N,False
3,72,bot46__9,1427,N,False
3,187,reel57__2,1427,N,False
3,218,reel4__9,1427,N,False
3,218,bot37__5,1427,N,False
3,218,reel64__0,1427,N,False
3,163,reel64__0,1427,N,False
3,120,bot29__0,1427,N,False
3,120,bot34__7,1427,N,False
3,120,bot68__8,1427,N,False
3,323,bot40__2,1427,N,False
3,128,reel11__8,1427,N,False
3,330,reel51__0,1427,N,False
3,128,reel51__0,1427,N,False
3,291,reel3__1,1427,N,False
3,260,reel3__1,1427,N,False
3,169,reel3__9,1427,N,False
3,291,reel3__9,1427,N,False
3,291,reel4__3,1427,N,False
3,181,reel4__3,1427,N,False
3,291,reel9__6,1427,N,False
3,291,reel10__7,1427,N,False
3,291,bot27__6,1427,N,False
3,291,reel28__5,1427,N,False
3,20,bot14__2,1427,N,False
3,81,reel42__6,1427,N,False
3,20,reel42__6,1427,N,False
3,344,reel33__9,1427,N,False
3,344,bot41__9,1427,N,False
3,344,bot48__5,1427,N,False
3,344,bot53__1,1427,N,False
3,29,bot11__2,1427,N,False
3,29,bot14__0,1427,N,False
3,245,bot47__9,1427,N,False
3,29,bot47__9,1427,N,False
3,29,reel58__5,1427,N,False
3,311,bot42__7,1427,N,False
3,311,reel62__1,1427,N,False
3,260,reel0__8,1427,N,False
3,202,reel0__8,1427,N,False
3,42,reel0__8,1427,N,False
3,42,reel1__8,1427,N,False
3,156,bot2__1,1427,N,False
3,42,bot2__1,1427,N,False
3,42,reel4__5,1427,N,False
3,320,bot21__6,1427,N,False
3,320,bot21__8,1427,N,False
3,320,reel45__4,1427,N,False
3,320,bot46__0,1427,N,False
3,294,bot62__6,1427,N,False
3,63,reel19__9,1427,N,False
3,63,reel22__0,1427,N,False
3,63,bot64__7,1427,N,False
3,347,bot22__0,1427,N,False
3,347,reel36__0,1427,N,False
3,197,bot22__2,1427,N,False
3,32,bot32__9,1427,N,False
3,197,bot32__9,1427,N,False
3,197,reel38__1,1427,N,False
3,58,bot11__5,1427,N,False
3,144,bot11__5,1427,N,False
3,144,reel14__7,1427,N,False
3,reel5__2,reel22__4,1427,N,False
3,144,reel22__4,1427,N,False
3,144,reel44__0,1427,N,False
3,144,bot52__2,1427,N,False
3,144,reel60__5,1427,N,False
3,251,reel25__0,1427,N,False
3,83,bot25__2,1427,N,False
3,83,reel48__2,1427,N,False
3,83,reel58__2,1427,N,False
3,174,bot12__5,1427,N,False
3,174,bot20__2,1427,N,False
3,174,reel32__8,1427,N,False
3,51,reel32__8,1427,N,False
3,181,reel4__7,1427,N,False
3,59,bot17__2,1427,N,False
3,59,reel21__0,1427,N,False
3,192,reel21__0,1427,N,False
3,284,reel1__1,1427,N,False
3,284,reel9__0,1427,N,False
3,284,reel17__3,1427,N,False
3,bot47__4,reel11__7,1427,N,False
3,bot47__4,bot22__3,1427,N,False
3,256,bot11__7,1427,N,False
3,256,reel30__8,1427,N,False
3,256,bot58__3,1427,N,False
3,256,reel63__5,1427,N,False
3,208,bot2__2,1427,N,False
3,208,reel29__0,1427,N,False
3,208,bot32__7,1427,N,False
3,248,bot45__8,1427,N,False
3,202,bot0__4,1427,N,False
3,202,reel9__9,1427,N,False
3,202,reel22__1,1427,N,False
3,202,bot25__5,1427,N,False
3,202,reel57__5,1427,N,False
3,138,reel0__6,1427,N,False
3,138,reel51__2,1427,N,False
3,reel20__9,reel21__5,1427,N,False
3,reel20__9,bot53__9,1427,N,False
3,163,reel9__8,1427,N,False
3,217,reel9__8,1427,N,False
3,163,reel41__6,1427,N,False
3,217,reel41__6,1427,N,False
3,217,reel69__7,1427,N,False
3,112,reel4__8,1427,N,False
3,116,reel4__8,1427,N,False
3,116,bot70__4,1427,N,False
3,45,bot45__6,1427,N,False
3,45,reel56__0,1427,N,False
3,55,reel1__9,1427,N,False
3,100,reel1__9,1427,N,False
3,100,reel15__0,1427,N,False
3,bot52__0,bot56__1,1427,N,False
3,100,bot56__1,1427,N,False
3,220,reel13__7,1427,N,False
3,183,reel13__7,1427,N,False
3,183,reel14__0,1427,N,False
3,183,bot26__0,1427,N,False
3,51,bot26__0,1427,N,False
3,183,reel26__8,1427,N,False
3,183,reel33__0,1427,N,False
3,1,reel11__1,1427,N,False
3,308,reel11__1,1427,N,False
3,308,bot59__9,1427,N,False
3,36,bot0__5,1427,N,False
3,169,bot0__5,1427,N,False
3,22,bot0__5,1427,N,False
3,169,bot32__6,1427,N,False
3,192,bot16__8,1427,N,False
3,288,bot7__0,1427,N,False
3,288,reel34__1,1427,N,False
3,271,bot5__5,1427,N,False
3,271,bot10__5,1427,N,False
3,271,reel11__3,1427,N,False
3,271,bot15__5,1427,N,False
3,271,bot24__4,1427,N,False
3,182,bot24__4,1427,N,False
3,271,reel46__0,1427,N,False
3,271,bot65__9,1427,N,False
3,277,bot9__7,1427,N,False
3,163,bot9__7,1427,N,False
3,249,reel23__8,1427,N,False
3,163,reel23__8,1427,N,False
3,163,reel50__7,1427,N,False
3,259,bot7__1,1427,N,False
3,259,reel30__2,1427,N,False
3,23,bot31__4,1427,N,False
3,240,bot21__4,1427,N,False
3,184,reel23__1,1427,N,False
3,184,reel26__3,1427,N,False
3,52,reel33__1,1427,N,False
3,314,reel33__1,1427,N,False
3,249,reel35__2,1427,N,False
3,260,reel35__2,1427,N,False
3,260,reel38__8,1427,N,False
3,36,reel56__5,1427,N,False
3,170,reel56__5,1427,N,False
3,277,reel19__0,1427,N,False
3,207,reel19__0,1427,N,False
3,277,reel34__8,1427,N,False
3,232,bot18__2,1427,N,False
3,232,bot18__6,1427,N,False
3,81,reel61__6,1427,N,False
3,182,bot37__9,1427,N,False
3,182,bot39__9,1427,N,False
3,182,reel41__1,1427,N,False
3,122,reel44__3,1427,N,False
3,182,reel44__3,1427,N,False
3,239,reel59__3,1427,N,False
3,301,reel59__3,1427,N,False
3,239,bot61__9,1427,N,False
3,332,bot5__7,1427,N,False
3,332,bot11__3,1427,N,False
3,170,bot11__3,1427,N,False
3,273,reel17__0,1427,N,False
3,332,reel17__0,1427,N,False
3,121,bot5__9,1427,N,False
3,273,reel58__4,1427,N,False
3,121,reel58__4,1427,N,False
3,170,bot1__3,1427,N,False
3,170,reel16__2,1427,N,False
3,bot31__6,reel19__7,1427,N,False
3,25,reel26__7,1427,N,False
3,157,reel2__4,1427,N,False
3,245,reel2__4,1427,N,False
3,129,reel2__4,1427,N,False
3,58,reel15__6,1427,N,False
3,58,reel35__8,1427,N,False
3,58,reel37__6,1427,N,False
3,58,reel64__4,1427,N,False
3,73,reel64__4,1427,N,False
3,321,bot71__5,1427,N,False
3,1,bot2__5,1427,N,False
3,1,bot18__5,1427,N,False
3,142,reel21__2,1427,N,False
3,13,reel2__5,1427,N,False
3,228,bot10__7,1427,N,False
3,13,bot10__7,1427,N,False
3,13,reel15__1,1427,N,False
3,301,reel19__8,1427,N,False
3,301,bot22__1,1427,N,False
3,231,bot4__2,1427,N,False
3,231,bot20__4,1427,N,False
3,231,reel37__1,1427,N,False
3,231,reel38__6,1427,N,False
3,220,reel13__0,1427,N,False
3,122,reel13__0,1427,N,False
3,122,reel19__5,1427,N,False
3,249,bot34__3,1427,N,False
3,249,bot36__6,1427,N,False
3,281,bot36__2,1427,N,False
3,281,bot60__1,1427,N,False
3,127,bot21__9,1427,N,False
3,127,bot28__8,1427,N,False
3,127,reel48__5,1427,N,False
3,reel10__2,reel15__3,1427,N,False
3,reel10__2,bot31__2,1427,N,False
3,236,reel17__9,1427,N,False
3,236,reel24__0,1427,N,False
3,112,bot7__4,1427,N,False
3,112,bot10__8,1427,N,False
3,214,reel54__8,1427,N,False
3,reel5__2,reel6__4,1427,N,False
3,115,reel6__4,1427,N,False
3,bot52__0,reel2__8,1427,N,False
3,156,reel20__6,1427,N,False
3,156,bot30__9,1427,N,False
3,156,reel42__8,1427,N,False
3,reel21__4,reel7__8,1427,N,False
3,reel21__4,reel28__4,1427,N,False
3,reel21__4,reel36__9,1427,N,False
3,reel0__7,reel52__6,1427,N,False
3,75,reel0__4,1427,N,False
3,75,reel18__0,1427,N,False
3,75,reel69__4,1427,N,False
3,75,reel70__1,1427,N,False
3,reel20__8,reel12__8,1427,N,False
3,reel20__8,reel24__2,1427,N,False
3,reel20__8,bot47__8,1427,N,False
3,98,reel0__5,1427,N,False
3,98,reel31__0,1427,N,False
3,98,reel53__6,1427,N,False
3,115,reel32__4,1427,N,False
3,341,bot0__6,1427,N,False
3,341,reel7__2,1427,N,False
3,341,reel38__9,1427,N,False
3,341,bot58__6,1427,N,False
3,341,bot68__5,1427,N,False
3,273,reel14__4,1427,N,False
3,273,reel33__8,1427,N,False
3,273,reel65__7,1427,N,False
3,136,reel13__4,1427,N,False
3,22,bot48__3,1427,N,False
3,310,reel30__5,1427,N,False
3,310,bot37__1,1427,N,False
3,220,bot9__5,1427,N,False
3,314,reel6__3,1427,N,False
3,314,bot12__8,1427,N,False
3,314,bot33__6,1427,N,False
3,314,reel59__8,1427,N,False
3,129,reel24__9,1427,N,False
3,129,bot43__5,1427,N,False
3,228,bot40__3,1427,N,False
3,298,reel45__9,1427,N,False
3,207,bot70__2,1427,N,False
3,bot68__4,bot48__4,1428,N,False
3,bot68__4,bot71__6,1428,N,False
3,264,bot15__0,1428,N,False
3,264,bot49__1,1428,N,False
3,134,bot11__1,1428,N,False
3,134,reel21__6,1428,N,False
3,134,bot49__5,1428,N,False
3,134,reel58__0,1428,N,False
3,56,reel58__0,1428,N,False
3,270,reel0__7,1428,N,False
3,270,reel8__5,1428,N,False
3,169,reel8__5,1428,N,False
3,270,reel19__1,1428,N,False
3,270,reel42__5,1428,N,False
3,80,reel29__6,1428,N,False
3,80,reel30__0,1428,N,False
3,80,bot51__6,1428,N,False
3,95,bot1__2,1428,N,False
3,113,bot1__2,1428,N,False
3,22,bot1__9,1428,N,False
3,231,bot1__9,1428,N,False
3,95,bot1__9,1428,N,False
3,95,reel1__4,1428,N,False
3,95,bot17__8,1428,N,False
3,95,reel29__9,1428,N,False
3,122,reel29__9,1428,N,False
3,326,bot2__3,1428,N,False
3,326,bot4__1,1428,N,False
3,253,reel10__5,1428,N,False
3,326,reel10__5,1428,N,False
3,326,bot20__9,1428,N,False
3,326,reel25__6,1428,N,False
3,326,reel34__3,1428,N,False
3,194,reel34__3,1428,N,False
3,204,bot25__7,1428,N,False
3,reel57__1,reel24__3,1428,N,False
3,118,reel3__3,1428,N,False
3,283,reel3__3,1428,N,False
3,177,reel3__3,1428,N,False
3,118,reel20__7,1428,N,False
3,119,reel20__7,1428,N,False
3,118,bot29__8,1428,N,False
3,227,bot29__8,1428,N,False
3,118,reel30__3,1428,N,False
3,118,reel37__9,1428,N,False
3,109,reel37__9,1428,N,False
3,118,reel41__9,1428,N,False
3,5,bot33__0,1428,N,False
3,5,reel67__2,1428,N,False
3,68,reel13__6,1428,N,False
3,68,reel70__8,1428,N,False
3,reel40__9,bot45__1,1428,N,False
3,reel40__9,reel53__9,1428,N,False
3,221,bot4__6,1428,N,False
3,229,bot4__6,1428,N,False
3,203,reel4__6,1428,N,False
3,203,bot13__3,1428,N,False
3,203,bot36__0,1428,N,False
3,307,bot71__3,1428,N,False
3,168,bot6__3,1428,N,False
3,168,reel7__8,1428,N,False
3,168,reel8__6,1428,N,False
3,168,reel30__8,1428,N,False
3,168,reel53__3,1428,N,False
3,57,reel12__7,1428,N,False
3,119,reel12__7,1428,N,False
3,57,bot21__3,1428,N,False
3,70,bot35__1,1428,N,False
3,57,bot35__1,1428,N,False
3,57,bot61__7,1428,N,False
3,119,reel24__7,1428,N,False
3,225,reel24__7,1428,N,False
3,263,reel54__9,1428,N,False
3,263,bot71__4,1428,N,False
3,reel11__8,reel18__1,1428,N,False
3,reel11__8,reel56__4,1428,N,False
3,177,reel20__9,1428,N,False
3,337,reel20__9,1428,N,False
3,177,reel21__4,1428,N,False
3,177,reel30__9,1428,N,False
3,337,bot32__0,1428,N,False
3,337,bot57__3,1428,N,False
3,283,reel19__9,1428,N,False
3,bot22__6,reel19__9,1428,N,False
3,341,bot0__6,1428,N,False
3,313,bot0__6,1428,N,False
3,120,reel9__4,1428,N,False
3,313,reel9__4,1428,N,False
3,28,reel6__3,1428,N,False
3,314,reel6__3,1428,N,False
3,28,reel7__5,1428,N,False
3,316,reel7__5,1428,N,False
3,89,reel7__5,1428,N,False
3,324,bot10__3,1428,N,False
3,reel4__7,bot10__3,1428,N,False
3,reel4__7,bot30__4,1428,N,False
3,reel4__7,reel59__5,1428,N,False
3,300,reel8__2,1428,N,False
3,17,reel8__2,1428,N,False
3,17,bot27__9,1428,N,False
3,17,reel52__7,1428,N,False
3,62,reel52__3,1428,N,False
3,62,reel66__7,1428,N,False
3,72,bot46__9,1428,N,False
3,70,bot5__7,1428,N,False
3,332,bot5__7,1428,N,False
3,70,reel8__3,1428,N,False
3,174,reel8__3,1428,N,False
3,70,reel40__3,1428,N,False
3,70,reel46__9,1428,N,False
3,70,reel54__6,1428,N,False
3,24,reel54__6,1428,N,False
3,70,reel65__0,1428,N,False
3,187,bot31__5,1428,N,False
3,187,reel31__8,1428,N,False
3,187,bot35__9,1428,N,False
3,187,reel57__2,1428,N,False
3,187,bot67__3,1428,N,False
3,120,reel6__8,1428,N,False
3,120,bot29__0,1428,N,False
3,120,bot34__7,1428,N,False
3,120,bot68__8,1428,N,False
3,124,reel18__4,1428,N,False
3,124,reel22__8,1428,N,False
3,124,reel67__5,1428,N,False
3,278,bot3__0,1428,N,False
3,83,reel4__2,1428,N,False
3,278,reel4__2,1428,N,False
3,223,reel20__4,1428,N,False
3,278,reel20__4,1428,N,False
3,278,bot24__9,1428,N,False
3,71,reel35__6,1428,N,False
3,278,reel35__6,1428,N,False
3,339,reel9__6,1428,N,False
3,291,reel9__6,1428,N,False
3,291,bot27__6,1428,N,False
3,238,bot17__4,1428,N,False
3,155,bot19__5,1428,N,False
3,238,bot19__5,1428,N,False
3,162,bot21__5,1428,N,False
3,238,bot21__5,1428,N,False
3,238,reel22__7,1428,N,False
3,331,bot17__7,1428,N,False
3,240,bot17__7,1428,N,False
3,67,bot17__7,1428,N,False
3,331,bot21__0,1428,N,False
3,bot37__5,bot41__0,1428,N,False
3,bot37__5,bot59__7,1428,N,False
3,311,bot24__3,1428,N,False
3,311,bot42__7,1428,N,False
3,89,bot8__7,1428,N,False
3,89,reel65__7,1428,N,False
3,345,bot2__4,1428,N,False
3,130,bot2__4,1428,N,False
3,130,reel28__7,1428,N,False
3,40,reel5__6,1428,N,False
3,232,bot7__7,1428,N,False
3,294,bot7__7,1428,N,False
3,294,bot62__6,1428,N,False
3,347,bot20__1,1428,N,False
3,347,bot22__0,1428,N,False
3,347,reel36__0,1428,N,False
3,2,reel36__0,1428,N,False
3,2,bot43__4,1428,N,False
3,26,bot43__4,1428,N,False
3,2,bot58__3,1428,N,False
3,188,bot1__1,1428,N,False
3,188,bot17__5,1428,N,False
3,1,bot17__5,1428,N,False
3,231,reel40__8,1428,N,False
3,188,reel40__8,1428,N,False
3,121,reel40__8,1428,N,False
3,188,reel41__2,1428,N,False
3,188,reel51__6,1428,N,False
3,297,reel51__6,1428,N,False
3,339,bot15__5,1428,N,False
3,339,reel18__8,1428,N,False
3,6,bot69__7,1428,N,False
3,139,bot3__2,1428,N,False
3,141,bot3__2,1428,N,False
3,139,bot36__6,1428,N,False
3,67,reel11__7,1428,N,False
3,67,reel12__1,1428,N,False
3,346,reel15__1,1428,N,False
3,346,reel27__2,1428,N,False
3,146,reel27__2,1428,N,False
3,21,reel51__7,1428,N,False
3,50,reel44__8,1428,N,False
3,265,reel44__8,1428,N,False
3,154,reel23__3,1428,N,False
3,211,reel23__3,1428,N,False
3,83,bot14__3,1428,N,False
3,154,reel18__2,1428,N,False
3,83,reel18__2,1428,N,False
3,83,bot25__2,1428,N,False
3,83,reel48__2,1428,N,False
3,196,reel4__5,1428,N,False
3,196,bot11__3,1428,N,False
3,332,bot11__3,1428,N,False
3,170,bot11__3,1428,N,False
3,196,reel44__9,1428,N,False
3,174,bot12__5,1428,N,False
3,174,bot20__2,1428,N,False
3,174,reel59__4,1428,N,False
3,161,reel59__4,1428,N,False
3,59,bot9__1,1428,N,False
3,59,bot20__8,1428,N,False
3,92,bot20__8,1428,N,False
3,59,reel21__0,1428,N,False
3,59,bot30__5,1428,N,False
3,87,reel11__5,1428,N,False
3,reel15__8,reel11__5,1428,N,False
3,248,reel11__5,1428,N,False
3,248,bot45__8,1428,N,False
3,299,reel32__5,1428,N,False
3,reel4__9,bot38__5,1428,N,False
3,reel4__9,bot51__8,1428,N,False
3,138,bot51__4,1428,N,False
3,138,reel51__2,1428,N,False
3,33,bot4__8,1428,N,False
3,33,reel14__6,1428,N,False
3,33,bot28__2,1428,N,False
3,71,reel3__0,1428,N,False
3,71,bot5__1,1428,N,False
3,225,bot35__4,1428,N,False
3,225,reel61__0,1428,N,False
3,225,bot71__7,1428,N,False
3,194,bot13__4,1428,N,False
3,194,reel48__4,1428,N,False
3,183,reel10__8,1428,N,False
3,81,reel10__8,1428,N,False
3,183,bot12__1,1428,N,False
3,183,bot26__0,1428,N,False
3,51,bot26__0,1428,N,False
3,183,reel26__8,1428,N,False
3,66,reel34__4,1428,N,False
3,308,reel29__8,1428,N,False
3,308,bot59__9,1428,N,False
3,169,bot32__6,1428,N,False
3,227,bot13__9,1428,N,False
3,122,bot24__5,1428,N,False
3,227,bot24__5,1428,N,False
3,227,reel37__2,1428,N,False
3,227,reel43__6,1428,N,False
3,283,reel47__9,1428,N,False
3,227,reel47__9,1428,N,False
3,288,bot7__0,1428,N,False
3,288,reel7__3,1428,N,False
3,288,reel34__1,1428,N,False
3,288,bot44__4,1428,N,False
3,54,bot18__9,1428,N,False
3,54,reel20__6,1428,N,False
3,324,reel20__6,1428,N,False
3,109,reel1__1,1428,N,False
3,109,reel49__5,1428,N,False
3,277,bot9__7,1428,N,False
3,163,bot9__7,1428,N,False
3,163,reel9__8,1428,N,False
3,163,reel32__2,1428,N,False
3,163,reel41__6,1428,N,False
3,163,reel50__7,1428,N,False
3,259,bot7__1,1428,N,False
3,259,reel30__2,1428,N,False
3,234,reel8__9,1428,N,False
3,234,bot10__5,1428,N,False
3,234,bot17__1,1428,N,False
3,234,bot36__7,1428,N,False
3,234,bot44__5,1428,N,False
3,23,bot31__4,1428,N,False
3,240,reel44__4,1428,N,False
3,9,bot3__1,1428,N,False
3,51,bot3__1,1428,N,False
3,reel15__8,bot21__6,1428,N,False
3,reel15__8,reel34__6,1428,N,False
3,reel15__8,bot49__6,1428,N,False
3,reel15__8,reel59__2,1428,N,False
3,92,reel49__3,1428,N,False
3,92,bot69__9,1428,N,False
3,260,reel16__5,1428,N,False
3,260,reel35__2,1428,N,False
3,260,reel38__8,1428,N,False
3,277,bot6__4,1428,N,False
3,283,bot6__4,1428,N,False
3,277,reel19__0,1428,N,False
3,207,reel19__0,1428,N,False
3,277,reel52__0,1428,N,False
3,277,reel53__4,1428,N,False
3,297,reel53__4,1428,N,False
3,232,bot18__2,1428,N,False
3,81,reel42__6,1428,N,False
3,75,reel0__4,1428,N,False
3,3,reel0__4,1428,N,False
3,324,reel3__2,1428,N,False
3,3,reel3__2,1428,N,False
3,182,bot37__9,1428,N,False
3,182,bot39__9,1428,N,False
3,122,reel44__3,1428,N,False
3,182,reel44__3,1428,N,False
3,182,reel60__8,1428,N,False
3,243,bot5__8,1428,N,False
3,324,bot5__8,1428,N,False
3,243,reel5__5,1428,N,False
3,243,reel13__4,1428,N,False
3,136,reel13__4,1428,N,False
3,243,reel19__5,1428,N,False
3,122,reel19__5,1428,N,False
3,243,reel19__8,1428,N,False
3,301,reel19__8,1428,N,False
3,243,reel59__8,1428,N,False
3,314,reel59__8,1428,N,False
3,243,reel60__2,1428,N,False
3,48,bot68__5,1428,N,False
3,341,bot68__5,1428,N,False
3,332,reel17__0,1428,N,False
3,121,bot17__3,1428,N,False
3,121,reel58__4,1428,N,False
3,113,reel58__4,1428,N,False
3,170,bot1__3,1428,N,False
3,170,reel8__7,1428,N,False
3,170,bot14__9,1428,N,False
3,170,reel16__2,1428,N,False
3,170,reel56__5,1428,N,False
3,171,bot2__5,1428,N,False
3,1,bot2__5,1428,N,False
3,171,reel36__6,1428,N,False
3,155,reel11__0,1428,N,False
3,155,bot40__7,1428,N,False
3,155,reel66__9,1428,N,False
3,316,reel2__8,1428,N,False
3,316,bot22__7,1428,N,False
3,316,reel46__6,1428,N,False
3,245,bot47__9,1428,N,False
3,58,reel15__6,1428,N,False
3,58,reel35__8,1428,N,False
3,9,reel35__8,1428,N,False
3,91,bot45__6,1428,N,False
3,324,reel0__3,1428,N,False
3,324,bot23__9,1428,N,False
3,87,bot33__2,1428,N,False
3,324,bot33__2,1428,N,False
3,1,bot4__9,1428,N,False
3,1,bot18__5,1428,N,False
3,113,bot24__1,1428,N,False
3,300,bot33__1,1428,N,False
3,113,bot33__1,1428,N,False
3,142,reel21__2,1428,N,False
3,301,bot22__1,1428,N,False
3,301,reel22__2,1428,N,False
3,301,reel39__1,1428,N,False
3,301,reel59__3,1428,N,False
3,301,reel70__0,1428,N,False
3,26,bot56__4,1428,N,False
3,26,reel62__3,1428,N,False
3,231,bot4__2,1428,N,False
3,231,reel6__5,1428,N,False
3,231,reel8__1,1428,N,False
3,231,reel37__1,1428,N,False
3,231,reel38__6,1428,N,False
3,87,bot13__5,1428,N,False
3,87,reel13__5,1428,N,False
3,87,bot19__1,1428,N,False
3,87,bot53__8,1428,N,False
3,87,bot67__6,1428,N,False
3,122,reel10__1,1428,N,False
3,230,reel46__1,1428,N,False
3,60,reel6__9,1428,N,False
3,60,bot14__7,1428,N,False
3,24,bot14__7,1428,N,False
3,60,reel61__4,1428,N,False
3,60,bot70__5,1428,N,False
3,281,bot36__2,1428,N,False
3,281,bot60__1,1428,N,False
3,127,bot21__9,1428,N,False
3,9,reel1__8,1428,N,False
3,9,bot3__4,1428,N,False
3,9,bot24__8,1428,N,False
3,9,bot43__5,1428,N,False
3,9,reel63__4,1428,N,False
3,214,reel5__0,1428,N,False
3,214,reel54__8,1428,N,False
3,141,reel48__7,1428,N,False
3,237,reel2__5,1428,N,False
3,237,bot71__2,1428,N,False
3,300,bot46__0,1428,N,False
3,300,reel56__7,1428,N,False
3,300,reel70__9,1428,N,False
3,345,reel9__0,1428,N,False
3,345,reel9__3,1428,N,False
3,276,bot42__8,1428,N,False
3,276,reel53__8,1428,N,False
3,75,bot54__2,1428,N,False
3,75,reel69__4,1428,N,False
3,75,reel70__1,1428,N,False
3,75,reel70__2,1428,N,False
3,32,bot32__9,1428,N,False
3,32,reel40__5,1428,N,False
3,32,reel67__0,1428,N,False
3,341,bot0__8,1428,N,False
3,161,bot0__8,1428,N,False
3,161,reel26__3,1428,N,False
3,173,reel5__8,1428,N,False
3,173,bot33__3,1428,N,False
3,56,bot46__2,1428,N,False
3,173,bot46__2,1428,N,False
3,173,reel56__6,1428,N,False
3,173,reel64__3,1428,N,False
3,253,reel58__1,1428,N,False
3,253,bot65__4,1428,N,False
3,98,reel0__1,1428,N,False
3,98,bot62__4,1428,N,False
3,165,reel14__4,1428,N,False
3,165,bot69__4,1428,N,False
3,341,reel15__7,1428,N,False
3,341,bot58__6,1428,N,False
3,136,reel9__5,1428,N,False
3,22,bot27__0,1428,N,False
3,22,bot48__3,1428,N,False
3,56,bot45__2,1428,N,False
3,310,reel30__5,1428,N,False
3,310,bot37__1,1428,N,False
3,220,bot9__5,1428,N,False
3,24,reel33__4,1428,N,False
3,283,reel32__7,1428,N,False
3,228,bot10__7,1428,N,False
3,228,reel30__4,1428,N,False
3,228,bot40__3,1428,N,False
3,99,bot57__5,1428,N,False
3,303,reel60__3,1428,N,False
3,207,bot70__2,1428,N,False
3,20,149,1429,N,False
3,326,149,1429,N,False
3,0,149,1429,N,False
3,326,144,1429,N,False
3,0,144,1429,N,False
3,326,28,1429,N,False
3,310,28,1429,N,False
3,0,28,1429,N,False
3,20,2,1429,N,False
3,326,2,1429,N,False
3,0,2,1429,N,False
3,326,bot2__3,1429,N,False
3,326,reel10__5,1429,N,False
3,326,bot20__9,1429,N,False
3,326,reel25__6,1429,N,False
3,326,reel28__2,1429,N,False
3,bot61__5,bot3__3,1429,N,False
3,bot61__5,bot60__0,1429,N,False
3,0,19,1429,N,False
3,214,19,1429,N,False
3,20,333,1429,N,False
3,0,333,1429,N,False
3,214,333,1429,N,False
3,307,230,1429,N,False
3,0,230,1429,N,False
3,214,230,1429,N,False
3,214,reel43__9,1429,N,False
3,214,reel54__8,1429,N,False
3,214,bot57__1,1429,N,False
3,reel4__4,reel22__7,1429,N,False
3,reel4__4,reel53__5,1429,N,False
3,reel4__4,bot69__7,1429,N,False
3,reel6__0,85,1429,N,False
3,0,85,1429,N,False
3,reel6__0,reel18__1,1429,N,False
3,reel6__0,reel24__5,1429,N,False
3,reel6__0,reel44__9,1429,N,False
3,bot55__6,reel51__6,1429,N,False
3,bot55__6,bot59__2,1429,N,False
3,307,40,1429,N,False
3,0,40,1429,N,False
3,25,40,1429,N,False
3,307,bot71__3,1429,N,False
3,bot22__7,316,1429,N,False
3,0,316,1429,N,False
3,bot22__7,201,1429,N,False
3,0,201,1429,N,False
3,bot22__7,bot25__8,1429,N,False
3,191,53,1429,N,False
3,0,53,1429,N,False
3,191,130,1429,N,False
3,0,130,1429,N,False
3,25,130,1429,N,False
3,191,bot22__1,1429,N,False
3,191,bot71__7,1429,N,False
3,279,bot22__8,1429,N,False
3,279,reel33__5,1429,N,False
3,279,bot50__3,1429,N,False
3,310,32,1429,N,False
3,337,32,1429,N,False
3,0,32,1429,N,False
3,310,167,1429,N,False
3,337,167,1429,N,False
3,0,167,1429,N,False
3,337,reel15__5,1429,N,False
3,337,reel20__9,1429,N,False
3,337,bot32__0,1429,N,False
3,337,bot57__3,1429,N,False
3,0,83,1429,N,False
3,25,83,1429,N,False
3,0,323,1429,N,False
3,25,323,1429,N,False
3,0,203,1429,N,False
3,25,203,1429,N,False
3,0,288,1429,N,False
3,25,288,1429,N,False
3,0,291,1429,N,False
3,25,291,1429,N,False
3,0,231,1429,N,False
3,25,231,1429,N,False
3,0,119,1429,N,False
3,25,119,1429,N,False
3,0,104,1429,N,False
3,25,104,1429,N,False
3,0,148,1429,N,False
3,25,148,1429,N,False
3,0,69,1429,N,False
3,25,69,1429,N,False
3,0,72,1429,N,False
3,25,72,1429,N,False
3,0,297,1429,N,False
3,25,297,1429,N,False
3,0,280,1429,N,False
3,25,280,1429,N,False
3,0,336,1429,N,False
3,25,336,1429,N,False
3,0,283,1429,N,False
3,25,283,1429,N,False
3,0,84,1429,N,False
3,25,84,1429,N,False
3,0,9,1429,N,False
3,25,9,1429,N,False
3,0,39,1429,N,False
3,25,39,1429,N,False
3,0,98,1429,N,False
3,25,98,1429,N,False
3,0,79,1429,N,False
3,25,79,1429,N,False
3,0,31,1429,N,False
3,25,31,1429,N,False
3,0,73,1429,N,False
3,25,73,1429,N,False
3,0,325,1429,N,False
3,25,325,1429,N,False
3,0,170,1429,N,False
3,25,170,1429,N,False
3,0,56,1429,N,False
3,25,56,1429,N,False
3,0,21,1429,N,False
3,25,21,1429,N,False
3,0,221,1429,N,False
3,25,221,1429,N,False
3,0,236,1429,N,False
3,25,236,1429,N,False
3,0,26,1429,N,False
3,25,26,1429,N,False
3,25,reel26__7,1429,N,False
3,25,reel56__9,1429,N,False
3,bot26__8,reel22__5,1429,N,False
3,310,bot3__5,1429,N,False
3,310,reel30__5,1429,N,False
3,310,bot37__1,1429,N,False
3,0,24,1429,N,False
3,0,346,1429,N,False
3,0,304,1429,N,False
3,0,329,1429,N,False
3,0,204,1429,N,False
3,0,211,1429,N,False
3,0,62,1429,N,False
3,0,175,1429,N,False
3,0,127,1429,N,False
3,0,23,1429,N,False
3,0,299,1429,N,False
3,0,48,1429,N,False
3,0,57,1429,N,False
3,0,313,1429,N,False
3,0,118,1429,N,False
3,0,36,1429,N,False
3,0,223,1429,N,False
3,0,275,1429,N,False
3,0,242,1429,N,False
3,0,308,1429,N,False
3,0,341,1429,N,False
3,0,128,1429,N,False
3,0,238,1429,N,False
3,0,38,1429,N,False
3,0,139,1429,N,False
3,0,142,1429,N,False
3,0,64,1429,N,False
3,0,217,1429,N,False
3,0,248,1429,N,False
3,0,1,1429,N,False
3,0,187,1429,N,False
3,0,49,1429,N,False
3,0,222,1429,N,False
3,0,92,1429,N,False
3,0,266,1429,N,False
3,0,212,1429,N,False
3,0,311,1429,N,False
3,0,309,1429,N,False
3,0,251,1429,N,False
3,0,156,1429,N,False
3,0,303,1429,N,False
3,0,347,1429,N,False
3,0,281,1429,N,False
3,0,263,1429,N,False
3,0,218,1429,N,False
3,0,314,1429,N,False
3,0,178,1429,N,False
3,0,192,1429,N,False
3,0,181,1429,N,False
3,0,8,1429,N,False
3,0,245,1429,N,False
3,0,129,1429,N,False
3,0,328,1429,N,False
3,0,150,1429,N,False
3,0,101,1429,N,False
3,0,99,1429,N,False
3,0,163,1429,N,False
3,0,173,1429,N,False
3,0,165,1429,N,False
3,0,121,1429,N,False
3,0,306,1429,N,False
3,0,177,1429,N,False
3,0,189,1429,N,False
3,0,259,1429,N,False
3,0,45,1429,N,False
3,0,58,1429,N,False
3,0,6,1429,N,False
3,0,208,1429,N,False
3,0,132,1429,N,False
3,0,301,1429,N,False
3,0,106,1429,N,False
3,0,264,1429,N,False
3,0,225,1429,N,False
3,0,321,1429,N,False
3,0,131,1429,N,False
3,0,22,1429,N,False
3,0,50,1429,N,False
3,0,193,1429,N,False
3,0,97,1429,N,False
3,0,112,1429,N,False
3,0,179,1429,N,False
3,0,145,1429,N,False
3,0,4,1429,N,False
3,0,327,1429,N,False
3,0,95,1429,N,False
3,0,120,1429,N,False
3,0,233,1429,N,False
3,0,256,1429,N,False
3,0,202,1429,N,False
3,0,155,1429,N,False
3,0,229,1429,N,False
3,0,138,1429,N,False
3,0,240,1429,N,False
3,0,219,1429,N,False
3,0,153,1429,N,False
3,0,198,1429,N,False
3,0,241,1429,N,False
3,0,294,1429,N,False
3,0,183,1429,N,False
3,0,reel20__8,1429,N,False
3,44,reel9__1,1429,N,False
3,44,bot60__2,1429,N,False
3,20,bot14__2,1429,N,False
3,20,reel14__3,1429,N,False
3,20,bot15__0,1429,N,False
3,20,bot18__8,1429,N,False
3,20,reel42__6,1429,N,False
3,180,reel0__9,1430,N,True
3,180,reel8__8,1430,N,True
3,19,reel8__8,1430,N,True
3,195,reel2__3,1430,N,True
3,1,reel2__3,1430,N,True
3,242,reel2__3,1430,N,True
3,203,reel4__6,1430,N,True
3,295,reel4__6,1430,N,True
3,242,reel4__6,1430,N,True
3,277,reel9__2,1430,N,True
3,242,reel9__2,1430,N,True
3,249,reel38__4,1430,N,True
3,242,reel38__4,1430,N,True
3,reel38__1,reel43__0,1430,N,True
3,242,reel43__0,1430,N,True
3,242,bot45__3,1430,N,True
3,145,reel10__9,1430,N,True
3,133,reel10__9,1430,N,True
3,63,bot1__6,1430,N,True
3,bot63__7,bot1__6,1430,N,True
3,233,bot1__6,1430,N,True
3,7,bot47__2,1430,N,True
3,175,reel13__3,1430,N,True
3,80,reel13__3,1430,N,True
3,324,reel13__3,1430,N,True
3,bot36__5,reel13__3,1430,N,True
3,80,reel30__0,1430,N,True
3,80,reel30__7,1430,N,True
3,80,reel50__6,1430,N,True
3,305,reel50__6,1430,N,True
3,80,bot52__3,1430,N,True
3,130,bot52__3,1430,N,True
3,reel45__6,bot52__3,1430,N,True
3,80,bot58__9,1430,N,True
3,201,bot0__9,1430,N,True
3,270,bot0__9,1430,N,True
3,175,reel0__7,1430,N,True
3,270,reel0__7,1430,N,True
3,255,reel0__7,1430,N,True
3,195,reel5__2,1430,N,True
3,270,reel5__2,1430,N,True
3,303,reel5__2,1430,N,True
3,270,reel19__1,1430,N,True
3,84,reel19__1,1430,N,True
3,270,bot31__1,1430,N,True
3,270,reel42__5,1430,N,True
3,193,reel54__3,1430,N,True
3,193,bot55__1,1430,N,True
3,193,bot56__3,1430,N,True
3,bot45__4,bot43__2,1430,N,True
3,bot45__4,bot56__6,1430,N,True
3,bot45__4,bot67__9,1430,N,True
3,304,bot0__7,1430,N,True
3,342,bot0__7,1430,N,True
3,69,bot0__7,1430,N,True
3,330,reel12__6,1430,N,True
3,304,reel12__6,1430,N,True
3,reel2__4,reel12__6,1430,N,True
3,304,reel24__4,1430,N,True
3,225,reel24__4,1430,N,True
3,304,bot67__5,1430,N,True
3,339,reel18__8,1430,N,True
3,reel12__7,reel18__8,1430,N,True
3,reel12__7,reel66__2,1430,N,True
3,204,bot25__7,1430,N,True
3,36,reel43__8,1430,N,True
3,204,reel43__8,1430,N,True
3,204,bot51__0,1430,N,True
3,204,reel59__7,1430,N,True
3,277,reel19__0,1430,N,True
3,207,reel19__0,1430,N,True
3,reel36__7,reel19__0,1430,N,True
3,26,reel55__8,1430,N,True
3,reel36__7,reel55__8,1430,N,True
3,172,reel1__6,1430,N,True
3,195,reel1__6,1430,N,True
3,159,reel1__6,1430,N,True
3,172,reel18__7,1430,N,True
3,104,reel18__7,1430,N,True
3,172,reel21__1,1430,N,True
3,27,reel21__1,1430,N,True
3,105,reel21__1,1430,N,True
3,118,reel3__3,1430,N,True
3,283,reel3__3,1430,N,True
3,168,reel9__9,1430,N,True
3,118,reel9__9,1430,N,True
3,202,reel9__9,1430,N,True
3,118,reel12__4,1430,N,True
3,100,reel12__4,1430,N,True
3,151,reel12__4,1430,N,True
3,118,bot18__1,1430,N,True
3,118,reel20__7,1430,N,True
3,119,reel20__7,1430,N,True
3,118,bot29__8,1430,N,True
3,117,bot29__8,1430,N,True
3,227,bot29__8,1430,N,True
3,118,reel37__9,1430,N,True
3,109,reel37__9,1430,N,True
3,118,reel41__9,1430,N,True
3,reel13__1,reel41__9,1430,N,True
3,326,bot20__9,1430,N,True
3,326,reel34__3,1430,N,True
3,194,reel34__3,1430,N,True
3,185,reel17__9,1430,N,True
3,185,reel26__9,1430,N,True
3,49,bot3__6,1430,N,True
3,100,bot3__6,1430,N,True
3,110,bot3__6,1430,N,True
3,49,bot4__8,1430,N,True
3,33,bot4__8,1430,N,True
3,49,reel27__1,1430,N,True
3,49,reel27__3,1430,N,True
3,reel25__7,reel27__3,1430,N,True
3,333,reel12__9,1430,N,True
3,149,reel12__9,1430,N,True
3,98,reel12__9,1430,N,True
3,149,reel14__8,1430,N,True
3,53,bot23__1,1430,N,True
3,149,bot23__1,1430,N,True
3,149,bot25__9,1430,N,True
3,239,bot61__9,1430,N,True
3,bot65__5,bot61__9,1430,N,True
3,bot65__5,bot67__0,1430,N,True
3,309,reel17__6,1430,N,True
3,309,reel55__7,1430,N,True
3,5,bot33__0,1430,N,True
3,5,reel67__2,1430,N,True
3,262,bot1__0,1430,N,True
3,229,bot1__0,1430,N,True
3,341,reel8__0,1430,N,True
3,reel13__1,reel8__0,1430,N,True
3,262,reel8__0,1430,N,True
3,339,bot15__5,1430,N,True
3,271,bot15__5,1430,N,True
3,262,bot15__5,1430,N,True
3,228,reel22__9,1430,N,True
3,262,reel22__9,1430,N,True
3,reel65__3,reel58__5,1430,N,True
3,333,reel58__5,1430,N,True
3,29,reel58__5,1430,N,True
3,bot0__6,bot10__8,1430,N,True
3,340,bot10__8,1430,N,True
3,112,bot10__8,1430,N,True
3,bot0__6,bot47__0,1430,N,True
3,bot0__6,bot63__6,1430,N,True
3,68,reel13__6,1430,N,True
3,reel33__5,reel13__6,1430,N,True
3,250,reel1__4,1430,N,True
3,reel7__0,reel1__4,1430,N,True
3,reel7__0,reel12__2,1430,N,True
3,reel7__0,bot26__7,1430,N,True
3,reel7__0,bot61__0,1430,N,True
3,82,bot30__8,1430,N,True
3,186,reel33__7,1430,N,True
3,82,reel33__7,1430,N,True
3,160,bot1__5,1430,N,True
3,295,bot1__5,1430,N,True
3,156,bot1__5,1430,N,True
3,246,reel2__0,1430,N,True
3,295,reel2__0,1430,N,True
3,295,bot9__1,1430,N,True
3,295,reel22__3,1430,N,True
3,146,reel22__3,1430,N,True
3,295,reel34__2,1430,N,True
3,344,reel34__2,1430,N,True
3,295,bot35__2,1430,N,True
3,151,bot35__2,1430,N,True
3,184,bot4__7,1430,N,True
3,324,bot4__7,1430,N,True
3,131,bot4__7,1430,N,True
3,131,reel23__5,1430,N,True
3,131,bot25__3,1430,N,True
3,159,bot25__3,1430,N,True
3,131,reel39__6,1430,N,True
3,255,bot65__0,1430,N,True
3,131,bot65__0,1430,N,True
3,153,reel43__7,1430,N,True
3,reel33__5,reel49__2,1430,N,True
3,153,reel49__2,1430,N,True
3,81,reel49__2,1430,N,True
3,221,bot4__6,1430,N,True
3,229,bot4__6,1430,N,True
3,147,bot19__0,1430,N,True
3,251,bot19__0,1430,N,True
3,229,bot19__0,1430,N,True
3,229,bot36__9,1430,N,True
3,207,bot53__5,1430,N,True
3,229,bot53__5,1430,N,True
3,203,bot3__5,1430,N,True
3,310,bot3__5,1430,N,True
3,342,bot3__5,1430,N,True
3,203,bot5__6,1430,N,True
3,29,bot5__6,1430,N,True
3,203,bot6__8,1430,N,True
3,173,bot6__8,1430,N,True
3,203,bot13__3,1430,N,True
3,175,bot13__3,1430,N,True
3,203,reel26__4,1430,N,True
3,203,bot36__0,1430,N,True
3,190,reel9__1,1430,N,True
3,44,reel9__1,1430,N,True
3,190,bot24__7,1430,N,True
3,190,reel32__9,1430,N,True
3,190,reel33__4,1430,N,True
3,24,reel33__4,1430,N,True
3,190,reel40__7,1430,N,True
3,307,bot71__3,1430,N,True
3,233,reel3__4,1430,N,True
3,205,reel3__4,1430,N,True
3,159,reel3__4,1430,N,True
3,159,reel17__7,1430,N,True
3,159,bot41__2,1430,N,True
3,159,reel43__6,1430,N,True
3,227,reel43__6,1430,N,True
3,98,reel0__1,1430,N,True
3,256,reel0__1,1430,N,True
3,110,reel0__1,1430,N,True
3,232,bot7__7,1430,N,True
3,110,bot7__7,1430,N,True
3,294,bot7__7,1430,N,True
3,63,reel7__7,1430,N,True
3,110,reel7__7,1430,N,True
3,196,reel8__4,1430,N,True
3,104,reel8__4,1430,N,True
3,110,reel8__4,1430,N,True
3,256,bot12__3,1430,N,True
3,110,bot12__3,1430,N,True
3,171,reel17__8,1430,N,True
3,110,reel17__8,1430,N,True
3,110,reel32__5,1430,N,True
3,168,reel7__8,1430,N,True
3,200,reel7__8,1430,N,True
3,94,reel7__8,1430,N,True
3,168,bot10__2,1430,N,True
3,168,reel30__8,1430,N,True
3,256,reel30__8,1430,N,True
3,147,reel30__8,1430,N,True
3,168,reel54__7,1430,N,True
3,263,reel54__9,1430,N,True
3,226,reel54__9,1430,N,True
3,263,bot58__8,1430,N,True
3,263,bot71__4,1430,N,True
3,79,bot71__4,1430,N,True
3,315,reel23__6,1430,N,True
3,119,reel23__6,1430,N,True
3,119,reel24__7,1430,N,True
3,225,reel24__7,1430,N,True
3,119,reel40__6,1430,N,True
3,100,reel40__6,1430,N,True
3,119,bot46__6,1430,N,True
3,191,bot22__1,1430,N,True
3,301,bot22__1,1430,N,True
3,191,bot71__7,1430,N,True
3,225,bot71__7,1430,N,True
3,279,reel16__8,1430,N,True
3,94,bot22__8,1430,N,True
3,205,bot22__8,1430,N,True
3,279,bot22__8,1430,N,True
3,279,bot50__3,1430,N,True
3,279,bot54__0,1430,N,True
3,61,reel0__4,1430,N,True
3,75,reel0__4,1430,N,True
3,208,bot2__2,1430,N,True
3,61,bot2__2,1430,N,True
3,61,reel10__6,1430,N,True
3,61,reel50__4,1430,N,True
3,61,reel64__9,1430,N,True
3,243,reel5__5,1430,N,True
3,reel8__6,reel5__5,1430,N,True
3,164,reel5__5,1430,N,True
3,reel8__6,bot29__3,1430,N,True
3,19,bot29__3,1430,N,True
3,reel8__6,reel29__2,1430,N,True
3,reel8__6,reel29__5,1430,N,True
3,240,reel29__5,1430,N,True
3,301,reel29__5,1430,N,True
3,reel8__6,reel33__1,1430,N,True
3,314,reel33__1,1430,N,True
3,reel8__6,reel34__0,1430,N,True
3,201,reel34__0,1430,N,True
3,reel8__6,bot63__2,1430,N,True
3,reel38__1,reel43__3,1430,N,True
3,reel38__1,reel56__1,1430,N,True
3,205,bot59__2,1430,N,True
3,reel38__1,bot59__2,1430,N,True
3,48,reel15__5,1430,N,True
3,337,reel15__5,1430,N,True
3,138,reel15__5,1430,N,True
3,28,reel7__5,1430,N,True
3,156,reel8__2,1430,N,True
3,17,reel8__2,1430,N,True
3,17,reel52__7,1430,N,True
3,42,reel52__7,1430,N,True
3,reel2__4,reel15__8,1430,N,True
3,reel2__4,bot44__9,1430,N,True
3,112,reel4__8,1430,N,True
3,bot23__6,reel4__8,1430,N,True
3,116,reel4__8,1430,N,True
3,62,reel4__8,1430,N,True
3,62,reel52__3,1430,N,True
3,62,reel69__9,1430,N,True
3,72,bot46__9,1430,N,True
3,187,bot3__8,1430,N,True
3,75,bot3__8,1430,N,True
3,48,reel6__6,1430,N,True
3,187,reel6__6,1430,N,True
3,187,bot31__5,1430,N,True
3,187,reel31__8,1430,N,True
3,187,bot35__9,1430,N,True
3,187,reel57__2,1430,N,True
3,120,reel9__4,1430,N,True
3,120,bot34__7,1430,N,True
3,60,bot4__3,1430,N,True
3,124,bot4__3,1430,N,True
3,201,reel18__4,1430,N,True
3,124,reel18__4,1430,N,True
3,reel25__7,reel18__4,1430,N,True
3,124,reel22__8,1430,N,True
3,124,bot42__9,1430,N,True
3,reel39__3,bot42__9,1430,N,True
3,124,bot57__2,1430,N,True
3,124,reel67__5,1430,N,True
3,345,bot2__4,1430,N,True
3,130,bot2__4,1430,N,True
3,342,bot2__4,1430,N,True
3,56,bot14__1,1430,N,True
3,256,bot14__1,1430,N,True
3,342,bot14__1,1430,N,True
3,83,reel48__2,1430,N,True
3,342,reel48__2,1430,N,True
3,64,bot0__3,1430,N,True
3,290,bot0__3,1430,N,True
3,133,bot0__1,1430,N,True
3,94,bot0__1,1430,N,True
3,237,bot0__1,1430,N,True
3,133,reel51__8,1430,N,True
3,reel69__8,reel51__8,1430,N,True
3,133,reel53__9,1430,N,True
3,133,bot60__6,1430,N,True
3,133,bot60__7,1430,N,True
3,133,reel65__6,1430,N,True
3,231,bot2__8,1430,N,True
3,315,bot2__8,1430,N,True
3,278,bot2__8,1430,N,True
3,278,bot24__9,1430,N,True
3,71,reel35__6,1430,N,True
3,278,reel35__6,1430,N,True
3,278,bot58__1,1430,N,True
3,200,bot8__6,1430,N,True
3,327,bot8__6,1430,N,True
3,41,reel28__6,1430,N,True
3,200,reel28__6,1430,N,True
3,200,reel42__0,1430,N,True
3,56,bot45__2,1430,N,True
3,200,bot45__2,1430,N,True
3,128,reel11__8,1430,N,True
3,226,reel11__8,1430,N,True
3,128,bot39__8,1430,N,True
3,128,bot68__2,1430,N,True
3,160,reel24__6,1430,N,True
3,160,reel48__6,1430,N,True
3,76,reel5__1,1430,N,True
3,271,reel5__1,1430,N,True
3,238,reel5__1,1430,N,True
3,162,bot21__5,1430,N,True
3,238,bot21__5,1430,N,True
3,238,reel32__3,1430,N,True
3,238,bot61__6,1430,N,True
3,98,bot4__4,1430,N,True
3,344,bot4__4,1430,N,True
3,265,bot48__5,1430,N,True
3,344,bot48__5,1430,N,True
3,344,bot53__1,1430,N,True
3,344,bot59__6,1430,N,True
3,214,reel5__0,1430,N,True
3,20,reel5__0,1430,N,True
3,20,bot14__2,1430,N,True
3,20,bot15__0,1430,N,True
3,123,bot18__8,1430,N,True
3,333,bot18__8,1430,N,True
3,20,bot18__8,1430,N,True
3,81,reel42__6,1430,N,True
3,bot51__4,reel42__6,1430,N,True
3,20,reel42__6,1430,N,True
3,216,bot0__2,1430,N,True
3,56,bot0__2,1430,N,True
3,291,bot0__2,1430,N,True
3,53,reel3__1,1430,N,True
3,291,reel3__1,1430,N,True
3,260,reel3__1,1430,N,True
3,169,reel3__9,1430,N,True
3,79,reel3__9,1430,N,True
3,291,reel3__9,1430,N,True
3,bot18__3,reel4__3,1430,N,True
3,291,reel4__3,1430,N,True
3,181,reel4__3,1430,N,True
3,339,reel9__6,1430,N,True
3,291,reel9__6,1430,N,True
3,291,bot27__6,1430,N,True
3,331,bot17__7,1430,N,True
3,240,bot17__7,1430,N,True
3,67,bot17__7,1430,N,True
3,331,bot21__0,1430,N,True
3,331,bot31__7,1430,N,True
3,339,reel1__5,1430,N,True
3,36,reel1__5,1430,N,True
3,151,reel1__5,1430,N,True
3,151,bot18__4,1430,N,True
3,311,bot24__3,1430,N,True
3,151,bot24__3,1430,N,True
3,175,reel28__9,1430,N,True
3,151,reel28__9,1430,N,True
3,341,reel15__7,1430,N,True
3,219,reel15__7,1430,N,True
3,271,bot24__4,1430,N,True
3,219,bot24__4,1430,N,True
3,29,bot11__2,1430,N,True
3,29,bot14__0,1430,N,True
3,64,bot41__8,1430,N,True
3,29,bot41__8,1430,N,True
3,173,reel21__9,1430,N,True
3,311,reel21__9,1430,N,True
3,42,reel21__9,1430,N,True
3,311,bot34__2,1430,N,True
3,311,reel61__1,1430,N,True
3,311,reel62__1,1430,N,True
3,268,reel62__1,1430,N,True
3,bot10__1,reel1__8,1430,N,True
3,9,reel1__8,1430,N,True
3,261,reel1__8,1430,N,True
3,42,reel1__8,1430,N,True
3,275,bot2__1,1430,N,True
3,156,bot2__1,1430,N,True
3,42,bot2__1,1430,N,True
3,42,bot8__1,1430,N,True
3,42,reel22__5,1430,N,True
3,42,bot27__1,1430,N,True
3,213,reel12__8,1430,N,True
3,reel20__8,reel12__8,1430,N,True
3,104,reel12__8,1430,N,True
3,213,reel39__5,1430,N,True
3,130,reel19__6,1430,N,True
3,130,reel50__8,1430,N,True
3,reel45__6,reel50__8,1430,N,True
3,53,bot21__8,1430,N,True
3,320,bot21__8,1430,N,True
3,320,reel45__4,1430,N,True
3,27,bot46__0,1430,N,True
3,320,bot46__0,1430,N,True
3,320,bot66__8,1430,N,True
3,94,reel66__0,1430,N,True
3,320,reel66__0,1430,N,True
3,327,bot3__9,1430,N,True
3,250,reel40__2,1430,N,True
3,327,reel40__2,1430,N,True
3,21,reel51__7,1430,N,True
3,327,reel51__7,1430,N,True
3,339,reel29__4,1430,N,True
3,234,reel29__4,1430,N,True
3,294,reel29__4,1430,N,True
3,294,bot62__6,1430,N,True
3,63,reel19__9,1430,N,True
3,283,reel19__9,1430,N,True
3,63,reel22__0,1430,N,True
3,255,reel22__0,1430,N,True
3,63,bot64__7,1430,N,True
3,347,reel2__1,1430,N,True
3,94,reel2__1,1430,N,True
3,347,bot20__1,1430,N,True
3,347,bot22__0,1430,N,True
3,347,reel36__0,1430,N,True
3,reel3__5,bot56__2,1430,N,True
3,reel3__5,reel57__8,1430,N,True
3,32,bot32__9,1430,N,True
3,197,bot32__9,1430,N,True
3,241,bot8__3,1430,N,True
3,257,bot13__7,1430,N,True
3,241,bot13__7,1430,N,True
3,241,reel21__5,1430,N,True
3,94,bot22__3,1430,N,True
3,241,bot22__3,1430,N,True
3,241,reel26__8,1430,N,True
3,241,reel35__3,1430,N,True
3,241,bot45__9,1430,N,True
3,bot36__5,bot45__9,1430,N,True
3,241,reel65__2,1430,N,True
3,339,reel25__2,1430,N,True
3,339,reel35__4,1430,N,True
3,22,reel35__4,1430,N,True
3,79,reel11__1,1430,N,True
3,1,reel11__1,1430,N,True
3,288,reel26__6,1430,N,True
3,79,reel26__6,1430,N,True
3,181,reel26__6,1430,N,True
3,79,reel27__0,1430,N,True
3,reel34__4,reel27__0,1430,N,True
3,6,bot69__7,1430,N,True
3,144,bot11__5,1430,N,True
3,144,reel22__4,1430,N,True
3,reel46__1,reel31__2,1430,N,True
3,144,reel31__2,1430,N,True
3,reel13__1,reel44__0,1430,N,True
3,144,reel44__0,1430,N,True
3,192,reel54__0,1430,N,True
3,144,reel54__0,1430,N,True
3,144,reel60__5,1430,N,True
3,147,bot11__4,1430,N,True
3,147,reel20__2,1430,N,True
3,147,bot53__8,1430,N,True
3,147,reel66__8,1430,N,True
3,139,bot3__2,1430,N,True
3,198,bot3__2,1430,N,True
3,141,bot3__2,1430,N,True
3,139,bot11__8,1430,N,True
3,139,bot36__6,1430,N,True
3,249,bot36__6,1430,N,True
3,246,reel11__3,1430,N,True
3,67,reel11__3,1430,N,True
3,271,reel11__3,1430,N,True
3,67,bot12__8,1430,N,True
3,314,bot12__8,1430,N,True
3,67,reel13__7,1430,N,True
3,reel3__8,bot30__7,1430,N,True
3,67,bot30__7,1430,N,True
3,67,reel46__3,1430,N,True
3,13,reel15__1,1430,N,True
3,346,reel15__1,1430,N,True
3,346,bot25__5,1430,N,True
3,202,bot25__5,1430,N,True
3,346,reel27__2,1430,N,True
3,146,reel27__2,1430,N,True
3,346,bot65__6,1430,N,True
3,21,bot9__3,1430,N,True
3,21,bot23__0,1430,N,True
3,275,bot5__3,1430,N,True
3,84,bot5__3,1430,N,True
3,31,bot12__0,1430,N,True
3,84,bot12__0,1430,N,True
3,96,reel34__9,1430,N,True
3,50,reel31__0,1430,N,True
3,250,reel31__0,1430,N,True
3,98,reel31__0,1430,N,True
3,50,bot38__7,1430,N,True
3,50,reel59__1,1430,N,True
3,bot8__9,bot9__8,1430,N,True
3,31,bot9__8,1430,N,True
3,31,reel15__6,1430,N,True
3,31,bot49__9,1430,N,True
3,195,reel21__7,1430,N,True
3,211,reel21__7,1430,N,True
3,249,reel21__7,1430,N,True
3,154,reel23__3,1430,N,True
3,211,reel23__3,1430,N,True
3,251,bot11__1,1430,N,True
3,192,reel24__3,1430,N,True
3,251,reel24__3,1430,N,True
3,83,reel4__1,1430,N,True
3,201,reel4__1,1430,N,True
3,83,bot8__2,1430,N,True
3,83,bot14__3,1430,N,True
3,83,bot25__2,1430,N,True
3,83,reel58__2,1430,N,True
3,222,bot1__8,1430,N,True
3,38,bot1__8,1430,N,True
3,38,bot5__2,1430,N,True
3,202,bot5__2,1430,N,True
3,38,reel48__9,1430,N,True
3,174,bot12__5,1430,N,True
3,174,bot20__2,1430,N,True
3,reel13__1,bot20__2,1430,N,True
3,174,reel46__7,1430,N,True
3,174,reel59__4,1430,N,True
3,161,reel59__4,1430,N,True
3,181,reel4__7,1430,N,True
3,181,bot22__6,1430,N,True
3,181,bot39__0,1430,N,True
3,181,bot68__4,1430,N,True
3,216,reel26__0,1430,N,True
3,302,reel26__0,1430,N,True
3,302,bot54__4,1430,N,True
3,bot19__1,bot41__3,1430,N,True
3,22,bot48__3,1430,N,True
3,bot19__1,bot48__3,1430,N,True
3,bot24__6,bot54__9,1430,N,True
3,bot19__1,bot54__9,1430,N,True
3,256,bot6__9,1430,N,True
3,256,bot9__0,1430,N,True
3,256,bot11__7,1430,N,True
3,256,reel11__6,1430,N,True
3,256,bot44__3,1430,N,True
3,233,reel56__9,1430,N,True
3,256,reel56__9,1430,N,True
3,25,reel56__9,1430,N,True
3,256,bot58__3,1430,N,True
3,256,reel63__5,1430,N,True
3,47,bot25__1,1430,N,True
3,47,bot29__2,1430,N,True
3,243,reel13__4,1430,N,True
3,reel17__3,reel13__4,1430,N,True
3,reel17__3,bot38__3,1430,N,True
3,222,reel10__0,1430,N,True
3,194,reel10__0,1430,N,True
3,222,reel63__8,1430,N,True
3,222,reel65__4,1430,N,True
3,171,bot2__5,1430,N,True
3,250,bot2__5,1430,N,True
3,1,bot2__5,1430,N,True
3,250,bot40__4,1430,N,True
3,250,reel51__9,1430,N,True
3,250,bot63__3,1430,N,True
3,208,bot32__7,1430,N,True
3,208,bot59__1,1430,N,True
3,76,bot6__5,1430,N,True
3,76,reel9__0,1430,N,True
3,345,reel9__0,1430,N,True
3,14,bot3__4,1430,N,True
3,9,bot3__4,1430,N,True
3,14,bot16__7,1430,N,True
3,14,reel66__1,1430,N,True
3,9,reel4__9,1430,N,True
3,69,reel4__9,1430,N,True
3,56,reel19__3,1430,N,True
3,26,reel19__3,1430,N,True
3,69,reel19__3,1430,N,True
3,243,reel19__8,1430,N,True
3,201,reel19__8,1430,N,True
3,301,reel19__8,1430,N,True
3,201,bot22__7,1430,N,True
3,111,bot22__7,1430,N,True
3,201,bot46__7,1430,N,True
3,201,bot66__6,1430,N,True
3,201,reel70__3,1430,N,True
3,330,reel13__8,1430,N,True
3,330,reel53__2,1430,N,True
3,249,reel53__2,1430,N,True
3,330,reel58__6,1430,N,True
3,65,reel7__6,1430,N,True
3,150,reel7__6,1430,N,True
3,186,bot0__4,1430,N,True
3,275,bot0__4,1430,N,True
3,202,bot0__4,1430,N,True
3,202,reel22__1,1430,N,True
3,175,reel37__2,1430,N,True
3,202,reel37__2,1430,N,True
3,227,reel37__2,1430,N,True
3,202,bot53__0,1430,N,True
3,202,reel57__5,1430,N,True
3,158,reel57__5,1430,N,True
3,202,bot58__0,1430,N,True
3,202,reel62__0,1430,N,True
3,138,reel51__2,1430,N,True
3,315,bot66__4,1430,N,True
3,138,bot66__4,1430,N,True
3,138,bot67__4,1430,N,True
3,60,reel6__9,1430,N,True
3,64,reel6__9,1430,N,True
3,64,bot39__1,1430,N,True
3,137,reel49__4,1430,N,True
3,198,reel49__4,1430,N,True
3,33,reel14__6,1430,N,True
3,33,bot17__9,1430,N,True
3,33,reel40__9,1430,N,True
3,175,bot13__9,1430,N,True
3,227,bot13__9,1430,N,True
3,175,bot31__6,1430,N,True
3,175,reel60__7,1430,N,True
3,175,reel64__5,1430,N,True
3,71,bot3__7,1430,N,True
3,194,bot3__7,1430,N,True
3,71,reel3__0,1430,N,True
3,41,reel3__0,1430,N,True
3,65,bot5__1,1430,N,True
3,71,bot5__1,1430,N,True
3,41,bot5__1,1430,N,True
3,bot36__5,bot5__1,1430,N,True
3,reel10__2,reel29__1,1430,N,True
3,125,reel29__1,1430,N,True
3,225,reel31__6,1430,N,True
3,225,bot35__4,1430,N,True
3,261,bot35__4,1430,N,True
3,194,bot13__4,1430,N,True
3,255,reel48__4,1430,N,True
3,194,reel48__4,1430,N,True
3,194,bot60__8,1430,N,True
3,194,bot70__0,1430,N,True
3,116,reel14__2,1430,N,True
3,116,reel17__4,1430,N,True
3,217,bot2__7,1430,N,True
3,53,reel9__8,1430,N,True
3,163,reel9__8,1430,N,True
3,217,reel9__8,1430,N,True
3,163,reel41__6,1430,N,True
3,217,reel41__6,1430,N,True
3,217,reel69__7,1430,N,True
3,45,bot6__1,1430,N,True
3,274,bot6__1,1430,N,True
3,1,bot6__1,1430,N,True
3,45,bot45__6,1430,N,True
3,91,bot45__6,1430,N,True
3,45,reel56__0,1430,N,True
3,205,reel57__0,1430,N,True
3,163,reel57__0,1430,N,True
3,198,bot9__6,1430,N,True
3,198,bot32__3,1430,N,True
3,198,reel41__7,1430,N,True
3,281,reel16__1,1430,N,True
3,66,reel16__1,1430,N,True
3,66,reel42__7,1430,N,True
3,162,bot16__3,1430,N,True
3,bot18__3,bot1__2,1430,N,True
3,100,bot1__2,1430,N,True
3,113,bot1__2,1430,N,True
3,132,reel1__9,1430,N,True
3,100,reel1__9,1430,N,True
3,100,bot12__2,1430,N,True
3,100,reel15__0,1430,N,True
3,100,bot56__1,1430,N,True
3,bot24__6,reel15__2,1430,N,True
3,169,reel3__7,1430,N,True
3,178,reel3__7,1430,N,True
3,169,bot32__6,1430,N,True
3,257,reel6__7,1430,N,True
3,226,reel6__7,1430,N,True
3,226,reel18__3,1430,N,True
3,226,bot19__4,1430,N,True
3,246,bot53__2,1430,N,True
3,226,bot53__2,1430,N,True
3,192,reel10__8,1430,N,True
3,81,reel10__8,1430,N,True
3,192,reel12__0,1430,N,True
3,192,reel21__0,1430,N,True
3,bot8__9,bot9__5,1430,N,True
3,bot8__9,bot26__9,1430,N,True
3,bot8__9,bot30__3,1430,N,True
3,246,bot15__8,1430,N,True
3,246,bot42__3,1430,N,True
3,227,bot24__5,1430,N,True
3,283,reel47__9,1430,N,True
3,227,reel47__9,1430,N,True
3,154,bot44__0,1430,N,True
3,bot23__6,bot44__0,1430,N,True
3,288,bot7__0,1430,N,True
3,333,bot7__0,1430,N,True
3,288,reel7__3,1430,N,True
3,288,reel7__9,1430,N,True
3,94,reel7__9,1430,N,True
3,24,reel7__9,1430,N,True
3,288,reel16__0,1430,N,True
3,288,reel34__1,1430,N,True
3,53,bot21__2,1430,N,True
3,53,reel31__3,1430,N,True
3,53,reel31__7,1430,N,True
3,53,bot50__4,1430,N,True
3,186,reel7__1,1430,N,True
3,54,reel7__1,1430,N,True
3,54,reel16__9,1430,N,True
3,54,bot18__9,1430,N,True
3,54,reel20__6,1430,N,True
3,324,reel20__6,1430,N,True
3,156,reel20__6,1430,N,True
3,102,reel48__3,1430,N,True
3,54,reel48__3,1430,N,True
3,261,reel48__3,1430,N,True
3,186,reel6__2,1430,N,True
3,271,reel6__2,1430,N,True
3,234,bot10__5,1430,N,True
3,271,bot10__5,1430,N,True
3,reel3__8,bot10__5,1430,N,True
3,48,bot16__9,1430,N,True
3,271,bot16__9,1430,N,True
3,271,bot65__9,1430,N,True
3,109,reel49__5,1430,N,True
3,283,reel49__7,1430,N,True
3,109,reel49__7,1430,N,True
3,109,reel55__3,1430,N,True
3,277,bot9__7,1430,N,True
3,163,bot9__7,1430,N,True
3,249,reel23__8,1430,N,True
3,163,reel23__8,1430,N,True
3,216,reel32__2,1430,N,True
3,163,reel32__2,1430,N,True
3,163,reel50__7,1430,N,True
3,reel13__1,reel64__0,1430,N,True
3,163,reel64__0,1430,N,True
3,259,reel30__2,1430,N,True
3,234,reel8__9,1430,N,True
3,305,reel8__9,1430,N,True
3,234,bot17__1,1430,N,True
3,41,bot17__1,1430,N,True
3,239,bot36__7,1430,N,True
3,234,bot36__7,1430,N,True
3,234,bot44__5,1430,N,True
3,240,reel44__4,1430,N,True
3,340,reel44__4,1430,N,True
3,105,reel34__7,1430,N,True
3,reel69__6,reel35__5,1430,N,True
3,44,reel35__5,1430,N,True
3,105,reel35__5,1430,N,True
3,105,bot39__9,1430,N,True
3,reel39__3,reel2__8,1430,N,True
3,233,reel2__8,1430,N,True
3,reel13__1,bot67__1,1430,N,True
3,reel39__3,bot67__1,1430,N,True
3,184,reel57__1,1430,N,True
3,269,reel3__2,1430,N,True
3,324,reel3__2,1430,N,True
3,269,bot48__7,1430,N,True
3,117,bot51__1,1430,N,True
3,reel34__4,reel47__3,1430,N,True
3,reel34__4,bot57__8,1430,N,True
3,283,bot13__8,1430,N,True
3,92,bot13__8,1430,N,True
3,92,reel25__9,1430,N,True
3,92,bot69__9,1430,N,True
3,260,reel38__8,1430,N,True
3,36,reel49__8,1430,N,True
3,36,reel56__5,1430,N,True
3,277,bot6__4,1430,N,True
3,283,bot6__4,1430,N,True
3,277,bot27__4,1430,N,True
3,277,reel34__8,1430,N,True
3,277,reel48__0,1430,N,True
3,277,reel52__0,1430,N,True
3,277,bot60__9,1430,N,True
3,232,bot18__2,1430,N,True
3,232,bot18__6,1430,N,True
3,232,bot25__0,1430,N,True
3,232,bot56__9,1430,N,True
3,232,bot66__9,1430,N,True
3,81,reel61__6,1430,N,True
3,268,bot19__7,1430,N,True
3,239,reel59__3,1430,N,True
3,301,reel59__3,1430,N,True
3,48,reel43__4,1430,N,True
3,48,bot68__5,1430,N,True
3,341,bot68__5,1430,N,True
3,243,bot5__8,1430,N,True
3,324,bot5__8,1430,N,True
3,243,reel27__9,1430,N,True
3,243,reel59__8,1430,N,True
3,314,reel59__8,1430,N,True
3,243,reel60__2,1430,N,True
3,243,reel62__8,1430,N,True
3,39,bot7__2,1430,N,True
3,233,bot7__2,1430,N,True
3,233,bot10__9,1430,N,True
3,bot48__8,reel24__0,1430,N,True
3,233,reel24__0,1430,N,True
3,reel33__5,reel14__9,1430,N,True
3,132,reel14__9,1430,N,True
3,132,reel69__0,1430,N,True
3,255,reel5__9,1430,N,True
3,261,reel5__9,1430,N,True
3,261,bot17__2,1430,N,True
3,25,reel26__7,1430,N,True
3,91,reel0__0,1430,N,True
3,91,bot26__6,1430,N,True
3,324,reel0__3,1430,N,True
3,324,bot10__3,1430,N,True
3,reel20__8,bot23__9,1430,N,True
3,324,bot23__9,1430,N,True
3,324,bot33__2,1430,N,True
3,164,bot66__1,1430,N,True
3,1,bot4__9,1430,N,True
3,156,bot4__9,1430,N,True
3,1,bot17__5,1430,N,True
3,44,bot19__6,1430,N,True
3,1,bot19__6,1430,N,True
3,1,reel67__6,1430,N,True
3,223,bot6__6,1430,N,True
3,146,bot6__6,1430,N,True
3,146,reel14__0,1430,N,True
3,146,reel63__1,1430,N,True
3,113,bot24__1,1430,N,True
3,113,bot33__1,1430,N,True
3,113,reel58__4,1430,N,True
3,reel33__5,reel43__2,1430,N,True
3,237,reel2__5,1430,N,True
3,143,reel2__5,1430,N,True
3,13,reel2__5,1430,N,True
3,13,bot8__4,1430,N,True
3,228,bot10__7,1430,N,True
3,13,bot10__7,1430,N,True
3,13,bot17__6,1430,N,True
3,13,reel46__5,1430,N,True
3,221,bot15__6,1430,N,True
3,221,bot49__4,1430,N,True
3,301,reel22__2,1430,N,True
3,301,bot38__9,1430,N,True
3,301,reel39__1,1430,N,True
3,26,bot43__4,1430,N,True
3,26,reel62__3,1430,N,True
3,22,bot1__9,1430,N,True
3,231,bot1__9,1430,N,True
3,231,bot4__2,1430,N,True
3,231,reel6__5,1430,N,True
3,231,reel8__1,1430,N,True
3,231,bot13__6,1430,N,True
3,333,bot13__6,1430,N,True
3,231,bot20__4,1430,N,True
3,231,bot26__5,1430,N,True
3,231,reel37__1,1430,N,True
3,231,reel40__8,1430,N,True
3,231,reel58__8,1430,N,True
3,reel10__2,reel58__8,1430,N,True
3,249,bot34__3,1430,N,True
3,249,reel54__2,1430,N,True
3,9,bot3__1,1430,N,True
3,267,bot3__1,1430,N,True
3,reel10__2,reel15__3,1430,N,True
3,267,reel15__3,1430,N,True
3,267,bot27__3,1430,N,True
3,310,reel30__5,1430,N,True
3,267,reel30__5,1430,N,True
3,267,reel58__1,1430,N,True
3,186,reel13__5,1430,N,True
3,281,bot28__7,1430,N,True
3,102,reel37__6,1430,N,True
3,195,reel37__6,1430,N,True
3,102,bot40__2,1430,N,True
3,127,bot21__9,1430,N,True
3,127,reel48__5,1430,N,True
3,60,bot14__7,1430,N,True
3,24,bot14__7,1430,N,True
3,60,reel36__8,1430,N,True
3,60,reel61__4,1430,N,True
3,60,reel68__6,1430,N,True
3,94,bot8__7,1430,N,True
3,94,bot8__8,1430,N,True
3,94,bot20__3,1430,N,True
3,94,bot47__5,1430,N,True
3,73,reel64__4,1430,N,True
3,223,bot62__9,1430,N,True
3,reel58__7,reel56__4,1430,N,True
3,reel10__2,bot31__2,1430,N,True
3,274,reel46__2,1430,N,True
3,9,bot24__8,1430,N,True
3,214,reel54__8,1430,N,True
3,214,bot57__1,1430,N,True
3,141,reel39__4,1430,N,True
3,158,reel49__6,1430,N,True
3,216,bot30__9,1430,N,True
3,156,bot30__9,1430,N,True
3,216,bot37__8,1430,N,True
3,216,reel38__0,1430,N,True
3,195,bot36__1,1430,N,True
3,195,bot71__8,1430,N,True
3,bot36__5,bot46__5,1430,N,True
3,bot36__5,bot64__1,1430,N,True
3,237,bot12__9,1430,N,True
3,reel45__6,reel44__3,1430,N,True
3,156,bot6__2,1430,N,True
3,156,bot13__1,1430,N,True
3,156,bot31__3,1430,N,True
3,156,reel42__8,1430,N,True
3,345,reel9__3,1430,N,True
3,255,reel9__3,1430,N,True
3,276,bot42__8,1430,N,True
3,276,reel53__8,1430,N,True
3,340,reel9__7,1430,N,True
3,340,bot31__0,1430,N,True
3,340,reel49__1,1430,N,True
3,reel69__8,reel65__9,1430,N,True
3,340,reel65__9,1430,N,True
3,98,reel65__9,1430,N,True
3,bot2__0,bot33__9,1430,N,True
3,reel69__8,bot70__9,1430,N,True
3,143,bot38__5,1430,N,True
3,143,reel41__3,1430,N,True
3,reel20__8,reel41__3,1430,N,True
3,143,reel52__5,1430,N,True
3,303,reel52__5,1430,N,True
3,75,reel18__0,1430,N,True
3,75,bot54__2,1430,N,True
3,75,reel69__4,1430,N,True
3,275,reel70__2,1430,N,True
3,75,reel70__2,1430,N,True
3,115,reel32__4,1430,N,True
3,305,reel32__4,1430,N,True
3,275,reel39__8,1430,N,True
3,39,reel62__2,1430,N,True
3,reel60__9,reel42__1,1430,N,True
3,reel3__8,reel2__9,1430,N,True
3,315,bot16__0,1430,N,True
3,65,reel35__1,1430,N,True
3,315,reel35__1,1430,N,True
3,315,reel52__6,1430,N,True
3,315,bot71__0,1430,N,True
3,44,bot9__4,1430,N,True
3,27,bot9__4,1430,N,True
3,111,bot26__8,1430,N,True
3,341,bot0__8,1430,N,True
3,161,bot0__8,1430,N,True
3,161,reel13__0,1430,N,True
3,161,bot37__6,1430,N,True
3,173,bot33__3,1430,N,True
3,56,bot46__2,1430,N,True
3,173,bot46__2,1430,N,True
3,173,reel56__6,1430,N,True
3,173,reel64__3,1430,N,True
3,reel20__8,reel24__2,1430,N,True
3,19,reel24__2,1430,N,True
3,reel20__8,bot25__6,1430,N,True
3,reel20__8,bot47__8,1430,N,True
3,115,bot10__6,1430,N,True
3,341,bot58__6,1430,N,True
3,178,reel31__1,1430,N,True
3,22,bot27__0,1430,N,True
3,255,reel8__7,1430,N,True
3,255,reel56__3,1430,N,True
3,255,bot59__7,1430,N,True
3,310,reel57__6,1430,N,True
3,24,reel24__5,1430,N,True
3,24,reel50__1,1430,N,True
3,314,reel25__1,1430,N,True
3,314,bot33__6,1430,N,True
3,283,bot4__5,1430,N,True
3,228,reel30__4,1430,N,True
3,228,bot40__3,1430,N,True
3,44,reel46__6,1430,N,True
3,44,bot60__2,1430,N,True
3,123,bot15__2,1430,N,True
3,123,reel34__6,1430,N,True
3,123,reel48__1,1430,N,True
3,123,reel69__3,1430,N,True
3,19,bot2__6,1430,N,True
3,19,reel70__4,1430,N,True
3,bot48__8,bot47__7,1430,N,True
3,bot48__8,bot55__9,1430,N,True
3,303,reel36__2,1430,N,True
3,303,reel60__3,1430,N,True
3,207,reel37__7,1430,N,True
3,207,bot46__3,1430,N,True
3,169,271,1431,N,True
3,79,271,1431,N,True
3,119,271,1431,N,True
3,0,271,1431,N,True
3,291,271,1431,N,True
3,169,82,1431,N,True
3,119,82,1431,N,True
3,0,82,1431,N,True
3,169,185,1431,N,True
3,119,185,1431,N,True
3,79,185,1431,N,True
3,0,185,1431,N,True
3,169,236,1431,N,True
3,0,236,1431,N,True
3,169,21,1431,N,True
3,119,21,1431,N,True
3,0,21,1431,N,True
3,136,21,1431,N,True
3,169,40,1431,N,True
3,0,40,1431,N,True
3,169,25,1431,N,True
3,79,25,1431,N,True
3,119,25,1431,N,True
3,0,25,1431,N,True
3,291,25,1431,N,True
3,169,257,1431,N,True
3,0,257,1431,N,True
3,169,10,1431,N,True
3,291,10,1431,N,True
3,0,10,1431,N,True
3,169,248,1431,N,True
3,119,248,1431,N,True
3,291,248,1431,N,True
3,0,248,1431,N,True
3,169,56,1431,N,True
3,136,56,1431,N,True
3,119,56,1431,N,True
3,0,56,1431,N,True
3,291,56,1431,N,True
3,169,334,1431,N,True
3,0,334,1431,N,True
3,169,106,1431,N,True
3,0,106,1431,N,True
3,169,26,1431,N,True
3,79,26,1431,N,True
3,119,26,1431,N,True
3,0,26,1431,N,True
3,291,26,1431,N,True
3,169,239,1431,N,True
3,119,239,1431,N,True
3,0,239,1431,N,True
3,169,104,1431,N,True
3,reel18__7,104,1431,N,True
3,0,104,1431,N,True
3,169,122,1431,N,True
3,119,122,1431,N,True
3,0,122,1431,N,True
3,136,122,1431,N,True
3,169,332,1431,N,True
3,119,332,1431,N,True
3,291,332,1431,N,True
3,0,332,1431,N,True
3,169,165,1431,N,True
3,0,165,1431,N,True
3,169,277,1431,N,True
3,119,277,1431,N,True
3,291,277,1431,N,True
3,0,277,1431,N,True
3,169,5,1431,N,True
3,0,5,1431,N,True
3,169,9,1431,N,True
3,79,9,1431,N,True
3,119,9,1431,N,True
3,0,9,1431,N,True
3,291,9,1431,N,True
3,169,128,1431,N,True
3,119,128,1431,N,True
3,0,128,1431,N,True
3,169,113,1431,N,True
3,119,113,1431,N,True
3,291,113,1431,N,True
3,0,113,1431,N,True
3,169,121,1431,N,True
3,0,121,1431,N,True
3,169,67,1431,N,True
3,136,67,1431,N,True
3,79,67,1431,N,True
3,119,67,1431,N,True
3,0,67,1431,N,True
3,169,252,1431,N,True
3,79,252,1431,N,True
3,119,252,1431,N,True
3,0,252,1431,N,True
3,291,252,1431,N,True
3,169,280,1431,N,True
3,119,280,1431,N,True
3,291,280,1431,N,True
3,0,280,1431,N,True
3,169,322,1431,N,True
3,136,322,1431,N,True
3,0,322,1431,N,True
3,169,bot0__5,1431,N,True
3,169,reel3__7,1431,N,True
3,169,bot32__6,1431,N,True
3,bot28__6,bot47__8,1431,N,True
3,bot28__6,bot71__8,1431,N,True
3,reel18__7,172,1431,N,True
3,0,172,1431,N,True
3,reel18__7,reel28__8,1431,N,True
3,reel18__7,reel39__7,1431,N,True
3,reel18__7,bot47__3,1431,N,True
3,reel8__0,341,1431,N,True
3,0,341,1431,N,True
3,reel8__0,262,1431,N,True
3,0,262,1431,N,True
3,reel8__0,reel23__3,1431,N,True
3,reel8__0,reel35__6,1431,N,True
3,bot62__3,reel35__6,1431,N,True
3,reel20__4,reel7__3,1431,N,True
3,0,223,1431,N,True
3,reel20__4,223,1431,N,True
3,reel20__4,reel70__2,1431,N,True
3,reel20__4,bot71__0,1431,N,True
3,291,bot0__2,1431,N,True
3,bot11__4,bot0__2,1431,N,True
3,0,147,1431,N,True
3,bot11__4,147,1431,N,True
3,bot11__4,bot19__8,1431,N,True
3,bot11__4,bot67__1,1431,N,True
3,bot62__3,bot52__3,1431,N,True
3,119,188,1431,N,True
3,79,188,1431,N,True
3,291,188,1431,N,True
3,0,188,1431,N,True
3,79,reel12__1,1431,N,True
3,79,reel27__0,1431,N,True
3,79,bot71__4,1431,N,True
3,149,20,1431,N,True
3,0,20,1431,N,True
3,149,326,1431,N,True
3,0,326,1431,N,True
3,149,162,1431,N,True
3,0,162,1431,N,True
3,149,312,1431,N,True
3,0,312,1431,N,True
3,149,115,1431,N,True
3,0,115,1431,N,True
3,149,116,1431,N,True
3,0,116,1431,N,True
3,149,333,1431,N,True
3,0,333,1431,N,True
3,149,2,1431,N,True
3,0,2,1431,N,True
3,149,14,1431,N,True
3,0,14,1431,N,True
3,149,28,1431,N,True
3,0,28,1431,N,True
3,149,144,1431,N,True
3,0,144,1431,N,True
3,149,reel12__9,1431,N,True
3,149,reel14__8,1431,N,True
3,149,reel20__3,1431,N,True
3,149,bot23__1,1431,N,True
3,149,bot25__9,1431,N,True
3,reel5__3,24,1431,N,True
3,0,24,1431,N,True
3,reel5__3,247,1431,N,True
3,0,247,1431,N,True
3,119,189,1431,N,True
3,reel5__3,189,1431,N,True
3,0,189,1431,N,True
3,reel5__3,bot15__8,1431,N,True
3,reel5__3,bot19__4,1431,N,True
3,reel5__3,bot22__3,1431,N,True
3,reel50__9,reel22__1,1431,N,True
3,reel50__9,reel24__8,1431,N,True
3,reel50__9,bot53__0,1431,N,True
3,reel50__9,reel66__6,1431,N,True
3,0,233,1431,N,True
3,256,233,1431,N,True
3,256,bot2__9,1431,N,True
3,256,bot6__9,1431,N,True
3,256,bot9__0,1431,N,True
3,256,bot11__7,1431,N,True
3,256,reel11__6,1431,N,True
3,110,bot12__3,1431,N,True
3,256,bot12__3,1431,N,True
3,256,bot14__1,1431,N,True
3,256,reel30__8,1431,N,True
3,256,bot44__3,1431,N,True
3,256,reel56__9,1431,N,True
3,256,bot58__3,1431,N,True
3,256,reel63__5,1431,N,True
3,0,91,1431,N,True
3,110,91,1431,N,True
3,0,259,1431,N,True
3,110,259,1431,N,True
3,0,8,1431,N,True
3,110,8,1431,N,True
3,110,bot7__7,1431,N,True
3,110,reel7__7,1431,N,True
3,110,reel8__4,1431,N,True
3,110,reel12__3,1431,N,True
3,110,reel17__8,1431,N,True
3,reel18__6,bot20__9,1431,N,True
3,reel18__6,reel24__5,1431,N,True
3,bot51__5,reel36__0,1431,N,True
3,reel18__6,reel36__0,1431,N,True
3,119,323,1431,N,True
3,0,323,1431,N,True
3,119,170,1431,N,True
3,124,170,1431,N,True
3,0,170,1431,N,True
3,119,171,1431,N,True
3,0,171,1431,N,True
3,119,54,1431,N,True
3,0,54,1431,N,True
3,119,39,1431,N,True
3,0,39,1431,N,True
3,119,199,1431,N,True
3,291,199,1431,N,True
3,0,199,1431,N,True
3,119,285,1431,N,True
3,0,285,1431,N,True
3,136,285,1431,N,True
3,119,329,1431,N,True
3,291,329,1431,N,True
3,0,329,1431,N,True
3,119,313,1431,N,True
3,0,313,1431,N,True
3,119,148,1431,N,True
3,0,148,1431,N,True
3,119,217,1431,N,True
3,0,217,1431,N,True
3,119,176,1431,N,True
3,0,176,1431,N,True
3,119,208,1431,N,True
3,291,208,1431,N,True
3,0,208,1431,N,True
3,119,269,1431,N,True
3,0,269,1431,N,True
3,119,324,1431,N,True
3,0,324,1431,N,True
3,136,324,1431,N,True
3,119,64,1431,N,True
3,0,64,1431,N,True
3,119,325,1431,N,True
3,0,325,1431,N,True
3,119,132,1431,N,True
3,0,132,1431,N,True
3,119,13,1431,N,True
3,0,13,1431,N,True
3,119,50,1431,N,True
3,0,50,1431,N,True
3,119,150,1431,N,True
3,0,150,1431,N,True
3,119,331,1431,N,True
3,0,331,1431,N,True
3,119,27,1431,N,True
3,0,27,1431,N,True
3,119,163,1431,N,True
3,0,163,1431,N,True
3,119,229,1431,N,True
3,0,229,1431,N,True
3,119,203,1431,N,True
3,0,203,1431,N,True
3,119,297,1431,N,True
3,0,297,1431,N,True
3,119,100,1431,N,True
3,0,100,1431,N,True
3,119,146,1431,N,True
3,0,146,1431,N,True
3,136,146,1431,N,True
3,119,261,1431,N,True
3,0,261,1431,N,True
3,119,reel20__7,1431,N,True
3,119,reel23__6,1431,N,True
3,119,reel24__7,1431,N,True
3,119,bot46__6,1431,N,True
3,119,reel62__6,1431,N,True
3,bot51__5,bot21__0,1431,N,True
3,bot62__2,reel10__1,1431,N,True
3,136,7,1431,N,True
3,291,7,1431,N,True
3,0,7,1431,N,True
3,136,156,1431,N,True
3,0,156,1431,N,True
3,136,304,1431,N,True
3,0,304,1431,N,True
3,136,308,1431,N,True
3,0,308,1431,N,True
3,136,213,1431,N,True
3,291,213,1431,N,True
3,0,213,1431,N,True
3,136,246,1431,N,True
3,0,246,1431,N,True
3,136,reel2__6,1431,N,True
3,136,reel9__5,1431,N,True
3,136,reel13__4,1431,N,True
3,0,186,1431,N,True
3,0,346,1431,N,True
3,0,130,1431,N,True
3,0,204,1431,N,True
3,0,65,1431,N,True
3,0,276,1431,N,True
3,0,62,1431,N,True
3,0,3,1431,N,True
3,0,175,1431,N,True
3,0,46,1431,N,True
3,0,254,1431,N,True
3,0,117,1431,N,True
3,0,127,1431,N,True
3,0,135,1431,N,True
3,0,299,1431,N,True
3,0,288,1431,N,True
3,0,57,1431,N,True
3,0,63,1431,N,True
3,0,344,1431,N,True
3,0,118,1431,N,True
3,0,134,1431,N,True
3,0,270,1431,N,True
3,0,76,1431,N,True
3,0,36,1431,N,True
3,0,274,1431,N,True
3,0,88,1431,N,True
3,0,197,1431,N,True
3,0,273,1431,N,True
3,0,83,1431,N,True
3,0,242,1431,N,True
3,0,214,1431,N,True
3,0,71,1431,N,True
3,0,207,1431,N,True
3,291,168,1431,N,True
3,0,168,1431,N,True
3,0,238,1431,N,True
3,291,141,1431,N,True
3,0,141,1431,N,True
3,0,345,1431,N,True
3,0,317,1431,N,True
3,291,158,1431,N,True
3,0,158,1431,N,True
3,0,38,1431,N,True
3,0,302,1431,N,True
3,291,232,1431,N,True
3,0,232,1431,N,True
3,0,126,1431,N,True
3,0,283,1431,N,True
3,0,290,1431,N,True
3,0,300,1431,N,True
3,0,94,1431,N,True
3,0,184,1431,N,True
3,0,159,1431,N,True
3,0,80,1431,N,True
3,0,187,1431,N,True
3,0,161,1431,N,True
3,291,31,1431,N,True
3,0,31,1431,N,True
3,0,255,1431,N,True
3,0,49,1431,N,True
3,0,320,1431,N,True
3,0,85,1431,N,True
3,0,123,1431,N,True
3,0,284,1431,N,True
3,0,140,1431,N,True
3,0,137,1431,N,True
3,0,111,1431,N,True
3,0,32,1431,N,True
3,0,92,1431,N,True
3,291,72,1431,N,True
3,0,72,1431,N,True
3,0,266,1431,N,True
3,0,237,1431,N,True
3,0,311,1431,N,True
3,0,309,1431,N,True
3,0,330,1431,N,True
3,0,230,1431,N,True
3,0,70,1431,N,True
3,0,16,1431,N,True
3,0,249,1431,N,True
3,0,251,1431,N,True
3,0,55,1431,N,True
3,0,228,1431,N,True
3,0,69,1431,N,True
3,0,303,1431,N,True
3,0,286,1431,N,True
3,0,81,1431,N,True
3,0,293,1431,N,True
3,0,33,1431,N,True
3,0,42,1431,N,True
3,0,281,1431,N,True
3,0,263,1431,N,True
3,0,279,1431,N,True
3,0,218,1431,N,True
3,0,178,1431,N,True
3,0,192,1431,N,True
3,0,243,1431,N,True
3,0,195,1431,N,True
3,0,181,1431,N,True
3,0,245,1431,N,True
3,0,101,1431,N,True
3,0,99,1431,N,True
3,0,177,1431,N,True
3,0,180,1431,N,True
3,291,60,1431,N,True
3,0,60,1431,N,True
3,0,45,1431,N,True
3,0,58,1431,N,True
3,0,167,1431,N,True
3,0,96,1431,N,True
3,0,61,1431,N,True
3,0,93,1431,N,True
3,0,41,1431,N,True
3,0,235,1431,N,True
3,0,6,1431,N,True
3,0,107,1431,N,True
3,0,221,1431,N,True
3,0,301,1431,N,True
3,0,250,1431,N,True
3,0,29,1431,N,True
3,0,337,1431,N,True
3,0,225,1431,N,True
3,0,86,1431,N,True
3,0,152,1431,N,True
3,0,295,1431,N,True
3,0,201,1431,N,True
3,0,260,1431,N,True
3,0,160,1431,N,True
3,0,321,1431,N,True
3,0,68,1431,N,True
3,0,131,1431,N,True
3,0,22,1431,N,True
3,0,220,1431,N,True
3,0,234,1431,N,True
3,0,44,1431,N,True
3,0,193,1431,N,True
3,0,179,1431,N,True
3,0,216,1431,N,True
3,0,151,1431,N,True
3,0,145,1431,N,True
3,124,157,1431,N,True
3,0,157,1431,N,True
3,0,4,1431,N,True
3,0,327,1431,N,True
3,0,190,1431,N,True
3,0,282,1431,N,True
3,0,244,1431,N,True
3,0,319,1431,N,True
3,0,166,1431,N,True
3,0,202,1431,N,True
3,0,155,1431,N,True
3,0,191,1431,N,True
3,0,206,1431,N,True
3,0,138,1431,N,True
3,0,240,1431,N,True
3,0,77,1431,N,True
3,0,219,1431,N,True
3,0,305,1431,N,True
3,0,153,1431,N,True
3,0,182,1431,N,True
3,0,336,1431,N,True
3,0,241,1431,N,True
3,0,294,1431,N,True
3,0,267,1431,N,True
3,0,316,1431,N,True
3,0,47,1431,N,True
3,0,183,1431,N,True
3,0,52,1431,N,True
3,0,34,1431,N,True
3,0,reel20__8,1431,N,True
3,0,reel25__7,1431,N,True
3,124,bot4__3,1431,N,True
3,124,reel18__4,1431,N,True
3,124,bot42__9,1431,N,True
3,124,bot57__2,1431,N,True
3,291,reel3__1,1431,N,True
3,291,reel4__3,1431,N,True
3,291,reel10__7,1431,N,True
3,291,bot27__6,1431,N,True
3,291,reel28__5,1431,N,True
3,reel32__2,216,1432,N,True
3,0,216,1432,N,True
3,226,343,1432,N,True
3,0,343,1432,N,True
3,226,14,1432,N,True
3,0,14,1432,N,True
3,226,28,1432,N,True
3,0,28,1432,N,True
3,226,20,1432,N,True
3,0,20,1432,N,True
3,226,312,1432,N,True
3,0,312,1432,N,True
3,226,116,1432,N,True
3,0,116,1432,N,True
3,226,326,1432,N,True
3,0,326,1432,N,True
3,226,333,1432,N,True
3,0,333,1432,N,True
3,226,reel6__7,1432,N,True
3,226,reel11__8,1432,N,True
3,226,reel18__3,1432,N,True
3,336,reel18__3,1432,N,True
3,226,bot19__4,1432,N,True
3,226,reel38__9,1432,N,True
3,226,bot53__2,1432,N,True
3,reel57__0,reel36__5,1432,N,True
3,reel27__5,205,1432,N,True
3,reel57__0,205,1432,N,True
3,0,205,1432,N,True
3,reel57__0,reel66__2,1432,N,True
3,reel57__0,reel70__6,1432,N,True
3,48,299,1432,N,True
3,1,299,1432,N,True
3,0,299,1432,N,True
3,73,299,1432,N,True
3,249,299,1432,N,True
3,48,30,1432,N,True
3,0,30,1432,N,True
3,73,30,1432,N,True
3,48,130,1432,N,True
3,0,130,1432,N,True
3,73,130,1432,N,True
3,73,reel64__4,1432,N,True
3,234,239,1432,N,True
3,119,239,1432,N,True
3,0,239,1432,N,True
3,26,239,1432,N,True
3,234,bot17__1,1432,N,True
3,234,reel29__4,1432,N,True
3,234,bot36__7,1432,N,True
3,234,reel38__1,1432,N,True
3,234,bot44__5,1432,N,True
3,234,reel52__1,1432,N,True
3,119,9,1432,N,True
3,79,9,1432,N,True
3,0,9,1432,N,True
3,26,9,1432,N,True
3,119,67,1432,N,True
3,79,67,1432,N,True
3,0,67,1432,N,True
3,26,67,1432,N,True
3,119,252,1432,N,True
3,79,252,1432,N,True
3,0,252,1432,N,True
3,26,252,1432,N,True
3,119,200,1432,N,True
3,79,200,1432,N,True
3,0,200,1432,N,True
3,26,200,1432,N,True
3,79,272,1432,N,True
3,0,272,1432,N,True
3,119,185,1432,N,True
3,79,185,1432,N,True
3,0,185,1432,N,True
3,26,185,1432,N,True
3,79,reel3__9,1432,N,True
3,79,reel4__0,1432,N,True
3,79,reel12__1,1432,N,True
3,79,reel26__6,1432,N,True
3,79,bot71__4,1432,N,True
3,0,95,1432,N,True
3,reel25__9,95,1432,N,True
3,147,95,1432,N,True
3,0,6,1432,N,True
3,147,6,1432,N,True
3,0,319,1432,N,True
3,147,319,1432,N,True
3,147,bot7__8,1432,N,True
3,147,bot19__0,1432,N,True
3,147,reel20__2,1432,N,True
3,147,reel30__8,1432,N,True
3,reel29__2,reel34__9,1432,N,True
3,reel29__2,reel62__0,1432,N,True
3,reel68__2,reel62__0,1432,N,True
3,reel34__4,reel23__0,1432,N,True
3,reel34__4,reel47__3,1432,N,True
3,reel34__4,bot57__8,1432,N,True
3,0,92,1432,N,True
3,249,92,1432,N,True
3,1,92,1432,N,True
3,reel25__9,92,1432,N,True
3,bot55__6,reel51__6,1432,N,True
3,bot55__6,reel48__3,1432,N,True
3,bot55__6,bot59__2,1432,N,True
3,bot55__6,bot65__8,1432,N,True
3,100,bot1__2,1432,N,True
3,bot16__5,bot1__2,1432,N,True
3,bot16__5,bot25__4,1432,N,True
3,bot16__5,bot35__8,1432,N,True
3,reel68__2,reel66__9,1432,N,True
3,bot11__9,bot3__2,1432,N,True
3,1,bot4__9,1432,N,True
3,bot11__9,bot4__9,1432,N,True
3,48,57,1432,N,True
3,249,57,1432,N,True
3,0,57,1432,N,True
3,48,53,1432,N,True
3,249,53,1432,N,True
3,1,53,1432,N,True
3,0,53,1432,N,True
3,48,80,1432,N,True
3,249,80,1432,N,True
3,0,80,1432,N,True
3,48,54,1432,N,True
3,119,54,1432,N,True
3,1,54,1432,N,True
3,0,54,1432,N,True
3,48,203,1432,N,True
3,119,203,1432,N,True
3,0,203,1432,N,True
3,26,203,1432,N,True
3,48,180,1432,N,True
3,249,180,1432,N,True
3,0,180,1432,N,True
3,48,332,1432,N,True
3,119,332,1432,N,True
3,0,332,1432,N,True
3,26,332,1432,N,True
3,48,199,1432,N,True
3,119,199,1432,N,True
3,0,199,1432,N,True
3,26,199,1432,N,True
3,48,302,1432,N,True
3,249,302,1432,N,True
3,0,302,1432,N,True
3,48,reel15__5,1432,N,True
3,48,bot16__9,1432,N,True
3,reel27__5,reel43__4,1432,N,True
3,48,reel43__4,1432,N,True
3,48,bot68__5,1432,N,True
3,119,339,1432,N,True
3,0,339,1432,N,True
3,119,109,1432,N,True
3,0,109,1432,N,True
3,26,109,1432,N,True
3,119,171,1432,N,True
3,150,171,1432,N,True
3,0,171,1432,N,True
3,119,342,1432,N,True
3,0,342,1432,N,True
3,119,39,1432,N,True
3,0,39,1432,N,True
3,119,285,1432,N,True
3,0,285,1432,N,True
3,26,285,1432,N,True
3,119,329,1432,N,True
3,150,329,1432,N,True
3,0,329,1432,N,True
3,119,318,1432,N,True
3,0,318,1432,N,True
3,119,313,1432,N,True
3,0,313,1432,N,True
3,26,313,1432,N,True
3,119,56,1432,N,True
3,0,56,1432,N,True
3,26,56,1432,N,True
3,119,217,1432,N,True
3,150,217,1432,N,True
3,100,217,1432,N,True
3,0,217,1432,N,True
3,235,122,1432,N,True
3,119,122,1432,N,True
3,0,122,1432,N,True
3,26,122,1432,N,True
3,119,125,1432,N,True
3,0,125,1432,N,True
3,119,208,1432,N,True
3,0,208,1432,N,True
3,119,269,1432,N,True
3,100,269,1432,N,True
3,0,269,1432,N,True
3,235,21,1432,N,True
3,119,21,1432,N,True
3,0,21,1432,N,True
3,26,21,1432,N,True
3,119,128,1432,N,True
3,150,128,1432,N,True
3,0,128,1432,N,True
3,26,128,1432,N,True
3,119,82,1432,N,True
3,0,82,1432,N,True
3,119,64,1432,N,True
3,0,64,1432,N,True
3,bot39__1,64,1432,N,True
3,150,64,1432,N,True
3,100,64,1432,N,True
3,119,325,1432,N,True
3,0,325,1432,N,True
3,26,325,1432,N,True
3,119,13,1432,N,True
3,0,13,1432,N,True
3,26,13,1432,N,True
3,119,50,1432,N,True
3,0,50,1432,N,True
3,119,27,1432,N,True
3,0,27,1432,N,True
3,119,98,1432,N,True
3,0,98,1432,N,True
3,26,98,1432,N,True
3,119,297,1432,N,True
3,0,297,1432,N,True
3,26,297,1432,N,True
3,119,261,1432,N,True
3,0,261,1432,N,True
3,119,reel12__7,1432,N,True
3,119,reel20__7,1432,N,True
3,119,reel23__6,1432,N,True
3,119,reel40__6,1432,N,True
3,100,reel40__6,1432,N,True
3,119,bot46__6,1432,N,True
3,119,reel62__6,1432,N,True
3,bot26__4,reel11__5,1432,N,True
3,bot26__4,293,1432,N,True
3,0,293,1432,N,True
3,bot26__4,bot40__2,1432,N,True
3,bot26__4,bot44__6,1432,N,True
3,bot26__4,bot62__8,1432,N,True
3,bot26__4,bot70__6,1432,N,True
3,0,134,1432,N,True
3,26,134,1432,N,True
3,reel23__2,3,1432,N,True
3,0,3,1432,N,True
3,26,3,1432,N,True
3,0,334,1432,N,True
3,26,334,1432,N,True
3,0,257,1432,N,True
3,26,257,1432,N,True
3,0,158,1432,N,True
3,26,158,1432,N,True
3,0,118,1432,N,True
3,26,118,1432,N,True
3,0,265,1432,N,True
3,26,265,1432,N,True
3,0,72,1432,N,True
3,26,72,1432,N,True
3,0,308,1432,N,True
3,26,308,1432,N,True
3,0,232,1432,N,True
3,26,232,1432,N,True
3,0,69,1432,N,True
3,26,69,1432,N,True
3,0,161,1432,N,True
3,26,161,1432,N,True
3,0,169,1432,N,True
3,26,169,1432,N,True
3,0,104,1432,N,True
3,26,104,1432,N,True
3,0,55,1432,N,True
3,26,55,1432,N,True
3,249,304,1432,N,True
3,0,304,1432,N,True
3,26,304,1432,N,True
3,0,40,1432,N,True
3,26,40,1432,N,True
3,0,123,1432,N,True
3,26,123,1432,N,True
3,0,141,1432,N,True
3,26,141,1432,N,True
3,0,172,1432,N,True
3,26,172,1432,N,True
3,0,224,1432,N,True
3,26,224,1432,N,True
3,0,223,1432,N,True
3,26,223,1432,N,True
3,26,reel19__3,1432,N,True
3,26,reel39__3,1432,N,True
3,26,reel55__8,1432,N,True
3,26,bot56__4,1432,N,True
3,26,reel62__3,1432,N,True
3,reel27__5,49,1432,N,True
3,0,49,1432,N,True
3,reel27__5,reel29__3,1432,N,True
3,reel27__5,reel31__6,1432,N,True
3,bot21__5,238,1432,N,True
3,0,238,1432,N,True
3,bot21__5,162,1432,N,True
3,0,162,1432,N,True
3,bot21__5,bot28__7,1432,N,True
3,bot21__5,bot39__7,1432,N,True
3,336,reel4__3,1432,N,True
3,336,bot20__4,1432,N,True
3,reel26__5,reel10__4,1432,N,True
3,reel26__5,reel14__2,1432,N,True
3,reel23__2,reel12__0,1432,N,True
3,reel23__2,reel22__3,1432,N,True
3,reel23__2,bot32__1,1432,N,True
3,reel23__8,reel13__9,1432,N,True
3,reel23__8,reel37__0,1432,N,True
3,reel23__8,bot39__5,1432,N,True
3,reel23__8,reel60__7,1432,N,True
3,bot40__3,228,1432,N,True
3,0,228,1432,N,True
3,bot44__2,reel10__1,1432,N,True
3,150,reel7__6,1432,N,True
3,reel21__2,34,1432,N,True
3,0,34,1432,N,True
3,reel21__2,reel25__2,1432,N,True
3,reel21__2,reel45__4,1432,N,True
3,reel21__2,reel55__5,1432,N,True
3,0,225,1432,N,True
3,reel24__7,225,1432,N,True
3,reel24__7,reel27__4,1432,N,True
3,reel24__7,reel63__6,1432,N,True
3,reel35__0,190,1432,N,True
3,0,190,1432,N,True
3,reel35__0,reel31__5,1432,N,True
3,reel35__0,reel52__2,1432,N,True
3,235,156,1432,N,True
3,0,156,1432,N,True
3,235,bot10__0,1432,N,True
3,235,reel30__3,1432,N,True
3,235,reel36__7,1432,N,True
3,235,bot40__8,1432,N,True
3,235,reel45__3,1432,N,True
3,321,175,1432,N,True
3,0,175,1432,N,True
3,321,bot17__3,1432,N,True
3,321,reel22__2,1432,N,True
3,321,reel32__9,1432,N,True
3,249,194,1432,N,True
3,1,194,1432,N,True
3,0,194,1432,N,True
3,1,reel2__3,1432,N,True
3,1,bot18__5,1432,N,True
3,1,reel67__6,1432,N,True
3,249,24,1432,N,True
3,0,24,1432,N,True
3,249,204,1432,N,True
3,0,204,1432,N,True
3,249,213,1432,N,True
3,0,213,1432,N,True
3,0,65,1432,N,True
3,0,211,1432,N,True
3,0,84,1432,N,True
3,0,231,1432,N,True
3,0,117,1432,N,True
3,0,103,1432,N,True
3,0,23,1432,N,True
3,0,288,1432,N,True
3,0,63,1432,N,True
3,0,344,1432,N,True
3,0,270,1432,N,True
3,0,76,1432,N,True
3,0,274,1432,N,True
3,0,108,1432,N,True
3,0,197,1432,N,True
3,0,275,1432,N,True
3,0,273,1432,N,True
3,0,83,1432,N,True
3,249,242,1432,N,True
3,0,242,1432,N,True
3,0,214,1432,N,True
3,0,307,1432,N,True
3,0,71,1432,N,True
3,0,207,1432,N,True
3,0,341,1432,N,True
3,0,78,1432,N,True
3,0,317,1432,N,True
3,0,139,1432,N,True
3,0,283,1432,N,True
3,0,290,1432,N,True
3,249,94,1432,N,True
3,0,94,1432,N,True
3,0,184,1432,N,True
3,0,159,1432,N,True
3,0,59,1432,N,True
3,0,7,1432,N,True
3,0,255,1432,N,True
3,0,85,1432,N,True
3,0,246,1432,N,True
3,0,284,1432,N,True
3,0,140,1432,N,True
3,0,111,1432,N,True
3,0,310,1432,N,True
3,0,32,1432,N,True
3,0,222,1432,N,True
3,0,278,1432,N,True
3,0,340,1432,N,True
3,0,237,1432,N,True
3,0,309,1432,N,True
3,0,230,1432,N,True
3,0,70,1432,N,True
3,0,16,1432,N,True
3,0,251,1432,N,True
3,0,258,1432,N,True
3,249,196,1432,N,True
3,0,196,1432,N,True
3,0,303,1432,N,True
3,0,286,1432,N,True
3,0,81,1432,N,True
3,0,174,1432,N,True
3,0,42,1432,N,True
3,0,347,1432,N,True
3,0,281,1432,N,True
3,0,279,1432,N,True
3,0,19,1432,N,True
3,reel64__0,218,1432,N,True
3,0,218,1432,N,True
3,0,268,1432,N,True
3,0,314,1432,N,True
3,0,178,1432,N,True
3,0,243,1432,N,True
3,0,195,1432,N,True
3,0,181,1432,N,True
3,0,8,1432,N,True
3,0,245,1432,N,True
3,249,101,1432,N,True
3,0,101,1432,N,True
3,0,296,1432,N,True
3,0,102,1432,N,True
3,0,165,1432,N,True
3,0,121,1432,N,True
3,0,306,1432,N,True
3,reel20__9,177,1432,N,True
3,0,177,1432,N,True
3,0,87,1432,N,True
3,0,45,1432,N,True
3,0,58,1432,N,True
3,0,167,1432,N,True
3,0,227,1432,N,True
3,0,96,1432,N,True
3,0,93,1432,N,True
3,0,221,1432,N,True
3,0,301,1432,N,True
3,0,250,1432,N,True
3,0,29,1432,N,True
3,reel20__9,337,1432,N,True
3,0,337,1432,N,True
3,0,110,1432,N,True
3,0,86,1432,N,True
3,0,152,1432,N,True
3,0,201,1432,N,True
3,0,289,1432,N,True
3,0,160,1432,N,True
3,0,22,1432,N,True
3,0,262,1432,N,True
3,0,220,1432,N,True
3,0,44,1432,N,True
3,0,193,1432,N,True
3,0,124,1432,N,True
3,0,179,1432,N,True
3,0,151,1432,N,True
3,0,327,1432,N,True
3,0,247,1432,N,True
3,0,244,1432,N,True
3,0,233,1432,N,True
3,0,256,1432,N,True
3,0,202,1432,N,True
3,0,155,1432,N,True
3,0,191,1432,N,True
3,0,206,1432,N,True
3,0,138,1432,N,True
3,0,164,1432,N,True
3,0,240,1432,N,True
3,0,77,1432,N,True
3,0,153,1432,N,True
3,0,154,1432,N,True
3,0,198,1432,N,True
3,0,182,1432,N,True
3,0,294,1432,N,True
3,0,253,1432,N,True
3,0,267,1432,N,True
3,0,316,1432,N,True
3,0,47,1432,N,True
3,0,183,1432,N,True
3,0,52,1432,N,True
3,0,35,1432,N,True
3,0,reel20__8,1432,N,True
3,0,reel25__7,1432,N,True
3,reel64__0,reel13__1,1432,N,True
3,reel20__9,reel6__2,1432,N,True
3,reel20__9,reel21__5,1432,N,True
3,reel20__9,reel29__6,1432,N,True
3,reel20__9,reel44__4,1432,N,True
3,reel64__2,reel61__6,1432,N,True
3,reel64__2,reel15__2,1432,N,True
3,reel64__2,reel65__4,1432,N,True
3,249,reel21__7,1432,N,True
3,249,bot34__3,1432,N,True
3,249,bot36__6,1432,N,True
3,249,reel38__4,1432,N,True
3,249,reel53__2,1432,N,True
3,100,reel1__9,1432,N,True
3,100,bot3__6,1432,N,True
3,100,bot12__2,1432,N,True
3,100,reel13__2,1432,N,True
3,100,reel15__0,1432,N,True
3,100,bot50__0,1432,N,True
3,100,bot56__1,1432,N,True
3,94,25,1433,N,True
3,21,25,1433,N,True
3,0,25,1433,N,True
3,288,25,1433,N,True
3,122,25,1433,N,True
3,94,330,1433,N,True
3,0,330,1433,N,True
3,24,346,1433,N,True
3,94,346,1433,N,True
3,0,346,1433,N,True
3,24,53,1433,N,True
3,94,53,1433,N,True
3,0,53,1433,N,True
3,24,299,1433,N,True
3,94,299,1433,N,True
3,0,299,1433,N,True
3,24,80,1433,N,True
3,94,80,1433,N,True
3,0,80,1433,N,True
3,94,320,1433,N,True
3,0,320,1433,N,True
3,24,92,1433,N,True
3,94,92,1433,N,True
3,0,92,1433,N,True
3,94,254,1433,N,True
3,0,254,1433,N,True
3,24,180,1433,N,True
3,94,180,1433,N,True
3,5,180,1433,N,True
3,0,180,1433,N,True
3,24,101,1433,N,True
3,94,101,1433,N,True
3,0,101,1433,N,True
3,24,187,1433,N,True
3,94,187,1433,N,True
3,5,187,1433,N,True
3,0,187,1433,N,True
3,24,266,1433,N,True
3,94,266,1433,N,True
3,0,266,1433,N,True
3,24,242,1433,N,True
3,94,242,1433,N,True
3,0,242,1433,N,True
3,24,194,1433,N,True
3,94,194,1433,N,True
3,0,194,1433,N,True
3,94,reel7__8,1433,N,True
3,reel33__8,reel7__8,1433,N,True
3,94,bot22__8,1433,N,True
3,94,bot47__5,1433,N,True
3,94,reel66__0,1433,N,True
3,288,199,1433,N,True
3,211,199,1433,N,True
3,0,199,1433,N,True
3,288,reel7__3,1433,N,True
3,288,reel16__0,1433,N,True
3,288,reel26__6,1433,N,True
3,288,reel34__1,1433,N,True
3,288,bot44__4,1433,N,True
3,reel10__7,291,1433,N,True
3,0,291,1433,N,True
3,reel10__7,bot26__4,1433,N,True
3,reel10__7,reel35__0,1433,N,True
3,reel10__7,bot40__3,1433,N,True
3,reel10__7,reel50__7,1433,N,True
3,bot47__7,reel20__0,1433,N,True
3,bot47__7,bot56__7,1433,N,True
3,reel15__4,85,1433,N,True
3,0,85,1433,N,True
3,156,85,1433,N,True
3,reel15__4,reel43__4,1433,N,True
3,reel15__4,bot51__6,1433,N,True
3,reel35__2,260,1433,N,True
3,0,260,1433,N,True
3,reel35__2,reel52__5,1433,N,True
3,reel35__2,reel69__2,1433,N,True
3,0,219,1433,N,True
3,reel36__7,219,1433,N,True
3,reel36__7,reel19__0,1433,N,True
3,reel36__7,reel55__8,1433,N,True
3,reel36__7,reel66__9,1433,N,True
3,5,87,1433,N,True
3,0,87,1433,N,True
3,5,316,1433,N,True
3,0,316,1433,N,True
3,5,213,1433,N,True
3,122,213,1433,N,True
3,0,213,1433,N,True
3,5,bot33__0,1433,N,True
3,195,181,1433,N,True
3,0,181,1433,N,True
3,195,306,1433,N,True
3,0,306,1433,N,True
3,195,4,1433,N,True
3,0,4,1433,N,True
3,195,275,1433,N,True
3,0,275,1433,N,True
3,195,328,1433,N,True
3,0,328,1433,N,True
3,195,273,1433,N,True
3,reel33__8,273,1433,N,True
3,0,273,1433,N,True
3,195,reel2__3,1433,N,True
3,195,reel5__2,1433,N,True
3,195,reel19__4,1433,N,True
3,195,bot36__1,1433,N,True
3,195,reel37__6,1433,N,True
3,195,bot68__0,1433,N,True
3,195,bot71__8,1433,N,True
3,21,88,1433,N,True
3,0,88,1433,N,True
3,21,212,1433,N,True
3,0,212,1433,N,True
3,21,134,1433,N,True
3,0,134,1433,N,True
3,211,313,1433,N,True
3,21,313,1433,N,True
3,0,313,1433,N,True
3,122,66,1433,N,True
3,21,66,1433,N,True
3,0,66,1433,N,True
3,211,56,1433,N,True
3,122,56,1433,N,True
3,21,56,1433,N,True
3,0,56,1433,N,True
3,211,304,1433,N,True
3,122,304,1433,N,True
3,21,304,1433,N,True
3,0,304,1433,N,True
3,122,284,1433,N,True
3,21,284,1433,N,True
3,0,284,1433,N,True
3,211,239,1433,N,True
3,122,239,1433,N,True
3,21,239,1433,N,True
3,0,239,1433,N,True
3,211,170,1433,N,True
3,122,170,1433,N,True
3,21,170,1433,N,True
3,0,170,1433,N,True
3,21,184,1433,N,True
3,0,184,1433,N,True
3,211,271,1433,N,True
3,122,271,1433,N,True
3,21,271,1433,N,True
3,0,271,1433,N,True
3,211,223,1433,N,True
3,21,223,1433,N,True
3,0,223,1433,N,True
3,211,342,1433,N,True
3,122,342,1433,N,True
3,21,342,1433,N,True
3,0,342,1433,N,True
3,0,9,1433,N,True
3,122,9,1433,N,True
3,21,9,1433,N,True
3,156,9,1433,N,True
3,122,142,1433,N,True
3,21,142,1433,N,True
3,0,142,1433,N,True
3,21,105,1433,N,True
3,0,105,1433,N,True
3,122,277,1433,N,True
3,21,277,1433,N,True
3,0,277,1433,N,True
3,21,308,1433,N,True
3,0,308,1433,N,True
3,122,119,1433,N,True
3,21,119,1433,N,True
3,0,119,1433,N,True
3,122,248,1433,N,True
3,21,248,1433,N,True
3,0,248,1433,N,True
3,122,186,1433,N,True
3,21,186,1433,N,True
3,0,186,1433,N,True
3,122,322,1433,N,True
3,21,322,1433,N,True
3,0,322,1433,N,True
3,21,121,1433,N,True
3,0,121,1433,N,True
3,122,251,1433,N,True
3,21,251,1433,N,True
3,0,251,1433,N,True
3,122,236,1433,N,True
3,21,236,1433,N,True
3,0,236,1433,N,True
3,122,281,1433,N,True
3,21,281,1433,N,True
3,0,281,1433,N,True
3,122,280,1433,N,True
3,21,280,1433,N,True
3,0,280,1433,N,True
3,21,197,1433,N,True
3,0,197,1433,N,True
3,211,13,1433,N,True
3,21,13,1433,N,True
3,0,13,1433,N,True
3,122,123,1433,N,True
3,21,123,1433,N,True
3,0,123,1433,N,True
3,122,200,1433,N,True
3,21,200,1433,N,True
3,0,200,1433,N,True
3,21,bot9__3,1433,N,True
3,21,reel16__3,1433,N,True
3,21,reel51__7,1433,N,True
3,0,295,1433,N,True
3,156,295,1433,N,True
3,156,bot1__5,1433,N,True
3,156,bot2__1,1433,N,True
3,156,bot4__9,1433,N,True
3,156,bot6__2,1433,N,True
3,156,reel20__6,1433,N,True
3,156,bot30__9,1433,N,True
3,156,bot31__3,1433,N,True
3,156,bot37__4,1433,N,True
3,156,reel42__8,1433,N,True
3,bot70__4,116,1433,N,True
3,0,116,1433,N,True
3,bot70__4,reel63__9,1433,N,True
3,211,331,1433,N,True
3,0,331,1433,N,True
3,211,172,1433,N,True
3,0,172,1433,N,True
3,211,128,1433,N,True
3,122,128,1433,N,True
3,0,128,1433,N,True
3,211,222,1433,N,True
3,0,222,1433,N,True
3,211,261,1433,N,True
3,122,261,1433,N,True
3,0,261,1433,N,True
3,211,103,1433,N,True
3,0,103,1433,N,True
3,211,29,1433,N,True
3,0,29,1433,N,True
3,211,59,1433,N,True
3,0,59,1433,N,True
3,211,268,1433,N,True
3,0,268,1433,N,True
3,211,265,1433,N,True
3,0,265,1433,N,True
3,211,reel23__3,1433,N,True
3,reel30__3,reel15__9,1433,N,True
3,reel30__3,reel49__0,1433,N,True
3,bot28__3,179,1433,N,True
3,0,179,1433,N,True
3,122,176,1433,N,True
3,0,176,1433,N,True
3,122,276,1433,N,True
3,0,276,1433,N,True
3,0,84,1433,N,True
3,0,133,1433,N,True
3,122,62,1433,N,True
3,0,62,1433,N,True
3,0,175,1433,N,True
3,0,46,1433,N,True
3,0,117,1433,N,True
3,0,135,1433,N,True
3,0,23,1433,N,True
3,0,48,1433,N,True
3,24,57,1433,N,True
3,0,57,1433,N,True
3,0,63,1433,N,True
3,122,344,1433,N,True
3,0,344,1433,N,True
3,0,270,1433,N,True
3,0,76,1433,N,True
3,0,36,1433,N,True
3,0,339,1433,N,True
3,0,28,1433,N,True
3,0,312,1433,N,True
3,0,214,1433,N,True
3,0,20,1433,N,True
3,0,307,1433,N,True
3,0,207,1433,N,True
3,0,168,1433,N,True
3,0,341,1433,N,True
3,122,141,1433,N,True
3,0,141,1433,N,True
3,0,317,1433,N,True
3,0,54,1433,N,True
3,0,139,1433,N,True
3,0,64,1433,N,True
3,0,217,1433,N,True
3,0,126,1433,N,True
3,122,224,1433,N,True
3,0,224,1433,N,True
3,0,144,1433,N,True
3,0,290,1433,N,True
3,0,146,1433,N,True
3,0,1,1433,N,True
3,0,149,1433,N,True
3,0,17,1433,N,True
3,0,326,1433,N,True
3,0,49,1433,N,True
3,0,140,1433,N,True
3,0,137,1433,N,True
3,0,185,1433,N,True
3,reel26__9,185,1433,N,True
3,0,324,1433,N,True
3,0,171,1433,N,True
3,0,111,1433,N,True
3,0,310,1433,N,True
3,0,32,1433,N,True
3,0,72,1433,N,True
3,0,278,1433,N,True
3,0,340,1433,N,True
3,0,237,1433,N,True
3,0,311,1433,N,True
3,0,16,1433,N,True
3,0,10,1433,N,True
3,0,69,1433,N,True
3,122,113,1433,N,True
3,0,113,1433,N,True
3,0,257,1433,N,True
3,0,196,1433,N,True
3,122,303,1433,N,True
3,0,303,1433,N,True
3,0,286,1433,N,True
3,0,81,1433,N,True
3,0,174,1433,N,True
3,0,42,1433,N,True
3,0,347,1433,N,True
3,0,2,1433,N,True
3,0,263,1433,N,True
3,0,338,1433,N,True
3,0,162,1433,N,True
3,0,19,1433,N,True
3,0,75,1433,N,True
3,0,314,1433,N,True
3,0,243,1433,N,True
3,0,8,1433,N,True
3,0,245,1433,N,True
3,0,129,1433,N,True
3,0,99,1433,N,True
3,0,102,1433,N,True
3,0,318,1433,N,True
3,0,163,1433,N,True
3,0,173,1433,N,True
3,0,177,1433,N,True
3,0,189,1433,N,True
3,0,60,1433,N,True
3,0,259,1433,N,True
3,0,58,1433,N,True
3,0,167,1433,N,True
3,0,91,1433,N,True
3,0,143,1433,N,True
3,0,93,1433,N,True
3,0,41,1433,N,True
3,0,6,1433,N,True
3,0,221,1433,N,True
3,0,301,1433,N,True
3,0,250,1433,N,True
3,0,337,1433,N,True
3,0,100,1433,N,True
3,0,110,1433,N,True
3,0,86,1433,N,True
3,0,152,1433,N,True
3,0,201,1433,N,True
3,0,289,1433,N,True
3,0,160,1433,N,True
3,0,321,1433,N,True
3,0,68,1433,N,True
3,0,22,1433,N,True
3,0,298,1433,N,True
3,0,220,1433,N,True
3,0,234,1433,N,True
3,0,97,1433,N,True
3,0,124,1433,N,True
3,0,112,1433,N,True
3,0,216,1433,N,True
3,0,151,1433,N,True
3,0,145,1433,N,True
3,0,95,1433,N,True
3,0,319,1433,N,True
3,0,233,1433,N,True
3,0,256,1433,N,True
3,0,202,1433,N,True
3,0,155,1433,N,True
3,0,206,1433,N,True
3,0,229,1433,N,True
3,0,138,1433,N,True
3,0,164,1433,N,True
3,0,77,1433,N,True
3,0,253,1433,N,True
3,0,267,1433,N,True
3,0,47,1433,N,True
3,0,183,1433,N,True
3,0,52,1433,N,True
3,0,34,1433,N,True
3,0,35,1433,N,True
3,0,reel3__5,1433,N,True
3,0,reel20__8,1433,N,True
3,24,bot14__7,1433,N,True
3,24,reel50__1,1433,N,True
3,24,reel54__6,1433,N,True
3,reel26__9,reel14__1,1433,N,True
3,reel26__9,reel34__8,1433,N,True
3,bot62__1,reel43__7,1433,N,True
3,122,reel13__0,1433,N,True
3,122,reel19__5,1433,N,True
3,122,reel20__2,1433,N,True
3,122,bot24__5,1433,N,True
3,122,reel29__9,1433,N,True
3,184,reel26__3,1434,N,True
3,reel37__7,reel26__3,1434,N,True
3,161,reel26__3,1434,N,True
3,reel37__7,reel39__7,1434,N,True
3,reel37__7,reel61__3,1434,N,True
3,126,reel61__3,1434,N,True
3,329,bot4__0,1434,N,True
3,329,bot5__6,1434,N,True
3,29,bot5__6,1434,N,True
3,329,reel20__1,1434,N,True
3,102,reel28__0,1434,N,True
3,329,reel28__0,1434,N,True
3,217,reel28__0,1434,N,True
3,329,bot69__7,1434,N,True
3,6,bot69__7,1434,N,True
3,145,bot10__0,1434,N,True
3,235,bot10__0,1434,N,True
3,145,reel10__9,1434,N,True
3,245,reel10__9,1434,N,True
3,133,reel10__9,1434,N,True
3,257,bot58__2,1434,N,True
3,bot67__6,bot58__2,1434,N,True
3,bot67__6,reel16__8,1434,N,True
3,279,reel16__8,1434,N,True
3,190,reel1__3,1434,N,True
3,317,reel1__3,1434,N,True
3,317,bot26__2,1434,N,True
3,317,bot52__5,1434,N,True
3,317,reel55__2,1434,N,True
3,317,reel61__6,1434,N,True
3,81,reel61__6,1434,N,True
3,65,reel7__6,1434,N,True
3,reel19__5,reel7__6,1434,N,True
3,150,reel7__6,1434,N,True
3,264,reel7__6,1434,N,True
3,264,bot49__1,1434,N,True
3,206,bot11__1,1434,N,True
3,134,bot11__1,1434,N,True
3,251,bot11__1,1434,N,True
3,134,bot37__4,1434,N,True
3,156,bot37__4,1434,N,True
3,134,bot49__5,1434,N,True
3,95,bot1__0,1434,N,True
3,262,bot1__0,1434,N,True
3,229,bot1__0,1434,N,True
3,113,bot1__2,1434,N,True
3,95,bot1__2,1434,N,True
3,100,bot1__2,1434,N,True
3,bot13__5,bot1__2,1434,N,True
3,95,reel1__4,1434,N,True
3,250,reel1__4,1434,N,True
3,189,reel1__4,1434,N,True
3,206,bot17__8,1434,N,True
3,bot55__2,bot17__8,1434,N,True
3,95,bot17__8,1434,N,True
3,95,reel25__9,1434,N,True
3,92,reel25__9,1434,N,True
3,190,reel32__9,1434,N,True
3,95,reel32__9,1434,N,True
3,321,reel32__9,1434,N,True
3,95,reel46__5,1434,N,True
3,13,reel46__5,1434,N,True
3,252,reel46__5,1434,N,True
3,95,reel51__3,1434,N,True
3,95,reel53__2,1434,N,True
3,249,reel53__2,1434,N,True
3,270,bot0__9,1434,N,True
3,8,bot0__9,1434,N,True
3,175,reel0__7,1434,N,True
3,270,reel0__7,1434,N,True
3,255,reel0__7,1434,N,True
3,270,reel8__5,1434,N,True
3,169,reel8__5,1434,N,True
3,270,reel19__1,1434,N,True
3,84,reel19__1,1434,N,True
3,270,bot31__1,1434,N,True
3,270,reel42__5,1434,N,True
3,reel41__0,reel25__1,1434,N,True
3,328,reel25__1,1434,N,True
3,314,reel25__1,1434,N,True
3,reel41__0,bot46__9,1434,N,True
3,72,bot46__9,1434,N,True
3,170,reel3__6,1434,N,True
3,reel40__0,reel3__6,1434,N,True
3,reel40__0,reel29__1,1434,N,True
3,247,reel5__3,1434,N,True
3,189,reel5__3,1434,N,True
3,24,reel5__3,1434,N,True
3,reel40__0,reel5__3,1434,N,True
3,reel40__0,reel50__9,1434,N,True
3,reel40__0,bot62__3,1434,N,True
3,193,reel54__3,1434,N,True
3,193,bot55__1,1434,N,True
3,304,bot0__7,1434,N,True
3,342,bot0__7,1434,N,True
3,69,bot0__7,1434,N,True
3,175,reel10__2,1434,N,True
3,304,reel10__2,1434,N,True
3,230,reel10__2,1434,N,True
3,304,reel12__6,1434,N,True
3,304,reel24__4,1434,N,True
3,225,reel24__4,1434,N,True
3,289,bot2__3,1434,N,True
3,326,bot2__3,1434,N,True
3,253,reel10__5,1434,N,True
3,326,reel10__5,1434,N,True
3,reel14__5,reel10__5,1434,N,True
3,326,bot20__9,1434,N,True
3,326,reel25__6,1434,N,True
3,90,reel28__2,1434,N,True
3,326,reel28__2,1434,N,True
3,333,reel28__2,1434,N,True
3,273,reel34__3,1434,N,True
3,326,reel34__3,1434,N,True
3,326,reel45__8,1434,N,True
3,36,reel43__8,1434,N,True
3,204,reel43__8,1434,N,True
3,204,bot51__0,1434,N,True
3,77,reel17__6,1434,N,True
3,309,reel17__6,1434,N,True
3,309,reel55__7,1434,N,True
3,225,reel61__0,1434,N,True
3,309,reel61__0,1434,N,True
3,172,reel18__7,1434,N,True
3,104,reel18__7,1434,N,True
3,172,bot50__0,1434,N,True
3,100,bot50__0,1434,N,True
3,118,bot2__0,1434,N,True
3,64,bot2__0,1434,N,True
3,118,reel3__3,1434,N,True
3,283,reel3__3,1434,N,True
3,177,reel3__3,1434,N,True
3,118,reel9__9,1434,N,True
3,118,reel12__4,1434,N,True
3,100,reel12__4,1434,N,True
3,151,reel12__4,1434,N,True
3,118,bot18__1,1434,N,True
3,338,bot18__1,1434,N,True
3,118,reel20__7,1434,N,True
3,119,reel20__7,1434,N,True
3,118,bot24__0,1434,N,True
3,118,bot29__8,1434,N,True
3,227,bot29__8,1434,N,True
3,118,reel30__3,1434,N,True
3,235,reel30__3,1434,N,True
3,118,bot40__0,1434,N,True
3,118,reel41__9,1434,N,True
3,5,reel67__2,1434,N,True
3,288,reel1__7,1434,N,True
3,49,reel1__7,1434,N,True
3,49,bot3__6,1434,N,True
3,100,bot3__6,1434,N,True
3,110,bot3__6,1434,N,True
3,157,bot10__1,1434,N,True
3,49,bot10__1,1434,N,True
3,reel0__2,reel27__1,1434,N,True
3,49,reel27__1,1434,N,True
3,49,reel27__3,1434,N,True
3,reel25__7,reel27__3,1434,N,True
3,205,reel27__5,1434,N,True
3,49,reel27__5,1434,N,True
3,49,bot51__6,1434,N,True
3,107,bot14__8,1434,N,True
3,244,bot14__8,1434,N,True
3,78,bot14__8,1434,N,True
3,78,bot28__4,1434,N,True
3,78,bot50__8,1434,N,True
3,187,reel57__2,1434,N,True
3,78,reel57__2,1434,N,True
3,303,reel60__3,1434,N,True
3,78,reel60__3,1434,N,True
3,78,bot64__6,1434,N,True
3,189,reel0__3,1434,N,True
3,152,reel0__3,1434,N,True
3,reel5__7,reel0__3,1434,N,True
3,152,reel13__8,1434,N,True
3,44,bot60__2,1434,N,True
3,152,bot60__2,1434,N,True
3,256,reel63__5,1434,N,True
3,152,reel63__5,1434,N,True
3,152,reel65__8,1434,N,True
3,333,reel12__9,1434,N,True
3,149,reel12__9,1434,N,True
3,98,reel12__9,1434,N,True
3,149,reel14__8,1434,N,True
3,289,bot25__9,1434,N,True
3,149,bot25__9,1434,N,True
3,149,reel67__7,1434,N,True
3,341,reel8__0,1434,N,True
3,262,reel8__0,1434,N,True
3,286,bot23__4,1434,N,True
3,262,bot23__4,1434,N,True
3,102,reel48__3,1434,N,True
3,261,reel48__3,1434,N,True
3,bot55__6,reel48__3,1434,N,True
3,205,bot59__2,1434,N,True
3,bot55__6,bot59__2,1434,N,True
3,bot55__6,bot65__8,1434,N,True
3,226,reel11__8,1434,N,True
3,306,reel11__8,1434,N,True
3,33,reel40__9,1434,N,True
3,306,reel40__9,1434,N,True
3,269,bot48__7,1434,N,True
3,306,bot48__7,1434,N,True
3,340,reel65__9,1434,N,True
3,98,reel65__9,1434,N,True
3,306,reel65__9,1434,N,True
3,232,bot66__9,1434,N,True
3,306,bot66__9,1434,N,True
3,306,reel66__4,1434,N,True
3,reel13__0,reel19__0,1434,N,True
3,207,reel19__0,1434,N,True
3,234,reel52__1,1434,N,True
3,reel13__0,reel52__1,1434,N,True
3,reel9__6,bot19__2,1434,N,True
3,reel9__6,reel41__7,1434,N,True
3,198,reel41__7,1434,N,True
3,reel9__6,reel56__2,1434,N,True
3,250,reel56__2,1434,N,True
3,295,bot1__5,1434,N,True
3,156,bot1__5,1434,N,True
3,295,reel4__6,1434,N,True
3,295,bot9__1,1434,N,True
3,295,reel22__3,1434,N,True
3,295,reel34__2,1434,N,True
3,344,reel34__2,1434,N,True
3,295,bot35__2,1434,N,True
3,151,bot35__2,1434,N,True
3,196,reel4__5,1434,N,True
3,82,reel4__5,1434,N,True
3,82,bot30__8,1434,N,True
3,186,reel33__7,1434,N,True
3,82,reel33__7,1434,N,True
3,76,reel6__0,1434,N,True
3,85,reel6__0,1434,N,True
3,85,reel15__4,1434,N,True
3,189,reel2__2,1434,N,True
3,131,reel2__2,1434,N,True
3,279,reel2__2,1434,N,True
3,184,bot4__7,1434,N,True
3,131,bot4__7,1434,N,True
3,167,reel23__5,1434,N,True
3,131,reel23__5,1434,N,True
3,255,bot65__0,1434,N,True
3,131,bot65__0,1434,N,True
3,153,reel43__7,1434,N,True
3,153,reel49__2,1434,N,True
3,81,reel49__2,1434,N,True
3,221,bot4__6,1434,N,True
3,229,bot4__6,1434,N,True
3,251,bot19__0,1434,N,True
3,229,bot19__0,1434,N,True
3,229,bot36__9,1434,N,True
3,207,bot53__5,1434,N,True
3,229,bot53__5,1434,N,True
3,190,reel9__1,1434,N,True
3,44,reel9__1,1434,N,True
3,190,bot14__9,1434,N,True
3,336,bot14__9,1434,N,True
3,170,bot14__9,1434,N,True
3,190,bot24__7,1434,N,True
3,190,reel25__0,1434,N,True
3,reel66__7,reel25__0,1434,N,True
3,88,reel25__0,1434,N,True
3,251,reel25__0,1434,N,True
3,190,reel33__4,1434,N,True
3,24,reel33__4,1434,N,True
3,190,reel35__0,1434,N,True
3,206,reel0__9,1434,N,True
3,106,reel0__9,1434,N,True
3,206,reel32__7,1434,N,True
3,283,reel32__7,1434,N,True
3,206,reel42__7,1434,N,True
3,66,reel42__7,1434,N,True
3,307,reel10__4,1434,N,True
3,191,reel10__4,1434,N,True
3,307,bot71__3,1434,N,True
3,282,bot2__6,1434,N,True
3,103,bot2__6,1434,N,True
3,19,bot2__6,1434,N,True
3,154,reel18__2,1434,N,True
3,103,reel18__2,1434,N,True
3,reel69__9,reel18__2,1434,N,True
3,103,bot43__0,1434,N,True
3,103,bot47__6,1434,N,True
3,103,bot57__2,1434,N,True
3,98,reel0__1,1434,N,True
3,256,reel0__1,1434,N,True
3,110,reel0__1,1434,N,True
3,232,bot7__7,1434,N,True
3,110,bot7__7,1434,N,True
3,328,reel7__7,1434,N,True
3,110,reel7__7,1434,N,True
3,244,bot12__3,1434,N,True
3,256,bot12__3,1434,N,True
3,110,bot12__3,1434,N,True
3,40,reel12__3,1434,N,True
3,110,reel12__3,1434,N,True
3,110,reel17__8,1434,N,True
3,299,reel32__5,1434,N,True
3,110,reel32__5,1434,N,True
3,57,reel12__7,1434,N,True
3,119,reel12__7,1434,N,True
3,55,reel12__7,1434,N,True
3,reel18__8,reel12__7,1434,N,True
3,57,bot21__3,1434,N,True
3,176,bot21__3,1434,N,True
3,70,bot35__1,1434,N,True
3,57,bot35__1,1434,N,True
3,119,reel24__7,1434,N,True
3,225,reel24__7,1434,N,True
3,119,reel40__6,1434,N,True
3,100,reel40__6,1434,N,True
3,119,bot46__6,1434,N,True
3,119,reel62__6,1434,N,True
3,84,reel62__6,1434,N,True
3,32,bot32__9,1434,N,True
3,bot13__1,bot32__9,1434,N,True
3,197,bot32__9,1434,N,True
3,bot13__1,bot55__4,1434,N,True
3,263,bot58__8,1434,N,True
3,263,bot71__4,1434,N,True
3,205,bot22__8,1434,N,True
3,279,bot22__8,1434,N,True
3,279,bot28__3,1434,N,True
3,179,bot28__3,1434,N,True
3,279,reel33__5,1434,N,True
3,279,bot54__0,1434,N,True
3,191,reel14__1,1434,N,True
3,47,reel14__1,1434,N,True
3,191,bot71__7,1434,N,True
3,225,bot71__7,1434,N,True
3,208,bot2__2,1434,N,True
3,reel0__2,bot2__2,1434,N,True
3,61,bot2__2,1434,N,True
3,61,reel10__6,1434,N,True
3,61,reel50__4,1434,N,True
3,61,reel64__9,1434,N,True
3,50,reel6__1,1434,N,True
3,130,reel6__1,1434,N,True
3,177,reel6__1,1434,N,True
3,177,reel21__4,1434,N,True
3,177,reel30__9,1434,N,True
3,177,bot39__6,1434,N,True
3,179,bot39__6,1434,N,True
3,177,bot46__3,1434,N,True
3,207,bot46__3,1434,N,True
3,48,reel15__5,1434,N,True
3,337,reel15__5,1434,N,True
3,138,reel15__5,1434,N,True
3,337,bot32__0,1434,N,True
3,337,bot57__3,1434,N,True
3,157,bot14__5,1434,N,True
3,237,bot14__5,1434,N,True
3,bot15__9,bot14__5,1434,N,True
3,2,bot29__5,1434,N,True
3,bot15__9,bot29__5,1434,N,True
3,bot15__9,bot69__6,1434,N,True
3,334,reel23__9,1434,N,True
3,334,bot38__9,1434,N,True
3,301,bot38__9,1434,N,True
3,334,reel56__6,1434,N,True
3,173,reel56__6,1434,N,True
3,334,reel57__9,1434,N,True
3,289,bot3__9,1434,N,True
3,328,bot3__9,1434,N,True
3,327,bot3__9,1434,N,True
3,289,reel9__7,1434,N,True
3,340,reel9__7,1434,N,True
3,reel62__4,reel9__7,1434,N,True
3,289,reel24__6,1434,N,True
3,247,reel24__6,1434,N,True
3,289,reel49__9,1434,N,True
3,108,bot1__3,1434,N,True
3,170,bot1__3,1434,N,True
3,108,bot3__3,1434,N,True
3,132,reel14__9,1434,N,True
3,108,reel14__9,1434,N,True
3,64,reel16__2,1434,N,True
3,108,reel16__2,1434,N,True
3,170,reel16__2,1434,N,True
3,108,bot22__9,1434,N,True
3,272,bot22__9,1434,N,True
3,236,bot22__9,1434,N,True
3,108,bot28__6,1434,N,True
3,120,reel16__4,1434,N,True
3,99,reel16__4,1434,N,True
3,181,bot39__0,1434,N,True
3,99,bot39__0,1434,N,True
3,99,bot43__2,1434,N,True
3,99,bot57__0,1434,N,True
3,99,bot57__5,1434,N,True
3,17,reel52__7,1434,N,True
3,276,reel1__2,1434,N,True
3,115,reel1__2,1434,N,True
3,72,reel1__2,1434,N,True
3,70,bot5__7,1434,N,True
3,332,bot5__7,1434,N,True
3,70,reel8__3,1434,N,True
3,174,reel8__3,1434,N,True
3,284,reel8__3,1434,N,True
3,70,bot38__6,1434,N,True
3,70,reel46__9,1434,N,True
3,293,reel46__9,1434,N,True
3,70,reel53__6,1434,N,True
3,98,reel53__6,1434,N,True
3,70,reel54__6,1434,N,True
3,24,reel54__6,1434,N,True
3,70,reel65__0,1434,N,True
3,341,bot0__8,1434,N,True
3,161,bot0__8,1434,N,True
3,176,bot0__8,1434,N,True
3,187,bot31__5,1434,N,True
3,187,reel31__8,1434,N,True
3,298,reel31__8,1434,N,True
3,187,bot35__9,1434,N,True
3,187,bot67__3,1434,N,True
3,218,reel4__9,1434,N,True
3,9,reel4__9,1434,N,True
3,69,reel4__9,1434,N,True
3,218,bot37__5,1434,N,True
3,218,reel64__0,1434,N,True
3,71,reel3__0,1434,N,True
3,93,reel3__0,1434,N,True
3,41,reel3__0,1434,N,True
3,93,reel4__1,1434,N,True
3,93,reel11__4,1434,N,True
3,16,reel11__4,1434,N,True
3,98,reel11__4,1434,N,True
3,93,reel66__9,1434,N,True
3,155,reel66__9,1434,N,True
3,120,reel9__4,1434,N,True
3,167,reel9__4,1434,N,True
3,120,bot29__0,1434,N,True
3,120,bot34__7,1434,N,True
3,345,bot2__4,1434,N,True
3,130,bot2__4,1434,N,True
3,342,bot2__4,1434,N,True
3,256,bot14__1,1434,N,True
3,342,bot14__1,1434,N,True
3,342,bot20__0,1434,N,True
3,86,bot23__2,1434,N,True
3,290,bot23__2,1434,N,True
3,133,bot0__1,1434,N,True
3,237,bot0__1,1434,N,True
3,133,reel1__1,1434,N,True
3,284,reel1__1,1434,N,True
3,109,reel1__1,1434,N,True
3,133,bot5__5,1434,N,True
3,271,bot5__5,1434,N,True
3,133,reel51__8,1434,N,True
3,133,reel53__9,1434,N,True
3,282,reel53__9,1434,N,True
3,133,bot60__7,1434,N,True
3,133,reel65__6,1434,N,True
3,278,bot2__8,1434,N,True
3,278,reel4__2,1434,N,True
3,223,reel20__4,1434,N,True
3,278,reel20__4,1434,N,True
3,278,bot24__9,1434,N,True
3,71,reel35__6,1434,N,True
3,278,reel35__6,1434,N,True
3,200,reel7__8,1434,N,True
3,200,bot8__6,1434,N,True
3,327,bot8__6,1434,N,True
3,200,bot20__7,1434,N,True
3,84,bot20__7,1434,N,True
3,41,reel28__6,1434,N,True
3,200,reel28__6,1434,N,True
3,200,bot45__2,1434,N,True
3,65,reel45__6,1434,N,True
3,reel44__3,reel45__6,1434,N,True
3,318,reel54__4,1434,N,True
3,reel44__3,reel54__4,1434,N,True
3,216,bot0__2,1434,N,True
3,291,bot0__2,1434,N,True
3,169,reel3__9,1434,N,True
3,291,reel3__9,1434,N,True
3,336,reel4__3,1434,N,True
3,291,reel4__3,1434,N,True
3,181,reel4__3,1434,N,True
3,291,reel28__5,1434,N,True
3,141,reel28__5,1434,N,True
3,344,reel33__9,1434,N,True
3,344,bot41__9,1434,N,True
3,265,bot48__5,1434,N,True
3,344,bot48__5,1434,N,True
3,344,bot53__1,1434,N,True
3,344,bot59__6,1434,N,True
3,76,reel5__1,1434,N,True
3,271,reel5__1,1434,N,True
3,238,reel5__1,1434,N,True
3,238,bot17__4,1434,N,True
3,284,reel17__3,1434,N,True
3,238,reel17__3,1434,N,True
3,155,bot19__5,1434,N,True
3,238,bot19__5,1434,N,True
3,238,bot21__5,1434,N,True
3,238,reel22__7,1434,N,True
3,238,reel32__3,1434,N,True
3,35,reel34__5,1434,N,True
3,27,reel34__5,1434,N,True
3,238,reel34__5,1434,N,True
3,238,reel55__6,1434,N,True
3,238,bot61__6,1434,N,True
3,101,bot6__2,1434,N,True
3,156,bot6__2,1434,N,True
3,322,bot40__4,1434,N,True
3,250,bot40__4,1434,N,True
3,101,bot40__4,1434,N,True
3,331,bot17__7,1434,N,True
3,67,bot17__7,1434,N,True
3,331,bot31__7,1434,N,True
3,331,reel38__1,1434,N,True
3,197,reel38__1,1434,N,True
3,234,reel38__1,1434,N,True
3,bot54__6,bot18__4,1434,N,True
3,151,bot18__4,1434,N,True
3,151,bot24__3,1434,N,True
3,reel35__9,reel11__6,1434,N,True
3,256,reel11__6,1434,N,True
3,reel35__9,reel15__3,1434,N,True
3,267,reel15__3,1434,N,True
3,reel35__9,reel36__3,1434,N,True
3,reel35__9,reel45__7,1434,N,True
3,reel35__9,reel68__3,1434,N,True
3,reel62__4,reel21__3,1434,N,True
3,reel20__3,reel21__3,1434,N,True
3,reel20__3,reel30__6,1434,N,True
3,reel20__3,bot31__9,1434,N,True
3,178,reel31__1,1434,N,True
3,reel20__3,reel31__1,1434,N,True
3,reel20__3,bot45__5,1434,N,True
3,29,bot11__2,1434,N,True
3,29,bot14__0,1434,N,True
3,64,bot41__8,1434,N,True
3,29,bot41__8,1434,N,True
3,245,bot47__9,1434,N,True
3,29,bot47__9,1434,N,True
3,29,bot55__7,1434,N,True
3,333,reel58__5,1434,N,True
3,29,reel58__5,1434,N,True
3,89,bot8__7,1434,N,True
3,bot70__8,bot64__1,1434,N,True
3,3,bot64__1,1434,N,True
3,213,bot0__6,1434,N,True
3,341,bot0__6,1434,N,True
3,213,bot6__3,1434,N,True
3,213,bot28__2,1434,N,True
3,33,bot28__2,1434,N,True
3,213,reel39__5,1434,N,True
3,97,reel39__5,1434,N,True
3,322,bot2__7,1434,N,True
3,217,bot2__7,1434,N,True
3,322,bot6__9,1434,N,True
3,256,bot6__9,1434,N,True
3,175,bot13__9,1434,N,True
3,322,bot13__9,1434,N,True
3,227,bot13__9,1434,N,True
3,130,reel2__6,1434,N,True
3,195,reel2__6,1434,N,True
3,130,bot15__4,1434,N,True
3,341,bot15__4,1434,N,True
3,130,reel28__7,1434,N,True
3,328,reel28__7,1434,N,True
3,130,reel50__8,1434,N,True
3,reel64__6,reel50__8,1434,N,True
3,282,reel5__6,1434,N,True
3,40,reel5__6,1434,N,True
3,58,reel40__2,1434,N,True
3,250,reel40__2,1434,N,True
3,327,reel40__2,1434,N,True
3,327,reel51__7,1434,N,True
3,2,bot29__6,1434,N,True
3,bot55__2,bot43__4,1434,N,True
3,2,bot43__4,1434,N,True
3,2,bot58__3,1434,N,True
3,256,bot58__3,1434,N,True
3,52,bot1__1,1434,N,True
3,188,bot1__1,1434,N,True
3,188,bot17__5,1434,N,True
3,1,bot17__5,1434,N,True
3,188,reel40__8,1434,N,True
3,121,reel40__8,1434,N,True
3,188,reel41__2,1434,N,True
3,188,bot49__8,1434,N,True
3,197,bot22__2,1434,N,True
3,126,bot8__3,1434,N,True
3,241,bot8__3,1434,N,True
3,reel4__8,reel10__3,1434,N,True
3,241,reel10__3,1434,N,True
3,241,bot22__3,1434,N,True
3,241,reel26__8,1434,N,True
3,272,bot33__7,1434,N,True
3,241,bot33__7,1434,N,True
3,241,reel35__3,1434,N,True
3,46,reel35__3,1434,N,True
3,241,bot45__9,1434,N,True
3,241,reel65__2,1434,N,True
3,46,reel65__2,1434,N,True
3,139,bot3__2,1434,N,True
3,198,bot3__2,1434,N,True
3,141,bot3__2,1434,N,True
3,139,bot36__6,1434,N,True
3,249,bot36__6,1434,N,True
3,reel36__0,reel46__7,1434,N,True
3,174,reel46__7,1434,N,True
3,reel36__0,bot51__5,1434,N,True
3,246,reel11__3,1434,N,True
3,67,reel11__3,1434,N,True
3,271,reel11__3,1434,N,True
3,67,bot12__8,1434,N,True
3,314,bot12__8,1434,N,True
3,67,reel13__7,1434,N,True
3,220,reel13__7,1434,N,True
3,67,bot30__7,1434,N,True
3,321,bot30__7,1434,N,True
3,67,reel31__9,1434,N,True
3,67,reel46__3,1434,N,True
3,96,reel34__9,1434,N,True
3,13,reel15__1,1434,N,True
3,346,reel15__1,1434,N,True
3,346,reel27__2,1434,N,True
3,346,bot65__6,1434,N,True
3,275,bot5__3,1434,N,True
3,84,bot5__3,1434,N,True
3,31,bot12__0,1434,N,True
3,84,bot12__0,1434,N,True
3,84,reel17__2,1434,N,True
3,77,bot33__9,1434,N,True
3,174,reel59__4,1434,N,True
3,161,reel59__4,1434,N,True
3,77,reel59__4,1434,N,True
3,50,reel25__3,1434,N,True
3,reel2__8,reel25__3,1434,N,True
3,55,reel25__3,1434,N,True
3,50,bot38__7,1434,N,True
3,31,bot9__8,1434,N,True
3,31,reel15__6,1434,N,True
3,58,reel15__6,1434,N,True
3,bot55__2,bot49__9,1434,N,True
3,31,bot49__9,1434,N,True
3,195,reel21__7,1434,N,True
3,211,reel21__7,1434,N,True
3,249,reel21__7,1434,N,True
3,154,reel23__3,1434,N,True
3,211,reel23__3,1434,N,True
3,184,reel36__4,1434,N,True
3,288,reel36__4,1434,N,True
3,211,reel36__4,1434,N,True
3,251,bot8__5,1434,N,True
3,251,reel24__3,1434,N,True
3,166,bot1__7,1434,N,True
3,232,bot1__7,1434,N,True
3,47,bot1__7,1434,N,True
3,196,bot11__3,1434,N,True
3,332,bot11__3,1434,N,True
3,170,bot11__3,1434,N,True
3,196,reel13__1,1434,N,True
3,102,reel13__1,1434,N,True
3,196,reel44__9,1434,N,True
3,reel45__2,reel44__9,1434,N,True
3,174,bot12__5,1434,N,True
3,174,bot20__2,1434,N,True
3,35,reel38__7,1434,N,True
3,272,bot16__6,1434,N,True
3,reel6__6,bot16__6,1434,N,True
3,reel6__6,reel25__5,1434,N,True
3,293,reel30__0,1434,N,True
3,reel6__6,reel30__0,1434,N,True
3,179,reel44__7,1434,N,True
3,reel6__6,reel44__7,1434,N,True
3,reel6__6,bot55__3,1434,N,True
3,338,bot63__1,1434,N,True
3,reel6__6,bot63__1,1434,N,True
3,181,bot22__6,1434,N,True
3,288,reel26__6,1434,N,True
3,181,reel26__6,1434,N,True
3,181,bot68__4,1434,N,True
3,76,reel9__0,1434,N,True
3,284,reel9__0,1434,N,True
3,345,reel9__0,1434,N,True
3,284,reel61__9,1434,N,True
3,302,reel20__5,1434,N,True
3,310,reel20__5,1434,N,True
3,302,bot54__4,1434,N,True
3,bot19__1,bot41__3,1434,N,True
3,75,bot2__9,1434,N,True
3,256,bot2__9,1434,N,True
3,256,bot9__0,1434,N,True
3,256,bot11__7,1434,N,True
3,256,reel30__8,1434,N,True
3,233,reel56__9,1434,N,True
3,256,reel56__9,1434,N,True
3,25,reel56__9,1434,N,True
3,157,bot24__6,1434,N,True
3,47,bot24__6,1434,N,True
3,reel0__2,bot25__1,1434,N,True
3,47,bot25__1,1434,N,True
3,47,bot29__2,1434,N,True
3,282,bot9__5,1434,N,True
3,220,bot9__5,1434,N,True
3,282,reel24__8,1434,N,True
3,282,reel27__9,1434,N,True
3,243,reel27__9,1434,N,True
3,reel25__7,reel18__4,1434,N,True
3,reel25__7,reel58__9,1434,N,True
3,222,bot1__8,1434,N,True
3,222,reel63__8,1434,N,True
3,222,reel65__4,1434,N,True
3,250,bot2__5,1434,N,True
3,1,bot2__5,1434,N,True
3,250,reel11__0,1434,N,True
3,reel14__5,reel11__0,1434,N,True
3,155,reel11__0,1434,N,True
3,250,reel51__9,1434,N,True
3,250,bot63__3,1434,N,True
3,328,reel13__6,1434,N,True
3,328,reel44__2,1434,N,True
3,338,bot5__0,1434,N,True
3,341,reel7__2,1434,N,True
3,33,reel7__2,1434,N,True
3,338,reel7__2,1434,N,True
3,338,reel16__6,1434,N,True
3,293,bot31__8,1434,N,True
3,338,bot31__8,1434,N,True
3,338,bot60__5,1434,N,True
3,338,bot70__7,1434,N,True
3,76,bot6__5,1434,N,True
3,76,bot37__2,1434,N,True
3,76,reel69__6,1434,N,True
3,14,bot16__7,1434,N,True
3,321,bot16__7,1434,N,True
3,14,reel66__1,1434,N,True
3,reel62__4,reel66__1,1434,N,True
3,208,reel27__7,1434,N,True
3,208,reel29__0,1434,N,True
3,208,bot59__1,1434,N,True
3,184,reel23__1,1434,N,True
3,30,reel23__1,1434,N,True
3,167,reel63__4,1434,N,True
3,9,reel63__4,1434,N,True
3,30,reel63__4,1434,N,True
3,39,bot19__9,1434,N,True
3,69,bot19__9,1434,N,True
3,bot58__4,reel19__3,1434,N,True
3,69,reel19__3,1434,N,True
3,141,reel47__5,1434,N,True
3,69,reel47__5,1434,N,True
3,299,reel42__9,1434,N,True
3,16,reel42__9,1434,N,True
3,244,reel13__9,1434,N,True
3,115,reel13__9,1434,N,True
3,167,reel13__9,1434,N,True
3,88,bot51__4,1434,N,True
3,138,bot51__4,1434,N,True
3,138,reel51__2,1434,N,True
3,138,reel59__6,1434,N,True
3,138,bot66__4,1434,N,True
3,138,bot67__4,1434,N,True
3,64,reel6__9,1434,N,True
3,252,reel6__9,1434,N,True
3,64,bot39__1,1434,N,True
3,126,bot39__1,1434,N,True
3,137,reel49__4,1434,N,True
3,198,reel49__4,1434,N,True
3,33,bot6__0,1434,N,True
3,3,bot17__9,1434,N,True
3,33,bot17__9,1434,N,True
3,175,reel13__3,1434,N,True
3,175,bot31__6,1434,N,True
3,175,bot47__4,1434,N,True
3,reel11__7,bot47__4,1434,N,True
3,175,reel64__5,1434,N,True
3,71,bot3__7,1434,N,True
3,65,bot5__1,1434,N,True
3,71,bot5__1,1434,N,True
3,41,bot5__1,1434,N,True
3,71,reel32__6,1434,N,True
3,254,bot9__3,1434,N,True
3,254,bot15__3,1434,N,True
3,272,bot15__3,1434,N,True
3,53,reel9__8,1434,N,True
3,217,reel9__8,1434,N,True
3,217,reel38__2,1434,N,True
3,318,reel38__2,1434,N,True
3,217,reel41__6,1434,N,True
3,217,reel69__7,1434,N,True
3,225,bot10__4,1434,N,True
3,225,bot35__4,1434,N,True
3,261,bot35__4,1434,N,True
3,293,bot44__4,1434,N,True
3,288,bot44__4,1434,N,True
3,205,bot44__4,1434,N,True
3,205,reel57__0,1434,N,True
3,132,reel1__9,1434,N,True
3,55,reel1__9,1434,N,True
3,100,reel1__9,1434,N,True
3,55,bot5__2,1434,N,True
3,184,bot35__0,1434,N,True
3,55,bot35__0,1434,N,True
3,55,bot41__2,1434,N,True
3,66,reel34__4,1434,N,True
3,100,bot12__2,1434,N,True
3,293,reel15__0,1434,N,True
3,100,reel15__0,1434,N,True
3,bot20__1,reel15__2,1434,N,True
3,148,reel15__2,1434,N,True
3,148,bot16__4,1434,N,True
3,148,bot35__5,1434,N,True
3,198,reel1__0,1434,N,True
3,104,reel1__0,1434,N,True
3,141,reel1__0,1434,N,True
3,198,reel11__2,1434,N,True
3,272,reel11__2,1434,N,True
3,198,reel37__8,1434,N,True
3,169,bot32__6,1434,N,True
3,226,reel16__7,1434,N,True
3,226,bot19__4,1434,N,True
3,bot11__6,bot19__4,1434,N,True
3,341,reel38__9,1434,N,True
3,226,reel38__9,1434,N,True
3,246,bot53__2,1434,N,True
3,226,bot53__2,1434,N,True
3,173,reel5__8,1434,N,True
3,189,reel5__8,1434,N,True
3,189,bot7__5,1434,N,True
3,246,bot15__8,1434,N,True
3,102,reel14__7,1434,N,True
3,reel5__7,reel14__7,1434,N,True
3,88,reel3__8,1434,N,True
3,88,reel58__7,1434,N,True
3,88,reel68__0,1434,N,True
3,227,reel28__1,1434,N,True
3,113,reel28__1,1434,N,True
3,227,reel43__6,1434,N,True
3,283,reel47__9,1434,N,True
3,227,reel47__9,1434,N,True
3,bot12__9,bot11__5,1434,N,True
3,58,bot11__5,1434,N,True
3,bot12__9,bot23__7,1434,N,True
3,97,bot23__7,1434,N,True
3,4,bot21__2,1434,N,True
3,53,bot21__2,1434,N,True
3,53,bot21__8,1434,N,True
3,53,reel31__3,1434,N,True
3,53,reel31__7,1434,N,True
3,4,reel7__3,1434,N,True
3,288,reel7__3,1434,N,True
3,288,reel16__0,1434,N,True
3,186,reel6__2,1434,N,True
3,271,reel6__2,1434,N,True
3,234,bot10__5,1434,N,True
3,271,bot10__5,1434,N,True
3,48,bot16__9,1434,N,True
3,271,bot16__9,1434,N,True
3,bot52__7,reel46__0,1434,N,True
3,271,reel46__0,1434,N,True
3,105,reel46__0,1434,N,True
3,58,reel39__8,1434,N,True
3,275,reel39__8,1434,N,True
3,272,reel39__8,1434,N,True
3,243,reel59__8,1434,N,True
3,314,reel59__8,1434,N,True
3,bot60__3,reel59__8,1434,N,True
3,109,reel49__5,1434,N,True
3,283,reel49__7,1434,N,True
3,109,reel49__7,1434,N,True
3,109,reel55__3,1434,N,True
3,106,bot7__1,1434,N,True
3,259,bot7__1,1434,N,True
3,4,bot7__1,1434,N,True
3,259,reel30__2,1434,N,True
3,234,bot44__5,1434,N,True
3,23,bot31__4,1434,N,True
3,105,reel34__7,1434,N,True
3,297,reel34__7,1434,N,True
3,9,bot3__1,1434,N,True
3,267,bot3__1,1434,N,True
3,51,bot3__1,1434,N,True
3,51,bot21__1,1434,N,True
3,184,reel57__1,1434,N,True
3,269,reel3__2,1434,N,True
3,3,reel3__2,1434,N,True
3,52,reel33__1,1434,N,True
3,314,reel33__1,1434,N,True
3,52,bot58__9,1434,N,True
3,92,bot13__2,1434,N,True
3,92,bot20__8,1434,N,True
3,92,bot69__9,1434,N,True
3,260,reel0__8,1434,N,True
3,bot50__2,reel16__5,1434,N,True
3,260,reel16__5,1434,N,True
3,260,reel38__8,1434,N,True
3,reel18__8,bot23__5,1434,N,True
3,reel18__8,reel38__3,1434,N,True
3,reel18__8,bot42__4,1434,N,True
3,36,reel49__8,1434,N,True
3,318,reel49__8,1434,N,True
3,36,reel56__5,1434,N,True
3,170,reel56__5,1434,N,True
3,232,bot18__2,1434,N,True
3,232,bot18__6,1434,N,True
3,81,reel10__8,1434,N,True
3,reel57__8,reel16__3,1434,N,True
3,81,reel16__3,1434,N,True
3,13,reel23__7,1434,N,True
3,81,reel23__7,1434,N,True
3,81,reel42__6,1434,N,True
3,81,bot67__2,1434,N,True
3,3,reel23__2,1434,N,True
3,3,reel59__9,1434,N,True
3,268,reel62__1,1434,N,True
3,297,reel53__4,1434,N,True
3,90,reel9__2,1434,N,True
3,bot13__5,reel9__2,1434,N,True
3,293,bot36__4,1434,N,True
3,bot13__5,bot36__4,1434,N,True
3,bot13__5,bot48__1,1434,N,True
3,239,reel59__3,1434,N,True
3,107,reel59__3,1434,N,True
3,301,reel59__3,1434,N,True
3,48,reel43__4,1434,N,True
3,48,bot68__5,1434,N,True
3,341,bot68__5,1434,N,True
3,243,bot5__8,1434,N,True
3,243,reel5__5,1434,N,True
3,reel0__2,reel5__5,1434,N,True
3,243,reel13__4,1434,N,True
3,243,reel60__2,1434,N,True
3,bot24__5,bot63__2,1434,N,True
3,273,reel17__0,1434,N,True
3,332,reel17__0,1434,N,True
3,332,reel25__4,1434,N,True
3,332,reel40__4,1434,N,True
3,167,bot49__2,1434,N,True
3,332,bot49__2,1434,N,True
3,102,reel63__7,1434,N,True
3,332,reel63__7,1434,N,True
3,91,reel0__0,1434,N,True
3,121,reel0__0,1434,N,True
3,bot56__3,reel0__0,1434,N,True
3,170,reel0__0,1434,N,True
3,321,bot17__3,1434,N,True
3,121,bot17__3,1434,N,True
3,273,reel58__4,1434,N,True
3,121,reel58__4,1434,N,True
3,113,reel58__4,1434,N,True
3,255,reel8__7,1434,N,True
3,170,reel8__7,1434,N,True
3,170,bot22__4,1434,N,True
3,170,bot51__2,1434,N,True
3,170,bot70__0,1434,N,True
3,39,bot7__2,1434,N,True
3,233,bot7__2,1434,N,True
3,233,bot10__9,1434,N,True
3,236,reel24__0,1434,N,True
3,233,reel24__0,1434,N,True
3,318,reel33__6,1434,N,True
3,233,reel33__6,1434,N,True
3,reel14__5,bot16__1,1434,N,True
3,reel14__5,reel36__6,1434,N,True
3,bot15__5,bot18__7,1434,N,True
3,bot15__5,bot36__1,1434,N,True
3,195,bot36__1,1434,N,True
3,bot15__5,bot66__2,1434,N,True
3,bot11__6,bot66__2,1434,N,True
3,345,reel9__3,1434,N,True
3,293,reel9__3,1434,N,True
3,255,reel9__3,1434,N,True
3,293,bot26__4,1434,N,True
3,293,bot42__0,1434,N,True
3,293,bot52__2,1434,N,True
3,reel4__8,bot62__0,1434,N,True
3,132,reel69__0,1434,N,True
3,reel33__2,reel1__8,1434,N,True
3,9,reel1__8,1434,N,True
3,261,reel1__8,1434,N,True
3,reel2__8,reel22__6,1434,N,True
3,261,reel22__6,1434,N,True
3,261,reel51__5,1434,N,True
3,bot20__1,bot21__9,1434,N,True
3,228,bot12__6,1434,N,True
3,155,bot12__6,1434,N,True
3,155,bot38__4,1434,N,True
3,156,bot38__4,1434,N,True
3,155,bot40__7,1434,N,True
3,336,bot20__4,1434,N,True
3,336,reel27__6,1434,N,True
3,321,bot71__5,1434,N,True
3,336,bot71__5,1434,N,True
3,44,bot9__4,1434,N,True
3,27,bot9__4,1434,N,True
3,316,bot9__4,1434,N,True
3,316,bot22__7,1434,N,True
3,111,bot22__7,1434,N,True
3,44,reel46__6,1434,N,True
3,316,reel46__6,1434,N,True
3,86,bot10__6,1434,N,True
3,115,bot10__6,1434,N,True
3,86,reel27__8,1434,N,True
3,106,bot18__5,1434,N,True
3,1,bot18__5,1434,N,True
3,318,bot18__5,1434,N,True
3,25,reel26__7,1434,N,True
3,106,bot7__6,1434,N,True
3,106,reel36__5,1434,N,True
3,106,reel67__9,1434,N,True
3,157,reel2__4,1434,N,True
3,245,reel2__4,1434,N,True
3,129,reel2__4,1434,N,True
3,195,reel37__6,1434,N,True
3,102,reel37__6,1434,N,True
3,58,reel37__6,1434,N,True
3,58,reel64__4,1434,N,True
3,73,reel64__4,1434,N,True
3,91,bot45__6,1434,N,True
3,221,bot15__6,1434,N,True
3,321,bot15__6,1434,N,True
3,321,reel22__2,1434,N,True
3,301,reel22__2,1434,N,True
3,195,reel2__3,1434,N,True
3,1,reel2__3,1434,N,True
3,1,bot6__1,1434,N,True
3,1,reel11__1,1434,N,True
3,44,bot19__6,1434,N,True
3,1,bot19__6,1434,N,True
3,reel57__8,reel67__6,1434,N,True
3,1,reel67__6,1434,N,True
3,bot7__0,bot31__3,1434,N,True
3,156,bot31__3,1434,N,True
3,113,bot28__8,1434,N,True
3,300,bot33__1,1434,N,True
3,113,bot33__1,1434,N,True
3,reel0__2,reel21__2,1434,N,True
3,142,reel21__2,1434,N,True
3,237,reel2__5,1434,N,True
3,143,reel2__5,1434,N,True
3,13,reel2__5,1434,N,True
3,13,bot8__4,1434,N,True
3,13,bot17__6,1434,N,True
3,221,bot49__4,1434,N,True
3,301,bot28__0,1434,N,True
3,107,bot26__3,1434,N,True
3,107,bot60__1,1434,N,True
3,249,bot34__3,1434,N,True
3,reel11__9,reel54__2,1434,N,True
3,249,reel54__2,1434,N,True
3,267,bot27__3,1434,N,True
3,310,reel30__5,1434,N,True
3,reel11__7,reel30__5,1434,N,True
3,267,reel30__5,1434,N,True
3,267,bot42__7,1434,N,True
3,253,reel58__1,1434,N,True
3,267,reel58__1,1434,N,True
3,230,bot36__5,1434,N,True
3,230,reel46__1,1434,N,True
3,141,reel67__4,1434,N,True
3,230,reel67__4,1434,N,True
3,102,reel30__1,1434,N,True
3,195,reel30__1,1434,N,True
3,102,bot40__2,1434,N,True
3,333,reel5__4,1434,N,True
3,112,bot7__4,1434,N,True
3,333,bot7__4,1434,N,True
3,333,bot13__6,1434,N,True
3,333,bot18__8,1434,N,True
3,123,bot18__8,1434,N,True
3,333,bot69__0,1434,N,True
3,252,bot69__0,1434,N,True
3,reel20__8,bot25__6,1434,N,True
3,reel11__7,bot25__6,1434,N,True
3,reel11__7,reel60__5,1434,N,True
3,reel11__7,reel64__7,1434,N,True
3,reel11__7,bot65__3,1434,N,True
3,reel11__7,bot71__6,1434,N,True
3,154,bot44__0,1434,N,True
3,126,reel29__2,1434,N,True
3,340,reel49__1,1434,N,True
3,97,reel49__1,1434,N,True
3,97,reel50__0,1434,N,True
3,223,bot62__9,1434,N,True
3,112,bot10__8,1434,N,True
3,340,bot10__8,1434,N,True
3,157,reel67__3,1434,N,True
3,167,reel58__6,1434,N,True
3,167,reel63__2,1434,N,True
3,reel2__8,reel39__3,1434,N,True
3,reel2__8,bot52__0,1434,N,True
3,16,reel69__1,1434,N,True
3,16,reel69__3,1434,N,True
3,123,reel69__3,1434,N,True
3,9,bot24__8,1434,N,True
3,9,bot43__5,1434,N,True
3,129,bot43__5,1434,N,True
3,9,reel65__1,1434,N,True
3,214,reel43__9,1434,N,True
3,214,reel54__8,1434,N,True
3,214,bot57__1,1434,N,True
3,141,reel39__4,1434,N,True
3,4,reel55__5,1434,N,True
3,216,bot7__3,1434,N,True
3,216,bot30__9,1434,N,True
3,156,bot30__9,1434,N,True
3,216,reel32__2,1434,N,True
3,216,bot37__8,1434,N,True
3,216,reel38__0,1434,N,True
3,195,bot68__0,1434,N,True
3,195,bot71__8,1434,N,True
3,reel2__1,reel63__1,1434,N,True
3,reel19__5,reel46__2,1434,N,True
3,reel19__5,reel56__4,1434,N,True
3,reel64__6,reel31__5,1434,N,True
3,237,bot71__2,1434,N,True
3,300,bot46__0,1434,N,True
3,27,bot46__0,1434,N,True
3,300,reel56__7,1434,N,True
3,300,reel70__9,1434,N,True
3,275,bot2__1,1434,N,True
3,156,bot2__1,1434,N,True
3,276,bot42__8,1434,N,True
3,276,reel53__8,1434,N,True
3,340,bot31__0,1434,N,True
3,340,reel44__4,1434,N,True
3,90,bot21__4,1434,N,True
3,90,reel48__5,1434,N,True
3,143,bot38__5,1434,N,True
3,143,reel41__3,1434,N,True
3,reel20__8,reel41__3,1434,N,True
3,143,reel52__5,1434,N,True
3,303,reel52__5,1434,N,True
3,75,bot19__8,1434,N,True
3,75,reel55__9,1434,N,True
3,275,reel70__2,1434,N,True
3,75,reel70__2,1434,N,True
3,39,reel62__2,1434,N,True
3,27,reel6__4,1434,N,True
3,115,reel6__4,1434,N,True
3,32,reel67__0,1434,N,True
3,reel11__9,reel28__3,1434,N,True
3,reel11__9,reel55__4,1434,N,True
3,111,reel4__4,1434,N,True
3,111,bot26__8,1434,N,True
3,111,bot68__1,1434,N,True
3,161,bot37__6,1434,N,True
3,173,bot6__8,1434,N,True
3,173,reel21__9,1434,N,True
3,173,bot33__3,1434,N,True
3,173,bot46__2,1434,N,True
3,173,reel64__3,1434,N,True
3,253,bot65__4,1434,N,True
3,252,bot64__3,1434,N,True
3,98,bot62__4,1434,N,True
3,115,reel32__4,1434,N,True
3,115,reel36__1,1434,N,True
3,273,reel14__4,1434,N,True
3,165,reel14__4,1434,N,True
3,341,bot58__6,1434,N,True
3,273,bot23__8,1434,N,True
3,273,reel33__8,1434,N,True
3,273,reel68__1,1434,N,True
3,reel20__8,bot23__9,1434,N,True
3,reel20__8,bot47__8,1434,N,True
3,reel66__7,reel53__7,1434,N,True
3,178,reel45__0,1434,N,True
3,235,reel36__7,1434,N,True
3,235,bot40__8,1434,N,True
3,235,reel45__3,1434,N,True
3,235,bot62__1,1434,N,True
3,255,reel22__0,1434,N,True
3,255,bot26__1,1434,N,True
3,255,reel48__4,1434,N,True
3,255,reel56__3,1434,N,True
3,310,bot37__1,1434,N,True
3,310,reel57__6,1434,N,True
3,24,bot14__7,1434,N,True
3,24,reel24__5,1434,N,True
3,129,reel24__9,1434,N,True
3,65,bot12__1,1434,N,True
3,65,reel35__1,1434,N,True
3,283,bot4__5,1434,N,True
3,283,bot6__4,1434,N,True
3,283,reel19__9,1434,N,True
3,228,bot40__3,1434,N,True
3,44,reel57__3,1434,N,True
3,123,bot15__2,1434,N,True
3,123,reel32__1,1434,N,True
3,123,reel34__6,1434,N,True
3,123,reel48__1,1434,N,True
3,19,bot29__3,1434,N,True
3,19,reel70__4,1434,N,True
3,reel13__5,reel17__1,1434,N,True
3,reel13__5,reel68__5,1434,N,True
3,303,reel36__2,1434,N,True
3,reel9__0,reel10__4,1435,N,True
3,307,reel10__4,1435,N,True
3,191,reel10__4,1435,N,True
3,reel9__0,bot71__9,1435,N,True
3,180,reel8__8,1435,N,True
3,19,reel8__8,1435,N,True
3,180,reel25__5,1435,N,True
3,180,bot32__0,1435,N,True
3,bot48__0,bot32__0,1435,N,True
3,337,bot32__0,1435,N,True
3,180,reel32__6,1435,N,True
3,71,reel32__6,1435,N,True
3,329,bot4__0,1435,N,True
3,329,reel11__5,1435,N,True
3,248,reel11__5,1435,N,True
3,329,reel20__1,1435,N,True
3,329,reel28__0,1435,N,True
3,217,reel28__0,1435,N,True
3,329,bot69__7,1435,N,True
3,6,bot69__7,1435,N,True
3,195,reel2__3,1435,N,True
3,1,reel2__3,1435,N,True
3,242,reel2__3,1435,N,True
3,88,reel3__8,1435,N,True
3,242,reel3__8,1435,N,True
3,203,reel4__6,1435,N,True
3,295,reel4__6,1435,N,True
3,242,reel4__6,1435,N,True
3,277,reel9__2,1435,N,True
3,242,reel9__2,1435,N,True
3,4,reel38__4,1435,N,True
3,249,reel38__4,1435,N,True
3,242,reel38__4,1435,N,True
3,reel38__1,reel43__0,1435,N,True
3,242,reel43__0,1435,N,True
3,242,bot45__3,1435,N,True
3,145,reel10__9,1435,N,True
3,245,reel10__9,1435,N,True
3,133,reel10__9,1435,N,True
3,145,bot29__1,1435,N,True
3,13,bot29__1,1435,N,True
3,264,bot15__0,1435,N,True
3,20,bot15__0,1435,N,True
3,264,bot49__1,1435,N,True
3,134,reel21__6,1435,N,True
3,134,bot49__5,1435,N,True
3,134,reel58__0,1435,N,True
3,56,reel58__0,1435,N,True
3,201,bot0__9,1435,N,True
3,270,bot0__9,1435,N,True
3,8,bot0__9,1435,N,True
3,175,reel0__7,1435,N,True
3,270,reel0__7,1435,N,True
3,270,reel8__5,1435,N,True
3,169,reel8__5,1435,N,True
3,270,reel19__1,1435,N,True
3,270,bot31__1,1435,N,True
3,270,reel37__3,1435,N,True
3,80,bot1__4,1435,N,True
3,179,bot1__4,1435,N,True
3,175,reel13__3,1435,N,True
3,80,reel13__3,1435,N,True
3,80,reel29__6,1435,N,True
3,293,reel30__0,1435,N,True
3,80,reel30__0,1435,N,True
3,80,reel30__7,1435,N,True
3,80,reel50__6,1435,N,True
3,305,reel50__6,1435,N,True
3,80,bot51__6,1435,N,True
3,49,bot51__6,1435,N,True
3,80,bot58__9,1435,N,True
3,95,bot1__0,1435,N,True
3,229,bot1__0,1435,N,True
3,95,bot1__2,1435,N,True
3,100,bot1__2,1435,N,True
3,113,bot1__2,1435,N,True
3,22,bot1__9,1435,N,True
3,95,bot1__9,1435,N,True
3,95,reel1__4,1435,N,True
3,reel7__0,reel1__4,1435,N,True
3,95,reel25__9,1435,N,True
3,92,reel25__9,1435,N,True
3,190,reel32__9,1435,N,True
3,95,reel32__9,1435,N,True
3,95,reel46__5,1435,N,True
3,13,reel46__5,1435,N,True
3,252,reel46__5,1435,N,True
3,95,reel53__2,1435,N,True
3,249,reel53__2,1435,N,True
3,95,bot61__2,1435,N,True
3,175,reel10__2,1435,N,True
3,304,reel10__2,1435,N,True
3,304,reel12__6,1435,N,True
3,304,reel24__4,1435,N,True
3,225,reel24__4,1435,N,True
3,304,bot67__5,1435,N,True
3,38,bot2__3,1435,N,True
3,326,bot2__3,1435,N,True
3,326,bot4__1,1435,N,True
3,241,bot4__1,1435,N,True
3,253,reel10__5,1435,N,True
3,326,reel10__5,1435,N,True
3,326,reel25__6,1435,N,True
3,reel61__9,reel25__6,1435,N,True
3,326,reel28__2,1435,N,True
3,333,reel28__2,1435,N,True
3,273,reel34__3,1435,N,True
3,326,reel34__3,1435,N,True
3,194,reel34__3,1435,N,True
3,326,reel45__8,1435,N,True
3,bot21__6,bot25__7,1435,N,True
3,204,bot25__7,1435,N,True
3,325,bot51__0,1435,N,True
3,204,bot51__0,1435,N,True
3,204,reel59__7,1435,N,True
3,118,reel3__3,1435,N,True
3,283,reel3__3,1435,N,True
3,177,reel3__3,1435,N,True
3,118,bot18__1,1435,N,True
3,338,bot18__1,1435,N,True
3,118,bot29__8,1435,N,True
3,117,bot29__8,1435,N,True
3,227,bot29__8,1435,N,True
3,106,reel37__9,1435,N,True
3,118,reel37__9,1435,N,True
3,109,reel37__9,1435,N,True
3,118,bot39__3,1435,N,True
3,reel3__5,bot39__3,1435,N,True
3,118,bot40__0,1435,N,True
3,118,reel41__9,1435,N,True
3,5,bot33__0,1435,N,True
3,5,reel67__2,1435,N,True
3,288,reel1__7,1435,N,True
3,49,reel1__7,1435,N,True
3,reel7__0,reel1__7,1435,N,True
3,49,bot10__1,1435,N,True
3,280,reel27__1,1435,N,True
3,49,reel27__1,1435,N,True
3,49,reel27__3,1435,N,True
3,205,reel27__5,1435,N,True
3,49,reel27__5,1435,N,True
3,316,reel2__8,1435,N,True
3,78,reel2__8,1435,N,True
3,233,reel2__8,1435,N,True
3,107,bot14__8,1435,N,True
3,244,bot14__8,1435,N,True
3,78,bot14__8,1435,N,True
3,78,bot25__3,1435,N,True
3,159,bot25__3,1435,N,True
3,78,bot28__4,1435,N,True
3,78,bot50__8,1435,N,True
3,303,reel60__3,1435,N,True
3,78,reel60__3,1435,N,True
3,78,bot64__6,1435,N,True
3,149,reel14__8,1435,N,True
3,149,bot25__9,1435,N,True
3,98,reel65__9,1435,N,True
3,306,reel65__9,1435,N,True
3,232,bot66__9,1435,N,True
3,306,bot66__9,1435,N,True
3,306,reel66__4,1435,N,True
3,160,bot1__5,1435,N,True
3,295,bot1__5,1435,N,True
3,156,bot1__5,1435,N,True
3,59,bot9__1,1435,N,True
3,295,bot9__1,1435,N,True
3,295,reel22__3,1435,N,True
3,146,reel22__3,1435,N,True
3,295,reel34__2,1435,N,True
3,295,bot35__2,1435,N,True
3,151,bot35__2,1435,N,True
3,295,reel68__4,1435,N,True
3,reel5__4,reel12__2,1435,N,True
3,reel7__0,reel12__2,1435,N,True
3,bot60__1,reel12__2,1435,N,True
3,reel7__0,bot19__5,1435,N,True
3,reel7__0,bot26__7,1435,N,True
3,reel7__0,bot61__0,1435,N,True
3,196,reel4__5,1435,N,True
3,82,reel4__5,1435,N,True
3,186,reel33__7,1435,N,True
3,82,reel33__7,1435,N,True
3,280,reel9__6,1435,N,True
3,280,reel66__5,1435,N,True
3,reel47__1,reel38__3,1435,N,True
3,reel47__1,reel14__9,1435,N,True
3,132,reel14__9,1435,N,True
3,108,reel14__9,1435,N,True
3,reel47__1,reel54__1,1435,N,True
3,reel47__1,reel54__5,1435,N,True
3,76,reel6__0,1435,N,True
3,85,reel6__0,1435,N,True
3,153,reel43__7,1435,N,True
3,153,reel49__2,1435,N,True
3,81,reel49__2,1435,N,True
3,224,bot4__6,1435,N,True
3,221,bot4__6,1435,N,True
3,229,bot4__6,1435,N,True
3,229,bot36__9,1435,N,True
3,207,bot53__5,1435,N,True
3,229,bot53__5,1435,N,True
3,203,bot3__5,1435,N,True
3,310,bot3__5,1435,N,True
3,bot18__0,bot3__5,1435,N,True
3,203,bot6__8,1435,N,True
3,203,bot13__3,1435,N,True
3,175,bot13__3,1435,N,True
3,203,reel26__4,1435,N,True
3,203,bot36__0,1435,N,True
3,296,bot36__0,1435,N,True
3,190,reel1__3,1435,N,True
3,38,reel1__3,1435,N,True
3,190,reel9__1,1435,N,True
3,190,bot14__9,1435,N,True
3,190,bot24__7,1435,N,True
3,190,reel25__0,1435,N,True
3,88,reel25__0,1435,N,True
3,190,reel33__4,1435,N,True
3,190,reel40__7,1435,N,True
3,307,bot71__3,1435,N,True
3,206,bot27__6,1435,N,True
3,206,reel42__7,1435,N,True
3,66,reel42__7,1435,N,True
3,159,reel17__7,1435,N,True
3,159,reel33__0,1435,N,True
3,168,reel7__8,1435,N,True
3,200,reel7__8,1435,N,True
3,94,reel7__8,1435,N,True
3,168,bot10__2,1435,N,True
3,168,reel53__3,1435,N,True
3,168,reel54__7,1435,N,True
3,57,reel12__7,1435,N,True
3,119,reel12__7,1435,N,True
3,55,reel12__7,1435,N,True
3,70,bot35__1,1435,N,True
3,57,bot35__1,1435,N,True
3,119,reel40__6,1435,N,True
3,100,reel40__6,1435,N,True
3,119,bot46__6,1435,N,True
3,119,reel62__6,1435,N,True
3,191,bot22__1,1435,N,True
3,301,bot22__1,1435,N,True
3,191,bot71__7,1435,N,True
3,225,bot71__7,1435,N,True
3,bot48__0,bot71__7,1435,N,True
3,bot36__2,bot9__0,1435,N,True
3,256,bot9__0,1435,N,True
3,bot36__2,bot66__5,1435,N,True
3,130,reel6__1,1435,N,True
3,177,reel6__1,1435,N,True
3,177,reel20__0,1435,N,True
3,226,reel20__0,1435,N,True
3,177,reel20__9,1435,N,True
3,337,reel20__9,1435,N,True
3,177,reel24__1,1435,N,True
3,177,bot39__6,1435,N,True
3,179,bot39__6,1435,N,True
3,177,bot48__2,1435,N,True
3,reel13__6,reel1__0,1435,N,True
3,198,reel1__0,1435,N,True
3,104,reel1__0,1435,N,True
3,141,reel1__0,1435,N,True
3,reel13__6,reel21__8,1435,N,True
3,reel13__6,reel26__9,1435,N,True
3,reel13__6,reel33__5,1435,N,True
3,reel13__6,reel49__3,1435,N,True
3,92,reel49__3,1435,N,True
3,282,reel49__6,1435,N,True
3,reel13__6,reel49__6,1435,N,True
3,158,reel49__6,1435,N,True
3,48,reel15__5,1435,N,True
3,337,reel15__5,1435,N,True
3,337,bot57__3,1435,N,True
3,205,bot59__2,1435,N,True
3,reel38__1,bot59__2,1435,N,True
3,237,bot71__2,1435,N,True
3,reel38__1,bot71__2,1435,N,True
3,28,reel6__3,1435,N,True
3,94,reel6__3,1435,N,True
3,28,reel7__4,1435,N,True
3,reel3__5,reel7__4,1435,N,True
3,28,reel7__5,1435,N,True
3,316,reel7__5,1435,N,True
3,89,reel7__5,1435,N,True
3,28,bot35__5,1435,N,True
3,108,bot1__3,1435,N,True
3,258,bot1__3,1435,N,True
3,108,bot3__3,1435,N,True
3,285,bot3__3,1435,N,True
3,64,reel16__2,1435,N,True
3,108,reel16__2,1435,N,True
3,181,bot39__0,1435,N,True
3,99,bot39__0,1435,N,True
3,99,bot43__2,1435,N,True
3,99,bot57__0,1435,N,True
3,99,bot57__5,1435,N,True
3,167,reel63__2,1435,N,True
3,reel61__9,reel63__2,1435,N,True
3,17,bot27__9,1435,N,True
3,17,reel52__7,1435,N,True
3,112,reel4__8,1435,N,True
3,116,reel4__8,1435,N,True
3,62,reel4__8,1435,N,True
3,161,reel33__2,1435,N,True
3,62,reel33__2,1435,N,True
3,62,reel52__3,1435,N,True
3,62,reel66__7,1435,N,True
3,276,reel1__2,1435,N,True
3,115,reel1__2,1435,N,True
3,72,reel1__2,1435,N,True
3,70,bot5__7,1435,N,True
3,332,bot5__7,1435,N,True
3,70,bot38__6,1435,N,True
3,70,reel40__3,1435,N,True
3,70,reel46__9,1435,N,True
3,293,reel46__9,1435,N,True
3,312,reel46__9,1435,N,True
3,70,reel54__6,1435,N,True
3,70,reel65__0,1435,N,True
3,319,bot32__4,1435,N,True
3,341,bot0__8,1435,N,True
3,161,bot0__8,1435,N,True
3,176,bot0__8,1435,N,True
3,59,reel21__0,1435,N,True
3,176,reel21__0,1435,N,True
3,176,reel35__9,1435,N,True
3,reel16__1,bot19__3,1435,N,True
3,reel16__1,reel22__7,1435,N,True
3,reel16__1,bot43__1,1435,N,True
3,reel16__1,bot65__9,1435,N,True
3,187,bot3__8,1435,N,True
3,75,bot3__8,1435,N,True
3,48,reel6__6,1435,N,True
3,187,reel6__6,1435,N,True
3,122,reel6__6,1435,N,True
3,187,bot31__5,1435,N,True
3,187,reel31__8,1435,N,True
3,298,reel31__8,1435,N,True
3,187,bot35__9,1435,N,True
3,218,reel4__9,1435,N,True
3,9,reel4__9,1435,N,True
3,69,reel4__9,1435,N,True
3,218,bot37__5,1435,N,True
3,139,bot11__8,1435,N,True
3,93,bot11__8,1435,N,True
3,93,reel11__4,1435,N,True
3,98,reel11__4,1435,N,True
3,93,reel66__9,1435,N,True
3,120,reel9__4,1435,N,True
3,167,reel9__4,1435,N,True
3,120,bot29__0,1435,N,True
3,120,bot68__8,1435,N,True
3,278,bot3__0,1435,N,True
3,223,reel20__4,1435,N,True
3,278,reel20__4,1435,N,True
3,278,bot24__9,1435,N,True
3,71,reel35__6,1435,N,True
3,278,reel35__6,1435,N,True
3,278,bot58__1,1435,N,True
3,133,bot0__1,1435,N,True
3,94,bot0__1,1435,N,True
3,237,bot0__1,1435,N,True
3,133,bot5__5,1435,N,True
3,133,reel53__9,1435,N,True
3,282,reel53__9,1435,N,True
3,133,reel65__6,1435,N,True
3,323,bot40__2,1435,N,True
3,200,bot8__6,1435,N,True
3,327,bot8__6,1435,N,True
3,200,reel42__0,1435,N,True
3,56,bot45__2,1435,N,True
3,200,bot45__2,1435,N,True
3,160,reel70__5,1435,N,True
3,235,reel36__7,1435,N,True
3,219,reel36__7,1435,N,True
3,219,bot50__2,1435,N,True
3,reel1__5,reel46__8,1435,N,True
3,20,bot14__2,1435,N,True
3,reel3__5,reel14__3,1435,N,True
3,20,reel14__3,1435,N,True
3,81,reel42__6,1435,N,True
3,20,reel42__6,1435,N,True
3,151,bot18__4,1435,N,True
3,311,bot24__3,1435,N,True
3,151,bot24__3,1435,N,True
3,175,reel28__9,1435,N,True
3,245,reel28__9,1435,N,True
3,151,reel28__9,1435,N,True
3,59,bot30__5,1435,N,True
3,151,bot30__5,1435,N,True
3,reel23__1,reel41__4,1435,N,True
3,151,reel41__4,1435,N,True
3,reel59__6,reel3__7,1435,N,True
3,169,reel3__7,1435,N,True
3,331,bot21__0,1435,N,True
3,331,bot31__7,1435,N,True
3,29,bot14__0,1435,N,True
3,64,bot41__8,1435,N,True
3,29,bot41__8,1435,N,True
3,29,bot55__7,1435,N,True
3,311,reel21__9,1435,N,True
3,311,bot34__2,1435,N,True
3,267,bot42__7,1435,N,True
3,311,bot42__7,1435,N,True
3,311,reel61__1,1435,N,True
3,311,reel62__1,1435,N,True
3,268,reel62__1,1435,N,True
3,94,bot8__7,1435,N,True
3,89,bot8__7,1435,N,True
3,213,bot0__6,1435,N,True
3,341,bot0__6,1435,N,True
3,213,bot28__2,1435,N,True
3,33,bot28__2,1435,N,True
3,213,reel39__5,1435,N,True
3,34,reel39__5,1435,N,True
3,97,reel39__5,1435,N,True
3,345,bot2__4,1435,N,True
3,130,bot2__4,1435,N,True
3,130,bot15__4,1435,N,True
3,240,bot15__4,1435,N,True
3,341,bot15__4,1435,N,True
3,bot22__2,bot15__4,1435,N,True
3,130,reel19__6,1435,N,True
3,130,reel50__8,1435,N,True
3,322,bot6__9,1435,N,True
3,256,bot6__9,1435,N,True
3,175,bot13__9,1435,N,True
3,322,bot13__9,1435,N,True
3,227,bot13__9,1435,N,True
3,322,bot40__4,1435,N,True
3,40,reel0__6,1435,N,True
3,117,reel12__3,1435,N,True
3,40,reel12__3,1435,N,True
3,reel5__4,bot10__4,1435,N,True
3,225,bot10__4,1435,N,True
3,reel5__4,reel70__6,1435,N,True
3,328,bot3__9,1435,N,True
3,327,bot3__9,1435,N,True
3,58,reel40__2,1435,N,True
3,327,reel40__2,1435,N,True
3,327,reel51__7,1435,N,True
3,63,bot1__6,1435,N,True
3,293,bot1__6,1435,N,True
3,233,bot1__6,1435,N,True
3,63,reel22__0,1435,N,True
3,63,bot64__7,1435,N,True
3,347,bot20__1,1435,N,True
3,347,reel36__0,1435,N,True
3,2,reel36__0,1435,N,True
3,2,bot29__6,1435,N,True
3,2,bot43__4,1435,N,True
3,2,bot58__3,1435,N,True
3,256,bot58__3,1435,N,True
3,reel3__5,reel57__8,1435,N,True
3,241,bot8__3,1435,N,True
3,241,bot13__7,1435,N,True
3,94,bot22__3,1435,N,True
3,241,bot22__3,1435,N,True
3,241,reel26__8,1435,N,True
3,reel4__1,reel26__8,1435,N,True
3,reel1__1,reel35__3,1435,N,True
3,241,reel35__3,1435,N,True
3,46,reel35__3,1435,N,True
3,241,reel65__2,1435,N,True
3,46,reel65__2,1435,N,True
3,169,reel3__9,1435,N,True
3,79,reel3__9,1435,N,True
3,201,reel4__0,1435,N,True
3,79,reel4__0,1435,N,True
3,123,reel4__0,1435,N,True
3,79,reel11__1,1435,N,True
3,1,reel11__1,1435,N,True
3,308,reel11__1,1435,N,True
3,79,bot71__4,1435,N,True
3,67,reel11__3,1435,N,True
3,67,reel11__7,1435,N,True
3,77,reel11__7,1435,N,True
3,67,reel13__7,1435,N,True
3,220,reel13__7,1435,N,True
3,67,bot23__6,1435,N,True
3,88,bot23__6,1435,N,True
3,67,bot30__7,1435,N,True
3,67,reel31__9,1435,N,True
3,67,reel46__3,1435,N,True
3,96,bot45__8,1435,N,True
3,248,bot45__8,1435,N,True
3,205,bot45__8,1435,N,True
3,77,reel0__2,1435,N,True
3,77,bot23__3,1435,N,True
3,reel4__1,bot23__3,1435,N,True
3,77,bot33__9,1435,N,True
3,195,reel21__7,1435,N,True
3,211,reel21__7,1435,N,True
3,249,reel21__7,1435,N,True
3,211,reel23__3,1435,N,True
3,288,reel36__4,1435,N,True
3,211,reel36__4,1435,N,True
3,283,bot13__8,1435,N,True
3,92,bot13__8,1435,N,True
3,46,bot13__8,1435,N,True
3,228,reel22__9,1435,N,True
3,46,reel22__9,1435,N,True
3,83,bot8__2,1435,N,True
3,308,bot8__2,1435,N,True
3,83,bot14__3,1435,N,True
3,34,bot14__3,1435,N,True
3,83,reel58__2,1435,N,True
3,38,bot5__2,1435,N,True
3,55,bot5__2,1435,N,True
3,38,reel48__9,1435,N,True
3,196,reel8__4,1435,N,True
3,104,reel8__4,1435,N,True
3,196,bot11__3,1435,N,True
3,332,bot11__3,1435,N,True
3,196,reel13__1,1435,N,True
3,196,reel32__0,1435,N,True
3,35,reel13__2,1435,N,True
3,117,reel13__2,1435,N,True
3,100,reel13__2,1435,N,True
3,35,reel34__5,1435,N,True
3,35,reel38__7,1435,N,True
3,35,reel59__1,1435,N,True
3,181,reel4__3,1435,N,True
3,181,reel4__7,1435,N,True
3,181,bot22__6,1435,N,True
3,186,reel61__2,1435,N,True
3,181,reel61__2,1435,N,True
3,59,bot17__2,1435,N,True
3,235,bot17__2,1435,N,True
3,261,bot17__2,1435,N,True
3,59,bot20__8,1435,N,True
3,92,bot20__8,1435,N,True
3,302,reel20__5,1435,N,True
3,310,reel20__5,1435,N,True
3,302,reel26__0,1435,N,True
3,302,bot54__4,1435,N,True
3,75,bot2__9,1435,N,True
3,256,bot2__9,1435,N,True
3,256,bot11__7,1435,N,True
3,256,reel11__6,1435,N,True
3,244,bot12__3,1435,N,True
3,256,bot12__3,1435,N,True
3,233,reel56__9,1435,N,True
3,256,reel56__9,1435,N,True
3,25,reel56__9,1435,N,True
3,256,reel63__5,1435,N,True
3,205,bot0__0,1435,N,True
3,47,bot0__0,1435,N,True
3,232,bot1__7,1435,N,True
3,47,bot1__7,1435,N,True
3,164,reel19__2,1435,N,True
3,47,reel19__2,1435,N,True
3,47,bot24__6,1435,N,True
3,47,bot25__1,1435,N,True
3,47,bot29__2,1435,N,True
3,282,bot2__6,1435,N,True
3,19,bot2__6,1435,N,True
3,282,bot9__5,1435,N,True
3,220,bot9__5,1435,N,True
3,282,reel24__8,1435,N,True
3,282,reel27__9,1435,N,True
3,243,reel27__9,1435,N,True
3,282,reel39__0,1435,N,True
3,222,reel63__8,1435,N,True
3,222,reel65__4,1435,N,True
3,bot48__0,reel8__1,1435,N,True
3,328,reel17__4,1435,N,True
3,116,reel17__4,1435,N,True
3,328,reel44__2,1435,N,True
3,reel67__3,reel44__2,1435,N,True
3,338,bot5__0,1435,N,True
3,341,reel7__2,1435,N,True
3,33,reel7__2,1435,N,True
3,reel9__5,reel7__2,1435,N,True
3,338,reel7__2,1435,N,True
3,338,bot60__5,1435,N,True
3,338,bot63__1,1435,N,True
3,338,bot70__7,1435,N,True
3,76,reel5__1,1435,N,True
3,76,bot6__5,1435,N,True
3,296,bot6__5,1435,N,True
3,76,reel62__9,1435,N,True
3,14,bot3__4,1435,N,True
3,9,bot3__4,1435,N,True
3,14,bot16__7,1435,N,True
3,208,bot2__2,1435,N,True
3,208,reel27__7,1435,N,True
3,208,reel29__0,1435,N,True
3,208,bot32__7,1435,N,True
3,208,reel65__5,1435,N,True
3,reel56__5,reel41__8,1435,N,True
3,248,reel41__8,1435,N,True
3,167,reel63__4,1435,N,True
3,9,reel63__4,1435,N,True
3,30,reel63__4,1435,N,True
3,69,bot19__9,1435,N,True
3,141,reel47__5,1435,N,True
3,69,reel47__5,1435,N,True
3,299,reel32__5,1435,N,True
3,201,reel18__4,1435,N,True
3,243,reel19__8,1435,N,True
3,201,reel19__8,1435,N,True
3,301,reel19__8,1435,N,True
3,201,bot22__7,1435,N,True
3,316,bot22__7,1435,N,True
3,111,bot22__7,1435,N,True
3,201,reel34__0,1435,N,True
3,201,bot46__7,1435,N,True
3,201,bot66__6,1435,N,True
3,64,bot0__3,1435,N,True
3,244,bot0__3,1435,N,True
3,244,reel13__9,1435,N,True
3,115,reel13__9,1435,N,True
3,167,reel13__9,1435,N,True
3,252,reel6__9,1435,N,True
3,64,reel6__9,1435,N,True
3,reel9__5,reel6__9,1435,N,True
3,reel49__8,reel6__9,1435,N,True
3,64,bot39__1,1435,N,True
3,137,reel49__4,1435,N,True
3,198,reel49__4,1435,N,True
3,33,bot6__0,1435,N,True
3,3,bot17__9,1435,N,True
3,33,bot17__9,1435,N,True
3,175,reel37__2,1435,N,True
3,227,reel37__2,1435,N,True
3,175,bot47__4,1435,N,True
3,175,reel60__7,1435,N,True
3,175,reel64__5,1435,N,True
3,71,bot3__7,1435,N,True
3,194,bot3__7,1435,N,True
3,65,bot5__1,1435,N,True
3,71,bot5__1,1435,N,True
3,41,bot5__1,1435,N,True
3,325,reel38__8,1435,N,True
3,325,bot51__8,1435,N,True
3,325,reel52__9,1435,N,True
3,325,bot53__6,1435,N,True
3,325,bot57__2,1435,N,True
3,125,reel18__6,1435,N,True
3,125,reel29__1,1435,N,True
3,225,reel31__6,1435,N,True
3,225,bot35__4,1435,N,True
3,261,bot35__4,1435,N,True
3,254,bot9__3,1435,N,True
3,254,bot15__3,1435,N,True
3,232,reel2__7,1435,N,True
3,194,reel2__7,1435,N,True
3,194,bot13__4,1435,N,True
3,315,bot34__6,1435,N,True
3,194,bot34__6,1435,N,True
3,194,reel48__4,1435,N,True
3,194,bot60__8,1435,N,True
3,194,bot70__0,1435,N,True
3,116,bot70__4,1435,N,True
3,53,reel9__8,1435,N,True
3,163,reel9__8,1435,N,True
3,217,reel9__8,1435,N,True
3,163,reel41__6,1435,N,True
3,217,reel41__6,1435,N,True
3,217,reel69__7,1435,N,True
3,243,reel19__5,1435,N,True
3,reel56__4,reel19__5,1435,N,True
3,122,reel19__5,1435,N,True
3,195,reel37__6,1435,N,True
3,reel56__4,reel37__6,1435,N,True
3,58,reel37__6,1435,N,True
3,94,bot22__8,1435,N,True
3,205,bot22__8,1435,N,True
3,205,reel57__0,1435,N,True
3,163,reel57__0,1435,N,True
3,132,reel1__9,1435,N,True
3,55,reel1__9,1435,N,True
3,100,reel1__9,1435,N,True
3,55,reel25__3,1435,N,True
3,66,reel34__4,1435,N,True
3,66,bot46__1,1435,N,True
3,162,bot16__3,1435,N,True
3,bot28__7,bot21__5,1435,N,True
3,162,bot21__5,1435,N,True
3,308,reel29__8,1435,N,True
3,308,reel56__8,1435,N,True
3,308,bot59__9,1435,N,True
3,100,bot12__2,1435,N,True
3,293,reel15__0,1435,N,True
3,258,reel15__0,1435,N,True
3,100,reel15__0,1435,N,True
3,100,bot50__0,1435,N,True
3,198,bot9__6,1435,N,True
3,reel20__8,reel26__2,1435,N,True
3,198,reel26__2,1435,N,True
3,198,reel41__7,1435,N,True
3,169,bot32__6,1435,N,True
3,164,reel16__7,1435,N,True
3,226,reel16__7,1435,N,True
3,226,bot19__4,1435,N,True
3,226,bot53__2,1435,N,True
3,226,reel54__9,1435,N,True
3,104,reel18__7,1435,N,True
3,104,reel29__7,1435,N,True
3,10,reel28__1,1435,N,True
3,227,reel28__1,1435,N,True
3,113,reel28__1,1435,N,True
3,283,reel47__9,1435,N,True
3,227,reel47__9,1435,N,True
3,288,bot7__0,1435,N,True
3,333,bot7__0,1435,N,True
3,288,reel7__9,1435,N,True
3,94,reel7__9,1435,N,True
3,288,reel34__1,1435,N,True
3,53,reel3__1,1435,N,True
3,4,bot21__2,1435,N,True
3,53,bot21__2,1435,N,True
3,53,reel31__7,1435,N,True
3,reel8__3,reel49__5,1435,N,True
3,109,reel49__5,1435,N,True
3,109,reel55__3,1435,N,True
3,343,reel55__3,1435,N,True
3,277,bot9__7,1435,N,True
3,163,bot9__7,1435,N,True
3,249,reel23__8,1435,N,True
3,163,reel23__8,1435,N,True
3,163,reel32__2,1435,N,True
3,163,reel50__7,1435,N,True
3,106,bot7__1,1435,N,True
3,259,bot7__1,1435,N,True
3,4,bot7__1,1435,N,True
3,259,reel30__2,1435,N,True
3,234,reel8__9,1435,N,True
3,305,reel8__9,1435,N,True
3,234,bot10__5,1435,N,True
3,234,bot17__1,1435,N,True
3,41,bot17__1,1435,N,True
3,234,reel29__4,1435,N,True
3,234,bot36__7,1435,N,True
3,234,bot44__5,1435,N,True
3,23,bot31__4,1435,N,True
3,240,reel29__5,1435,N,True
3,301,reel29__5,1435,N,True
3,240,reel44__4,1435,N,True
3,224,bot12__5,1435,N,True
3,343,bot12__5,1435,N,True
3,105,reel21__1,1435,N,True
3,105,reel34__7,1435,N,True
3,105,reel35__5,1435,N,True
3,105,reel38__6,1435,N,True
3,105,bot39__9,1435,N,True
3,182,bot39__9,1435,N,True
3,9,bot3__1,1435,N,True
3,267,bot3__1,1435,N,True
3,51,bot3__1,1435,N,True
3,51,bot26__0,1435,N,True
3,51,reel32__8,1435,N,True
3,269,reel3__2,1435,N,True
3,3,reel3__2,1435,N,True
3,269,reel17__5,1435,N,True
3,117,bot51__1,1435,N,True
3,117,bot52__0,1435,N,True
3,bot18__0,bot13__2,1435,N,True
3,92,bot13__2,1435,N,True
3,92,bot69__9,1435,N,True
3,277,bot6__4,1435,N,True
3,283,bot6__4,1435,N,True
3,277,reel19__0,1435,N,True
3,207,reel19__0,1435,N,True
3,bot18__0,bot27__4,1435,N,True
3,277,bot27__4,1435,N,True
3,277,reel48__0,1435,N,True
3,277,reel52__0,1435,N,True
3,277,bot60__9,1435,N,True
3,232,bot7__7,1435,N,True
3,232,bot18__2,1435,N,True
3,232,bot18__6,1435,N,True
3,bot21__6,bot18__6,1435,N,True
3,106,bot25__0,1435,N,True
3,232,bot25__0,1435,N,True
3,232,bot56__9,1435,N,True
3,171,reel17__8,1435,N,True
3,10,reel17__8,1435,N,True
3,81,reel10__8,1435,N,True
3,13,reel23__7,1435,N,True
3,81,reel23__7,1435,N,True
3,81,bot67__2,1435,N,True
3,75,reel0__4,1435,N,True
3,3,reel0__4,1435,N,True
3,3,reel23__2,1435,N,True
3,3,bot37__7,1435,N,True
3,3,reel59__9,1435,N,True
3,268,bot19__7,1435,N,True
3,182,bot37__9,1435,N,True
3,182,reel37__0,1435,N,True
3,182,reel41__1,1435,N,True
3,182,reel60__8,1435,N,True
3,243,bot5__8,1435,N,True
3,243,reel5__5,1435,N,True
3,164,reel5__5,1435,N,True
3,243,reel59__8,1435,N,True
3,reel1__1,reel59__8,1435,N,True
3,243,reel60__2,1435,N,True
3,243,reel62__8,1435,N,True
3,48,bot16__9,1435,N,True
3,48,reel43__4,1435,N,True
3,48,bot68__5,1435,N,True
3,341,bot68__5,1435,N,True
3,273,reel17__0,1435,N,True
3,332,reel17__0,1435,N,True
3,167,bot49__2,1435,N,True
3,332,bot49__2,1435,N,True
3,332,reel63__7,1435,N,True
3,91,reel0__0,1435,N,True
3,121,reel0__0,1435,N,True
3,121,bot17__3,1435,N,True
3,121,reel40__8,1435,N,True
3,273,reel58__4,1435,N,True
3,121,reel58__4,1435,N,True
3,113,reel58__4,1435,N,True
3,233,bot10__9,1435,N,True
3,236,reel24__0,1435,N,True
3,233,reel24__0,1435,N,True
3,318,reel33__6,1435,N,True
3,233,reel33__6,1435,N,True
3,293,bot4__9,1435,N,True
3,1,bot4__9,1435,N,True
3,156,bot4__9,1435,N,True
3,345,reel9__3,1435,N,True
3,293,reel9__3,1435,N,True
3,293,bot26__4,1435,N,True
3,293,bot36__4,1435,N,True
3,293,bot42__0,1435,N,True
3,293,bot52__2,1435,N,True
3,132,reel69__0,1435,N,True
3,156,bot6__2,1435,N,True
3,reel4__1,bot6__2,1435,N,True
3,9,reel1__8,1435,N,True
3,261,reel1__8,1435,N,True
3,261,reel5__9,1435,N,True
3,261,reel22__6,1435,N,True
3,261,reel48__3,1435,N,True
3,261,reel51__5,1435,N,True
3,171,bot2__5,1435,N,True
3,1,bot2__5,1435,N,True
3,171,reel23__4,1435,N,True
3,171,reel36__6,1435,N,True
3,316,bot9__4,1435,N,True
3,316,reel46__6,1435,N,True
3,86,bot10__6,1435,N,True
3,115,bot10__6,1435,N,True
3,86,bot23__2,1435,N,True
3,86,reel27__8,1435,N,True
3,reel9__5,reel27__8,1435,N,True
3,106,bot18__5,1435,N,True
3,1,bot18__5,1435,N,True
3,318,bot18__5,1435,N,True
3,318,reel54__4,1435,N,True
3,318,reel60__9,1435,N,True
3,224,reel26__7,1435,N,True
3,25,reel26__7,1435,N,True
3,245,reel2__4,1435,N,True
3,58,bot11__5,1435,N,True
3,58,reel15__6,1435,N,True
3,58,reel35__8,1435,N,True
3,9,reel35__8,1435,N,True
3,58,reel39__8,1435,N,True
3,275,reel39__8,1435,N,True
3,58,reel64__4,1435,N,True
3,73,reel64__4,1435,N,True
3,91,bot26__6,1435,N,True
3,91,bot45__6,1435,N,True
3,106,reel2__9,1435,N,True
3,106,bot7__6,1435,N,True
3,106,reel36__5,1435,N,True
3,106,reel67__9,1435,N,True
3,164,reel60__4,1435,N,True
3,142,reel60__4,1435,N,True
3,164,bot66__1,1435,N,True
3,146,reel14__0,1435,N,True
3,146,reel27__2,1435,N,True
3,146,reel63__1,1435,N,True
3,1,bot6__1,1435,N,True
3,1,bot17__5,1435,N,True
3,1,reel67__6,1435,N,True
3,113,bot24__1,1435,N,True
3,224,reel5__7,1435,N,True
3,224,bot9__9,1435,N,True
3,142,reel21__2,1435,N,True
3,34,reel21__2,1435,N,True
3,142,reel51__4,1435,N,True
3,228,bot10__7,1435,N,True
3,13,bot10__7,1435,N,True
3,13,reel15__1,1435,N,True
3,13,bot17__6,1435,N,True
3,221,bot15__6,1435,N,True
3,221,bot49__4,1435,N,True
3,301,reel22__2,1435,N,True
3,301,bot28__0,1435,N,True
3,301,bot38__9,1435,N,True
3,301,reel39__1,1435,N,True
3,107,reel59__3,1435,N,True
3,301,reel59__3,1435,N,True
3,bot21__6,reel15__8,1435,N,True
3,107,reel0__5,1435,N,True
3,98,reel0__5,1435,N,True
3,107,bot26__3,1435,N,True
3,122,reel20__2,1435,N,True
3,249,bot34__3,1435,N,True
3,249,reel35__2,1435,N,True
3,249,reel54__2,1435,N,True
3,267,reel15__3,1435,N,True
3,267,bot27__3,1435,N,True
3,310,reel30__5,1435,N,True
3,267,reel30__5,1435,N,True
3,253,reel58__1,1435,N,True
3,267,reel58__1,1435,N,True
3,186,bot0__4,1435,N,True
3,275,bot0__4,1435,N,True
3,186,reel6__2,1435,N,True
3,186,reel7__1,1435,N,True
3,186,bot64__8,1435,N,True
3,reel9__5,bot64__8,1435,N,True
3,reel23__1,reel31__4,1435,N,True
3,reel23__1,bot56__4,1435,N,True
3,112,bot7__4,1435,N,True
3,333,bot7__4,1435,N,True
3,333,bot13__6,1435,N,True
3,333,reel45__2,1435,N,True
3,94,bot20__3,1435,N,True
3,258,bot20__3,1435,N,True
3,4,bot47__5,1435,N,True
3,94,bot47__5,1435,N,True
3,97,reel49__1,1435,N,True
3,bot54__8,reel33__1,1435,N,True
3,312,reel18__5,1435,N,True
3,312,reel60__1,1435,N,True
3,112,bot10__8,1435,N,True
3,167,reel23__5,1435,N,True
3,167,reel58__6,1435,N,True
3,9,bot24__8,1435,N,True
3,9,bot43__5,1435,N,True
3,9,reel65__1,1435,N,True
3,214,reel43__9,1435,N,True
3,214,reel54__8,1435,N,True
3,141,reel28__5,1435,N,True
3,141,reel48__7,1435,N,True
3,141,reel67__4,1435,N,True
3,158,reel57__5,1435,N,True
3,4,reel55__5,1435,N,True
3,195,reel19__4,1435,N,True
3,195,bot36__1,1435,N,True
3,195,bot68__0,1435,N,True
3,195,bot71__8,1435,N,True
3,237,bot14__5,1435,N,True
3,300,reel56__7,1435,N,True
3,275,bot2__1,1435,N,True
3,156,bot2__1,1435,N,True
3,156,reel20__6,1435,N,True
3,156,bot31__3,1435,N,True
3,156,bot38__4,1435,N,True
3,156,reel42__8,1435,N,True
3,276,bot42__8,1435,N,True
3,276,reel53__8,1435,N,True
3,179,bot28__3,1435,N,True
3,179,reel44__7,1435,N,True
3,143,bot38__5,1435,N,True
3,143,reel41__3,1435,N,True
3,reel20__8,reel41__3,1435,N,True
3,143,reel52__5,1435,N,True
3,303,reel52__5,1435,N,True
3,75,reel69__4,1435,N,True
3,41,reel70__1,1435,N,True
3,75,reel70__1,1435,N,True
3,305,reel3__6,1435,N,True
3,115,reel32__4,1435,N,True
3,305,reel32__4,1435,N,True
3,305,reel39__7,1435,N,True
3,reel9__5,reel15__2,1435,N,True
3,275,bot5__3,1435,N,True
3,65,reel35__1,1435,N,True
3,315,reel35__1,1435,N,True
3,315,reel52__6,1435,N,True
3,315,bot66__4,1435,N,True
3,315,bot71__0,1435,N,True
3,247,reel5__3,1435,N,True
3,247,reel53__1,1435,N,True
3,reel15__9,bot38__8,1435,N,True
3,111,bot26__8,1435,N,True
3,111,bot68__1,1435,N,True
3,161,reel26__3,1435,N,True
3,161,bot37__6,1435,N,True
3,253,bot65__4,1435,N,True
3,reel20__8,bot47__8,1435,N,True
3,252,bot64__3,1435,N,True
3,reel1__1,bot65__3,1435,N,True
3,98,bot4__4,1435,N,True
3,341,reel8__0,1435,N,True
3,341,bot58__6,1435,N,True
3,273,bot23__8,1435,N,True
3,273,bot30__1,1435,N,True
3,273,reel33__8,1435,N,True
3,273,reel68__1,1435,N,True
3,258,bot27__8,1435,N,True
3,258,bot36__8,1435,N,True
3,22,bot27__0,1435,N,True
3,22,reel35__4,1435,N,True
3,22,reel42__4,1435,N,True
3,22,bot48__3,1435,N,True
3,56,bot0__2,1435,N,True
3,56,bot46__2,1435,N,True
3,56,reel67__1,1435,N,True
3,123,reel67__1,1435,N,True
3,235,reel10__7,1435,N,True
3,235,bot62__1,1435,N,True
3,310,bot37__1,1435,N,True
3,310,reel57__6,1435,N,True
3,65,bot12__1,1435,N,True
3,283,bot4__5,1435,N,True
3,228,bot9__2,1435,N,True
3,228,reel30__4,1435,N,True
3,296,bot13__0,1435,N,True
3,296,bot40__6,1435,N,True
3,296,reel51__2,1435,N,True
3,123,reel32__1,1435,N,True
3,123,reel34__6,1435,N,True
3,123,reel48__1,1435,N,True
3,123,reel69__3,1435,N,True
3,19,bot29__3,1435,N,True
3,298,reel45__9,1435,N,True
3,207,bot70__2,1435,N,True
3,bot15__0,reel5__9,1436,N,True
3,bot15__0,bot27__7,1436,N,True
3,bot15__0,bot37__9,1436,N,True
3,reel67__4,141,1436,N,True
3,bot10__6,86,1436,N,True
3,227,86,1436,N,True
3,bot10__6,bot19__8,1436,N,True
3,bot10__6,bot24__1,1436,N,True
3,bot10__6,bot35__7,1436,N,True
3,reel55__0,reel13__7,1436,N,True
3,bot25__9,bot1__4,1436,N,True
3,bot25__9,bot64__4,1436,N,True
3,149,reel14__8,1436,N,True
3,149,reel20__3,1436,N,True
3,149,bot23__1,1436,N,True
3,149,reel67__7,1436,N,True
3,reel17__4,reel16__2,1436,N,True
3,reel17__4,328,1436,N,True
3,bot3__9,328,1436,N,True
3,reel17__4,reel43__3,1436,N,True
3,119,27,1436,N,True
3,reel6__4,27,1436,N,True
3,reel6__4,reel5__2,1436,N,True
3,bot14__2,bot8__3,1436,N,True
3,reel6__4,bot8__3,1436,N,True
3,reel6__4,bot28__1,1436,N,True
3,reel6__4,reel28__3,1436,N,True
3,70,bot38__6,1436,N,True
3,reel6__4,bot38__6,1436,N,True
3,243,reel62__8,1436,N,True
3,reel6__4,reel62__8,1436,N,True
3,bot2__6,103,1436,N,True
3,bot2__6,282,1436,N,True
3,71,bot3__7,1436,N,True
3,bot2__6,bot3__7,1436,N,True
3,bot2__6,bot9__2,1436,N,True
3,bot2__6,bot41__5,1436,N,True
3,bot2__6,bot50__7,1436,N,True
3,bot2__6,bot52__1,1436,N,True
3,bot14__2,bot61__9,1436,N,True
3,307,40,1436,N,True
3,307,reel10__4,1436,N,True
3,307,bot71__3,1436,N,True
3,reel55__8,bot71__3,1436,N,True
3,reel8__1,reel1__4,1436,N,True
3,reel8__1,reel0__0,1436,N,True
3,reel8__1,231,1436,N,True
3,reel8__1,reel26__2,1436,N,True
3,reel8__1,bot48__0,1436,N,True
3,reel8__1,reel50__6,1436,N,True
3,305,reel50__6,1436,N,True
3,119,188,1436,N,True
3,119,339,1436,N,True
3,119,48,1436,N,True
3,119,170,1436,N,True
3,119,109,1436,N,True
3,reel55__3,109,1436,N,True
3,119,171,1436,N,True
3,119,342,1436,N,True
3,119,199,1436,N,True
3,119,285,1436,N,True
3,reel14__2,285,1436,N,True
3,119,329,1436,N,True
3,202,329,1436,N,True
3,119,252,1436,N,True
3,119,185,1436,N,True
3,119,313,1436,N,True
3,119,56,1436,N,True
3,119,113,1436,N,True
3,119,217,1436,N,True
3,100,217,1436,N,True
3,119,25,1436,N,True
3,119,122,1436,N,True
3,119,271,1436,N,True
3,318,271,1436,N,True
3,119,125,1436,N,True
3,119,208,1436,N,True
3,119,269,1436,N,True
3,100,269,1436,N,True
3,119,21,1436,N,True
3,119,324,1436,N,True
3,119,280,1436,N,True
3,119,128,1436,N,True
3,119,82,1436,N,True
3,318,82,1436,N,True
3,119,9,1436,N,True
3,bot3__4,9,1436,N,True
3,reel55__8,26,1436,N,True
3,119,26,1436,N,True
3,119,64,1436,N,True
3,100,64,1436,N,True
3,119,325,1436,N,True
3,119,248,1436,N,True
3,119,132,1436,N,True
3,119,13,1436,N,True
3,119,1,1436,N,True
3,119,189,1436,N,True
3,100,189,1436,N,True
3,119,331,1436,N,True
3,119,163,1436,N,True
3,100,163,1436,N,True
3,119,229,1436,N,True
3,119,203,1436,N,True
3,119,98,1436,N,True
3,reel0__5,98,1436,N,True
3,119,277,1436,N,True
3,119,297,1436,N,True
3,119,79,1436,N,True
3,119,105,1436,N,True
3,119,146,1436,N,True
3,119,200,1436,N,True
3,reel28__6,200,1436,N,True
3,119,reel12__7,1436,N,True
3,119,reel20__7,1436,N,True
3,119,reel24__7,1436,N,True
3,119,bot46__6,1436,N,True
3,bot16__7,321,1436,N,True
3,279,reel2__2,1436,N,True
3,279,reel16__8,1436,N,True
3,279,bot22__8,1436,N,True
3,279,bot28__3,1436,N,True
3,reel62__5,reel33__5,1436,N,True
3,279,reel33__5,1436,N,True
3,279,bot50__3,1436,N,True
3,279,bot54__0,1436,N,True
3,reel8__8,180,1436,N,True
3,reel8__8,reel6__7,1436,N,True
3,reel8__8,bot11__7,1436,N,True
3,reel8__8,reel31__1,1436,N,True
3,reel8__8,reel34__7,1436,N,True
3,reel46__9,reel65__3,1436,N,True
3,243,bot5__8,1436,N,True
3,bot4__1,bot5__8,1436,N,True
3,bot4__1,bot7__0,1436,N,True
3,reel25__6,reel16__9,1436,N,True
3,reel25__6,reel34__1,1436,N,True
3,reel25__6,bot50__9,1436,N,True
3,337,reel15__5,1436,N,True
3,337,reel20__9,1436,N,True
3,337,bot32__0,1436,N,True
3,70,bot5__7,1436,N,True
3,70,reel8__3,1436,N,True
3,70,bot35__1,1436,N,True
3,70,reel53__6,1436,N,True
3,70,reel54__6,1436,N,True
3,70,reel65__0,1436,N,True
3,reel33__4,24,1436,N,True
3,reel33__4,reel42__2,1436,N,True
3,reel47__4,reel44__5,1436,N,True
3,reel47__4,reel1__0,1436,N,True
3,reel47__4,bot50__4,1436,N,True
3,reel29__7,84,1436,N,True
3,reel29__7,bot40__9,1436,N,True
3,reel29__7,reel47__7,1436,N,True
3,reel29__7,bot68__9,1436,N,True
3,reel3__0,bot4__5,1436,N,True
3,reel3__0,bot13__3,1436,N,True
3,reel3__0,reel37__1,1436,N,True
3,bot3__4,bot0__3,1436,N,True
3,93,bot11__8,1436,N,True
3,93,reel66__9,1436,N,True
3,reel68__2,reel66__9,1436,N,True
3,bot17__1,234,1436,N,True
3,bot17__1,bot19__9,1436,N,True
3,151,reel1__5,1436,N,True
3,reel32__4,reel12__4,1436,N,True
3,100,reel12__4,1436,N,True
3,151,reel12__4,1436,N,True
3,151,bot24__3,1436,N,True
3,151,bot35__2,1436,N,True
3,151,reel41__4,1436,N,True
3,243,reel59__8,1436,N,True
3,reel60__1,reel59__8,1436,N,True
3,reel60__1,bot61__8,1436,N,True
3,147,6,1436,N,True
3,89,6,1436,N,True
3,bot3__9,327,1436,N,True
3,89,327,1436,N,True
3,147,95,1436,N,True
3,89,95,1436,N,True
3,147,219,1436,N,True
3,89,219,1436,N,True
3,89,reel7__5,1436,N,True
3,reel10__5,reel7__5,1436,N,True
3,89,bot8__7,1436,N,True
3,89,reel65__7,1436,N,True
3,reel24__2,reel20__8,1436,N,True
3,reel24__2,reel23__4,1436,N,True
3,reel24__2,reel56__6,1436,N,True
3,reel24__2,reel61__8,1436,N,True
3,bot29__3,bot24__8,1436,N,True
3,bot29__3,reel8__6,1436,N,True
3,bot29__3,bot56__0,1436,N,True
3,reel40__5,reel18__6,1436,N,True
3,reel40__5,reel35__4,1436,N,True
3,144,reel14__7,1436,N,True
3,144,reel44__0,1436,N,True
3,192,reel54__0,1436,N,True
3,144,reel54__0,1436,N,True
3,reel22__5,reel60__5,1436,N,True
3,144,reel60__5,1436,N,True
3,147,bot7__8,1436,N,True
3,147,bot11__4,1436,N,True
3,147,reel15__4,1436,N,True
3,147,reel20__2,1436,N,True
3,147,reel30__8,1436,N,True
3,reel68__2,reel66__8,1436,N,True
3,147,reel66__8,1436,N,True
3,bot68__1,bot31__0,1436,N,True
3,bot68__1,bot71__9,1436,N,True
3,reel24__6,reel35__7,1436,N,True
3,reel24__6,bot63__9,1436,N,True
3,reel24__6,bot64__5,1436,N,True
3,reel18__5,reel3__3,1436,N,True
3,reel22__5,reel3__3,1436,N,True
3,reel18__5,reel6__5,1436,N,True
3,reel18__5,bot46__7,1436,N,True
3,reel35__6,reel8__0,1436,N,True
3,reel35__6,278,1436,N,True
3,227,278,1436,N,True
3,reel35__6,reel59__7,1436,N,True
3,reel10__5,reel14__5,1436,N,True
3,reel10__5,bot15__7,1436,N,True
3,reel10__5,reel18__0,1436,N,True
3,reel14__2,bot22__5,1436,N,True
3,reel10__5,bot22__5,1436,N,True
3,reel10__5,bot45__7,1436,N,True
3,reel10__5,reel56__3,1436,N,True
3,reel10__5,reel68__9,1436,N,True
3,reel10__5,bot69__1,1436,N,True
3,reel49__4,reel30__6,1436,N,True
3,reel49__4,reel63__9,1436,N,True
3,reel14__2,reel26__5,1436,N,True
3,reel14__2,bot38__3,1436,N,True
3,reel51__1,reel1__7,1436,N,True
3,bot25__2,83,1436,N,True
3,202,166,1436,N,True
3,202,173,1436,N,True
3,reel0__5,173,1436,N,True
3,202,bot0__0,1436,N,True
3,202,bot0__4,1436,N,True
3,202,reel0__8,1436,N,True
3,202,reel9__9,1436,N,True
3,202,reel22__1,1436,N,True
3,202,bot25__5,1436,N,True
3,202,reel37__2,1436,N,True
3,227,reel37__2,1436,N,True
3,202,bot53__0,1436,N,True
3,202,reel57__5,1436,N,True
3,202,reel63__7,1436,N,True
3,bot12__5,224,1436,N,True
3,bot12__5,bot70__5,1436,N,True
3,reel28__6,reel64__5,1436,N,True
3,71,reel32__6,1436,N,True
3,reel0__5,107,1436,N,True
3,reel0__5,bot31__1,1436,N,True
3,reel0__5,reel31__3,1436,N,True
3,reel0__5,bot32__4,1436,N,True
3,reel0__5,bot39__4,1436,N,True
3,reel0__5,bot52__7,1436,N,True
3,reel0__5,reel56__1,1436,N,True
3,reel55__8,reel36__7,1436,N,True
3,100,bot1__2,1436,N,True
3,100,bot3__6,1436,N,True
3,100,bot12__2,1436,N,True
3,162,bot21__5,1436,N,True
3,192,49,1436,N,True
3,192,205,1436,N,True
3,192,52,1436,N,True
3,192,reel10__8,1436,N,True
3,192,bot16__8,1436,N,True
3,192,reel21__0,1436,N,True
3,192,reel24__3,1436,N,True
3,227,225,1436,N,True
3,227,177,1436,N,True
3,227,143,1436,N,True
3,227,68,1436,N,True
3,227,131,1436,N,True
3,227,102,1436,N,True
3,227,263,1436,N,True
3,227,99,1436,N,True
3,227,bot13__9,1436,N,True
3,227,bot24__5,1436,N,True
3,227,reel28__1,1436,N,True
3,227,bot29__8,1436,N,True
3,227,reel43__6,1436,N,True
3,227,reel47__9,1436,N,True
3,reel36__5,106,1436,N,True
3,reel36__5,reel39__2,1436,N,True
3,reel36__5,bot43__3,1436,N,True
3,reel36__5,reel51__9,1436,N,True
3,reel36__5,reel57__0,1436,N,True
3,reel4__4,reel0__3,1436,N,True
3,reel4__4,158,1436,N,True
3,reel4__4,bot11__0,1436,N,True
3,reel4__4,reel22__7,1436,N,True
3,reel4__4,reel53__5,1436,N,True
3,reel4__4,bot69__7,1436,N,True
3,243,reel13__4,1436,N,True
3,243,reel19__5,1436,N,True
3,243,reel19__8,1436,N,True
3,243,reel27__9,1436,N,True
3,243,reel60__2,1436,N,True
3,bot22__7,316,1436,N,True
3,bot22__7,201,1436,N,True
3,bot22__7,bot25__8,1436,N,True
3,reel4__8,62,1436,N,True
3,318,62,1436,N,True
3,reel4__8,reel10__3,1436,N,True
3,reel4__8,bot23__6,1436,N,True
3,reel4__8,reel52__0,1436,N,True
3,reel4__8,bot62__0,1436,N,True
3,reel45__8,reel14__0,1436,N,True
3,reel45__8,reel30__3,1436,N,True
3,reel23__2,reel22__3,1436,N,True
3,reel23__2,3,1436,N,True
3,reel23__2,reel27__0,1436,N,True
3,reel55__3,reel9__8,1436,N,True
3,reel55__3,bot67__8,1436,N,True
3,318,169,1436,N,True
3,318,123,1436,N,True
3,318,reel33__6,1436,N,True
3,318,reel38__2,1436,N,True
3,318,reel49__8,1436,N,True
3,318,reel54__4,1436,N,True
3,reel22__5,bot56__6,1436,N,True
3,reel32__4,bot52__8,1436,N,True
3,reel32__4,bot60__5,1436,N,True
3,reel48__8,reel41__5,1436,N,True
3,bot3__9,bot4__2,1436,N,True
3,bot3__9,bot18__2,1436,N,True
3,bot3__9,bot47__3,1436,N,True
3,97,182,1436,N,True
3,97,bot23__7,1436,N,True
3,97,reel39__5,1436,N,True
3,97,reel49__1,1436,N,True
3,97,reel50__0,1436,N,True
3,reel10__2,304,1436,N,True
3,reel10__2,reel15__3,1436,N,True
3,reel10__2,reel20__0,1436,N,True
3,reel10__2,reel29__1,1436,N,True
3,reel10__2,bot31__2,1436,N,True
3,reel34__3,273,1436,N,True
3,reel34__3,194,1436,N,True
3,112,bot7__4,1436,N,True
3,112,bot10__8,1436,N,True
3,167,reel9__4,1436,N,True
3,167,reel23__5,1436,N,True
3,167,bot49__2,1436,N,True
3,167,reel63__2,1436,N,True
3,167,reel63__4,1436,N,True
3,reel70__4,reel19__7,1436,N,True
3,reel70__4,reel23__1,1436,N,True
3,bot36__5,reel13__3,1436,N,True
3,bot36__5,bot64__1,1436,N,True
3,reel70__1,reel63__1,1436,N,True
3,reel70__1,75,1436,N,True
3,305,reel3__6,1436,N,True
3,305,reel39__7,1436,N,True
3,247,120,1436,N,True
3,247,29,1436,N,True
3,32,bot32__9,1436,N,True
3,32,reel62__7,1436,N,True
3,32,reel67__0,1436,N,True
3,reel16__6,338,1436,N,True
3,reel16__6,bot21__9,1436,N,True
3,reel16__6,bot26__3,1436,N,True
3,bot52__9,reel40__9,1436,N,True
3,bot52__9,reel23__3,1436,N,True
3,bot2__3,bot4__3,1436,N,True
3,reel1__2,72,1436,N,True
3,reel1__2,reel6__0,1436,N,True
3,bot34__1,reel6__2,1436,N,True
3,reel1__2,reel6__2,1436,N,True
3,reel1__2,bot14__3,1436,N,True
3,reel1__2,reel22__8,1436,N,True
3,reel1__2,bot23__5,1436,N,True
3,reel1__2,bot37__3,1436,N,True
3,bot26__8,reel21__5,1436,N,True
3,310,reel20__5,1436,N,True
3,310,reel30__5,1436,N,True
3,310,bot37__1,1436,N,True
3,reel36__1,reel9__5,1436,N,True
3,reel36__1,reel54__3,1436,N,True
3,reel36__1,reel67__3,1436,N,True
3,44,bot9__4,1436,N,True
3,44,reel9__1,1436,N,True
3,44,bot19__6,1436,N,True
3,44,reel35__5,1436,N,True
3,44,reel46__6,1436,N,True
3,44,reel57__3,1436,N,True
3,44,bot60__2,1436,N,True
3,reel62__5,reel13__1,1436,N,True
3,180,reel0__9,1437,N,True
3,206,reel0__9,1437,N,True
3,106,reel0__9,1437,N,True
3,bot48__5,reel0__9,1437,N,True
3,180,reel8__8,1437,N,True
3,19,reel8__8,1437,N,True
3,180,bot32__0,1437,N,True
3,337,bot32__0,1437,N,True
3,reel3__9,reel29__1,1437,N,True
3,125,reel29__1,1437,N,True
3,reel3__9,reel44__0,1437,N,True
3,144,reel44__0,1437,N,True
3,reel3__9,bot51__5,1437,N,True
3,reel3__1,bot54__4,1437,N,True
3,302,bot54__4,1437,N,True
3,reel9__9,bot20__2,1437,N,True
3,bot37__4,bot20__2,1437,N,True
3,reel11__5,reel13__4,1437,N,True
3,bot24__1,reel13__4,1437,N,True
3,136,reel13__4,1437,N,True
3,bot49__2,bot14__4,1437,N,True
3,bot29__8,bot56__0,1437,N,True
3,bot49__2,bot56__0,1437,N,True
3,225,reel31__6,1437,N,True
3,bot37__6,reel31__6,1437,N,True
3,bot37__6,bot48__4,1437,N,True
3,196,reel4__5,1437,N,True
3,82,reel4__5,1437,N,True
3,42,reel4__5,1437,N,True
3,184,bot4__7,1437,N,True
3,131,bot4__7,1437,N,True
3,131,reel23__5,1437,N,True
3,131,bot25__3,1437,N,True
3,reel11__9,reel39__6,1437,N,True
3,reel34__2,reel39__6,1437,N,True
3,131,reel39__6,1437,N,True
3,103,bot2__6,1437,N,True
3,19,bot2__6,1437,N,True
3,reel42__7,reel18__2,1437,N,True
3,83,reel18__2,1437,N,True
3,103,reel18__2,1437,N,True
3,reel69__9,reel18__2,1437,N,True
3,103,bot43__0,1437,N,True
3,103,bot47__6,1437,N,True
3,reel51__6,bot55__6,1437,N,True
3,reel16__1,reel6__7,1437,N,True
3,206,reel6__7,1437,N,True
3,reel16__1,bot43__1,1437,N,True
3,bot11__3,bot12__6,1437,N,True
3,228,bot12__6,1437,N,True
3,155,bot12__6,1437,N,True
3,101,bot6__2,1437,N,True
3,101,reel26__4,1437,N,True
3,165,reel26__4,1437,N,True
3,173,reel21__9,1437,N,True
3,311,reel21__9,1437,N,True
3,42,reel21__9,1437,N,True
3,311,reel62__1,1437,N,True
3,268,reel62__1,1437,N,True
3,130,reel2__6,1437,N,True
3,195,reel2__6,1437,N,True
3,136,reel2__6,1437,N,True
3,50,reel6__1,1437,N,True
3,130,reel6__1,1437,N,True
3,130,reel19__6,1437,N,True
3,130,reel50__8,1437,N,True
3,130,bot52__3,1437,N,True
3,333,reel5__4,1437,N,True
3,320,reel5__4,1437,N,True
3,320,bot21__6,1437,N,True
3,bot16__0,bot21__8,1437,N,True
3,320,bot21__8,1437,N,True
3,320,reel45__4,1437,N,True
3,300,bot46__0,1437,N,True
3,27,bot46__0,1437,N,True
3,320,bot46__0,1437,N,True
3,reel52__3,bot66__8,1437,N,True
3,320,bot66__8,1437,N,True
3,320,reel66__0,1437,N,True
3,63,reel19__9,1437,N,True
3,283,reel19__9,1437,N,True
3,63,reel22__0,1437,N,True
3,255,reel22__0,1437,N,True
3,63,bot64__7,1437,N,True
3,2,bot29__6,1437,N,True
3,2,reel36__0,1437,N,True
3,2,bot58__3,1437,N,True
3,256,bot58__3,1437,N,True
3,bot1__3,bot6__5,1437,N,True
3,339,bot15__5,1437,N,True
3,339,reel25__2,1437,N,True
3,339,reel29__4,1437,N,True
3,234,reel29__4,1437,N,True
3,294,reel29__4,1437,N,True
3,339,reel35__4,1437,N,True
3,bot58__4,reel35__4,1437,N,True
3,22,reel35__4,1437,N,True
3,195,reel21__7,1437,N,True
3,211,reel21__7,1437,N,True
3,249,reel21__7,1437,N,True
3,211,reel23__3,1437,N,True
3,184,reel36__4,1437,N,True
3,288,reel36__4,1437,N,True
3,211,reel36__4,1437,N,True
3,bot46__6,reel36__4,1437,N,True
3,251,reel24__3,1437,N,True
3,283,bot13__8,1437,N,True
3,92,bot13__8,1437,N,True
3,46,bot13__8,1437,N,True
3,46,reel21__5,1437,N,True
3,228,reel22__9,1437,N,True
3,46,reel22__9,1437,N,True
3,46,reel65__2,1437,N,True
3,166,bot1__7,1437,N,True
3,47,bot1__7,1437,N,True
3,196,reel8__4,1437,N,True
3,bot10__7,reel8__4,1437,N,True
3,reel40__4,reel8__4,1437,N,True
3,196,reel20__3,1437,N,True
3,196,reel32__0,1437,N,True
3,bot60__7,reel32__0,1437,N,True
3,38,reel1__3,1437,N,True
3,289,bot2__3,1437,N,True
3,38,bot2__3,1437,N,True
3,326,bot2__3,1437,N,True
3,38,bot5__2,1437,N,True
3,202,bot5__2,1437,N,True
3,bot51__2,bot5__2,1437,N,True
3,38,reel48__9,1437,N,True
3,reel52__6,reel48__9,1437,N,True
3,reel21__6,reel26__0,1437,N,True
3,302,reel26__0,1437,N,True
3,bot0__5,bot32__2,1437,N,True
3,reel21__6,bot32__2,1437,N,True
3,reel21__1,bot32__2,1437,N,True
3,reel21__6,bot50__4,1437,N,True
3,reel20__7,reel43__6,1437,N,True
3,227,reel43__6,1437,N,True
3,reel20__7,bot48__0,1437,N,True
3,reel20__7,reel64__8,1437,N,True
3,208,bot2__2,1437,N,True
3,208,bot32__7,1437,N,True
3,208,bot59__1,1437,N,True
3,bot40__3,reel23__8,1437,N,True
3,249,reel23__8,1437,N,True
3,163,reel23__8,1437,N,True
3,299,reel32__5,1437,N,True
3,299,reel42__9,1437,N,True
3,16,reel42__9,1437,N,True
3,reel4__9,bot38__5,1437,N,True
3,330,reel13__8,1437,N,True
3,reel3__2,reel13__8,1437,N,True
3,152,reel13__8,1437,N,True
3,120,reel16__4,1437,N,True
3,330,reel16__4,1437,N,True
3,99,reel16__4,1437,N,True
3,330,reel53__2,1437,N,True
3,95,reel53__2,1437,N,True
3,249,reel53__2,1437,N,True
3,330,reel58__6,1437,N,True
3,201,bot0__9,1437,N,True
3,270,bot0__9,1437,N,True
3,bot1__1,bot0__9,1437,N,True
3,8,bot0__9,1437,N,True
3,201,reel7__0,1437,N,True
3,201,reel18__4,1437,N,True
3,201,reel19__8,1437,N,True
3,201,reel34__0,1437,N,True
3,reel41__8,reel34__0,1437,N,True
3,reel18__5,bot46__7,1437,N,True
3,201,bot46__7,1437,N,True
3,205,bot0__0,1437,N,True
3,202,bot0__0,1437,N,True
3,47,bot0__0,1437,N,True
3,bot53__1,reel22__1,1437,N,True
3,202,reel22__1,1437,N,True
3,bot20__5,bot25__5,1437,N,True
3,346,bot25__5,1437,N,True
3,202,bot25__5,1437,N,True
3,bot60__9,bot25__5,1437,N,True
3,202,reel37__2,1437,N,True
3,227,reel37__2,1437,N,True
3,202,bot53__0,1437,N,True
3,202,reel57__5,1437,N,True
3,202,bot58__0,1437,N,True
3,337,reel15__5,1437,N,True
3,138,reel15__5,1437,N,True
3,88,bot51__4,1437,N,True
3,138,bot51__4,1437,N,True
3,reel21__1,reel51__2,1437,N,True
3,138,reel51__2,1437,N,True
3,198,bot9__6,1437,N,True
3,198,reel11__2,1437,N,True
3,198,reel37__8,1437,N,True
3,137,reel49__4,1437,N,True
3,198,reel49__4,1437,N,True
3,162,bot16__3,1437,N,True
3,162,bot21__5,1437,N,True
3,bot46__9,reel41__0,1437,N,True
3,bot46__9,bot70__1,1437,N,True
3,reel18__7,reel28__8,1437,N,True
3,95,reel1__4,1437,N,True
3,250,reel1__4,1437,N,True
3,189,reel1__4,1437,N,True
3,247,reel5__3,1437,N,True
3,189,reel5__3,1437,N,True
3,24,reel5__3,1437,N,True
3,189,bot7__5,1437,N,True
3,246,reel11__3,1437,N,True
3,reel56__8,reel11__3,1437,N,True
3,246,bot15__8,1437,N,True
3,bot52__6,bot15__8,1437,N,True
3,246,bot53__2,1437,N,True
3,246,bot62__5,1437,N,True
3,227,bot13__9,1437,N,True
3,227,bot24__5,1437,N,True
3,288,reel7__9,1437,N,True
3,24,reel7__9,1437,N,True
3,288,reel34__1,1437,N,True
3,288,bot44__4,1437,N,True
3,205,bot44__4,1437,N,True
3,331,bot17__7,1437,N,True
3,240,bot17__7,1437,N,True
3,240,reel44__4,1437,N,True
3,340,reel44__4,1437,N,True
3,reel3__7,reel45__7,1437,N,True
3,reel35__9,reel45__7,1437,N,True
3,reel3__7,bot68__7,1437,N,True
3,184,reel57__1,1437,N,True
3,reel30__1,reel57__1,1437,N,True
3,171,reel17__8,1437,N,True
3,10,reel17__8,1437,N,True
3,reel23__9,reel10__8,1437,N,True
3,183,reel10__8,1437,N,True
3,81,reel10__8,1437,N,True
3,20,reel42__6,1437,N,True
3,reel41__8,reel42__6,1437,N,True
3,81,reel42__6,1437,N,True
3,81,reel49__2,1437,N,True
3,81,reel61__6,1437,N,True
3,reel11__1,bot67__2,1437,N,True
3,81,bot67__2,1437,N,True
3,268,bot19__7,1437,N,True
3,bot52__6,reel26__5,1437,N,True
3,bot52__6,bot59__3,1437,N,True
3,132,reel1__9,1437,N,True
3,reel65__1,reel1__9,1437,N,True
3,bot26__4,bot44__6,1437,N,True
3,bot26__4,bot70__6,1437,N,True
3,171,bot2__5,1437,N,True
3,250,bot2__5,1437,N,True
3,171,reel23__4,1437,N,True
3,31,reel23__4,1437,N,True
3,171,reel36__6,1437,N,True
3,bot5__4,bot6__3,1437,N,True
3,bot5__4,bot24__7,1437,N,True
3,bot21__3,bot24__7,1437,N,True
3,bot5__4,bot64__9,1437,N,True
3,reel30__3,bot64__9,1437,N,True
3,86,bot23__2,1437,N,True
3,bot17__8,bot23__2,1437,N,True
3,290,bot23__2,1437,N,True
3,221,bot15__6,1437,N,True
3,221,bot49__4,1437,N,True
3,reel24__7,reel27__4,1437,N,True
3,reel24__7,reel63__6,1437,N,True
3,281,bot36__2,1437,N,True
3,107,bot60__1,1437,N,True
3,281,bot60__1,1437,N,True
3,reel9__2,reel38__7,1437,N,True
3,bot46__4,reel38__7,1437,N,True
3,bot46__4,bot62__7,1437,N,True
3,reel4__3,bot7__9,1437,N,True
3,reel3__2,bot7__9,1437,N,True
3,reel4__3,bot18__3,1437,N,True
3,bot1__2,bot18__3,1437,N,True
3,reel4__3,reel46__6,1437,N,True
3,316,reel46__6,1437,N,True
3,22,bot27__0,1437,N,True
3,reel2__8,bot27__0,1437,N,True
3,195,reel5__2,1437,N,True
3,reel41__2,reel5__2,1437,N,True
3,270,reel5__2,1437,N,True
3,303,reel5__2,1437,N,True
3,195,bot36__1,1437,N,True
3,102,reel37__6,1437,N,True
3,195,reel37__6,1437,N,True
3,195,bot68__0,1437,N,True
3,195,bot71__8,1437,N,True
3,289,reel9__7,1437,N,True
3,340,reel9__7,1437,N,True
3,112,bot10__8,1437,N,True
3,340,bot10__8,1437,N,True
3,340,reel49__1,1437,N,True
3,97,reel49__1,1437,N,True
3,340,reel65__9,1437,N,True
3,306,reel65__9,1437,N,True
3,27,bot9__4,1437,N,True
3,316,bot9__4,1437,N,True
3,27,reel34__5,1437,N,True
3,125,reel18__6,1437,N,True
3,reel24__5,reel18__6,1437,N,True
3,reel24__5,reel6__0,1437,N,True
3,reel24__5,reel40__7,1437,N,True
3,253,reel10__5,1437,N,True
3,326,reel10__5,1437,N,True
3,253,reel58__1,1437,N,True
3,267,reel58__1,1437,N,True
3,reel41__2,reel58__3,1437,N,True
3,reel20__8,reel12__8,1437,N,True
3,reel20__8,bot23__9,1437,N,True
3,19,reel24__2,1437,N,True
3,reel20__8,reel24__2,1437,N,True
3,reel56__6,reel24__2,1437,N,True
3,reel20__8,reel41__3,1437,N,True
3,reel20__8,bot47__8,1437,N,True
3,bot61__4,bot69__4,1437,N,True
3,165,bot69__4,1437,N,True
3,22,reel42__4,1437,N,True
3,reel52__3,reel42__4,1437,N,True
3,reel19__4,reel42__4,1437,N,True
3,22,bot48__3,1437,N,True
3,270,reel0__7,1437,N,True
3,255,reel0__7,1437,N,True
3,reel52__6,reel0__7,1437,N,True
3,bot9__1,reel0__7,1437,N,True
3,reel0__0,reel5__9,1437,N,True
3,255,reel5__9,1437,N,True
3,261,reel5__9,1437,N,True
3,345,reel9__3,1437,N,True
3,255,reel9__3,1437,N,True
3,reel48__7,reel9__3,1437,N,True
3,255,bot26__1,1437,N,True
3,255,reel48__4,1437,N,True
3,255,reel56__3,1437,N,True
3,255,bot59__7,1437,N,True
3,bot0__8,bot14__7,1437,N,True
3,bot17__5,bot14__7,1437,N,True
3,60,bot14__7,1437,N,True
3,24,bot14__7,1437,N,True
3,24,reel33__4,1437,N,True
3,reel11__5,reel54__6,1437,N,True
3,24,reel54__6,1437,N,True
3,206,reel32__7,1437,N,True
3,283,reel32__7,1437,N,True
3,99,bot57__0,1437,N,True
3,207,reel37__7,1437,N,True
3,reel45__9,reel37__7,1437,N,True
3,bot8__5,bot46__3,1437,N,True
3,207,bot46__3,1437,N,True
3,bot40__5,reel16__7,1437,N,True
3,164,reel16__7,1437,N,True
3,reel23__7,reel16__7,1437,N,True
3,reel11__1,reel26__1,1437,N,True
3,reel23__7,reel26__1,1437,N,True
3,249,bot34__3,1437,N,True
3,reel23__7,bot34__3,1437,N,True
3,333,bot13__6,1437,N,True
3,reel6__2,bot13__6,1437,N,True
3,337,reel20__9,1437,N,True
3,reel6__2,reel20__9,1437,N,True
3,reel6__2,bot69__5,1437,N,True
3,bot8__4,bot29__7,1437,N,True
3,326,reel25__6,1437,N,True
3,326,reel28__2,1437,N,True
3,333,reel28__2,1437,N,True
3,273,reel34__3,1437,N,True
3,326,reel34__3,1437,N,True
3,326,reel45__8,1437,N,True
3,reel30__3,reel45__8,1437,N,True
3,309,reel17__6,1437,N,True
3,309,reel55__7,1437,N,True
3,225,reel61__0,1437,N,True
3,309,reel61__0,1437,N,True
3,reel31__4,reel33__6,1437,N,True
3,152,bot60__2,1437,N,True
3,256,reel63__5,1437,N,True
3,152,reel63__5,1437,N,True
3,reel34__8,reel27__6,1437,N,True
3,reel0__4,reel27__6,1437,N,True
3,reel34__8,bot59__5,1437,N,True
3,reel52__9,bot59__5,1437,N,True
3,269,bot48__7,1437,N,True
3,306,bot48__7,1437,N,True
3,reel3__2,reel66__4,1437,N,True
3,306,reel66__4,1437,N,True
3,68,reel13__6,1437,N,True
3,reel26__9,reel13__6,1437,N,True
3,95,bot1__0,1437,N,True
3,229,bot1__0,1437,N,True
3,229,bot36__9,1437,N,True
3,191,bot22__1,1437,N,True
3,191,bot71__7,1437,N,True
3,225,bot71__7,1437,N,True
3,reel0__4,bot28__9,1437,N,True
3,reel0__4,bot41__7,1437,N,True
3,reel0__4,reel68__8,1437,N,True
3,337,bot57__3,1437,N,True
3,reel30__3,reel49__0,1437,N,True
3,reel53__4,reel49__0,1437,N,True
3,bot45__2,bot55__8,1437,N,True
3,reel6__5,reel18__3,1437,N,True
3,reel6__5,bot20__1,1437,N,True
3,reel6__5,bot30__2,1437,N,True
3,reel6__5,reel36__9,1437,N,True
3,reel33__7,reel36__9,1437,N,True
3,bot16__0,bot4__8,1437,N,True
3,bot1__5,bot4__8,1437,N,True
3,33,bot4__8,1437,N,True
3,160,reel48__6,1437,N,True
3,reel11__1,reel17__2,1437,N,True
3,84,reel17__2,1437,N,True
3,reel11__1,bot38__8,1437,N,True
3,20,reel14__3,1437,N,True
3,264,bot15__0,1437,N,True
3,20,bot15__0,1437,N,True
3,151,bot18__4,1437,N,True
3,245,reel28__9,1437,N,True
3,151,reel28__9,1437,N,True
3,59,bot30__5,1437,N,True
3,151,bot30__5,1437,N,True
3,331,bot31__7,1437,N,True
3,331,reel38__1,1437,N,True
3,197,reel38__1,1437,N,True
3,234,reel38__1,1437,N,True
3,54,reel16__9,1437,N,True
3,bot43__5,reel16__9,1437,N,True
3,reel25__4,reel16__9,1437,N,True
3,reel52__9,reel45__6,1437,N,True
3,reel16__3,reel32__3,1437,N,True
3,reel52__9,reel32__3,1437,N,True
3,reel52__9,bot53__4,1437,N,True
3,reel52__9,bot62__9,1437,N,True
3,316,reel7__5,1437,N,True
3,89,reel7__5,1437,N,True
3,273,reel65__7,1437,N,True
3,89,reel65__7,1437,N,True
3,42,bot2__1,1437,N,True
3,bot0__2,bot8__1,1437,N,True
3,42,bot8__1,1437,N,True
3,42,bot27__1,1437,N,True
3,17,reel52__7,1437,N,True
3,42,reel52__7,1437,N,True
3,reel50__7,bot53__9,1437,N,True
3,263,reel54__9,1437,N,True
3,reel50__7,reel54__9,1437,N,True
3,reel50__7,bot71__5,1437,N,True
3,222,reel63__8,1437,N,True
3,reel56__8,reel63__8,1437,N,True
3,329,bot69__7,1437,N,True
3,6,bot69__7,1437,N,True
3,102,reel14__7,1437,N,True
3,144,reel14__7,1437,N,True
3,144,reel31__2,1437,N,True
3,144,bot52__2,1437,N,True
3,144,reel54__0,1437,N,True
3,144,reel60__5,1437,N,True
3,reel35__9,reel68__3,1437,N,True
3,reel48__1,reel68__3,1437,N,True
3,250,reel11__0,1437,N,True
3,155,reel11__0,1437,N,True
3,50,reel31__0,1437,N,True
3,250,reel31__0,1437,N,True
3,250,reel51__9,1437,N,True
3,reel32__1,reel51__9,1437,N,True
3,reel9__6,reel56__2,1437,N,True
3,250,reel56__2,1437,N,True
3,reel45__9,reel56__2,1437,N,True
3,reel49__5,reel22__2,1437,N,True
3,reel44__8,reel22__2,1437,N,True
3,338,bot5__0,1437,N,True
3,341,reel7__2,1437,N,True
3,33,reel7__2,1437,N,True
3,338,reel7__2,1437,N,True
3,338,bot60__5,1437,N,True
3,338,bot63__1,1437,N,True
3,258,reel15__0,1437,N,True
3,reel45__9,reel15__0,1437,N,True
3,64,bot0__3,1437,N,True
3,244,bot0__3,1437,N,True
3,290,bot0__3,1437,N,True
3,bot3__4,bot0__3,1437,N,True
3,106,bot8__0,1437,N,True
3,244,bot8__0,1437,N,True
3,244,bot12__3,1437,N,True
3,256,bot12__3,1437,N,True
3,107,bot14__8,1437,N,True
3,244,bot14__8,1437,N,True
3,33,bot6__0,1437,N,True
3,33,bot28__2,1437,N,True
3,45,bot45__6,1437,N,True
3,91,bot45__6,1437,N,True
3,163,reel9__8,1437,N,True
3,reel55__3,reel9__8,1437,N,True
3,163,reel32__2,1437,N,True
3,163,reel41__6,1437,N,True
3,205,reel57__0,1437,N,True
3,163,reel57__0,1437,N,True
3,163,reel64__0,1437,N,True
3,23,bot31__4,1437,N,True
3,83,bot25__2,1437,N,True
3,343,bot25__2,1437,N,True
3,343,reel51__1,1437,N,True
3,reel12__4,reel32__4,1437,N,True
3,reel12__4,reel58__9,1437,N,True
3,bot1__2,bot12__1,1437,N,True
3,183,bot12__1,1437,N,True
3,bot1__2,bot13__5,1437,N,True
3,reel9__2,bot13__5,1437,N,True
3,bot1__2,bot16__5,1437,N,True
3,bot1__2,bot71__6,1437,N,True
3,60,reel36__8,1437,N,True
3,reel35__8,reel36__8,1437,N,True
3,reel35__8,reel42__1,1437,N,True
3,reel40__6,reel42__1,1437,N,True
3,bot49__3,bot48__8,1437,N,True
3,bot5__7,bot48__8,1437,N,True
3,bot49__3,reel43__5,1437,N,True
3,36,reel43__8,1437,N,True
3,204,reel43__8,1437,N,True
3,36,reel49__8,1437,N,True
3,reel11__5,reel15__8,1437,N,True
3,reel19__4,reel15__8,1437,N,True
3,reel19__4,reel57__4,1437,N,True
3,117,reel13__2,1437,N,True
3,reel65__6,reel13__2,1437,N,True
3,reel52__3,reel12__1,1437,N,True
3,bot20__5,reel12__1,1437,N,True
3,121,bot5__9,1437,N,True
3,121,bot17__3,1437,N,True
3,bot0__1,bot8__8,1437,N,True
3,bot0__8,bot27__3,1437,N,True
3,bot18__8,bot27__3,1437,N,True
3,267,bot27__3,1437,N,True
3,reel9__4,reel15__3,1437,N,True
3,reel35__9,reel15__3,1437,N,True
3,267,reel15__3,1437,N,True
3,reel9__4,reel66__5,1437,N,True
3,bot29__1,bot15__7,1437,N,True
3,230,reel10__2,1437,N,True
3,bot64__1,bot36__5,1437,N,True
3,230,bot36__5,1437,N,True
3,230,reel46__1,1437,N,True
3,bot0__2,bot18__9,1437,N,True
3,54,bot18__9,1437,N,True
3,bot0__2,bot58__6,1437,N,True
3,341,bot58__6,1437,N,True
3,102,bot12__7,1437,N,True
3,102,reel28__0,1437,N,True
3,329,reel28__0,1437,N,True
3,reel1__8,reel48__5,1437,N,True
3,127,reel48__5,1437,N,True
3,127,reel62__9,1437,N,True
3,reel11__5,bot20__0,1437,N,True
3,reel16__3,bot20__0,1437,N,True
3,reel16__3,reel57__8,1437,N,True
3,97,reel39__5,1437,N,True
3,reel42__8,reel46__2,1437,N,True
3,274,reel46__2,1437,N,True
3,120,reel6__8,1437,N,True
3,reel3__2,reel6__8,1437,N,True
3,31,reel15__6,1437,N,True
3,reel3__2,reel15__6,1437,N,True
3,4,bot7__1,1437,N,True
3,106,bot7__1,1437,N,True
3,259,bot7__1,1437,N,True
3,4,bot21__2,1437,N,True
3,4,bot29__4,1437,N,True
3,264,bot29__4,1437,N,True
3,4,reel38__4,1437,N,True
3,249,reel38__4,1437,N,True
3,242,reel38__4,1437,N,True
3,4,bot47__5,1437,N,True
3,4,reel55__5,1437,N,True
3,300,reel8__2,1437,N,True
3,17,reel8__2,1437,N,True
3,300,reel56__7,1437,N,True
3,300,reel70__9,1437,N,True
3,bot1__1,bot5__3,1437,N,True
3,84,bot5__3,1437,N,True
3,345,reel9__0,1437,N,True
3,284,reel9__0,1437,N,True
3,bot2__0,bot33__9,1437,N,True
3,reel11__9,reel28__3,1437,N,True
3,reel11__9,reel54__2,1437,N,True
3,249,reel54__2,1437,N,True
3,reel11__9,reel55__4,1437,N,True
3,178,reel31__1,1437,N,True
3,178,reel44__5,1437,N,True
3,178,reel45__0,1437,N,True
3,reel66__7,reel53__7,1437,N,True
3,329,bot4__0,1437,N,True
3,reel1__8,bot4__0,1437,N,True
3,329,bot5__6,1437,N,True
3,29,bot5__6,1437,N,True
3,bot8__5,bot5__6,1437,N,True
3,270,reel19__1,1437,N,True
3,84,reel19__1,1437,N,True
3,bot46__6,bot31__1,1437,N,True
3,270,bot31__1,1437,N,True
3,193,bot55__1,1437,N,True
3,193,bot56__3,1437,N,True
3,reel0__0,bot56__3,1437,N,True
3,204,bot25__7,1437,N,True
3,bot24__8,bot13__2,1437,N,True
3,92,bot13__2,1437,N,True
3,294,bot13__2,1437,N,True
3,bot24__8,bot29__3,1437,N,True
3,19,bot29__3,1437,N,True
3,57,bot35__1,1437,N,True
3,263,bot58__8,1437,N,True
3,263,bot71__4,1437,N,True
3,289,bot25__9,1437,N,True
3,289,reel49__9,1437,N,True
3,reel8__5,bot48__2,1437,N,True
3,reel57__9,reel47__3,1437,N,True
3,14,bot16__7,1437,N,True
3,bot3__4,bot16__7,1437,N,True
3,120,bot29__0,1437,N,True
3,120,bot34__7,1437,N,True
3,41,reel3__0,1437,N,True
3,93,reel3__0,1437,N,True
3,139,bot11__8,1437,N,True
3,93,bot11__8,1437,N,True
3,294,bot7__7,1437,N,True
3,bot49__8,bot56__1,1437,N,True
3,bot49__8,bot56__7,1437,N,True
3,197,bot22__2,1437,N,True
3,197,bot32__9,1437,N,True
3,346,reel27__2,1437,N,True
3,31,bot12__0,1437,N,True
3,84,bot12__0,1437,N,True
3,84,reel29__7,1437,N,True
3,50,reel59__1,1437,N,True
3,bot60__9,bot28__4,1437,N,True
3,83,bot14__3,1437,N,True
3,83,reel48__2,1437,N,True
3,181,reel4__7,1437,N,True
3,181,bot22__6,1437,N,True
3,181,bot68__4,1437,N,True
3,284,reel8__3,1437,N,True
3,reel49__5,reel8__3,1437,N,True
3,284,bot13__1,1437,N,True
3,284,reel17__3,1437,N,True
3,284,bot18__0,1437,N,True
3,284,reel61__9,1437,N,True
3,164,reel19__2,1437,N,True
3,47,reel19__2,1437,N,True
3,157,bot24__6,1437,N,True
3,bot64__8,bot24__6,1437,N,True
3,47,bot24__6,1437,N,True
3,47,bot25__1,1437,N,True
3,222,reel65__4,1437,N,True
3,bot17__5,bot41__3,1437,N,True
3,183,bot41__3,1437,N,True
3,64,bot41__8,1437,N,True
3,29,bot41__8,1437,N,True
3,225,reel24__4,1437,N,True
3,225,bot35__4,1437,N,True
3,261,bot35__4,1437,N,True
3,116,bot70__4,1437,N,True
3,183,reel26__8,1437,N,True
3,183,reel33__0,1437,N,True
3,164,reel5__5,1437,N,True
3,bot17__6,reel5__5,1437,N,True
3,bot8__9,bot30__3,1437,N,True
3,88,reel58__7,1437,N,True
3,88,reel68__0,1437,N,True
3,54,reel20__6,1437,N,True
3,bot8__2,bot9__0,1437,N,True
3,256,bot9__0,1437,N,True
3,bot8__2,bot58__7,1437,N,True
3,187,bot3__8,1437,N,True
3,reel1__8,bot3__8,1437,N,True
3,75,bot3__8,1437,N,True
3,157,bot10__1,1437,N,True
3,reel1__8,bot10__1,1437,N,True
3,reel21__0,reel31__9,1437,N,True
3,bot11__1,bot41__9,1437,N,True
3,59,bot20__8,1437,N,True
3,reel19__0,bot20__8,1437,N,True
3,92,bot20__8,1437,N,True
3,95,reel25__9,1437,N,True
3,92,reel25__9,1437,N,True
3,92,reel49__3,1437,N,True
3,92,bot69__9,1437,N,True
3,132,reel14__9,1437,N,True
3,132,reel69__0,1437,N,True
3,bot9__7,bot0__7,1437,N,True
3,bot9__7,bot42__4,1437,N,True
3,bot9__7,bot42__6,1437,N,True
3,reel23__2,reel12__0,1437,N,True
3,75,reel18__0,1437,N,True
3,316,reel18__0,1437,N,True
3,reel55__3,bot67__8,1437,N,True
3,157,reel2__4,1437,N,True
3,245,reel2__4,1437,N,True
3,245,bot47__9,1437,N,True
3,29,bot47__9,1437,N,True
3,reel4__6,bot14__6,1437,N,True
3,reel4__6,reel55__6,1437,N,True
3,107,bot26__3,1437,N,True
3,107,reel59__3,1437,N,True
3,267,reel30__5,1437,N,True
3,60,reel61__4,1437,N,True
3,60,reel68__6,1437,N,True
3,60,bot70__5,1437,N,True
3,157,bot14__5,1437,N,True
3,237,bot14__5,1437,N,True
3,157,reel67__3,1437,N,True
3,16,reel69__1,1437,N,True
3,214,reel43__9,1437,N,True
3,214,reel54__8,1437,N,True
3,214,bot57__1,1437,N,True
3,237,bot71__2,1437,N,True
3,reel40__4,reel47__6,1437,N,True
3,bot17__8,bot55__0,1437,N,True
3,reel9__2,reel10__3,1437,N,True
3,reel9__9,bot14__0,1437,N,True
3,29,bot14__0,1437,N,True
3,reel9__9,reel21__3,1437,N,True
3,reel9__9,reel64__7,1437,N,True
3,75,bot54__2,1437,N,True
3,41,reel70__1,1437,N,True
3,75,reel70__1,1437,N,True
3,75,reel70__2,1437,N,True
3,41,bot5__1,1437,N,True
3,341,reel38__9,1437,N,True
3,341,bot68__5,1437,N,True
3,228,reel30__4,1437,N,True
3,19,reel70__0,1437,N,True
3,19,reel70__4,1437,N,True
3,reel33__7,reel5__1,1437,N,True
3,reel33__7,bot37__0,1437,N,True
3,reel33__7,reel38__5,1437,N,True
3,264,reel7__6,1437,N,True
3,264,bot49__1,1437,N,True
3,95,reel32__9,1437,N,True
3,95,reel51__3,1437,N,True
3,reel23__9,bot69__8,1437,N,True
3,reel38__8,bot69__1,1437,N,True
3,reel9__6,bot19__2,1437,N,True
3,reel46__9,reel65__3,1437,N,True
3,reel35__9,bot41__1,1437,N,True
3,bot2__8,bot41__1,1437,N,True
3,bot2__8,bot54__9,1437,N,True
3,17,bot27__9,1437,N,True
3,187,bot31__5,1437,N,True
3,187,bot35__9,1437,N,True
3,187,reel57__2,1437,N,True
3,187,bot67__3,1437,N,True
3,bot46__2,reel17__7,1437,N,True
3,219,bot17__4,1437,N,True
3,reel19__0,reel36__7,1437,N,True
3,235,reel36__7,1437,N,True
3,219,reel36__7,1437,N,True
3,219,bot50__2,1437,N,True
3,reel60__1,reel59__8,1437,N,True
3,reel1__1,reel59__8,1437,N,True
3,reel35__9,reel11__6,1437,N,True
3,256,reel11__6,1437,N,True
3,reel35__9,reel36__3,1437,N,True
3,29,bot11__2,1437,N,True
3,29,bot55__7,1437,N,True
3,333,reel58__5,1437,N,True
3,29,reel58__5,1437,N,True
3,reel48__7,reel51__5,1437,N,True
3,261,reel51__5,1437,N,True
3,bot64__1,bot56__2,1437,N,True
3,reel48__7,bot56__2,1437,N,True
3,reel52__1,bot56__2,1437,N,True
3,139,bot36__6,1437,N,True
3,249,bot36__6,1437,N,True
3,bot16__0,bot56__8,1437,N,True
3,bot50__0,bot57__7,1437,N,True
3,256,bot11__7,1437,N,True
3,256,bot44__3,1437,N,True
3,bot51__0,bot68__6,1437,N,True
3,234,bot44__5,1437,N,True
3,bot2__7,bot44__5,1437,N,True
3,reel49__5,bot63__8,1437,N,True
3,reel28__6,reel37__0,1437,N,True
3,reel28__6,reel64__5,1437,N,True
3,reel35__0,bot37__3,1437,N,True
3,reel35__0,reel52__2,1437,N,True
3,259,reel30__2,1437,N,True
3,234,bot10__5,1437,N,True
3,234,bot36__7,1437,N,True
3,105,reel34__7,1437,N,True
3,105,reel38__6,1437,N,True
3,105,bot39__9,1437,N,True
3,bot20__7,reel10__6,1437,N,True
3,bot20__7,bot43__6,1437,N,True
3,reel34__2,reel60__6,1437,N,True
3,bot8__5,bot16__1,1437,N,True
3,235,bot40__8,1437,N,True
3,bot8__5,bot40__8,1437,N,True
3,155,bot19__5,1437,N,True
3,106,bot7__6,1437,N,True
3,106,bot25__0,1437,N,True
3,106,reel36__5,1437,N,True
3,106,reel67__9,1437,N,True
3,164,reel60__4,1437,N,True
3,reel41__9,reel62__7,1437,N,True
3,reel0__0,bot28__5,1437,N,True
3,reel0__0,reel38__3,1437,N,True
3,reel0__0,reel47__0,1437,N,True
3,135,bot30__6,1437,N,True
3,reel11__5,reel38__0,1437,N,True
3,249,reel35__2,1437,N,True
3,reel42__8,bot59__6,1437,N,True
3,bot14__1,bot34__0,1437,N,True
3,bot14__1,bot34__5,1437,N,True
3,112,bot7__4,1437,N,True
3,333,bot7__4,1437,N,True
3,333,reel12__9,1437,N,True
3,reel19__0,bot26__7,1437,N,True
3,reel19__0,bot39__7,1437,N,True
3,bot5__7,bot16__8,1437,N,True
3,bot5__7,bot45__4,1437,N,True
3,111,reel4__4,1437,N,True
3,111,bot26__8,1437,N,True
3,111,bot68__1,1437,N,True
3,173,bot33__3,1437,N,True
3,reel1__1,bot16__2,1437,N,True
3,273,bot30__1,1437,N,True
3,273,reel68__1,1437,N,True
3,258,bot20__3,1437,N,True
3,258,bot36__8,1437,N,True
3,235,bot62__1,1437,N,True
3,bot9__1,bot46__8,1437,N,True
3,reel26__9,bot53__3,1437,N,True
3,reel3__3,reel18__4,1438,N,True
3,270,reel19__1,1438,N,True
3,reel3__3,reel19__1,1438,N,True
3,reel3__3,reel22__5,1438,N,True
3,reel3__3,bot47__6,1438,N,True
3,175,102,1438,N,True
3,0,102,1438,N,True
3,227,102,1438,N,True
3,175,263,1438,N,True
3,0,263,1438,N,True
3,227,263,1438,N,True
3,175,bot13__9,1438,N,True
3,227,bot13__9,1438,N,True
3,227,reel28__1,1438,N,True
3,227,bot29__8,1438,N,True
3,270,76,1438,N,True
3,0,76,1438,N,True
3,277,25,1438,N,True
3,270,25,1438,N,True
3,0,25,1438,N,True
3,270,bot0__9,1438,N,True
3,270,reel8__5,1438,N,True
3,bot48__2,reel8__5,1438,N,True
3,270,reel42__5,1438,N,True
3,bot47__7,bot48__8,1438,N,True
3,0,269,1438,N,True
3,bot48__7,269,1438,N,True
3,0,306,1438,N,True
3,bot48__7,306,1438,N,True
3,167,93,1438,N,True
3,0,93,1438,N,True
3,167,243,1438,N,True
3,0,243,1438,N,True
3,167,32,1438,N,True
3,0,32,1438,N,True
3,167,310,1438,N,True
3,0,310,1438,N,True
3,reel20__9,337,1438,N,True
3,167,337,1438,N,True
3,0,337,1438,N,True
3,167,reel9__4,1438,N,True
3,167,reel13__9,1438,N,True
3,167,bot49__2,1438,N,True
3,167,reel63__2,1438,N,True
3,167,reel63__4,1438,N,True
3,reel36__5,reel39__2,1438,N,True
3,reel36__5,bot43__3,1438,N,True
3,reel36__5,reel51__9,1438,N,True
3,reel36__5,reel54__8,1438,N,True
3,reel12__5,reel5__6,1438,N,True
3,reel12__5,bot21__0,1438,N,True
3,reel12__5,bot27__8,1438,N,True
3,reel12__5,bot49__6,1438,N,True
3,reel12__5,reel66__0,1438,N,True
3,reel20__0,226,1438,N,True
3,0,226,1438,N,True
3,reel18__3,226,1438,N,True
3,175,reel10__2,1438,N,True
3,reel20__0,reel10__2,1438,N,True
3,reel20__0,reel24__9,1438,N,True
3,reel20__0,bot25__6,1438,N,True
3,reel20__0,reel49__0,1438,N,True
3,reel61__7,216,1438,N,True
3,0,216,1438,N,True
3,reel61__7,reel25__7,1438,N,True
3,0,reel25__7,1438,N,True
3,reel61__7,reel65__3,1438,N,True
3,0,336,1438,N,True
3,reel18__3,336,1438,N,True
3,reel18__3,bot59__0,1438,N,True
3,bot50__9,reel25__6,1438,N,True
3,bot50__9,bot13__1,1438,N,True
3,bot50__9,bot56__5,1438,N,True
3,277,339,1438,N,True
3,reel1__5,339,1438,N,True
3,0,339,1438,N,True
3,reel18__8,339,1438,N,True
3,reel18__8,reel7__5,1438,N,True
3,reel18__8,bot23__5,1438,N,True
3,reel18__8,bot30__4,1438,N,True
3,reel18__8,bot42__4,1438,N,True
3,277,26,1438,N,True
3,0,26,1438,N,True
3,277,308,1438,N,True
3,0,308,1438,N,True
3,277,271,1438,N,True
3,0,271,1438,N,True
3,277,248,1438,N,True
3,0,248,1438,N,True
3,277,39,1438,N,True
3,0,39,1438,N,True
3,277,13,1438,N,True
3,0,13,1438,N,True
3,277,172,1438,N,True
3,0,172,1438,N,True
3,277,50,1438,N,True
3,0,50,1438,N,True
3,277,57,1438,N,True
3,108,57,1438,N,True
3,0,57,1438,N,True
3,277,186,1438,N,True
3,0,186,1438,N,True
3,277,332,1438,N,True
3,0,332,1438,N,True
3,277,21,1438,N,True
3,108,21,1438,N,True
3,0,21,1438,N,True
3,277,22,1438,N,True
3,0,22,1438,N,True
3,277,285,1438,N,True
3,0,285,1438,N,True
3,277,334,1438,N,True
3,132,334,1438,N,True
3,0,334,1438,N,True
3,277,170,1438,N,True
3,reel0__0,170,1438,N,True
3,0,170,1438,N,True
3,277,272,1438,N,True
3,bot48__2,272,1438,N,True
3,108,272,1438,N,True
3,0,272,1438,N,True
3,277,98,1438,N,True
3,0,98,1438,N,True
3,277,56,1438,N,True
3,132,56,1438,N,True
3,0,56,1438,N,True
3,277,159,1438,N,True
3,108,159,1438,N,True
3,0,159,1438,N,True
3,277,342,1438,N,True
3,0,342,1438,N,True
3,reel40__8,188,1438,N,True
3,277,188,1438,N,True
3,0,188,1438,N,True
3,277,169,1438,N,True
3,0,169,1438,N,True
3,277,291,1438,N,True
3,0,291,1438,N,True
3,277,208,1438,N,True
3,0,208,1438,N,True
3,277,294,1438,N,True
3,0,294,1438,N,True
3,277,252,1438,N,True
3,0,252,1438,N,True
3,277,40,1438,N,True
3,132,40,1438,N,True
3,0,40,1438,N,True
3,277,280,1438,N,True
3,0,280,1438,N,True
3,277,9,1438,N,True
3,0,9,1438,N,True
3,277,239,1438,N,True
3,0,239,1438,N,True
3,277,311,1438,N,True
3,132,311,1438,N,True
3,0,311,1438,N,True
3,277,119,1438,N,True
3,132,119,1438,N,True
3,0,119,1438,N,True
3,277,322,1438,N,True
3,0,322,1438,N,True
3,277,122,1438,N,True
3,0,122,1438,N,True
3,277,109,1438,N,True
3,0,109,1438,N,True
3,277,323,1438,N,True
3,0,323,1438,N,True
3,277,290,1438,N,True
3,0,290,1438,N,True
3,277,104,1438,N,True
3,0,104,1438,N,True
3,277,168,1438,N,True
3,reel7__8,168,1438,N,True
3,0,168,1438,N,True
3,277,134,1438,N,True
3,132,134,1438,N,True
3,0,134,1438,N,True
3,277,reel3__5,1438,N,True
3,0,reel3__5,1438,N,True
3,277,bot6__4,1438,N,True
3,277,bot8__5,1438,N,True
3,bot46__3,bot8__5,1438,N,True
3,277,reel9__2,1438,N,True
3,277,reel19__0,1438,N,True
3,277,bot27__4,1438,N,True
3,277,bot60__9,1438,N,True
3,reel7__8,94,1438,N,True
3,0,94,1438,N,True
3,reel7__8,reel33__8,1438,N,True
3,reel7__8,bot61__4,1438,N,True
3,131,reel2__2,1438,N,True
3,131,bot4__7,1438,N,True
3,131,bot25__3,1438,N,True
3,131,reel39__6,1438,N,True
3,255,bot65__0,1438,N,True
3,131,bot65__0,1438,N,True
3,reel21__4,reel28__4,1438,N,True
3,reel21__4,reel52__4,1438,N,True
3,reel20__9,reel21__5,1438,N,True
3,46,reel21__5,1438,N,True
3,46,reel22__9,1438,N,True
3,46,reel35__3,1438,N,True
3,bot39__6,179,1438,N,True
3,0,179,1438,N,True
3,bot39__6,bot40__0,1438,N,True
3,reel40__8,121,1438,N,True
3,reel0__0,121,1438,N,True
3,0,121,1438,N,True
3,reel40__8,bot41__7,1438,N,True
3,reel40__8,reel42__0,1438,N,True
3,reel18__6,125,1438,N,True
3,0,125,1438,N,True
3,reel18__6,bot20__9,1438,N,True
3,reel18__6,reel24__5,1438,N,True
3,reel18__6,reel36__0,1438,N,True
3,132,317,1438,N,True
3,0,317,1438,N,True
3,132,303,1438,N,True
3,0,303,1438,N,True
3,132,242,1438,N,True
3,0,242,1438,N,True
3,132,72,1438,N,True
3,0,72,1438,N,True
3,132,reel1__9,1438,N,True
3,86,bot10__6,1438,N,True
3,86,bot23__2,1438,N,True
3,86,reel27__8,1438,N,True
3,108,197,1438,N,True
3,0,197,1438,N,True
3,108,284,1438,N,True
3,0,284,1438,N,True
3,108,251,1438,N,True
3,0,251,1438,N,True
3,reel1__5,36,1438,N,True
3,108,36,1438,N,True
3,0,36,1438,N,True
3,108,127,1438,N,True
3,0,127,1438,N,True
3,108,320,1438,N,True
3,0,320,1438,N,True
3,108,184,1438,N,True
3,0,184,1438,N,True
3,108,bot1__3,1438,N,True
3,108,reel16__2,1438,N,True
3,reel33__5,reel13__6,1438,N,True
3,reel30__9,reel13__6,1438,N,True
3,reel30__9,bot54__8,1438,N,True
3,reel30__9,reel59__6,1438,N,True
3,175,321,1438,N,True
3,0,321,1438,N,True
3,175,bot13__3,1438,N,True
3,175,reel13__3,1438,N,True
3,175,reel28__9,1438,N,True
3,175,bot47__4,1438,N,True
3,175,reel64__5,1438,N,True
3,255,reel9__3,1438,N,True
3,255,reel22__0,1438,N,True
3,255,reel44__6,1438,N,True
3,255,reel48__4,1438,N,True
3,255,bot59__7,1438,N,True
3,bot9__1,295,1438,N,True
3,0,295,1438,N,True
3,bot9__1,59,1438,N,True
3,0,59,1438,N,True
3,bot9__1,bot46__8,1438,N,True
3,0,24,1438,N,True
3,0,346,1438,N,True
3,0,176,1438,N,True
3,0,329,1438,N,True
3,0,65,1438,N,True
3,0,199,1438,N,True
3,0,84,1438,N,True
3,0,62,1438,N,True
3,0,53,1438,N,True
3,0,3,1438,N,True
3,0,194,1438,N,True
3,0,117,1438,N,True
3,0,135,1438,N,True
3,0,103,1438,N,True
3,0,116,1438,N,True
3,0,73,1438,N,True
3,0,299,1438,N,True
3,0,288,1438,N,True
3,0,48,1438,N,True
3,0,344,1438,N,True
3,0,223,1438,N,True
3,0,88,1438,N,True
3,0,275,1438,N,True
3,0,273,1438,N,True
3,0,83,1438,N,True
3,0,214,1438,N,True
3,0,20,1438,N,True
3,0,307,1438,N,True
3,0,71,1438,N,True
3,0,333,1438,N,True
3,bot46__3,207,1438,N,True
3,0,207,1438,N,True
3,0,341,1438,N,True
3,0,128,1438,N,True
3,0,238,1438,N,True
3,0,265,1438,N,True
3,0,302,1438,N,True
3,0,27,1438,N,True
3,0,139,1438,N,True
3,0,232,1438,N,True
3,0,64,1438,N,True
3,0,217,1438,N,True
3,0,261,1438,N,True
3,0,144,1438,N,True
3,0,1,1438,N,True
3,0,149,1438,N,True
3,0,17,1438,N,True
3,0,80,1438,N,True
3,0,187,1438,N,True
3,0,7,1438,N,True
3,0,85,1438,N,True
3,0,123,1438,N,True
3,0,343,1438,N,True
3,0,185,1438,N,True
3,0,171,1438,N,True
3,0,14,1438,N,True
3,0,30,1438,N,True
3,0,222,1438,N,True
3,0,92,1438,N,True
3,0,266,1438,N,True
3,0,237,1438,N,True
3,0,330,1438,N,True
3,0,16,1438,N,True
3,0,228,1438,N,True
3,0,69,1438,N,True
3,0,258,1438,N,True
3,0,257,1438,N,True
3,0,156,1438,N,True
3,0,286,1438,N,True
3,0,81,1438,N,True
3,0,174,1438,N,True
3,0,33,1438,N,True
3,0,347,1438,N,True
3,0,2,1438,N,True
3,reel33__5,279,1438,N,True
3,0,279,1438,N,True
3,0,51,1438,N,True
3,0,75,1438,N,True
3,0,218,1438,N,True
3,0,268,1438,N,True
3,0,314,1438,N,True
3,0,5,1438,N,True
3,0,178,1438,N,True
3,0,181,1438,N,True
3,0,8,1438,N,True
3,0,245,1438,N,True
3,0,129,1438,N,True
3,0,328,1438,N,True
3,0,150,1438,N,True
3,0,101,1438,N,True
3,0,318,1438,N,True
3,0,165,1438,N,True
3,0,60,1438,N,True
3,0,259,1438,N,True
3,0,58,1438,N,True
3,0,96,1438,N,True
3,0,61,1438,N,True
3,0,235,1438,N,True
3,0,6,1438,N,True
3,0,107,1438,N,True
3,0,79,1438,N,True
3,0,301,1438,N,True
3,0,250,1438,N,True
3,0,100,1438,N,True
3,0,110,1438,N,True
3,0,264,1438,N,True
3,0,152,1438,N,True
3,0,148,1438,N,True
3,0,201,1438,N,True
3,reel34__0,201,1438,N,True
3,0,289,1438,N,True
3,0,262,1438,N,True
3,0,220,1438,N,True
3,0,193,1438,N,True
3,0,124,1438,N,True
3,0,90,1438,N,True
3,reel1__5,151,1438,N,True
3,0,151,1438,N,True
3,0,145,1438,N,True
3,0,157,1438,N,True
3,0,327,1438,N,True
3,0,190,1438,N,True
3,0,282,1438,N,True
3,0,319,1438,N,True
3,0,233,1438,N,True
3,0,256,1438,N,True
3,0,166,1438,N,True
3,0,202,1438,N,True
3,0,155,1438,N,True
3,0,191,1438,N,True
3,0,147,1438,N,True
3,0,229,1438,N,True
3,0,138,1438,N,True
3,reel19__2,164,1438,N,True
3,0,164,1438,N,True
3,0,240,1438,N,True
3,0,153,1438,N,True
3,0,154,1438,N,True
3,0,198,1438,N,True
3,0,241,1438,N,True
3,0,253,1438,N,True
3,0,267,1438,N,True
3,0,316,1438,N,True
3,reel19__2,47,1438,N,True
3,0,47,1438,N,True
3,0,34,1438,N,True
3,0,35,1438,N,True
3,0,reel20__8,1438,N,True
3,reel33__5,reel43__2,1438,N,True
3,reel33__5,reel53__3,1438,N,True
3,reel33__5,reel62__5,1438,N,True
3,reel20__9,reel6__2,1438,N,True
3,reel20__9,reel29__6,1438,N,True
3,reel20__9,reel42__3,1438,N,True
3,reel20__9,reel44__4,1438,N,True
3,225,reel24__4,1438,N,True
3,225,reel24__7,1438,N,True
3,225,reel31__6,1438,N,True
3,225,bot35__4,1438,N,True
3,225,reel61__0,1438,N,True
3,225,bot71__7,1438,N,True
3,reel0__0,reel8__1,1438,N,True
3,reel0__0,bot28__5,1438,N,True
3,reel0__0,bot56__3,1438,N,True
3,278,bot2__8,1438,N,True
3,278,reel4__2,1438,N,True
3,278,bot24__9,1438,N,True
3,reel19__2,reel13__5,1438,N,True
3,reel19__2,reel34__6,1438,N,True
3,reel19__2,bot53__7,1438,N,True
3,reel34__0,reel8__6,1438,N,True
3,reel34__0,reel41__8,1438,N,True
3,277,130,1439,N,True
3,329,130,1439,N,True
3,reel50__8,130,1439,N,True
3,0,130,1439,N,True
3,329,324,1439,N,True
3,22,324,1439,N,True
3,0,324,1439,N,True
3,277,324,1439,N,True
3,304,324,1439,N,True
3,329,332,1439,N,True
3,reel63__7,332,1439,N,True
3,0,332,1439,N,True
3,277,332,1439,N,True
3,231,332,1439,N,True
3,bot5__7,332,1439,N,True
3,304,332,1439,N,True
3,158,332,1439,N,True
3,139,184,1439,N,True
3,329,184,1439,N,True
3,0,184,1439,N,True
3,339,119,1439,N,True
3,329,119,1439,N,True
3,105,119,1439,N,True
3,0,119,1439,N,True
3,277,119,1439,N,True
3,329,150,1439,N,True
3,0,150,1439,N,True
3,139,197,1439,N,True
3,329,197,1439,N,True
3,0,197,1439,N,True
3,329,54,1439,N,True
3,0,54,1439,N,True
3,231,106,1439,N,True
3,329,106,1439,N,True
3,29,106,1439,N,True
3,0,106,1439,N,True
3,277,204,1439,N,True
3,329,204,1439,N,True
3,0,204,1439,N,True
3,330,204,1439,N,True
3,339,315,1439,N,True
3,329,315,1439,N,True
3,105,315,1439,N,True
3,7,315,1439,N,True
3,0,315,1439,N,True
3,277,315,1439,N,True
3,231,315,1439,N,True
3,304,315,1439,N,True
3,158,315,1439,N,True
3,329,27,1439,N,True
3,0,27,1439,N,True
3,329,9,1439,N,True
3,105,9,1439,N,True
3,0,9,1439,N,True
3,277,9,1439,N,True
3,231,9,1439,N,True
3,304,9,1439,N,True
3,141,9,1439,N,True
3,139,320,1439,N,True
3,329,320,1439,N,True
3,0,320,1439,N,True
3,329,172,1439,N,True
3,29,172,1439,N,True
3,0,172,1439,N,True
3,277,172,1439,N,True
3,231,172,1439,N,True
3,304,172,1439,N,True
3,141,172,1439,N,True
3,139,284,1439,N,True
3,reel8__3,284,1439,N,True
3,329,284,1439,N,True
3,0,284,1439,N,True
3,329,280,1439,N,True
3,105,280,1439,N,True
3,0,280,1439,N,True
3,277,280,1439,N,True
3,31,280,1439,N,True
3,231,280,1439,N,True
3,304,280,1439,N,True
3,141,280,1439,N,True
3,329,72,1439,N,True
3,0,72,1439,N,True
3,141,72,1439,N,True
3,329,bot4__0,1439,N,True
3,bot10__2,bot5__6,1439,N,True
3,329,bot5__6,1439,N,True
3,29,bot5__6,1439,N,True
3,reel13__4,reel11__5,1439,N,True
3,329,reel11__5,1439,N,True
3,reel54__6,reel11__5,1439,N,True
3,329,reel20__1,1439,N,True
3,329,bot24__2,1439,N,True
3,329,reel28__0,1439,N,True
3,reel57__5,reel28__0,1439,N,True
3,reel52__9,325,1439,N,True
3,0,325,1439,N,True
3,277,325,1439,N,True
3,304,325,1439,N,True
3,158,325,1439,N,True
3,reel52__9,reel32__3,1439,N,True
3,reel52__9,bot53__4,1439,N,True
3,reel52__9,bot59__5,1439,N,True
3,reel52__9,bot62__9,1439,N,True
3,31,338,1439,N,True
3,29,338,1439,N,True
3,0,338,1439,N,True
3,29,247,1439,N,True
3,0,247,1439,N,True
3,277,203,1439,N,True
3,304,203,1439,N,True
3,29,203,1439,N,True
3,0,203,1439,N,True
3,29,bot11__2,1439,N,True
3,29,bot41__8,1439,N,True
3,29,bot47__9,1439,N,True
3,bot0__0,bot55__7,1439,N,True
3,29,bot55__7,1439,N,True
3,29,reel58__5,1439,N,True
3,231,77,1439,N,True
3,reel11__7,77,1439,N,True
3,0,77,1439,N,True
3,reel11__7,67,1439,N,True
3,0,67,1439,N,True
3,277,67,1439,N,True
3,31,67,1439,N,True
3,304,67,1439,N,True
3,158,67,1439,N,True
3,141,67,1439,N,True
3,reel11__7,reel7__4,1439,N,True
3,reel11__7,bot25__6,1439,N,True
3,reel11__7,reel30__5,1439,N,True
3,reel11__7,bot47__4,1439,N,True
3,reel11__7,reel60__5,1439,N,True
3,reel11__7,bot65__3,1439,N,True
3,reel11__7,bot71__6,1439,N,True
3,277,134,1439,N,True
3,304,134,1439,N,True
3,0,134,1439,N,True
3,bot37__4,134,1439,N,True
3,0,156,1439,N,True
3,bot37__4,156,1439,N,True
3,339,136,1439,N,True
3,7,136,1439,N,True
3,0,136,1439,N,True
3,reel13__4,136,1439,N,True
3,304,136,1439,N,True
3,339,246,1439,N,True
3,304,246,1439,N,True
3,7,246,1439,N,True
3,0,246,1439,N,True
3,7,213,1439,N,True
3,0,213,1439,N,True
3,277,213,1439,N,True
3,bot6__3,213,1439,N,True
3,231,213,1439,N,True
3,339,340,1439,N,True
3,7,340,1439,N,True
3,0,340,1439,N,True
3,339,103,1439,N,True
3,7,103,1439,N,True
3,0,103,1439,N,True
3,339,87,1439,N,True
3,22,87,1439,N,True
3,7,87,1439,N,True
3,0,87,1439,N,True
3,reel62__4,87,1439,N,True
3,7,reel17__5,1439,N,True
3,7,bot33__5,1439,N,True
3,bot31__5,reel5__9,1439,N,True
3,bot31__5,reel25__0,1439,N,True
3,bot31__5,187,1439,N,True
3,0,187,1439,N,True
3,reel13__1,reel8__0,1439,N,True
3,reel13__1,reel41__9,1439,N,True
3,reel13__1,reel44__0,1439,N,True
3,reel13__1,reel58__7,1439,N,True
3,reel13__1,reel62__5,1439,N,True
3,reel13__1,reel64__0,1439,N,True
3,reel13__1,bot67__1,1439,N,True
3,reel62__4,reel9__7,1439,N,True
3,reel62__4,reel66__1,1439,N,True
3,reel32__1,reel51__9,1439,N,True
3,bot58__0,bot29__9,1439,N,True
3,347,reel2__1,1439,N,True
3,347,reel11__9,1439,N,True
3,347,bot20__1,1439,N,True
3,347,bot22__0,1439,N,True
3,347,reel36__0,1439,N,True
3,bot5__7,bot16__8,1439,N,True
3,277,271,1439,N,True
3,304,271,1439,N,True
3,0,271,1439,N,True
3,141,271,1439,N,True
3,330,249,1439,N,True
3,304,249,1439,N,True
3,0,249,1439,N,True
3,304,212,1439,N,True
3,0,212,1439,N,True
3,105,21,1439,N,True
3,0,21,1439,N,True
3,277,21,1439,N,True
3,31,21,1439,N,True
3,304,21,1439,N,True
3,277,170,1439,N,True
3,304,170,1439,N,True
3,0,170,1439,N,True
3,277,188,1439,N,True
3,304,188,1439,N,True
3,0,188,1439,N,True
3,339,161,1439,N,True
3,277,161,1439,N,True
3,304,161,1439,N,True
3,0,161,1439,N,True
3,304,224,1439,N,True
3,0,224,1439,N,True
3,141,224,1439,N,True
3,0,109,1439,N,True
3,277,109,1439,N,True
3,31,109,1439,N,True
3,304,109,1439,N,True
3,158,109,1439,N,True
3,304,257,1439,N,True
3,105,257,1439,N,True
3,0,257,1439,N,True
3,141,257,1439,N,True
3,304,69,1439,N,True
3,105,69,1439,N,True
3,0,69,1439,N,True
3,339,334,1439,N,True
3,277,334,1439,N,True
3,304,334,1439,N,True
3,0,334,1439,N,True
3,reel53__6,98,1439,N,True
3,0,98,1439,N,True
3,277,98,1439,N,True
3,304,98,1439,N,True
3,141,98,1439,N,True
3,0,26,1439,N,True
3,277,26,1439,N,True
3,304,26,1439,N,True
3,158,26,1439,N,True
3,141,26,1439,N,True
3,304,75,1439,N,True
3,0,75,1439,N,True
3,0,122,1439,N,True
3,277,122,1439,N,True
3,31,122,1439,N,True
3,reel44__3,122,1439,N,True
3,304,122,1439,N,True
3,141,122,1439,N,True
3,277,285,1439,N,True
3,304,285,1439,N,True
3,0,285,1439,N,True
3,304,236,1439,N,True
3,105,236,1439,N,True
3,0,236,1439,N,True
3,141,236,1439,N,True
3,0,239,1439,N,True
3,277,239,1439,N,True
3,231,239,1439,N,True
3,304,239,1439,N,True
3,141,239,1439,N,True
3,0,200,1439,N,True
3,277,200,1439,N,True
3,31,200,1439,N,True
3,reel7__8,200,1439,N,True
3,304,200,1439,N,True
3,304,341,1439,N,True
3,0,341,1439,N,True
3,304,66,1439,N,True
3,0,66,1439,N,True
3,31,84,1439,N,True
3,304,84,1439,N,True
3,0,84,1439,N,True
3,277,13,1439,N,True
3,304,13,1439,N,True
3,0,13,1439,N,True
3,304,bot0__7,1439,N,True
3,330,reel12__6,1439,N,True
3,304,reel12__6,1439,N,True
3,304,reel24__4,1439,N,True
3,304,bot67__5,1439,N,True
3,bot0__0,47,1439,N,True
3,0,47,1439,N,True
3,bot0__0,205,1439,N,True
3,0,205,1439,N,True
3,reel53__3,reel33__5,1439,N,True
3,reel53__3,reel42__0,1439,N,True
3,0,317,1439,N,True
3,158,317,1439,N,True
3,330,242,1439,N,True
3,0,242,1439,N,True
3,158,242,1439,N,True
3,277,132,1439,N,True
3,0,132,1439,N,True
3,158,132,1439,N,True
3,0,5,1439,N,True
3,158,5,1439,N,True
3,0,60,1439,N,True
3,158,60,1439,N,True
3,158,reel4__4,1439,N,True
3,158,reel49__6,1439,N,True
3,0,258,1439,N,True
3,141,258,1439,N,True
3,277,39,1439,N,True
3,105,39,1439,N,True
3,0,39,1439,N,True
3,141,39,1439,N,True
3,0,133,1439,N,True
3,141,133,1439,N,True
3,0,62,1439,N,True
3,141,62,1439,N,True
3,bot42__8,276,1439,N,True
3,0,276,1439,N,True
3,141,276,1439,N,True
3,141,reel1__0,1439,N,True
3,139,bot3__2,1439,N,True
3,141,bot3__2,1439,N,True
3,bot6__3,bot5__4,1439,N,True
3,141,bot5__4,1439,N,True
3,141,reel39__4,1439,N,True
3,141,reel47__5,1439,N,True
3,141,reel48__7,1439,N,True
3,230,reel67__4,1439,N,True
3,141,reel67__4,1439,N,True
3,339,146,1439,N,True
3,0,146,1439,N,True
3,339,152,1439,N,True
3,0,152,1439,N,True
3,339,260,1439,N,True
3,reel0__8,260,1439,N,True
3,0,260,1439,N,True
3,339,reel1__5,1439,N,True
3,339,reel9__6,1439,N,True
3,339,reel25__2,1439,N,True
3,339,reel29__4,1439,N,True
3,339,reel35__4,1439,N,True
3,22,reel35__4,1439,N,True
3,339,bot54__6,1439,N,True
3,105,reel21__1,1439,N,True
3,105,reel34__7,1439,N,True
3,105,reel35__5,1439,N,True
3,105,bot39__9,1439,N,True
3,105,reel46__0,1439,N,True
3,277,57,1439,N,True
3,0,57,1439,N,True
3,bot35__1,57,1439,N,True
3,reel8__6,reel29__5,1439,N,True
3,bot35__1,reel29__5,1439,N,True
3,139,159,1439,N,True
3,277,159,1439,N,True
3,0,159,1439,N,True
3,139,281,1439,N,True
3,0,281,1439,N,True
3,139,251,1439,N,True
3,0,251,1439,N,True
3,139,bot11__8,1439,N,True
3,139,bot36__6,1439,N,True
3,reel50__8,reel64__6,1439,N,True
3,277,50,1439,N,True
3,0,50,1439,N,True
3,277,186,1439,N,True
3,bot0__4,186,1439,N,True
3,0,186,1439,N,True
3,277,175,1439,N,True
3,296,175,1439,N,True
3,0,175,1439,N,True
3,277,120,1439,N,True
3,0,120,1439,N,True
3,277,342,1439,N,True
3,0,342,1439,N,True
3,277,169,1439,N,True
3,0,169,1439,N,True
3,277,208,1439,N,True
3,0,208,1439,N,True
3,277,294,1439,N,True
3,0,294,1439,N,True
3,277,10,1439,N,True
3,0,10,1439,N,True
3,277,290,1439,N,True
3,0,290,1439,N,True
3,277,104,1439,N,True
3,0,104,1439,N,True
3,277,bot6__4,1439,N,True
3,277,reel9__2,1439,N,True
3,277,reel19__0,1439,N,True
3,277,bot27__4,1439,N,True
3,277,reel34__8,1439,N,True
3,277,reel48__0,1439,N,True
3,277,reel52__0,1439,N,True
3,277,reel53__4,1439,N,True
3,277,bot60__9,1439,N,True
3,bot38__6,reel6__4,1439,N,True
3,bot38__6,bot5__5,1439,N,True
3,31,237,1439,N,True
3,0,237,1439,N,True
3,31,83,1439,N,True
3,0,83,1439,N,True
3,31,bot9__8,1439,N,True
3,31,bot12__0,1439,N,True
3,31,reel23__4,1439,N,True
3,31,reel37__3,1439,N,True
3,31,bot49__9,1439,N,True
3,31,reel52__4,1439,N,True
3,330,94,1439,N,True
3,reel7__8,94,1439,N,True
3,reel6__3,94,1439,N,True
3,0,94,1439,N,True
3,reel7__8,reel14__9,1439,N,True
3,reel7__8,bot24__0,1439,N,True
3,reel7__8,reel33__8,1439,N,True
3,reel7__8,bot61__4,1439,N,True
3,reel30__8,256,1439,N,True
3,0,256,1439,N,True
3,reel30__8,147,1439,N,True
3,0,147,1439,N,True
3,reel30__8,reel38__5,1439,N,True
3,reel30__8,reel60__3,1439,N,True
3,reel30__8,bot65__4,1439,N,True
3,reel54__7,reel26__6,1439,N,True
3,reel54__7,reel53__1,1439,N,True
3,bot48__9,reel17__9,1439,N,True
3,bot48__9,bot69__2,1439,N,True
3,166,198,1439,N,True
3,0,198,1439,N,True
3,166,bot1__7,1439,N,True
3,bot62__0,bot25__0,1439,N,True
3,bot62__0,reel4__8,1439,N,True
3,174,19,1439,N,True
3,0,19,1439,N,True
3,174,bot12__5,1439,N,True
3,174,reel32__8,1439,N,True
3,174,reel46__7,1439,N,True
3,reel6__3,reel46__7,1439,N,True
3,174,reel59__4,1439,N,True
3,bot5__2,bot19__7,1439,N,True
3,bot5__2,bot21__1,1439,N,True
3,bot5__2,bot42__4,1439,N,True
3,bot5__2,bot44__7,1439,N,True
3,bot5__2,bot51__2,1439,N,True
3,reel53__6,28,1439,N,True
3,reel6__3,28,1439,N,True
3,0,28,1439,N,True
3,bot10__2,bot9__9,1439,N,True
3,bot10__2,bot17__6,1439,N,True
3,bot10__2,bot67__7,1439,N,True
3,bot42__8,bot4__9,1439,N,True
3,bot42__8,bot44__8,1439,N,True
3,bot0__4,275,1439,N,True
3,0,275,1439,N,True
3,bot0__4,bot45__2,1439,N,True
3,bot6__3,bot44__9,1439,N,True
3,reel8__3,reel49__5,1439,N,True
3,reel8__6,126,1439,N,True
3,0,126,1439,N,True
3,reel8__6,bot29__3,1439,N,True
3,reel8__6,reel29__2,1439,N,True
3,reel62__0,reel29__2,1439,N,True
3,reel8__6,reel33__1,1439,N,True
3,reel8__6,reel34__0,1439,N,True
3,reel8__6,bot63__2,1439,N,True
3,330,80,1439,N,True
3,173,80,1439,N,True
3,0,80,1439,N,True
3,330,266,1439,N,True
3,0,266,1439,N,True
3,330,302,1439,N,True
3,0,302,1439,N,True
3,330,254,1439,N,True
3,0,254,1439,N,True
3,330,53,1439,N,True
3,0,53,1439,N,True
3,330,299,1439,N,True
3,0,299,1439,N,True
3,330,346,1439,N,True
3,0,346,1439,N,True
3,330,reel13__8,1439,N,True
3,330,reel16__4,1439,N,True
3,330,reel51__0,1439,N,True
3,330,reel53__2,1439,N,True
3,173,34,1439,N,True
3,0,34,1439,N,True
3,173,reel0__5,1439,N,True
3,173,reel5__8,1439,N,True
3,173,bot6__8,1439,N,True
3,173,reel21__9,1439,N,True
3,173,bot33__3,1439,N,True
3,173,bot46__2,1439,N,True
3,173,reel56__6,1439,N,True
3,173,reel64__3,1439,N,True
3,0,190,1439,N,True
3,reel9__1,190,1439,N,True
3,0,44,1439,N,True
3,reel9__1,44,1439,N,True
3,reel9__1,reel4__3,1439,N,True
3,reel9__1,reel12__8,1439,N,True
3,reel9__1,reel37__5,1439,N,True
3,reel9__1,reel50__4,1439,N,True
3,reel62__0,reel42__1,1439,N,True
3,bot27__1,42,1439,N,True
3,reel0__8,42,1439,N,True
3,0,42,1439,N,True
3,reel0__8,reel4__2,1439,N,True
3,22,185,1439,N,True
3,0,185,1439,N,True
3,22,bot0__5,1439,N,True
3,22,bot1__9,1439,N,True
3,231,bot1__9,1439,N,True
3,22,bot27__0,1439,N,True
3,22,reel42__4,1439,N,True
3,22,bot48__3,1439,N,True
3,reel13__4,243,1439,N,True
3,0,243,1439,N,True
3,reel13__4,bot24__1,1439,N,True
3,reel13__4,bot34__9,1439,N,True
3,reel13__4,reel48__6,1439,N,True
3,bot53__0,reel50__9,1439,N,True
3,bot53__0,reel39__2,1439,N,True
3,reel54__6,24,1439,N,True
3,0,24,1439,N,True
3,0,176,1439,N,True
3,0,135,1439,N,True
3,0,23,1439,N,True
3,230,23,1439,N,True
3,0,116,1439,N,True
3,0,73,1439,N,True
3,0,288,1439,N,True
3,0,63,1439,N,True
3,0,270,1439,N,True
3,0,76,1439,N,True
3,0,36,1439,N,True
3,0,223,1439,N,True
3,0,274,1439,N,True
3,0,108,1439,N,True
3,0,214,1439,N,True
3,230,214,1439,N,True
3,0,20,1439,N,True
3,0,307,1439,N,True
3,230,307,1439,N,True
3,0,71,1439,N,True
3,230,71,1439,N,True
3,0,333,1439,N,True
3,0,207,1439,N,True
3,0,238,1439,N,True
3,0,265,1439,N,True
3,0,345,1439,N,True
3,0,64,1439,N,True
3,0,217,1439,N,True
3,0,261,1439,N,True
3,0,283,1439,N,True
3,0,144,1439,N,True
3,0,300,1439,N,True
3,0,1,1439,N,True
3,0,149,1439,N,True
3,0,59,1439,N,True
3,0,326,1439,N,True
3,0,255,1439,N,True
3,0,49,1439,N,True
3,0,85,1439,N,True
3,0,140,1439,N,True
3,0,137,1439,N,True
3,0,343,1439,N,True
3,0,115,1439,N,True
3,0,297,1439,N,True
3,0,171,1439,N,True
3,0,111,1439,N,True
3,0,32,1439,N,True
3,0,222,1439,N,True
3,0,125,1439,N,True
3,0,278,1439,N,True
3,0,309,1439,N,True
3,0,303,1439,N,True
3,0,286,1439,N,True
3,0,81,1439,N,True
3,0,33,1439,N,True
3,0,2,1439,N,True
3,296,263,1439,N,True
3,0,263,1439,N,True
3,0,279,1439,N,True
3,0,162,1439,N,True
3,0,192,1439,N,True
3,0,195,1439,N,True
3,0,181,1439,N,True
3,0,8,1439,N,True
3,0,245,1439,N,True
3,0,328,1439,N,True
3,0,331,1439,N,True
3,296,99,1439,N,True
3,0,99,1439,N,True
3,0,165,1439,N,True
3,0,121,1439,N,True
3,0,45,1439,N,True
3,0,167,1439,N,True
3,296,227,1439,N,True
3,0,227,1439,N,True
3,0,91,1439,N,True
3,0,93,1439,N,True
3,0,41,1439,N,True
3,230,41,1439,N,True
3,0,235,1439,N,True
3,0,6,1439,N,True
3,0,89,1439,N,True
3,0,107,1439,N,True
3,0,79,1439,N,True
3,0,221,1439,N,True
3,0,250,1439,N,True
3,0,337,1439,N,True
3,0,100,1439,N,True
3,0,110,1439,N,True
3,0,264,1439,N,True
3,0,225,1439,N,True
3,0,86,1439,N,True
3,0,295,1439,N,True
3,0,160,1439,N,True
3,0,131,1439,N,True
3,0,298,1439,N,True
3,0,262,1439,N,True
3,0,220,1439,N,True
3,0,234,1439,N,True
3,0,97,1439,N,True
3,230,97,1439,N,True
3,0,124,1439,N,True
3,0,90,1439,N,True
3,0,179,1439,N,True
3,0,151,1439,N,True
3,0,145,1439,N,True
3,0,157,1439,N,True
3,0,4,1439,N,True
3,0,327,1439,N,True
3,0,282,1439,N,True
3,0,244,1439,N,True
3,0,319,1439,N,True
3,0,233,1439,N,True
3,0,155,1439,N,True
3,0,191,1439,N,True
3,0,206,1439,N,True
3,0,229,1439,N,True
3,0,138,1439,N,True
3,0,240,1439,N,True
3,0,219,1439,N,True
3,0,305,1439,N,True
3,0,153,1439,N,True
3,0,154,1439,N,True
3,0,182,1439,N,True
3,reel44__3,182,1439,N,True
3,0,336,1439,N,True
3,0,241,1439,N,True
3,0,253,1439,N,True
3,230,253,1439,N,True
3,0,267,1439,N,True
3,0,316,1439,N,True
3,0,183,1439,N,True
3,0,52,1439,N,True
3,0,35,1439,N,True
3,0,reel20__8,1439,N,True
3,0,reel25__7,1439,N,True
3,reel6__3,reel10__1,1439,N,True
3,reel6__3,bot28__1,1439,N,True
3,296,bot13__0,1439,N,True
3,296,bot16__4,1439,N,True
3,296,bot36__0,1439,N,True
3,296,bot40__6,1439,N,True
3,296,reel51__2,1439,N,True
3,reel44__3,reel42__8,1439,N,True
3,231,bot13__6,1439,N,True
3,231,bot20__4,1439,N,True
3,231,bot26__5,1439,N,True
3,231,reel37__1,1439,N,True
3,231,reel40__8,1439,N,True
3,bot28__5,reel2__5,1439,N,True
3,bot28__5,bot14__5,1439,N,True
3,bot28__5,reel0__0,1439,N,True
3,bot27__1,reel13__2,1439,N,True
3,bot27__1,bot37__7,1439,N,True
3,230,bot36__5,1439,N,True
4,reel3__9,bot11__4,1420,N,False
4,reel3__9,reel29__1,1420,N,False
4,reel7__5,bot36__3,1420,N,False
4,reel12__5,bot27__8,1420,N,False
4,reel12__5,bot49__6,1420,N,False
4,reel40__6,reel42__1,1420,N,False
4,reel12__0,reel42__1,1420,N,False
4,reel53__1,reel42__1,1420,N,False
4,bot70__4,reel63__9,1420,N,False
4,reel16__1,reel28__4,1420,N,False
4,reel21__4,reel28__4,1420,N,False
4,reel16__1,bot65__9,1420,N,False
4,reel19__1,bot25__4,1420,N,False
4,bot0__5,bot25__4,1420,N,False
4,bot5__2,bot19__7,1420,N,False
4,reel0__9,bot19__7,1420,N,False
4,bot9__7,bot42__4,1420,N,False
4,bot5__2,bot42__4,1420,N,False
4,reel4__9,bot51__8,1420,N,False
4,reel27__1,reel57__7,1420,N,False
4,reel22__2,reel49__5,1420,N,False
4,reel22__2,bot71__1,1420,N,False
4,reel15__6,reel3__2,1420,N,False
4,bot46__1,reel3__2,1420,N,False
4,bot46__9,bot29__2,1420,N,False
4,reel7__4,reel41__0,1420,N,False
4,bot46__9,reel41__0,1420,N,False
4,bot46__9,bot70__1,1420,N,False
4,bot27__0,bot42__1,1420,N,False
4,bot30__5,bot42__1,1420,N,False
4,bot57__0,bot58__2,1420,N,False
4,reel34__4,reel47__3,1420,N,False
4,bot8__9,bot9__5,1420,N,False
4,bot52__6,bot9__5,1420,N,False
4,reel19__8,reel68__7,1420,N,False
4,reel24__7,reel27__4,1420,N,False
4,reel24__7,reel63__6,1420,N,False
4,reel32__4,bot52__8,1420,N,False
4,reel32__4,bot60__5,1420,N,False
4,reel13__4,reel11__5,1420,N,False
4,reel17__0,reel11__5,1420,N,False
4,reel13__4,reel48__6,1420,N,False
4,bot40__8,bot44__1,1420,N,False
4,reel59__8,reel60__1,1420,N,False
4,bot20__9,reel18__6,1420,N,False
4,reel36__0,reel18__6,1420,N,False
4,reel40__5,reel18__6,1420,N,False
4,bot43__0,reel18__6,1420,N,False
4,bot20__9,bot55__8,1420,N,False
4,reel4__3,bot18__3,1420,N,False
4,reel4__3,reel32__6,1420,N,False
4,reel12__0,reel23__2,1420,N,False
4,reel27__0,reel23__2,1420,N,False
4,reel22__3,reel23__2,1420,N,False
4,reel22__3,bot52__5,1420,N,False
4,bot27__3,bot18__8,1420,N,False
4,reel9__1,reel37__5,1420,N,False
4,bot51__0,bot68__6,1420,N,False
4,reel9__1,bot68__6,1420,N,False
4,reel21__9,bot49__9,1420,N,False
4,reel21__9,reel66__2,1420,N,False
4,bot39__1,bot7__5,1420,N,False
4,reel9__0,bot71__9,1420,N,False
4,bot34__5,bot71__9,1420,N,False
4,reel33__9,bot55__5,1420,N,False
4,reel10__5,bot45__7,1420,N,False
4,bot19__3,bot45__7,1420,N,False
4,reel26__2,reel28__5,1420,N,False
4,reel40__3,reel28__5,1420,N,False
4,reel26__2,bot45__0,1420,N,False
4,bot16__1,reel14__5,1420,N,False
4,reel7__4,reel14__5,1420,N,False
4,reel10__5,reel14__5,1420,N,False
4,reel7__1,bot33__4,1420,N,False
4,reel7__4,bot33__4,1420,N,False
4,reel0__4,reel27__6,1420,N,False
4,reel0__4,reel60__8,1420,N,False
4,reel27__0,reel68__8,1420,N,False
4,reel0__4,reel68__8,1420,N,False
4,reel38__1,reel56__1,1420,N,False
4,bot22__6,reel19__9,1420,N,False
4,reel7__2,bot43__8,1420,N,False
4,reel7__2,bot56__6,1420,N,False
4,reel20__3,reel30__6,1420,N,False
4,reel44__2,reel30__6,1420,N,False
4,reel20__3,reel31__1,1420,N,False
4,reel20__3,bot45__5,1420,N,False
4,reel53__0,bot59__8,1420,N,False
4,bot33__7,bot69__8,1420,N,False
4,reel20__9,bot53__9,1420,N,False
4,reel50__7,bot53__9,1420,N,False
4,reel50__7,reel66__8,1420,N,False
4,bot57__5,bot32__6,1420,N,False
4,bot24__0,bot32__6,1420,N,False
4,bot57__5,reel46__2,1420,N,False
4,reel44__6,bot57__1,1420,N,False
4,reel18__2,bot57__1,1420,N,False
4,bot61__4,bot42__9,1420,N,False
4,bot61__4,bot69__4,1420,N,False
4,bot0__3,bot69__4,1420,N,False
4,reel45__9,reel70__6,1420,N,False
4,reel32__5,bot38__2,1420,N,False
4,bot11__5,bot38__2,1420,N,False
4,bot36__9,bot53__8,1420,N,False
4,bot11__2,bot10__3,1420,N,False
4,reel4__7,bot10__3,1420,N,False
4,reel36__5,reel51__9,1420,N,False
4,reel36__5,reel54__8,1420,N,False
4,reel30__3,reel49__0,1420,N,False
4,reel30__3,bot64__9,1420,N,False
4,bot48__1,bot13__5,1420,N,False
4,bot14__5,bot32__7,1420,N,False
4,reel17__6,bot66__0,1420,N,False
4,bot65__0,bot66__3,1420,N,False
4,reel9__4,reel56__0,1420,N,False
4,bot12__1,bot1__2,1420,N,False
4,bot9__1,bot46__8,1420,N,False
4,bot12__1,bot46__8,1420,N,False
4,bot71__8,bot28__6,1420,N,False
4,bot47__8,bot28__6,1420,N,False
4,reel60__5,bot66__9,1420,N,False
4,bot2__0,bot5__7,1420,N,False
4,reel16__9,bot32__4,1420,N,False
4,bot15__0,bot27__7,1420,N,False
4,bot15__0,bot37__9,1420,N,False
4,bot15__0,bot47__1,1420,N,False
4,reel10__8,bot22__0,1420,N,False
4,reel10__8,reel62__2,1420,N,False
4,reel20__6,bot44__0,1420,N,False
4,bot42__2,reel23__3,1420,N,False
4,reel26__3,reel59__0,1420,N,False
4,reel33__4,reel42__2,1420,N,False
4,bot48__3,bot19__1,1420,N,False
4,bot59__5,reel34__8,1420,N,False
4,reel20__9,reel42__3,1420,N,False
4,reel24__4,reel42__3,1420,N,False
4,reel31__0,bot55__4,1420,N,False
4,bot0__5,bot32__2,1420,N,False
4,bot41__9,bot32__2,1420,N,False
4,reel7__1,bot17__0,1420,N,False
4,bot43__7,bot17__0,1420,N,False
4,reel7__1,bot62__1,1420,N,False
4,reel43__7,bot62__1,1420,N,False
4,reel1__6,bot5__9,1420,N,False
4,reel1__6,bot68__9,1420,N,False
4,reel15__0,reel32__3,1420,N,False
4,reel14__8,reel26__1,1420,N,False
4,reel14__8,reel59__2,1420,N,False
4,reel21__5,bot26__8,1420,N,False
4,bot9__7,bot42__6,1420,N,False
4,reel4__6,bot14__6,1420,N,False
4,bot17__2,bot36__0,1420,N,False
4,bot3__9,bot47__3,1420,N,False
4,reel43__7,reel23__4,1420,N,False
4,reel24__2,reel23__4,1420,N,False
4,reel43__0,reel23__4,1420,N,False
4,reel15__9,bot27__5,1420,N,False
4,bot20__2,bot27__1,1420,N,False
4,reel33__7,reel36__9,1420,N,False
4,reel21__4,reel36__9,1420,N,False
4,reel33__7,reel55__9,1420,N,False
4,reel28__1,reel40__9,1420,N,False
4,reel38__3,bot47__7,1420,N,False
4,reel3__3,reel18__4,1420,N,False
4,reel29__3,reel64__1,1420,N,False
4,bot29__8,bot56__0,1420,N,False
4,bot23__8,bot32__8,1420,N,False
4,bot53__1,reel22__1,1420,N,False
4,bot59__9,bot1__1,1420,N,False
4,bot0__9,bot1__1,1420,N,False
4,reel32__9,reel68__9,1420,N,False
4,reel10__5,reel68__9,1420,N,False
4,reel24__2,reel61__8,1420,N,False
4,reel30__8,bot63__3,1420,N,False
4,reel68__0,reel62__5,1420,N,False
4,reel10__5,reel50__3,1420,N,False
4,reel10__5,reel56__3,1420,N,False
4,reel44__6,reel69__5,1420,N,False
4,reel27__2,bot31__7,1420,N,False
4,bot24__6,bot54__9,1420,N,False
4,reel31__8,reel17__5,1420,N,False
4,bot22__7,bot25__8,1420,N,False
4,reel45__4,reel21__2,1420,N,False
4,reel48__4,bot66__2,1420,N,False
4,reel48__4,reel69__0,1420,N,False
4,reel7__7,reel54__1,1420,N,False
4,bot46__1,reel45__5,1420,N,False
4,reel9__5,reel34__9,1420,N,False
4,bot59__9,bot63__9,1420,N,False
4,reel52__1,reel13__0,1420,N,False
4,reel52__1,bot56__2,1420,N,False
4,339,reel18__8,1421,N,False
4,reel38__3,reel18__8,1421,N,False
4,bot42__4,reel18__8,1421,N,False
4,reel3__1,bot54__4,1421,N,False
4,reel3__3,reel18__4,1421,N,False
4,312,reel18__5,1421,N,False
4,reel3__3,reel18__5,1421,N,False
4,270,reel19__1,1421,N,False
4,reel3__3,reel19__1,1421,N,False
4,reel3__3,reel48__9,1421,N,False
4,145,bot10__0,1421,N,False
4,145,reel15__9,1421,N,False
4,145,bot29__1,1421,N,False
4,13,bot29__1,1421,N,False
4,264,bot8__9,1421,N,False
4,264,bot15__0,1421,N,False
4,4,bot29__4,1421,N,False
4,264,bot29__4,1421,N,False
4,264,bot49__1,1421,N,False
4,reel15__3,reel9__4,1421,N,False
4,313,reel9__4,1421,N,False
4,bot13__9,bot65__4,1421,N,False
4,reel32__0,reel46__4,1421,N,False
4,reel18__9,reel46__4,1421,N,False
4,reel32__0,bot60__7,1421,N,False
4,270,bot0__9,1421,N,False
4,270,reel8__5,1421,N,False
4,bot48__2,reel8__5,1421,N,False
4,270,reel37__3,1421,N,False
4,326,bot2__3,1421,N,False
4,326,bot4__1,1421,N,False
4,326,reel10__5,1421,N,False
4,reel68__9,reel10__5,1421,N,False
4,326,reel25__6,1421,N,False
4,90,reel28__2,1421,N,False
4,326,reel28__2,1421,N,False
4,333,reel28__2,1421,N,False
4,273,reel34__3,1421,N,False
4,326,reel34__3,1421,N,False
4,326,reel45__8,1421,N,False
4,bot34__5,reel6__9,1421,N,False
4,bot34__5,bot71__9,1421,N,False
4,172,reel1__6,1421,N,False
4,159,reel1__6,1421,N,False
4,172,reel21__1,1421,N,False
4,27,reel21__1,1421,N,False
4,28,bot2__0,1421,N,False
4,118,bot2__0,1421,N,False
4,168,reel9__9,1421,N,False
4,118,reel9__9,1421,N,False
4,bot14__0,reel9__9,1421,N,False
4,202,reel9__9,1421,N,False
4,118,reel20__7,1421,N,False
4,119,reel20__7,1421,N,False
4,118,bot29__8,1421,N,False
4,117,bot29__8,1421,N,False
4,227,bot29__8,1421,N,False
4,118,bot39__3,1421,N,False
4,118,bot40__0,1421,N,False
4,118,reel41__9,1421,N,False
4,49,bot4__8,1421,N,False
4,49,reel27__3,1421,N,False
4,205,reel27__5,1421,N,False
4,49,reel27__5,1421,N,False
4,49,bot51__6,1421,N,False
4,149,reel14__8,1421,N,False
4,196,reel20__3,1421,N,False
4,87,reel20__3,1421,N,False
4,149,reel20__3,1421,N,False
4,339,bot15__5,1421,N,False
4,262,bot15__5,1421,N,False
4,262,reel22__9,1421,N,False
4,224,bot9__9,1421,N,False
4,bot21__2,bot9__9,1421,N,False
4,212,bot9__9,1421,N,False
4,bot21__2,bot61__0,1421,N,False
4,reel20__5,reel22__1,1421,N,False
4,202,reel22__1,1421,N,False
4,reel20__5,bot33__0,1421,N,False
4,128,reel11__8,1421,N,False
4,306,reel11__8,1421,N,False
4,98,reel65__9,1421,N,False
4,306,reel65__9,1421,N,False
4,306,bot66__9,1421,N,False
4,306,reel66__4,1421,N,False
4,reel51__4,reel6__4,1421,N,False
4,27,reel6__4,1421,N,False
4,115,reel6__4,1421,N,False
4,68,reel13__6,1421,N,False
4,reel30__9,reel13__6,1421,N,False
4,131,reel23__5,1421,N,False
4,131,bot25__3,1421,N,False
4,159,bot25__3,1421,N,False
4,199,bot1__8,1421,N,False
4,199,reel35__7,1421,N,False
4,81,reel10__8,1421,N,False
4,reel18__9,reel10__8,1421,N,False
4,183,reel10__8,1421,N,False
4,229,bot36__9,1421,N,False
4,229,bot53__5,1421,N,False
4,203,bot3__5,1421,N,False
4,310,bot3__5,1421,N,False
4,203,reel4__6,1421,N,False
4,203,bot36__0,1421,N,False
4,28,reel6__3,1421,N,False
4,bot14__0,reel6__3,1421,N,False
4,314,reel6__3,1421,N,False
4,bot14__0,bot42__8,1421,N,False
4,reel32__5,reel26__0,1421,N,False
4,reel32__5,bot43__2,1421,N,False
4,99,bot43__2,1421,N,False
4,205,reel3__4,1421,N,False
4,159,reel3__4,1421,N,False
4,159,reel23__0,1421,N,False
4,159,bot41__2,1421,N,False
4,168,reel7__8,1421,N,False
4,reel21__4,reel7__8,1421,N,False
4,168,reel30__8,1421,N,False
4,256,reel30__8,1421,N,False
4,168,reel54__7,1421,N,False
4,263,reel54__9,1421,N,False
4,reel50__7,reel54__9,1421,N,False
4,263,bot58__8,1421,N,False
4,263,bot71__4,1421,N,False
4,191,bot71__7,1421,N,False
4,225,bot71__7,1421,N,False
4,57,reel12__7,1421,N,False
4,119,reel12__7,1421,N,False
4,119,reel40__6,1421,N,False
4,70,bot35__1,1421,N,False
4,57,bot35__1,1421,N,False
4,48,reel15__5,1421,N,False
4,reel16__0,reel15__5,1421,N,False
4,337,reel15__5,1421,N,False
4,138,reel15__5,1421,N,False
4,337,bot32__0,1421,N,False
4,337,bot57__3,1421,N,False
4,341,bot0__6,1421,N,False
4,313,bot0__6,1421,N,False
4,313,bot46__4,1421,N,False
4,28,reel7__4,1421,N,False
4,reel11__7,reel7__4,1421,N,False
4,28,reel7__5,1421,N,False
4,89,reel7__5,1421,N,False
4,28,reel53__6,1421,N,False
4,70,reel53__6,1421,N,False
4,98,reel53__6,1421,N,False
4,108,bot1__3,1421,N,False
4,170,bot1__3,1421,N,False
4,132,reel14__9,1421,N,False
4,108,reel14__9,1421,N,False
4,108,reel16__2,1421,N,False
4,170,reel16__2,1421,N,False
4,bot29__2,bot46__9,1421,N,False
4,72,bot46__9,1421,N,False
4,62,bot63__7,1421,N,False
4,62,reel66__7,1421,N,False
4,70,bot5__7,1421,N,False
4,70,bot38__6,1421,N,False
4,70,reel40__3,1421,N,False
4,70,reel46__9,1421,N,False
4,312,reel46__9,1421,N,False
4,70,reel65__0,1421,N,False
4,341,bot0__8,1421,N,False
4,176,bot0__8,1421,N,False
4,59,reel21__0,1421,N,False
4,176,reel21__0,1421,N,False
4,187,bot3__8,1421,N,False
4,187,reel31__8,1421,N,False
4,298,reel31__8,1421,N,False
4,187,bot35__9,1421,N,False
4,93,reel3__0,1421,N,False
4,139,bot11__8,1421,N,False
4,93,bot11__8,1421,N,False
4,93,reel66__9,1421,N,False
4,155,reel66__9,1421,N,False
4,278,bot3__0,1421,N,False
4,223,reel20__4,1421,N,False
4,278,reel20__4,1421,N,False
4,278,reel35__6,1421,N,False
4,323,bot40__2,1421,N,False
4,128,reel51__0,1421,N,False
4,128,bot68__2,1421,N,False
4,160,bot1__5,1421,N,False
4,160,reel24__6,1421,N,False
4,160,reel48__6,1421,N,False
4,160,reel70__5,1421,N,False
4,151,bot18__4,1421,N,False
4,311,bot24__3,1421,N,False
4,151,bot24__3,1421,N,False
4,59,bot30__5,1421,N,False
4,151,bot30__5,1421,N,False
4,151,bot35__2,1421,N,False
4,331,bot17__7,1421,N,False
4,331,bot21__0,1421,N,False
4,reel16__0,bot21__0,1421,N,False
4,331,bot31__7,1421,N,False
4,reel56__1,reel38__1,1421,N,False
4,331,reel38__1,1421,N,False
4,267,bot42__7,1421,N,False
4,311,bot42__7,1421,N,False
4,bot5__6,bot69__3,1421,N,False
4,322,bot40__4,1421,N,False
4,250,bot40__4,1421,N,False
4,27,bot46__0,1421,N,False
4,320,bot46__0,1421,N,False
4,320,bot66__8,1421,N,False
4,320,reel66__0,1421,N,False
4,294,bot7__7,1421,N,False
4,339,reel29__4,1421,N,False
4,294,reel29__4,1421,N,False
4,347,reel2__1,1421,N,False
4,347,bot20__1,1421,N,False
4,347,reel36__0,1421,N,False
4,2,reel36__0,1421,N,False
4,2,bot43__4,1421,N,False
4,26,bot43__4,1421,N,False
4,52,bot1__1,1421,N,False
4,188,bot1__1,1421,N,False
4,188,reel41__2,1421,N,False
4,bot33__7,bot69__8,1421,N,False
4,reel50__7,reel8__9,1421,N,False
4,26,reel10__7,1421,N,False
4,reel50__7,reel10__7,1421,N,False
4,reel20__9,bot53__9,1421,N,False
4,reel50__7,bot53__9,1421,N,False
4,reel50__7,reel66__8,1421,N,False
4,339,reel9__6,1421,N,False
4,339,reel25__2,1421,N,False
4,339,reel35__4,1421,N,False
4,22,reel35__4,1421,N,False
4,139,bot3__2,1421,N,False
4,198,bot3__2,1421,N,False
4,139,bot36__6,1421,N,False
4,249,bot36__6,1421,N,False
4,139,reel50__2,1421,N,False
4,96,reel34__9,1421,N,False
4,13,reel15__1,1421,N,False
4,346,reel15__1,1421,N,False
4,346,bot25__5,1421,N,False
4,202,bot25__5,1421,N,False
4,bot31__6,reel17__6,1421,N,False
4,77,reel17__6,1421,N,False
4,reel21__4,reel17__6,1421,N,False
4,77,bot59__5,1421,N,False
4,50,reel31__0,1421,N,False
4,250,reel31__0,1421,N,False
4,98,reel31__0,1421,N,False
4,50,bot38__7,1421,N,False
4,reel6__6,reel44__7,1421,N,False
4,338,bot63__1,1421,N,False
4,reel6__6,bot63__1,1421,N,False
4,196,reel4__5,1421,N,False
4,reel56__1,reel8__4,1421,N,False
4,196,reel8__4,1421,N,False
4,bot30__0,reel8__4,1421,N,False
4,104,reel8__4,1421,N,False
4,83,bot14__3,1421,N,False
4,34,bot14__3,1421,N,False
4,154,reel18__2,1421,N,False
4,83,reel18__2,1421,N,False
4,83,bot25__2,1421,N,False
4,224,bot12__5,1421,N,False
4,174,bot12__5,1421,N,False
4,174,reel46__7,1421,N,False
4,35,bot42__2,1421,N,False
4,reel40__8,bot41__7,1421,N,False
4,reel40__8,reel54__5,1421,N,False
4,reel0__7,bot9__1,1421,N,False
4,59,bot9__1,1421,N,False
4,59,bot17__2,1421,N,False
4,98,reel0__1,1421,N,False
4,256,reel0__1,1421,N,False
4,256,bot2__9,1421,N,False
4,256,bot9__0,1421,N,False
4,256,bot11__7,1421,N,False
4,256,reel63__5,1421,N,False
4,bot23__1,bot34__7,1421,N,False
4,282,bot9__5,1421,N,False
4,282,reel49__6,1421,N,False
4,282,reel53__9,1421,N,False
4,250,bot2__5,1421,N,False
4,1,bot2__5,1421,N,False
4,250,reel51__9,1421,N,False
4,341,reel7__2,1421,N,False
4,338,reel7__2,1421,N,False
4,338,bot31__8,1421,N,False
4,338,bot60__5,1421,N,False
4,76,reel6__0,1421,N,False
4,76,reel9__0,1421,N,False
4,76,bot37__2,1421,N,False
4,76,reel69__6,1421,N,False
4,208,bot2__2,1421,N,False
4,208,reel27__7,1421,N,False
4,208,reel29__0,1421,N,False
4,208,bot32__7,1421,N,False
4,87,reel11__5,1421,N,False
4,248,reel11__5,1421,N,False
4,39,bot19__9,1421,N,False
4,69,bot19__9,1421,N,False
4,69,reel47__5,1421,N,False
4,9,reel63__4,1421,N,False
4,30,reel63__4,1421,N,False
4,bot19__7,bot5__2,1421,N,False
4,202,bot5__2,1421,N,False
4,bot42__4,bot5__2,1421,N,False
4,202,reel62__0,1421,N,False
4,202,reel63__7,1421,N,False
4,135,reel0__6,1421,N,False
4,138,reel0__6,1421,N,False
4,138,reel51__2,1421,N,False
4,138,bot67__4,1421,N,False
4,137,reel49__4,1421,N,False
4,198,reel49__4,1421,N,False
4,reel6__1,bot18__7,1421,N,False
4,325,reel38__8,1421,N,False
4,325,bot51__0,1421,N,False
4,325,bot60__6,1421,N,False
4,reel20__9,reel6__2,1421,N,False
4,reel20__9,bot28__4,1421,N,False
4,reel20__9,reel29__6,1421,N,False
4,reel20__9,reel42__3,1421,N,False
4,reel20__9,reel44__4,1421,N,False
4,225,reel61__0,1421,N,False
4,116,reel17__4,1421,N,False
4,116,bot70__4,1421,N,False
4,217,reel28__0,1421,N,False
4,217,reel38__2,1421,N,False
4,205,bot22__8,1421,N,False
4,288,bot44__4,1421,N,False
4,205,bot44__4,1421,N,False
4,205,bot59__2,1421,N,False
4,198,bot9__6,1421,N,False
4,reel20__8,reel26__2,1421,N,False
4,198,reel26__2,1421,N,False
4,198,bot32__3,1421,N,False
4,183,bot12__1,1421,N,False
4,183,reel13__7,1421,N,False
4,183,reel26__8,1421,N,False
4,reel3__6,bot7__9,1421,N,False
4,reel29__1,reel40__0,1421,N,False
4,reel3__6,reel40__0,1421,N,False
4,1,reel11__1,1421,N,False
4,308,reel11__1,1421,N,False
4,308,reel29__8,1421,N,False
4,308,reel56__8,1421,N,False
4,308,bot59__9,1421,N,False
4,249,reel23__8,1421,N,False
4,reel60__7,reel23__8,1421,N,False
4,163,reel23__8,1421,N,False
4,reel20__8,reel12__8,1421,N,False
4,104,reel12__8,1421,N,False
4,227,bot24__5,1421,N,False
4,227,reel28__1,1421,N,False
4,154,reel23__3,1421,N,False
4,154,bot44__0,1421,N,False
4,4,reel7__3,1421,N,False
4,288,reel7__3,1421,N,False
4,288,reel26__6,1421,N,False
4,288,reel34__1,1421,N,False
4,54,bot18__9,1421,N,False
4,54,reel20__6,1421,N,False
4,4,bot7__1,1421,N,False
4,259,bot7__1,1421,N,False
4,259,reel30__2,1421,N,False
4,bot57__0,bot20__0,1421,N,False
4,bot57__0,bot63__4,1421,N,False
4,bot57__0,bot65__1,1421,N,False
4,reel53__3,reel69__1,1421,N,False
4,184,reel26__3,1421,N,False
4,reel59__0,reel26__3,1421,N,False
4,184,reel57__1,1421,N,False
4,269,reel3__2,1421,N,False
4,3,reel3__2,1421,N,False
4,52,reel33__1,1421,N,False
4,314,reel33__1,1421,N,False
4,reel31__7,reel15__0,1421,N,False
4,164,bot66__1,1421,N,False
4,reel31__7,bot66__1,1421,N,False
4,92,reel25__9,1421,N,False
4,92,bot69__9,1421,N,False
4,36,bot0__5,1421,N,False
4,22,bot0__5,1421,N,False
4,36,reel43__8,1421,N,False
4,36,reel56__5,1421,N,False
4,170,reel56__5,1421,N,False
4,81,reel16__3,1421,N,False
4,81,reel42__6,1421,N,False
4,81,reel49__2,1421,N,False
4,81,reel61__6,1421,N,False
4,3,bot64__1,1421,N,False
4,239,bot36__7,1421,N,False
4,239,bot61__9,1421,N,False
4,48,bot16__9,1421,N,False
4,48,reel43__4,1421,N,False
4,48,bot68__5,1421,N,False
4,341,bot68__5,1421,N,False
4,reel55__4,reel50__3,1421,N,False
4,reel55__4,reel67__0,1421,N,False
4,32,reel67__0,1421,N,False
4,reel29__1,reel3__9,1421,N,False
4,reel29__1,reel67__5,1421,N,False
4,243,bot5__8,1421,N,False
4,243,reel13__4,1421,N,False
4,243,reel59__8,1421,N,False
4,314,reel59__8,1421,N,False
4,reel1__1,reel59__8,1421,N,False
4,170,reel8__7,1421,N,False
4,170,bot14__9,1421,N,False
4,170,bot22__4,1421,N,False
4,bot50__4,reel47__4,1421,N,False
4,132,reel69__0,1421,N,False
4,155,reel2__7,1421,N,False
4,155,bot38__4,1421,N,False
4,86,bot23__2,1421,N,False
4,157,reel2__4,1421,N,False
4,245,reel2__4,1421,N,False
4,129,reel2__4,1421,N,False
4,58,reel15__6,1421,N,False
4,58,reel35__8,1421,N,False
4,9,reel35__8,1421,N,False
4,58,reel37__6,1421,N,False
4,reel30__9,bot54__8,1421,N,False
4,1,reel2__3,1421,N,False
4,274,bot6__1,1421,N,False
4,1,bot6__1,1421,N,False
4,1,bot18__5,1421,N,False
4,224,reel5__7,1421,N,False
4,224,reel14__6,1421,N,False
4,224,reel64__9,1421,N,False
4,212,bot22__6,1421,N,False
4,212,bot48__1,1421,N,False
4,13,bot10__7,1421,N,False
4,13,bot17__6,1421,N,False
4,26,reel55__8,1421,N,False
4,26,bot56__4,1421,N,False
4,135,bot30__6,1421,N,False
4,reel56__1,reel68__5,1421,N,False
4,87,bot33__2,1421,N,False
4,87,bot53__8,1421,N,False
4,87,bot67__6,1421,N,False
4,249,reel21__7,1421,N,False
4,249,reel35__2,1421,N,False
4,249,reel53__2,1421,N,False
4,249,reel54__2,1421,N,False
4,9,bot3__1,1421,N,False
4,267,bot3__1,1421,N,False
4,267,bot27__3,1421,N,False
4,310,reel30__5,1421,N,False
4,reel11__7,reel30__5,1421,N,False
4,267,reel30__5,1421,N,False
4,230,bot36__5,1421,N,False
4,230,reel67__4,1421,N,False
4,281,bot60__1,1421,N,False
4,333,bot69__0,1421,N,False
4,reel11__7,reel60__5,1421,N,False
4,reel11__7,reel64__7,1421,N,False
4,reel11__7,bot71__6,1421,N,False
4,126,bot11__9,1421,N,False
4,126,reel26__5,1421,N,False
4,126,bot39__1,1421,N,False
4,126,reel61__3,1421,N,False
4,223,bot62__9,1421,N,False
4,312,reel30__1,1421,N,False
4,312,reel60__1,1421,N,False
4,274,reel46__2,1421,N,False
4,9,reel1__8,1421,N,False
4,9,bot24__8,1421,N,False
4,9,bot43__5,1421,N,False
4,129,bot43__5,1421,N,False
4,214,reel54__8,1421,N,False
4,214,bot57__1,1421,N,False
4,4,bot47__5,1421,N,False
4,237,bot71__2,1421,N,False
4,90,reel9__2,1421,N,False
4,reel21__4,reel36__9,1421,N,False
4,reel0__7,reel52__6,1421,N,False
4,315,reel52__6,1421,N,False
4,39,bot7__2,1421,N,False
4,39,reel62__2,1421,N,False
4,315,bot16__0,1421,N,False
4,315,bot71__0,1421,N,False
4,reel12__0,reel33__4,1421,N,False
4,reel20__8,reel24__2,1421,N,False
4,19,reel24__2,1421,N,False
4,reel20__8,bot47__8,1421,N,False
4,173,reel5__8,1421,N,False
4,173,reel56__6,1421,N,False
4,98,bot4__4,1421,N,False
4,178,reel44__5,1421,N,False
4,98,reel44__5,1421,N,False
4,98,bot62__4,1421,N,False
4,reel1__1,bot16__2,1421,N,False
4,115,reel32__4,1421,N,False
4,115,reel36__1,1421,N,False
4,341,bot15__4,1421,N,False
4,341,reel15__7,1421,N,False
4,341,reel38__9,1421,N,False
4,341,bot58__6,1421,N,False
4,273,reel14__4,1421,N,False
4,165,reel14__4,1421,N,False
4,273,bot23__8,1421,N,False
4,273,bot30__1,1421,N,False
4,273,reel33__8,1421,N,False
4,273,reel58__4,1421,N,False
4,273,reel68__1,1421,N,False
4,165,bot69__4,1421,N,False
4,34,reel39__5,1421,N,False
4,178,reel31__1,1421,N,False
4,22,bot27__0,1421,N,False
4,310,bot37__1,1421,N,False
4,314,reel25__1,1421,N,False
4,44,reel46__6,1421,N,False
4,44,bot60__2,1421,N,False
4,283,bot6__4,1421,N,False
4,283,reel19__9,1421,N,False
4,298,reel45__9,1421,N,False
4,19,bot29__3,1421,N,False
4,99,reel16__4,1421,N,False
4,99,bot39__0,1421,N,False
4,99,bot57__5,1421,N,False
4,303,reel36__2,1421,N,False
4,303,reel52__5,1421,N,False
4,303,reel60__3,1421,N,False
4,reel9__0,reel10__4,1422,N,False
4,307,reel10__4,1422,N,False
4,191,reel10__4,1422,N,False
4,reel26__5,reel10__4,1422,N,False
4,reel9__0,reel42__9,1422,N,False
4,299,reel42__9,1422,N,False
4,reel9__0,bot71__9,1422,N,False
4,329,269,1422,N,False
4,100,269,1422,N,False
4,329,150,1422,N,False
4,324,150,1422,N,False
4,100,150,1422,N,False
4,128,150,1422,N,False
4,329,202,1422,N,False
4,reel37__2,202,1422,N,False
4,bot0__4,202,1422,N,False
4,bot5__2,202,1422,N,False
4,173,202,1422,N,False
4,329,bot4__0,1422,N,False
4,reel13__4,reel11__5,1422,N,False
4,329,reel11__5,1422,N,False
4,248,reel11__5,1422,N,False
4,87,reel11__5,1422,N,False
4,reel19__3,reel20__1,1422,N,False
4,329,reel20__1,1422,N,False
4,reel9__4,reel20__1,1422,N,False
4,reel47__3,reel20__1,1422,N,False
4,reel3__9,bot11__4,1422,N,False
4,reel3__9,reel29__1,1422,N,False
4,reel4__3,reel9__1,1422,N,False
4,reel12__8,reel9__1,1422,N,False
4,reel12__8,reel30__6,1422,N,False
4,reel31__2,reel30__6,1422,N,False
4,reel12__8,reel69__0,1422,N,False
4,reel3__1,reel22__3,1422,N,False
4,146,reel22__3,1422,N,False
4,reel3__1,bot54__4,1422,N,False
4,302,bot54__4,1422,N,False
4,reel3__1,bot65__7,1422,N,False
4,reel33__9,reel8__7,1422,N,False
4,reel33__9,bot55__5,1422,N,False
4,bot27__6,bot60__4,1422,N,False
4,reel33__9,bot60__4,1422,N,False
4,264,bot15__0,1422,N,False
4,264,bot49__1,1422,N,False
4,bot13__9,bot65__4,1422,N,False
4,reel10__9,145,1422,N,False
4,bot29__1,145,1422,N,False
4,reel10__9,bot54__5,1422,N,False
4,reel4__5,bot54__5,1422,N,False
4,reel42__5,reel21__8,1422,N,False
4,reel2__4,reel21__8,1422,N,False
4,38,bot2__3,1422,N,False
4,326,bot2__3,1422,N,False
4,326,reel10__5,1422,N,False
4,reel34__1,reel25__6,1422,N,False
4,326,reel25__6,1422,N,False
4,326,reel34__3,1422,N,False
4,reel1__7,49,1422,N,False
4,bot51__6,49,1422,N,False
4,reel1__7,reel18__9,1422,N,False
4,reel11__0,reel18__9,1422,N,False
4,168,reel9__9,1422,N,False
4,118,reel9__9,1422,N,False
4,118,reel12__4,1422,N,False
4,100,reel12__4,1422,N,False
4,151,reel12__4,1422,N,False
4,118,reel20__7,1422,N,False
4,reel43__6,reel20__7,1422,N,False
4,118,reel30__3,1422,N,False
4,reel31__4,reel23__1,1422,N,False
4,315,reel23__1,1422,N,False
4,30,reel23__1,1422,N,False
4,reel31__4,reel33__6,1422,N,False
4,5,316,1422,N,False
4,5,bot33__0,1422,N,False
4,5,reel67__2,1422,N,False
4,reel2__3,reel67__2,1422,N,False
4,149,reel14__8,1422,N,False
4,149,bot23__1,1422,N,False
4,bot29__8,bot56__0,1422,N,False
4,bot60__5,reel32__4,1422,N,False
4,305,reel32__4,1422,N,False
4,reel2__3,bot39__0,1422,N,False
4,reel2__3,bot40__6,1422,N,False
4,reel2__3,reel50__5,1422,N,False
4,reel2__3,bot54__3,1422,N,False
4,reel44__4,reel20__9,1422,N,False
4,reel29__6,reel20__9,1422,N,False
4,reel44__4,340,1422,N,False
4,reel65__9,340,1422,N,False
4,324,340,1422,N,False
4,339,340,1422,N,False
4,bot0__6,bot10__8,1422,N,False
4,bot0__6,bot63__6,1422,N,False
4,reel9__6,reel56__2,1422,N,False
4,bot24__8,bot18__6,1422,N,False
4,bot7__1,bot18__6,1422,N,False
4,bot24__8,bot29__3,1422,N,False
4,19,bot29__3,1422,N,False
4,reel43__4,reel61__4,1422,N,False
4,bot11__9,bot3__2,1422,N,False
4,307,71,1422,N,False
4,bot5__1,71,1422,N,False
4,bot5__1,bot36__5,1422,N,False
4,reel61__3,reel37__7,1422,N,False
4,207,reel37__7,1422,N,False
4,206,reel42__7,1422,N,False
4,66,reel42__7,1422,N,False
4,307,bot71__3,1422,N,False
4,reel55__8,bot71__3,1422,N,False
4,reel24__0,233,1422,N,False
4,bot7__2,233,1422,N,False
4,168,347,1422,N,False
4,22,347,1422,N,False
4,339,347,1422,N,False
4,168,bot6__3,1422,N,False
4,168,reel7__8,1422,N,False
4,168,bot10__2,1422,N,False
4,bot17__6,bot10__2,1422,N,False
4,168,reel53__3,1422,N,False
4,263,bot58__8,1422,N,False
4,reel29__6,reel14__1,1422,N,False
4,191,reel14__1,1422,N,False
4,reel26__9,reel14__1,1422,N,False
4,191,bot71__7,1422,N,False
4,225,bot71__7,1422,N,False
4,bot61__9,bot14__2,1422,N,False
4,161,reel33__2,1422,N,False
4,reel35__5,reel33__2,1422,N,False
4,reel35__5,bot43__7,1422,N,False
4,reel35__5,reel68__9,1422,N,False
4,reel4__3,181,1422,N,False
4,275,181,1422,N,False
4,reel61__2,181,1422,N,False
4,reel61__2,reel17__0,1422,N,False
4,reel2__4,reel15__8,1422,N,False
4,22,reel42__4,1422,N,False
4,reel37__9,reel42__4,1422,N,False
4,bot3__4,bot0__3,1422,N,False
4,321,bot16__7,1422,N,False
4,bot3__4,bot16__7,1422,N,False
4,187,bot35__9,1422,N,False
4,187,reel57__2,1422,N,False
4,reel59__5,reel57__2,1422,N,False
4,187,bot67__3,1422,N,False
4,reel31__9,reel17__7,1422,N,False
4,reel46__3,reel17__7,1422,N,False
4,bot46__2,reel17__7,1422,N,False
4,128,reel51__0,1422,N,False
4,128,bot68__2,1422,N,False
4,reel11__1,reel26__1,1422,N,False
4,reel23__7,reel26__1,1422,N,False
4,reel47__3,reel26__1,1422,N,False
4,reel11__1,reel42__2,1422,N,False
4,reel11__1,reel51__8,1422,N,False
4,reel11__3,reel44__1,1422,N,False
4,101,bot6__2,1422,N,False
4,reel47__9,reel8__2,1422,N,False
4,249,reel54__2,1422,N,False
4,reel47__9,reel54__2,1422,N,False
4,151,310,1422,N,False
4,151,bot18__4,1422,N,False
4,151,bot24__3,1422,N,False
4,59,bot30__5,1422,N,False
4,151,bot30__5,1422,N,False
4,151,bot35__2,1422,N,False
4,54,reel16__9,1422,N,False
4,bot43__5,reel16__9,1422,N,False
4,reel47__3,reel52__2,1422,N,False
4,284,36,1422,N,False
4,320,36,1422,N,False
4,251,36,1422,N,False
4,284,127,1422,N,False
4,320,127,1422,N,False
4,251,127,1422,N,False
4,284,309,1422,N,False
4,320,309,1422,N,False
4,251,309,1422,N,False
4,284,108,1422,N,False
4,320,108,1422,N,False
4,251,108,1422,N,False
4,324,reel5__4,1422,N,False
4,320,reel5__4,1422,N,False
4,320,bot21__8,1422,N,False
4,320,reel45__4,1422,N,False
4,320,reel66__0,1422,N,False
4,reel22__4,reel58__1,1422,N,False
4,reel62__2,reel10__8,1422,N,False
4,2,bot29__5,1422,N,False
4,2,bot29__6,1422,N,False
4,reel11__0,bot29__6,1422,N,False
4,2,reel36__0,1422,N,False
4,2,bot58__3,1422,N,False
4,bot6__8,bot58__3,1422,N,False
4,reel31__2,reel46__1,1422,N,False
4,212,reel67__8,1422,N,False
4,reel31__2,reel67__8,1422,N,False
4,173,34,1422,N,False
4,bot24__2,34,1422,N,False
4,bot24__2,bot30__9,1422,N,False
4,87,bot33__2,1422,N,False
4,324,bot33__2,1422,N,False
4,bot24__2,bot33__2,1422,N,False
4,reel19__6,bot57__4,1422,N,False
4,reel23__7,bot57__4,1422,N,False
4,bot24__2,bot57__4,1422,N,False
4,173,163,1422,N,False
4,249,163,1422,N,False
4,100,163,1422,N,False
4,reel50__7,163,1422,N,False
4,reel50__7,bot53__9,1422,N,False
4,339,bot15__5,1422,N,False
4,339,reel18__8,1422,N,False
4,reel48__7,bot56__2,1422,N,False
4,reel26__5,bot52__6,1422,N,False
4,bot9__5,bot52__6,1422,N,False
4,reel19__6,reel18__2,1422,N,False
4,reel6__0,reel24__5,1422,N,False
4,reel6__0,reel39__2,1422,N,False
4,reel36__5,reel39__2,1422,N,False
4,reel0__9,bot11__2,1422,N,False
4,bot5__2,bot19__7,1422,N,False
4,reel0__9,bot19__7,1422,N,False
4,bot25__0,bot21__9,1422,N,False
4,251,reel24__3,1422,N,False
4,reel31__9,reel47__4,1422,N,False
4,196,bot11__3,1422,N,False
4,38,reel1__3,1422,N,False
4,38,reel48__9,1422,N,False
4,174,112,1422,N,False
4,reel4__8,112,1422,N,False
4,19,112,1422,N,False
4,174,bot12__5,1422,N,False
4,174,bot20__2,1422,N,False
4,174,reel59__4,1422,N,False
4,161,reel59__4,1422,N,False
4,46,reel21__5,1422,N,False
4,46,reel65__2,1422,N,False
4,reel0__7,bot9__1,1422,N,False
4,59,bot9__1,1422,N,False
4,59,bot17__2,1422,N,False
4,bot36__0,bot17__2,1422,N,False
4,261,bot17__2,1422,N,False
4,284,reel1__1,1422,N,False
4,109,reel1__1,1422,N,False
4,bot21__3,reel1__1,1422,N,False
4,302,reel26__0,1422,N,False
4,reel31__0,bot55__4,1422,N,False
4,222,reel63__8,1422,N,False
4,222,reel65__4,1422,N,False
4,reel4__5,42,1422,N,False
4,248,311,1422,N,False
4,bot21__5,bot28__7,1422,N,False
4,bot21__5,bot39__7,1422,N,False
4,299,reel32__5,1422,N,False
4,reel4__9,218,1422,N,False
4,275,218,1422,N,False
4,reel46__5,95,1422,N,False
4,bot1__9,95,1422,N,False
4,bot17__8,95,1422,N,False
4,reel25__9,95,1422,N,False
4,reel12__1,bot20__5,1422,N,False
4,reel13__7,bot20__5,1422,N,False
4,reel12__1,reel45__7,1422,N,False
4,reel12__1,reel52__3,1422,N,False
4,bot12__8,bot25__8,1422,N,False
4,173,reel5__8,1422,N,False
4,reel24__0,reel5__8,1422,N,False
4,reel24__0,bot48__8,1422,N,False
4,173,reel64__3,1422,N,False
4,reel24__0,reel64__3,1422,N,False
4,reel24__0,bot68__7,1422,N,False
4,bot38__3,bot35__3,1422,N,False
4,bot38__3,bot44__1,1422,N,False
4,225,bot35__4,1422,N,False
4,261,bot35__4,1422,N,False
4,225,reel61__0,1422,N,False
4,bot40__5,reel16__7,1422,N,False
4,reel23__7,reel16__7,1422,N,False
4,bot40__5,bot3__9,1422,N,False
4,reel59__5,reel4__7,1422,N,False
4,reel55__8,reel53__1,1422,N,False
4,reel55__8,reel36__7,1422,N,False
4,55,reel25__3,1422,N,False
4,55,bot41__2,1422,N,False
4,66,bot46__1,1422,N,False
4,19,138,1422,N,False
4,reel15__5,138,1422,N,False
4,reel0__6,138,1422,N,False
4,reel0__6,reel22__1,1422,N,False
4,reel0__6,reel27__3,1422,N,False
4,308,reel29__8,1422,N,False
4,bot1__1,bot59__9,1422,N,False
4,308,bot59__9,1422,N,False
4,bot68__9,reel1__6,1422,N,False
4,bot24__6,47,1422,N,False
4,bot24__6,bot54__9,1422,N,False
4,162,bot16__3,1422,N,False
4,100,64,1422,N,False
4,100,bot3__6,1422,N,False
4,100,bot12__2,1422,N,False
4,bot39__9,bot12__2,1422,N,False
4,100,reel40__6,1422,N,False
4,100,bot50__0,1422,N,False
4,reel11__4,bot50__0,1422,N,False
4,bot26__9,reel23__4,1422,N,False
4,bot12__1,bot46__8,1422,N,False
4,bot26__9,bot46__8,1422,N,False
4,reel67__3,reel36__1,1422,N,False
4,54,reel20__6,1422,N,False
4,324,reel20__6,1422,N,False
4,109,229,1422,N,False
4,109,reel49__5,1422,N,False
4,109,reel55__3,1422,N,False
4,reel4__0,201,1422,N,False
4,259,201,1422,N,False
4,8,201,1422,N,False
4,259,reel30__2,1422,N,False
4,reel14__7,reel5__7,1422,N,False
4,reel36__5,reel14__9,1422,N,False
4,reel29__5,301,1422,N,False
4,324,301,1422,N,False
4,reel29__5,bot35__1,1422,N,False
4,reel29__5,reel59__2,1422,N,False
4,reel35__8,58,1422,N,False
4,reel35__8,reel42__1,1422,N,False
4,reel4__8,reel52__0,1422,N,False
4,reel35__8,reel52__0,1422,N,False
4,bot12__1,183,1422,N,False
4,reel13__7,183,1422,N,False
4,reel13__7,bot42__7,1422,N,False
4,reel13__7,bot53__1,1422,N,False
4,10,reel17__8,1422,N,False
4,bot44__4,bot70__5,1422,N,False
4,bot6__8,bot5__0,1422,N,False
4,212,bot9__9,1422,N,False
4,bot6__8,bot9__9,1422,N,False
4,315,bot16__0,1422,N,False
4,bot6__8,bot16__0,1422,N,False
4,bot6__8,bot21__7,1422,N,False
4,bot6__8,bot50__1,1422,N,False
4,bot6__5,bot16__8,1422,N,False
4,reel4__8,reel10__3,1422,N,False
4,86,reel12__5,1422,N,False
4,86,bot23__2,1422,N,False
4,bot17__8,bot23__2,1422,N,False
4,bot2__4,bot41__7,1422,N,False
4,324,reel0__3,1422,N,False
4,324,bot10__3,1422,N,False
4,324,reel55__9,1422,N,False
4,75,reel55__9,1422,N,False
4,reel34__7,reel8__8,1422,N,False
4,reel31__1,reel8__8,1422,N,False
4,19,reel8__8,1422,N,False
4,reel9__4,120,1422,N,False
4,reel9__4,reel15__3,1422,N,False
4,bot0__8,bot27__3,1422,N,False
4,reel46__3,reel22__8,1422,N,False
4,bot7__0,bot31__3,1422,N,False
4,146,reel27__2,1422,N,False
4,reel4__6,reel55__6,1422,N,False
4,321,reel32__9,1422,N,False
4,212,bot48__1,1422,N,False
4,reel0__2,bot2__2,1422,N,False
4,reel0__2,reel21__2,1422,N,False
4,142,reel21__2,1422,N,False
4,bot29__1,bot15__7,1422,N,False
4,reel24__7,reel63__6,1422,N,False
4,reel13__4,bot14__4,1422,N,False
4,reel11__7,bot14__4,1422,N,False
4,87,bot13__5,1422,N,False
4,87,bot19__1,1422,N,False
4,87,bot53__8,1422,N,False
4,87,bot67__6,1422,N,False
4,bot58__2,bot67__6,1422,N,False
4,249,reel23__8,1422,N,False
4,249,bot34__3,1422,N,False
4,reel23__7,bot34__3,1422,N,False
4,249,reel35__2,1422,N,False
4,249,reel38__4,1422,N,False
4,249,reel53__2,1422,N,False
4,bot58__2,bot57__0,1422,N,False
4,bot58__2,bot7__4,1422,N,False
4,reel11__7,reel30__5,1422,N,False
4,reel11__7,bot65__3,1422,N,False
4,reel11__7,bot71__6,1422,N,False
4,bot46__4,reel38__7,1422,N,False
4,bot12__1,bot45__4,1422,N,False
4,reel28__5,reel26__2,1422,N,False
4,reel20__8,reel26__2,1422,N,False
4,reel28__5,reel40__3,1422,N,False
4,reel45__6,reel40__3,1422,N,False
4,reel7__9,bot47__7,1422,N,False
4,bot4__4,bot29__9,1422,N,False
4,reel11__4,reel66__4,1422,N,False
4,bot1__4,179,1422,N,False
4,bot1__4,bot5__5,1422,N,False
4,bot1__4,bot6__7,1422,N,False
4,bot1__4,bot45__1,1422,N,False
4,bot1__4,bot69__8,1422,N,False
4,reel4__3,reel46__6,1422,N,False
4,reel13__0,reel19__0,1422,N,False
4,207,reel19__0,1422,N,False
4,bot17__3,reel5__0,1422,N,False
4,214,reel5__0,1422,N,False
4,214,reel43__9,1422,N,False
4,reel17__9,bot48__9,1422,N,False
4,reel45__6,bot48__9,1422,N,False
4,bot1__1,bot32__8,1422,N,False
4,reel54__0,192,1422,N,False
4,reel29__6,reel55__1,1422,N,False
4,reel54__0,reel55__1,1422,N,False
4,bot16__5,bot25__4,1422,N,False
4,reel0__7,reel52__6,1422,N,False
4,315,reel52__6,1422,N,False
4,75,bot2__9,1422,N,False
4,75,reel18__0,1422,N,False
4,75,reel69__4,1422,N,False
4,reel0__1,256,1422,N,False
4,reel0__1,reel8__0,1422,N,False
4,reel0__1,reel12__2,1422,N,False
4,reel0__1,bot23__8,1422,N,False
4,reel0__1,reel50__0,1422,N,False
4,315,bot71__0,1422,N,False
4,bot1__9,bot50__2,1422,N,False
4,reel15__5,reel39__1,1422,N,False
4,reel11__0,reel39__1,1422,N,False
4,bot21__3,bot24__7,1422,N,False
4,161,reel26__3,1422,N,False
4,173,bot33__3,1422,N,False
4,173,reel56__6,1422,N,False
4,reel65__9,reel69__8,1422,N,False
4,22,bot0__5,1422,N,False
4,reel15__5,337,1422,N,False
4,reel15__5,bot56__8,1422,N,False
4,reel26__9,bot53__3,1422,N,False
4,298,reel45__9,1422,N,False
4,19,319,1422,N,False
4,19,bot2__6,1422,N,False
4,reel13__5,reel19__2,1422,N,False
4,reel13__5,reel68__5,1422,N,False
4,207,bot53__5,1422,N,False
4,bot15__0,bot27__7,1423,N,False
4,bot19__6,bot27__7,1423,N,False
4,bot15__0,bot47__1,1423,N,False
4,reel9__0,bot71__9,1423,N,False
4,bot67__3,bot49__7,1423,N,False
4,reel3__1,bot54__4,1423,N,False
4,reel3__1,bot65__7,1423,N,False
4,reel3__9,reel29__1,1423,N,False
4,reel3__9,bot51__5,1423,N,False
4,bot68__4,bot48__4,1423,N,False
4,bot1__2,bot71__6,1423,N,False
4,reel11__7,bot71__6,1423,N,False
4,bot68__4,bot71__6,1423,N,False
4,bot25__7,bot21__6,1423,N,False
4,reel3__3,reel19__1,1423,N,False
4,reel3__3,bot47__6,1423,N,False
4,reel12__8,reel30__6,1423,N,False
4,reel30__8,reel38__5,1423,N,False
4,reel12__8,reel38__5,1423,N,False
4,bot4__8,bot43__9,1423,N,False
4,reel22__1,bot53__1,1423,N,False
4,reel13__7,bot53__1,1423,N,False
4,reel14__4,reel16__8,1423,N,False
4,bot67__6,reel16__8,1423,N,False
4,reel9__6,bot19__2,1423,N,False
4,bot16__9,bot19__2,1423,N,False
4,reel29__5,reel32__0,1423,N,False
4,reel24__9,reel32__0,1423,N,False
4,bot49__2,bot14__4,1423,N,False
4,reel11__7,bot14__4,1423,N,False
4,bot49__2,bot56__0,1423,N,False
4,reel57__1,reel24__3,1423,N,False
4,reel27__7,reel24__3,1423,N,False
4,reel34__8,reel26__9,1423,N,False
4,bot6__1,bot40__1,1423,N,False
4,bot55__6,reel51__6,1423,N,False
4,bot17__7,bot69__5,1423,N,False
4,reel41__1,reel53__7,1423,N,False
4,reel66__7,reel53__7,1423,N,False
4,reel0__1,reel12__2,1423,N,False
4,bot60__1,reel12__2,1423,N,False
4,reel32__5,reel26__0,1423,N,False
4,reel32__5,bot38__2,1423,N,False
4,bot11__5,bot38__2,1423,N,False
4,reel6__9,bot66__7,1423,N,False
4,bot7__2,bot66__7,1423,N,False
4,bot58__8,reel17__5,1423,N,False
4,bot58__8,bot17__0,1423,N,False
4,reel0__4,bot13__7,1423,N,False
4,reel40__8,bot41__7,1423,N,False
4,reel0__4,bot41__7,1423,N,False
4,reel68__0,bot71__2,1423,N,False
4,reel38__1,bot71__2,1423,N,False
4,reel6__9,bot34__5,1423,N,False
4,reel6__9,reel36__3,1423,N,False
4,reel57__2,reel59__5,1423,N,False
4,reel26__7,reel59__5,1423,N,False
4,reel4__7,reel59__5,1423,N,False
4,reel8__5,bot38__4,1423,N,False
4,reel11__1,reel51__8,1423,N,False
4,reel26__3,reel51__8,1423,N,False
4,bot3__4,bot16__7,1423,N,False
4,reel11__1,reel26__1,1423,N,False
4,reel14__8,reel26__1,1423,N,False
4,bot71__4,bot20__9,1423,N,False
4,reel47__9,reel63__0,1423,N,False
4,reel24__1,reel0__7,1423,N,False
4,bot9__1,reel0__7,1423,N,False
4,reel24__1,bot61__3,1423,N,False
4,reel32__9,reel68__9,1423,N,False
4,reel5__1,bot70__9,1423,N,False
4,reel24__2,reel36__5,1423,N,False
4,reel24__2,reel40__7,1423,N,False
4,reel24__2,reel56__6,1423,N,False
4,reel40__5,reel43__9,1423,N,False
4,bot59__5,reel52__9,1423,N,False
4,bot43__2,bot32__3,1423,N,False
4,reel62__2,reel10__8,1423,N,False
4,bot22__0,reel10__8,1423,N,False
4,reel27__7,bot39__5,1423,N,False
4,reel23__8,bot39__5,1423,N,False
4,reel50__7,bot71__5,1423,N,False
4,reel24__4,reel42__3,1423,N,False
4,reel24__4,bot54__5,1423,N,False
4,reel6__0,reel24__5,1423,N,False
4,reel6__0,reel44__9,1423,N,False
4,reel16__7,bot63__3,1423,N,False
4,reel30__8,bot63__3,1423,N,False
4,bot9__7,bot42__4,1423,N,False
4,bot5__2,bot42__4,1423,N,False
4,reel68__0,reel62__5,1423,N,False
4,bot60__9,bot28__4,1423,N,False
4,reel32__8,reel33__9,1423,N,False
4,reel40__8,reel42__0,1423,N,False
4,reel40__8,reel54__5,1423,N,False
4,reel46__2,reel42__8,1423,N,False
4,reel23__6,reel42__8,1423,N,False
4,bot57__3,bot32__1,1423,N,False
4,reel31__0,bot32__1,1423,N,False
4,reel31__0,bot55__4,1423,N,False
4,reel31__0,reel58__3,1423,N,False
4,bot19__1,bot8__0,1423,N,False
4,bot7__0,bot48__3,1423,N,False
4,bot19__1,bot48__3,1423,N,False
4,bot24__6,bot54__9,1423,N,False
4,bot19__1,bot54__9,1423,N,False
4,reel17__3,bot38__3,1423,N,False
4,reel11__6,reel3__6,1423,N,False
4,reel11__6,bot44__9,1423,N,False
4,reel67__6,reel57__8,1423,N,False
4,bot11__5,bot12__9,1423,N,False
4,bot39__8,reel8__7,1423,N,False
4,bot11__7,reel8__7,1423,N,False
4,bot11__7,reel8__8,1423,N,False
4,bot11__7,bot52__8,1423,N,False
4,bot39__8,bot51__8,1423,N,False
4,reel4__9,bot51__8,1423,N,False
4,reel42__9,bot59__8,1423,N,False
4,reel27__2,bot31__7,1423,N,False
4,reel48__9,reel15__0,1423,N,False
4,bot24__3,reel15__0,1423,N,False
4,reel30__2,reel15__0,1423,N,False
4,bot0__5,bot25__4,1423,N,False
4,bot0__5,bot32__2,1423,N,False
4,reel46__0,reel29__3,1423,N,False
4,reel46__0,reel61__6,1423,N,False
4,reel24__0,bot43__3,1423,N,False
4,reel24__0,reel64__3,1423,N,False
4,bot22__1,bot0__9,1423,N,False
4,bot68__2,reel62__8,1423,N,False
4,reel21__2,reel45__4,1423,N,False
4,reel12__0,reel33__4,1423,N,False
4,bot67__5,reel33__4,1423,N,False
4,reel23__6,reel41__0,1423,N,False
4,bot46__9,reel41__0,1423,N,False
4,bot24__6,bot64__8,1423,N,False
4,reel9__5,bot64__8,1423,N,False
4,reel29__5,reel59__2,1423,N,False
4,reel14__8,reel59__2,1423,N,False
4,bot8__9,bot26__9,1423,N,False
4,reel14__7,reel5__7,1423,N,False
4,reel16__7,bot32__8,1423,N,False
4,reel16__7,reel49__9,1423,N,False
4,bot8__5,bot16__1,1423,N,False
4,bot2__5,bot16__1,1423,N,False
4,reel39__8,reel57__4,1423,N,False
4,reel29__5,bot35__1,1423,N,False
4,reel29__5,reel64__5,1423,N,False
4,bot1__2,bot12__1,1423,N,False
4,bot1__2,bot16__5,1423,N,False
4,reel8__9,bot16__5,1423,N,False
4,bot1__2,bot18__3,1423,N,False
4,reel4__3,bot18__3,1423,N,False
4,bot18__5,bot59__0,1423,N,False
4,bot18__5,bot59__4,1423,N,False
4,reel5__3,bot15__8,1423,N,False
4,reel5__3,bot22__3,1423,N,False
4,reel35__8,reel36__8,1423,N,False
4,reel23__5,reel34__0,1423,N,False
4,bot6__2,bot16__4,1423,N,False
4,reel65__4,reel64__2,1423,N,False
4,reel30__3,reel15__9,1423,N,False
4,reel30__3,reel39__4,1423,N,False
4,reel30__3,reel45__8,1423,N,False
4,reel20__0,reel49__0,1423,N,False
4,reel30__3,reel49__0,1423,N,False
4,reel30__3,bot64__9,1423,N,False
4,reel34__2,reel39__6,1423,N,False
4,reel34__2,reel60__6,1423,N,False
4,reel0__1,bot23__8,1423,N,False
4,bot8__5,bot23__8,1423,N,False
4,reel30__0,bot70__6,1423,N,False
4,reel19__8,bot43__1,1423,N,False
4,bot14__5,bot50__5,1423,N,False
4,reel4__8,reel10__3,1423,N,False
4,bot9__7,bot42__6,1423,N,False
4,reel26__5,bot52__6,1423,N,False
4,reel44__5,bot52__4,1423,N,False
4,reel30__9,bot54__8,1423,N,False
4,reel30__9,reel59__6,1423,N,False
4,reel1__9,reel60__2,1423,N,False
4,reel25__2,reel60__2,1423,N,False
4,reel9__4,reel15__3,1423,N,False
4,reel9__4,reel45__1,1423,N,False
4,reel9__4,reel56__0,1423,N,False
4,reel46__3,reel17__7,1423,N,False
4,reel46__3,reel22__8,1423,N,False
4,reel4__6,bot14__6,1423,N,False
4,reel4__6,reel55__6,1423,N,False
4,reel11__5,reel15__8,1423,N,False
4,reel34__6,reel15__8,1423,N,False
4,reel11__5,reel17__0,1423,N,False
4,reel11__5,reel38__0,1423,N,False
4,reel11__5,reel54__6,1423,N,False
4,bot19__6,bot34__0,1423,N,False
4,bot3__9,bot47__3,1423,N,False
4,reel2__7,bot28__2,1423,N,False
4,reel11__7,bot47__4,1423,N,False
4,reel38__6,reel40__3,1423,N,False
4,reel19__0,bot26__7,1423,N,False
4,reel19__0,bot39__7,1423,N,False
4,reel7__7,reel54__1,1423,N,False
4,reel18__0,reel10__5,1423,N,False
4,reel18__0,reel22__0,1423,N,False
4,bot4__4,bot29__9,1423,N,False
4,reel17__8,reel46__4,1423,N,False
4,reel20__0,bot41__5,1423,N,False
4,reel22__3,bot52__5,1423,N,False
4,reel2__1,reel63__1,1423,N,False
4,reel3__2,bot41__0,1423,N,False
4,reel3__2,reel66__4,1423,N,False
4,reel19__5,reel56__4,1423,N,False
4,reel25__9,reel64__1,1423,N,False
4,bot27__6,bot35__6,1423,N,False
4,bot2__0,bot5__7,1423,N,False
4,reel21__4,reel36__9,1423,N,False
4,reel34__1,reel25__6,1423,N,False
4,reel16__9,reel25__6,1423,N,False
4,reel9__9,bot14__0,1423,N,False
4,reel9__9,bot42__5,1423,N,False
4,reel23__3,reel37__5,1423,N,False
4,reel23__3,bot52__9,1423,N,False
4,reel0__1,bot13__4,1423,N,False
4,reel0__1,reel18__7,1423,N,False
4,reel19__7,reel3__4,1423,N,False
4,reel19__7,bot31__6,1423,N,False
4,reel17__9,bot48__9,1423,N,False
4,reel52__1,bot56__2,1423,N,False
4,reel1__1,bot21__3,1423,N,False
4,reel1__1,reel59__8,1423,N,False
4,bot9__1,bot46__8,1423,N,False
4,reel1__7,reel0__9,1423,N,False
4,reel1__7,reel18__9,1423,N,False
4,reel8__9,bot21__5,1423,N,False
4,reel8__9,bot44__2,1423,N,False
4,reel22__2,bot45__3,1424,N,False
4,reel3__1,bot45__3,1424,N,False
4,bot15__6,bot48__4,1424,N,False
4,bot68__4,bot48__4,1424,N,False
4,bot37__6,bot48__4,1424,N,False
4,reel68__6,reel48__0,1424,N,False
4,bot10__4,bot12__4,1424,N,False
4,reel40__9,bot45__1,1424,N,False
4,reel40__9,reel53__9,1424,N,False
4,reel1__6,bot66__7,1424,N,False
4,reel6__9,bot66__7,1424,N,False
4,bot7__2,bot66__7,1424,N,False
4,bot2__9,bot39__2,1424,N,False
4,bot17__8,bot39__2,1424,N,False
4,bot41__2,bot44__1,1424,N,False
4,bot69__4,bot61__4,1424,N,False
4,reel7__8,bot61__4,1424,N,False
4,reel6__5,reel18__3,1424,N,False
4,bot23__4,reel18__3,1424,N,False
4,bot23__7,bot54__8,1424,N,False
4,reel1__1,reel25__4,1424,N,False
4,reel16__9,reel25__4,1424,N,False
4,bot28__0,reel25__4,1424,N,False
4,bot11__3,bot32__5,1424,N,False
4,reel22__8,bot32__5,1424,N,False
4,bot11__3,bot38__1,1424,N,False
4,reel65__2,bot69__3,1424,N,False
4,bot44__0,reel20__6,1424,N,False
4,bot20__3,bot47__3,1424,N,False
4,reel18__7,bot47__3,1424,N,False
4,bot3__9,bot47__3,1424,N,False
4,reel18__5,reel3__3,1424,N,False
4,reel19__1,reel3__3,1424,N,False
4,reel18__4,reel3__3,1424,N,False
4,reel22__5,reel3__3,1424,N,False
4,reel19__1,bot25__4,1424,N,False
4,bot0__5,bot25__4,1424,N,False
4,reel57__0,reel70__6,1424,N,False
4,reel45__9,reel70__6,1424,N,False
4,bot28__7,bot21__9,1424,N,False
4,bot25__0,bot21__9,1424,N,False
4,bot20__1,bot21__9,1424,N,False
4,reel4__8,bot62__0,1424,N,False
4,bot25__0,bot62__0,1424,N,False
4,reel50__2,bot62__0,1424,N,False
4,reel59__9,reel31__1,1424,N,False
4,reel20__3,reel31__1,1424,N,False
4,bot5__2,bot19__7,1424,N,False
4,bot9__7,bot42__4,1424,N,False
4,bot5__2,bot42__4,1424,N,False
4,bot5__2,bot44__7,1424,N,False
4,bot23__2,bot44__7,1424,N,False
4,reel32__8,reel33__9,1424,N,False
4,reel8__7,reel33__9,1424,N,False
4,reel36__2,reel57__9,1424,N,False
4,reel47__3,reel57__9,1424,N,False
4,bot10__8,bot22__5,1424,N,False
4,reel14__2,bot22__5,1424,N,False
4,reel10__5,bot22__5,1424,N,False
4,reel14__2,reel26__5,1424,N,False
4,reel22__2,bot71__1,1424,N,False
4,bot14__5,bot28__5,1424,N,False
4,reel2__5,bot28__5,1424,N,False
4,reel0__0,bot28__5,1424,N,False
4,reel16__9,reel25__6,1424,N,False
4,bot30__5,reel25__6,1424,N,False
4,reel8__2,bot34__8,1424,N,False
4,bot30__5,bot34__8,1424,N,False
4,bot27__0,bot42__1,1424,N,False
4,bot30__5,bot42__1,1424,N,False
4,reel1__4,reel28__8,1424,N,False
4,bot33__8,reel28__8,1424,N,False
4,reel18__7,reel28__8,1424,N,False
4,reel14__8,bot35__9,1424,N,False
4,reel14__1,bot35__9,1424,N,False
4,bot36__8,bot25__6,1424,N,False
4,reel29__5,reel59__2,1424,N,False
4,reel14__8,reel59__2,1424,N,False
4,reel29__5,reel60__4,1424,N,False
4,reel22__1,bot53__1,1424,N,False
4,reel13__7,bot53__1,1424,N,False
4,reel19__8,bot43__1,1424,N,False
4,reel34__7,bot44__6,1424,N,False
4,bot26__4,bot44__6,1424,N,False
4,bot5__4,bot24__7,1424,N,False
4,bot21__3,bot24__7,1424,N,False
4,bot5__4,bot64__9,1424,N,False
4,bot40__7,bot64__9,1424,N,False
4,bot32__8,reel16__7,1424,N,False
4,reel49__9,reel16__7,1424,N,False
4,reel31__5,reel16__7,1424,N,False
4,reel31__5,reel64__6,1424,N,False
4,bot2__4,bot41__7,1424,N,False
4,reel0__4,bot41__7,1424,N,False
4,reel52__7,reel48__8,1424,N,False
4,reel43__9,reel48__8,1424,N,False
4,reel52__7,reel63__3,1424,N,False
4,reel0__2,reel5__5,1424,N,False
4,reel0__2,reel7__1,1424,N,False
4,bot8__2,reel7__1,1424,N,False
4,bot29__6,reel7__1,1424,N,False
4,reel58__2,reel7__1,1424,N,False
4,reel0__2,reel21__2,1424,N,False
4,bot4__6,bot36__6,1424,N,False
4,reel13__4,bot34__9,1424,N,False
4,reel13__4,reel48__6,1424,N,False
4,bot46__4,reel38__7,1424,N,False
4,reel10__1,bot62__7,1424,N,False
4,bot46__4,bot62__7,1424,N,False
4,bot49__4,reel45__5,1424,N,False
4,reel4__3,bot18__3,1424,N,False
4,bot1__2,bot18__3,1424,N,False
4,reel22__3,reel29__0,1424,N,False
4,reel60__9,reel47__4,1424,N,False
4,reel68__0,reel62__5,1424,N,False
4,reel13__1,reel62__5,1424,N,False
4,reel60__9,reel62__5,1424,N,False
4,reel70__3,reel32__5,1424,N,False
4,reel26__0,reel32__5,1424,N,False
4,reel26__0,reel56__7,1424,N,False
4,bot26__3,reel16__6,1424,N,False
4,reel12__0,reel16__6,1424,N,False
4,reel8__2,reel16__6,1424,N,False
4,reel11__0,reel14__5,1424,N,False
4,reel10__5,reel14__5,1424,N,False
4,reel10__8,reel18__9,1424,N,False
4,reel11__0,reel18__9,1424,N,False
4,reel1__7,reel18__9,1424,N,False
4,reel24__5,reel40__7,1424,N,False
4,reel9__1,reel37__5,1424,N,False
4,reel9__1,reel52__8,1424,N,False
4,bot51__8,bot39__8,1424,N,False
4,reel8__7,bot39__8,1424,N,False
4,bot6__0,bot39__8,1424,N,False
4,bot1__2,bot71__6,1424,N,False
4,bot68__4,bot71__6,1424,N,False
4,reel42__5,reel21__8,1424,N,False
4,reel2__4,reel21__8,1424,N,False
4,reel34__8,reel27__6,1424,N,False
4,reel0__4,reel27__6,1424,N,False
4,reel33__0,reel39__9,1424,N,False
4,reel33__0,reel47__0,1424,N,False
4,reel0__0,reel47__0,1424,N,False
4,reel45__6,reel40__3,1424,N,False
4,reel50__2,reel40__3,1424,N,False
4,reel38__6,reel40__3,1424,N,False
4,bot33__9,bot2__0,1424,N,False
4,bot0__2,bot18__9,1424,N,False
4,bot16__6,bot18__9,1424,N,False
4,bot33__9,bot18__9,1424,N,False
4,reel14__4,reel70__9,1424,N,False
4,reel18__1,reel70__9,1424,N,False
4,reel8__2,bot35__5,1424,N,False
4,reel58__7,reel56__4,1424,N,False
4,reel11__8,reel56__4,1424,N,False
4,reel0__4,bot13__7,1424,N,False
4,reel38__1,bot59__2,1424,N,False
4,reel22__5,bot56__6,1424,N,False
4,reel7__2,bot56__6,1424,N,False
4,reel6__9,bot34__5,1424,N,False
4,reel11__5,reel17__0,1424,N,False
4,reel61__2,reel17__0,1424,N,False
4,reel61__2,bot64__5,1424,N,False
4,reel36__3,bot64__5,1424,N,False
4,reel6__5,reel36__9,1424,N,False
4,reel33__7,reel36__9,1424,N,False
4,reel6__5,bot41__0,1424,N,False
4,reel3__2,bot41__0,1424,N,False
4,reel20__3,reel30__6,1424,N,False
4,bot13__4,bot68__3,1424,N,False
4,reel26__3,bot68__3,1424,N,False
4,bot58__0,bot29__9,1424,N,False
4,reel23__1,bot29__9,1424,N,False
4,bot4__4,bot29__9,1424,N,False
4,reel20__9,bot53__9,1424,N,False
4,reel50__7,bot53__9,1424,N,False
4,reel50__7,bot71__5,1424,N,False
4,reel61__6,reel64__2,1424,N,False
4,reel65__4,reel64__2,1424,N,False
4,reel6__0,reel44__9,1424,N,False
4,reel23__9,reel44__9,1424,N,False
4,bot0__2,bot58__6,1424,N,False
4,bot71__3,bot58__6,1424,N,False
4,bot53__2,bot58__6,1424,N,False
4,reel35__6,bot62__3,1424,N,False
4,reel18__2,reel47__8,1424,N,False
4,reel11__6,bot52__1,1424,N,False
4,reel9__6,reel56__2,1424,N,False
4,reel45__9,reel56__2,1424,N,False
4,bot11__5,bot38__2,1424,N,False
4,bot11__7,bot52__8,1424,N,False
4,bot55__2,bot49__9,1424,N,False
4,reel12__4,reel52__4,1424,N,False
4,reel14__4,reel16__8,1424,N,False
4,reel1__6,reel16__8,1424,N,False
4,reel19__4,reel57__4,1424,N,False
4,reel15__1,bot57__9,1424,N,False
4,bot64__7,bot57__9,1424,N,False
4,reel15__1,bot69__6,1424,N,False
4,reel20__4,bot69__6,1424,N,False
4,bot14__5,bot50__5,1424,N,False
4,reel49__9,bot61__0,1424,N,False
4,bot44__4,bot59__1,1424,N,False
4,reel58__1,bot59__1,1424,N,False
4,bot37__9,bot15__0,1424,N,False
4,reel9__4,reel15__3,1424,N,False
4,reel9__4,reel45__1,1424,N,False
4,reel21__1,reel45__1,1424,N,False
4,reel9__4,reel56__0,1424,N,False
4,reel38__8,reel56__0,1424,N,False
4,bot19__6,bot34__0,1424,N,False
4,bot19__8,bot29__7,1424,N,False
4,bot12__1,bot45__4,1424,N,False
4,bot9__1,bot46__8,1424,N,False
4,bot12__1,bot46__8,1424,N,False
4,reel11__5,bot20__0,1424,N,False
4,reel16__3,bot20__0,1424,N,False
4,reel16__3,reel57__8,1424,N,False
4,bot60__8,bot22__8,1424,N,False
4,reel17__8,reel46__4,1424,N,False
4,reel17__8,bot61__1,1424,N,False
4,reel3__2,reel15__6,1424,N,False
4,bot23__6,bot41__4,1424,N,False
4,bot27__0,reel2__8,1424,N,False
4,bot36__1,bot40__1,1424,N,False
4,bot42__8,bot14__0,1424,N,False
4,bot42__8,bot44__8,1424,N,False
4,reel41__1,reel53__7,1424,N,False
4,reel66__7,reel53__7,1424,N,False
4,reel36__8,reel7__5,1424,N,False
4,reel10__5,reel7__5,1424,N,False
4,reel10__1,bot44__2,1424,N,False
4,reel1__6,bot68__9,1424,N,False
4,reel10__1,bot68__9,1424,N,False
4,reel10__8,bot16__2,1424,N,False
4,reel1__1,bot16__2,1424,N,False
4,bot51__3,bot27__5,1424,N,False
4,bot69__7,reel4__4,1424,N,False
4,bot11__0,reel4__4,1424,N,False
4,reel4__7,bot10__3,1424,N,False
4,reel4__7,bot30__4,1424,N,False
4,reel4__7,reel59__5,1424,N,False
4,reel26__3,reel59__0,1424,N,False
4,reel22__5,reel59__0,1424,N,False
4,reel30__5,reel52__2,1424,N,False
4,reel47__3,reel52__2,1424,N,False
4,reel20__4,reel70__2,1424,N,False
4,reel0__0,bot56__3,1424,N,False
4,bot48__3,bot56__3,1424,N,False
4,reel20__9,reel42__3,1424,N,False
4,reel24__4,reel42__3,1424,N,False
4,reel36__3,reel42__3,1424,N,False
4,reel24__4,bot63__0,1424,N,False
4,reel31__0,bot55__4,1424,N,False
4,bot24__6,bot54__9,1424,N,False
4,bot19__1,bot54__9,1424,N,False
4,bot2__8,bot54__9,1424,N,False
4,bot4__7,bot12__7,1424,N,False
4,bot8__9,bot9__5,1424,N,False
4,bot8__9,bot26__9,1424,N,False
4,bot8__2,bot58__7,1424,N,False
4,bot46__7,bot43__7,1424,N,False
4,reel2__2,bot16__3,1424,N,False
4,reel2__2,reel23__4,1424,N,False
4,reel2__2,bot63__4,1424,N,False
4,reel66__9,reel68__2,1424,N,False
4,reel22__0,reel18__0,1424,N,False
4,reel10__5,reel18__0,1424,N,False
4,reel21__5,bot26__8,1424,N,False
4,reel22__5,bot26__8,1424,N,False
4,reel21__5,bot34__4,1424,N,False
4,reel29__6,bot34__4,1424,N,False
4,reel30__8,reel38__5,1424,N,False
4,reel33__7,reel38__5,1424,N,False
4,reel53__8,reel38__5,1424,N,False
4,reel53__8,reel43__5,1424,N,False
4,bot28__7,bot21__5,1424,N,False
4,reel4__6,bot14__6,1424,N,False
4,reel4__6,reel55__6,1424,N,False
4,reel18__4,reel60__6,1424,N,False
4,bot16__8,bot5__7,1424,N,False
4,reel34__0,reel23__5,1424,N,False
4,reel8__3,bot35__8,1424,N,False
4,reel34__0,bot35__8,1424,N,False
4,bot32__8,bot23__8,1424,N,False
4,reel0__1,bot23__8,1424,N,False
4,bot32__8,bot36__3,1424,N,False
4,bot71__8,bot28__6,1424,N,False
4,reel29__6,reel55__1,1424,N,False
4,reel54__0,reel55__1,1424,N,False
4,reel29__4,reel43__2,1424,N,False
4,reel33__7,reel55__9,1424,N,False
4,reel1__7,reel17__1,1424,N,False
4,reel29__3,bot59__4,1424,N,False
4,reel29__3,reel64__1,1424,N,False
4,bot1__8,bot7__6,1424,N,False
4,reel24__9,reel51__4,1424,N,False
4,reel23__9,bot69__8,1424,N,False
4,bot29__8,bot56__0,1424,N,False
4,reel38__8,reel54__1,1424,N,False
4,bot32__6,bot57__5,1424,N,False
4,bot54__4,bot3__8,1424,N,False
4,reel7__8,reel33__8,1424,N,False
4,reel21__7,reel33__8,1424,N,False
4,reel21__7,reel35__2,1424,N,False
4,reel21__7,bot40__6,1424,N,False
4,reel6__6,reel25__5,1424,N,False
4,reel6__6,bot63__1,1424,N,False
4,reel22__8,reel46__3,1424,N,False
4,bot16__0,bot56__8,1424,N,False
4,reel10__5,reel68__9,1424,N,False
4,reel44__6,reel47__2,1424,N,False
4,reel44__6,bot59__3,1424,N,False
4,reel44__6,reel69__5,1424,N,False
4,reel23__8,bot39__5,1424,N,False
4,reel20__9,bot28__4,1424,N,False
4,reel20__9,reel44__4,1424,N,False
4,bot24__6,reel15__2,1424,N,False
4,reel9__5,reel15__2,1424,N,False
4,bot20__1,reel15__2,1424,N,False
4,reel46__1,bot64__2,1424,N,False
4,reel39__4,reel70__8,1424,N,False
4,reel48__4,bot66__2,1424,N,False
4,reel0__0,reel38__3,1424,N,False
4,reel11__5,reel38__0,1424,N,False
4,reel36__3,bot65__2,1424,N,False
4,reel19__0,bot26__7,1424,N,False
4,reel19__0,bot39__7,1424,N,False
4,bot26__3,bot39__7,1424,N,False
4,bot26__3,bot23__5,1424,N,False
4,reel1__2,bot23__5,1424,N,False
4,reel31__3,reel42__0,1424,N,False
4,reel31__3,reel47__7,1424,N,False
4,reel9__5,reel36__1,1424,N,False
4,bot59__9,bot63__9,1424,N,False
4,reel23__0,bot65__5,1424,N,False
4,reel1__2,bot37__3,1424,N,False
4,bot51__0,reel41__9,1425,N,False
4,reel13__1,reel41__9,1425,N,False
4,reel3__9,reel41__9,1425,N,False
4,reel7__5,bot36__3,1425,N,False
4,bot44__6,bot36__3,1425,N,False
4,reel7__5,reel36__8,1425,N,False
4,bot12__7,bot26__7,1425,N,False
4,reel7__0,bot26__7,1425,N,False
4,bot12__7,bot38__0,1425,N,False
4,reel24__9,bot38__0,1425,N,False
4,bot17__7,bot69__5,1425,N,False
4,reel6__2,bot69__5,1425,N,False
4,reel0__1,reel12__2,1425,N,False
4,bot60__1,reel12__2,1425,N,False
4,reel7__0,reel12__2,1425,N,False
4,reel38__8,reel12__2,1425,N,False
4,bot21__2,bot61__0,1425,N,False
4,reel7__0,bot61__0,1425,N,False
4,bot7__2,reel4__5,1425,N,False
4,bot23__9,reel4__5,1425,N,False
4,bot15__0,bot27__7,1425,N,False
4,bot23__9,bot27__7,1425,N,False
4,reel6__9,bot66__7,1425,N,False
4,bot7__2,bot66__7,1425,N,False
4,bot58__8,reel17__5,1425,N,False
4,reel31__8,reel17__5,1425,N,False
4,bot58__8,bot17__0,1425,N,False
4,reel6__0,reel44__9,1425,N,False
4,bot61__9,reel44__9,1425,N,False
4,reel8__6,reel5__5,1425,N,False
4,reel62__0,reel29__2,1425,N,False
4,reel34__9,reel29__2,1425,N,False
4,bot68__4,reel29__2,1425,N,False
4,reel3__0,reel29__2,1425,N,False
4,reel8__6,reel29__2,1425,N,False
4,reel19__3,reel60__0,1425,N,False
4,reel52__5,reel60__0,1425,N,False
4,reel6__9,reel36__3,1425,N,False
4,reel42__3,reel36__3,1425,N,False
4,bot20__0,bot57__0,1425,N,False
4,bot28__0,bot57__0,1425,N,False
4,bot11__3,bot32__5,1425,N,False
4,bot11__3,bot38__1,1425,N,False
4,reel33__1,bot54__8,1425,N,False
4,reel30__9,bot54__8,1425,N,False
4,bot23__7,bot54__8,1425,N,False
4,reel23__3,bot30__8,1425,N,False
4,reel12__6,bot30__8,1425,N,False
4,reel31__0,bot55__4,1425,N,False
4,reel12__6,bot55__4,1425,N,False
4,bot44__0,bot23__6,1425,N,False
4,reel4__8,bot23__6,1425,N,False
4,bot9__5,bot52__6,1425,N,False
4,reel36__2,reel22__8,1425,N,False
4,reel10__8,reel22__8,1425,N,False
4,reel1__2,reel22__8,1425,N,False
4,reel36__2,reel57__9,1425,N,False
4,bot50__8,bot38__5,1425,N,False
4,reel4__9,bot38__5,1425,N,False
4,bot15__3,bot38__5,1425,N,False
4,reel52__5,reel57__7,1425,N,False
4,reel2__0,reel57__7,1425,N,False
4,reel27__1,reel57__7,1425,N,False
4,reel48__3,bot55__6,1425,N,False
4,reel48__3,bot65__2,1425,N,False
4,reel48__3,bot68__1,1425,N,False
4,bot31__0,bot68__1,1425,N,False
4,reel8__1,reel12__0,1425,N,False
4,reel16__6,reel12__0,1425,N,False
4,reel0__5,reel12__0,1425,N,False
4,reel0__5,bot31__1,1425,N,False
4,reel0__5,bot34__1,1425,N,False
4,reel6__2,bot34__1,1425,N,False
4,reel5__1,bot39__4,1425,N,False
4,bot0__3,bot39__4,1425,N,False
4,reel0__5,bot39__4,1425,N,False
4,reel46__0,bot52__7,1425,N,False
4,reel0__5,bot52__7,1425,N,False
4,reel24__9,reel6__8,1425,N,False
4,reel2__5,reel6__8,1425,N,False
4,reel3__2,reel6__8,1425,N,False
4,reel2__5,bot28__5,1425,N,False
4,reel0__0,bot28__5,1425,N,False
4,reel34__9,reel47__1,1425,N,False
4,reel55__7,reel47__1,1425,N,False
4,bot46__9,reel41__0,1425,N,False
4,bot30__5,bot42__1,1425,N,False
4,reel37__1,bot55__5,1425,N,False
4,reel37__1,bot67__4,1425,N,False
4,bot42__0,bot11__0,1425,N,False
4,bot10__5,bot11__0,1425,N,False
4,bot5__4,bot24__7,1425,N,False
4,bot5__4,bot64__9,1425,N,False
4,reel30__3,bot64__9,1425,N,False
4,bot10__8,bot27__2,1425,N,False
4,bot53__7,bot42__6,1425,N,False
4,bot10__3,bot42__6,1425,N,False
4,bot53__7,bot67__3,1425,N,False
4,bot7__0,bot31__3,1425,N,False
4,reel23__3,bot31__3,1425,N,False
4,bot46__4,bot62__7,1425,N,False
4,bot55__1,bot58__7,1425,N,False
4,bot49__4,reel45__5,1425,N,False
4,bot20__9,bot55__8,1425,N,False
4,reel4__3,bot7__9,1425,N,False
4,reel3__2,bot7__9,1425,N,False
4,reel4__3,reel9__1,1425,N,False
4,reel12__8,reel9__1,1425,N,False
4,reel4__3,bot18__3,1425,N,False
4,reel2__8,reel25__3,1425,N,False
4,reel22__3,reel23__2,1425,N,False
4,bot39__1,bot45__9,1425,N,False
4,bot36__5,bot45__9,1425,N,False
4,reel70__1,reel63__1,1425,N,False
4,reel2__1,reel63__1,1425,N,False
4,reel23__3,bot42__2,1425,N,False
4,bot39__1,bot7__5,1425,N,False
4,reel30__1,bot38__7,1425,N,False
4,bot18__5,bot59__0,1425,N,False
4,reel2__0,bot59__0,1425,N,False
4,bot1__7,bot27__5,1425,N,False
4,bot13__8,bot27__5,1425,N,False
4,reel15__9,bot27__5,1425,N,False
4,bot68__4,bot48__4,1425,N,False
4,bot68__4,bot71__6,1425,N,False
4,reel12__8,reel30__6,1425,N,False
4,reel12__8,reel69__0,1425,N,False
4,bot58__6,bot53__2,1425,N,False
4,reel34__8,reel27__6,1425,N,False
4,reel0__4,reel27__6,1425,N,False
4,reel34__8,reel26__9,1425,N,False
4,reel13__6,reel26__9,1425,N,False
4,reel34__8,bot59__5,1425,N,False
4,reel52__9,bot59__5,1425,N,False
4,reel11__9,reel28__3,1425,N,False
4,reel6__4,reel28__3,1425,N,False
4,reel6__4,bot38__6,1425,N,False
4,reel53__9,reel40__9,1425,N,False
4,reel13__2,bot27__1,1425,N,False
4,bot20__2,bot27__1,1425,N,False
4,bot24__8,bot18__6,1425,N,False
4,bot21__6,bot18__6,1425,N,False
4,bot7__1,bot18__6,1425,N,False
4,reel0__4,reel68__8,1425,N,False
4,reel38__1,bot59__2,1425,N,False
4,bot22__6,bot37__0,1425,N,False
4,reel7__2,bot43__8,1425,N,False
4,reel7__2,bot56__6,1425,N,False
4,reel6__9,reel49__8,1425,N,False
4,reel61__9,reel32__7,1425,N,False
4,reel61__9,reel63__2,1425,N,False
4,bot53__0,reel50__9,1425,N,False
4,reel22__1,reel50__9,1425,N,False
4,reel63__5,reel14__4,1425,N,False
4,reel70__9,reel14__4,1425,N,False
4,reel5__1,reel33__7,1425,N,False
4,bot58__0,bot29__9,1425,N,False
4,reel23__1,bot29__9,1425,N,False
4,bot4__4,bot29__9,1425,N,False
4,bot10__0,bot34__0,1425,N,False
4,reel39__5,bot49__7,1425,N,False
4,reel6__0,reel24__5,1425,N,False
4,reel18__2,reel47__8,1425,N,False
4,reel41__8,reel47__8,1425,N,False
4,reel25__0,bot31__5,1425,N,False
4,reel45__9,bot51__3,1425,N,False
4,reel9__6,reel56__2,1425,N,False
4,reel45__9,reel56__2,1425,N,False
4,reel45__9,reel70__6,1425,N,False
4,reel32__5,bot38__2,1425,N,False
4,bot11__5,bot38__2,1425,N,False
4,bot11__7,bot52__8,1425,N,False
4,reel12__1,bot20__5,1425,N,False
4,reel46__0,reel29__3,1425,N,False
4,reel21__0,reel29__3,1425,N,False
4,reel20__5,reel29__3,1425,N,False
4,reel10__4,bot61__5,1425,N,False
4,bot10__3,bot71__1,1425,N,False
4,reel7__6,reel19__5,1425,N,False
4,reel7__6,reel49__9,1425,N,False
4,reel36__5,reel14__9,1425,N,False
4,reel7__8,reel14__9,1425,N,False
4,reel36__5,reel51__9,1425,N,False
4,reel42__6,bot51__4,1425,N,False
4,reel15__2,reel39__9,1425,N,False
4,reel30__3,reel49__0,1425,N,False
4,bot15__5,bot36__1,1425,N,False
4,bot15__5,bot66__2,1425,N,False
4,reel4__8,reel10__3,1425,N,False
4,reel9__2,reel10__3,1425,N,False
4,reel8__8,reel34__7,1425,N,False
4,bot44__6,reel34__7,1425,N,False
4,reel9__4,reel15__3,1425,N,False
4,reel9__4,reel56__0,1425,N,False
4,reel38__8,reel56__0,1425,N,False
4,bot0__8,bot27__3,1425,N,False
4,reel26__6,bot43__7,1425,N,False
4,reel26__6,reel48__4,1425,N,False
4,reel11__5,reel15__8,1425,N,False
4,bot21__6,reel15__8,1425,N,False
4,reel2__4,reel15__8,1425,N,False
4,bot21__6,bot25__7,1425,N,False
4,bot62__1,reel43__7,1425,N,False
4,reel23__1,reel31__4,1425,N,False
4,reel28__7,reel41__5,1425,N,False
4,reel23__1,reel41__5,1425,N,False
4,reel16__3,reel57__8,1425,N,False
4,reel35__4,reel57__8,1425,N,False
4,reel17__8,reel46__4,1425,N,False
4,reel17__8,bot61__1,1425,N,False
4,reel41__3,reel22__7,1425,N,False
4,bot1__4,bot45__1,1425,N,False
4,reel3__2,reel15__6,1425,N,False
4,reel3__2,bot41__0,1425,N,False
4,reel3__2,reel66__4,1425,N,False
4,bot47__8,bot28__6,1425,N,False
4,reel17__7,reel22__5,1425,N,False
4,reel60__5,reel22__5,1425,N,False
4,reel60__5,bot66__9,1425,N,False
4,reel25__2,reel60__2,1425,N,False
4,reel11__9,reel39__6,1425,N,False
4,reel11__9,reel55__4,1425,N,False
4,reel2__9,reel55__4,1425,N,False
4,reel66__7,reel53__7,1425,N,False
4,bot15__0,bot47__1,1425,N,False
4,bot0__6,bot63__6,1425,N,False
4,reel56__7,reel33__6,1425,N,False
4,reel8__8,reel31__1,1425,N,False
4,reel26__3,reel51__8,1425,N,False
4,reel26__3,reel59__0,1425,N,False
4,reel26__3,bot68__3,1425,N,False
4,reel47__9,reel63__0,1425,N,False
4,bot29__8,bot56__0,1425,N,False
4,bot29__3,bot56__0,1425,N,False
4,reel24__4,bot54__5,1425,N,False
4,bot71__2,reel68__0,1425,N,False
4,reel23__0,reel68__0,1425,N,False
4,reel11__5,reel13__4,1425,N,False
4,reel48__6,reel13__4,1425,N,False
4,reel17__3,reel13__4,1425,N,False
4,reel17__3,bot38__3,1425,N,False
4,reel0__1,bot13__4,1425,N,False
4,bot4__7,bot13__4,1425,N,False
4,bot0__5,bot25__4,1425,N,False
4,reel35__4,reel64__6,1425,N,False
4,bot8__9,bot26__9,1425,N,False
4,bot8__9,bot30__3,1425,N,False
4,reel1__8,bot4__0,1425,N,False
4,bot15__3,bot29__0,1425,N,False
4,reel13__1,bot67__1,1425,N,False
4,reel39__3,bot67__1,1425,N,False
4,bot11__4,bot67__1,1425,N,False
4,bot18__5,bot59__4,1425,N,False
4,bot26__3,bot23__5,1425,N,False
4,reel1__2,bot23__5,1425,N,False
4,reel18__8,bot23__5,1425,N,False
4,reel0__0,reel38__3,1425,N,False
4,reel18__8,reel38__3,1425,N,False
4,reel18__8,bot42__4,1425,N,False
4,bot6__8,bot50__1,1425,N,False
4,bot21__7,bot40__0,1425,N,False
4,reel35__1,bot44__5,1425,N,False
4,bot28__7,bot21__5,1425,N,False
4,bot17__2,bot36__0,1425,N,False
4,bot3__9,bot18__2,1425,N,False
4,reel34__0,reel23__5,1425,N,False
4,reel8__3,bot35__8,1425,N,False
4,reel34__0,bot35__8,1425,N,False
4,reel52__3,reel66__3,1425,N,False
4,reel13__1,reel58__7,1425,N,False
4,bot11__4,bot17__4,1425,N,False
4,reel8__1,bot48__0,1425,N,False
4,bot71__7,bot48__0,1425,N,False
4,bot32__0,bot48__0,1425,N,False
4,reel52__6,reel48__9,1425,N,False
4,reel29__6,reel55__1,1425,N,False
4,reel54__0,reel55__1,1425,N,False
4,reel54__0,reel69__7,1425,N,False
4,reel9__9,reel64__7,1425,N,False
4,reel0__1,bot23__8,1425,N,False
4,reel22__1,bot53__1,1425,N,False
4,reel24__9,reel32__0,1425,N,False
4,reel2__3,bot40__6,1425,N,False
4,reel2__3,bot54__3,1425,N,False
4,reel2__3,bot61__8,1425,N,False
4,reel32__5,bot43__2,1425,N,False
4,reel13__6,reel17__1,1425,N,False
4,reel13__6,reel33__5,1425,N,False
4,reel29__7,bot68__9,1425,N,False
4,bot69__9,bot21__0,1425,N,False
4,reel44__3,reel54__4,1425,N,False
4,bot16__0,bot56__8,1425,N,False
4,reel29__0,reel50__3,1425,N,False
4,reel10__5,reel50__3,1425,N,False
4,reel10__5,reel56__3,1425,N,False
4,reel10__5,reel68__9,1425,N,False
4,bot51__0,bot68__6,1425,N,False
4,reel44__6,bot59__3,1425,N,False
4,reel27__2,bot31__7,1425,N,False
4,reel27__2,bot64__0,1425,N,False
4,reel49__5,bot63__8,1425,N,False
4,reel24__0,bot48__8,1425,N,False
4,bot13__6,bot14__6,1425,N,False
4,reel31__7,bot66__1,1425,N,False
4,bot16__6,reel6__6,1425,N,False
4,reel30__0,reel6__6,1425,N,False
4,reel29__0,reel68__5,1425,N,False
4,reel11__5,reel17__0,1425,N,False
4,reel11__5,reel38__0,1425,N,False
4,reel11__5,reel54__6,1425,N,False
4,reel31__3,reel42__0,1425,N,False
4,reel7__8,reel33__8,1425,N,False
4,reel7__8,bot61__4,1425,N,False
4,reel21__4,reel28__4,1425,N,False
4,reel21__4,reel36__9,1425,N,False
4,bot1__7,bot35__3,1425,N,False
4,reel17__7,reel46__3,1425,N,False
4,180,reel0__9,1426,N,False
4,reel3__6,reel0__9,1426,N,False
4,180,reel8__8,1426,N,False
4,reel34__7,reel8__8,1426,N,False
4,19,reel8__8,1426,N,False
4,180,bot32__0,1426,N,False
4,337,bot32__0,1426,N,False
4,reel3__9,bot11__4,1426,N,False
4,reel3__9,reel29__1,1426,N,False
4,reel3__9,reel41__9,1426,N,False
4,reel67__4,reel13__9,1426,N,False
4,145,reel10__9,1426,N,False
4,reel58__0,reel10__9,1426,N,False
4,145,bot29__1,1426,N,False
4,7,bot15__7,1426,N,False
4,reel10__5,bot15__7,1426,N,False
4,80,reel13__3,1426,N,False
4,80,reel29__6,1426,N,False
4,80,reel30__0,1426,N,False
4,reel6__6,reel30__0,1426,N,False
4,80,reel50__6,1426,N,False
4,80,bot58__9,1426,N,False
4,270,reel0__7,1426,N,False
4,270,reel8__5,1426,N,False
4,270,reel19__1,1426,N,False
4,270,bot31__1,1426,N,False
4,reel0__5,bot31__1,1426,N,False
4,270,reel37__3,1426,N,False
4,270,reel42__5,1426,N,False
4,204,bot25__7,1426,N,False
4,204,bot51__0,1426,N,False
4,309,reel17__6,1426,N,False
4,57,bot61__7,1426,N,False
4,309,bot61__7,1426,N,False
4,225,reel61__0,1426,N,False
4,309,reel61__0,1426,N,False
4,reel40__6,reel42__1,1426,N,False
4,reel35__8,reel42__1,1426,N,False
4,reel53__1,reel42__1,1426,N,False
4,reel26__6,reel54__7,1426,N,False
4,reel53__1,reel54__7,1426,N,False
4,reel0__5,reel31__3,1426,N,False
4,53,reel31__3,1426,N,False
4,reel42__0,reel31__3,1426,N,False
4,5,bot33__0,1426,N,False
4,262,bot1__0,1426,N,False
4,229,bot1__0,1426,N,False
4,339,bot15__5,1426,N,False
4,262,bot15__5,1426,N,False
4,262,reel22__9,1426,N,False
4,reel4__9,bot7__3,1426,N,False
4,bot34__9,bot7__3,1426,N,False
4,bot34__9,bot37__8,1426,N,False
4,reel33__0,reel39__9,1426,N,False
4,226,reel11__8,1426,N,False
4,306,reel11__8,1426,N,False
4,306,reel66__4,1426,N,False
4,68,reel70__8,1426,N,False
4,reel42__7,reel18__2,1426,N,False
4,83,reel18__2,1426,N,False
4,154,reel18__2,1426,N,False
4,153,reel43__7,1426,N,False
4,153,reel49__2,1426,N,False
4,81,reel49__2,1426,N,False
4,bot24__8,bot18__6,1426,N,False
4,232,bot18__6,1426,N,False
4,bot24__8,bot29__3,1426,N,False
4,bot56__0,bot29__3,1426,N,False
4,19,bot29__3,1426,N,False
4,251,bot19__0,1426,N,False
4,229,bot19__0,1426,N,False
4,bot7__9,bot36__9,1426,N,False
4,229,bot36__9,1426,N,False
4,307,reel10__4,1426,N,False
4,191,reel10__4,1426,N,False
4,307,bot71__3,1426,N,False
4,159,reel3__4,1426,N,False
4,159,bot25__3,1426,N,False
4,232,bot7__7,1426,N,False
4,110,bot7__7,1426,N,False
4,294,bot7__7,1426,N,False
4,171,reel17__8,1426,N,False
4,110,reel17__8,1426,N,False
4,299,reel32__5,1426,N,False
4,110,reel32__5,1426,N,False
4,57,bot21__3,1426,N,False
4,reel1__1,bot21__3,1426,N,False
4,57,bot35__1,1426,N,False
4,191,bot22__1,1426,N,False
4,301,bot22__1,1426,N,False
4,191,bot71__7,1426,N,False
4,225,bot71__7,1426,N,False
4,279,bot22__8,1426,N,False
4,279,bot28__3,1426,N,False
4,179,bot28__3,1426,N,False
4,279,bot50__3,1426,N,False
4,bot61__9,bot65__5,1426,N,False
4,reel60__3,reel30__8,1426,N,False
4,256,reel30__8,1426,N,False
4,249,reel35__2,1426,N,False
4,reel52__5,reel35__2,1426,N,False
4,260,reel35__2,1426,N,False
4,reel52__5,reel57__7,1426,N,False
4,reel52__5,reel60__0,1426,N,False
4,257,bot13__7,1426,N,False
4,reel0__4,bot13__7,1426,N,False
4,208,reel27__7,1426,N,False
4,reel48__7,reel27__7,1426,N,False
4,reel0__4,reel27__7,1426,N,False
4,reel0__4,bot37__1,1426,N,False
4,reel0__4,bot41__7,1426,N,False
4,reel27__0,reel68__8,1426,N,False
4,reel0__4,reel68__8,1426,N,False
4,337,bot57__3,1426,N,False
4,283,reel19__9,1426,N,False
4,bot22__6,reel19__9,1426,N,False
4,bot22__6,bot37__0,1426,N,False
4,289,bot2__3,1426,N,False
4,38,bot2__3,1426,N,False
4,312,reel60__1,1426,N,False
4,reel53__4,reel60__1,1426,N,False
4,16,reel69__3,1426,N,False
4,reel53__4,reel69__3,1426,N,False
4,319,bot32__4,1426,N,False
4,reel0__5,bot32__4,1426,N,False
4,bot11__3,bot38__1,1426,N,False
4,218,reel2__0,1426,N,False
4,bot59__7,bot37__5,1426,N,False
4,218,bot37__5,1426,N,False
4,reel23__6,reel42__8,1426,N,False
4,reel44__3,reel42__8,1426,N,False
4,reel44__3,reel45__6,1426,N,False
4,bot69__5,reel54__4,1426,N,False
4,reel44__3,reel54__4,1426,N,False
4,reel11__1,reel17__2,1426,N,False
4,reel11__1,bot38__8,1426,N,False
4,reel11__1,reel42__2,1426,N,False
4,reel35__7,reel42__2,1426,N,False
4,53,reel3__1,1426,N,False
4,291,reel3__1,1426,N,False
4,260,reel3__1,1426,N,False
4,339,reel9__6,1426,N,False
4,291,reel9__6,1426,N,False
4,291,reel10__7,1426,N,False
4,bot71__4,bot20__9,1426,N,False
4,bot3__2,bot18__4,1426,N,False
4,151,bot18__4,1426,N,False
4,151,bot24__3,1426,N,False
4,reel20__3,reel30__6,1426,N,False
4,reel20__3,reel31__1,1426,N,False
4,reel20__3,reel32__8,1426,N,False
4,51,reel32__8,1426,N,False
4,reel20__3,bot45__5,1426,N,False
4,reel20__3,bot60__3,1426,N,False
4,101,bot6__2,1426,N,False
4,29,bot11__2,1426,N,False
4,29,bot47__9,1426,N,False
4,29,bot55__7,1426,N,False
4,333,reel58__5,1426,N,False
4,29,reel58__5,1426,N,False
4,reel62__6,reel32__9,1426,N,False
4,321,reel32__9,1426,N,False
4,reel20__4,bot69__6,1426,N,False
4,130,reel2__6,1426,N,False
4,130,reel6__1,1426,N,False
4,130,reel19__6,1426,N,False
4,reel20__2,reel37__8,1426,N,False
4,reel20__2,bot51__1,1426,N,False
4,reel20__2,bot65__9,1426,N,False
4,bot66__4,bot65__9,1426,N,False
4,339,reel29__4,1426,N,False
4,234,reel29__4,1426,N,False
4,294,reel29__4,1426,N,False
4,294,bot62__6,1426,N,False
4,347,reel2__1,1426,N,False
4,339,reel18__8,1426,N,False
4,339,reel25__2,1426,N,False
4,reel48__7,bot56__2,1426,N,False
4,6,bot69__7,1426,N,False
4,139,bot36__6,1426,N,False
4,249,bot36__6,1426,N,False
4,139,reel50__2,1426,N,False
4,330,reel50__2,1426,N,False
4,143,reel41__3,1426,N,False
4,reel52__8,reel41__3,1426,N,False
4,reel20__8,reel41__3,1426,N,False
4,346,reel27__2,1426,N,False
4,346,bot65__6,1426,N,False
4,211,reel21__7,1426,N,False
4,249,reel21__7,1426,N,False
4,154,reel23__3,1426,N,False
4,reel48__6,reel23__3,1426,N,False
4,211,reel23__3,1426,N,False
4,184,reel36__4,1426,N,False
4,288,reel36__4,1426,N,False
4,211,reel36__4,1426,N,False
4,bot6__6,bot9__6,1426,N,False
4,reel66__7,reel25__0,1426,N,False
4,251,reel25__0,1426,N,False
4,bot16__0,bot6__8,1426,N,False
4,173,bot6__8,1426,N,False
4,bot16__0,bot21__8,1426,N,False
4,53,bot21__8,1426,N,False
4,bot16__0,bot56__8,1426,N,False
4,38,bot5__2,1426,N,False
4,reel40__6,reel35__6,1426,N,False
4,83,bot8__2,1426,N,False
4,83,bot14__3,1426,N,False
4,reel22__8,reel10__8,1426,N,False
4,183,reel10__8,1426,N,False
4,81,reel10__8,1426,N,False
4,179,reel44__7,1426,N,False
4,reel6__6,reel44__7,1426,N,False
4,reel6__6,bot55__3,1426,N,False
4,reel6__6,bot63__1,1426,N,False
4,bot23__0,bot45__7,1426,N,False
4,reel10__5,bot45__7,1426,N,False
4,reel10__5,reel50__3,1426,N,False
4,reel10__5,reel68__9,1426,N,False
4,reel36__2,reel57__9,1426,N,False
4,59,reel21__0,1426,N,False
4,reel31__0,bot32__1,1426,N,False
4,reel31__0,bot55__4,1426,N,False
4,256,bot6__9,1426,N,False
4,reel8__7,bot11__7,1426,N,False
4,256,bot11__7,1426,N,False
4,bot52__2,reel11__6,1426,N,False
4,256,reel11__6,1426,N,False
4,reel3__6,reel11__6,1426,N,False
4,256,bot58__3,1426,N,False
4,256,reel63__5,1426,N,False
4,232,bot1__7,1426,N,False
4,47,bot1__7,1426,N,False
4,47,reel19__2,1426,N,False
4,47,bot29__2,1426,N,False
4,bot46__9,bot29__2,1426,N,False
4,bot3__8,bot54__4,1426,N,False
4,bot3__8,bot57__7,1426,N,False
4,222,reel65__4,1426,N,False
4,reel17__3,bot38__3,1426,N,False
4,171,bot2__5,1426,N,False
4,bot16__1,bot2__5,1426,N,False
4,250,bot2__5,1426,N,False
4,1,bot2__5,1426,N,False
4,250,reel51__9,1426,N,False
4,250,reel56__2,1426,N,False
4,reel20__8,bot23__9,1426,N,False
4,reel4__5,bot23__9,1426,N,False
4,208,bot2__2,1426,N,False
4,208,bot32__7,1426,N,False
4,bot11__5,bot38__2,1426,N,False
4,143,bot38__5,1426,N,False
4,reel4__9,bot38__5,1426,N,False
4,330,reel16__4,1426,N,False
4,330,reel51__0,1426,N,False
4,283,reel32__7,1426,N,False
4,reel10__3,reel32__7,1426,N,False
4,138,bot51__4,1426,N,False
4,bot29__0,bot67__4,1426,N,False
4,138,bot67__4,1426,N,False
4,64,reel6__9,1426,N,False
4,reel49__5,reel8__3,1426,N,False
4,137,reel49__4,1426,N,False
4,33,bot6__0,1426,N,False
4,bot56__6,reel7__2,1426,N,False
4,bot23__0,reel7__2,1426,N,False
4,341,reel7__2,1426,N,False
4,33,reel7__2,1426,N,False
4,reel6__3,reel14__6,1426,N,False
4,33,reel14__6,1426,N,False
4,33,bot17__9,1426,N,False
4,214,reel5__0,1426,N,False
4,reel0__5,reel5__0,1426,N,False
4,312,bot34__1,1426,N,False
4,reel0__5,bot34__1,1426,N,False
4,bot0__3,bot39__4,1426,N,False
4,reel0__5,bot39__4,1426,N,False
4,reel0__5,bot52__7,1426,N,False
4,173,reel5__8,1426,N,False
4,reel24__0,reel5__8,1426,N,False
4,173,reel64__3,1426,N,False
4,reel24__0,reel64__3,1426,N,False
4,bot16__1,bot19__2,1426,N,False
4,reel19__5,reel31__6,1426,N,False
4,225,reel31__6,1426,N,False
4,194,bot3__7,1426,N,False
4,reel0__1,bot13__4,1426,N,False
4,194,bot13__4,1426,N,False
4,194,reel34__3,1426,N,False
4,116,reel14__2,1426,N,False
4,116,bot70__4,1426,N,False
4,bot41__4,bot13__1,1426,N,False
4,183,reel26__8,1426,N,False
4,reel44__5,bot70__1,1426,N,False
4,bot46__9,bot70__1,1426,N,False
4,reel3__6,reel40__0,1426,N,False
4,226,reel16__7,1426,N,False
4,226,reel18__3,1426,N,False
4,336,reel18__3,1426,N,False
4,226,reel20__0,1426,N,False
4,341,reel38__9,1426,N,False
4,226,reel38__9,1426,N,False
4,226,bot53__2,1426,N,False
4,reel45__7,bot53__2,1426,N,False
4,reel45__7,reel70__5,1426,N,False
4,288,bot7__0,1426,N,False
4,333,bot7__0,1426,N,False
4,288,reel7__9,1426,N,False
4,24,reel7__9,1426,N,False
4,288,reel16__0,1426,N,False
4,288,bot44__4,1426,N,False
4,53,reel9__8,1426,N,False
4,163,reel9__8,1426,N,False
4,53,bot21__2,1426,N,False
4,53,bot23__1,1426,N,False
4,163,bot9__7,1426,N,False
4,163,reel50__7,1426,N,False
4,234,bot10__5,1426,N,False
4,reel3__8,bot10__5,1426,N,False
4,234,bot17__1,1426,N,False
4,234,bot44__5,1426,N,False
4,reel35__1,bot44__5,1426,N,False
4,reel1__8,bot4__0,1426,N,False
4,240,reel44__4,1426,N,False
4,105,reel21__1,1426,N,False
4,44,reel35__5,1426,N,False
4,105,reel35__5,1426,N,False
4,231,reel38__6,1426,N,False
4,105,reel38__6,1426,N,False
4,105,bot39__9,1426,N,False
4,reel39__8,reel57__4,1426,N,False
4,51,bot8__9,1426,N,False
4,184,reel26__3,1426,N,False
4,184,reel57__1,1426,N,False
4,reel35__8,reel36__8,1426,N,False
4,reel35__8,reel52__0,1426,N,False
4,283,bot13__8,1426,N,False
4,92,bot13__8,1426,N,False
4,92,bot69__9,1426,N,False
4,260,reel38__8,1426,N,False
4,36,bot0__5,1426,N,False
4,36,reel49__8,1426,N,False
4,reel34__4,reel47__3,1426,N,False
4,232,bot18__2,1426,N,False
4,81,reel42__6,1426,N,False
4,81,reel61__6,1426,N,False
4,243,bot5__8,1426,N,False
4,243,reel5__5,1426,N,False
4,243,reel19__8,1426,N,False
4,301,reel19__8,1426,N,False
4,243,reel27__9,1426,N,False
4,reel8__7,reel27__9,1426,N,False
4,243,reel59__8,1426,N,False
4,314,reel59__8,1426,N,False
4,reel1__1,reel59__8,1426,N,False
4,243,reel60__2,1426,N,False
4,bot24__5,bot63__2,1426,N,False
4,121,bot5__9,1426,N,False
4,121,reel58__4,1426,N,False
4,bot56__6,bot45__4,1426,N,False
4,132,reel1__9,1426,N,False
4,132,reel14__9,1426,N,False
4,reel7__8,reel14__9,1426,N,False
4,reel27__0,bot31__8,1426,N,False
4,321,bot71__5,1426,N,False
4,336,bot71__5,1426,N,False
4,155,bot38__4,1426,N,False
4,316,reel2__8,1426,N,False
4,reel35__1,reel67__0,1426,N,False
4,32,reel67__0,1426,N,False
4,86,reel27__8,1426,N,False
4,bot0__3,bot69__4,1426,N,False
4,301,reel39__1,1426,N,False
4,reel44__5,reel39__1,1426,N,False
4,reel44__5,reel47__4,1426,N,False
4,reel44__5,bot52__4,1426,N,False
4,reel52__3,reel66__3,1426,N,False
4,reel44__5,reel66__3,1426,N,False
4,58,reel15__6,1426,N,False
4,58,reel37__6,1426,N,False
4,reel26__6,bot43__7,1426,N,False
4,1,reel2__3,1426,N,False
4,1,bot4__9,1426,N,False
4,1,bot18__5,1426,N,False
4,reel5__6,reel69__5,1426,N,False
4,reel6__3,bot28__1,1426,N,False
4,reel6__3,bot48__9,1426,N,False
4,reel11__5,reel17__0,1426,N,False
4,reel11__5,bot26__4,1426,N,False
4,reel11__5,reel34__2,1426,N,False
4,reel11__5,reel38__0,1426,N,False
4,reel11__5,reel54__6,1426,N,False
4,24,reel54__6,1426,N,False
4,231,bot1__9,1426,N,False
4,231,bot4__2,1426,N,False
4,231,reel6__5,1426,N,False
4,reel4__0,reel6__5,1426,N,False
4,231,bot26__5,1426,N,False
4,231,reel58__8,1426,N,False
4,reel34__7,bot44__6,1426,N,False
4,bot59__7,bot66__3,1426,N,False
4,249,bot34__3,1426,N,False
4,249,reel38__4,1426,N,False
4,bot46__1,reel3__2,1426,N,False
4,bot7__9,reel3__2,1426,N,False
4,267,reel15__3,1426,N,False
4,267,bot27__3,1426,N,False
4,230,bot36__5,1426,N,False
4,230,reel46__1,1426,N,False
4,281,bot36__2,1426,N,False
4,bot3__2,bot11__9,1426,N,False
4,127,reel62__9,1426,N,False
4,reel23__1,bot29__9,1426,N,False
4,reel23__1,reel31__4,1426,N,False
4,reel23__1,reel41__5,1426,N,False
4,333,reel28__2,1426,N,False
4,257,bot58__4,1426,N,False
4,reel28__5,reel40__3,1426,N,False
4,reel18__0,reel22__0,1426,N,False
4,reel18__0,reel25__8,1426,N,False
4,97,reel39__5,1426,N,False
4,97,reel49__1,1426,N,False
4,reel52__3,bot66__8,1426,N,False
4,bot46__1,reel45__5,1426,N,False
4,312,reel30__1,1426,N,False
4,312,reel46__9,1426,N,False
4,157,reel2__4,1426,N,False
4,16,reel69__1,1426,N,False
4,214,reel54__8,1426,N,False
4,reel19__5,reel46__2,1426,N,False
4,reel5__2,bot7__5,1426,N,False
4,237,bot0__1,1426,N,False
4,237,reel2__5,1426,N,False
4,143,reel2__5,1426,N,False
4,237,bot71__2,1426,N,False
4,300,bot46__0,1426,N,False
4,300,reel56__7,1426,N,False
4,300,reel70__9,1426,N,False
4,reel54__0,reel55__1,1426,N,False
4,reel54__0,reel69__7,1426,N,False
4,276,reel53__8,1426,N,False
4,reel7__8,reel21__4,1426,N,False
4,reel7__8,bot24__0,1426,N,False
4,reel7__8,reel33__8,1426,N,False
4,reel7__8,bot61__4,1426,N,False
4,reel35__7,reel28__4,1426,N,False
4,reel0__1,reel12__2,1426,N,False
4,reel0__1,reel18__7,1426,N,False
4,reel0__1,bot23__8,1426,N,False
4,275,bot5__3,1426,N,False
4,247,reel5__3,1426,N,False
4,24,reel5__3,1426,N,False
4,32,bot32__9,1426,N,False
4,bot56__0,bot29__8,1426,N,False
4,111,bot68__1,1426,N,False
4,173,bot33__3,1426,N,False
4,bot20__2,bot27__1,1426,N,False
4,reel20__8,reel12__8,1426,N,False
4,reel9__1,reel12__8,1426,N,False
4,reel9__1,reel37__5,1426,N,False
4,reel9__1,reel50__4,1426,N,False
4,341,bot0__6,1426,N,False
4,341,bot58__6,1426,N,False
4,253,bot65__4,1426,N,False
4,reel20__8,bot47__8,1426,N,False
4,reel8__7,reel33__9,1426,N,False
4,reel8__7,bot39__8,1426,N,False
4,reel66__7,reel53__7,1426,N,False
4,reel23__6,reel41__1,1426,N,False
4,bot26__8,reel21__5,1426,N,False
4,24,reel50__1,1426,N,False
4,283,bot4__5,1426,N,False
4,298,reel31__8,1426,N,False
4,19,bot2__6,1426,N,False
4,207,reel19__0,1426,N,False
4,207,bot46__3,1426,N,False
4,bot15__0,bot27__7,1427,N,False
4,reel9__0,bot71__9,1427,N,False
4,reel3__1,bot4__5,1427,N,False
4,reel3__0,bot4__5,1427,N,False
4,reel29__0,reel22__3,1427,N,False
4,reel3__1,reel22__3,1427,N,False
4,reel3__1,bot54__4,1427,N,False
4,reel3__9,bot11__4,1427,N,False
4,reel4__3,reel9__1,1427,N,False
4,reel12__8,reel9__1,1427,N,False
4,reel12__8,reel30__6,1427,N,False
4,reel12__8,reel69__0,1427,N,False
4,reel11__5,reel38__0,1427,N,False
4,reel33__9,reel38__0,1427,N,False
4,reel37__1,bot55__5,1427,N,False
4,reel33__9,bot55__5,1427,N,False
4,bot4__8,bot16__0,1427,N,False
4,bot21__8,bot16__0,1427,N,False
4,reel22__1,reel50__9,1427,N,False
4,reel36__3,reel35__9,1427,N,False
4,reel15__3,reel35__9,1427,N,False
4,reel1__4,reel28__8,1427,N,False
4,reel20__6,reel28__8,1427,N,False
4,reel20__6,bot44__0,1427,N,False
4,bot58__6,bot53__2,1427,N,False
4,reel24__9,reel32__0,1427,N,False
4,bot21__6,reel15__8,1427,N,False
4,bot49__6,reel15__8,1427,N,False
4,reel11__5,reel15__8,1427,N,False
4,reel2__4,reel15__8,1427,N,False
4,bot49__6,bot61__1,1427,N,False
4,bot64__7,reel37__8,1427,N,False
4,reel15__5,reel37__8,1427,N,False
4,bot25__9,bot64__4,1427,N,False
4,reel34__8,reel27__6,1427,N,False
4,reel0__4,reel27__6,1427,N,False
4,reel34__8,bot59__5,1427,N,False
4,reel41__6,reel50__1,1427,N,False
4,reel33__0,reel43__1,1427,N,False
4,reel38__8,reel54__1,1427,N,False
4,bot5__5,bot38__6,1427,N,False
4,reel6__4,bot38__6,1427,N,False
4,bot0__6,bot63__6,1427,N,False
4,reel51__2,bot63__6,1427,N,False
4,reel9__6,reel41__7,1427,N,False
4,reel9__6,reel56__2,1427,N,False
4,reel45__9,reel56__2,1427,N,False
4,reel21__2,reel0__2,1427,N,False
4,bot2__2,reel0__2,1427,N,False
4,bot2__2,bot18__4,1427,N,False
4,reel41__1,reel46__1,1427,N,False
4,bot34__3,bot67__9,1427,N,False
4,bot60__1,bot67__9,1427,N,False
4,bot14__0,bot42__8,1427,N,False
4,reel32__5,reel26__0,1427,N,False
4,reel32__5,bot38__2,1427,N,False
4,bot11__5,bot38__2,1427,N,False
4,bot47__6,bot34__0,1427,N,False
4,reel27__5,reel29__3,1427,N,False
4,reel46__0,reel29__3,1427,N,False
4,reel21__0,reel29__3,1427,N,False
4,reel27__5,reel43__4,1427,N,False
4,reel27__5,reel66__8,1427,N,False
4,reel50__7,reel66__8,1427,N,False
4,reel19__5,reel56__4,1427,N,False
4,reel37__6,reel56__4,1427,N,False
4,reel11__8,reel56__4,1427,N,False
4,reel0__4,bot41__7,1427,N,False
4,reel0__4,reel68__8,1427,N,False
4,reel65__7,reel39__7,1427,N,False
4,bot33__6,bot29__5,1427,N,False
4,reel25__6,bot50__9,1427,N,False
4,bot34__7,bot23__1,1427,N,False
4,reel38__1,bot59__2,1427,N,False
4,reel38__1,bot71__2,1427,N,False
4,reel7__2,bot56__6,1427,N,False
4,bot49__1,bot43__3,1427,N,False
4,reel24__0,bot43__3,1427,N,False
4,reel36__9,reel33__7,1427,N,False
4,bot11__2,bot10__3,1427,N,False
4,reel4__7,bot10__3,1427,N,False
4,bot0__5,bot32__2,1427,N,False
4,bot41__9,bot32__2,1427,N,False
4,reel11__1,reel51__8,1427,N,False
4,reel26__3,reel51__8,1427,N,False
4,reel2__4,bot44__9,1427,N,False
4,reel51__2,reel21__1,1427,N,False
4,bot11__3,bot32__5,1427,N,False
4,bot11__3,bot38__1,1427,N,False
4,reel20__1,bot38__1,1427,N,False
4,reel44__3,reel54__4,1427,N,False
4,bot34__3,reel5__5,1427,N,False
4,bot34__3,bot61__6,1427,N,False
4,reel11__1,reel26__1,1427,N,False
4,reel36__3,reel26__1,1427,N,False
4,reel11__1,reel42__2,1427,N,False
4,reel11__3,reel44__1,1427,N,False
4,reel11__3,bot45__5,1427,N,False
4,reel24__2,reel36__5,1427,N,False
4,reel54__8,reel36__5,1427,N,False
4,reel24__2,reel40__7,1427,N,False
4,reel24__2,reel61__8,1427,N,False
4,bot48__3,bot56__3,1427,N,False
4,bot31__2,bot6__0,1427,N,False
4,reel50__7,reel8__9,1427,N,False
4,reel61__6,reel64__2,1427,N,False
4,bot9__5,bot52__6,1427,N,False
4,reel36__0,reel18__6,1427,N,False
4,reel24__6,reel35__7,1427,N,False
4,reel28__4,reel35__7,1427,N,False
4,reel24__6,reel47__6,1427,N,False
4,reel24__6,bot63__9,1427,N,False
4,bot59__9,bot63__9,1427,N,False
4,bot71__3,reel55__8,1427,N,False
4,reel30__8,reel60__3,1427,N,False
4,reel30__8,bot65__4,1427,N,False
4,bot29__4,bot7__2,1427,N,False
4,reel4__5,bot7__2,1427,N,False
4,reel32__8,reel20__3,1427,N,False
4,reel25__0,reel27__2,1427,N,False
4,reel25__0,reel66__7,1427,N,False
4,reel20__7,reel64__8,1427,N,False
4,reel31__0,bot55__4,1427,N,False
4,reel17__3,bot38__3,1427,N,False
4,reel45__9,bot51__3,1427,N,False
4,reel45__9,reel70__6,1427,N,False
4,reel4__9,bot7__3,1427,N,False
4,reel4__9,bot51__8,1427,N,False
4,bot25__5,bot20__5,1427,N,False
4,reel13__7,bot20__5,1427,N,False
4,bot25__5,bot62__5,1427,N,False
4,reel23__8,bot39__5,1427,N,False
4,bot12__5,bot70__5,1427,N,False
4,reel30__2,reel14__8,1427,N,False
4,bot12__8,bot25__8,1427,N,False
4,bot24__4,bot25__8,1427,N,False
4,reel0__5,reel31__3,1427,N,False
4,reel0__5,bot39__4,1427,N,False
4,reel24__0,reel64__3,1427,N,False
4,reel15__6,reel3__2,1427,N,False
4,reel10__4,reel26__5,1427,N,False
4,reel10__4,bot61__5,1427,N,False
4,bot11__2,reel0__9,1427,N,False
4,bot48__5,reel0__9,1427,N,False
4,reel2__5,bot28__5,1427,N,False
4,reel21__2,reel25__2,1427,N,False
4,reel15__0,reel31__7,1427,N,False
4,bot36__9,bot53__8,1427,N,False
4,reel55__7,bot70__1,1427,N,False
4,bot46__9,bot70__1,1427,N,False
4,reel0__6,bot12__0,1427,N,False
4,bot26__7,bot60__0,1427,N,False
4,reel1__8,reel33__2,1427,N,False
4,bot18__5,bot59__0,1427,N,False
4,bot18__5,bot59__4,1427,N,False
4,reel14__4,reel16__8,1427,N,False
4,reel14__4,reel70__9,1427,N,False
4,reel35__8,reel36__8,1427,N,False
4,reel35__8,reel42__1,1427,N,False
4,reel12__2,reel25__5,1427,N,False
4,reel12__2,bot26__1,1427,N,False
4,bot18__6,bot24__8,1427,N,False
4,bot18__6,bot31__7,1427,N,False
4,reel30__0,bot70__6,1427,N,False
4,bot15__5,bot36__1,1427,N,False
4,bot15__5,bot66__2,1427,N,False
4,reel4__8,reel10__3,1427,N,False
4,reel9__2,reel10__3,1427,N,False
4,reel4__8,bot62__0,1427,N,False
4,reel21__5,bot26__8,1427,N,False
4,bot9__7,bot42__4,1427,N,False
4,bot9__7,bot42__6,1427,N,False
4,bot51__6,reel15__4,1427,N,False
4,bot37__9,bot62__8,1427,N,False
4,reel0__8,reel23__5,1427,N,False
4,reel1__9,reel60__2,1427,N,False
4,reel29__0,reel50__3,1427,N,False
4,reel4__6,reel55__6,1427,N,False
4,reel17__9,bot48__9,1427,N,False
4,reel6__3,bot48__9,1427,N,False
4,reel18__4,reel60__6,1427,N,False
4,reel11__5,reel54__6,1427,N,False
4,reel32__4,bot60__5,1427,N,False
4,reel13__4,reel48__6,1427,N,False
4,bot3__9,bot47__3,1427,N,False
4,reel42__8,reel46__2,1427,N,False
4,reel19__5,reel46__2,1427,N,False
4,reel23__1,bot29__9,1427,N,False
4,reel23__1,reel31__4,1427,N,False
4,reel36__3,bot65__2,1427,N,False
4,reel11__7,reel7__4,1427,N,False
4,reel11__7,bot71__6,1427,N,False
4,reel19__0,bot39__7,1427,N,False
4,reel59__8,reel60__1,1427,N,False
4,reel4__3,reel46__6,1427,N,False
4,bot5__7,bot2__0,1427,N,False
4,bot5__7,bot45__4,1427,N,False
4,reel2__8,reel39__3,1427,N,False
4,bot47__8,bot28__6,1427,N,False
4,reel70__1,reel63__1,1427,N,False
4,bot27__6,bot35__6,1427,N,False
4,bot49__5,bot54__1,1427,N,False
4,reel7__8,bot61__4,1427,N,False
4,reel9__2,bot13__5,1427,N,False
4,reel30__5,reel52__2,1427,N,False
4,reel9__5,reel15__2,1427,N,False
4,reel9__5,reel34__9,1427,N,False
4,reel15__9,bot27__5,1427,N,False
4,reel11__9,reel39__6,1427,N,False
4,reel11__9,reel55__4,1427,N,False
4,reel58__2,reel62__3,1427,N,False
4,bot56__0,bot29__3,1427,N,False
4,reel29__6,reel55__1,1427,N,False
4,reel48__2,bot62__9,1427,N,False
4,reel17__9,reel62__2,1427,N,False
4,bot2__3,bot4__3,1427,N,False
4,reel15__5,bot56__8,1427,N,False
4,reel33__1,bot54__8,1427,N,False
4,reel20__1,reel47__3,1427,N,False
4,bot24__1,bot10__6,1428,N,False
4,reel7__5,reel24__8,1428,N,False
4,reel34__1,reel24__8,1428,N,False
4,bot49__6,bot61__1,1428,N,False
4,reel16__5,bot29__7,1428,N,False
4,reel16__5,bot35__2,1428,N,False
4,reel16__5,bot50__2,1428,N,False
4,bot1__9,bot50__2,1428,N,False
4,bot17__7,bot69__5,1428,N,False
4,reel65__7,reel39__7,1428,N,False
4,bot24__8,bot29__3,1428,N,False
4,reel8__6,bot29__3,1428,N,False
4,reel8__6,reel34__0,1428,N,False
4,reel36__6,reel14__5,1428,N,False
4,reel11__0,reel14__5,1428,N,False
4,reel10__5,reel14__5,1428,N,False
4,bot69__4,bot0__3,1428,N,False
4,bot3__4,bot0__3,1428,N,False
4,bot69__4,bot61__4,1428,N,False
4,reel7__8,bot61__4,1428,N,False
4,bot56__4,bot61__4,1428,N,False
4,reel51__2,reel21__1,1428,N,False
4,bot0__6,bot63__6,1428,N,False
4,bot14__7,bot63__6,1428,N,False
4,reel51__2,bot63__6,1428,N,False
4,bot11__3,bot32__5,1428,N,False
4,reel22__8,bot32__5,1428,N,False
4,bot11__3,bot38__1,1428,N,False
4,reel19__1,bot25__4,1428,N,False
4,bot9__5,bot52__6,1428,N,False
4,reel21__6,reel26__0,1428,N,False
4,reel32__5,reel26__0,1428,N,False
4,reel56__7,reel26__0,1428,N,False
4,reel21__6,bot32__2,1428,N,False
4,reel40__8,bot41__7,1428,N,False
4,bot2__4,bot41__7,1428,N,False
4,reel0__4,bot41__7,1428,N,False
4,reel40__8,reel42__0,1428,N,False
4,reel53__3,reel42__0,1428,N,False
4,reel18__1,reel64__8,1428,N,False
4,reel20__7,reel64__8,1428,N,False
4,reel22__2,reel31__3,1428,N,False
4,reel22__2,bot45__3,1428,N,False
4,reel22__2,bot71__1,1428,N,False
4,bot10__3,bot71__1,1428,N,False
4,reel2__5,bot28__5,1428,N,False
4,reel8__2,bot34__8,1428,N,False
4,bot30__5,bot34__8,1428,N,False
4,reel6__9,reel53__0,1428,N,False
4,reel37__1,reel53__0,1428,N,False
4,reel37__1,bot55__5,1428,N,False
4,reel20__4,bot71__0,1428,N,False
4,bot8__7,bot71__0,1428,N,False
4,reel34__4,reel23__0,1428,N,False
4,reel34__4,reel27__0,1428,N,False
4,reel34__4,bot57__8,1428,N,False
4,reel19__8,bot43__1,1428,N,False
4,bot3__0,bot43__1,1428,N,False
4,bot7__0,bot31__3,1428,N,False
4,reel23__3,bot31__3,1428,N,False
4,reel22__7,reel4__4,1428,N,False
4,bot69__7,reel4__4,1428,N,False
4,reel0__3,reel4__4,1428,N,False
4,reel0__3,bot7__5,1428,N,False
4,reel24__7,reel27__4,1428,N,False
4,reel24__7,reel63__6,1428,N,False
4,bot59__7,bot66__3,1428,N,False
4,reel13__4,reel48__6,1428,N,False
4,reel23__3,reel48__6,1428,N,False
4,reel59__8,bot60__3,1428,N,False
4,bot35__9,bot69__3,1428,N,False
4,reel6__8,reel24__9,1428,N,False
4,reel0__7,reel52__6,1428,N,False
4,reel23__3,reel37__5,1428,N,False
4,reel23__3,bot42__2,1428,N,False
4,reel10__8,reel18__9,1428,N,False
4,reel11__0,reel18__9,1428,N,False
4,reel9__0,bot71__9,1428,N,False
4,reel8__2,reel16__6,1428,N,False
4,bot21__9,reel16__6,1428,N,False
4,reel13__6,reel21__8,1428,N,False
4,reel42__5,reel21__8,1428,N,False
4,bot58__6,bot53__2,1428,N,False
4,reel56__6,reel24__2,1428,N,False
4,reel32__7,reel10__3,1428,N,False
4,reel53__9,reel65__8,1428,N,False
4,bot51__8,bot39__8,1428,N,False
4,reel8__7,bot39__8,1428,N,False
4,reel0__4,bot13__7,1428,N,False
4,reel0__4,reel27__6,1428,N,False
4,reel0__4,reel68__8,1428,N,False
4,reel6__9,bot34__5,1428,N,False
4,reel6__9,reel36__3,1428,N,False
4,bot0__6,bot47__0,1428,N,False
4,reel30__8,bot47__0,1428,N,False
4,reel6__9,bot47__0,1428,N,False
4,reel6__9,reel49__8,1428,N,False
4,reel30__3,reel49__0,1428,N,False
4,reel53__4,reel49__0,1428,N,False
4,reel36__0,bot51__5,1428,N,False
4,bot21__0,bot51__5,1428,N,False
4,reel6__5,reel18__5,1428,N,False
4,reel3__3,reel18__5,1428,N,False
4,reel6__5,reel36__9,1428,N,False
4,reel21__4,reel36__9,1428,N,False
4,reel50__7,reel66__8,1428,N,False
4,reel50__7,bot71__5,1428,N,False
4,reel18__2,reel47__8,1428,N,False
4,reel5__8,reel47__8,1428,N,False
4,bot24__5,bot7__8,1428,N,False
4,reel4__5,bot7__8,1428,N,False
4,reel19__0,bot39__7,1428,N,False
4,bot21__5,bot39__7,1428,N,False
4,reel12__1,reel9__7,1428,N,False
4,reel12__1,bot20__5,1428,N,False
4,reel12__1,reel45__7,1428,N,False
4,bot24__3,reel15__0,1428,N,False
4,reel30__2,reel15__0,1428,N,False
4,reel30__2,reel44__6,1428,N,False
4,bot56__4,reel23__1,1428,N,False
4,bot10__3,bot11__2,1428,N,False
4,bot13__5,bot15__1,1428,N,False
4,bot10__3,bot15__1,1428,N,False
4,bot38__5,bot50__8,1428,N,False
4,bot1__2,bot18__3,1428,N,False
4,reel14__4,reel63__5,1428,N,False
4,reel35__8,reel42__1,1428,N,False
4,reel15__1,reel1__3,1428,N,False
4,reel15__1,bot57__9,1428,N,False
4,reel4__2,bot57__9,1428,N,False
4,reel15__1,bot69__6,1428,N,False
4,reel20__4,bot69__6,1428,N,False
4,bot3__2,bot11__9,1428,N,False
4,bot4__9,bot11__9,1428,N,False
4,reel5__0,reel65__6,1428,N,False
4,reel8__1,reel22__4,1428,N,False
4,reel58__1,reel22__4,1428,N,False
4,bot37__9,bot62__8,1428,N,False
4,reel9__4,reel15__3,1428,N,False
4,reel9__4,reel45__1,1428,N,False
4,reel9__4,reel56__0,1428,N,False
4,reel38__8,reel56__0,1428,N,False
4,reel9__4,reel66__5,1428,N,False
4,reel5__6,reel69__5,1428,N,False
4,reel6__3,bot14__0,1428,N,False
4,bot42__8,bot14__0,1428,N,False
4,reel6__3,bot28__1,1428,N,False
4,reel6__3,bot48__9,1428,N,False
4,bot9__1,bot46__8,1428,N,False
4,bot12__1,bot46__8,1428,N,False
4,bot37__1,bot5__5,1428,N,False
4,reel3__2,bot7__9,1428,N,False
4,bot27__0,bot13__1,1428,N,False
4,bot4__8,bot13__1,1428,N,False
4,bot32__9,bot13__1,1428,N,False
4,reel54__8,reel36__5,1428,N,False
4,reel33__4,bot67__5,1428,N,False
4,bot36__7,bot67__5,1428,N,False
4,bot31__5,reel25__0,1428,N,False
4,reel27__2,reel25__0,1428,N,False
4,reel66__7,reel25__0,1428,N,False
4,reel66__7,reel53__7,1428,N,False
4,reel10__1,reel31__4,1428,N,False
4,reel8__9,bot44__2,1428,N,False
4,reel10__1,bot44__2,1428,N,False
4,bot15__0,bot47__1,1428,N,False
4,bot4__8,bot16__0,1428,N,False
4,bot4__8,bot41__4,1428,N,False
4,bot4__8,bot43__9,1428,N,False
4,reel30__5,bot43__9,1428,N,False
4,bot31__5,bot42__5,1428,N,False
4,bot27__9,bot25__3,1428,N,False
4,bot0__6,bot10__8,1428,N,False
4,bot34__7,bot23__1,1428,N,False
4,reel26__3,reel51__8,1428,N,False
4,reel33__4,reel12__0,1428,N,False
4,reel8__1,reel12__0,1428,N,False
4,bot48__3,bot52__7,1428,N,False
4,bot19__1,bot8__0,1428,N,False
4,bot19__1,bot54__9,1428,N,False
4,bot18__9,bot16__6,1428,N,False
4,reel57__2,reel60__7,1428,N,False
4,reel1__8,bot4__0,1428,N,False
4,reel21__0,reel29__3,1428,N,False
4,bot11__1,bot41__9,1428,N,False
4,reel19__0,reel36__7,1428,N,False
4,reel66__9,reel36__7,1428,N,False
4,bot18__5,bot59__0,1428,N,False
4,bot18__5,bot59__4,1428,N,False
4,reel54__9,bot59__4,1428,N,False
4,reel18__8,reel38__3,1428,N,False
4,bot9__7,bot42__4,1428,N,False
4,reel18__8,bot42__4,1428,N,False
4,reel5__8,bot14__2,1428,N,False
4,reel5__8,bot39__5,1428,N,False
4,reel14__6,bot60__4,1428,N,False
4,bot27__6,bot60__4,1428,N,False
4,bot43__4,bot55__2,1428,N,False
4,bot17__8,bot55__2,1428,N,False
4,bot3__0,bot49__0,1428,N,False
4,bot17__8,bot23__2,1428,N,False
4,bot17__8,bot55__0,1428,N,False
4,reel0__1,reel50__0,1428,N,False
4,reel60__2,bot67__8,1428,N,False
4,reel29__6,reel55__1,1428,N,False
4,bot32__0,bot23__3,1428,N,False
4,reel8__7,bot11__7,1428,N,False
4,reel8__7,reel33__9,1428,N,False
4,reel67__0,reel55__4,1428,N,False
4,reel3__3,bot47__6,1428,N,False
4,reel3__3,reel48__9,1428,N,False
4,bot67__6,bot58__2,1428,N,False
4,reel67__5,reel29__1,1428,N,False
4,bot29__8,bot56__0,1428,N,False
4,reel38__8,reel54__1,1428,N,False
4,bot17__4,bot11__4,1428,N,False
4,bot17__4,bot45__5,1428,N,False
4,reel32__5,bot38__2,1428,N,False
4,reel46__9,reel65__3,1428,N,False
4,bot6__3,bot44__9,1428,N,False
4,reel13__6,reel26__9,1428,N,False
4,reel25__6,bot50__9,1428,N,False
4,bot54__2,bot61__3,1428,N,False
4,reel21__2,reel0__2,1428,N,False
4,reel5__5,reel0__2,1428,N,False
4,reel5__5,bot17__0,1428,N,False
4,reel5__5,bot17__6,1428,N,False
4,reel5__5,bot34__3,1428,N,False
4,reel48__7,reel51__5,1428,N,False
4,reel10__5,bot15__7,1428,N,False
4,reel10__5,bot22__5,1428,N,False
4,reel10__5,reel50__3,1428,N,False
4,reel20__9,reel42__3,1428,N,False
4,reel21__2,reel45__4,1428,N,False
4,reel31__8,reel17__5,1428,N,False
4,reel28__7,reel43__1,1428,N,False
4,bot22__7,bot25__8,1428,N,False
4,reel22__7,reel41__3,1428,N,False
4,reel9__5,reel15__2,1428,N,False
4,bot20__1,reel15__2,1428,N,False
4,reel44__9,reel45__2,1428,N,False
4,reel11__7,bot25__6,1428,N,False
4,reel11__7,reel60__5,1428,N,False
4,reel19__0,bot26__7,1428,N,False
4,bot5__7,bot16__8,1428,N,False
4,bot5__7,bot48__8,1428,N,False
4,reel7__8,reel33__8,1428,N,False
4,reel21__4,reel52__4,1428,N,False
4,reel9__5,reel34__9,1428,N,False
4,bot21__3,bot24__7,1428,N,False
4,bot59__9,bot63__9,1428,N,False
4,reel8__3,bot35__8,1428,N,False
4,reel54__9,reel64__2,1428,N,False
4,bot15__0,bot27__7,1429,N,False
4,bot15__0,bot37__9,1429,N,False
4,bot15__0,bot47__1,1429,N,False
4,329,bot4__0,1429,N,False
4,329,reel11__5,1429,N,False
4,248,reel11__5,1429,N,False
4,203,reel4__6,1429,N,False
4,242,reel4__6,1429,N,False
4,242,reel9__2,1429,N,False
4,242,reel43__0,1429,N,False
4,242,bot45__3,1429,N,False
4,145,bot10__0,1429,N,False
4,145,reel15__9,1429,N,False
4,145,bot29__1,1429,N,False
4,264,bot8__9,1429,N,False
4,264,bot49__1,1429,N,False
4,22,bot1__9,1429,N,False
4,231,bot1__9,1429,N,False
4,95,bot1__9,1429,N,False
4,95,reel1__4,1429,N,False
4,189,reel1__4,1429,N,False
4,323,bot17__8,1429,N,False
4,95,bot17__8,1429,N,False
4,95,reel25__9,1429,N,False
4,92,reel25__9,1429,N,False
4,95,reel32__9,1429,N,False
4,321,reel32__9,1429,N,False
4,95,reel46__5,1429,N,False
4,95,reel51__3,1429,N,False
4,95,reel53__2,1429,N,False
4,95,bot61__2,1429,N,False
4,reel22__7,reel28__4,1429,N,False
4,bot50__3,reel28__4,1429,N,False
4,193,bot56__3,1429,N,False
4,304,reel24__4,1429,N,False
4,225,reel24__4,1429,N,False
4,204,bot25__7,1429,N,False
4,36,reel43__8,1429,N,False
4,204,reel43__8,1429,N,False
4,225,reel61__0,1429,N,False
4,309,reel61__0,1429,N,False
4,32,reel40__5,1429,N,False
4,reel43__9,reel40__5,1429,N,False
4,118,reel3__3,1429,N,False
4,283,reel3__3,1429,N,False
4,177,reel3__3,1429,N,False
4,reel22__5,reel3__3,1429,N,False
4,118,reel30__3,1429,N,False
4,106,reel37__9,1429,N,False
4,118,reel37__9,1429,N,False
4,118,bot40__0,1429,N,False
4,118,reel41__9,1429,N,False
4,49,bot4__8,1429,N,False
4,49,reel27__3,1429,N,False
4,53,bot23__1,1429,N,False
4,149,bot23__1,1429,N,False
4,149,bot25__9,1429,N,False
4,128,reel11__8,1429,N,False
4,reel18__1,reel11__8,1429,N,False
4,306,reel11__8,1429,N,False
4,306,reel40__9,1429,N,False
4,306,bot66__9,1429,N,False
4,306,reel66__4,1429,N,False
4,167,reel23__5,1429,N,False
4,131,reel23__5,1429,N,False
4,131,bot25__3,1429,N,False
4,131,reel39__6,1429,N,False
4,131,bot65__0,1429,N,False
4,85,reel15__4,1429,N,False
4,reel33__5,reel49__2,1429,N,False
4,153,reel49__2,1429,N,False
4,280,reel9__6,1429,N,False
4,291,reel9__6,1429,N,False
4,280,reel66__5,1429,N,False
4,bot14__2,bot8__3,1429,N,False
4,241,bot8__3,1429,N,False
4,reel44__9,bot61__9,1429,N,False
4,bot14__2,bot61__9,1429,N,False
4,251,bot19__0,1429,N,False
4,229,bot19__0,1429,N,False
4,229,bot36__9,1429,N,False
4,203,bot13__3,1429,N,False
4,175,bot13__3,1429,N,False
4,203,reel26__4,1429,N,False
4,101,reel26__4,1429,N,False
4,165,reel26__4,1429,N,False
4,203,bot36__0,1429,N,False
4,57,bot35__1,1429,N,False
4,119,reel24__7,1429,N,False
4,225,reel24__7,1429,N,False
4,119,reel40__6,1429,N,False
4,reel18__1,reel26__3,1429,N,False
4,reel18__1,reel32__2,1429,N,False
4,163,reel32__2,1429,N,False
4,reel18__1,reel48__1,1429,N,False
4,reel18__1,reel70__9,1429,N,False
4,263,bot58__8,1429,N,False
4,bot20__9,bot71__4,1429,N,False
4,263,bot71__4,1429,N,False
4,79,bot71__4,1429,N,False
4,50,reel6__1,1429,N,False
4,130,reel6__1,1429,N,False
4,177,reel6__1,1429,N,False
4,177,reel12__5,1429,N,False
4,177,reel21__4,1429,N,False
4,177,reel30__9,1429,N,False
4,177,bot39__6,1429,N,False
4,179,bot39__6,1429,N,False
4,177,bot46__3,1429,N,False
4,177,reel61__7,1429,N,False
4,288,reel34__1,1429,N,False
4,reel25__6,reel34__1,1429,N,False
4,341,bot0__6,1429,N,False
4,313,bot0__6,1429,N,False
4,120,reel9__4,1429,N,False
4,167,reel9__4,1429,N,False
4,313,reel9__4,1429,N,False
4,28,reel7__5,1429,N,False
4,316,reel7__5,1429,N,False
4,reel10__5,reel7__5,1429,N,False
4,28,reel53__6,1429,N,False
4,98,reel53__6,1429,N,False
4,112,reel4__8,1429,N,False
4,62,reel4__8,1429,N,False
4,62,reel52__3,1429,N,False
4,62,bot63__7,1429,N,False
4,62,reel66__7,1429,N,False
4,187,bot3__8,1429,N,False
4,187,bot35__9,1429,N,False
4,187,reel57__2,1429,N,False
4,218,reel4__9,1429,N,False
4,9,reel4__9,1429,N,False
4,69,reel4__9,1429,N,False
4,218,reel64__0,1429,N,False
4,163,reel64__0,1429,N,False
4,120,reel16__4,1429,N,False
4,99,reel16__4,1429,N,False
4,120,bot29__0,1429,N,False
4,120,bot68__8,1429,N,False
4,323,bot40__2,1429,N,False
4,128,bot39__8,1429,N,False
4,128,bot68__2,1429,N,False
4,56,bot0__2,1429,N,False
4,291,bot0__2,1429,N,False
4,79,reel3__9,1429,N,False
4,291,reel3__9,1429,N,False
4,291,bot27__6,1429,N,False
4,291,reel28__5,1429,N,False
4,219,bot17__4,1429,N,False
4,238,bot17__4,1429,N,False
4,238,reel17__3,1429,N,False
4,238,bot21__5,1429,N,False
4,238,reel32__3,1429,N,False
4,238,reel34__5,1429,N,False
4,238,reel55__6,1429,N,False
4,341,reel15__7,1429,N,False
4,219,reel15__7,1429,N,False
4,bot25__8,bot24__4,1429,N,False
4,219,bot24__4,1429,N,False
4,173,reel21__9,1429,N,False
4,311,reel21__9,1429,N,False
4,311,bot24__3,1429,N,False
4,311,bot34__2,1429,N,False
4,311,reel62__1,1429,N,False
4,130,bot2__4,1429,N,False
4,328,bot3__9,1429,N,False
4,327,bot3__9,1429,N,False
4,bot3__3,bot8__6,1429,N,False
4,327,bot8__6,1429,N,False
4,21,reel51__7,1429,N,False
4,327,reel51__7,1429,N,False
4,294,bot7__7,1429,N,False
4,294,reel29__4,1429,N,False
4,347,bot20__1,1429,N,False
4,347,bot22__0,1429,N,False
4,347,reel36__0,1429,N,False
4,2,reel36__0,1429,N,False
4,2,bot29__5,1429,N,False
4,2,bot58__3,1429,N,False
4,256,bot58__3,1429,N,False
4,241,bot13__7,1429,N,False
4,241,bot22__3,1429,N,False
4,241,reel35__3,1429,N,False
4,241,bot45__9,1429,N,False
4,241,reel65__2,1429,N,False
4,201,reel4__0,1429,N,False
4,79,reel4__0,1429,N,False
4,79,reel11__1,1429,N,False
4,1,reel11__1,1429,N,False
4,308,reel11__1,1429,N,False
4,79,reel12__1,1429,N,False
4,58,bot11__5,1429,N,False
4,144,bot11__5,1429,N,False
4,144,reel44__0,1429,N,False
4,144,bot52__2,1429,N,False
4,192,reel54__0,1429,N,False
4,144,reel54__0,1429,N,False
4,reel22__5,reel60__5,1429,N,False
4,144,reel60__5,1429,N,False
4,139,bot3__2,1429,N,False
4,198,bot3__2,1429,N,False
4,139,bot11__8,1429,N,False
4,346,bot25__5,1429,N,False
4,202,bot25__5,1429,N,False
4,346,reel27__2,1429,N,False
4,31,bot12__0,1429,N,False
4,84,bot12__0,1429,N,False
4,84,reel19__1,1429,N,False
4,84,bot20__7,1429,N,False
4,bot25__8,bot12__8,1429,N,False
4,314,bot12__8,1429,N,False
4,50,bot38__7,1429,N,False
4,50,reel44__8,1429,N,False
4,bot71__3,reel55__8,1429,N,False
4,26,reel55__8,1429,N,False
4,341,bot58__6,1429,N,False
4,bot71__3,bot58__6,1429,N,False
4,31,bot9__8,1429,N,False
4,31,reel37__3,1429,N,False
4,31,bot49__9,1429,N,False
4,31,reel52__4,1429,N,False
4,211,reel23__3,1429,N,False
4,192,reel24__3,1429,N,False
4,251,reel24__3,1429,N,False
4,83,bot8__2,1429,N,False
4,308,bot8__2,1429,N,False
4,83,bot25__2,1429,N,False
4,222,bot1__8,1429,N,False
4,38,bot1__8,1429,N,False
4,38,bot5__2,1429,N,False
4,202,bot5__2,1429,N,False
4,38,reel48__9,1429,N,False
4,181,reel4__7,1429,N,False
4,148,reel4__7,1429,N,False
4,181,bot39__0,1429,N,False
4,99,bot39__0,1429,N,False
4,181,bot68__4,1429,N,False
4,reel10__5,reel14__5,1429,N,False
4,316,reel18__0,1429,N,False
4,reel10__5,reel18__0,1429,N,False
4,reel10__5,reel68__9,1429,N,False
4,reel26__7,reel59__5,1429,N,False
4,98,reel0__1,1429,N,False
4,256,reel0__1,1429,N,False
4,256,bot2__9,1429,N,False
4,256,bot11__7,1429,N,False
4,256,bot12__3,1429,N,False
4,56,bot14__1,1429,N,False
4,256,bot14__1,1429,N,False
4,256,reel30__8,1429,N,False
4,256,reel63__5,1429,N,False
4,328,reel7__7,1429,N,False
4,reel33__5,reel13__6,1429,N,False
4,328,reel13__6,1429,N,False
4,328,reel17__4,1429,N,False
4,208,bot2__2,1429,N,False
4,208,reel27__7,1429,N,False
4,208,bot59__1,1429,N,False
4,248,reel41__8,1429,N,False
4,reel42__6,reel41__8,1429,N,False
4,248,bot45__8,1429,N,False
4,39,bot19__9,1429,N,False
4,69,bot19__9,1429,N,False
4,201,bot0__9,1429,N,False
4,bot22__1,bot0__9,1429,N,False
4,8,bot0__9,1429,N,False
4,201,reel18__4,1429,N,False
4,201,reel19__8,1429,N,False
4,301,reel19__8,1429,N,False
4,201,reel34__0,1429,N,False
4,299,reel32__5,1429,N,False
4,202,reel22__1,1429,N,False
4,202,reel62__0,1429,N,False
4,138,reel51__2,1429,N,False
4,138,bot67__4,1429,N,False
4,64,reel6__9,1429,N,False
4,64,reel16__2,1429,N,False
4,170,reel16__2,1429,N,False
4,64,bot39__1,1429,N,False
4,175,reel0__7,1429,N,False
4,175,bot13__9,1429,N,False
4,175,bot31__6,1429,N,False
4,175,reel64__5,1429,N,False
4,325,bot51__8,1429,N,False
4,reel20__9,reel42__3,1429,N,False
4,reel20__9,reel44__4,1429,N,False
4,240,reel44__4,1429,N,False
4,reel20__9,bot59__6,1429,N,False
4,225,bot35__4,1429,N,False
4,45,bot6__1,1429,N,False
4,1,bot6__1,1429,N,False
4,45,bot45__6,1429,N,False
4,45,reel56__0,1429,N,False
4,198,bot9__6,1429,N,False
4,198,bot32__3,1429,N,False
4,183,bot12__1,1429,N,False
4,183,reel13__7,1429,N,False
4,183,bot26__0,1429,N,False
4,183,bot41__3,1429,N,False
4,148,reel15__2,1429,N,False
4,148,bot16__4,1429,N,False
4,308,bot59__9,1429,N,False
4,reel14__3,reel9__3,1429,N,False
4,192,reel12__0,1429,N,False
4,192,reel21__0,1429,N,False
4,189,bot7__5,1429,N,False
4,reel20__8,reel12__8,1429,N,False
4,104,reel12__8,1429,N,False
4,reel9__1,reel12__8,1429,N,False
4,bot59__2,reel38__1,1429,N,False
4,288,bot7__0,1429,N,False
4,333,bot7__0,1429,N,False
4,288,bot44__4,1429,N,False
4,4,bot21__2,1429,N,False
4,53,bot21__2,1429,N,False
4,53,bot21__8,1429,N,False
4,53,reel31__3,1429,N,False
4,53,reel31__7,1429,N,False
4,163,reel23__8,1429,N,False
4,163,reel50__7,1429,N,False
4,163,reel57__0,1429,N,False
4,106,bot7__1,1429,N,False
4,259,bot7__1,1429,N,False
4,4,bot7__1,1429,N,False
4,259,reel30__2,1429,N,False
4,23,bot31__4,1429,N,False
4,240,bot17__7,1429,N,False
4,reel53__5,reel8__9,1429,N,False
4,336,reel8__9,1429,N,False
4,283,bot13__8,1429,N,False
4,92,bot13__8,1429,N,False
4,92,bot20__8,1429,N,False
4,92,reel49__3,1429,N,False
4,92,bot69__9,1429,N,False
4,36,bot0__5,1429,N,False
4,22,bot0__5,1429,N,False
4,36,reel49__8,1429,N,False
4,297,reel34__7,1429,N,False
4,48,bot68__5,1429,N,False
4,341,bot68__5,1429,N,False
4,321,bot17__3,1429,N,False
4,121,bot17__3,1429,N,False
4,231,reel40__8,1429,N,False
4,121,reel40__8,1429,N,False
4,121,reel58__4,1429,N,False
4,170,reel3__6,1429,N,False
4,178,reel3__7,1429,N,False
4,170,reel3__7,1429,N,False
4,170,reel8__7,1429,N,False
4,336,bot14__9,1429,N,False
4,170,bot14__9,1429,N,False
4,170,bot70__0,1429,N,False
4,233,bot1__6,1429,N,False
4,316,reel2__8,1429,N,False
4,233,reel2__8,1429,N,False
4,39,bot7__2,1429,N,False
4,233,bot7__2,1429,N,False
4,132,reel1__9,1429,N,False
4,132,reel69__0,1429,N,False
4,bot22__8,bot50__5,1429,N,False
4,336,reel27__6,1429,N,False
4,321,bot71__5,1429,N,False
4,336,bot71__5,1429,N,False
4,155,reel2__7,1429,N,False
4,155,reel11__0,1429,N,False
4,155,bot38__4,1429,N,False
4,156,bot38__4,1429,N,False
4,155,bot40__7,1429,N,False
4,155,reel66__9,1429,N,False
4,106,reel0__9,1429,N,False
4,106,bot7__6,1429,N,False
4,106,bot18__5,1429,N,False
4,1,bot18__5,1429,N,False
4,106,reel36__5,1429,N,False
4,reel54__8,reel36__5,1429,N,False
4,245,reel2__4,1429,N,False
4,129,reel2__4,1429,N,False
4,245,bot47__9,1429,N,False
4,58,reel39__8,1429,N,False
4,275,reel39__8,1429,N,False
4,221,bot15__6,1429,N,False
4,321,bot15__6,1429,N,False
4,321,reel22__2,1429,N,False
4,301,reel22__2,1429,N,False
4,1,bot4__9,1429,N,False
4,156,bot4__9,1429,N,False
4,reel33__5,reel43__2,1429,N,False
4,212,bot48__1,1429,N,False
4,142,reel21__2,1429,N,False
4,142,reel60__4,1429,N,False
4,301,bot28__0,1429,N,False
4,reel15__5,reel39__1,1429,N,False
4,301,reel39__1,1429,N,False
4,reel22__5,reel17__7,1429,N,False
4,reel22__5,reel53__1,1429,N,False
4,26,reel39__3,1429,N,False
4,231,reel6__5,1429,N,False
4,231,reel8__1,1429,N,False
4,231,bot26__5,1429,N,False
4,231,reel38__6,1429,N,False
4,231,reel58__8,1429,N,False
4,reel44__9,reel45__2,1429,N,False
4,333,reel45__2,1429,N,False
4,bot57__3,reel2__5,1429,N,False
4,230,bot36__5,1429,N,False
4,230,reel46__1,1429,N,False
4,230,reel67__4,1429,N,False
4,281,bot36__2,1429,N,False
4,281,bot60__1,1429,N,False
4,333,bot69__0,1429,N,False
4,97,bot23__7,1429,N,False
4,97,reel39__5,1429,N,False
4,97,reel49__1,1429,N,False
4,223,reel20__4,1429,N,False
4,223,bot62__9,1429,N,False
4,112,bot10__8,1429,N,False
4,167,reel63__2,1429,N,False
4,167,reel63__4,1429,N,False
4,9,reel63__4,1429,N,False
4,bot37__1,reel0__4,1429,N,False
4,bot37__1,bot5__5,1429,N,False
4,9,reel1__8,1429,N,False
4,9,bot3__1,1429,N,False
4,9,bot24__8,1429,N,False
4,9,bot43__5,1429,N,False
4,129,bot43__5,1429,N,False
4,156,bot1__5,1429,N,False
4,156,bot30__9,1429,N,False
4,156,bot37__4,1429,N,False
4,179,reel44__7,1429,N,False
4,reel30__5,reel11__7,1429,N,False
4,reel30__5,reel35__1,1429,N,False
4,bot60__0,bot26__7,1429,N,False
4,bot60__0,bot15__2,1429,N,False
4,275,reel70__2,1429,N,False
4,32,bot32__9,1429,N,False
4,32,reel67__0,1429,N,False
4,reel24__5,reel40__7,1429,N,False
4,173,reel56__6,1429,N,False
4,reel20__8,bot23__9,1429,N,False
4,reel20__8,reel24__2,1429,N,False
4,19,reel24__2,1429,N,False
4,98,bot4__4,1429,N,False
4,165,reel14__4,1429,N,False
4,reel9__1,reel37__5,1429,N,False
4,341,bot0__8,1429,N,False
4,178,reel31__1,1429,N,False
4,22,bot27__0,1429,N,False
4,22,bot48__3,1429,N,False
4,56,reel58__0,1429,N,False
4,24,reel50__1,1429,N,False
4,24,reel54__6,1429,N,False
4,314,bot33__6,1429,N,False
4,314,reel33__1,1429,N,False
4,314,reel59__8,1429,N,False
4,129,reel24__9,1429,N,False
4,283,reel19__9,1429,N,False
4,19,bot2__6,1429,N,False
4,19,bot29__3,1429,N,False
4,99,bot57__0,1429,N,False
4,99,bot57__5,1429,N,False
4,reel37__7,reel45__9,1430,N,True
4,reel15__0,reel45__9,1430,N,True
4,reel37__7,reel61__3,1430,N,True
4,reel27__0,reel61__3,1430,N,True
4,reel36__0,bot51__5,1430,N,True
4,reel3__9,bot51__5,1430,N,True
4,bot21__0,bot51__5,1430,N,True
4,reel30__8,bot65__4,1430,N,True
4,bot13__9,bot65__4,1430,N,True
4,reel31__0,bot32__1,1430,N,True
4,reel15__3,bot32__1,1430,N,True
4,reel11__6,reel35__9,1430,N,True
4,reel15__3,reel35__9,1430,N,True
4,reel10__9,bot54__5,1430,N,True
4,reel24__4,bot54__5,1430,N,True
4,bot18__6,reel14__4,1430,N,True
4,bot46__5,reel14__4,1430,N,True
4,reel63__5,reel14__4,1430,N,True
4,reel16__8,reel14__4,1430,N,True
4,bot25__9,bot64__4,1430,N,True
4,bot15__6,bot48__4,1430,N,True
4,bot68__4,bot48__4,1430,N,True
4,bot37__6,bot48__4,1430,N,True
4,bot56__1,bot49__8,1430,N,True
4,bot12__2,bot49__8,1430,N,True
4,bot17__7,bot69__5,1430,N,True
4,reel6__2,bot69__5,1430,N,True
4,reel40__9,bot52__9,1430,N,True
4,reel23__3,bot52__9,1430,N,True
4,reel30__8,reel69__2,1430,N,True
4,reel40__9,reel69__2,1430,N,True
4,bot14__3,bot64__0,1430,N,True
4,reel27__2,bot64__0,1430,N,True
4,bot7__2,bot29__4,1430,N,True
4,reel1__6,bot66__7,1430,N,True
4,reel6__9,bot66__7,1430,N,True
4,bot7__2,bot66__7,1430,N,True
4,bot34__2,reel21__6,1430,N,True
4,reel26__0,reel21__6,1430,N,True
4,bot50__4,reel21__6,1430,N,True
4,reel0__3,reel21__6,1430,N,True
4,reel6__9,bot34__5,1430,N,True
4,bot14__1,bot34__5,1430,N,True
4,bot16__7,bot34__5,1430,N,True
4,reel12__6,bot13__0,1430,N,True
4,bot12__0,bot13__0,1430,N,True
4,reel26__6,bot43__7,1430,N,True
4,bot46__7,bot43__7,1430,N,True
4,reel35__5,bot43__7,1430,N,True
4,reel19__3,reel60__0,1430,N,True
4,reel52__5,reel60__0,1430,N,True
4,bot70__9,bot61__2,1430,N,True
4,reel14__8,bot61__2,1430,N,True
4,reel23__6,reel41__0,1430,N,True
4,bot46__9,reel41__0,1430,N,True
4,reel25__1,reel41__0,1430,N,True
4,reel16__1,bot43__1,1430,N,True
4,reel19__8,bot43__1,1430,N,True
4,bot13__1,bot55__4,1430,N,True
4,reel31__0,bot55__4,1430,N,True
4,reel12__6,bot55__4,1430,N,True
4,reel65__2,bot69__3,1430,N,True
4,bot5__6,bot69__3,1430,N,True
4,bot35__9,bot69__3,1430,N,True
4,reel35__3,reel46__8,1430,N,True
4,bot60__6,reel46__8,1430,N,True
4,reel31__2,reel46__8,1430,N,True
4,reel1__5,reel46__8,1430,N,True
4,bot20__3,bot47__3,1430,N,True
4,reel18__7,bot47__3,1430,N,True
4,bot3__9,bot47__3,1430,N,True
4,reel19__1,bot25__4,1430,N,True
4,reel54__8,reel36__5,1430,N,True
4,reel24__2,reel36__5,1430,N,True
4,reel57__0,reel36__5,1430,N,True
4,reel14__9,reel36__5,1430,N,True
4,reel51__9,reel36__5,1430,N,True
4,reel57__0,reel70__6,1430,N,True
4,bot15__8,bot52__6,1430,N,True
4,bot9__5,bot52__6,1430,N,True
4,bot5__2,bot21__1,1430,N,True
4,bot19__0,bot21__1,1430,N,True
4,bot37__8,bot21__1,1430,N,True
4,bot9__7,bot42__4,1430,N,True
4,bot5__2,bot42__4,1430,N,True
4,reel18__8,bot42__4,1430,N,True
4,bot5__2,bot44__7,1430,N,True
4,bot5__2,bot51__2,1430,N,True
4,reel40__8,bot41__7,1430,N,True
4,bot2__4,bot41__7,1430,N,True
4,reel0__4,bot41__7,1430,N,True
4,reel40__8,reel54__5,1430,N,True
4,reel18__3,reel54__5,1430,N,True
4,reel36__2,reel57__9,1430,N,True
4,reel47__3,reel57__9,1430,N,True
4,bot37__8,bot62__8,1430,N,True
4,reel8__1,bot48__0,1430,N,True
4,bot71__7,bot48__0,1430,N,True
4,reel20__7,bot48__0,1430,N,True
4,bot10__8,bot22__5,1430,N,True
4,reel14__2,bot22__5,1430,N,True
4,reel14__2,reel39__0,1430,N,True
4,bot39__8,bot51__8,1430,N,True
4,reel4__9,bot51__8,1430,N,True
4,reel52__5,reel57__7,1430,N,True
4,reel2__0,reel57__7,1430,N,True
4,reel27__1,reel57__7,1430,N,True
4,reel1__6,bot5__9,1430,N,True
4,reel3__4,bot5__9,1430,N,True
4,reel5__9,reel45__5,1430,N,True
4,bot49__4,reel45__5,1430,N,True
4,reel3__4,reel45__5,1430,N,True
4,bot10__2,bot67__7,1430,N,True
4,reel21__9,bot67__7,1430,N,True
4,reel3__4,bot67__7,1430,N,True
4,reel22__2,bot71__1,1430,N,True
4,bot10__3,bot71__1,1430,N,True
4,reel48__3,bot55__6,1430,N,True
4,bot59__2,bot55__6,1430,N,True
4,bot22__7,bot25__8,1430,N,True
4,bot12__8,bot25__8,1430,N,True
4,bot24__4,bot25__8,1430,N,True
4,reel2__5,bot28__5,1430,N,True
4,reel0__0,bot28__5,1430,N,True
4,reel34__9,reel9__5,1430,N,True
4,reel6__9,reel9__5,1430,N,True
4,reel15__2,reel9__5,1430,N,True
4,reel14__9,reel47__1,1430,N,True
4,reel34__9,reel47__1,1430,N,True
4,reel55__7,reel47__1,1430,N,True
4,reel34__9,bot63__5,1430,N,True
4,reel55__7,bot70__1,1430,N,True
4,bot46__9,bot70__1,1430,N,True
4,reel37__1,bot55__5,1430,N,True
4,reel14__0,reel29__8,1430,N,True
4,reel19__0,reel29__8,1430,N,True
4,reel49__7,reel66__6,1430,N,True
4,bot29__2,bot50__5,1430,N,True
4,bot22__8,bot50__5,1430,N,True
4,reel3__7,reel45__7,1430,N,True
4,bot53__2,reel45__7,1430,N,True
4,reel3__7,bot68__7,1430,N,True
4,reel24__0,bot68__7,1430,N,True
4,reel4__3,bot7__9,1430,N,True
4,bot36__9,bot7__9,1430,N,True
4,reel3__2,bot7__9,1430,N,True
4,bot42__3,bot7__9,1430,N,True
4,reel29__5,reel59__2,1430,N,True
4,reel15__8,reel59__2,1430,N,True
4,reel14__8,reel59__2,1430,N,True
4,reel15__8,bot49__6,1430,N,True
4,bot25__5,bot20__5,1430,N,True
4,bot6__6,bot20__5,1430,N,True
4,reel13__7,bot20__5,1430,N,True
4,reel13__7,reel55__0,1430,N,True
4,bot24__7,bot21__3,1430,N,True
4,reel1__4,bot11__0,1430,N,True
4,bot10__5,bot11__0,1430,N,True
4,reel5__2,bot26__2,1430,N,True
4,bot18__4,bot26__2,1430,N,True
4,reel1__8,bot4__0,1430,N,True
4,reel1__9,bot4__0,1430,N,True
4,reel52__7,reel63__3,1430,N,True
4,reel33__1,reel63__3,1430,N,True
4,bot39__1,bot7__5,1430,N,True
4,reel5__2,bot7__5,1430,N,True
4,reel0__3,bot7__5,1430,N,True
4,reel2__3,reel50__5,1430,N,True
4,reel0__3,reel50__5,1430,N,True
4,bot9__4,bot53__4,1430,N,True
4,reel5__2,reel27__4,1430,N,True
4,reel66__1,reel27__4,1430,N,True
4,reel24__7,reel27__4,1430,N,True
4,reel24__7,reel63__6,1430,N,True
4,reel13__4,reel64__7,1430,N,True
4,reel9__9,reel64__7,1430,N,True
4,reel32__4,bot60__5,1430,N,True
4,bot59__7,bot37__5,1430,N,True
4,bot59__7,bot66__3,1430,N,True
4,bot65__0,bot66__3,1430,N,True
4,reel59__8,reel60__1,1430,N,True
4,bot55__1,bot58__7,1430,N,True
4,bot8__2,bot58__7,1430,N,True
4,bot49__4,reel44__2,1430,N,True
4,reel16__8,bot55__0,1430,N,True
4,reel16__8,bot67__6,1430,N,True
4,reel12__0,reel23__2,1430,N,True
4,reel27__0,reel23__2,1430,N,True
4,reel22__3,reel23__2,1430,N,True
4,reel66__0,reel12__5,1430,N,True
4,bot21__0,reel12__5,1430,N,True
4,reel0__7,reel24__1,1430,N,True
4,reel23__5,reel24__1,1430,N,True
4,reel48__0,reel24__1,1430,N,True
4,reel23__3,reel37__5,1430,N,True
4,reel9__1,reel37__5,1430,N,True
4,reel2__9,reel37__5,1430,N,True
4,reel41__7,bot43__3,1430,N,True
4,reel24__0,bot43__3,1430,N,True
4,reel41__7,reel44__1,1430,N,True
4,reel38__4,reel44__1,1430,N,True
4,reel11__3,reel44__1,1430,N,True
4,reel12__0,reel16__6,1430,N,True
4,reel8__2,reel16__6,1430,N,True
4,bot21__9,reel16__6,1430,N,True
4,reel5__2,reel41__2,1430,N,True
4,reel24__5,reel41__2,1430,N,True
4,reel17__9,bot27__8,1430,N,True
4,reel54__3,reel40__1,1430,N,True
4,reel21__9,reel40__1,1430,N,True
4,reel9__0,reel42__9,1430,N,True
4,reel9__0,bot71__9,1430,N,True
4,reel5__2,bot6__7,1430,N,True
4,reel2__0,bot6__7,1430,N,True
4,bot1__8,bot7__6,1430,N,True
4,reel2__0,bot7__6,1430,N,True
4,bot1__2,bot71__6,1430,N,True
4,bot68__4,bot71__6,1430,N,True
4,reel6__9,bot40__8,1430,N,True
4,bot66__6,bot40__8,1430,N,True
4,reel38__0,bot50__1,1430,N,True
4,bot6__8,bot50__1,1430,N,True
4,bot8__4,bot29__7,1430,N,True
4,reel42__5,reel29__9,1430,N,True
4,bot10__6,bot35__7,1430,N,True
4,reel5__5,bot35__7,1430,N,True
4,bot43__4,bot55__2,1430,N,True
4,bot49__9,bot55__2,1430,N,True
4,bot66__8,bot55__2,1430,N,True
4,reel34__8,reel27__6,1430,N,True
4,reel0__4,reel27__6,1430,N,True
4,reel34__8,bot59__5,1430,N,True
4,reel53__9,reel65__8,1430,N,True
4,reel8__2,reel55__5,1430,N,True
4,reel8__4,reel60__8,1430,N,True
4,reel0__4,reel60__8,1430,N,True
4,reel27__0,reel68__8,1430,N,True
4,reel0__4,reel68__8,1430,N,True
4,reel35__6,bot62__3,1430,N,True
4,bot52__3,bot62__3,1430,N,True
4,reel33__7,bot37__0,1430,N,True
4,bot22__6,bot37__0,1430,N,True
4,reel6__9,bot21__7,1430,N,True
4,bot6__8,bot21__7,1430,N,True
4,reel6__9,reel36__3,1430,N,True
4,bot53__0,reel50__9,1430,N,True
4,reel22__1,reel50__9,1430,N,True
4,bot53__0,reel39__2,1430,N,True
4,reel6__5,reel18__5,1430,N,True
4,bot46__7,reel18__5,1430,N,True
4,reel3__3,reel18__5,1430,N,True
4,reel6__5,reel36__9,1430,N,True
4,reel33__7,reel36__9,1430,N,True
4,bot1__5,bot26__0,1430,N,True
4,reel11__1,reel26__1,1430,N,True
4,reel47__3,reel26__1,1430,N,True
4,reel14__8,reel26__1,1430,N,True
4,reel33__4,reel42__2,1430,N,True
4,reel11__1,reel42__2,1430,N,True
4,bot15__2,bot28__4,1430,N,True
4,bot60__9,bot28__4,1430,N,True
4,bot15__2,bot42__0,1430,N,True
4,bot15__2,bot60__0,1430,N,True
4,bot26__7,bot60__0,1430,N,True
4,reel54__2,reel55__1,1430,N,True
4,reel54__0,reel55__1,1430,N,True
4,reel5__1,bot39__4,1430,N,True
4,bot0__3,bot39__4,1430,N,True
4,bot13__4,bot68__3,1430,N,True
4,reel37__6,bot68__3,1430,N,True
4,bot58__0,bot29__9,1430,N,True
4,bot4__4,bot29__9,1430,N,True
4,reel50__7,bot53__9,1430,N,True
4,reel50__7,bot71__5,1430,N,True
4,reel12__2,bot49__7,1430,N,True
4,reel39__5,bot49__7,1430,N,True
4,bot6__5,bot49__7,1430,N,True
4,reel8__4,bot30__0,1430,N,True
4,bot25__6,bot30__0,1430,N,True
4,bot26__5,bot30__0,1430,N,True
4,reel8__4,bot55__3,1430,N,True
4,reel50__4,bot55__3,1430,N,True
4,reel6__6,bot55__3,1430,N,True
4,reel48__1,reel68__3,1430,N,True
4,reel10__6,reel68__3,1430,N,True
4,bot10__2,bot9__9,1430,N,True
4,bot21__2,bot9__9,1430,N,True
4,bot6__8,bot9__9,1430,N,True
4,reel32__5,bot38__2,1430,N,True
4,bot11__5,bot38__2,1430,N,True
4,bot38__3,bot35__3,1430,N,True
4,bot22__3,bot35__3,1430,N,True
4,reel2__9,bot15__1,1430,N,True
4,bot61__6,bot15__1,1430,N,True
4,bot10__3,bot15__1,1430,N,True
4,bot9__7,bot42__6,1430,N,True
4,bot10__3,bot42__6,1430,N,True
4,reel7__6,reel49__9,1430,N,True
4,bot61__0,reel49__9,1430,N,True
4,reel9__7,bot43__6,1430,N,True
4,bot41__3,bot43__6,1430,N,True
4,bot2__6,bot50__7,1430,N,True
4,bot38__5,bot50__7,1430,N,True
4,bot5__6,bot50__8,1430,N,True
4,bot38__5,bot50__8,1430,N,True
4,reel2__3,bot54__3,1430,N,True
4,bot38__5,bot54__3,1430,N,True
4,bot27__1,bot37__7,1430,N,True
4,reel32__3,bot37__7,1430,N,True
4,bot1__2,bot13__5,1430,N,True
4,reel9__2,bot13__5,1430,N,True
4,reel56__5,reel41__8,1430,N,True
4,reel42__6,reel41__8,1430,N,True
4,reel34__0,reel41__8,1430,N,True
4,reel12__2,reel70__7,1430,N,True
4,bot40__2,bot26__4,1430,N,True
4,reel15__2,reel39__9,1430,N,True
4,reel15__2,reel67__9,1430,N,True
4,reel49__2,reel67__9,1430,N,True
4,reel15__1,bot57__9,1430,N,True
4,bot64__7,bot57__9,1430,N,True
4,reel15__1,bot69__6,1430,N,True
4,reel29__1,reel40__0,1430,N,True
4,bot15__5,bot66__2,1430,N,True
4,reel48__4,bot66__2,1430,N,True
4,reel17__6,reel21__4,1430,N,True
4,reel7__8,reel21__4,1430,N,True
4,reel27__0,bot31__8,1430,N,True
4,bot3__2,bot11__9,1430,N,True
4,bot4__9,bot11__9,1430,N,True
4,reel5__0,bot17__3,1430,N,True
4,reel7__1,bot33__4,1430,N,True
4,reel5__0,bot33__4,1430,N,True
4,bot0__3,bot69__4,1430,N,True
4,reel58__8,reel59__9,1430,N,True
4,reel31__1,reel59__9,1430,N,True
4,reel9__4,reel45__1,1430,N,True
4,reel21__1,reel45__1,1430,N,True
4,reel9__4,reel66__5,1430,N,True
4,reel24__3,bot51__7,1430,N,True
4,reel5__5,bot51__7,1430,N,True
4,bot14__1,bot34__0,1430,N,True
4,bot19__6,bot34__0,1430,N,True
4,reel56__1,reel68__5,1430,N,True
4,reel13__5,reel68__5,1430,N,True
4,bot0__9,bot1__1,1430,N,True
4,bot5__3,bot1__1,1430,N,True
4,bot66__1,bot70__7,1430,N,True
4,bot14__7,bot65__3,1430,N,True
4,reel17__8,reel46__4,1430,N,True
4,reel17__8,bot61__1,1430,N,True
4,reel3__2,reel66__4,1430,N,True
4,reel16__9,reel25__4,1430,N,True
4,reel16__9,bot32__4,1430,N,True
4,reel16__9,bot54__7,1430,N,True
4,bot27__0,bot42__1,1430,N,True
4,bot30__9,bot24__2,1430,N,True
4,bot33__2,bot24__2,1430,N,True
4,reel8__9,bot44__2,1430,N,True
4,bot15__0,bot47__1,1430,N,True
4,reel10__8,reel18__9,1430,N,True
4,bot4__8,bot43__9,1430,N,True
4,reel30__5,bot43__9,1430,N,True
4,bot31__5,bot42__5,1430,N,True
4,reel9__9,bot42__5,1430,N,True
4,bot13__1,bot50__9,1430,N,True
4,reel23__5,bot50__9,1430,N,True
4,reel8__8,reel43__1,1430,N,True
4,reel4__7,bot30__4,1430,N,True
4,reel18__8,bot30__4,1430,N,True
4,reel57__2,reel59__5,1430,N,True
4,reel26__7,reel59__5,1430,N,True
4,reel4__7,reel59__5,1430,N,True
4,reel11__3,bot45__5,1430,N,True
4,reel11__3,reel53__7,1430,N,True
4,reel30__5,reel52__2,1430,N,True
4,reel47__3,reel52__2,1430,N,True
4,bot48__3,bot52__7,1430,N,True
4,reel24__4,reel42__3,1430,N,True
4,reel24__4,bot63__0,1430,N,True
4,reel24__6,reel47__6,1430,N,True
4,reel24__6,bot63__9,1430,N,True
4,bot11__8,reel10__1,1430,N,True
4,reel46__2,bot57__5,1430,N,True
4,bot63__2,bot57__5,1430,N,True
4,bot32__6,bot57__5,1430,N,True
4,reel59__7,reel55__2,1430,N,True
4,reel31__0,reel58__3,1430,N,True
4,reel67__5,reel58__3,1430,N,True
4,reel34__2,reel60__6,1430,N,True
4,reel18__4,reel60__6,1430,N,True
4,reel57__6,reel60__6,1430,N,True
4,reel26__8,reel33__3,1430,N,True
4,reel26__7,reel33__3,1430,N,True
4,reel10__6,reel33__3,1430,N,True
4,reel7__8,bot61__4,1430,N,True
4,bot42__9,bot61__4,1430,N,True
4,reel1__6,bot68__9,1430,N,True
4,reel7__1,bot29__6,1430,N,True
4,reel7__1,bot62__1,1430,N,True
4,reel43__7,bot62__1,1430,N,True
4,bot3__7,bot23__5,1430,N,True
4,reel18__8,bot23__5,1430,N,True
4,bot3__7,bot53__3,1430,N,True
4,reel26__9,bot53__3,1430,N,True
4,reel35__4,bot37__3,1430,N,True
4,reel0__0,reel38__3,1430,N,True
4,bot47__7,reel38__3,1430,N,True
4,reel18__8,reel38__3,1430,N,True
4,bot47__7,bot56__7,1430,N,True
4,bot9__8,bot52__4,1430,N,True
4,bot46__7,bot59__9,1430,N,True
4,reel39__8,reel57__4,1430,N,True
4,bot6__2,bot16__4,1430,N,True
4,bot25__1,bot39__6,1430,N,True
4,reel14__6,bot60__4,1430,N,True
4,bot27__6,bot60__4,1430,N,True
4,reel46__3,bot70__3,1430,N,True
4,bot43__4,bot46__4,1430,N,True
4,reel34__0,bot35__8,1430,N,True
4,reel21__1,bot32__2,1430,N,True
4,reel2__3,bot61__8,1430,N,True
4,reel6__7,bot61__8,1430,N,True
4,reel9__9,reel21__3,1430,N,True
4,reel30__4,bot57__6,1430,N,True
4,reel29__4,bot57__6,1430,N,True
4,reel0__1,bot23__8,1430,N,True
4,reel0__1,reel50__0,1430,N,True
4,reel21__7,reel50__0,1430,N,True
4,bot16__0,bot56__8,1430,N,True
4,reel15__5,bot56__8,1430,N,True
4,reel33__1,bot54__8,1430,N,True
4,reel3__3,bot47__6,1430,N,True
4,reel22__1,bot41__1,1430,N,True
4,bot2__8,bot41__1,1430,N,True
4,reel2__3,bot40__6,1430,N,True
4,reel21__7,bot40__6,1430,N,True
4,reel7__7,reel54__1,1430,N,True
4,reel38__8,reel54__1,1430,N,True
4,reel38__8,bot69__1,1430,N,True
4,reel13__6,reel30__9,1430,N,True
4,reel43__2,reel37__0,1430,N,True
4,reel28__6,reel37__0,1430,N,True
4,reel23__8,reel37__0,1430,N,True
4,reel44__3,reel54__4,1430,N,True
4,reel7__8,reel33__8,1430,N,True
4,reel21__7,reel33__8,1430,N,True
4,reel48__2,reel45__3,1430,N,True
4,reel7__9,reel45__3,1430,N,True
4,reel21__7,reel45__3,1430,N,True
4,bot54__2,bot61__3,1430,N,True
4,reel6__6,bot63__1,1430,N,True
4,reel23__8,bot39__5,1430,N,True
4,reel27__3,bot65__1,1430,N,True
4,bot9__1,bot46__8,1430,N,True
4,bot26__9,bot46__8,1430,N,True
4,reel40__2,bot64__6,1430,N,True
4,bot6__5,bot1__3,1430,N,True
4,bot6__5,bot28__1,1430,N,True
4,reel0__0,reel47__0,1430,N,True
4,reel34__7,bot44__6,1430,N,True
4,bot27__6,bot35__6,1430,N,True
4,reel31__3,reel47__7,1430,N,True
4,reel17__7,reel5__6,1430,N,True
4,reel54__9,bot59__4,1430,N,True
4,180,reel0__9,1431,N,True
4,206,reel0__9,1431,N,True
4,106,reel0__9,1431,N,True
4,180,reel8__8,1431,N,True
4,bot11__7,reel8__8,1431,N,True
4,180,reel15__9,1431,N,True
4,145,reel15__9,1431,N,True
4,180,reel25__5,1431,N,True
4,180,bot32__0,1431,N,True
4,337,bot32__0,1431,N,True
4,283,bot4__5,1431,N,True
4,reel3__1,bot4__5,1431,N,True
4,reel3__1,bot45__3,1431,N,True
4,242,bot45__3,1431,N,True
4,reel3__1,bot65__7,1431,N,True
4,7,bot15__7,1431,N,True
4,269,reel17__5,1431,N,True
4,7,reel17__5,1431,N,True
4,7,bot33__5,1431,N,True
4,7,bot47__2,1431,N,True
4,bot47__3,bot3__9,1431,N,True
4,327,bot3__9,1431,N,True
4,185,reel17__9,1431,N,True
4,236,reel17__9,1431,N,True
4,185,reel26__9,1431,N,True
4,185,reel31__4,1431,N,True
4,reel10__1,reel31__4,1431,N,True
4,80,bot1__4,1431,N,True
4,bot25__9,bot1__4,1431,N,True
4,179,bot1__4,1431,N,True
4,bot25__9,bot64__4,1431,N,True
4,160,bot1__5,1431,N,True
4,295,bot1__5,1431,N,True
4,156,bot1__5,1431,N,True
4,246,reel2__0,1431,N,True
4,218,reel2__0,1431,N,True
4,295,reel2__0,1431,N,True
4,203,reel4__6,1431,N,True
4,295,reel4__6,1431,N,True
4,242,reel4__6,1431,N,True
4,295,bot9__1,1431,N,True
4,295,bot35__2,1431,N,True
4,151,bot35__2,1431,N,True
4,295,reel68__4,1431,N,True
4,82,reel4__5,1431,N,True
4,42,reel4__5,1431,N,True
4,82,bot30__8,1431,N,True
4,reel23__3,bot30__8,1431,N,True
4,186,reel33__7,1431,N,True
4,82,reel33__7,1431,N,True
4,reel7__3,reel2__2,1431,N,True
4,189,reel2__2,1431,N,True
4,131,reel2__2,1431,N,True
4,279,reel2__2,1431,N,True
4,167,reel23__5,1431,N,True
4,131,reel23__5,1431,N,True
4,131,bot25__3,1431,N,True
4,159,bot25__3,1431,N,True
4,131,reel39__6,1431,N,True
4,233,reel3__4,1431,N,True
4,159,reel3__4,1431,N,True
4,193,reel23__0,1431,N,True
4,159,reel23__0,1431,N,True
4,55,bot41__2,1431,N,True
4,159,bot41__2,1431,N,True
4,reel20__7,reel43__6,1431,N,True
4,159,reel43__6,1431,N,True
4,bot2__9,reel1__9,1431,N,True
4,132,reel1__9,1431,N,True
4,55,reel1__9,1431,N,True
4,100,reel1__9,1431,N,True
4,bot2__9,bot39__2,1431,N,True
4,279,reel16__8,1431,N,True
4,279,bot28__3,1431,N,True
4,179,bot28__3,1431,N,True
4,279,reel33__5,1431,N,True
4,319,bot32__4,1431,N,True
4,218,reel4__9,1431,N,True
4,9,reel4__9,1431,N,True
4,69,reel4__9,1431,N,True
4,218,bot37__5,1431,N,True
4,218,reel64__0,1431,N,True
4,163,reel64__0,1431,N,True
4,203,bot6__8,1431,N,True
4,bot58__3,bot6__8,1431,N,True
4,reel13__4,reel17__3,1431,N,True
4,284,reel17__3,1431,N,True
4,238,reel17__3,1431,N,True
4,162,bot21__5,1431,N,True
4,238,bot21__5,1431,N,True
4,238,reel22__7,1431,N,True
4,238,reel55__6,1431,N,True
4,101,bot6__2,1431,N,True
4,156,bot6__2,1431,N,True
4,203,reel26__4,1431,N,True
4,101,reel26__4,1431,N,True
4,165,reel26__4,1431,N,True
4,322,bot40__4,1431,N,True
4,250,bot40__4,1431,N,True
4,101,bot40__4,1431,N,True
4,311,reel21__9,1431,N,True
4,42,reel21__9,1431,N,True
4,311,bot24__3,1431,N,True
4,151,bot24__3,1431,N,True
4,bot27__6,bot34__2,1431,N,True
4,311,bot34__2,1431,N,True
4,267,bot42__7,1431,N,True
4,311,bot42__7,1431,N,True
4,311,reel62__1,1431,N,True
4,203,bot5__6,1431,N,True
4,329,bot5__6,1431,N,True
4,bot6__9,bot5__6,1431,N,True
4,29,bot5__6,1431,N,True
4,213,bot0__6,1431,N,True
4,341,bot0__6,1431,N,True
4,313,bot0__6,1431,N,True
4,213,reel12__8,1431,N,True
4,reel20__8,reel12__8,1431,N,True
4,104,reel12__8,1431,N,True
4,213,bot28__2,1431,N,True
4,33,bot28__2,1431,N,True
4,345,bot2__4,1431,N,True
4,130,bot2__4,1431,N,True
4,50,reel6__1,1431,N,True
4,130,reel6__1,1431,N,True
4,177,reel6__1,1431,N,True
4,130,bot15__4,1431,N,True
4,240,bot15__4,1431,N,True
4,341,bot15__4,1431,N,True
4,130,reel19__6,1431,N,True
4,280,reel28__7,1431,N,True
4,130,reel28__7,1431,N,True
4,40,reel0__6,1431,N,True
4,reel22__1,reel0__6,1431,N,True
4,135,reel0__6,1431,N,True
4,138,reel0__6,1431,N,True
4,320,bot21__6,1431,N,True
4,320,bot21__8,1431,N,True
4,300,bot46__0,1431,N,True
4,27,bot46__0,1431,N,True
4,320,bot46__0,1431,N,True
4,63,bot1__6,1431,N,True
4,293,bot1__6,1431,N,True
4,233,bot1__6,1431,N,True
4,63,reel19__9,1431,N,True
4,283,reel19__9,1431,N,True
4,63,reel22__0,1431,N,True
4,255,reel22__0,1431,N,True
4,63,bot64__7,1431,N,True
4,bot4__3,bot2__3,1431,N,True
4,38,bot2__3,1431,N,True
4,326,bot2__3,1431,N,True
4,2,bot29__6,1431,N,True
4,2,bot43__4,1431,N,True
4,26,bot43__4,1431,N,True
4,326,bot4__1,1431,N,True
4,241,bot4__1,1431,N,True
4,126,bot8__3,1431,N,True
4,241,bot8__3,1431,N,True
4,257,bot13__7,1431,N,True
4,241,bot13__7,1431,N,True
4,241,reel21__5,1431,N,True
4,46,reel21__5,1431,N,True
4,183,reel26__8,1431,N,True
4,241,reel26__8,1431,N,True
4,241,reel35__3,1431,N,True
4,46,reel35__3,1431,N,True
4,241,reel65__2,1431,N,True
4,46,reel65__2,1431,N,True
4,85,reel15__4,1431,N,True
4,147,reel15__4,1431,N,True
4,229,bot19__0,1431,N,True
4,251,bot19__0,1431,N,True
4,147,bot19__0,1431,N,True
4,147,bot53__8,1431,N,True
4,246,reel11__3,1431,N,True
4,67,reel11__3,1431,N,True
4,271,reel11__3,1431,N,True
4,67,reel11__7,1431,N,True
4,77,reel11__7,1431,N,True
4,67,bot12__8,1431,N,True
4,220,reel13__7,1431,N,True
4,67,reel13__7,1431,N,True
4,183,reel13__7,1431,N,True
4,331,bot17__7,1431,N,True
4,240,bot17__7,1431,N,True
4,67,bot17__7,1431,N,True
4,67,bot30__7,1431,N,True
4,321,bot30__7,1431,N,True
4,67,reel31__9,1431,N,True
4,67,reel46__3,1431,N,True
4,277,bot8__5,1431,N,True
4,251,bot8__5,1431,N,True
4,192,reel24__3,1431,N,True
4,251,reel24__3,1431,N,True
4,190,reel25__0,1431,N,True
4,88,reel25__0,1431,N,True
4,251,reel25__0,1431,N,True
4,283,bot13__8,1431,N,True
4,92,bot13__8,1431,N,True
4,46,bot13__8,1431,N,True
4,228,reel22__9,1431,N,True
4,262,reel22__9,1431,N,True
4,46,reel22__9,1431,N,True
4,38,bot1__8,1431,N,True
4,199,bot1__8,1431,N,True
4,190,reel1__3,1431,N,True
4,38,reel1__3,1431,N,True
4,317,reel1__3,1431,N,True
4,38,bot5__2,1431,N,True
4,55,bot5__2,1431,N,True
4,202,bot5__2,1431,N,True
4,38,reel48__9,1431,N,True
4,302,reel20__5,1431,N,True
4,reel22__1,reel20__5,1431,N,True
4,reel20__7,bot48__0,1431,N,True
4,bot23__1,bot13__6,1431,N,True
4,333,bot13__6,1431,N,True
4,bot23__1,bot34__7,1431,N,True
4,208,bot2__2,1431,N,True
4,61,bot2__2,1431,N,True
4,208,bot32__7,1431,N,True
4,208,bot59__1,1431,N,True
4,208,reel65__5,1431,N,True
4,155,reel65__5,1431,N,True
4,299,reel42__9,1431,N,True
4,16,reel42__9,1431,N,True
4,330,reel16__4,1431,N,True
4,99,reel16__4,1431,N,True
4,330,reel50__2,1431,N,True
4,330,reel51__0,1431,N,True
4,128,reel51__0,1431,N,True
4,330,reel53__2,1431,N,True
4,249,reel53__2,1431,N,True
4,330,reel58__6,1431,N,True
4,167,reel58__6,1431,N,True
4,201,bot0__9,1431,N,True
4,270,bot0__9,1431,N,True
4,8,bot0__9,1431,N,True
4,201,bot16__6,1431,N,True
4,243,reel19__8,1431,N,True
4,201,reel19__8,1431,N,True
4,301,reel19__8,1431,N,True
4,201,bot22__7,1431,N,True
4,316,bot22__7,1431,N,True
4,111,bot22__7,1431,N,True
4,201,bot66__6,1431,N,True
4,201,reel70__3,1431,N,True
4,65,reel7__6,1431,N,True
4,bot9__0,reel7__6,1431,N,True
4,150,reel7__6,1431,N,True
4,202,bot0__0,1431,N,True
4,47,bot0__0,1431,N,True
4,186,bot0__4,1431,N,True
4,202,bot0__4,1431,N,True
4,260,reel0__8,1431,N,True
4,202,reel0__8,1431,N,True
4,42,reel0__8,1431,N,True
4,168,reel9__9,1431,N,True
4,118,reel9__9,1431,N,True
4,202,reel9__9,1431,N,True
4,346,bot25__5,1431,N,True
4,202,bot25__5,1431,N,True
4,202,reel57__5,1431,N,True
4,158,reel57__5,1431,N,True
4,202,reel62__0,1431,N,True
4,332,reel63__7,1431,N,True
4,202,reel63__7,1431,N,True
4,88,bot51__4,1431,N,True
4,138,bot51__4,1431,N,True
4,138,reel51__2,1431,N,True
4,138,bot67__4,1431,N,True
4,reel11__6,reel9__8,1431,N,True
4,163,reel9__8,1431,N,True
4,217,reel9__8,1431,N,True
4,134,reel11__9,1431,N,True
4,217,reel11__9,1431,N,True
4,217,reel38__2,1431,N,True
4,163,reel41__6,1431,N,True
4,217,reel41__6,1431,N,True
4,50,reel25__3,1431,N,True
4,55,reel25__3,1431,N,True
4,184,bot35__0,1431,N,True
4,55,bot35__0,1431,N,True
4,162,bot16__3,1431,N,True
4,181,reel4__7,1431,N,True
4,148,reel4__7,1431,N,True
4,reel24__8,reel15__2,1431,N,True
4,reel12__9,reel15__2,1431,N,True
4,reel9__5,reel15__2,1431,N,True
4,148,reel15__2,1431,N,True
4,148,bot16__4,1431,N,True
4,28,bot35__5,1431,N,True
4,148,bot35__5,1431,N,True
4,324,reel0__3,1431,N,True
4,189,reel0__3,1431,N,True
4,152,reel0__3,1431,N,True
4,250,reel1__4,1431,N,True
4,189,reel1__4,1431,N,True
4,reel28__8,reel1__4,1431,N,True
4,189,reel5__8,1431,N,True
4,219,reel5__8,1431,N,True
4,189,bot7__5,1431,N,True
4,246,bot42__3,1431,N,True
4,246,bot53__2,1431,N,True
4,288,bot7__0,1431,N,True
4,333,bot7__0,1431,N,True
4,184,reel36__4,1431,N,True
4,288,reel36__4,1431,N,True
4,bot46__6,reel36__4,1431,N,True
4,293,bot44__4,1431,N,True
4,288,bot44__4,1431,N,True
4,240,bot21__4,1431,N,True
4,240,reel29__5,1431,N,True
4,301,reel29__5,1431,N,True
4,240,reel44__4,1431,N,True
4,283,bot6__4,1431,N,True
4,reel3__7,bot6__4,1431,N,True
4,277,bot6__4,1431,N,True
4,reel3__7,reel36__2,1431,N,True
4,303,reel36__2,1431,N,True
4,bot44__3,reel36__2,1431,N,True
4,reel3__7,reel45__7,1431,N,True
4,reel12__1,reel45__7,1431,N,True
4,184,reel26__3,1431,N,True
4,161,reel26__3,1431,N,True
4,184,reel57__1,1431,N,True
4,10,reel28__1,1431,N,True
4,113,reel28__1,1431,N,True
4,21,reel16__3,1431,N,True
4,81,reel16__3,1431,N,True
4,13,reel23__7,1431,N,True
4,81,reel23__7,1431,N,True
4,20,reel42__6,1431,N,True
4,81,reel42__6,1431,N,True
4,153,reel49__2,1431,N,True
4,81,reel49__2,1431,N,True
4,317,reel61__6,1431,N,True
4,81,reel61__6,1431,N,True
4,81,bot67__2,1431,N,True
4,243,reel5__5,1431,N,True
4,243,reel19__5,1431,N,True
4,122,reel19__5,1431,N,True
4,243,reel27__9,1431,N,True
4,282,reel27__9,1431,N,True
4,243,reel59__8,1431,N,True
4,243,reel60__2,1431,N,True
4,171,bot2__5,1431,N,True
4,250,bot2__5,1431,N,True
4,171,reel23__4,1431,N,True
4,31,reel23__4,1431,N,True
4,171,reel36__6,1431,N,True
4,reel8__4,reel36__6,1431,N,True
4,86,reel12__5,1431,N,True
4,177,reel12__5,1431,N,True
4,bot21__0,reel12__5,1431,N,True
4,31,reel15__6,1431,N,True
4,58,reel15__6,1431,N,True
4,58,reel35__8,1431,N,True
4,9,reel35__8,1431,N,True
4,195,reel37__6,1431,N,True
4,58,reel37__6,1431,N,True
4,58,reel39__8,1431,N,True
4,58,reel40__2,1431,N,True
4,250,reel40__2,1431,N,True
4,327,reel40__2,1431,N,True
4,221,bot15__6,1431,N,True
4,321,bot15__6,1431,N,True
4,14,bot16__7,1431,N,True
4,321,bot16__7,1431,N,True
4,321,reel22__2,1431,N,True
4,301,reel22__2,1431,N,True
4,reel62__6,reel32__9,1431,N,True
4,190,reel32__9,1431,N,True
4,321,reel32__9,1431,N,True
4,321,bot71__5,1431,N,True
4,336,bot71__5,1431,N,True
4,223,bot6__6,1431,N,True
4,146,bot6__6,1431,N,True
4,346,reel27__2,1431,N,True
4,146,reel27__2,1431,N,True
4,146,reel63__1,1431,N,True
4,221,bot4__6,1431,N,True
4,229,bot4__6,1431,N,True
4,221,bot49__4,1431,N,True
4,191,bot22__1,1431,N,True
4,301,bot22__1,1431,N,True
4,301,bot28__0,1431,N,True
4,301,reel39__1,1431,N,True
4,239,reel59__3,1431,N,True
4,107,reel59__3,1431,N,True
4,301,reel59__3,1431,N,True
4,301,reel70__0,1431,N,True
4,305,reel8__9,1431,N,True
4,336,reel8__9,1431,N,True
4,234,reel8__9,1431,N,True
4,reel24__7,reel8__9,1431,N,True
4,reel24__7,reel27__4,1431,N,True
4,reel13__4,bot24__1,1431,N,True
4,113,bot24__1,1431,N,True
4,reel13__4,bot34__9,1431,N,True
4,reel13__4,reel48__6,1431,N,True
4,160,reel48__6,1431,N,True
4,reel23__3,reel48__6,1431,N,True
4,reel13__4,reel64__7,1431,N,True
4,116,reel14__2,1431,N,True
4,285,reel14__2,1431,N,True
4,285,bot49__3,1431,N,True
4,reel39__7,reel37__7,1431,N,True
4,207,reel37__7,1431,N,True
4,reel39__7,reel62__7,1431,N,True
4,32,reel62__7,1431,N,True
4,reel39__7,reel65__7,1431,N,True
4,273,reel65__7,1431,N,True
4,281,reel16__1,1431,N,True
4,281,bot28__7,1431,N,True
4,281,bot36__2,1431,N,True
4,bot9__0,bot36__2,1431,N,True
4,reel7__3,bot36__2,1431,N,True
4,281,bot53__7,1431,N,True
4,126,reel0__2,1431,N,True
4,77,reel0__2,1431,N,True
4,250,reel0__2,1431,N,True
4,126,bot11__9,1431,N,True
4,126,reel26__5,1431,N,True
4,126,reel29__2,1431,N,True
4,64,bot39__1,1431,N,True
4,126,bot39__1,1431,N,True
4,126,bot55__6,1431,N,True
4,126,reel61__3,1431,N,True
4,reel27__0,reel61__3,1431,N,True
4,312,reel18__5,1431,N,True
4,195,reel30__1,1431,N,True
4,312,reel30__1,1431,N,True
4,70,reel46__9,1431,N,True
4,293,reel46__9,1431,N,True
4,312,reel46__9,1431,N,True
4,312,reel60__1,1431,N,True
4,bot20__9,reel5__0,1431,N,True
4,214,reel5__0,1431,N,True
4,20,reel5__0,1431,N,True
4,reel14__8,reel5__0,1431,N,True
4,bot20__9,bot55__8,1431,N,True
4,reel4__3,bot7__9,1431,N,True
4,190,reel9__1,1431,N,True
4,reel4__3,reel9__1,1431,N,True
4,44,reel9__1,1431,N,True
4,reel4__3,bot18__3,1431,N,True
4,reel4__3,reel46__6,1431,N,True
4,44,reel46__6,1431,N,True
4,316,reel46__6,1431,N,True
4,195,reel5__2,1431,N,True
4,303,reel5__2,1431,N,True
4,270,reel5__2,1431,N,True
4,179,reel44__7,1431,N,True
4,140,reel51__1,1431,N,True
4,reel23__3,bot31__3,1431,N,True
4,156,bot31__3,1431,N,True
4,reel23__3,reel37__5,1431,N,True
4,reel23__3,bot42__2,1431,N,True
4,reel23__3,bot52__9,1431,N,True
4,27,reel6__4,1431,N,True
4,115,reel6__4,1431,N,True
4,44,bot9__4,1431,N,True
4,27,bot9__4,1431,N,True
4,316,bot9__4,1431,N,True
4,172,reel21__1,1431,N,True
4,27,reel21__1,1431,N,True
4,76,reel6__0,1431,N,True
4,reel24__5,reel6__0,1431,N,True
4,85,reel6__0,1431,N,True
4,190,reel40__7,1431,N,True
4,reel24__5,reel40__7,1431,N,True
4,188,reel41__2,1431,N,True
4,reel24__5,reel41__2,1431,N,True
4,341,bot0__8,1431,N,True
4,161,bot0__8,1431,N,True
4,176,bot0__8,1431,N,True
4,161,reel13__0,1431,N,True
4,122,reel13__0,1431,N,True
4,220,reel13__0,1431,N,True
4,161,reel33__2,1431,N,True
4,62,reel33__2,1431,N,True
4,reel20__8,bot23__9,1431,N,True
4,324,bot23__9,1431,N,True
4,reel20__8,bot25__6,1431,N,True
4,reel28__5,reel26__2,1431,N,True
4,reel20__8,reel26__2,1431,N,True
4,reel20__8,reel41__3,1431,N,True
4,273,reel14__4,1431,N,True
4,reel63__5,reel14__4,1431,N,True
4,165,reel14__4,1431,N,True
4,165,bot69__4,1431,N,True
4,83,bot14__3,1431,N,True
4,34,bot14__3,1431,N,True
4,34,reel21__2,1431,N,True
4,323,bot24__2,1431,N,True
4,329,bot24__2,1431,N,True
4,34,bot24__2,1431,N,True
4,22,bot1__9,1431,N,True
4,22,bot27__0,1431,N,True
4,22,reel42__4,1431,N,True
4,22,bot48__3,1431,N,True
4,56,reel19__3,1431,N,True
4,26,reel19__3,1431,N,True
4,69,reel19__3,1431,N,True
4,56,bot45__2,1431,N,True
4,56,bot46__2,1431,N,True
4,175,reel0__7,1431,N,True
4,270,reel0__7,1431,N,True
4,255,reel0__7,1431,N,True
4,255,reel8__7,1431,N,True
4,170,reel8__7,1431,N,True
4,bot11__7,reel8__7,1431,N,True
4,345,reel9__3,1431,N,True
4,293,reel9__3,1431,N,True
4,255,reel9__3,1431,N,True
4,255,bot26__1,1431,N,True
4,255,reel44__6,1431,N,True
4,255,reel48__4,1431,N,True
4,255,reel56__3,1431,N,True
4,60,bot14__7,1431,N,True
4,24,bot14__7,1431,N,True
4,190,reel33__4,1431,N,True
4,24,reel33__4,1431,N,True
4,70,reel54__6,1431,N,True
4,24,reel54__6,1431,N,True
4,118,reel3__3,1431,N,True
4,283,reel3__3,1431,N,True
4,177,reel3__3,1431,N,True
4,reel18__4,reel3__3,1431,N,True
4,283,reel47__9,1431,N,True
4,reel66__6,reel49__7,1431,N,True
4,283,reel49__7,1431,N,True
4,123,bot15__2,1431,N,True
4,20,bot18__8,1431,N,True
4,333,bot18__8,1431,N,True
4,123,bot18__8,1431,N,True
4,reel28__5,reel32__1,1431,N,True
4,123,reel32__1,1431,N,True
4,123,reel48__1,1431,N,True
4,16,reel69__3,1431,N,True
4,123,reel69__3,1431,N,True
4,181,bot39__0,1431,N,True
4,99,bot39__0,1431,N,True
4,99,bot43__2,1431,N,True
4,99,bot57__0,1431,N,True
4,bot32__6,bot57__5,1431,N,True
4,99,bot57__5,1431,N,True
4,303,reel52__5,1431,N,True
4,177,bot46__3,1431,N,True
4,207,bot46__3,1431,N,True
4,207,bot53__5,1431,N,True
4,229,bot53__5,1431,N,True
4,207,bot70__2,1431,N,True
4,326,reel10__5,1431,N,True
4,326,reel25__6,1431,N,True
4,reel12__3,reel25__6,1431,N,True
4,326,reel28__2,1431,N,True
4,333,reel28__2,1431,N,True
4,273,reel34__3,1431,N,True
4,326,reel34__3,1431,N,True
4,326,reel45__8,1431,N,True
4,309,reel55__7,1431,N,True
4,57,bot61__7,1431,N,True
4,309,bot61__7,1431,N,True
4,225,reel61__0,1431,N,True
4,309,reel61__0,1431,N,True
4,49,bot4__8,1431,N,True
4,33,bot4__8,1431,N,True
4,157,bot10__1,1431,N,True
4,49,bot10__1,1431,N,True
4,280,reel27__1,1431,N,True
4,49,reel27__1,1431,N,True
4,80,bot51__6,1431,N,True
4,49,bot51__6,1431,N,True
4,44,bot60__2,1431,N,True
4,152,bot60__2,1431,N,True
4,152,reel65__8,1431,N,True
4,68,reel13__6,1431,N,True
4,68,reel70__8,1431,N,True
4,262,bot1__0,1431,N,True
4,229,bot1__0,1431,N,True
4,229,bot36__9,1431,N,True
4,191,reel10__4,1431,N,True
4,191,bot71__7,1431,N,True
4,225,bot71__7,1431,N,True
4,65,reel45__6,1431,N,True
4,bot52__3,reel45__6,1431,N,True
4,177,reel20__9,1431,N,True
4,337,reel20__9,1431,N,True
4,337,bot57__3,1431,N,True
4,167,reel9__4,1431,N,True
4,313,reel9__4,1431,N,True
4,313,bot40__5,1431,N,True
4,313,bot46__4,1431,N,True
4,92,bot69__9,1431,N,True
4,bot21__0,bot69__9,1431,N,True
4,70,bot5__7,1431,N,True
4,332,bot5__7,1431,N,True
4,70,reel8__3,1431,N,True
4,284,reel8__3,1431,N,True
4,70,bot35__1,1431,N,True
4,57,bot35__1,1431,N,True
4,70,bot38__6,1431,N,True
4,70,reel53__6,1431,N,True
4,28,reel53__6,1431,N,True
4,70,reel65__0,1431,N,True
4,bot53__0,reel39__2,1431,N,True
4,323,bot40__2,1431,N,True
4,128,reel11__8,1431,N,True
4,128,bot68__2,1431,N,True
4,160,reel24__6,1431,N,True
4,247,reel24__6,1431,N,True
4,160,reel70__5,1431,N,True
4,reel20__3,reel21__3,1431,N,True
4,reel20__3,reel30__6,1431,N,True
4,reel20__3,bot31__9,1431,N,True
4,178,reel31__1,1431,N,True
4,reel20__3,reel31__1,1431,N,True
4,reel20__3,reel32__8,1431,N,True
4,reel20__3,bot45__5,1431,N,True
4,reel20__3,bot60__3,1431,N,True
4,20,bot14__2,1431,N,True
4,20,bot15__0,1431,N,True
4,118,reel12__4,1431,N,True
4,100,reel12__4,1431,N,True
4,151,reel12__4,1431,N,True
4,151,bot18__4,1431,N,True
4,151,bot30__5,1431,N,True
4,151,reel41__4,1431,N,True
4,331,bot31__7,1431,N,True
4,331,reel38__1,1431,N,True
4,197,reel38__1,1431,N,True
4,234,reel38__1,1431,N,True
4,156,bot2__1,1431,N,True
4,42,bot2__1,1431,N,True
4,bot0__2,bot8__1,1431,N,True
4,42,bot8__1,1431,N,True
4,42,reel22__5,1431,N,True
4,42,bot27__1,1431,N,True
4,21,reel51__7,1431,N,True
4,327,reel51__7,1431,N,True
4,188,bot17__5,1431,N,True
4,188,reel40__8,1431,N,True
4,121,reel40__8,1431,N,True
4,188,bot49__8,1431,N,True
4,188,reel51__6,1431,N,True
4,297,reel51__6,1431,N,True
4,reel10__1,reel51__6,1431,N,True
4,329,bot69__7,1431,N,True
4,6,bot69__7,1431,N,True
4,144,reel14__7,1431,N,True
4,144,reel22__4,1431,N,True
4,144,reel31__2,1431,N,True
4,293,bot52__2,1431,N,True
4,reel11__6,bot52__2,1431,N,True
4,144,bot52__2,1431,N,True
4,192,reel54__0,1431,N,True
4,144,reel54__0,1431,N,True
4,144,reel60__5,1431,N,True
4,96,bot45__8,1431,N,True
4,248,bot45__8,1431,N,True
4,reel8__4,bot10__7,1431,N,True
4,228,bot10__7,1431,N,True
4,13,bot10__7,1431,N,True
4,reel8__4,bot30__0,1431,N,True
4,reel8__4,reel41__1,1431,N,True
4,reel23__6,reel41__1,1431,N,True
4,182,reel41__1,1431,N,True
4,reel8__4,reel56__1,1431,N,True
4,reel8__4,bot62__4,1431,N,True
4,reel35__6,reel59__7,1431,N,True
4,204,reel59__7,1431,N,True
4,282,bot2__6,1431,N,True
4,282,bot9__5,1431,N,True
4,220,bot9__5,1431,N,True
4,282,reel39__0,1431,N,True
4,282,reel49__6,1431,N,True
4,158,reel49__6,1431,N,True
4,282,reel53__9,1431,N,True
4,reel11__6,reel35__9,1431,N,True
4,176,reel35__9,1431,N,True
4,reel11__6,bot44__9,1431,N,True
4,reel11__6,bot52__1,1431,N,True
4,250,reel11__0,1431,N,True
4,155,reel11__0,1431,N,True
4,50,reel31__0,1431,N,True
4,250,reel31__0,1431,N,True
4,250,reel51__9,1431,N,True
4,250,reel56__2,1431,N,True
4,76,bot5__4,1431,N,True
4,141,bot5__4,1431,N,True
4,76,bot6__5,1431,N,True
4,76,reel9__0,1431,N,True
4,284,reel9__0,1431,N,True
4,345,reel9__0,1431,N,True
4,76,reel62__9,1431,N,True
4,127,reel62__9,1431,N,True
4,76,reel69__6,1431,N,True
4,bot11__7,bot52__8,1431,N,True
4,304,bot0__7,1431,N,True
4,69,bot0__7,1431,N,True
4,141,reel47__5,1431,N,True
4,69,reel47__5,1431,N,True
4,64,bot0__3,1431,N,True
4,244,bot0__3,1431,N,True
4,290,bot0__3,1431,N,True
4,280,bot8__0,1431,N,True
4,244,bot8__0,1431,N,True
4,106,bot8__0,1431,N,True
4,244,reel13__9,1431,N,True
4,115,reel13__9,1431,N,True
4,167,reel13__9,1431,N,True
4,107,bot14__8,1431,N,True
4,244,bot14__8,1431,N,True
4,reel12__1,reel9__7,1431,N,True
4,reel12__1,bot20__5,1431,N,True
4,341,reel7__2,1431,N,True
4,reel9__5,reel7__2,1431,N,True
4,33,reel7__2,1431,N,True
4,33,reel14__6,1431,N,True
4,3,bot17__9,1431,N,True
4,33,bot17__9,1431,N,True
4,33,reel40__9,1431,N,True
4,325,reel38__8,1431,N,True
4,260,reel38__8,1431,N,True
4,204,bot51__0,1431,N,True
4,325,bot51__0,1431,N,True
4,325,bot51__8,1431,N,True
4,325,reel52__9,1431,N,True
4,325,bot53__6,1431,N,True
4,325,bot60__6,1431,N,True
4,254,bot9__3,1431,N,True
4,21,bot9__3,1431,N,True
4,54,bot15__3,1431,N,True
4,254,bot15__3,1431,N,True
4,45,bot6__1,1431,N,True
4,274,bot6__1,1431,N,True
4,45,bot45__6,1431,N,True
4,91,bot45__6,1431,N,True
4,45,reel56__0,1431,N,True
4,reel66__6,reel44__2,1431,N,True
4,277,bot9__7,1431,N,True
4,163,bot9__7,1431,N,True
4,249,reel23__8,1431,N,True
4,163,reel23__8,1431,N,True
4,216,reel32__2,1431,N,True
4,163,reel32__2,1431,N,True
4,163,reel50__7,1431,N,True
4,reel10__7,reel50__7,1431,N,True
4,163,reel57__0,1431,N,True
4,36,reel43__8,1431,N,True
4,204,reel43__8,1431,N,True
4,36,reel49__8,1431,N,True
4,36,reel56__5,1431,N,True
4,170,reel56__5,1431,N,True
4,232,reel2__7,1431,N,True
4,155,reel2__7,1431,N,True
4,232,bot18__2,1431,N,True
4,bot15__8,bot18__2,1431,N,True
4,232,bot18__6,1431,N,True
4,232,bot56__9,1431,N,True
4,232,bot66__9,1431,N,True
4,239,bot36__7,1431,N,True
4,234,bot36__7,1431,N,True
4,239,bot61__9,1431,N,True
4,91,reel0__0,1431,N,True
4,121,reel0__0,1431,N,True
4,170,reel0__0,1431,N,True
4,273,reel58__4,1431,N,True
4,121,reel58__4,1431,N,True
4,113,reel58__4,1431,N,True
4,170,bot1__3,1431,N,True
4,332,bot11__3,1431,N,True
4,170,bot11__3,1431,N,True
4,190,bot14__9,1431,N,True
4,336,bot14__9,1431,N,True
4,170,bot14__9,1431,N,True
4,170,bot22__4,1431,N,True
4,170,bot51__2,1431,N,True
4,170,bot70__0,1431,N,True
4,61,reel64__9,1431,N,True
4,reel2__6,reel64__9,1431,N,True
4,293,bot4__9,1431,N,True
4,156,bot4__9,1431,N,True
4,293,reel15__0,1431,N,True
4,100,reel15__0,1431,N,True
4,293,bot31__8,1431,N,True
4,reel27__0,bot31__8,1431,N,True
4,293,bot36__4,1431,N,True
4,293,bot42__0,1431,N,True
4,reel27__0,reel23__2,1431,N,True
4,3,reel23__2,1431,N,True
4,reel27__0,reel68__8,1431,N,True
4,25,reel26__7,1431,N,True
4,bot19__8,bot29__7,1431,N,True
4,141,reel67__4,1431,N,True
4,230,reel67__4,1431,N,True
4,bot0__2,bot18__9,1431,N,True
4,54,bot18__9,1431,N,True
4,bot0__2,bot58__6,1431,N,True
4,341,bot58__6,1431,N,True
4,127,bot21__9,1431,N,True
4,127,reel48__5,1431,N,True
4,257,reel6__7,1431,N,True
4,206,reel6__7,1431,N,True
4,257,bot58__2,1431,N,True
4,257,bot58__4,1431,N,True
4,reel17__8,reel46__4,1431,N,True
4,reel17__8,bot61__1,1431,N,True
4,236,bot22__9,1431,N,True
4,236,reel24__0,1431,N,True
4,233,reel24__0,1431,N,True
4,167,reel63__2,1431,N,True
4,167,reel63__4,1431,N,True
4,9,reel63__4,1431,N,True
4,274,reel46__2,1431,N,True
4,158,reel4__4,1431,N,True
4,111,reel4__4,1431,N,True
4,4,bot7__1,1431,N,True
4,106,bot7__1,1431,N,True
4,259,bot7__1,1431,N,True
4,4,bot21__2,1431,N,True
4,4,bot29__4,1431,N,True
4,4,bot47__5,1431,N,True
4,94,bot47__5,1431,N,True
4,4,reel55__5,1431,N,True
4,216,bot7__3,1431,N,True
4,216,bot30__9,1431,N,True
4,156,bot30__9,1431,N,True
4,216,bot37__8,1431,N,True
4,216,reel38__0,1431,N,True
4,216,reel48__8,1431,N,True
4,300,reel8__2,1431,N,True
4,156,reel8__2,1431,N,True
4,300,bot33__1,1431,N,True
4,113,bot33__1,1431,N,True
4,300,reel56__7,1431,N,True
4,300,reel70__9,1431,N,True
4,276,reel1__2,1431,N,True
4,72,reel1__2,1431,N,True
4,115,reel1__2,1431,N,True
4,276,bot42__8,1431,N,True
4,276,reel53__8,1431,N,True
4,178,reel44__5,1431,N,True
4,178,reel45__0,1431,N,True
4,28,reel6__3,1431,N,True
4,94,reel6__3,1431,N,True
4,reel10__1,reel6__3,1431,N,True
4,28,reel7__4,1431,N,True
4,reel10__1,reel7__4,1431,N,True
4,reel10__1,bot44__2,1431,N,True
4,reel10__1,bot62__7,1431,N,True
4,reel10__1,bot68__9,1431,N,True
4,bot15__8,bot52__6,1431,N,True
4,329,bot4__0,1431,N,True
4,242,reel43__0,1431,N,True
4,145,bot10__0,1431,N,True
4,235,bot10__0,1431,N,True
4,145,bot29__1,1431,N,True
4,13,bot29__1,1431,N,True
4,83,bot25__2,1431,N,True
4,bot12__3,bot25__2,1431,N,True
4,248,reel41__8,1431,N,True
4,317,reel41__8,1431,N,True
4,317,bot52__5,1431,N,True
4,317,reel55__2,1431,N,True
4,reel12__3,reel55__2,1431,N,True
4,134,reel21__6,1431,N,True
4,134,bot37__4,1431,N,True
4,156,bot37__4,1431,N,True
4,134,bot49__5,1431,N,True
4,270,reel19__1,1431,N,True
4,bot46__6,bot31__1,1431,N,True
4,270,bot31__1,1431,N,True
4,270,reel42__5,1431,N,True
4,193,reel5__7,1431,N,True
4,193,reel54__3,1431,N,True
4,204,bot25__7,1431,N,True
4,5,reel67__2,1431,N,True
4,199,reel35__7,1431,N,True
4,203,bot3__5,1431,N,True
4,203,bot13__3,1431,N,True
4,175,bot13__3,1431,N,True
4,203,bot36__0,1431,N,True
4,190,bot24__7,1431,N,True
4,206,reel42__7,1431,N,True
4,57,bot21__3,1431,N,True
4,176,bot21__3,1431,N,True
4,263,reel54__9,1431,N,True
4,177,reel20__0,1431,N,True
4,177,reel21__4,1431,N,True
4,177,reel24__1,1431,N,True
4,177,reel30__9,1431,N,True
4,177,bot48__2,1431,N,True
4,28,bot2__0,1431,N,True
4,64,bot2__0,1431,N,True
4,118,bot2__0,1431,N,True
4,28,reel7__5,1431,N,True
4,316,reel7__5,1431,N,True
4,reel24__8,reel7__5,1431,N,True
4,116,reel4__8,1431,N,True
4,62,reel4__8,1431,N,True
4,88,bot63__7,1431,N,True
4,62,bot63__7,1431,N,True
4,192,reel21__0,1431,N,True
4,176,reel21__0,1431,N,True
4,71,reel3__0,1431,N,True
4,93,reel3__0,1431,N,True
4,41,reel3__0,1431,N,True
4,93,reel11__4,1431,N,True
4,16,reel11__4,1431,N,True
4,93,reel66__9,1431,N,True
4,155,reel66__9,1431,N,True
4,344,reel33__9,1431,N,True
4,344,bot41__9,1431,N,True
4,reel22__1,bot53__1,1431,N,True
4,344,bot53__1,1431,N,True
4,92,bot13__2,1431,N,True
4,294,bot13__2,1431,N,True
4,334,reel23__9,1431,N,True
4,294,reel23__9,1431,N,True
4,234,reel29__4,1431,N,True
4,294,reel29__4,1431,N,True
4,294,bot62__6,1431,N,True
4,197,bot22__2,1431,N,True
4,32,bot32__9,1431,N,True
4,197,bot32__9,1431,N,True
4,13,reel15__1,1431,N,True
4,346,reel15__1,1431,N,True
4,346,bot65__6,1431,N,True
4,50,bot38__7,1431,N,True
4,50,reel44__8,1431,N,True
4,31,bot12__0,1431,N,True
4,31,bot49__9,1431,N,True
4,31,reel52__4,1431,N,True
4,83,bot8__2,1431,N,True
4,bot9__0,bot8__2,1431,N,True
4,308,bot8__2,1431,N,True
4,83,reel4__2,1431,N,True
4,reel14__8,reel4__2,1431,N,True
4,83,reel18__2,1431,N,True
4,83,reel58__2,1431,N,True
4,reel18__4,reel58__2,1431,N,True
4,181,bot22__6,1431,N,True
4,186,reel61__2,1431,N,True
4,181,reel61__2,1431,N,True
4,181,bot68__4,1431,N,True
4,284,reel1__1,1431,N,True
4,284,reel10__0,1431,N,True
4,284,bot13__1,1431,N,True
4,156,bot13__1,1431,N,True
4,284,bot18__0,1431,N,True
4,157,bot24__6,1431,N,True
4,47,bot24__6,1431,N,True
4,reel25__7,reel58__9,1431,N,True
4,14,bot3__4,1431,N,True
4,9,bot3__4,1431,N,True
4,14,reel66__1,1431,N,True
4,60,reel6__9,1431,N,True
4,64,reel6__9,1431,N,True
4,reel9__5,reel6__9,1431,N,True
4,252,reel6__9,1431,N,True
4,64,bot41__8,1431,N,True
4,29,bot41__8,1431,N,True
4,137,reel49__4,1431,N,True
4,26,reel39__3,1431,N,True
4,bot67__1,reel39__3,1431,N,True
4,bot42__9,reel39__3,1431,N,True
4,bot42__9,bot61__4,1431,N,True
4,175,bot13__9,1431,N,True
4,322,bot13__9,1431,N,True
4,175,reel13__3,1431,N,True
4,80,reel13__3,1431,N,True
4,324,reel13__3,1431,N,True
4,175,bot31__6,1431,N,True
4,175,bot47__4,1431,N,True
4,bot22__3,bot47__4,1431,N,True
4,175,reel60__7,1431,N,True
4,175,reel64__5,1431,N,True
4,71,bot3__7,1431,N,True
4,65,bot5__1,1431,N,True
4,71,bot5__1,1431,N,True
4,41,bot5__1,1431,N,True
4,bot0__5,bot25__4,1431,N,True
4,bot0__5,bot32__2,1431,N,True
4,304,reel24__4,1431,N,True
4,225,reel24__4,1431,N,True
4,116,reel17__4,1431,N,True
4,116,bot70__4,1431,N,True
4,65,bot12__1,1431,N,True
4,183,bot12__1,1431,N,True
4,183,bot26__0,1431,N,True
4,183,bot41__3,1431,N,True
4,100,bot1__2,1431,N,True
4,113,bot1__2,1431,N,True
4,100,bot12__2,1431,N,True
4,117,reel13__2,1431,N,True
4,100,reel13__2,1431,N,True
4,172,bot50__0,1431,N,True
4,100,bot50__0,1431,N,True
4,100,bot56__1,1431,N,True
4,192,reel12__0,1431,N,True
4,192,bot16__8,1431,N,True
4,192,bot48__6,1431,N,True
4,reel14__8,reel26__1,1431,N,True
4,259,reel30__2,1431,N,True
4,reel14__8,reel30__2,1431,N,True
4,187,bot35__9,1431,N,True
4,reel14__8,bot35__9,1431,N,True
4,reel14__8,bot61__2,1431,N,True
4,88,reel58__7,1431,N,True
4,88,reel68__0,1431,N,True
4,186,reel7__1,1431,N,True
4,54,reel7__1,1431,N,True
4,280,reel16__9,1431,N,True
4,54,reel16__9,1431,N,True
4,54,reel20__6,1431,N,True
4,reel28__8,reel20__6,1431,N,True
4,324,reel20__6,1431,N,True
4,156,reel20__6,1431,N,True
4,54,reel48__3,1431,N,True
4,261,reel48__3,1431,N,True
4,271,bot5__5,1431,N,True
4,186,reel6__2,1431,N,True
4,271,reel6__2,1431,N,True
4,271,bot15__5,1431,N,True
4,262,bot15__5,1431,N,True
4,271,bot16__9,1431,N,True
4,219,bot24__4,1431,N,True
4,271,bot24__4,1431,N,True
4,182,bot24__4,1431,N,True
4,228,bot40__3,1431,N,True
4,reel10__7,bot40__3,1431,N,True
4,92,bot20__8,1431,N,True
4,92,reel25__9,1431,N,True
4,92,reel49__3,1431,N,True
4,61,reel0__4,1431,N,True
4,3,reel0__4,1431,N,True
4,3,bot37__7,1431,N,True
4,3,bot64__1,1431,N,True
4,182,bot21__7,1431,N,True
4,182,bot37__9,1431,N,True
4,182,reel37__0,1431,N,True
4,182,bot39__9,1431,N,True
4,122,reel44__3,1431,N,True
4,182,reel44__3,1431,N,True
4,132,reel69__0,1431,N,True
4,336,reel18__3,1431,N,True
4,reel12__9,bot20__4,1431,N,True
4,336,bot20__4,1431,N,True
4,336,reel27__6,1431,N,True
4,233,reel2__8,1431,N,True
4,316,reel2__8,1431,N,True
4,316,reel18__0,1431,N,True
4,157,reel2__4,1431,N,True
4,245,reel2__4,1431,N,True
4,245,bot47__9,1431,N,True
4,29,bot47__9,1431,N,True
4,91,bot26__6,1431,N,True
4,324,bot33__2,1431,N,True
4,324,reel55__9,1431,N,True
4,237,reel2__5,1431,N,True
4,13,reel2__5,1431,N,True
4,13,bot17__6,1431,N,True
4,13,reel46__5,1431,N,True
4,252,reel46__5,1431,N,True
4,reel18__4,reel60__6,1431,N,True
4,107,reel0__5,1431,N,True
4,107,bot26__3,1431,N,True
4,187,reel6__6,1431,N,True
4,122,reel6__6,1431,N,True
4,122,reel29__9,1431,N,True
4,122,bot66__0,1431,N,True
4,122,bot70__8,1431,N,True
4,9,bot3__1,1431,N,True
4,267,bot3__1,1431,N,True
4,267,reel15__3,1431,N,True
4,267,bot27__3,1431,N,True
4,267,reel30__5,1431,N,True
4,60,reel36__8,1431,N,True
4,60,reel61__4,1431,N,True
4,60,reel68__6,1431,N,True
4,60,bot70__5,1431,N,True
4,186,reel13__5,1431,N,True
4,186,bot64__8,1431,N,True
4,reel9__5,bot64__8,1431,N,True
4,223,bot62__9,1431,N,True
4,157,bot14__5,1431,N,True
4,237,bot14__5,1431,N,True
4,157,reel67__3,1431,N,True
4,16,reel69__1,1431,N,True
4,9,bot24__8,1431,N,True
4,9,bot43__5,1431,N,True
4,9,reel65__1,1431,N,True
4,214,reel54__8,1431,N,True
4,214,bot57__1,1431,N,True
4,bot71__8,reel41__7,1431,N,True
4,237,bot12__9,1431,N,True
4,237,bot71__2,1431,N,True
4,155,bot38__4,1431,N,True
4,156,bot38__4,1431,N,True
4,reel23__6,reel42__8,1431,N,True
4,156,reel42__8,1431,N,True
4,115,reel32__4,1431,N,True
4,305,reel32__4,1431,N,True
4,80,reel50__6,1431,N,True
4,305,reel50__6,1431,N,True
4,41,bot17__1,1431,N,True
4,234,bot17__1,1431,N,True
4,41,reel28__6,1431,N,True
4,41,reel70__1,1431,N,True
4,247,reel53__1,1431,N,True
4,reel24__8,reel59__0,1431,N,True
4,341,reel15__7,1431,N,True
4,219,reel15__7,1431,N,True
4,252,reel15__7,1431,N,True
4,252,bot64__3,1431,N,True
4,333,bot69__0,1431,N,True
4,252,bot69__0,1431,N,True
4,reel9__5,reel36__1,1431,N,True
4,115,reel36__1,1431,N,True
4,341,bot68__5,1431,N,True
4,reel23__6,reel41__0,1431,N,True
4,bot22__3,bot35__3,1431,N,True
4,44,bot19__6,1431,N,True
4,44,reel35__5,1431,N,True
4,228,bot9__2,1431,N,True
4,228,reel30__4,1431,N,True
4,reel22__1,bot41__1,1431,N,True
4,80,reel29__6,1431,N,True
4,304,bot67__5,1431,N,True
4,118,bot29__8,1431,N,True
4,117,bot29__8,1431,N,True
4,118,reel30__3,1431,N,True
4,235,reel30__3,1431,N,True
4,118,bot39__3,1431,N,True
4,118,bot40__0,1431,N,True
4,286,bot23__4,1431,N,True
4,262,bot23__4,1431,N,True
4,153,reel43__7,1431,N,True
4,280,reel18__1,1431,N,True
4,280,reel66__5,1431,N,True
4,168,reel7__8,1431,N,True
4,94,reel7__8,1431,N,True
4,168,bot10__2,1431,N,True
4,168,reel54__7,1431,N,True
4,reel7__7,reel10__6,1431,N,True
4,61,reel10__6,1431,N,True
4,61,reel50__4,1431,N,True
4,334,reel6__5,1431,N,True
4,72,bot46__9,1431,N,True
4,187,bot3__8,1431,N,True
4,187,reel31__8,1431,N,True
4,187,reel57__2,1431,N,True
4,235,reel36__7,1431,N,True
4,219,reel36__7,1431,N,True
4,219,bot50__2,1431,N,True
4,29,bot11__2,1431,N,True
4,29,bot14__0,1431,N,True
4,29,bot55__7,1431,N,True
4,333,reel58__5,1431,N,True
4,29,reel58__5,1431,N,True
4,reel36__0,reel46__7,1431,N,True
4,77,bot23__3,1431,N,True
4,77,bot33__9,1431,N,True
4,77,bot59__5,1431,N,True
4,21,bot23__0,1431,N,True
4,reel30__8,reel38__5,1431,N,True
4,reel30__8,bot65__4,1431,N,True
4,reel30__8,reel69__2,1431,N,True
4,308,reel29__8,1431,N,True
4,308,reel56__8,1431,N,True
4,308,bot59__9,1431,N,True
4,104,reel1__0,1431,N,True
4,141,reel1__0,1431,N,True
4,104,reel29__7,1431,N,True
4,234,bot44__5,1431,N,True
4,52,reel33__1,1431,N,True
4,117,bot51__1,1431,N,True
4,117,bot52__0,1431,N,True
4,260,reel16__5,1431,N,True
4,277,bot27__4,1431,N,True
4,277,reel48__0,1431,N,True
4,277,reel52__0,1431,N,True
4,277,bot60__9,1431,N,True
4,297,reel34__7,1431,N,True
4,332,reel25__4,1431,N,True
4,39,bot7__2,1431,N,True
4,233,bot7__2,1431,N,True
4,233,reel33__6,1431,N,True
4,235,bot17__2,1431,N,True
4,261,bot17__2,1431,N,True
4,261,reel22__6,1431,N,True
4,261,reel51__5,1431,N,True
4,155,bot40__7,1431,N,True
4,106,reel2__1,1431,N,True
4,94,reel2__1,1431,N,True
4,106,reel2__9,1431,N,True
4,106,bot7__6,1431,N,True
4,106,reel36__5,1431,N,True
4,106,reel67__9,1431,N,True
4,reel12__3,reel43__5,1431,N,True
4,26,reel55__8,1431,N,True
4,26,reel62__3,1431,N,True
4,249,bot34__3,1431,N,True
4,249,bot36__6,1431,N,True
4,249,reel54__2,1431,N,True
4,bot14__1,bot34__0,1431,N,True
4,333,reel45__2,1431,N,True
4,94,bot8__8,1431,N,True
4,reel7__7,reel54__1,1431,N,True
4,reel28__8,bot41__6,1431,N,True
4,reel28__8,bot55__9,1431,N,True
4,141,bot3__2,1431,N,True
4,141,reel39__4,1431,N,True
4,141,reel48__7,1431,N,True
4,39,reel62__2,1431,N,True
4,32,reel67__0,1431,N,True
4,111,bot26__8,1431,N,True
4,111,bot68__1,1431,N,True
4,235,bot40__8,1431,N,True
4,235,reel45__3,1431,N,True
4,235,bot62__1,1431,N,True
4,65,reel35__1,1431,N,True
4,180,reel0__9,1432,N,True
4,206,reel0__9,1432,N,True
4,180,reel8__8,1432,N,True
4,19,reel8__8,1432,N,True
4,reel6__7,reel8__8,1432,N,True
4,180,reel15__9,1432,N,True
4,reel30__3,reel15__9,1432,N,True
4,reel11__8,reel15__9,1432,N,True
4,180,bot32__0,1432,N,True
4,337,bot32__0,1432,N,True
4,180,reel32__6,1432,N,True
4,reel4__3,reel32__6,1432,N,True
4,reel63__6,reel32__6,1432,N,True
4,71,reel32__6,1432,N,True
4,reel3__9,reel29__1,1432,N,True
4,125,reel29__1,1432,N,True
4,118,reel41__9,1432,N,True
4,reel13__1,reel41__9,1432,N,True
4,reel3__9,reel41__9,1432,N,True
4,reel13__1,reel44__0,1432,N,True
4,reel3__9,reel44__0,1432,N,True
4,269,reel17__5,1432,N,True
4,7,reel17__5,1432,N,True
4,7,bot33__5,1432,N,True
4,7,bot47__2,1432,N,True
4,185,reel26__9,1432,N,True
4,185,reel31__4,1432,N,True
4,reel10__1,reel31__4,1432,N,True
4,bot56__1,bot49__8,1432,N,True
4,bot12__2,bot49__8,1432,N,True
4,bot56__1,bot52__0,1432,N,True
4,117,bot52__0,1432,N,True
4,bot56__1,bot66__0,1432,N,True
4,122,bot66__0,1432,N,True
4,reel44__4,reel57__6,1432,N,True
4,reel13__2,reel57__6,1432,N,True
4,310,reel57__6,1432,N,True
4,82,bot30__8,1432,N,True
4,82,reel33__7,1432,N,True
4,reel45__3,reel48__2,1432,N,True
4,83,reel48__2,1432,N,True
4,342,reel48__2,1432,N,True
4,reel45__3,bot53__3,1432,N,True
4,307,bot71__3,1432,N,True
4,reel55__8,bot71__3,1432,N,True
4,103,bot2__6,1432,N,True
4,19,bot2__6,1432,N,True
4,103,bot43__0,1432,N,True
4,103,bot47__6,1432,N,True
4,172,reel1__6,1432,N,True
4,195,reel1__6,1432,N,True
4,159,reel1__6,1432,N,True
4,233,reel3__4,1432,N,True
4,205,reel3__4,1432,N,True
4,159,reel3__4,1432,N,True
4,159,reel17__7,1432,N,True
4,78,bot25__3,1432,N,True
4,159,bot25__3,1432,N,True
4,55,bot41__2,1432,N,True
4,159,bot41__2,1432,N,True
4,reel20__7,reel43__6,1432,N,True
4,159,reel43__6,1432,N,True
4,227,reel43__6,1432,N,True
4,256,reel0__1,1432,N,True
4,reel20__2,reel0__1,1432,N,True
4,98,reel0__1,1432,N,True
4,110,reel0__1,1432,N,True
4,232,bot7__7,1432,N,True
4,110,bot7__7,1432,N,True
4,294,bot7__7,1432,N,True
4,63,reel7__7,1432,N,True
4,110,reel7__7,1432,N,True
4,244,bot12__3,1432,N,True
4,256,bot12__3,1432,N,True
4,110,bot12__3,1432,N,True
4,171,reel17__8,1432,N,True
4,110,reel17__8,1432,N,True
4,299,reel32__5,1432,N,True
4,110,reel32__5,1432,N,True
4,279,reel16__8,1432,N,True
4,94,bot22__8,1432,N,True
4,205,bot22__8,1432,N,True
4,279,bot22__8,1432,N,True
4,279,bot50__3,1432,N,True
4,86,bot23__2,1432,N,True
4,bot57__8,bot23__2,1432,N,True
4,290,bot23__2,1432,N,True
4,117,bot51__1,1432,N,True
4,bot57__8,bot51__1,1432,N,True
4,reel20__2,bot51__1,1432,N,True
4,reel19__3,reel20__1,1432,N,True
4,329,reel20__1,1432,N,True
4,reel47__3,reel20__1,1432,N,True
4,reel19__3,reel42__8,1432,N,True
4,reel23__6,reel42__8,1432,N,True
4,156,reel42__8,1432,N,True
4,reel19__3,reel60__0,1432,N,True
4,319,bot32__4,1432,N,True
4,218,reel4__9,1432,N,True
4,9,reel4__9,1432,N,True
4,69,reel4__9,1432,N,True
4,218,bot37__5,1432,N,True
4,reel13__9,bot37__5,1432,N,True
4,304,bot0__7,1432,N,True
4,342,bot0__7,1432,N,True
4,69,bot0__7,1432,N,True
4,130,bot2__4,1432,N,True
4,bot17__1,bot2__4,1432,N,True
4,342,bot2__4,1432,N,True
4,203,bot3__5,1432,N,True
4,310,bot3__5,1432,N,True
4,342,bot3__5,1432,N,True
4,56,bot14__1,1432,N,True
4,256,bot14__1,1432,N,True
4,342,bot14__1,1432,N,True
4,reel11__5,bot20__0,1432,N,True
4,342,bot20__0,1432,N,True
4,238,bot17__4,1432,N,True
4,284,reel17__3,1432,N,True
4,238,reel17__3,1432,N,True
4,reel23__0,reel17__3,1432,N,True
4,155,bot19__5,1432,N,True
4,238,bot19__5,1432,N,True
4,238,reel22__7,1432,N,True
4,238,reel25__8,1432,N,True
4,reel15__0,reel32__3,1432,N,True
4,238,reel32__3,1432,N,True
4,35,reel34__5,1432,N,True
4,27,reel34__5,1432,N,True
4,238,reel34__5,1432,N,True
4,238,reel55__6,1432,N,True
4,203,reel26__4,1432,N,True
4,101,reel26__4,1432,N,True
4,165,reel26__4,1432,N,True
4,250,bot40__4,1432,N,True
4,101,bot40__4,1432,N,True
4,213,bot0__6,1432,N,True
4,341,bot0__6,1432,N,True
4,313,bot0__6,1432,N,True
4,213,bot6__3,1432,N,True
4,213,reel12__8,1432,N,True
4,reel20__8,reel12__8,1432,N,True
4,104,reel12__8,1432,N,True
4,213,bot28__2,1432,N,True
4,213,reel39__5,1432,N,True
4,34,reel39__5,1432,N,True
4,130,reel2__6,1432,N,True
4,195,reel2__6,1432,N,True
4,50,reel6__1,1432,N,True
4,130,reel6__1,1432,N,True
4,177,reel6__1,1432,N,True
4,130,reel19__6,1432,N,True
4,130,reel28__7,1432,N,True
4,reel39__3,reel28__7,1432,N,True
4,130,reel50__8,1432,N,True
4,reel10__4,reel50__8,1432,N,True
4,130,bot52__3,1432,N,True
4,80,bot52__3,1432,N,True
4,63,bot1__6,1432,N,True
4,293,bot1__6,1432,N,True
4,233,bot1__6,1432,N,True
4,63,reel19__9,1432,N,True
4,283,reel19__9,1432,N,True
4,reel1__9,reel19__9,1432,N,True
4,63,reel22__0,1432,N,True
4,255,reel22__0,1432,N,True
4,63,bot64__7,1432,N,True
4,347,reel11__9,1432,N,True
4,217,reel11__9,1432,N,True
4,134,reel11__9,1432,N,True
4,347,bot22__0,1432,N,True
4,347,reel36__0,1432,N,True
4,339,reel9__6,1432,N,True
4,339,bot15__5,1432,N,True
4,262,bot15__5,1432,N,True
4,339,reel35__4,1432,N,True
4,22,reel35__4,1432,N,True
4,339,bot54__6,1432,N,True
4,reel11__5,bot54__6,1432,N,True
4,67,reel11__7,1432,N,True
4,77,reel11__7,1432,N,True
4,67,bot12__8,1432,N,True
4,314,bot12__8,1432,N,True
4,220,reel13__7,1432,N,True
4,67,reel13__7,1432,N,True
4,183,reel13__7,1432,N,True
4,240,bot17__7,1432,N,True
4,67,bot17__7,1432,N,True
4,67,bot23__6,1432,N,True
4,67,reel46__3,1432,N,True
4,154,reel23__3,1432,N,True
4,211,reel23__3,1432,N,True
4,184,reel36__4,1432,N,True
4,288,reel36__4,1432,N,True
4,211,reel36__4,1432,N,True
4,bot46__6,reel36__4,1432,N,True
4,bot40__8,bot8__5,1432,N,True
4,251,bot8__5,1432,N,True
4,206,bot11__1,1432,N,True
4,134,bot11__1,1432,N,True
4,251,bot11__1,1432,N,True
4,196,bot11__3,1432,N,True
4,332,bot11__3,1432,N,True
4,196,reel32__0,1432,N,True
4,196,reel44__9,1432,N,True
4,207,reel19__0,1432,N,True
4,bot39__7,reel19__0,1432,N,True
4,reel36__7,reel19__0,1432,N,True
4,216,reel26__0,1432,N,True
4,302,reel26__0,1432,N,True
4,302,bot54__4,1432,N,True
4,50,reel19__7,1432,N,True
4,reel20__7,reel19__7,1432,N,True
4,reel11__8,reel19__7,1432,N,True
4,reel34__9,reel64__8,1432,N,True
4,reel20__7,reel64__8,1432,N,True
4,reel14__2,bot22__5,1432,N,True
4,208,reel27__7,1432,N,True
4,bot39__5,reel27__7,1432,N,True
4,208,reel29__0,1432,N,True
4,reel22__3,reel29__0,1432,N,True
4,208,bot32__7,1432,N,True
4,208,bot59__1,1432,N,True
4,208,reel65__5,1432,N,True
4,155,reel65__5,1432,N,True
4,184,reel23__1,1432,N,True
4,reel52__1,reel23__1,1432,N,True
4,bot56__4,reel23__1,1432,N,True
4,30,reel23__1,1432,N,True
4,167,reel63__4,1432,N,True
4,9,reel63__4,1432,N,True
4,30,reel63__4,1432,N,True
4,201,bot0__9,1432,N,True
4,270,bot0__9,1432,N,True
4,8,bot0__9,1432,N,True
4,201,reel4__1,1432,N,True
4,93,reel4__1,1432,N,True
4,83,reel4__1,1432,N,True
4,201,reel7__0,1432,N,True
4,201,bot16__6,1432,N,True
4,272,bot16__6,1432,N,True
4,243,reel19__8,1432,N,True
4,201,reel19__8,1432,N,True
4,301,reel19__8,1432,N,True
4,201,bot22__7,1432,N,True
4,316,bot22__7,1432,N,True
4,111,bot22__7,1432,N,True
4,201,bot66__6,1432,N,True
4,bot40__8,bot66__6,1432,N,True
4,bot12__2,bot66__6,1432,N,True
4,205,bot0__0,1432,N,True
4,202,bot0__0,1432,N,True
4,47,bot0__0,1432,N,True
4,275,bot0__4,1432,N,True
4,202,bot0__4,1432,N,True
4,202,reel0__8,1432,N,True
4,42,reel0__8,1432,N,True
4,55,bot5__2,1432,N,True
4,202,bot5__2,1432,N,True
4,118,reel9__9,1432,N,True
4,202,reel9__9,1432,N,True
4,202,bot25__5,1432,N,True
4,175,reel37__2,1432,N,True
4,202,reel37__2,1432,N,True
4,227,reel37__2,1432,N,True
4,202,bot53__0,1432,N,True
4,202,reel57__5,1432,N,True
4,158,reel57__5,1432,N,True
4,202,bot58__0,1432,N,True
4,102,reel63__7,1432,N,True
4,332,reel63__7,1432,N,True
4,202,reel63__7,1432,N,True
4,138,bot51__4,1432,N,True
4,296,reel51__2,1432,N,True
4,138,reel51__2,1432,N,True
4,138,reel59__6,1432,N,True
4,138,bot66__4,1432,N,True
4,138,bot67__4,1432,N,True
4,reel22__2,reel29__7,1432,N,True
4,104,reel29__7,1432,N,True
4,84,reel29__7,1432,N,True
4,reel22__2,reel31__3,1432,N,True
4,53,reel31__3,1432,N,True
4,reel22__2,reel44__8,1432,N,True
4,265,reel44__8,1432,N,True
4,50,reel44__8,1432,N,True
4,reel22__2,bot45__3,1432,N,True
4,242,bot45__3,1432,N,True
4,reel22__2,reel49__5,1432,N,True
4,109,reel49__5,1432,N,True
4,reel22__2,bot71__1,1432,N,True
4,reel48__3,bot65__2,1432,N,True
4,reel48__3,bot68__1,1432,N,True
4,111,bot68__1,1432,N,True
4,bot44__5,bot2__7,1432,N,True
4,217,bot2__7,1432,N,True
4,308,bot2__7,1432,N,True
4,217,reel38__2,1432,N,True
4,318,reel38__2,1432,N,True
4,217,reel69__7,1432,N,True
4,reel34__9,reel47__1,1432,N,True
4,reel34__9,bot63__5,1432,N,True
4,50,reel25__3,1432,N,True
4,55,reel25__3,1432,N,True
4,198,reel1__0,1432,N,True
4,104,reel1__0,1432,N,True
4,141,reel1__0,1432,N,True
4,198,reel11__2,1432,N,True
4,272,reel11__2,1432,N,True
4,reel20__8,reel26__2,1432,N,True
4,198,reel26__2,1432,N,True
4,reel20__2,reel37__8,1432,N,True
4,198,reel37__8,1432,N,True
4,reel15__5,reel37__8,1432,N,True
4,reel31__6,reel41__7,1432,N,True
4,198,reel41__7,1432,N,True
4,246,bot15__8,1432,N,True
4,246,bot42__3,1432,N,True
4,246,bot62__5,1432,N,True
4,175,bot13__9,1432,N,True
4,227,bot13__9,1432,N,True
4,122,bot24__5,1432,N,True
4,227,bot24__5,1432,N,True
4,bot7__8,bot24__5,1432,N,True
4,227,reel28__1,1432,N,True
4,118,bot29__8,1432,N,True
4,117,bot29__8,1432,N,True
4,227,bot29__8,1432,N,True
4,283,reel47__9,1432,N,True
4,227,reel47__9,1432,N,True
4,288,reel1__7,1432,N,True
4,49,reel1__7,1432,N,True
4,reel67__6,reel1__7,1432,N,True
4,288,bot7__0,1432,N,True
4,333,bot7__0,1432,N,True
4,288,reel7__3,1432,N,True
4,288,reel16__0,1432,N,True
4,reel15__5,reel16__0,1432,N,True
4,288,reel34__1,1432,N,True
4,293,bot44__4,1432,N,True
4,288,bot44__4,1432,N,True
4,205,bot44__4,1432,N,True
4,240,bot21__4,1432,N,True
4,bot19__0,bot21__1,1432,N,True
4,184,reel26__3,1432,N,True
4,161,reel26__3,1432,N,True
4,184,reel57__1,1432,N,True
4,183,reel10__8,1432,N,True
4,81,reel10__8,1432,N,True
4,21,reel16__3,1432,N,True
4,81,reel16__3,1432,N,True
4,bot34__3,reel23__7,1432,N,True
4,13,reel23__7,1432,N,True
4,81,reel23__7,1432,N,True
4,20,reel42__6,1432,N,True
4,81,reel42__6,1432,N,True
4,153,reel49__2,1432,N,True
4,81,reel49__2,1432,N,True
4,81,bot67__2,1432,N,True
4,268,bot19__7,1432,N,True
4,268,reel62__1,1432,N,True
4,243,bot5__8,1432,N,True
4,243,reel5__5,1432,N,True
4,164,reel5__5,1432,N,True
4,bot34__3,reel5__5,1432,N,True
4,243,reel19__5,1432,N,True
4,reel7__6,reel19__5,1432,N,True
4,reel31__6,reel19__5,1432,N,True
4,122,reel19__5,1432,N,True
4,243,reel27__9,1432,N,True
4,243,reel59__8,1432,N,True
4,314,reel59__8,1432,N,True
4,243,reel60__2,1432,N,True
4,reel1__9,reel60__2,1432,N,True
4,reel25__2,reel60__2,1432,N,True
4,243,reel62__8,1432,N,True
4,334,reel23__9,1432,N,True
4,reel31__5,reel23__9,1432,N,True
4,294,reel23__9,1432,N,True
4,86,bot10__6,1432,N,True
4,86,reel12__5,1432,N,True
4,177,reel12__5,1432,N,True
4,86,reel27__8,1432,N,True
4,58,bot11__5,1432,N,True
4,58,reel15__6,1432,N,True
4,58,reel35__8,1432,N,True
4,9,reel35__8,1432,N,True
4,195,reel37__6,1432,N,True
4,102,reel37__6,1432,N,True
4,58,reel37__6,1432,N,True
4,58,reel39__8,1432,N,True
4,275,reel39__8,1432,N,True
4,272,reel39__8,1432,N,True
4,reel1__9,bot2__9,1432,N,True
4,256,bot2__9,1432,N,True
4,329,bot4__0,1432,N,True
4,reel1__9,bot4__0,1432,N,True
4,bot3__6,bot5__0,1432,N,True
4,reel1__9,bot5__0,1432,N,True
4,reel1__9,reel65__1,1432,N,True
4,9,reel65__1,1432,N,True
4,reel1__9,bot68__8,1432,N,True
4,65,reel35__1,1432,N,True
4,bot44__5,reel35__1,1432,N,True
4,bot36__6,bot4__6,1432,N,True
4,224,bot4__6,1432,N,True
4,221,bot4__6,1432,N,True
4,191,bot22__1,1432,N,True
4,301,bot22__1,1432,N,True
4,301,bot28__0,1432,N,True
4,334,bot38__9,1432,N,True
4,301,bot38__9,1432,N,True
4,reel15__5,reel39__1,1432,N,True
4,301,reel39__1,1432,N,True
4,239,reel59__3,1432,N,True
4,301,reel59__3,1432,N,True
4,301,reel70__0,1432,N,True
4,19,reel70__0,1432,N,True
4,reel21__7,reel70__0,1432,N,True
4,22,bot1__9,1432,N,True
4,231,bot1__9,1432,N,True
4,95,bot1__9,1432,N,True
4,231,bot4__2,1432,N,True
4,231,reel8__1,1432,N,True
4,reel12__0,reel8__1,1432,N,True
4,231,bot13__6,1432,N,True
4,333,bot13__6,1432,N,True
4,reel6__2,bot13__6,1432,N,True
4,231,bot26__5,1432,N,True
4,231,reel37__1,1432,N,True
4,231,reel38__6,1432,N,True
4,reel13__9,reel38__6,1432,N,True
4,231,reel40__8,1432,N,True
4,121,reel40__8,1432,N,True
4,108,bot3__3,1432,N,True
4,285,bot3__3,1432,N,True
4,285,bot49__3,1432,N,True
4,281,reel16__1,1432,N,True
4,reel6__7,reel16__1,1432,N,True
4,281,bot36__2,1432,N,True
4,281,bot53__7,1432,N,True
4,281,bot60__1,1432,N,True
4,252,reel6__9,1432,N,True
4,64,reel6__9,1432,N,True
4,bot40__8,reel6__9,1432,N,True
4,bot40__8,bot44__1,1432,N,True
4,312,reel18__5,1432,N,True
4,102,reel30__1,1432,N,True
4,195,reel30__1,1432,N,True
4,312,reel30__1,1432,N,True
4,70,reel46__9,1432,N,True
4,293,reel46__9,1432,N,True
4,312,reel46__9,1432,N,True
4,312,reel60__1,1432,N,True
4,reel4__3,bot7__9,1432,N,True
4,190,reel9__1,1432,N,True
4,reel4__3,reel9__1,1432,N,True
4,44,reel9__1,1432,N,True
4,reel4__3,bot18__3,1432,N,True
4,bot1__2,bot18__3,1432,N,True
4,53,reel3__1,1432,N,True
4,reel22__3,reel3__1,1432,N,True
4,317,bot52__5,1432,N,True
4,reel22__3,bot52__5,1432,N,True
4,195,reel5__2,1432,N,True
4,303,reel5__2,1432,N,True
4,270,reel5__2,1432,N,True
4,reel27__4,reel5__2,1432,N,True
4,195,reel19__4,1432,N,True
4,128,reel19__4,1432,N,True
4,195,bot36__1,1432,N,True
4,195,bot68__0,1432,N,True
4,195,bot71__8,1432,N,True
4,289,reel9__7,1432,N,True
4,340,reel9__7,1432,N,True
4,reel12__1,reel9__7,1432,N,True
4,340,bot10__8,1432,N,True
4,340,reel49__1,1432,N,True
4,reel13__9,reel49__1,1432,N,True
4,340,reel65__9,1432,N,True
4,98,reel65__9,1432,N,True
4,306,reel65__9,1432,N,True
4,177,bot39__6,1432,N,True
4,179,bot39__6,1432,N,True
4,179,reel44__7,1432,N,True
4,275,bot2__1,1432,N,True
4,156,bot2__1,1432,N,True
4,42,bot2__1,1432,N,True
4,275,reel70__2,1432,N,True
4,27,reel6__4,1432,N,True
4,190,reel33__4,1432,N,True
4,reel12__0,reel33__4,1432,N,True
4,24,reel33__4,1432,N,True
4,341,bot0__8,1432,N,True
4,161,bot0__8,1432,N,True
4,161,reel13__0,1432,N,True
4,reel52__1,reel13__0,1432,N,True
4,122,reel13__0,1432,N,True
4,220,reel13__0,1432,N,True
4,161,reel33__2,1432,N,True
4,161,bot37__6,1432,N,True
4,reel31__6,bot37__6,1432,N,True
4,174,reel59__4,1432,N,True
4,161,reel59__4,1432,N,True
4,77,reel59__4,1432,N,True
4,253,reel10__5,1432,N,True
4,326,reel10__5,1432,N,True
4,reel20__8,bot23__9,1432,N,True
4,reel36__5,reel24__2,1432,N,True
4,reel20__8,reel24__2,1432,N,True
4,19,reel24__2,1432,N,True
4,reel20__8,bot25__6,1432,N,True
4,reel20__8,reel41__3,1432,N,True
4,172,bot11__6,1432,N,True
4,bot19__4,bot11__6,1432,N,True
4,165,bot11__6,1432,N,True
4,273,reel14__4,1432,N,True
4,165,reel14__4,1432,N,True
4,165,bot69__4,1432,N,True
4,83,bot14__3,1432,N,True
4,34,bot14__3,1432,N,True
4,22,bot0__5,1432,N,True
4,169,bot0__5,1432,N,True
4,bot25__4,bot0__5,1432,N,True
4,22,bot27__0,1432,N,True
4,22,reel42__4,1432,N,True
4,22,bot48__3,1432,N,True
4,216,bot0__2,1432,N,True
4,56,bot0__2,1432,N,True
4,56,bot45__2,1432,N,True
4,200,bot45__2,1432,N,True
4,56,bot46__2,1432,N,True
4,134,reel58__0,1432,N,True
4,56,reel58__0,1432,N,True
4,175,reel0__7,1432,N,True
4,270,reel0__7,1432,N,True
4,255,reel0__7,1432,N,True
4,255,bot3__0,1432,N,True
4,278,bot3__0,1432,N,True
4,261,reel5__9,1432,N,True
4,255,reel5__9,1432,N,True
4,bot12__2,reel5__9,1432,N,True
4,255,reel8__7,1432,N,True
4,reel6__7,reel8__7,1432,N,True
4,293,reel9__3,1432,N,True
4,255,reel9__3,1432,N,True
4,255,bot26__1,1432,N,True
4,reel18__3,bot26__1,1432,N,True
4,255,reel48__4,1432,N,True
4,194,reel48__4,1432,N,True
4,reel26__6,reel48__4,1432,N,True
4,255,reel56__3,1432,N,True
4,255,bot65__0,1432,N,True
4,247,reel5__3,1432,N,True
4,bot19__4,reel5__3,1432,N,True
4,24,reel5__3,1432,N,True
4,24,bot14__7,1432,N,True
4,bot16__9,bot14__7,1432,N,True
4,bot56__4,reel24__5,1432,N,True
4,24,reel24__5,1432,N,True
4,24,reel50__1,1432,N,True
4,70,reel54__6,1432,N,True
4,reel11__5,reel54__6,1432,N,True
4,24,reel54__6,1432,N,True
4,118,reel3__3,1432,N,True
4,283,reel3__3,1432,N,True
4,177,reel3__3,1432,N,True
4,283,bot4__5,1432,N,True
4,283,bot13__8,1432,N,True
4,92,bot13__8,1432,N,True
4,206,reel32__7,1432,N,True
4,283,reel32__7,1432,N,True
4,76,bot6__5,1432,N,True
4,296,bot6__5,1432,N,True
4,296,bot16__4,1432,N,True
4,296,reel21__3,1432,N,True
4,203,bot36__0,1432,N,True
4,296,bot36__0,1432,N,True
4,reel2__3,bot40__6,1432,N,True
4,296,bot40__6,1432,N,True
4,reel21__7,bot40__6,1432,N,True
4,123,reel32__1,1432,N,True
4,123,reel48__1,1432,N,True
4,16,reel69__3,1432,N,True
4,123,reel69__3,1432,N,True
4,303,reel36__2,1432,N,True
4,303,reel52__5,1432,N,True
4,reel30__8,reel60__3,1432,N,True
4,303,reel60__3,1432,N,True
4,78,reel60__3,1432,N,True
4,177,bot46__3,1432,N,True
4,207,bot46__3,1432,N,True
4,reel6__2,bot69__5,1432,N,True
4,reel37__0,reel43__2,1432,N,True
4,reel29__4,reel43__2,1432,N,True
4,bot16__9,bot19__2,1432,N,True
4,289,bot2__3,1432,N,True
4,326,bot2__3,1432,N,True
4,326,bot4__1,1432,N,True
4,326,bot20__9,1432,N,True
4,bot71__4,bot20__9,1432,N,True
4,326,reel25__6,1432,N,True
4,326,reel28__2,1432,N,True
4,333,reel28__2,1432,N,True
4,273,reel34__3,1432,N,True
4,326,reel34__3,1432,N,True
4,194,reel34__3,1432,N,True
4,326,reel45__8,1432,N,True
4,reel30__3,reel45__8,1432,N,True
4,reel12__7,reel16__5,1432,N,True
4,70,reel65__0,1432,N,True
4,reel12__7,reel65__0,1432,N,True
4,77,reel17__6,1432,N,True
4,309,reel17__6,1432,N,True
4,57,bot61__7,1432,N,True
4,309,bot61__7,1432,N,True
4,49,bot4__8,1432,N,True
4,49,bot10__1,1432,N,True
4,49,reel27__1,1432,N,True
4,49,reel27__3,1432,N,True
4,reel25__7,reel27__3,1432,N,True
4,80,bot51__6,1432,N,True
4,49,bot51__6,1432,N,True
4,233,reel2__8,1432,N,True
4,reel39__3,reel2__8,1432,N,True
4,78,reel2__8,1432,N,True
4,316,reel2__8,1432,N,True
4,244,bot14__8,1432,N,True
4,78,bot14__8,1432,N,True
4,78,bot50__8,1432,N,True
4,78,bot64__6,1432,N,True
4,reel65__4,reel13__8,1432,N,True
4,152,reel13__8,1432,N,True
4,44,bot60__2,1432,N,True
4,152,bot60__2,1432,N,True
4,152,reel65__8,1432,N,True
4,306,reel40__9,1432,N,True
4,232,bot66__9,1432,N,True
4,306,bot66__9,1432,N,True
4,70,reel8__3,1432,N,True
4,174,reel8__3,1432,N,True
4,284,reel8__3,1432,N,True
4,bot35__8,reel8__3,1432,N,True
4,reel43__4,reel61__4,1432,N,True
4,reel29__6,reel14__1,1432,N,True
4,191,reel14__1,1432,N,True
4,47,reel14__1,1432,N,True
4,191,bot71__7,1432,N,True
4,225,bot71__7,1432,N,True
4,reel13__2,bot27__1,1432,N,True
4,42,bot27__1,1432,N,True
4,reel13__2,reel39__2,1432,N,True
4,reel36__5,reel39__2,1432,N,True
4,reel13__2,reel47__5,1432,N,True
4,141,reel47__5,1432,N,True
4,69,reel47__5,1432,N,True
4,reel13__2,reel65__6,1432,N,True
4,reel38__4,reel44__1,1432,N,True
4,reel38__4,reel58__5,1432,N,True
4,333,reel58__5,1432,N,True
4,29,reel58__5,1432,N,True
4,reel11__8,reel56__4,1432,N,True
4,reel38__1,reel43__0,1432,N,True
4,242,reel43__0,1432,N,True
4,reel38__1,reel43__3,1432,N,True
4,reel38__1,reel56__1,1432,N,True
4,237,bot71__2,1432,N,True
4,reel38__1,bot71__2,1432,N,True
4,bot32__1,bot57__3,1432,N,True
4,337,bot57__3,1432,N,True
4,167,reel9__4,1432,N,True
4,313,reel9__4,1432,N,True
4,313,bot40__5,1432,N,True
4,313,bot46__4,1432,N,True
4,42,reel21__9,1432,N,True
4,reel66__2,reel21__9,1432,N,True
4,70,bot5__7,1432,N,True
4,332,bot5__7,1432,N,True
4,70,bot35__1,1432,N,True
4,57,bot35__1,1432,N,True
4,70,bot38__6,1432,N,True
4,70,reel40__3,1432,N,True
4,70,reel53__6,1432,N,True
4,28,reel53__6,1432,N,True
4,98,reel53__6,1432,N,True
4,bot68__5,bot63__2,1432,N,True
4,83,reel4__2,1432,N,True
4,278,reel4__2,1432,N,True
4,223,reel20__4,1432,N,True
4,278,reel20__4,1432,N,True
4,278,bot24__9,1432,N,True
4,71,reel35__6,1432,N,True
4,278,reel35__6,1432,N,True
4,reel40__6,reel35__6,1432,N,True
4,278,bot58__1,1432,N,True
4,160,bot1__5,1432,N,True
4,156,bot1__5,1432,N,True
4,160,reel70__5,1432,N,True
4,reel39__3,reel70__5,1432,N,True
4,200,bot8__6,1432,N,True
4,327,bot8__6,1432,N,True
4,200,bot20__7,1432,N,True
4,84,bot20__7,1432,N,True
4,200,reel42__0,1432,N,True
4,128,bot39__8,1432,N,True
4,128,reel51__0,1432,N,True
4,128,bot68__2,1432,N,True
4,bot17__3,reel5__0,1432,N,True
4,20,reel5__0,1432,N,True
4,reel25__2,reel5__0,1432,N,True
4,bot36__7,reel5__0,1432,N,True
4,214,reel5__0,1432,N,True
4,20,reel14__3,1432,N,True
4,bot3__2,bot18__4,1432,N,True
4,151,bot18__4,1432,N,True
4,reel15__0,bot24__3,1432,N,True
4,151,bot24__3,1432,N,True
4,175,reel28__9,1432,N,True
4,245,reel28__9,1432,N,True
4,151,reel28__9,1432,N,True
4,59,bot30__5,1432,N,True
4,151,bot30__5,1432,N,True
4,151,bot35__2,1432,N,True
4,9,reel1__8,1432,N,True
4,261,reel1__8,1432,N,True
4,42,reel1__8,1432,N,True
4,42,bot8__1,1432,N,True
4,42,reel22__5,1432,N,True
4,21,reel51__7,1432,N,True
4,327,reel51__7,1432,N,True
4,270,reel8__5,1432,N,True
4,169,reel8__5,1432,N,True
4,bot10__0,reel8__5,1432,N,True
4,bot10__0,bot34__0,1432,N,True
4,bot10__0,bot56__5,1432,N,True
4,reel61__6,reel46__0,1432,N,True
4,reel29__3,reel46__0,1432,N,True
4,329,bot69__7,1432,N,True
4,6,bot69__7,1432,N,True
4,224,bot12__5,1432,N,True
4,174,bot12__5,1432,N,True
4,343,bot12__5,1432,N,True
4,174,bot20__2,1432,N,True
4,reel13__1,bot20__2,1432,N,True
4,95,reel1__4,1432,N,True
4,250,reel1__4,1432,N,True
4,250,reel11__0,1432,N,True
4,155,reel11__0,1432,N,True
4,reel36__5,reel51__9,1432,N,True
4,250,reel51__9,1432,N,True
4,reel30__8,bot63__3,1432,N,True
4,250,bot63__3,1432,N,True
4,76,reel6__0,1432,N,True
4,85,reel6__0,1432,N,True
4,76,reel9__0,1432,N,True
4,284,reel9__0,1432,N,True
4,reel10__4,reel9__0,1432,N,True
4,76,bot37__2,1432,N,True
4,76,reel62__9,1432,N,True
4,39,bot19__9,1432,N,True
4,bot17__1,bot19__9,1432,N,True
4,69,bot19__9,1432,N,True
4,64,bot0__3,1432,N,True
4,244,bot0__3,1432,N,True
4,290,bot0__3,1432,N,True
4,244,bot8__0,1432,N,True
4,bot53__2,reel45__7,1432,N,True
4,reel12__1,reel45__7,1432,N,True
4,reel12__1,reel52__3,1432,N,True
4,325,reel38__8,1432,N,True
4,325,bot51__8,1432,N,True
4,325,reel52__9,1432,N,True
4,325,bot60__6,1432,N,True
4,reel10__4,bot61__5,1432,N,True
4,45,reel56__0,1432,N,True
4,bot7__8,bot43__8,1432,N,True
4,bot32__1,reel15__3,1432,N,True
4,267,reel15__3,1432,N,True
4,reel7__6,bot9__0,1432,N,True
4,256,bot9__0,1432,N,True
4,289,reel49__9,1432,N,True
4,reel7__6,reel49__9,1432,N,True
4,reel36__5,reel14__9,1432,N,True
4,108,reel14__9,1432,N,True
4,reel36__5,bot43__3,1432,N,True
4,reel36__5,reel54__8,1432,N,True
4,214,reel54__8,1432,N,True
4,23,bot31__4,1432,N,True
4,bot17__3,bot31__4,1432,N,True
4,83,bot25__2,1432,N,True
4,343,bot25__2,1432,N,True
4,109,reel55__3,1432,N,True
4,343,reel55__3,1432,N,True
4,65,bot12__1,1432,N,True
4,bot1__2,bot12__1,1432,N,True
4,183,bot12__1,1432,N,True
4,bot1__2,bot71__6,1432,N,True
4,269,reel3__2,1432,N,True
4,3,reel3__2,1432,N,True
4,232,bot1__7,1432,N,True
4,47,bot1__7,1432,N,True
4,232,reel2__7,1432,N,True
4,155,reel2__7,1432,N,True
4,194,reel2__7,1432,N,True
4,232,bot18__2,1432,N,True
4,232,bot18__6,1432,N,True
4,232,bot25__0,1432,N,True
4,232,bot56__9,1432,N,True
4,reel15__2,reel21__8,1432,N,True
4,reel15__2,reel24__8,1432,N,True
4,reel15__2,reel39__9,1432,N,True
4,reel30__3,reel49__0,1432,N,True
4,reel30__3,bot64__9,1432,N,True
4,121,reel0__0,1432,N,True
4,293,reel30__0,1432,N,True
4,80,reel30__0,1432,N,True
4,bot70__6,reel30__0,1432,N,True
4,293,bot52__2,1432,N,True
4,bot4__9,bot42__8,1432,N,True
4,233,reel33__6,1432,N,True
4,318,reel33__6,1432,N,True
4,318,reel49__8,1432,N,True
4,318,reel54__4,1432,N,True
4,318,reel60__9,1432,N,True
4,bot44__6,bot36__3,1432,N,True
4,reel26__6,bot43__7,1432,N,True
4,reel26__6,reel54__7,1432,N,True
4,175,reel10__2,1432,N,True
4,304,reel10__2,1432,N,True
4,230,reel10__2,1432,N,True
4,230,bot36__5,1432,N,True
4,230,reel46__1,1432,N,True
4,141,reel67__4,1432,N,True
4,reel13__9,reel67__4,1432,N,True
4,230,reel67__4,1432,N,True
4,102,bot12__7,1432,N,True
4,102,reel14__7,1432,N,True
4,reel64__4,reel14__7,1432,N,True
4,257,bot13__7,1432,N,True
4,257,bot58__2,1432,N,True
4,167,reel23__5,1432,N,True
4,167,bot49__2,1432,N,True
4,332,bot49__2,1432,N,True
4,167,reel58__6,1432,N,True
4,167,reel63__2,1432,N,True
4,reel13__9,reel63__2,1432,N,True
4,158,reel4__4,1432,N,True
4,111,reel4__4,1432,N,True
4,158,reel49__6,1432,N,True
4,216,bot7__3,1432,N,True
4,216,bot30__9,1432,N,True
4,156,bot30__9,1432,N,True
4,216,bot37__8,1432,N,True
4,bot62__8,bot37__8,1432,N,True
4,reel11__5,reel38__0,1432,N,True
4,216,reel38__0,1432,N,True
4,216,reel48__8,1432,N,True
4,216,reel61__7,1432,N,True
4,177,reel61__7,1432,N,True
4,reel25__7,reel61__7,1432,N,True
4,267,bot3__1,1432,N,True
4,9,bot3__1,1432,N,True
4,bot12__2,bot3__1,1432,N,True
4,182,bot39__9,1432,N,True
4,bot12__2,bot39__9,1432,N,True
4,reel25__2,bot30__6,1432,N,True
4,304,bot67__5,1432,N,True
4,bot36__7,bot67__5,1432,N,True
4,93,reel11__4,1432,N,True
4,16,reel11__4,1432,N,True
4,98,reel11__4,1432,N,True
4,bot50__0,reel11__4,1432,N,True
4,178,reel44__5,1432,N,True
4,98,reel44__5,1432,N,True
4,98,bot62__4,1432,N,True
4,169,reel3__7,1432,N,True
4,178,reel3__7,1432,N,True
4,178,reel31__1,1432,N,True
4,178,reel37__4,1432,N,True
4,178,reel45__0,1432,N,True
4,28,reel6__3,1432,N,True
4,94,reel6__3,1432,N,True
4,314,reel6__3,1432,N,True
4,reel10__1,reel6__3,1432,N,True
4,reel10__1,bot68__9,1432,N,True
4,203,bot5__6,1432,N,True
4,329,bot5__6,1432,N,True
4,29,bot5__6,1432,N,True
4,190,reel1__3,1432,N,True
4,317,reel1__3,1432,N,True
4,317,bot26__2,1432,N,True
4,317,reel41__8,1432,N,True
4,134,bot37__4,1432,N,True
4,156,bot37__4,1432,N,True
4,270,reel19__1,1432,N,True
4,84,reel19__1,1432,N,True
4,bot25__4,reel19__1,1432,N,True
4,bot46__6,bot31__1,1432,N,True
4,270,bot31__1,1432,N,True
4,270,reel42__5,1432,N,True
4,193,reel5__7,1432,N,True
4,224,reel5__7,1432,N,True
4,193,bot55__1,1432,N,True
4,193,bot56__3,1432,N,True
4,204,reel59__7,1432,N,True
4,bot65__8,bot57__4,1432,N,True
4,199,reel35__7,1432,N,True
4,203,bot6__8,1432,N,True
4,203,bot13__3,1432,N,True
4,175,bot13__3,1432,N,True
4,190,reel40__7,1432,N,True
4,206,bot17__8,1432,N,True
4,95,bot17__8,1432,N,True
4,206,bot27__6,1432,N,True
4,206,reel42__7,1432,N,True
4,57,bot21__3,1432,N,True
4,341,bot58__6,1432,N,True
4,bot53__2,bot58__6,1432,N,True
4,reel62__3,reel58__2,1432,N,True
4,83,reel58__2,1432,N,True
4,177,reel21__4,1432,N,True
4,177,reel30__9,1432,N,True
4,177,bot48__2,1432,N,True
4,272,bot48__2,1432,N,True
4,28,bot2__0,1432,N,True
4,64,bot2__0,1432,N,True
4,118,bot2__0,1432,N,True
4,28,reel7__5,1432,N,True
4,316,reel7__5,1432,N,True
4,28,bot35__5,1432,N,True
4,289,bot25__9,1432,N,True
4,108,bot1__3,1432,N,True
4,258,bot1__3,1432,N,True
4,64,reel16__2,1432,N,True
4,108,reel16__2,1432,N,True
4,108,bot22__9,1432,N,True
4,272,bot22__9,1432,N,True
4,108,bot28__6,1432,N,True
4,125,bot28__6,1432,N,True
4,108,bot63__0,1432,N,True
4,124,bot4__3,1432,N,True
4,124,reel22__8,1432,N,True
4,124,reel67__5,1432,N,True
4,bot34__3,bot67__9,1432,N,True
4,344,reel33__9,1432,N,True
4,reel11__5,reel34__2,1432,N,True
4,344,reel34__2,1432,N,True
4,265,bot48__5,1432,N,True
4,344,bot48__5,1432,N,True
4,344,bot53__1,1432,N,True
4,reel47__3,reel26__1,1432,N,True
4,334,reel57__9,1432,N,True
4,reel47__3,reel57__9,1432,N,True
4,222,reel63__8,1432,N,True
4,reel20__2,reel63__8,1432,N,True
4,92,bot13__2,1432,N,True
4,294,bot13__2,1432,N,True
4,294,bot62__6,1432,N,True
4,197,bot22__2,1432,N,True
4,32,bot32__9,1432,N,True
4,197,bot32__9,1432,N,True
4,84,bot12__0,1432,N,True
4,84,reel17__2,1432,N,True
4,50,bot38__7,1432,N,True
4,83,bot8__2,1432,N,True
4,308,bot8__2,1432,N,True
4,35,reel38__7,1432,N,True
4,35,bot42__2,1432,N,True
4,181,reel4__7,1432,N,True
4,181,bot22__6,1432,N,True
4,reel2__3,bot39__0,1432,N,True
4,181,bot39__0,1432,N,True
4,222,reel10__0,1432,N,True
4,284,reel10__0,1432,N,True
4,194,reel10__0,1432,N,True
4,284,bot13__1,1432,N,True
4,156,bot13__1,1432,N,True
4,284,bot18__0,1432,N,True
4,bot70__6,bot18__0,1432,N,True
4,284,reel61__9,1432,N,True
4,164,reel19__2,1432,N,True
4,47,reel19__2,1432,N,True
4,47,bot25__1,1432,N,True
4,47,bot29__2,1432,N,True
4,reel25__7,reel58__9,1432,N,True
4,14,bot3__4,1432,N,True
4,9,bot3__4,1432,N,True
4,14,reel66__1,1432,N,True
4,reel27__4,reel66__1,1432,N,True
4,bot46__6,bot51__3,1432,N,True
4,64,bot41__8,1432,N,True
4,29,bot41__8,1432,N,True
4,175,reel13__3,1432,N,True
4,80,reel13__3,1432,N,True
4,175,bot31__6,1432,N,True
4,175,bot47__4,1432,N,True
4,175,reel64__5,1432,N,True
4,304,reel24__4,1432,N,True
4,225,reel24__4,1432,N,True
4,225,bot35__4,1432,N,True
4,261,bot35__4,1432,N,True
4,116,reel4__8,1432,N,True
4,116,bot70__4,1432,N,True
4,reel21__7,bot70__4,1432,N,True
4,183,reel14__0,1432,N,True
4,183,bot26__0,1432,N,True
4,183,reel26__8,1432,N,True
4,183,bot41__3,1432,N,True
4,reel15__0,reel30__2,1432,N,True
4,53,reel31__7,1432,N,True
4,reel15__0,reel31__7,1432,N,True
4,reel15__0,reel48__9,1432,N,True
4,54,reel7__1,1432,N,True
4,54,bot15__3,1432,N,True
4,272,bot15__3,1432,N,True
4,54,reel16__9,1432,N,True
4,54,bot18__9,1432,N,True
4,54,reel20__6,1432,N,True
4,156,reel20__6,1432,N,True
4,reel13__1,bot67__1,1432,N,True
4,reel39__3,bot67__1,1432,N,True
4,bot18__5,bot59__0,1432,N,True
4,reel18__3,bot59__0,1432,N,True
4,92,reel49__3,1432,N,True
4,92,bot69__9,1432,N,True
4,3,reel0__4,1432,N,True
4,3,bot17__9,1432,N,True
4,3,bot37__7,1432,N,True
4,3,reel59__9,1432,N,True
4,182,bot21__7,1432,N,True
4,182,bot24__4,1432,N,True
4,reel23__6,reel41__1,1432,N,True
4,182,reel41__1,1432,N,True
4,122,reel44__3,1432,N,True
4,182,reel44__3,1432,N,True
4,182,reel60__8,1432,N,True
4,reel21__5,bot26__8,1432,N,True
4,111,bot26__8,1432,N,True
4,reel21__5,bot34__4,1432,N,True
4,reel29__6,bot34__4,1432,N,True
4,reel21__5,reel69__4,1432,N,True
4,bot28__7,bot21__9,1432,N,True
4,245,reel2__4,1432,N,True
4,245,reel10__9,1432,N,True
4,245,bot47__9,1432,N,True
4,29,bot47__9,1432,N,True
4,237,reel2__5,1432,N,True
4,13,reel2__5,1432,N,True
4,228,bot10__7,1432,N,True
4,13,bot10__7,1432,N,True
4,13,reel15__1,1432,N,True
4,13,bot17__6,1432,N,True
4,13,bot29__1,1432,N,True
4,95,reel46__5,1432,N,True
4,13,reel46__5,1432,N,True
4,252,reel46__5,1432,N,True
4,87,bot19__1,1432,N,True
4,87,bot67__6,1432,N,True
4,267,bot27__3,1432,N,True
4,267,bot42__7,1432,N,True
4,reel13__1,reel58__7,1432,N,True
4,9,bot24__8,1432,N,True
4,9,bot43__5,1432,N,True
4,214,bot57__1,1432,N,True
4,237,bot0__1,1432,N,True
4,94,bot0__1,1432,N,True
4,237,bot12__9,1432,N,True
4,237,bot14__5,1432,N,True
4,reel6__7,reel30__6,1432,N,True
4,reel2__3,bot61__8,1432,N,True
4,reel6__7,bot61__8,1432,N,True
4,reel55__5,reel8__2,1432,N,True
4,156,reel8__2,1432,N,True
4,156,bot31__3,1432,N,True
4,155,bot38__4,1432,N,True
4,156,bot38__4,1432,N,True
4,reel29__6,reel55__1,1432,N,True
4,252,bot64__3,1432,N,True
4,reel67__6,reel57__8,1432,N,True
4,341,reel7__2,1432,N,True
4,reel23__6,reel41__0,1432,N,True
4,reel15__5,bot56__8,1432,N,True
4,44,reel35__5,1432,N,True
4,154,bot9__2,1432,N,True
4,228,bot9__2,1432,N,True
4,228,reel30__4,1432,N,True
4,19,bot29__3,1432,N,True
4,19,reel70__4,1432,N,True
4,80,reel30__7,1432,N,True
4,80,reel50__6,1432,N,True
4,95,bot61__2,1432,N,True
4,59,reel21__0,1432,N,True
4,reel29__3,reel21__0,1432,N,True
4,reel29__3,bot35__7,1432,N,True
4,304,reel12__6,1432,N,True
4,172,reel18__7,1432,N,True
4,104,reel18__7,1432,N,True
4,118,bot18__1,1432,N,True
4,118,bot24__0,1432,N,True
4,118,reel37__9,1432,N,True
4,109,reel37__9,1432,N,True
4,118,bot39__3,1432,N,True
4,reel2__3,bot54__3,1432,N,True
4,reel2__3,reel67__2,1432,N,True
4,153,reel43__7,1432,N,True
4,334,reel56__6,1432,N,True
4,72,bot46__9,1432,N,True
4,29,bot11__2,1432,N,True
4,29,bot14__0,1432,N,True
4,reel32__9,reel68__9,1432,N,True
4,273,reel33__8,1432,N,True
4,reel21__7,reel33__8,1432,N,True
4,77,bot23__3,1432,N,True
4,77,bot33__9,1432,N,True
4,77,bot59__5,1432,N,True
4,21,bot23__0,1432,N,True
4,reel30__8,reel69__2,1432,N,True
4,59,bot9__1,1432,N,True
4,256,bot6__9,1432,N,True
4,256,bot11__7,1432,N,True
4,256,reel11__6,1432,N,True
4,256,bot44__3,1432,N,True
4,233,reel56__9,1432,N,True
4,256,reel56__9,1432,N,True
4,256,bot58__3,1432,N,True
4,125,reel18__6,1432,N,True
4,194,bot13__4,1432,N,True
4,308,reel29__8,1432,N,True
4,308,reel56__8,1432,N,True
4,154,bot44__0,1432,N,True
4,53,bot21__2,1432,N,True
4,53,bot21__8,1432,N,True
4,272,bot33__7,1432,N,True
4,52,reel33__1,1432,N,True
4,314,reel33__1,1432,N,True
4,reel11__5,reel17__0,1432,N,True
4,273,reel17__0,1432,N,True
4,332,reel17__0,1432,N,True
4,332,reel25__4,1432,N,True
4,332,reel40__4,1432,N,True
4,39,bot7__2,1432,N,True
4,233,bot7__2,1432,N,True
4,233,bot10__9,1432,N,True
4,261,reel22__6,1432,N,True
4,261,reel51__5,1432,N,True
4,164,reel60__4,1432,N,True
4,224,reel14__6,1432,N,True
4,224,reel26__7,1432,N,True
4,224,reel64__9,1432,N,True
4,333,bot7__4,1432,N,True
4,333,reel45__2,1432,N,True
4,94,bot8__8,1432,N,True
4,94,bot20__3,1432,N,True
4,258,bot20__3,1432,N,True
4,94,bot22__3,1432,N,True
4,94,bot47__5,1432,N,True
4,94,reel66__0,1432,N,True
4,141,reel28__5,1432,N,True
4,39,reel62__2,1432,N,True
4,32,reel40__5,1432,N,True
4,32,reel62__7,1432,N,True
4,32,reel67__0,1432,N,True
4,reel52__1,bot56__2,1432,N,True
4,reel23__0,reel68__0,1432,N,True
4,273,bot23__8,1432,N,True
4,273,reel65__7,1432,N,True
4,273,reel68__1,1432,N,True
4,258,bot27__8,1432,N,True
4,258,bot36__8,1432,N,True
4,310,bot37__1,1432,N,True
4,314,reel25__1,1432,N,True
4,314,bot33__6,1432,N,True
4,65,reel45__6,1432,N,True
4,180,reel0__9,1433,N,True
4,206,reel0__9,1433,N,True
4,180,reel8__8,1433,N,True
4,19,reel8__8,1433,N,True
4,180,reel25__5,1433,N,True
4,180,bot32__0,1433,N,True
4,337,bot32__0,1433,N,True
4,180,reel32__6,1433,N,True
4,88,reel3__8,1433,N,True
4,242,reel3__8,1433,N,True
4,295,reel4__6,1433,N,True
4,242,reel4__6,1433,N,True
4,242,reel43__0,1433,N,True
4,242,bot45__3,1433,N,True
4,174,bot20__2,1433,N,True
4,bot37__4,bot20__2,1433,N,True
4,145,reel10__9,1433,N,True
4,245,reel10__9,1433,N,True
4,133,reel10__9,1433,N,True
4,145,bot29__1,1433,N,True
4,13,bot29__1,1433,N,True
4,248,reel41__8,1433,N,True
4,317,reel41__8,1433,N,True
4,317,reel55__2,1433,N,True
4,317,reel61__6,1433,N,True
4,81,reel61__6,1433,N,True
4,80,bot1__4,1433,N,True
4,179,bot1__4,1433,N,True
4,175,reel13__3,1433,N,True
4,80,reel13__3,1433,N,True
4,324,reel13__3,1433,N,True
4,80,reel29__6,1433,N,True
4,reel14__1,reel29__6,1433,N,True
4,80,reel30__0,1433,N,True
4,80,reel30__7,1433,N,True
4,reel43__7,reel30__7,1433,N,True
4,80,reel50__6,1433,N,True
4,80,bot52__3,1433,N,True
4,134,reel11__9,1433,N,True
4,347,reel11__9,1433,N,True
4,217,reel11__9,1433,N,True
4,134,reel21__6,1433,N,True
4,134,bot49__5,1433,N,True
4,134,reel58__0,1433,N,True
4,56,reel58__0,1433,N,True
4,reel20__6,bot44__0,1433,N,True
4,175,reel0__7,1433,N,True
4,270,reel0__7,1433,N,True
4,270,reel8__5,1433,N,True
4,270,reel19__1,1433,N,True
4,84,reel19__1,1433,N,True
4,reel29__9,reel42__5,1433,N,True
4,270,reel42__5,1433,N,True
4,95,bot1__0,1433,N,True
4,229,bot1__0,1433,N,True
4,95,bot1__2,1433,N,True
4,100,bot1__2,1433,N,True
4,113,bot1__2,1433,N,True
4,22,bot1__9,1433,N,True
4,95,bot1__9,1433,N,True
4,95,reel1__4,1433,N,True
4,250,reel1__4,1433,N,True
4,189,reel1__4,1433,N,True
4,reel42__8,reel23__6,1433,N,True
4,95,reel23__6,1433,N,True
4,119,reel23__6,1433,N,True
4,95,reel25__9,1433,N,True
4,92,reel25__9,1433,N,True
4,95,reel46__5,1433,N,True
4,13,reel46__5,1433,N,True
4,330,reel53__2,1433,N,True
4,95,reel53__2,1433,N,True
4,330,reel12__6,1433,N,True
4,304,reel12__6,1433,N,True
4,304,reel24__4,1433,N,True
4,304,bot67__5,1433,N,True
4,289,bot2__3,1433,N,True
4,326,bot2__3,1433,N,True
4,326,bot4__1,1433,N,True
4,326,bot20__9,1433,N,True
4,326,reel28__2,1433,N,True
4,273,reel34__3,1433,N,True
4,326,reel34__3,1433,N,True
4,194,reel34__3,1433,N,True
4,185,reel31__4,1433,N,True
4,172,reel21__1,1433,N,True
4,105,reel21__1,1433,N,True
4,172,bot50__0,1433,N,True
4,100,bot50__0,1433,N,True
4,49,bot3__6,1433,N,True
4,100,bot3__6,1433,N,True
4,110,bot3__6,1433,N,True
4,bot1__5,bot4__8,1433,N,True
4,49,bot4__8,1433,N,True
4,49,bot10__1,1433,N,True
4,49,reel27__3,1433,N,True
4,149,reel12__9,1433,N,True
4,149,reel14__8,1433,N,True
4,196,reel20__3,1433,N,True
4,87,reel20__3,1433,N,True
4,149,reel20__3,1433,N,True
4,289,bot25__9,1433,N,True
4,149,bot25__9,1433,N,True
4,149,reel67__7,1433,N,True
4,324,reel0__3,1433,N,True
4,189,reel0__3,1433,N,True
4,152,reel0__3,1433,N,True
4,256,reel63__5,1433,N,True
4,152,reel63__5,1433,N,True
4,reel34__8,reel27__6,1433,N,True
4,reel34__8,bot59__5,1433,N,True
4,77,bot59__5,1433,N,True
4,reel2__3,bot39__0,1433,N,True
4,181,bot39__0,1433,N,True
4,99,bot39__0,1433,N,True
4,reel2__3,bot61__8,1433,N,True
4,128,reel11__8,1433,N,True
4,reel15__9,reel11__8,1433,N,True
4,306,reel11__8,1433,N,True
4,reel69__2,reel40__9,1433,N,True
4,306,reel40__9,1433,N,True
4,306,bot48__7,1433,N,True
4,340,reel65__9,1433,N,True
4,306,reel65__9,1433,N,True
4,306,bot66__9,1433,N,True
4,306,reel66__4,1433,N,True
4,68,reel70__8,1433,N,True
4,59,bot9__1,1433,N,True
4,295,bot9__1,1433,N,True
4,295,reel22__3,1433,N,True
4,146,reel22__3,1433,N,True
4,295,reel34__2,1433,N,True
4,344,reel34__2,1433,N,True
4,295,bot35__2,1433,N,True
4,151,bot35__2,1433,N,True
4,222,bot1__8,1433,N,True
4,199,bot1__8,1433,N,True
4,199,reel35__7,1433,N,True
4,280,bot8__0,1433,N,True
4,280,reel9__6,1433,N,True
4,291,reel9__6,1433,N,True
4,339,reel9__6,1433,N,True
4,280,reel16__9,1433,N,True
4,54,reel16__9,1433,N,True
4,280,reel66__5,1433,N,True
4,60,reel61__4,1433,N,True
4,reel43__4,reel61__4,1433,N,True
4,224,bot4__6,1433,N,True
4,221,bot4__6,1433,N,True
4,229,bot4__6,1433,N,True
4,251,bot19__0,1433,N,True
4,229,bot19__0,1433,N,True
4,229,bot36__9,1433,N,True
4,206,reel6__7,1433,N,True
4,257,reel6__7,1433,N,True
4,206,bot27__6,1433,N,True
4,291,bot27__6,1433,N,True
4,206,reel32__7,1433,N,True
4,307,reel10__4,1433,N,True
4,307,bot71__3,1433,N,True
4,reel55__8,bot71__3,1433,N,True
4,103,bot2__6,1433,N,True
4,19,bot2__6,1433,N,True
4,103,bot47__6,1433,N,True
4,103,bot57__2,1433,N,True
4,124,bot57__2,1433,N,True
4,110,bot7__7,1433,N,True
4,63,reel7__7,1433,N,True
4,328,reel7__7,1433,N,True
4,110,reel7__7,1433,N,True
4,256,bot12__3,1433,N,True
4,110,bot12__3,1433,N,True
4,117,reel12__3,1433,N,True
4,110,reel12__3,1433,N,True
4,171,reel17__8,1433,N,True
4,10,reel17__8,1433,N,True
4,110,reel17__8,1433,N,True
4,299,reel32__5,1433,N,True
4,110,reel32__5,1433,N,True
4,168,reel8__6,1433,N,True
4,126,reel8__6,1433,N,True
4,168,reel9__9,1433,N,True
4,202,reel9__9,1433,N,True
4,168,reel30__8,1433,N,True
4,reel69__2,reel30__8,1433,N,True
4,256,reel30__8,1433,N,True
4,168,reel53__3,1433,N,True
4,168,reel54__7,1433,N,True
4,reel26__6,reel54__7,1433,N,True
4,57,reel12__7,1433,N,True
4,119,reel12__7,1433,N,True
4,57,bot21__3,1433,N,True
4,176,bot21__3,1433,N,True
4,57,bot35__1,1433,N,True
4,57,bot61__7,1433,N,True
4,bot56__7,bot49__8,1433,N,True
4,318,reel33__6,1433,N,True
4,bot56__7,reel33__6,1433,N,True
4,233,reel33__6,1433,N,True
4,119,reel20__7,1433,N,True
4,119,reel24__7,1433,N,True
4,119,reel40__6,1433,N,True
4,100,reel40__6,1433,N,True
4,119,bot46__6,1433,N,True
4,263,reel54__9,1433,N,True
4,reel50__7,reel54__9,1433,N,True
4,263,bot58__8,1433,N,True
4,263,bot71__4,1433,N,True
4,reel52__5,reel57__7,1433,N,True
4,reel52__5,reel60__0,1433,N,True
4,177,reel3__3,1433,N,True
4,reel29__9,reel6__1,1433,N,True
4,177,reel6__1,1433,N,True
4,177,reel21__4,1433,N,True
4,reel7__8,reel21__4,1433,N,True
4,177,bot39__6,1433,N,True
4,179,bot39__6,1433,N,True
4,177,bot46__3,1433,N,True
4,207,bot46__3,1433,N,True
4,177,bot48__2,1433,N,True
4,216,reel61__7,1433,N,True
4,177,reel61__7,1433,N,True
4,48,reel15__5,1433,N,True
4,reel16__0,reel15__5,1433,N,True
4,337,reel15__5,1433,N,True
4,138,reel15__5,1433,N,True
4,213,bot0__6,1433,N,True
4,341,bot0__6,1433,N,True
4,313,bot0__6,1433,N,True
4,167,reel9__4,1433,N,True
4,313,reel9__4,1433,N,True
4,313,bot46__4,1433,N,True
4,313,reel57__3,1433,N,True
4,28,bot2__0,1433,N,True
4,64,bot2__0,1433,N,True
4,28,reel7__4,1433,N,True
4,reel3__5,reel7__4,1433,N,True
4,28,reel7__5,1433,N,True
4,316,reel7__5,1433,N,True
4,28,bot35__5,1433,N,True
4,28,reel53__6,1433,N,True
4,289,bot3__9,1433,N,True
4,328,bot3__9,1433,N,True
4,289,reel9__7,1433,N,True
4,340,reel9__7,1433,N,True
4,289,reel24__6,1433,N,True
4,160,reel24__6,1433,N,True
4,289,reel49__9,1433,N,True
4,330,reel16__4,1433,N,True
4,99,reel16__4,1433,N,True
4,99,bot43__2,1433,N,True
4,99,bot57__5,1433,N,True
4,17,bot27__9,1433,N,True
4,17,reel52__7,1433,N,True
4,42,reel52__7,1433,N,True
4,112,reel4__8,1433,N,True
4,116,reel4__8,1433,N,True
4,62,reel4__8,1433,N,True
4,62,reel52__3,1433,N,True
4,88,bot63__7,1433,N,True
4,62,bot63__7,1433,N,True
4,62,reel66__7,1433,N,True
4,62,reel69__9,1433,N,True
4,319,bot32__4,1433,N,True
4,bot14__7,bot0__8,1433,N,True
4,341,bot0__8,1433,N,True
4,176,bot0__8,1433,N,True
4,59,reel21__0,1433,N,True
4,176,reel21__0,1433,N,True
4,176,reel35__9,1433,N,True
4,187,bot3__8,1433,N,True
4,75,bot3__8,1433,N,True
4,187,reel31__8,1433,N,True
4,298,reel31__8,1433,N,True
4,187,bot35__9,1433,N,True
4,reel14__1,bot35__9,1433,N,True
4,187,reel57__2,1433,N,True
4,201,reel4__1,1433,N,True
4,93,reel4__1,1433,N,True
4,bot6__2,reel4__1,1433,N,True
4,139,bot11__8,1433,N,True
4,93,bot11__8,1433,N,True
4,93,reel11__4,1433,N,True
4,16,reel11__4,1433,N,True
4,60,bot4__3,1433,N,True
4,124,bot4__3,1433,N,True
4,201,reel18__4,1433,N,True
4,124,reel18__4,1433,N,True
4,124,reel22__8,1433,N,True
4,124,bot42__9,1433,N,True
4,342,bot2__4,1433,N,True
4,310,bot3__5,1433,N,True
4,342,bot3__5,1433,N,True
4,56,bot14__1,1433,N,True
4,256,bot14__1,1433,N,True
4,342,bot14__1,1433,N,True
4,bot40__3,bot70__2,1433,N,True
4,207,bot70__2,1433,N,True
4,342,bot70__2,1433,N,True
4,133,reel1__1,1433,N,True
4,284,reel1__1,1433,N,True
4,133,bot5__5,1433,N,True
4,271,bot5__5,1433,N,True
4,133,reel51__8,1433,N,True
4,133,bot60__6,1433,N,True
4,133,bot60__7,1433,N,True
4,bot1__5,bot26__0,1433,N,True
4,183,bot26__0,1433,N,True
4,200,bot8__6,1433,N,True
4,200,bot20__7,1433,N,True
4,84,bot20__7,1433,N,True
4,200,reel42__0,1433,N,True
4,56,bot45__2,1433,N,True
4,200,bot45__2,1433,N,True
4,128,bot39__8,1433,N,True
4,330,reel51__0,1433,N,True
4,128,reel51__0,1433,N,True
4,278,bot2__8,1433,N,True
4,266,bot3__0,1433,N,True
4,278,bot3__0,1433,N,True
4,reel7__3,reel20__4,1433,N,True
4,223,reel20__4,1433,N,True
4,278,reel20__4,1433,N,True
4,278,bot24__9,1433,N,True
4,278,bot58__1,1433,N,True
4,341,reel15__7,1433,N,True
4,219,reel15__7,1433,N,True
4,271,bot24__4,1433,N,True
4,219,bot24__4,1433,N,True
4,219,bot50__2,1433,N,True
4,216,bot0__2,1433,N,True
4,56,bot0__2,1433,N,True
4,291,bot0__2,1433,N,True
4,53,reel3__1,1433,N,True
4,291,reel3__1,1433,N,True
4,260,reel3__1,1433,N,True
4,291,reel3__9,1433,N,True
4,291,reel4__3,1433,N,True
4,181,reel4__3,1433,N,True
4,291,reel28__5,1433,N,True
4,141,reel28__5,1433,N,True
4,101,reel26__4,1433,N,True
4,140,bot4__4,1433,N,True
4,344,bot4__4,1433,N,True
4,344,reel33__9,1433,N,True
4,344,bot41__9,1433,N,True
4,265,bot48__5,1433,N,True
4,344,bot48__5,1433,N,True
4,344,bot53__1,1433,N,True
4,reel42__8,bot59__6,1433,N,True
4,344,bot59__6,1433,N,True
4,331,bot17__7,1433,N,True
4,331,bot31__7,1433,N,True
4,331,reel38__1,1433,N,True
4,197,reel38__1,1433,N,True
4,234,reel38__1,1433,N,True
4,214,reel5__0,1433,N,True
4,20,reel5__0,1433,N,True
4,20,bot14__2,1433,N,True
4,reel3__5,reel14__3,1433,N,True
4,20,reel14__3,1433,N,True
4,20,bot15__0,1433,N,True
4,123,bot18__8,1433,N,True
4,20,bot18__8,1433,N,True
4,81,reel42__6,1433,N,True
4,20,reel42__6,1433,N,True
4,100,reel12__4,1433,N,True
4,151,reel12__4,1433,N,True
4,151,bot18__4,1433,N,True
4,311,bot24__3,1433,N,True
4,151,bot24__3,1433,N,True
4,29,bot11__2,1433,N,True
4,64,bot41__8,1433,N,True
4,29,bot41__8,1433,N,True
4,29,reel58__5,1433,N,True
4,311,reel25__8,1433,N,True
4,267,bot42__7,1433,N,True
4,311,bot42__7,1433,N,True
4,311,reel61__1,1433,N,True
4,311,reel62__1,1433,N,True
4,268,reel62__1,1433,N,True
4,260,reel0__8,1433,N,True
4,202,reel0__8,1433,N,True
4,42,reel0__8,1433,N,True
4,9,reel1__8,1433,N,True
4,261,reel1__8,1433,N,True
4,42,reel1__8,1433,N,True
4,196,reel4__5,1433,N,True
4,42,reel4__5,1433,N,True
4,213,bot28__2,1433,N,True
4,213,reel39__5,1433,N,True
4,34,reel39__5,1433,N,True
4,97,reel39__5,1433,N,True
4,322,bot6__9,1433,N,True
4,256,bot6__9,1433,N,True
4,175,bot13__9,1433,N,True
4,322,bot13__9,1433,N,True
4,reel20__2,reel33__0,1433,N,True
4,183,reel33__0,1433,N,True
4,reel20__2,bot65__9,1433,N,True
4,271,bot65__9,1433,N,True
4,324,reel5__4,1433,N,True
4,320,reel5__4,1433,N,True
4,320,bot21__6,1433,N,True
4,53,bot21__8,1433,N,True
4,320,bot21__8,1433,N,True
4,320,reel45__4,1433,N,True
4,320,bot66__8,1433,N,True
4,63,bot1__6,1433,N,True
4,233,bot1__6,1433,N,True
4,63,reel19__9,1433,N,True
4,63,reel22__0,1433,N,True
4,63,bot64__7,1433,N,True
4,347,bot22__0,1433,N,True
4,347,reel36__0,1433,N,True
4,2,reel36__0,1433,N,True
4,2,bot58__3,1433,N,True
4,256,bot58__3,1433,N,True
4,341,reel38__9,1433,N,True
4,reel3__5,reel38__9,1433,N,True
4,reel16__3,reel57__8,1433,N,True
4,reel3__5,reel57__8,1433,N,True
4,32,bot32__9,1433,N,True
4,197,bot32__9,1433,N,True
4,reel50__7,reel66__8,1433,N,True
4,321,bot71__5,1433,N,True
4,reel50__7,bot71__5,1433,N,True
4,339,reel25__2,1433,N,True
4,339,reel35__4,1433,N,True
4,22,reel35__4,1433,N,True
4,6,bot69__7,1433,N,True
4,102,reel14__7,1433,N,True
4,144,reel14__7,1433,N,True
4,reel5__2,reel22__4,1433,N,True
4,144,reel22__4,1433,N,True
4,144,reel31__2,1433,N,True
4,144,bot52__2,1433,N,True
4,144,reel54__0,1433,N,True
4,144,reel60__5,1433,N,True
4,139,bot3__2,1433,N,True
4,141,bot3__2,1433,N,True
4,139,reel50__2,1433,N,True
4,330,reel50__2,1433,N,True
4,126,reel0__2,1433,N,True
4,77,reel0__2,1433,N,True
4,250,reel0__2,1433,N,True
4,77,reel11__7,1433,N,True
4,77,bot33__9,1433,N,True
4,174,reel59__4,1433,N,True
4,77,reel59__4,1433,N,True
4,13,reel15__1,1433,N,True
4,346,reel15__1,1433,N,True
4,346,bot25__5,1433,N,True
4,202,bot25__5,1433,N,True
4,346,bot65__6,1433,N,True
4,112,bot7__4,1433,N,True
4,bot33__0,bot7__4,1433,N,True
4,275,bot5__3,1433,N,True
4,84,bot5__3,1433,N,True
4,84,reel17__2,1433,N,True
4,84,reel29__7,1433,N,True
4,reel16__0,reel2__9,1433,N,True
4,reel16__0,reel18__6,1433,N,True
4,277,bot8__5,1433,N,True
4,251,bot8__5,1433,N,True
4,88,reel25__0,1433,N,True
4,251,reel25__0,1433,N,True
4,92,bot13__8,1433,N,True
4,46,bot13__8,1433,N,True
4,46,reel21__5,1433,N,True
4,46,reel22__9,1433,N,True
4,46,reel35__3,1433,N,True
4,196,bot11__3,1433,N,True
4,170,bot11__3,1433,N,True
4,196,reel13__1,1433,N,True
4,102,reel13__1,1433,N,True
4,196,reel44__9,1433,N,True
4,174,reel8__3,1433,N,True
4,284,reel8__3,1433,N,True
4,174,reel32__8,1433,N,True
4,35,reel38__7,1433,N,True
4,35,bot42__2,1433,N,True
4,reel23__3,bot42__2,1433,N,True
4,181,reel4__7,1433,N,True
4,212,bot22__6,1433,N,True
4,181,bot22__6,1433,N,True
4,186,reel61__2,1433,N,True
4,181,reel61__2,1433,N,True
4,59,bot20__8,1433,N,True
4,reel19__0,bot20__8,1433,N,True
4,92,bot20__8,1433,N,True
4,76,reel9__0,1433,N,True
4,284,reel9__0,1433,N,True
4,222,reel10__0,1433,N,True
4,284,reel10__0,1433,N,True
4,194,reel10__0,1433,N,True
4,284,bot18__0,1433,N,True
4,284,reel61__9,1433,N,True
4,256,bot9__0,1433,N,True
4,256,bot11__7,1433,N,True
4,256,reel11__6,1433,N,True
4,233,reel56__9,1433,N,True
4,256,reel56__9,1433,N,True
4,25,reel56__9,1433,N,True
4,47,bot1__7,1433,N,True
4,164,reel19__2,1433,N,True
4,47,reel19__2,1433,N,True
4,47,bot24__6,1433,N,True
4,47,bot29__2,1433,N,True
4,222,reel65__4,1433,N,True
4,171,bot2__5,1433,N,True
4,250,bot2__5,1433,N,True
4,1,bot2__5,1433,N,True
4,250,reel31__0,1433,N,True
4,58,reel40__2,1433,N,True
4,250,reel40__2,1433,N,True
4,250,reel56__2,1433,N,True
4,250,bot63__3,1433,N,True
4,328,reel17__4,1433,N,True
4,116,reel17__4,1433,N,True
4,328,reel25__1,1433,N,True
4,314,reel25__1,1433,N,True
4,338,bot31__8,1433,N,True
4,338,bot60__5,1433,N,True
4,338,bot63__1,1433,N,True
4,76,bot5__4,1433,N,True
4,253,bot5__4,1433,N,True
4,141,bot5__4,1433,N,True
4,76,reel5__1,1433,N,True
4,271,reel5__1,1433,N,True
4,76,bot37__2,1433,N,True
4,bot22__8,bot37__2,1433,N,True
4,76,reel62__9,1433,N,True
4,87,reel11__5,1433,N,True
4,248,reel11__5,1433,N,True
4,reel54__6,reel11__5,1433,N,True
4,bot26__4,reel11__5,1433,N,True
4,248,bot45__8,1433,N,True
4,9,reel4__9,1433,N,True
4,bot9__3,reel4__9,1433,N,True
4,69,reel4__9,1433,N,True
4,69,bot19__9,1433,N,True
4,reel42__8,reel19__3,1433,N,True
4,56,reel19__3,1433,N,True
4,69,reel19__3,1433,N,True
4,141,reel47__5,1433,N,True
4,69,reel47__5,1433,N,True
4,bot40__3,reel23__8,1433,N,True
4,163,reel23__8,1433,N,True
4,299,reel42__9,1433,N,True
4,16,reel42__9,1433,N,True
4,201,reel4__0,1433,N,True
4,123,reel4__0,1433,N,True
4,243,reel19__8,1433,N,True
4,201,reel19__8,1433,N,True
4,301,reel19__8,1433,N,True
4,201,reel34__0,1433,N,True
4,201,bot46__7,1433,N,True
4,201,bot66__6,1433,N,True
4,201,reel70__3,1433,N,True
4,202,bot5__2,1433,N,True
4,202,reel22__1,1433,N,True
4,202,bot53__0,1433,N,True
4,202,reel57__5,1433,N,True
4,202,bot58__0,1433,N,True
4,102,reel63__7,1433,N,True
4,202,reel63__7,1433,N,True
4,88,bot51__4,1433,N,True
4,138,bot51__4,1433,N,True
4,138,reel51__2,1433,N,True
4,138,bot66__4,1433,N,True
4,60,reel6__9,1433,N,True
4,64,reel6__9,1433,N,True
4,64,reel16__2,1433,N,True
4,170,reel16__2,1433,N,True
4,64,bot39__1,1433,N,True
4,126,bot39__1,1433,N,True
4,175,bot13__3,1433,N,True
4,175,bot31__6,1433,N,True
4,175,bot47__4,1433,N,True
4,175,reel60__7,1433,N,True
4,175,reel64__5,1433,N,True
4,160,reel48__6,1433,N,True
4,reel23__3,reel48__6,1433,N,True
4,160,reel70__5,1433,N,True
4,54,bot15__3,1433,N,True
4,254,bot15__3,1433,N,True
4,155,reel2__7,1433,N,True
4,194,reel2__7,1433,N,True
4,194,bot13__4,1433,N,True
4,reel26__6,reel48__4,1433,N,True
4,194,reel48__4,1433,N,True
4,bot22__8,bot60__8,1433,N,True
4,194,bot60__8,1433,N,True
4,53,reel9__8,1433,N,True
4,163,reel9__8,1433,N,True
4,217,reel9__8,1433,N,True
4,102,reel28__0,1433,N,True
4,217,reel28__0,1433,N,True
4,217,reel38__2,1433,N,True
4,318,reel38__2,1433,N,True
4,reel50__1,reel41__6,1433,N,True
4,163,reel41__6,1433,N,True
4,217,reel41__6,1433,N,True
4,reel55__8,reel53__1,1433,N,True
4,reel35__0,bot37__3,1433,N,True
4,reel35__0,reel52__2,1433,N,True
4,66,reel34__4,1433,N,True
4,66,bot46__1,1433,N,True
4,308,bot8__2,1433,N,True
4,1,reel11__1,1433,N,True
4,308,reel11__1,1433,N,True
4,308,reel56__8,1433,N,True
4,308,bot59__9,1433,N,True
4,162,bot16__3,1433,N,True
4,162,bot21__5,1433,N,True
4,bot68__0,reel54__4,1433,N,True
4,318,reel54__4,1433,N,True
4,100,reel1__9,1433,N,True
4,100,bot12__2,1433,N,True
4,100,bot56__1,1433,N,True
4,183,reel10__8,1433,N,True
4,81,reel10__8,1433,N,True
4,183,bot12__1,1433,N,True
4,220,reel13__7,1433,N,True
4,183,reel13__7,1433,N,True
4,183,reel26__8,1433,N,True
4,183,bot41__3,1433,N,True
4,88,bot8__9,1433,N,True
4,88,bot23__6,1433,N,True
4,88,reel58__7,1433,N,True
4,88,reel68__0,1433,N,True
4,233,bot10__9,1433,N,True
4,bot9__3,bot10__9,1433,N,True
4,53,reel31__3,1433,N,True
4,53,reel31__7,1433,N,True
4,54,bot18__9,1433,N,True
4,234,bot10__5,1433,N,True
4,271,bot10__5,1433,N,True
4,271,reel11__3,1433,N,True
4,48,bot16__9,1433,N,True
4,bot14__7,bot16__9,1433,N,True
4,271,bot16__9,1433,N,True
4,277,bot9__7,1433,N,True
4,163,bot9__7,1433,N,True
4,216,reel32__2,1433,N,True
4,163,reel32__2,1433,N,True
4,163,reel57__0,1433,N,True
4,163,reel64__0,1433,N,True
4,4,bot7__1,1433,N,True
4,259,bot7__1,1433,N,True
4,259,reel30__2,1433,N,True
4,234,bot17__1,1433,N,True
4,41,bot17__1,1433,N,True
4,234,bot44__5,1433,N,True
4,234,reel52__1,1433,N,True
4,reel13__0,reel52__1,1433,N,True
4,23,bot31__4,1433,N,True
4,reel14__1,bot38__7,1433,N,True
4,reel66__9,reel68__2,1433,N,True
4,105,reel34__7,1433,N,True
4,105,reel38__6,1433,N,True
4,105,bot39__9,1433,N,True
4,184,bot4__7,1433,N,True
4,324,bot4__7,1433,N,True
4,184,reel26__3,1433,N,True
4,52,reel33__1,1433,N,True
4,314,reel33__1,1433,N,True
4,92,bot13__2,1433,N,True
4,92,reel49__3,1433,N,True
4,260,reel16__5,1433,N,True
4,260,reel38__8,1433,N,True
4,36,reel43__8,1433,N,True
4,36,reel49__8,1433,N,True
4,318,reel49__8,1433,N,True
4,36,reel56__5,1433,N,True
4,170,reel56__5,1433,N,True
4,277,bot27__4,1433,N,True
4,277,reel52__0,1433,N,True
4,277,reel53__4,1433,N,True
4,reel49__0,reel53__4,1433,N,True
4,277,bot60__9,1433,N,True
4,224,bot8__4,1433,N,True
4,10,bot8__4,1433,N,True
4,13,bot8__4,1433,N,True
4,10,reel28__1,1433,N,True
4,113,reel28__1,1433,N,True
4,281,bot36__2,1433,N,True
4,reel7__3,bot36__2,1433,N,True
4,reel19__4,bot31__9,1433,N,True
4,22,reel42__4,1433,N,True
4,reel19__4,reel42__4,1433,N,True
4,268,bot19__7,1433,N,True
4,bot44__4,bot59__1,1433,N,True
4,13,reel23__7,1433,N,True
4,81,reel23__7,1433,N,True
4,81,bot67__2,1433,N,True
4,239,bot61__9,1433,N,True
4,243,bot5__8,1433,N,True
4,324,bot5__8,1433,N,True
4,243,reel5__5,1433,N,True
4,164,reel5__5,1433,N,True
4,243,reel13__4,1433,N,True
4,243,reel27__9,1433,N,True
4,243,reel59__8,1433,N,True
4,314,reel59__8,1433,N,True
4,243,reel60__2,1433,N,True
4,91,reel0__0,1433,N,True
4,121,reel0__0,1433,N,True
4,170,reel0__0,1433,N,True
4,321,bot17__3,1433,N,True
4,121,bot17__3,1433,N,True
4,121,reel40__8,1433,N,True
4,273,reel58__4,1433,N,True
4,121,reel58__4,1433,N,True
4,113,reel58__4,1433,N,True
4,170,bot1__3,1433,N,True
4,170,reel3__6,1433,N,True
4,170,reel3__7,1433,N,True
4,170,reel8__7,1433,N,True
4,170,bot14__9,1433,N,True
4,170,bot22__4,1433,N,True
4,316,reel2__8,1433,N,True
4,233,reel2__8,1433,N,True
4,233,bot7__2,1433,N,True
4,102,bot40__2,1433,N,True
4,bot26__4,bot40__2,1433,N,True
4,bot26__4,bot44__6,1433,N,True
4,bot26__4,bot62__8,1433,N,True
4,bot26__4,bot70__6,1433,N,True
4,261,reel5__9,1433,N,True
4,261,reel22__6,1433,N,True
4,reel5__2,bot35__4,1433,N,True
4,261,bot35__4,1433,N,True
4,171,reel23__4,1433,N,True
4,reel43__7,reel23__4,1433,N,True
4,171,reel36__6,1433,N,True
4,bot22__8,bot50__5,1433,N,True
4,126,bot11__9,1433,N,True
4,bot4__9,bot11__9,1433,N,True
4,276,bot42__8,1433,N,True
4,bot4__9,bot42__8,1433,N,True
4,316,bot9__4,1433,N,True
4,75,reel18__0,1433,N,True
4,316,reel18__0,1433,N,True
4,316,reel46__6,1433,N,True
4,155,bot19__5,1433,N,True
4,155,bot40__7,1433,N,True
4,224,reel26__7,1433,N,True
4,25,reel26__7,1433,N,True
4,1,bot18__5,1433,N,True
4,318,bot18__5,1433,N,True
4,318,reel60__9,1433,N,True
4,245,reel2__4,1433,N,True
4,129,reel2__4,1433,N,True
4,58,reel15__6,1433,N,True
4,58,reel35__8,1433,N,True
4,9,reel35__8,1433,N,True
4,58,reel39__8,1433,N,True
4,275,reel39__8,1433,N,True
4,91,bot45__6,1433,N,True
4,324,bot10__3,1433,N,True
4,87,bot33__2,1433,N,True
4,324,bot33__2,1433,N,True
4,324,reel55__9,1433,N,True
4,75,reel55__9,1433,N,True
4,164,reel60__4,1433,N,True
4,142,reel60__4,1433,N,True
4,164,bot66__1,1433,N,True
4,reel26__6,bot43__7,1433,N,True
4,221,bot15__6,1433,N,True
4,321,bot15__6,1433,N,True
4,321,bot30__7,1433,N,True
4,1,reel67__6,1433,N,True
4,113,bot24__1,1433,N,True
4,113,bot33__1,1433,N,True
4,212,bot9__9,1433,N,True
4,224,bot9__9,1433,N,True
4,212,bot48__1,1433,N,True
4,212,reel67__8,1433,N,True
4,224,reel5__7,1433,N,True
4,224,reel14__6,1433,N,True
4,224,reel64__9,1433,N,True
4,142,reel21__2,1433,N,True
4,34,reel21__2,1433,N,True
4,142,reel51__4,1433,N,True
4,237,reel2__5,1433,N,True
4,143,reel2__5,1433,N,True
4,13,reel2__5,1433,N,True
4,13,bot10__7,1433,N,True
4,301,bot22__1,1433,N,True
4,301,reel39__1,1433,N,True
4,135,bot30__6,1433,N,True
4,87,bot13__5,1433,N,True
4,186,reel13__5,1433,N,True
4,87,reel13__5,1433,N,True
4,87,bot53__8,1433,N,True
4,87,reel62__4,1433,N,True
4,87,bot67__6,1433,N,True
4,9,bot3__1,1433,N,True
4,267,bot3__1,1433,N,True
4,267,reel15__3,1433,N,True
4,267,bot27__3,1433,N,True
4,310,reel30__5,1433,N,True
4,267,reel30__5,1433,N,True
4,253,reel58__1,1433,N,True
4,267,reel58__1,1433,N,True
4,60,bot33__8,1433,N,True
4,60,reel36__8,1433,N,True
4,60,reel68__6,1433,N,True
4,281,bot28__7,1433,N,True
4,281,bot53__7,1433,N,True
4,281,bot60__1,1433,N,True
4,reel42__8,reel46__2,1433,N,True
4,reel19__5,reel46__2,1433,N,True
4,102,bot12__7,1433,N,True
4,257,bot13__7,1433,N,True
4,257,bot58__2,1433,N,True
4,257,bot58__4,1433,N,True
4,reel19__0,bot26__7,1433,N,True
4,reel19__0,bot39__7,1433,N,True
4,reel16__3,reel32__3,1433,N,True
4,126,bot8__3,1433,N,True
4,126,reel26__5,1433,N,True
4,126,reel61__3,1433,N,True
4,97,bot23__7,1433,N,True
4,340,reel49__1,1433,N,True
4,97,reel49__1,1433,N,True
4,bot14__7,bot63__6,1433,N,True
4,bot14__7,bot65__3,1433,N,True
4,312,bot34__1,1433,N,True
4,312,reel46__9,1433,N,True
4,312,reel60__1,1433,N,True
4,112,bot10__8,1433,N,True
4,340,bot10__8,1433,N,True
4,167,reel13__9,1433,N,True
4,167,reel23__5,1433,N,True
4,167,bot49__2,1433,N,True
4,167,reel63__2,1433,N,True
4,167,reel63__4,1433,N,True
4,9,reel63__4,1433,N,True
4,reel20__0,reel24__9,1433,N,True
4,129,reel24__9,1433,N,True
4,reel20__0,bot25__6,1433,N,True
4,reel20__8,bot25__6,1433,N,True
4,reel20__0,bot41__5,1433,N,True
4,16,reel69__1,1433,N,True
4,16,reel69__3,1433,N,True
4,123,reel69__3,1433,N,True
4,9,bot24__8,1433,N,True
4,9,bot43__5,1433,N,True
4,129,bot43__5,1433,N,True
4,9,reel65__1,1433,N,True
4,214,reel54__8,1433,N,True
4,214,bot57__1,1433,N,True
4,141,reel1__0,1433,N,True
4,141,reel67__4,1433,N,True
4,4,reel55__5,1433,N,True
4,216,bot7__3,1433,N,True
4,216,reel26__0,1433,N,True
4,216,reel38__0,1433,N,True
4,216,reel48__8,1433,N,True
4,reel49__0,reel48__8,1433,N,True
4,bot71__8,reel41__7,1433,N,True
4,bot71__8,bot28__6,1433,N,True
4,reel5__2,bot6__7,1433,N,True
4,reel5__2,reel27__4,1433,N,True
4,reel5__2,reel41__2,1433,N,True
4,reel19__5,reel7__6,1433,N,True
4,reel19__5,bot30__1,1433,N,True
4,273,bot30__1,1433,N,True
4,reel19__5,reel31__6,1433,N,True
4,reel19__5,reel56__4,1433,N,True
4,reel37__6,reel56__4,1433,N,True
4,reel69__2,reel70__7,1433,N,True
4,237,bot12__9,1433,N,True
4,237,bot14__5,1433,N,True
4,237,bot71__2,1433,N,True
4,reel7__8,reel14__9,1433,N,True
4,reel7__8,bot61__4,1433,N,True
4,340,reel44__4,1433,N,True
4,340,reel44__6,1433,N,True
4,303,reel60__3,1433,N,True
4,143,bot38__5,1433,N,True
4,143,reel41__3,1433,N,True
4,reel20__8,reel41__3,1433,N,True
4,reel34__1,reel24__8,1433,N,True
4,140,reel51__1,1433,N,True
4,reel23__3,bot30__8,1433,N,True
4,reel23__3,reel37__5,1433,N,True
4,reel23__3,bot52__9,1433,N,True
4,75,reel0__4,1433,N,True
4,75,bot19__8,1433,N,True
4,75,bot54__2,1433,N,True
4,75,reel69__4,1433,N,True
4,41,reel70__1,1433,N,True
4,75,reel70__1,1433,N,True
4,275,reel70__2,1433,N,True
4,75,reel70__2,1433,N,True
4,bot36__1,bot40__1,1433,N,True
4,reel15__9,bot27__5,1433,N,True
4,reel15__9,bot38__8,1433,N,True
4,32,reel40__5,1433,N,True
4,32,reel67__0,1433,N,True
4,111,reel4__4,1433,N,True
4,111,bot26__8,1433,N,True
4,bot30__9,bot24__2,1433,N,True
4,34,bot24__2,1433,N,True
4,173,reel0__5,1433,N,True
4,173,bot6__8,1433,N,True
4,56,bot46__2,1433,N,True
4,173,bot46__2,1433,N,True
4,173,reel56__6,1433,N,True
4,reel20__8,reel24__2,1433,N,True
4,19,reel24__2,1433,N,True
4,341,bot15__4,1433,N,True
4,341,bot58__6,1433,N,True
4,273,reel17__0,1433,N,True
4,273,bot23__8,1433,N,True
4,273,reel65__7,1433,N,True
4,273,reel68__1,1433,N,True
4,34,bot14__3,1433,N,True
4,22,bot27__0,1433,N,True
4,22,bot48__3,1433,N,True
4,220,bot9__5,1433,N,True
4,314,bot12__8,1433,N,True
4,314,bot33__6,1433,N,True
4,298,reel45__9,1433,N,True
4,123,bot15__2,1433,N,True
4,123,reel32__1,1433,N,True
4,123,reel48__1,1433,N,True
4,19,bot29__3,1433,N,True
4,207,reel37__7,1433,N,True
4,reel13__1,reel44__0,1434,N,True
4,reel3__9,reel44__0,1434,N,True
4,reel43__8,bot47__2,1434,N,True
4,bot23__9,bot47__2,1434,N,True
4,bot57__3,bot32__1,1434,N,True
4,reel23__2,bot32__1,1434,N,True
4,reel15__3,bot32__1,1434,N,True
4,reel10__9,reel70__8,1434,N,True
4,reel39__4,reel70__8,1434,N,True
4,reel22__6,bot37__0,1434,N,True
4,reel33__7,bot37__0,1434,N,True
4,bot22__6,bot37__0,1434,N,True
4,reel22__6,reel39__9,1434,N,True
4,reel15__2,reel39__9,1434,N,True
4,reel22__6,reel53__0,1434,N,True
4,reel6__9,reel53__0,1434,N,True
4,bot29__3,bot56__0,1434,N,True
4,bot49__2,bot56__0,1434,N,True
4,bot29__8,bot56__0,1434,N,True
4,bot25__9,bot64__4,1434,N,True
4,reel28__3,bot48__4,1434,N,True
4,bot15__6,bot48__4,1434,N,True
4,bot68__4,bot48__4,1434,N,True
4,bot37__6,bot48__4,1434,N,True
4,reel9__3,reel14__3,1434,N,True
4,reel9__3,reel43__3,1434,N,True
4,reel38__1,reel43__3,1434,N,True
4,bot10__4,bot12__4,1434,N,True
4,bot49__9,bot12__4,1434,N,True
4,bot6__4,bot12__4,1434,N,True
4,reel16__5,bot29__7,1434,N,True
4,bot63__1,bot29__7,1434,N,True
4,bot19__8,bot29__7,1434,N,True
4,bot8__4,bot29__7,1434,N,True
4,bot67__2,bot43__8,1434,N,True
4,reel20__1,bot43__8,1434,N,True
4,reel7__2,bot43__8,1434,N,True
4,reel54__4,bot69__5,1434,N,True
4,bot17__7,bot69__5,1434,N,True
4,reel6__2,bot69__5,1434,N,True
4,bot19__6,bot27__7,1434,N,True
4,bot23__9,bot27__7,1434,N,True
4,reel40__9,bot45__1,1434,N,True
4,reel43__9,bot52__9,1434,N,True
4,reel40__9,bot52__9,1434,N,True
4,reel23__3,bot52__9,1434,N,True
4,reel45__3,bot53__3,1434,N,True
4,bot3__7,bot53__3,1434,N,True
4,bot2__9,bot39__2,1434,N,True
4,bot17__8,bot39__2,1434,N,True
4,bot58__8,bot17__0,1434,N,True
4,reel5__5,bot17__0,1434,N,True
4,reel6__9,bot34__5,1434,N,True
4,bot14__1,bot34__5,1434,N,True
4,bot16__7,bot34__5,1434,N,True
4,reel27__6,reel61__5,1434,N,True
4,bot40__0,bot21__7,1434,N,True
4,reel6__9,bot21__7,1434,N,True
4,bot6__8,bot21__7,1434,N,True
4,reel6__9,reel9__5,1434,N,True
4,reel36__1,reel9__5,1434,N,True
4,reel27__8,reel9__5,1434,N,True
4,reel34__9,reel9__5,1434,N,True
4,reel15__2,reel9__5,1434,N,True
4,reel7__2,reel9__5,1434,N,True
4,reel27__8,bot62__6,1434,N,True
4,reel19__3,reel60__0,1434,N,True
4,reel52__5,reel60__0,1434,N,True
4,bot0__6,bot63__6,1434,N,True
4,bot14__7,bot63__6,1434,N,True
4,reel51__2,bot63__6,1434,N,True
4,reel3__0,reel37__1,1434,N,True
4,bot67__4,reel37__1,1434,N,True
4,reel27__2,bot64__0,1434,N,True
4,bot23__4,bot64__0,1434,N,True
4,bot11__3,bot38__1,1434,N,True
4,bot21__1,bot38__1,1434,N,True
4,reel20__1,bot38__1,1434,N,True
4,reel33__1,bot54__8,1434,N,True
4,reel30__9,bot54__8,1434,N,True
4,bot23__7,bot54__8,1434,N,True
4,reel65__2,bot69__3,1434,N,True
4,bot5__6,bot69__3,1434,N,True
4,bot35__9,bot69__3,1434,N,True
4,reel19__1,bot25__4,1434,N,True
4,reel12__7,reel66__2,1434,N,True
4,reel57__0,reel66__2,1434,N,True
4,reel21__9,reel66__2,1434,N,True
4,bot15__8,bot52__6,1434,N,True
4,bot9__5,bot52__6,1434,N,True
4,reel9__0,bot71__9,1434,N,True
4,bot68__1,bot71__9,1434,N,True
4,reel1__0,reel47__4,1434,N,True
4,reel31__9,reel47__4,1434,N,True
4,bot9__4,bot53__4,1434,N,True
4,reel31__9,bot53__4,1434,N,True
4,bot5__2,bot44__7,1434,N,True
4,bot23__2,bot44__7,1434,N,True
4,reel40__8,bot41__7,1434,N,True
4,bot2__4,bot41__7,1434,N,True
4,reel40__8,reel54__5,1434,N,True
4,reel45__8,reel14__0,1434,N,True
4,bot18__1,reel14__0,1434,N,True
4,reel13__4,bot34__9,1434,N,True
4,bot7__3,bot34__9,1434,N,True
4,bot37__8,bot34__9,1434,N,True
4,reel0__3,bot34__9,1434,N,True
4,reel34__9,reel64__8,1434,N,True
4,reel20__7,reel64__8,1434,N,True
4,bot71__5,reel50__7,1434,N,True
4,reel4__9,bot51__8,1434,N,True
4,reel22__2,bot45__3,1434,N,True
4,reel22__2,bot71__1,1434,N,True
4,reel48__3,bot65__2,1434,N,True
4,reel36__3,bot65__2,1434,N,True
4,bot22__7,bot25__8,1434,N,True
4,bot12__8,bot25__8,1434,N,True
4,reel36__4,bot60__8,1434,N,True
4,bot22__8,bot60__8,1434,N,True
4,bot14__5,bot28__5,1434,N,True
4,reel2__5,bot28__5,1434,N,True
4,reel0__0,bot28__5,1434,N,True
4,reel2__5,bot67__0,1434,N,True
4,reel34__9,bot63__5,1434,N,True
4,reel11__0,bot63__5,1434,N,True
4,reel53__4,reel56__8,1434,N,True
4,reel11__3,reel56__8,1434,N,True
4,reel63__8,reel56__8,1434,N,True
4,reel55__7,bot70__1,1434,N,True
4,bot46__9,bot70__1,1434,N,True
4,reel1__4,reel28__8,1434,N,True
4,reel18__7,reel28__8,1434,N,True
4,reel18__7,bot47__3,1434,N,True
4,bot3__9,bot47__3,1434,N,True
4,reel0__1,reel12__2,1434,N,True
4,reel25__5,reel12__2,1434,N,True
4,reel38__8,reel12__2,1434,N,True
4,reel5__4,reel12__2,1434,N,True
4,bot26__1,reel12__2,1434,N,True
4,bot60__1,reel12__2,1434,N,True
4,bot57__0,bot63__4,1434,N,True
4,bot34__7,bot63__4,1434,N,True
4,reel2__2,bot63__4,1434,N,True
4,bot57__0,bot65__1,1434,N,True
4,reel27__3,bot65__1,1434,N,True
4,reel50__9,reel66__6,1434,N,True
4,reel49__7,reel66__6,1434,N,True
4,reel44__2,reel66__6,1434,N,True
4,reel13__6,reel26__9,1434,N,True
4,reel14__1,reel26__9,1434,N,True
4,reel20__4,bot71__0,1434,N,True
4,bot8__7,bot71__0,1434,N,True
4,bot29__2,bot50__5,1434,N,True
4,bot14__5,bot50__5,1434,N,True
4,bot22__8,bot50__5,1434,N,True
4,reel34__4,reel47__3,1434,N,True
4,reel57__9,reel47__3,1434,N,True
4,reel20__1,reel47__3,1434,N,True
4,bot23__2,bot57__8,1434,N,True
4,reel34__4,bot57__8,1434,N,True
4,reel13__7,reel55__0,1434,N,True
4,reel34__7,bot44__6,1434,N,True
4,bot26__4,bot44__6,1434,N,True
4,reel30__0,bot70__6,1434,N,True
4,bot26__4,bot70__6,1434,N,True
4,bot10__8,bot27__2,1434,N,True
4,bot60__7,bot27__2,1434,N,True
4,reel52__7,reel63__3,1434,N,True
4,bot65__8,reel63__3,1434,N,True
4,reel33__1,reel63__3,1434,N,True
4,reel66__1,reel27__4,1434,N,True
4,reel13__9,reel27__4,1434,N,True
4,reel24__7,reel27__4,1434,N,True
4,reel55__4,reel63__6,1434,N,True
4,reel32__6,reel63__6,1434,N,True
4,reel24__7,reel63__6,1434,N,True
4,reel13__4,reel48__6,1434,N,True
4,reel23__3,reel48__6,1434,N,True
4,bot11__7,bot52__8,1434,N,True
4,reel25__3,bot52__8,1434,N,True
4,reel32__4,bot52__8,1434,N,True
4,reel1__4,reel7__0,1434,N,True
4,reel61__0,reel7__0,1434,N,True
4,bot19__5,reel7__0,1434,N,True
4,reel1__7,reel7__0,1434,N,True
4,reel59__8,reel60__1,1434,N,True
4,reel53__4,reel60__1,1434,N,True
4,bot40__8,bot66__6,1434,N,True
4,bot12__2,bot66__6,1434,N,True
4,bot55__1,bot41__6,1434,N,True
4,bot7__4,bot41__6,1434,N,True
4,bot49__4,reel45__5,1434,N,True
4,bot17__8,bot55__0,1434,N,True
4,reel16__8,bot55__0,1434,N,True
4,bot20__9,bot55__8,1434,N,True
4,bot45__2,bot55__8,1434,N,True
4,reel4__3,bot7__9,1434,N,True
4,bot36__9,bot7__9,1434,N,True
4,reel3__2,bot7__9,1434,N,True
4,reel3__6,bot7__9,1434,N,True
4,reel4__3,bot18__3,1434,N,True
4,bot12__6,bot18__3,1434,N,True
4,bot1__2,bot18__3,1434,N,True
4,reel14__4,bot46__5,1434,N,True
4,bot36__5,bot46__5,1434,N,True
4,reel0__7,reel52__6,1434,N,True
4,reel41__7,bot43__3,1434,N,True
4,reel36__5,bot43__3,1434,N,True
4,bot49__1,bot43__3,1434,N,True
4,reel24__0,bot43__3,1434,N,True
4,reel41__7,reel44__1,1434,N,True
4,reel11__3,reel44__1,1434,N,True
4,reel33__4,reel12__0,1434,N,True
4,reel23__2,reel12__0,1434,N,True
4,reel16__6,reel12__0,1434,N,True
4,reel14__7,bot20__6,1434,N,True
4,reel16__6,bot20__6,1434,N,True
4,reel3__6,bot20__6,1434,N,True
4,reel41__2,reel58__3,1434,N,True
4,reel56__2,reel58__3,1434,N,True
4,bot2__3,bot4__3,1434,N,True
4,bot3__3,bot61__5,1434,N,True
4,reel10__4,bot61__5,1434,N,True
4,bot3__3,bot65__5,1434,N,True
4,bot45__6,bot31__2,1434,N,True
4,reel10__2,bot31__2,1434,N,True
4,bot14__5,bot31__2,1434,N,True
4,bot6__0,bot31__2,1434,N,True
4,reel8__7,bot39__8,1434,N,True
4,bot6__0,bot39__8,1434,N,True
4,reel28__0,reel40__1,1434,N,True
4,reel54__3,reel40__1,1434,N,True
4,reel21__9,reel40__1,1434,N,True
4,reel11__1,reel26__1,1434,N,True
4,reel36__3,reel26__1,1434,N,True
4,reel23__7,reel26__1,1434,N,True
4,reel14__8,reel26__1,1434,N,True
4,bot65__8,bot57__4,1434,N,True
4,reel23__7,bot57__4,1434,N,True
4,reel6__2,bot34__1,1434,N,True
4,reel33__9,bot55__5,1434,N,True
4,reel38__0,bot50__1,1434,N,True
4,bot6__8,bot50__1,1434,N,True
4,reel2__4,reel21__8,1434,N,True
4,reel42__5,reel21__8,1434,N,True
4,reel13__6,reel21__8,1434,N,True
4,reel15__2,reel21__8,1434,N,True
4,reel48__1,reel21__8,1434,N,True
4,bot10__6,bot35__7,1434,N,True
4,reel5__5,bot35__7,1434,N,True
4,bot49__5,bot35__7,1434,N,True
4,reel30__0,bot40__9,1434,N,True
4,reel32__7,bot40__9,1434,N,True
4,reel24__6,reel47__6,1434,N,True
4,reel40__4,reel47__6,1434,N,True
4,reel55__2,reel47__6,1434,N,True
4,reel32__7,reel47__6,1434,N,True
4,bot6__5,bot28__1,1434,N,True
4,reel6__4,bot28__1,1434,N,True
4,reel45__8,reel61__4,1434,N,True
4,reel43__4,reel61__4,1434,N,True
4,bot0__2,bot8__1,1434,N,True
4,bot0__7,bot8__1,1434,N,True
4,bot33__3,bot8__1,1434,N,True
4,bot0__7,bot9__7,1434,N,True
4,bot42__4,bot9__7,1434,N,True
4,bot70__7,bot66__1,1434,N,True
4,reel31__7,bot66__1,1434,N,True
4,bot50__0,bot66__1,1434,N,True
4,bot19__6,bot34__0,1434,N,True
4,bot47__6,bot34__0,1434,N,True
4,bot14__1,bot34__0,1434,N,True
4,bot10__0,bot34__0,1434,N,True
4,reel32__2,reel18__1,1434,N,True
4,reel26__3,reel18__1,1434,N,True
4,reel6__0,reel18__1,1434,N,True
4,reel70__9,reel18__1,1434,N,True
4,reel11__8,reel18__1,1434,N,True
4,reel54__4,reel18__1,1434,N,True
4,reel48__1,reel18__1,1434,N,True
4,reel38__1,reel43__0,1434,N,True
4,reel68__5,reel56__1,1434,N,True
4,reel38__1,reel56__1,1434,N,True
4,bot37__5,bot30__6,1434,N,True
4,bot22__6,bot30__6,1434,N,True
4,reel7__2,bot56__6,1434,N,True
4,reel7__2,reel68__6,1434,N,True
4,reel30__3,reel49__0,1434,N,True
4,reel53__4,reel49__0,1434,N,True
4,reel46__1,reel31__2,1434,N,True
4,reel63__1,reel31__2,1434,N,True
4,reel30__6,reel31__2,1434,N,True
4,reel17__6,bot38__8,1434,N,True
4,reel11__1,bot38__8,1434,N,True
4,bot15__2,bot60__0,1434,N,True
4,reel4__2,reel16__9,1434,N,True
4,bot43__5,reel16__9,1434,N,True
4,reel25__4,reel16__9,1434,N,True
4,reel25__6,reel16__9,1434,N,True
4,reel5__1,bot39__4,1434,N,True
4,reel5__1,bot70__9,1434,N,True
4,bot10__0,bot56__5,1434,N,True
4,reel23__9,bot69__8,1434,N,True
4,bot33__7,bot69__8,1434,N,True
4,bot67__3,bot49__7,1434,N,True
4,reel39__5,bot49__7,1434,N,True
4,bot6__5,bot49__7,1434,N,True
4,bot71__3,reel55__8,1434,N,True
4,reel36__7,reel55__8,1434,N,True
4,reel18__2,reel47__8,1434,N,True
4,reel5__8,reel47__8,1434,N,True
4,reel51__8,reel69__8,1434,N,True
4,reel65__9,reel69__8,1434,N,True
4,reel9__4,reel66__5,1434,N,True
4,reel25__0,reel66__5,1434,N,True
4,bot16__6,bot58__5,1434,N,True
4,bot47__4,bot58__5,1434,N,True
4,reel53__2,bot58__5,1434,N,True
4,reel11__6,bot52__1,1434,N,True
4,bot2__6,bot52__1,1434,N,True
4,reel32__5,bot38__2,1434,N,True
4,bot11__5,bot38__2,1434,N,True
4,bot44__4,bot70__5,1434,N,True
4,bot12__5,bot70__5,1434,N,True
4,reel33__6,bot56__7,1434,N,True
4,bot49__8,bot56__7,1434,N,True
4,bot11__2,bot10__3,1434,N,True
4,bot7__3,bot10__3,1434,N,True
4,bot20__7,bot43__6,1434,N,True
4,reel9__7,bot43__6,1434,N,True
4,bot41__3,bot43__6,1434,N,True
4,reel2__3,bot54__3,1434,N,True
4,bot38__5,bot54__3,1434,N,True
4,reel15__4,bot47__1,1434,N,True
4,bot18__7,bot47__1,1434,N,True
4,reel46__7,reel53__5,1434,N,True
4,reel4__4,reel53__5,1434,N,True
4,bot7__3,bot16__3,1434,N,True
4,reel2__2,bot16__3,1434,N,True
4,bot1__2,bot16__5,1434,N,True
4,bot40__7,bot64__9,1434,N,True
4,reel30__3,bot64__9,1434,N,True
4,bot6__8,bot16__0,1434,N,True
4,bot21__8,bot16__0,1434,N,True
4,reel15__1,bot57__9,1434,N,True
4,reel4__2,bot57__9,1434,N,True
4,bot48__1,reel33__0,1434,N,True
4,bot14__5,bot66__5,1434,N,True
4,reel29__1,reel67__5,1434,N,True
4,reel17__6,bot30__3,1434,N,True
4,reel20__1,bot30__3,1434,N,True
4,bot21__2,bot61__0,1434,N,True
4,reel49__9,bot61__0,1434,N,True
4,reel58__1,reel22__4,1434,N,True
4,bot6__5,bot8__8,1434,N,True
4,bot0__1,bot8__8,1434,N,True
4,bot0__8,bot4__2,1434,N,True
4,bot3__9,bot4__2,1434,N,True
4,reel9__4,reel45__1,1434,N,True
4,reel38__7,reel45__1,1434,N,True
4,reel9__4,reel56__0,1434,N,True
4,reel38__8,reel56__0,1434,N,True
4,reel26__6,bot43__7,1434,N,True
4,reel26__6,reel54__7,1434,N,True
4,reel5__6,reel69__5,1434,N,True
4,reel24__3,bot30__2,1434,N,True
4,reel24__3,reel43__5,1434,N,True
4,reel28__0,reel43__5,1434,N,True
4,reel53__8,reel43__5,1434,N,True
4,reel12__3,reel43__5,1434,N,True
4,reel24__3,bot51__7,1434,N,True
4,reel20__5,bot51__7,1434,N,True
4,reel5__5,bot51__7,1434,N,True
4,reel28__0,reel57__4,1434,N,True
4,reel39__8,reel57__4,1434,N,True
4,reel28__0,reel57__5,1434,N,True
4,reel23__1,bot29__9,1434,N,True
4,bot26__1,bot29__9,1434,N,True
4,reel38__2,reel41__5,1434,N,True
4,reel28__7,reel41__5,1434,N,True
4,reel23__1,reel41__5,1434,N,True
4,bot5__7,bot45__4,1434,N,True
4,bot12__1,bot45__4,1434,N,True
4,bot43__2,bot45__4,1434,N,True
4,reel17__8,reel46__4,1434,N,True
4,reel17__8,bot61__1,1434,N,True
4,reel32__6,reel70__7,1434,N,True
4,bot37__5,bot41__0,1434,N,True
4,reel3__2,bot41__0,1434,N,True
4,reel38__7,bot46__4,1434,N,True
4,bot43__4,bot46__4,1434,N,True
4,bot26__8,reel22__5,1434,N,True
4,reel60__5,reel22__5,1434,N,True
4,reel3__3,reel22__5,1434,N,True
4,reel16__7,bot32__8,1434,N,True
4,bot23__8,bot32__8,1434,N,True
4,bot1__1,bot32__8,1434,N,True
4,bot1__1,bot59__9,1434,N,True
4,bot36__1,bot40__1,1434,N,True
4,bot6__1,bot40__1,1434,N,True
4,bot42__8,bot44__8,1434,N,True
4,bot42__8,bot58__0,1434,N,True
4,bot31__0,bot19__3,1434,N,True
4,reel3__3,bot19__3,1434,N,True
4,bot67__3,bot53__7,1434,N,True
4,reel10__8,bot16__2,1434,N,True
4,reel1__1,bot16__2,1434,N,True
4,bot16__1,bot48__6,1434,N,True
4,reel10__8,bot48__6,1434,N,True
4,bot12__3,bot25__2,1434,N,True
4,bot31__5,bot42__5,1434,N,True
4,reel9__9,bot42__5,1434,N,True
4,bot64__6,bot42__6,1434,N,True
4,reel31__7,bot41__5,1434,N,True
4,bot2__6,bot41__5,1434,N,True
4,bot3__7,bot65__7,1434,N,True
4,reel56__7,bot65__7,1434,N,True
4,reel27__5,reel66__8,1434,N,True
4,reel12__9,reel30__7,1434,N,True
4,reel43__7,reel30__7,1434,N,True
4,reel26__3,reel30__7,1434,N,True
4,reel24__8,reel59__0,1434,N,True
4,reel26__3,reel59__0,1434,N,True
4,reel37__6,bot68__3,1434,N,True
4,reel26__3,bot68__3,1434,N,True
4,bot34__3,bot67__9,1434,N,True
4,bot60__1,bot67__9,1434,N,True
4,reel47__9,reel63__0,1434,N,True
4,reel24__6,reel35__7,1434,N,True
4,reel24__6,bot64__5,1434,N,True
4,reel36__3,bot64__5,1434,N,True
4,reel35__3,reel46__8,1434,N,True
4,bot9__0,bot8__2,1434,N,True
4,bot9__0,bot36__2,1434,N,True
4,reel7__3,bot36__2,1434,N,True
4,reel40__6,reel42__1,1434,N,True
4,reel17__3,bot38__3,1434,N,True
4,reel34__2,reel60__6,1434,N,True
4,reel18__4,reel60__6,1434,N,True
4,reel57__6,reel60__6,1434,N,True
4,reel26__8,reel33__3,1434,N,True
4,reel26__7,reel33__3,1434,N,True
4,reel58__9,reel33__3,1434,N,True
4,reel10__6,reel33__3,1434,N,True
4,reel42__9,bot59__8,1434,N,True
4,reel26__7,reel59__5,1434,N,True
4,reel57__2,reel59__5,1434,N,True
4,reel45__7,reel70__5,1434,N,True
4,reel39__3,reel70__5,1434,N,True
4,reel14__8,reel59__2,1434,N,True
4,bot9__8,bot52__4,1434,N,True
4,reel66__9,reel68__2,1434,N,True
4,reel39__3,bot42__9,1434,N,True
4,bot2__8,bot42__9,1434,N,True
4,reel13__1,bot67__1,1434,N,True
4,reel39__3,bot67__1,1434,N,True
4,bot18__5,bot59__0,1434,N,True
4,bot18__5,bot59__4,1434,N,True
4,reel29__2,reel62__0,1434,N,True
4,bot21__2,bot9__9,1434,N,True
4,bot6__8,bot9__9,1434,N,True
4,reel37__8,bot64__7,1434,N,True
4,reel27__7,bot39__5,1434,N,True
4,reel5__8,bot39__5,1434,N,True
4,reel30__8,reel38__5,1434,N,True
4,reel33__7,reel38__5,1434,N,True
4,reel53__8,reel38__5,1434,N,True
4,bot25__1,bot57__7,1434,N,True
4,bot50__0,bot57__7,1434,N,True
4,reel10__6,bot67__8,1434,N,True
4,reel55__3,bot67__8,1434,N,True
4,reel60__2,bot67__8,1434,N,True
4,bot13__6,bot14__6,1434,N,True
4,reel4__2,bot14__6,1434,N,True
4,reel4__6,bot14__6,1434,N,True
4,reel33__5,reel43__2,1434,N,True
4,reel18__4,reel58__2,1434,N,True
4,reel16__7,bot40__5,1434,N,True
4,bot3__9,bot40__5,1434,N,True
4,bot25__6,bot36__8,1434,N,True
4,bot8__3,bot36__8,1434,N,True
4,reel45__6,bot48__9,1434,N,True
4,reel9__2,reel47__2,1434,N,True
4,bot20__2,bot27__1,1434,N,True
4,reel57__3,reel50__6,1434,N,True
4,reel15__5,bot56__8,1434,N,True
4,reel33__7,reel36__9,1434,N,True
4,reel21__4,reel36__9,1434,N,True
4,reel1__7,reel51__1,1434,N,True
4,reel38__3,bot47__7,1434,N,True
4,reel3__3,reel18__5,1434,N,True
4,reel51__3,reel28__4,1434,N,True
4,reel21__4,reel28__4,1434,N,True
4,reel22__7,reel28__4,1434,N,True
4,bot25__6,bot30__0,1434,N,True
4,reel50__9,reel22__1,1434,N,True
4,reel20__5,reel22__1,1434,N,True
4,bot53__1,reel22__1,1434,N,True
4,reel7__7,reel54__1,1434,N,True
4,reel38__8,reel54__1,1434,N,True
4,reel2__3,bot61__8,1434,N,True
4,reel32__5,reel70__3,1434,N,True
4,reel58__5,reel65__3,1434,N,True
4,reel46__9,reel65__3,1434,N,True
4,reel66__4,bot68__7,1434,N,True
4,reel24__0,bot68__7,1434,N,True
4,bot41__9,bot32__2,1434,N,True
4,reel32__9,reel68__9,1434,N,True
4,reel10__5,reel68__9,1434,N,True
4,reel21__7,bot70__4,1434,N,True
4,reel10__5,bot15__7,1434,N,True
4,reel10__5,bot45__7,1434,N,True
4,reel46__1,reel41__1,1434,N,True
4,reel53__7,reel41__1,1434,N,True
4,reel28__6,reel14__2,1434,N,True
4,reel28__6,reel37__0,1434,N,True
4,reel30__5,reel52__2,1434,N,True
4,reel35__0,reel52__2,1434,N,True
4,reel31__8,bot33__8,1434,N,True
4,reel28__7,reel43__1,1434,N,True
4,reel23__5,reel34__0,1434,N,True
4,reel34__2,reel61__1,1434,N,True
4,reel22__7,bot54__7,1434,N,True
4,bot30__7,bot34__8,1434,N,True
4,reel19__0,bot26__7,1434,N,True
4,reel19__0,reel29__8,1434,N,True
4,bot64__1,bot56__2,1434,N,True
4,reel52__1,bot56__2,1434,N,True
4,reel7__8,bot61__4,1434,N,True
4,reel30__5,bot43__9,1434,N,True
4,bot1__7,bot27__5,1434,N,True
4,reel8__3,bot35__8,1434,N,True
4,reel1__2,bot14__3,1434,N,True
4,bot0__2,bot11__4,1435,N,True
4,reel3__9,bot11__4,1435,N,True
4,reel13__1,reel44__0,1435,N,True
4,reel3__9,reel44__0,1435,N,True
4,reel3__1,bot65__7,1435,N,True
4,bot3__7,bot65__7,1435,N,True
4,reel56__7,bot65__7,1435,N,True
4,reel39__0,reel26__5,1435,N,True
4,bot30__1,reel26__5,1435,N,True
4,reel10__4,reel26__5,1435,N,True
4,bot57__3,bot32__1,1435,N,True
4,reel23__2,bot32__1,1435,N,True
4,reel15__3,bot32__1,1435,N,True
4,reel10__9,bot54__5,1435,N,True
4,reel24__4,bot54__5,1435,N,True
4,reel4__5,bot54__5,1435,N,True
4,reel10__9,reel70__8,1435,N,True
4,reel7__5,reel10__6,1435,N,True
4,bot34__2,bot36__3,1435,N,True
4,reel7__5,bot36__3,1435,N,True
4,reel22__6,bot37__0,1435,N,True
4,reel33__7,bot37__0,1435,N,True
4,bot22__6,bot37__0,1435,N,True
4,reel22__6,reel39__9,1435,N,True
4,reel33__0,reel39__9,1435,N,True
4,reel15__2,reel39__9,1435,N,True
4,reel22__6,reel53__0,1435,N,True
4,reel6__9,reel53__0,1435,N,True
4,bot49__2,bot14__4,1435,N,True
4,reel11__7,bot14__4,1435,N,True
4,bot29__3,bot56__0,1435,N,True
4,bot49__2,bot56__0,1435,N,True
4,bot29__8,bot56__0,1435,N,True
4,reel40__6,reel42__1,1435,N,True
4,reel35__8,reel42__1,1435,N,True
4,reel60__9,reel42__1,1435,N,True
4,reel53__1,reel42__1,1435,N,True
4,reel17__7,reel22__5,1435,N,True
4,bot26__8,reel22__5,1435,N,True
4,reel3__3,reel22__5,1435,N,True
4,reel53__1,reel22__5,1435,N,True
4,reel13__7,reel55__0,1435,N,True
4,reel53__1,reel55__0,1435,N,True
4,bot71__3,reel55__8,1435,N,True
4,reel36__7,reel55__8,1435,N,True
4,reel53__1,reel55__8,1435,N,True
4,bot15__6,bot48__4,1435,N,True
4,bot37__6,bot48__4,1435,N,True
4,reel9__3,reel11__0,1435,N,True
4,reel39__1,reel11__0,1435,N,True
4,bot29__6,reel11__0,1435,N,True
4,reel11__1,reel17__2,1435,N,True
4,bot60__5,reel17__2,1435,N,True
4,bot10__4,bot12__4,1435,N,True
4,bot6__4,bot12__4,1435,N,True
4,bot67__2,bot43__8,1435,N,True
4,reel20__1,bot43__8,1435,N,True
4,reel7__2,bot43__8,1435,N,True
4,reel13__3,bot36__5,1435,N,True
4,bot5__1,bot36__5,1435,N,True
4,bot14__3,bot64__0,1435,N,True
4,reel27__2,bot64__0,1435,N,True
4,bot13__0,bot39__2,1435,N,True
4,bot2__9,bot39__2,1435,N,True
4,reel6__9,bot34__5,1435,N,True
4,bot16__7,bot34__5,1435,N,True
4,bot71__9,bot34__5,1435,N,True
4,reel27__8,bot38__0,1435,N,True
4,reel27__8,bot62__6,1435,N,True
4,bot46__7,bot43__7,1435,N,True
4,reel35__5,bot43__7,1435,N,True
4,reel10__5,reel68__9,1435,N,True
4,reel32__9,reel68__9,1435,N,True
4,reel35__5,reel68__9,1435,N,True
4,reel36__6,reel14__5,1435,N,True
4,reel7__4,reel14__5,1435,N,True
4,reel10__5,reel14__5,1435,N,True
4,bot8__2,bot58__7,1435,N,True
4,bot19__9,bot58__7,1435,N,True
4,bot11__3,bot32__5,1435,N,True
4,bot11__3,bot38__1,1435,N,True
4,reel20__1,bot38__1,1435,N,True
4,reel12__2,bot26__1,1435,N,True
4,bot28__0,bot26__1,1435,N,True
4,reel12__6,bot55__4,1435,N,True
4,reel65__2,bot69__3,1435,N,True
4,bot35__9,bot69__3,1435,N,True
4,bot20__3,bot47__3,1435,N,True
4,reel18__7,bot47__3,1435,N,True
4,bot3__9,bot47__3,1435,N,True
4,reel19__1,bot25__4,1435,N,True
4,reel12__7,reel66__2,1435,N,True
4,reel57__0,reel66__2,1435,N,True
4,reel21__9,reel66__2,1435,N,True
4,reel4__9,bot7__3,1435,N,True
4,reel1__7,bot7__3,1435,N,True
4,bot16__3,bot7__3,1435,N,True
4,bot17__9,bot7__3,1435,N,True
4,bot9__5,bot52__6,1435,N,True
4,reel4__8,bot62__0,1435,N,True
4,bot25__0,bot62__0,1435,N,True
4,bot19__3,bot31__0,1435,N,True
4,bot68__1,bot31__0,1435,N,True
4,reel8__8,reel31__1,1435,N,True
4,reel59__9,reel31__1,1435,N,True
4,reel51__5,reel31__1,1435,N,True
4,reel1__0,reel47__4,1435,N,True
4,reel60__9,reel47__4,1435,N,True
4,reel31__9,reel47__4,1435,N,True
4,bot5__2,bot51__2,1435,N,True
4,bot29__1,bot51__2,1435,N,True
4,reel29__6,bot34__4,1435,N,True
4,reel21__6,bot34__4,1435,N,True
4,bot5__0,bot35__6,1435,N,True
4,bot27__6,bot35__6,1435,N,True
4,reel32__8,reel33__9,1435,N,True
4,reel40__8,bot41__7,1435,N,True
4,bot2__4,bot41__7,1435,N,True
4,reel0__4,bot41__7,1435,N,True
4,reel3__7,reel45__7,1435,N,True
4,bot53__2,reel45__7,1435,N,True
4,reel35__9,reel45__7,1435,N,True
4,reel70__5,reel45__7,1435,N,True
4,reel2__8,reel39__3,1435,N,True
4,reel70__5,reel39__3,1435,N,True
4,reel52__5,reel57__7,1435,N,True
4,reel27__1,reel57__7,1435,N,True
4,reel6__1,bot18__7,1435,N,True
4,reel22__2,reel44__8,1435,N,True
4,reel22__2,bot54__0,1435,N,True
4,reel31__6,bot54__0,1435,N,True
4,reel22__2,bot71__1,1435,N,True
4,reel62__9,bot71__1,1435,N,True
4,reel61__1,bot65__2,1435,N,True
4,reel48__3,bot65__2,1435,N,True
4,reel5__1,bot39__4,1435,N,True
4,bot0__3,bot39__4,1435,N,True
4,reel0__5,bot39__4,1435,N,True
4,reel0__5,bot52__7,1435,N,True
4,bot48__3,bot52__7,1435,N,True
4,bot30__7,bot34__8,1435,N,True
4,bot30__5,bot34__8,1435,N,True
4,bot27__0,bot42__1,1435,N,True
4,bot30__5,bot42__1,1435,N,True
4,reel25__5,reel45__0,1435,N,True
4,reel1__4,reel28__8,1435,N,True
4,reel20__6,reel28__8,1435,N,True
4,reel18__7,reel28__8,1435,N,True
4,reel11__5,bot20__0,1435,N,True
4,bot57__0,bot20__0,1435,N,True
4,bot57__0,bot63__4,1435,N,True
4,bot57__0,bot65__1,1435,N,True
4,reel27__3,bot65__1,1435,N,True
4,bot29__2,bot50__5,1435,N,True
4,bot14__5,bot50__5,1435,N,True
4,bot22__8,bot50__5,1435,N,True
4,reel3__7,bot68__7,1435,N,True
4,reel66__4,bot68__7,1435,N,True
4,reel24__0,bot68__7,1435,N,True
4,reel29__5,reel59__2,1435,N,True
4,reel15__8,reel59__2,1435,N,True
4,reel14__8,reel59__2,1435,N,True
4,reel65__4,reel13__8,1435,N,True
4,reel15__8,reel13__8,1435,N,True
4,reel3__2,reel13__8,1435,N,True
4,reel15__8,bot49__6,1435,N,True
4,reel34__4,reel47__3,1435,N,True
4,reel20__1,reel47__3,1435,N,True
4,bot23__2,bot57__8,1435,N,True
4,reel34__4,bot57__8,1435,N,True
4,bot51__1,bot57__8,1435,N,True
4,reel13__7,bot20__5,1435,N,True
4,reel13__7,bot53__1,1435,N,True
4,reel1__4,bot11__0,1435,N,True
4,bot42__0,bot11__0,1435,N,True
4,bot10__5,bot11__0,1435,N,True
4,reel59__7,reel68__7,1435,N,True
4,reel19__8,reel68__7,1435,N,True
4,reel11__5,bot54__6,1435,N,True
4,bot18__4,bot54__6,1435,N,True
4,bot10__8,bot22__5,1435,N,True
4,bot39__3,bot22__5,1435,N,True
4,reel10__5,bot22__5,1435,N,True
4,bot10__8,bot27__2,1435,N,True
4,reel17__4,bot27__2,1435,N,True
4,reel12__2,bot27__2,1435,N,True
4,bot63__1,bot29__7,1435,N,True
4,reel39__7,reel62__7,1435,N,True
4,reel41__9,reel62__7,1435,N,True
4,reel59__8,bot60__3,1435,N,True
4,reel35__4,bot60__3,1435,N,True
4,reel4__3,bot7__9,1435,N,True
4,reel3__6,bot7__9,1435,N,True
4,reel3__2,bot7__9,1435,N,True
4,bot36__9,bot7__9,1435,N,True
4,reel5__1,bot70__9,1435,N,True
4,bot61__2,bot70__9,1435,N,True
4,bot27__3,bot60__2,1435,N,True
4,reel41__7,reel44__1,1435,N,True
4,reel38__4,reel44__1,1435,N,True
4,reel11__3,reel44__1,1435,N,True
4,reel41__7,reel50__3,1435,N,True
4,bot66__5,reel50__3,1435,N,True
4,reel29__0,reel50__3,1435,N,True
4,reel10__5,reel50__3,1435,N,True
4,bot51__0,bot68__6,1435,N,True
4,reel9__1,bot68__6,1435,N,True
4,bot3__3,bot61__5,1435,N,True
4,reel10__4,bot61__5,1435,N,True
4,bot3__3,bot65__5,1435,N,True
4,bot45__6,bot31__2,1435,N,True
4,reel10__2,bot31__2,1435,N,True
4,bot14__5,bot31__2,1435,N,True
4,bot6__0,bot31__2,1435,N,True
4,reel21__9,bot49__9,1435,N,True
4,bot10__2,bot67__7,1435,N,True
4,reel21__9,bot67__7,1435,N,True
4,reel11__1,reel26__1,1435,N,True
4,reel23__7,reel26__1,1435,N,True
4,reel14__8,reel26__1,1435,N,True
4,reel19__6,bot57__4,1435,N,True
4,reel23__7,bot57__4,1435,N,True
4,reel54__4,bot69__5,1435,N,True
4,reel6__2,bot69__5,1435,N,True
4,reel37__0,bot49__0,1435,N,True
4,bot3__0,bot49__0,1435,N,True
4,reel9__6,bot19__2,1435,N,True
4,bot58__1,bot19__2,1435,N,True
4,bot16__9,bot19__2,1435,N,True
4,bot10__6,bot35__7,1435,N,True
4,reel5__5,bot35__7,1435,N,True
4,bot49__5,bot35__7,1435,N,True
4,reel18__6,reel40__5,1435,N,True
4,reel35__4,reel40__5,1435,N,True
4,reel43__9,reel40__5,1435,N,True
4,reel32__0,bot45__0,1435,N,True
4,reel26__2,bot45__0,1435,N,True
4,reel41__6,reel50__1,1435,N,True
4,reel8__8,reel43__1,1435,N,True
4,reel33__0,reel43__1,1435,N,True
4,reel33__0,reel47__0,1435,N,True
4,reel0__0,reel47__0,1435,N,True
4,reel33__0,bot48__1,1435,N,True
4,reel51__4,reel24__9,1435,N,True
4,reel32__0,reel24__9,1435,N,True
4,reel20__0,reel24__9,1435,N,True
4,reel45__8,reel61__4,1435,N,True
4,reel43__4,reel61__4,1435,N,True
4,bot0__2,bot18__9,1435,N,True
4,bot33__9,bot18__9,1435,N,True
4,reel13__2,bot27__1,1435,N,True
4,bot37__7,bot27__1,1435,N,True
4,reel13__2,reel39__2,1435,N,True
4,reel6__0,reel39__2,1435,N,True
4,reel36__5,reel39__2,1435,N,True
4,reel0__4,reel27__6,1435,N,True
4,reel23__4,bot28__9,1435,N,True
4,bot6__8,bot28__9,1435,N,True
4,reel0__4,bot28__9,1435,N,True
4,reel52__5,reel60__0,1435,N,True
4,reel7__2,reel9__7,1435,N,True
4,bot56__9,bot23__0,1435,N,True
4,bot7__4,bot23__0,1435,N,True
4,reel7__2,bot23__0,1435,N,True
4,bot0__6,bot47__0,1435,N,True
4,reel6__9,bot47__0,1435,N,True
4,reel61__2,bot64__5,1435,N,True
4,reel62__8,bot68__2,1435,N,True
4,reel24__1,bot61__3,1435,N,True
4,reel52__9,reel32__3,1435,N,True
4,reel15__0,reel32__3,1435,N,True
4,bot37__7,reel32__3,1435,N,True
4,bot13__4,bot4__7,1435,N,True
4,reel37__6,bot68__3,1435,N,True
4,bot13__4,bot68__3,1435,N,True
4,reel26__3,bot68__3,1435,N,True
4,bot9__9,bot15__7,1435,N,True
4,bot29__1,bot15__7,1435,N,True
4,reel10__5,bot15__7,1435,N,True
4,reel50__7,bot71__5,1435,N,True
4,bot57__5,reel46__2,1435,N,True
4,reel62__9,reel46__2,1435,N,True
4,reel19__5,reel46__2,1435,N,True
4,reel42__8,reel46__2,1435,N,True
4,reel12__2,bot49__7,1435,N,True
4,reel39__5,bot49__7,1435,N,True
4,bot6__5,bot49__7,1435,N,True
4,reel40__7,reel24__5,1435,N,True
4,reel6__0,reel24__5,1435,N,True
4,reel18__6,reel24__5,1435,N,True
4,bot56__4,reel24__5,1435,N,True
4,reel8__4,bot55__3,1435,N,True
4,reel6__6,bot55__3,1435,N,True
4,bot47__4,bot58__5,1435,N,True
4,reel53__2,bot58__5,1435,N,True
4,reel19__0,bot39__7,1435,N,True
4,bot26__3,bot39__7,1435,N,True
4,bot21__5,bot39__7,1435,N,True
4,bot46__6,bot51__3,1435,N,True
4,reel45__9,bot51__3,1435,N,True
4,reel9__6,reel56__2,1435,N,True
4,reel45__9,reel56__2,1435,N,True
4,bot27__8,bot38__2,1435,N,True
4,reel32__5,bot38__2,1435,N,True
4,bot11__5,bot38__2,1435,N,True
4,bot12__5,bot70__5,1435,N,True
4,reel7__8,bot61__4,1435,N,True
4,bot56__4,bot61__4,1435,N,True
4,bot36__9,bot53__8,1435,N,True
4,bot26__7,bot12__7,1435,N,True
4,bot26__7,bot60__0,1435,N,True
4,reel18__6,bot43__0,1435,N,True
4,bot31__3,bot43__0,1435,N,True
4,reel29__0,bot50__7,1435,N,True
4,bot2__6,bot50__7,1435,N,True
4,bot38__5,bot50__7,1435,N,True
4,reel2__3,bot54__3,1435,N,True
4,bot38__5,bot54__3,1435,N,True
4,reel36__5,reel51__9,1435,N,True
4,reel32__1,reel51__9,1435,N,True
4,reel49__4,reel30__6,1435,N,True
4,reel44__2,reel30__6,1435,N,True
4,bot1__2,bot13__5,1435,N,True
4,reel9__2,bot13__5,1435,N,True
4,bot36__4,bot13__5,1435,N,True
4,bot1__2,bot16__5,1435,N,True
4,bot13__0,bot16__5,1435,N,True
4,reel8__9,bot16__5,1435,N,True
4,bot1__2,bot71__6,1435,N,True
4,reel11__7,bot71__6,1435,N,True
4,reel12__2,reel70__7,1435,N,True
4,reel32__6,reel70__7,1435,N,True
4,reel28__0,reel57__4,1435,N,True
4,reel39__8,reel57__4,1435,N,True
4,reel19__4,reel57__4,1435,N,True
4,reel54__9,reel64__2,1435,N,True
4,reel15__2,reel64__2,1435,N,True
4,reel65__4,reel64__2,1435,N,True
4,reel15__1,bot57__9,1435,N,True
4,bot64__7,bot57__9,1435,N,True
4,reel15__1,bot69__6,1435,N,True
4,reel20__4,bot69__6,1435,N,True
4,bot14__5,bot15__9,1435,N,True
4,bot9__2,bot15__9,1435,N,True
4,bot11__8,bot15__9,1435,N,True
4,bot14__5,bot28__5,1435,N,True
4,reel0__0,bot28__5,1435,N,True
4,reel29__1,reel67__5,1435,N,True
4,bot4__9,bot11__9,1435,N,True
4,reel8__1,reel22__4,1435,N,True
4,reel58__1,reel22__4,1435,N,True
4,bot0__3,bot69__4,1435,N,True
4,bot68__8,bot40__7,1435,N,True
4,bot0__6,bot40__7,1435,N,True
4,reel52__3,reel66__3,1435,N,True
4,reel28__9,reel66__3,1435,N,True
4,bot0__8,bot4__2,1435,N,True
4,bot27__4,bot4__2,1435,N,True
4,bot3__9,bot4__2,1435,N,True
4,reel9__4,reel56__0,1435,N,True
4,reel38__8,reel56__0,1435,N,True
4,reel23__4,bot26__9,1435,N,True
4,bot9__2,bot26__9,1435,N,True
4,reel69__4,reel46__7,1435,N,True
4,reel6__3,reel46__7,1435,N,True
4,reel36__0,reel46__7,1435,N,True
4,reel6__3,bot48__9,1435,N,True
4,reel68__4,reel43__5,1435,N,True
4,reel28__0,reel43__5,1435,N,True
4,reel53__8,reel43__5,1435,N,True
4,reel12__3,reel43__5,1435,N,True
4,bot0__2,bot8__1,1435,N,True
4,bot59__9,bot1__1,1435,N,True
4,bot0__9,bot1__1,1435,N,True
4,bot5__3,bot1__1,1435,N,True
4,reel17__8,reel46__4,1435,N,True
4,reel32__0,reel46__4,1435,N,True
4,reel17__8,bot61__1,1435,N,True
4,reel32__6,reel63__6,1435,N,True
4,bot1__4,bot6__7,1435,N,True
4,bot1__4,bot45__1,1435,N,True
4,bot1__4,bot69__8,1435,N,True
4,reel38__3,bot47__7,1435,N,True
4,reel20__0,bot47__7,1435,N,True
4,reel7__9,bot47__7,1435,N,True
4,reel20__0,reel49__0,1435,N,True
4,reel41__8,reel47__8,1435,N,True
4,bot7__4,bot41__6,1435,N,True
4,reel17__5,bot49__8,1435,N,True
4,bot12__2,bot49__8,1435,N,True
4,reel50__8,reel64__6,1435,N,True
4,reel35__4,reel64__6,1435,N,True
4,bot41__8,bot54__1,1435,N,True
4,bot49__5,bot54__1,1435,N,True
4,bot23__6,bot41__4,1435,N,True
4,reel20__6,bot44__0,1435,N,True
4,bot23__6,bot44__0,1435,N,True
4,bot36__1,bot15__5,1435,N,True
4,bot42__8,bot58__0,1435,N,True
4,reel41__1,reel53__7,1435,N,True
4,reel11__3,reel53__7,1435,N,True
4,reel66__7,reel53__7,1435,N,True
4,reel13__9,reel27__4,1435,N,True
4,reel35__9,bot44__2,1435,N,True
4,reel8__9,bot44__2,1435,N,True
4,reel8__9,reel53__5,1435,N,True
4,reel20__1,bot30__3,1435,N,True
4,bot15__0,bot27__7,1435,N,True
4,bot15__0,bot47__1,1435,N,True
4,reel10__8,reel18__9,1435,N,True
4,reel1__7,reel18__9,1435,N,True
4,reel46__3,reel22__8,1435,N,True
4,reel10__8,reel22__8,1435,N,True
4,reel1__2,reel22__8,1435,N,True
4,reel26__7,reel23__9,1435,N,True
4,reel10__8,reel23__9,1435,N,True
4,reel10__8,bot48__6,1435,N,True
4,reel10__8,reel62__2,1435,N,True
4,bot31__5,bot42__5,1435,N,True
4,bot9__7,bot42__6,1435,N,True
4,bot64__6,bot42__6,1435,N,True
4,reel23__5,reel0__8,1435,N,True
4,reel4__7,reel0__8,1435,N,True
4,reel4__7,bot10__3,1435,N,True
4,reel4__7,bot30__4,1435,N,True
4,reel26__7,reel59__5,1435,N,True
4,reel4__7,reel59__5,1435,N,True
4,reel11__7,reel60__5,1435,N,True
4,bot66__9,reel60__5,1435,N,True
4,bot34__3,bot61__6,1435,N,True
4,reel11__3,bot45__5,1435,N,True
4,reel47__9,reel63__0,1435,N,True
4,bot53__6,reel38__5,1435,N,True
4,reel33__7,reel38__5,1435,N,True
4,reel53__8,reel38__5,1435,N,True
4,bot53__6,bot35__3,1435,N,True
4,bot13__0,bot35__3,1435,N,True
4,bot1__7,bot35__3,1435,N,True
4,bot22__3,bot35__3,1435,N,True
4,reel65__5,reel52__4,1435,N,True
4,reel0__0,bot56__3,1435,N,True
4,bot48__3,bot56__3,1435,N,True
4,reel20__9,reel42__3,1435,N,True
4,reel24__4,reel42__3,1435,N,True
4,reel68__1,reel42__3,1435,N,True
4,reel58__2,reel62__3,1435,N,True
4,reel40__6,reel62__3,1435,N,True
4,bot9__2,bot22__4,1435,N,True
4,reel59__7,reel55__2,1435,N,True
4,reel12__3,reel55__2,1435,N,True
4,reel50__6,reel57__3,1435,N,True
4,reel64__4,reel14__7,1435,N,True
4,reel5__7,reel14__7,1435,N,True
4,reel34__2,reel60__6,1435,N,True
4,reel18__4,reel60__6,1435,N,True
4,reel57__6,reel60__6,1435,N,True
4,reel57__6,bot62__5,1435,N,True
4,bot26__3,bot23__5,1435,N,True
4,bot3__7,bot23__5,1435,N,True
4,reel1__2,bot23__5,1435,N,True
4,reel1__2,bot37__3,1435,N,True
4,reel35__4,bot37__3,1435,N,True
4,reel35__4,bot58__4,1435,N,True
4,bot19__4,bot11__6,1435,N,True
4,bot3__0,bot11__6,1435,N,True
4,reel66__9,reel68__2,1435,N,True
4,bot18__5,bot59__0,1435,N,True
4,bot18__5,bot59__4,1435,N,True
4,reel54__9,bot59__4,1435,N,True
4,bot18__5,bot70__3,1435,N,True
4,reel46__3,bot70__3,1435,N,True
4,reel5__3,bot15__8,1435,N,True
4,bot18__2,bot15__8,1435,N,True
4,bot10__9,bot15__8,1435,N,True
4,reel14__9,reel24__3,1435,N,True
4,reel27__7,reel24__3,1435,N,True
4,bot25__1,bot33__5,1435,N,True
4,reel55__3,bot67__8,1435,N,True
4,reel60__2,bot67__8,1435,N,True
4,bot13__6,bot14__6,1435,N,True
4,reel4__6,bot14__6,1435,N,True
4,reel4__6,reel55__6,1435,N,True
4,reel16__7,bot40__5,1435,N,True
4,bot3__9,bot40__5,1435,N,True
4,reel17__5,bot58__8,1435,N,True
4,reel17__5,bot59__3,1435,N,True
4,reel2__7,bot51__9,1435,N,True
4,reel13__1,bot20__2,1435,N,True
4,reel13__1,bot67__1,1435,N,True
4,reel39__0,reel47__2,1435,N,True
4,reel9__2,reel47__2,1435,N,True
4,reel24__8,reel50__9,1435,N,True
4,bot13__0,bot12__0,1435,N,True
4,reel0__6,bot12__0,1435,N,True
4,bot13__0,bot59__8,1435,N,True
4,reel33__7,reel36__9,1435,N,True
4,reel20__5,bot51__7,1435,N,True
4,reel5__5,bot51__7,1435,N,True
4,reel60__1,bot61__8,1435,N,True
4,reel2__3,bot61__8,1435,N,True
4,reel10__5,bot69__1,1435,N,True
4,reel38__8,bot69__1,1435,N,True
4,reel41__1,reel46__1,1435,N,True
4,reel16__7,bot32__8,1435,N,True
4,bot23__8,bot32__8,1435,N,True
4,reel46__9,reel65__3,1435,N,True
4,reel23__5,bot50__9,1435,N,True
4,reel25__6,bot50__9,1435,N,True
4,reel29__7,bot40__9,1435,N,True
4,reel30__0,bot40__9,1435,N,True
4,reel29__7,reel47__7,1435,N,True
4,bot43__2,bot65__6,1435,N,True
4,reel27__7,bot39__5,1435,N,True
4,reel23__8,bot39__5,1435,N,True
4,reel10__5,reel56__3,1435,N,True
4,reel24__0,reel64__3,1435,N,True
4,reel16__7,reel49__9,1435,N,True
4,bot61__0,reel49__9,1435,N,True
4,bot24__6,bot54__9,1435,N,True
4,reel31__8,bot33__8,1435,N,True
4,reel16__7,reel31__5,1435,N,True
4,reel16__7,bot63__3,1435,N,True
4,reel34__2,reel39__6,1435,N,True
4,bot5__7,bot16__8,1435,N,True
4,bot6__5,bot16__8,1435,N,True
4,bot22__7,bot25__8,1435,N,True
4,reel22__7,bot54__7,1435,N,True
4,reel29__0,reel68__5,1435,N,True
4,reel48__4,bot66__2,1435,N,True
4,reel11__5,reel38__0,1435,N,True
4,reel11__7,reel64__7,1435,N,True
4,reel2__9,reel55__4,1435,N,True
4,reel30__5,bot55__1,1435,N,True
4,bot59__9,bot63__9,1435,N,True
4,180,249,1436,N,True
4,24,249,1436,N,True
4,163,249,1436,N,True
4,194,249,1436,N,True
4,304,249,1436,N,True
4,180,92,1436,N,True
4,194,92,1436,N,True
4,1,92,1436,N,True
4,24,92,1436,N,True
4,180,80,1436,N,True
4,48,80,1436,N,True
4,reel50__6,80,1436,N,True
4,24,80,1436,N,True
4,reel13__3,80,1436,N,True
4,bot1__4,80,1436,N,True
4,194,80,1436,N,True
4,173,80,1436,N,True
4,180,5,1436,N,True
4,169,5,1436,N,True
4,316,5,1436,N,True
4,122,5,1436,N,True
4,158,5,1436,N,True
4,180,187,1436,N,True
4,194,187,1436,N,True
4,24,187,1436,N,True
4,180,299,1436,N,True
4,48,299,1436,N,True
4,1,299,1436,N,True
4,24,299,1436,N,True
4,194,299,1436,N,True
4,180,94,1436,N,True
4,bot8__7,94,1436,N,True
4,bot7__8,94,1436,N,True
4,24,94,1436,N,True
4,bot22__8,94,1436,N,True
4,194,94,1436,N,True
4,25,94,1436,N,True
4,180,53,1436,N,True
4,48,53,1436,N,True
4,bot50__4,53,1436,N,True
4,bot23__1,53,1436,N,True
4,146,53,1436,N,True
4,24,53,1436,N,True
4,1,53,1436,N,True
4,reel31__3,53,1436,N,True
4,248,53,1436,N,True
4,194,53,1436,N,True
4,reel9__8,53,1436,N,True
4,180,204,1436,N,True
4,reel59__7,204,1436,N,True
4,329,204,1436,N,True
4,277,204,1436,N,True
4,194,204,1436,N,True
4,180,254,1436,N,True
4,194,254,1436,N,True
4,180,101,1436,N,True
4,194,101,1436,N,True
4,24,101,1436,N,True
4,180,302,1436,N,True
4,48,302,1436,N,True
4,reel20__5,302,1436,N,True
4,24,302,1436,N,True
4,194,302,1436,N,True
4,180,reel15__9,1436,N,True
4,reel30__3,reel15__9,1436,N,True
4,bot24__1,bot37__6,1436,N,True
4,329,322,1436,N,True
4,169,322,1436,N,True
4,bot13__9,322,1436,N,True
4,40,322,1436,N,True
4,271,322,1436,N,True
4,109,322,1436,N,True
4,188,322,1436,N,True
4,304,322,1436,N,True
4,185,322,1436,N,True
4,158,322,1436,N,True
4,9,322,1436,N,True
4,339,322,1436,N,True
4,21,322,1436,N,True
4,277,322,1436,N,True
4,199,322,1436,N,True
4,280,322,1436,N,True
4,75,322,1436,N,True
4,297,322,1436,N,True
4,203,322,1436,N,True
4,48,322,1436,N,True
4,170,322,1436,N,True
4,26,322,1436,N,True
4,252,322,1436,N,True
4,25,322,1436,N,True
4,62,322,1436,N,True
4,56,322,1436,N,True
4,1,322,1436,N,True
4,224,322,1436,N,True
4,342,322,1436,N,True
4,128,322,1436,N,True
4,200,322,1436,N,True
4,122,322,1436,N,True
4,285,322,1436,N,True
4,reel30__8,bot65__4,1436,N,True
4,bot13__9,bot65__4,1436,N,True
4,reel30__5,267,1436,N,True
4,reel15__3,267,1436,N,True
4,reel15__3,reel35__9,1436,N,True
4,reel7__5,reel10__6,1436,N,True
4,bot67__8,reel10__6,1436,N,True
4,reel7__5,reel13__5,1436,N,True
4,339,reel18__8,1436,N,True
4,reel7__5,reel18__8,1436,N,True
4,bot23__5,reel18__8,1436,N,True
4,reel12__7,reel18__8,1436,N,True
4,reel7__5,bot36__3,1436,N,True
4,reel7__5,reel36__8,1436,N,True
4,bot47__3,reel18__7,1436,N,True
4,reel39__7,reel18__7,1436,N,True
4,reel13__4,bot14__4,1436,N,True
4,bot49__2,bot14__4,1436,N,True
4,122,344,1436,N,True
4,185,344,1436,N,True
4,170,290,1436,N,True
4,56,290,1436,N,True
4,277,290,1436,N,True
4,271,290,1436,N,True
4,342,290,1436,N,True
4,280,290,1436,N,True
4,188,290,1436,N,True
4,bot0__3,290,1436,N,True
4,185,290,1436,N,True
4,25,290,1436,N,True
4,203,55,1436,N,True
4,252,55,1436,N,True
4,reel12__7,55,1436,N,True
4,170,55,1436,N,True
4,56,55,1436,N,True
4,21,55,1436,N,True
4,277,55,1436,N,True
4,123,55,1436,N,True
4,26,55,1436,N,True
4,200,55,1436,N,True
4,122,55,1436,N,True
4,185,55,1436,N,True
4,329,315,1436,N,True
4,reel23__1,315,1436,N,True
4,169,315,1436,N,True
4,40,315,1436,N,True
4,271,315,1436,N,True
4,188,315,1436,N,True
4,304,315,1436,N,True
4,185,315,1436,N,True
4,158,315,1436,N,True
4,9,315,1436,N,True
4,339,315,1436,N,True
4,105,315,1436,N,True
4,21,315,1436,N,True
4,277,315,1436,N,True
4,199,315,1436,N,True
4,280,315,1436,N,True
4,203,315,1436,N,True
4,170,315,1436,N,True
4,132,315,1436,N,True
4,252,315,1436,N,True
4,98,315,1436,N,True
4,313,315,1436,N,True
4,324,315,1436,N,True
4,56,315,1436,N,True
4,1,315,1436,N,True
4,224,315,1436,N,True
4,26,315,1436,N,True
4,231,315,1436,N,True
4,128,315,1436,N,True
4,122,315,1436,N,True
4,285,315,1436,N,True
4,170,274,1436,N,True
4,21,274,1436,N,True
4,40,274,1436,N,True
4,3,274,1436,N,True
4,200,274,1436,N,True
4,188,274,1436,N,True
4,122,274,1436,N,True
4,185,274,1436,N,True
4,75,274,1436,N,True
4,339,22,1436,N,True
4,324,22,1436,N,True
4,reel35__4,22,1436,N,True
4,277,22,1436,N,True
4,185,22,1436,N,True
4,158,22,1436,N,True
4,185,reel26__9,1436,N,True
4,reel33__6,reel31__4,1436,N,True
4,reel23__1,reel31__4,1436,N,True
4,185,reel31__4,1436,N,True
4,reel16__2,108,1436,N,True
4,21,108,1436,N,True
4,169,reel3__9,1436,N,True
4,reel29__1,reel3__9,1436,N,True
4,79,reel3__9,1436,N,True
4,reel44__0,reel3__9,1436,N,True
4,bot11__4,reel3__9,1436,N,True
4,203,211,1436,N,True
4,331,211,1436,N,True
4,103,211,1436,N,True
4,29,211,1436,N,True
4,170,211,1436,N,True
4,56,211,1436,N,True
4,325,211,1436,N,True
4,313,211,1436,N,True
4,271,211,1436,N,True
4,82,211,1436,N,True
4,342,211,1436,N,True
4,199,211,1436,N,True
4,13,211,1436,N,True
4,128,211,1436,N,True
4,304,211,1436,N,True
4,reel23__3,211,1436,N,True
4,98,211,1436,N,True
4,285,211,1436,N,True
4,203,238,1436,N,True
4,106,238,1436,N,True
4,324,238,1436,N,True
4,56,238,1436,N,True
4,reel22__7,238,1436,N,True
4,325,238,1436,N,True
4,bot21__5,238,1436,N,True
4,82,238,1436,N,True
4,342,238,1436,N,True
4,199,238,1436,N,True
4,271,238,1436,N,True
4,13,238,1436,N,True
4,252,238,1436,N,True
4,98,238,1436,N,True
4,313,238,1436,N,True
4,reel59__8,314,1436,N,True
4,109,314,1436,N,True
4,271,314,1436,N,True
4,199,314,1436,N,True
4,82,314,1436,N,True
4,342,314,1436,N,True
4,313,314,1436,N,True
4,203,59,1436,N,True
4,56,59,1436,N,True
4,325,59,1436,N,True
4,271,59,1436,N,True
4,82,59,1436,N,True
4,342,59,1436,N,True
4,13,59,1436,N,True
4,reel21__0,59,1436,N,True
4,252,59,1436,N,True
4,98,59,1436,N,True
4,169,121,1436,N,True
4,21,121,1436,N,True
4,113,121,1436,N,True
4,82,121,1436,N,True
4,reel0__0,121,1436,N,True
4,280,121,1436,N,True
4,331,16,1436,N,True
4,329,16,1436,N,True
4,82,16,1436,N,True
4,29,16,1436,N,True
4,82,bot30__8,1436,N,True
4,reel23__3,bot30__8,1436,N,True
4,324,bot4__7,1436,N,True
4,131,bot4__7,1436,N,True
4,131,bot25__3,1436,N,True
4,131,reel39__6,1436,N,True
4,131,bot65__0,1436,N,True
4,328,306,1436,N,True
4,273,306,1436,N,True
4,reel40__9,306,1436,N,True
4,reel40__9,bot45__1,1436,N,True
4,bot1__4,bot45__1,1436,N,True
4,reel30__8,reel69__2,1436,N,True
4,reel40__9,reel69__2,1436,N,True
4,bot14__3,34,1436,N,True
4,reel39__5,34,1436,N,True
4,173,34,1436,N,True
4,bot14__3,bot64__0,1436,N,True
4,339,136,1436,N,True
4,169,136,1436,N,True
4,103,136,1436,N,True
4,324,136,1436,N,True
4,reel9__5,136,1436,N,True
4,56,136,1436,N,True
4,146,136,1436,N,True
4,21,136,1436,N,True
4,125,136,1436,N,True
4,120,136,1436,N,True
4,reel13__4,136,1436,N,True
4,304,136,1436,N,True
4,122,136,1436,N,True
4,285,136,1436,N,True
4,339,7,1436,N,True
4,103,7,1436,N,True
4,bot15__7,7,1436,N,True
4,304,7,1436,N,True
4,103,bot47__6,1436,N,True
4,reel3__3,bot47__6,1436,N,True
4,103,bot57__2,1436,N,True
4,325,bot57__2,1436,N,True
4,reel6__0,reel44__9,1436,N,True
4,bot61__9,reel44__9,1436,N,True
4,bot61__9,bot65__5,1436,N,True
4,339,168,1436,N,True
4,277,168,1436,N,True
4,reel30__8,168,1436,N,True
4,reel8__6,168,1436,N,True
4,304,168,1436,N,True
4,reel9__9,168,1436,N,True
4,158,168,1436,N,True
4,reel8__6,reel33__1,1436,N,True
4,52,reel33__1,1436,N,True
4,reel8__6,reel34__0,1436,N,True
4,201,reel34__0,1436,N,True
4,reel23__5,reel34__0,1436,N,True
4,bot24__5,bot63__2,1436,N,True
4,reel8__6,bot63__2,1436,N,True
4,62,reel33__2,1436,N,True
4,reel35__5,reel33__2,1436,N,True
4,bot69__1,bot43__7,1436,N,True
4,bot46__7,bot43__7,1436,N,True
4,reel35__5,bot43__7,1436,N,True
4,reel35__5,reel44__7,1436,N,True
4,reel35__5,reel69__6,1436,N,True
4,bot23__7,bot12__9,1436,N,True
4,bot23__7,bot1__6,1436,N,True
4,105,69,1436,N,True
4,bot19__9,69,1436,N,True
4,26,69,1436,N,True
4,304,69,1436,N,True
4,9,69,1436,N,True
4,25,69,1436,N,True
4,bot19__9,bot58__7,1436,N,True
4,56,63,1436,N,True
4,271,63,1436,N,True
4,342,63,1436,N,True
4,313,63,1436,N,True
4,203,223,1436,N,True
4,170,223,1436,N,True
4,62,223,1436,N,True
4,56,223,1436,N,True
4,325,223,1436,N,True
4,21,223,1436,N,True
4,26,223,1436,N,True
4,271,223,1436,N,True
4,199,223,1436,N,True
4,128,223,1436,N,True
4,342,223,1436,N,True
4,13,223,1436,N,True
4,200,223,1436,N,True
4,188,223,1436,N,True
4,252,223,1436,N,True
4,98,223,1436,N,True
4,313,223,1436,N,True
4,169,165,1436,N,True
4,72,165,1436,N,True
4,21,165,1436,N,True
4,113,165,1436,N,True
4,342,165,1436,N,True
4,200,165,1436,N,True
4,188,165,1436,N,True
4,203,265,1436,N,True
4,331,265,1436,N,True
4,56,265,1436,N,True
4,325,265,1436,N,True
4,84,265,1436,N,True
4,26,265,1436,N,True
4,40,265,1436,N,True
4,248,265,1436,N,True
4,199,265,1436,N,True
4,342,265,1436,N,True
4,271,265,1436,N,True
4,13,265,1436,N,True
4,128,265,1436,N,True
4,252,265,1436,N,True
4,98,265,1436,N,True
4,313,265,1436,N,True
4,304,bot0__7,1436,N,True
4,342,bot0__7,1436,N,True
4,83,reel48__2,1436,N,True
4,342,reel48__2,1436,N,True
4,342,bot70__2,1436,N,True
4,reel49__8,36,1436,N,True
4,reel1__5,36,1436,N,True
4,reel1__5,reel46__8,1436,N,True
4,reel12__7,reel66__2,1436,N,True
4,reel57__0,reel66__2,1436,N,True
4,reel57__0,reel70__6,1436,N,True
4,reel39__5,213,1436,N,True
4,324,213,1436,N,True
4,56,213,1436,N,True
4,224,213,1436,N,True
4,277,213,1436,N,True
4,40,213,1436,N,True
4,231,213,1436,N,True
4,128,213,1436,N,True
4,122,213,1436,N,True
4,285,213,1436,N,True
4,62,133,1436,N,True
4,1,133,1436,N,True
4,224,133,1436,N,True
4,40,133,1436,N,True
4,271,133,1436,N,True
4,26,133,1436,N,True
4,280,133,1436,N,True
4,188,133,1436,N,True
4,9,133,1436,N,True
4,141,133,1436,N,True
4,231,77,1436,N,True
4,40,77,1436,N,True
4,72,212,1436,N,True
4,56,212,1436,N,True
4,21,212,1436,N,True
4,40,212,1436,N,True
4,271,212,1436,N,True
4,199,212,1436,N,True
4,26,212,1436,N,True
4,304,212,1436,N,True
4,252,212,1436,N,True
4,169,142,1436,N,True
4,40,142,1436,N,True
4,271,142,1436,N,True
4,109,142,1436,N,True
4,188,142,1436,N,True
4,9,142,1436,N,True
4,158,142,1436,N,True
4,21,142,1436,N,True
4,277,142,1436,N,True
4,3,142,1436,N,True
4,280,142,1436,N,True
4,297,142,1436,N,True
4,203,142,1436,N,True
4,170,142,1436,N,True
4,252,142,1436,N,True
4,62,142,1436,N,True
4,56,142,1436,N,True
4,113,142,1436,N,True
4,123,142,1436,N,True
4,26,142,1436,N,True
4,200,142,1436,N,True
4,122,142,1436,N,True
4,285,142,1436,N,True
4,132,317,1436,N,True
4,40,317,1436,N,True
4,146,317,1436,N,True
4,158,317,1436,N,True
4,40,258,1436,N,True
4,98,258,1436,N,True
4,188,258,1436,N,True
4,9,258,1436,N,True
4,75,258,1436,N,True
4,141,258,1436,N,True
4,40,reel0__6,1436,N,True
4,reel22__1,reel0__6,1436,N,True
4,282,reel5__6,1436,N,True
4,40,reel5__6,1436,N,True
4,339,340,1436,N,True
4,bot10__8,340,1436,N,True
4,reel49__1,340,1436,N,True
4,324,340,1436,N,True
4,bot31__0,340,1436,N,True
4,339,31,1436,N,True
4,reel23__4,31,1436,N,True
4,21,31,1436,N,True
4,84,31,1436,N,True
4,338,31,1436,N,True
4,277,31,1436,N,True
4,109,31,1436,N,True
4,280,31,1436,N,True
4,83,31,1436,N,True
4,200,31,1436,N,True
4,304,31,1436,N,True
4,122,31,1436,N,True
4,252,31,1436,N,True
4,25,31,1436,N,True
4,339,246,1436,N,True
4,304,246,1436,N,True
4,25,246,1436,N,True
4,285,246,1436,N,True
4,339,129,1436,N,True
4,339,87,1436,N,True
4,reel20__3,87,1436,N,True
4,329,291,1436,N,True
4,169,291,1436,N,True
4,271,291,1436,N,True
4,188,291,1436,N,True
4,9,291,1436,N,True
4,158,291,1436,N,True
4,141,291,1436,N,True
4,339,291,1436,N,True
4,277,291,1436,N,True
4,199,291,1436,N,True
4,280,291,1436,N,True
4,208,291,1436,N,True
4,248,291,1436,N,True
4,252,291,1436,N,True
4,98,291,1436,N,True
4,25,291,1436,N,True
4,72,291,1436,N,True
4,56,291,1436,N,True
4,113,291,1436,N,True
4,224,291,1436,N,True
4,26,291,1436,N,True
4,231,291,1436,N,True
4,339,reel9__6,1436,N,True
4,280,reel9__6,1436,N,True
4,339,bot15__5,1436,N,True
4,271,bot15__5,1436,N,True
4,339,reel25__2,1436,N,True
4,reel60__2,reel25__2,1436,N,True
4,reel20__7,reel64__8,1436,N,True
4,bot23__1,bot13__6,1436,N,True
4,231,bot13__6,1436,N,True
4,reel6__2,bot13__6,1436,N,True
4,208,bot2__2,1436,N,True
4,208,reel27__7,1436,N,True
4,reel24__3,reel27__7,1436,N,True
4,208,bot32__7,1436,N,True
4,208,bot59__1,1436,N,True
4,208,reel65__5,1436,N,True
4,bot35__2,295,1436,N,True
4,109,295,1436,N,True
4,26,295,1436,N,True
4,reel22__3,295,1436,N,True
4,9,295,1436,N,True
4,201,259,1436,N,True
4,201,8,1436,N,True
4,201,91,1436,N,True
4,reel0__0,91,1436,N,True
4,201,bot0__9,1436,N,True
4,bot1__4,bot0__9,1436,N,True
4,201,reel4__0,1436,N,True
4,reel6__5,reel4__0,1436,N,True
4,79,reel4__0,1436,N,True
4,123,reel4__0,1436,N,True
4,reel1__4,reel7__0,1436,N,True
4,201,reel7__0,1436,N,True
4,reel1__7,reel7__0,1436,N,True
4,201,bot16__6,1436,N,True
4,201,reel18__4,1436,N,True
4,reel3__3,reel18__4,1436,N,True
4,201,bot66__6,1436,N,True
4,bot12__2,bot66__6,1436,N,True
4,201,reel70__3,1436,N,True
4,217,bot2__7,1436,N,True
4,102,reel28__0,1436,N,True
4,329,reel28__0,1436,N,True
4,217,reel28__0,1436,N,True
4,reel57__5,reel28__0,1436,N,True
4,163,reel41__6,1436,N,True
4,217,reel41__6,1436,N,True
4,217,reel69__7,1436,N,True
4,reel54__0,reel69__7,1436,N,True
4,reel5__2,bot7__5,1436,N,True
4,189,bot7__5,1436,N,True
4,reel0__3,bot7__5,1436,N,True
4,224,reel14__6,1436,N,True
4,reel37__1,reel14__6,1436,N,True
4,reel37__1,reel53__0,1436,N,True
4,reel37__1,bot55__5,1436,N,True
4,bot15__7,bot55__5,1436,N,True
4,reel14__0,135,1436,N,True
4,reel14__0,reel29__8,1436,N,True
4,1,bot6__1,1436,N,True
4,bot8__7,bot6__1,1436,N,True
4,bot8__7,bot71__0,1436,N,True
4,bot25__5,bot20__5,1436,N,True
4,reel13__7,bot20__5,1436,N,True
4,reel13__7,bot42__7,1436,N,True
4,reel22__1,bot53__1,1436,N,True
4,reel13__7,bot53__1,1436,N,True
4,reel19__8,301,1436,N,True
4,324,301,1436,N,True
4,reel19__8,bot43__1,1436,N,True
4,reel59__7,reel68__7,1436,N,True
4,reel19__8,reel68__7,1436,N,True
4,reel14__5,reel7__4,1436,N,True
4,reel14__5,reel11__0,1436,N,True
4,reel14__5,bot16__1,1436,N,True
4,171,reel36__6,1436,N,True
4,reel14__5,reel36__6,1436,N,True
4,reel14__5,bot50__6,1436,N,True
4,bot56__6,bot45__4,1436,N,True
4,bot5__7,bot45__4,1436,N,True
4,bot56__6,reel7__2,1436,N,True
4,reel9__5,reel7__2,1436,N,True
4,338,reel7__2,1436,N,True
4,171,58,1436,N,True
4,269,58,1436,N,True
4,107,58,1436,N,True
4,171,reel17__8,1436,N,True
4,86,reel12__5,1436,N,True
4,177,reel12__5,1436,N,True
4,86,reel27__8,1436,N,True
4,reel26__2,reel27__8,1436,N,True
4,reel9__5,reel27__8,1436,N,True
4,bot10__8,bot0__6,1436,N,True
4,313,bot0__6,1436,N,True
4,321,bot15__6,1436,N,True
4,bot7__8,bot15__6,1436,N,True
4,321,bot17__3,1436,N,True
4,321,bot30__7,1436,N,True
4,95,reel32__9,1436,N,True
4,321,reel32__9,1436,N,True
4,reel68__9,reel32__9,1436,N,True
4,321,bot71__5,1436,N,True
4,146,reel27__2,1436,N,True
4,bot7__0,288,1436,N,True
4,199,288,1436,N,True
4,reel34__1,288,1436,N,True
4,reel1__7,288,1436,N,True
4,25,288,1436,N,True
4,bot7__0,bot31__3,1436,N,True
4,reel23__3,bot31__3,1436,N,True
4,bot7__0,bot48__3,1436,N,True
4,bot52__7,bot48__3,1436,N,True
4,224,reel5__7,1436,N,True
4,reel35__4,reel5__7,1436,N,True
4,reel14__7,reel5__7,1436,N,True
4,reel0__3,reel5__7,1436,N,True
4,reel13__4,bot34__9,1436,N,True
4,reel0__3,bot34__9,1436,N,True
4,reel0__3,reel50__5,1436,N,True
4,reel0__3,bot69__9,1436,N,True
4,bot9__4,bot53__4,1436,N,True
4,reel32__6,reel63__6,1436,N,True
4,reel24__7,reel63__6,1436,N,True
4,reel13__4,reel11__5,1436,N,True
4,329,reel11__5,1436,N,True
4,248,reel11__5,1436,N,True
4,reel54__6,reel11__5,1436,N,True
4,bot38__3,reel17__3,1436,N,True
4,reel13__4,reel17__3,1436,N,True
4,reel13__4,reel64__7,1436,N,True
4,reel9__9,reel64__7,1436,N,True
4,280,117,1436,N,True
4,231,117,1436,N,True
4,bot29__8,117,1436,N,True
4,285,117,1436,N,True
4,231,bot1__9,1436,N,True
4,95,bot1__9,1436,N,True
4,231,bot2__8,1436,N,True
4,278,bot2__8,1436,N,True
4,231,bot20__4,1436,N,True
4,231,reel38__6,1436,N,True
4,105,reel38__6,1436,N,True
4,231,reel40__8,1436,N,True
4,188,reel40__8,1436,N,True
4,21,345,1436,N,True
4,122,345,1436,N,True
4,252,345,1436,N,True
4,285,345,1436,N,True
4,331,186,1436,N,True
4,109,186,1436,N,True
4,271,186,1436,N,True
4,188,186,1436,N,True
4,9,186,1436,N,True
4,21,186,1436,N,True
4,277,186,1436,N,True
4,199,186,1436,N,True
4,203,186,1436,N,True
4,170,186,1436,N,True
4,26,186,1436,N,True
4,bot0__4,186,1436,N,True
4,252,186,1436,N,True
4,98,186,1436,N,True
4,25,186,1436,N,True
4,62,186,1436,N,True
4,56,186,1436,N,True
4,325,186,1436,N,True
4,113,186,1436,N,True
4,123,186,1436,N,True
4,128,186,1436,N,True
4,200,186,1436,N,True
4,122,186,1436,N,True
4,reel6__2,186,1436,N,True
4,285,186,1436,N,True
4,285,164,1436,N,True
4,reel5__2,303,1436,N,True
4,56,303,1436,N,True
4,132,303,1436,N,True
4,109,303,1436,N,True
4,reel20__8,303,1436,N,True
4,122,303,1436,N,True
4,285,303,1436,N,True
4,285,bot3__3,1436,N,True
4,285,bot49__3,1436,N,True
4,reel39__7,reel37__7,1436,N,True
4,reel35__4,reel37__7,1436,N,True
4,109,reel1__1,1436,N,True
4,reel59__8,reel1__1,1436,N,True
4,reel59__8,bot60__3,1436,N,True
4,reel20__3,bot60__3,1436,N,True
4,reel35__4,bot60__3,1436,N,True
4,reel39__2,reel69__5,1436,N,True
4,reel66__8,reel50__7,1436,N,True
4,163,reel50__7,1436,N,True
4,reel66__8,reel27__5,1436,N,True
4,49,reel27__5,1436,N,True
4,205,reel27__5,1436,N,True
4,bot63__9,bot59__0,1436,N,True
4,bot46__7,bot59__9,1436,N,True
4,bot63__9,bot59__9,1436,N,True
4,273,reel14__4,1436,N,True
4,reel2__2,reel14__4,1436,N,True
4,reel16__8,reel14__4,1436,N,True
4,reel16__8,bot55__0,1436,N,True
4,reel16__8,bot67__6,1436,N,True
4,bot4__5,reel3__1,1436,N,True
4,reel22__3,reel3__1,1436,N,True
4,reel22__3,bot52__5,1436,N,True
4,219,154,1436,N,True
4,bot9__2,154,1436,N,True
4,reel23__3,154,1436,N,True
4,reel23__3,reel37__5,1436,N,True
4,reel9__1,reel37__5,1436,N,True
4,reel27__9,reel8__7,1436,N,True
4,reel6__7,reel8__7,1436,N,True
4,170,reel8__7,1436,N,True
4,bot11__7,reel8__7,1436,N,True
4,27,reel21__1,1436,N,True
4,105,reel21__1,1436,N,True
4,27,reel34__5,1436,N,True
4,273,275,1436,N,True
4,bot0__4,275,1436,N,True
4,328,275,1436,N,True
4,reel20__8,bot23__9,1436,N,True
4,324,bot23__9,1436,N,True
4,bot27__7,bot23__9,1436,N,True
4,reel20__8,bot25__6,1436,N,True
4,reel20__0,bot25__6,1436,N,True
4,143,reel41__3,1436,N,True
4,reel20__8,reel41__3,1436,N,True
4,reel22__7,reel41__3,1436,N,True
4,reel20__8,bot47__8,1436,N,True
4,reel32__6,reel4__3,1436,N,True
4,reel9__1,reel4__3,1436,N,True
4,reel46__6,reel4__3,1436,N,True
4,reel9__9,reel52__8,1436,N,True
4,reel9__1,reel52__8,1436,N,True
4,reel9__1,bot68__6,1436,N,True
4,203,134,1436,N,True
4,252,134,1436,N,True
4,56,134,1436,N,True
4,132,134,1436,N,True
4,21,134,1436,N,True
4,113,134,1436,N,True
4,277,134,1436,N,True
4,248,134,1436,N,True
4,199,134,1436,N,True
4,26,134,1436,N,True
4,304,134,1436,N,True
4,9,134,1436,N,True
4,106,88,1436,N,True
4,48,88,1436,N,True
4,56,88,1436,N,True
4,1,88,1436,N,True
4,21,88,1436,N,True
4,bot23__6,88,1436,N,True
4,25,88,1436,N,True
4,48,30,1436,N,True
4,331,30,1436,N,True
4,reel23__1,30,1436,N,True
4,329,30,1436,N,True
4,56,30,1436,N,True
4,224,30,1436,N,True
4,reel63__4,30,1436,N,True
4,271,30,1436,N,True
4,304,30,1436,N,True
4,200,30,1436,N,True
4,188,30,1436,N,True
4,9,30,1436,N,True
4,56,207,1436,N,True
4,203,341,1436,N,True
4,170,341,1436,N,True
4,62,341,1436,N,True
4,reel8__0,341,1436,N,True
4,56,341,1436,N,True
4,304,341,1436,N,True
4,188,341,1436,N,True
4,9,341,1436,N,True
4,56,bot0__2,1436,N,True
4,bot11__4,bot0__2,1436,N,True
4,56,bot46__2,1436,N,True
4,173,bot46__2,1436,N,True
4,56,reel58__0,1436,N,True
4,56,reel67__1,1436,N,True
4,123,reel67__1,1436,N,True
4,reel15__4,reel7__9,1436,N,True
4,24,reel7__9,1436,N,True
4,reel6__0,reel24__5,1436,N,True
4,reel18__6,reel24__5,1436,N,True
4,24,reel24__5,1436,N,True
4,24,reel50__1,1436,N,True
4,bot7__4,bot15__2,1436,N,True
4,123,bot15__2,1436,N,True
4,reel51__9,reel32__1,1436,N,True
4,123,reel32__1,1436,N,True
4,123,reel34__6,1436,N,True
4,123,reel48__1,1436,N,True
4,123,reel69__3,1436,N,True
4,99,bot39__0,1436,N,True
4,99,bot43__2,1436,N,True
4,99,bot57__0,1436,N,True
4,99,bot57__5,1436,N,True
4,reel54__4,bot69__5,1436,N,True
4,reel6__2,bot69__5,1436,N,True
4,reel6__5,bot20__1,1436,N,True
4,bot21__9,bot20__1,1436,N,True
4,106,bot25__0,1436,N,True
4,bot62__0,bot25__0,1436,N,True
4,bot21__9,bot25__0,1436,N,True
4,bot21__5,bot28__7,1436,N,True
4,bot21__9,bot28__7,1436,N,True
4,bot50__3,reel13__8,1436,N,True
4,reel26__2,bot45__0,1436,N,True
4,49,255,1436,N,True
4,reel56__3,255,1436,N,True
4,reel5__9,255,1436,N,True
4,49,bot4__8,1436,N,True
4,49,bot10__1,1436,N,True
4,49,reel27__3,1436,N,True
4,reel15__4,bot51__6,1436,N,True
4,49,bot51__6,1436,N,True
4,reel65__3,reel61__7,1436,N,True
4,177,reel61__7,1436,N,True
4,68,reel13__6,1436,N,True
4,reel1__0,reel13__6,1436,N,True
4,reel33__5,reel13__6,1436,N,True
4,328,reel13__6,1436,N,True
4,68,reel70__8,1436,N,True
4,bot70__5,bot44__4,1436,N,True
4,205,bot44__4,1436,N,True
4,224,bot4__6,1436,N,True
4,229,bot4__6,1436,N,True
4,229,bot36__9,1436,N,True
4,229,bot53__5,1436,N,True
4,313,bot46__4,1436,N,True
4,bot43__3,reel41__7,1436,N,True
4,bot43__3,reel24__0,1436,N,True
4,bot43__3,bot49__1,1436,N,True
4,reel1__0,bot49__1,1436,N,True
4,reel6__5,bot41__0,1436,N,True
4,bot53__0,reel50__9,1436,N,True
4,reel22__1,reel50__9,1436,N,True
4,reel6__0,reel44__2,1436,N,True
4,328,reel44__2,1436,N,True
4,reel30__6,reel44__2,1436,N,True
4,reel67__3,reel44__2,1436,N,True
4,278,bot3__0,1436,N,True
4,bot9__2,bot24__9,1436,N,True
4,278,bot24__9,1436,N,True
4,278,bot58__1,1436,N,True
4,reel19__7,reel11__8,1436,N,True
4,128,reel11__8,1436,N,True
4,128,reel19__4,1436,N,True
4,128,reel51__0,1436,N,True
4,128,bot68__2,1436,N,True
4,reel62__8,bot68__2,1436,N,True
4,200,45,1436,N,True
4,132,45,1436,N,True
4,122,45,1436,N,True
4,200,reel7__8,1436,N,True
4,200,bot8__6,1436,N,True
4,327,bot8__6,1436,N,True
4,200,bot20__7,1436,N,True
4,84,bot20__7,1436,N,True
4,reel31__3,reel42__0,1436,N,True
4,200,reel42__0,1436,N,True
4,reel9__9,reel21__3,1436,N,True
4,reel20__3,reel21__3,1436,N,True
4,reel20__3,bot31__9,1436,N,True
4,reel20__3,bot45__5,1436,N,True
4,48,73,1436,N,True
4,331,73,1436,N,True
4,1,73,1436,N,True
4,25,73,1436,N,True
4,331,bot17__7,1436,N,True
4,331,bot21__0,1436,N,True
4,331,bot31__7,1436,N,True
4,reel56__1,reel38__1,1436,N,True
4,331,reel38__1,1436,N,True
4,reel43__3,reel38__1,1436,N,True
4,234,reel38__1,1436,N,True
4,327,reel40__2,1436,N,True
4,21,reel51__7,1436,N,True
4,327,reel51__7,1436,N,True
4,170,85,1436,N,True
4,reel6__0,85,1436,N,True
4,271,85,1436,N,True
4,3,85,1436,N,True
4,reel15__4,85,1436,N,True
4,188,85,1436,N,True
4,9,85,1436,N,True
4,75,85,1436,N,True
4,reel63__9,85,1436,N,True
4,188,156,1436,N,True
4,122,156,1436,N,True
4,9,156,1436,N,True
4,52,bot1__1,1436,N,True
4,188,bot1__1,1436,N,True
4,188,bot17__5,1436,N,True
4,1,bot17__5,1436,N,True
4,188,reel41__2,1436,N,True
4,reel5__2,reel41__2,1436,N,True
4,188,bot49__8,1436,N,True
4,bot12__2,bot49__8,1436,N,True
4,122,reel44__3,1436,N,True
4,reel54__4,reel44__3,1436,N,True
4,182,reel44__3,1436,N,True
4,reel54__4,bot68__0,1436,N,True
4,reel39__5,bot49__7,1436,N,True
4,reel6__0,76,1436,N,True
4,25,76,1436,N,True
4,reel6__0,reel30__4,1436,N,True
4,bot71__3,bot58__6,1436,N,True
4,143,bot38__5,1436,N,True
4,bot50__7,bot38__5,1436,N,True
4,bot64__4,reel40__1,1436,N,True
4,reel54__3,reel40__1,1436,N,True
4,reel23__4,reel40__1,1436,N,True
4,reel54__3,193,1436,N,True
4,203,308,1436,N,True
4,329,308,1436,N,True
4,21,308,1436,N,True
4,338,308,1436,N,True
4,277,308,1436,N,True
4,26,308,1436,N,True
4,304,308,1436,N,True
4,252,308,1436,N,True
4,338,bot63__1,1436,N,True
4,338,bot70__7,1436,N,True
4,bot26__3,bot39__7,1436,N,True
4,bot21__5,bot39__7,1436,N,True
4,reel30__8,256,1436,N,True
4,bot11__7,256,1436,N,True
4,bot4__2,bot0__8,1436,N,True
4,bot4__2,bot27__4,1436,N,True
4,277,bot27__4,1436,N,True
4,277,reel9__2,1436,N,True
4,reel10__3,reel9__2,1436,N,True
4,bot69__1,reel38__8,1436,N,True
4,325,reel38__8,1436,N,True
4,325,bot51__8,1436,N,True
4,325,reel52__9,1436,N,True
4,325,bot53__6,1436,N,True
4,325,bot60__6,1436,N,True
4,reel10__4,191,1436,N,True
4,reel10__4,bot61__5,1436,N,True
4,bot27__7,bot61__1,1436,N,True
4,bot52__1,reel11__6,1436,N,True
4,reel9__8,reel11__6,1436,N,True
4,reel3__6,reel11__6,1436,N,True
4,reel29__1,reel40__0,1436,N,True
4,reel3__6,reel40__0,1436,N,True
4,9,reel65__1,1436,N,True
4,reel3__6,reel65__1,1436,N,True
4,bot7__8,bot43__8,1436,N,True
4,reel33__6,233,1436,N,True
4,reel33__6,bot56__7,1436,N,True
4,79,reel11__1,1436,N,True
4,reel42__2,reel11__1,1436,N,True
4,reel27__0,reel11__1,1436,N,True
4,1,reel11__1,1436,N,True
4,277,bot9__7,1436,N,True
4,163,bot9__7,1436,N,True
4,163,reel23__8,1436,N,True
4,163,reel32__2,1436,N,True
4,reel13__1,reel64__0,1436,N,True
4,163,reel64__0,1436,N,True
4,48,reel43__4,1436,N,True
4,reel15__4,reel43__4,1436,N,True
4,269,81,1436,N,True
4,reel10__8,81,1436,N,True
4,269,reel17__5,1436,N,True
4,reel2__2,reel17__5,1436,N,True
4,reel12__4,reel52__4,1436,N,True
4,bot1__2,bot12__1,1436,N,True
4,bot1__2,bot16__5,1436,N,True
4,bot1__2,bot71__6,1436,N,True
4,224,bot9__9,1436,N,True
4,bot15__7,bot9__9,1436,N,True
4,13,bot29__1,1436,N,True
4,bot15__7,bot29__1,1436,N,True
4,reel30__3,reel39__4,1436,N,True
4,141,reel39__4,1436,N,True
4,48,320,1436,N,True
4,329,320,1436,N,True
4,48,130,1436,N,True
4,329,130,1436,N,True
4,62,130,1436,N,True
4,277,130,1436,N,True
4,25,130,1436,N,True
4,48,330,1436,N,True
4,48,reel6__6,1436,N,True
4,122,reel6__6,1436,N,True
4,48,bot16__9,1436,N,True
4,271,bot16__9,1436,N,True
4,48,bot68__5,1436,N,True
4,reel29__1,reel67__5,1436,N,True
4,reel1__4,250,1436,N,True
4,252,250,1436,N,True
4,reel51__9,250,1436,N,True
4,170,250,1436,N,True
4,170,bot1__3,1436,N,True
4,169,reel3__7,1436,N,True
4,170,reel3__7,1436,N,True
4,170,bot11__3,1436,N,True
4,170,bot14__9,1436,N,True
4,bot9__2,bot22__4,1436,N,True
4,170,bot22__4,1436,N,True
4,170,bot51__2,1436,N,True
4,170,reel56__5,1436,N,True
4,194,bot70__0,1436,N,True
4,170,bot70__0,1436,N,True
4,reel27__0,reel34__4,1436,N,True
4,reel27__0,reel61__3,1436,N,True
4,reel27__0,reel68__8,1436,N,True
4,bot0__3,bot69__4,1436,N,True
4,bot39__4,reel5__1,1436,N,True
4,271,reel5__1,1436,N,True
4,bot39__4,bot54__1,1436,N,True
4,25,336,1436,N,True
4,83,51,1436,N,True
4,84,51,1436,N,True
4,25,51,1436,N,True
4,reel3__3,283,1436,N,True
4,3,283,1436,N,True
4,bot4__5,283,1436,N,True
4,reel47__9,283,1436,N,True
4,25,283,1436,N,True
4,203,270,1436,N,True
4,bot31__1,270,1436,N,True
4,reel5__2,270,1436,N,True
4,25,270,1436,N,True
4,224,reel26__7,1436,N,True
4,25,reel26__7,1436,N,True
4,25,reel56__9,1436,N,True
4,reel15__5,reel39__1,1436,N,True
4,reel44__5,reel39__1,1436,N,True
4,reel44__5,bot52__4,1436,N,True
4,reel44__5,reel61__1,1436,N,True
4,reel44__5,reel66__3,1436,N,True
4,bot37__9,bot62__8,1436,N,True
4,reel31__1,reel51__5,1436,N,True
4,reel31__1,reel59__9,1436,N,True
4,3,reel59__9,1436,N,True
4,reel9__4,reel66__5,1436,N,True
4,280,reel66__5,1436,N,True
4,reel23__4,bot26__9,1436,N,True
4,bot9__2,bot26__9,1436,N,True
4,reel23__4,bot28__9,1436,N,True
4,reel23__4,reel43__7,1436,N,True
4,reel23__4,bot44__8,1436,N,True
4,reel23__4,bot70__8,1436,N,True
4,122,bot70__8,1436,N,True
4,bot64__1,bot70__8,1436,N,True
4,reel24__3,251,1436,N,True
4,122,251,1436,N,True
4,21,251,1436,N,True
4,reel24__3,reel43__5,1436,N,True
4,reel24__3,bot51__7,1436,N,True
4,reel20__5,bot51__7,1436,N,True
4,reel24__3,reel57__1,1436,N,True
4,9,reel1__8,1436,N,True
4,bot19__6,reel1__8,1436,N,True
4,bot19__6,bot34__0,1436,N,True
4,reel56__1,reel8__4,1436,N,True
4,bot19__8,bot29__7,1436,N,True
4,bot28__1,reel6__3,1436,N,True
4,102,reel37__6,1436,N,True
4,102,bot40__2,1436,N,True
4,329,184,1436,N,True
4,reel23__1,184,1436,N,True
4,21,184,1436,N,True
4,reel23__1,bot29__9,1436,N,True
4,234,reel52__1,1436,N,True
4,reel23__1,reel52__1,1436,N,True
4,reel18__0,reel22__0,1436,N,True
4,reel47__7,reel69__1,1436,N,True
4,reel32__6,reel70__7,1436,N,True
4,bot28__3,179,1436,N,True
4,bot1__4,179,1436,N,True
4,bot38__6,bot5__5,1436,N,True
4,bot37__1,bot5__5,1436,N,True
4,271,bot5__5,1436,N,True
4,bot1__4,bot5__5,1436,N,True
4,reel5__2,bot6__7,1436,N,True
4,bot1__4,bot6__7,1436,N,True
4,bot1__4,bot69__8,1436,N,True
4,reel20__0,reel24__9,1436,N,True
4,reel20__0,bot47__7,1436,N,True
4,bot7__4,bot33__0,1436,N,True
4,reel20__5,bot33__0,1436,N,True
4,bot7__4,bot41__6,1436,N,True
4,9,bot3__1,1436,N,True
4,bot12__2,bot3__1,1436,N,True
4,105,bot39__9,1436,N,True
4,182,bot39__9,1436,N,True
4,bot12__2,bot39__9,1436,N,True
4,reel30__5,reel11__7,1436,N,True
4,reel60__5,reel11__7,1436,N,True
4,reel16__9,reel25__4,1436,N,True
4,reel16__9,bot43__5,1436,N,True
4,9,bot43__5,1436,N,True
4,bot23__6,bot41__4,1436,N,True
4,bot23__6,bot44__0,1436,N,True
4,280,reel28__7,1436,N,True
4,reel41__5,reel28__7,1436,N,True
4,328,reel28__7,1436,N,True
4,reel41__5,reel60__0,1436,N,True
4,reel8__0,reel0__1,1436,N,True
4,reel50__0,reel0__1,1436,N,True
4,reel20__2,reel0__1,1436,N,True
4,98,reel0__1,1436,N,True
4,98,bot4__4,1436,N,True
4,98,reel31__0,1436,N,True
4,98,bot62__4,1436,N,True
4,bot3__6,110,1436,N,True
4,bot31__0,bot26__1,1436,N,True
4,329,bot4__0,1436,N,True
4,329,bot24__2,1436,N,True
4,reel10__8,bot16__2,1436,N,True
4,reel10__8,reel18__9,1436,N,True
4,reel1__7,reel18__9,1436,N,True
4,reel10__8,bot22__0,1436,N,True
4,reel10__8,reel23__9,1436,N,True
4,reel10__8,reel62__2,1436,N,True
4,277,reel19__0,1436,N,True
4,reel36__7,reel19__0,1436,N,True
4,234,bot10__5,1436,N,True
4,271,bot10__5,1436,N,True
4,bot11__0,bot10__5,1436,N,True
4,bot11__0,bot42__0,1436,N,True
4,199,bot1__8,1436,N,True
4,bot24__8,bot13__2,1436,N,True
4,203,reel4__6,1436,N,True
4,203,reel26__4,1436,N,True
4,203,bot36__0,1436,N,True
4,263,reel54__9,1436,N,True
4,263,bot58__8,1436,N,True
4,263,bot71__4,1436,N,True
4,79,bot71__4,1436,N,True
4,177,reel21__4,1436,N,True
4,177,reel24__1,1436,N,True
4,reel23__5,reel24__1,1436,N,True
4,177,bot48__2,1436,N,True
4,224,96,1436,N,True
4,62,96,1436,N,True
4,62,reel52__3,1436,N,True
4,62,bot63__7,1436,N,True
4,62,reel69__9,1436,N,True
4,bot64__5,reel61__2,1436,N,True
4,bot64__5,reel36__3,1436,N,True
4,120,reel6__8,1436,N,True
4,reel47__9,reel54__2,1436,N,True
4,reel47__9,reel63__0,1436,N,True
4,reel20__2,reel33__0,1436,N,True
4,reel20__2,reel37__8,1436,N,True
4,reel15__5,reel37__8,1436,N,True
4,reel20__2,bot51__1,1436,N,True
4,reel20__2,reel63__8,1436,N,True
4,reel20__2,bot65__9,1436,N,True
4,271,bot65__9,1436,N,True
4,bot31__2,bot14__5,1436,N,True
4,bot31__2,bot6__0,1436,N,True
4,reel43__6,159,1436,N,True
4,21,159,1436,N,True
4,277,159,1436,N,True
4,84,bot5__3,1436,N,True
4,84,reel19__1,1436,N,True
4,reel3__3,reel19__1,1436,N,True
4,bot25__8,bot24__4,1436,N,True
4,219,bot24__4,1436,N,True
4,271,bot24__4,1436,N,True
4,182,bot24__4,1436,N,True
4,bot25__8,bot12__8,1436,N,True
4,bot60__2,bot27__3,1436,N,True
4,83,reel58__2,1436,N,True
4,bot9__2,228,1436,N,True
4,3,228,1436,N,True
4,bot9__2,bot15__9,1436,N,True
4,bot11__8,bot15__9,1436,N,True
4,bot9__2,bot36__4,1436,N,True
4,bot11__8,139,1436,N,True
4,reel59__7,reel55__2,1436,N,True
4,273,218,1436,N,True
4,328,218,1436,N,True
4,273,4,1436,N,True
4,328,4,1436,N,True
4,273,78,1436,N,True
4,328,78,1436,N,True
4,273,181,1436,N,True
4,328,181,1436,N,True
4,273,195,1436,N,True
4,reel5__2,195,1436,N,True
4,328,195,1436,N,True
4,328,reel7__7,1436,N,True
4,328,reel25__1,1436,N,True
4,225,bot71__7,1436,N,True
4,bot48__0,bot71__7,1436,N,True
4,205,bot45__8,1436,N,True
4,248,bot45__8,1436,N,True
4,bot46__6,reel36__4,1436,N,True
4,bot46__6,bot51__3,1436,N,True
4,64,reel6__9,1436,N,True
4,reel49__8,reel6__9,1436,N,True
4,reel9__5,reel6__9,1436,N,True
4,252,reel6__9,1436,N,True
4,64,bot39__1,1436,N,True
4,225,bot10__4,1436,N,True
4,304,reel24__4,1436,N,True
4,225,reel24__4,1436,N,True
4,reel19__5,reel31__6,1436,N,True
4,225,reel31__6,1436,N,True
4,bot54__0,reel31__6,1436,N,True
4,reel5__2,bot35__4,1436,N,True
4,225,bot35__4,1436,N,True
4,225,reel61__0,1436,N,True
4,bot3__7,bot53__3,1436,N,True
4,169,bot0__5,1436,N,True
4,169,reel8__5,1436,N,True
4,169,bot32__6,1436,N,True
4,reel14__8,reel30__2,1436,N,True
4,reel14__8,bot35__9,1436,N,True
4,reel14__8,reel59__2,1436,N,True
4,277,reel48__0,1436,N,True
4,reel35__4,reel48__0,1436,N,True
4,reel35__4,reel57__8,1436,N,True
4,reel35__4,reel64__6,1436,N,True
4,reel67__3,157,1436,N,True
4,271,reel11__3,1436,N,True
4,271,reel46__0,1436,N,True
4,105,reel46__0,1436,N,True
4,bot52__7,reel46__0,1436,N,True
4,reel14__7,reel64__4,1436,N,True
4,bot35__7,reel29__3,1436,N,True
4,reel21__0,reel29__3,1436,N,True
4,reel20__5,reel29__3,1436,N,True
4,reel53__5,reel46__7,1436,N,True
4,reel2__2,reel7__3,1436,N,True
4,reel2__2,bot63__4,1436,N,True
4,reel66__9,155,1436,N,True
4,bot50__9,bot56__5,1436,N,True
4,3,bot17__9,1436,N,True
4,3,bot37__7,1436,N,True
4,182,bot21__7,1436,N,True
4,182,reel60__8,1436,N,True
4,reel21__5,bot34__4,1436,N,True
4,reel21__5,reel69__4,1436,N,True
4,75,reel69__4,1436,N,True
4,bot22__8,bot37__2,1436,N,True
4,bot22__8,bot60__8,1436,N,True
4,194,bot60__8,1436,N,True
4,316,reel2__8,1436,N,True
4,reel0__8,reel4__7,1436,N,True
4,324,bot10__3,1436,N,True
4,324,reel20__6,1436,N,True
4,324,bot33__2,1436,N,True
4,324,reel55__9,1436,N,True
4,75,reel55__9,1436,N,True
4,1,reel2__3,1436,N,True
4,bot61__8,reel2__3,1436,N,True
4,273,reel58__4,1436,N,True
4,113,reel58__4,1436,N,True
4,reel33__5,reel43__2,1436,N,True
4,reel33__5,reel49__2,1436,N,True
4,reel33__5,reel53__3,1436,N,True
4,13,bot10__7,1436,N,True
4,13,reel15__1,1436,N,True
4,13,bot17__6,1436,N,True
4,13,reel23__7,1436,N,True
4,95,reel46__5,1436,N,True
4,13,reel46__5,1436,N,True
4,252,reel46__5,1436,N,True
4,107,reel59__3,1436,N,True
4,107,bot60__1,1436,N,True
4,122,281,1436,N,True
4,21,281,1436,N,True
4,122,reel13__0,1436,N,True
4,95,reel29__9,1436,N,True
4,122,reel29__9,1436,N,True
4,122,bot66__0,1436,N,True
4,reel13__1,bot20__2,1436,N,True
4,reel9__9,bot20__2,1436,N,True
4,reel13__1,reel58__7,1436,N,True
4,reel13__1,bot67__1,1436,N,True
4,bot11__4,bot67__1,1436,N,True
4,reel20__5,reel4__9,1436,N,True
4,9,reel4__9,1436,N,True
4,bot8__3,bot36__8,1436,N,True
4,219,bot17__4,1436,N,True
4,bot11__4,bot17__4,1436,N,True
4,reel5__2,bot26__2,1436,N,True
4,reel6__7,206,1436,N,True
4,reel54__0,reel55__1,1436,N,True
4,143,35,1436,N,True
4,bot62__0,reel50__2,1436,N,True
4,reel9__9,bot14__0,1436,N,True
4,29,bot14__0,1436,N,True
4,reel9__9,bot42__5,1436,N,True
4,75,bot2__9,1436,N,True
4,75,bot3__8,1436,N,True
4,75,bot54__2,1436,N,True
4,75,reel70__2,1436,N,True
4,219,reel15__7,1436,N,True
4,252,reel15__7,1436,N,True
4,252,bot69__0,1436,N,True
4,bot32__0,bot23__3,1436,N,True
4,reel15__5,bot56__8,1436,N,True
4,bot18__2,bot15__8,1436,N,True
4,reel1__7,reel17__1,1436,N,True
4,reel67__0,reel55__4,1436,N,True
4,reel67__0,reel35__1,1436,N,True
4,reel30__5,reel35__1,1436,N,True
4,reel3__3,reel48__9,1436,N,True
4,reel22__1,bot41__1,1436,N,True
4,95,reel25__9,1436,N,True
4,304,reel12__6,1436,N,True
4,bot64__4,bot60__4,1436,N,True
4,280,153,1436,N,True
4,280,bot8__0,1436,N,True
4,106,bot8__0,1436,N,True
4,reel50__0,reel21__7,1436,N,True
4,bot28__3,reel21__7,1436,N,True
4,72,bot46__9,1436,N,True
4,219,bot50__2,1436,N,True
4,29,bot11__2,1436,N,True
4,bot0__0,bot55__7,1436,N,True
4,29,bot55__7,1436,N,True
4,79,reel12__1,1436,N,True
4,21,bot9__3,1436,N,True
4,reel30__8,reel60__3,1436,N,True
4,reel30__8,bot63__3,1436,N,True
4,reel22__8,reel46__3,1436,N,True
4,bot25__5,bot60__9,1436,N,True
4,277,bot60__9,1436,N,True
4,bot25__5,bot62__5,1436,N,True
4,125,bot28__6,1436,N,True
4,reel20__9,bot28__4,1436,N,True
4,reel20__9,reel42__3,1436,N,True
4,reel20__9,reel44__4,1436,N,True
4,reel20__9,bot53__9,1436,N,True
4,reel20__9,bot59__6,1436,N,True
4,194,bot13__4,1436,N,True
4,194,bot34__6,1436,N,True
4,194,reel48__4,1436,N,True
4,reel19__7,reel3__4,1436,N,True
4,205,reel3__4,1436,N,True
4,205,bot59__2,1436,N,True
4,reel5__9,bot31__5,1436,N,True
4,reel5__9,reel45__5,1436,N,True
4,109,reel25__7,1436,N,True
4,106,reel37__9,1436,N,True
4,109,reel37__9,1436,N,True
4,reel8__3,reel49__5,1436,N,True
4,109,reel49__5,1436,N,True
4,109,reel49__7,1436,N,True
4,234,bot36__7,1436,N,True
4,234,bot44__5,1436,N,True
4,bot0__0,47,1436,N,True
4,52,bot58__9,1436,N,True
4,bot40__9,reel30__0,1436,N,True
4,277,294,1436,N,True
4,277,reel3__5,1436,N,True
4,277,bot6__4,1436,N,True
4,277,reel34__8,1436,N,True
4,reel19__5,bot30__1,1436,N,True
4,273,bot30__1,1436,N,True
4,reel26__5,bot30__1,1436,N,True
4,reel26__5,bot52__6,1436,N,True
4,106,bot7__1,1436,N,True
4,106,bot7__6,1436,N,True
4,106,reel67__9,1436,N,True
4,224,bot35__0,1436,N,True
4,224,reel64__9,1436,N,True
4,reel0__0,bot28__5,1436,N,True
4,reel0__0,reel38__3,1436,N,True
4,reel0__0,bot56__3,1436,N,True
4,26,reel39__3,1436,N,True
4,reel28__3,bot48__4,1436,N,True
4,bot5__7,bot48__8,1436,N,True
4,141,bot3__2,1436,N,True
4,141,bot5__4,1436,N,True
4,141,reel48__7,1436,N,True
4,reel19__5,reel7__6,1436,N,True
4,reel19__5,reel46__2,1436,N,True
4,reel19__5,reel56__4,1436,N,True
4,bot31__1,bot29__2,1436,N,True
4,bot64__1,bot56__2,1436,N,True
4,reel30__5,bot43__9,1436,N,True
4,reel30__5,reel52__2,1436,N,True
4,reel30__5,bot55__1,1436,N,True
4,reel9__5,reel15__2,1436,N,True
4,reel9__5,reel34__9,1436,N,True
4,reel9__5,bot64__8,1436,N,True
4,reel19__7,bot31__6,1436,N,True
4,reel8__3,bot35__8,1436,N,True
4,173,bot33__3,1436,N,True
4,273,bot23__8,1436,N,True
4,273,reel33__8,1436,N,True
4,reel37__7,reel61__3,1437,N,True
4,reel46__2,reel19__5,1437,N,True
4,reel7__6,reel19__5,1437,N,True
4,bot30__1,reel19__5,1437,N,True
4,reel31__6,reel19__5,1437,N,True
4,reel43__8,bot47__2,1437,N,True
4,bot23__9,bot47__2,1437,N,True
4,reel7__5,reel24__8,1437,N,True
4,reel34__1,reel24__8,1437,N,True
4,reel7__5,bot36__3,1437,N,True
4,bot44__6,bot36__3,1437,N,True
4,reel41__0,reel7__4,1437,N,True
4,reel41__0,reel25__1,1437,N,True
4,bot25__9,bot1__4,1437,N,True
4,bot69__8,bot1__4,1437,N,True
4,bot0__9,bot1__4,1437,N,True
4,bot25__9,bot64__4,1437,N,True
4,reel17__6,bot66__0,1437,N,True
4,bot56__1,bot66__0,1437,N,True
4,bot67__2,bot43__8,1437,N,True
4,reel7__2,bot43__8,1437,N,True
4,bot15__0,bot27__7,1437,N,True
4,bot23__9,bot27__7,1437,N,True
4,bot58__8,bot17__0,1437,N,True
4,bot9__6,bot17__0,1437,N,True
4,reel5__5,bot17__0,1437,N,True
4,reel47__6,reel55__2,1437,N,True
4,reel27__6,reel17__1,1437,N,True
4,reel13__6,reel17__1,1437,N,True
4,bot12__0,bot13__0,1437,N,True
4,bot16__5,bot13__0,1437,N,True
4,reel17__6,reel21__4,1437,N,True
4,reel36__9,reel21__4,1437,N,True
4,reel36__9,bot51__9,1437,N,True
4,reel39__6,bot51__9,1437,N,True
4,bot14__7,bot63__6,1437,N,True
4,reel51__2,bot63__6,1437,N,True
4,bot20__3,bot13__3,1437,N,True
4,reel3__0,bot13__3,1437,N,True
4,reel3__0,reel29__2,1437,N,True
4,bot68__4,reel29__2,1437,N,True
4,reel65__2,bot69__3,1437,N,True
4,bot5__6,bot69__3,1437,N,True
4,bot35__9,bot69__3,1437,N,True
4,bot20__3,bot24__9,1437,N,True
4,reel57__0,reel66__2,1437,N,True
4,reel21__9,reel66__2,1437,N,True
4,bot25__0,bot62__0,1437,N,True
4,reel9__0,bot71__9,1437,N,True
4,bot34__5,bot71__9,1437,N,True
4,bot68__1,bot71__9,1437,N,True
4,bot5__2,bot44__7,1437,N,True
4,bot23__2,bot44__7,1437,N,True
4,reel55__5,reel21__2,1437,N,True
4,reel45__4,reel21__2,1437,N,True
4,reel25__2,reel21__2,1437,N,True
4,bot53__9,reel21__2,1437,N,True
4,reel42__1,reel60__9,1437,N,True
4,reel12__9,reel15__2,1437,N,True
4,bot24__6,reel15__2,1437,N,True
4,reel67__9,reel15__2,1437,N,True
4,bot20__1,reel15__2,1437,N,True
4,bot15__5,bot18__7,1437,N,True
4,reel13__8,bot18__7,1437,N,True
4,reel6__1,bot18__7,1437,N,True
4,reel22__2,reel31__3,1437,N,True
4,reel22__2,bot54__0,1437,N,True
4,reel31__6,bot54__0,1437,N,True
4,reel22__2,bot71__1,1437,N,True
4,reel62__9,bot71__1,1437,N,True
4,reel36__4,reel50__5,1437,N,True
4,reel57__4,reel39__8,1437,N,True
4,reel8__2,bot34__8,1437,N,True
4,bot30__5,bot34__8,1437,N,True
4,bot57__0,bot63__4,1437,N,True
4,bot34__7,bot63__4,1437,N,True
4,reel15__8,reel59__2,1437,N,True
4,reel19__8,reel68__7,1437,N,True
4,reel58__3,reel68__7,1437,N,True
4,reel1__4,bot11__0,1437,N,True
4,bot10__5,bot11__0,1437,N,True
4,reel4__4,bot11__0,1437,N,True
4,reel5__2,bot26__2,1437,N,True
4,bot18__4,bot26__2,1437,N,True
4,bot10__8,bot22__5,1437,N,True
4,reel10__5,bot22__5,1437,N,True
4,reel1__9,reel60__2,1437,N,True
4,reel25__2,reel60__2,1437,N,True
4,bot67__8,reel60__2,1437,N,True
4,reel52__7,reel63__3,1437,N,True
4,bot11__7,bot52__8,1437,N,True
4,reel32__4,bot52__8,1437,N,True
4,bot59__7,bot37__5,1437,N,True
4,bot30__6,bot37__5,1437,N,True
4,bot59__7,bot66__3,1437,N,True
4,reel58__3,bot66__3,1437,N,True
4,reel13__4,bot34__9,1437,N,True
4,bot40__8,bot44__1,1437,N,True
4,reel38__5,bot41__6,1437,N,True
4,bot55__1,bot41__6,1437,N,True
4,reel28__8,bot41__6,1437,N,True
4,bot7__4,bot41__6,1437,N,True
4,reel6__0,reel44__2,1437,N,True
4,bot49__4,reel44__2,1437,N,True
4,reel67__3,reel44__2,1437,N,True
4,bot49__4,reel45__5,1437,N,True
4,reel5__9,reel45__5,1437,N,True
4,reel26__1,reel14__8,1437,N,True
4,bot35__9,reel14__8,1437,N,True
4,reel30__2,reel14__8,1437,N,True
4,bot36__5,reel13__3,1437,N,True
4,bot36__5,bot45__9,1437,N,True
4,reel70__1,reel63__1,1437,N,True
4,reel31__2,reel63__1,1437,N,True
4,reel23__3,bot31__3,1437,N,True
4,bot43__0,bot31__3,1437,N,True
4,reel23__3,bot42__2,1437,N,True
4,reel23__3,bot52__9,1437,N,True
4,reel43__9,bot52__9,1437,N,True
4,reel10__8,reel18__9,1437,N,True
4,reel11__0,reel18__9,1437,N,True
4,reel15__5,reel39__1,1437,N,True
4,reel11__0,reel39__1,1437,N,True
4,reel44__5,reel39__1,1437,N,True
4,reel11__0,bot63__5,1437,N,True
4,bot54__9,bot19__1,1437,N,True
4,bot8__0,bot19__1,1437,N,True
4,bot41__3,bot19__1,1437,N,True
4,bot48__3,bot19__1,1437,N,True
4,reel28__0,reel40__1,1437,N,True
4,reel23__4,reel40__1,1437,N,True
4,reel47__0,reel40__1,1437,N,True
4,reel21__9,reel40__1,1437,N,True
4,bot48__8,reel24__0,1437,N,True
4,bot68__7,reel24__0,1437,N,True
4,bot48__8,bot55__9,1437,N,True
4,reel28__8,bot55__9,1437,N,True
4,bot1__7,bot27__5,1437,N,True
4,bot13__8,bot27__5,1437,N,True
4,reel49__4,reel30__6,1437,N,True
4,reel12__8,reel30__6,1437,N,True
4,reel6__7,reel30__6,1437,N,True
4,reel31__2,reel30__6,1437,N,True
4,reel20__3,reel30__6,1437,N,True
4,reel37__0,reel43__2,1437,N,True
4,reel29__4,reel43__2,1437,N,True
4,reel37__0,bot49__0,1437,N,True
4,bot34__0,bot49__0,1437,N,True
4,reel38__0,reel33__9,1437,N,True
4,reel38__0,bot50__1,1437,N,True
4,bot58__6,bot71__3,1437,N,True
4,bot34__3,bot67__9,1437,N,True
4,bot45__4,bot67__9,1437,N,True
4,bot60__1,bot67__9,1437,N,True
4,reel65__3,reel61__7,1437,N,True
4,reel33__0,bot48__1,1437,N,True
4,bot13__5,bot48__1,1437,N,True
4,reel29__7,bot40__9,1437,N,True
4,reel32__7,bot40__9,1437,N,True
4,bot55__6,bot65__8,1437,N,True
4,bot14__0,reel6__3,1437,N,True
4,bot58__0,bot42__8,1437,N,True
4,bot14__0,bot42__8,1437,N,True
4,bot64__7,bot57__9,1437,N,True
4,bot56__7,bot57__9,1437,N,True
4,reel69__1,reel53__3,1437,N,True
4,reel29__7,reel47__7,1437,N,True
4,reel69__1,reel47__7,1437,N,True
4,reel38__4,reel44__1,1437,N,True
4,reel11__3,reel44__1,1437,N,True
4,reel11__3,bot26__5,1437,N,True
4,bot7__1,bot26__5,1437,N,True
4,bot52__3,bot62__3,1437,N,True
4,reel61__9,reel63__2,1437,N,True
4,bot24__5,bot63__2,1437,N,True
4,bot68__5,bot63__2,1437,N,True
4,bot53__0,reel50__9,1437,N,True
4,reel22__1,reel50__9,1437,N,True
4,bot17__4,bot45__5,1437,N,True
4,reel11__3,bot45__5,1437,N,True
4,reel20__3,bot45__5,1437,N,True
4,reel54__2,reel55__1,1437,N,True
4,reel54__0,reel55__1,1437,N,True
4,reel5__1,bot70__9,1437,N,True
4,reel29__1,reel67__5,1437,N,True
4,reel58__3,reel67__5,1437,N,True
4,bot58__0,bot29__9,1437,N,True
4,bot26__1,bot29__9,1437,N,True
4,reel61__6,reel64__2,1437,N,True
4,reel54__9,reel64__2,1437,N,True
4,reel65__4,reel64__2,1437,N,True
4,bot67__3,bot49__7,1437,N,True
4,reel39__5,bot49__7,1437,N,True
4,bot6__5,bot49__7,1437,N,True
4,reel8__4,bot30__0,1437,N,True
4,reel8__4,reel41__1,1437,N,True
4,reel46__1,reel41__1,1437,N,True
4,reel53__7,reel41__1,1437,N,True
4,bot29__4,bot7__2,1437,N,True
4,reel4__5,bot7__2,1437,N,True
4,bot24__5,bot7__8,1437,N,True
4,bot15__6,bot7__8,1437,N,True
4,reel4__5,bot7__8,1437,N,True
4,reel24__4,bot54__5,1437,N,True
4,reel4__5,bot54__5,1437,N,True
4,reel56__2,bot70__3,1437,N,True
4,bot69__5,reel54__4,1437,N,True
4,bot68__0,reel54__4,1437,N,True
4,bot42__6,bot10__3,1437,N,True
4,bot11__2,bot10__3,1437,N,True
4,reel4__7,bot10__3,1437,N,True
4,bot2__6,bot50__7,1437,N,True
4,bot38__5,bot50__7,1437,N,True
4,bot28__9,bot54__3,1437,N,True
4,bot38__5,bot54__3,1437,N,True
4,reel4__4,reel53__5,1437,N,True
4,bot15__7,bot55__5,1437,N,True
4,reel55__4,reel50__3,1437,N,True
4,reel53__7,reel50__3,1437,N,True
4,reel10__5,reel50__3,1437,N,True
4,bot14__5,bot15__9,1437,N,True
4,bot11__8,bot15__9,1437,N,True
4,bot14__5,bot50__5,1437,N,True
4,bot14__5,bot66__5,1437,N,True
4,bot36__2,bot66__5,1437,N,True
4,bot15__5,bot66__2,1437,N,True
4,reel48__4,bot66__2,1437,N,True
4,reel17__6,bot31__6,1437,N,True
4,bot58__7,bot19__9,1437,N,True
4,reel44__5,bot52__4,1437,N,True
4,reel23__4,reel43__7,1437,N,True
4,bot62__1,reel43__7,1437,N,True
4,reel24__3,bot51__7,1437,N,True
4,reel5__5,bot51__7,1437,N,True
4,reel17__8,reel46__4,1437,N,True
4,reel32__0,reel46__4,1437,N,True
4,reel17__8,bot61__1,1437,N,True
4,bot7__4,bot5__8,1437,N,True
4,bot7__4,bot33__0,1437,N,True
4,reel50__8,reel64__6,1437,N,True
4,reel35__4,reel64__6,1437,N,True
4,bot36__1,bot40__1,1437,N,True
4,reel33__4,bot67__5,1437,N,True
4,bot36__7,bot67__5,1437,N,True
4,bot15__8,bot18__2,1437,N,True
4,bot15__0,bot37__9,1437,N,True
4,bot30__2,bot37__9,1437,N,True
4,bot15__0,bot47__1,1437,N,True
4,reel10__8,reel22__8,1437,N,True
4,bot16__1,bot48__6,1437,N,True
4,reel10__8,bot48__6,1437,N,True
4,bot4__8,bot41__4,1437,N,True
4,bot13__1,bot41__4,1437,N,True
4,reel61__4,bot64__2,1437,N,True
4,reel46__1,bot64__2,1437,N,True
4,reel20__6,bot44__0,1437,N,True
4,bot14__6,bot45__0,1437,N,True
4,reel32__0,bot45__0,1437,N,True
4,reel32__0,bot63__0,1437,N,True
4,reel24__4,bot63__0,1437,N,True
4,bot2__6,bot41__5,1437,N,True
4,bot13__6,bot23__1,1437,N,True
4,bot34__7,bot23__1,1437,N,True
4,bot14__4,bot30__4,1437,N,True
4,reel4__7,bot30__4,1437,N,True
4,reel57__2,reel59__5,1437,N,True
4,reel4__7,reel59__5,1437,N,True
4,bot34__3,bot61__6,1437,N,True
4,bot29__3,reel8__6,1437,N,True
4,reel5__5,reel8__6,1437,N,True
4,reel34__0,reel8__6,1437,N,True
4,reel20__9,reel42__3,1437,N,True
4,reel24__4,reel42__3,1437,N,True
4,reel36__3,reel42__3,1437,N,True
4,reel68__1,reel42__3,1437,N,True
4,reel17__3,bot38__3,1437,N,True
4,bot4__7,bot13__4,1437,N,True
4,reel42__9,bot59__8,1437,N,True
4,reel57__2,reel60__7,1437,N,True
4,reel23__8,reel60__7,1437,N,True
4,reel15__0,reel31__7,1437,N,True
4,reel5__9,reel31__7,1437,N,True
4,bot69__1,bot43__7,1437,N,True
4,bot46__7,bot43__7,1437,N,True
4,reel5__3,bot22__3,1437,N,True
4,bot6__2,bot16__4,1437,N,True
4,reel14__9,reel33__5,1437,N,True
4,reel13__6,reel33__5,1437,N,True
4,reel49__2,reel33__5,1437,N,True
4,reel14__9,reel47__1,1437,N,True
4,reel55__7,reel47__1,1437,N,True
4,reel38__3,reel47__1,1437,N,True
4,bot25__1,bot39__6,1437,N,True
4,bot16__5,bot35__8,1437,N,True
4,reel8__3,bot35__8,1437,N,True
4,reel34__0,bot35__8,1437,N,True
4,bot41__8,bot54__1,1437,N,True
4,reel10__2,reel58__8,1437,N,True
4,reel5__2,bot6__7,1437,N,True
4,reel18__3,reel54__5,1437,N,True
4,reel18__3,bot59__0,1437,N,True
4,reel45__6,bot48__9,1437,N,True
4,reel25__9,reel64__1,1437,N,True
4,reel37__6,bot68__3,1437,N,True
4,reel0__9,bot33__7,1437,N,True
4,bot69__8,bot33__7,1437,N,True
4,reel53__2,bot58__5,1437,N,True
4,bot42__6,bot38__2,1437,N,True
4,reel32__5,bot38__2,1437,N,True
4,reel13__6,reel30__9,1437,N,True
4,reel13__6,reel49__6,1437,N,True
4,reel32__9,reel68__9,1437,N,True
4,reel10__5,reel68__9,1437,N,True
4,reel21__7,bot28__3,1437,N,True
4,bot54__2,bot61__3,1437,N,True
4,reel31__2,reel46__8,1437,N,True
4,reel36__0,reel46__7,1437,N,True
4,reel10__5,bot45__7,1437,N,True
4,reel23__8,bot39__5,1437,N,True
4,reel64__8,reel34__9,1437,N,True
4,reel20__9,reel29__6,1437,N,True
4,reel12__9,bot20__4,1437,N,True
4,reel26__5,reel39__0,1437,N,True
4,reel36__3,bot64__5,1437,N,True
4,reel36__3,bot65__2,1437,N,True
4,reel7__9,reel15__4,1437,N,True
4,bot26__3,bot23__5,1437,N,True
4,bot18__0,bot3__5,1437,N,True
4,bot1__7,bot35__3,1437,N,True
4,bot55__0,reel16__8,1437,N,True
4,reel65__9,reel69__8,1437,N,True
4,reel54__9,bot59__4,1437,N,True
4,7,bot15__7,1438,N,True
4,7,bot33__5,1438,N,True
4,7,bot47__2,1438,N,True
4,253,bot65__4,1438,N,True
4,bot13__9,bot65__4,1438,N,True
4,reel7__5,reel10__5,1438,N,True
4,253,reel10__5,1438,N,True
4,282,reel24__8,1438,N,True
4,reel7__5,reel24__8,1438,N,True
4,60,reel36__8,1438,N,True
4,reel7__5,reel36__8,1438,N,True
4,bot49__2,bot14__4,1438,N,True
4,bot30__4,bot14__4,1438,N,True
4,bot29__8,bot56__0,1438,N,True
4,bot49__2,bot56__0,1438,N,True
4,bot49__6,bot48__6,1438,N,True
4,reel34__6,reel15__8,1438,N,True
4,bot49__6,reel15__8,1438,N,True
4,bot49__6,bot61__1,1438,N,True
4,bot27__8,reel17__9,1438,N,True
4,185,reel17__9,1438,N,True
4,reel13__6,reel26__9,1438,N,True
4,185,reel26__9,1438,N,True
4,185,reel31__4,1438,N,True
4,328,reel17__4,1438,N,True
4,reel16__2,reel17__4,1438,N,True
4,116,reel17__4,1438,N,True
4,reel9__3,reel11__0,1438,N,True
4,250,reel11__0,1438,N,True
4,155,reel11__0,1438,N,True
4,reel3__5,reel14__3,1438,N,True
4,reel9__3,reel14__3,1438,N,True
4,20,reel14__3,1438,N,True
4,reel9__3,reel48__7,1438,N,True
4,reel44__4,reel57__6,1438,N,True
4,310,reel57__6,1438,N,True
4,295,bot1__5,1438,N,True
4,156,bot1__5,1438,N,True
4,295,reel22__3,1438,N,True
4,344,reel34__2,1438,N,True
4,295,reel34__2,1438,N,True
4,reel39__6,reel34__2,1438,N,True
4,295,bot35__2,1438,N,True
4,151,bot35__2,1438,N,True
4,bot35__4,bot52__0,1438,N,True
4,117,bot52__0,1438,N,True
4,307,reel10__4,1438,N,True
4,191,reel10__4,1438,N,True
4,307,bot71__3,1438,N,True
4,bot10__6,bot2__6,1438,N,True
4,103,bot2__6,1438,N,True
4,282,bot2__6,1438,N,True
4,154,reel18__2,1438,N,True
4,83,reel18__2,1438,N,True
4,103,reel18__2,1438,N,True
4,103,bot57__2,1438,N,True
4,124,bot57__2,1438,N,True
4,233,reel3__4,1438,N,True
4,159,reel3__4,1438,N,True
4,reel22__5,reel17__7,1438,N,True
4,reel5__6,reel17__7,1438,N,True
4,159,reel17__7,1438,N,True
4,193,reel23__0,1438,N,True
4,159,reel23__0,1438,N,True
4,159,bot41__2,1438,N,True
4,256,reel0__1,1438,N,True
4,98,reel0__1,1438,N,True
4,110,reel0__1,1438,N,True
4,100,bot3__6,1438,N,True
4,110,bot3__6,1438,N,True
4,232,bot7__7,1438,N,True
4,110,bot7__7,1438,N,True
4,294,bot7__7,1438,N,True
4,104,reel8__4,1438,N,True
4,110,reel8__4,1438,N,True
4,256,bot12__3,1438,N,True
4,110,bot12__3,1438,N,True
4,94,bot22__8,1438,N,True
4,279,bot22__8,1438,N,True
4,reel28__4,bot50__3,1438,N,True
4,279,bot50__3,1438,N,True
4,reel31__6,bot54__0,1438,N,True
4,279,bot54__0,1438,N,True
4,bot40__0,bot21__7,1438,N,True
4,reel27__8,reel9__5,1438,N,True
4,reel27__8,reel51__7,1438,N,True
4,21,reel51__7,1438,N,True
4,327,reel51__7,1438,N,True
4,reel27__8,bot62__6,1438,N,True
4,294,bot62__6,1438,N,True
4,5,reel67__2,1438,N,True
4,reel27__8,reel67__2,1438,N,True
4,243,reel5__5,1438,N,True
4,reel8__6,reel5__5,1438,N,True
4,164,reel5__5,1438,N,True
4,reel8__6,bot29__3,1438,N,True
4,reel8__6,reel29__2,1438,N,True
4,reel64__5,reel29__5,1438,N,True
4,reel8__6,reel29__5,1438,N,True
4,240,reel29__5,1438,N,True
4,301,reel29__5,1438,N,True
4,reel8__6,reel33__1,1438,N,True
4,bot54__8,reel33__1,1438,N,True
4,314,reel33__1,1438,N,True
4,319,bot32__4,1438,N,True
4,218,reel4__9,1438,N,True
4,9,reel4__9,1438,N,True
4,69,reel4__9,1438,N,True
4,bot59__7,bot37__5,1438,N,True
4,218,bot37__5,1438,N,True
4,reel13__9,bot37__5,1438,N,True
4,218,reel64__0,1438,N,True
4,310,bot3__5,1438,N,True
4,342,bot3__5,1438,N,True
4,56,bot14__1,1438,N,True
4,256,bot14__1,1438,N,True
4,342,bot14__1,1438,N,True
4,342,bot20__0,1438,N,True
4,284,reel17__3,1438,N,True
4,238,reel17__3,1438,N,True
4,155,bot19__5,1438,N,True
4,238,bot19__5,1438,N,True
4,238,reel22__7,1438,N,True
4,reel28__4,reel22__7,1438,N,True
4,238,reel32__3,1438,N,True
4,35,reel34__5,1438,N,True
4,27,reel34__5,1438,N,True
4,238,reel34__5,1438,N,True
4,238,reel55__6,1438,N,True
4,238,bot61__6,1438,N,True
4,101,bot6__2,1438,N,True
4,156,bot6__2,1438,N,True
4,101,reel26__4,1438,N,True
4,165,reel26__4,1438,N,True
4,311,reel21__9,1438,N,True
4,311,bot24__3,1438,N,True
4,151,bot24__3,1438,N,True
4,311,bot34__2,1438,N,True
4,267,bot42__7,1438,N,True
4,311,bot42__7,1438,N,True
4,311,reel62__1,1438,N,True
4,268,reel62__1,1438,N,True
4,reel19__1,bot25__4,1438,N,True
4,40,reel0__6,1438,N,True
4,135,reel0__6,1438,N,True
4,138,reel0__6,1438,N,True
4,333,reel5__4,1438,N,True
4,320,reel5__4,1438,N,True
4,320,bot21__6,1438,N,True
4,53,bot21__8,1438,N,True
4,320,bot21__8,1438,N,True
4,320,reel45__4,1438,N,True
4,27,bot46__0,1438,N,True
4,320,bot46__0,1438,N,True
4,347,reel11__9,1438,N,True
4,134,reel11__9,1438,N,True
4,217,reel11__9,1438,N,True
4,reel39__6,reel11__9,1438,N,True
4,347,bot20__1,1438,N,True
4,76,bot6__5,1438,N,True
4,bot1__3,bot6__5,1438,N,True
4,241,reel10__3,1438,N,True
4,reel9__2,reel10__3,1438,N,True
4,94,bot22__3,1438,N,True
4,bot47__4,bot22__3,1438,N,True
4,241,bot22__3,1438,N,True
4,241,reel26__8,1438,N,True
4,272,bot33__7,1438,N,True
4,241,bot33__7,1438,N,True
4,241,bot45__9,1438,N,True
4,339,reel9__6,1438,N,True
4,280,reel9__6,1438,N,True
4,291,reel9__6,1438,N,True
4,339,bot15__5,1438,N,True
4,271,bot15__5,1438,N,True
4,262,bot15__5,1438,N,True
4,339,reel29__4,1438,N,True
4,reel43__2,reel29__4,1438,N,True
4,294,reel29__4,1438,N,True
4,147,bot11__4,1438,N,True
4,85,reel15__4,1438,N,True
4,147,reel15__4,1438,N,True
4,229,bot19__0,1438,N,True
4,251,bot19__0,1438,N,True
4,147,bot19__0,1438,N,True
4,168,reel30__8,1438,N,True
4,256,reel30__8,1438,N,True
4,147,reel30__8,1438,N,True
4,214,reel43__9,1438,N,True
4,147,reel43__9,1438,N,True
4,147,bot53__8,1438,N,True
4,147,reel66__8,1438,N,True
4,134,bot11__1,1438,N,True
4,251,bot11__1,1438,N,True
4,190,reel25__0,1438,N,True
4,88,reel25__0,1438,N,True
4,251,reel25__0,1438,N,True
4,166,bot1__7,1438,N,True
4,232,bot1__7,1438,N,True
4,47,bot1__7,1438,N,True
4,216,reel26__0,1438,N,True
4,302,reel26__0,1438,N,True
4,302,bot54__4,1438,N,True
4,208,bot2__2,1438,N,True
4,61,bot2__2,1438,N,True
4,208,reel27__7,1438,N,True
4,208,reel29__0,1438,N,True
4,208,bot32__7,1438,N,True
4,208,bot59__1,1438,N,True
4,184,reel23__1,1438,N,True
4,30,reel23__1,1438,N,True
4,330,reel13__8,1438,N,True
4,152,reel13__8,1438,N,True
4,330,reel16__4,1438,N,True
4,330,reel51__0,1438,N,True
4,128,reel51__0,1438,N,True
4,330,reel53__2,1438,N,True
4,201,reel4__0,1438,N,True
4,79,reel4__0,1438,N,True
4,123,reel4__0,1438,N,True
4,201,reel4__1,1438,N,True
4,93,reel4__1,1438,N,True
4,83,reel4__1,1438,N,True
4,201,reel7__0,1438,N,True
4,reel61__0,reel7__0,1438,N,True
4,201,bot16__6,1438,N,True
4,272,bot16__6,1438,N,True
4,201,bot22__7,1438,N,True
4,316,bot22__7,1438,N,True
4,201,reel70__3,1438,N,True
4,65,reel7__6,1438,N,True
4,150,reel7__6,1438,N,True
4,264,reel7__6,1438,N,True
4,202,bot0__0,1438,N,True
4,47,bot0__0,1438,N,True
4,186,bot0__4,1438,N,True
4,275,bot0__4,1438,N,True
4,202,bot0__4,1438,N,True
4,202,bot5__2,1438,N,True
4,bot42__4,bot5__2,1438,N,True
4,168,reel9__9,1438,N,True
4,202,reel9__9,1438,N,True
4,346,bot25__5,1438,N,True
4,202,bot25__5,1438,N,True
4,bot60__9,bot25__5,1438,N,True
4,202,bot53__0,1438,N,True
4,reel39__2,bot53__0,1438,N,True
4,202,reel57__5,1438,N,True
4,202,bot58__0,1438,N,True
4,102,reel63__7,1438,N,True
4,332,reel63__7,1438,N,True
4,202,reel63__7,1438,N,True
4,48,reel15__5,1438,N,True
4,337,reel15__5,1438,N,True
4,138,reel15__5,1438,N,True
4,88,bot51__4,1438,N,True
4,138,bot51__4,1438,N,True
4,138,reel51__2,1438,N,True
4,138,bot67__4,1438,N,True
4,reel13__3,bot36__5,1438,N,True
4,322,bot2__7,1438,N,True
4,217,bot2__7,1438,N,True
4,308,bot2__7,1438,N,True
4,53,reel9__8,1438,N,True
4,217,reel9__8,1438,N,True
4,102,reel28__0,1438,N,True
4,329,reel28__0,1438,N,True
4,217,reel28__0,1438,N,True
4,reel4__2,reel38__2,1438,N,True
4,217,reel38__2,1438,N,True
4,318,reel38__2,1438,N,True
4,217,reel41__6,1438,N,True
4,217,reel69__7,1438,N,True
4,reel13__6,reel1__0,1438,N,True
4,198,reel1__0,1438,N,True
4,104,reel1__0,1438,N,True
4,198,bot9__6,1438,N,True
4,198,reel11__2,1438,N,True
4,272,reel11__2,1438,N,True
4,198,bot32__3,1438,N,True
4,bot30__4,reel4__7,1438,N,True
4,181,reel4__7,1438,N,True
4,148,reel4__7,1438,N,True
4,148,reel15__2,1438,N,True
4,148,bot16__4,1438,N,True
4,148,bot35__5,1438,N,True
4,288,reel1__7,1438,N,True
4,288,bot7__0,1438,N,True
4,333,bot7__0,1438,N,True
4,288,reel26__6,1438,N,True
4,reel48__4,reel26__6,1438,N,True
4,79,reel26__6,1438,N,True
4,181,reel26__6,1438,N,True
4,288,reel34__1,1438,N,True
4,reel25__6,reel34__1,1438,N,True
4,184,reel36__4,1438,N,True
4,288,reel36__4,1438,N,True
4,240,bot17__7,1438,N,True
4,178,reel45__0,1438,N,True
4,reel39__6,reel45__0,1438,N,True
4,reel39__6,bot51__9,1438,N,True
4,184,reel26__3,1438,N,True
4,184,reel57__1,1438,N,True
4,81,reel10__8,1438,N,True
4,21,reel16__3,1438,N,True
4,81,reel16__3,1438,N,True
4,reel2__2,reel16__3,1438,N,True
4,13,reel23__7,1438,N,True
4,81,reel23__7,1438,N,True
4,317,reel61__6,1438,N,True
4,81,reel61__6,1438,N,True
4,81,bot67__2,1438,N,True
4,243,bot5__8,1438,N,True
4,243,reel13__4,1438,N,True
4,243,reel19__5,1438,N,True
4,reel31__6,reel19__5,1438,N,True
4,122,reel19__5,1438,N,True
4,243,reel27__9,1438,N,True
4,282,reel27__9,1438,N,True
4,243,reel59__8,1438,N,True
4,314,reel59__8,1438,N,True
4,243,reel62__8,1438,N,True
4,171,bot2__5,1438,N,True
4,250,bot2__5,1438,N,True
4,1,bot2__5,1438,N,True
4,171,reel36__6,1438,N,True
4,58,bot11__5,1438,N,True
4,144,bot11__5,1438,N,True
4,58,reel15__6,1438,N,True
4,58,reel35__8,1438,N,True
4,9,reel35__8,1438,N,True
4,58,reel39__8,1438,N,True
4,275,reel39__8,1438,N,True
4,272,reel39__8,1438,N,True
4,329,bot4__0,1438,N,True
4,reel1__9,bot4__0,1438,N,True
4,reel1__9,bot5__0,1438,N,True
4,164,reel16__7,1438,N,True
4,reel1__9,reel16__7,1438,N,True
4,226,reel16__7,1438,N,True
4,reel1__9,reel19__9,1438,N,True
4,reel1__9,reel65__1,1438,N,True
4,9,reel65__1,1438,N,True
4,reel1__9,bot68__8,1438,N,True
4,bot53__7,bot42__6,1438,N,True
4,187,bot67__3,1438,N,True
4,bot53__7,bot67__3,1438,N,True
4,321,bot15__6,1438,N,True
4,321,bot17__3,1438,N,True
4,121,bot17__3,1438,N,True
4,321,bot30__7,1438,N,True
4,190,reel32__9,1438,N,True
4,321,reel32__9,1438,N,True
4,321,bot71__5,1438,N,True
4,336,bot71__5,1438,N,True
4,191,bot22__1,1438,N,True
4,301,bot22__1,1438,N,True
4,bot0__9,bot22__1,1438,N,True
4,301,bot28__0,1438,N,True
4,301,reel39__1,1438,N,True
4,239,reel59__3,1438,N,True
4,107,reel59__3,1438,N,True
4,301,reel59__3,1438,N,True
4,301,reel70__0,1438,N,True
4,336,reel8__9,1438,N,True
4,reel24__7,reel8__9,1438,N,True
4,reel13__9,reel27__4,1438,N,True
4,reel24__7,reel27__4,1438,N,True
4,reel24__7,reel63__6,1438,N,True
4,bot59__7,bot66__3,1438,N,True
4,bot65__0,bot66__3,1438,N,True
4,76,reel6__0,1438,N,True
4,reel39__2,reel6__0,1438,N,True
4,reel24__5,reel6__0,1438,N,True
4,85,reel6__0,1438,N,True
4,reel44__6,reel69__5,1438,N,True
4,reel5__6,reel69__5,1438,N,True
4,reel39__2,reel69__5,1438,N,True
4,bot20__9,reel5__0,1438,N,True
4,214,reel5__0,1438,N,True
4,20,reel5__0,1438,N,True
4,bot20__9,bot71__4,1438,N,True
4,263,bot71__4,1438,N,True
4,79,bot71__4,1438,N,True
4,90,reel28__2,1438,N,True
4,333,reel28__2,1438,N,True
4,90,reel48__5,1438,N,True
4,127,reel48__5,1438,N,True
4,179,reel44__7,1438,N,True
4,275,bot2__1,1438,N,True
4,156,bot2__1,1438,N,True
4,275,bot5__3,1438,N,True
4,84,bot5__3,1438,N,True
4,27,reel6__4,1438,N,True
4,27,bot9__4,1438,N,True
4,316,bot9__4,1438,N,True
4,190,reel40__7,1438,N,True
4,reel24__5,reel40__7,1438,N,True
4,188,reel41__2,1438,N,True
4,reel24__5,reel41__2,1438,N,True
4,76,bot5__4,1438,N,True
4,253,bot5__4,1438,N,True
4,reel20__8,bot23__9,1438,N,True
4,reel20__8,reel41__3,1438,N,True
4,reel20__8,bot47__8,1438,N,True
4,172,bot11__6,1438,N,True
4,165,bot11__6,1438,N,True
4,34,reel21__2,1438,N,True
4,323,bot24__2,1438,N,True
4,329,bot24__2,1438,N,True
4,34,bot24__2,1438,N,True
4,34,reel39__5,1438,N,True
4,22,bot0__5,1438,N,True
4,36,bot0__5,1438,N,True
4,169,bot0__5,1438,N,True
4,22,bot1__9,1438,N,True
4,22,bot27__0,1438,N,True
4,bot13__1,bot27__0,1438,N,True
4,22,bot48__3,1438,N,True
4,bot56__3,bot48__3,1438,N,True
4,56,reel19__3,1438,N,True
4,26,reel19__3,1438,N,True
4,69,reel19__3,1438,N,True
4,56,bot45__2,1438,N,True
4,56,bot46__2,1438,N,True
4,134,reel58__0,1438,N,True
4,56,reel58__0,1438,N,True
4,60,bot14__7,1438,N,True
4,24,bot14__7,1438,N,True
4,24,reel50__1,1438,N,True
4,9,bot43__5,1438,N,True
4,129,bot43__5,1438,N,True
4,20,bot18__8,1438,N,True
4,333,bot18__8,1438,N,True
4,123,bot18__8,1438,N,True
4,16,reel69__3,1438,N,True
4,123,reel69__3,1438,N,True
4,bot48__8,bot5__7,1438,N,True
4,332,bot5__7,1438,N,True
4,bot48__8,bot55__9,1438,N,True
4,303,reel52__5,1438,N,True
4,303,reel60__3,1438,N,True
4,207,bot53__5,1438,N,True
4,229,bot53__5,1438,N,True
4,72,reel1__2,1438,N,True
4,bot23__5,reel1__2,1438,N,True
4,reel6__2,reel1__2,1438,N,True
4,reel6__2,bot34__1,1438,N,True
4,reel6__2,bot69__5,1438,N,True
4,reel13__6,reel21__8,1438,N,True
4,reel42__5,reel21__8,1438,N,True
4,reel42__5,reel29__9,1438,N,True
4,122,reel29__9,1438,N,True
4,bot10__6,bot24__1,1438,N,True
4,bot10__6,bot35__7,1438,N,True
4,53,reel31__3,1438,N,True
4,reel42__0,reel31__3,1438,N,True
4,152,reel0__3,1438,N,True
4,152,bot60__2,1438,N,True
4,256,reel63__5,1438,N,True
4,152,reel63__5,1438,N,True
4,152,reel65__8,1438,N,True
4,reel65__3,reel58__5,1438,N,True
4,333,reel58__5,1438,N,True
4,128,reel11__8,1438,N,True
4,226,reel11__8,1438,N,True
4,306,reel11__8,1438,N,True
4,reel28__1,reel40__9,1438,N,True
4,33,reel40__9,1438,N,True
4,306,reel40__9,1438,N,True
4,98,reel65__9,1438,N,True
4,306,reel65__9,1438,N,True
4,232,bot66__9,1438,N,True
4,306,bot66__9,1438,N,True
4,306,reel66__4,1438,N,True
4,229,bot4__6,1438,N,True
4,229,bot36__9,1438,N,True
4,bot47__6,bot34__0,1438,N,True
4,119,reel20__7,1438,N,True
4,119,bot46__6,1438,N,True
4,reel29__6,reel14__1,1438,N,True
4,191,reel14__1,1438,N,True
4,47,reel14__1,1438,N,True
4,337,bot32__0,1438,N,True
4,337,bot57__3,1438,N,True
4,bot43__3,bot49__1,1438,N,True
4,264,bot49__1,1438,N,True
4,reel36__0,bot51__5,1438,N,True
4,bot21__0,bot51__5,1438,N,True
4,92,bot69__9,1438,N,True
4,bot21__0,bot69__9,1438,N,True
4,323,bot17__8,1438,N,True
4,bot23__2,bot17__8,1438,N,True
4,128,reel19__4,1438,N,True
4,128,bot39__8,1438,N,True
4,237,reel2__5,1438,N,True
4,bot28__5,reel2__5,1438,N,True
4,13,reel2__5,1438,N,True
4,157,bot14__5,1438,N,True
4,bot28__5,bot14__5,1438,N,True
4,237,bot14__5,1438,N,True
4,bot28__5,bot42__5,1438,N,True
4,20,bot14__2,1438,N,True
4,264,bot15__0,1438,N,True
4,20,bot15__0,1438,N,True
4,reel52__4,reel12__4,1438,N,True
4,100,reel12__4,1438,N,True
4,151,reel12__4,1438,N,True
4,151,bot18__4,1438,N,True
4,59,bot30__5,1438,N,True
4,reel25__6,bot30__5,1438,N,True
4,151,bot30__5,1438,N,True
4,151,reel41__4,1438,N,True
4,289,bot3__9,1438,N,True
4,328,bot3__9,1438,N,True
4,327,bot3__9,1438,N,True
4,327,bot8__6,1438,N,True
4,188,bot1__1,1438,N,True
4,bot0__9,bot1__1,1438,N,True
4,188,bot17__5,1438,N,True
4,1,bot17__5,1438,N,True
4,188,bot49__8,1438,N,True
4,188,reel51__6,1438,N,True
4,144,reel31__2,1438,N,True
4,144,reel44__0,1438,N,True
4,144,bot52__2,1438,N,True
4,144,reel54__0,1438,N,True
4,174,reel8__3,1438,N,True
4,284,reel8__3,1438,N,True
4,174,bot12__5,1438,N,True
4,343,bot12__5,1438,N,True
4,174,bot20__2,1438,N,True
4,174,reel32__8,1438,N,True
4,51,reel32__8,1438,N,True
4,174,reel46__7,1438,N,True
4,reel36__0,reel46__7,1438,N,True
4,174,reel59__4,1438,N,True
4,bot61__4,bot42__9,1438,N,True
4,124,bot42__9,1438,N,True
4,bot2__8,bot42__9,1438,N,True
4,bot25__6,reel11__7,1438,N,True
4,bot47__4,reel11__7,1438,N,True
4,bot47__4,bot58__5,1438,N,True
4,bot23__2,bot57__8,1438,N,True
4,282,reel39__0,1438,N,True
4,282,reel53__9,1438,N,True
4,250,reel0__2,1438,N,True
4,reel8__1,reel1__4,1438,N,True
4,250,reel1__4,1438,N,True
4,50,reel31__0,1438,N,True
4,250,reel31__0,1438,N,True
4,98,reel31__0,1438,N,True
4,250,reel56__2,1438,N,True
4,250,bot63__3,1438,N,True
4,76,reel9__0,1438,N,True
4,284,reel9__0,1438,N,True
4,76,reel69__6,1438,N,True
4,bot13__1,bot4__8,1438,N,True
4,33,bot4__8,1438,N,True
4,33,bot6__0,1438,N,True
4,341,reel7__2,1438,N,True
4,33,reel7__2,1438,N,True
4,33,reel14__6,1438,N,True
4,33,bot28__2,1438,N,True
4,257,reel6__7,1438,N,True
4,226,reel6__7,1438,N,True
4,226,bot19__4,1438,N,True
4,341,reel38__9,1438,N,True
4,reel3__5,reel38__9,1438,N,True
4,226,reel38__9,1438,N,True
4,226,bot53__2,1438,N,True
4,318,bot18__5,1438,N,True
4,1,bot18__5,1438,N,True
4,bot59__0,bot18__5,1438,N,True
4,83,bot25__2,1438,N,True
4,343,bot25__2,1438,N,True
4,343,reel51__1,1438,N,True
4,109,reel55__3,1438,N,True
4,343,reel55__3,1438,N,True
4,51,bot21__1,1438,N,True
4,51,bot26__0,1438,N,True
4,36,reel49__8,1438,N,True
4,318,reel49__8,1438,N,True
4,36,reel56__5,1438,N,True
4,reel41__8,reel56__5,1438,N,True
4,170,reel56__5,1438,N,True
4,232,bot18__2,1438,N,True
4,232,bot18__6,1438,N,True
4,232,bot56__9,1438,N,True
4,reel31__6,reel27__5,1438,N,True
4,reel31__6,bot37__6,1438,N,True
4,239,bot36__7,1438,N,True
4,48,bot16__9,1438,N,True
4,271,bot16__9,1438,N,True
4,48,reel43__4,1438,N,True
4,48,bot68__5,1438,N,True
4,341,bot68__5,1438,N,True
4,170,reel3__6,1438,N,True
4,190,bot14__9,1438,N,True
4,336,bot14__9,1438,N,True
4,170,bot14__9,1438,N,True
4,170,bot22__4,1438,N,True
4,194,bot70__0,1438,N,True
4,170,bot70__0,1438,N,True
4,reel24__9,reel6__8,1438,N,True
4,bot65__0,reel6__8,1438,N,True
4,233,reel33__6,1438,N,True
4,318,reel33__6,1438,N,True
4,reel62__5,reel60__9,1438,N,True
4,318,reel60__9,1438,N,True
4,25,reel26__7,1438,N,True
4,reel9__4,reel15__3,1438,N,True
4,reel10__2,reel15__3,1438,N,True
4,267,reel15__3,1438,N,True
4,reel9__4,reel66__5,1438,N,True
4,280,reel66__5,1438,N,True
4,reel5__6,reel64__1,1438,N,True
4,102,bot12__7,1438,N,True
4,reel4__2,bot12__7,1438,N,True
4,bot4__7,bot12__7,1438,N,True
4,102,reel30__1,1438,N,True
4,102,reel48__3,1438,N,True
4,261,reel48__3,1438,N,True
4,127,bot28__8,1438,N,True
4,257,bot58__2,1438,N,True
4,257,bot58__4,1438,N,True
4,reel41__8,reel47__8,1438,N,True
4,216,bot7__3,1438,N,True
4,216,bot30__9,1438,N,True
4,156,bot30__9,1438,N,True
4,216,reel32__2,1438,N,True
4,216,bot37__8,1438,N,True
4,216,reel38__0,1438,N,True
4,107,reel0__5,1438,N,True
4,98,reel0__5,1438,N,True
4,344,bot4__4,1438,N,True
4,98,bot4__4,1438,N,True
4,333,reel12__9,1438,N,True
4,149,reel12__9,1438,N,True
4,98,reel12__9,1438,N,True
4,178,reel44__5,1438,N,True
4,98,reel44__5,1438,N,True
4,98,reel53__6,1438,N,True
4,178,reel31__1,1438,N,True
4,178,reel37__4,1438,N,True
4,reel13__9,reel23__8,1438,N,True
4,reel13__9,reel38__6,1438,N,True
4,reel13__9,reel49__1,1438,N,True
4,reel13__9,reel67__4,1438,N,True
4,235,reel30__3,1438,N,True
4,reel49__0,reel30__3,1438,N,True
4,329,reel11__5,1438,N,True
4,248,reel11__5,1438,N,True
4,88,reel3__8,1438,N,True
4,242,reel3__8,1438,N,True
4,242,reel38__4,1438,N,True
4,242,reel43__0,1438,N,True
4,242,bot45__3,1438,N,True
4,145,bot10__0,1438,N,True
4,235,bot10__0,1438,N,True
4,bot56__5,bot10__0,1438,N,True
4,reel8__5,bot10__0,1438,N,True
4,145,bot29__1,1438,N,True
4,13,bot29__1,1438,N,True
4,190,reel1__3,1438,N,True
4,317,reel1__3,1438,N,True
4,317,reel55__2,1438,N,True
4,134,bot37__4,1438,N,True
4,156,bot37__4,1438,N,True
4,134,bot49__5,1438,N,True
4,193,reel5__7,1438,N,True
4,193,reel54__3,1438,N,True
4,5,bot33__0,1438,N,True
4,222,bot1__8,1438,N,True
4,199,bot1__8,1438,N,True
4,199,reel35__7,1438,N,True
4,reel28__4,reel35__7,1438,N,True
4,reel4__2,reel63__9,1438,N,True
4,85,reel63__9,1438,N,True
4,190,reel35__0,1438,N,True
4,263,bot58__8,1438,N,True
4,57,bot21__3,1438,N,True
4,176,bot21__3,1438,N,True
4,57,bot35__1,1438,N,True
4,32,bot32__9,1438,N,True
4,bot13__1,bot32__9,1438,N,True
4,197,bot32__9,1438,N,True
4,bot13__1,bot41__4,1438,N,True
4,bot13__1,bot55__4,1438,N,True
4,289,bot25__9,1438,N,True
4,149,bot25__9,1438,N,True
4,reel8__5,reel5__8,1438,N,True
4,62,reel33__2,1438,N,True
4,62,reel52__3,1438,N,True
4,88,bot63__7,1438,N,True
4,62,bot63__7,1438,N,True
4,62,reel66__7,1438,N,True
4,341,bot0__8,1438,N,True
4,176,bot0__8,1438,N,True
4,59,reel21__0,1438,N,True
4,176,reel21__0,1438,N,True
4,93,reel66__9,1438,N,True
4,155,reel66__9,1438,N,True
4,60,bot4__3,1438,N,True
4,124,bot4__3,1438,N,True
4,124,reel22__8,1438,N,True
4,124,reel31__5,1438,N,True
4,124,reel67__5,1438,N,True
4,64,bot0__3,1438,N,True
4,290,bot0__3,1438,N,True
4,344,reel33__9,1438,N,True
4,265,bot48__5,1438,N,True
4,344,bot48__5,1438,N,True
4,344,bot53__1,1438,N,True
4,reel3__5,reel7__4,1438,N,True
4,reel3__5,bot39__3,1438,N,True
4,reel3__5,bot56__2,1438,N,True
4,reel3__5,reel57__8,1438,N,True
4,197,reel38__1,1438,N,True
4,60,reel6__9,1438,N,True
4,64,reel6__9,1438,N,True
4,reel24__4,reel6__9,1438,N,True
4,252,reel6__9,1438,N,True
4,reel24__4,bot54__5,1438,N,True
4,346,reel27__2,1438,N,True
4,346,bot65__6,1438,N,True
4,84,bot12__0,1438,N,True
4,84,bot20__7,1438,N,True
4,50,reel25__3,1438,N,True
4,284,reel1__1,1438,N,True
4,109,reel1__1,1438,N,True
4,reel35__3,reel1__1,1438,N,True
4,83,bot8__2,1438,N,True
4,308,bot8__2,1438,N,True
4,35,reel38__7,1438,N,True
4,reel9__2,reel38__7,1438,N,True
4,35,bot42__2,1438,N,True
4,291,reel4__3,1438,N,True
4,336,reel4__3,1438,N,True
4,181,reel4__3,1438,N,True
4,181,bot39__0,1438,N,True
4,bot27__4,bot18__0,1438,N,True
4,284,bot18__0,1438,N,True
4,107,bot26__3,1438,N,True
4,bot23__5,bot26__3,1438,N,True
4,157,bot24__6,1438,N,True
4,47,bot24__6,1438,N,True
4,reel25__7,reel27__3,1438,N,True
4,reel25__7,reel58__9,1438,N,True
4,222,reel63__8,1438,N,True
4,222,reel65__4,1438,N,True
4,328,reel25__1,1438,N,True
4,314,reel25__1,1438,N,True
4,280,reel28__7,1438,N,True
4,328,reel28__7,1438,N,True
4,bot4__7,bot13__4,1438,N,True
4,194,bot13__4,1438,N,True
4,14,reel66__1,1438,N,True
4,65,bot12__1,1438,N,True
4,bot46__8,bot12__1,1438,N,True
4,bot46__8,bot26__9,1438,N,True
4,64,bot2__0,1438,N,True
4,64,bot39__1,1438,N,True
4,64,bot41__8,1438,N,True
4,65,bot5__1,1438,N,True
4,71,bot5__1,1438,N,True
4,71,reel32__6,1438,N,True
4,100,bot1__2,1438,N,True
4,100,bot12__2,1438,N,True
4,258,reel15__0,1438,N,True
4,100,reel15__0,1438,N,True
4,100,bot56__1,1438,N,True
4,169,reel3__9,1438,N,True
4,79,reel3__9,1438,N,True
4,291,reel3__9,1438,N,True
4,169,bot32__6,1438,N,True
4,88,reel58__7,1438,N,True
4,271,bot5__5,1438,N,True
4,271,bot10__5,1438,N,True
4,271,bot24__4,1438,N,True
4,271,reel46__0,1438,N,True
4,271,bot65__9,1438,N,True
4,reel2__2,bot16__3,1438,N,True
4,reel2__2,bot63__4,1438,N,True
4,59,bot20__8,1438,N,True
4,reel19__0,bot20__8,1438,N,True
4,92,bot20__8,1438,N,True
4,92,reel25__9,1438,N,True
4,reel13__6,reel49__3,1438,N,True
4,92,reel49__3,1438,N,True
4,bot41__7,reel0__4,1438,N,True
4,61,reel0__4,1438,N,True
4,75,reel0__4,1438,N,True
4,3,reel0__4,1438,N,True
4,3,bot37__7,1438,N,True
4,3,reel59__9,1438,N,True
4,3,bot64__1,1438,N,True
4,bot25__3,bot27__9,1438,N,True
4,17,bot27__9,1438,N,True
4,336,bot20__4,1438,N,True
4,233,reel2__8,1438,N,True
4,316,reel2__8,1438,N,True
4,316,reel46__6,1438,N,True
4,245,bot47__9,1438,N,True
4,1,bot6__1,1438,N,True
4,79,reel11__1,1438,N,True
4,1,reel11__1,1438,N,True
4,308,reel11__1,1438,N,True
4,1,bot19__6,1438,N,True
4,1,reel67__6,1438,N,True
4,reel18__4,reel60__6,1438,N,True
4,228,bot10__7,1438,N,True
4,13,bot10__7,1438,N,True
4,13,reel46__5,1438,N,True
4,252,reel46__5,1438,N,True
4,reel22__5,reel53__1,1438,N,True
4,reel22__5,bot56__6,1438,N,True
4,reel22__5,reel59__0,1438,N,True
4,107,bot14__8,1438,N,True
4,122,reel10__1,1438,N,True
4,reel19__0,reel13__0,1438,N,True
4,220,reel13__0,1438,N,True
4,122,reel13__0,1438,N,True
4,122,reel44__3,1438,N,True
4,122,bot66__0,1438,N,True
4,267,bot27__3,1438,N,True
4,310,reel30__5,1438,N,True
4,267,reel30__5,1438,N,True
4,60,reel61__4,1438,N,True
4,60,bot70__5,1438,N,True
4,186,reel7__1,1438,N,True
4,186,reel33__7,1438,N,True
4,bot27__8,bot38__2,1438,N,True
4,reel10__2,reel29__1,1438,N,True
4,125,reel29__1,1438,N,True
4,bot54__8,bot23__7,1438,N,True
4,223,bot6__6,1438,N,True
4,223,bot62__9,1438,N,True
4,157,bot10__1,1438,N,True
4,157,reel67__3,1438,N,True
4,9,reel1__8,1438,N,True
4,261,reel1__8,1438,N,True
4,reel44__6,bot57__1,1438,N,True
4,214,bot57__1,1438,N,True
4,reel8__1,bot48__0,1438,N,True
4,bot71__7,bot48__0,1438,N,True
4,237,bot12__9,1438,N,True
4,237,bot71__2,1438,N,True
4,156,reel20__6,1438,N,True
4,156,bot31__3,1438,N,True
4,156,reel42__8,1438,N,True
4,reel9__2,bot13__5,1438,N,True
4,252,bot69__0,1438,N,True
4,333,bot69__0,1438,N,True
4,reel9__2,bot69__0,1438,N,True
4,187,bot3__8,1438,N,True
4,75,bot3__8,1438,N,True
4,75,bot54__2,1438,N,True
4,75,reel70__1,1438,N,True
4,reel29__6,reel55__1,1438,N,True
4,341,reel15__7,1438,N,True
4,252,reel15__7,1438,N,True
4,341,bot0__6,1438,N,True
4,341,reel8__0,1438,N,True
4,262,reel8__0,1438,N,True
4,341,bot58__6,1438,N,True
4,220,reel13__7,1438,N,True
4,154,bot9__2,1438,N,True
4,228,bot9__2,1438,N,True
4,bot24__9,bot9__2,1438,N,True
4,228,bot12__6,1438,N,True
4,155,bot12__6,1438,N,True
4,reel13__5,reel17__1,1438,N,True
4,reel13__6,reel17__1,1438,N,True
4,264,bot29__4,1438,N,True
4,80,reel30__0,1438,N,True
4,80,reel30__7,1438,N,True
4,80,bot51__6,1438,N,True
4,80,bot52__3,1438,N,True
4,80,bot58__9,1438,N,True
4,reel24__9,reel32__0,1438,N,True
4,172,reel18__7,1438,N,True
4,104,reel18__7,1438,N,True
4,bot25__6,bot30__0,1438,N,True
4,bot25__6,bot36__8,1438,N,True
4,258,bot36__8,1438,N,True
4,reel4__2,reel14__8,1438,N,True
4,149,reel14__8,1438,N,True
4,53,bot23__1,1438,N,True
4,149,bot23__1,1438,N,True
4,reel64__5,reel28__6,1438,N,True
4,153,reel43__7,1438,N,True
4,280,reel16__9,1438,N,True
4,reel4__2,reel16__9,1438,N,True
4,reel25__6,reel16__9,1438,N,True
4,280,reel18__1,1438,N,True
4,280,reel27__1,1438,N,True
4,168,bot6__3,1438,N,True
4,168,bot10__2,1438,N,True
4,reel8__1,reel12__0,1438,N,True
4,94,bot20__3,1438,N,True
4,bot13__3,bot20__3,1438,N,True
4,258,bot20__3,1438,N,True
4,bot24__9,bot20__3,1438,N,True
4,61,reel50__4,1438,N,True
4,bot2__8,bot54__9,1438,N,True
4,334,reel57__9,1438,N,True
4,72,bot46__9,1438,N,True
4,17,reel52__7,1438,N,True
4,187,bot31__5,1438,N,True
4,187,reel31__8,1438,N,True
4,187,bot35__9,1438,N,True
4,235,reel10__7,1438,N,True
4,291,reel10__7,1438,N,True
4,26,reel10__7,1438,N,True
4,291,bot27__6,1438,N,True
4,291,reel28__5,1438,N,True
4,79,reel12__1,1438,N,True
4,bot27__4,bot4__2,1438,N,True
4,21,bot9__3,1438,N,True
4,59,bot17__2,1438,N,True
4,235,bot17__2,1438,N,True
4,261,bot17__2,1438,N,True
4,256,bot9__0,1438,N,True
4,256,bot11__7,1438,N,True
4,256,reel11__6,1438,N,True
4,reel44__6,reel30__2,1438,N,True
4,259,reel30__2,1438,N,True
4,reel44__6,bot59__3,1438,N,True
4,194,bot34__6,1438,N,True
4,273,reel34__3,1438,N,True
4,194,reel34__3,1438,N,True
4,194,bot60__8,1438,N,True
4,reel19__0,reel29__8,1438,N,True
4,308,reel29__8,1438,N,True
4,308,reel56__8,1438,N,True
4,308,bot59__9,1438,N,True
4,154,reel23__3,1438,N,True
4,154,bot44__0,1438,N,True
4,53,reel31__7,1438,N,True
4,53,bot50__4,1438,N,True
4,109,reel37__9,1438,N,True
4,109,reel49__5,1438,N,True
4,259,bot7__1,1438,N,True
4,117,bot51__1,1438,N,True
4,bot8__5,bot16__1,1438,N,True
4,bot8__5,bot23__8,1438,N,True
4,273,bot23__8,1438,N,True
4,235,bot40__8,1438,N,True
4,bot8__5,bot40__8,1438,N,True
4,273,reel17__0,1438,N,True
4,332,reel17__0,1438,N,True
4,332,reel25__4,1438,N,True
4,332,reel40__4,1438,N,True
4,233,bot1__6,1438,N,True
4,233,bot10__9,1438,N,True
4,261,reel22__6,1438,N,True
4,261,reel51__5,1438,N,True
4,155,bot40__7,1438,N,True
4,164,reel60__4,1438,N,True
4,164,bot66__1,1438,N,True
4,bot6__4,bot12__4,1438,N,True
4,26,reel39__3,1438,N,True
4,26,reel55__8,1438,N,True
4,26,reel62__3,1438,N,True
4,135,reel14__0,1438,N,True
4,135,bot30__6,1438,N,True
4,333,bot7__4,1438,N,True
4,reel19__0,bot26__7,1438,N,True
4,reel19__0,reel36__7,1438,N,True
4,235,reel36__7,1438,N,True
4,reel19__0,bot39__7,1438,N,True
4,94,reel6__3,1438,N,True
4,314,reel6__3,1438,N,True
4,94,bot8__7,1438,N,True
4,94,bot47__5,1438,N,True
4,reel28__4,reel51__3,1438,N,True
4,reel28__4,reel55__0,1438,N,True
4,reel4__2,bot14__6,1438,N,True
4,reel4__2,bot57__9,1438,N,True
4,39,reel62__2,1438,N,True
4,32,reel62__7,1438,N,True
4,reel52__4,reel63__0,1438,N,True
4,273,bot30__1,1438,N,True
4,273,reel65__7,1438,N,True
4,235,reel45__3,1438,N,True
4,235,bot62__1,1438,N,True
4,310,bot37__1,1438,N,True
4,65,reel35__1,1438,N,True
4,65,reel45__6,1438,N,True
4,bot24__1,bot10__6,1439,N,True
4,86,bot10__6,1439,N,True
4,115,bot10__6,1439,N,True
4,bot24__1,bot37__6,1439,N,True
4,161,bot37__6,1439,N,True
4,reel34__8,reel26__9,1439,N,True
4,185,reel26__9,1439,N,True
4,185,reel31__4,1439,N,True
4,reel10__1,reel31__4,1439,N,True
4,42,reel22__5,1439,N,True
4,reel60__5,reel22__5,1439,N,True
4,reel53__1,reel22__5,1439,N,True
4,26,reel55__8,1439,N,True
4,reel53__1,reel55__8,1439,N,True
4,160,bot1__5,1439,N,True
4,295,bot1__5,1439,N,True
4,156,bot1__5,1439,N,True
4,246,reel2__0,1439,N,True
4,295,reel2__0,1439,N,True
4,bot44__8,reel2__0,1439,N,True
4,203,reel4__6,1439,N,True
4,295,reel4__6,1439,N,True
4,242,reel4__6,1439,N,True
4,59,bot9__1,1439,N,True
4,295,bot9__1,1439,N,True
4,295,reel22__3,1439,N,True
4,146,reel22__3,1439,N,True
4,295,bot35__2,1439,N,True
4,151,bot35__2,1439,N,True
4,reel17__5,reel2__2,1439,N,True
4,reel23__4,reel2__2,1439,N,True
4,131,reel2__2,1439,N,True
4,279,reel2__2,1439,N,True
4,131,bot25__3,1439,N,True
4,159,bot25__3,1439,N,True
4,reel11__9,reel39__6,1439,N,True
4,131,reel39__6,1439,N,True
4,307,bot71__3,1439,N,True
4,282,bot2__6,1439,N,True
4,103,bot2__6,1439,N,True
4,19,bot2__6,1439,N,True
4,154,reel18__2,1439,N,True
4,83,reel18__2,1439,N,True
4,103,reel18__2,1439,N,True
4,103,bot43__0,1439,N,True
4,103,bot47__6,1439,N,True
4,103,bot57__2,1439,N,True
4,325,bot57__2,1439,N,True
4,124,bot57__2,1439,N,True
4,172,reel1__6,1439,N,True
4,195,reel1__6,1439,N,True
4,159,reel1__6,1439,N,True
4,159,reel23__0,1439,N,True
4,183,reel33__0,1439,N,True
4,159,reel33__0,1439,N,True
4,159,bot41__2,1439,N,True
4,159,reel43__6,1439,N,True
4,227,reel43__6,1439,N,True
4,reel8__0,reel0__1,1439,N,True
4,256,reel0__1,1439,N,True
4,98,reel0__1,1439,N,True
4,110,reel0__1,1439,N,True
4,110,bot7__7,1439,N,True
4,294,bot7__7,1439,N,True
4,63,reel7__7,1439,N,True
4,328,reel7__7,1439,N,True
4,110,reel7__7,1439,N,True
4,104,reel8__4,1439,N,True
4,110,reel8__4,1439,N,True
4,110,reel12__3,1439,N,True
4,171,reel17__8,1439,N,True
4,10,reel17__8,1439,N,True
4,110,reel17__8,1439,N,True
4,299,reel32__5,1439,N,True
4,110,reel32__5,1439,N,True
4,94,bot22__8,1439,N,True
4,205,bot22__8,1439,N,True
4,279,bot22__8,1439,N,True
4,reel13__8,bot50__3,1439,N,True
4,279,bot50__3,1439,N,True
4,279,bot54__0,1439,N,True
4,135,reel0__6,1439,N,True
4,bot12__0,reel0__6,1439,N,True
4,138,reel0__6,1439,N,True
4,179,reel44__7,1439,N,True
4,reel35__5,reel44__7,1439,N,True
4,reel35__5,reel68__9,1439,N,True
4,76,reel69__6,1439,N,True
4,reel35__5,reel69__6,1439,N,True
4,reel51__2,bot63__6,1439,N,True
4,319,bot32__4,1439,N,True
4,reel0__5,bot32__4,1439,N,True
4,157,reel2__4,1439,N,True
4,245,reel2__4,1439,N,True
4,bot44__9,reel2__4,1439,N,True
4,reel12__6,reel2__4,1439,N,True
4,bot19__7,bot26__6,1439,N,True
4,91,bot26__6,1439,N,True
4,reel12__6,bot26__6,1439,N,True
4,reel12__6,bot30__8,1439,N,True
4,reel12__6,bot55__4,1439,N,True
4,345,bot2__4,1439,N,True
4,130,bot2__4,1439,N,True
4,342,bot2__4,1439,N,True
4,256,bot14__1,1439,N,True
4,342,bot14__1,1439,N,True
4,83,reel48__2,1439,N,True
4,bot62__9,reel48__2,1439,N,True
4,342,reel48__2,1439,N,True
4,219,bot17__4,1439,N,True
4,238,bot17__4,1439,N,True
4,155,bot19__5,1439,N,True
4,238,bot19__5,1439,N,True
4,162,bot21__5,1439,N,True
4,238,bot21__5,1439,N,True
4,238,reel22__7,1439,N,True
4,reel4__4,reel22__7,1439,N,True
4,238,reel25__8,1439,N,True
4,35,reel34__5,1439,N,True
4,27,reel34__5,1439,N,True
4,238,reel34__5,1439,N,True
4,238,reel55__6,1439,N,True
4,reel1__5,reel46__8,1439,N,True
4,213,bot0__6,1439,N,True
4,341,bot0__6,1439,N,True
4,213,reel39__5,1439,N,True
4,34,reel39__5,1439,N,True
4,97,reel39__5,1439,N,True
4,130,reel2__6,1439,N,True
4,195,reel2__6,1439,N,True
4,136,reel2__6,1439,N,True
4,130,bot15__4,1439,N,True
4,240,bot15__4,1439,N,True
4,341,bot15__4,1439,N,True
4,130,reel19__6,1439,N,True
4,280,reel28__7,1439,N,True
4,130,reel28__7,1439,N,True
4,328,reel28__7,1439,N,True
4,333,reel5__4,1439,N,True
4,324,reel5__4,1439,N,True
4,320,reel5__4,1439,N,True
4,320,bot21__6,1439,N,True
4,320,reel45__4,1439,N,True
4,300,bot46__0,1439,N,True
4,27,bot46__0,1439,N,True
4,320,bot46__0,1439,N,True
4,320,bot66__8,1439,N,True
4,94,reel66__0,1439,N,True
4,320,reel66__0,1439,N,True
4,63,bot1__6,1439,N,True
4,233,bot1__6,1439,N,True
4,63,bot64__7,1439,N,True
4,2,bot29__5,1439,N,True
4,2,bot29__6,1439,N,True
4,2,bot43__4,1439,N,True
4,26,bot43__4,1439,N,True
4,2,bot58__3,1439,N,True
4,bot6__8,bot58__3,1439,N,True
4,256,bot58__3,1439,N,True
4,bot24__2,bot30__9,1439,N,True
4,156,bot30__9,1439,N,True
4,87,bot33__2,1439,N,True
4,324,bot33__2,1439,N,True
4,bot24__2,bot33__2,1439,N,True
4,326,bot4__1,1439,N,True
4,bot41__8,bot4__1,1439,N,True
4,241,bot4__1,1439,N,True
4,126,bot8__3,1439,N,True
4,241,bot8__3,1439,N,True
4,reel6__4,bot8__3,1439,N,True
4,reel4__8,reel10__3,1439,N,True
4,241,reel10__3,1439,N,True
4,reel9__2,reel10__3,1439,N,True
4,94,bot22__3,1439,N,True
4,bot47__4,bot22__3,1439,N,True
4,241,bot22__3,1439,N,True
4,241,reel35__3,1439,N,True
4,241,bot45__9,1439,N,True
4,bot36__5,bot45__9,1439,N,True
4,241,reel65__2,1439,N,True
4,94,bot7__8,1439,N,True
4,147,bot7__8,1439,N,True
4,bot67__1,bot11__4,1439,N,True
4,147,bot11__4,1439,N,True
4,85,reel15__4,1439,N,True
4,147,reel15__4,1439,N,True
4,214,reel43__9,1439,N,True
4,147,reel43__9,1439,N,True
4,87,bot53__8,1439,N,True
4,147,bot53__8,1439,N,True
4,147,reel66__8,1439,N,True
4,67,bot12__8,1439,N,True
4,79,reel12__1,1439,N,True
4,67,reel12__1,1439,N,True
4,reel9__7,reel12__1,1439,N,True
4,220,reel13__7,1439,N,True
4,67,reel13__7,1439,N,True
4,183,reel13__7,1439,N,True
4,331,bot17__7,1439,N,True
4,240,bot17__7,1439,N,True
4,67,bot17__7,1439,N,True
4,reel4__8,bot23__6,1439,N,True
4,67,bot23__6,1439,N,True
4,67,bot30__7,1439,N,True
4,bot53__4,reel31__9,1439,N,True
4,67,reel31__9,1439,N,True
4,67,reel46__3,1439,N,True
4,bot25__0,bot21__9,1439,N,True
4,bot20__1,bot21__9,1439,N,True
4,206,bot11__1,1439,N,True
4,134,bot11__1,1439,N,True
4,251,bot11__1,1439,N,True
4,reel32__8,reel33__9,1439,N,True
4,reel32__8,bot56__9,1439,N,True
4,reel40__8,reel54__5,1439,N,True
4,302,reel20__5,1439,N,True
4,302,reel26__0,1439,N,True
4,302,bot54__4,1439,N,True
4,reel52__0,reel35__8,1439,N,True
4,reel42__1,reel35__8,1439,N,True
4,9,reel35__8,1439,N,True
4,192,reel12__0,1439,N,True
4,reel42__1,reel12__0,1439,N,True
4,reel0__5,reel12__0,1439,N,True
4,reel42__1,reel60__9,1439,N,True
4,reel62__5,reel60__9,1439,N,True
4,132,reel1__9,1439,N,True
4,100,reel1__9,1439,N,True
4,bot4__0,reel1__9,1439,N,True
4,42,reel1__8,1439,N,True
4,9,reel1__8,1439,N,True
4,261,reel1__8,1439,N,True
4,bot4__0,reel1__8,1439,N,True
4,208,bot2__2,1439,N,True
4,208,reel29__0,1439,N,True
4,reel12__8,reel29__0,1439,N,True
4,208,bot59__1,1439,N,True
4,208,reel65__5,1439,N,True
4,reel52__4,reel65__5,1439,N,True
4,155,reel65__5,1439,N,True
4,bot55__7,bot20__3,1439,N,True
4,94,bot20__3,1439,N,True
4,258,bot20__3,1439,N,True
4,337,reel15__5,1439,N,True
4,138,reel15__5,1439,N,True
4,138,bot51__4,1439,N,True
4,214,reel5__0,1439,N,True
4,bot22__0,reel5__0,1439,N,True
4,reel25__2,reel5__0,1439,N,True
4,reel0__5,reel5__0,1439,N,True
4,20,reel5__0,1439,N,True
4,134,reel21__6,1439,N,True
4,reel0__5,reel21__6,1439,N,True
4,270,bot31__1,1439,N,True
4,reel0__5,bot31__1,1439,N,True
4,53,reel31__3,1439,N,True
4,reel0__5,reel31__3,1439,N,True
4,reel42__0,reel31__3,1439,N,True
4,reel0__5,bot34__1,1439,N,True
4,reel0__5,bot39__4,1439,N,True
4,reel46__0,bot52__7,1439,N,True
4,reel0__5,bot52__7,1439,N,True
4,bot48__3,bot52__7,1439,N,True
4,217,bot2__7,1439,N,True
4,53,reel9__8,1439,N,True
4,217,reel9__8,1439,N,True
4,reel4__2,reel38__2,1439,N,True
4,217,reel38__2,1439,N,True
4,217,reel41__6,1439,N,True
4,337,bot57__3,1439,N,True
4,reel2__5,bot57__3,1439,N,True
4,198,bot9__6,1439,N,True
4,198,reel11__2,1439,N,True
4,reel13__2,bot32__3,1439,N,True
4,198,bot32__3,1439,N,True
4,198,reel37__8,1439,N,True
4,reel9__6,reel41__7,1439,N,True
4,198,reel41__7,1439,N,True
4,162,bot16__3,1439,N,True
4,106,reel37__9,1439,N,True
4,reel42__4,reel37__9,1439,N,True
4,109,reel37__9,1439,N,True
4,reel42__4,reel45__2,1439,N,True
4,333,reel45__2,1439,N,True
4,reel37__1,reel53__0,1439,N,True
4,reel37__1,bot55__5,1439,N,True
4,246,bot15__8,1439,N,True
4,246,bot42__3,1439,N,True
4,reel2__1,bot42__3,1439,N,True
4,246,bot53__2,1439,N,True
4,246,bot62__5,1439,N,True
4,175,bot13__9,1439,N,True
4,bot65__4,bot13__9,1439,N,True
4,227,bot13__9,1439,N,True
4,bot63__2,bot24__5,1439,N,True
4,122,bot24__5,1439,N,True
4,227,bot24__5,1439,N,True
4,10,reel28__1,1439,N,True
4,227,reel28__1,1439,N,True
4,227,bot29__8,1439,N,True
4,283,reel47__9,1439,N,True
4,227,reel47__9,1439,N,True
4,288,reel1__7,1439,N,True
4,49,reel1__7,1439,N,True
4,4,reel7__3,1439,N,True
4,288,reel7__3,1439,N,True
4,288,reel7__9,1439,N,True
4,94,reel7__9,1439,N,True
4,24,reel7__9,1439,N,True
4,288,reel34__1,1439,N,True
4,184,reel36__4,1439,N,True
4,288,reel36__4,1439,N,True
4,288,bot44__4,1439,N,True
4,205,bot44__4,1439,N,True
4,240,reel44__4,1439,N,True
4,340,reel44__4,1439,N,True
4,184,reel23__1,1439,N,True
4,315,reel23__1,1439,N,True
4,bot29__9,reel23__1,1439,N,True
4,184,reel57__1,1439,N,True
4,reel29__5,reel32__0,1439,N,True
4,reel29__5,reel59__2,1439,N,True
4,reel29__5,reel64__5,1439,N,True
4,175,reel64__5,1439,N,True
4,224,bot8__4,1439,N,True
4,10,bot8__4,1439,N,True
4,13,bot8__4,1439,N,True
4,bot22__0,reel10__8,1439,N,True
4,192,reel10__8,1439,N,True
4,183,reel10__8,1439,N,True
4,81,reel10__8,1439,N,True
4,13,reel23__7,1439,N,True
4,81,reel23__7,1439,N,True
4,reel33__5,reel49__2,1439,N,True
4,153,reel49__2,1439,N,True
4,81,reel49__2,1439,N,True
4,reel46__0,reel61__6,1439,N,True
4,317,reel61__6,1439,N,True
4,81,reel61__6,1439,N,True
4,243,bot5__8,1439,N,True
4,324,bot5__8,1439,N,True
4,243,reel19__5,1439,N,True
4,122,reel19__5,1439,N,True
4,243,reel19__8,1439,N,True
4,243,reel27__9,1439,N,True
4,282,reel27__9,1439,N,True
4,243,reel59__8,1439,N,True
4,243,reel60__2,1439,N,True
4,reel25__2,reel60__2,1439,N,True
4,243,reel62__8,1439,N,True
4,reel6__4,reel62__8,1439,N,True
4,bot19__7,bot55__8,1439,N,True
4,bot45__2,bot55__8,1439,N,True
4,171,bot2__5,1439,N,True
4,250,bot2__5,1439,N,True
4,1,bot2__5,1439,N,True
4,171,reel36__6,1439,N,True
4,190,bot24__7,1439,N,True
4,bot5__4,bot24__7,1439,N,True
4,bot5__4,bot64__9,1439,N,True
4,86,reel12__5,1439,N,True
4,86,reel27__8,1439,N,True
4,bot33__5,bot25__1,1439,N,True
4,47,bot25__1,1439,N,True
4,52,bot1__1,1439,N,True
4,bot33__5,bot1__1,1439,N,True
4,188,bot1__1,1439,N,True
4,183,reel14__0,1439,N,True
4,146,reel14__0,1439,N,True
4,135,reel14__0,1439,N,True
4,346,reel27__2,1439,N,True
4,reel25__0,reel27__2,1439,N,True
4,146,reel27__2,1439,N,True
4,146,reel63__1,1439,N,True
4,reel2__1,reel63__1,1439,N,True
4,bot36__6,bot4__6,1439,N,True
4,224,bot4__6,1439,N,True
4,221,bot4__6,1439,N,True
4,229,bot4__6,1439,N,True
4,bot47__9,bot15__6,1439,N,True
4,221,bot15__6,1439,N,True
4,221,bot49__4,1439,N,True
4,285,bot49__3,1439,N,True
4,281,bot28__7,1439,N,True
4,281,bot36__2,1439,N,True
4,281,bot53__7,1439,N,True
4,76,reel6__0,1439,N,True
4,reel39__2,reel6__0,1439,N,True
4,85,reel6__0,1439,N,True
4,106,reel36__5,1439,N,True
4,reel14__9,reel36__5,1439,N,True
4,reel39__2,reel36__5,1439,N,True
4,reel51__9,reel36__5,1439,N,True
4,reel39__2,reel69__5,1439,N,True
4,126,reel0__2,1439,N,True
4,77,reel0__2,1439,N,True
4,250,reel0__2,1439,N,True
4,reel7__4,reel0__2,1439,N,True
4,126,bot11__9,1439,N,True
4,bot3__2,bot11__9,1439,N,True
4,bot4__9,bot11__9,1439,N,True
4,126,reel26__5,1439,N,True
4,126,bot55__6,1439,N,True
4,reel4__3,bot7__9,1439,N,True
4,reel4__3,bot18__3,1439,N,True
4,reel4__3,reel32__6,1439,N,True
4,71,reel32__6,1439,N,True
4,reel4__3,reel46__6,1439,N,True
4,44,reel46__6,1439,N,True
4,316,reel46__6,1439,N,True
4,195,reel2__3,1439,N,True
4,242,reel2__3,1439,N,True
4,1,reel2__3,1439,N,True
4,bot40__6,reel2__3,1439,N,True
4,reel39__4,reel2__3,1439,N,True
4,249,reel21__7,1439,N,True
4,bot40__6,reel21__7,1439,N,True
4,195,reel21__7,1439,N,True
4,reel33__8,reel21__7,1439,N,True
4,195,bot36__1,1439,N,True
4,195,bot68__0,1439,N,True
4,195,bot71__8,1439,N,True
4,71,bot5__1,1439,N,True
4,41,bot5__1,1439,N,True
4,bot36__5,bot5__1,1439,N,True
4,175,reel13__3,1439,N,True
4,80,reel13__3,1439,N,True
4,324,reel13__3,1439,N,True
4,bot36__5,reel13__3,1439,N,True
4,bot44__9,bot46__5,1439,N,True
4,bot36__5,bot46__5,1439,N,True
4,bot36__5,bot64__1,1439,N,True
4,reel38__5,reel33__7,1439,N,True
4,186,reel33__7,1439,N,True
4,reel38__5,bot41__6,1439,N,True
4,reel38__5,bot53__6,1439,N,True
4,325,bot53__6,1439,N,True
4,reel38__5,reel53__8,1439,N,True
4,276,reel53__8,1439,N,True
4,90,reel28__2,1439,N,True
4,326,reel28__2,1439,N,True
4,333,reel28__2,1439,N,True
4,90,reel48__5,1439,N,True
4,340,bot31__0,1439,N,True
4,340,reel44__6,1439,N,True
4,255,reel44__6,1439,N,True
4,340,reel49__1,1439,N,True
4,97,reel49__1,1439,N,True
4,340,reel65__9,1439,N,True
4,98,reel65__9,1439,N,True
4,179,bot39__6,1439,N,True
4,275,bot2__1,1439,N,True
4,156,bot2__1,1439,N,True
4,42,bot2__1,1439,N,True
4,275,bot5__3,1439,N,True
4,84,bot5__3,1439,N,True
4,275,reel39__8,1439,N,True
4,275,reel70__2,1439,N,True
4,75,reel70__2,1439,N,True
4,44,bot9__4,1439,N,True
4,bot53__4,bot9__4,1439,N,True
4,27,bot9__4,1439,N,True
4,316,bot9__4,1439,N,True
4,reel11__5,reel15__8,1439,N,True
4,reel13__8,reel15__8,1439,N,True
4,257,reel6__7,1439,N,True
4,reel17__9,reel6__7,1439,N,True
4,206,reel6__7,1439,N,True
4,reel17__9,bot27__8,1439,N,True
4,258,bot27__8,1439,N,True
4,reel19__0,reel13__0,1439,N,True
4,161,reel13__0,1439,N,True
4,122,reel13__0,1439,N,True
4,220,reel13__0,1439,N,True
4,253,reel10__5,1439,N,True
4,326,reel10__5,1439,N,True
4,253,reel58__1,1439,N,True
4,267,reel58__1,1439,N,True
4,19,reel24__2,1439,N,True
4,reel20__8,reel24__2,1439,N,True
4,reel23__4,reel24__2,1439,N,True
4,reel56__6,reel24__2,1439,N,True
4,172,bot11__6,1439,N,True
4,165,bot11__6,1439,N,True
4,165,reel14__4,1439,N,True
4,203,reel26__4,1439,N,True
4,165,reel26__4,1439,N,True
4,reel25__2,reel21__2,1439,N,True
4,34,reel21__2,1439,N,True
4,175,reel0__7,1439,N,True
4,270,reel0__7,1439,N,True
4,255,reel0__7,1439,N,True
4,255,bot3__0,1439,N,True
4,266,bot3__0,1439,N,True
4,278,bot3__0,1439,N,True
4,255,reel8__7,1439,N,True
4,170,reel8__7,1439,N,True
4,345,reel9__3,1439,N,True
4,255,reel9__3,1439,N,True
4,reel48__7,reel9__3,1439,N,True
4,255,reel48__4,1439,N,True
4,reel26__6,reel48__4,1439,N,True
4,255,reel56__3,1439,N,True
4,255,bot59__7,1439,N,True
4,247,reel5__3,1439,N,True
4,24,reel5__3,1439,N,True
4,60,bot14__7,1439,N,True
4,24,bot14__7,1439,N,True
4,bot65__3,bot14__7,1439,N,True
4,24,reel24__5,1439,N,True
4,24,reel50__1,1439,N,True
4,283,bot4__5,1439,N,True
4,283,bot13__8,1439,N,True
4,206,reel32__7,1439,N,True
4,283,reel32__7,1439,N,True
4,77,bot23__3,1439,N,True
4,reel21__9,bot23__3,1439,N,True
4,reel28__0,reel40__1,1439,N,True
4,reel23__4,reel40__1,1439,N,True
4,reel21__9,reel40__1,1439,N,True
4,181,bot39__0,1439,N,True
4,99,bot39__0,1439,N,True
4,99,bot57__0,1439,N,True
4,bot63__2,bot57__5,1439,N,True
4,99,bot57__5,1439,N,True
4,303,reel36__2,1439,N,True
4,303,reel52__5,1439,N,True
4,207,bot46__3,1439,N,True
4,149,reel12__9,1439,N,True
4,333,reel12__9,1439,N,True
4,bot20__4,reel12__9,1439,N,True
4,98,reel12__9,1439,N,True
4,132,reel69__0,1439,N,True
4,reel12__8,reel69__0,1439,N,True
4,326,bot2__3,1439,N,True
4,326,bot20__9,1439,N,True
4,326,reel25__6,1439,N,True
4,326,reel34__3,1439,N,True
4,bot49__9,bot55__2,1439,N,True
4,bot13__0,bot61__7,1439,N,True
4,57,bot61__7,1439,N,True
4,309,bot61__7,1439,N,True
4,225,reel61__0,1439,N,True
4,309,reel61__0,1439,N,True
4,157,bot10__1,1439,N,True
4,49,bot10__1,1439,N,True
4,280,reel27__1,1439,N,True
4,49,reel27__1,1439,N,True
4,49,reel27__3,1439,N,True
4,reel25__7,reel27__3,1439,N,True
4,80,bot51__6,1439,N,True
4,49,bot51__6,1439,N,True
4,bot34__9,reel0__3,1439,N,True
4,324,reel0__3,1439,N,True
4,152,reel0__3,1439,N,True
4,reel4__4,reel0__3,1439,N,True
4,44,bot60__2,1439,N,True
4,152,bot60__2,1439,N,True
4,256,reel63__5,1439,N,True
4,152,reel63__5,1439,N,True
4,152,reel65__8,1439,N,True
4,reel34__8,reel27__6,1439,N,True
4,336,reel27__6,1439,N,True
4,reel34__8,bot58__9,1439,N,True
4,80,bot58__9,1439,N,True
4,52,bot58__9,1439,N,True
4,reel11__9,reel28__3,1439,N,True
4,reel5__9,reel28__3,1439,N,True
4,reel6__4,reel28__3,1439,N,True
4,reel6__4,reel51__4,1439,N,True
4,262,bot1__0,1439,N,True
4,229,bot1__0,1439,N,True
4,229,bot36__9,1439,N,True
4,bot33__3,bot8__1,1439,N,True
4,bot0__7,bot8__1,1439,N,True
4,42,bot8__1,1439,N,True
4,145,bot29__1,1439,N,True
4,13,bot29__1,1439,N,True
4,bot51__2,bot29__1,1439,N,True
4,119,reel24__7,1439,N,True
4,225,reel24__7,1439,N,True
4,119,reel62__6,1439,N,True
4,84,reel62__6,1439,N,True
4,191,bot22__1,1439,N,True
4,191,bot71__7,1439,N,True
4,225,bot71__7,1439,N,True
4,reel13__2,reel65__6,1439,N,True
4,133,reel65__6,1439,N,True
4,reel7__4,reel14__5,1439,N,True
4,reel7__4,reel41__0,1439,N,True
4,133,reel1__1,1439,N,True
4,284,reel1__1,1439,N,True
4,109,reel1__1,1439,N,True
4,bot65__3,reel1__1,1439,N,True
4,337,bot32__0,1439,N,True
4,reel66__1,reel27__4,1439,N,True
4,reel53__4,reel56__8,1439,N,True
4,reel53__4,reel60__1,1439,N,True
4,reel53__4,reel69__3,1439,N,True
4,reel64__3,reel24__0,1439,N,True
4,233,reel24__0,1439,N,True
4,236,reel24__0,1439,N,True
4,reel5__8,reel24__0,1439,N,True
4,223,reel20__4,1439,N,True
4,278,reel20__4,1439,N,True
4,278,bot24__9,1439,N,True
4,reel8__0,reel35__6,1439,N,True
4,71,reel35__6,1439,N,True
4,278,reel35__6,1439,N,True
4,278,bot58__1,1439,N,True
4,160,reel24__6,1439,N,True
4,247,reel24__6,1439,N,True
4,160,reel70__5,1439,N,True
4,200,bot20__7,1439,N,True
4,84,bot20__7,1439,N,True
4,41,reel28__6,1439,N,True
4,200,reel28__6,1439,N,True
4,reel5__8,bot14__2,1439,N,True
4,20,bot14__2,1439,N,True
4,20,reel14__3,1439,N,True
4,264,bot15__0,1439,N,True
4,20,bot15__0,1439,N,True
4,reel5__9,bot15__0,1439,N,True
4,333,bot18__8,1439,N,True
4,20,bot18__8,1439,N,True
4,reel52__4,reel12__4,1439,N,True
4,100,reel12__4,1439,N,True
4,151,reel12__4,1439,N,True
4,151,bot24__3,1439,N,True
4,175,reel28__9,1439,N,True
4,245,reel28__9,1439,N,True
4,151,reel28__9,1439,N,True
4,59,bot30__5,1439,N,True
4,151,bot30__5,1439,N,True
4,151,reel41__4,1439,N,True
4,331,bot21__0,1439,N,True
4,331,bot31__7,1439,N,True
4,331,reel38__1,1439,N,True
4,197,reel38__1,1439,N,True
4,234,reel38__1,1439,N,True
4,94,bot8__7,1439,N,True
4,89,bot8__7,1439,N,True
4,89,reel65__7,1439,N,True
4,328,bot3__9,1439,N,True
4,327,bot3__9,1439,N,True
4,250,reel40__2,1439,N,True
4,327,reel40__2,1439,N,True
4,21,reel51__7,1439,N,True
4,327,reel51__7,1439,N,True
4,188,bot17__5,1439,N,True
4,1,bot17__5,1439,N,True
4,bot69__2,bot49__8,1439,N,True
4,188,bot49__8,1439,N,True
4,reel17__5,bot49__8,1439,N,True
4,188,reel51__6,1439,N,True
4,297,reel51__6,1439,N,True
4,reel10__1,reel51__6,1439,N,True
4,144,bot11__5,1439,N,True
4,144,reel14__7,1439,N,True
4,144,reel22__4,1439,N,True
4,144,reel31__2,1439,N,True
4,144,bot52__2,1439,N,True
4,192,reel54__0,1439,N,True
4,144,reel54__0,1439,N,True
4,bot61__4,bot42__9,1439,N,True
4,124,bot42__9,1439,N,True
4,bot47__4,bot58__5,1439,N,True
4,reel53__2,bot58__5,1439,N,True
4,reel25__0,bot64__3,1439,N,True
4,280,reel66__5,1439,N,True
4,reel25__0,reel66__5,1439,N,True
4,reel25__0,reel66__7,1439,N,True
4,62,reel66__7,1439,N,True
4,282,reel5__6,1439,N,True
4,282,reel39__0,1439,N,True
4,282,reel53__9,1439,N,True
4,133,reel53__9,1439,N,True
4,250,reel1__4,1439,N,True
4,250,reel11__0,1439,N,True
4,155,reel11__0,1439,N,True
4,reel9__6,reel56__2,1439,N,True
4,250,reel56__2,1439,N,True
4,bot6__8,bot5__0,1439,N,True
4,338,bot5__0,1439,N,True
4,341,reel7__2,1439,N,True
4,33,reel7__2,1439,N,True
4,reel9__7,reel7__2,1439,N,True
4,338,reel7__2,1439,N,True
4,338,bot18__1,1439,N,True
4,338,bot31__8,1439,N,True
4,338,bot63__1,1439,N,True
4,338,bot70__7,1439,N,True
4,reel23__4,bot28__9,1439,N,True
4,bot6__8,bot28__9,1439,N,True
4,bot33__3,bot28__9,1439,N,True
4,76,reel9__0,1439,N,True
4,284,reel9__0,1439,N,True
4,345,reel9__0,1439,N,True
4,76,bot37__2,1439,N,True
4,9,reel4__9,1439,N,True
4,69,reel4__9,1439,N,True
4,39,bot19__9,1439,N,True
4,69,bot19__9,1439,N,True
4,reel42__8,reel19__3,1439,N,True
4,reel20__1,reel19__3,1439,N,True
4,26,reel19__3,1439,N,True
4,69,reel19__3,1439,N,True
4,64,bot0__3,1439,N,True
4,244,bot0__3,1439,N,True
4,290,bot0__3,1439,N,True
4,60,bot70__5,1439,N,True
4,bot12__5,bot70__5,1439,N,True
4,33,bot6__0,1439,N,True
4,reel46__0,reel29__3,1439,N,True
4,325,reel38__8,1439,N,True
4,260,reel38__8,1439,N,True
4,204,bot51__0,1439,N,True
4,reel41__9,bot51__0,1439,N,True
4,325,bot51__0,1439,N,True
4,325,bot51__8,1439,N,True
4,133,bot60__6,1439,N,True
4,325,bot60__6,1439,N,True
4,54,bot15__3,1439,N,True
4,254,bot15__3,1439,N,True
4,45,bot45__6,1439,N,True
4,91,bot45__6,1439,N,True
4,45,reel56__0,1439,N,True
4,bot11__2,bot10__3,1439,N,True
4,324,bot10__3,1439,N,True
4,23,bot31__4,1439,N,True
4,reel4__4,bot11__0,1439,N,True
4,83,bot25__2,1439,N,True
4,343,bot25__2,1439,N,True
4,109,reel55__3,1439,N,True
4,343,reel55__3,1439,N,True
4,258,reel15__0,1439,N,True
4,100,reel15__0,1439,N,True
4,reel32__3,reel15__0,1439,N,True
4,36,reel43__8,1439,N,True
4,reel4__2,reel43__8,1439,N,True
4,204,reel43__8,1439,N,True
4,36,reel56__5,1439,N,True
4,170,reel56__5,1439,N,True
4,239,bot36__7,1439,N,True
4,234,bot36__7,1439,N,True
4,bot67__5,bot36__7,1439,N,True
4,239,reel59__3,1439,N,True
4,107,reel59__3,1439,N,True
4,239,bot61__9,1439,N,True
4,222,reel10__0,1439,N,True
4,284,reel10__0,1439,N,True
4,bot14__5,reel10__0,1439,N,True
4,bot14__5,bot15__9,1439,N,True
4,bot11__8,bot15__9,1439,N,True
4,bot14__5,bot31__2,1439,N,True
4,bot14__5,bot50__5,1439,N,True
4,bot14__5,bot66__5,1439,N,True
4,169,reel3__7,1439,N,True
4,bot6__4,reel3__7,1439,N,True
4,170,reel3__7,1439,N,True
4,332,bot11__3,1439,N,True
4,170,bot11__3,1439,N,True
4,bot34__9,bot37__8,1439,N,True
4,bot21__1,bot37__8,1439,N,True
4,bot21__1,bot38__1,1439,N,True
4,reel20__1,bot38__1,1439,N,True
4,reel50__4,reel17__4,1439,N,True
4,328,reel17__4,1439,N,True
4,116,reel17__4,1439,N,True
4,reel50__4,bot55__3,1439,N,True
4,reel23__4,bot26__9,1439,N,True
4,reel23__4,reel43__0,1439,N,True
4,242,reel43__0,1439,N,True
4,reel23__4,reel43__7,1439,N,True
4,153,reel43__7,1439,N,True
4,reel23__4,bot70__8,1439,N,True
4,122,bot70__8,1439,N,True
4,35,reel38__7,1439,N,True
4,reel28__0,reel38__7,1439,N,True
4,reel9__2,reel38__7,1439,N,True
4,reel28__0,reel43__5,1439,N,True
4,reel28__0,reel57__4,1439,N,True
4,reel9__7,bot43__6,1439,N,True
4,270,bot0__9,1439,N,True
4,8,bot0__9,1439,N,True
4,257,bot58__2,1439,N,True
4,97,bot23__7,1439,N,True
4,97,reel50__0,1439,N,True
4,reel58__7,reel56__4,1439,N,True
4,120,reel9__4,1439,N,True
4,167,reel9__4,1439,N,True
4,reel20__1,reel9__4,1439,N,True
4,167,bot49__2,1439,N,True
4,332,bot49__2,1439,N,True
4,167,reel63__2,1439,N,True
4,167,reel63__4,1439,N,True
4,9,reel63__4,1439,N,True
4,reel42__8,reel46__2,1439,N,True
4,274,reel46__2,1439,N,True
4,4,bot29__4,1439,N,True
4,264,bot29__4,1439,N,True
4,4,bot47__5,1439,N,True
4,94,bot47__5,1439,N,True
4,4,reel55__5,1439,N,True
4,124,reel31__5,1439,N,True
4,reel64__6,reel31__5,1439,N,True
4,300,bot33__1,1439,N,True
4,300,reel56__7,1439,N,True
4,300,reel70__9,1439,N,True
4,276,reel1__2,1439,N,True
4,72,reel1__2,1439,N,True
4,115,reel1__2,1439,N,True
4,172,reel18__7,1439,N,True
4,bot24__0,reel18__7,1439,N,True
4,104,reel18__7,1439,N,True
4,bot27__0,reel2__8,1439,N,True
4,233,reel2__8,1439,N,True
4,316,reel2__8,1439,N,True
4,bot27__0,bot13__1,1439,N,True
4,284,bot13__1,1439,N,True
4,156,bot13__1,1439,N,True
4,bot27__0,bot42__1,1439,N,True
4,reel25__2,bot30__6,1439,N,True
4,135,bot30__6,1439,N,True
4,reel11__9,reel54__2,1439,N,True
4,249,reel54__2,1439,N,True
4,reel11__9,reel55__4,1439,N,True
4,93,reel11__4,1439,N,True
4,98,reel11__4,1439,N,True
4,98,reel44__5,1439,N,True
4,98,bot62__4,1439,N,True
4,reel10__1,bot35__6,1439,N,True
4,reel10__1,bot44__2,1439,N,True
4,reel10__1,bot62__7,1439,N,True
4,reel10__1,bot68__9,1439,N,True
4,reel17__5,reel31__8,1439,N,True
4,187,reel31__8,1439,N,True
4,298,reel31__8,1439,N,True
4,reel20__1,bot30__3,1439,N,True
4,reel20__1,reel47__3,1439,N,True
4,242,reel3__8,1439,N,True
4,242,bot45__3,1439,N,True
4,145,bot10__0,1439,N,True
4,235,bot10__0,1439,N,True
4,145,reel10__9,1439,N,True
4,245,reel10__9,1439,N,True
4,133,reel10__9,1439,N,True
4,145,reel15__9,1439,N,True
4,190,reel1__3,1439,N,True
4,317,reel1__3,1439,N,True
4,317,bot26__2,1439,N,True
4,317,reel41__8,1439,N,True
4,reel34__0,reel41__8,1439,N,True
4,317,bot52__5,1439,N,True
4,317,reel55__2,1439,N,True
4,134,bot49__5,1439,N,True
4,134,reel58__0,1439,N,True
4,270,reel42__5,1439,N,True
4,204,bot25__7,1439,N,True
4,204,reel59__7,1439,N,True
4,5,bot33__0,1439,N,True
4,5,reel67__2,1439,N,True
4,reel4__2,reel63__9,1439,N,True
4,85,reel63__9,1439,N,True
4,203,bot13__3,1439,N,True
4,175,bot13__3,1439,N,True
4,190,reel32__9,1439,N,True
4,190,reel40__7,1439,N,True
4,206,reel42__7,1439,N,True
4,66,reel42__7,1439,N,True
4,57,bot21__3,1439,N,True
4,176,bot21__3,1439,N,True
4,263,reel54__9,1439,N,True
4,reel17__5,bot58__8,1439,N,True
4,263,bot58__8,1439,N,True
4,263,bot71__4,1439,N,True
4,79,bot71__4,1439,N,True
4,reel48__0,reel24__1,1439,N,True
4,60,reel68__6,1439,N,True
4,reel48__0,reel68__6,1439,N,True
4,28,bot35__5,1439,N,True
4,108,bot28__6,1439,N,True
4,125,bot28__6,1439,N,True
4,108,bot63__0,1439,N,True
4,reel24__4,bot63__0,1439,N,True
4,62,bot63__7,1439,N,True
4,62,reel69__9,1439,N,True
4,59,reel21__0,1439,N,True
4,192,reel21__0,1439,N,True
4,176,reel21__0,1439,N,True
4,120,bot29__0,1439,N,True
4,120,bot34__7,1439,N,True
4,120,bot68__8,1439,N,True
4,83,reel4__1,1439,N,True
4,93,reel4__1,1439,N,True
4,93,reel66__9,1439,N,True
4,155,reel66__9,1439,N,True
4,60,bot4__3,1439,N,True
4,124,bot4__3,1439,N,True
4,124,reel22__8,1439,N,True
4,124,reel67__5,1439,N,True
4,133,bot0__1,1439,N,True
4,94,bot0__1,1439,N,True
4,237,bot0__1,1439,N,True
4,133,reel51__8,1439,N,True
4,133,bot60__7,1439,N,True
4,bot29__3,bot24__8,1439,N,True
4,9,bot24__8,1439,N,True
4,bot29__3,bot56__0,1439,N,True
4,87,bot19__1,1439,N,True
4,bot48__3,bot19__1,1439,N,True
4,reel0__0,bot56__3,1439,N,True
4,bot48__3,bot56__3,1439,N,True
4,294,bot13__2,1439,N,True
4,334,reel23__9,1439,N,True
4,294,reel23__9,1439,N,True
4,294,bot62__6,1439,N,True
4,32,bot32__9,1439,N,True
4,197,bot32__9,1439,N,True
4,60,reel6__9,1439,N,True
4,64,reel6__9,1439,N,True
4,reel24__4,reel6__9,1439,N,True
4,reel24__4,reel42__3,1439,N,True
4,reel24__4,bot54__5,1439,N,True
4,13,reel15__1,1439,N,True
4,346,reel15__1,1439,N,True
4,84,reel17__2,1439,N,True
4,104,reel29__7,1439,N,True
4,84,reel29__7,1439,N,True
4,50,reel25__3,1439,N,True
4,50,bot38__7,1439,N,True
4,50,reel44__8,1439,N,True
4,265,reel44__8,1439,N,True
4,bot60__9,bot28__4,1439,N,True
4,83,bot8__2,1439,N,True
4,83,reel58__2,1439,N,True
4,212,bot22__6,1439,N,True
4,181,bot22__6,1439,N,True
4,186,reel61__2,1439,N,True
4,181,reel61__2,1439,N,True
4,bot71__6,bot68__4,1439,N,True
4,reel29__2,bot68__4,1439,N,True
4,181,bot68__4,1439,N,True
4,bot27__4,bot18__0,1439,N,True
4,284,bot18__0,1439,N,True
4,284,reel61__9,1439,N,True
4,47,reel19__2,1439,N,True
4,157,bot24__6,1439,N,True
4,47,bot24__6,1439,N,True
4,47,bot29__2,1439,N,True
4,reel25__7,reel58__9,1439,N,True
4,reel25__7,reel61__7,1439,N,True
4,222,bot1__8,1439,N,True
4,reel33__5,reel13__6,1439,N,True
4,reel1__0,reel13__6,1439,N,True
4,reel49__6,reel13__6,1439,N,True
4,328,reel13__6,1439,N,True
4,328,reel25__1,1439,N,True
4,328,reel44__2,1439,N,True
4,bot25__6,bot30__0,1439,N,True
4,bot26__5,bot30__0,1439,N,True
4,175,bot31__6,1439,N,True
4,175,reel60__7,1439,N,True
4,bot0__5,bot25__4,1439,N,True
4,bot0__5,bot32__2,1439,N,True
4,reel21__1,bot32__2,1439,N,True
4,225,bot10__4,1439,N,True
4,225,reel31__6,1439,N,True
4,225,bot35__4,1439,N,True
4,261,bot35__4,1439,N,True
4,116,bot70__4,1439,N,True
4,bot71__6,bot1__2,1439,N,True
4,100,bot1__2,1439,N,True
4,100,bot12__2,1439,N,True
4,bot39__9,bot12__2,1439,N,True
4,reel5__9,bot12__2,1439,N,True
4,100,bot56__1,1439,N,True
4,183,bot12__1,1439,N,True
4,183,bot26__0,1439,N,True
4,183,bot41__3,1439,N,True
4,reel1__0,bot49__1,1439,N,True
4,264,bot49__1,1439,N,True
4,192,bot48__6,1439,N,True
4,224,reel5__7,1439,N,True
4,reel35__4,reel5__7,1439,N,True
4,32,reel40__5,1439,N,True
4,reel35__4,reel40__5,1439,N,True
4,reel35__4,reel57__8,1439,N,True
4,reel8__0,reel23__3,1439,N,True
4,154,reel23__3,1439,N,True
4,reel48__6,reel23__3,1439,N,True
4,reel37__5,reel23__3,1439,N,True
4,280,reel16__9,1439,N,True
4,54,reel16__9,1439,N,True
4,reel4__2,reel16__9,1439,N,True
4,54,bot18__9,1439,N,True
4,54,reel20__6,1439,N,True
4,324,reel20__6,1439,N,True
4,156,reel20__6,1439,N,True
4,186,reel6__2,1439,N,True
4,bot13__6,reel6__2,1439,N,True
4,271,reel6__2,1439,N,True
4,234,bot10__5,1439,N,True
4,271,bot10__5,1439,N,True
4,271,bot16__9,1439,N,True
4,219,bot24__4,1439,N,True
4,271,bot24__4,1439,N,True
4,182,bot24__4,1439,N,True
4,271,bot65__9,1439,N,True
4,reel29__2,reel34__9,1439,N,True
4,bot6__8,bot21__7,1439,N,True
4,182,bot21__7,1439,N,True
4,182,bot37__9,1439,N,True
4,182,reel37__0,1439,N,True
4,182,reel41__1,1439,N,True
4,315,bot16__0,1439,N,True
4,bot6__8,bot16__0,1439,N,True
4,bot6__8,bot31__9,1439,N,True
4,bot6__8,bot50__1,1439,N,True
4,reel14__9,reel18__6,1439,N,True
4,reel36__0,reel18__6,1439,N,True
4,125,reel18__6,1439,N,True
4,reel14__9,reel47__1,1439,N,True
4,234,reel8__9,1439,N,True
4,336,reel8__9,1439,N,True
4,305,reel8__9,1439,N,True
4,336,reel18__3,1439,N,True
4,336,bot71__5,1439,N,True
4,reel5__8,bot39__5,1439,N,True
4,reel5__8,reel47__8,1439,N,True
4,reel5__8,reel61__8,1439,N,True
4,75,reel18__0,1439,N,True
4,316,reel18__0,1439,N,True
4,316,bot22__7,1439,N,True
4,111,bot22__7,1439,N,True
4,324,reel55__9,1439,N,True
4,75,reel55__9,1439,N,True
4,44,bot19__6,1439,N,True
4,1,bot19__6,1439,N,True
4,212,bot48__1,1439,N,True
4,212,reel67__8,1439,N,True
4,reel33__5,reel43__2,1439,N,True
4,reel29__4,reel43__2,1439,N,True
4,13,bot10__7,1439,N,True
4,13,reel46__5,1439,N,True
4,87,bot13__5,1439,N,True
4,reel9__2,bot13__5,1439,N,True
4,186,reel13__5,1439,N,True
4,87,reel13__5,1439,N,True
4,87,bot67__6,1439,N,True
4,187,reel6__6,1439,N,True
4,122,reel6__6,1439,N,True
4,122,reel29__9,1439,N,True
4,122,bot66__0,1439,N,True
4,9,bot3__1,1439,N,True
4,267,bot3__1,1439,N,True
4,267,reel15__3,1439,N,True
4,267,bot27__3,1439,N,True
4,60,bot33__8,1439,N,True
4,60,reel36__8,1439,N,True
4,60,reel61__4,1439,N,True
4,bot41__8,bot54__1,1439,N,True
4,73,reel64__4,1439,N,True
4,9,bot3__4,1439,N,True
4,9,bot43__5,1439,N,True
4,9,reel65__1,1439,N,True
4,214,reel54__8,1439,N,True
4,214,bot57__1,1439,N,True
4,237,bot12__9,1439,N,True
4,bot1__9,bot12__9,1439,N,True
4,237,bot71__2,1439,N,True
4,bot16__4,bot6__2,1439,N,True
4,156,bot6__2,1439,N,True
4,155,bot38__4,1439,N,True
4,156,bot38__4,1439,N,True
4,reel9__2,reel47__2,1439,N,True
4,333,bot69__0,1439,N,True
4,reel9__2,bot69__0,1439,N,True
4,reel29__4,bot57__6,1439,N,True
4,256,bot2__9,1439,N,True
4,75,bot2__9,1439,N,True
4,187,bot3__8,1439,N,True
4,75,bot3__8,1439,N,True
4,75,bot54__2,1439,N,True
4,41,reel70__1,1439,N,True
4,75,reel70__1,1439,N,True
4,41,bot17__1,1439,N,True
4,234,bot17__1,1439,N,True
4,bot13__0,bot35__3,1439,N,True
4,bot1__7,bot35__3,1439,N,True
4,bot13__0,bot39__2,1439,N,True
4,bot13__0,bot59__8,1439,N,True
4,bot13__0,bot63__5,1439,N,True
4,115,reel36__1,1439,N,True
4,341,reel15__7,1439,N,True
4,219,reel15__7,1439,N,True
4,341,reel38__9,1439,N,True
4,341,bot58__6,1439,N,True
4,bot63__2,bot68__5,1439,N,True
4,341,bot68__5,1439,N,True
4,44,reel57__3,1439,N,True
4,reel33__1,reel63__3,1439,N,True
4,reel34__7,reel8__8,1439,N,True
4,19,reel8__8,1439,N,True
4,19,reel70__0,1439,N,True
4,19,reel70__4,1439,N,True
4,80,reel29__6,1439,N,True
4,80,reel30__0,1439,N,True
4,reel4__2,reel14__8,1439,N,True
4,149,reel14__8,1439,N,True
4,53,bot23__1,1439,N,True
4,bot13__6,bot23__1,1439,N,True
4,149,bot23__1,1439,N,True
4,149,bot25__9,1439,N,True
4,149,reel67__7,1439,N,True
4,bot34__9,bot7__3,1439,N,True
4,262,reel22__9,1439,N,True
4,286,bot23__4,1439,N,True
4,262,bot23__4,1439,N,True
4,reel9__6,bot19__2,1439,N,True
4,280,reel18__1,1439,N,True
4,reel37__3,reel68__8,1439,N,True
4,334,bot38__9,1439,N,True
4,334,reel57__9,1439,N,True
4,72,bot46__9,1439,N,True
4,187,bot35__9,1439,N,True
4,187,bot67__3,1439,N,True
4,reel19__0,reel36__7,1439,N,True
4,235,reel36__7,1439,N,True
4,219,reel36__7,1439,N,True
4,bot5__6,bot69__3,1439,N,True
4,reel48__7,reel51__5,1439,N,True
4,261,reel51__5,1439,N,True
4,reel48__7,bot56__2,1439,N,True
4,79,reel4__0,1439,N,True
4,79,reel27__0,1439,N,True
4,77,bot33__9,1439,N,True
4,21,bot23__0,1439,N,True
4,bot67__1,reel39__3,1439,N,True
4,26,reel39__3,1439,N,True
4,59,bot20__8,1439,N,True
4,reel19__0,bot20__8,1439,N,True
4,reel50__9,reel66__6,1439,N,True
4,256,bot9__0,1439,N,True
4,256,bot11__7,1439,N,True
4,256,bot44__3,1439,N,True
4,reel5__9,bot44__3,1439,N,True
4,233,reel56__9,1439,N,True
4,256,reel56__9,1439,N,True
4,reel49__5,reel22__2,1439,N,True
4,reel49__5,bot63__8,1439,N,True
4,205,bot45__8,1439,N,True
4,205,bot59__2,1439,N,True
4,261,reel22__6,1439,N,True
4,reel5__9,reel22__6,1439,N,True
4,53,reel31__7,1439,N,True
4,reel5__9,reel31__7,1439,N,True
4,reel37__5,reel45__5,1439,N,True
4,reel5__9,reel45__5,1439,N,True
4,bot16__4,bot61__2,1439,N,True
4,53,bot50__4,1439,N,True
4,234,bot44__5,1439,N,True
4,234,reel52__1,1439,N,True
4,bot13__6,bot14__6,1439,N,True
4,reel4__2,bot14__6,1439,N,True
4,260,reel16__5,1439,N,True
4,249,reel35__2,1439,N,True
4,260,reel35__2,1439,N,True
4,265,bot48__5,1439,N,True
4,reel58__5,reel65__3,1439,N,True
4,reel11__5,reel17__0,1439,N,True
4,332,reel17__0,1439,N,True
4,39,bot7__2,1439,N,True
4,233,bot7__2,1439,N,True
4,233,bot10__9,1439,N,True
4,233,reel33__6,1439,N,True
4,155,bot12__6,1439,N,True
4,155,bot40__7,1439,N,True
4,235,reel30__3,1439,N,True
4,reel39__4,reel30__3,1439,N,True
4,106,bot7__6,1439,N,True
4,106,reel67__9,1439,N,True
4,224,reel26__7,1439,N,True
4,224,reel64__9,1439,N,True
4,reel41__9,reel62__7,1439,N,True
4,32,reel62__7,1439,N,True
4,reel0__0,reel38__3,1439,N,True
4,26,reel62__3,1439,N,True
4,reel11__5,bot26__4,1439,N,True
4,reel11__5,reel38__0,1439,N,True
4,reel34__7,bot44__6,1439,N,True
4,249,bot34__3,1439,N,True
4,333,bot7__4,1439,N,True
4,reel19__0,bot26__7,1439,N,True
4,reel19__0,reel29__8,1439,N,True
4,reel19__0,bot39__7,1439,N,True
4,94,bot8__8,1439,N,True
4,reel4__2,bot12__7,1439,N,True
4,reel4__2,bot57__9,1439,N,True
4,reel30__5,bot43__9,1439,N,True
4,reel30__5,reel52__2,1439,N,True
4,reel30__5,bot55__1,1439,N,True
4,315,reel52__6,1439,N,True
4,315,bot71__0,1439,N,True
4,reel51__0,reel61__5,1439,N,True
4,32,reel67__0,1439,N,True
4,bot1__7,bot27__5,1439,N,True
4,111,bot68__1,1439,N,True
4,reel52__4,reel63__0,1439,N,True
4,136,reel9__5,1439,N,True
4,235,bot40__8,1439,N,True
4,235,bot62__1,1439,N,True
4,bot5__5,bot37__1,1439,N,True
5,reel34__8,reel26__9,1420,N,False
5,reel40__9,bot45__1,1420,N,False
5,bot56__2,reel48__7,1420,N,False
5,reel28__5,reel32__1,1420,N,False
5,reel51__9,reel32__1,1420,N,False
5,bot66__2,bot11__6,1420,N,False
5,bot66__2,bot15__5,1420,N,False
5,reel62__2,reel17__9,1420,N,False
5,bot27__8,reel17__9,1420,N,False
5,bot25__8,bot24__4,1420,N,False
5,bot27__5,bot32__5,1420,N,False
5,reel50__3,reel53__7,1420,N,False
5,reel50__3,reel55__4,1420,N,False
5,reel63__6,reel55__4,1420,N,False
5,bot45__5,bot17__4,1420,N,False
5,bot11__4,bot17__4,1420,N,False
5,reel34__9,bot63__5,1420,N,False
5,reel42__2,reel35__7,1420,N,False
5,reel28__4,reel35__7,1420,N,False
5,bot31__7,bot18__6,1420,N,False
5,bot47__7,bot56__7,1420,N,False
5,bot45__0,reel32__0,1420,N,False
5,bot45__0,bot61__3,1420,N,False
5,reel56__0,reel38__8,1420,N,False
5,reel54__1,reel38__8,1420,N,False
5,bot1__2,bot71__6,1420,N,False
5,bot19__7,bot26__6,1420,N,False
5,reel29__1,reel67__5,1420,N,False
5,reel31__1,reel8__8,1420,N,False
5,reel31__1,reel51__5,1420,N,False
5,reel11__5,reel54__6,1420,N,False
5,reel56__1,reel68__5,1420,N,False
5,bot42__6,bot53__7,1420,N,False
5,reel66__8,reel68__2,1420,N,False
5,bot63__9,bot59__0,1420,N,False
5,bot36__3,bot44__6,1420,N,False
5,bot5__7,bot16__8,1420,N,False
5,reel64__1,reel25__9,1420,N,False
5,reel3__2,bot41__0,1420,N,False
5,reel3__2,reel66__4,1420,N,False
5,bot11__4,bot67__1,1420,N,False
5,reel13__0,reel19__0,1420,N,False
5,bot1__1,bot5__3,1420,N,False
5,bot56__0,bot29__3,1420,N,False
5,bot56__0,bot49__2,1420,N,False
5,bot71__9,bot68__1,1420,N,False
5,reel62__5,reel33__5,1420,N,False
5,reel3__9,reel44__0,1421,N,False
5,reel36__0,bot51__5,1421,N,False
5,reel3__9,bot51__5,1421,N,False
5,bot21__0,bot51__5,1421,N,False
5,reel7__5,reel10__6,1421,N,False
5,bot34__7,reel10__6,1421,N,False
5,reel7__5,reel36__8,1421,N,False
5,reel35__8,reel36__8,1421,N,False
5,bot17__7,bot69__5,1421,N,False
5,reel6__2,bot69__5,1421,N,False
5,bot14__3,bot64__0,1421,N,False
5,reel61__3,reel27__0,1421,N,False
5,reel11__1,reel27__0,1421,N,False
5,bot31__8,reel27__0,1421,N,False
5,reel1__6,bot66__7,1421,N,False
5,reel6__9,bot66__7,1421,N,False
5,bot7__2,bot66__7,1421,N,False
5,bot2__9,bot39__2,1421,N,False
5,reel5__8,bot14__2,1421,N,False
5,bot61__9,bot14__2,1421,N,False
5,reel23__0,bot65__5,1421,N,False
5,bot61__9,bot65__5,1421,N,False
5,bot69__4,bot61__4,1421,N,False
5,reel7__8,bot61__4,1421,N,False
5,bot56__4,bot61__4,1421,N,False
5,reel36__9,reel33__7,1421,N,False
5,reel2__7,bot51__9,1421,N,False
5,reel36__9,bot51__9,1421,N,False
5,bot46__9,reel41__0,1421,N,False
5,reel7__4,reel41__0,1421,N,False
5,reel25__1,reel41__0,1421,N,False
5,bot0__6,bot63__6,1421,N,False
5,reel51__2,bot63__6,1421,N,False
5,reel14__6,reel37__1,1421,N,False
5,reel3__0,reel37__1,1421,N,False
5,bot67__4,reel37__1,1421,N,False
5,bot19__9,bot17__1,1421,N,False
5,reel6__9,reel36__3,1421,N,False
5,reel42__3,reel36__3,1421,N,False
5,bot4__8,bot43__9,1421,N,False
5,reel30__5,bot43__9,1421,N,False
5,reel42__3,bot43__9,1421,N,False
5,reel19__1,bot25__4,1421,N,False
5,bot0__5,bot25__4,1421,N,False
5,reel26__5,bot52__6,1421,N,False
5,bot9__5,bot52__6,1421,N,False
5,reel36__2,reel22__8,1421,N,False
5,reel10__8,reel22__8,1421,N,False
5,reel36__2,reel57__9,1421,N,False
5,reel70__5,reel45__7,1421,N,False
5,bot35__2,reel16__5,1421,N,False
5,reel12__7,reel16__5,1421,N,False
5,reel51__9,reel32__1,1421,N,False
5,reel3__4,reel32__1,1421,N,False
5,reel3__4,reel45__5,1421,N,False
5,reel4__6,reel55__6,1421,N,False
5,reel3__4,reel55__6,1421,N,False
5,reel3__4,bot67__7,1421,N,False
5,reel34__9,bot63__5,1421,N,False
5,reel55__8,reel53__1,1421,N,False
5,reel54__7,reel53__1,1421,N,False
5,reel55__8,bot71__3,1421,N,False
5,bot58__6,bot71__3,1421,N,False
5,bot25__5,bot20__5,1421,N,False
5,reel13__7,bot20__5,1421,N,False
5,bot63__1,bot29__7,1421,N,False
5,reel13__4,reel17__3,1421,N,False
5,reel23__0,reel17__3,1421,N,False
5,reel13__4,bot24__1,1421,N,False
5,reel59__8,bot60__3,1421,N,False
5,reel20__3,bot60__3,1421,N,False
5,reel35__4,bot60__3,1421,N,False
5,reel8__4,bot36__1,1421,N,False
5,bot15__5,bot36__1,1421,N,False
5,bot47__5,bot36__1,1421,N,False
5,reel62__0,reel68__2,1421,N,False
5,reel66__9,reel68__2,1421,N,False
5,reel66__8,reel68__2,1421,N,False
5,bot36__5,bot5__1,1421,N,False
5,reel14__4,bot46__5,1421,N,False
5,bot36__5,bot46__5,1421,N,False
5,bot3__5,bot18__0,1421,N,False
5,reel23__3,bot30__8,1421,N,False
5,reel23__3,bot31__3,1421,N,False
5,reel33__4,reel42__2,1421,N,False
5,reel11__1,reel42__2,1421,N,False
5,reel35__7,reel42__2,1421,N,False
5,reel26__0,reel56__7,1421,N,False
5,reel6__0,reel24__5,1421,N,False
5,reel41__2,reel24__5,1421,N,False
5,bot56__4,reel24__5,1421,N,False
5,reel41__2,reel58__3,1421,N,False
5,reel31__0,reel58__3,1421,N,False
5,reel67__5,reel58__3,1421,N,False
5,bot58__6,bot53__2,1421,N,False
5,reel14__9,reel24__3,1421,N,False
5,reel57__1,reel24__3,1421,N,False
5,reel27__7,reel24__3,1421,N,False
5,reel17__4,bot27__2,1421,N,False
5,bot60__7,bot27__2,1421,N,False
5,reel17__4,reel43__3,1421,N,False
5,reel38__1,reel43__3,1421,N,False
5,reel17__4,reel50__4,1421,N,False
5,reel6__3,bot28__1,1421,N,False
5,reel6__4,bot28__1,1421,N,False
5,reel50__2,bot62__0,1421,N,False
5,reel43__4,reel15__4,1421,N,False
5,bot51__6,reel15__4,1421,N,False
5,reel7__4,bot33__4,1421,N,False
5,reel37__6,reel56__4,1421,N,False
5,reel11__8,reel56__4,1421,N,False
5,reel52__5,reel60__0,1421,N,False
5,bot22__6,bot37__0,1421,N,False
5,reel17__6,reel9__7,1421,N,False
5,reel7__2,reel9__7,1421,N,False
5,reel7__2,bot43__8,1421,N,False
5,reel7__2,reel68__6,1421,N,False
5,reel6__9,bot40__8,1421,N,False
5,bot0__6,bot47__0,1421,N,False
5,reel30__8,bot47__0,1421,N,False
5,reel6__9,bot47__0,1421,N,False
5,reel6__9,reel53__0,1421,N,False
5,reel11__1,reel26__1,1421,N,False
5,reel14__8,reel26__1,1421,N,False
5,reel9__9,reel21__3,1421,N,False
5,reel20__3,reel21__3,1421,N,False
5,reel20__3,bot45__5,1421,N,False
5,bot9__9,bot15__7,1421,N,False
5,bot29__1,bot15__7,1421,N,False
5,reel10__5,bot15__7,1421,N,False
5,bot39__3,bot22__5,1421,N,False
5,reel10__5,bot22__5,1421,N,False
5,bot10__0,bot56__5,1421,N,False
5,bot57__5,bot32__6,1421,N,False
5,reel6__0,reel30__4,1421,N,False
5,reel6__0,reel44__2,1421,N,False
5,reel8__4,reel60__8,1421,N,False
5,reel35__6,reel59__7,1421,N,False
5,reel35__6,bot62__3,1421,N,False
5,reel40__0,bot62__3,1421,N,False
5,bot23__2,bot57__8,1421,N,False
5,reel50__3,reel53__7,1421,N,False
5,reel66__7,reel53__7,1421,N,False
5,reel50__3,bot66__5,1421,N,False
5,reel45__9,bot51__3,1421,N,False
5,bot44__4,bot70__5,1421,N,False
5,bot12__5,bot70__5,1421,N,False
5,bot57__1,reel44__6,1421,N,False
5,reel30__2,reel44__6,1421,N,False
5,bot68__2,bot27__5,1421,N,False
5,reel15__9,bot27__5,1421,N,False
5,reel14__4,reel70__9,1421,N,False
5,bot15__5,bot66__2,1421,N,False
5,reel44__5,bot52__4,1421,N,False
5,reel44__5,reel66__3,1421,N,False
5,reel31__1,reel51__5,1421,N,False
5,reel9__4,reel20__1,1421,N,False
5,reel9__4,reel45__1,1421,N,False
5,reel21__1,reel45__1,1421,N,False
5,reel9__4,reel56__0,1421,N,False
5,reel38__8,reel56__0,1421,N,False
5,bot0__8,bot4__2,1421,N,False
5,reel26__6,bot43__7,1421,N,False
5,reel69__0,reel48__4,1421,N,False
5,reel26__6,reel48__4,1421,N,False
5,reel28__0,reel43__5,1421,N,False
5,bot71__6,bot1__2,1421,N,False
5,bot12__1,bot1__2,1421,N,False
5,bot5__7,bot45__4,1421,N,False
5,bot12__1,bot45__4,1421,N,False
5,bot43__2,bot45__4,1421,N,False
5,bot9__1,bot46__8,1421,N,False
5,bot12__1,bot46__8,1421,N,False
5,reel16__3,reel32__3,1421,N,False
5,reel15__0,reel32__3,1421,N,False
5,reel16__3,reel50__1,1421,N,False
5,reel16__3,reel57__8,1421,N,False
5,reel35__4,reel57__8,1421,N,False
5,bot38__6,bot5__5,1421,N,False
5,bot37__1,bot5__5,1421,N,False
5,reel3__2,bot41__0,1421,N,False
5,bot1__1,bot5__3,1421,N,False
5,bot23__8,bot32__8,1421,N,False
5,bot1__1,bot32__8,1421,N,False
5,bot27__0,reel2__8,1421,N,False
5,reel14__9,reel36__5,1421,N,False
5,reel24__2,reel36__5,1421,N,False
5,reel51__9,reel36__5,1421,N,False
5,reel54__8,reel36__5,1421,N,False
5,reel66__7,reel25__0,1421,N,False
5,reel8__9,bot21__5,1421,N,False
5,reel8__9,bot44__2,1421,N,False
5,reel46__7,reel53__5,1421,N,False
5,reel8__9,reel53__5,1421,N,False
5,bot15__0,bot37__9,1421,N,False
5,bot15__0,bot47__1,1421,N,False
5,bot18__7,bot47__1,1421,N,False
5,reel10__8,bot48__6,1421,N,False
5,reel26__3,reel30__7,1421,N,False
5,bot42__2,reel30__7,1421,N,False
5,reel20__4,reel70__2,1421,N,False
5,bot32__7,reel10__0,1421,N,False
5,bot30__6,bot37__5,1421,N,False
5,reel24__6,bot63__9,1421,N,False
5,bot59__9,bot63__9,1421,N,False
5,bot11__8,bot15__9,1421,N,False
5,bot71__2,reel68__0,1421,N,False
5,reel23__0,reel68__0,1421,N,False
5,reel38__2,reel41__5,1421,N,False
5,bot69__3,reel65__2,1421,N,False
5,bot0__5,bot32__2,1421,N,False
5,reel21__1,bot32__2,1421,N,False
5,reel1__6,bot68__9,1421,N,False
5,reel35__4,reel48__0,1421,N,False
5,reel35__4,bot58__4,1421,N,False
5,reel35__4,reel64__6,1421,N,False
5,bot8__9,bot26__9,1421,N,False
5,reel10__7,bot40__3,1421,N,False
5,reel23__8,bot40__3,1421,N,False
5,bot18__5,bot59__0,1421,N,False
5,bot18__5,bot59__4,1421,N,False
5,reel54__9,bot59__4,1421,N,False
5,bot18__5,bot70__3,1421,N,False
5,bot25__3,bot27__9,1421,N,False
5,bot22__8,bot60__8,1421,N,False
5,reel27__7,bot39__5,1421,N,False
5,reel5__8,bot39__5,1421,N,False
5,reel23__8,bot39__5,1421,N,False
5,reel4__6,bot14__6,1421,N,False
5,reel18__4,reel60__6,1421,N,False
5,reel2__7,bot28__2,1421,N,False
5,bot3__0,bot43__1,1421,N,False
5,bot54__8,bot23__7,1421,N,False
5,reel9__2,reel10__3,1421,N,False
5,reel9__2,reel47__2,1421,N,False
5,reel29__4,reel43__2,1421,N,False
5,reel0__1,reel12__2,1421,N,False
5,bot60__1,reel12__2,1421,N,False
5,reel38__8,reel12__2,1421,N,False
5,reel0__1,bot13__4,1421,N,False
5,reel0__1,reel50__0,1421,N,False
5,reel21__7,reel50__0,1421,N,False
5,reel8__7,reel6__7,1421,N,False
5,reel8__7,reel33__9,1421,N,False
5,reel15__5,bot49__5,1421,N,False
5,reel53__2,bot58__5,1421,N,False
5,reel33__1,reel63__3,1421,N,False
5,bot25__5,bot60__9,1421,N,False
5,bot28__4,bot60__9,1421,N,False
5,reel22__1,reel50__9,1421,N,False
5,reel40__0,reel50__9,1421,N,False
5,reel40__0,bot62__2,1421,N,False
5,bot1__8,bot7__6,1421,N,False
5,reel2__3,bot40__6,1421,N,False
5,reel21__7,bot40__6,1421,N,False
5,reel2__3,reel50__5,1421,N,False
5,reel2__3,bot54__3,1421,N,False
5,bot6__1,bot40__1,1421,N,False
5,reel38__8,reel54__1,1421,N,False
5,reel37__3,reel68__8,1421,N,False
5,reel13__6,reel21__8,1421,N,False
5,reel2__4,reel21__8,1421,N,False
5,reel13__6,reel26__9,1421,N,False
5,reel11__5,reel15__8,1421,N,False
5,reel2__4,reel15__8,1421,N,False
5,bot69__9,reel0__3,1421,N,False
5,reel5__7,reel0__3,1421,N,False
5,reel21__7,bot28__3,1421,N,False
5,reel24__2,reel40__7,1421,N,False
5,reel10__5,reel18__0,1421,N,False
5,reel10__5,bot45__7,1421,N,False
5,bot3__8,bot57__7,1421,N,False
5,reel46__7,reel69__4,1421,N,False
5,reel0__6,bot12__0,1421,N,False
5,reel23__5,reel34__0,1421,N,False
5,reel46__4,reel17__8,1421,N,False
5,reel40__3,reel38__6,1421,N,False
5,reel40__3,reel45__6,1421,N,False
5,bot20__1,reel15__2,1421,N,False
5,reel29__8,reel19__0,1421,N,False
5,reel29__0,bot50__7,1421,N,False
5,reel11__5,reel34__2,1421,N,False
5,reel11__5,reel38__0,1421,N,False
5,bot64__1,bot56__2,1421,N,False
5,reel49__2,reel67__9,1421,N,False
5,reel65__9,reel69__8,1421,N,False
5,bot15__0,bot27__7,1422,N,False
5,bot15__0,bot37__9,1422,N,False
5,bot15__0,bot47__1,1422,N,False
5,reel10__8,bot16__2,1422,N,False
5,reel1__1,bot16__2,1422,N,False
5,347,bot22__0,1422,N,False
5,reel10__8,bot22__0,1422,N,False
5,reel5__0,bot22__0,1422,N,False
5,192,bot48__6,1422,N,False
5,reel10__8,bot48__6,1422,N,False
5,145,reel15__9,1422,N,False
5,reel30__3,reel15__9,1422,N,False
5,bot67__6,reel16__8,1422,N,False
5,reel1__6,reel16__8,1422,N,False
5,reel22__1,bot41__1,1422,N,False
5,reel22__1,reel50__9,1422,N,False
5,347,bot20__1,1422,N,False
5,bot21__9,bot20__1,1422,N,False
5,reel8__2,reel16__6,1422,N,False
5,bot21__9,reel16__6,1422,N,False
5,reel61__4,bot64__2,1422,N,False
5,reel46__1,bot64__2,1422,N,False
5,reel20__6,bot44__0,1422,N,False
5,95,327,1422,N,False
5,319,327,1422,N,False
5,bot3__9,327,1422,N,False
5,95,6,1422,N,False
5,319,6,1422,N,False
5,95,bot1__0,1422,N,False
5,229,bot1__0,1422,N,False
5,95,reel1__4,1422,N,False
5,95,bot61__2,1422,N,False
5,reel14__8,bot61__2,1422,N,False
5,reel12__5,bot21__0,1422,N,False
5,reel15__8,bot49__6,1422,N,False
5,reel12__5,bot49__6,1422,N,False
5,bot48__8,bot5__7,1422,N,False
5,bot45__4,bot5__7,1422,N,False
5,bot16__8,bot5__7,1422,N,False
5,bot45__4,bot56__6,1422,N,False
5,309,reel55__7,1422,N,False
5,120,247,1422,N,False
5,reel53__1,247,1422,N,False
5,reel36__7,reel66__9,1422,N,False
5,reel21__5,241,1422,N,False
5,reel65__2,241,1422,N,False
5,49,241,1422,N,False
5,reel10__3,241,1422,N,False
5,reel26__2,bot45__0,1422,N,False
5,reel69__0,reel48__4,1422,N,False
5,bot29__5,bot33__6,1422,N,False
5,bot2__6,bot41__5,1422,N,False
5,bot2__6,bot50__7,1422,N,False
5,bot2__6,bot52__1,1422,N,False
5,reel17__8,reel46__4,1422,N,False
5,reel18__9,reel46__4,1422,N,False
5,bot65__7,reel56__7,1422,N,False
5,reel33__6,reel56__7,1422,N,False
5,reel26__0,reel56__7,1422,N,False
5,reel50__0,97,1422,N,False
5,reel32__5,bot38__2,1422,N,False
5,269,reel17__5,1422,N,False
5,bot58__8,reel17__5,1422,N,False
5,bot58__8,bot17__0,1422,N,False
5,bot43__7,bot17__0,1422,N,False
5,bot16__7,bot34__5,1422,N,False
5,bot71__9,bot34__5,1422,N,False
5,reel8__8,bot11__7,1422,N,False
5,reel8__7,bot11__7,1422,N,False
5,256,bot11__7,1422,N,False
5,reel8__8,reel43__1,1422,N,False
5,reel25__6,bot50__9,1422,N,False
5,310,32,1422,N,False
5,337,32,1422,N,False
5,337,bot32__0,1422,N,False
5,reel55__6,reel3__4,1422,N,False
5,233,reel3__4,1422,N,False
5,bot45__1,reel3__4,1422,N,False
5,bot45__1,reel40__9,1422,N,False
5,108,bot3__3,1422,N,False
5,64,reel16__2,1422,N,False
5,108,reel16__2,1422,N,False
5,reel26__3,bot68__3,1422,N,False
5,319,bot32__4,1422,N,False
5,reel16__9,bot32__4,1422,N,False
5,reel30__6,reel49__4,1422,N,False
5,bot56__2,bot64__1,1422,N,False
5,bot36__5,bot64__1,1422,N,False
5,bot11__3,bot32__5,1422,N,False
5,reel22__8,bot32__5,1422,N,False
5,218,reel64__0,1422,N,False
5,163,reel64__0,1422,N,False
5,120,reel16__4,1422,N,False
5,120,bot29__0,1422,N,False
5,bot23__1,bot34__7,1422,N,False
5,120,bot34__7,1422,N,False
5,bot44__1,bot40__8,1422,N,False
5,reel65__2,bot69__3,1422,N,False
5,bot35__9,bot69__3,1422,N,False
5,reel54__2,reel11__9,1422,N,False
5,347,reel11__9,1422,N,False
5,311,reel62__1,1422,N,False
5,reel30__2,reel62__1,1422,N,False
5,42,33,1422,N,False
5,bot20__2,bot27__1,1422,N,False
5,42,bot27__1,1422,N,False
5,42,reel52__7,1422,N,False
5,reel5__4,reel70__6,1422,N,False
5,reel45__9,reel70__6,1422,N,False
5,reel40__3,70,1422,N,False
5,bot35__1,70,1422,N,False
5,reel14__9,reel18__6,1422,N,False
5,reel36__0,reel18__6,1422,N,False
5,reel24__5,reel18__6,1422,N,False
5,bot25__8,bot24__4,1422,N,False
5,reel21__8,reel48__1,1422,N,False
5,bot71__3,bot58__6,1422,N,False
5,reel18__2,154,1422,N,False
5,bot65__4,253,1422,N,False
5,reel58__1,253,1422,N,False
5,reel10__5,253,1422,N,False
5,bot10__8,bot22__5,1422,N,False
5,reel10__5,bot22__5,1422,N,False
5,reel10__5,reel50__3,1422,N,False
5,bot35__3,bot40__1,1422,N,False
5,bot50__0,bot66__1,1422,N,False
5,reel42__1,reel62__0,1422,N,False
5,202,reel62__0,1422,N,False
5,202,bot0__0,1422,N,False
5,47,bot0__0,1422,N,False
5,reel45__9,bot51__3,1422,N,False
5,reel23__8,reel37__0,1422,N,False
5,201,reel4__1,1422,N,False
5,bot6__2,reel4__1,1422,N,False
5,reel36__1,reel4__1,1422,N,False
5,201,reel18__4,1422,N,False
5,201,reel19__8,1422,N,False
5,301,reel19__8,1422,N,False
5,201,reel34__0,1422,N,False
5,bot20__5,bot25__5,1422,N,False
5,202,bot25__5,1422,N,False
5,202,reel57__5,1422,N,False
5,bot63__6,reel51__2,1422,N,False
5,138,reel51__2,1422,N,False
5,138,reel59__6,1422,N,False
5,138,bot67__4,1422,N,False
5,64,reel6__9,1422,N,False
5,bot21__7,reel6__9,1422,N,False
5,bot18__6,bot31__7,1422,N,False
5,reel27__2,bot31__7,1422,N,False
5,bot60__4,bot64__4,1422,N,False
5,340,reel44__6,1422,N,False
5,reel30__2,reel44__6,1422,N,False
5,bot0__5,bot32__2,1422,N,False
5,reel20__9,bot28__4,1422,N,False
5,bot68__2,bot27__5,1422,N,False
5,reel10__4,bot61__5,1422,N,False
5,183,reel26__8,1422,N,False
5,reel45__7,bot53__2,1422,N,False
5,reel45__7,reel70__5,1422,N,False
5,reel16__9,reel4__2,1422,N,False
5,reel14__8,reel4__2,1422,N,False
5,reel42__2,reel33__4,1422,N,False
5,reel42__2,reel35__7,1422,N,False
5,bot31__3,bot43__0,1422,N,False
5,bot13__5,bot15__1,1422,N,False
5,bot10__3,bot15__1,1422,N,False
5,bot10__3,bot42__6,1422,N,False
5,bot10__3,bot71__1,1422,N,False
5,163,reel9__8,1422,N,False
5,reel55__3,reel9__8,1422,N,False
5,163,reel32__2,1422,N,False
5,reel53__3,reel69__1,1422,N,False
5,reel16__7,reel49__9,1422,N,False
5,36,reel43__8,1422,N,False
5,36,reel49__8,1422,N,False
5,36,reel56__5,1422,N,False
5,bot10__8,bot27__2,1422,N,False
5,reel12__2,bot27__2,1422,N,False
5,reel12__2,reel38__8,1422,N,False
5,reel12__2,reel70__7,1422,N,False
5,reel65__4,reel64__2,1422,N,False
5,bot48__9,reel6__3,1422,N,False
5,reel30__3,reel49__0,1422,N,False
5,reel30__3,bot64__9,1422,N,False
5,bot19__7,bot55__8,1422,N,False
5,reel29__1,125,1422,N,False
5,reel29__1,reel67__5,1422,N,False
5,316,reel2__8,1422,N,False
5,reel25__3,reel2__8,1422,N,False
5,233,reel2__8,1422,N,False
5,bot15__5,bot66__2,1422,N,False
5,reel40__3,reel50__2,1422,N,False
5,bot18__4,bot26__2,1422,N,False
5,reel26__1,reel36__3,1422,N,False
5,reel21__5,bot26__8,1422,N,False
5,reel14__9,reel47__1,1422,N,False
5,reel5__0,reel65__6,1422,N,False
5,bot0__3,244,1422,N,False
5,bot0__3,bot39__4,1422,N,False
5,bot0__3,bot69__4,1422,N,False
5,58,107,1422,N,False
5,58,reel15__6,1422,N,False
5,reel23__4,reel43__7,1422,N,False
5,reel23__4,bot44__8,1422,N,False
5,reel0__3,bot7__5,1422,N,False
5,reel0__3,bot69__9,1422,N,False
5,reel24__3,bot51__7,1422,N,False
5,reel24__3,reel57__1,1422,N,False
5,301,bot38__9,1422,N,False
5,reel25__3,bot52__8,1422,N,False
5,reel32__4,bot52__8,1422,N,False
5,bot3__9,bot18__2,1422,N,False
5,bot3__9,bot47__3,1422,N,False
5,reel23__1,reel41__5,1422,N,False
5,reel39__2,reel69__5,1422,N,False
5,reel19__0,bot26__7,1422,N,False
5,reel18__0,reel22__0,1422,N,False
5,reel7__8,reel21__4,1422,N,False
5,reel7__8,reel33__8,1422,N,False
5,reel69__8,bot70__9,1422,N,False
5,bot27__3,bot60__2,1422,N,False
5,reel30__5,bot43__9,1422,N,False
5,reel30__5,bot55__1,1422,N,False
5,reel9__9,bot14__0,1422,N,False
5,reel63__6,reel55__4,1422,N,False
5,reel24__5,reel40__7,1422,N,False
5,bot59__9,bot63__9,1422,N,False
5,reel9__1,reel37__5,1422,N,False
5,reel9__1,reel50__4,1422,N,False
5,reel1__1,reel59__8,1422,N,False
5,reel8__7,reel27__9,1422,N,False
5,reel8__7,bot32__3,1422,N,False
5,34,bot14__3,1422,N,False
5,34,reel39__5,1422,N,False
5,310,bot37__1,1422,N,False
5,bot5__5,bot37__1,1422,N,False
5,bot71__9,bot68__1,1422,N,False
5,reel36__1,reel54__3,1422,N,False
5,bot5__5,bot38__6,1422,N,False
5,bot48__8,bot49__3,1422,N,False
5,bot48__8,bot55__9,1422,N,False
5,bot16__1,bot48__6,1423,N,False
5,reel10__8,bot48__6,1423,N,False
5,reel45__1,reel21__1,1423,N,False
5,bot32__2,reel21__1,1423,N,False
5,bot14__6,bot45__0,1423,N,False
5,reel32__0,bot45__0,1423,N,False
5,bot61__3,bot45__0,1423,N,False
5,reel32__0,bot60__7,1423,N,False
5,reel29__3,bot35__7,1423,N,False
5,bot17__0,bot9__6,1423,N,False
5,bot17__0,bot43__7,1423,N,False
5,reel18__9,reel11__0,1423,N,False
5,bot65__7,reel56__7,1423,N,False
5,reel26__0,reel56__7,1423,N,False
5,bot50__5,bot22__8,1423,N,False
5,bot34__0,bot49__0,1423,N,False
5,reel12__2,bot26__1,1423,N,False
5,bot29__9,bot26__1,1423,N,False
5,reel52__9,reel45__6,1423,N,False
5,reel40__3,reel45__6,1423,N,False
5,bot48__9,reel45__6,1423,N,False
5,bot48__3,bot56__3,1423,N,False
5,reel58__3,bot66__3,1423,N,False
5,reel29__1,reel67__5,1423,N,False
5,reel58__3,reel67__5,1423,N,False
5,reel0__9,bot11__2,1423,N,False
5,bot69__5,reel54__4,1423,N,False
5,reel22__8,bot32__5,1423,N,False
5,bot39__7,bot26__3,1423,N,False
5,bot48__4,bot15__6,1423,N,False
5,reel37__5,reel45__5,1423,N,False
5,reel3__4,reel45__5,1423,N,False
5,bot38__3,bot44__1,1423,N,False
5,bot26__7,bot12__7,1423,N,False
5,bot26__7,bot60__0,1423,N,False
5,reel36__5,reel51__9,1423,N,False
5,reel36__5,reel54__8,1423,N,False
5,reel12__2,reel70__7,1423,N,False
5,reel26__1,reel47__3,1423,N,False
5,reel49__9,bot61__0,1423,N,False
5,bot16__5,bot35__8,1423,N,False
5,reel34__0,bot35__8,1423,N,False
5,reel38__5,reel53__8,1423,N,False
5,reel0__7,bot48__7,1423,N,False
5,bot51__5,bot21__0,1423,N,False
5,bot40__1,bot36__1,1423,N,False
5,bot52__9,reel40__9,1423,N,False
5,bot71__9,bot68__1,1423,N,False
5,reel62__5,reel33__5,1423,N,False
5,bot15__0,bot47__1,1424,N,False
5,reel33__9,bot55__5,1424,N,False
5,reel38__0,bot50__1,1424,N,False
5,reel7__5,reel24__8,1424,N,False
5,reel59__0,reel24__8,1424,N,False
5,reel15__2,reel24__8,1424,N,False
5,reel55__1,reel54__2,1424,N,False
5,bot34__5,bot71__9,1424,N,False
5,bot34__9,bot37__8,1424,N,False
5,bot41__0,bot37__5,1424,N,False
5,reel43__5,reel12__3,1424,N,False
5,reel25__6,reel12__3,1424,N,False
5,reel23__5,bot50__9,1424,N,False
5,reel25__6,bot50__9,1424,N,False
5,reel36__9,bot51__9,1424,N,False
5,bot65__2,reel48__3,1424,N,False
5,reel42__3,reel68__1,1424,N,False
5,bot28__5,bot42__5,1424,N,False
5,reel7__1,bot17__0,1424,N,False
5,reel5__5,bot17__0,1424,N,False
5,bot43__7,bot17__0,1424,N,False
5,bot59__3,bot52__6,1424,N,False
5,reel26__5,bot52__6,1424,N,False
5,bot9__5,bot52__6,1424,N,False
5,reel52__8,reel41__3,1424,N,False
5,bot22__5,bot39__3,1424,N,False
5,bot48__4,reel28__3,1424,N,False
5,bot57__9,bot56__7,1424,N,False
5,bot14__6,bot45__0,1424,N,False
5,reel7__1,bot9__6,1424,N,False
5,reel7__1,bot62__1,1424,N,False
5,reel57__4,reel39__8,1424,N,False
5,reel59__5,reel57__2,1424,N,False
5,bot59__2,bot55__6,1424,N,False
5,bot10__3,bot11__2,1424,N,False
5,reel55__9,reel68__4,1424,N,False
5,reel43__5,reel68__4,1424,N,False
5,bot19__7,bot55__8,1424,N,False
5,bot20__0,bot50__6,1424,N,False
5,reel14__5,bot50__6,1424,N,False
5,reel26__5,reel10__4,1424,N,False
5,reel26__5,bot30__1,1424,N,False
5,reel31__1,reel51__5,1424,N,False
5,reel29__0,bot50__7,1424,N,False
5,reel29__0,reel68__5,1424,N,False
5,reel18__3,bot59__0,1424,N,False
5,bot63__9,bot59__0,1424,N,False
5,bot54__8,reel30__9,1424,N,False
5,bot52__1,bot42__2,1424,N,False
5,bot40__1,bot35__3,1424,N,False
5,bot28__4,bot60__9,1424,N,False
5,reel68__9,reel32__9,1424,N,False
5,reel38__3,bot47__7,1425,N,False
5,bot48__8,bot47__7,1425,N,False
5,reel38__0,reel33__9,1425,N,False
5,bot55__5,reel33__9,1425,N,False
5,reel32__0,bot60__7,1425,N,False
5,bot27__2,bot60__7,1425,N,False
5,bot50__1,reel44__1,1425,N,False
5,bot55__6,reel51__6,1425,N,False
5,bot48__8,bot55__9,1425,N,False
5,bot25__4,bot16__5,1425,N,False
5,bot35__8,bot16__5,1425,N,False
5,reel47__1,reel54__5,1425,N,False
5,reel40__9,reel69__2,1425,N,False
5,bot17__4,bot45__5,1425,N,False
5,bot36__3,bot32__8,1425,N,False
5,bot23__8,bot32__8,1425,N,False
5,bot20__5,reel13__7,1425,N,False
5,bot53__1,reel13__7,1425,N,False
5,bot56__8,bot39__2,1425,N,False
5,reel31__1,reel20__3,1425,N,False
5,reel30__6,reel20__3,1425,N,False
5,bot34__0,bot47__6,1425,N,False
5,bot66__2,bot11__6,1425,N,False
5,bot56__6,bot45__4,1425,N,False
5,bot43__2,bot45__4,1425,N,False
5,reel14__9,reel37__3,1425,N,False
5,reel68__8,reel37__3,1425,N,False
5,reel54__4,bot68__0,1425,N,False
5,bot67__4,bot68__0,1425,N,False
5,bot68__1,bot71__9,1425,N,False
5,bot36__1,bot40__1,1425,N,False
5,bot35__3,bot40__1,1425,N,False
5,reel50__9,reel40__0,1425,N,False
5,reel50__3,bot66__5,1425,N,False
5,reel60__2,reel1__9,1425,N,False
5,bot4__0,reel1__9,1425,N,False
5,bot48__0,reel20__7,1425,N,False
5,bot28__6,bot71__8,1425,N,False
5,reel33__6,bot56__7,1425,N,False
5,reel43__7,reel23__4,1425,N,False
5,bot26__9,reel23__4,1425,N,False
5,bot61__5,bot60__0,1425,N,False
5,bot26__7,bot60__0,1425,N,False
5,bot31__3,bot43__0,1425,N,False
5,bot59__0,bot63__9,1425,N,False
5,reel15__8,bot49__6,1425,N,False
5,bot61__1,bot49__6,1425,N,False
5,bot71__6,bot1__2,1425,N,False
5,bot18__3,bot1__2,1425,N,False
5,reel14__4,reel16__8,1425,N,False
5,reel12__2,reel70__7,1425,N,False
5,reel55__4,reel63__6,1425,N,False
5,reel49__9,reel16__7,1425,N,False
5,reel22__5,reel53__1,1425,N,False
5,reel13__4,bot14__4,1425,N,False
5,reel13__4,bot34__9,1425,N,False
5,reel36__3,reel26__1,1425,N,False
5,reel19__5,reel56__4,1425,N,False
5,reel58__7,reel56__4,1425,N,False
5,reel19__5,reel31__6,1425,N,False
5,reel19__5,reel46__2,1425,N,False
5,bot63__6,reel51__2,1425,N,False
5,reel28__4,reel35__7,1425,N,False
5,reel6__8,bot65__0,1425,N,False
5,bot27__3,bot60__2,1425,N,False
5,reel41__5,reel38__2,1425,N,False
5,reel41__5,reel48__8,1425,N,False
5,reel49__0,reel48__8,1425,N,False
5,bot36__1,bot47__5,1425,N,False
5,reel12__0,reel33__4,1425,N,False
5,bot61__8,reel60__1,1425,N,False
5,reel9__1,reel50__4,1425,N,False
5,reel3__1,reel22__3,1426,N,False
5,reel3__1,bot45__3,1426,N,False
5,reel15__3,reel9__4,1426,N,False
5,bot23__9,bot27__7,1426,N,False
5,reel27__8,reel9__5,1426,N,False
5,reel6__9,reel9__5,1426,N,False
5,reel7__2,reel9__5,1426,N,False
5,reel19__1,bot25__4,1426,N,False
5,bot0__5,bot25__4,1426,N,False
5,reel30__8,reel69__2,1426,N,False
5,reel35__2,reel69__2,1426,N,False
5,bot68__1,bot31__0,1426,N,False
5,bot68__1,bot71__9,1426,N,False
5,bot5__2,bot19__7,1426,N,False
5,reel0__9,bot19__7,1426,N,False
5,bot9__7,bot42__4,1426,N,False
5,bot5__2,bot42__4,1426,N,False
5,reel18__8,bot42__4,1426,N,False
5,reel69__5,reel39__2,1426,N,False
5,reel42__1,reel62__0,1426,N,False
5,bot23__1,bot34__7,1426,N,False
5,reel10__4,reel26__5,1426,N,False
5,reel14__2,reel26__5,1426,N,False
5,reel14__2,reel39__0,1426,N,False
5,reel3__4,reel55__6,1426,N,False
5,reel36__4,reel50__5,1426,N,False
5,reel2__3,reel50__5,1426,N,False
5,reel2__5,bot67__0,1426,N,False
5,bot65__5,bot67__0,1426,N,False
5,reel18__7,bot47__3,1426,N,False
5,bot9__6,bot17__0,1426,N,False
5,reel5__5,bot17__0,1426,N,False
5,bot43__7,bot17__0,1426,N,False
5,bot29__2,bot50__5,1426,N,False
5,bot22__8,bot50__5,1426,N,False
5,bot26__4,bot40__2,1426,N,False
5,reel30__0,bot70__6,1426,N,False
5,bot26__4,bot70__6,1426,N,False
5,bot63__1,bot29__7,1426,N,False
5,reel1__9,bot68__8,1426,N,False
5,bot20__9,bot55__8,1426,N,False
5,bot37__0,reel22__6,1426,N,False
5,reel2__8,reel22__6,1426,N,False
5,reel39__9,reel22__6,1426,N,False
5,reel2__8,reel25__3,1426,N,False
5,bot36__5,bot5__1,1426,N,False
5,reel0__7,reel24__1,1426,N,False
5,reel23__3,bot42__2,1426,N,False
5,reel39__9,reel15__2,1426,N,False
5,reel2__0,bot44__8,1426,N,False
5,bot18__5,bot59__0,1426,N,False
5,reel2__0,bot59__0,1426,N,False
5,reel18__3,bot59__0,1426,N,False
5,bot15__7,bot55__5,1426,N,False
5,reel33__9,bot55__5,1426,N,False
5,reel14__6,bot60__4,1426,N,False
5,reel33__9,bot60__4,1426,N,False
5,reel38__0,bot50__1,1426,N,False
5,bot6__8,bot50__1,1426,N,False
5,reel42__5,reel21__8,1426,N,False
5,reel2__4,reel21__8,1426,N,False
5,bot65__6,bot43__2,1426,N,False
5,bot45__4,bot43__2,1426,N,False
5,reel32__5,bot43__2,1426,N,False
5,bot45__4,bot5__7,1426,N,False
5,reel31__4,reel33__6,1426,N,False
5,reel56__7,reel33__6,1426,N,False
5,reel32__7,reel61__9,1426,N,False
5,reel38__4,reel44__1,1426,N,False
5,bot0__6,bot47__0,1426,N,False
5,reel30__8,bot47__0,1426,N,False
5,reel6__9,bot47__0,1426,N,False
5,reel6__9,bot66__7,1426,N,False
5,reel6__5,bot30__2,1426,N,False
5,reel6__5,reel36__9,1426,N,False
5,reel21__4,reel36__9,1426,N,False
5,reel6__5,bot41__0,1426,N,False
5,bot37__5,bot41__0,1426,N,False
5,reel3__2,bot41__0,1426,N,False
5,reel37__6,bot68__3,1426,N,False
5,bot13__4,bot68__3,1426,N,False
5,reel26__3,bot68__3,1426,N,False
5,reel50__7,reel66__8,1426,N,False
5,reel61__6,reel64__2,1426,N,False
5,reel65__4,reel64__2,1426,N,False
5,reel18__2,reel47__8,1426,N,False
5,reel5__8,reel47__8,1426,N,False
5,bot61__4,bot42__9,1426,N,False
5,reel25__0,bot64__3,1426,N,False
5,reel50__3,reel41__7,1426,N,False
5,reel9__6,reel41__7,1426,N,False
5,reel31__6,reel41__7,1426,N,False
5,reel11__6,bot44__9,1426,N,False
5,reel2__4,bot44__9,1426,N,False
5,reel11__6,bot52__1,1426,N,False
5,bot2__6,bot52__1,1426,N,False
5,bot33__3,bot8__1,1426,N,False
5,bot38__3,bot44__1,1426,N,False
5,reel10__4,bot61__5,1426,N,False
5,bot36__9,bot53__8,1426,N,False
5,bot69__6,bot15__9,1426,N,False
5,bot2__6,bot50__7,1426,N,False
5,bot38__5,bot50__7,1426,N,False
5,reel2__3,bot54__3,1426,N,False
5,bot38__5,bot54__3,1426,N,False
5,bot7__3,bot16__3,1426,N,False
5,reel12__2,bot26__1,1426,N,False
5,reel18__3,bot26__1,1426,N,False
5,bot29__9,bot26__1,1426,N,False
5,reel12__2,reel70__7,1426,N,False
5,reel31__6,bot37__6,1426,N,False
5,reel29__1,reel67__5,1426,N,False
5,reel2__6,reel64__9,1426,N,False
5,bot15__5,bot36__1,1426,N,False
5,bot15__5,bot66__2,1426,N,False
5,reel17__6,bot31__6,1426,N,False
5,reel5__0,reel14__8,1426,N,False
5,reel5__0,reel65__6,1426,N,False
5,bot44__6,bot36__3,1426,N,False
5,reel58__8,reel59__9,1426,N,False
5,reel31__1,reel59__9,1426,N,False
5,reel17__2,bot60__5,1426,N,False
5,bot65__4,bot13__9,1426,N,False
5,reel17__8,reel46__4,1426,N,False
5,reel17__8,bot61__1,1426,N,False
5,reel20__0,reel24__9,1426,N,False
5,reel20__0,bot41__5,1426,N,False
5,bot2__6,bot41__5,1426,N,False
5,reel20__0,bot47__7,1426,N,False
5,reel7__9,bot47__7,1426,N,False
5,bot9__7,bot42__6,1426,N,False
5,bot38__2,bot42__6,1426,N,False
5,reel41__5,reel38__2,1426,N,False
5,reel41__5,reel48__8,1426,N,False
5,reel14__9,reel36__5,1426,N,False
5,reel51__9,reel36__5,1426,N,False
5,reel54__8,reel36__5,1426,N,False
5,reel25__2,reel21__2,1426,N,False
5,reel13__9,reel63__2,1426,N,False
5,reel62__9,bot71__1,1426,N,False
5,reel10__8,reel62__2,1426,N,False
5,bot18__6,bot21__6,1426,N,False
5,bot25__7,bot21__6,1426,N,False
5,bot0__6,bot10__8,1426,N,False
5,bot56__8,bot39__2,1426,N,False
5,bot34__3,bot61__6,1426,N,False
5,reel47__3,reel52__2,1426,N,False
5,bot58__9,reel34__8,1426,N,False
5,bot69__9,bot21__0,1426,N,False
5,reel16__0,bot21__0,1426,N,False
5,bot71__2,reel68__0,1426,N,False
5,bot18__6,bot7__1,1426,N,False
5,bot26__5,bot7__1,1426,N,False
5,bot3__7,bot53__3,1426,N,False
5,bot8__9,bot26__9,1426,N,False
5,reel21__0,reel29__3,1426,N,False
5,bot18__5,bot59__4,1426,N,False
5,reel5__3,bot22__3,1426,N,False
5,reel19__2,reel38__3,1426,N,False
5,reel18__8,reel38__3,1426,N,False
5,bot25__3,bot27__9,1426,N,False
5,reel14__9,reel47__1,1426,N,False
5,bot22__8,bot37__2,1426,N,False
5,reel37__8,bot64__7,1426,N,False
5,reel37__8,reel68__1,1426,N,False
5,reel27__7,bot39__5,1426,N,False
5,reel5__8,bot39__5,1426,N,False
5,bot24__3,reel15__0,1426,N,False
5,bot27__1,reel13__2,1426,N,False
5,bot11__4,bot67__1,1426,N,False
5,bot66__8,bot55__2,1426,N,False
5,reel18__3,reel54__5,1426,N,False
5,reel45__6,reel52__9,1426,N,False
5,bot32__0,bot23__3,1426,N,False
5,reel40__0,reel50__9,1426,N,False
5,reel40__0,bot62__2,1426,N,False
5,bot21__2,bot61__0,1426,N,False
5,reel2__3,bot40__6,1426,N,False
5,reel21__7,bot40__6,1426,N,False
5,reel38__8,reel54__1,1426,N,False
5,reel38__8,reel56__0,1426,N,False
5,bot32__4,reel16__9,1426,N,False
5,reel16__7,bot32__8,1426,N,False
5,bot23__8,bot32__8,1426,N,False
5,reel58__5,reel65__3,1426,N,False
5,reel46__9,reel65__3,1426,N,False
5,reel19__2,reel34__6,1426,N,False
5,reel5__5,bot17__6,1426,N,False
5,bot18__6,bot31__7,1426,N,False
5,reel27__2,bot31__7,1426,N,False
5,bot4__5,reel3__0,1426,N,False
5,reel46__1,bot64__2,1426,N,False
5,reel34__2,reel39__6,1426,N,False
5,reel34__2,reel60__6,1426,N,False
5,reel42__8,bot59__6,1426,N,False
5,reel19__0,bot26__7,1426,N,False
5,reel19__0,reel29__8,1426,N,False
5,reel19__0,bot39__7,1426,N,False
5,bot37__0,reel33__7,1426,N,False
5,reel7__9,reel15__4,1426,N,False
5,reel43__7,bot62__1,1426,N,False
5,bot21__3,bot24__7,1426,N,False
5,reel8__3,bot35__8,1426,N,False
5,reel38__0,bot50__1,1427,N,False
5,reel44__1,bot50__1,1427,N,False
5,reel32__0,bot45__0,1427,N,False
5,reel32__0,reel49__3,1427,N,False
5,reel32__0,bot60__7,1427,N,False
5,bot29__5,bot15__9,1427,N,False
5,reel47__6,reel63__0,1427,N,False
5,bot62__8,bot37__8,1427,N,False
5,reel7__4,reel14__5,1427,N,False
5,reel40__7,reel24__5,1427,N,False
5,reel18__6,reel24__5,1427,N,False
5,reel61__8,reel31__1,1427,N,False
5,reel20__3,reel31__1,1427,N,False
5,reel35__9,bot44__2,1427,N,False
5,reel8__9,bot44__2,1427,N,False
5,reel35__9,reel68__3,1427,N,False
5,reel47__3,reel34__4,1427,N,False
5,reel5__5,bot17__0,1427,N,False
5,reel68__8,reel37__3,1427,N,False
5,reel54__4,bot69__5,1427,N,False
5,reel0__9,bot19__7,1427,N,False
5,bot25__8,bot22__7,1427,N,False
5,bot39__7,bot21__5,1427,N,False
5,reel8__9,bot21__5,1427,N,False
5,bot39__7,bot26__3,1427,N,False
5,bot61__4,bot42__9,1427,N,False
5,reel39__3,bot42__9,1427,N,False
5,bot27__5,bot13__8,1427,N,False
5,bot71__2,reel68__0,1427,N,False
5,reel56__4,reel58__7,1427,N,False
5,reel34__9,bot63__5,1427,N,False
5,reel41__7,bot71__8,1427,N,False
5,bot28__6,bot71__8,1427,N,False
5,reel25__5,reel45__0,1427,N,False
5,reel39__6,reel45__0,1427,N,False
5,reel15__8,reel59__2,1427,N,False
5,reel14__8,reel59__2,1427,N,False
5,bot26__1,reel18__3,1427,N,False
5,bot59__0,reel18__3,1427,N,False
5,bot10__3,bot71__1,1427,N,False
5,bot7__3,bot17__9,1427,N,False
5,reel39__3,bot67__1,1427,N,False
5,bot11__4,bot67__1,1427,N,False
5,reel31__7,bot41__5,1427,N,False
5,reel55__4,reel63__6,1427,N,False
5,bot20__5,reel12__1,1427,N,False
5,bot39__4,bot0__3,1427,N,False
5,reel66__8,reel68__2,1427,N,False
5,reel16__8,bot55__0,1427,N,False
5,reel16__8,bot67__6,1427,N,False
5,bot42__4,reel18__8,1427,N,False
5,reel26__0,reel56__7,1427,N,False
5,bot36__1,bot47__5,1427,N,False
5,reel9__1,reel37__5,1427,N,False
5,reel36__8,reel7__5,1427,N,False
5,reel34__9,reel47__1,1428,N,False
5,reel38__3,reel47__1,1428,N,False
5,reel54__1,reel47__1,1428,N,False
5,reel55__1,reel54__0,1428,N,False
5,reel66__8,reel27__5,1428,N,False
5,reel29__3,reel27__5,1428,N,False
5,bot52__7,reel46__0,1428,N,False
5,reel29__3,reel46__0,1428,N,False
5,reel24__9,bot38__0,1428,N,False
5,bot10__6,bot2__6,1428,N,False
5,bot25__6,bot36__8,1428,N,False
5,bot17__0,bot9__6,1428,N,False
5,bot17__0,bot43__7,1428,N,False
5,reel18__9,reel46__4,1428,N,False
5,bot14__2,bot8__3,1428,N,False
5,bot47__6,bot34__0,1428,N,False
5,bot49__0,bot34__0,1428,N,False
5,bot13__1,bot55__4,1428,N,False
5,reel36__9,reel33__7,1428,N,False
5,reel36__9,bot51__9,1428,N,False
5,reel42__3,reel68__1,1428,N,False
5,reel24__2,reel40__7,1428,N,False
5,reel53__0,bot59__8,1428,N,False
5,reel69__5,reel39__2,1428,N,False
5,reel36__5,reel39__2,1428,N,False
5,bot16__0,bot21__8,1428,N,False
5,bot16__0,bot56__8,1428,N,False
5,bot39__7,bot26__3,1428,N,False
5,reel16__6,bot26__3,1428,N,False
5,reel42__1,reel60__9,1428,N,False
5,reel42__1,reel62__0,1428,N,False
5,reel25__0,bot64__3,1428,N,False
5,bot22__5,reel14__2,1428,N,False
5,reel50__3,reel29__0,1428,N,False
5,reel43__1,reel8__8,1428,N,False
5,bot11__7,reel8__8,1428,N,False
5,bot11__7,bot52__8,1428,N,False
5,bot29__7,bot8__4,1428,N,False
5,bot29__7,bot63__1,1428,N,False
5,bot55__2,bot49__9,1428,N,False
5,bot69__3,reel65__2,1428,N,False
5,reel15__0,reel31__7,1428,N,False
5,reel15__0,reel45__9,1428,N,False
5,bot61__3,bot45__0,1428,N,False
5,bot26__7,bot60__0,1428,N,False
5,bot31__3,bot43__0,1428,N,False
5,bot11__2,reel0__9,1428,N,False
5,reel36__5,reel51__9,1428,N,False
5,bot50__9,reel23__5,1428,N,False
5,reel34__0,reel23__5,1428,N,False
5,bot48__9,reel17__9,1428,N,False
5,bot16__6,bot58__5,1428,N,False
5,bot52__6,reel26__5,1428,N,False
5,reel27__4,reel66__1,1428,N,False
5,bot0__3,bot39__4,1428,N,False
5,reel0__2,bot2__2,1428,N,False
5,reel37__5,reel45__5,1428,N,False
5,reel9__7,bot43__6,1428,N,False
5,reel23__1,bot29__9,1428,N,False
5,reel36__3,reel26__1,1428,N,False
5,bot11__4,bot67__1,1428,N,False
5,reel24__8,reel50__9,1428,N,False
5,reel64__2,reel65__4,1428,N,False
5,bot71__9,bot68__1,1428,N,False
5,reel26__9,bot53__3,1428,N,False
5,bot48__8,bot55__9,1428,N,False
5,bot0__2,bot11__4,1429,N,False
5,bot17__4,bot11__4,1429,N,False
5,reel3__9,bot11__4,1429,N,False
5,reel3__9,reel29__1,1429,N,False
5,reel30__8,bot65__4,1429,N,False
5,bot13__9,bot65__4,1429,N,False
5,reel7__5,reel13__5,1429,N,False
5,reel7__5,reel18__8,1429,N,False
5,bot34__2,bot36__3,1429,N,False
5,reel7__5,bot36__3,1429,N,False
5,reel12__5,bot21__0,1429,N,False
5,bot69__9,bot21__0,1429,N,False
5,reel12__5,bot27__8,1429,N,False
5,reel12__5,bot49__6,1429,N,False
5,reel12__5,reel63__3,1429,N,False
5,reel33__1,reel63__3,1429,N,False
5,reel12__5,reel66__0,1429,N,False
5,reel40__6,reel42__1,1429,N,False
5,reel62__0,reel42__1,1429,N,False
5,reel12__0,reel42__1,1429,N,False
5,reel53__1,reel42__1,1429,N,False
5,bot25__9,bot64__4,1429,N,False
5,reel27__7,reel48__7,1429,N,False
5,reel9__3,reel48__7,1429,N,False
5,bot7__2,reel4__5,1429,N,False
5,bot23__9,reel4__5,1429,N,False
5,reel40__9,bot45__1,1429,N,False
5,reel40__9,reel53__9,1429,N,False
5,reel30__8,reel69__2,1429,N,False
5,reel40__9,reel69__2,1429,N,False
5,bot13__8,bot29__2,1429,N,False
5,bot50__5,bot29__2,1429,N,False
5,reel6__9,bot66__7,1429,N,False
5,bot7__2,bot66__7,1429,N,False
5,bot58__8,reel17__5,1429,N,False
5,bot58__8,bot17__0,1429,N,False
5,bot9__6,bot17__0,1429,N,False
5,reel51__2,reel21__1,1429,N,False
5,bot0__6,bot63__6,1429,N,False
5,reel51__2,bot63__6,1429,N,False
5,bot2__4,bot17__1,1429,N,False
5,bot19__9,bot17__1,1429,N,False
5,reel42__3,reel68__1,1429,N,False
5,bot28__0,reel25__4,1429,N,False
5,reel33__1,bot54__8,1429,N,False
5,reel30__9,bot54__8,1429,N,False
5,bot23__7,bot54__8,1429,N,False
5,reel65__2,bot69__3,1429,N,False
5,bot35__9,bot69__3,1429,N,False
5,reel19__1,bot25__4,1429,N,False
5,bot0__5,bot25__4,1429,N,False
5,reel57__0,reel70__6,1429,N,False
5,bot5__2,bot42__4,1429,N,False
5,bot5__2,bot44__7,1429,N,False
5,reel40__8,reel42__0,1429,N,False
5,reel31__3,reel42__0,1429,N,False
5,reel40__8,reel54__5,1429,N,False
5,reel4__9,bot7__3,1429,N,False
5,reel4__9,bot38__5,1429,N,False
5,reel22__2,reel49__5,1429,N,False
5,reel22__2,bot71__1,1429,N,False
5,reel2__5,bot67__0,1429,N,False
5,reel11__5,bot20__0,1429,N,False
5,bot57__0,bot20__0,1429,N,False
5,bot57__0,bot58__2,1429,N,False
5,bot57__0,bot65__1,1429,N,False
5,reel27__3,bot65__1,1429,N,False
5,reel3__7,reel45__7,1429,N,False
5,reel12__1,reel45__7,1429,N,False
5,bot25__5,bot20__5,1429,N,False
5,reel12__1,bot20__5,1429,N,False
5,reel13__7,bot20__5,1429,N,False
5,reel22__1,bot53__1,1429,N,False
5,reel13__7,bot53__1,1429,N,False
5,reel14__5,reel36__6,1429,N,False
5,reel1__9,reel16__7,1429,N,False
5,reel24__7,reel63__6,1429,N,False
5,reel59__8,bot60__3,1429,N,False
5,reel2__8,reel22__6,1429,N,False
5,bot36__5,bot5__1,1429,N,False
5,reel14__4,bot46__5,1429,N,False
5,bot36__5,bot46__5,1429,N,False
5,reel0__7,bot9__1,1429,N,False
5,reel0__7,reel52__6,1429,N,False
5,reel48__9,reel52__6,1429,N,False
5,reel23__3,bot42__2,1429,N,False
5,bot70__0,bot14__8,1429,N,False
5,reel4__0,bot34__6,1429,N,False
5,reel12__0,reel16__6,1429,N,False
5,reel11__0,reel18__9,1429,N,False
5,reel11__0,bot63__5,1429,N,False
5,bot67__4,bot68__0,1429,N,False
5,reel21__9,bot67__7,1429,N,False
5,reel11__7,bot71__6,1429,N,False
5,bot68__4,bot71__6,1429,N,False
5,bot58__6,bot53__2,1429,N,False
5,bot49__9,bot12__4,1429,N,False
5,bot3__1,bot12__2,1429,N,False
5,reel11__8,reel56__4,1429,N,False
5,reel37__3,reel68__8,1429,N,False
5,reel0__4,reel68__8,1429,N,False
5,reel38__1,bot71__2,1429,N,False
5,reel6__9,reel9__5,1429,N,False
5,reel15__2,reel9__5,1429,N,False
5,reel6__9,bot40__8,1429,N,False
5,reel6__5,reel36__9,1429,N,False
5,reel21__4,reel36__9,1429,N,False
5,reel6__5,bot41__0,1429,N,False
5,reel11__1,reel26__1,1429,N,False
5,reel11__1,reel42__2,1429,N,False
5,bot15__2,bot42__0,1429,N,False
5,reel24__9,reel32__0,1429,N,False
5,reel49__3,reel32__0,1429,N,False
5,bot38__4,reel8__5,1429,N,False
5,bot10__0,reel8__5,1429,N,False
5,bot14__1,bot34__0,1429,N,False
5,bot10__0,bot34__0,1429,N,False
5,reel13__6,reel21__8,1429,N,False
5,reel15__2,reel21__8,1429,N,False
5,reel48__1,reel21__8,1429,N,False
5,reel2__4,reel21__8,1429,N,False
5,reel32__5,bot38__2,1429,N,False
5,bot11__5,bot38__2,1429,N,False
5,bot15__6,bot7__8,1429,N,False
5,reel32__3,reel15__0,1429,N,False
5,reel30__2,reel15__0,1429,N,False
5,bot24__3,reel15__0,1429,N,False
5,reel31__7,reel15__0,1429,N,False
5,reel48__9,reel15__0,1429,N,False
5,bot68__2,reel62__8,1429,N,False
5,bot27__7,bot61__1,1429,N,False
5,bot36__0,bot17__2,1429,N,False
5,bot36__9,bot17__2,1429,N,False
5,reel3__6,bot7__9,1429,N,False
5,bot36__9,bot7__9,1429,N,False
5,bot36__9,bot53__8,1429,N,False
5,bot20__8,reel19__0,1429,N,False
5,bot26__7,reel19__0,1429,N,False
5,reel11__5,bot26__4,1429,N,False
5,bot40__2,bot26__4,1429,N,False
5,reel15__2,bot24__6,1429,N,False
5,reel30__3,reel49__0,1429,N,False
5,bot40__7,bot64__9,1429,N,False
5,reel30__3,bot64__9,1429,N,False
5,bot4__8,bot16__0,1429,N,False
5,bot21__8,bot16__0,1429,N,False
5,bot29__0,bot15__3,1429,N,False
5,bot29__0,bot23__6,1429,N,False
5,reel4__8,bot23__6,1429,N,False
5,bot4__9,bot42__8,1429,N,False
5,bot37__9,bot62__8,1429,N,False
5,reel58__8,reel59__9,1429,N,False
5,reel31__1,reel59__9,1429,N,False
5,reel9__4,reel15__3,1429,N,False
5,reel24__3,bot51__7,1429,N,False
5,reel24__3,reel57__1,1429,N,False
5,bot0__2,bot18__9,1429,N,False
5,bot12__1,bot45__4,1429,N,False
5,bot12__1,bot46__8,1429,N,False
5,reel18__0,reel22__0,1429,N,False
5,reel51__7,reel27__8,1429,N,False
5,reel62__0,reel68__2,1429,N,False
5,reel66__9,reel68__2,1429,N,False
5,reel66__7,reel53__7,1429,N,False
5,reel1__4,reel28__8,1429,N,False
5,reel8__9,bot44__2,1429,N,False
5,bot25__7,bot21__6,1429,N,False
5,bot25__7,bot8__8,1429,N,False
5,bot29__5,reel14__6,1429,N,False
5,bot11__8,bot15__9,1429,N,False
5,bot29__5,bot15__9,1429,N,False
5,bot2__6,bot9__2,1429,N,False
5,bot2__6,bot10__6,1429,N,False
5,reel31__7,bot41__5,1429,N,False
5,bot2__6,bot41__5,1429,N,False
5,reel4__7,bot10__3,1429,N,False
5,bot29__3,bot56__0,1429,N,False
5,reel20__4,bot69__6,1429,N,False
5,reel20__4,bot71__0,1429,N,False
5,bot48__3,bot52__7,1429,N,False
5,reel35__3,reel46__8,1429,N,False
5,reel17__3,bot38__3,1429,N,False
5,bot8__9,bot9__5,1429,N,False
5,bot59__1,reel58__1,1429,N,False
5,reel17__7,reel31__9,1429,N,False
5,reel21__0,reel31__9,1429,N,False
5,reel39__8,reel57__4,1429,N,False
5,reel39__3,bot42__9,1429,N,False
5,reel39__3,bot67__1,1429,N,False
5,bot18__5,bot59__0,1429,N,False
5,bot18__5,bot59__4,1429,N,False
5,bot44__4,bot70__5,1429,N,False
5,bot25__3,bot27__9,1429,N,False
5,reel35__1,bot44__5,1429,N,False
5,reel4__6,bot14__6,1429,N,False
5,reel18__4,reel60__6,1429,N,False
5,bot3__9,bot18__2,1429,N,False
5,reel34__0,bot35__8,1429,N,False
5,reel2__7,bot28__2,1429,N,False
5,reel28__5,reel40__3,1429,N,False
5,reel38__6,reel40__3,1429,N,False
5,bot4__4,bot29__9,1429,N,False
5,bot17__8,bot23__2,1429,N,False
5,reel25__9,reel64__1,1429,N,False
5,reel54__0,reel55__1,1429,N,False
5,reel29__4,bot57__6,1429,N,False
5,reel0__1,bot23__8,1429,N,False
5,reel8__7,reel6__7,1429,N,False
5,reel8__7,reel27__9,1429,N,False
5,reel8__7,reel33__9,1429,N,False
5,reel67__0,reel55__4,1429,N,False
5,reel22__1,reel50__9,1429,N,False
5,reel64__5,reel28__6,1429,N,False
5,bot21__2,bot61__0,1429,N,False
5,bot6__1,bot40__1,1429,N,False
5,bot6__1,bot41__2,1429,N,False
5,reel9__6,reel56__2,1429,N,False
5,bot17__4,bot45__5,1429,N,False
5,bot45__6,bot31__2,1429,N,False
5,reel32__5,reel26__0,1429,N,False
5,reel8__1,reel50__6,1429,N,False
5,reel66__4,reel3__2,1429,N,False
5,reel13__6,reel26__9,1429,N,False
5,reel11__5,reel15__8,1429,N,False
5,reel2__4,reel15__8,1429,N,False
5,reel27__7,bot39__5,1429,N,False
5,reel23__8,bot39__5,1429,N,False
5,reel0__9,bot11__2,1429,N,False
5,reel0__9,bot48__5,1429,N,False
5,reel23__8,bot40__3,1429,N,False
5,bot25__5,bot62__5,1429,N,False
5,reel21__2,reel25__2,1429,N,False
5,reel46__1,bot64__2,1429,N,False
5,reel31__7,bot66__1,1429,N,False
5,reel11__5,reel38__0,1429,N,False
5,reel11__7,bot65__3,1429,N,False
5,bot27__6,bot35__6,1429,N,False
5,bot27__6,bot60__4,1429,N,False
5,reel31__3,reel47__7,1429,N,False
5,reel21__4,reel7__8,1429,N,False
5,bot59__9,bot63__9,1429,N,False
5,bot5__5,bot38__6,1429,N,False
5,reel10__1,bot62__2,1430,N,True
5,reel40__0,bot62__2,1430,N,True
5,reel10__1,reel51__6,1430,N,True
5,bot55__6,reel51__6,1430,N,True
5,bot23__8,bot32__8,1430,N,True
5,bot1__1,bot32__8,1430,N,True
5,reel27__6,reel61__5,1430,N,True
5,reel29__8,reel61__5,1430,N,True
5,bot43__3,bot49__1,1430,N,True
5,reel42__3,reel68__1,1430,N,True
5,bot49__8,bot69__2,1430,N,True
5,bot66__3,bot69__2,1430,N,True
5,reel60__0,reel41__5,1430,N,True
5,bot23__5,bot26__3,1430,N,True
5,reel16__6,bot26__3,1430,N,True
5,bot55__2,bot17__8,1430,N,True
5,bot55__0,bot17__8,1430,N,True
5,reel42__9,bot59__8,1430,N,True
5,bot13__0,bot59__8,1430,N,True
5,bot61__3,bot45__0,1430,N,True
5,bot50__9,bot56__5,1430,N,True
5,bot52__6,bot59__3,1430,N,True
5,bot13__5,bot48__1,1430,N,True
5,bot21__1,bot38__1,1430,N,True
5,reel5__6,reel69__5,1430,N,True
5,reel39__2,reel69__5,1430,N,True
5,reel47__7,reel69__1,1430,N,True
5,reel41__8,reel47__8,1430,N,True
5,bot60__0,bot61__5,1430,N,True
5,reel16__6,bot20__6,1430,N,True
5,bot17__3,bot31__4,1430,N,True
5,bot27__1,bot20__2,1431,N,True
5,reel9__9,bot20__2,1431,N,True
5,bot37__4,bot20__2,1431,N,True
5,bot57__3,bot32__1,1431,N,True
5,reel23__2,bot32__1,1431,N,True
5,reel31__0,bot32__1,1431,N,True
5,reel15__3,bot32__1,1431,N,True
5,reel7__5,reel18__8,1431,N,True
5,bot34__2,bot36__3,1431,N,True
5,reel7__5,bot36__3,1431,N,True
5,reel22__6,reel25__1,1431,N,True
5,reel41__0,reel25__1,1431,N,True
5,reel22__6,reel39__9,1431,N,True
5,reel15__2,reel39__9,1431,N,True
5,reel22__6,reel53__0,1431,N,True
5,reel6__9,reel53__0,1431,N,True
5,reel17__9,bot27__8,1431,N,True
5,reel12__5,bot27__8,1431,N,True
5,reel12__5,bot49__6,1431,N,True
5,bot48__6,bot49__6,1431,N,True
5,bot61__1,bot49__6,1431,N,True
5,reel12__5,reel63__3,1431,N,True
5,reel33__1,reel63__3,1431,N,True
5,reel62__0,reel42__1,1431,N,True
5,reel12__0,reel42__1,1431,N,True
5,reel35__8,reel42__1,1431,N,True
5,reel53__1,reel42__1,1431,N,True
5,reel13__7,reel55__0,1431,N,True
5,reel53__1,reel55__0,1431,N,True
5,bot8__5,bot16__1,1431,N,True
5,bot48__6,bot16__1,1431,N,True
5,bot2__5,bot16__1,1431,N,True
5,reel17__4,reel43__3,1431,N,True
5,reel9__3,reel43__3,1431,N,True
5,reel38__1,reel43__3,1431,N,True
5,reel44__4,reel57__6,1431,N,True
5,reel60__6,reel57__6,1431,N,True
5,reel13__2,reel57__6,1431,N,True
5,bot67__2,bot43__8,1431,N,True
5,reel7__2,bot43__8,1431,N,True
5,reel16__5,reel47__7,1431,N,True
5,reel29__7,reel47__7,1431,N,True
5,reel69__1,reel47__7,1431,N,True
5,bot17__7,bot69__5,1431,N,True
5,reel6__2,bot69__5,1431,N,True
5,reel40__9,bot45__1,1431,N,True
5,bot1__4,bot45__1,1431,N,True
5,reel3__4,bot45__1,1431,N,True
5,bot14__3,bot64__0,1431,N,True
5,reel27__2,bot64__0,1431,N,True
5,bot23__4,bot64__0,1431,N,True
5,reel45__3,bot53__3,1431,N,True
5,bot3__7,bot53__3,1431,N,True
5,reel26__9,bot53__3,1431,N,True
5,reel6__9,bot66__7,1431,N,True
5,bot7__2,bot66__7,1431,N,True
5,reel6__0,reel44__9,1431,N,True
5,reel23__9,reel44__9,1431,N,True
5,reel45__2,reel44__9,1431,N,True
5,bot61__9,reel44__9,1431,N,True
5,reel23__0,bot65__5,1431,N,True
5,bot61__9,bot65__5,1431,N,True
5,reel27__6,reel17__1,1431,N,True
5,reel13__6,reel17__1,1431,N,True
5,reel13__5,reel17__1,1431,N,True
5,reel27__6,reel61__5,1431,N,True
5,reel51__0,reel61__5,1431,N,True
5,reel29__8,reel61__5,1431,N,True
5,bot61__7,bot13__0,1431,N,True
5,bot39__2,bot13__0,1431,N,True
5,bot12__0,bot13__0,1431,N,True
5,bot35__3,bot13__0,1431,N,True
5,reel35__5,bot43__7,1431,N,True
5,reel36__6,reel14__5,1431,N,True
5,reel7__4,reel14__5,1431,N,True
5,reel11__0,reel14__5,1431,N,True
5,reel10__5,reel14__5,1431,N,True
5,reel19__3,reel60__0,1431,N,True
5,reel52__5,reel60__0,1431,N,True
5,bot0__6,bot63__6,1431,N,True
5,bot14__7,bot63__6,1431,N,True
5,reel51__2,bot63__6,1431,N,True
5,reel14__6,reel37__1,1431,N,True
5,reel3__0,reel37__1,1431,N,True
5,bot67__4,reel37__1,1431,N,True
5,reel16__1,bot19__3,1431,N,True
5,reel3__3,bot19__3,1431,N,True
5,reel16__1,reel28__4,1431,N,True
5,reel22__7,reel28__4,1431,N,True
5,reel21__4,reel28__4,1431,N,True
5,reel35__7,reel28__4,1431,N,True
5,reel16__1,bot43__1,1431,N,True
5,reel19__8,bot43__1,1431,N,True
5,bot11__3,bot32__5,1431,N,True
5,bot11__3,bot38__1,1431,N,True
5,reel57__0,reel66__2,1431,N,True
5,reel21__9,reel66__2,1431,N,True
5,reel57__0,reel70__6,1431,N,True
5,bot26__1,bot31__0,1431,N,True
5,bot68__1,bot31__0,1431,N,True
5,reel9__0,bot71__9,1431,N,True
5,bot68__1,bot71__9,1431,N,True
5,bot9__4,bot53__4,1431,N,True
5,reel52__9,bot53__4,1431,N,True
5,reel31__9,bot53__4,1431,N,True
5,bot5__2,bot19__7,1431,N,True
5,reel0__9,bot19__7,1431,N,True
5,bot55__8,bot19__7,1431,N,True
5,bot26__6,bot19__7,1431,N,True
5,bot5__2,bot21__1,1431,N,True
5,bot19__0,bot21__1,1431,N,True
5,bot37__8,bot21__1,1431,N,True
5,bot9__7,bot42__4,1431,N,True
5,bot5__2,bot42__4,1431,N,True
5,bot5__2,bot44__7,1431,N,True
5,bot37__7,bot44__7,1431,N,True
5,reel21__5,bot34__4,1431,N,True
5,reel21__6,bot34__4,1431,N,True
5,reel29__6,bot34__4,1431,N,True
5,reel21__6,bot50__4,1431,N,True
5,reel40__8,bot41__7,1431,N,True
5,bot2__4,bot41__7,1431,N,True
5,reel0__4,bot41__7,1431,N,True
5,reel40__8,reel42__0,1431,N,True
5,reel40__8,reel54__5,1431,N,True
5,reel18__3,reel54__5,1431,N,True
5,bot37__9,bot62__8,1431,N,True
5,bot37__8,bot62__8,1431,N,True
5,reel14__2,bot22__5,1431,N,True
5,bot39__3,bot22__5,1431,N,True
5,reel10__5,bot22__5,1431,N,True
5,reel52__5,reel57__7,1431,N,True
5,reel2__0,reel57__7,1431,N,True
5,reel27__1,reel57__7,1431,N,True
5,reel6__1,reel11__2,1431,N,True
5,bot15__5,bot18__7,1431,N,True
5,reel6__1,bot18__7,1431,N,True
5,bot10__2,bot67__7,1431,N,True
5,reel21__9,bot67__7,1431,N,True
5,reel3__4,bot67__7,1431,N,True
5,reel22__2,reel31__3,1431,N,True
5,reel0__5,reel31__3,1431,N,True
5,reel22__2,bot71__1,1431,N,True
5,reel62__9,bot71__1,1431,N,True
5,reel48__3,bot65__2,1431,N,True
5,bot22__7,bot25__8,1431,N,True
5,bot12__8,bot25__8,1431,N,True
5,bot24__4,bot25__8,1431,N,True
5,bot0__3,bot39__4,1431,N,True
5,reel0__5,bot39__4,1431,N,True
5,reel0__5,bot52__7,1431,N,True
5,bot48__3,bot52__7,1431,N,True
5,reel36__4,reel50__5,1431,N,True
5,reel0__3,reel50__5,1431,N,True
5,reel2__5,reel6__8,1431,N,True
5,bot13__2,reel6__8,1431,N,True
5,bot14__5,bot28__5,1431,N,True
5,reel2__5,bot28__5,1431,N,True
5,reel0__0,bot28__5,1431,N,True
5,reel2__5,reel58__8,1431,N,True
5,reel2__5,bot67__0,1431,N,True
5,reel55__8,bot71__3,1431,N,True
5,bot58__6,bot71__3,1431,N,True
5,bot30__7,bot34__8,1431,N,True
5,reel8__2,bot34__8,1431,N,True
5,bot30__5,bot34__8,1431,N,True
5,bot27__0,bot42__1,1431,N,True
5,bot34__0,bot42__1,1431,N,True
5,bot30__5,bot42__1,1431,N,True
5,reel55__7,bot70__1,1431,N,True
5,reel44__5,bot70__1,1431,N,True
5,bot46__9,bot70__1,1431,N,True
5,reel35__3,reel46__8,1431,N,True
5,bot60__6,reel46__8,1431,N,True
5,reel31__2,reel46__8,1431,N,True
5,bot57__0,bot65__1,1431,N,True
5,reel2__7,bot51__9,1431,N,True
5,reel39__6,bot51__9,1431,N,True
5,reel29__5,reel32__0,1431,N,True
5,reel46__4,reel32__0,1431,N,True
5,reel49__3,reel32__0,1431,N,True
5,reel29__5,reel60__4,1431,N,True
5,reel1__4,bot11__0,1431,N,True
5,bot42__0,bot11__0,1431,N,True
5,reel4__4,bot11__0,1431,N,True
5,reel17__5,bot59__3,1431,N,True
5,reel44__6,bot59__3,1431,N,True
5,bot52__6,bot59__3,1431,N,True
5,bot40__7,bot64__9,1431,N,True
5,bot5__4,bot64__9,1431,N,True
5,reel30__3,bot64__9,1431,N,True
5,reel1__9,bot68__8,1431,N,True
5,bot40__7,bot68__8,1431,N,True
5,bot33__5,bot60__0,1431,N,True
5,bot15__2,bot60__0,1431,N,True
5,reel31__2,reel67__8,1431,N,True
5,reel0__3,reel67__8,1431,N,True
5,reel32__4,bot60__5,1431,N,True
5,reel44__6,reel69__5,1431,N,True
5,reel39__2,reel69__5,1431,N,True
5,bot46__4,reel38__7,1431,N,True
5,bot49__4,bot54__2,1431,N,True
5,reel16__8,bot55__0,1431,N,True
5,reel9__7,reel62__4,1431,N,True
5,reel66__1,reel62__4,1431,N,True
5,reel21__3,reel62__4,1431,N,True
5,bot61__2,bot70__9,1431,N,True
5,reel33__4,reel42__2,1431,N,True
5,reel35__7,reel42__2,1431,N,True
5,reel41__7,bot43__3,1431,N,True
5,reel36__5,bot43__3,1431,N,True
5,reel24__0,bot43__3,1431,N,True
5,reel41__7,reel44__1,1431,N,True
5,reel11__3,reel44__1,1431,N,True
5,reel41__7,reel50__3,1431,N,True
5,reel10__5,reel50__3,1431,N,True
5,reel26__2,reel8__1,1431,N,True
5,reel50__6,reel8__1,1431,N,True
5,reel12__0,reel8__1,1431,N,True
5,bot48__0,reel8__1,1431,N,True
5,reel1__4,reel8__1,1431,N,True
5,reel22__4,reel8__1,1431,N,True
5,reel0__0,reel8__1,1431,N,True
5,bot26__3,reel16__6,1431,N,True
5,reel12__0,reel16__6,1431,N,True
5,reel8__2,reel16__6,1431,N,True
5,bot21__9,reel16__6,1431,N,True
5,reel46__4,reel18__9,1431,N,True
5,reel11__0,reel18__9,1431,N,True
5,reel11__0,bot63__5,1431,N,True
5,reel17__9,bot48__9,1431,N,True
5,reel6__3,bot48__9,1431,N,True
5,reel45__6,bot48__9,1431,N,True
5,bot51__0,bot68__6,1431,N,True
5,reel9__1,bot68__6,1431,N,True
5,reel23__4,bot44__8,1431,N,True
5,reel2__0,bot44__8,1431,N,True
5,bot42__8,bot44__8,1431,N,True
5,reel2__0,bot59__0,1431,N,True
5,reel18__3,bot59__0,1431,N,True
5,bot68__2,bot27__5,1431,N,True
5,bot13__8,bot27__5,1431,N,True
5,reel15__9,bot27__5,1431,N,True
5,bot15__7,bot55__5,1431,N,True
5,reel33__9,bot55__5,1431,N,True
5,bot15__6,bot48__4,1431,N,True
5,bot68__4,bot48__4,1431,N,True
5,bot1__2,bot71__6,1431,N,True
5,reel11__7,bot71__6,1431,N,True
5,bot68__4,bot71__6,1431,N,True
5,reel37__0,reel43__2,1431,N,True
5,reel33__5,reel43__2,1431,N,True
5,reel29__4,reel43__2,1431,N,True
5,reel38__0,bot50__1,1431,N,True
5,bot6__8,bot50__1,1431,N,True
5,reel6__5,bot20__1,1431,N,True
5,reel15__2,bot20__1,1431,N,True
5,bot21__9,bot20__1,1431,N,True
5,reel2__4,reel21__8,1431,N,True
5,reel42__5,reel21__8,1431,N,True
5,reel13__6,reel21__8,1431,N,True
5,reel15__2,reel21__8,1431,N,True
5,reel48__1,reel21__8,1431,N,True
5,bot16__9,bot19__2,1431,N,True
5,bot49__9,bot12__4,1431,N,True
5,reel6__7,bot12__4,1431,N,True
5,bot6__4,bot12__4,1431,N,True
5,bot43__4,bot55__2,1431,N,True
5,bot49__9,bot55__2,1431,N,True
5,bot49__3,bot48__8,1431,N,True
5,bot5__7,bot48__8,1431,N,True
5,bot55__9,bot48__8,1431,N,True
5,reel24__0,bot48__8,1431,N,True
5,reel38__1,bot59__2,1431,N,True
5,bot55__6,bot59__2,1431,N,True
5,bot55__6,bot65__8,1431,N,True
5,reel6__3,bot28__1,1431,N,True
5,bot6__5,bot28__1,1431,N,True
5,reel6__4,bot28__1,1431,N,True
5,reel6__4,reel51__4,1431,N,True
5,reel4__8,bot62__0,1431,N,True
5,reel50__2,bot62__0,1431,N,True
5,bot70__5,bot12__5,1431,N,True
5,reel18__1,reel54__4,1431,N,True
5,reel44__3,reel54__4,1431,N,True
5,reel13__2,bot32__3,1431,N,True
5,reel8__7,bot32__3,1431,N,True
5,bot43__2,bot32__3,1431,N,True
5,reel13__2,reel65__6,1431,N,True
5,reel5__0,reel65__6,1431,N,True
5,reel11__3,bot26__5,1431,N,True
5,bot30__0,bot26__5,1431,N,True
5,bot7__1,bot26__5,1431,N,True
5,reel19__5,reel56__4,1431,N,True
5,reel37__6,reel56__4,1431,N,True
5,reel58__7,reel56__4,1431,N,True
5,reel11__8,reel56__4,1431,N,True
5,bot5__5,bot37__1,1431,N,True
5,reel0__4,bot37__1,1431,N,True
5,reel22__5,bot56__6,1431,N,True
5,reel7__2,bot56__6,1431,N,True
5,reel24__6,bot64__5,1431,N,True
5,reel61__2,bot64__5,1431,N,True
5,reel26__1,reel36__3,1431,N,True
5,reel35__9,reel36__3,1431,N,True
5,reel6__9,reel36__3,1431,N,True
5,bot68__5,bot63__2,1431,N,True
5,bot57__5,bot63__2,1431,N,True
5,reel24__3,bot30__2,1431,N,True
5,reel6__5,bot30__2,1431,N,True
5,bot37__9,bot30__2,1431,N,True
5,reel6__5,reel36__9,1431,N,True
5,reel21__4,reel36__9,1431,N,True
5,reel33__7,reel36__9,1431,N,True
5,reel7__1,bot9__6,1431,N,True
5,bot6__6,bot9__6,1431,N,True
5,bot15__2,bot9__6,1431,N,True
5,reel29__6,reel55__1,1431,N,True
5,reel54__2,reel55__1,1431,N,True
5,reel54__0,reel55__1,1431,N,True
5,bot10__0,bot56__5,1431,N,True
5,reel61__6,reel64__2,1431,N,True
5,reel54__9,reel64__2,1431,N,True
5,reel15__2,reel64__2,1431,N,True
5,reel56__8,reel63__8,1431,N,True
5,reel18__2,reel47__8,1431,N,True
5,reel41__8,reel47__8,1431,N,True
5,reel5__8,reel47__8,1431,N,True
5,bot16__6,bot58__5,1431,N,True
5,bot47__4,bot58__5,1431,N,True
5,reel53__2,bot58__5,1431,N,True
5,reel24__4,bot54__5,1431,N,True
5,reel4__5,bot54__5,1431,N,True
5,bot26__3,bot39__7,1431,N,True
5,bot21__5,bot39__7,1431,N,True
5,reel46__3,bot70__3,1431,N,True
5,reel56__2,bot70__3,1431,N,True
5,bot29__7,bot63__1,1431,N,True
5,reel6__6,bot63__1,1431,N,True
5,reel10__4,bot61__5,1431,N,True
5,reel7__6,reel49__9,1431,N,True
5,reel2__7,bot19__1,1431,N,True
5,bot8__0,bot19__1,1431,N,True
5,bot41__3,bot19__1,1431,N,True
5,bot48__3,bot19__1,1431,N,True
5,reel9__7,bot43__6,1431,N,True
5,bot41__3,bot43__6,1431,N,True
5,bot15__0,bot47__1,1431,N,True
5,reel15__4,bot47__1,1431,N,True
5,reel46__7,reel53__5,1431,N,True
5,reel8__9,reel53__5,1431,N,True
5,reel4__4,reel53__5,1431,N,True
5,reel55__7,reel47__1,1431,N,True
5,reel54__1,reel47__1,1431,N,True
5,bot1__2,bot13__5,1431,N,True
5,bot36__4,bot13__5,1431,N,True
5,bot1__2,bot16__5,1431,N,True
5,bot25__4,bot16__5,1431,N,True
5,reel8__9,bot16__5,1431,N,True
5,bot44__9,bot46__5,1431,N,True
5,reel14__4,bot46__5,1431,N,True
5,reel48__8,reel49__0,1431,N,True
5,reel20__0,reel49__0,1431,N,True
5,reel30__3,reel49__0,1431,N,True
5,bot4__8,bot16__0,1431,N,True
5,bot6__8,bot16__0,1431,N,True
5,bot21__8,bot16__0,1431,N,True
5,reel15__1,bot57__9,1431,N,True
5,bot64__7,bot57__9,1431,N,True
5,reel4__2,bot57__9,1431,N,True
5,bot14__5,bot15__9,1431,N,True
5,bot9__2,bot15__9,1431,N,True
5,bot14__5,bot31__2,1431,N,True
5,bot45__6,bot31__2,1431,N,True
5,bot14__5,bot66__5,1431,N,True
5,bot36__2,bot66__5,1431,N,True
5,bot15__5,bot66__2,1431,N,True
5,reel48__4,bot66__2,1431,N,True
5,reel5__0,bot22__0,1431,N,True
5,reel21__2,reel25__2,1431,N,True
5,reel60__2,reel25__2,1431,N,True
5,reel5__0,reel25__2,1431,N,True
5,reel44__5,reel66__3,1431,N,True
5,reel31__1,reel61__8,1431,N,True
5,reel5__8,reel61__8,1431,N,True
5,bot0__8,bot4__2,1431,N,True
5,bot27__4,bot4__2,1431,N,True
5,bot3__9,bot4__2,1431,N,True
5,reel9__4,reel45__1,1431,N,True
5,reel21__1,reel45__1,1431,N,True
5,reel23__4,bot26__9,1431,N,True
5,bot9__2,bot26__9,1431,N,True
5,reel24__3,bot51__7,1431,N,True
5,reel20__5,bot51__7,1431,N,True
5,reel5__5,bot51__7,1431,N,True
5,reel56__1,reel68__5,1431,N,True
5,reel13__5,reel68__5,1431,N,True
5,bot5__7,bot45__4,1431,N,True
5,bot12__1,bot45__4,1431,N,True
5,bot43__2,bot45__4,1431,N,True
5,bot9__1,bot46__8,1431,N,True
5,bot12__1,bot46__8,1431,N,True
5,bot14__7,bot65__3,1431,N,True
5,reel11__7,bot65__3,1431,N,True
5,reel1__1,bot65__3,1431,N,True
5,reel23__9,bot69__8,1431,N,True
5,bot1__4,bot69__8,1431,N,True
5,reel20__0,reel24__9,1431,N,True
5,reel20__0,bot41__5,1431,N,True
5,bot2__6,bot41__5,1431,N,True
5,reel20__0,bot47__7,1431,N,True
5,reel69__2,reel70__7,1431,N,True
5,reel5__5,bot35__7,1431,N,True
5,bot49__5,bot35__7,1431,N,True
5,bot41__8,bot54__1,1431,N,True
5,bot49__5,bot54__1,1431,N,True
5,reel22__7,bot54__7,1431,N,True
5,reel16__9,bot54__7,1431,N,True
5,reel11__9,reel55__4,1431,N,True
5,reel67__0,reel55__4,1431,N,True
5,reel2__9,reel55__4,1431,N,True
5,reel62__0,reel68__2,1431,N,True
5,reel66__9,reel68__2,1431,N,True
5,reel13__9,reel38__6,1431,N,True
5,reel13__9,reel49__1,1431,N,True
5,bot4__8,bot41__4,1431,N,True
5,bot13__1,bot41__4,1431,N,True
5,reel61__4,bot64__2,1431,N,True
5,bot64__7,reel37__8,1431,N,True
5,bot0__6,bot10__8,1431,N,True
5,bot2__6,bot50__7,1431,N,True
5,bot24__8,bot29__3,1431,N,True
5,bot13__1,bot55__4,1431,N,True
5,reel31__0,bot55__4,1431,N,True
5,reel8__8,reel43__1,1431,N,True
5,reel28__7,reel43__1,1431,N,True
5,reel9__8,reel55__3,1431,N,True
5,reel26__3,reel51__8,1431,N,True
5,reel37__6,bot68__3,1431,N,True
5,reel26__3,bot68__3,1431,N,True
5,bot34__0,bot47__6,1431,N,True
5,reel3__3,bot47__6,1431,N,True
5,bot34__3,bot67__9,1431,N,True
5,reel41__1,reel53__7,1431,N,True
5,reel11__3,reel53__7,1431,N,True
5,reel52__4,reel63__0,1431,N,True
5,reel47__9,reel63__0,1431,N,True
5,bot49__8,bot69__2,1431,N,True
5,reel20__9,reel42__3,1431,N,True
5,reel24__4,reel42__3,1431,N,True
5,reel24__4,bot63__0,1431,N,True
5,bot9__2,bot24__9,1431,N,True
5,reel38__2,reel41__5,1431,N,True
5,reel28__7,reel41__5,1431,N,True
5,reel48__8,reel41__5,1431,N,True
5,reel42__9,bot59__8,1431,N,True
5,reel7__1,bot17__0,1431,N,True
5,reel5__5,bot17__0,1431,N,True
5,reel15__0,reel31__7,1431,N,True
5,reel1__0,bot49__1,1431,N,True
5,reel14__7,bot20__6,1431,N,True
5,reel21__0,reel29__3,1431,N,True
5,reel20__5,reel29__3,1431,N,True
5,reel39__8,reel57__4,1431,N,True
5,bot25__3,bot27__9,1431,N,True
5,reel21__5,reel69__4,1431,N,True
5,reel46__7,reel69__4,1431,N,True
5,reel5__8,bot39__5,1431,N,True
5,reel23__8,bot39__5,1431,N,True
5,reel33__1,bot54__8,1431,N,True
5,reel30__9,bot54__8,1431,N,True
5,bot13__6,bot14__6,1431,N,True
5,reel4__2,bot14__6,1431,N,True
5,reel4__6,bot14__6,1431,N,True
5,bot25__6,bot36__8,1431,N,True
5,bot8__3,bot36__8,1431,N,True
5,reel60__1,bot61__8,1431,N,True
5,reel6__7,bot61__8,1431,N,True
5,bot51__1,bot57__8,1431,N,True
5,reel9__9,bot42__5,1431,N,True
5,reel30__4,bot57__6,1431,N,True
5,reel29__4,bot57__6,1431,N,True
5,reel10__6,bot67__8,1431,N,True
5,reel60__2,bot67__8,1431,N,True
5,reel10__5,bot69__1,1431,N,True
5,reel38__8,bot69__1,1431,N,True
5,bot21__2,bot61__0,1431,N,True
5,bot29__8,bot56__0,1431,N,True
5,reel58__5,reel65__3,1431,N,True
5,reel46__9,reel65__3,1431,N,True
5,reel29__7,bot40__9,1431,N,True
5,bot5__6,bot50__8,1431,N,True
5,reel59__0,bot63__8,1431,N,True
5,reel6__6,bot63__8,1431,N,True
5,bot50__0,bot66__1,1431,N,True
5,reel44__6,reel47__2,1431,N,True
5,reel39__0,reel47__2,1431,N,True
5,bot21__4,bot31__4,1431,N,True
5,reel40__2,bot64__6,1431,N,True
5,reel0__0,reel47__0,1431,N,True
5,reel34__7,bot44__6,1431,N,True
5,bot26__1,bot29__9,1431,N,True
5,reel2__9,bot15__1,1431,N,True
5,reel10__6,bot20__7,1431,N,True
5,reel4__2,bot12__7,1431,N,True
5,reel30__5,reel52__2,1431,N,True
5,bot18__0,bot70__6,1431,N,True
5,reel8__3,bot35__8,1431,N,True
5,reel54__9,bot59__4,1431,N,True
5,reel10__9,bot54__5,1432,N,True
5,reel24__4,bot54__5,1432,N,True
5,reel10__9,reel70__8,1432,N,True
5,reel7__5,reel36__8,1432,N,True
5,reel35__8,reel36__8,1432,N,True
5,reel55__1,reel54__0,1432,N,True
5,reel1__7,reel54__0,1432,N,True
5,reel69__7,reel54__0,1432,N,True
5,reel22__6,bot37__0,1432,N,True
5,reel33__7,bot37__0,1432,N,True
5,bot22__6,bot37__0,1432,N,True
5,reel12__5,bot21__0,1432,N,True
5,reel16__0,bot21__0,1432,N,True
5,bot69__9,bot21__0,1432,N,True
5,reel12__5,bot49__6,1432,N,True
5,bot25__9,bot64__4,1432,N,True
5,bot10__6,bot24__1,1432,N,True
5,bot37__6,bot24__1,1432,N,True
5,bot37__6,bot48__4,1432,N,True
5,bot12__7,bot26__7,1432,N,True
5,reel19__0,bot26__7,1432,N,True
5,reel7__0,bot26__7,1432,N,True
5,bot12__7,bot38__0,1432,N,True
5,reel27__8,bot38__0,1432,N,True
5,reel16__5,bot29__7,1432,N,True
5,reel31__3,reel47__7,1432,N,True
5,reel16__5,reel47__7,1432,N,True
5,reel29__7,reel47__7,1432,N,True
5,reel16__5,bot50__2,1432,N,True
5,bot1__9,bot50__2,1432,N,True
5,reel10__8,bot16__2,1432,N,True
5,reel7__0,bot16__2,1432,N,True
5,reel7__0,bot30__2,1432,N,True
5,bot23__9,bot27__7,1432,N,True
5,reel40__9,bot45__1,1432,N,True
5,reel3__4,bot45__1,1432,N,True
5,reel40__9,bot52__9,1432,N,True
5,reel23__3,bot52__9,1432,N,True
5,reel65__8,reel53__9,1432,N,True
5,reel40__9,reel53__9,1432,N,True
5,bot14__3,bot64__0,1432,N,True
5,bot7__2,bot29__4,1432,N,True
5,reel1__6,bot66__7,1432,N,True
5,reel6__9,bot66__7,1432,N,True
5,bot7__2,bot66__7,1432,N,True
5,bot2__9,bot39__2,1432,N,True
5,bot56__8,bot39__2,1432,N,True
5,bot17__8,bot39__2,1432,N,True
5,reel62__8,reel39__7,1432,N,True
5,reel18__7,reel39__7,1432,N,True
5,reel65__7,reel39__7,1432,N,True
5,reel62__7,reel39__7,1432,N,True
5,bot4__1,bot33__1,1432,N,True
5,bot0__6,bot63__6,1432,N,True
5,bot14__7,bot63__6,1432,N,True
5,reel51__2,bot63__6,1432,N,True
5,bot58__2,bot57__0,1432,N,True
5,bot20__0,bot57__0,1432,N,True
5,bot28__0,bot57__0,1432,N,True
5,bot11__3,bot38__1,1432,N,True
5,bot21__1,bot38__1,1432,N,True
5,reel20__1,bot38__1,1432,N,True
5,reel16__1,bot19__3,1432,N,True
5,reel8__1,bot19__3,1432,N,True
5,reel3__3,bot19__3,1432,N,True
5,reel16__1,bot43__1,1432,N,True
5,reel19__8,bot43__1,1432,N,True
5,bot3__0,bot43__1,1432,N,True
5,bot55__1,bot58__7,1432,N,True
5,bot8__2,bot58__7,1432,N,True
5,bot19__9,bot58__7,1432,N,True
5,bot13__1,bot55__4,1432,N,True
5,reel12__6,bot55__4,1432,N,True
5,bot20__3,bot47__3,1432,N,True
5,reel18__7,bot47__3,1432,N,True
5,reel4__8,bot62__0,1432,N,True
5,bot25__0,bot62__0,1432,N,True
5,reel9__0,bot71__9,1432,N,True
5,bot68__1,bot71__9,1432,N,True
5,bot5__2,bot42__4,1432,N,True
5,bot5__2,bot44__7,1432,N,True
5,bot37__7,bot44__7,1432,N,True
5,bot23__2,bot44__7,1432,N,True
5,bot5__2,bot51__2,1432,N,True
5,bot29__1,bot51__2,1432,N,True
5,reel40__8,bot41__7,1432,N,True
5,bot2__4,bot41__7,1432,N,True
5,reel0__4,bot41__7,1432,N,True
5,bot7__3,bot34__9,1432,N,True
5,bot37__8,bot34__9,1432,N,True
5,bot50__8,bot38__5,1432,N,True
5,reel4__9,bot38__5,1432,N,True
5,bot54__3,bot38__5,1432,N,True
5,bot15__3,bot38__5,1432,N,True
5,reel5__9,reel45__5,1432,N,True
5,reel3__4,reel45__5,1432,N,True
5,reel21__9,bot67__7,1432,N,True
5,reel3__4,bot67__7,1432,N,True
5,bot22__7,bot25__8,1432,N,True
5,bot12__8,bot25__8,1432,N,True
5,bot24__4,bot25__8,1432,N,True
5,bot22__1,bot28__8,1432,N,True
5,bot14__5,bot28__5,1432,N,True
5,reel2__5,bot28__5,1432,N,True
5,reel0__0,bot28__5,1432,N,True
5,bot27__0,bot42__1,1432,N,True
5,bot34__0,bot42__1,1432,N,True
5,bot30__5,bot42__1,1432,N,True
5,reel44__5,bot70__1,1432,N,True
5,bot46__9,bot70__1,1432,N,True
5,reel37__1,bot55__5,1432,N,True
5,reel33__9,bot55__5,1432,N,True
5,bot60__6,reel46__8,1432,N,True
5,bot33__5,bot60__0,1432,N,True
5,bot61__5,bot60__0,1432,N,True
5,reel14__1,bot35__9,1432,N,True
5,reel3__7,bot68__7,1432,N,True
5,bot29__2,bot50__5,1432,N,True
5,bot14__5,bot50__5,1432,N,True
5,bot22__8,bot50__5,1432,N,True
5,reel13__7,reel55__0,1432,N,True
5,bot19__7,bot55__8,1432,N,True
5,bot20__9,bot55__8,1432,N,True
5,bot45__2,bot55__8,1432,N,True
5,reel59__7,reel68__7,1432,N,True
5,reel19__8,reel68__7,1432,N,True
5,reel4__1,reel36__1,1432,N,True
5,bot10__8,bot27__2,1432,N,True
5,bot64__6,bot42__6,1432,N,True
5,bot53__7,bot42__6,1432,N,True
5,bot4__6,bot6__0,1432,N,True
5,bot39__8,bot6__0,1432,N,True
5,reel5__3,bot6__0,1432,N,True
5,bot7__9,bot36__9,1432,N,True
5,reel59__8,bot60__3,1432,N,True
5,reel35__4,bot60__3,1432,N,True
5,reel39__2,reel69__5,1432,N,True
5,bot55__1,bot41__6,1432,N,True
5,bot7__4,bot41__6,1432,N,True
5,bot17__8,bot55__0,1432,N,True
5,reel16__8,bot55__0,1432,N,True
5,bot36__3,bot34__2,1432,N,True
5,bot27__6,bot34__2,1432,N,True
5,bot36__3,bot32__8,1432,N,True
5,bot23__8,bot32__8,1432,N,True
5,reel30__2,reel14__8,1432,N,True
5,reel26__1,reel14__8,1432,N,True
5,bot61__2,reel14__8,1432,N,True
5,reel5__0,reel14__8,1432,N,True
5,reel4__2,reel14__8,1432,N,True
5,bot61__2,bot70__9,1432,N,True
5,reel0__7,reel52__6,1432,N,True
5,reel48__9,reel52__6,1432,N,True
5,bot37__2,reel35__3,1432,N,True
5,reel23__3,reel37__5,1432,N,True
5,reel9__1,reel37__5,1432,N,True
5,reel33__4,reel42__2,1432,N,True
5,reel35__7,reel42__2,1432,N,True
5,reel33__6,reel56__7,1432,N,True
5,reel26__0,reel56__7,1432,N,True
5,reel41__7,reel50__3,1432,N,True
5,reel29__0,reel50__3,1432,N,True
5,reel10__5,reel50__3,1432,N,True
5,reel10__8,reel18__9,1432,N,True
5,reel11__0,reel18__9,1432,N,True
5,reel1__7,reel18__9,1432,N,True
5,bot23__0,bot45__7,1432,N,True
5,reel10__5,bot45__7,1432,N,True
5,reel40__4,bot50__6,1432,N,True
5,bot20__0,bot50__6,1432,N,True
5,reel41__3,reel52__8,1432,N,True
5,reel9__9,reel52__8,1432,N,True
5,reel9__1,reel52__8,1432,N,True
5,reel9__1,bot68__6,1432,N,True
5,reel21__9,reel40__1,1432,N,True
5,reel21__9,bot49__9,1432,N,True
5,reel48__4,reel69__0,1432,N,True
5,reel12__8,reel69__0,1432,N,True
5,reel14__6,bot60__4,1432,N,True
5,bot27__6,bot60__4,1432,N,True
5,reel33__9,bot60__4,1432,N,True
5,reel42__0,reel53__3,1432,N,True
5,reel6__3,bot28__1,1432,N,True
5,bot6__5,bot28__1,1432,N,True
5,reel6__4,bot28__1,1432,N,True
5,reel11__9,reel28__3,1432,N,True
5,reel5__9,reel28__3,1432,N,True
5,reel6__4,reel28__3,1432,N,True
5,reel6__4,reel51__4,1432,N,True
5,bot0__7,bot9__8,1432,N,True
5,bot0__7,bot65__6,1432,N,True
5,bot54__3,bot28__9,1432,N,True
5,bot6__8,bot28__9,1432,N,True
5,reel0__4,bot28__9,1432,N,True
5,reel35__6,bot62__3,1432,N,True
5,bot52__3,bot62__3,1432,N,True
5,reel22__5,bot56__6,1432,N,True
5,reel7__2,bot56__6,1432,N,True
5,reel7__2,reel68__6,1432,N,True
5,reel34__2,reel61__1,1432,N,True
5,bot65__2,reel61__1,1432,N,True
5,reel44__5,reel61__1,1432,N,True
5,bot14__1,bot34__5,1432,N,True
5,reel6__9,bot34__5,1432,N,True
5,reel24__8,reel50__9,1432,N,True
5,bot53__0,reel50__9,1432,N,True
5,reel46__1,reel31__2,1432,N,True
5,reel24__2,reel31__2,1432,N,True
5,reel30__6,reel31__2,1432,N,True
5,reel4__7,bot10__3,1432,N,True
5,bot11__2,bot10__3,1432,N,True
5,bot71__1,bot10__3,1432,N,True
5,bot7__3,bot10__3,1432,N,True
5,reel23__9,bot69__8,1432,N,True
5,bot33__7,bot69__8,1432,N,True
5,reel39__5,bot49__7,1432,N,True
5,bot6__5,bot49__7,1432,N,True
5,reel48__1,reel68__3,1432,N,True
5,reel11__6,bot52__1,1432,N,True
5,bot42__2,bot52__1,1432,N,True
5,bot2__6,bot52__1,1432,N,True
5,bot27__8,bot38__2,1432,N,True
5,reel32__5,bot38__2,1432,N,True
5,bot11__5,bot38__2,1432,N,True
5,reel25__3,bot52__8,1432,N,True
5,bot11__7,bot52__8,1432,N,True
5,reel46__0,bot52__7,1432,N,True
5,bot48__3,bot52__7,1432,N,True
5,reel1__4,reel2__9,1432,N,True
5,reel37__4,reel2__9,1432,N,True
5,reel16__0,reel2__9,1432,N,True
5,reel1__7,reel2__9,1432,N,True
5,reel37__4,bot52__4,1432,N,True
5,reel44__5,bot52__4,1432,N,True
5,bot20__7,bot43__6,1432,N,True
5,reel9__7,bot43__6,1432,N,True
5,bot41__3,bot43__6,1432,N,True
5,reel1__4,bot11__0,1432,N,True
5,reel4__4,bot11__0,1432,N,True
5,reel14__4,reel70__9,1432,N,True
5,reel4__8,reel52__0,1432,N,True
5,reel35__8,reel52__0,1432,N,True
5,bot49__3,bot48__8,1432,N,True
5,bot5__7,bot48__8,1432,N,True
5,bot49__3,reel43__5,1432,N,True
5,bot6__8,bot31__9,1432,N,True
5,reel19__4,bot31__9,1432,N,True
5,reel15__1,bot57__9,1432,N,True
5,bot64__7,bot57__9,1432,N,True
5,reel4__2,bot57__9,1432,N,True
5,reel15__1,bot69__6,1432,N,True
5,reel20__4,bot69__6,1432,N,True
5,bot14__5,bot15__9,1432,N,True
5,bot9__2,bot15__9,1432,N,True
5,bot14__5,bot66__5,1432,N,True
5,bot36__2,bot66__5,1432,N,True
5,reel29__1,reel40__0,1432,N,True
5,reel5__3,reel40__0,1432,N,True
5,bot15__5,bot66__2,1432,N,True
5,reel48__4,bot66__2,1432,N,True
5,bot11__6,bot66__2,1432,N,True
5,bot19__2,bot16__1,1432,N,True
5,bot8__5,bot16__1,1432,N,True
5,reel17__6,bot30__3,1432,N,True
5,reel20__1,bot30__3,1432,N,True
5,bot65__0,bot66__3,1432,N,True
5,reel7__1,bot33__4,1432,N,True
5,reel5__0,bot33__4,1432,N,True
5,bot12__9,bot23__7,1432,N,True
5,bot25__1,bot23__7,1432,N,True
5,bot1__6,bot23__7,1432,N,True
5,bot1__6,bot63__7,1432,N,True
5,bot0__3,bot39__4,1432,N,True
5,bot25__3,bot27__9,1432,N,True
5,bot21__1,bot27__9,1432,N,True
5,reel52__3,reel66__3,1432,N,True
5,reel28__9,reel66__3,1432,N,True
5,reel44__5,reel66__3,1432,N,True
5,reel24__2,reel61__8,1432,N,True
5,reel31__1,reel61__8,1432,N,True
5,reel17__2,bot60__5,1432,N,True
5,reel9__4,reel45__1,1432,N,True
5,reel38__7,reel45__1,1432,N,True
5,reel6__3,bot48__9,1432,N,True
5,reel45__6,bot48__9,1432,N,True
5,bot9__1,bot46__8,1432,N,True
5,bot12__1,bot46__8,1432,N,True
5,reel17__8,reel46__4,1432,N,True
5,reel32__0,reel46__4,1432,N,True
5,reel17__8,bot61__1,1432,N,True
5,reel69__2,reel70__7,1432,N,True
5,reel32__6,reel70__7,1432,N,True
5,reel41__8,reel56__5,1432,N,True
5,bot7__4,bot33__0,1432,N,True
5,bot37__5,bot41__0,1432,N,True
5,reel3__2,bot41__0,1432,N,True
5,reel3__2,bot46__1,1432,N,True
5,reel22__7,bot54__7,1432,N,True
5,reel16__9,bot54__7,1432,N,True
5,bot4__8,bot41__4,1432,N,True
5,bot13__1,bot41__4,1432,N,True
5,bot23__6,bot41__4,1432,N,True
5,bot36__1,bot40__1,1432,N,True
5,bot42__8,bot44__8,1432,N,True
5,reel11__9,reel39__6,1432,N,True
5,reel34__2,reel39__6,1432,N,True
5,reel45__0,reel39__6,1432,N,True
5,reel10__8,bot48__6,1432,N,True
5,reel61__4,bot64__2,1432,N,True
5,reel46__1,bot64__2,1432,N,True
5,reel32__0,reel24__9,1432,N,True
5,reel32__0,bot60__7,1432,N,True
5,reel58__5,reel65__3,1432,N,True
5,reel46__9,reel65__3,1432,N,True
5,reel61__7,reel65__3,1432,N,True
5,reel31__7,bot41__5,1432,N,True
5,bot2__6,bot41__5,1432,N,True
5,reel29__0,bot50__7,1432,N,True
5,bot2__6,bot50__7,1432,N,True
5,bot56__5,bot50__9,1432,N,True
5,bot13__1,bot50__9,1432,N,True
5,reel25__6,bot50__9,1432,N,True
5,reel23__5,bot50__9,1432,N,True
5,reel8__8,reel43__1,1432,N,True
5,reel28__7,reel43__1,1432,N,True
5,reel26__3,reel51__8,1432,N,True
5,reel24__8,reel59__0,1432,N,True
5,reel26__3,reel59__0,1432,N,True
5,reel22__5,reel59__0,1432,N,True
5,reel4__7,bot30__4,1432,N,True
5,reel26__7,reel59__5,1432,N,True
5,reel4__7,reel59__5,1432,N,True
5,reel11__7,reel60__5,1432,N,True
5,reel22__5,reel60__5,1432,N,True
5,bot66__9,reel60__5,1432,N,True
5,reel47__9,reel63__0,1432,N,True
5,reel21__4,reel52__4,1432,N,True
5,reel65__5,reel52__4,1432,N,True
5,reel20__4,bot71__0,1432,N,True
5,bot59__5,reel34__8,1432,N,True
5,reel26__9,reel34__8,1432,N,True
5,bot9__2,bot26__9,1432,N,True
5,bot19__1,bot54__9,1432,N,True
5,bot25__6,bot30__0,1432,N,True
5,bot26__5,bot30__0,1432,N,True
5,reel34__2,reel60__6,1432,N,True
5,reel57__6,reel60__6,1432,N,True
5,reel26__8,reel33__3,1432,N,True
5,reel26__7,reel33__3,1432,N,True
5,reel58__9,reel33__3,1432,N,True
5,bot0__5,bot32__2,1432,N,True
5,reel7__1,bot17__0,1432,N,True
5,reel5__5,bot17__0,1432,N,True
5,bot43__7,bot17__0,1432,N,True
5,bot5__6,bot10__2,1432,N,True
5,bot17__6,bot10__2,1432,N,True
5,reel1__3,bot70__7,1432,N,True
5,reel14__7,bot20__6,1432,N,True
5,reel1__8,bot3__8,1432,N,True
5,bot54__4,bot3__8,1432,N,True
5,bot10__9,bot3__8,1432,N,True
5,bot8__1,bot33__3,1432,N,True
5,reel55__3,bot67__8,1432,N,True
5,reel60__2,bot67__8,1432,N,True
5,bot33__6,bot29__5,1432,N,True
5,reel14__6,bot29__5,1432,N,True
5,reel17__5,reel31__8,1432,N,True
5,reel17__5,bot58__8,1432,N,True
5,reel17__5,bot59__3,1432,N,True
5,reel2__7,bot51__9,1432,N,True
5,bot41__8,bot54__1,1432,N,True
5,reel52__3,bot66__8,1432,N,True
5,reel8__1,reel22__4,1432,N,True
5,reel5__2,reel22__4,1432,N,True
5,reel9__9,reel64__7,1432,N,True
5,reel11__7,reel64__7,1432,N,True
5,reel10__5,bot69__1,1432,N,True
5,reel38__8,bot69__1,1432,N,True
5,bot43__7,bot69__1,1432,N,True
5,bot22__3,bot35__3,1432,N,True
5,bot1__7,bot35__3,1432,N,True
5,reel33__7,reel36__9,1432,N,True
5,reel21__4,reel36__9,1432,N,True
5,reel33__7,reel55__9,1432,N,True
5,reel1__7,reel17__1,1432,N,True
5,reel67__5,reel58__3,1432,N,True
5,reel47__1,reel54__1,1432,N,True
5,reel7__7,reel54__1,1432,N,True
5,reel38__8,reel54__1,1432,N,True
5,reel47__1,reel38__3,1432,N,True
5,reel19__2,reel38__3,1432,N,True
5,reel0__0,reel38__3,1432,N,True
5,bot17__4,bot45__5,1432,N,True
5,reel32__5,bot43__2,1432,N,True
5,bot63__2,bot57__5,1432,N,True
5,bot5__6,bot69__3,1432,N,True
5,reel5__5,bot51__7,1432,N,True
5,reel27__3,bot65__1,1432,N,True
5,reel49__5,bot63__8,1432,N,True
5,bot18__6,bot21__6,1432,N,True
5,bot18__6,bot31__7,1432,N,True
5,bot5__7,bot16__8,1432,N,True
5,bot6__5,bot16__8,1432,N,True
5,reel65__9,reel69__8,1432,N,True
5,reel37__7,reel39__7,1433,N,True
5,reel65__7,reel39__7,1433,N,True
5,bot3__8,bot54__4,1433,N,True
5,reel3__1,bot54__4,1433,N,True
5,reel3__1,bot65__7,1433,N,True
5,bot0__2,bot11__4,1433,N,True
5,reel3__9,bot11__4,1433,N,True
5,bot19__8,bot11__4,1433,N,True
5,reel3__9,reel29__1,1433,N,True
5,reel13__1,reel41__9,1433,N,True
5,reel3__9,reel41__9,1433,N,True
5,reel36__0,bot51__5,1433,N,True
5,reel3__9,bot51__5,1433,N,True
5,bot24__1,bot37__6,1433,N,True
5,reel31__6,bot37__6,1433,N,True
5,reel43__8,bot47__2,1433,N,True
5,reel31__0,bot32__1,1433,N,True
5,reel15__3,bot32__1,1433,N,True
5,reel7__5,reel10__6,1433,N,True
5,reel7__7,reel10__6,1433,N,True
5,bot20__7,reel10__6,1433,N,True
5,reel7__5,bot36__3,1433,N,True
5,bot44__6,bot36__3,1433,N,True
5,reel22__6,bot37__0,1433,N,True
5,bot22__6,bot37__0,1433,N,True
5,reel22__6,reel39__9,1433,N,True
5,reel33__0,reel39__9,1433,N,True
5,reel22__6,reel53__0,1433,N,True
5,reel6__9,reel53__0,1433,N,True
5,reel13__4,bot14__4,1433,N,True
5,bot49__2,bot14__4,1433,N,True
5,reel11__7,bot14__4,1433,N,True
5,reel40__6,reel42__1,1433,N,True
5,reel35__8,reel42__1,1433,N,True
5,reel60__9,reel42__1,1433,N,True
5,reel53__1,reel42__1,1433,N,True
5,reel13__7,reel55__0,1433,N,True
5,reel53__1,reel55__0,1433,N,True
5,bot25__9,bot64__4,1433,N,True
5,bot12__7,bot38__0,1433,N,True
5,reel24__9,bot38__0,1433,N,True
5,reel12__4,reel32__4,1433,N,True
5,bot60__5,reel32__4,1433,N,True
5,reel16__5,bot29__7,1433,N,True
5,bot63__1,bot29__7,1433,N,True
5,bot19__8,bot29__7,1433,N,True
5,bot8__4,bot29__7,1433,N,True
5,bot67__2,bot43__8,1433,N,True
5,reel54__4,bot69__5,1433,N,True
5,bot17__7,bot69__5,1433,N,True
5,reel40__9,bot45__1,1433,N,True
5,bot1__4,bot45__1,1433,N,True
5,reel61__3,reel27__0,1433,N,True
5,reel11__1,reel27__0,1433,N,True
5,bot31__8,reel27__0,1433,N,True
5,reel34__4,reel27__0,1433,N,True
5,reel6__9,bot66__7,1433,N,True
5,bot7__2,bot66__7,1433,N,True
5,bot58__8,bot17__0,1433,N,True
5,reel5__5,bot17__0,1433,N,True
5,bot43__7,bot17__0,1433,N,True
5,reel27__6,reel17__1,1433,N,True
5,reel13__5,reel17__1,1433,N,True
5,reel27__6,reel61__5,1433,N,True
5,reel51__0,reel61__5,1433,N,True
5,reel19__3,reel20__1,1433,N,True
5,reel9__4,reel20__1,1433,N,True
5,reel36__6,reel14__5,1433,N,True
5,reel7__4,reel14__5,1433,N,True
5,reel23__6,reel41__0,1433,N,True
5,reel7__4,reel41__0,1433,N,True
5,reel25__1,reel41__0,1433,N,True
5,bot11__3,bot32__5,1433,N,True
5,reel22__8,bot32__5,1433,N,True
5,bot27__5,bot32__5,1433,N,True
5,bot11__3,bot38__1,1433,N,True
5,reel33__1,bot54__8,1433,N,True
5,bot23__7,bot54__8,1433,N,True
5,bot61__7,bot13__0,1433,N,True
5,reel12__6,bot13__0,1433,N,True
5,reel31__0,bot55__4,1433,N,True
5,reel12__6,bot55__4,1433,N,True
5,reel19__1,bot25__4,1433,N,True
5,reel14__9,reel36__5,1433,N,True
5,reel24__2,reel36__5,1433,N,True
5,reel57__0,reel36__5,1433,N,True
5,reel54__8,reel36__5,1433,N,True
5,reel12__7,reel66__2,1433,N,True
5,reel57__0,reel66__2,1433,N,True
5,reel5__4,reel70__6,1433,N,True
5,reel57__0,reel70__6,1433,N,True
5,reel45__9,reel70__6,1433,N,True
5,reel23__7,bot57__4,1433,N,True
5,bot24__2,bot57__4,1433,N,True
5,reel26__5,bot52__6,1433,N,True
5,bot9__5,bot52__6,1433,N,True
5,bot5__2,bot21__1,1433,N,True
5,bot19__0,bot21__1,1433,N,True
5,bot27__9,bot21__1,1433,N,True
5,bot9__7,bot42__4,1433,N,True
5,bot5__2,bot42__4,1433,N,True
5,bot41__9,bot32__2,1433,N,True
5,reel21__6,bot32__2,1433,N,True
5,reel21__1,bot32__2,1433,N,True
5,bot39__7,bot26__3,1433,N,True
5,reel32__8,bot56__9,1433,N,True
5,reel40__8,bot41__7,1433,N,True
5,bot2__4,bot41__7,1433,N,True
5,reel0__4,bot41__7,1433,N,True
5,reel40__8,reel54__5,1433,N,True
5,reel20__7,reel64__8,1433,N,True
5,reel3__7,reel45__7,1433,N,True
5,reel35__9,reel45__7,1433,N,True
5,reel70__5,reel45__7,1433,N,True
5,bot46__6,bot51__3,1433,N,True
5,reel45__9,bot51__3,1433,N,True
5,bot27__5,bot51__3,1433,N,True
5,bot39__8,bot51__8,1433,N,True
5,reel4__9,bot51__8,1433,N,True
5,reel6__1,bot18__7,1433,N,True
5,bot12__8,bot25__8,1433,N,True
5,bot24__4,bot25__8,1433,N,True
5,reel0__5,bot52__7,1433,N,True
5,bot48__3,bot52__7,1433,N,True
5,reel13__3,bot36__5,1433,N,True
5,bot14__5,bot28__5,1433,N,True
5,reel2__5,bot28__5,1433,N,True
5,reel0__0,bot28__5,1433,N,True
5,reel2__5,bot67__0,1433,N,True
5,reel42__4,reel37__9,1433,N,True
5,reel35__3,reel46__8,1433,N,True
5,bot60__6,reel46__8,1433,N,True
5,reel31__2,reel46__8,1433,N,True
5,reel3__7,bot68__7,1433,N,True
5,reel66__4,bot68__7,1433,N,True
5,reel68__0,reel23__0,1433,N,True
5,reel34__4,reel23__0,1433,N,True
5,reel52__2,reel47__3,1433,N,True
5,reel34__4,reel47__3,1433,N,True
5,bot25__5,bot20__5,1433,N,True
5,reel13__7,bot20__5,1433,N,True
5,bot19__7,bot55__8,1433,N,True
5,bot20__9,bot55__8,1433,N,True
5,bot45__2,bot55__8,1433,N,True
5,reel4__1,reel36__1,1433,N,True
5,reel0__2,bot2__2,1433,N,True
5,bot18__4,bot2__2,1433,N,True
5,bot5__4,bot24__7,1433,N,True
5,bot21__3,bot24__7,1433,N,True
5,reel1__8,bot4__0,1433,N,True
5,reel1__9,bot4__0,1433,N,True
5,reel1__9,bot68__8,1433,N,True
5,bot40__7,bot68__8,1433,N,True
5,bot9__7,bot42__6,1433,N,True
5,bot53__7,bot42__6,1433,N,True
5,bot10__3,bot42__6,1433,N,True
5,reel13__4,bot34__9,1433,N,True
5,bot7__3,bot34__9,1433,N,True
5,reel0__3,bot34__9,1433,N,True
5,bot9__4,bot53__4,1433,N,True
5,reel32__6,reel63__6,1433,N,True
5,reel24__7,reel63__6,1433,N,True
5,bot4__6,bot6__0,1433,N,True
5,bot39__8,bot6__0,1433,N,True
5,bot46__4,bot62__7,1433,N,True
5,reel4__3,reel9__1,1433,N,True
5,reel37__5,reel9__1,1433,N,True
5,reel4__3,bot18__3,1433,N,True
5,bot1__2,bot18__3,1433,N,True
5,reel2__8,reel25__3,1433,N,True
5,bot35__9,bot69__3,1433,N,True
5,reel0__7,reel52__6,1433,N,True
5,reel21__4,reel28__4,1433,N,True
5,reel35__7,reel28__4,1433,N,True
5,reel11__1,reel42__2,1433,N,True
5,reel35__7,reel42__2,1433,N,True
5,reel1__0,reel47__4,1433,N,True
5,reel60__9,reel47__4,1433,N,True
5,reel68__0,reel62__5,1433,N,True
5,reel13__1,reel62__5,1433,N,True
5,reel60__9,reel62__5,1433,N,True
5,reel33__6,reel56__7,1433,N,True
5,reel26__0,reel56__7,1433,N,True
5,reel41__7,bot43__3,1433,N,True
5,reel41__7,reel44__1,1433,N,True
5,reel11__3,reel44__1,1433,N,True
5,reel41__7,reel50__3,1433,N,True
5,reel4__0,reel6__5,1433,N,True
5,reel11__1,reel26__1,1433,N,True
5,reel23__7,reel26__1,1433,N,True
5,reel14__8,reel26__1,1433,N,True
5,reel9__0,bot71__9,1433,N,True
5,reel33__9,bot55__5,1433,N,True
5,reel14__6,bot60__4,1433,N,True
5,bot27__6,bot60__4,1433,N,True
5,reel33__9,bot60__4,1433,N,True
5,reel38__0,bot50__1,1433,N,True
5,bot6__8,bot50__1,1433,N,True
5,reel42__5,reel21__8,1433,N,True
5,reel48__1,reel21__8,1433,N,True
5,reel2__4,reel21__8,1433,N,True
5,bot58__6,bot53__2,1433,N,True
5,reel17__4,reel43__3,1433,N,True
5,reel38__1,reel43__3,1433,N,True
5,reel17__4,reel50__4,1433,N,True
5,reel8__8,reel43__1,1433,N,True
5,reel33__0,reel43__1,1433,N,True
5,reel4__8,reel10__3,1433,N,True
5,reel32__7,reel10__3,1433,N,True
5,reel29__7,bot40__9,1433,N,True
5,reel30__0,bot40__9,1433,N,True
5,reel32__7,bot40__9,1433,N,True
5,reel24__6,reel47__6,1433,N,True
5,reel55__2,reel47__6,1433,N,True
5,reel32__7,reel47__6,1433,N,True
5,reel28__5,reel40__3,1433,N,True
5,reel50__2,reel40__3,1433,N,True
5,reel38__6,reel40__3,1433,N,True
5,reel4__8,bot62__0,1433,N,True
5,reel50__2,bot62__0,1433,N,True
5,bot47__6,bot34__0,1433,N,True
5,bot14__1,bot34__0,1433,N,True
5,bot24__8,bot18__6,1433,N,True
5,bot21__6,bot18__6,1433,N,True
5,bot31__7,bot18__6,1433,N,True
5,bot7__1,bot18__6,1433,N,True
5,reel11__3,bot26__5,1433,N,True
5,bot7__1,bot26__5,1433,N,True
5,reel0__4,reel27__7,1433,N,True
5,reel23__4,bot28__9,1433,N,True
5,bot6__8,bot28__9,1433,N,True
5,reel0__4,bot28__9,1433,N,True
5,bot52__3,reel45__6,1433,N,True
5,bot52__3,bot62__3,1433,N,True
5,reel38__1,bot59__2,1433,N,True
5,bot14__1,bot34__5,1433,N,True
5,reel6__9,bot34__5,1433,N,True
5,reel35__9,reel36__3,1433,N,True
5,reel6__9,reel36__3,1433,N,True
5,bot0__6,bot47__0,1433,N,True
5,reel30__8,bot47__0,1433,N,True
5,reel6__9,bot47__0,1433,N,True
5,reel24__8,reel50__9,1433,N,True
5,bot53__0,reel50__9,1433,N,True
5,reel22__1,reel50__9,1433,N,True
5,bot53__0,reel39__2,1433,N,True
5,bot15__2,bot9__6,1433,N,True
5,bot15__2,bot28__4,1433,N,True
5,bot60__9,bot28__4,1433,N,True
5,bot15__2,bot42__0,1433,N,True
5,reel62__4,reel21__3,1433,N,True
5,reel9__9,reel21__3,1433,N,True
5,reel20__3,reel21__3,1433,N,True
5,reel6__7,reel30__6,1433,N,True
5,reel31__2,reel30__6,1433,N,True
5,reel20__3,reel30__6,1433,N,True
5,reel8__8,reel31__1,1433,N,True
5,reel20__3,reel31__1,1433,N,True
5,bot14__5,bot32__7,1433,N,True
5,reel10__0,bot32__7,1433,N,True
5,bot9__9,bot15__7,1433,N,True
5,bot29__1,bot15__7,1433,N,True
5,bot58__0,bot29__9,1433,N,True
5,bot4__4,bot29__9,1433,N,True
5,bot57__5,bot32__6,1433,N,True
5,reel61__6,reel64__2,1433,N,True
5,reel54__9,reel64__2,1433,N,True
5,reel65__4,reel64__2,1433,N,True
5,reel39__5,bot49__7,1433,N,True
5,reel35__9,reel68__3,1433,N,True
5,reel48__1,reel68__3,1433,N,True
5,reel51__8,reel69__8,1433,N,True
5,reel65__9,reel69__8,1433,N,True
5,bot47__4,bot58__5,1433,N,True
5,reel53__2,bot58__5,1433,N,True
5,reel11__6,bot44__9,1433,N,True
5,reel2__4,bot44__9,1433,N,True
5,reel11__6,bot52__1,1433,N,True
5,bot42__2,bot52__1,1433,N,True
5,bot2__6,bot52__1,1433,N,True
5,bot11__7,bot52__8,1433,N,True
5,bot15__6,bot48__4,1433,N,True
5,reel10__4,reel50__8,1433,N,True
5,reel10__4,bot61__5,1433,N,True
5,reel14__3,reel9__3,1433,N,True
5,reel2__9,bot15__1,1433,N,True
5,bot13__5,bot15__1,1433,N,True
5,bot10__3,bot15__1,1433,N,True
5,reel62__9,bot71__1,1433,N,True
5,bot10__3,bot71__1,1433,N,True
5,bot2__6,bot50__7,1433,N,True
5,bot38__5,bot50__7,1433,N,True
5,bot38__5,bot50__8,1433,N,True
5,reel41__3,reel22__7,1433,N,True
5,reel4__4,reel22__7,1433,N,True
5,reel4__4,reel53__5,1433,N,True
5,bot8__5,bot16__1,1433,N,True
5,bot2__5,bot16__1,1433,N,True
5,bot7__3,bot17__9,1433,N,True
5,reel32__3,bot37__7,1433,N,True
5,bot59__5,reel52__9,1433,N,True
5,reel32__3,reel52__9,1433,N,True
5,bot1__2,bot71__6,1433,N,True
5,reel11__7,bot71__6,1433,N,True
5,reel35__8,reel49__7,1433,N,True
5,bot4__8,bot16__0,1433,N,True
5,bot6__8,bot16__0,1433,N,True
5,bot21__8,bot16__0,1433,N,True
5,bot14__5,bot15__9,1433,N,True
5,bot11__8,bot15__9,1433,N,True
5,bot14__5,bot66__5,1433,N,True
5,bot36__2,bot66__5,1433,N,True
5,reel49__9,bot61__0,1433,N,True
5,reel9__4,reel45__1,1433,N,True
5,reel38__7,reel45__1,1433,N,True
5,reel21__1,reel45__1,1433,N,True
5,reel9__4,reel56__0,1433,N,True
5,reel38__8,reel56__0,1433,N,True
5,bot0__8,bot4__2,1433,N,True
5,bot27__4,bot4__2,1433,N,True
5,bot3__9,bot4__2,1433,N,True
5,reel28__0,reel40__1,1433,N,True
5,reel23__4,reel40__1,1433,N,True
5,reel23__4,bot44__8,1433,N,True
5,bot42__8,bot44__8,1433,N,True
5,bot21__6,bot25__7,1433,N,True
5,reel28__0,reel43__5,1433,N,True
5,reel12__3,reel43__5,1433,N,True
5,reel52__3,reel12__1,1433,N,True
5,reel9__7,reel12__1,1433,N,True
5,bot12__1,bot45__4,1433,N,True
5,bot43__2,bot45__4,1433,N,True
5,bot9__1,bot46__8,1433,N,True
5,bot12__1,bot46__8,1433,N,True
5,reel17__8,reel46__4,1433,N,True
5,reel17__8,bot61__1,1433,N,True
5,reel41__3,reel52__8,1433,N,True
5,reel9__9,reel52__8,1433,N,True
5,bot1__4,bot69__8,1433,N,True
5,reel5__5,bot35__7,1433,N,True
5,bot49__5,bot35__7,1433,N,True
5,bot41__8,bot54__1,1433,N,True
5,bot49__5,bot54__1,1433,N,True
5,bot2__0,bot5__7,1433,N,True
5,bot23__6,bot29__0,1433,N,True
5,bot15__3,bot29__0,1433,N,True
5,bot27__0,bot42__1,1433,N,True
5,reel11__9,reel28__3,1433,N,True
5,reel5__9,reel28__3,1433,N,True
5,reel11__9,reel39__6,1433,N,True
5,reel34__2,reel39__6,1433,N,True
5,reel11__9,reel54__2,1433,N,True
5,reel11__9,reel55__4,1433,N,True
5,reel67__0,reel55__4,1433,N,True
5,reel2__9,reel55__4,1433,N,True
5,reel61__1,reel44__5,1433,N,True
5,reel39__1,reel44__5,1433,N,True
5,reel61__1,bot65__2,1433,N,True
5,reel11__3,reel53__7,1433,N,True
5,reel66__7,reel53__7,1433,N,True
5,bot30__6,bot37__5,1433,N,True
5,reel13__9,bot37__5,1433,N,True
5,reel1__4,reel8__1,1433,N,True
5,reel0__0,reel8__1,1433,N,True
5,reel50__6,reel8__1,1433,N,True
5,reel22__4,reel8__1,1433,N,True
5,bot15__0,bot27__7,1433,N,True
5,bot15__0,bot37__9,1433,N,True
5,bot62__8,bot37__9,1433,N,True
5,reel10__8,bot16__2,1433,N,True
5,reel1__1,bot16__2,1433,N,True
5,reel10__8,reel18__9,1433,N,True
5,reel44__9,reel23__9,1433,N,True
5,reel26__7,reel23__9,1433,N,True
5,reel10__8,reel23__9,1433,N,True
5,reel10__8,bot48__6,1433,N,True
5,reel10__8,reel62__2,1433,N,True
5,bot4__8,bot43__9,1433,N,True
5,reel30__5,bot43__9,1433,N,True
5,bot12__3,bot25__2,1433,N,True
5,bot27__9,bot25__3,1433,N,True
5,reel58__5,reel65__3,1433,N,True
5,reel46__9,reel65__3,1433,N,True
5,reel61__7,reel65__3,1433,N,True
5,bot22__4,bot9__2,1433,N,True
5,bot24__9,bot9__2,1433,N,True
5,bot2__6,bot9__2,1433,N,True
5,bot8__6,bot3__3,1433,N,True
5,bot2__8,bot3__3,1433,N,True
5,reel9__8,reel55__3,1433,N,True
5,reel4__7,bot30__4,1433,N,True
5,reel24__8,reel59__0,1433,N,True
5,reel26__3,reel59__0,1433,N,True
5,reel20__4,bot71__0,1433,N,True
5,reel0__0,bot56__3,1433,N,True
5,bot48__3,bot56__3,1433,N,True
5,reel24__4,bot63__0,1433,N,True
5,reel38__2,reel41__5,1433,N,True
5,reel48__8,reel41__5,1433,N,True
5,reel60__0,reel41__5,1433,N,True
5,reel42__9,bot59__8,1433,N,True
5,reel1__0,bot49__1,1433,N,True
5,reel35__4,reel64__6,1433,N,True
5,bot8__9,bot9__8,1433,N,True
5,bot8__9,bot30__3,1433,N,True
5,reel21__0,reel29__3,1433,N,True
5,reel21__0,reel31__9,1433,N,True
5,bot18__5,bot59__4,1433,N,True
5,reel54__9,bot59__4,1433,N,True
5,reel14__9,reel47__1,1433,N,True
5,bot28__7,bot21__9,1433,N,True
5,reel14__6,reel37__1,1433,N,True
5,reel4__6,reel55__6,1433,N,True
5,reel18__4,reel58__2,1433,N,True
5,bot3__9,bot18__2,1433,N,True
5,bot3__9,bot47__3,1433,N,True
5,reel8__3,bot35__8,1433,N,True
5,reel34__0,bot35__8,1433,N,True
5,reel2__7,bot51__9,1433,N,True
5,bot3__0,bot49__0,1433,N,True
5,reel52__3,reel66__3,1433,N,True
5,reel13__1,bot67__1,1433,N,True
5,bot25__6,bot36__8,1433,N,True
5,bot8__3,bot36__8,1433,N,True
5,bot66__8,bot55__2,1433,N,True
5,reel25__9,reel64__1,1433,N,True
5,reel6__7,bot12__4,1433,N,True
5,reel29__6,reel55__1,1433,N,True
5,reel54__0,reel55__1,1433,N,True
5,reel38__8,bot69__1,1433,N,True
5,bot43__7,bot69__1,1433,N,True
5,reel24__8,reel15__2,1433,N,True
5,reel12__9,reel15__2,1433,N,True
5,bot24__6,reel15__2,1433,N,True
5,reel60__2,bot67__8,1433,N,True
5,reel23__6,reel41__1,1433,N,True
5,reel15__5,bot56__8,1433,N,True
5,reel13__5,reel68__5,1433,N,True
5,reel35__9,bot41__1,1433,N,True
5,reel22__1,bot41__1,1433,N,True
5,bot2__8,bot41__1,1433,N,True
5,bot1__8,bot7__6,1433,N,True
5,bot25__6,bot30__0,1433,N,True
5,bot31__4,bot21__4,1433,N,True
5,reel7__7,reel54__1,1433,N,True
5,reel38__8,reel54__1,1433,N,True
5,bot10__9,bot15__8,1433,N,True
5,reel32__5,bot38__2,1433,N,True
5,bot23__8,bot32__8,1433,N,True
5,bot24__6,bot54__9,1433,N,True
5,bot2__8,bot54__9,1433,N,True
5,reel35__9,bot44__2,1433,N,True
5,reel24__2,reel40__7,1433,N,True
5,reel24__2,reel61__8,1433,N,True
5,reel5__5,bot51__7,1433,N,True
5,reel5__4,bot10__4,1433,N,True
5,reel31__2,reel46__1,1433,N,True
5,reel0__9,bot33__7,1433,N,True
5,reel44__6,bot59__3,1433,N,True
5,reel44__6,reel69__5,1433,N,True
5,reel23__8,reel37__0,1433,N,True
5,reel23__8,bot39__5,1433,N,True
5,bot46__1,reel45__5,1433,N,True
5,reel37__5,reel45__5,1433,N,True
5,reel5__9,reel45__5,1433,N,True
5,reel40__2,bot64__6,1433,N,True
5,reel12__9,bot20__4,1433,N,True
5,bot13__5,bot36__4,1433,N,True
5,reel48__4,bot66__2,1433,N,True
5,bot30__7,bot34__8,1433,N,True
5,reel11__4,reel30__4,1433,N,True
5,reel2__9,reel37__4,1433,N,True
5,bot27__6,bot35__6,1433,N,True
5,reel21__4,reel36__9,1433,N,True
5,reel30__5,bot55__1,1433,N,True
5,reel8__3,reel49__5,1433,N,True
5,bot5__5,bot38__6,1433,N,True
5,reel37__0,bot49__0,1434,N,True
5,bot34__0,bot49__0,1434,N,True
5,bot48__6,bot49__6,1434,N,True
5,bot61__1,bot49__6,1434,N,True
5,reel28__8,bot55__9,1434,N,True
5,bot48__6,bot55__9,1434,N,True
5,bot35__8,bot57__6,1434,N,True
5,reel36__9,bot51__9,1434,N,True
5,reel61__5,reel51__0,1434,N,True
5,bot4__2,bot27__4,1434,N,True
5,bot14__6,bot45__0,1434,N,True
5,bot52__6,bot59__3,1434,N,True
5,bot32__8,bot36__3,1434,N,True
5,bot44__6,bot36__3,1434,N,True
5,bot30__2,bot37__9,1434,N,True
5,reel38__5,bot53__6,1434,N,True
5,reel16__9,bot32__4,1434,N,True
5,bot38__2,bot27__8,1434,N,True
5,bot15__7,bot55__5,1435,N,True
5,reel33__9,bot55__5,1435,N,True
5,reel61__4,bot64__2,1435,N,True
5,reel46__1,bot64__2,1435,N,True
5,bot57__9,bot64__2,1435,N,True
5,reel68__7,reel58__3,1435,N,True
5,reel56__2,reel58__3,1435,N,True
5,reel67__5,reel58__3,1435,N,True
5,bot64__0,bot23__4,1435,N,True
5,reel28__8,bot55__9,1435,N,True
5,bot48__6,bot55__9,1435,N,True
5,bot57__8,bot67__0,1435,N,True
5,bot65__5,bot67__0,1435,N,True
5,bot40__7,bot64__9,1435,N,True
5,reel63__0,reel47__6,1435,N,True
5,reel55__2,reel47__6,1435,N,True
5,reel47__3,reel57__9,1435,N,True
5,reel53__0,reel37__1,1435,N,True
5,bot49__8,bot69__2,1435,N,True
5,bot48__9,bot69__2,1435,N,True
5,bot61__4,bot42__9,1435,N,True
5,reel39__3,bot42__9,1435,N,True
5,reel50__9,bot53__0,1435,N,True
5,reel39__2,bot53__0,1435,N,True
5,reel42__1,reel62__0,1435,N,True
5,reel68__2,reel62__0,1435,N,True
5,bot42__1,bot34__0,1435,N,True
5,bot49__0,bot34__0,1435,N,True
5,bot28__9,bot33__3,1435,N,True
5,bot8__1,bot33__3,1435,N,True
5,bot7__3,bot34__9,1435,N,True
5,reel47__2,bot56__5,1435,N,True
5,bot50__9,bot56__5,1435,N,True
5,bot54__7,bot43__6,1435,N,True
5,reel9__7,bot43__6,1435,N,True
5,bot19__2,bot33__6,1435,N,True
5,reel31__1,reel61__8,1435,N,True
5,reel24__3,reel57__1,1435,N,True
5,reel9__7,reel62__4,1435,N,True
5,reel39__2,reel69__5,1435,N,True
5,bot36__5,bot46__5,1435,N,True
5,reel13__8,bot50__3,1435,N,True
5,reel24__5,reel41__2,1435,N,True
5,reel47__2,bot55__0,1435,N,True
5,184,reel26__3,1436,N,True
5,reel37__7,reel26__3,1436,N,True
5,bot51__3,reel45__9,1436,N,True
5,reel37__7,reel45__9,1436,N,True
5,reel70__6,reel45__9,1436,N,True
5,reel3__9,bot51__5,1436,N,True
5,bot21__0,bot51__5,1436,N,True
5,reel3__1,bot45__3,1436,N,True
5,bot3__8,bot54__4,1436,N,True
5,reel3__1,bot54__4,1436,N,True
5,302,bot54__4,1436,N,True
5,7,bot47__2,1436,N,True
5,bot23__9,bot47__2,1436,N,True
5,reel12__5,bot27__8,1436,N,True
5,258,bot27__8,1436,N,True
5,reel12__5,bot49__6,1436,N,True
5,bot61__1,bot49__6,1436,N,True
5,reel12__5,reel63__3,1436,N,True
5,reel33__1,reel63__3,1436,N,True
5,94,reel66__0,1436,N,True
5,reel12__5,reel66__0,1436,N,True
5,320,reel66__0,1436,N,True
5,reel46__2,reel42__8,1436,N,True
5,bot59__6,reel42__8,1436,N,True
5,156,reel42__8,1436,N,True
5,reel44__3,reel42__8,1436,N,True
5,reel44__4,240,1436,N,True
5,bot17__7,240,1436,N,True
5,bot4__8,bot1__5,1436,N,True
5,295,bot1__5,1436,N,True
5,156,bot1__5,1436,N,True
5,246,reel2__0,1436,N,True
5,bot59__0,reel2__0,1436,N,True
5,218,reel2__0,1436,N,True
5,295,reel2__0,1436,N,True
5,bot7__6,reel2__0,1436,N,True
5,bot6__7,reel2__0,1436,N,True
5,bot44__8,reel2__0,1436,N,True
5,reel39__6,reel34__2,1436,N,True
5,reel11__5,reel34__2,1436,N,True
5,295,reel34__2,1436,N,True
5,reel61__1,reel34__2,1436,N,True
5,344,reel34__2,1436,N,True
5,reel55__9,reel68__4,1436,N,True
5,295,reel68__4,1436,N,True
5,reel43__5,reel68__4,1436,N,True
5,reel0__1,reel12__2,1436,N,True
5,bot49__7,reel12__2,1436,N,True
5,reel38__8,reel12__2,1436,N,True
5,reel70__7,reel12__2,1436,N,True
5,reel7__0,reel12__2,1436,N,True
5,bot26__1,reel12__2,1436,N,True
5,bot60__1,reel12__2,1436,N,True
5,reel19__0,bot26__7,1436,N,True
5,reel7__0,bot26__7,1436,N,True
5,reel7__0,bot61__0,1436,N,True
5,bot35__4,bot52__0,1436,N,True
5,reel2__8,bot52__0,1436,N,True
5,117,bot52__0,1436,N,True
5,110,bot7__7,1436,N,True
5,294,bot7__7,1436,N,True
5,bot43__2,reel32__5,1436,N,True
5,299,reel32__5,1436,N,True
5,reel70__3,reel32__5,1436,N,True
5,110,reel32__5,1436,N,True
5,bot65__5,reel23__0,1436,N,True
5,159,reel23__0,1436,N,True
5,reel17__3,reel23__0,1436,N,True
5,reel34__4,reel23__0,1436,N,True
5,193,reel23__0,1436,N,True
5,bot6__1,bot41__2,1436,N,True
5,55,bot41__2,1436,N,True
5,159,bot41__2,1436,N,True
5,bot2__9,bot39__2,1436,N,True
5,bot56__8,bot39__2,1436,N,True
5,bot58__8,bot17__0,1436,N,True
5,bot43__7,bot17__0,1436,N,True
5,reel24__9,bot38__0,1436,N,True
5,reel27__8,bot38__0,1436,N,True
5,reel14__6,bot29__5,1436,N,True
5,bot15__9,bot29__5,1436,N,True
5,reel15__1,bot69__6,1436,N,True
5,bot15__9,bot69__6,1436,N,True
5,bot69__4,bot61__4,1436,N,True
5,reel7__8,bot61__4,1436,N,True
5,bot46__9,reel41__0,1436,N,True
5,reel7__4,reel41__0,1436,N,True
5,reel25__1,reel41__0,1436,N,True
5,bot11__3,bot12__6,1436,N,True
5,228,bot12__6,1436,N,True
5,155,bot12__6,1436,N,True
5,bot11__3,bot38__1,1436,N,True
5,218,bot37__5,1436,N,True
5,bot41__0,bot37__5,1436,N,True
5,157,reel2__4,1436,N,True
5,reel12__6,reel2__4,1436,N,True
5,129,reel2__4,1436,N,True
5,reel12__6,bot13__0,1436,N,True
5,bot16__5,bot13__0,1436,N,True
5,91,bot26__6,1436,N,True
5,reel12__6,bot26__6,1436,N,True
5,reel31__0,bot55__4,1436,N,True
5,reel12__6,bot55__4,1436,N,True
5,reel52__9,reel32__3,1436,N,True
5,238,reel32__3,1436,N,True
5,bot37__7,reel32__3,1436,N,True
5,238,bot61__6,1436,N,True
5,reel19__1,bot25__4,1436,N,True
5,bot0__5,bot25__4,1436,N,True
5,bot16__5,bot25__4,1436,N,True
5,213,bot28__2,1436,N,True
5,94,300,1436,N,True
5,130,300,1436,N,True
5,80,300,1436,N,True
5,320,300,1436,N,True
5,299,300,1436,N,True
5,130,reel2__6,1436,N,True
5,195,reel2__6,1436,N,True
5,136,reel2__6,1436,N,True
5,reel64__9,reel2__6,1436,N,True
5,130,bot15__4,1436,N,True
5,341,bot15__4,1436,N,True
5,130,reel19__6,1436,N,True
5,reel11__3,reel19__6,1436,N,True
5,130,bot52__3,1436,N,True
5,80,bot52__3,1436,N,True
5,281,309,1436,N,True
5,reel61__0,309,1436,N,True
5,184,309,1436,N,True
5,36,309,1436,N,True
5,320,309,1436,N,True
5,251,309,1436,N,True
5,135,309,1436,N,True
5,320,bot21__6,1436,N,True
5,53,bot21__8,1436,N,True
5,320,bot21__8,1436,N,True
5,reel52__3,bot66__8,1436,N,True
5,320,bot66__8,1436,N,True
5,63,reel19__9,1436,N,True
5,283,reel19__9,1436,N,True
5,63,bot64__7,1436,N,True
5,reel37__8,bot64__7,1436,N,True
5,bot24__2,bot30__9,1436,N,True
5,156,bot30__9,1436,N,True
5,reel23__7,bot57__4,1436,N,True
5,bot24__2,bot57__4,1436,N,True
5,206,bot11__1,1436,N,True
5,134,bot11__1,1436,N,True
5,bot28__6,bot11__1,1436,N,True
5,251,bot11__1,1436,N,True
5,reel69__5,reel44__6,1436,N,True
5,340,reel44__6,1436,N,True
5,reel30__2,reel44__6,1436,N,True
5,255,reel44__6,1436,N,True
5,reel25__2,reel21__2,1436,N,True
5,142,reel21__2,1436,N,True
5,34,reel21__2,1436,N,True
5,bot53__9,reel21__2,1436,N,True
5,reel40__8,bot41__7,1436,N,True
5,reel40__8,reel54__5,1436,N,True
5,302,reel26__0,1436,N,True
5,299,reel42__9,1436,N,True
5,16,reel42__9,1436,N,True
5,121,bot5__9,1436,N,True
5,reel3__4,bot5__9,1436,N,True
5,reel3__4,bot67__7,1436,N,True
5,reel34__9,reel47__1,1436,N,True
5,reel38__3,reel47__1,1436,N,True
5,reel34__9,bot63__5,1436,N,True
5,reel11__0,bot63__5,1436,N,True
5,reel11__3,reel56__8,1436,N,True
5,reel63__8,reel56__8,1436,N,True
5,308,reel56__8,1436,N,True
5,reel7__8,bot24__0,1436,N,True
5,reel18__7,bot24__0,1436,N,True
5,bot32__6,bot24__0,1436,N,True
5,246,bot42__3,1436,N,True
5,246,bot53__2,1436,N,True
5,bot58__6,bot53__2,1436,N,True
5,228,bot40__3,1436,N,True
5,bot70__2,bot40__3,1436,N,True
5,reel23__8,bot40__3,1436,N,True
5,bot60__4,reel33__9,1436,N,True
5,bot55__5,reel33__9,1436,N,True
5,reel8__7,reel33__9,1436,N,True
5,344,reel33__9,1436,N,True
5,bot57__0,bot28__0,1436,N,True
5,reel25__4,bot28__0,1436,N,True
5,301,bot28__0,1436,N,True
5,bot26__1,bot28__0,1436,N,True
5,bot68__6,bot65__1,1436,N,True
5,bot57__0,bot65__1,1436,N,True
5,reel27__3,bot65__1,1436,N,True
5,bot51__7,bot65__1,1436,N,True
5,bot61__5,bot60__0,1436,N,True
5,bot15__2,bot60__0,1436,N,True
5,reel58__0,reel10__9,1436,N,True
5,reel70__8,reel10__9,1436,N,True
5,133,reel10__9,1436,N,True
5,reel3__7,reel45__7,1436,N,True
5,reel35__9,reel45__7,1436,N,True
5,reel12__1,reel45__7,1436,N,True
5,reel3__7,bot68__7,1436,N,True
5,reel24__0,bot68__7,1436,N,True
5,bot29__2,bot13__8,1436,N,True
5,283,bot13__8,1436,N,True
5,92,bot13__8,1436,N,True
5,reel39__6,bot51__9,1436,N,True
5,reel52__2,reel47__3,1436,N,True
5,reel34__4,reel47__3,1436,N,True
5,reel34__4,bot57__8,1436,N,True
5,bot51__1,bot57__8,1436,N,True
5,81,286,1436,N,True
5,reel46__0,reel61__6,1436,N,True
5,317,reel61__6,1436,N,True
5,81,reel61__6,1436,N,True
5,bot43__8,bot67__2,1436,N,True
5,reel11__1,bot67__2,1436,N,True
5,81,bot67__2,1436,N,True
5,reel17__5,bot59__3,1436,N,True
5,bot52__6,bot59__3,1436,N,True
5,reel43__5,reel53__8,1436,N,True
5,bot31__6,reel17__6,1436,N,True
5,77,reel17__6,1436,N,True
5,reel21__4,reel17__6,1436,N,True
5,bot66__0,reel17__6,1436,N,True
5,31,reel15__6,1436,N,True
5,58,reel15__6,1436,N,True
5,191,bot22__1,1436,N,True
5,301,bot22__1,1436,N,True
5,bot0__9,bot22__1,1436,N,True
5,bot24__9,bot38__9,1436,N,True
5,301,bot38__9,1436,N,True
5,bot4__6,bot36__6,1436,N,True
5,249,bot36__6,1436,N,True
5,139,bot36__6,1436,N,True
5,281,bot36__2,1436,N,True
5,reel7__3,bot36__2,1436,N,True
5,281,bot53__7,1436,N,True
5,35,reel38__7,1436,N,True
5,reel28__0,reel38__7,1436,N,True
5,reel9__2,reel38__7,1436,N,True
5,bot46__4,reel38__7,1436,N,True
5,bot36__3,bot32__8,1436,N,True
5,bot23__8,bot32__8,1436,N,True
5,bot1__1,bot32__8,1436,N,True
5,22,bot27__0,1436,N,True
5,reel2__8,bot27__0,1436,N,True
5,87,reel62__4,1436,N,True
5,reel21__3,reel62__4,1436,N,True
5,reel41__7,bot71__8,1436,N,True
5,195,bot71__8,1436,N,True
5,bot28__6,bot71__8,1436,N,True
5,191,reel14__1,1436,N,True
5,bot35__9,reel14__1,1436,N,True
5,47,reel14__1,1436,N,True
5,reel26__9,reel14__1,1436,N,True
5,bot35__9,bot69__3,1436,N,True
5,reel9__2,90,1436,N,True
5,179,90,1436,N,True
5,bot29__1,145,1436,N,True
5,reel15__9,145,1436,N,True
5,179,145,1436,N,True
5,reel46__8,reel35__3,1436,N,True
5,bot37__2,reel35__3,1436,N,True
5,reel1__1,reel35__3,1436,N,True
5,275,bot2__1,1436,N,True
5,156,bot2__1,1436,N,True
5,reel13__8,reel15__8,1436,N,True
5,reel59__2,reel15__8,1436,N,True
5,bot52__5,reel15__8,1436,N,True
5,reel19__4,reel15__8,1436,N,True
5,reel11__5,reel15__8,1436,N,True
5,reel34__6,reel15__8,1436,N,True
5,bot15__5,bot18__7,1436,N,True
5,reel13__8,bot18__7,1436,N,True
5,reel13__8,reel65__4,1436,N,True
5,reel11__0,bot29__6,1436,N,True
5,270,reel0__7,1436,N,True
5,255,reel0__7,1436,N,True
5,reel24__1,reel0__7,1436,N,True
5,bot48__8,bot55__9,1436,N,True
5,249,bot34__3,1436,N,True
5,reel23__7,bot34__3,1436,N,True
5,reel6__9,bot40__8,1436,N,True
5,bot66__6,bot40__8,1436,N,True
5,bot16__1,bot19__2,1436,N,True
5,reel9__6,bot19__2,1436,N,True
5,bot58__1,bot19__2,1436,N,True
5,bot16__9,bot19__2,1436,N,True
5,bot45__4,bot67__9,1436,N,True
5,bot60__1,bot67__9,1436,N,True
5,78,bot50__8,1436,N,True
5,bot38__5,bot50__8,1436,N,True
5,187,reel57__2,1436,N,True
5,78,reel57__2,1436,N,True
5,reel40__2,bot64__6,1436,N,True
5,78,bot64__6,1436,N,True
5,reel34__8,reel27__6,1436,N,True
5,reel17__1,reel27__6,1436,N,True
5,336,reel27__6,1436,N,True
5,reel34__8,bot59__5,1436,N,True
5,reel52__9,bot59__5,1436,N,True
5,77,bot59__5,1436,N,True
5,reel33__0,reel39__9,1436,N,True
5,reel15__2,reel39__9,1436,N,True
5,212,bot48__1,1436,N,True
5,reel33__0,bot48__1,1436,N,True
5,306,reel66__4,1436,N,True
5,reel30__4,bot57__6,1436,N,True
5,bot35__8,bot57__6,1436,N,True
5,bot0__2,bot8__1,1436,N,True
5,bot0__7,bot8__1,1436,N,True
5,bot33__3,bot8__1,1436,N,True
5,31,bot9__8,1436,N,True
5,bot0__7,bot9__8,1436,N,True
5,bot52__4,bot9__8,1436,N,True
5,bot14__0,bot42__8,1436,N,True
5,bot44__8,bot42__8,1436,N,True
5,reel15__1,bot57__9,1436,N,True
5,bot56__7,bot57__9,1436,N,True
5,315,bot66__4,1436,N,True
5,bot65__9,bot66__4,1436,N,True
5,77,reel0__2,1436,N,True
5,bot2__2,reel0__2,1436,N,True
5,250,reel0__2,1436,N,True
5,reel7__4,reel0__2,1436,N,True
5,reel38__1,bot71__2,1436,N,True
5,reel48__0,reel68__6,1436,N,True
5,reel7__2,reel68__6,1436,N,True
5,reel6__9,bot66__7,1436,N,True
5,reel11__1,bot38__8,1436,N,True
5,reel15__9,bot38__8,1436,N,True
5,133,reel51__8,1436,N,True
5,reel11__1,reel51__8,1436,N,True
5,bot15__2,bot9__6,1436,N,True
5,reel52__9,reel45__6,1436,N,True
5,reel44__3,reel45__6,1436,N,True
5,reel52__9,bot62__9,1436,N,True
5,223,bot62__9,1436,N,True
5,reel48__2,bot62__9,1436,N,True
5,bot13__4,bot68__3,1436,N,True
5,reel37__6,bot68__3,1436,N,True
5,168,bot10__2,1436,N,True
5,bot9__9,bot10__2,1436,N,True
5,bot17__6,bot10__2,1436,N,True
5,4,bot21__2,1436,N,True
5,bot9__9,bot21__2,1436,N,True
5,53,bot21__2,1436,N,True
5,reel8__4,bot30__0,1436,N,True
5,bot25__6,bot30__0,1436,N,True
5,reel8__4,bot55__3,1436,N,True
5,reel6__6,bot55__3,1436,N,True
5,reel35__9,reel68__3,1436,N,True
5,reel48__1,reel68__3,1436,N,True
5,reel10__6,reel68__3,1436,N,True
5,reel11__6,bot44__9,1436,N,True
5,reel9__6,reel56__2,1436,N,True
5,250,reel56__2,1436,N,True
5,76,reel62__9,1436,N,True
5,reel46__2,reel62__9,1436,N,True
5,reel30__2,reel62__1,1436,N,True
5,bot51__3,bot27__5,1436,N,True
5,bot68__2,bot27__5,1436,N,True
5,reel15__9,bot27__5,1436,N,True
5,254,bot15__3,1436,N,True
5,bot38__5,bot15__3,1436,N,True
5,59,bot17__2,1436,N,True
5,bot36__0,bot17__2,1436,N,True
5,bot36__9,bot17__2,1436,N,True
5,bot10__3,bot15__1,1436,N,True
5,bot10__3,bot71__1,1436,N,True
5,reel7__6,bot9__0,1436,N,True
5,256,bot9__0,1436,N,True
5,bot28__9,bot54__3,1436,N,True
5,reel2__3,bot54__3,1436,N,True
5,bot38__5,bot54__3,1436,N,True
5,reel45__5,bot49__4,1436,N,True
5,reel44__2,bot49__4,1436,N,True
5,bot54__2,bot49__4,1436,N,True
5,88,bot8__9,1436,N,True
5,bot26__9,bot8__9,1436,N,True
5,51,bot8__9,1436,N,True
5,51,bot21__1,1436,N,True
5,51,bot26__0,1436,N,True
5,reel14__4,reel63__5,1436,N,True
5,256,reel63__5,1436,N,True
5,reel14__4,reel70__9,1436,N,True
5,36,reel43__8,1436,N,True
5,204,reel43__8,1436,N,True
5,reel11__5,bot26__4,1436,N,True
5,bot40__2,bot26__4,1436,N,True
5,bot62__8,bot26__4,1436,N,True
5,reel28__0,reel57__4,1436,N,True
5,reel19__4,reel57__4,1436,N,True
5,reel54__9,reel64__2,1436,N,True
5,reel15__2,reel64__2,1436,N,True
5,bot14__5,bot66__5,1436,N,True
5,bot15__5,bot66__2,1436,N,True
5,reel48__4,bot66__2,1436,N,True
5,bot65__0,bot66__3,1436,N,True
5,reel5__6,reel64__1,1436,N,True
5,reel25__9,reel64__1,1436,N,True
5,reel29__3,reel64__1,1436,N,True
5,reel6__3,bot48__9,1436,N,True
5,bot0__2,bot18__9,1436,N,True
5,bot16__6,bot18__9,1436,N,True
5,91,245,1436,N,True
5,259,245,1436,N,True
5,8,245,1436,N,True
5,bot12__1,bot46__8,1436,N,True
5,bot26__9,bot46__8,1436,N,True
5,4,reel38__4,1436,N,True
5,249,reel38__4,1436,N,True
5,4,bot47__5,1436,N,True
5,94,bot47__5,1436,N,True
5,4,reel55__5,1436,N,True
5,reel23__9,reel31__5,1436,N,True
5,reel64__6,reel31__5,1436,N,True
5,reel69__2,reel35__2,1436,N,True
5,249,reel35__2,1436,N,True
5,reel21__7,reel35__2,1436,N,True
5,reel25__2,bot30__6,1436,N,True
5,135,bot30__6,1436,N,True
5,reel61__1,bot65__2,1436,N,True
5,reel36__3,bot65__2,1436,N,True
5,reel51__5,reel65__8,1436,N,True
5,bot3__8,bot10__9,1436,N,True
5,bot15__8,bot10__9,1436,N,True
5,233,bot10__9,1436,N,True
5,bot9__3,bot10__9,1436,N,True
5,31,reel37__3,1436,N,True
5,reel68__8,reel37__3,1436,N,True
5,270,reel37__3,1436,N,True
5,reel10__6,61,1436,N,True
5,reel64__9,61,1436,N,True
5,bot2__2,61,1436,N,True
5,reel67__1,61,1436,N,True
5,193,61,1436,N,True
5,204,bot25__7,1436,N,True
5,bot65__5,bot67__0,1436,N,True
5,bot0__6,bot40__7,1436,N,True
5,155,bot40__7,1436,N,True
5,reel39__3,bot40__7,1436,N,True
5,bot0__6,bot63__6,1436,N,True
5,206,reel42__7,1436,N,True
5,108,bot22__9,1436,N,True
5,108,bot63__0,1436,N,True
5,reel24__4,bot63__0,1436,N,True
5,reel8__5,bot38__4,1436,N,True
5,156,bot38__4,1436,N,True
5,155,bot38__4,1436,N,True
5,bot14__4,bot30__4,1436,N,True
5,reel4__7,bot30__4,1436,N,True
5,reel18__8,bot30__4,1436,N,True
5,bot34__0,bot42__1,1436,N,True
5,bot34__0,bot49__0,1436,N,True
5,bot3__0,bot49__0,1436,N,True
5,133,bot0__1,1436,N,True
5,94,bot0__1,1436,N,True
5,133,bot60__7,1436,N,True
5,133,reel65__6,1436,N,True
5,344,bot41__9,1436,N,True
5,265,bot48__5,1436,N,True
5,344,bot48__5,1436,N,True
5,87,bot19__1,1436,N,True
5,bot8__0,bot19__1,1436,N,True
5,bot48__3,bot19__1,1436,N,True
5,bot49__8,bot69__2,1436,N,True
5,reel24__4,bot54__5,1436,N,True
5,31,bot49__9,1436,N,True
5,35,reel59__1,1436,N,True
5,212,bot22__6,1436,N,True
5,181,bot22__6,1436,N,True
5,bot17__5,bot41__3,1436,N,True
5,bot0__5,bot32__2,1436,N,True
5,reel21__1,bot32__2,1436,N,True
5,88,bot51__4,1436,N,True
5,bot59__2,bot55__6,1436,N,True
5,bot45__0,bot14__6,1436,N,True
5,bot13__6,bot14__6,1436,N,True
5,reel4__6,bot14__6,1436,N,True
5,bot45__0,reel32__0,1436,N,True
5,reel24__9,reel32__0,1436,N,True
5,reel1__8,reel48__5,1436,N,True
5,reel39__3,bot42__9,1436,N,True
5,bot2__8,bot42__9,1436,N,True
5,reel39__3,reel70__5,1436,N,True
5,59,bot20__8,1436,N,True
5,reel19__0,bot20__8,1436,N,True
5,92,bot20__8,1436,N,True
5,reel46__3,bot70__3,1436,N,True
5,reel18__4,reel60__6,1436,N,True
5,reel21__1,reel51__2,1436,N,True
5,bot55__0,reel47__2,1436,N,True
5,bot56__5,reel47__2,1436,N,True
5,reel9__2,reel47__2,1436,N,True
5,bot37__7,bot27__1,1436,N,True
5,bot20__2,bot27__1,1436,N,True
5,bot17__3,bot31__4,1436,N,True
5,bot69__8,bot33__7,1436,N,True
5,reel8__7,bot32__3,1436,N,True
5,bot43__2,bot32__3,1436,N,True
5,228,reel22__9,1436,N,True
5,80,reel30__7,1436,N,True
5,reel43__7,reel30__7,1436,N,True
5,reel54__9,bot59__4,1436,N,True
5,reel29__3,bot59__4,1436,N,True
5,bot62__8,bot37__8,1436,N,True
5,bot34__9,bot37__8,1436,N,True
5,reel2__3,bot40__6,1436,N,True
5,reel21__7,bot40__6,1436,N,True
5,bot6__1,bot40__1,1436,N,True
5,reel7__7,reel54__1,1436,N,True
5,reel38__8,reel54__1,1436,N,True
5,bot2__8,bot54__9,1436,N,True
5,reel35__9,bot44__2,1436,N,True
5,322,bot6__9,1436,N,True
5,256,bot6__9,1436,N,True
5,77,reel59__4,1436,N,True
5,bot27__4,bot18__0,1436,N,True
5,bot13__2,bot18__0,1436,N,True
5,reel26__7,reel33__3,1436,N,True
5,reel10__6,reel33__3,1436,N,True
5,bot3__8,bot57__7,1436,N,True
5,reel23__8,reel60__7,1436,N,True
5,bot37__7,bot44__7,1436,N,True
5,265,reel44__8,1436,N,True
5,bot16__6,bot58__5,1436,N,True
5,bot20__7,bot43__6,1436,N,True
5,reel30__0,bot70__6,1436,N,True
5,233,bot7__2,1436,N,True
5,reel51__0,reel61__5,1436,N,True
5,reel29__8,reel61__5,1436,N,True
5,bot30__7,bot34__8,1436,N,True
5,reel44__9,reel45__2,1436,N,True
5,reel11__7,bot65__3,1436,N,True
5,reel1__1,bot65__3,1436,N,True
5,94,bot8__8,1436,N,True
5,reel48__9,reel52__6,1436,N,True
5,315,reel52__6,1436,N,True
5,reel43__7,bot62__1,1436,N,True
5,reel1__1,bot21__3,1436,N,True
5,314,bot33__6,1436,N,True
5,bot34__9,bot37__8,1437,N,True
5,bot59__8,reel53__0,1437,N,True
5,bot11__0,bot42__0,1437,N,True
5,bot7__2,bot66__7,1437,N,True
5,reel7__4,bot33__4,1437,N,True
5,reel8__6,reel65__0,1437,N,True
5,bot15__9,bot69__6,1437,N,True
5,bot34__8,bot30__7,1437,N,True
5,bot29__9,bot4__4,1437,N,True
5,reel30__9,bot54__8,1437,N,True
5,bot22__3,bot47__4,1437,N,True
5,bot58__5,bot47__4,1437,N,True
5,bot1__4,bot45__1,1437,N,True
5,bot42__8,bot4__9,1437,N,True
5,reel3__9,reel41__9,1438,N,True
5,reel62__7,reel41__9,1438,N,True
5,reel39__0,reel26__5,1438,N,True
5,bot30__1,reel26__5,1438,N,True
5,reel10__4,reel26__5,1438,N,True
5,bot57__3,bot32__1,1438,N,True
5,reel31__0,bot32__1,1438,N,True
5,reel15__3,bot32__1,1438,N,True
5,reel11__9,reel54__2,1438,N,True
5,reel55__1,reel54__2,1438,N,True
5,reel22__6,bot37__0,1438,N,True
5,reel33__7,bot37__0,1438,N,True
5,reel22__6,reel39__9,1438,N,True
5,reel15__2,reel39__9,1438,N,True
5,reel35__8,reel42__1,1438,N,True
5,reel12__0,reel42__1,1438,N,True
5,reel60__9,reel42__1,1438,N,True
5,reel53__1,reel42__1,1438,N,True
5,bot25__9,bot64__4,1438,N,True
5,bot15__6,bot48__4,1438,N,True
5,bot37__6,bot48__4,1438,N,True
5,reel0__1,reel12__2,1438,N,True
5,reel5__4,reel12__2,1438,N,True
5,reel7__0,reel12__2,1438,N,True
5,reel7__0,bot30__2,1438,N,True
5,reel40__9,bot45__1,1438,N,True
5,reel3__4,bot45__1,1438,N,True
5,reel45__3,bot53__3,1438,N,True
5,reel26__9,bot53__3,1438,N,True
5,bot12__4,bot49__9,1438,N,True
5,reel21__9,bot49__9,1438,N,True
5,bot58__8,bot17__0,1438,N,True
5,bot9__6,bot17__0,1438,N,True
5,reel5__5,bot17__0,1438,N,True
5,reel7__1,bot17__0,1438,N,True
5,bot57__8,reel34__4,1438,N,True
5,reel23__0,reel34__4,1438,N,True
5,bot57__8,bot67__0,1438,N,True
5,reel2__5,bot67__0,1438,N,True
5,bot12__0,bot13__0,1438,N,True
5,bot40__8,bot44__1,1438,N,True
5,bot41__2,bot44__1,1438,N,True
5,reel51__6,bot55__6,1438,N,True
5,reel48__3,bot55__6,1438,N,True
5,bot0__6,bot63__6,1438,N,True
5,bot14__7,bot63__6,1438,N,True
5,reel51__2,bot63__6,1438,N,True
5,bot63__4,bot57__0,1438,N,True
5,bot58__2,bot57__0,1438,N,True
5,bot20__0,bot57__0,1438,N,True
5,bot28__0,bot57__0,1438,N,True
5,bot20__3,bot47__3,1438,N,True
5,reel18__7,bot47__3,1438,N,True
5,bot3__9,bot47__3,1438,N,True
5,bot20__3,bot55__7,1438,N,True
5,bot0__0,bot55__7,1438,N,True
5,bot32__3,bot43__2,1438,N,True
5,bot65__6,bot43__2,1438,N,True
5,bot5__0,bot6__8,1438,N,True
5,bot21__7,bot6__8,1438,N,True
5,bot5__0,bot35__6,1438,N,True
5,bot27__6,bot35__6,1438,N,True
5,reel10__1,bot35__6,1438,N,True
5,reel13__4,bot34__9,1438,N,True
5,bot7__3,bot34__9,1438,N,True
5,bot37__8,bot34__9,1438,N,True
5,reel0__3,bot34__9,1438,N,True
5,bot37__8,bot62__8,1438,N,True
5,reel4__9,bot38__5,1438,N,True
5,bot39__8,bot51__8,1438,N,True
5,reel4__9,bot51__8,1438,N,True
5,reel52__5,reel57__7,1438,N,True
5,reel27__1,reel57__7,1438,N,True
5,reel61__4,bot64__2,1438,N,True
5,bot57__9,bot64__2,1438,N,True
5,bot57__9,bot64__7,1438,N,True
5,reel3__4,reel45__5,1438,N,True
5,reel48__3,bot65__2,1438,N,True
5,reel48__3,bot68__1,1438,N,True
5,reel46__0,bot52__7,1438,N,True
5,reel0__5,bot52__7,1438,N,True
5,bot48__3,bot52__7,1438,N,True
5,reel8__4,reel56__1,1438,N,True
5,reel38__1,reel56__1,1438,N,True
5,reel0__5,reel56__1,1438,N,True
5,reel36__4,reel50__5,1438,N,True
5,reel0__3,reel50__5,1438,N,True
5,bot30__7,bot34__8,1438,N,True
5,bot30__5,bot34__8,1438,N,True
5,reel1__4,reel28__8,1438,N,True
5,reel20__6,reel28__8,1438,N,True
5,reel18__7,reel28__8,1438,N,True
5,bot55__9,reel28__8,1438,N,True
5,reel14__0,bot18__1,1438,N,True
5,bot8__7,bot71__0,1438,N,True
5,bot25__5,bot20__5,1438,N,True
5,bot6__6,bot20__5,1438,N,True
5,reel12__1,bot20__5,1438,N,True
5,reel13__7,bot20__5,1438,N,True
5,bot56__6,bot45__4,1438,N,True
5,bot5__7,bot45__4,1438,N,True
5,bot12__1,bot45__4,1438,N,True
5,bot32__0,bot23__3,1438,N,True
5,reel4__1,bot23__3,1438,N,True
5,reel21__9,bot23__3,1438,N,True
5,bot40__7,bot64__9,1438,N,True
5,bot5__4,bot64__9,1438,N,True
5,reel30__3,bot64__9,1438,N,True
5,bot33__5,bot60__0,1438,N,True
5,bot26__7,bot60__0,1438,N,True
5,bot9__4,bot53__4,1438,N,True
5,reel22__7,reel4__4,1438,N,True
5,reel0__3,reel4__4,1438,N,True
5,bot39__1,bot7__5,1438,N,True
5,reel0__3,bot7__5,1438,N,True
5,reel13__4,reel48__6,1438,N,True
5,reel23__3,reel48__6,1438,N,True
5,reel13__4,reel64__7,1438,N,True
5,reel9__9,reel64__7,1438,N,True
5,reel11__7,reel64__7,1438,N,True
5,reel59__8,reel60__1,1438,N,True
5,reel8__4,bot36__1,1438,N,True
5,bot15__5,bot36__1,1438,N,True
5,bot47__5,bot36__1,1438,N,True
5,reel66__9,reel68__2,1438,N,True
5,reel66__8,reel68__2,1438,N,True
5,reel4__3,bot7__9,1438,N,True
5,reel3__6,bot7__9,1438,N,True
5,bot36__9,bot7__9,1438,N,True
5,reel4__3,bot18__3,1438,N,True
5,bot12__6,bot18__3,1438,N,True
5,bot1__2,bot18__3,1438,N,True
5,bot35__9,bot69__3,1438,N,True
5,reel70__1,reel63__1,1438,N,True
5,reel31__2,reel63__1,1438,N,True
5,reel23__3,bot30__8,1438,N,True
5,reel23__3,reel37__5,1438,N,True
5,reel11__1,reel42__2,1438,N,True
5,reel35__7,reel42__2,1438,N,True
5,reel1__0,reel47__4,1438,N,True
5,reel60__9,reel47__4,1438,N,True
5,bot50__4,reel47__4,1438,N,True
5,reel44__5,reel47__4,1438,N,True
5,reel33__6,reel56__7,1438,N,True
5,reel26__0,reel56__7,1438,N,True
5,bot15__5,bot18__7,1438,N,True
5,reel13__8,bot18__7,1438,N,True
5,reel10__8,reel18__9,1438,N,True
5,reel11__0,reel18__9,1438,N,True
5,reel1__7,reel18__9,1438,N,True
5,reel11__0,bot63__5,1438,N,True
5,bot26__3,reel16__6,1438,N,True
5,reel12__0,reel16__6,1438,N,True
5,bot54__9,bot19__1,1438,N,True
5,bot48__3,bot19__1,1438,N,True
5,reel40__4,bot50__6,1438,N,True
5,bot20__0,bot50__6,1438,N,True
5,reel14__6,reel37__1,1438,N,True
5,bot67__4,reel37__1,1438,N,True
5,reel28__0,reel40__1,1438,N,True
5,reel54__3,reel40__1,1438,N,True
5,reel21__9,reel40__1,1438,N,True
5,reel21__9,reel66__2,1438,N,True
5,reel11__1,reel26__1,1438,N,True
5,reel23__7,reel26__1,1438,N,True
5,reel14__8,reel26__1,1438,N,True
5,reel9__0,bot71__9,1438,N,True
5,reel14__6,bot60__4,1438,N,True
5,bot27__6,bot60__4,1438,N,True
5,reel33__9,bot60__4,1438,N,True
5,bot16__1,bot19__2,1438,N,True
5,reel9__6,bot19__2,1438,N,True
5,bot16__9,bot19__2,1438,N,True
5,reel17__4,bot27__2,1438,N,True
5,reel11__9,reel28__3,1438,N,True
5,reel6__4,reel28__3,1438,N,True
5,bot5__5,bot38__6,1438,N,True
5,reel6__4,bot38__6,1438,N,True
5,reel18__1,reel70__9,1438,N,True
5,reel38__4,reel44__1,1438,N,True
5,reel52__5,reel35__2,1438,N,True
5,reel7__1,bot33__4,1438,N,True
5,reel7__4,bot33__4,1438,N,True
5,reel5__0,bot33__4,1438,N,True
5,reel19__5,reel56__4,1438,N,True
5,reel58__7,reel56__4,1438,N,True
5,reel11__8,reel56__4,1438,N,True
5,reel0__4,reel68__8,1438,N,True
5,bot30__0,bot26__5,1438,N,True
5,bot7__1,bot26__5,1438,N,True
5,bot52__3,bot62__3,1438,N,True
5,reel38__1,bot59__2,1438,N,True
5,reel66__1,reel62__4,1438,N,True
5,reel24__8,reel50__9,1438,N,True
5,bot53__0,reel50__9,1438,N,True
5,bot49__8,bot69__2,1438,N,True
5,bot66__3,bot69__2,1438,N,True
5,bot13__4,bot68__3,1438,N,True
5,reel26__3,bot68__3,1438,N,True
5,bot58__0,bot42__8,1438,N,True
5,reel3__6,reel0__9,1438,N,True
5,reel1__7,reel0__9,1438,N,True
5,bot48__5,reel0__9,1438,N,True
5,bot33__7,reel0__9,1438,N,True
5,bot33__7,bot69__8,1438,N,True
5,reel61__6,reel64__2,1438,N,True
5,reel15__2,reel64__2,1438,N,True
5,reel65__4,reel64__2,1438,N,True
5,reel6__0,reel44__9,1438,N,True
5,reel8__4,reel41__1,1438,N,True
5,reel8__4,bot55__3,1438,N,True
5,reel50__4,bot55__3,1438,N,True
5,reel18__2,reel42__7,1438,N,True
5,reel11__6,bot44__9,1438,N,True
5,bot6__3,bot44__9,1438,N,True
5,reel31__1,reel8__8,1438,N,True
5,reel6__7,reel8__8,1438,N,True
5,bot11__7,reel8__8,1438,N,True
5,reel25__3,bot52__8,1438,N,True
5,bot11__7,bot52__8,1438,N,True
5,reel15__0,reel45__9,1438,N,True
5,reel56__2,reel45__9,1438,N,True
5,bot18__5,bot70__3,1438,N,True
5,reel56__2,bot70__3,1438,N,True
5,bot53__2,reel45__7,1438,N,True
5,reel12__1,reel45__7,1438,N,True
5,bot35__7,reel29__3,1438,N,True
5,reel46__0,reel29__3,1438,N,True
5,reel27__5,reel29__3,1438,N,True
5,reel64__1,reel29__3,1438,N,True
5,reel21__0,reel29__3,1438,N,True
5,reel1__4,reel2__9,1438,N,True
5,reel37__4,reel2__9,1438,N,True
5,reel3__8,reel2__9,1438,N,True
5,reel1__7,reel2__9,1438,N,True
5,reel37__4,bot52__4,1438,N,True
5,reel44__5,bot52__4,1438,N,True
5,reel10__4,bot61__5,1438,N,True
5,reel3__6,bot20__6,1438,N,True
5,reel4__7,bot10__3,1438,N,True
5,bot42__6,bot10__3,1438,N,True
5,bot7__3,bot10__3,1438,N,True
5,bot59__3,bot52__6,1438,N,True
5,bot1__2,bot71__6,1438,N,True
5,reel11__7,bot71__6,1438,N,True
5,reel12__4,reel32__4,1438,N,True
5,reel28__0,reel57__4,1438,N,True
5,reel39__8,reel57__4,1438,N,True
5,reel19__4,reel57__4,1438,N,True
5,reel15__2,reel67__9,1438,N,True
5,bot4__8,bot16__0,1438,N,True
5,bot21__8,bot16__0,1438,N,True
5,bot14__5,bot50__5,1438,N,True
5,bot22__8,bot50__5,1438,N,True
5,reel5__0,reel65__6,1438,N,True
5,reel31__1,reel61__8,1438,N,True
5,reel5__8,reel61__8,1438,N,True
5,reel26__6,bot43__7,1438,N,True
5,reel6__3,bot14__0,1438,N,True
5,reel9__9,bot14__0,1438,N,True
5,bot21__6,bot25__7,1438,N,True
5,reel28__0,reel43__5,1438,N,True
5,reel38__2,reel41__5,1438,N,True
5,reel28__7,reel41__5,1438,N,True
5,reel23__1,reel41__5,1438,N,True
5,bot56__2,reel52__1,1438,N,True
5,reel13__0,reel52__1,1438,N,True
5,reel23__1,reel52__1,1438,N,True
5,reel23__1,reel70__4,1438,N,True
5,reel1__3,bot70__7,1438,N,True
5,bot66__1,bot70__7,1438,N,True
5,reel32__6,reel70__7,1438,N,True
5,bot12__2,bot39__9,1438,N,True
5,reel16__7,bot32__8,1438,N,True
5,bot23__8,bot32__8,1438,N,True
5,bot1__1,bot32__8,1438,N,True
5,bot2__0,bot33__9,1438,N,True
5,reel22__7,bot54__7,1438,N,True
5,reel16__9,bot54__7,1438,N,True
5,reel11__9,reel55__4,1438,N,True
5,reel63__6,reel55__4,1438,N,True
5,bot36__7,bot67__5,1438,N,True
5,reel66__7,reel53__7,1438,N,True
5,reel8__9,bot44__2,1438,N,True
5,reel10__1,bot44__2,1438,N,True
5,reel10__1,bot62__7,1438,N,True
5,reel10__1,bot68__9,1438,N,True
5,reel46__7,reel53__5,1438,N,True
5,reel8__9,reel53__5,1438,N,True
5,bot15__0,bot37__9,1438,N,True
5,reel32__0,reel46__4,1438,N,True
5,reel32__0,bot60__7,1438,N,True
5,bot0__6,bot10__8,1438,N,True
5,reel26__7,reel59__5,1438,N,True
5,reel4__7,reel59__5,1438,N,True
5,reel57__9,reel47__3,1438,N,True
5,bot34__0,bot49__0,1438,N,True
5,reel40__4,reel47__6,1438,N,True
5,reel63__0,reel47__6,1438,N,True
5,reel55__2,reel47__6,1438,N,True
5,bot9__2,bot36__4,1438,N,True
5,bot13__5,bot36__4,1438,N,True
5,reel17__3,bot38__3,1438,N,True
5,bot17__5,bot41__3,1438,N,True
5,bot25__5,bot62__5,1438,N,True
5,reel57__6,bot62__5,1438,N,True
5,reel26__8,reel33__3,1438,N,True
5,reel26__7,reel33__3,1438,N,True
5,reel58__9,reel33__3,1438,N,True
5,bot0__5,bot32__2,1438,N,True
5,bot16__4,bot61__2,1438,N,True
5,reel14__8,bot61__2,1438,N,True
5,bot8__2,bot58__7,1438,N,True
5,reel39__3,bot67__1,1438,N,True
5,bot11__4,bot67__1,1438,N,True
5,reel39__3,reel70__5,1438,N,True
5,bot18__5,bot59__4,1438,N,True
5,reel27__7,bot39__5,1438,N,True
5,reel5__8,bot39__5,1438,N,True
5,reel23__8,bot39__5,1438,N,True
5,bot2__7,bot44__5,1438,N,True
5,reel35__1,bot44__5,1438,N,True
5,bot17__2,bot36__0,1438,N,True
5,reel28__5,reel40__3,1438,N,True
5,reel45__6,reel40__3,1438,N,True
5,reel38__6,reel40__3,1438,N,True
5,bot17__8,bot55__2,1438,N,True
5,reel6__7,bot61__8,1438,N,True
5,reel55__2,reel59__7,1438,N,True
5,reel29__4,bot57__6,1438,N,True
5,reel9__9,reel21__3,1438,N,True
5,reel0__1,reel50__0,1438,N,True
5,bot37__7,bot27__1,1438,N,True
5,bot20__2,bot27__1,1438,N,True
5,bot17__3,bot31__4,1438,N,True
5,reel15__5,bot56__8,1438,N,True
5,bot22__3,bot35__3,1438,N,True
5,bot1__7,bot35__3,1438,N,True
5,reel30__8,reel38__5,1438,N,True
5,reel33__7,reel38__5,1438,N,True
5,bot6__1,bot40__1,1438,N,True
5,bot32__6,bot57__5,1438,N,True
5,reel66__4,bot68__7,1438,N,True
5,bot54__2,bot49__4,1438,N,True
5,reel5__5,bot51__7,1438,N,True
5,reel5__4,reel70__6,1438,N,True
5,reel31__2,reel46__1,1438,N,True
5,reel17__7,reel46__3,1438,N,True
5,reel22__8,reel46__3,1438,N,True
5,reel10__5,bot45__7,1438,N,True
5,reel29__0,reel50__3,1438,N,True
5,reel10__5,reel50__3,1438,N,True
5,reel10__5,bot69__1,1438,N,True
5,reel27__2,bot64__0,1438,N,True
5,bot22__7,bot25__8,1438,N,True
5,bot24__4,bot25__8,1438,N,True
5,reel21__2,reel55__5,1438,N,True
5,reel30__5,reel52__2,1438,N,True
5,reel35__0,reel52__2,1438,N,True
5,reel28__7,reel43__1,1438,N,True
5,bot20__7,bot43__6,1438,N,True
5,bot61__6,bot15__1,1438,N,True
5,bot13__5,bot15__1,1438,N,True
5,bot5__7,bot16__8,1438,N,True
5,bot6__5,bot16__8,1438,N,True
5,bot18__0,bot70__6,1438,N,True
5,reel30__0,bot70__6,1438,N,True
5,bot42__6,bot64__6,1438,N,True
5,reel42__8,reel46__2,1438,N,True
5,reel19__5,reel46__2,1438,N,True
5,bot1__7,bot27__5,1438,N,True
5,bot11__1,bot41__9,1439,N,True
5,bot32__2,bot41__9,1439,N,True
5,bot57__3,bot32__1,1439,N,True
5,reel15__3,bot32__1,1439,N,True
5,reel22__6,bot37__0,1439,N,True
5,reel33__7,bot37__0,1439,N,True
5,bot22__6,bot37__0,1439,N,True
5,reel22__6,reel39__9,1439,N,True
5,reel33__0,reel39__9,1439,N,True
5,reel41__7,reel44__1,1439,N,True
5,bot50__1,reel44__1,1439,N,True
5,reel15__8,bot49__6,1439,N,True
5,reel12__5,bot49__6,1439,N,True
5,bot48__6,bot49__6,1439,N,True
5,bot25__9,bot64__4,1439,N,True
5,reel40__1,bot64__4,1439,N,True
5,bot19__2,bot16__1,1439,N,True
5,bot2__5,bot16__1,1439,N,True
5,bot48__6,bot16__1,1439,N,True
5,reel14__5,bot16__1,1439,N,True
5,bot48__6,bot55__9,1439,N,True
5,bot12__7,bot38__0,1439,N,True
5,reel27__8,bot38__0,1439,N,True
5,bot35__4,bot52__0,1439,N,True
5,bot56__1,bot52__0,1439,N,True
5,reel2__8,bot52__0,1439,N,True
5,reel17__4,reel43__3,1439,N,True
5,reel9__3,reel43__3,1439,N,True
5,reel38__1,reel43__3,1439,N,True
5,bot17__7,bot69__5,1439,N,True
5,reel6__2,bot69__5,1439,N,True
5,reel1__6,bot66__7,1439,N,True
5,reel6__9,bot66__7,1439,N,True
5,bot7__2,bot66__7,1439,N,True
5,bot58__8,bot17__0,1439,N,True
5,bot9__6,bot17__0,1439,N,True
5,reel6__0,reel44__9,1439,N,True
5,reel23__9,reel44__9,1439,N,True
5,reel45__2,reel44__9,1439,N,True
5,bot61__9,reel44__9,1439,N,True
5,reel27__6,reel17__1,1439,N,True
5,reel13__6,reel17__1,1439,N,True
5,reel13__5,reel17__1,1439,N,True
5,reel1__7,reel17__1,1439,N,True
5,bot40__8,bot44__1,1439,N,True
5,bot41__2,bot44__1,1439,N,True
5,reel15__1,bot69__6,1439,N,True
5,reel20__4,bot69__6,1439,N,True
5,bot15__9,bot69__6,1439,N,True
5,reel19__3,reel60__0,1439,N,True
5,reel52__5,reel60__0,1439,N,True
5,bot55__1,bot58__7,1439,N,True
5,bot8__2,bot58__7,1439,N,True
5,bot19__9,bot58__7,1439,N,True
5,bot11__3,bot32__5,1439,N,True
5,reel22__8,bot32__5,1439,N,True
5,bot27__5,bot32__5,1439,N,True
5,reel6__9,reel36__3,1439,N,True
5,reel42__3,reel36__3,1439,N,True
5,reel37__8,reel68__1,1439,N,True
5,reel42__3,reel68__1,1439,N,True
5,bot20__3,bot47__3,1439,N,True
5,reel18__7,bot47__3,1439,N,True
5,bot3__9,bot47__3,1439,N,True
5,bot16__0,bot56__8,1439,N,True
5,reel15__5,bot56__8,1439,N,True
5,bot39__2,bot56__8,1439,N,True
5,reel9__0,bot71__9,1439,N,True
5,bot68__1,bot71__9,1439,N,True
5,reel21__6,bot34__2,1439,N,True
5,reel3__7,reel45__7,1439,N,True
5,bot53__2,reel45__7,1439,N,True
5,reel12__1,reel45__7,1439,N,True
5,reel70__5,reel45__7,1439,N,True
5,bot27__5,bot51__3,1439,N,True
5,reel62__8,bot68__2,1439,N,True
5,bot27__5,bot68__2,1439,N,True
5,bot71__5,reel50__7,1439,N,True
5,reel66__8,reel50__7,1439,N,True
5,reel8__9,reel50__7,1439,N,True
5,reel54__9,reel50__7,1439,N,True
5,reel4__9,bot38__5,1439,N,True
5,bot15__3,bot38__5,1439,N,True
5,reel52__5,reel57__7,1439,N,True
5,reel2__0,reel57__7,1439,N,True
5,reel27__1,reel57__7,1439,N,True
5,reel61__4,bot64__2,1439,N,True
5,bot57__9,bot64__2,1439,N,True
5,reel22__2,bot71__1,1439,N,True
5,bot10__3,bot71__1,1439,N,True
5,bot22__7,bot25__8,1439,N,True
5,bot12__8,bot25__8,1439,N,True
5,bot24__4,bot25__8,1439,N,True
5,reel36__4,reel50__5,1439,N,True
5,reel2__3,reel50__5,1439,N,True
5,reel0__3,reel50__5,1439,N,True
5,reel36__4,bot60__8,1439,N,True
5,bot22__8,bot60__8,1439,N,True
5,bot22__1,bot28__8,1439,N,True
5,reel56__4,reel11__8,1439,N,True
5,reel18__1,reel11__8,1439,N,True
5,reel15__9,reel11__8,1439,N,True
5,reel34__9,reel64__8,1439,N,True
5,reel18__1,reel64__8,1439,N,True
5,bot30__7,bot34__8,1439,N,True
5,bot30__5,bot34__8,1439,N,True
5,reel44__5,bot70__1,1439,N,True
5,bot46__9,bot70__1,1439,N,True
5,reel18__7,reel28__8,1439,N,True
5,bot41__6,reel28__8,1439,N,True
5,reel1__4,reel28__8,1439,N,True
5,reel20__6,reel28__8,1439,N,True
5,bot33__8,reel28__8,1439,N,True
5,bot7__4,bot15__2,1439,N,True
5,bot9__6,bot15__2,1439,N,True
5,bot28__4,bot15__2,1439,N,True
5,bot57__0,bot28__0,1439,N,True
5,bot57__0,bot63__4,1439,N,True
5,bot34__7,bot63__4,1439,N,True
5,reel2__2,bot63__4,1439,N,True
5,bot57__0,bot65__1,1439,N,True
5,reel27__3,bot65__1,1439,N,True
5,reel3__7,bot68__7,1439,N,True
5,reel24__0,bot68__7,1439,N,True
5,reel39__6,reel45__0,1439,N,True
5,reel39__6,bot51__9,1439,N,True
5,reel15__8,reel34__6,1439,N,True
5,reel19__2,reel34__6,1439,N,True
5,reel12__1,bot20__5,1439,N,True
5,reel13__7,bot20__5,1439,N,True
5,reel19__8,bot43__1,1439,N,True
5,bot3__0,bot43__1,1439,N,True
5,reel59__7,reel68__7,1439,N,True
5,reel19__8,reel68__7,1439,N,True
5,reel14__5,bot50__6,1439,N,True
5,bot18__0,bot70__6,1439,N,True
5,reel30__0,bot70__6,1439,N,True
5,bot26__4,bot70__6,1439,N,True
5,bot53__7,bot42__6,1439,N,True
5,bot10__3,bot42__6,1439,N,True
5,reel55__4,reel63__6,1439,N,True
5,reel32__6,reel63__6,1439,N,True
5,reel24__7,reel63__6,1439,N,True
5,bot59__7,bot37__5,1439,N,True
5,bot30__6,bot37__5,1439,N,True
5,reel61__0,reel7__0,1439,N,True
5,bot19__5,reel7__0,1439,N,True
5,bot26__7,reel7__0,1439,N,True
5,reel1__4,reel7__0,1439,N,True
5,reel1__7,reel7__0,1439,N,True
5,bot40__8,bot66__6,1439,N,True
5,bot12__2,bot66__6,1439,N,True
5,reel12__0,reel23__2,1439,N,True
5,reel27__0,reel23__2,1439,N,True
5,reel22__3,reel23__2,1439,N,True
5,bot61__2,bot70__9,1439,N,True
5,reel23__3,bot52__9,1439,N,True
5,reel43__9,bot52__9,1439,N,True
5,reel55__4,reel50__3,1439,N,True
5,reel41__7,reel50__3,1439,N,True
5,reel29__0,reel50__3,1439,N,True
5,bot66__5,reel50__3,1439,N,True
5,reel10__5,reel50__3,1439,N,True
5,reel15__5,reel39__1,1439,N,True
5,reel11__0,reel39__1,1439,N,True
5,reel44__5,reel39__1,1439,N,True
5,bot23__0,bot45__7,1439,N,True
5,reel10__5,bot45__7,1439,N,True
5,reel47__2,bot55__0,1439,N,True
5,bot51__8,bot39__8,1439,N,True
5,reel8__7,bot39__8,1439,N,True
5,bot6__0,bot39__8,1439,N,True
5,reel23__7,reel26__1,1439,N,True
5,reel47__3,reel26__1,1439,N,True
5,reel14__8,reel26__1,1439,N,True
5,reel13__6,reel21__8,1439,N,True
5,reel42__5,reel21__8,1439,N,True
5,reel2__4,reel21__8,1439,N,True
5,reel22__7,reel28__4,1439,N,True
5,bot50__3,reel28__4,1439,N,True
5,bot10__6,bot35__7,1439,N,True
5,reel29__3,bot35__7,1439,N,True
5,bot49__5,bot35__7,1439,N,True
5,reel43__9,reel48__8,1439,N,True
5,reel8__8,reel43__1,1439,N,True
5,reel28__7,reel43__1,1439,N,True
5,reel33__0,reel43__1,1439,N,True
5,reel29__7,bot40__9,1439,N,True
5,reel30__0,bot40__9,1439,N,True
5,reel32__7,bot40__9,1439,N,True
5,reel24__6,reel47__6,1439,N,True
5,reel55__2,reel47__6,1439,N,True
5,reel63__0,reel47__6,1439,N,True
5,reel32__7,reel47__6,1439,N,True
5,reel51__4,reel24__9,1439,N,True
5,reel32__0,reel24__9,1439,N,True
5,bot70__7,bot66__1,1439,N,True
5,reel31__7,bot66__1,1439,N,True
5,bot14__1,bot34__0,1439,N,True
5,bot47__6,bot34__0,1439,N,True
5,bot19__6,bot34__0,1439,N,True
5,bot42__1,bot34__0,1439,N,True
5,bot10__0,bot34__0,1439,N,True
5,reel18__1,reel32__2,1439,N,True
5,reel18__1,reel48__1,1439,N,True
5,reel24__6,bot64__5,1439,N,True
5,reel61__2,bot64__5,1439,N,True
5,reel32__5,reel70__3,1439,N,True
5,reel10__0,reel70__3,1439,N,True
5,reel29__6,reel55__1,1439,N,True
5,reel54__2,reel55__1,1439,N,True
5,reel54__0,reel55__1,1439,N,True
5,reel24__1,bot61__3,1439,N,True
5,bot54__2,bot61__3,1439,N,True
5,reel61__6,reel64__2,1439,N,True
5,reel54__9,reel64__2,1439,N,True
5,bot67__3,bot49__7,1439,N,True
5,reel39__5,bot49__7,1439,N,True
5,bot57__6,reel30__4,1439,N,True
5,reel6__0,reel30__4,1439,N,True
5,reel11__4,reel30__4,1439,N,True
5,reel35__6,bot62__3,1439,N,True
5,bot35__3,bot38__3,1439,N,True
5,bot27__8,bot38__2,1439,N,True
5,reel32__5,bot38__2,1439,N,True
5,bot11__5,bot38__2,1439,N,True
5,reel46__3,bot70__3,1439,N,True
5,reel56__2,bot70__3,1439,N,True
5,bot24__8,bot18__6,1439,N,True
5,reel14__4,bot18__6,1439,N,True
5,bot21__6,bot18__6,1439,N,True
5,bot31__7,bot18__6,1439,N,True
5,bot13__5,bot15__1,1439,N,True
5,bot10__3,bot15__1,1439,N,True
5,reel61__4,reel43__4,1439,N,True
5,reel15__4,reel43__4,1439,N,True
5,bot15__0,bot47__1,1439,N,True
5,reel15__4,bot47__1,1439,N,True
5,reel8__8,reel31__1,1439,N,True
5,reel61__8,reel31__1,1439,N,True
5,reel51__5,reel31__1,1439,N,True
5,bot19__2,bot33__6,1439,N,True
5,bot29__5,bot33__6,1439,N,True
5,reel44__5,reel61__1,1439,N,True
5,bot44__6,bot36__3,1439,N,True
5,bot15__0,bot27__7,1439,N,True
5,bot19__6,bot27__7,1439,N,True
5,reel38__2,reel41__5,1439,N,True
5,reel28__7,reel41__5,1439,N,True
5,reel23__1,reel41__5,1439,N,True
5,bot9__1,bot46__8,1439,N,True
5,bot12__1,bot46__8,1439,N,True
5,bot26__9,bot46__8,1439,N,True
5,reel17__8,reel46__4,1439,N,True
5,reel32__0,reel46__4,1439,N,True
5,reel17__8,bot61__1,1439,N,True
5,reel32__6,reel70__7,1439,N,True
5,reel38__7,bot46__4,1439,N,True
5,bot62__7,bot46__4,1439,N,True
5,bot43__4,bot46__4,1439,N,True
5,bot1__1,bot32__8,1439,N,True
5,bot13__1,bot41__4,1439,N,True
5,bot23__6,bot41__4,1439,N,True
5,reel41__1,reel53__7,1439,N,True
5,reel66__7,reel53__7,1439,N,True
5,bot31__0,bot19__3,1439,N,True
5,reel36__1,reel54__3,1439,N,True
5,reel40__1,reel54__3,1439,N,True
5,bot15__8,bot18__2,1439,N,True
5,bot3__9,bot18__2,1439,N,True
5,bot15__8,bot52__6,1439,N,True
5,reel26__5,bot52__6,1439,N,True
5,reel10__8,bot16__2,1439,N,True
5,reel1__1,bot16__2,1439,N,True
5,bot14__6,bot45__0,1439,N,True
5,reel32__0,bot45__0,1439,N,True
5,reel32__0,reel49__3,1439,N,True
5,reel13__6,reel49__3,1439,N,True
5,bot11__0,bot42__0,1439,N,True
5,reel31__7,bot41__5,1439,N,True
5,bot2__6,bot41__5,1439,N,True
5,reel29__0,bot50__7,1439,N,True
5,bot2__6,bot50__7,1439,N,True
5,bot2__6,bot52__1,1439,N,True
5,bot13__1,bot50__9,1439,N,True
5,reel25__6,bot50__9,1439,N,True
5,reel56__7,bot65__7,1439,N,True
5,bot3__4,bot16__7,1439,N,True
5,bot34__3,bot67__9,1439,N,True
5,reel24__6,reel35__7,1439,N,True
5,reel24__6,bot63__9,1439,N,True
5,bot24__6,bot54__9,1439,N,True
5,bot19__1,bot54__9,1439,N,True
5,reel6__6,bot16__6,1439,N,True
5,bot58__5,bot16__6,1439,N,True
5,bot18__9,bot16__6,1439,N,True
5,reel44__6,reel30__2,1439,N,True
5,reel15__0,reel30__2,1439,N,True
5,reel14__8,reel30__2,1439,N,True
5,reel52__6,reel48__9,1439,N,True
5,reel15__0,reel48__9,1439,N,True
5,reel1__3,reel37__4,1439,N,True
5,reel5__3,bot19__4,1439,N,True
5,bot11__6,bot19__4,1439,N,True
5,bot3__8,bot57__7,1439,N,True
5,bot25__1,bot57__7,1439,N,True
5,reel55__3,bot67__8,1439,N,True
5,reel60__2,bot67__8,1439,N,True
5,bot3__9,bot40__5,1439,N,True
5,bot71__7,bot48__0,1439,N,True
5,bot32__0,bot48__0,1439,N,True
5,reel60__1,bot61__8,1439,N,True
5,reel2__3,bot61__8,1439,N,True
5,reel6__7,bot61__8,1439,N,True
5,reel0__1,bot23__8,1439,N,True
5,reel13__5,reel68__5,1439,N,True
5,reel29__0,reel68__5,1439,N,True
5,reel33__7,reel36__9,1439,N,True
5,reel38__3,bot47__7,1439,N,True
5,reel7__9,bot47__7,1439,N,True
5,reel54__9,bot59__4,1439,N,True
5,reel29__3,bot59__4,1439,N,True
5,reel23__9,bot69__8,1439,N,True
5,reel20__5,bot51__7,1439,N,True
5,bot28__9,bot54__3,1439,N,True
5,reel2__3,bot54__3,1439,N,True
5,reel47__1,reel54__1,1439,N,True
5,reel7__7,reel54__1,1439,N,True
5,reel38__8,reel54__1,1439,N,True
5,bot17__4,bot45__5,1439,N,True
5,reel26__7,reel33__3,1439,N,True
5,reel58__9,reel33__3,1439,N,True
5,reel5__4,reel70__6,1439,N,True
5,reel6__6,reel25__5,1439,N,True
5,reel10__5,bot22__5,1439,N,True
5,reel21__2,bot53__9,1439,N,True
5,reel40__2,bot64__6,1439,N,True
5,reel19__5,bot30__1,1439,N,True
5,reel26__5,bot30__1,1439,N,True
5,reel11__4,reel66__4,1439,N,True
5,reel1__2,bot23__5,1439,N,True
5,reel26__9,bot53__3,1439,N,True
6,reel19__0,bot26__7,1420,N,False
6,bot18__6,bot24__8,1420,N,False
6,bot29__3,bot24__8,1420,N,False
6,bot59__0,reel18__3,1420,N,False
6,reel32__0,reel46__4,1420,N,False
6,reel32__0,reel49__3,1420,N,False
6,reel38__8,reel12__2,1420,N,False
6,reel8__8,reel43__1,1420,N,False
6,reel66__4,reel11__4,1420,N,False
6,reel26__9,bot53__3,1420,N,False
6,bot32__2,bot41__9,1421,N,False
6,reel37__1,bot55__5,1421,N,False
6,bot15__7,bot55__5,1421,N,False
6,reel33__9,bot55__5,1421,N,False
6,reel22__8,reel46__3,1421,N,False
6,bot70__3,reel46__3,1421,N,False
6,reel15__8,bot49__6,1421,N,False
6,bot48__6,bot49__6,1421,N,False
6,bot48__6,bot55__9,1421,N,False
6,reel63__3,bot65__8,1421,N,False
6,reel58__3,bot66__3,1421,N,False
6,reel53__0,bot59__8,1421,N,False
6,reel21__8,reel48__1,1421,N,False
6,bot69__5,reel54__4,1421,N,False
6,reel69__8,reel62__5,1421,N,False
6,reel68__0,reel62__5,1421,N,False
6,bot61__4,bot42__9,1421,N,False
6,reel59__7,reel55__2,1421,N,False
6,reel50__9,reel66__6,1421,N,False
6,reel44__2,reel66__6,1421,N,False
6,reel17__3,bot38__3,1421,N,False
6,reel44__6,bot59__3,1421,N,False
6,bot52__6,bot59__3,1421,N,False
6,reel44__6,reel69__5,1421,N,False
6,reel19__0,bot39__7,1421,N,False
6,bot21__5,bot39__7,1421,N,False
6,bot4__2,bot3__9,1421,N,False
6,bot4__2,bot27__4,1421,N,False
6,bot18__0,bot27__4,1421,N,False
6,bot45__5,bot17__4,1421,N,False
6,bot29__7,bot19__8,1421,N,False
6,reel53__5,reel4__4,1421,N,False
6,reel0__3,reel4__4,1421,N,False
6,bot52__6,bot15__8,1421,N,False
6,reel43__5,reel53__8,1421,N,False
6,reel43__5,reel68__4,1421,N,False
6,bot37__9,bot62__8,1421,N,False
6,reel34__0,bot35__8,1421,N,False
6,bot40__8,bot66__6,1421,N,False
6,reel36__3,bot65__2,1421,N,False
6,reel19__0,reel13__0,1421,N,False
6,reel19__0,bot26__7,1421,N,False
6,reel18__0,reel22__0,1421,N,False
6,reel17__8,bot61__1,1421,N,False
6,reel43__3,reel9__3,1421,N,False
6,reel10__6,bot20__7,1421,N,False
6,reel10__6,reel68__3,1421,N,False
6,reel69__8,bot70__9,1421,N,False
6,reel41__5,reel28__7,1421,N,False
6,bot18__0,bot70__6,1421,N,False
6,reel47__2,bot55__0,1421,N,False
6,reel26__9,bot53__3,1421,N,False
6,reel33__7,reel55__9,1421,N,False
6,reel20__1,bot38__1,1421,N,False
6,bot32__2,bot41__9,1422,N,False
6,reel37__0,bot49__0,1422,N,False
6,reel43__8,bot47__2,1422,N,False
6,bot48__6,bot16__1,1422,N,False
6,bot17__0,bot9__6,1422,N,False
6,reel47__1,reel54__1,1422,N,False
6,reel38__8,reel54__1,1422,N,False
6,reel47__1,reel34__9,1422,N,False
6,reel47__1,reel54__5,1422,N,False
6,reel40__9,reel53__9,1422,N,False
6,bot14__0,bot42__8,1422,N,False
6,bot44__8,bot42__8,1422,N,False
6,reel6__9,reel53__0,1422,N,False
6,70,reel46__9,1422,N,False
6,reel33__4,bot67__5,1422,N,False
6,reel59__6,reel30__9,1422,N,False
6,bot3__3,bot8__6,1422,N,False
6,327,bot8__6,1422,N,False
6,327,reel51__7,1422,N,False
6,reel48__1,reel68__3,1422,N,False
6,bot25__5,bot60__9,1422,N,False
6,bot28__4,bot60__9,1422,N,False
6,107,bot14__8,1422,N,False
6,244,bot14__8,1422,N,False
6,33,bot6__0,1422,N,False
6,bot56__6,reel7__2,1422,N,False
6,33,reel7__2,1422,N,False
6,33,bot17__9,1422,N,False
6,33,bot28__2,1422,N,False
6,reel4__2,bot12__7,1422,N,False
6,bot26__7,bot12__7,1422,N,False
6,bot61__5,bot60__0,1422,N,False
6,bot26__7,bot60__0,1422,N,False
6,bot45__0,bot61__3,1422,N,False
6,reel62__0,reel68__2,1422,N,False
6,reel66__9,reel68__2,1422,N,False
6,bot50__9,reel23__5,1422,N,False
6,reel34__0,reel23__5,1422,N,False
6,bot38__6,reel6__4,1422,N,False
6,reel19__8,bot43__1,1422,N,False
6,reel19__8,reel68__7,1422,N,False
6,bot32__0,bot23__3,1422,N,False
6,reel4__1,bot23__3,1422,N,False
6,bot39__4,bot54__1,1422,N,False
6,reel18__4,reel58__2,1422,N,False
6,reel18__4,reel60__6,1422,N,False
6,bot41__5,reel31__7,1422,N,False
6,bot66__1,reel31__7,1422,N,False
6,reel36__3,bot65__2,1422,N,False
6,reel59__8,reel60__1,1422,N,False
6,bot63__9,bot59__0,1422,N,False
6,247,reel24__6,1422,N,False
6,reel35__7,reel24__6,1422,N,False
6,bot63__9,reel24__6,1422,N,False
6,reel21__4,reel28__4,1422,N,False
6,reel35__7,reel28__4,1422,N,False
6,reel21__4,reel36__9,1422,N,False
6,reel41__5,reel38__2,1422,N,False
6,reel4__2,reel38__2,1422,N,False
6,reel43__7,153,1422,N,False
6,reel43__7,bot62__1,1422,N,False
6,32,bot32__9,1422,N,False
6,bot67__4,bot68__0,1422,N,False
6,reel1__4,bot11__0,1422,N,False
6,reel64__2,reel61__6,1422,N,False
6,reel47__3,reel52__2,1423,N,False
6,reel47__3,reel57__9,1423,N,False
6,reel54__4,bot68__0,1423,N,False
6,reel40__9,reel28__1,1423,N,False
6,bot60__0,bot61__5,1423,N,False
6,reel11__0,reel9__3,1423,N,False
6,reel11__0,bot63__5,1423,N,False
6,bot15__6,bot47__9,1423,N,False
6,bot32__5,bot11__3,1423,N,False
6,bot51__9,reel39__6,1424,N,False
6,bot50__1,reel44__1,1424,N,False
6,bot17__0,bot58__8,1424,N,False
6,bot35__3,bot22__3,1424,N,False
6,reel48__3,bot68__1,1424,N,False
6,bot71__9,bot68__1,1424,N,False
6,reel40__0,reel5__3,1425,N,False
6,bot11__6,bot62__2,1425,N,False
6,reel40__0,bot62__2,1425,N,False
6,reel40__0,bot62__3,1425,N,False
6,reel16__8,bot67__6,1425,N,False
6,reel16__7,bot63__3,1425,N,False
6,bot34__9,bot37__8,1425,N,False
6,reel13__7,bot42__7,1425,N,False
6,reel31__6,bot54__0,1425,N,False
6,reel33__4,reel42__2,1425,N,False
6,reel35__7,reel42__2,1425,N,False
6,reel46__2,bot57__5,1425,N,False
6,bot56__7,bot57__9,1425,N,False
6,bot65__0,bot66__3,1425,N,False
6,reel1__9,bot68__8,1425,N,False
6,bot11__6,bot3__0,1425,N,False
6,reel51__2,reel21__1,1425,N,False
6,reel23__4,bot70__8,1425,N,False
6,reel24__9,reel51__4,1426,N,False
6,bot64__7,bot57__9,1426,N,False
6,bot64__2,bot57__9,1426,N,False
6,bot37__6,bot48__4,1426,N,False
6,bot60__5,reel32__4,1426,N,False
6,bot35__8,reel34__0,1426,N,False
6,reel47__1,reel34__9,1426,N,False
6,reel9__5,reel34__9,1426,N,False
6,reel60__6,reel18__4,1426,N,False
6,reel61__9,reel25__6,1426,N,False
6,reel16__9,reel25__6,1426,N,False
6,reel3__0,bot13__3,1426,N,False
6,reel24__1,reel48__0,1426,N,False
6,reel24__1,bot61__3,1426,N,False
6,reel55__6,reel4__6,1426,N,False
6,bot55__2,bot17__8,1426,N,False
6,bot39__2,bot17__8,1426,N,False
6,reel21__8,reel48__1,1426,N,False
6,reel68__0,reel62__5,1426,N,False
6,reel50__9,reel24__8,1426,N,False
6,reel15__2,reel24__8,1426,N,False
6,reel50__9,bot53__0,1426,N,False
6,reel39__2,bot53__0,1426,N,False
6,reel50__9,reel66__6,1426,N,False
6,bot29__7,bot8__4,1426,N,False
6,bot55__2,bot49__9,1426,N,False
6,bot55__2,bot43__4,1426,N,False
6,bot27__7,bot15__0,1426,N,False
6,reel15__0,reel30__2,1426,N,False
6,reel14__8,reel30__2,1426,N,False
6,reel14__8,bot35__9,1426,N,False
6,reel14__8,reel59__2,1426,N,False
6,reel14__8,bot61__2,1426,N,False
6,bot26__9,bot46__8,1426,N,False
6,bot61__5,bot60__0,1426,N,False
6,bot26__7,bot60__0,1426,N,False
6,bot59__0,bot63__9,1426,N,False
6,reel15__4,reel43__4,1426,N,False
6,bot19__7,bot26__6,1426,N,False
6,reel39__2,reel6__0,1426,N,False
6,bot5__7,bot16__8,1426,N,False
6,reel22__3,bot52__5,1426,N,False
6,bot44__9,bot6__3,1426,N,False
6,reel68__1,reel42__3,1426,N,False
6,reel9__5,bot64__8,1426,N,False
6,reel41__7,bot71__8,1426,N,False
6,bot36__1,bot40__1,1426,N,False
6,bot36__1,bot47__5,1426,N,False
6,reel7__5,bot36__3,1427,N,False
6,bot45__0,bot61__3,1427,N,False
6,reel18__3,bot23__4,1427,N,False
6,reel18__3,reel54__5,1427,N,False
6,bot17__0,bot43__7,1427,N,False
6,reel18__8,reel38__3,1427,N,False
6,reel68__3,reel48__1,1427,N,False
6,reel68__0,reel62__5,1427,N,False
6,reel14__5,reel36__6,1427,N,False
6,reel24__5,reel6__0,1427,N,False
6,bot0__3,bot3__4,1427,N,False
6,reel37__5,reel45__5,1427,N,False
6,bot41__5,bot2__6,1427,N,False
6,reel50__9,bot53__0,1428,N,False
6,reel39__2,bot53__0,1428,N,False
6,bot51__9,reel39__6,1428,N,False
6,reel0__9,bot33__7,1428,N,False
6,reel31__7,bot66__1,1428,N,False
6,bot52__8,reel32__4,1428,N,False
6,bot60__0,bot61__5,1428,N,False
6,reel50__9,reel66__6,1428,N,False
6,reel60__9,reel62__5,1428,N,False
6,reel14__2,bot38__3,1428,N,False
6,reel45__9,bot51__3,1428,N,False
6,reel29__0,reel12__8,1428,N,False
6,bot43__6,bot20__7,1428,N,False
6,bot29__9,bot26__1,1428,N,False
6,reel33__9,bot55__5,1429,N,False
6,reel38__0,bot50__1,1429,N,False
6,bot44__2,reel35__9,1429,N,False
6,reel45__7,reel35__9,1429,N,False
6,reel15__3,reel35__9,1429,N,False
6,bot14__6,bot45__0,1429,N,False
6,reel32__0,bot45__0,1429,N,False
6,reel32__0,reel46__4,1429,N,False
6,reel18__9,reel46__4,1429,N,False
6,reel32__0,bot60__7,1429,N,False
6,reel22__6,bot37__0,1429,N,False
6,bot45__4,bot5__7,1429,N,False
6,bot10__6,bot35__7,1429,N,False
6,bot51__7,reel5__5,1429,N,False
6,bot17__0,reel5__5,1429,N,False
6,bot17__0,bot43__7,1429,N,False
6,bot70__5,bot12__5,1429,N,False
6,reel49__5,reel8__3,1429,N,False
6,bot35__8,reel8__3,1429,N,False
6,reel53__9,reel65__8,1429,N,False
6,bot62__8,bot37__8,1429,N,False
6,reel16__7,bot32__8,1429,N,False
6,bot36__3,bot32__8,1429,N,False
6,bot23__8,bot32__8,1429,N,False
6,reel27__8,reel67__2,1429,N,False
6,bot38__3,bot44__1,1429,N,False
6,bot40__8,bot44__1,1429,N,False
6,bot41__2,bot44__1,1429,N,False
6,reel36__9,reel33__7,1429,N,False
6,bot29__9,reel23__1,1429,N,False
6,reel48__7,bot56__2,1429,N,False
6,bot9__5,bot52__6,1429,N,False
6,reel31__9,reel47__4,1429,N,False
6,bot9__2,bot24__9,1429,N,False
6,bot8__8,bot0__1,1429,N,False
6,bot71__2,reel68__0,1429,N,False
6,bot40__3,bot70__2,1429,N,False
6,reel56__2,reel58__3,1429,N,False
6,reel7__8,bot61__4,1429,N,False
6,bot42__9,bot61__4,1429,N,False
6,bot38__3,reel14__2,1429,N,False
6,reel28__6,reel14__2,1429,N,False
6,reel56__4,reel58__7,1429,N,False
6,reel16__7,reel49__9,1429,N,False
6,bot61__0,reel49__9,1429,N,False
6,bot24__6,bot54__9,1429,N,False
6,bot24__6,bot64__8,1429,N,False
6,reel9__5,bot64__8,1429,N,False
6,bot61__1,reel17__8,1429,N,False
6,bot38__2,bot42__6,1429,N,False
6,bot10__3,bot42__6,1429,N,False
6,bot38__5,bot50__8,1429,N,False
6,bot38__5,bot54__3,1429,N,False
6,bot29__2,bot31__1,1429,N,False
6,bot7__3,bot16__3,1429,N,False
6,bot7__3,bot17__9,1429,N,False
6,reel15__8,reel59__2,1429,N,False
6,reel18__8,reel38__3,1429,N,False
6,reel29__1,reel67__5,1429,N,False
6,bot26__4,bot70__6,1429,N,False
6,reel26__1,reel47__3,1429,N,False
6,bot58__2,bot67__6,1429,N,False
6,reel19__0,reel13__0,1429,N,False
6,bot66__1,bot50__0,1429,N,False
6,reel47__7,reel69__1,1429,N,False
6,reel28__8,bot55__9,1429,N,False
6,reel69__2,reel35__2,1429,N,False
6,reel6__7,bot61__8,1429,N,False
6,reel7__8,reel33__8,1429,N,False
6,bot23__6,bot44__0,1429,N,False
6,reel26__0,reel56__7,1429,N,False
6,bot42__8,bot44__8,1429,N,False
6,reel26__9,bot53__3,1429,N,False
6,reel13__5,reel68__5,1429,N,False
6,bot12__7,bot38__0,1431,N,True
6,reel24__9,bot38__0,1431,N,True
6,bot12__7,bot26__7,1431,N,True
6,bot60__0,bot26__7,1431,N,True
6,bot70__9,reel69__8,1431,N,True
6,reel51__8,reel69__8,1431,N,True
6,reel42__1,reel60__9,1431,N,True
6,bot69__2,bot66__3,1431,N,True
6,bot13__5,bot48__1,1431,N,True
6,reel14__5,bot50__6,1431,N,True
6,bot27__8,bot38__2,1431,N,True
6,bot36__3,bot32__8,1431,N,True
6,reel64__2,reel65__4,1431,N,True
6,reel38__3,bot47__7,1432,N,True
6,bot48__8,bot47__7,1432,N,True
6,bot48__8,bot55__9,1432,N,True
6,bot48__6,bot55__9,1432,N,True
6,bot60__5,reel32__4,1432,N,True
6,bot52__8,reel32__4,1432,N,True
6,reel31__2,reel67__8,1432,N,True
6,bot29__7,bot63__1,1432,N,True
6,bot69__3,reel65__2,1432,N,True
6,reel14__8,reel59__2,1432,N,True
6,reel2__9,bot15__1,1432,N,True
6,bot10__3,bot15__1,1432,N,True
6,reel55__9,reel68__4,1432,N,True
6,reel43__5,reel68__4,1432,N,True
6,reel36__1,reel67__3,1432,N,True
6,bot62__0,bot25__0,1433,N,True
6,bot21__9,bot25__0,1433,N,True
6,bot45__4,bot56__6,1433,N,True
6,bot48__6,bot49__6,1433,N,True
6,bot61__1,bot49__6,1433,N,True
6,bot48__6,bot55__9,1433,N,True
6,bot14__4,bot62__4,1433,N,True
6,reel64__8,reel34__9,1433,N,True
6,reel47__1,reel34__9,1433,N,True
6,reel47__1,reel55__7,1433,N,True
6,reel47__6,reel63__0,1433,N,True
6,bot13__0,bot39__2,1433,N,True
6,bot56__8,bot39__2,1433,N,True
6,reel54__5,reel18__3,1433,N,True
6,reel6__5,reel18__3,1433,N,True
6,reel6__5,bot30__2,1433,N,True
6,bot37__9,bot30__2,1433,N,True
6,reel6__5,bot41__0,1433,N,True
6,bot37__5,bot41__0,1433,N,True
6,bot29__9,bot26__1,1433,N,True
6,reel54__2,reel47__9,1433,N,True
6,bot37__5,bot59__7,1433,N,True
6,reel47__3,reel57__9,1433,N,True
6,reel69__5,reel5__6,1433,N,True
6,reel64__1,reel5__6,1433,N,True
6,reel50__9,reel66__6,1433,N,True
6,reel49__7,reel66__6,1433,N,True
6,reel37__4,bot52__4,1433,N,True
6,bot9__8,bot52__4,1433,N,True
6,reel44__5,bot52__4,1433,N,True
6,reel36__1,reel54__3,1433,N,True
6,reel40__1,reel54__3,1433,N,True
6,reel14__5,bot50__6,1433,N,True
6,reel44__5,bot70__1,1433,N,True
6,reel31__1,reel59__9,1433,N,True
6,reel41__9,bot51__0,1433,N,True
6,reel45__6,bot48__9,1433,N,True
6,bot26__3,bot23__5,1433,N,True
6,bot13__0,bot63__5,1433,N,True
6,reel9__1,bot68__6,1433,N,True
6,reel36__1,reel67__3,1433,N,True
6,bot36__3,bot34__2,1434,N,True
6,bot69__2,bot66__3,1435,N,True
6,reel58__3,bot66__3,1435,N,True
6,bot34__9,bot37__8,1435,N,True
6,reel62__0,reel29__2,1435,N,True
6,reel2__0,reel57__7,1436,N,True
6,bot69__3,reel65__2,1436,N,True
6,reel2__0,reel65__2,1436,N,True
6,bot49__9,bot55__2,1436,N,True
6,bot66__8,bot55__2,1436,N,True
6,90,bot21__4,1436,N,True
6,bot31__4,bot21__4,1436,N,True
6,240,bot21__4,1436,N,True
6,bot15__4,bot22__2,1436,N,True
6,bot57__4,bot65__8,1436,N,True
6,reel63__3,bot65__8,1436,N,True
6,bot55__6,bot65__8,1436,N,True
6,bot27__8,bot38__2,1436,N,True
6,reel32__5,bot38__2,1436,N,True
6,bot22__6,bot37__0,1436,N,True
6,reel47__3,reel57__9,1436,N,True
6,reel33__3,reel26__8,1436,N,True
6,bot26__6,bot19__7,1436,N,True
6,bot4__9,bot11__9,1437,N,True
6,bot55__6,bot65__8,1438,N,True
6,reel56__7,bot65__7,1438,N,True
6,reel8__8,reel34__7,1438,N,True
6,reel0__9,bot11__2,1438,N,True
6,bot10__3,bot11__2,1438,N,True
6,reel38__5,bot53__6,1438,N,True
6,bot35__3,bot53__6,1438,N,True
6,reel59__7,reel68__7,1438,N,True
6,bot10__3,bot71__1,1438,N,True
6,bot38__5,bot50__8,1438,N,True
6,bot38__5,bot54__3,1438,N,True
6,bot69__1,reel38__8,1438,N,True
6,reel12__2,reel38__8,1438,N,True
6,reel38__5,reel53__8,1438,N,True
6,reel43__5,reel53__8,1438,N,True
6,reel41__9,bot51__0,1438,N,True
6,reel32__4,bot60__5,1438,N,True
6,bot7__9,bot42__3,1438,N,True
6,bot61__2,bot70__9,1438,N,True
6,bot42__8,bot44__8,1438,N,True
6,bot13__0,bot59__8,1438,N,True
6,reel7__0,bot61__0,1439,N,True
6,bot37__5,bot41__0,1439,N,True
6,reel48__1,reel68__3,1439,N,True
6,bot22__5,bot39__3,1439,N,True
6,reel30__2,reel62__1,1439,N,True
6,reel31__1,reel59__9,1439,N,True
6,reel61__1,bot65__2,1439,N,True
6,reel36__3,bot65__2,1439,N,True
6,reel35__7,reel42__2,1439,N,True
7,bot53__3,reel45__3,1420,N,False
7,reel12__2,bot60__1,1420,N,False
7,reel46__4,reel17__8,1420,N,False
7,bot26__7,bot60__0,1421,N,False
7,reel28__7,reel43__1,1421,N,False
7,bot65__8,bot57__4,1421,N,False
7,reel9__3,reel14__3,1421,N,False
7,bot62__8,bot37__8,1421,N,False
7,bot66__3,bot69__2,1421,N,False
7,bot3__9,bot47__3,1421,N,False
7,reel54__1,reel7__7,1422,N,False
7,bot12__7,bot38__0,1422,N,False
7,reel68__7,reel59__7,1422,N,False
7,bot11__0,bot42__0,1422,N,False
7,153,reel49__2,1422,N,False
7,reel53__9,reel65__8,1422,N,False
7,reel46__9,reel65__3,1422,N,False
7,reel30__9,bot54__8,1422,N,False
7,bot14__8,bot70__0,1422,N,False
7,bot11__3,bot38__1,1423,N,False
7,bot68__1,bot31__0,1424,N,False
7,reel5__3,bot6__0,1425,N,False
7,bot35__9,bot69__3,1426,N,False
7,bot61__2,bot70__9,1426,N,False
7,reel48__1,reel68__3,1426,N,False
7,reel42__3,bot43__9,1426,N,False
7,bot43__4,bot10__7,1426,N,False
7,reel38__3,bot47__7,1427,N,False
7,bot36__3,bot32__8,1427,N,False
7,reel12__8,reel30__6,1428,N,False
7,bot38__3,bot35__3,1428,N,False
7,bot38__3,bot44__1,1428,N,False
7,reel66__6,reel44__2,1428,N,False
7,reel32__4,bot60__5,1428,N,False
7,bot33__7,bot69__8,1428,N,False
7,reel23__1,reel31__4,1429,N,False
7,reel23__1,reel41__5,1429,N,False
7,reel47__3,reel34__4,1429,N,False
7,reel47__3,reel57__9,1429,N,False
7,reel5__5,bot17__6,1429,N,False
7,reel5__5,bot34__3,1429,N,False
7,bot45__0,bot61__3,1429,N,False
7,bot50__1,reel44__1,1429,N,False
7,reel56__7,bot65__7,1429,N,False
7,bot70__6,reel30__0,1429,N,False
7,reel69__8,reel65__9,1431,N,True
7,reel67__8,reel69__9,1432,N,True
7,bot59__7,bot66__3,1433,N,True
7,bot66__3,bot65__0,1435,N,True
7,bot19__7,bot55__8,1436,N,True
7,bot51__0,bot68__6,1438,N,True
7,reel34__7,bot44__6,1438,N,True
7,bot61__0,reel49__9,1439,N,True
8,bot60__0,bot61__5,1421,N,False
8,reel59__7,reel55__2,1422,N,False
8,reel65__3,reel61__7,1422,N,False
8,bot38__0,reel24__9,1422,N,False
8,bot54__8,reel33__1,1422,N,False
8,bot6__0,bot31__2,1425,N,False
8,bot47__7,bot56__7,1427,N,False
8,bot44__1,bot41__2,1428,N,False
8,bot35__3,bot40__1,1428,N,False
8,bot66__3,bot65__0,1433,N,True
9,bot31__2,bot45__6,1425,N,False
