iteration,sender,receiver,news_id,news_party,news_veracity
0,bot60__0,239,1200,N,False
0,bot60__0,bot24__5,1200,N,False
0,bot60__0,102,1200,N,False
0,bot60__1,reel53__1,1201,N,False
0,bot60__2,bot46__0,1202,N,False
0,bot60__3,bot37__6,1203,N,False
0,bot60__4,139,1204,N,False
0,bot60__4,bot13__7,1204,N,False
0,bot60__5,bot56__1,1205,N,False
0,bot60__5,254,1205,N,False
0,bot60__6,bot10__1,1206,N,False
0,bot60__7,reel2__2,1207,N,False
0,bot60__7,reel41__1,1207,N,False
0,bot60__8,36,1208,N,False
0,bot60__9,58,1209,N,False
0,bot60__9,bot12__3,1209,N,False
0,bot60__9,101,1209,N,False
0,reel60__0,203,1210,N,True
0,reel60__0,42,1210,N,True
0,reel60__0,reel7__8,1210,N,True
0,reel60__1,reel14__1,1211,N,True
0,reel60__1,159,1211,N,True
0,reel60__2,reel13__6,1212,N,True
0,reel60__2,reel20__5,1212,N,True
0,reel60__3,reel47__8,1213,N,True
0,reel60__3,76,1213,N,True
0,reel60__4,reel37__3,1214,N,True
0,reel60__4,reel13__5,1214,N,True
0,reel60__4,19,1214,N,True
0,reel60__5,195,1215,N,True
0,reel60__5,308,1215,N,True
0,reel60__6,reel8__7,1216,N,True
0,reel60__6,reel29__9,1216,N,True
0,reel60__7,76,1217,N,True
0,reel60__7,328,1217,N,True
0,reel60__8,reel24__4,1218,N,True
0,reel60__8,reel39__1,1218,N,True
0,reel60__9,reel14__6,1219,N,True
0,reel60__9,reel3__7,1219,N,True
1,bot24__5,bot15__7,1200,N,False
1,239,172,1200,N,False
1,239,211,1200,N,False
1,239,21,1200,N,False
1,239,56,1200,N,False
1,239,276,1200,N,False
1,239,295,1200,N,False
1,239,234,1200,N,False
1,239,313,1200,N,False
1,239,232,1200,N,False
1,239,59,1200,N,False
1,239,322,1200,N,False
1,239,199,1200,N,False
1,239,119,1200,N,False
1,239,67,1200,N,False
1,239,169,1200,N,False
1,239,186,1200,N,False
1,239,261,1200,N,False
1,239,13,1200,N,False
1,239,25,1200,N,False
1,239,123,1200,N,False
1,239,66,1200,N,False
1,239,113,1200,N,False
1,239,40,1200,N,False
1,239,338,1200,N,False
1,239,170,1200,N,False
1,239,272,1200,N,False
1,239,104,1200,N,False
1,239,303,1200,N,False
1,239,98,1200,N,False
1,239,reel39__0,1200,N,False
1,239,reel57__7,1200,N,False
1,102,227,1200,N,False
1,102,263,1200,N,False
1,102,reel21__0,1200,N,False
1,reel53__1,reel17__0,1201,N,False
1,reel53__1,reel31__5,1201,N,False
1,bot46__0,reel40__8,1202,N,False
1,bot46__0,bot11__8,1202,N,False
1,bot46__0,bot20__0,1202,N,False
1,bot37__6,reel12__8,1203,N,False
1,bot37__6,reel0__1,1203,N,False
1,139,197,1204,N,False
1,139,281,1204,N,False
1,139,127,1204,N,False
1,139,bot8__7,1204,N,False
1,139,reel19__1,1204,N,False
1,139,bot23__3,1204,N,False
1,bot13__7,bot19__4,1204,N,False
1,bot13__7,bot23__8,1204,N,False
1,bot13__7,bot48__7,1204,N,False
1,254,196,1205,N,False
1,254,reel5__8,1205,N,False
1,254,bot18__7,1205,N,False
1,254,bot31__0,1205,N,False
1,254,reel40__4,1205,N,False
1,254,reel45__6,1205,N,False
1,bot10__1,320,1206,N,False
1,bot10__1,263,1206,N,False
1,reel2__2,86,1207,N,False
1,reel2__2,bot8__2,1207,N,False
1,reel2__2,bot27__0,1207,N,False
1,36,309,1208,N,False
1,36,284,1208,N,False
1,36,197,1208,N,False
1,36,281,1208,N,False
1,36,reel30__4,1208,N,False
1,36,reel35__9,1208,N,False
1,36,bot36__3,1208,N,False
1,58,269,1209,N,False
1,58,107,1209,N,False
1,58,0,1209,N,False
1,101,0,1209,N,False
1,58,reel15__6,1209,N,False
1,101,80,1209,N,False
1,101,254,1209,N,False
1,101,187,1209,N,False
1,101,53,1209,N,False
1,101,24,1209,N,False
1,101,330,1209,N,False
1,101,204,1209,N,False
1,101,249,1209,N,False
1,101,317,1209,N,False
1,bot12__3,bot2__2,1209,N,False
1,bot12__3,bot6__3,1209,N,False
1,203,332,1210,N,True
1,203,9,1210,N,True
1,203,25,1210,N,True
1,203,223,1210,N,True
1,203,271,1210,N,True
1,203,272,1210,N,True
1,203,59,1210,N,True
1,203,161,1210,N,True
1,203,55,1210,N,True
1,203,65,1210,N,True
1,203,98,1210,N,True
1,203,211,1210,N,True
1,203,297,1210,N,True
1,203,67,1210,N,True
1,203,199,1210,N,True
1,203,26,1210,N,True
1,203,56,1210,N,True
1,203,186,1210,N,True
1,203,304,1210,N,True
1,203,315,1210,N,True
1,203,48,1210,N,True
1,203,170,1210,N,True
1,203,268,1210,N,True
1,203,308,1210,N,True
1,203,325,1210,N,True
1,203,261,1210,N,True
1,203,118,1210,N,True
1,203,342,1210,N,True
1,203,104,1210,N,True
1,203,109,1210,N,True
1,203,50,1210,N,True
1,203,334,1210,N,True
1,203,29,1210,N,True
1,203,341,1210,N,True
1,203,119,1210,N,True
1,203,172,1210,N,True
1,203,142,1210,N,True
1,203,40,1210,N,True
1,203,128,1210,N,True
1,203,277,1210,N,True
1,203,0,1210,N,True
1,42,0,1210,N,True
1,203,reel2__9,1210,N,True
1,42,33,1210,N,True
1,42,reel0__1,1210,N,True
1,42,reel17__7,1210,N,True
1,42,reel49__6,1210,N,True
1,reel7__8,reel1__5,1210,N,True
1,reel7__8,bot19__9,1210,N,True
1,reel7__8,bot54__5,1210,N,True
1,reel7__8,reel57__9,1210,N,True
1,reel14__1,63,1211,N,True
1,reel14__1,260,1211,N,True
1,reel14__1,bot34__5,1211,N,True
1,reel14__1,bot34__8,1211,N,True
1,reel14__1,bot42__7,1211,N,True
1,reel14__1,reel42__6,1211,N,True
1,159,184,1211,N,True
1,159,272,1211,N,True
1,159,284,1211,N,True
1,159,281,1211,N,True
1,159,127,1211,N,True
1,159,277,1211,N,True
1,159,108,1211,N,True
1,159,197,1211,N,True
1,159,0,1211,N,True
1,159,bot0__3,1211,N,True
1,159,reel1__7,1211,N,True
1,159,reel9__2,1211,N,True
1,159,reel13__7,1211,N,True
1,159,reel20__2,1211,N,True
1,159,reel29__7,1211,N,True
1,159,reel32__0,1211,N,True
1,reel20__5,reel15__3,1212,N,True
1,reel20__5,reel23__4,1212,N,True
1,reel20__5,reel25__3,1212,N,True
1,reel20__5,reel26__4,1212,N,True
1,reel20__5,reel45__6,1212,N,True
1,reel20__5,reel50__9,1212,N,True
1,reel13__6,62,1212,N,True
1,reel13__6,reel2__3,1212,N,True
1,reel13__6,bot49__3,1212,N,True
1,reel47__8,107,1213,N,True
1,reel47__8,301,1213,N,True
1,reel47__8,reel58__8,1213,N,True
1,76,25,1213,N,True
1,76,0,1213,N,True
1,76,bot4__4,1213,N,True
1,76,reel20__0,1213,N,True
1,76,reel35__8,1213,N,True
1,76,reel51__1,1213,N,True
1,reel13__5,reel10__5,1214,N,True
1,reel13__5,166,1214,N,True
1,reel13__5,99,1214,N,True
1,reel13__5,reel15__0,1214,N,True
1,19,reel15__0,1214,N,True
1,reel37__3,222,1214,N,True
1,19,115,1214,N,True
1,19,312,1214,N,True
1,19,174,1214,N,True
1,19,214,1214,N,True
1,19,17,1214,N,True
1,19,227,1214,N,True
1,19,89,1214,N,True
1,19,reel4__3,1214,N,True
1,19,reel6__6,1214,N,True
1,19,reel8__6,1214,N,True
1,19,reel19__8,1214,N,True
1,19,reel23__3,1214,N,True
1,308,277,1215,N,True
1,308,161,1215,N,True
1,308,142,1215,N,True
1,308,304,1215,N,True
1,308,26,1215,N,True
1,308,246,1215,N,True
1,308,322,1215,N,True
1,308,87,1215,N,True
1,308,329,1215,N,True
1,308,22,1215,N,True
1,308,252,1215,N,True
1,308,67,1215,N,True
1,308,66,1215,N,True
1,308,0,1215,N,True
1,195,0,1215,N,True
1,308,reel15__2,1215,N,True
1,308,reel15__3,1215,N,True
1,308,reel18__5,1215,N,True
1,308,reel30__8,1215,N,True
1,195,181,1215,N,True
1,195,306,1215,N,True
1,195,275,1215,N,True
1,195,328,1215,N,True
1,195,273,1215,N,True
1,195,reel8__5,1215,N,True
1,195,reel12__6,1215,N,True
1,195,reel24__4,1215,N,True
1,195,reel30__7,1215,N,True
1,reel8__7,342,1216,N,True
1,reel8__7,32,1216,N,True
1,reel8__7,reel10__8,1216,N,True
1,reel8__7,bot22__0,1216,N,True
1,reel29__9,reel17__2,1216,N,True
1,reel29__9,306,1216,N,True
1,reel29__9,reel38__3,1216,N,True
1,reel29__9,bot43__7,1216,N,True
1,76,270,1217,N,True
1,76,25,1217,N,True
1,76,0,1217,N,True
1,328,0,1217,N,True
1,76,bot4__4,1217,N,True
1,76,bot14__1,1217,N,True
1,76,reel20__0,1217,N,True
1,76,bot38__2,1217,N,True
1,328,306,1217,N,True
1,328,275,1217,N,True
1,328,78,1217,N,True
1,328,181,1217,N,True
1,328,195,1217,N,True
1,328,bot2__6,1217,N,True
1,328,reel2__3,1217,N,True
1,328,reel3__2,1217,N,True
1,328,bot6__0,1217,N,True
1,328,bot6__2,1217,N,True
1,328,bot24__0,1217,N,True
1,328,reel27__9,1217,N,True
1,328,reel39__0,1217,N,True
1,328,reel47__4,1217,N,True
1,328,reel48__0,1217,N,True
1,reel24__4,195,1218,N,True
1,reel24__4,117,1218,N,True
1,reel24__4,reel40__6,1218,N,True
1,reel39__1,reel26__0,1218,N,True
1,reel39__1,bot58__3,1218,N,True
1,reel14__6,199,1219,N,True
1,reel14__6,167,1219,N,True
1,reel14__6,reel28__0,1219,N,True
1,reel14__6,bot32__7,1219,N,True
1,reel14__6,bot43__1,1219,N,True
1,reel14__6,bot51__1,1219,N,True
1,reel3__7,85,1219,N,True
1,reel3__7,166,1219,N,True
1,reel3__7,265,1219,N,True
1,reel3__7,bot13__3,1219,N,True
1,reel3__7,reel34__2,1219,N,True
1,reel3__7,reel38__5,1219,N,True
1,reel3__7,bot54__3,1219,N,True
2,199,288,1200,N,False
2,25,288,1200,N,False
2,170,3,1200,N,False
2,67,3,1200,N,False
2,25,3,1200,N,False
2,295,257,1200,N,False
2,25,257,1200,N,False
2,272,257,1200,N,False
2,322,257,1200,N,False
2,169,257,1200,N,False
2,40,257,1200,N,False
2,119,148,1200,N,False
2,25,148,1200,N,False
2,272,148,1200,N,False
2,13,148,1200,N,False
2,261,148,1200,N,False
2,113,148,1200,N,False
2,98,148,1200,N,False
2,119,297,1200,N,False
2,67,297,1200,N,False
2,25,297,1200,N,False
2,272,297,1200,N,False
2,261,297,1200,N,False
2,21,297,1200,N,False
2,322,297,1200,N,False
2,56,297,1200,N,False
2,25,88,1200,N,False
2,21,88,1200,N,False
2,56,88,1200,N,False
2,303,88,1200,N,False
2,322,88,1200,N,False
2,186,88,1200,N,False
2,25,51,1200,N,False
2,170,9,1200,N,False
2,295,9,1200,N,False
2,119,9,1200,N,False
2,67,9,1200,N,False
2,25,9,1200,N,False
2,272,9,1200,N,False
2,276,9,1200,N,False
2,199,9,1200,N,False
2,21,9,1200,N,False
2,232,9,1200,N,False
2,56,9,1200,N,False
2,322,9,1200,N,False
2,169,9,1200,N,False
2,66,9,1200,N,False
2,186,9,1200,N,False
2,113,9,1200,N,False
2,67,224,1200,N,False
2,25,224,1200,N,False
2,276,224,1200,N,False
2,261,224,1200,N,False
2,232,224,1200,N,False
2,322,224,1200,N,False
2,40,224,1200,N,False
2,21,31,1200,N,False
2,338,31,1200,N,False
2,67,31,1200,N,False
2,25,31,1200,N,False
2,25,237,1200,N,False
2,25,270,1200,N,False
2,25,221,1200,N,False
2,56,221,1200,N,False
2,303,221,1200,N,False
2,322,221,1200,N,False
2,186,221,1200,N,False
2,67,236,1200,N,False
2,25,236,1200,N,False
2,272,236,1200,N,False
2,13,236,1200,N,False
2,276,236,1200,N,False
2,21,236,1200,N,False
2,322,236,1200,N,False
2,169,236,1200,N,False
2,303,236,1200,N,False
2,186,236,1200,N,False
2,25,reel27__1,1200,N,False
2,25,reel35__5,1200,N,False
2,170,342,1200,N,False
2,119,342,1200,N,False
2,67,342,1200,N,False
2,172,342,1200,N,False
2,13,342,1200,N,False
2,313,342,1200,N,False
2,261,342,1200,N,False
2,199,342,1200,N,False
2,59,342,1200,N,False
2,21,342,1200,N,False
2,211,342,1200,N,False
2,56,342,1200,N,False
2,322,342,1200,N,False
2,123,342,1200,N,False
2,113,342,1200,N,False
2,98,342,1200,N,False
2,170,250,1200,N,False
2,322,250,1200,N,False
2,59,250,1200,N,False
2,170,268,1200,N,False
2,172,268,1200,N,False
2,211,268,1200,N,False
2,261,268,1200,N,False
2,59,268,1200,N,False
2,40,reel2__9,1200,N,False
2,59,reel2__9,1200,N,False
2,59,reel4__1,1200,N,False
2,59,reel5__4,1200,N,False
2,59,bot16__6,1200,N,False
2,59,bot24__2,1200,N,False
2,59,reel33__0,1200,N,False
2,59,reel35__4,1200,N,False
2,40,29,1200,N,False
2,211,29,1200,N,False
2,172,29,1200,N,False
2,338,29,1200,N,False
2,67,308,1200,N,False
2,172,308,1200,N,False
2,21,308,1200,N,False
2,322,308,1200,N,False
2,66,308,1200,N,False
2,338,308,1200,N,False
2,338,reel1__3,1200,N,False
2,338,reel19__8,1200,N,False
2,338,bot33__5,1200,N,False
2,338,reel53__8,1200,N,False
2,338,bot55__3,1200,N,False
2,123,bot0__5,1200,N,False
2,232,bot0__5,1200,N,False
2,123,reel15__1,1200,N,False
2,123,bot18__3,1200,N,False
2,234,bot13__5,1200,N,False
2,40,258,1200,N,False
2,295,258,1200,N,False
2,272,258,1200,N,False
2,98,258,1200,N,False
2,295,reel8__4,1200,N,False
2,295,reel33__4,1200,N,False
2,227,23,1200,N,False
2,227,131,1200,N,False
2,227,86,1200,N,False
2,227,bot11__4,1200,N,False
2,227,reel29__0,1200,N,False
2,67,196,1200,N,False
2,67,134,1200,N,False
2,199,134,1200,N,False
2,21,134,1200,N,False
2,56,134,1200,N,False
2,66,134,1200,N,False
2,113,134,1200,N,False
2,170,315,1200,N,False
2,67,315,1200,N,False
2,313,315,1200,N,False
2,211,315,1200,N,False
2,199,315,1200,N,False
2,21,315,1200,N,False
2,56,315,1200,N,False
2,322,315,1200,N,False
2,169,315,1200,N,False
2,40,315,1200,N,False
2,303,315,1200,N,False
2,98,315,1200,N,False
2,67,161,1200,N,False
2,199,161,1200,N,False
2,21,161,1200,N,False
2,56,161,1200,N,False
2,322,161,1200,N,False
2,67,bot3__8,1200,N,False
2,67,reel9__9,1200,N,False
2,119,329,1200,N,False
2,172,329,1200,N,False
2,272,329,1200,N,False
2,322,329,1200,N,False
2,40,329,1200,N,False
2,21,108,1200,N,False
2,272,108,1200,N,False
2,21,197,1200,N,False
2,272,197,1200,N,False
2,21,281,1200,N,False
2,272,281,1200,N,False
2,21,127,1200,N,False
2,272,127,1200,N,False
2,186,178,1200,N,False
2,322,178,1200,N,False
2,303,178,1200,N,False
2,272,178,1200,N,False
2,272,reel8__0,1200,N,False
2,56,63,1200,N,False
2,313,63,1200,N,False
2,261,63,1200,N,False
2,313,146,1200,N,False
2,119,146,1200,N,False
2,313,314,1200,N,False
2,261,314,1200,N,False
2,199,314,1200,N,False
2,313,bot1__7,1200,N,False
2,172,298,1200,N,False
2,199,298,1200,N,False
2,232,298,1200,N,False
2,56,298,1200,N,False
2,40,298,1200,N,False
2,322,48,1200,N,False
2,119,48,1200,N,False
2,199,48,1200,N,False
2,199,bot2__0,1200,N,False
2,199,reel12__9,1200,N,False
2,199,reel31__1,1200,N,False
2,211,reel52__6,1200,N,False
2,199,reel52__6,1200,N,False
2,56,30,1200,N,False
2,303,30,1200,N,False
2,322,30,1200,N,False
2,56,207,1200,N,False
2,322,207,1200,N,False
2,56,bot1__4,1200,N,False
2,56,bot13__4,1200,N,False
2,56,bot27__6,1200,N,False
2,322,53,1200,N,False
2,322,1,1200,N,False
2,119,1,1200,N,False
2,322,7,1200,N,False
2,170,260,1200,N,False
2,322,260,1200,N,False
2,322,38,1200,N,False
2,322,133,1200,N,False
2,232,133,1200,N,False
2,276,133,1200,N,False
2,40,133,1200,N,False
2,322,reel1__0,1200,N,False
2,322,bot4__3,1200,N,False
2,322,reel6__9,1200,N,False
2,322,bot17__2,1200,N,False
2,169,5,1200,N,False
2,reel21__0,5,1200,N,False
2,113,121,1200,N,False
2,169,121,1200,N,False
2,21,121,1200,N,False
2,169,reel48__9,1200,N,False
2,40,77,1200,N,False
2,170,274,1200,N,False
2,40,274,1200,N,False
2,21,274,1200,N,False
2,40,317,1200,N,False
2,40,307,1200,N,False
2,40,reel3__2,1200,N,False
2,40,bot35__7,1200,N,False
2,reel39__0,reel46__5,1200,N,False
2,reel57__7,reel1__8,1200,N,False
2,170,124,1200,N,False
2,170,reel24__6,1200,N,False
2,170,reel37__4,1200,N,False
2,170,reel55__6,1200,N,False
2,119,217,1200,N,False
2,119,64,1200,N,False
2,119,50,1200,N,False
2,113,50,1200,N,False
2,119,189,1200,N,False
2,119,150,1200,N,False
2,119,163,1200,N,False
2,119,229,1200,N,False
2,119,bot17__1,1200,N,False
2,119,reel24__9,1200,N,False
2,119,reel26__7,1200,N,False
2,119,reel39__6,1200,N,False
2,119,reel50__3,1200,N,False
2,263,reel6__3,1200,N,False
2,263,reel7__9,1200,N,False
2,263,bot10__1,1200,N,False
2,263,reel23__5,1200,N,False
2,13,reel6__0,1200,N,False
2,13,reel34__7,1200,N,False
2,13,bot42__2,1200,N,False
2,276,bot5__1,1200,N,False
2,276,reel12__1,1200,N,False
2,276,reel27__2,1200,N,False
2,261,16,1200,N,False
2,172,16,1200,N,False
2,261,reel2__7,1200,N,False
2,261,reel8__2,1200,N,False
2,261,bot10__9,1200,N,False
2,232,bot10__9,1200,N,False
2,21,bot5__3,1200,N,False
2,21,bot16__1,1200,N,False
2,21,reel46__4,1200,N,False
2,104,bot12__1,1200,N,False
2,104,bot22__1,1200,N,False
2,reel21__0,reel25__5,1200,N,False
2,reel21__0,bot37__3,1200,N,False
2,172,bot0__9,1200,N,False
2,172,reel3__6,1200,N,False
2,172,bot8__9,1200,N,False
2,172,bot13__1,1200,N,False
2,211,bot8__5,1200,N,False
2,211,bot34__5,1200,N,False
2,211,reel54__9,1200,N,False
2,232,reel10__7,1200,N,False
2,232,reel26__5,1200,N,False
2,186,bot4__4,1200,N,False
2,186,reel6__7,1200,N,False
2,186,reel17__2,1200,N,False
2,186,reel46__9,1200,N,False
2,186,bot56__8,1200,N,False
2,reel31__5,109,1201,N,False
2,reel17__0,reel1__0,1201,N,False
2,reel17__0,29,1201,N,False
2,reel17__0,reel9__9,1201,N,False
2,reel17__0,bot59__0,1201,N,False
2,bot20__0,107,1202,N,False
2,bot20__0,reel8__2,1202,N,False
2,bot20__0,reel16__8,1202,N,False
2,reel40__8,80,1202,N,False
2,bot11__8,80,1202,N,False
2,bot11__8,reel5__5,1202,N,False
2,bot11__8,bot20__7,1202,N,False
2,bot11__8,bot36__9,1202,N,False
2,reel0__1,bot2__0,1203,N,False
2,reel0__1,reel2__8,1203,N,False
2,reel0__1,reel27__1,1203,N,False
2,reel0__1,reel36__1,1203,N,False
2,reel0__1,reel42__8,1203,N,False
2,reel12__8,192,1203,N,False
2,reel12__8,3,1203,N,False
2,reel12__8,reel23__2,1203,N,False
2,bot8__7,bot5__1,1204,N,False
2,bot8__7,bot7__9,1204,N,False
2,bot8__7,bot14__8,1204,N,False
2,bot8__7,bot20__8,1204,N,False
2,bot48__7,bot32__8,1204,N,False
2,bot23__3,315,1204,N,False
2,bot23__3,bot46__6,1204,N,False
2,bot19__4,bot56__9,1204,N,False
2,127,135,1204,N,False
2,197,135,1204,N,False
2,281,135,1204,N,False
2,127,21,1204,N,False
2,197,21,1204,N,False
2,281,21,1204,N,False
2,127,108,1204,N,False
2,197,108,1204,N,False
2,281,108,1204,N,False
2,127,reel6__4,1204,N,False
2,127,reel58__0,1204,N,False
2,bot23__8,bot55__4,1204,N,False
2,reel19__1,reel41__8,1204,N,False
2,197,reel8__4,1204,N,False
2,197,reel9__3,1204,N,False
2,281,122,1204,N,False
2,281,reel5__5,1204,N,False
2,reel5__8,168,1205,N,False
2,reel5__8,bot30__9,1205,N,False
2,reel40__4,98,1205,N,False
2,reel40__4,134,1205,N,False
2,bot31__0,bot22__1,1205,N,False
2,reel45__6,reel20__5,1205,N,False
2,reel45__6,reel49__9,1205,N,False
2,bot18__7,reel1__1,1205,N,False
2,196,67,1205,N,False
2,196,reel3__5,1205,N,False
2,196,bot20__1,1205,N,False
2,196,bot54__2,1205,N,False
2,263,175,1206,N,False
2,263,68,1206,N,False
2,263,227,1206,N,False
2,263,296,1206,N,False
2,263,reel7__9,1206,N,False
2,320,80,1206,N,False
2,320,36,1206,N,False
2,320,127,1206,N,False
2,320,184,1206,N,False
2,320,309,1206,N,False
2,320,197,1206,N,False
2,320,108,1206,N,False
2,320,300,1206,N,False
2,320,281,1206,N,False
2,320,329,1206,N,False
2,320,251,1206,N,False
2,320,reel1__2,1206,N,False
2,320,bot14__5,1206,N,False
2,320,bot15__7,1206,N,False
2,320,reel20__7,1206,N,False
2,320,reel25__5,1206,N,False
2,320,reel35__8,1206,N,False
2,bot8__2,bot6__1,1207,N,False
2,bot8__2,213,1207,N,False
2,bot8__2,bot11__7,1207,N,False
2,bot8__2,bot37__0,1207,N,False
2,86,225,1207,N,False
2,86,278,1207,N,False
2,86,reel1__1,1207,N,False
2,86,reel5__3,1207,N,False
2,bot27__0,reel19__9,1207,N,False
2,bot27__0,bot56__1,1207,N,False
2,bot36__3,reel4__9,1208,N,False
2,bot36__3,bot1__9,1208,N,False
2,reel30__4,reel8__5,1208,N,False
2,309,bot4__1,1208,N,False
2,309,bot4__2,1208,N,False
2,309,bot12__6,1208,N,False
2,309,bot22__7,1208,N,False
2,reel35__9,reel11__2,1208,N,False
2,reel35__9,reel55__2,1208,N,False
2,197,139,1208,N,False
2,284,139,1208,N,False
2,281,139,1208,N,False
2,197,329,1208,N,False
2,284,329,1208,N,False
2,197,21,1208,N,False
2,284,21,1208,N,False
2,281,21,1208,N,False
2,197,159,1208,N,False
2,284,159,1208,N,False
2,281,159,1208,N,False
2,197,reel8__4,1208,N,False
2,284,122,1208,N,False
2,281,122,1208,N,False
2,284,reel4__2,1208,N,False
2,284,reel8__6,1208,N,False
2,284,bot11__6,1208,N,False
2,284,bot39__8,1208,N,False
2,281,reel5__5,1208,N,False
2,107,bot5__8,1209,N,False
2,107,bot20__0,1209,N,False
2,107,bot35__4,1209,N,False
2,107,reel41__1,1209,N,False
2,107,reel47__8,1209,N,False
2,0,285,1209,N,False
2,0,304,1209,N,False
2,249,304,1209,N,False
2,0,9,1209,N,False
2,204,130,1209,N,False
2,0,130,1209,N,False
2,53,130,1209,N,False
2,204,329,1209,N,False
2,269,329,1209,N,False
2,0,329,1209,N,False
2,0,252,1209,N,False
2,0,332,1209,N,False
2,53,332,1209,N,False
2,0,65,1209,N,False
2,0,211,1209,N,False
2,0,199,1209,N,False
2,0,133,1209,N,False
2,0,62,1209,N,False
2,0,239,1209,N,False
2,0,3,1209,N,False
2,0,56,1209,N,False
2,0,117,1209,N,False
2,0,135,1209,N,False
2,0,73,1209,N,False
2,0,288,1209,N,False
2,249,315,1209,N,False
2,0,315,1209,N,False
2,53,315,1209,N,False
2,80,315,1209,N,False
2,269,119,1209,N,False
2,0,119,1209,N,False
2,0,57,1209,N,False
2,80,57,1209,N,False
2,24,57,1209,N,False
2,204,57,1209,N,False
2,249,57,1209,N,False
2,0,98,1209,N,False
2,0,63,1209,N,False
2,0,67,1209,N,False
2,204,277,1209,N,False
2,0,277,1209,N,False
2,0,36,1209,N,False
2,0,274,1209,N,False
2,0,88,1209,N,False
2,53,88,1209,N,False
2,80,88,1209,N,False
2,0,339,1209,N,False
2,0,108,1209,N,False
2,0,197,1209,N,False
2,0,169,1209,N,False
2,0,28,1209,N,False
2,0,214,1209,N,False
2,0,307,1209,N,False
2,0,71,1209,N,False
2,0,333,1209,N,False
2,0,207,1209,N,False
2,0,308,1209,N,False
2,0,341,1209,N,False
2,0,128,1209,N,False
2,0,238,1209,N,False
2,0,265,1209,N,False
2,0,141,1209,N,False
2,0,78,1209,N,False
2,0,38,1209,N,False
2,0,109,1209,N,False
2,0,142,1209,N,False
2,0,203,1209,N,False
2,0,64,1209,N,False
2,0,224,1209,N,False
2,0,261,1209,N,False
2,0,144,1209,N,False
2,0,25,1209,N,False
2,0,342,1209,N,False
2,0,146,1209,N,False
2,317,146,1209,N,False
2,53,146,1209,N,False
2,0,300,1209,N,False
2,80,300,1209,N,False
2,0,149,1209,N,False
2,0,13,1209,N,False
2,0,59,1209,N,False
2,0,17,1209,N,False
2,0,161,1209,N,False
2,0,66,1209,N,False
2,0,31,1209,N,False
2,0,136,1209,N,False
2,0,255,1209,N,False
2,0,49,1209,N,False
2,0,320,1209,N,False
2,80,320,1209,N,False
2,0,284,1209,N,False
2,0,140,1209,N,False
2,0,137,1209,N,False
2,0,297,1209,N,False
2,0,104,1209,N,False
2,0,324,1209,N,False
2,0,111,1209,N,False
2,0,310,1209,N,False
2,0,32,1209,N,False
2,0,72,1209,N,False
2,0,40,1209,N,False
2,317,40,1209,N,False
2,0,309,1209,N,False
2,0,70,1209,N,False
2,0,16,1209,N,False
2,0,10,1209,N,False
2,0,69,1209,N,False
2,0,113,1209,N,False
2,0,257,1209,N,False
2,0,286,1209,N,False
2,269,81,1209,N,False
2,0,81,1209,N,False
2,0,293,1209,N,False
2,0,2,1209,N,False
2,0,279,1209,N,False
2,0,51,1209,N,False
2,0,268,1209,N,False
2,0,314,1209,N,False
2,187,5,1209,N,False
2,204,5,1209,N,False
2,0,5,1209,N,False
2,0,243,1209,N,False
2,0,195,1209,N,False
2,0,328,1209,N,False
2,0,296,1209,N,False
2,0,318,1209,N,False
2,0,173,1209,N,False
2,80,173,1209,N,False
2,0,121,1209,N,False
2,0,60,1209,N,False
2,0,259,1209,N,False
2,0,167,1209,N,False
2,0,91,1209,N,False
2,0,61,1209,N,False
2,0,93,1209,N,False
2,0,79,1209,N,False
2,0,132,1209,N,False
2,317,132,1209,N,False
2,0,221,1209,N,False
2,0,29,1209,N,False
2,0,337,1209,N,False
2,0,152,1209,N,False
2,0,201,1209,N,False
2,0,289,1209,N,False
2,0,321,1209,N,False
2,0,68,1209,N,False
2,0,131,1209,N,False
2,0,22,1209,N,False
2,bot2__2,22,1209,N,False
2,0,298,1209,N,False
2,0,220,1209,N,False
2,0,50,1209,N,False
2,0,193,1209,N,False
2,0,97,1209,N,False
2,0,124,1209,N,False
2,0,90,1209,N,False
2,0,179,1209,N,False
2,0,327,1209,N,False
2,0,120,1209,N,False
2,0,244,1209,N,False
2,0,319,1209,N,False
2,0,233,1209,N,False
2,0,166,1209,N,False
2,0,202,1209,N,False
2,0,155,1209,N,False
2,0,191,1209,N,False
2,53,191,1209,N,False
2,0,206,1209,N,False
2,0,229,1209,N,False
2,0,219,1209,N,False
2,0,154,1209,N,False
2,0,198,1209,N,False
2,0,182,1209,N,False
2,0,294,1209,N,False
2,0,253,1209,N,False
2,0,267,1209,N,False
2,0,52,1209,N,False
2,0,35,1209,N,False
2,0,bot2__7,1209,N,False
2,80,bot2__7,1209,N,False
2,0,reel8__3,1209,N,False
2,0,bot13__5,1209,N,False
2,0,bot30__4,1209,N,False
2,80,reel4__9,1209,N,False
2,80,bot16__9,1209,N,False
2,80,reel22__8,1209,N,False
2,80,reel40__8,1209,N,False
2,24,reel27__4,1209,N,False
2,reel15__6,bot25__8,1209,N,False
2,reel15__6,reel43__6,1209,N,False
2,reel15__6,reel47__0,1209,N,False
2,254,bot18__7,1209,N,False
2,254,bot31__0,1209,N,False
2,254,bot60__5,1209,N,False
2,330,reel11__6,1209,N,False
2,330,reel32__7,1209,N,False
2,269,reel33__9,1209,N,False
2,269,bot49__3,1209,N,False
2,317,bot21__2,1209,N,False
2,317,bot26__6,1209,N,False
2,317,bot37__3,1209,N,False
2,317,reel39__6,1209,N,False
2,bot2__2,bot0__5,1209,N,False
2,bot2__2,bot4__8,1209,N,False
2,bot2__2,bot25__2,1209,N,False
2,bot2__2,bot53__1,1209,N,False
2,187,bot6__1,1209,N,False
2,204,reel0__3,1209,N,False
2,204,bot6__0,1209,N,False
2,204,reel10__9,1209,N,False
2,204,reel23__3,1209,N,False
2,53,reel12__7,1209,N,False
2,53,reel24__7,1209,N,False
2,53,reel44__7,1209,N,False
2,249,reel52__2,1209,N,False
2,50,314,1210,N,True
2,0,314,1210,N,True
2,261,314,1210,N,True
2,199,314,1210,N,True
2,65,314,1210,N,True
2,342,314,1210,N,True
2,271,314,1210,N,True
2,161,314,1210,N,True
2,109,314,1210,N,True
2,50,146,1210,N,True
2,119,146,1210,N,True
2,0,146,1210,N,True
2,50,reel1__8,1210,N,True
2,50,reel20__7,1210,N,True
2,50,reel52__9,1210,N,True
2,50,reel57__8,1210,N,True
2,170,290,1210,N,True
2,0,290,1210,N,True
2,67,290,1210,N,True
2,25,290,1210,N,True
2,56,290,1210,N,True
2,342,290,1210,N,True
2,271,290,1210,N,True
2,277,290,1210,N,True
2,0,83,1210,N,True
2,25,83,1210,N,True
2,0,94,1210,N,True
2,25,94,1210,N,True
2,315,94,1210,N,True
2,0,276,1210,N,True
2,25,276,1210,N,True
2,56,276,1210,N,True
2,9,276,1210,N,True
2,271,276,1210,N,True
2,26,276,1210,N,True
2,98,276,1210,N,True
2,0,288,1210,N,True
2,199,288,1210,N,True
2,25,288,1210,N,True
2,315,288,1210,N,True
2,0,291,1210,N,True
2,25,291,1210,N,True
2,272,291,1210,N,True
2,98,291,1210,N,True
2,199,291,1210,N,True
2,332,291,1210,N,True
2,56,291,1210,N,True
2,315,291,1210,N,True
2,9,291,1210,N,True
2,271,291,1210,N,True
2,26,291,1210,N,True
2,277,291,1210,N,True
2,170,3,1210,N,True
2,0,3,1210,N,True
2,67,3,1210,N,True
2,25,3,1210,N,True
2,142,3,1210,N,True
2,9,3,1210,N,True
2,26,3,1210,N,True
2,0,232,1210,N,True
2,25,232,1210,N,True
2,172,232,1210,N,True
2,199,232,1210,N,True
2,56,232,1210,N,True
2,40,232,1210,N,True
2,9,232,1210,N,True
2,271,232,1210,N,True
2,26,232,1210,N,True
2,0,158,1210,N,True
2,325,158,1210,N,True
2,67,158,1210,N,True
2,25,158,1210,N,True
2,304,158,1210,N,True
2,142,158,1210,N,True
2,332,158,1210,N,True
2,40,158,1210,N,True
2,26,158,1210,N,True
2,315,158,1210,N,True
2,109,158,1210,N,True
2,25,188,1210,N,True
2,342,188,1210,N,True
2,334,188,1210,N,True
2,67,188,1210,N,True
2,272,188,1210,N,True
2,142,188,1210,N,True
2,56,188,1210,N,True
2,315,188,1210,N,True
2,170,188,1210,N,True
2,119,188,1210,N,True
2,223,188,1210,N,True
2,297,188,1210,N,True
2,104,188,1210,N,True
2,271,188,1210,N,True
2,26,188,1210,N,True
2,0,188,1210,N,True
2,341,188,1210,N,True
2,304,188,1210,N,True
2,9,188,1210,N,True
2,186,188,1210,N,True
2,277,188,1210,N,True
2,29,231,1210,N,True
2,0,231,1210,N,True
2,25,231,1210,N,True
2,172,231,1210,N,True
2,199,231,1210,N,True
2,332,231,1210,N,True
2,56,231,1210,N,True
2,40,231,1210,N,True
2,9,231,1210,N,True
2,315,231,1210,N,True
2,0,257,1210,N,True
2,25,257,1210,N,True
2,272,257,1210,N,True
2,304,257,1210,N,True
2,40,257,1210,N,True
2,26,257,1210,N,True
2,315,257,1210,N,True
2,325,252,1210,N,True
2,25,252,1210,N,True
2,98,252,1210,N,True
2,128,252,1210,N,True
2,118,252,1210,N,True
2,59,252,1210,N,True
2,332,252,1210,N,True
2,55,252,1210,N,True
2,342,252,1210,N,True
2,334,252,1210,N,True
2,272,252,1210,N,True
2,67,252,1210,N,True
2,199,252,1210,N,True
2,142,252,1210,N,True
2,65,252,1210,N,True
2,56,252,1210,N,True
2,315,252,1210,N,True
2,109,252,1210,N,True
2,170,252,1210,N,True
2,119,252,1210,N,True
2,261,252,1210,N,True
2,223,252,1210,N,True
2,297,252,1210,N,True
2,104,252,1210,N,True
2,271,252,1210,N,True
2,161,252,1210,N,True
2,26,252,1210,N,True
2,29,252,1210,N,True
2,0,252,1210,N,True
2,172,252,1210,N,True
2,304,252,1210,N,True
2,9,252,1210,N,True
2,186,252,1210,N,True
2,308,252,1210,N,True
2,277,252,1210,N,True
2,0,69,1210,N,True
2,67,69,1210,N,True
2,25,69,1210,N,True
2,304,69,1210,N,True
2,9,69,1210,N,True
2,26,69,1210,N,True
2,0,72,1210,N,True
2,67,72,1210,N,True
2,25,72,1210,N,True
2,272,72,1210,N,True
2,172,72,1210,N,True
2,199,72,1210,N,True
2,56,72,1210,N,True
2,40,72,1210,N,True
2,9,72,1210,N,True
2,271,72,1210,N,True
2,26,72,1210,N,True
2,0,141,1210,N,True
2,67,141,1210,N,True
2,25,141,1210,N,True
2,272,141,1210,N,True
2,172,141,1210,N,True
2,304,141,1210,N,True
2,199,141,1210,N,True
2,56,141,1210,N,True
2,40,141,1210,N,True
2,9,141,1210,N,True
2,271,141,1210,N,True
2,26,141,1210,N,True
2,98,141,1210,N,True
2,0,130,1210,N,True
2,25,130,1210,N,True
2,277,130,1210,N,True
2,48,130,1210,N,True
2,119,280,1210,N,True
2,0,280,1210,N,True
2,67,280,1210,N,True
2,25,280,1210,N,True
2,272,280,1210,N,True
2,304,280,1210,N,True
2,98,280,1210,N,True
2,142,280,1210,N,True
2,332,280,1210,N,True
2,297,280,1210,N,True
2,40,280,1210,N,True
2,315,280,1210,N,True
2,9,280,1210,N,True
2,271,280,1210,N,True
2,26,280,1210,N,True
2,277,280,1210,N,True
2,0,88,1210,N,True
2,25,88,1210,N,True
2,48,88,1210,N,True
2,56,88,1210,N,True
2,186,88,1210,N,True
2,170,185,1210,N,True
2,119,185,1210,N,True
2,0,185,1210,N,True
2,67,185,1210,N,True
2,25,185,1210,N,True
2,272,185,1210,N,True
2,297,185,1210,N,True
2,55,185,1210,N,True
2,56,185,1210,N,True
2,9,185,1210,N,True
2,271,185,1210,N,True
2,26,185,1210,N,True
2,315,185,1210,N,True
2,0,336,1210,N,True
2,25,336,1210,N,True
2,0,103,1210,N,True
2,172,103,1210,N,True
2,25,103,1210,N,True
2,211,103,1210,N,True
2,56,103,1210,N,True
2,271,103,1210,N,True
2,98,103,1210,N,True
2,0,51,1210,N,True
2,25,51,1210,N,True
2,0,283,1210,N,True
2,118,283,1210,N,True
2,25,283,1210,N,True
2,0,224,1210,N,True
2,67,224,1210,N,True
2,25,224,1210,N,True
2,304,224,1210,N,True
2,261,224,1210,N,True
2,332,224,1210,N,True
2,40,224,1210,N,True
2,9,224,1210,N,True
2,271,224,1210,N,True
2,26,224,1210,N,True
2,315,224,1210,N,True
2,119,79,1210,N,True
2,0,79,1210,N,True
2,67,79,1210,N,True
2,25,79,1210,N,True
2,272,79,1210,N,True
2,9,79,1210,N,True
2,271,79,1210,N,True
2,26,79,1210,N,True
2,0,31,1210,N,True
2,67,31,1210,N,True
2,25,31,1210,N,True
2,304,31,1210,N,True
2,142,31,1210,N,True
2,308,31,1210,N,True
2,277,31,1210,N,True
2,109,31,1210,N,True
2,186,221,1210,N,True
2,56,221,1210,N,True
2,0,221,1210,N,True
2,25,221,1210,N,True
2,0,236,1210,N,True
2,67,236,1210,N,True
2,25,236,1210,N,True
2,272,236,1210,N,True
2,304,236,1210,N,True
2,142,236,1210,N,True
2,297,236,1210,N,True
2,186,236,1210,N,True
2,271,236,1210,N,True
2,26,236,1210,N,True
2,315,236,1210,N,True
2,0,246,1210,N,True
2,25,246,1210,N,True
2,304,246,1210,N,True
2,223,246,1210,N,True
2,308,246,1210,N,True
2,315,246,1210,N,True
2,25,reel17__5,1210,N,True
2,reel0__1,reel27__1,1210,N,True
2,25,reel27__1,1210,N,True
2,25,reel35__5,1210,N,True
2,0,222,1210,N,True
2,325,222,1210,N,True
2,211,222,1210,N,True
2,118,222,1210,N,True
2,199,222,1210,N,True
2,56,222,1210,N,True
2,186,222,1210,N,True
2,0,311,1210,N,True
2,325,311,1210,N,True
2,277,311,1210,N,True
2,325,reel5__7,1210,N,True
2,325,reel30__3,1210,N,True
2,325,bot53__0,1210,N,True
2,325,bot55__7,1210,N,True
2,119,150,1210,N,True
2,128,150,1210,N,True
2,0,150,1210,N,True
2,0,213,1210,N,True
2,67,213,1210,N,True
2,272,213,1210,N,True
2,128,213,1210,N,True
2,332,213,1210,N,True
2,56,213,1210,N,True
2,40,213,1210,N,True
2,315,213,1210,N,True
2,186,213,1210,N,True
2,161,213,1210,N,True
2,308,213,1210,N,True
2,277,213,1210,N,True
2,119,248,1210,N,True
2,0,248,1210,N,True
2,67,248,1210,N,True
2,128,248,1210,N,True
2,332,248,1210,N,True
2,26,248,1210,N,True
2,277,248,1210,N,True
2,128,reel38__7,1210,N,True
2,29,16,1210,N,True
2,0,16,1210,N,True
2,172,16,1210,N,True
2,261,16,1210,N,True
2,118,16,1210,N,True
2,332,16,1210,N,True
2,118,bot34__7,1210,N,True
2,118,reel46__3,1210,N,True
2,118,reel47__4,1210,N,True
2,170,250,1210,N,True
2,0,250,1210,N,True
2,59,250,1210,N,True
2,59,reel4__1,1210,N,True
2,59,reel5__4,1210,N,True
2,9,reel5__4,1210,N,True
2,59,bot24__2,1210,N,True
2,59,bot28__2,1210,N,True
2,59,reel33__0,1210,N,True
2,59,reel35__4,1210,N,True
2,0,38,1210,N,True
2,332,38,1210,N,True
2,119,329,1210,N,True
2,0,329,1210,N,True
2,272,329,1210,N,True
2,172,329,1210,N,True
2,332,329,1210,N,True
2,40,329,1210,N,True
2,9,329,1210,N,True
2,308,329,1210,N,True
2,315,329,1210,N,True
2,0,53,1210,N,True
2,315,53,1210,N,True
2,332,53,1210,N,True
2,48,53,1210,N,True
2,277,208,1210,N,True
2,119,208,1210,N,True
2,0,208,1210,N,True
2,332,208,1210,N,True
2,40,77,1210,N,True
2,0,77,1210,N,True
2,332,77,1210,N,True
2,0,10,1210,N,True
2,67,10,1210,N,True
2,142,10,1210,N,True
2,332,10,1210,N,True
2,277,10,1210,N,True
2,29,106,1210,N,True
2,0,106,1210,N,True
2,332,106,1210,N,True
2,332,bot30__0,1210,N,True
2,332,bot41__0,1210,N,True
2,332,reel50__7,1210,N,True
2,332,reel58__5,1210,N,True
2,0,123,1210,N,True
2,67,123,1210,N,True
2,261,123,1210,N,True
2,142,123,1210,N,True
2,104,123,1210,N,True
2,55,123,1210,N,True
2,342,123,1210,N,True
2,186,123,1210,N,True
2,26,123,1210,N,True
2,334,123,1210,N,True
2,98,123,1210,N,True
2,55,reel3__3,1210,N,True
2,55,reel3__9,1210,N,True
2,55,bot34__1,1210,N,True
2,55,bot35__5,1210,N,True
2,55,reel54__1,1210,N,True
2,0,63,1210,N,True
2,261,63,1210,N,True
2,56,63,1210,N,True
2,342,63,1210,N,True
2,271,63,1210,N,True
2,334,165,1210,N,True
2,0,165,1210,N,True
2,342,165,1210,N,True
2,342,bot4__8,1210,N,True
2,342,reel17__9,1210,N,True
2,342,bot24__6,1210,N,True
2,119,339,1210,N,True
2,0,339,1210,N,True
2,277,339,1210,N,True
2,65,339,1210,N,True
2,161,339,1210,N,True
2,334,339,1210,N,True
2,315,339,1210,N,True
2,119,132,1210,N,True
2,0,132,1210,N,True
2,277,132,1210,N,True
2,56,132,1210,N,True
2,40,132,1210,N,True
2,334,132,1210,N,True
2,315,132,1210,N,True
2,119,229,1210,N,True
2,334,229,1210,N,True
2,0,229,1210,N,True
2,109,229,1210,N,True
2,119,318,1210,N,True
2,0,318,1210,N,True
2,261,318,1210,N,True
2,104,318,1210,N,True
2,271,318,1210,N,True
2,334,318,1210,N,True
2,334,bot8__0,1210,N,True
2,334,bot16__3,1210,N,True
2,334,bot21__8,1210,N,True
2,334,reel21__2,1210,N,True
2,334,reel32__9,1210,N,True
2,172,159,1210,N,True
2,0,159,1210,N,True
2,272,159,1210,N,True
2,277,159,1210,N,True
2,0,346,1210,N,True
2,272,346,1210,N,True
2,0,197,1210,N,True
2,272,197,1210,N,True
2,0,320,1210,N,True
2,272,320,1210,N,True
2,48,320,1210,N,True
2,0,281,1210,N,True
2,272,281,1210,N,True
2,0,127,1210,N,True
2,272,127,1210,N,True
2,67,156,1210,N,True
2,0,156,1210,N,True
2,272,156,1210,N,True
2,9,156,1210,N,True
2,0,258,1210,N,True
2,272,258,1210,N,True
2,40,258,1210,N,True
2,9,258,1210,N,True
2,161,258,1210,N,True
2,98,258,1210,N,True
2,0,184,1210,N,True
2,272,184,1210,N,True
2,186,178,1210,N,True
2,0,178,1210,N,True
2,272,178,1210,N,True
2,170,85,1210,N,True
2,0,85,1210,N,True
2,272,85,1210,N,True
2,9,85,1210,N,True
2,271,85,1210,N,True
2,272,bot1__5,1210,N,True
2,272,reel8__0,1210,N,True
2,341,reel8__0,1210,N,True
2,272,reel21__5,1210,N,True
2,272,reel32__1,1210,N,True
2,272,bot33__0,1210,N,True
2,272,bot52__8,1210,N,True
2,0,196,1210,N,True
2,67,196,1210,N,True
2,0,136,1210,N,True
2,67,136,1210,N,True
2,304,136,1210,N,True
2,56,136,1210,N,True
2,308,136,1210,N,True
2,315,136,1210,N,True
2,170,62,1210,N,True
2,0,62,1210,N,True
2,67,62,1210,N,True
2,341,62,1210,N,True
2,261,62,1210,N,True
2,142,62,1210,N,True
2,199,62,1210,N,True
2,223,62,1210,N,True
2,56,62,1210,N,True
2,186,62,1210,N,True
2,161,62,1210,N,True
2,26,62,1210,N,True
2,98,62,1210,N,True
2,0,344,1210,N,True
2,67,344,1210,N,True
2,104,344,1210,N,True
2,0,303,1210,N,True
2,67,303,1210,N,True
2,142,303,1210,N,True
2,104,303,1210,N,True
2,56,303,1210,N,True
2,186,303,1210,N,True
2,315,303,1210,N,True
2,109,303,1210,N,True
2,67,bot3__8,1210,N,True
2,67,reel9__9,1210,N,True
2,67,reel23__7,1210,N,True
2,67,reel46__7,1210,N,True
2,67,bot48__0,1210,N,True
2,0,57,1210,N,True
2,277,57,1210,N,True
2,48,57,1210,N,True
2,0,22,1210,N,True
2,277,22,1210,N,True
2,308,22,1210,N,True
2,0,120,1210,N,True
2,277,120,1210,N,True
2,0,294,1210,N,True
2,277,294,1210,N,True
2,0,204,1210,N,True
2,277,204,1210,N,True
2,0,168,1210,N,True
2,277,168,1210,N,True
2,304,168,1210,N,True
2,277,reel2__1,1210,N,True
2,277,bot7__1,1210,N,True
2,223,reel19__5,1210,N,True
2,277,reel19__5,1210,N,True
2,0,298,1210,N,True
2,172,298,1210,N,True
2,199,298,1210,N,True
2,56,298,1210,N,True
2,40,298,1210,N,True
2,271,298,1210,N,True
2,26,298,1210,N,True
2,199,reel12__9,1210,N,True
2,199,reel14__6,1210,N,True
2,199,reel20__9,1210,N,True
2,199,reel31__1,1210,N,True
2,211,reel52__6,1210,N,True
2,199,reel52__6,1210,N,True
2,142,reel16__0,1210,N,True
2,142,reel16__6,1210,N,True
2,142,reel33__9,1210,N,True
2,142,bot36__4,1210,N,True
2,142,reel43__4,1210,N,True
2,0,126,1210,N,True
2,48,126,1210,N,True
2,0,299,1210,N,True
2,48,299,1210,N,True
2,0,30,1210,N,True
2,304,30,1210,N,True
2,48,30,1210,N,True
2,56,30,1210,N,True
2,9,30,1210,N,True
2,271,30,1210,N,True
2,119,54,1210,N,True
2,0,54,1210,N,True
2,48,54,1210,N,True
2,0,330,1210,N,True
2,48,330,1210,N,True
2,reel0__1,302,1210,N,True
2,0,302,1210,N,True
2,315,302,1210,N,True
2,48,302,1210,N,True
2,48,bot28__7,1210,N,True
2,0,7,1210,N,True
2,304,7,1210,N,True
2,65,7,1210,N,True
2,308,7,1210,N,True
2,315,7,1210,N,True
2,65,reel18__9,1210,N,True
2,65,bot27__9,1210,N,True
2,56,207,1210,N,True
2,0,207,1210,N,True
2,56,60,1210,N,True
2,0,60,1210,N,True
2,56,bot1__4,1210,N,True
2,56,bot13__4,1210,N,True
2,56,bot19__6,1210,N,True
2,56,bot27__6,1210,N,True
2,0,133,1210,N,True
2,40,133,1210,N,True
2,9,133,1210,N,True
2,271,133,1210,N,True
2,26,133,1210,N,True
2,315,133,1210,N,True
2,40,317,1210,N,True
2,0,317,1210,N,True
2,40,reel3__2,1210,N,True
2,40,bot23__0,1210,N,True
2,40,reel34__0,1210,N,True
2,40,bot35__7,1210,N,True
2,40,reel36__7,1210,N,True
2,reel2__9,reel18__3,1210,N,True
2,reel2__9,bot41__9,1210,N,True
2,reel2__9,reel44__5,1210,N,True
2,268,bot5__0,1210,N,True
2,268,reel27__7,1210,N,True
2,268,reel28__0,1210,N,True
2,0,293,1210,N,True
2,bot19__9,293,1210,N,True
2,0,249,1210,N,True
2,315,249,1210,N,True
2,304,249,1210,N,True
2,161,87,1210,N,True
2,0,87,1210,N,True
2,315,87,1210,N,True
2,308,87,1210,N,True
2,0,121,1210,N,True
2,315,121,1210,N,True
2,0,5,1210,N,True
2,315,5,1210,N,True
2,315,bot23__3,1210,N,True
2,0,295,1210,N,True
2,104,295,1210,N,True
2,9,295,1210,N,True
2,26,295,1210,N,True
2,109,295,1210,N,True
2,109,bot2__3,1210,N,True
2,109,reel11__9,1210,N,True
2,109,bot15__1,1210,N,True
2,109,reel31__5,1210,N,True
2,170,124,1210,N,True
2,0,124,1210,N,True
2,170,260,1210,N,True
2,0,260,1210,N,True
2,170,bot6__3,1210,N,True
2,170,reel24__6,1210,N,True
2,170,reel37__4,1210,N,True
2,170,bot45__5,1210,N,True
2,170,reel55__6,1210,N,True
2,119,217,1210,N,True
2,0,217,1210,N,True
2,119,125,1210,N,True
2,0,125,1210,N,True
2,119,269,1210,N,True
2,0,269,1210,N,True
2,119,64,1210,N,True
2,0,64,1210,N,True
2,119,27,1210,N,True
2,0,27,1210,N,True
2,119,163,1210,N,True
2,0,163,1210,N,True
2,119,100,1210,N,True
2,0,100,1210,N,True
2,119,reel0__7,1210,N,True
2,119,bot5__2,1210,N,True
2,119,bot17__1,1210,N,True
2,119,bot20__4,1210,N,True
2,119,reel24__9,1210,N,True
2,119,reel26__7,1210,N,True
2,119,reel39__6,1210,N,True
2,119,reel50__3,1210,N,True
2,33,reel6__6,1210,N,True
2,33,reel25__8,1210,N,True
2,33,reel36__6,1210,N,True
2,33,reel53__6,1210,N,True
2,261,bot10__9,1210,N,True
2,261,reel32__6,1210,N,True
2,reel17__7,bot27__8,1210,N,True
2,reel17__7,bot28__5,1210,N,True
2,reel17__7,bot59__8,1210,N,True
2,223,bot9__9,1210,N,True
2,223,reel13__0,1210,N,True
2,297,bot22__9,1210,N,True
2,297,bot28__0,1210,N,True
2,297,bot51__7,1210,N,True
2,104,reel0__5,1210,N,True
2,104,bot12__1,1210,N,True
2,104,reel13__7,1210,N,True
2,104,reel27__6,1210,N,True
2,104,reel29__7,1210,N,True
2,104,reel49__5,1210,N,True
2,0,8,1210,N,True
2,reel1__5,8,1210,N,True
2,reel1__5,reel7__1,1210,N,True
2,reel1__5,bot13__3,1210,N,True
2,reel1__5,bot43__6,1210,N,True
2,271,bot18__4,1210,N,True
2,161,bot2__8,1210,N,True
2,161,reel22__4,1210,N,True
2,161,bot33__6,1210,N,True
2,26,bot0__2,1210,N,True
2,26,bot0__7,1210,N,True
2,26,bot16__8,1210,N,True
2,26,bot55__3,1210,N,True
2,29,247,1210,N,True
2,0,247,1210,N,True
2,29,bot9__7,1210,N,True
2,29,reel17__0,1210,N,True
2,29,reel59__8,1210,N,True
2,reel0__1,reel2__8,1210,N,True
2,reel0__1,reel36__1,1210,N,True
2,reel0__1,bot37__6,1210,N,True
2,reel0__1,reel42__8,1210,N,True
2,0,24,1210,N,True
2,0,46,1210,N,True
2,0,254,1210,N,True
2,0,117,1210,N,True
2,0,23,1210,N,True
2,0,116,1210,N,True
2,0,36,1210,N,True
2,0,275,1210,N,True
2,0,28,1210,N,True
2,0,242,1210,N,True
2,0,20,1210,N,True
2,0,71,1210,N,True
2,0,333,1210,N,True
2,0,78,1210,N,True
2,0,300,1210,N,True
2,0,17,1210,N,True
2,0,326,1210,N,True
2,0,187,1210,N,True
2,0,255,1210,N,True
2,0,49,1210,N,True
2,0,284,1210,N,True
2,0,140,1210,N,True
2,0,343,1210,N,True
2,0,115,1210,N,True
2,0,111,1210,N,True
2,0,14,1210,N,True
2,0,32,1210,N,True
2,0,92,1210,N,True
2,0,266,1210,N,True
2,0,278,1210,N,True
2,0,340,1210,N,True
2,0,309,1210,N,True
2,0,230,1210,N,True
2,0,286,1210,N,True
2,0,347,1210,N,True
2,304,347,1210,N,True
2,0,2,1210,N,True
2,0,263,1210,N,True
2,0,162,1210,N,True
2,0,19,1210,N,True
2,0,218,1210,N,True
2,0,192,1210,N,True
2,0,243,1210,N,True
2,0,195,1210,N,True
2,0,129,1210,N,True
2,0,328,1210,N,True
2,0,101,1210,N,True
2,0,296,1210,N,True
2,0,102,1210,N,True
2,0,177,1210,N,True
2,0,167,1210,N,True
2,0,227,1210,N,True
2,0,96,1210,N,True
2,0,91,1210,N,True
2,0,93,1210,N,True
2,0,41,1210,N,True
2,0,6,1210,N,True
2,0,89,1210,N,True
2,0,107,1210,N,True
2,0,301,1210,N,True
2,0,337,1210,N,True
2,0,110,1210,N,True
2,0,264,1210,N,True
2,0,225,1210,N,True
2,0,86,1210,N,True
2,0,152,1210,N,True
2,0,289,1210,N,True
2,0,160,1210,N,True
2,0,321,1210,N,True
2,0,68,1210,N,True
2,0,131,1210,N,True
2,0,262,1210,N,True
2,0,220,1210,N,True
2,0,234,1210,N,True
2,0,44,1210,N,True
2,0,193,1210,N,True
2,0,97,1210,N,True
2,0,112,1210,N,True
2,0,90,1210,N,True
2,0,179,1210,N,True
2,0,216,1210,N,True
2,0,151,1210,N,True
2,0,145,1210,N,True
2,0,157,1210,N,True
2,0,4,1210,N,True
2,0,327,1210,N,True
2,0,190,1210,N,True
2,0,282,1210,N,True
2,0,244,1210,N,True
2,0,319,1210,N,True
2,0,233,1210,N,True
2,0,256,1210,N,True
2,0,166,1210,N,True
2,0,202,1210,N,True
2,0,206,1210,N,True
2,0,164,1210,N,True
2,0,219,1210,N,True
2,0,305,1210,N,True
2,0,198,1210,N,True
2,0,182,1210,N,True
2,0,241,1210,N,True
2,0,253,1210,N,True
2,0,267,1210,N,True
2,0,316,1210,N,True
2,0,205,1210,N,True
2,0,52,1210,N,True
2,0,35,1210,N,True
2,0,bot2__7,1210,N,True
2,0,reel42__2,1210,N,True
2,98,reel42__2,1210,N,True
2,172,bot0__9,1210,N,True
2,186,bot5__4,1210,N,True
2,172,bot5__4,1210,N,True
2,172,bot8__9,1210,N,True
2,172,bot13__1,1210,N,True
2,172,bot15__0,1210,N,True
2,341,reel22__0,1210,N,True
2,341,bot42__2,1210,N,True
2,341,reel59__4,1210,N,True
2,304,bot21__6,1210,N,True
2,reel57__9,reel22__5,1210,N,True
2,304,reel22__5,1210,N,True
2,304,reel34__1,1210,N,True
2,304,bot49__0,1210,N,True
2,211,bot34__5,1210,N,True
2,211,reel43__0,1210,N,True
2,211,reel54__9,1210,N,True
2,reel57__9,reel24__5,1210,N,True
2,bot54__5,bot47__5,1210,N,True
2,9,reel5__6,1210,N,True
2,186,bot4__4,1210,N,True
2,186,reel4__2,1210,N,True
2,186,reel16__5,1210,N,True
2,186,reel17__2,1210,N,True
2,186,reel46__9,1210,N,True
2,186,bot56__8,1210,N,True
2,308,bot0__8,1210,N,True
2,308,reel15__2,1210,N,True
2,308,reel15__3,1210,N,True
2,308,reel18__5,1210,N,True
2,308,bot26__0,1210,N,True
2,308,reel30__8,1210,N,True
2,98,bot33__7,1210,N,True
2,98,reel40__4,1210,N,True
2,bot42__7,bot38__3,1211,N,True
2,bot42__7,reel41__7,1211,N,True
2,0,251,1211,N,True
2,108,251,1211,N,True
2,184,251,1211,N,True
2,127,251,1211,N,True
2,197,251,1211,N,True
2,284,251,1211,N,True
2,281,251,1211,N,True
2,108,57,1211,N,True
2,184,57,1211,N,True
2,0,57,1211,N,True
2,277,57,1211,N,True
2,108,bot0__9,1211,N,True
2,108,reel0__8,1211,N,True
2,108,bot1__9,1211,N,True
2,108,bot10__6,1211,N,True
2,108,reel44__6,1211,N,True
2,bot34__5,211,1211,N,True
2,0,211,1211,N,True
2,272,211,1211,N,True
2,reel42__6,reel13__9,1211,N,True
2,reel9__2,reel13__9,1211,N,True
2,reel9__2,reel19__4,1211,N,True
2,reel9__2,bot31__3,1211,N,True
2,reel20__2,bot42__9,1211,N,True
2,reel9__2,bot42__9,1211,N,True
2,reel9__2,reel52__9,1211,N,True
2,0,329,1211,N,True
2,272,329,1211,N,True
2,184,329,1211,N,True
2,197,329,1211,N,True
2,284,329,1211,N,True
2,0,309,1211,N,True
2,184,309,1211,N,True
2,127,309,1211,N,True
2,197,309,1211,N,True
2,284,309,1211,N,True
2,281,309,1211,N,True
2,197,reel8__4,1211,N,True
2,197,reel9__3,1211,N,True
2,197,bot30__7,1211,N,True
2,0,53,1211,N,True
2,260,53,1211,N,True
2,0,126,1211,N,True
2,260,126,1211,N,True
2,0,322,1211,N,True
2,260,322,1211,N,True
2,277,322,1211,N,True
2,0,339,1211,N,True
2,260,339,1211,N,True
2,277,339,1211,N,True
2,260,bot17__5,1211,N,True
2,260,reel39__7,1211,N,True
2,0,186,1211,N,True
2,272,186,1211,N,True
2,277,186,1211,N,True
2,0,203,1211,N,True
2,272,203,1211,N,True
2,277,203,1211,N,True
2,0,304,1211,N,True
2,272,304,1211,N,True
2,277,304,1211,N,True
2,63,56,1211,N,True
2,0,56,1211,N,True
2,272,56,1211,N,True
2,277,56,1211,N,True
2,0,67,1211,N,True
2,272,67,1211,N,True
2,277,67,1211,N,True
2,0,9,1211,N,True
2,272,9,1211,N,True
2,277,9,1211,N,True
2,0,285,1211,N,True
2,272,285,1211,N,True
2,277,285,1211,N,True
2,0,297,1211,N,True
2,272,297,1211,N,True
2,0,213,1211,N,True
2,bot34__8,213,1211,N,True
2,272,213,1211,N,True
2,277,213,1211,N,True
2,0,257,1211,N,True
2,272,257,1211,N,True
2,0,185,1211,N,True
2,272,185,1211,N,True
2,0,98,1211,N,True
2,272,98,1211,N,True
2,277,98,1211,N,True
2,0,148,1211,N,True
2,272,148,1211,N,True
2,0,25,1211,N,True
2,272,25,1211,N,True
2,277,25,1211,N,True
2,0,40,1211,N,True
2,272,40,1211,N,True
2,277,40,1211,N,True
2,0,156,1211,N,True
2,272,156,1211,N,True
2,0,239,1211,N,True
2,272,239,1211,N,True
2,277,239,1211,N,True
2,0,79,1211,N,True
2,272,79,1211,N,True
2,0,178,1211,N,True
2,272,178,1211,N,True
2,0,141,1211,N,True
2,272,141,1211,N,True
2,272,reel8__0,1211,N,True
2,272,reel21__5,1211,N,True
2,272,reel32__1,1211,N,True
2,272,bot33__0,1211,N,True
2,reel42__6,reel36__4,1211,N,True
2,reel20__2,reel36__4,1211,N,True
2,184,bot9__5,1211,N,True
2,184,reel29__3,1211,N,True
2,184,bot50__9,1211,N,True
2,reel1__7,reel25__0,1211,N,True
2,277,104,1211,N,True
2,reel29__7,104,1211,N,True
2,0,104,1211,N,True
2,reel13__7,104,1211,N,True
2,reel29__7,reel25__1,1211,N,True
2,reel29__7,reel40__3,1211,N,True
2,reel29__7,reel52__4,1211,N,True
2,127,reel58__0,1211,N,True
2,0,121,1211,N,True
2,reel13__7,121,1211,N,True
2,reel13__7,reel14__7,1211,N,True
2,reel13__7,bot27__2,1211,N,True
2,reel13__7,reel39__3,1211,N,True
2,284,reel8__6,1211,N,True
2,284,bot11__6,1211,N,True
2,284,reel34__0,1211,N,True
2,0,24,1211,N,True
2,0,332,1211,N,True
2,277,332,1211,N,True
2,0,276,1211,N,True
2,0,26,1211,N,True
2,277,26,1211,N,True
2,0,199,1211,N,True
2,0,133,1211,N,True
2,0,62,1211,N,True
2,reel32__0,62,1211,N,True
2,0,3,1211,N,True
2,0,46,1211,N,True
2,0,254,1211,N,True
2,0,194,1211,N,True
2,0,231,1211,N,True
2,0,23,1211,N,True
2,0,73,1211,N,True
2,0,299,1211,N,True
2,0,288,1211,N,True
2,0,315,1211,N,True
2,277,315,1211,N,True
2,0,119,1211,N,True
2,277,119,1211,N,True
2,0,323,1211,N,True
2,277,323,1211,N,True
2,0,48,1211,N,True
2,63,313,1211,N,True
2,0,313,1211,N,True
2,0,344,1211,N,True
2,0,134,1211,N,True
2,277,134,1211,N,True
2,0,270,1211,N,True
2,0,223,1211,N,True
2,0,274,1211,N,True
2,0,88,1211,N,True
2,0,169,1211,N,True
2,277,169,1211,N,True
2,0,275,1211,N,True
2,0,273,1211,N,True
2,0,28,1211,N,True
2,0,312,1211,N,True
2,0,214,1211,N,True
2,0,20,1211,N,True
2,0,307,1211,N,True
2,0,71,1211,N,True
2,0,333,1211,N,True
2,0,207,1211,N,True
2,0,168,1211,N,True
2,277,168,1211,N,True
2,0,308,1211,N,True
2,277,308,1211,N,True
2,0,341,1211,N,True
2,0,128,1211,N,True
2,0,238,1211,N,True
2,0,78,1211,N,True
2,0,317,1211,N,True
2,0,158,1211,N,True
2,0,38,1211,N,True
2,0,302,1211,N,True
2,0,109,1211,N,True
2,277,109,1211,N,True
2,0,142,1211,N,True
2,277,142,1211,N,True
2,0,232,1211,N,True
2,0,64,1211,N,True
2,0,248,1211,N,True
2,277,248,1211,N,True
2,63,261,1211,N,True
2,0,261,1211,N,True
2,0,283,1211,N,True
2,0,226,1211,N,True
2,0,146,1211,N,True
2,0,300,1211,N,True
2,0,94,1211,N,True
2,0,13,1211,N,True
2,277,13,1211,N,True
2,0,59,1211,N,True
2,0,17,1211,N,True
2,0,80,1211,N,True
2,0,187,1211,N,True
2,0,161,1211,N,True
2,277,161,1211,N,True
2,0,31,1211,N,True
2,277,31,1211,N,True
2,0,7,1211,N,True
2,0,255,1211,N,True
2,0,49,1211,N,True
2,0,246,1211,N,True
2,0,123,1211,N,True
2,0,140,1211,N,True
2,0,137,1211,N,True
2,0,115,1211,N,True
2,0,324,1211,N,True
2,277,324,1211,N,True
2,0,171,1211,N,True
2,0,14,1211,N,True
2,0,32,1211,N,True
2,0,30,1211,N,True
2,0,222,1211,N,True
2,0,125,1211,N,True
2,0,340,1211,N,True
2,0,70,1211,N,True
2,0,16,1211,N,True
2,0,249,1211,N,True
2,0,39,1211,N,True
2,277,39,1211,N,True
2,0,55,1211,N,True
2,277,55,1211,N,True
2,0,303,1211,N,True
2,0,286,1211,N,True
2,0,81,1211,N,True
2,0,174,1211,N,True
2,0,293,1211,N,True
2,0,42,1211,N,True
2,0,347,1211,N,True
2,0,2,1211,N,True
2,0,279,1211,N,True
2,0,51,1211,N,True
2,0,338,1211,N,True
2,0,162,1211,N,True
2,0,268,1211,N,True
2,0,314,1211,N,True
2,0,192,1211,N,True
2,0,243,1211,N,True
2,0,195,1211,N,True
2,0,8,1211,N,True
2,0,245,1211,N,True
2,0,328,1211,N,True
2,0,331,1211,N,True
2,0,150,1211,N,True
2,0,99,1211,N,True
2,0,296,1211,N,True
2,0,102,1211,N,True
2,0,318,1211,N,True
2,0,163,1211,N,True
2,0,306,1211,N,True
2,0,177,1211,N,True
2,0,180,1211,N,True
2,0,87,1211,N,True
2,0,189,1211,N,True
2,0,259,1211,N,True
2,0,58,1211,N,True
2,0,269,1211,N,True
2,0,227,1211,N,True
2,0,143,1211,N,True
2,0,61,1211,N,True
2,0,93,1211,N,True
2,0,41,1211,N,True
2,0,235,1211,N,True
2,0,89,1211,N,True
2,0,107,1211,N,True
2,0,132,1211,N,True
2,277,132,1211,N,True
2,0,301,1211,N,True
2,0,106,1211,N,True
2,0,29,1211,N,True
2,0,110,1211,N,True
2,0,264,1211,N,True
2,0,225,1211,N,True
2,0,86,1211,N,True
2,0,295,1211,N,True
2,0,289,1211,N,True
2,0,321,1211,N,True
2,0,131,1211,N,True
2,0,22,1211,N,True
2,277,22,1211,N,True
2,0,298,1211,N,True
2,0,220,1211,N,True
2,0,234,1211,N,True
2,0,50,1211,N,True
2,277,50,1211,N,True
2,0,97,1211,N,True
2,0,112,1211,N,True
2,0,179,1211,N,True
2,0,216,1211,N,True
2,0,145,1211,N,True
2,0,157,1211,N,True
2,0,4,1211,N,True
2,0,95,1211,N,True
2,0,120,1211,N,True
2,277,120,1211,N,True
2,0,247,1211,N,True
2,0,190,1211,N,True
2,0,319,1211,N,True
2,0,233,1211,N,True
2,0,256,1211,N,True
2,0,202,1211,N,True
2,0,155,1211,N,True
2,0,191,1211,N,True
2,0,164,1211,N,True
2,0,77,1211,N,True
2,0,219,1211,N,True
2,0,153,1211,N,True
2,0,154,1211,N,True
2,0,182,1211,N,True
2,0,294,1211,N,True
2,277,294,1211,N,True
2,0,47,1211,N,True
2,0,34,1211,N,True
2,0,35,1211,N,True
2,0,bot2__7,1211,N,True
2,0,reel8__3,1211,N,True
2,0,bot13__5,1211,N,True
2,0,reel42__2,1211,N,True
2,63,bot2__3,1211,N,True
2,63,bot3__0,1211,N,True
2,63,bot6__6,1211,N,True
2,63,bot7__2,1211,N,True
2,63,bot15__3,1211,N,True
2,reel32__0,bot41__3,1211,N,True
2,bot34__8,bot23__4,1211,N,True
2,reel20__2,reel0__4,1211,N,True
2,reel20__2,reel19__7,1211,N,True
2,reel20__2,reel28__2,1211,N,True
2,reel20__2,reel43__2,1211,N,True
2,277,reel2__1,1211,N,True
2,277,reel19__5,1211,N,True
2,bot49__3,269,1212,N,True
2,bot49__3,reel37__7,1212,N,True
2,reel45__6,254,1212,N,True
2,62,133,1212,N,True
2,62,236,1212,N,True
2,62,239,1212,N,True
2,62,200,1212,N,True
2,reel25__3,200,1212,N,True
2,62,161,1212,N,True
2,62,323,1212,N,True
2,62,276,1212,N,True
2,62,56,1212,N,True
2,62,67,1212,N,True
2,62,142,1212,N,True
2,62,322,1212,N,True
2,62,223,1212,N,True
2,62,141,1212,N,True
2,62,199,1212,N,True
2,62,341,1212,N,True
2,62,26,1212,N,True
2,62,122,1212,N,True
2,62,130,1212,N,True
2,62,98,1212,N,True
2,62,261,1212,N,True
2,62,224,1212,N,True
2,62,96,1212,N,True
2,62,reel4__5,1212,N,True
2,62,bot27__2,1212,N,True
2,62,reel32__0,1212,N,True
2,62,bot35__4,1212,N,True
2,62,bot40__5,1212,N,True
2,62,reel41__8,1212,N,True
2,62,reel52__3,1212,N,True
2,reel23__4,reel34__5,1212,N,True
2,reel23__4,bot40__3,1212,N,True
2,reel23__4,reel52__2,1212,N,True
2,reel23__4,reel59__1,1212,N,True
2,reel25__3,106,1212,N,True
2,reel25__3,reel27__7,1212,N,True
2,reel25__3,bot34__3,1212,N,True
2,reel15__3,reel12__0,1212,N,True
2,reel15__3,reel4__8,1212,N,True
2,reel15__3,308,1212,N,True
2,reel50__9,78,1212,N,True
2,reel2__3,328,1212,N,True
2,reel2__3,158,1212,N,True
2,reel2__3,45,1212,N,True
2,reel2__3,reel27__3,1212,N,True
2,reel26__4,160,1212,N,True
2,reel26__4,reel10__7,1212,N,True
2,reel26__4,reel27__0,1212,N,True
2,reel26__4,bot28__2,1212,N,True
2,107,171,1213,N,True
2,0,171,1213,N,True
2,107,58,1213,N,True
2,0,58,1213,N,True
2,107,bot5__8,1213,N,True
2,107,bot35__4,1213,N,True
2,107,reel41__1,1213,N,True
2,0,236,1213,N,True
2,25,236,1213,N,True
2,0,186,1213,N,True
2,bot4__4,186,1213,N,True
2,25,186,1213,N,True
2,0,122,1213,N,True
2,25,122,1213,N,True
2,0,285,1213,N,True
2,25,285,1213,N,True
2,0,24,1213,N,True
2,0,346,1213,N,True
2,0,304,1213,N,True
2,0,176,1213,N,True
2,25,176,1213,N,True
2,0,329,1213,N,True
2,0,213,1213,N,True
2,0,252,1213,N,True
2,25,252,1213,N,True
2,0,65,1213,N,True
2,25,65,1213,N,True
2,0,276,1213,N,True
2,25,276,1213,N,True
2,0,280,1213,N,True
2,25,280,1213,N,True
2,0,211,1213,N,True
2,0,199,1213,N,True
2,25,199,1213,N,True
2,0,133,1213,N,True
2,0,62,1213,N,True
2,0,239,1213,N,True
2,25,239,1213,N,True
2,0,322,1213,N,True
2,25,322,1213,N,True
2,0,53,1213,N,True
2,0,3,1213,N,True
2,25,3,1213,N,True
2,0,175,1213,N,True
2,0,56,1213,N,True
2,25,56,1213,N,True
2,0,254,1213,N,True
2,0,194,1213,N,True
2,0,231,1213,N,True
2,25,231,1213,N,True
2,0,117,1213,N,True
2,0,127,1213,N,True
2,0,103,1213,N,True
2,25,103,1213,N,True
2,0,23,1213,N,True
2,0,116,1213,N,True
2,0,73,1213,N,True
2,25,73,1213,N,True
2,0,299,1213,N,True
2,0,315,1213,N,True
2,0,119,1213,N,True
2,25,119,1213,N,True
2,0,323,1213,N,True
2,25,323,1213,N,True
2,0,48,1213,N,True
2,0,200,1213,N,True
2,25,200,1213,N,True
2,0,98,1213,N,True
2,25,98,1213,N,True
2,0,313,1213,N,True
2,0,325,1213,N,True
2,25,325,1213,N,True
2,0,277,1213,N,True
2,25,277,1213,N,True
2,0,134,1213,N,True
2,0,36,1213,N,True
2,0,88,1213,N,True
2,25,88,1213,N,True
2,0,21,1213,N,True
2,25,21,1213,N,True
2,0,339,1213,N,True
2,0,197,1213,N,True
2,0,273,1213,N,True
2,0,28,1213,N,True
2,0,312,1213,N,True
2,0,242,1213,N,True
2,0,214,1213,N,True
2,reel20__0,214,1213,N,True
2,0,20,1213,N,True
2,0,307,1213,N,True
2,0,71,1213,N,True
2,0,333,1213,N,True
2,0,207,1213,N,True
2,0,308,1213,N,True
2,0,341,1213,N,True
2,0,238,1213,N,True
2,0,265,1213,N,True
2,0,141,1213,N,True
2,25,141,1213,N,True
2,0,317,1213,N,True
2,0,38,1213,N,True
2,0,302,1213,N,True
2,0,27,1213,N,True
2,0,139,1213,N,True
2,0,109,1213,N,True
2,0,142,1213,N,True
2,0,232,1213,N,True
2,25,232,1213,N,True
2,0,64,1213,N,True
2,0,224,1213,N,True
2,25,224,1213,N,True
2,0,261,1213,N,True
2,0,283,1213,N,True
2,25,283,1213,N,True
2,0,144,1213,N,True
2,0,226,1213,N,True
2,0,342,1213,N,True
2,0,146,1213,N,True
2,0,300,1213,N,True
2,0,94,1213,N,True
2,25,94,1213,N,True
2,0,184,1213,N,True
2,0,159,1213,N,True
2,0,149,1213,N,True
2,0,13,1213,N,True
2,0,59,1213,N,True
2,0,17,1213,N,True
2,0,326,1213,N,True
2,0,80,1213,N,True
2,0,187,1213,N,True
2,0,161,1213,N,True
2,0,7,1213,N,True
2,0,255,1213,N,True
2,0,49,1213,N,True
2,reel35__8,320,1213,N,True
2,0,320,1213,N,True
2,0,246,1213,N,True
2,25,246,1213,N,True
2,0,140,1213,N,True
2,0,115,1213,N,True
2,0,297,1213,N,True
2,25,297,1213,N,True
2,0,185,1213,N,True
2,25,185,1213,N,True
2,0,104,1213,N,True
2,25,104,1213,N,True
2,0,324,1213,N,True
2,301,324,1213,N,True
2,0,14,1213,N,True
2,0,310,1213,N,True
2,0,32,1213,N,True
2,0,40,1213,N,True
2,25,40,1213,N,True
2,0,125,1213,N,True
2,0,266,1213,N,True
2,0,212,1213,N,True
2,0,278,1213,N,True
2,0,340,1213,N,True
2,0,237,1213,N,True
2,25,237,1213,N,True
2,0,311,1213,N,True
2,0,309,1213,N,True
2,0,330,1213,N,True
2,0,230,1213,N,True
2,0,16,1213,N,True
2,0,39,1213,N,True
2,25,39,1213,N,True
2,0,251,1213,N,True
2,0,10,1213,N,True
2,0,113,1213,N,True
2,25,113,1213,N,True
2,0,258,1213,N,True
2,0,257,1213,N,True
2,25,257,1213,N,True
2,0,196,1213,N,True
2,0,156,1213,N,True
2,0,303,1213,N,True
2,0,286,1213,N,True
2,0,81,1213,N,True
2,0,174,1213,N,True
2,0,293,1213,N,True
2,0,347,1213,N,True
2,0,2,1213,N,True
2,0,281,1213,N,True
2,0,263,1213,N,True
2,0,51,1213,N,True
2,25,51,1213,N,True
2,0,338,1213,N,True
2,0,162,1213,N,True
2,0,19,1213,N,True
2,0,75,1213,N,True
2,0,268,1213,N,True
2,0,314,1213,N,True
2,0,5,1213,N,True
2,0,178,1213,N,True
2,0,192,1213,N,True
2,0,243,1213,N,True
2,0,195,1213,N,True
2,0,181,1213,N,True
2,0,8,1213,N,True
2,0,129,1213,N,True
2,0,331,1213,N,True
2,25,331,1213,N,True
2,0,150,1213,N,True
2,0,101,1213,N,True
2,0,296,1213,N,True
2,0,318,1213,N,True
2,0,163,1213,N,True
2,0,121,1213,N,True
2,0,306,1213,N,True
2,0,177,1213,N,True
2,0,189,1213,N,True
2,0,60,1213,N,True
2,0,259,1213,N,True
2,0,45,1213,N,True
2,0,227,1213,N,True
2,0,96,1213,N,True
2,0,143,1213,N,True
2,0,61,1213,N,True
2,0,93,1213,N,True
2,0,41,1213,N,True
2,0,235,1213,N,True
2,0,6,1213,N,True
2,0,89,1213,N,True
2,0,79,1213,N,True
2,25,79,1213,N,True
2,0,208,1213,N,True
2,0,132,1213,N,True
2,0,221,1213,N,True
2,25,221,1213,N,True
2,0,250,1213,N,True
2,0,106,1213,N,True
2,0,29,1213,N,True
2,0,337,1213,N,True
2,0,100,1213,N,True
2,0,110,1213,N,True
2,0,225,1213,N,True
2,0,86,1213,N,True
2,0,152,1213,N,True
2,0,295,1213,N,True
2,0,201,1213,N,True
2,0,289,1213,N,True
2,0,260,1213,N,True
2,0,68,1213,N,True
2,0,131,1213,N,True
2,0,22,1213,N,True
2,0,298,1213,N,True
2,0,50,1213,N,True
2,0,193,1213,N,True
2,0,97,1213,N,True
2,0,124,1213,N,True
2,0,179,1213,N,True
2,0,216,1213,N,True
2,0,151,1213,N,True
2,0,145,1213,N,True
2,0,157,1213,N,True
2,0,4,1213,N,True
2,0,327,1213,N,True
2,0,120,1213,N,True
2,0,247,1213,N,True
2,0,190,1213,N,True
2,0,282,1213,N,True
2,0,244,1213,N,True
2,0,233,1213,N,True
2,0,166,1213,N,True
2,0,191,1213,N,True
2,0,147,1213,N,True
2,0,206,1213,N,True
2,0,138,1213,N,True
2,0,240,1213,N,True
2,0,77,1213,N,True
2,0,305,1213,N,True
2,0,154,1213,N,True
2,0,241,1213,N,True
2,0,294,1213,N,True
2,0,267,1213,N,True
2,0,205,1213,N,True
2,0,47,1213,N,True
2,301,47,1213,N,True
2,0,34,1213,N,True
2,0,35,1213,N,True
2,0,bot2__7,1213,N,True
2,0,reel8__3,1213,N,True
2,0,bot13__5,1213,N,True
2,0,bot30__4,1213,N,True
2,0,reel42__2,1213,N,True
2,25,reel5__0,1213,N,True
2,25,reel17__5,1213,N,True
2,reel58__8,reel12__2,1213,N,True
2,301,bot0__4,1213,N,True
2,301,bot4__1,1213,N,True
2,301,reel23__8,1213,N,True
2,301,bot35__1,1213,N,True
2,bot4__4,bot17__4,1213,N,True
2,reel35__8,reel33__2,1213,N,True
2,reel20__0,bot23__2,1213,N,True
2,reel20__0,bot26__8,1213,N,True
2,reel20__0,reel31__9,1213,N,True
2,reel51__1,reel6__6,1213,N,True
2,174,bot1__0,1214,N,True
2,174,reel7__8,1214,N,True
2,174,reel52__3,1214,N,True
2,reel10__5,27,1214,N,True
2,reel10__5,reel7__3,1214,N,True
2,reel10__5,137,1214,N,True
2,17,137,1214,N,True
2,214,137,1214,N,True
2,312,137,1214,N,True
2,115,137,1214,N,True
2,99,23,1214,N,True
2,227,23,1214,N,True
2,99,143,1214,N,True
2,227,143,1214,N,True
2,99,68,1214,N,True
2,227,68,1214,N,True
2,99,131,1214,N,True
2,227,131,1214,N,True
2,227,86,1214,N,True
2,99,296,1214,N,True
2,227,296,1214,N,True
2,99,263,1214,N,True
2,227,263,1214,N,True
2,99,278,1214,N,True
2,227,278,1214,N,True
2,227,reel0__5,1214,N,True
2,227,reel24__0,1214,N,True
2,227,reel29__0,1214,N,True
2,227,reel37__8,1214,N,True
2,227,reel50__8,1214,N,True
2,166,173,1214,N,True
2,166,bot1__8,1214,N,True
2,166,reel3__7,1214,N,True
2,166,reel4__8,1214,N,True
2,166,reel6__9,1214,N,True
2,166,reel32__2,1214,N,True
2,166,reel54__9,1214,N,True
2,reel23__3,reel2__7,1214,N,True
2,reel23__3,reel37__6,1214,N,True
2,reel23__3,reel40__9,1214,N,True
2,reel23__3,reel42__9,1214,N,True
2,reel6__6,33,1214,N,True
2,reel6__6,reel56__0,1214,N,True
2,99,reel2__8,1214,N,True
2,99,reel13__0,1214,N,True
2,99,reel14__3,1214,N,True
2,99,reel19__1,1214,N,True
2,reel19__8,251,1214,N,True
2,reel19__8,reel25__6,1214,N,True
2,reel19__8,reel40__8,1214,N,True
2,reel19__8,reel53__9,1214,N,True
2,reel15__0,reel13__9,1214,N,True
2,reel15__0,bot17__0,1214,N,True
2,reel15__0,bot19__2,1214,N,True
2,312,326,1214,N,True
2,17,326,1214,N,True
2,115,326,1214,N,True
2,214,326,1214,N,True
2,312,140,1214,N,True
2,17,140,1214,N,True
2,115,140,1214,N,True
2,214,140,1214,N,True
2,312,116,1214,N,True
2,17,116,1214,N,True
2,115,116,1214,N,True
2,214,116,1214,N,True
2,312,111,1214,N,True
2,17,111,1214,N,True
2,214,111,1214,N,True
2,17,reel28__6,1214,N,True
2,17,reel35__0,1214,N,True
2,17,bot57__9,1214,N,True
2,89,327,1214,N,True
2,89,95,1214,N,True
2,89,219,1214,N,True
2,89,147,1214,N,True
2,89,reel16__1,1214,N,True
2,89,bot21__3,1214,N,True
2,89,reel22__9,1214,N,True
2,89,reel55__6,1214,N,True
2,89,reel59__2,1214,N,True
2,312,20,1214,N,True
2,115,20,1214,N,True
2,214,20,1214,N,True
2,312,14,1214,N,True
2,115,14,1214,N,True
2,214,14,1214,N,True
2,214,333,1214,N,True
2,214,230,1214,N,True
2,214,reel0__2,1214,N,True
2,214,bot3__8,1214,N,True
2,214,reel30__8,1214,N,True
2,214,reel57__4,1214,N,True
2,312,243,1214,N,True
2,312,149,1214,N,True
2,115,149,1214,N,True
2,312,44,1214,N,True
2,312,226,1214,N,True
2,115,226,1214,N,True
2,312,220,1214,N,True
2,115,220,1214,N,True
2,312,2,1214,N,True
2,115,2,1214,N,True
2,312,162,1214,N,True
2,312,151,1214,N,True
2,312,bot3__4,1214,N,True
2,312,reel6__5,1214,N,True
2,312,bot9__5,1214,N,True
2,312,bot10__0,1214,N,True
2,312,bot10__4,1214,N,True
2,312,reel35__9,1214,N,True
2,222,199,1214,N,True
2,222,313,1214,N,True
2,222,325,1214,N,True
2,222,118,1214,N,True
2,222,211,1214,N,True
2,222,56,1214,N,True
2,222,82,1214,N,True
2,222,240,1214,N,True
2,115,192,1214,N,True
2,115,bot26__3,1214,N,True
2,reel4__3,252,1214,N,True
2,reel4__3,133,1214,N,True
2,reel4__3,reel16__4,1214,N,True
2,reel4__3,bot27__8,1214,N,True
2,306,bot8__1,1215,N,True
2,306,reel21__4,1215,N,True
2,306,reel52__9,1215,N,True
2,0,339,1215,N,True
2,87,339,1215,N,True
2,22,339,1215,N,True
2,322,339,1215,N,True
2,246,339,1215,N,True
2,161,339,1215,N,True
2,277,339,1215,N,True
2,0,291,1215,N,True
2,87,291,1215,N,True
2,329,291,1215,N,True
2,26,291,1215,N,True
2,277,291,1215,N,True
2,252,291,1215,N,True
2,0,5,1215,N,True
2,87,5,1215,N,True
2,87,reel4__7,1215,N,True
2,87,reel5__9,1215,N,True
2,87,reel12__1,1215,N,True
2,reel30__8,reel12__7,1215,N,True
2,reel30__8,reel43__1,1215,N,True
2,0,150,1215,N,True
2,reel8__5,150,1215,N,True
2,329,150,1215,N,True
2,reel8__5,bot23__7,1215,N,True
2,reel8__5,bot26__2,1215,N,True
2,reel8__5,reel30__4,1215,N,True
2,reel8__5,reel41__9,1215,N,True
2,reel12__6,237,1215,N,True
2,0,237,1215,N,True
2,reel12__6,bot21__7,1215,N,True
2,reel12__6,reel25__1,1215,N,True
2,reel12__6,reel41__0,1215,N,True
2,reel12__6,reel47__3,1215,N,True
2,reel15__2,reel6__3,1215,N,True
2,0,134,1215,N,True
2,67,134,1215,N,True
2,304,134,1215,N,True
2,142,134,1215,N,True
2,66,134,1215,N,True
2,26,134,1215,N,True
2,reel15__2,134,1215,N,True
2,277,134,1215,N,True
2,252,134,1215,N,True
2,reel15__2,reel42__5,1215,N,True
2,26,141,1215,N,True
2,0,141,1215,N,True
2,67,141,1215,N,True
2,304,141,1215,N,True
2,0,345,1215,N,True
2,67,345,1215,N,True
2,142,345,1215,N,True
2,322,345,1215,N,True
2,252,345,1215,N,True
2,0,212,1215,N,True
2,67,212,1215,N,True
2,304,212,1215,N,True
2,26,212,1215,N,True
2,252,212,1215,N,True
2,26,69,1215,N,True
2,0,69,1215,N,True
2,67,69,1215,N,True
2,304,69,1215,N,True
2,0,196,1215,N,True
2,67,196,1215,N,True
2,0,55,1215,N,True
2,67,55,1215,N,True
2,26,55,1215,N,True
2,277,55,1215,N,True
2,252,55,1215,N,True
2,0,297,1215,N,True
2,67,297,1215,N,True
2,142,297,1215,N,True
2,322,297,1215,N,True
2,26,297,1215,N,True
2,252,297,1215,N,True
2,0,109,1215,N,True
2,67,109,1215,N,True
2,304,109,1215,N,True
2,142,109,1215,N,True
2,322,109,1215,N,True
2,26,109,1215,N,True
2,277,109,1215,N,True
2,252,109,1215,N,True
2,0,104,1215,N,True
2,67,104,1215,N,True
2,142,104,1215,N,True
2,322,104,1215,N,True
2,26,104,1215,N,True
2,277,104,1215,N,True
2,252,104,1215,N,True
2,0,332,1215,N,True
2,67,332,1215,N,True
2,304,332,1215,N,True
2,142,332,1215,N,True
2,329,332,1215,N,True
2,26,332,1215,N,True
2,277,332,1215,N,True
2,252,332,1215,N,True
2,0,123,1215,N,True
2,67,123,1215,N,True
2,142,123,1215,N,True
2,26,123,1215,N,True
2,252,123,1215,N,True
2,0,188,1215,N,True
2,67,188,1215,N,True
2,304,188,1215,N,True
2,142,188,1215,N,True
2,322,188,1215,N,True
2,26,188,1215,N,True
2,277,188,1215,N,True
2,252,188,1215,N,True
2,0,119,1215,N,True
2,67,119,1215,N,True
2,329,119,1215,N,True
2,26,119,1215,N,True
2,277,119,1215,N,True
2,252,119,1215,N,True
2,0,9,1215,N,True
2,67,9,1215,N,True
2,304,9,1215,N,True
2,142,9,1215,N,True
2,322,9,1215,N,True
2,66,9,1215,N,True
2,329,9,1215,N,True
2,161,9,1215,N,True
2,26,9,1215,N,True
2,277,9,1215,N,True
2,252,9,1215,N,True
2,322,75,1215,N,True
2,0,75,1215,N,True
2,67,75,1215,N,True
2,304,75,1215,N,True
2,0,186,1215,N,True
2,67,186,1215,N,True
2,142,186,1215,N,True
2,322,186,1215,N,True
2,26,186,1215,N,True
2,277,186,1215,N,True
2,252,186,1215,N,True
2,0,248,1215,N,True
2,67,248,1215,N,True
2,26,248,1215,N,True
2,277,248,1215,N,True
2,252,248,1215,N,True
2,0,272,1215,N,True
2,67,272,1215,N,True
2,304,272,1215,N,True
2,329,272,1215,N,True
2,277,272,1215,N,True
2,252,272,1215,N,True
2,0,62,1215,N,True
2,67,62,1215,N,True
2,142,62,1215,N,True
2,322,62,1215,N,True
2,161,62,1215,N,True
2,26,62,1215,N,True
2,26,265,1215,N,True
2,0,265,1215,N,True
2,67,265,1215,N,True
2,252,265,1215,N,True
2,0,156,1215,N,True
2,67,156,1215,N,True
2,0,113,1215,N,True
2,67,113,1215,N,True
2,304,113,1215,N,True
2,142,113,1215,N,True
2,66,113,1215,N,True
2,26,113,1215,N,True
2,277,113,1215,N,True
2,252,113,1215,N,True
2,0,224,1215,N,True
2,67,224,1215,N,True
2,304,224,1215,N,True
2,322,224,1215,N,True
2,26,224,1215,N,True
2,0,271,1215,N,True
2,67,271,1215,N,True
2,304,271,1215,N,True
2,142,271,1215,N,True
2,322,271,1215,N,True
2,161,271,1215,N,True
2,26,271,1215,N,True
2,277,271,1215,N,True
2,252,271,1215,N,True
2,0,280,1215,N,True
2,67,280,1215,N,True
2,304,280,1215,N,True
2,142,280,1215,N,True
2,322,280,1215,N,True
2,329,280,1215,N,True
2,26,280,1215,N,True
2,277,280,1215,N,True
2,252,280,1215,N,True
2,0,128,1215,N,True
2,67,128,1215,N,True
2,322,128,1215,N,True
2,26,128,1215,N,True
2,252,128,1215,N,True
2,0,3,1215,N,True
2,67,3,1215,N,True
2,142,3,1215,N,True
2,reel30__7,3,1215,N,True
2,26,3,1215,N,True
2,0,13,1215,N,True
2,67,13,1215,N,True
2,304,13,1215,N,True
2,26,13,1215,N,True
2,277,13,1215,N,True
2,252,13,1215,N,True
2,0,344,1215,N,True
2,67,344,1215,N,True
2,0,72,1215,N,True
2,67,72,1215,N,True
2,329,72,1215,N,True
2,26,72,1215,N,True
2,252,72,1215,N,True
2,26,79,1215,N,True
2,0,79,1215,N,True
2,67,79,1215,N,True
2,252,79,1215,N,True
2,0,25,1215,N,True
2,67,25,1215,N,True
2,322,25,1215,N,True
2,246,25,1215,N,True
2,26,25,1215,N,True
2,277,25,1215,N,True
2,252,25,1215,N,True
2,322,303,1215,N,True
2,0,303,1215,N,True
2,142,303,1215,N,True
2,67,303,1215,N,True
2,0,261,1215,N,True
2,67,261,1215,N,True
2,252,261,1215,N,True
2,0,185,1215,N,True
2,67,185,1215,N,True
2,22,185,1215,N,True
2,322,185,1215,N,True
2,26,185,1215,N,True
2,0,10,1215,N,True
2,142,10,1215,N,True
2,67,10,1215,N,True
2,277,10,1215,N,True
2,0,158,1215,N,True
2,67,158,1215,N,True
2,304,158,1215,N,True
2,142,158,1215,N,True
2,22,158,1215,N,True
2,322,158,1215,N,True
2,26,158,1215,N,True
2,0,170,1215,N,True
2,67,170,1215,N,True
2,304,170,1215,N,True
2,142,170,1215,N,True
2,322,170,1215,N,True
2,26,170,1215,N,True
2,277,170,1215,N,True
2,252,170,1215,N,True
2,0,199,1215,N,True
2,67,199,1215,N,True
2,304,199,1215,N,True
2,322,199,1215,N,True
2,161,199,1215,N,True
2,26,199,1215,N,True
2,252,199,1215,N,True
2,0,82,1215,N,True
2,67,82,1215,N,True
2,252,82,1215,N,True
2,0,169,1215,N,True
2,67,169,1215,N,True
2,142,169,1215,N,True
2,322,169,1215,N,True
2,26,169,1215,N,True
2,277,169,1215,N,True
2,252,169,1215,N,True
2,0,236,1215,N,True
2,67,236,1215,N,True
2,304,236,1215,N,True
2,142,236,1215,N,True
2,322,236,1215,N,True
2,26,236,1215,N,True
2,252,236,1215,N,True
2,0,324,1215,N,True
2,67,324,1215,N,True
2,304,324,1215,N,True
2,22,324,1215,N,True
2,329,324,1215,N,True
2,277,324,1215,N,True
2,252,324,1215,N,True
2,0,285,1215,N,True
2,67,285,1215,N,True
2,304,285,1215,N,True
2,142,285,1215,N,True
2,322,285,1215,N,True
2,246,285,1215,N,True
2,26,285,1215,N,True
2,277,285,1215,N,True
2,252,285,1215,N,True
2,0,118,1215,N,True
2,67,118,1215,N,True
2,304,118,1215,N,True
2,322,118,1215,N,True
2,161,118,1215,N,True
2,26,118,1215,N,True
2,277,118,1215,N,True
2,252,118,1215,N,True
2,0,98,1215,N,True
2,67,98,1215,N,True
2,304,98,1215,N,True
2,26,98,1215,N,True
2,277,98,1215,N,True
2,252,98,1215,N,True
2,0,122,1215,N,True
2,67,122,1215,N,True
2,304,122,1215,N,True
2,142,122,1215,N,True
2,322,122,1215,N,True
2,66,122,1215,N,True
2,161,122,1215,N,True
2,26,122,1215,N,True
2,277,122,1215,N,True
2,252,122,1215,N,True
2,67,bot3__8,1215,N,True
2,67,reel9__9,1215,N,True
2,67,reel29__1,1215,N,True
2,67,reel46__7,1215,N,True
2,142,reel16__0,1215,N,True
2,142,reel16__6,1215,N,True
2,142,bot32__8,1215,N,True
2,142,bot36__4,1215,N,True
2,142,reel43__4,1215,N,True
2,322,53,1215,N,True
2,0,53,1215,N,True
2,322,207,1215,N,True
2,0,207,1215,N,True
2,322,48,1215,N,True
2,0,48,1215,N,True
2,322,130,1215,N,True
2,0,130,1215,N,True
2,329,130,1215,N,True
2,277,130,1215,N,True
2,322,126,1215,N,True
2,0,126,1215,N,True
2,322,341,1215,N,True
2,0,341,1215,N,True
2,304,341,1215,N,True
2,322,221,1215,N,True
2,0,221,1215,N,True
2,322,88,1215,N,True
2,0,88,1215,N,True
2,322,276,1215,N,True
2,26,276,1215,N,True
2,0,276,1215,N,True
2,322,178,1215,N,True
2,0,178,1215,N,True
2,329,178,1215,N,True
2,322,257,1215,N,True
2,26,257,1215,N,True
2,0,257,1215,N,True
2,304,257,1215,N,True
2,322,250,1215,N,True
2,0,250,1215,N,True
2,252,250,1215,N,True
2,322,260,1215,N,True
2,0,260,1215,N,True
2,322,232,1215,N,True
2,26,232,1215,N,True
2,0,232,1215,N,True
2,322,reel1__0,1215,N,True
2,322,bot4__3,1215,N,True
2,322,reel6__9,1215,N,True
2,322,bot9__8,1215,N,True
2,322,bot17__2,1215,N,True
2,273,bot60__2,1215,N,True
2,0,184,1215,N,True
2,329,184,1215,N,True
2,0,269,1215,N,True
2,329,269,1215,N,True
2,0,197,1215,N,True
2,329,197,1215,N,True
2,0,106,1215,N,True
2,329,106,1215,N,True
2,0,204,1215,N,True
2,329,204,1215,N,True
2,277,204,1215,N,True
2,0,16,1215,N,True
2,329,16,1215,N,True
2,0,27,1215,N,True
2,329,27,1215,N,True
2,0,202,1215,N,True
2,329,202,1215,N,True
2,0,320,1215,N,True
2,329,320,1215,N,True
2,329,bot12__6,1215,N,True
2,329,bot29__7,1215,N,True
2,329,reel39__2,1215,N,True
2,329,reel39__9,1215,N,True
2,reel24__4,reel40__6,1215,N,True
2,277,168,1215,N,True
2,0,168,1215,N,True
2,22,168,1215,N,True
2,304,168,1215,N,True
2,0,347,1215,N,True
2,22,347,1215,N,True
2,304,347,1215,N,True
2,22,bot15__9,1215,N,True
2,22,reel28__8,1215,N,True
2,22,bot31__8,1215,N,True
2,22,reel31__1,1215,N,True
2,22,bot59__3,1215,N,True
2,reel15__3,reel12__0,1215,N,True
2,328,bot1__5,1215,N,True
2,328,reel2__3,1215,N,True
2,328,reel3__2,1215,N,True
2,328,bot6__0,1215,N,True
2,328,bot24__0,1215,N,True
2,328,reel39__0,1215,N,True
2,328,reel47__4,1215,N,True
2,246,340,1215,N,True
2,0,340,1215,N,True
2,246,reel0__3,1215,N,True
2,246,reel13__0,1215,N,True
2,246,reel30__3,1215,N,True
2,161,314,1215,N,True
2,0,314,1215,N,True
2,161,reel7__5,1215,N,True
2,161,reel22__4,1215,N,True
2,161,bot33__6,1215,N,True
2,161,bot39__0,1215,N,True
2,161,reel52__0,1215,N,True
2,26,298,1215,N,True
2,0,298,1215,N,True
2,26,295,1215,N,True
2,0,295,1215,N,True
2,26,bot0__2,1215,N,True
2,26,bot16__8,1215,N,True
2,26,bot55__3,1215,N,True
2,0,65,1215,N,True
2,252,65,1215,N,True
2,0,46,1215,N,True
2,0,254,1215,N,True
2,0,194,1215,N,True
2,0,127,1215,N,True
2,0,135,1215,N,True
2,0,116,1215,N,True
2,0,73,1215,N,True
2,0,288,1215,N,True
2,0,274,1215,N,True
2,0,83,1215,N,True
2,0,28,1215,N,True
2,0,312,1215,N,True
2,0,307,1215,N,True
2,0,333,1215,N,True
2,0,238,1215,N,True
2,252,238,1215,N,True
2,0,317,1215,N,True
2,0,139,1215,N,True
2,0,64,1215,N,True
2,0,217,1215,N,True
2,0,144,1215,N,True
2,0,226,1215,N,True
2,0,146,1215,N,True
2,0,300,1215,N,True
2,0,94,1215,N,True
2,0,159,1215,N,True
2,277,159,1215,N,True
2,0,149,1215,N,True
2,0,59,1215,N,True
2,252,59,1215,N,True
2,0,80,1215,N,True
2,0,255,1215,N,True
2,0,49,1215,N,True
2,0,140,1215,N,True
2,0,137,1215,N,True
2,0,343,1215,N,True
2,0,115,1215,N,True
2,0,14,1215,N,True
2,0,32,1215,N,True
2,0,278,1215,N,True
2,0,311,1215,N,True
2,277,311,1215,N,True
2,0,309,1215,N,True
2,0,230,1215,N,True
2,0,70,1215,N,True
2,0,249,1215,N,True
2,304,249,1215,N,True
2,0,251,1215,N,True
2,0,174,1215,N,True
2,0,281,1215,N,True
2,0,279,1215,N,True
2,0,51,1215,N,True
2,0,19,1215,N,True
2,0,268,1215,N,True
2,0,243,1215,N,True
2,0,8,1215,N,True
2,0,129,1215,N,True
2,0,331,1215,N,True
2,0,101,1215,N,True
2,0,99,1215,N,True
2,0,296,1215,N,True
2,0,163,1215,N,True
2,0,173,1215,N,True
2,0,121,1215,N,True
2,0,189,1215,N,True
2,0,58,1215,N,True
2,0,227,1215,N,True
2,0,91,1215,N,True
2,0,143,1215,N,True
2,0,61,1215,N,True
2,0,6,1215,N,True
2,0,89,1215,N,True
2,0,107,1215,N,True
2,0,208,1215,N,True
2,277,208,1215,N,True
2,0,132,1215,N,True
2,277,132,1215,N,True
2,0,301,1215,N,True
2,0,29,1215,N,True
2,252,29,1215,N,True
2,0,337,1215,N,True
2,0,110,1215,N,True
2,0,225,1215,N,True
2,0,86,1215,N,True
2,181,152,1215,N,True
2,0,152,1215,N,True
2,275,152,1215,N,True
2,0,148,1215,N,True
2,0,131,1215,N,True
2,0,262,1215,N,True
2,0,220,1215,N,True
2,0,50,1215,N,True
2,277,50,1215,N,True
2,0,193,1215,N,True
2,0,112,1215,N,True
2,0,90,1215,N,True
2,0,216,1215,N,True
2,0,151,1215,N,True
2,0,327,1215,N,True
2,0,120,1215,N,True
2,277,120,1215,N,True
2,0,244,1215,N,True
2,0,319,1215,N,True
2,0,233,1215,N,True
2,0,155,1215,N,True
2,0,191,1215,N,True
2,0,147,1215,N,True
2,0,206,1215,N,True
2,0,229,1215,N,True
2,0,164,1215,N,True
2,0,240,1215,N,True
2,0,219,1215,N,True
2,0,305,1215,N,True
2,0,198,1215,N,True
2,0,182,1215,N,True
2,0,336,1215,N,True
2,0,294,1215,N,True
2,277,294,1215,N,True
2,0,253,1215,N,True
2,0,267,1215,N,True
2,0,316,1215,N,True
2,0,47,1215,N,True
2,0,183,1215,N,True
2,0,52,1215,N,True
2,0,34,1215,N,True
2,0,reel8__3,1215,N,True
2,0,bot13__5,1215,N,True
2,0,bot30__4,1215,N,True
2,0,reel42__2,1215,N,True
2,reel18__5,reel28__0,1215,N,True
2,304,bot21__6,1215,N,True
2,304,reel22__5,1215,N,True
2,275,bot7__7,1215,N,True
2,275,bot25__6,1215,N,True
2,275,reel51__1,1215,N,True
2,275,reel57__4,1215,N,True
2,reel30__7,bot43__5,1215,N,True
2,66,bot1__1,1215,N,True
2,66,reel21__5,1215,N,True
2,66,reel34__4,1215,N,True
2,181,bot0__1,1215,N,True
2,181,bot0__6,1215,N,True
2,181,bot4__0,1215,N,True
2,181,reel14__4,1215,N,True
2,181,bot46__7,1215,N,True
2,277,reel2__1,1215,N,True
2,277,bot7__1,1215,N,True
2,252,reel4__3,1215,N,True
2,252,reel31__2,1215,N,True
2,306,328,1216,N,True
2,306,195,1216,N,True
2,306,4,1216,N,True
2,306,275,1216,N,True
2,306,78,1216,N,True
2,306,273,1216,N,True
2,306,218,1216,N,True
2,306,181,1216,N,True
2,306,bot8__1,1216,N,True
2,306,reel21__4,1216,N,True
2,306,reel27__8,1216,N,True
2,306,reel52__9,1216,N,True
2,reel38__3,27,1216,N,True
2,bot43__7,bot33__2,1216,N,True
2,bot43__7,bot52__0,1216,N,True
2,32,310,1216,N,True
2,32,167,1216,N,True
2,32,337,1216,N,True
2,32,93,1216,N,True
2,32,reel0__9,1216,N,True
2,32,bot3__2,1216,N,True
2,32,reel41__3,1216,N,True
2,32,reel58__5,1216,N,True
2,reel10__8,77,1216,N,True
2,reel10__8,reel31__2,1216,N,True
2,reel10__8,reel35__2,1216,N,True
2,342,59,1216,N,True
2,342,67,1216,N,True
2,342,119,1216,N,True
2,342,238,1216,N,True
2,342,123,1216,N,True
2,342,314,1216,N,True
2,342,21,1216,N,True
2,342,113,1216,N,True
2,342,13,1216,N,True
2,342,56,1216,N,True
2,342,98,1216,N,True
2,342,170,1216,N,True
2,342,211,1216,N,True
2,342,188,1216,N,True
2,342,313,1216,N,True
2,342,9,1216,N,True
2,342,203,1216,N,True
2,342,165,1216,N,True
2,342,261,1216,N,True
2,342,277,1216,N,True
2,342,122,1216,N,True
2,342,265,1216,N,True
2,342,290,1216,N,True
2,342,285,1216,N,True
2,342,325,1216,N,True
2,342,199,1216,N,True
2,342,322,1216,N,True
2,342,252,1216,N,True
2,342,bot4__8,1216,N,True
2,342,reel13__3,1216,N,True
2,342,reel17__9,1216,N,True
2,342,bot24__6,1216,N,True
2,reel17__2,36,1216,N,True
2,reel17__2,293,1216,N,True
2,reel17__2,bot46__9,1216,N,True
2,reel17__2,reel59__2,1216,N,True
2,306,bot8__1,1217,N,True
2,306,reel21__4,1217,N,True
2,306,reel29__9,1217,N,True
2,306,bot45__7,1217,N,True
2,306,reel52__9,1217,N,True
2,reel27__9,reel29__1,1217,N,True
2,reel27__9,reel35__3,1217,N,True
2,reel27__9,reel44__0,1217,N,True
2,0,83,1217,N,True
2,25,83,1217,N,True
2,0,94,1217,N,True
2,25,94,1217,N,True
2,0,323,1217,N,True
2,25,323,1217,N,True
2,270,203,1217,N,True
2,0,203,1217,N,True
2,25,203,1217,N,True
2,0,276,1217,N,True
2,25,276,1217,N,True
2,0,288,1217,N,True
2,25,288,1217,N,True
2,0,322,1217,N,True
2,25,322,1217,N,True
2,0,186,1217,N,True
2,bot4__4,186,1217,N,True
2,25,186,1217,N,True
2,0,332,1217,N,True
2,25,332,1217,N,True
2,0,3,1217,N,True
2,25,3,1217,N,True
2,0,169,1217,N,True
2,25,169,1217,N,True
2,0,232,1217,N,True
2,25,232,1217,N,True
2,reel2__3,158,1217,N,True
2,0,158,1217,N,True
2,25,158,1217,N,True
2,0,176,1217,N,True
2,25,176,1217,N,True
2,0,231,1217,N,True
2,25,231,1217,N,True
2,0,257,1217,N,True
2,25,257,1217,N,True
2,0,104,1217,N,True
2,25,104,1217,N,True
2,0,148,1217,N,True
2,25,148,1217,N,True
2,0,252,1217,N,True
2,25,252,1217,N,True
2,0,69,1217,N,True
2,25,69,1217,N,True
2,0,72,1217,N,True
2,25,72,1217,N,True
2,0,141,1217,N,True
2,25,141,1217,N,True
2,0,199,1217,N,True
2,25,199,1217,N,True
2,0,130,1217,N,True
2,25,130,1217,N,True
2,0,280,1217,N,True
2,25,280,1217,N,True
2,0,113,1217,N,True
2,25,113,1217,N,True
2,0,277,1217,N,True
2,25,277,1217,N,True
2,bot38__2,200,1217,N,True
2,0,200,1217,N,True
2,25,200,1217,N,True
2,0,88,1217,N,True
2,25,88,1217,N,True
2,0,185,1217,N,True
2,25,185,1217,N,True
2,0,122,1217,N,True
2,25,122,1217,N,True
2,0,239,1217,N,True
2,25,239,1217,N,True
2,reel39__0,239,1217,N,True
2,0,336,1217,N,True
2,25,336,1217,N,True
2,0,103,1217,N,True
2,25,103,1217,N,True
2,0,67,1217,N,True
2,25,67,1217,N,True
2,0,51,1217,N,True
2,25,51,1217,N,True
2,0,283,1217,N,True
2,25,283,1217,N,True
2,reel3__2,40,1217,N,True
2,0,40,1217,N,True
2,25,40,1217,N,True
2,0,285,1217,N,True
2,25,285,1217,N,True
2,0,39,1217,N,True
2,25,39,1217,N,True
2,0,224,1217,N,True
2,25,224,1217,N,True
2,0,98,1217,N,True
2,25,98,1217,N,True
2,0,31,1217,N,True
2,25,31,1217,N,True
2,0,73,1217,N,True
2,25,73,1217,N,True
2,0,325,1217,N,True
2,25,325,1217,N,True
2,0,237,1217,N,True
2,25,237,1217,N,True
2,0,65,1217,N,True
2,25,65,1217,N,True
2,0,170,1217,N,True
2,25,170,1217,N,True
2,0,331,1217,N,True
2,25,331,1217,N,True
2,0,21,1217,N,True
2,25,21,1217,N,True
2,0,221,1217,N,True
2,25,221,1217,N,True
2,0,236,1217,N,True
2,25,236,1217,N,True
2,0,246,1217,N,True
2,25,246,1217,N,True
2,25,reel5__0,1217,N,True
2,25,reel17__5,1217,N,True
2,25,reel27__1,1217,N,True
2,25,reel35__5,1217,N,True
2,78,bot8__8,1217,N,True
2,78,reel36__2,1217,N,True
2,78,reel45__9,1217,N,True
2,bot24__0,bot44__6,1217,N,True
2,195,reel12__6,1217,N,True
2,195,reel24__4,1217,N,True
2,195,reel30__7,1217,N,True
2,bot2__6,bot26__5,1217,N,True
2,reel48__0,reel37__1,1217,N,True
2,reel48__0,bot53__7,1217,N,True
2,reel48__0,reel55__7,1217,N,True
2,reel39__0,reel45__8,1217,N,True
2,reel47__4,reel46__5,1217,N,True
2,reel39__0,reel46__5,1217,N,True
2,reel39__0,reel59__5,1217,N,True
2,bot6__2,bot5__0,1217,N,True
2,bot6__2,120,1217,N,True
2,0,120,1217,N,True
2,reel3__2,133,1217,N,True
2,0,133,1217,N,True
2,reel3__2,reel20__8,1217,N,True
2,270,bot1__0,1217,N,True
2,270,bot1__1,1217,N,True
2,270,reel7__6,1217,N,True
2,reel2__3,45,1217,N,True
2,0,45,1217,N,True
2,reel2__3,bot5__5,1217,N,True
2,reel2__3,reel13__3,1217,N,True
2,reel2__3,bot41__0,1217,N,True
2,reel2__3,reel42__8,1217,N,True
2,0,24,1217,N,True
2,0,304,1217,N,True
2,0,329,1217,N,True
2,0,204,1217,N,True
2,bot6__0,204,1217,N,True
2,0,213,1217,N,True
2,0,82,1217,N,True
2,0,211,1217,N,True
2,0,172,1217,N,True
2,0,175,1217,N,True
2,0,254,1217,N,True
2,0,194,1217,N,True
2,0,135,1217,N,True
2,0,23,1217,N,True
2,0,116,1217,N,True
2,0,315,1217,N,True
2,0,48,1217,N,True
2,0,63,1217,N,True
2,0,344,1217,N,True
2,reel47__4,118,1217,N,True
2,0,118,1217,N,True
2,0,134,1217,N,True
2,0,36,1217,N,True
2,0,274,1217,N,True
2,0,339,1217,N,True
2,0,108,1217,N,True
2,0,197,1217,N,True
2,0,28,1217,N,True
2,0,312,1217,N,True
2,0,242,1217,N,True
2,0,214,1217,N,True
2,reel20__0,214,1217,N,True
2,0,20,1217,N,True
2,0,307,1217,N,True
2,0,71,1217,N,True
2,bot6__0,71,1217,N,True
2,0,333,1217,N,True
2,0,207,1217,N,True
2,0,168,1217,N,True
2,0,341,1217,N,True
2,0,238,1217,N,True
2,0,317,1217,N,True
2,0,38,1217,N,True
2,0,302,1217,N,True
2,0,142,1217,N,True
2,0,64,1217,N,True
2,0,217,1217,N,True
2,0,126,1217,N,True
2,0,261,1217,N,True
2,0,144,1217,N,True
2,0,226,1217,N,True
2,0,342,1217,N,True
2,0,146,1217,N,True
2,0,300,1217,N,True
2,0,1,1217,N,True
2,0,184,1217,N,True
2,0,159,1217,N,True
2,0,149,1217,N,True
2,0,13,1217,N,True
2,0,59,1217,N,True
2,0,17,1217,N,True
2,0,80,1217,N,True
2,0,187,1217,N,True
2,0,66,1217,N,True
2,0,255,1217,N,True
2,0,49,1217,N,True
2,0,320,1217,N,True
2,0,85,1217,N,True
2,0,123,1217,N,True
2,0,140,1217,N,True
2,0,115,1217,N,True
2,0,324,1217,N,True
2,0,171,1217,N,True
2,0,111,1217,N,True
2,0,32,1217,N,True
2,0,30,1217,N,True
2,0,222,1217,N,True
2,0,92,1217,N,True
2,0,125,1217,N,True
2,0,266,1217,N,True
2,0,212,1217,N,True
2,0,278,1217,N,True
2,0,340,1217,N,True
2,0,311,1217,N,True
2,0,309,1217,N,True
2,0,330,1217,N,True
2,0,70,1217,N,True
2,0,16,1217,N,True
2,0,251,1217,N,True
2,0,10,1217,N,True
2,0,55,1217,N,True
2,0,258,1217,N,True
2,0,196,1217,N,True
2,0,286,1217,N,True
2,0,81,1217,N,True
2,0,174,1217,N,True
2,0,42,1217,N,True
2,0,2,1217,N,True
2,0,281,1217,N,True
2,0,263,1217,N,True
2,0,162,1217,N,True
2,0,19,1217,N,True
2,0,268,1217,N,True
2,0,5,1217,N,True
2,0,178,1217,N,True
2,0,8,1217,N,True
2,0,245,1217,N,True
2,0,129,1217,N,True
2,0,150,1217,N,True
2,0,99,1217,N,True
2,0,296,1217,N,True
2,0,318,1217,N,True
2,0,163,1217,N,True
2,0,121,1217,N,True
2,0,189,1217,N,True
2,0,60,1217,N,True
2,0,58,1217,N,True
2,0,269,1217,N,True
2,0,167,1217,N,True
2,0,91,1217,N,True
2,0,143,1217,N,True
2,0,61,1217,N,True
2,0,93,1217,N,True
2,0,41,1217,N,True
2,0,6,1217,N,True
2,0,208,1217,N,True
2,0,132,1217,N,True
2,0,301,1217,N,True
2,0,250,1217,N,True
2,0,106,1217,N,True
2,0,29,1217,N,True
2,0,337,1217,N,True
2,0,110,1217,N,True
2,0,264,1217,N,True
2,0,225,1217,N,True
2,181,152,1217,N,True
2,0,152,1217,N,True
2,275,152,1217,N,True
2,0,295,1217,N,True
2,0,289,1217,N,True
2,0,260,1217,N,True
2,0,160,1217,N,True
2,0,321,1217,N,True
2,0,131,1217,N,True
2,0,22,1217,N,True
2,0,298,1217,N,True
2,0,262,1217,N,True
2,0,44,1217,N,True
2,bot4__4,44,1217,N,True
2,0,193,1217,N,True
2,0,97,1217,N,True
2,0,124,1217,N,True
2,0,112,1217,N,True
2,0,90,1217,N,True
2,0,179,1217,N,True
2,0,216,1217,N,True
2,0,151,1217,N,True
2,0,145,1217,N,True
2,0,157,1217,N,True
2,0,327,1217,N,True
2,0,247,1217,N,True
2,0,190,1217,N,True
2,0,282,1217,N,True
2,0,244,1217,N,True
2,0,256,1217,N,True
2,0,202,1217,N,True
2,0,155,1217,N,True
2,0,191,1217,N,True
2,0,147,1217,N,True
2,0,229,1217,N,True
2,0,164,1217,N,True
2,0,240,1217,N,True
2,0,219,1217,N,True
2,0,305,1217,N,True
2,0,154,1217,N,True
2,0,182,1217,N,True
2,0,241,1217,N,True
2,0,294,1217,N,True
2,0,253,1217,N,True
2,0,267,1217,N,True
2,0,316,1217,N,True
2,0,183,1217,N,True
2,0,52,1217,N,True
2,0,34,1217,N,True
2,0,35,1217,N,True
2,0,bot2__7,1217,N,True
2,0,bot13__5,1217,N,True
2,0,bot30__4,1217,N,True
2,0,reel42__2,1217,N,True
2,bot14__1,reel0__3,1217,N,True
2,bot14__1,bot54__6,1217,N,True
2,275,bot7__7,1217,N,True
2,275,reel7__2,1217,N,True
2,275,bot25__6,1217,N,True
2,275,bot32__3,1217,N,True
2,275,reel57__4,1217,N,True
2,reel20__0,reel0__8,1217,N,True
2,reel20__0,bot23__2,1217,N,True
2,reel20__0,bot26__8,1217,N,True
2,reel20__0,reel29__6,1217,N,True
2,reel20__0,reel31__9,1217,N,True
2,reel20__0,reel59__7,1217,N,True
2,181,bot0__1,1217,N,True
2,181,reel14__4,1217,N,True
2,181,reel14__8,1217,N,True
2,195,181,1218,N,True
2,195,306,1218,N,True
2,195,4,1218,N,True
2,195,275,1218,N,True
2,195,218,1218,N,True
2,195,328,1218,N,True
2,195,78,1218,N,True
2,195,reel8__5,1218,N,True
2,195,reel30__7,1218,N,True
2,reel40__6,reel38__5,1218,N,True
2,reel40__6,reel45__2,1218,N,True
2,117,285,1218,N,True
2,117,77,1218,N,True
2,117,38,1218,N,True
2,117,280,1218,N,True
2,117,reel11__1,1218,N,True
2,117,bot29__9,1218,N,True
2,reel26__0,reel8__4,1218,N,True
2,reel26__0,reel13__1,1218,N,True
2,reel26__0,reel38__0,1218,N,True
2,bot58__3,reel20__2,1218,N,True
2,bot58__3,reel12__0,1218,N,True
2,reel38__5,132,1219,N,True
2,reel38__5,52,1219,N,True
2,166,202,1219,N,True
2,166,198,1219,N,True
2,166,bot1__8,1219,N,True
2,166,reel4__8,1219,N,True
2,166,reel6__9,1219,N,True
2,166,reel13__5,1219,N,True
2,166,reel32__2,1219,N,True
2,bot43__1,298,1219,N,True
2,265,298,1219,N,True
2,199,298,1219,N,True
2,265,211,1219,N,True
2,199,211,1219,N,True
2,199,304,1219,N,True
2,265,40,1219,N,True
2,199,40,1219,N,True
2,265,118,1219,N,True
2,199,118,1219,N,True
2,199,212,1219,N,True
2,265,261,1219,N,True
2,199,261,1219,N,True
2,199,119,1219,N,True
2,199,186,1219,N,True
2,199,314,1219,N,True
2,265,26,1219,N,True
2,199,26,1219,N,True
2,265,203,1219,N,True
2,199,203,1219,N,True
2,265,313,1219,N,True
2,199,313,1219,N,True
2,199,315,1219,N,True
2,265,238,1219,N,True
2,199,238,1219,N,True
2,265,325,1219,N,True
2,199,325,1219,N,True
2,265,239,1219,N,True
2,199,239,1219,N,True
2,265,172,1219,N,True
2,199,172,1219,N,True
2,265,56,1219,N,True
2,199,56,1219,N,True
2,199,9,1219,N,True
2,85,9,1219,N,True
2,265,223,1219,N,True
2,199,223,1219,N,True
2,199,113,1219,N,True
2,199,134,1219,N,True
2,199,291,1219,N,True
2,199,324,1219,N,True
2,265,252,1219,N,True
2,199,252,1219,N,True
2,265,271,1219,N,True
2,199,271,1219,N,True
2,85,271,1219,N,True
2,199,82,1219,N,True
2,199,161,1219,N,True
2,199,62,1219,N,True
2,199,322,1219,N,True
2,85,322,1219,N,True
2,265,67,1219,N,True
2,199,67,1219,N,True
2,199,72,1219,N,True
2,199,288,1219,N,True
2,199,48,1219,N,True
2,265,13,1219,N,True
2,199,13,1219,N,True
2,199,bot2__0,1219,N,True
2,199,reel12__9,1219,N,True
2,199,bot14__9,1219,N,True
2,199,reel31__1,1219,N,True
2,199,reel52__6,1219,N,True
2,85,3,1219,N,True
2,85,176,1219,N,True
2,85,323,1219,N,True
2,85,156,1219,N,True
2,85,188,1219,N,True
2,85,170,1219,N,True
2,85,272,1219,N,True
2,85,reel1__9,1219,N,True
2,85,reel39__8,1219,N,True
2,85,reel45__3,1219,N,True
2,85,reel56__4,1219,N,True
2,85,reel56__5,1219,N,True
2,85,bot59__4,1219,N,True
2,bot13__3,299,1219,N,True
2,bot13__3,bot26__0,1219,N,True
2,bot51__1,bot35__1,1219,N,True
2,reel34__2,reel25__3,1219,N,True
2,reel34__2,reel32__4,1219,N,True
2,reel34__2,reel36__5,1219,N,True
2,bot32__7,reel21__7,1219,N,True
2,bot32__7,196,1219,N,True
2,bot32__7,bot37__5,1219,N,True
2,bot54__3,reel7__6,1219,N,True
2,265,311,1219,N,True
2,265,331,1219,N,True
2,265,248,1219,N,True
2,265,reel1__2,1219,N,True
2,265,reel6__2,1219,N,True
2,265,bot18__5,1219,N,True
2,265,reel22__8,1219,N,True
2,265,reel28__8,1219,N,True
2,265,reel35__2,1219,N,True
2,265,reel41__2,1219,N,True
2,reel28__0,reel18__5,1219,N,True
2,reel28__0,268,1219,N,True
2,reel28__0,reel36__9,1219,N,True
2,167,137,1219,N,True
2,167,93,1219,N,True
2,167,243,1219,N,True
2,167,32,1219,N,True
2,167,310,1219,N,True
2,167,337,1219,N,True
2,167,bot0__1,1219,N,True
2,167,bot13__8,1219,N,True
2,167,bot15__3,1219,N,True
2,167,reel19__0,1219,N,True
2,167,reel23__5,1219,N,True
2,167,bot29__4,1219,N,True
3,51,reel29__4,1200,N,False
3,31,reel35__6,1200,N,False
3,51,reel35__6,1200,N,False
3,51,reel53__0,1200,N,False
3,131,reel53__0,1200,N,False
3,163,173,1200,N,False
3,bot35__7,173,1200,N,False
3,reel24__9,337,1200,N,False
3,reel15__1,337,1200,N,False
3,reel1__8,reel5__7,1200,N,False
3,reel1__8,bot15__5,1200,N,False
3,reel1__8,reel56__1,1200,N,False
3,260,reel15__6,1200,N,False
3,224,96,1200,N,False
3,133,96,1200,N,False
3,274,96,1200,N,False
3,reel25__5,96,1200,N,False
3,314,96,1200,N,False
3,63,bot15__3,1200,N,False
3,314,bot15__3,1200,N,False
3,314,reel51__6,1200,N,False
3,bot13__4,327,1200,N,False
3,bot1__4,bot42__0,1200,N,False
3,288,reel53__5,1200,N,False
3,bot18__3,154,1200,N,False
3,236,reel39__4,1200,N,False
3,236,bot40__7,1200,N,False
3,236,reel45__1,1200,N,False
3,250,reel2__4,1200,N,False
3,250,reel31__9,1200,N,False
3,250,bot44__1,1200,N,False
3,250,bot56__4,1200,N,False
3,237,bot50__2,1200,N,False
3,bot1__7,bot50__2,1200,N,False
3,108,57,1200,N,False
3,48,57,1200,N,False
3,88,80,1200,N,False
3,315,80,1200,N,False
3,48,80,1200,N,False
3,48,bot2__4,1200,N,False
3,48,bot19__3,1200,N,False
3,77,117,1200,N,False
3,38,117,1200,N,False
3,77,294,1200,N,False
3,reel9__9,294,1200,N,False
3,77,reel47__7,1200,N,False
3,77,bot57__4,1200,N,False
3,reel23__5,167,1200,N,False
3,reel23__5,326,1200,N,False
3,reel23__5,bot46__3,1200,N,False
3,reel17__2,reel29__9,1200,N,False
3,reel17__2,bot46__9,1200,N,False
3,reel17__2,reel59__2,1200,N,False
3,268,reel27__7,1200,N,False
3,reel26__5,bot56__0,1200,N,False
3,bot0__5,321,1200,N,False
3,108,bot1__9,1200,N,False
3,bot0__5,bot1__9,1200,N,False
3,bot0__5,bot2__2,1200,N,False
3,reel55__6,89,1200,N,False
3,258,reel41__3,1200,N,False
3,258,reel51__4,1200,N,False
3,reel15__1,reel51__4,1200,N,False
3,23,144,1200,N,False
3,reel52__6,144,1200,N,False
3,7,22,1200,N,False
3,308,22,1200,N,False
3,reel31__1,22,1200,N,False
3,reel31__1,reel43__1,1200,N,False
3,reel12__1,reel0__2,1200,N,False
3,88,reel0__2,1200,N,False
3,reel12__1,reel48__3,1200,N,False
3,reel2__7,190,1200,N,False
3,23,190,1200,N,False
3,229,190,1200,N,False
3,reel2__7,bot45__4,1200,N,False
3,reel2__7,reel50__7,1200,N,False
3,88,reel1__1,1200,N,False
3,bot10__1,reel1__1,1200,N,False
3,86,reel1__1,1200,N,False
3,bot2__0,reel0__1,1200,N,False
3,reel27__1,reel0__1,1200,N,False
3,bot2__0,bot45__6,1200,N,False
3,reel8__0,bot26__4,1200,N,False
3,reel8__0,reel36__3,1200,N,False
3,reel8__0,bot37__9,1200,N,False
3,29,bot51__0,1200,N,False
3,bot17__1,bot53__9,1200,N,False
3,bot11__4,bot16__8,1200,N,False
3,5,bot56__3,1200,N,False
3,16,reel45__7,1200,N,False
3,63,bot7__2,1200,N,False
3,reel54__9,259,1200,N,False
3,reel54__9,166,1200,N,False
3,reel6__9,166,1200,N,False
3,189,bot56__2,1200,N,False
3,reel46__4,reel39__9,1200,N,False
3,329,reel39__9,1200,N,False
3,38,reel14__0,1200,N,False
3,308,bot0__8,1200,N,False
3,308,reel15__3,1200,N,False
3,reel5__4,reel58__4,1200,N,False
3,1,bot52__7,1200,N,False
3,bot34__5,bot55__8,1200,N,False
3,237,bot55__8,1200,N,False
3,342,reel8__7,1200,N,False
3,reel34__7,reel9__1,1200,N,False
3,196,reel9__1,1200,N,False
3,reel34__7,244,1200,N,False
3,reel34__7,reel54__1,1200,N,False
3,131,bot8__0,1200,N,False
3,229,bot4__0,1200,N,False
3,229,reel18__4,1200,N,False
3,9,reel18__4,1200,N,False
3,reel6__3,174,1200,N,False
3,reel6__3,bot12__8,1200,N,False
3,reel6__3,reel20__6,1200,N,False
3,3,reel20__6,1200,N,False
3,reel6__3,bot34__3,1200,N,False
3,reel6__3,reel43__7,1200,N,False
3,reel27__1,reel4__6,1200,N,False
3,reel27__1,reel54__4,1200,N,False
3,108,bot10__6,1200,N,False
3,3,bot10__6,1200,N,False
3,3,reel12__8,1200,N,False
3,3,reel20__5,1200,N,False
3,3,reel49__3,1200,N,False
3,reel3__6,262,1200,N,False
3,reel3__6,28,1200,N,False
3,reel3__6,bot4__5,1200,N,False
3,bot22__1,110,1200,N,False
3,bot22__1,bot31__0,1200,N,False
3,bot22__1,bot38__5,1200,N,False
3,bot8__9,bot30__6,1200,N,False
3,53,24,1200,N,False
3,196,266,1200,N,False
3,53,266,1200,N,False
3,196,254,1200,N,False
3,53,254,1200,N,False
3,53,191,1200,N,False
3,53,reel12__7,1200,N,False
3,53,reel24__7,1200,N,False
3,53,reel44__7,1200,N,False
3,bot16__1,bot13__9,1200,N,False
3,reel12__9,bot20__2,1200,N,False
3,reel12__9,bot25__8,1200,N,False
3,reel8__2,reel17__8,1200,N,False
3,reel8__2,bot20__0,1200,N,False
3,23,155,1200,N,False
3,23,reel3__5,1200,N,False
3,196,reel3__5,1200,N,False
3,297,reel3__5,1200,N,False
3,23,bot19__4,1200,N,False
3,reel8__4,bot14__6,1200,N,False
3,reel8__4,reel22__9,1200,N,False
3,7,bot23__1,1200,N,False
3,reel8__4,bot23__1,1200,N,False
3,9,bot33__1,1200,N,False
3,reel9__9,reel29__3,1200,N,False
3,bot13__1,219,1200,N,False
3,50,reel20__7,1200,N,False
3,50,reel52__9,1200,N,False
3,221,reel11__5,1200,N,False
3,reel6__0,reel22__3,1200,N,False
3,reel6__0,bot44__2,1200,N,False
3,bot33__5,bot44__2,1200,N,False
3,133,reel4__3,1200,N,False
3,133,bot6__1,1200,N,False
3,133,reel19__3,1200,N,False
3,307,reel19__3,1200,N,False
3,133,reel21__6,1200,N,False
3,reel6__9,reel10__0,1200,N,False
3,reel50__3,reel34__8,1200,N,False
3,reel6__9,reel34__8,1200,N,False
3,108,reel44__1,1200,N,False
3,108,reel44__6,1200,N,False
3,150,bot1__6,1200,N,False
3,150,bot7__4,1200,N,False
3,150,bot17__6,1200,N,False
3,reel35__5,162,1200,N,False
3,bot8__5,162,1200,N,False
3,reel35__5,reel11__6,1200,N,False
3,127,135,1200,N,False
3,197,135,1200,N,False
3,281,135,1200,N,False
3,127,309,1200,N,False
3,197,309,1200,N,False
3,281,309,1200,N,False
3,197,reel9__3,1200,N,False
3,reel37__4,bot48__5,1200,N,False
3,reel46__9,bot52__1,1200,N,False
3,reel24__6,reel50__5,1200,N,False
3,30,bot0__2,1200,N,False
3,30,bot39__8,1200,N,False
3,124,reel15__4,1200,N,False
3,reel26__7,reel15__4,1200,N,False
3,161,reel7__5,1200,N,False
3,315,reel7__5,1200,N,False
3,297,reel7__5,1200,N,False
3,297,bot22__9,1200,N,False
3,257,bot11__1,1200,N,False
3,257,reel28__5,1200,N,False
3,88,164,1200,N,False
3,88,bot7__9,1200,N,False
3,88,bot14__4,1200,N,False
3,88,bot48__3,1200,N,False
3,88,bot50__4,1200,N,False
3,reel19__8,reel25__6,1200,N,False
3,reel19__8,reel40__8,1200,N,False
3,31,reel0__3,1200,N,False
3,31,reel11__2,1200,N,False
3,31,reel44__9,1200,N,False
3,bot4__4,44,1200,N,False
3,reel35__4,reel12__0,1200,N,False
3,reel35__4,reel39__8,1200,N,False
3,reel35__4,bot57__7,1200,N,False
3,274,reel6__5,1200,N,False
3,274,bot57__8,1200,N,False
3,reel27__2,reel48__7,1200,N,False
3,reel27__2,reel54__0,1200,N,False
3,reel27__2,reel56__5,1200,N,False
3,bot27__6,reel14__9,1200,N,False
3,bot27__6,bot58__9,1200,N,False
3,bot10__1,bot60__6,1200,N,False
3,reel6__7,reel41__5,1200,N,False
3,307,reel10__4,1200,N,False
3,178,bot35__9,1200,N,False
3,178,bot55__6,1200,N,False
3,reel48__9,reel17__3,1200,N,False
3,298,reel17__3,1200,N,False
3,237,bot9__0,1200,N,False
3,237,reel12__6,1200,N,False
3,237,bot15__6,1200,N,False
3,reel26__7,reel41__8,1200,N,False
3,bot33__5,reel31__2,1200,N,False
3,bot0__9,bot9__2,1200,N,False
3,148,reel24__5,1200,N,False
3,148,bot40__0,1200,N,False
3,reel29__0,233,1200,N,False
3,reel29__0,reel36__0,1200,N,False
3,bot56__8,bot43__5,1200,N,False
3,reel46__5,reel47__4,1200,N,False
3,329,bot12__6,1200,N,False
3,64,reel7__3,1200,N,False
3,315,reel19__7,1200,N,False
3,315,reel22__2,1200,N,False
3,217,reel27__0,1200,N,False
3,bot37__3,279,1200,N,False
3,bot17__2,bot13__8,1200,N,False
3,bot17__2,bot37__7,1200,N,False
3,reel3__2,reel27__9,1200,N,False
3,127,reel58__0,1200,N,False
3,317,bot21__2,1200,N,False
3,161,reel22__4,1200,N,False
3,161,bot33__6,1200,N,False
3,161,reel52__0,1200,N,False
3,281,reel5__5,1200,N,False
3,bot4__3,bot37__0,1200,N,False
3,29,338,1201,N,False
3,29,247,1201,N,False
3,29,40,1201,N,False
3,29,16,1201,N,False
3,29,bot51__0,1201,N,False
3,reel1__0,3,1201,N,False
3,reel9__9,294,1201,N,False
3,reel9__9,67,1201,N,False
3,109,67,1201,N,False
3,reel9__9,reel29__3,1201,N,False
3,109,325,1201,N,False
3,109,56,1201,N,False
3,109,119,1201,N,False
3,109,186,1201,N,False
3,109,303,1201,N,False
3,109,229,1201,N,False
3,109,104,1201,N,False
3,109,332,1201,N,False
3,109,285,1201,N,False
3,109,295,1201,N,False
3,109,271,1201,N,False
3,109,31,1201,N,False
3,109,50,1201,N,False
3,109,13,1201,N,False
3,109,297,1201,N,False
3,109,reel11__9,1201,N,False
3,109,bot15__1,1201,N,False
3,107,58,1202,N,False
3,107,0,1202,N,False
3,80,0,1202,N,False
3,107,bot5__8,1202,N,False
3,107,bot35__4,1202,N,False
3,107,reel41__1,1202,N,False
3,80,187,1202,N,False
3,80,330,1202,N,False
3,80,24,1202,N,False
3,80,48,1202,N,False
3,80,315,1202,N,False
3,80,101,1202,N,False
3,80,266,1202,N,False
3,80,94,1202,N,False
3,80,173,1202,N,False
3,80,bot2__7,1202,N,False
3,80,reel4__9,1202,N,False
3,80,bot9__3,1202,N,False
3,80,bot16__9,1202,N,False
3,80,reel39__3,1202,N,False
3,bot36__9,183,1202,N,False
3,reel5__5,281,1202,N,False
3,reel5__5,reel0__9,1202,N,False
3,reel5__5,bot15__6,1202,N,False
3,reel5__5,reel48__3,1202,N,False
3,bot20__7,reel18__7,1202,N,False
3,bot20__7,reel14__4,1202,N,False
3,bot20__7,bot44__7,1202,N,False
3,reel8__2,103,1202,N,False
3,reel16__8,reel28__6,1202,N,False
3,reel16__8,reel38__9,1202,N,False
3,reel2__8,51,1203,N,False
3,reel2__8,bot24__3,1203,N,False
3,reel42__8,5,1203,N,False
3,reel42__8,reel2__3,1203,N,False
3,reel42__8,reel58__0,1203,N,False
3,reel36__1,152,1203,N,False
3,reel27__1,reel54__4,1203,N,False
3,3,170,1203,N,False
3,3,283,1203,N,False
3,3,228,1203,N,False
3,3,72,1203,N,False
3,3,323,1203,N,False
3,3,0,1203,N,False
3,192,0,1203,N,False
3,3,reel1__0,1203,N,False
3,3,reel1__8,1203,N,False
3,3,reel20__5,1203,N,False
3,3,reel20__6,1203,N,False
3,3,reel25__8,1203,N,False
3,3,reel30__7,1203,N,False
3,bot2__0,199,1203,N,False
3,bot2__0,bot45__6,1203,N,False
3,reel23__2,97,1203,N,False
3,reel23__2,bot44__5,1203,N,False
3,reel23__2,reel46__1,1203,N,False
3,192,115,1203,N,False
3,192,reel17__3,1203,N,False
3,192,reel33__0,1203,N,False
3,192,reel40__9,1203,N,False
3,192,reel41__7,1203,N,False
3,108,reel0__8,1204,N,False
3,135,reel0__8,1204,N,False
3,135,bot43__2,1204,N,False
3,reel58__0,reel42__8,1204,N,False
3,bot55__4,reel27__3,1204,N,False
3,108,57,1204,N,False
3,108,bot0__9,1204,N,False
3,108,bot1__9,1204,N,False
3,108,reel31__8,1204,N,False
3,108,bot43__6,1204,N,False
3,108,reel44__6,1204,N,False
3,reel5__5,bot11__8,1204,N,False
3,reel5__5,bot15__6,1204,N,False
3,reel5__5,bot33__2,1204,N,False
3,reel5__5,reel48__3,1204,N,False
3,reel6__4,47,1204,N,False
3,reel6__4,reel4__9,1204,N,False
3,reel6__4,reel22__1,1204,N,False
3,reel6__4,reel45__1,1204,N,False
3,bot46__6,bot36__0,1204,N,False
3,bot7__9,88,1204,N,False
3,21,88,1204,N,False
3,bot7__9,bot9__9,1204,N,False
3,bot7__9,bot10__4,1204,N,False
3,122,345,1204,N,False
3,21,345,1204,N,False
3,315,345,1204,N,False
3,122,5,1204,N,False
3,315,5,1204,N,False
3,122,141,1204,N,False
3,122,276,1204,N,False
3,bot5__1,276,1204,N,False
3,122,98,1204,N,False
3,21,98,1204,N,False
3,315,98,1204,N,False
3,122,224,1204,N,False
3,315,224,1204,N,False
3,122,3,1204,N,False
3,122,45,1204,N,False
3,bot5__1,45,1204,N,False
3,122,56,1204,N,False
3,21,56,1204,N,False
3,315,56,1204,N,False
3,122,239,1204,N,False
3,21,239,1204,N,False
3,122,123,1204,N,False
3,21,123,1204,N,False
3,122,31,1204,N,False
3,21,31,1204,N,False
3,122,203,1204,N,False
3,21,203,1204,N,False
3,315,203,1204,N,False
3,122,261,1204,N,False
3,122,25,1204,N,False
3,21,25,1204,N,False
3,122,55,1204,N,False
3,21,55,1204,N,False
3,122,304,1204,N,False
3,21,304,1204,N,False
3,315,304,1204,N,False
3,122,213,1204,N,False
3,315,213,1204,N,False
3,122,332,1204,N,False
3,21,332,1204,N,False
3,122,104,1204,N,False
3,21,104,1204,N,False
3,122,236,1204,N,False
3,21,236,1204,N,False
3,315,236,1204,N,False
3,122,170,1204,N,False
3,21,170,1204,N,False
3,315,170,1204,N,False
3,122,161,1204,N,False
3,21,161,1204,N,False
3,122,235,1204,N,False
3,21,235,1204,N,False
3,122,188,1204,N,False
3,21,188,1204,N,False
3,315,188,1204,N,False
3,122,277,1204,N,False
3,21,277,1204,N,False
3,315,277,1204,N,False
3,122,66,1204,N,False
3,21,66,1204,N,False
3,122,67,1204,N,False
3,21,67,1204,N,False
3,315,67,1204,N,False
3,122,bot25__5,1204,N,False
3,122,reel36__7,1204,N,False
3,bot20__8,reel4__8,1204,N,False
3,bot20__8,bot36__9,1204,N,False
3,315,1,1204,N,False
3,315,231,1204,N,False
3,315,80,1204,N,False
3,315,249,1204,N,False
3,315,257,1204,N,False
3,315,199,1204,N,False
3,315,133,1204,N,False
3,315,94,1204,N,False
3,21,40,1204,N,False
3,315,40,1204,N,False
3,21,105,1204,N,False
3,315,105,1204,N,False
3,315,reel7__5,1204,N,False
3,315,reel19__7,1204,N,False
3,315,reel22__2,1204,N,False
3,21,165,1204,N,False
3,21,bot5__3,1204,N,False
3,21,bot16__1,1204,N,False
3,21,bot27__1,1204,N,False
3,21,reel46__4,1204,N,False
3,bot56__9,reel24__1,1204,N,False
3,bot56__9,reel42__1,1204,N,False
3,bot14__8,233,1204,N,False
3,bot14__8,bot47__2,1204,N,False
3,reel9__3,305,1204,N,False
3,reel9__3,bot31__7,1204,N,False
3,reel9__3,bot32__5,1204,N,False
3,reel9__3,reel50__6,1204,N,False
3,reel8__4,295,1204,N,False
3,reel8__4,bot14__6,1204,N,False
3,reel8__4,bot22__5,1204,N,False
3,reel8__4,bot26__2,1204,N,False
3,reel8__4,reel26__0,1204,N,False
3,bot5__1,202,1204,N,False
3,reel20__5,3,1205,N,False
3,67,3,1205,N,False
3,reel20__5,reel15__3,1205,N,False
3,reel20__5,reel25__3,1205,N,False
3,reel20__5,bot26__4,1205,N,False
3,reel20__5,reel50__9,1205,N,False
3,134,56,1205,N,False
3,67,56,1205,N,False
3,98,56,1205,N,False
3,67,141,1205,N,False
3,98,141,1205,N,False
3,67,45,1205,N,False
3,bot22__1,104,1205,N,False
3,67,104,1205,N,False
3,98,104,1205,N,False
3,67,332,1205,N,False
3,98,332,1205,N,False
3,134,203,1205,N,False
3,67,203,1205,N,False
3,98,203,1205,N,False
3,67,123,1205,N,False
3,98,123,1205,N,False
3,67,290,1205,N,False
3,134,9,1205,N,False
3,67,9,1205,N,False
3,67,186,1205,N,False
3,98,186,1205,N,False
3,134,248,1205,N,False
3,67,248,1205,N,False
3,67,265,1205,N,False
3,98,265,1205,N,False
3,134,113,1205,N,False
3,67,113,1205,N,False
3,98,113,1205,N,False
3,134,66,1205,N,False
3,67,66,1205,N,False
3,67,271,1205,N,False
3,98,271,1205,N,False
3,134,26,1205,N,False
3,67,26,1205,N,False
3,98,26,1205,N,False
3,134,277,1205,N,False
3,168,277,1205,N,False
3,67,277,1205,N,False
3,98,277,1205,N,False
3,67,79,1205,N,False
3,67,25,1205,N,False
3,98,25,1205,N,False
3,67,303,1205,N,False
3,67,261,1205,N,False
3,98,261,1205,N,False
3,168,158,1205,N,False
3,67,158,1205,N,False
3,67,170,1205,N,False
3,98,170,1205,N,False
3,134,199,1205,N,False
3,67,199,1205,N,False
3,98,199,1205,N,False
3,67,169,1205,N,False
3,134,334,1205,N,False
3,67,334,1205,N,False
3,67,315,1205,N,False
3,98,315,1205,N,False
3,67,40,1205,N,False
3,67,122,1205,N,False
3,98,122,1205,N,False
3,67,bot3__8,1205,N,False
3,67,reel9__9,1205,N,False
3,67,bot48__0,1205,N,False
3,bot30__9,bot0__9,1205,N,False
3,bot30__9,183,1205,N,False
3,reel3__5,reel12__0,1205,N,False
3,reel3__5,reel18__5,1205,N,False
3,bot20__1,35,1205,N,False
3,bot22__1,110,1205,N,False
3,bot22__1,bot38__5,1205,N,False
3,bot22__1,bot42__1,1205,N,False
3,bot54__2,reel26__1,1205,N,False
3,bot54__2,bot53__4,1205,N,False
3,168,347,1205,N,False
3,168,129,1205,N,False
3,168,22,1205,N,False
3,168,reel5__7,1205,N,False
3,168,bot13__7,1205,N,False
3,168,reel39__3,1205,N,False
3,reel1__1,86,1205,N,False
3,134,238,1205,N,False
3,98,238,1205,N,False
3,134,bot0__6,1205,N,False
3,134,reel5__3,1205,N,False
3,134,bot47__8,1205,N,False
3,134,bot58__8,1205,N,False
3,98,211,1205,N,False
3,98,276,1205,N,False
3,98,reel42__2,1205,N,False
3,300,reel3__1,1206,N,False
3,300,bot15__5,1206,N,False
3,bot14__5,bot12__8,1206,N,False
3,bot14__5,337,1206,N,False
3,175,225,1206,N,False
3,68,225,1206,N,False
3,227,225,1206,N,False
3,68,bot13__5,1206,N,False
3,68,bot36__1,1206,N,False
3,108,bot0__9,1206,N,False
3,108,bot1__9,1206,N,False
3,108,reel31__8,1206,N,False
3,108,reel44__1,1206,N,False
3,197,reel8__4,1206,N,False
3,197,reel9__3,1206,N,False
3,175,23,1206,N,False
3,227,23,1206,N,False
3,175,86,1206,N,False
3,227,86,1206,N,False
3,175,278,1206,N,False
3,227,278,1206,N,False
3,175,19,1206,N,False
3,227,19,1206,N,False
3,227,bot11__4,1206,N,False
3,227,reel29__0,1206,N,False
3,184,reel29__3,1206,N,False
3,184,bot43__9,1206,N,False
3,184,reel45__0,1206,N,False
3,184,bot50__9,1206,N,False
3,309,bot12__6,1206,N,False
3,329,bot12__6,1206,N,False
3,309,bot22__7,1206,N,False
3,36,bot6__8,1206,N,False
3,36,reel30__4,1206,N,False
3,36,reel35__9,1206,N,False
3,36,bot36__3,1206,N,False
3,36,bot60__8,1206,N,False
3,reel7__9,291,1206,N,False
3,329,291,1206,N,False
3,329,332,1206,N,False
3,329,150,1206,N,False
3,329,40,1206,N,False
3,80,204,1206,N,False
3,329,204,1206,N,False
3,80,315,1206,N,False
3,329,315,1206,N,False
3,329,16,1206,N,False
3,329,27,1206,N,False
3,329,9,1206,N,False
3,329,178,1206,N,False
3,329,reel39__9,1206,N,False
3,reel1__2,265,1206,N,False
3,reel1__2,reel2__5,1206,N,False
3,reel1__2,reel19__2,1206,N,False
3,reel1__2,reel33__7,1206,N,False
3,reel20__7,50,1206,N,False
3,reel20__7,bot22__6,1206,N,False
3,reel20__7,bot32__0,1206,N,False
3,127,reel6__4,1206,N,False
3,127,reel58__0,1206,N,False
3,281,reel5__5,1206,N,False
3,296,reel2__1,1206,N,False
3,80,187,1206,N,False
3,80,24,1206,N,False
3,80,101,1206,N,False
3,80,266,1206,N,False
3,80,180,1206,N,False
3,80,249,1206,N,False
3,80,173,1206,N,False
3,80,bot2__7,1206,N,False
3,80,reel4__9,1206,N,False
3,80,bot9__3,1206,N,False
3,80,bot11__8,1206,N,False
3,80,bot16__9,1206,N,False
3,80,bot25__9,1206,N,False
3,bot15__7,bot32__4,1206,N,False
3,175,321,1206,N,False
3,175,reel11__5,1206,N,False
3,175,reel38__4,1206,N,False
3,251,reel10__3,1206,N,False
3,251,reel19__8,1206,N,False
3,251,reel55__4,1206,N,False
3,reel7__9,bot9__8,1206,N,False
3,reel5__3,134,1207,N,False
3,reel5__3,bot7__0,1207,N,False
3,reel5__3,bot26__7,1207,N,False
3,reel5__3,reel46__0,1207,N,False
3,bot37__0,reel12__7,1207,N,False
3,bot37__0,bot4__3,1207,N,False
3,bot6__1,187,1207,N,False
3,bot6__1,bot15__1,1207,N,False
3,bot6__1,bot25__3,1207,N,False
3,bot56__1,reel36__2,1207,N,False
3,bot56__1,bot60__5,1207,N,False
3,213,57,1207,N,False
3,213,7,1207,N,False
3,213,340,1207,N,False
3,213,285,1207,N,False
3,213,40,1207,N,False
3,213,315,1207,N,False
3,213,224,1207,N,False
3,213,122,1207,N,False
3,213,161,1207,N,False
3,213,308,1207,N,False
3,213,332,1207,N,False
3,213,236,1207,N,False
3,213,80,1207,N,False
3,213,239,1207,N,False
3,213,56,1207,N,False
3,213,303,1207,N,False
3,213,bot2__2,1207,N,False
3,213,reel33__9,1207,N,False
3,213,reel37__5,1207,N,False
3,reel19__9,226,1207,N,False
3,reel19__9,bot44__9,1207,N,False
3,reel1__1,88,1207,N,False
3,reel1__1,230,1207,N,False
3,reel1__1,bot18__7,1207,N,False
3,reel1__1,reel19__6,1207,N,False
3,reel1__1,bot35__5,1207,N,False
3,225,68,1207,N,False
3,225,99,1207,N,False
3,278,99,1207,N,False
3,225,reel23__4,1207,N,False
3,278,bot10__0,1207,N,False
3,278,bot24__4,1207,N,False
3,278,bot34__2,1207,N,False
3,bot12__6,reel11__9,1208,N,False
3,bot12__6,bot26__3,1208,N,False
3,reel8__6,bot33__8,1208,N,False
3,reel8__5,195,1208,N,False
3,reel8__5,150,1208,N,False
3,329,150,1208,N,False
3,reel8__5,bot26__2,1208,N,False
3,reel8__4,bot26__2,1208,N,False
3,reel8__5,bot39__6,1208,N,False
3,139,bot8__7,1208,N,False
3,139,reel19__1,1208,N,False
3,139,bot23__3,1208,N,False
3,139,bot51__6,1208,N,False
3,139,bot60__4,1208,N,False
3,bot39__8,30,1208,N,False
3,329,30,1208,N,False
3,bot39__8,147,1208,N,False
3,bot39__8,bot58__2,1208,N,False
3,reel11__2,81,1208,N,False
3,reel11__2,reel4__6,1208,N,False
3,reel8__4,reel0__9,1208,N,False
3,reel5__5,reel0__9,1208,N,False
3,reel5__5,bot11__8,1208,N,False
3,reel5__5,bot15__6,1208,N,False
3,reel5__5,reel16__1,1208,N,False
3,reel5__5,reel30__6,1208,N,False
3,reel5__5,reel48__3,1208,N,False
3,122,285,1208,N,False
3,122,345,1208,N,False
3,159,345,1208,N,False
3,21,345,1208,N,False
3,122,200,1208,N,False
3,21,200,1208,N,False
3,122,5,1208,N,False
3,122,128,1208,N,False
3,21,119,1208,N,False
3,122,119,1208,N,False
3,329,119,1208,N,False
3,122,45,1208,N,False
3,122,56,1208,N,False
3,21,56,1208,N,False
3,122,239,1208,N,False
3,21,239,1208,N,False
3,reel4__2,239,1208,N,False
3,122,136,1208,N,False
3,21,136,1208,N,False
3,122,169,1208,N,False
3,21,169,1208,N,False
3,122,203,1208,N,False
3,21,203,1208,N,False
3,122,261,1208,N,False
3,122,25,1208,N,False
3,21,25,1208,N,False
3,122,55,1208,N,False
3,21,55,1208,N,False
3,122,303,1208,N,False
3,122,213,1208,N,False
3,21,332,1208,N,False
3,122,332,1208,N,False
3,329,332,1208,N,False
3,122,104,1208,N,False
3,21,104,1208,N,False
3,122,236,1208,N,False
3,21,236,1208,N,False
3,122,188,1208,N,False
3,21,188,1208,N,False
3,122,271,1208,N,False
3,21,271,1208,N,False
3,122,277,1208,N,False
3,159,277,1208,N,False
3,21,277,1208,N,False
3,122,176,1208,N,False
3,122,113,1208,N,False
3,21,315,1208,N,False
3,122,315,1208,N,False
3,329,315,1208,N,False
3,21,9,1208,N,False
3,122,9,1208,N,False
3,329,9,1208,N,False
3,122,67,1208,N,False
3,21,67,1208,N,False
3,122,bot25__5,1208,N,False
3,329,54,1208,N,False
3,329,204,1208,N,False
3,329,16,1208,N,False
3,329,27,1208,N,False
3,21,308,1208,N,False
3,329,308,1208,N,False
3,329,bot29__7,1208,N,False
3,329,reel39__2,1208,N,False
3,bot4__2,162,1208,N,False
3,bot4__2,bot27__7,1208,N,False
3,21,88,1208,N,False
3,21,223,1208,N,False
3,21,105,1208,N,False
3,21,121,1208,N,False
3,21,13,1208,N,False
3,21,bot5__3,1208,N,False
3,21,bot16__1,1208,N,False
3,159,bot0__3,1208,N,False
3,159,bot9__4,1208,N,False
3,159,reel13__7,1208,N,False
3,159,reel20__2,1208,N,False
3,reel4__9,80,1208,N,False
3,reel4__9,347,1208,N,False
3,reel4__9,reel30__0,1208,N,False
3,reel4__9,reel42__5,1208,N,False
3,bot4__1,86,1208,N,False
3,reel55__2,179,1208,N,False
3,reel8__4,bot14__6,1208,N,False
3,reel8__4,reel18__8,1208,N,False
3,reel8__4,bot22__5,1208,N,False
3,reel8__4,bot23__1,1208,N,False
3,bot1__9,bot0__5,1208,N,False
3,reel4__2,bot7__1,1208,N,False
3,reel4__2,bot14__7,1208,N,False
3,310,bot55__8,1209,N,False
3,293,bot2__6,1209,N,False
3,328,bot2__6,1209,N,False
3,293,bot16__7,1209,N,False
3,293,reel36__6,1209,N,False
3,293,bot43__8,1209,N,False
3,68,bot10__7,1209,N,False
3,51,bot10__7,1209,N,False
3,51,reel29__4,1209,N,False
3,31,reel35__6,1209,N,False
3,51,reel35__6,1209,N,False
3,51,bot45__5,1209,N,False
3,2,reel53__0,1209,N,False
3,51,reel53__0,1209,N,False
3,131,reel53__0,1209,N,False
3,135,reel43__7,1209,N,False
3,319,bot9__9,1209,N,False
3,reel8__3,reel9__6,1209,N,False
3,reel43__6,reel9__6,1209,N,False
3,203,reel2__9,1209,N,False
3,40,reel2__9,1209,N,False
3,59,reel2__9,1209,N,False
3,bot53__1,reel4__1,1209,N,False
3,59,reel4__1,1209,N,False
3,59,reel5__4,1209,N,False
3,9,reel5__4,1209,N,False
3,224,bot16__6,1209,N,False
3,59,bot16__6,1209,N,False
3,59,reel33__0,1209,N,False
3,332,reel50__7,1209,N,False
3,49,reel58__3,1209,N,False
3,332,reel58__3,1209,N,False
3,104,reel0__5,1209,N,False
3,141,reel0__5,1209,N,False
3,141,reel20__4,1209,N,False
3,341,bot21__7,1209,N,False
3,141,bot21__7,1209,N,False
3,141,reel31__3,1209,N,False
3,329,reel39__2,1209,N,False
3,141,reel39__2,1209,N,False
3,bot25__8,reel12__9,1209,N,False
3,221,reel12__9,1209,N,False
3,199,reel12__9,1209,N,False
3,reel43__6,reel47__2,1209,N,False
3,reel43__6,bot49__9,1209,N,False
3,reel43__6,reel55__0,1209,N,False
3,78,reel45__9,1209,N,False
3,78,reel48__2,1209,N,False
3,63,bot15__3,1209,N,False
3,314,bot15__3,1209,N,False
3,167,bot15__3,1209,N,False
3,203,bot42__5,1209,N,False
3,149,bot42__5,1209,N,False
3,149,bot59__3,1209,N,False
3,22,bot59__3,1209,N,False
3,193,reel36__8,1209,N,False
3,288,bot1__7,1209,N,False
3,73,bot1__7,1209,N,False
3,288,bot24__9,1209,N,False
3,199,bot14__9,1209,N,False
3,199,reel31__1,1209,N,False
3,22,reel31__1,1209,N,False
3,56,bot1__4,1209,N,False
3,31,bot1__4,1209,N,False
3,130,bot1__4,1209,N,False
3,56,bot19__6,1209,N,False
3,40,reel3__2,1209,N,False
3,328,reel3__2,1209,N,False
3,133,reel3__2,1209,N,False
3,40,bot23__0,1209,N,False
3,40,reel33__6,1209,N,False
3,5,reel33__6,1209,N,False
3,40,reel34__0,1209,N,False
3,284,reel34__0,1209,N,False
3,bot35__4,reel34__0,1209,N,False
3,40,bot35__7,1209,N,False
3,173,bot35__7,1209,N,False
3,40,reel36__7,1209,N,False
3,113,reel36__7,1209,N,False
3,173,reel3__8,1209,N,False
3,79,reel3__8,1209,N,False
3,309,reel3__8,1209,N,False
3,309,bot4__1,1209,N,False
3,309,bot4__2,1209,N,False
3,reel52__2,reel23__4,1209,N,False
3,reel44__7,reel24__1,1209,N,False
3,reel44__7,reel42__9,1209,N,False
3,reel23__3,reel42__9,1209,N,False
3,reel44__7,bot56__3,1209,N,False
3,5,bot56__3,1209,N,False
3,121,bot18__6,1209,N,False
3,38,bot18__6,1209,N,False
3,121,reel50__2,1209,N,False
3,66,bot1__1,1209,N,False
3,268,bot1__1,1209,N,False
3,268,reel27__7,1209,N,False
3,268,reel28__0,1209,N,False
3,267,reel30__2,1209,N,False
3,267,bot34__7,1209,N,False
3,285,bot7__8,1209,N,False
3,113,bot7__8,1209,N,False
3,bot0__5,bot7__8,1209,N,False
3,bot0__5,bot12__7,1209,N,False
3,bot0__5,bot56__8,1209,N,False
3,bot2__7,reel0__7,1209,N,False
3,119,reel0__7,1209,N,False
3,201,reel0__7,1209,N,False
3,71,reel0__7,1209,N,False
3,274,bot17__1,1209,N,False
3,119,bot17__1,1209,N,False
3,261,reel8__2,1209,N,False
3,bot20__0,reel8__2,1209,N,False
3,261,bot10__9,1209,N,False
3,reel4__9,reel30__0,1209,N,False
3,296,reel11__4,1209,N,False
3,173,reel11__4,1209,N,False
3,238,reel11__4,1209,N,False
3,238,bot31__7,1209,N,False
3,120,bot40__9,1209,N,False
3,238,bot40__9,1209,N,False
3,29,bot51__0,1209,N,False
3,341,reel8__0,1209,N,False
3,341,reel47__6,1209,N,False
3,304,bot21__6,1209,N,False
3,16,reel34__6,1209,N,False
3,16,reel45__7,1209,N,False
3,reel47__8,reel58__8,1209,N,False
3,274,bot6__6,1209,N,False
3,63,bot6__6,1209,N,False
3,63,bot7__2,1209,N,False
3,2,bot7__2,1209,N,False
3,5,reel42__8,1209,N,False
3,bot60__5,bot56__1,1209,N,False
3,88,bot7__9,1209,N,False
3,182,bot7__9,1209,N,False
3,182,bot12__5,1209,N,False
3,203,bot28__3,1209,N,False
3,308,bot0__8,1209,N,False
3,220,bot0__8,1209,N,False
3,308,reel15__3,1209,N,False
3,296,reel2__1,1209,N,False
3,277,reel2__1,1209,N,False
3,277,bot7__1,1209,N,False
3,277,reel19__5,1209,N,False
3,167,bot0__1,1209,N,False
3,bot2__7,bot13__8,1209,N,False
3,167,bot13__8,1209,N,False
3,173,reel19__0,1209,N,False
3,167,reel19__0,1209,N,False
3,167,bot29__4,1209,N,False
3,167,bot58__8,1209,N,False
3,167,reel58__4,1209,N,False
3,93,reel7__7,1209,N,False
3,191,bot6__4,1209,N,False
3,10,bot6__4,1209,N,False
3,191,bot28__4,1209,N,False
3,191,bot52__4,1209,N,False
3,239,reel39__0,1209,N,False
3,328,reel39__0,1209,N,False
3,239,bot60__0,1209,N,False
3,318,bot0__7,1209,N,False
3,198,reel10__0,1209,N,False
3,318,reel10__0,1209,N,False
3,318,reel37__3,1209,N,False
3,318,bot45__1,1209,N,False
3,318,bot52__6,1209,N,False
3,318,reel54__4,1209,N,False
3,49,reel52__1,1209,N,False
3,259,bot4__7,1209,N,False
3,68,bot4__7,1209,N,False
3,255,bot24__6,1209,N,False
3,342,bot24__6,1209,N,False
3,154,bot18__3,1209,N,False
3,220,reel30__6,1209,N,False
3,229,reel9__4,1209,N,False
3,reel12__7,reel9__4,1209,N,False
3,136,reel9__4,1209,N,False
3,reel12__7,bot37__0,1209,N,False
3,229,reel28__7,1209,N,False
3,255,reel28__7,1209,N,False
3,131,bot42__9,1209,N,False
3,28,reel3__6,1209,N,False
3,reel47__0,bot52__1,1209,N,False
3,97,reel14__8,1209,N,False
3,97,bot21__4,1209,N,False
3,97,reel23__2,1209,N,False
3,229,bot4__0,1209,N,False
3,333,reel18__4,1209,N,False
3,229,reel18__4,1209,N,False
3,9,reel18__4,1209,N,False
3,79,reel10__1,1209,N,False
3,111,reel10__1,1209,N,False
3,79,bot53__6,1209,N,False
3,142,reel16__0,1209,N,False
3,155,bot32__8,1209,N,False
3,142,bot32__8,1209,N,False
3,117,reel11__1,1209,N,False
3,195,reel12__6,1209,N,False
3,117,reel12__6,1209,N,False
3,117,bot29__9,1209,N,False
3,3,reel1__0,1209,N,False
3,50,reel1__8,1209,N,False
3,3,reel1__8,1209,N,False
3,3,reel20__6,1209,N,False
3,195,reel30__7,1209,N,False
3,3,reel30__7,1209,N,False
3,3,reel49__3,1209,N,False
3,3,bot54__9,1209,N,False
3,104,bot54__9,1209,N,False
3,169,reel48__9,1209,N,False
3,265,reel28__8,1209,N,False
3,22,reel28__8,1209,N,False
3,265,reel58__7,1209,N,False
3,109,reel31__5,1209,N,False
3,bot49__3,reel37__7,1209,N,False
3,152,reel36__1,1209,N,False
3,72,reel28__9,1209,N,False
3,201,reel28__9,1209,N,False
3,137,reel37__6,1209,N,False
3,reel23__3,reel37__6,1209,N,False
3,198,reel40__9,1209,N,False
3,reel23__3,reel40__9,1209,N,False
3,13,bot5__7,1209,N,False
3,13,reel34__7,1209,N,False
3,244,reel34__7,1209,N,False
3,reel0__3,bot1__6,1209,N,False
3,reel0__3,bot10__4,1209,N,False
3,reel0__3,bot14__1,1209,N,False
3,reel0__3,bot22__3,1209,N,False
3,279,bot10__0,1209,N,False
3,328,bot1__5,1209,N,False
3,328,bot6__2,1209,N,False
3,120,bot6__2,1209,N,False
3,328,reel47__4,1209,N,False
3,328,reel48__0,1209,N,False
3,bot21__2,reel14__4,1209,N,False
3,reel10__9,bot37__8,1209,N,False
3,bot21__2,bot37__8,1209,N,False
3,70,bot3__1,1209,N,False
3,128,bot36__0,1209,N,False
3,70,bot36__0,1209,N,False
3,reel27__4,reel45__5,1209,N,False
3,284,reel8__6,1209,N,False
3,284,bot39__8,1209,N,False
3,52,reel38__5,1209,N,False
3,132,reel38__5,1209,N,False
3,132,reel40__0,1209,N,False
3,259,bot51__9,1209,N,False
3,132,bot51__9,1209,N,False
3,bot31__0,bot22__1,1209,N,False
3,104,bot22__1,1209,N,False
3,bot31__0,bot46__1,1209,N,False
3,61,bot16__2,1209,N,False
3,307,bot16__2,1209,N,False
3,61,bot41__7,1209,N,False
3,259,reel7__8,1209,N,False
3,259,bot25__3,1209,N,False
3,bot6__1,bot25__3,1209,N,False
3,259,reel51__3,1209,N,False
3,179,reel51__3,1209,N,False
3,88,reel1__1,1209,N,False
3,bot18__7,reel1__1,1209,N,False
3,reel39__6,reel7__2,1209,N,False
3,57,reel7__2,1209,N,False
3,bot18__7,reel7__2,1209,N,False
3,71,bot8__4,1209,N,False
3,71,bot11__2,1209,N,False
3,324,bot11__2,1209,N,False
3,71,bot11__5,1209,N,False
3,71,bot24__4,1209,N,False
3,71,reel27__3,1209,N,False
3,9,bot33__1,1209,N,False
3,67,bot3__8,1209,N,False
3,214,bot3__8,1209,N,False
3,214,bot52__8,1209,N,False
3,214,reel57__4,1209,N,False
3,252,reel31__2,1209,N,False
3,50,reel52__9,1209,N,False
3,221,reel11__5,1209,N,False
3,155,bot2__1,1209,N,False
3,339,bot2__1,1209,N,False
3,62,reel17__8,1209,N,False
3,155,reel17__8,1209,N,False
3,173,bot10__2,1209,N,False
3,reel11__6,reel9__5,1209,N,False
3,reel11__6,bot42__3,1209,N,False
3,reel11__6,reel58__1,1209,N,False
3,128,reel4__6,1209,N,False
3,128,reel8__9,1209,N,False
3,128,reel38__7,1209,N,False
3,133,reel19__3,1209,N,False
3,307,reel19__3,1209,N,False
3,133,bot20__3,1209,N,False
3,133,reel21__6,1209,N,False
3,133,reel38__9,1209,N,False
3,179,reel11__8,1209,N,False
3,327,reel11__8,1209,N,False
3,179,reel55__2,1209,N,False
3,166,reel6__9,1209,N,False
3,73,reel6__9,1209,N,False
3,120,reel21__3,1209,N,False
3,73,reel21__3,1209,N,False
3,108,bot0__9,1209,N,False
3,108,reel31__8,1209,N,False
3,137,reel31__8,1209,N,False
3,108,bot43__6,1209,N,False
3,reel32__7,reel36__5,1209,N,False
3,reel32__7,reel53__3,1209,N,False
3,197,reel8__4,1209,N,False
3,197,reel9__3,1209,N,False
3,2,reel9__3,1209,N,False
3,111,reel29__0,1209,N,False
3,233,reel29__0,1209,N,False
3,233,reel48__3,1209,N,False
3,206,bot36__5,1209,N,False
3,294,reel9__9,1209,N,False
3,67,reel9__9,1209,N,False
3,72,reel23__7,1209,N,False
3,67,reel23__7,1209,N,False
3,67,bot48__0,1209,N,False
3,166,bot1__8,1209,N,False
3,243,bot1__8,1209,N,False
3,166,reel13__5,1209,N,False
3,333,bot46__7,1209,N,False
3,333,bot47__2,1209,N,False
3,202,reel2__5,1209,N,False
3,202,bot5__1,1209,N,False
3,202,reel10__6,1209,N,False
3,202,bot23__7,1209,N,False
3,bot5__8,bot13__2,1209,N,False
3,17,reel3__3,1209,N,False
3,36,reel35__9,1209,N,False
3,52,bot60__8,1209,N,False
3,36,bot60__8,1209,N,False
3,2,reel10__7,1209,N,False
3,2,reel11__3,1209,N,False
3,337,bot14__5,1209,N,False
3,320,bot14__5,1209,N,False
3,337,reel15__1,1209,N,False
3,324,reel1__9,1209,N,False
3,64,bot4__3,1209,N,False
3,324,bot4__3,1209,N,False
3,324,reel7__1,1209,N,False
3,324,reel53__8,1209,N,False
3,297,reel3__5,1209,N,False
3,297,bot22__9,1209,N,False
3,297,bot28__0,1209,N,False
3,reel10__9,reel4__5,1209,N,False
3,62,reel4__5,1209,N,False
3,289,reel4__5,1209,N,False
3,144,reel15__5,1209,N,False
3,31,reel15__5,1209,N,False
3,289,reel15__5,1209,N,False
3,bot4__8,bot60__7,1209,N,False
3,reel41__1,bot60__7,1209,N,False
3,257,reel28__5,1209,N,False
3,62,bot27__2,1209,N,False
3,62,reel32__0,1209,N,False
3,62,bot40__5,1209,N,False
3,62,reel41__8,1209,N,False
3,62,reel52__3,1209,N,False
3,137,reel46__2,1209,N,False
3,88,bot14__4,1209,N,False
3,88,bot48__3,1209,N,False
3,81,reel11__2,1209,N,False
3,31,reel11__2,1209,N,False
3,244,reel16__4,1209,N,False
3,244,bot22__4,1209,N,False
3,244,reel49__1,1209,N,False
3,274,reel6__5,1209,N,False
3,219,bot6__7,1209,N,False
3,307,bot6__7,1209,N,False
3,219,reel12__5,1209,N,False
3,219,bot13__1,1209,N,False
3,reel40__8,reel19__8,1209,N,False
3,reel40__8,bot46__0,1209,N,False
3,bot20__0,bot46__0,1209,N,False
3,307,bot2__9,1209,N,False
3,91,reel6__1,1209,N,False
3,111,reel1__7,1209,N,False
3,111,bot13__9,1209,N,False
3,10,bot26__1,1209,N,False
3,10,bot33__2,1209,N,False
3,reel24__7,bot39__7,1209,N,False
3,10,bot39__7,1209,N,False
3,224,bot17__5,1209,N,False
3,224,reel39__5,1209,N,False
3,224,reel46__6,1209,N,False
3,69,reel2__0,1209,N,False
3,298,reel17__3,1209,N,False
3,298,reel43__9,1209,N,False
3,298,reel50__0,1209,N,False
3,253,reel44__0,1209,N,False
3,329,reel39__9,1209,N,False
3,64,reel6__8,1209,N,False
3,198,reel1__3,1209,N,False
3,339,reel1__3,1209,N,False
3,198,bot27__0,1209,N,False
3,198,reel30__9,1209,N,False
3,198,reel39__7,1209,N,False
3,198,reel57__2,1209,N,False
3,reel10__9,reel57__2,1209,N,False
3,320,bot10__1,1209,N,False
3,320,reel25__5,1209,N,False
3,315,reel19__7,1209,N,False
3,315,reel22__2,1209,N,False
3,315,bot23__3,1209,N,False
3,339,bot35__9,1209,N,False
3,339,reel57__5,1209,N,False
3,140,bot18__2,1209,N,False
3,140,bot47__3,1209,N,False
3,81,bot25__5,1209,N,False
3,161,reel52__0,1209,N,False
3,reel10__9,reel52__0,1209,N,False
3,22,bot31__8,1209,N,False
3,bot6__1,bot8__2,1209,N,False
3,bot6__1,bot28__6,1209,N,False
3,207,bot11__4,1209,N,False
3,bot4__8,bot11__4,1209,N,False
3,321,reel4__0,1209,N,False
3,321,bot26__8,1209,N,False
3,321,reel31__4,1209,N,False
3,327,reel9__2,1209,N,False
3,161,reel22__4,1209,N,False
3,161,bot33__6,1209,N,False
3,35,reel54__8,1209,N,False
3,35,bot55__1,1209,N,False
3,211,bot8__5,1209,N,False
3,211,bot34__5,1209,N,False
3,211,reel43__0,1209,N,False
3,90,reel26__1,1209,N,False
3,bot2__7,bot25__7,1209,N,False
3,bot2__7,bot59__1,1209,N,False
3,bot20__0,bot29__0,1209,N,False
3,reel24__9,reel47__9,1210,N,True
3,314,reel51__6,1210,N,True
3,78,bot8__8,1210,N,True
3,252,bot8__8,1210,N,True
3,302,reel36__2,1210,N,True
3,78,reel36__2,1210,N,True
3,78,reel45__9,1210,N,True
3,78,reel48__2,1210,N,True
3,reel44__5,reel50__9,1210,N,True
3,78,reel50__9,1210,N,True
3,bot1__4,bot42__0,1210,N,True
3,44,bot42__0,1210,N,True
3,262,bot42__0,1210,N,True
3,106,reel12__8,1210,N,True
3,bot37__6,reel12__8,1210,N,True
3,3,reel12__8,1210,N,True
3,192,reel12__8,1210,N,True
3,reel3__3,reel17__3,1210,N,True
3,298,reel17__3,1210,N,True
3,192,reel17__3,1210,N,True
3,198,reel40__9,1210,N,True
3,192,reel40__9,1210,N,True
3,bot5__2,bot14__2,1210,N,True
3,reel2__8,bot14__2,1210,N,True
3,141,bot14__2,1210,N,True
3,321,reel14__0,1210,N,True
3,reel22__4,reel14__0,1210,N,True
3,reel2__8,reel14__0,1210,N,True
3,38,reel14__0,1210,N,True
3,reel2__8,bot24__3,1210,N,True
3,115,bot26__3,1210,N,True
3,reel2__8,bot26__3,1210,N,True
3,reel36__1,reel44__2,1210,N,True
3,reel49__5,reel44__2,1210,N,True
3,94,bot50__5,1210,N,True
3,94,reel57__5,1210,N,True
3,339,reel57__5,1210,N,True
3,bot2__8,reel1__9,1210,N,True
3,85,reel1__9,1210,N,True
3,bot13__3,reel3__7,1210,N,True
3,166,reel3__7,1210,N,True
3,85,reel3__7,1210,N,True
3,reel39__6,reel7__2,1210,N,True
3,57,reel7__2,1210,N,True
3,275,reel7__2,1210,N,True
3,85,reel7__2,1210,N,True
3,85,reel39__8,1210,N,True
3,reel35__4,reel39__8,1210,N,True
3,85,reel45__3,1210,N,True
3,85,reel56__5,1210,N,True
3,85,bot59__4,1210,N,True
3,79,reel3__8,1210,N,True
3,309,reel3__8,1210,N,True
3,309,bot4__1,1210,N,True
3,86,bot4__1,1210,N,True
3,301,bot4__1,1210,N,True
3,reel11__9,bot12__6,1210,N,True
3,309,bot12__6,1210,N,True
3,329,bot12__6,1210,N,True
3,309,reel18__2,1210,N,True
3,309,bot19__5,1210,N,True
3,309,bot22__7,1210,N,True
3,286,bot22__7,1210,N,True
3,reel17__2,bot46__9,1210,N,True
3,reel52__6,reel59__3,1210,N,True
3,86,reel0__0,1210,N,True
3,86,reel2__2,1210,N,True
3,258,reel5__3,1210,N,True
3,86,reel5__3,1210,N,True
3,reel22__5,bot23__6,1210,N,True
3,86,bot23__6,1210,N,True
3,86,reel24__8,1210,N,True
3,133,bot27__1,1210,N,True
3,bot34__1,bot27__1,1210,N,True
3,86,bot27__1,1210,N,True
3,86,reel30__1,1210,N,True
3,14,reel9__6,1210,N,True
3,188,reel9__6,1210,N,True
3,bot24__6,reel9__6,1210,N,True
3,bot17__1,bot16__2,1210,N,True
3,bot26__0,bot16__2,1210,N,True
3,187,bot6__1,1210,N,True
3,133,bot6__1,1210,N,True
3,100,bot6__1,1210,N,True
3,bot15__1,bot6__1,1210,N,True
3,204,reel13__1,1210,N,True
3,71,reel13__1,1210,N,True
3,100,reel13__1,1210,N,True
3,100,bot31__7,1210,N,True
3,321,bot0__5,1210,N,True
3,123,bot0__5,1210,N,True
3,bot56__8,bot0__5,1210,N,True
3,232,bot0__5,1210,N,True
3,bot27__6,reel10__7,1210,N,True
3,reel35__4,reel10__7,1210,N,True
3,2,reel10__7,1210,N,True
3,232,reel10__7,1210,N,True
3,232,reel38__6,1210,N,True
3,263,bot43__0,1210,N,True
3,232,bot43__0,1210,N,True
3,190,bot53__5,1210,N,True
3,232,bot53__5,1210,N,True
3,27,reel21__0,1210,N,True
3,102,reel21__0,1210,N,True
3,5,reel21__0,1210,N,True
3,27,bot31__3,1210,N,True
3,89,bot31__3,1210,N,True
3,27,reel38__3,1210,N,True
3,93,bot3__2,1210,N,True
3,32,bot3__2,1210,N,True
3,337,reel2__6,1210,N,True
3,bot22__9,reel2__6,1210,N,True
3,reel5__4,reel2__6,1210,N,True
3,190,reel2__6,1210,N,True
3,reel17__9,reel2__6,1210,N,True
3,reel5__4,reel58__4,1210,N,True
3,167,reel58__4,1210,N,True
3,68,bot4__7,1210,N,True
3,87,reel4__7,1210,N,True
3,reel20__9,reel4__7,1210,N,True
3,68,reel4__7,1210,N,True
3,150,reel4__7,1210,N,True
3,106,bot10__7,1210,N,True
3,68,bot10__7,1210,N,True
3,51,bot10__7,1210,N,True
3,bot0__7,bot36__1,1210,N,True
3,68,bot36__1,1210,N,True
3,242,bot36__1,1210,N,True
3,336,reel0__4,1210,N,True
3,151,reel0__4,1210,N,True
3,151,bot43__4,1210,N,True
3,63,reel14__1,1210,N,True
3,bot34__5,reel14__1,1210,N,True
3,260,reel14__1,1210,N,True
3,165,reel14__1,1210,N,True
3,bot34__5,bot55__8,1210,N,True
3,bot15__0,bot18__5,1210,N,True
3,263,reel6__3,1210,N,True
3,reel15__2,reel6__3,1210,N,True
3,51,reel6__3,1210,N,True
3,reel37__4,reel6__3,1210,N,True
3,196,reel29__5,1210,N,True
3,reel36__6,reel29__5,1210,N,True
3,reel15__2,reel29__5,1210,N,True
3,bot47__5,reel29__5,1210,N,True
3,reel15__2,reel42__5,1210,N,True
3,reel15__2,bot44__8,1210,N,True
3,46,bot54__6,1210,N,True
3,reel15__2,bot54__6,1210,N,True
3,327,bot16__9,1210,N,True
3,131,bot16__9,1210,N,True
3,131,bot42__9,1210,N,True
3,2,reel53__0,1210,N,True
3,51,reel53__0,1210,N,True
3,131,reel53__0,1210,N,True
3,112,reel14__8,1210,N,True
3,reel18__5,reel14__8,1210,N,True
3,97,reel14__8,1210,N,True
3,97,bot21__4,1210,N,True
3,305,reel23__2,1210,N,True
3,97,reel23__2,1210,N,True
3,229,reel28__7,1210,N,True
3,255,reel28__7,1210,N,True
3,229,bot41__3,1210,N,True
3,bot52__8,bot41__3,1210,N,True
3,reel19__5,reel32__3,1210,N,True
3,bot33__7,reel32__3,1210,N,True
3,bot33__7,bot32__4,1210,N,True
3,305,bot0__3,1210,N,True
3,159,bot0__3,1210,N,True
3,305,reel9__3,1210,N,True
3,197,reel9__3,1210,N,True
3,2,reel9__3,1210,N,True
3,129,reel55__5,1210,N,True
3,305,reel55__5,1210,N,True
3,145,reel55__5,1210,N,True
3,305,reel55__8,1210,N,True
3,219,reel12__5,1210,N,True
3,4,reel12__5,1210,N,True
3,reel27__7,reel12__5,1210,N,True
3,reel31__5,reel12__5,1210,N,True
3,bot47__5,reel37__2,1210,N,True
3,bot8__9,bot27__4,1210,N,True
3,bot47__5,bot27__4,1210,N,True
3,reel37__4,reel15__8,1210,N,True
3,202,reel15__8,1210,N,True
3,reel16__5,reel15__8,1210,N,True
3,89,reel15__8,1210,N,True
3,reel5__7,reel15__8,1210,N,True
3,89,reel16__1,1210,N,True
3,164,bot21__3,1210,N,True
3,340,bot21__3,1210,N,True
3,89,bot21__3,1210,N,True
3,bot30__0,reel22__9,1210,N,True
3,89,reel22__9,1210,N,True
3,89,reel31__6,1210,N,True
3,8,bot37__2,1210,N,True
3,46,bot37__2,1210,N,True
3,343,bot37__2,1210,N,True
3,46,bot47__3,1210,N,True
3,140,bot47__3,1210,N,True
3,46,bot53__2,1210,N,True
3,46,reel54__3,1210,N,True
3,6,reel8__6,1210,N,True
3,284,reel8__6,1210,N,True
3,19,reel8__6,1210,N,True
3,249,bot30__5,1210,N,True
3,296,reel11__4,1210,N,True
3,296,reel58__2,1210,N,True
3,286,reel58__2,1210,N,True
3,107,bot5__8,1210,N,True
3,177,bot5__8,1210,N,True
3,107,bot35__4,1210,N,True
3,62,bot35__4,1210,N,True
3,reel34__0,bot35__4,1210,N,True
3,107,reel41__1,1210,N,True
3,reel32__1,reel41__1,1210,N,True
3,92,reel41__1,1210,N,True
3,107,reel47__8,1210,N,True
3,reel27__6,reel47__8,1210,N,True
3,301,reel47__8,1210,N,True
3,248,bot39__4,1210,N,True
3,132,bot39__4,1210,N,True
3,106,reel25__3,1210,N,True
3,reel27__7,reel25__3,1210,N,True
3,reel36__6,bot50__8,1210,N,True
3,reel27__7,bot50__8,1210,N,True
3,198,reel57__6,1210,N,True
3,reel27__7,reel57__6,1210,N,True
3,204,bot6__0,1210,N,True
3,328,bot6__0,1210,N,True
3,71,bot6__0,1210,N,True
3,71,bot8__4,1210,N,True
3,71,bot11__2,1210,N,True
3,71,reel18__6,1210,N,True
3,71,bot24__4,1210,N,True
3,278,bot24__4,1210,N,True
3,71,reel27__3,1210,N,True
3,reel0__7,reel27__3,1210,N,True
3,71,reel53__5,1210,N,True
3,288,reel53__5,1210,N,True
3,reel34__0,reel31__8,1210,N,True
3,bot13__1,bot34__9,1210,N,True
3,reel9__9,bot34__9,1210,N,True
3,bot33__0,bot16__1,1210,N,True
3,reel35__5,reel11__6,1210,N,True
3,330,reel11__6,1210,N,True
3,69,reel11__6,1210,N,True
3,222,bot5__7,1210,N,True
3,318,reel37__3,1210,N,True
3,222,reel37__3,1210,N,True
3,20,bot15__4,1210,N,True
3,reel38__7,reel34__4,1210,N,True
3,reel47__4,reel46__5,1210,N,True
3,reel38__7,reel46__5,1210,N,True
3,64,reel7__3,1210,N,True
3,290,reel7__3,1210,N,True
3,290,bot44__5,1210,N,True
3,178,reel13__2,1210,N,True
3,57,reel13__2,1210,N,True
3,111,reel13__2,1210,N,True
3,57,reel35__0,1210,N,True
3,17,reel35__0,1210,N,True
3,reel4__2,bot14__7,1210,N,True
3,344,bot14__7,1210,N,True
3,320,reel21__4,1210,N,True
3,344,reel21__4,1210,N,True
3,344,reel27__5,1210,N,True
3,36,bot3__4,1210,N,True
3,218,bot3__4,1210,N,True
3,bot0__9,bot11__3,1210,N,True
3,bot20__4,bot11__3,1210,N,True
3,218,bot11__3,1210,N,True
3,140,bot18__2,1210,N,True
3,218,bot18__2,1210,N,True
3,10,bot26__1,1210,N,True
3,218,bot26__1,1210,N,True
3,218,reel55__3,1210,N,True
3,218,bot56__7,1210,N,True
3,337,bot9__3,1210,N,True
3,123,reel13__4,1210,N,True
3,337,reel13__4,1210,N,True
3,337,bot14__5,1210,N,True
3,320,bot14__5,1210,N,True
3,258,reel15__1,1210,N,True
3,337,reel15__1,1210,N,True
3,123,reel15__1,1210,N,True
3,337,bot31__5,1210,N,True
3,337,reel34__5,1210,N,True
3,reel0__5,bot9__1,1210,N,True
3,bot12__1,bot9__1,1210,N,True
3,bot12__1,bot38__6,1210,N,True
3,bot12__1,bot39__2,1210,N,True
3,reel20__7,bot22__6,1210,N,True
3,reel18__3,bot22__6,1210,N,True
3,28,reel13__8,1210,N,True
3,reel17__5,reel13__8,1210,N,True
3,bot23__3,reel13__8,1210,N,True
3,231,reel13__8,1210,N,True
3,bot18__4,reel13__8,1210,N,True
3,8,reel4__5,1210,N,True
3,62,reel4__5,1210,N,True
3,289,reel4__5,1210,N,True
3,bot18__4,reel4__5,1210,N,True
3,bot18__4,bot27__7,1210,N,True
3,44,bot3__7,1210,N,True
3,330,bot3__7,1210,N,True
3,24,bot3__7,1210,N,True
3,205,bot1__8,1210,N,True
3,166,bot1__8,1210,N,True
3,243,bot1__8,1210,N,True
3,197,bot18__0,1210,N,True
3,243,bot18__0,1210,N,True
3,243,reel19__1,1210,N,True
3,bot15__1,bot26__7,1210,N,True
3,reel6__6,reel51__1,1210,N,True
3,275,reel51__1,1210,N,True
3,246,reel0__3,1210,N,True
3,bot53__0,reel0__3,1210,N,True
3,31,reel0__3,1210,N,True
3,204,reel0__3,1210,N,True
3,31,reel11__2,1210,N,True
3,reel18__9,reel11__2,1210,N,True
3,276,bot25__6,1210,N,True
3,275,bot25__6,1210,N,True
3,275,reel57__4,1210,N,True
3,244,reel16__4,1210,N,True
3,reel54__1,reel34__7,1210,N,True
3,244,reel34__7,1210,N,True
3,129,reel49__1,1210,N,True
3,87,reel49__1,1210,N,True
3,244,reel49__1,1210,N,True
3,bot4__4,bot12__5,1210,N,True
3,182,bot12__5,1210,N,True
3,bot4__4,bot17__4,1210,N,True
3,178,bot7__5,1210,N,True
3,299,bot7__5,1210,N,True
3,10,bot7__5,1210,N,True
3,178,bot35__9,1210,N,True
3,339,bot35__9,1210,N,True
3,178,bot55__6,1210,N,True
3,reel33__9,reel49__2,1210,N,True
3,124,reel15__4,1210,N,True
3,reel26__7,reel15__4,1210,N,True
3,62,reel41__8,1210,N,True
3,reel26__7,reel41__8,1210,N,True
3,bot33__6,reel0__6,1210,N,True
3,231,reel0__6,1210,N,True
3,158,reel0__6,1210,N,True
3,346,reel0__6,1210,N,True
3,126,bot5__9,1210,N,True
3,231,bot5__9,1210,N,True
3,289,bot5__9,1210,N,True
3,bot51__7,bot28__8,1210,N,True
3,160,reel26__4,1210,N,True
3,bot28__2,reel26__4,1210,N,True
3,reel17__0,reel53__1,1210,N,True
3,reel31__5,reel53__1,1210,N,True
3,64,bot4__3,1210,N,True
3,280,reel6__8,1210,N,True
3,64,reel6__8,1210,N,True
3,123,reel6__8,1210,N,True
3,64,bot21__0,1210,N,True
3,220,bot21__0,1210,N,True
3,264,bot8__3,1210,N,True
3,320,bot8__3,1210,N,True
3,263,bot10__1,1210,N,True
3,bot49__0,bot10__1,1210,N,True
3,320,bot10__1,1210,N,True
3,320,bot15__7,1210,N,True
3,320,reel25__5,1210,N,True
3,96,reel25__5,1210,N,True
3,320,reel35__8,1210,N,True
3,216,reel27__2,1210,N,True
3,reel17__9,reel27__2,1210,N,True
3,276,reel27__2,1210,N,True
3,reel33__0,reel27__2,1210,N,True
3,198,reel1__3,1210,N,True
3,339,reel1__3,1210,N,True
3,bot19__6,bot31__9,1210,N,True
3,339,bot31__9,1210,N,True
3,339,reel59__6,1210,N,True
3,321,bot26__8,1210,N,True
3,reel17__9,bot43__3,1210,N,True
3,bot34__1,bot26__2,1210,N,True
3,6,bot6__5,1210,N,True
3,reel2__1,bot6__5,1210,N,True
3,6,bot10__5,1210,N,True
3,336,bot10__5,1210,N,True
3,6,bot12__7,1210,N,True
3,236,bot12__7,1210,N,True
3,6,reel18__1,1210,N,True
3,54,reel54__8,1210,N,True
3,35,reel54__8,1210,N,True
3,164,reel54__8,1210,N,True
3,35,bot55__1,1210,N,True
3,reel27__6,reel28__6,1210,N,True
3,17,reel28__6,1210,N,True
3,bot27__8,reel4__3,1210,N,True
3,133,reel4__3,1210,N,True
3,19,reel4__3,1210,N,True
3,252,reel4__3,1210,N,True
3,19,reel19__8,1210,N,True
3,204,reel23__3,1210,N,True
3,19,reel23__3,1210,N,True
3,reel3__3,reel0__2,1210,N,True
3,318,reel0__2,1210,N,True
3,88,reel0__2,1210,N,True
3,340,bot4__5,1210,N,True
3,340,reel37__9,1210,N,True
3,256,reel14__3,1210,N,True
3,bot48__0,reel14__3,1210,N,True
3,44,reel15__6,1210,N,True
3,260,reel15__6,1210,N,True
3,224,bot17__5,1210,N,True
3,260,bot17__5,1210,N,True
3,346,bot17__5,1210,N,True
3,198,reel39__7,1210,N,True
3,260,reel39__7,1210,N,True
3,reel46__9,reel39__7,1210,N,True
3,reel16__0,bot30__2,1210,N,True
3,bot26__0,bot44__0,1210,N,True
3,reel16__0,bot44__0,1210,N,True
3,reel11__9,reel47__2,1210,N,True
3,reel16__0,reel47__2,1210,N,True
3,177,reel53__7,1210,N,True
3,reel16__0,reel53__7,1210,N,True
3,44,reel2__4,1210,N,True
3,reel46__3,reel2__4,1210,N,True
3,250,reel2__4,1210,N,True
3,250,reel31__9,1210,N,True
3,224,reel34__3,1210,N,True
3,250,reel34__3,1210,N,True
3,250,bot45__2,1210,N,True
3,280,reel44__0,1210,N,True
3,253,reel44__0,1210,N,True
3,reel15__3,reel12__0,1210,N,True
3,112,reel12__0,1210,N,True
3,230,reel12__0,1210,N,True
3,reel35__4,reel12__0,1210,N,True
3,267,reel30__2,1210,N,True
3,282,reel30__2,1210,N,True
3,316,bot40__1,1210,N,True
3,267,bot40__1,1210,N,True
3,326,bot10__2,1210,N,True
3,326,bot14__1,1210,N,True
3,299,reel11__3,1210,N,True
3,2,reel11__3,1210,N,True
3,164,reel11__3,1210,N,True
3,164,reel34__9,1210,N,True
3,263,reel7__9,1210,N,True
3,291,reel7__9,1210,N,True
3,263,bot38__9,1210,N,True
3,263,reel48__6,1210,N,True
3,reel0__5,reel48__6,1210,N,True
3,289,reel48__6,1210,N,True
3,bot9__7,reel6__2,1210,N,True
3,111,reel6__2,1210,N,True
3,5,reel6__2,1210,N,True
3,bot9__7,bot25__0,1210,N,True
3,44,reel28__8,1210,N,True
3,reel50__7,reel28__8,1210,N,True
3,22,reel28__8,1210,N,True
3,44,bot56__0,1210,N,True
3,reel17__5,bot19__0,1210,N,True
3,336,bot19__0,1210,N,True
3,reel21__2,bot23__9,1210,N,True
3,reel18__5,bot23__9,1210,N,True
3,16,reel45__7,1210,N,True
3,227,reel50__8,1210,N,True
3,16,reel50__8,1210,N,True
3,bot55__7,bot25__2,1210,N,True
3,291,bot25__2,1210,N,True
3,90,bot25__2,1210,N,True
3,bot22__9,reel10__0,1210,N,True
3,318,reel10__0,1210,N,True
3,198,reel10__0,1210,N,True
3,reel20__7,reel33__2,1210,N,True
3,reel43__0,reel33__2,1210,N,True
3,reel43__0,bot59__6,1210,N,True
3,bot0__9,bot2__9,1210,N,True
3,bot24__2,bot2__9,1210,N,True
3,bot24__2,bot58__0,1210,N,True
3,8,reel21__7,1210,N,True
3,254,reel21__7,1210,N,True
3,8,reel30__9,1210,N,True
3,198,reel30__9,1210,N,True
3,8,bot57__5,1210,N,True
3,bot43__6,bot59__2,1210,N,True
3,52,bot3__3,1210,N,True
3,182,bot3__3,1210,N,True
3,bot9__9,bot7__9,1210,N,True
3,88,bot7__9,1210,N,True
3,182,bot7__9,1210,N,True
3,206,bot36__5,1210,N,True
3,158,bot36__5,1210,N,True
3,208,bot0__1,1210,N,True
3,167,bot0__1,1210,N,True
3,167,bot29__4,1210,N,True
3,167,bot58__8,1210,N,True
3,reel30__8,reel43__1,1210,N,True
3,reel31__1,reel43__1,1210,N,True
3,127,reel57__3,1210,N,True
3,reel30__8,reel57__3,1210,N,True
3,168,reel57__3,1210,N,True
3,257,bot11__1,1210,N,True
3,190,bot11__1,1210,N,True
3,bot41__9,bot35__6,1210,N,True
3,190,bot35__6,1210,N,True
3,bot0__8,bot53__7,1210,N,True
3,347,bot53__7,1210,N,True
3,205,reel30__6,1210,N,True
3,220,reel30__6,1210,N,True
3,220,reel56__9,1210,N,True
3,140,reel56__9,1210,N,True
3,bot26__0,bot39__5,1210,N,True
3,126,bot3__5,1210,N,True
3,295,bot3__5,1210,N,True
3,295,reel8__4,1210,N,True
3,197,reel8__4,1210,N,True
3,reel22__0,reel10__2,1210,N,True
3,295,reel10__2,1210,N,True
3,reel17__5,reel10__2,1210,N,True
3,30,reel10__2,1210,N,True
3,295,reel33__4,1210,N,True
3,reel5__6,reel33__4,1210,N,True
3,198,reel52__8,1210,N,True
3,295,reel52__8,1210,N,True
3,reel37__4,reel52__8,1210,N,True
3,184,bot9__5,1210,N,True
3,208,bot9__5,1210,N,True
3,184,bot43__9,1210,N,True
3,184,reel45__0,1210,N,True
3,225,reel23__4,1210,N,True
3,225,reel55__1,1210,N,True
3,202,bot5__1,1210,N,True
3,276,bot5__1,1210,N,True
3,reel15__3,reel20__5,1210,N,True
3,3,reel20__5,1210,N,True
3,132,bot0__4,1210,N,True
3,301,bot0__4,1210,N,True
3,52,reel38__5,1210,N,True
3,132,reel38__5,1210,N,True
3,132,reel40__0,1210,N,True
3,77,reel47__7,1210,N,True
3,132,reel47__7,1210,N,True
3,23,bot19__4,1210,N,True
3,bot16__3,bot23__4,1210,N,True
3,247,bot23__4,1210,N,True
3,bot16__3,bot39__3,1210,N,True
3,reel34__1,reel10__9,1210,N,True
3,204,reel10__9,1210,N,True
3,327,reel10__9,1210,N,True
3,54,reel10__1,1210,N,True
3,79,reel10__1,1210,N,True
3,111,reel10__1,1210,N,True
3,54,reel11__1,1210,N,True
3,117,reel11__1,1210,N,True
3,54,bot13__7,1210,N,True
3,168,bot13__7,1210,N,True
3,reel0__5,bot13__7,1210,N,True
3,54,reel51__9,1210,N,True
3,159,reel9__2,1210,N,True
3,262,reel9__2,1210,N,True
3,reel52__9,reel9__2,1210,N,True
3,327,reel9__2,1210,N,True
3,217,bot12__4,1210,N,True
3,262,bot12__4,1210,N,True
3,150,bot1__6,1210,N,True
3,150,bot7__4,1210,N,True
3,92,bot7__4,1210,N,True
3,87,reel8__5,1210,N,True
3,150,reel8__5,1210,N,True
3,195,reel8__5,1210,N,True
3,bot28__7,bot41__2,1210,N,True
3,reel32__9,bot41__2,1210,N,True
3,90,bot41__2,1210,N,True
3,233,bot14__8,1210,N,True
3,111,reel29__0,1210,N,True
3,bot35__5,reel29__0,1210,N,True
3,233,reel29__0,1210,N,True
3,227,reel29__0,1210,N,True
3,202,reel2__5,1210,N,True
3,106,reel2__5,1210,N,True
3,202,bot23__7,1210,N,True
3,reel20__9,bot23__7,1210,N,True
3,283,bot6__8,1210,N,True
3,36,bot6__8,1210,N,True
3,41,reel30__4,1210,N,True
3,36,reel30__4,1210,N,True
3,36,reel35__9,1210,N,True
3,36,bot36__3,1210,N,True
3,52,bot60__8,1210,N,True
3,36,bot60__8,1210,N,True
3,103,reel5__9,1210,N,True
3,87,reel5__9,1210,N,True
3,30,reel5__9,1210,N,True
3,reel29__7,reel25__1,1210,N,True
3,177,reel25__1,1210,N,True
3,reel29__7,reel52__4,1210,N,True
3,bot23__3,bot30__8,1210,N,True
3,bot23__3,bot31__6,1210,N,True
3,bot23__3,bot46__6,1210,N,True
3,bot23__3,bot55__9,1210,N,True
3,bot53__0,bot45__6,1210,N,True
3,126,bot1__2,1210,N,True
3,bot0__7,bot1__2,1210,N,True
3,126,bot21__9,1210,N,True
3,bot5__0,bot21__9,1210,N,True
3,157,bot21__9,1210,N,True
3,126,bot37__9,1210,N,True
3,bot1__5,bot37__9,1210,N,True
3,reel8__0,bot37__9,1210,N,True
3,72,reel28__9,1210,N,True
3,72,reel41__5,1210,N,True
3,reel16__6,reel6__1,1210,N,True
3,129,reel6__1,1210,N,True
3,bot23__0,reel6__1,1210,N,True
3,91,reel6__1,1210,N,True
3,bot41__9,reel6__1,1210,N,True
3,reel3__9,reel6__1,1210,N,True
3,208,reel29__2,1210,N,True
3,224,bot45__7,1210,N,True
3,224,reel46__6,1210,N,True
3,reel22__0,reel36__0,1210,N,True
3,reel22__0,bot47__0,1210,N,True
3,294,reel22__1,1210,N,True
3,bot23__0,reel22__1,1210,N,True
3,bot23__0,bot26__4,1210,N,True
3,reel8__0,bot26__4,1210,N,True
3,bot23__0,bot57__7,1210,N,True
3,reel35__4,bot57__7,1210,N,True
3,69,bot59__7,1210,N,True
3,bot23__0,bot59__7,1210,N,True
3,bot56__8,bot43__5,1210,N,True
3,101,bot60__9,1210,N,True
3,257,reel3__1,1210,N,True
3,300,reel3__1,1210,N,True
3,reel16__6,reel3__1,1210,N,True
3,88,reel3__1,1210,N,True
3,reel16__6,bot26__5,1210,N,True
3,reel16__6,reel48__7,1210,N,True
3,110,bot7__6,1210,N,True
3,110,reel12__4,1210,N,True
3,110,reel31__0,1210,N,True
3,110,bot44__3,1210,N,True
3,110,reel51__3,1210,N,True
3,179,reel51__3,1210,N,True
3,110,reel52__5,1210,N,True
3,bot4__8,bot2__2,1210,N,True
3,22,bot2__2,1210,N,True
3,213,bot2__2,1210,N,True
3,reel0__5,bot15__9,1210,N,True
3,22,bot15__9,1210,N,True
3,22,bot31__8,1210,N,True
3,reel58__5,reel19__4,1210,N,True
3,157,reel35__1,1210,N,True
3,157,bot58__1,1210,N,True
3,90,reel26__1,1210,N,True
3,51,bot46__2,1210,N,True
3,319,bot3__9,1210,N,True
3,253,bot3__9,1210,N,True
3,288,bot3__9,1210,N,True
3,reel13__0,bot35__2,1210,N,True
3,bot59__8,bot35__2,1210,N,True
3,293,reel7__4,1210,N,True
3,reel46__3,reel7__4,1210,N,True
3,179,reel7__4,1210,N,True
3,213,reel7__4,1210,N,True
3,283,reel14__5,1210,N,True
3,reel31__1,reel14__5,1210,N,True
3,283,bot18__9,1210,N,True
3,283,reel51__5,1210,N,True
3,283,bot53__8,1210,N,True
3,195,reel24__4,1210,N,True
3,117,reel24__4,1210,N,True
3,reel5__7,reel24__4,1210,N,True
3,241,reel1__0,1210,N,True
3,3,reel1__0,1210,N,True
3,reel17__0,reel1__0,1210,N,True
3,123,bot18__3,1210,N,True
3,reel17__0,bot18__3,1210,N,True
3,141,bot31__2,1210,N,True
3,reel17__0,bot31__2,1210,N,True
3,236,reel1__4,1210,N,True
3,230,reel1__4,1210,N,True
3,reel2__1,reel1__4,1210,N,True
3,236,reel39__4,1210,N,True
3,236,bot40__7,1210,N,True
3,120,bot40__7,1210,N,True
3,236,reel45__1,1210,N,True
3,198,reel1__6,1210,N,True
3,230,reel1__6,1210,N,True
3,230,reel16__3,1210,N,True
3,14,reel16__3,1210,N,True
3,reel13__0,bot21__5,1210,N,True
3,bot16__8,bot21__5,1210,N,True
3,bot9__9,bot13__0,1210,N,True
3,241,bot13__0,1210,N,True
3,241,reel59__0,1210,N,True
3,reel24__5,reel51__7,1210,N,True
3,reel22__4,reel37__5,1210,N,True
3,213,reel37__5,1210,N,True
3,294,reel29__8,1210,N,True
3,reel20__9,reel29__8,1210,N,True
3,reel32__6,reel29__8,1210,N,True
3,reel20__9,bot53__6,1210,N,True
3,79,bot53__6,1210,N,True
3,311,bot18__1,1210,N,True
3,258,bot18__1,1210,N,True
3,258,bot24__8,1210,N,True
3,258,reel41__3,1210,N,True
3,32,reel41__3,1210,N,True
3,258,reel51__4,1210,N,True
3,301,reel23__8,1210,N,True
3,301,bot35__1,1210,N,True
3,185,reel38__2,1210,N,True
3,reel8__0,reel38__2,1210,N,True
3,reel8__0,reel45__8,1210,N,True
3,reel19__5,reel25__9,1210,N,True
3,302,reel30__0,1210,N,True
3,269,bot2__5,1210,N,True
3,188,bot2__5,1210,N,True
3,282,bot2__5,1210,N,True
3,188,bot7__0,1210,N,True
3,bot9__9,bot29__6,1210,N,True
3,188,bot29__6,1210,N,True
3,reel1__8,bot15__5,1210,N,True
3,300,bot15__5,1210,N,True
3,152,bot15__5,1210,N,True
3,347,reel4__9,1210,N,True
3,242,reel4__9,1210,N,True
3,92,reel22__3,1210,N,True
3,255,reel22__3,1210,N,True
3,bot21__6,reel5__1,1210,N,True
3,53,reel5__1,1210,N,True
3,41,bot1__3,1210,N,True
3,28,bot1__3,1210,N,True
3,28,bot33__3,1210,N,True
3,bot5__0,bot6__2,1210,N,True
3,328,bot6__2,1210,N,True
3,120,bot6__2,1210,N,True
3,bot5__0,bot17__3,1210,N,True
3,79,reel41__0,1210,N,True
3,79,bot47__1,1210,N,True
3,116,reel5__8,1210,N,True
3,254,reel5__8,1210,N,True
3,168,reel5__8,1210,N,True
3,254,bot18__7,1210,N,True
3,254,bot31__0,1210,N,True
3,254,bot60__5,1210,N,True
3,bot8__9,bot29__1,1210,N,True
3,347,bot29__1,1210,N,True
3,187,reel26__6,1210,N,True
3,152,reel26__6,1210,N,True
3,294,reel26__6,1210,N,True
3,187,reel40__1,1210,N,True
3,207,reel40__1,1210,N,True
3,187,reel42__4,1210,N,True
3,282,reel42__4,1210,N,True
3,53,reel44__7,1210,N,True
3,293,bot2__6,1210,N,True
3,343,bot2__6,1210,N,True
3,328,bot2__6,1210,N,True
3,343,reel10__8,1210,N,True
3,77,reel10__8,1210,N,True
3,343,bot13__9,1210,N,True
3,111,bot13__9,1210,N,True
3,343,bot15__2,1210,N,True
3,281,bot15__2,1210,N,True
3,343,bot19__7,1210,N,True
3,343,reel40__2,1210,N,True
3,343,bot48__3,1210,N,True
3,88,bot48__3,1210,N,True
3,reel12__9,bot25__8,1210,N,True
3,328,bot24__0,1210,N,True
3,328,reel48__0,1210,N,True
3,177,reel31__7,1210,N,True
3,177,reel33__1,1210,N,True
3,252,reel31__2,1210,N,True
3,reel36__7,reel51__2,1210,N,True
3,102,bot60__0,1210,N,True
3,206,reel41__2,1210,N,True
3,166,reel13__5,1210,N,True
3,166,bot20__8,1210,N,True
3,333,bot47__2,1210,N,True
3,293,bot16__7,1210,N,True
3,bot5__4,bot16__7,1210,N,True
3,bot0__7,bot23__8,1210,N,True
3,bot28__0,bot23__8,1210,N,True
3,63,bot7__2,1210,N,True
3,103,bot7__2,1210,N,True
3,2,bot7__2,1210,N,True
3,2,bot48__6,1210,N,True
3,reel0__5,reel21__3,1210,N,True
3,120,reel21__3,1210,N,True
3,318,bot12__2,1210,N,True
3,reel2__1,bot12__2,1210,N,True
3,reel2__1,bot29__2,1210,N,True
3,reel20__7,bot32__0,1210,N,True
3,reel42__8,reel58__0,1210,N,True
3,127,reel58__0,1210,N,True
3,347,reel9__0,1210,N,True
3,213,bot8__2,1210,N,True
3,213,bot11__7,1210,N,True
3,213,bot34__8,1210,N,True
3,reel13__7,reel14__7,1210,N,True
3,62,bot27__2,1210,N,True
3,reel13__7,bot27__2,1210,N,True
3,168,reel39__3,1210,N,True
3,reel13__7,reel39__3,1210,N,True
3,216,reel8__8,1210,N,True
3,216,reel20__4,1210,N,True
3,141,reel20__4,1210,N,True
3,216,bot30__1,1210,N,True
3,reel7__1,bot17__8,1210,N,True
3,reel7__1,bot25__7,1210,N,True
3,bot2__7,bot25__7,1210,N,True
3,294,reel13__6,1210,N,True
3,62,reel13__6,1210,N,True
3,62,reel32__0,1210,N,True
3,159,reel32__0,1210,N,True
3,62,bot40__5,1210,N,True
3,129,reel52__3,1210,N,True
3,62,reel52__3,1210,N,True
3,reel59__8,reel52__3,1210,N,True
3,129,bot6__7,1210,N,True
3,219,bot6__7,1210,N,True
3,bot16__8,bot6__7,1210,N,True
3,219,reel50__5,1210,N,True
3,reel24__6,reel50__5,1210,N,True
3,162,bot44__4,1210,N,True
3,162,reel53__2,1210,N,True
3,reel21__2,bot44__7,1210,N,True
3,reel21__2,reel45__4,1210,N,True
3,reel21__2,bot47__8,1210,N,True
3,286,reel46__4,1210,N,True
3,reel28__0,reel36__9,1210,N,True
3,10,bot8__1,1210,N,True
3,10,bot27__5,1210,N,True
3,10,bot33__2,1210,N,True
3,bot2__8,bot14__0,1210,N,True
3,14,bot14__0,1210,N,True
3,69,bot11__9,1210,N,True
3,124,bot11__9,1210,N,True
3,reel14__6,bot43__1,1210,N,True
3,298,bot43__1,1210,N,True
3,298,reel43__9,1210,N,True
3,298,reel50__0,1210,N,True
3,217,reel3__0,1210,N,True
3,299,reel3__0,1210,N,True
3,217,reel27__0,1210,N,True
3,bot9__9,bot59__1,1210,N,True
3,217,bot59__1,1210,N,True
3,bot2__7,bot59__1,1210,N,True
3,bot37__6,bot60__3,1210,N,True
3,reel3__2,reel20__8,1210,N,True
3,3,reel20__8,1210,N,True
3,127,reel6__4,1210,N,True
3,269,bot42__6,1210,N,True
3,269,bot49__3,1210,N,True
3,52,bot14__3,1210,N,True
3,111,bot14__3,1210,N,True
3,52,reel16__9,1210,N,True
3,5,reel16__9,1210,N,True
3,52,bot53__4,1210,N,True
3,281,reel5__5,1210,N,True
3,168,bot36__7,1210,N,True
3,bot36__4,bot4__6,1210,N,True
3,266,bot4__6,1210,N,True
3,bot2__7,bot4__6,1210,N,True
3,266,bot19__1,1210,N,True
3,266,bot20__5,1210,N,True
3,266,bot34__4,1210,N,True
3,266,bot48__4,1210,N,True
3,bot2__7,bot44__9,1210,N,True
3,293,reel22__6,1210,N,True
3,293,bot43__8,1210,N,True
3,141,reel31__3,1210,N,True
3,141,reel48__4,1210,N,True
3,316,reel6__5,1210,N,True
3,reel1__8,reel56__1,1210,N,True
3,reel23__7,bot38__0,1210,N,True
3,bot28__7,bot38__0,1210,N,True
3,reel23__7,reel49__3,1210,N,True
3,3,reel49__3,1210,N,True
3,77,bot57__4,1210,N,True
3,121,bot18__6,1210,N,True
3,38,bot18__6,1210,N,True
3,121,bot44__6,1210,N,True
3,41,bot9__2,1210,N,True
3,bot28__7,bot9__2,1210,N,True
3,bot0__9,bot9__2,1210,N,True
3,159,bot9__4,1210,N,True
3,159,reel20__2,1210,N,True
3,318,reel12__2,1210,N,True
3,185,reel12__2,1210,N,True
3,reel3__9,reel55__9,1210,N,True
3,reel21__5,reel32__5,1210,N,True
3,reel27__1,reel32__5,1210,N,True
3,92,reel44__6,1210,N,True
3,5,reel26__2,1210,N,True
3,5,bot56__3,1210,N,True
3,63,bot6__6,1210,N,True
3,bot6__3,bot12__3,1210,N,True
3,38,reel12__3,1210,N,True
3,318,reel24__0,1210,N,True
3,227,reel24__0,1210,N,True
3,318,bot52__6,1210,N,True
3,49,reel52__1,1210,N,True
3,bot42__2,bot8__6,1210,N,True
3,282,bot48__9,1210,N,True
3,reel18__9,reel5__2,1210,N,True
3,reel18__9,bot52__9,1210,N,True
3,reel18__9,reel54__5,1210,N,True
3,207,bot11__4,1210,N,True
3,bot4__8,bot11__4,1210,N,True
3,227,bot11__4,1210,N,True
3,bot16__8,bot11__4,1210,N,True
3,278,bot10__0,1210,N,True
3,278,bot34__2,1210,N,True
3,3,bot10__6,1210,N,True
3,3,bot17__9,1210,N,True
3,156,reel20__6,1210,N,True
3,3,reel20__6,1210,N,True
3,195,reel30__7,1210,N,True
3,3,reel30__7,1210,N,True
3,3,bot37__1,1210,N,True
3,195,reel12__6,1210,N,True
3,117,reel12__6,1210,N,True
3,117,bot29__9,1210,N,True
3,256,bot22__0,1210,N,True
3,311,bot29__8,1210,N,True
3,256,bot29__8,1210,N,True
3,256,reel49__9,1210,N,True
3,reel11__9,bot21__1,1210,N,True
3,125,reel45__2,1210,N,True
3,125,reel47__3,1210,N,True
3,bot36__4,bot45__3,1210,N,True
3,bot55__3,bot45__3,1210,N,True
3,bot36__4,bot59__5,1210,N,True
3,bot45__5,bot20__3,1210,N,True
3,133,bot20__3,1210,N,True
3,133,reel21__6,1210,N,True
3,133,reel38__9,1210,N,True
3,179,reel11__8,1210,N,True
3,327,reel11__8,1210,N,True
3,179,reel55__2,1210,N,True
3,bot41__9,bot57__6,1210,N,True
3,197,bot30__7,1210,N,True
3,227,reel37__8,1210,N,True
3,247,reel8__1,1210,N,True
3,17,reel8__1,1210,N,True
3,reel14__6,bot51__1,1210,N,True
3,reel14__6,bot58__5,1210,N,True
3,bot27__9,bot28__9,1210,N,True
3,291,bot28__9,1210,N,True
3,291,bot52__5,1210,N,True
3,299,reel56__7,1210,N,True
3,7,bot51__4,1210,N,True
3,88,bot14__4,1210,N,True
3,88,bot50__4,1210,N,True
3,bot27__6,bot58__9,1210,N,True
3,reel42__2,reel53__3,1210,N,True
3,111,reel49__7,1210,N,True
3,bot0__9,bot30__9,1210,N,True
3,reel50__3,reel34__8,1210,N,True
3,198,bot12__8,1210,N,True
3,198,bot27__0,1210,N,True
3,145,bot31__1,1210,N,True
3,116,bot40__2,1210,N,True
3,317,bot21__2,1210,N,True
3,317,bot37__3,1210,N,True
3,346,bot14__6,1210,N,True
3,346,reel56__3,1210,N,True
3,247,reel38__0,1210,N,True
3,103,reel26__9,1210,N,True
3,bot4__8,bot60__7,1210,N,True
3,306,bot8__1,1211,N,True
3,306,reel21__4,1211,N,True
3,344,reel21__4,1211,N,True
3,306,reel27__8,1211,N,True
3,306,reel29__9,1211,N,True
3,306,bot45__7,1211,N,True
3,251,bot45__7,1211,N,True
3,reel13__9,bot40__8,1211,N,True
3,bot17__5,bot40__8,1211,N,True
3,bot17__5,bot45__0,1211,N,True
3,293,bot2__6,1211,N,True
3,328,bot2__6,1211,N,True
3,293,reel11__9,1211,N,True
3,109,reel11__9,1211,N,True
3,293,bot16__7,1211,N,True
3,186,reel17__2,1211,N,True
3,293,reel17__2,1211,N,True
3,270,bot19__9,1211,N,True
3,293,bot19__9,1211,N,True
3,293,reel36__6,1211,N,True
3,283,reel5__0,1211,N,True
3,25,reel5__0,1211,N,True
3,25,reel27__1,1211,N,True
3,162,reel35__5,1211,N,True
3,25,reel35__5,1211,N,True
3,174,reel6__3,1211,N,True
3,51,reel6__3,1211,N,True
3,106,bot10__7,1211,N,True
3,51,bot10__7,1211,N,True
3,24,reel27__4,1211,N,True
3,51,reel27__4,1211,N,True
3,51,bot46__2,1211,N,True
3,2,reel53__0,1211,N,True
3,51,reel53__0,1211,N,True
3,131,reel53__0,1211,N,True
3,319,bot9__9,1211,N,True
3,223,bot9__9,1211,N,True
3,reel58__0,reel42__8,1211,N,True
3,180,reel18__1,1211,N,True
3,reel58__0,reel18__1,1211,N,True
3,340,bot21__3,1211,N,True
3,89,bot21__3,1211,N,True
3,164,bot21__3,1211,N,True
3,303,reel2__0,1211,N,True
3,reel36__4,reel2__0,1211,N,True
3,reel0__8,reel2__0,1211,N,True
3,321,reel14__0,1211,N,True
3,reel36__4,reel14__0,1211,N,True
3,38,reel14__0,1211,N,True
3,reel36__4,bot40__2,1211,N,True
3,reel36__4,reel53__1,1211,N,True
3,reel36__4,reel55__7,1211,N,True
3,70,reel55__7,1211,N,True
3,171,bot30__0,1211,N,True
3,332,bot30__0,1211,N,True
3,332,reel50__7,1211,N,True
3,49,reel58__3,1211,N,True
3,332,reel58__3,1211,N,True
3,32,reel58__5,1211,N,True
3,reel19__4,reel58__5,1211,N,True
3,332,reel58__5,1211,N,True
3,216,reel20__4,1211,N,True
3,141,reel20__4,1211,N,True
3,341,bot21__7,1211,N,True
3,141,bot21__7,1211,N,True
3,141,bot31__2,1211,N,True
3,47,reel31__3,1211,N,True
3,141,reel31__3,1211,N,True
3,14,reel39__2,1211,N,True
3,329,reel39__2,1211,N,True
3,141,reel39__2,1211,N,True
3,112,reel4__1,1211,N,True
3,59,reel4__1,1211,N,True
3,59,reel5__4,1211,N,True
3,9,reel5__4,1211,N,True
3,59,bot16__6,1211,N,True
3,59,reel33__0,1211,N,True
3,192,reel33__0,1211,N,True
3,274,bot0__0,1211,N,True
3,283,bot0__0,1211,N,True
3,bot50__9,bot0__0,1211,N,True
3,73,bot0__0,1211,N,True
3,283,bot18__9,1211,N,True
3,283,bot53__8,1211,N,True
3,78,bot8__8,1211,N,True
3,302,reel36__2,1211,N,True
3,78,reel36__2,1211,N,True
3,78,reel45__9,1211,N,True
3,189,reel48__2,1211,N,True
3,78,reel48__2,1211,N,True
3,78,reel50__9,1211,N,True
3,194,reel7__9,1211,N,True
3,194,reel15__4,1211,N,True
3,126,bot21__8,1211,N,True
3,194,bot21__8,1211,N,True
3,259,bot25__3,1211,N,True
3,194,bot25__3,1211,N,True
3,194,bot42__1,1211,N,True
3,314,reel15__7,1211,N,True
3,140,reel15__7,1211,N,True
3,314,reel51__6,1211,N,True
3,288,reel5__6,1211,N,True
3,9,reel5__6,1211,N,True
3,192,reel5__6,1211,N,True
3,298,reel17__3,1211,N,True
3,192,reel17__3,1211,N,True
3,reel41__7,bot44__1,1211,N,True
3,257,reel28__5,1211,N,True
3,302,reel28__5,1211,N,True
3,reel44__6,reel28__5,1211,N,True
3,313,bot1__7,1211,N,True
3,288,bot1__7,1211,N,True
3,73,bot1__7,1211,N,True
3,288,bot24__9,1211,N,True
3,reel0__4,reel14__9,1211,N,True
3,112,reel14__9,1211,N,True
3,reel0__4,reel26__9,1211,N,True
3,reel0__4,reel32__5,1211,N,True
3,reel21__5,reel32__5,1211,N,True
3,199,reel12__9,1211,N,True
3,158,reel12__9,1211,N,True
3,bot3__0,bot14__9,1211,N,True
3,199,bot14__9,1211,N,True
3,199,reel14__6,1211,N,True
3,259,reel20__9,1211,N,True
3,199,reel20__9,1211,N,True
3,199,reel31__1,1211,N,True
3,22,reel31__1,1211,N,True
3,211,reel52__6,1211,N,True
3,199,reel52__6,1211,N,True
3,30,bot0__2,1211,N,True
3,26,bot0__2,1211,N,True
3,94,bot0__2,1211,N,True
3,94,bot50__5,1211,N,True
3,94,reel57__5,1211,N,True
3,339,reel57__5,1211,N,True
3,42,bot59__9,1211,N,True
3,94,bot59__9,1211,N,True
3,226,bot2__4,1211,N,True
3,48,bot2__4,1211,N,True
3,48,reel40__7,1211,N,True
3,321,bot16__3,1211,N,True
3,bot23__4,bot16__3,1211,N,True
3,213,bot16__3,1211,N,True
3,182,bot12__5,1211,N,True
3,bot23__4,bot12__5,1211,N,True
3,322,reel1__0,1211,N,True
3,3,reel1__0,1211,N,True
3,322,reel6__9,1211,N,True
3,73,reel6__9,1211,N,True
3,322,bot9__8,1211,N,True
3,322,reel12__4,1211,N,True
3,245,reel12__4,1211,N,True
3,110,reel12__4,1211,N,True
3,56,bot1__4,1211,N,True
3,31,bot1__4,1211,N,True
3,56,bot19__6,1211,N,True
3,177,bot19__6,1211,N,True
3,56,bot27__6,1211,N,True
3,56,bot36__8,1211,N,True
3,40,reel3__2,1211,N,True
3,328,reel3__2,1211,N,True
3,133,reel3__2,1211,N,True
3,40,bot23__0,1211,N,True
3,40,reel33__6,1211,N,True
3,40,bot35__7,1211,N,True
3,40,reel36__7,1211,N,True
3,79,reel3__8,1211,N,True
3,309,reel3__8,1211,N,True
3,309,bot4__1,1211,N,True
3,86,bot4__1,1211,N,True
3,301,bot4__1,1211,N,True
3,247,bot4__2,1211,N,True
3,309,bot4__2,1211,N,True
3,162,bot4__2,1211,N,True
3,309,bot12__6,1211,N,True
3,329,bot12__6,1211,N,True
3,309,bot22__7,1211,N,True
3,286,bot22__7,1211,N,True
3,reel19__4,reel0__3,1211,N,True
3,31,reel0__3,1211,N,True
3,bot10__6,reel0__3,1211,N,True
3,246,reel0__3,1211,N,True
3,112,reel21__1,1211,N,True
3,71,reel21__1,1211,N,True
3,112,reel21__9,1211,N,True
3,112,reel24__1,1211,N,True
3,112,bot25__4,1211,N,True
3,112,reel37__6,1211,N,True
3,137,reel37__6,1211,N,True
3,77,reel10__8,1211,N,True
3,77,reel17__1,1211,N,True
3,reel8__4,reel17__1,1211,N,True
3,77,bot57__4,1211,N,True
3,39,reel0__1,1211,N,True
3,302,reel0__1,1211,N,True
3,42,reel0__1,1211,N,True
3,39,reel1__4,1211,N,True
3,reel2__1,reel1__4,1211,N,True
3,264,bot8__3,1211,N,True
3,39,bot8__3,1211,N,True
3,39,bot14__6,1211,N,True
3,reel8__4,bot14__6,1211,N,True
3,39,bot19__2,1211,N,True
3,39,reel48__1,1211,N,True
3,39,reel54__3,1211,N,True
3,46,reel54__3,1211,N,True
3,bot13__5,bot33__8,1211,N,True
3,reel8__6,bot33__8,1211,N,True
3,121,bot44__6,1211,N,True
3,121,reel50__2,1211,N,True
3,270,bot1__1,1211,N,True
3,268,bot1__1,1211,N,True
3,155,bot5__0,1211,N,True
3,268,bot5__0,1211,N,True
3,231,bot5__0,1211,N,True
3,268,reel27__7,1211,N,True
3,reel28__2,reel11__3,1211,N,True
3,299,reel11__3,1211,N,True
3,2,reel11__3,1211,N,True
3,164,reel11__3,1211,N,True
3,119,reel0__7,1211,N,True
3,71,reel0__7,1211,N,True
3,bot2__7,reel0__7,1211,N,True
3,119,bot20__4,1211,N,True
3,38,bot20__4,1211,N,True
3,119,reel24__9,1211,N,True
3,119,reel39__6,1211,N,True
3,317,reel39__6,1211,N,True
3,307,bot0__4,1211,N,True
3,132,bot0__4,1211,N,True
3,301,bot0__4,1211,N,True
3,239,reel20__1,1211,N,True
3,301,reel20__1,1211,N,True
3,reel25__0,reel23__8,1211,N,True
3,301,reel23__8,1211,N,True
3,301,bot35__1,1211,N,True
3,107,reel47__8,1211,N,True
3,301,reel47__8,1211,N,True
3,261,reel2__7,1211,N,True
3,190,reel2__7,1211,N,True
3,261,reel8__2,1211,N,True
3,261,reel32__6,1211,N,True
3,318,reel12__2,1211,N,True
3,185,reel12__2,1211,N,True
3,185,reel23__6,1211,N,True
3,185,bot41__6,1211,N,True
3,42,reel58__9,1211,N,True
3,185,reel58__9,1211,N,True
3,246,reel13__0,1211,N,True
3,99,reel13__0,1211,N,True
3,223,reel13__0,1211,N,True
3,273,reel0__0,1211,N,True
3,86,reel0__0,1211,N,True
3,88,reel1__1,1211,N,True
3,86,reel1__1,1211,N,True
3,134,reel5__3,1211,N,True
3,86,reel5__3,1211,N,True
3,279,reel24__8,1211,N,True
3,86,reel24__8,1211,N,True
3,133,bot27__1,1211,N,True
3,86,bot27__1,1211,N,True
3,86,reel30__1,1211,N,True
3,174,bot1__0,1211,N,True
3,270,bot1__0,1211,N,True
3,186,reel6__7,1211,N,True
3,270,reel6__7,1211,N,True
3,270,reel7__6,1211,N,True
3,225,reel7__6,1211,N,True
3,312,bot10__8,1211,N,True
3,bot7__2,bot10__8,1211,N,True
3,reel52__4,reel4__4,1211,N,True
3,41,reel4__4,1211,N,True
3,150,reel4__4,1211,N,True
3,reel19__7,reel43__3,1211,N,True
3,245,bot18__2,1211,N,True
3,140,bot18__2,1211,N,True
3,245,bot49__9,1211,N,True
3,reel8__0,bot11__0,1211,N,True
3,reel8__0,bot26__4,1211,N,True
3,reel8__0,reel36__3,1211,N,True
3,126,bot37__9,1211,N,True
3,reel8__0,bot37__9,1211,N,True
3,reel8__0,reel45__8,1211,N,True
3,296,reel11__4,1211,N,True
3,238,reel11__4,1211,N,True
3,reel9__3,bot31__7,1211,N,True
3,bot38__3,bot31__7,1211,N,True
3,238,bot31__7,1211,N,True
3,238,bot38__4,1211,N,True
3,120,bot40__9,1211,N,True
3,238,bot40__9,1211,N,True
3,238,bot55__4,1211,N,True
3,29,bot9__7,1211,N,True
3,29,reel17__0,1211,N,True
3,29,reel59__8,1211,N,True
3,341,reel22__0,1211,N,True
3,13,bot42__2,1211,N,True
3,341,bot42__2,1211,N,True
3,341,reel47__6,1211,N,True
3,162,bot48__2,1211,N,True
3,341,bot48__2,1211,N,True
3,341,reel59__4,1211,N,True
3,304,bot21__6,1211,N,True
3,304,reel22__5,1211,N,True
3,304,reel34__1,1211,N,True
3,304,bot49__0,1211,N,True
3,reel28__2,reel45__7,1211,N,True
3,16,reel45__7,1211,N,True
3,171,reel50__8,1211,N,True
3,227,reel50__8,1211,N,True
3,16,reel50__8,1211,N,True
3,99,reel19__1,1211,N,True
3,243,reel19__1,1211,N,True
3,161,bot2__8,1211,N,True
3,189,bot2__8,1211,N,True
3,189,reel34__3,1211,N,True
3,189,bot38__6,1211,N,True
3,321,bot0__5,1211,N,True
3,bot1__9,bot0__5,1211,N,True
3,123,bot0__5,1211,N,True
3,232,bot0__5,1211,N,True
3,30,reel26__5,1211,N,True
3,232,reel26__5,1211,N,True
3,232,bot43__0,1211,N,True
3,8,reel1__5,1211,N,True
3,81,reel1__5,1211,N,True
3,285,reel1__5,1211,N,True
3,8,bot4__9,1211,N,True
3,34,bot4__9,1211,N,True
3,8,reel4__5,1211,N,True
3,reel13__9,reel4__5,1211,N,True
3,62,reel4__5,1211,N,True
3,289,reel4__5,1211,N,True
3,8,reel30__9,1211,N,True
3,8,bot57__5,1211,N,True
3,reel39__7,bot57__5,1211,N,True
3,reel19__5,reel32__3,1211,N,True
3,182,bot3__3,1211,N,True
3,reel0__8,bot3__3,1211,N,True
3,88,bot7__9,1211,N,True
3,182,bot7__9,1211,N,True
3,231,reel0__6,1211,N,True
3,158,reel0__6,1211,N,True
3,328,reel2__3,1211,N,True
3,158,reel2__3,1211,N,True
3,41,reel20__3,1211,N,True
3,158,reel20__3,1211,N,True
3,158,bot36__5,1211,N,True
3,89,reel59__2,1211,N,True
3,158,reel59__2,1211,N,True
3,38,reel12__3,1211,N,True
3,203,bot28__3,1211,N,True
3,203,bot42__5,1211,N,True
3,302,reel30__0,1211,N,True
3,58,reel20__7,1211,N,True
3,50,reel20__7,1211,N,True
3,58,reel32__9,1211,N,True
3,58,reel44__2,1211,N,True
3,58,bot60__9,1211,N,True
3,134,reel15__2,1211,N,True
3,308,reel15__2,1211,N,True
3,308,reel15__3,1211,N,True
3,308,reel18__5,1211,N,True
3,308,bot26__0,1211,N,True
3,308,reel30__8,1211,N,True
3,214,reel30__8,1211,N,True
3,174,reel7__8,1211,N,True
3,259,reel7__8,1211,N,True
3,174,reel8__1,1211,N,True
3,17,reel8__1,1211,N,True
3,247,reel8__1,1211,N,True
3,191,bot28__4,1211,N,True
3,191,reel40__6,1211,N,True
3,191,bot52__4,1211,N,True
3,reel40__3,bot52__4,1211,N,True
3,239,bot60__0,1211,N,True
3,102,bot60__0,1211,N,True
3,87,reel5__9,1211,N,True
3,30,reel5__9,1211,N,True
3,276,reel12__1,1211,N,True
3,87,reel12__1,1211,N,True
3,153,bot2__1,1211,N,True
3,155,bot2__1,1211,N,True
3,339,bot2__1,1211,N,True
3,153,bot41__1,1211,N,True
3,257,reel3__1,1211,N,True
3,300,reel3__1,1211,N,True
3,88,reel3__1,1211,N,True
3,300,bot15__5,1211,N,True
3,bot38__3,bot15__5,1211,N,True
3,49,bot15__0,1211,N,True
3,110,bot15__0,1211,N,True
3,26,bot0__7,1211,N,True
3,318,bot0__7,1211,N,True
3,88,reel0__2,1211,N,True
3,318,reel0__2,1211,N,True
3,214,reel0__2,1211,N,True
3,318,bot12__2,1211,N,True
3,reel2__1,bot12__2,1211,N,True
3,318,reel19__2,1211,N,True
3,318,reel24__0,1211,N,True
3,227,reel24__0,1211,N,True
3,80,reel24__0,1211,N,True
3,318,reel37__3,1211,N,True
3,222,reel37__3,1211,N,True
3,55,bot45__1,1211,N,True
3,318,bot45__1,1211,N,True
3,318,bot52__6,1211,N,True
3,318,reel54__4,1211,N,True
3,55,bot29__7,1211,N,True
3,329,bot29__7,1211,N,True
3,55,bot34__1,1211,N,True
3,55,bot35__5,1211,N,True
3,55,reel54__1,1211,N,True
3,323,reel54__1,1211,N,True
3,190,reel2__6,1211,N,True
3,257,bot11__1,1211,N,True
3,190,bot11__1,1211,N,True
3,154,bot18__3,1211,N,True
3,123,bot18__3,1211,N,True
3,220,reel30__6,1211,N,True
3,220,reel56__9,1211,N,True
3,reel19__4,reel56__9,1211,N,True
3,140,reel56__9,1211,N,True
3,115,bot26__3,1211,N,True
3,255,reel22__3,1211,N,True
3,255,reel28__7,1211,N,True
3,219,bot8__0,1211,N,True
3,131,bot8__0,1211,N,True
3,80,bot16__9,1211,N,True
3,131,bot16__9,1211,N,True
3,131,bot50__0,1211,N,True
3,50,reel57__8,1211,N,True
3,131,reel57__8,1211,N,True
3,295,reel33__4,1211,N,True
3,41,bot1__3,1211,N,True
3,28,bot1__3,1211,N,True
3,28,reel3__6,1211,N,True
3,28,reel32__2,1211,N,True
3,97,bot3__6,1211,N,True
3,249,bot3__6,1211,N,True
3,126,bot23__5,1211,N,True
3,97,bot23__5,1211,N,True
3,246,bot6__9,1211,N,True
3,79,bot6__9,1211,N,True
3,233,bot6__9,1211,N,True
3,79,reel10__1,1211,N,True
3,79,reel25__8,1211,N,True
3,3,reel25__8,1211,N,True
3,79,reel41__0,1211,N,True
3,79,bot47__1,1211,N,True
3,254,reel5__8,1211,N,True
3,168,reel5__8,1211,N,True
3,254,bot18__7,1211,N,True
3,254,bot31__0,1211,N,True
3,134,reel40__4,1211,N,True
3,254,reel40__4,1211,N,True
3,98,reel40__4,1211,N,True
3,254,reel45__6,1211,N,True
3,254,bot60__5,1211,N,True
3,142,reel16__0,1211,N,True
3,142,reel16__6,1211,N,True
3,155,bot32__8,1211,N,True
3,142,bot32__8,1211,N,True
3,274,reel43__4,1211,N,True
3,142,reel43__4,1211,N,True
3,7,reel1__8,1211,N,True
3,50,reel1__8,1211,N,True
3,3,reel1__8,1211,N,True
3,276,reel7__0,1211,N,True
3,3,reel7__0,1211,N,True
3,279,bot17__9,1211,N,True
3,3,bot17__9,1211,N,True
3,195,reel30__7,1211,N,True
3,3,reel30__7,1211,N,True
3,3,bot37__1,1211,N,True
3,3,bot54__9,1211,N,True
3,104,bot54__9,1211,N,True
3,323,bot8__6,1211,N,True
3,323,bot21__1,1211,N,True
3,323,bot55__7,1211,N,True
3,169,reel8__8,1211,N,True
3,216,reel8__8,1211,N,True
3,169,reel48__9,1211,N,True
3,reel40__3,reel48__9,1211,N,True
3,273,bot60__2,1211,N,True
3,312,reel6__5,1211,N,True
3,274,reel6__5,1211,N,True
3,312,bot10__0,1211,N,True
3,279,bot10__0,1211,N,True
3,312,reel37__2,1211,N,True
3,187,bot6__1,1211,N,True
3,133,bot6__1,1211,N,True
3,187,bot10__3,1211,N,True
3,2,bot10__3,1211,N,True
3,187,reel26__6,1211,N,True
3,294,reel26__6,1211,N,True
3,187,reel40__1,1211,N,True
3,207,reel40__1,1211,N,True
3,187,reel42__4,1211,N,True
3,reel39__7,reel42__4,1211,N,True
3,187,bot45__9,1211,N,True
3,331,reel5__1,1211,N,True
3,53,reel5__1,1211,N,True
3,259,reel5__1,1211,N,True
3,53,reel12__7,1211,N,True
3,46,reel12__7,1211,N,True
3,53,reel24__7,1211,N,True
3,53,reel44__7,1211,N,True
3,109,bot15__1,1211,N,True
3,156,reel31__5,1211,N,True
3,109,reel31__5,1211,N,True
3,331,bot12__9,1211,N,True
3,331,bot30__8,1211,N,True
3,225,reel23__4,1211,N,True
3,251,reel55__1,1211,N,True
3,225,reel55__1,1211,N,True
3,219,reel12__5,1211,N,True
3,4,reel12__5,1211,N,True
3,294,reel9__9,1211,N,True
3,157,reel9__9,1211,N,True
3,67,reel9__9,1211,N,True
3,reel29__3,reel9__9,1211,N,True
3,161,bot33__6,1211,N,True
3,reel29__3,bot33__6,1211,N,True
3,256,reel49__9,1211,N,True
3,256,reel57__1,1211,N,True
3,reel25__0,bot28__5,1211,N,True
3,reel25__0,reel34__4,1211,N,True
3,reel25__0,reel58__2,1211,N,True
3,296,reel58__2,1211,N,True
3,286,reel58__2,1211,N,True
3,13,reel6__0,1211,N,True
3,13,reel13__4,1211,N,True
3,123,reel13__4,1211,N,True
3,13,reel24__2,1211,N,True
3,13,reel34__7,1211,N,True
3,202,bot5__1,1211,N,True
3,276,bot5__1,1211,N,True
3,216,reel27__2,1211,N,True
3,276,reel27__2,1211,N,True
3,279,bot17__7,1211,N,True
3,317,bot37__3,1211,N,True
3,279,bot37__3,1211,N,True
3,279,bot37__7,1211,N,True
3,328,bot6__0,1211,N,True
3,71,bot6__0,1211,N,True
3,328,bot24__0,1211,N,True
3,328,reel27__9,1211,N,True
3,328,reel48__0,1211,N,True
3,reel8__4,bot22__5,1211,N,True
3,reel19__4,bot22__5,1211,N,True
3,reel19__4,bot23__2,1211,N,True
3,bot2__3,bot13__2,1211,N,True
3,89,bot13__2,1211,N,True
3,89,reel16__1,1211,N,True
3,reel8__4,reel22__9,1211,N,True
3,89,reel22__9,1211,N,True
3,89,reel31__6,1211,N,True
3,89,reel55__6,1211,N,True
3,294,reel22__1,1211,N,True
3,70,reel22__1,1211,N,True
3,128,bot36__0,1211,N,True
3,70,bot36__0,1211,N,True
3,128,reel4__6,1211,N,True
3,46,reel4__6,1211,N,True
3,157,reel28__1,1211,N,True
3,46,reel28__1,1211,N,True
3,46,bot47__3,1211,N,True
3,140,bot47__3,1211,N,True
3,107,bot5__8,1211,N,True
3,177,bot5__8,1211,N,True
3,reel0__8,bot5__8,1211,N,True
3,177,reel31__7,1211,N,True
3,47,reel33__1,1211,N,True
3,177,reel33__1,1211,N,True
3,177,reel53__7,1211,N,True
3,132,reel38__5,1211,N,True
3,248,bot39__4,1211,N,True
3,132,bot39__4,1211,N,True
3,259,bot51__9,1211,N,True
3,132,bot51__9,1211,N,True
3,249,reel9__8,1211,N,True
3,249,reel17__4,1211,N,True
3,249,bot30__5,1211,N,True
3,297,reel52__2,1211,N,True
3,249,reel52__2,1211,N,True
3,125,reel45__2,1211,N,True
3,125,reel47__3,1211,N,True
3,23,bot19__4,1211,N,True
3,235,bot9__3,1211,N,True
3,80,bot9__3,1211,N,True
3,80,reel22__8,1211,N,True
3,80,reel40__8,1211,N,True
3,143,reel40__8,1211,N,True
3,61,bot16__2,1211,N,True
3,307,bot16__2,1211,N,True
3,61,bot41__7,1211,N,True
3,107,bot20__0,1211,N,True
3,reel9__3,bot26__1,1211,N,True
3,248,bot29__5,1211,N,True
3,bot30__7,bot9__6,1211,N,True
3,251,bot9__6,1211,N,True
3,235,reel10__3,1211,N,True
3,251,reel10__3,1211,N,True
3,338,reel19__8,1211,N,True
3,251,reel19__8,1211,N,True
3,bot38__3,reel26__8,1211,N,True
3,251,reel26__8,1211,N,True
3,259,bot4__7,1211,N,True
3,259,bot16__5,1211,N,True
3,259,reel51__3,1211,N,True
3,110,reel51__3,1211,N,True
3,179,reel51__3,1211,N,True
3,41,bot9__2,1211,N,True
3,bot0__9,bot9__2,1211,N,True
3,41,reel30__4,1211,N,True
3,71,bot11__5,1211,N,True
3,reel2__1,bot11__5,1211,N,True
3,71,bot24__4,1211,N,True
3,71,reel27__3,1211,N,True
3,32,reel0__9,1211,N,True
3,102,reel0__9,1211,N,True
3,reel8__4,reel0__9,1211,N,True
3,7,bot23__1,1211,N,True
3,reel8__4,bot23__1,1211,N,True
3,reel8__4,bot26__2,1211,N,True
3,333,reel18__4,1211,N,True
3,9,reel18__4,1211,N,True
3,67,bot3__8,1211,N,True
3,214,bot3__8,1211,N,True
3,reel0__8,reel20__0,1211,N,True
3,214,reel20__0,1211,N,True
3,186,bot4__4,1211,N,True
3,186,bot5__4,1211,N,True
3,186,reel46__9,1211,N,True
3,reel39__7,reel46__9,1211,N,True
3,186,reel49__0,1211,N,True
3,reel43__2,bot46__8,1211,N,True
3,reel13__9,reel11__8,1211,N,True
3,179,reel11__8,1211,N,True
3,reel13__9,bot49__2,1211,N,True
3,reel13__9,bot52__9,1211,N,True
3,reel34__0,bot46__3,1211,N,True
3,50,reel4__8,1211,N,True
3,137,reel4__8,1211,N,True
3,50,bot16__4,1211,N,True
3,50,reel17__6,1211,N,True
3,62,reel17__8,1211,N,True
3,155,reel17__8,1211,N,True
3,128,reel38__7,1211,N,True
3,133,reel4__3,1211,N,True
3,133,reel19__3,1211,N,True
3,307,reel19__3,1211,N,True
3,179,reel53__4,1211,N,True
3,126,bot55__5,1211,N,True
3,179,bot55__5,1211,N,True
3,47,reel55__2,1211,N,True
3,179,reel55__2,1211,N,True
3,126,bot1__2,1211,N,True
3,73,bot1__2,1211,N,True
3,150,bot7__4,1211,N,True
3,reel0__8,bot7__4,1211,N,True
3,150,bot17__6,1211,N,True
3,338,reel1__3,1211,N,True
3,339,reel1__3,1211,N,True
3,338,bot15__8,1211,N,True
3,26,bot55__3,1211,N,True
3,338,bot55__3,1211,N,True
3,bot33__0,bot16__1,1211,N,True
3,233,bot14__8,1211,N,True
3,233,reel29__0,1211,N,True
3,227,reel29__0,1211,N,True
3,233,reel48__3,1211,N,True
3,20,reel1__2,1211,N,True
3,20,bot15__4,1211,N,True
3,67,reel23__7,1211,N,True
3,67,reel46__7,1211,N,True
3,195,reel12__6,1211,N,True
3,reel25__1,reel12__6,1211,N,True
3,195,reel24__4,1211,N,True
3,333,bot46__7,1211,N,True
3,333,bot47__2,1211,N,True
3,reel39__7,bot47__2,1211,N,True
3,202,reel2__5,1211,N,True
3,106,reel2__5,1211,N,True
3,202,bot23__7,1211,N,True
3,313,bot49__6,1211,N,True
3,35,reel11__0,1211,N,True
3,143,reel11__0,1211,N,True
3,143,reel57__6,1211,N,True
3,178,reel13__2,1211,N,True
3,57,reel13__2,1211,N,True
3,57,reel35__0,1211,N,True
3,17,reel35__0,1211,N,True
3,17,reel28__6,1211,N,True
3,bot30__7,bot44__5,1211,N,True
3,2,bot48__6,1211,N,True
3,106,reel25__3,1211,N,True
3,171,bot0__6,1211,N,True
3,134,bot0__6,1211,N,True
3,134,bot26__6,1211,N,True
3,317,bot26__6,1211,N,True
3,134,bot35__2,1211,N,True
3,134,bot47__8,1211,N,True
3,47,reel24__6,1211,N,True
3,47,reel29__5,1211,N,True
3,47,reel54__6,1211,N,True
3,344,bot14__7,1211,N,True
3,344,reel27__5,1211,N,True
3,344,reel47__5,1211,N,True
3,reel2__1,bot6__5,1211,N,True
3,324,reel7__1,1211,N,True
3,299,bot13__3,1211,N,True
3,299,reel56__7,1211,N,True
3,161,reel7__5,1211,N,True
3,315,reel7__5,1211,N,True
3,297,reel7__5,1211,N,True
3,297,bot22__9,1211,N,True
3,297,bot28__0,1211,N,True
3,297,bot51__7,1211,N,True
3,104,bot12__1,1211,N,True
3,104,bot22__8,1211,N,True
3,126,bot5__9,1211,N,True
3,231,bot5__9,1211,N,True
3,289,bot5__9,1211,N,True
3,31,reel15__5,1211,N,True
3,289,reel15__5,1211,N,True
3,289,reel48__6,1211,N,True
3,347,reel9__0,1211,N,True
3,347,bot29__1,1211,N,True
3,347,bot53__7,1211,N,True
3,22,bot2__2,1211,N,True
3,213,bot2__2,1211,N,True
3,213,bot8__2,1211,N,True
3,213,bot11__7,1211,N,True
3,213,reel37__5,1211,N,True
3,126,bot21__9,1211,N,True
3,157,bot21__9,1211,N,True
3,216,bot30__1,1211,N,True
3,294,reel13__6,1211,N,True
3,62,reel13__6,1211,N,True
3,62,bot40__5,1211,N,True
3,180,reel11__5,1211,N,True
3,180,bot24__7,1211,N,True
3,137,reel10__5,1211,N,True
3,137,bot37__6,1211,N,True
3,137,reel49__4,1211,N,True
3,24,bot3__7,1211,N,True
3,243,bot1__8,1211,N,True
3,88,bot14__4,1211,N,True
3,88,bot48__3,1211,N,True
3,81,reel11__2,1211,N,True
3,31,reel11__2,1211,N,True
3,31,reel44__9,1211,N,True
3,140,reel44__9,1211,N,True
3,31,bot53__3,1211,N,True
3,275,reel51__1,1211,N,True
3,274,bot57__8,1211,N,True
3,219,bot6__7,1211,N,True
3,307,bot6__7,1211,N,True
3,219,bot13__1,1211,N,True
3,219,reel33__8,1211,N,True
3,211,bot8__5,1211,N,True
3,162,bot8__5,1211,N,True
3,162,reel53__2,1211,N,True
3,reel40__3,reel44__5,1211,N,True
3,156,bot51__8,1211,N,True
3,285,bot7__8,1211,N,True
3,285,reel25__4,1211,N,True
3,226,reel10__4,1211,N,True
3,307,reel10__4,1211,N,True
3,178,bot55__6,1211,N,True
3,226,reel11__7,1211,N,True
3,226,reel19__9,1211,N,True
3,321,bot26__8,1211,N,True
3,226,bot26__8,1211,N,True
3,reel25__1,bot38__1,1211,N,True
3,bot6__6,bot38__1,1211,N,True
3,286,reel46__4,1211,N,True
3,95,bot9__1,1211,N,True
3,95,reel18__7,1211,N,True
3,123,reel22__7,1211,N,True
3,bot0__9,bot30__9,1211,N,True
3,231,reel22__2,1211,N,True
3,315,reel22__2,1211,N,True
3,14,bot14__0,1211,N,True
3,14,reel16__3,1211,N,True
3,148,bot40__0,1211,N,True
3,reel25__1,reel11__1,1211,N,True
3,reel25__1,bot27__4,1211,N,True
3,298,bot43__1,1211,N,True
3,298,reel43__9,1211,N,True
3,294,reel29__8,1211,N,True
3,294,bot47__6,1211,N,True
3,120,bot40__7,1211,N,True
3,145,reel9__4,1211,N,True
3,145,bot31__1,1211,N,True
3,145,reel55__5,1211,N,True
3,reel14__7,reel8__7,1211,N,True
3,32,reel8__7,1211,N,True
3,bot9__5,bot15__7,1211,N,True
3,reel14__7,bot15__7,1211,N,True
3,110,bot7__6,1211,N,True
3,110,reel31__0,1211,N,True
3,110,bot40__6,1211,N,True
3,110,bot44__3,1211,N,True
3,110,reel52__5,1211,N,True
3,339,reel59__6,1211,N,True
3,81,bot25__5,1211,N,True
3,81,bot32__4,1211,N,True
3,22,bot15__9,1211,N,True
3,22,reel28__8,1211,N,True
3,22,bot59__3,1211,N,True
3,321,reel4__0,1211,N,True
3,321,reel31__4,1211,N,True
3,317,bot21__2,1211,N,True
3,bot9__5,bot32__0,1211,N,True
3,bot41__3,bot32__0,1211,N,True
3,246,reel30__3,1211,N,True
3,161,reel22__4,1211,N,True
3,161,bot39__0,1211,N,True
3,161,reel52__0,1211,N,True
3,bot9__5,bot43__2,1211,N,True
3,157,reel35__1,1211,N,True
3,157,bot58__1,1211,N,True
3,35,bot20__1,1211,N,True
3,35,bot55__1,1211,N,True
3,247,reel38__0,1211,N,True
3,32,reel41__3,1211,N,True
3,303,reel37__7,1211,N,True
3,34,reel24__3,1211,N,True
3,bot1__9,bot36__3,1211,N,True
3,168,reel5__7,1211,N,True
3,bot2__7,bot44__9,1211,N,True
3,bot2__7,bot59__1,1211,N,True
3,98,reel56__4,1211,N,True
3,reel0__8,reel58__8,1211,N,True
3,bot27__2,reel25__6,1212,N,True
3,bot27__2,reel13__7,1212,N,True
3,reel52__3,129,1212,N,True
3,reel52__3,174,1212,N,True
3,reel52__3,reel59__8,1212,N,True
3,239,172,1212,N,True
3,261,172,1212,N,True
3,199,172,1212,N,True
3,223,172,1212,N,True
3,141,172,1212,N,True
3,56,172,1212,N,True
3,26,172,1212,N,True
3,308,172,1212,N,True
3,98,172,1212,N,True
3,122,344,1212,N,True
3,239,344,1212,N,True
3,67,344,1212,N,True
3,239,238,1212,N,True
3,261,238,1212,N,True
3,199,238,1212,N,True
3,56,238,1212,N,True
3,106,238,1212,N,True
3,98,238,1212,N,True
3,26,252,1212,N,True
3,239,252,1212,N,True
3,67,252,1212,N,True
3,236,252,1212,N,True
3,261,252,1212,N,True
3,142,252,1212,N,True
3,199,252,1212,N,True
3,223,252,1212,N,True
3,56,252,1212,N,True
3,322,252,1212,N,True
3,122,252,1212,N,True
3,161,252,1212,N,True
3,200,252,1212,N,True
3,308,252,1212,N,True
3,98,252,1212,N,True
3,239,211,1212,N,True
3,261,211,1212,N,True
3,199,211,1212,N,True
3,223,211,1212,N,True
3,56,211,1212,N,True
3,98,211,1212,N,True
3,26,295,1212,N,True
3,239,295,1212,N,True
3,239,212,1212,N,True
3,67,212,1212,N,True
3,199,212,1212,N,True
3,56,212,1212,N,True
3,26,212,1212,N,True
3,239,234,1212,N,True
3,26,203,1212,N,True
3,239,203,1212,N,True
3,67,203,1212,N,True
3,341,203,1212,N,True
3,261,203,1212,N,True
3,142,203,1212,N,True
3,199,203,1212,N,True
3,223,203,1212,N,True
3,56,203,1212,N,True
3,322,203,1212,N,True
3,122,203,1212,N,True
3,161,203,1212,N,True
3,200,203,1212,N,True
3,308,203,1212,N,True
3,98,203,1212,N,True
3,239,313,1212,N,True
3,67,313,1212,N,True
3,261,313,1212,N,True
3,199,313,1212,N,True
3,223,313,1212,N,True
3,56,313,1212,N,True
3,26,313,1212,N,True
3,98,313,1212,N,True
3,26,232,1212,N,True
3,239,232,1212,N,True
3,224,232,1212,N,True
3,276,232,1212,N,True
3,199,232,1212,N,True
3,133,232,1212,N,True
3,reel10__7,232,1212,N,True
3,56,232,1212,N,True
3,322,232,1212,N,True
3,122,232,1212,N,True
3,158,232,1212,N,True
3,200,232,1212,N,True
3,239,59,1212,N,True
3,bot28__2,59,1212,N,True
3,261,59,1212,N,True
3,56,59,1212,N,True
3,98,59,1212,N,True
3,26,188,1212,N,True
3,239,188,1212,N,True
3,67,188,1212,N,True
3,341,188,1212,N,True
3,224,188,1212,N,True
3,142,188,1212,N,True
3,133,188,1212,N,True
3,223,188,1212,N,True
3,323,188,1212,N,True
3,56,188,1212,N,True
3,322,188,1212,N,True
3,122,188,1212,N,True
3,200,188,1212,N,True
3,26,109,1212,N,True
3,239,109,1212,N,True
3,67,109,1212,N,True
3,142,109,1212,N,True
3,323,109,1212,N,True
3,56,109,1212,N,True
3,322,109,1212,N,True
3,122,109,1212,N,True
3,158,109,1212,N,True
3,200,109,1212,N,True
3,98,109,1212,N,True
3,239,265,1212,N,True
3,67,265,1212,N,True
3,261,265,1212,N,True
3,199,265,1212,N,True
3,223,265,1212,N,True
3,56,265,1212,N,True
3,26,265,1212,N,True
3,98,265,1212,N,True
3,239,169,1212,N,True
3,67,169,1212,N,True
3,236,169,1212,N,True
3,142,169,1212,N,True
3,56,169,1212,N,True
3,322,169,1212,N,True
3,122,169,1212,N,True
3,106,169,1212,N,True
3,26,169,1212,N,True
3,26,280,1212,N,True
3,239,280,1212,N,True
3,67,280,1212,N,True
3,236,280,1212,N,True
3,142,280,1212,N,True
3,133,280,1212,N,True
3,141,280,1212,N,True
3,323,280,1212,N,True
3,322,280,1212,N,True
3,122,280,1212,N,True
3,200,280,1212,N,True
3,98,280,1212,N,True
3,26,25,1212,N,True
3,239,25,1212,N,True
3,67,25,1212,N,True
3,98,25,1212,N,True
3,224,25,1212,N,True
3,236,25,1212,N,True
3,276,25,1212,N,True
3,199,25,1212,N,True
3,141,25,1212,N,True
3,323,25,1212,N,True
3,56,25,1212,N,True
3,322,25,1212,N,True
3,122,25,1212,N,True
3,158,25,1212,N,True
3,200,25,1212,N,True
3,130,25,1212,N,True
3,239,271,1212,N,True
3,133,271,1212,N,True
3,141,271,1212,N,True
3,67,271,1212,N,True
3,224,271,1212,N,True
3,236,271,1212,N,True
3,142,271,1212,N,True
3,199,271,1212,N,True
3,323,271,1212,N,True
3,56,271,1212,N,True
3,322,271,1212,N,True
3,122,271,1212,N,True
3,200,271,1212,N,True
3,276,271,1212,N,True
3,261,271,1212,N,True
3,223,271,1212,N,True
3,161,271,1212,N,True
3,26,271,1212,N,True
3,98,271,1212,N,True
3,26,123,1212,N,True
3,239,123,1212,N,True
3,67,123,1212,N,True
3,261,123,1212,N,True
3,142,123,1212,N,True
3,122,123,1212,N,True
3,200,123,1212,N,True
3,98,123,1212,N,True
3,239,66,1212,N,True
3,67,66,1212,N,True
3,142,66,1212,N,True
3,56,66,1212,N,True
3,122,66,1212,N,True
3,26,66,1212,N,True
3,308,66,1212,N,True
3,26,277,1212,N,True
3,239,277,1212,N,True
3,67,277,1212,N,True
3,98,277,1212,N,True
3,142,277,1212,N,True
3,323,277,1212,N,True
3,56,277,1212,N,True
3,322,277,1212,N,True
3,122,277,1212,N,True
3,161,277,1212,N,True
3,200,277,1212,N,True
3,308,277,1212,N,True
3,130,277,1212,N,True
3,239,338,1212,N,True
3,308,338,1212,N,True
3,239,272,1212,N,True
3,67,272,1212,N,True
3,236,272,1212,N,True
3,141,272,1212,N,True
3,56,272,1212,N,True
3,122,272,1212,N,True
3,98,272,1212,N,True
3,239,213,1212,N,True
3,67,213,1212,N,True
3,224,213,1212,N,True
3,236,213,1212,N,True
3,96,213,1212,N,True
3,56,213,1212,N,True
3,322,213,1212,N,True
3,122,213,1212,N,True
3,161,213,1212,N,True
3,308,213,1212,N,True
3,130,213,1212,N,True
3,26,72,1212,N,True
3,239,72,1212,N,True
3,67,72,1212,N,True
3,199,72,1212,N,True
3,141,72,1212,N,True
3,56,72,1212,N,True
3,200,72,1212,N,True
3,26,104,1212,N,True
3,239,104,1212,N,True
3,67,104,1212,N,True
3,142,104,1212,N,True
3,56,104,1212,N,True
3,322,104,1212,N,True
3,122,104,1212,N,True
3,45,104,1212,N,True
3,200,104,1212,N,True
3,98,104,1212,N,True
3,239,231,1212,N,True
3,bot28__2,231,1212,N,True
3,199,231,1212,N,True
3,56,231,1212,N,True
3,106,231,1212,N,True
3,239,303,1212,N,True
3,67,303,1212,N,True
3,236,303,1212,N,True
3,142,303,1212,N,True
3,56,303,1212,N,True
3,322,303,1212,N,True
3,122,303,1212,N,True
3,reel37__7,303,1212,N,True
3,45,303,1212,N,True
3,26,285,1212,N,True
3,239,285,1212,N,True
3,67,285,1212,N,True
3,261,285,1212,N,True
3,142,285,1212,N,True
3,323,285,1212,N,True
3,56,285,1212,N,True
3,322,285,1212,N,True
3,122,285,1212,N,True
3,200,285,1212,N,True
3,98,285,1212,N,True
3,239,reel16__7,1212,N,True
3,239,reel39__0,1212,N,True
3,328,reel39__0,1212,N,True
3,239,bot60__0,1212,N,True
3,322,1,1212,N,True
3,236,1,1212,N,True
3,133,1,1212,N,True
3,67,315,1212,N,True
3,224,315,1212,N,True
3,236,315,1212,N,True
3,142,315,1212,N,True
3,133,315,1212,N,True
3,199,315,1212,N,True
3,323,315,1212,N,True
3,223,315,1212,N,True
3,56,315,1212,N,True
3,322,315,1212,N,True
3,122,315,1212,N,True
3,158,315,1212,N,True
3,26,315,1212,N,True
3,98,315,1212,N,True
3,133,183,1212,N,True
3,26,9,1212,N,True
3,67,9,1212,N,True
3,341,9,1212,N,True
3,224,9,1212,N,True
3,276,9,1212,N,True
3,142,9,1212,N,True
3,133,9,1212,N,True
3,199,9,1212,N,True
3,141,9,1212,N,True
3,323,9,1212,N,True
3,56,9,1212,N,True
3,322,9,1212,N,True
3,122,9,1212,N,True
3,161,9,1212,N,True
3,200,9,1212,N,True
3,133,reel4__3,1212,N,True
3,133,bot6__1,1212,N,True
3,133,reel19__3,1212,N,True
3,133,bot20__3,1212,N,True
3,133,reel21__6,1212,N,True
3,133,reel38__9,1212,N,True
3,236,257,1212,N,True
3,141,257,1212,N,True
3,322,257,1212,N,True
3,26,257,1212,N,True
3,130,257,1212,N,True
3,322,38,1212,N,True
3,141,38,1212,N,True
3,323,258,1212,N,True
3,161,258,1212,N,True
3,98,258,1212,N,True
3,141,258,1212,N,True
3,161,39,1212,N,True
3,200,39,1212,N,True
3,141,39,1212,N,True
3,224,291,1212,N,True
3,199,291,1212,N,True
3,141,291,1212,N,True
3,56,291,1212,N,True
3,158,291,1212,N,True
3,26,291,1212,N,True
3,98,291,1212,N,True
3,141,bot14__2,1212,N,True
3,45,reel20__4,1212,N,True
3,141,reel20__4,1212,N,True
3,341,bot21__7,1212,N,True
3,141,bot21__7,1212,N,True
3,141,bot31__2,1212,N,True
3,141,reel31__3,1212,N,True
3,141,reel39__2,1212,N,True
3,141,reel48__4,1212,N,True
3,341,274,1212,N,True
3,323,274,1212,N,True
3,96,274,1212,N,True
3,122,274,1212,N,True
3,200,274,1212,N,True
3,96,190,1212,N,True
3,236,314,1212,N,True
3,261,314,1212,N,True
3,199,314,1212,N,True
3,96,314,1212,N,True
3,161,314,1212,N,True
3,96,reel25__5,1212,N,True
3,reel41__8,reel26__7,1212,N,True
3,reel41__8,bot54__1,1212,N,True
3,reel37__7,reel30__2,1212,N,True
3,224,reel34__3,1212,N,True
3,reel37__7,reel34__3,1212,N,True
3,reel37__7,bot39__2,1212,N,True
3,323,bot39__2,1212,N,True
3,142,reel40__5,1212,N,True
3,reel37__7,reel40__5,1212,N,True
3,reel37__7,bot54__7,1212,N,True
3,reel34__5,337,1212,N,True
3,reel34__5,reel22__2,1212,N,True
3,reel34__5,reel56__1,1212,N,True
3,bot34__3,reel6__3,1212,N,True
3,bot34__3,bot56__6,1212,N,True
3,reel4__8,166,1212,N,True
3,reel4__8,137,1212,N,True
3,reel4__8,reel17__4,1212,N,True
3,reel4__8,reel30__7,1212,N,True
3,328,273,1212,N,True
3,78,273,1212,N,True
3,328,218,1212,N,True
3,78,218,1212,N,True
3,328,275,1212,N,True
3,78,275,1212,N,True
3,328,306,1212,N,True
3,78,306,1212,N,True
3,328,181,1212,N,True
3,78,181,1212,N,True
3,328,195,1212,N,True
3,78,195,1212,N,True
3,328,4,1212,N,True
3,78,4,1212,N,True
3,78,reel36__2,1212,N,True
3,78,reel45__9,1212,N,True
3,78,reel48__2,1212,N,True
3,reel59__1,reel24__3,1212,N,True
3,reel59__1,reel36__0,1212,N,True
3,reel27__3,reel0__7,1212,N,True
3,reel27__3,71,1212,N,True
3,reel27__3,reel32__3,1212,N,True
3,reel27__3,bot34__6,1212,N,True
3,reel27__3,reel53__5,1212,N,True
3,reel27__3,bot55__4,1212,N,True
3,67,342,1212,N,True
3,261,342,1212,N,True
3,199,342,1212,N,True
3,223,342,1212,N,True
3,56,342,1212,N,True
3,322,342,1212,N,True
3,122,342,1212,N,True
3,98,342,1212,N,True
3,254,196,1212,N,True
3,67,196,1212,N,True
3,26,297,1212,N,True
3,67,297,1212,N,True
3,236,297,1212,N,True
3,261,297,1212,N,True
3,142,297,1212,N,True
3,323,297,1212,N,True
3,56,297,1212,N,True
3,322,297,1212,N,True
3,122,297,1212,N,True
3,reel52__2,297,1212,N,True
3,200,297,1212,N,True
3,26,332,1212,N,True
3,67,332,1212,N,True
3,224,332,1212,N,True
3,142,332,1212,N,True
3,323,332,1212,N,True
3,56,332,1212,N,True
3,106,332,1212,N,True
3,122,332,1212,N,True
3,158,332,1212,N,True
3,200,332,1212,N,True
3,98,332,1212,N,True
3,67,136,1212,N,True
3,56,136,1212,N,True
3,322,136,1212,N,True
3,122,136,1212,N,True
3,308,136,1212,N,True
3,56,290,1212,N,True
3,322,290,1212,N,True
3,67,290,1212,N,True
3,323,290,1212,N,True
3,67,75,1212,N,True
3,323,75,1212,N,True
3,56,75,1212,N,True
3,322,75,1212,N,True
3,200,75,1212,N,True
3,122,156,1212,N,True
3,67,156,1212,N,True
3,67,134,1212,N,True
3,142,134,1212,N,True
3,199,134,1212,N,True
3,56,134,1212,N,True
3,26,134,1212,N,True
3,26,185,1212,N,True
3,67,185,1212,N,True
3,56,185,1212,N,True
3,322,185,1212,N,True
3,200,185,1212,N,True
3,200,10,1212,N,True
3,142,10,1212,N,True
3,67,10,1212,N,True
3,323,10,1212,N,True
3,67,82,1212,N,True
3,261,82,1212,N,True
3,199,82,1212,N,True
3,56,82,1212,N,True
3,158,82,1212,N,True
3,98,82,1212,N,True
3,224,324,1212,N,True
3,200,324,1212,N,True
3,199,324,1212,N,True
3,67,324,1212,N,True
3,26,334,1212,N,True
3,67,334,1212,N,True
3,142,334,1212,N,True
3,56,334,1212,N,True
3,200,334,1212,N,True
3,308,334,1212,N,True
3,67,bot3__8,1212,N,True
3,67,reel9__9,1212,N,True
3,67,reel23__7,1212,N,True
3,67,reel29__1,1212,N,True
3,224,148,1212,N,True
3,261,148,1212,N,True
3,98,148,1212,N,True
3,224,bot16__6,1212,N,True
3,224,reel39__5,1212,N,True
3,224,reel41__9,1212,N,True
3,224,reel46__6,1212,N,True
3,236,105,1212,N,True
3,236,121,1212,N,True
3,236,bot12__7,1212,N,True
3,236,reel39__4,1212,N,True
3,236,reel45__1,1212,N,True
3,236,reel47__5,1212,N,True
3,254,302,1212,N,True
3,254,187,1212,N,True
3,254,101,1212,N,True
3,322,53,1212,N,True
3,254,53,1212,N,True
3,130,53,1212,N,True
3,254,330,1212,N,True
3,254,94,1212,N,True
3,254,204,1212,N,True
3,130,204,1212,N,True
3,254,266,1212,N,True
3,254,346,1212,N,True
3,130,346,1212,N,True
3,254,180,1212,N,True
3,254,92,1212,N,True
3,254,reel5__8,1212,N,True
3,254,bot18__7,1212,N,True
3,254,reel21__7,1212,N,True
3,254,bot31__0,1212,N,True
3,254,bot60__5,1212,N,True
3,200,reel16__0,1212,N,True
3,142,reel16__0,1212,N,True
3,142,reel16__6,1212,N,True
3,142,bot32__8,1212,N,True
3,269,reel33__9,1212,N,True
3,142,reel33__9,1212,N,True
3,142,bot36__4,1212,N,True
3,142,reel43__4,1212,N,True
3,56,222,1212,N,True
3,199,222,1212,N,True
3,56,298,1212,N,True
3,26,298,1212,N,True
3,199,298,1212,N,True
3,199,288,1212,N,True
3,322,48,1212,N,True
3,199,48,1212,N,True
3,130,48,1212,N,True
3,199,bot2__0,1212,N,True
3,199,reel12__9,1212,N,True
3,158,reel12__9,1212,N,True
3,199,reel14__6,1212,N,True
3,199,reel20__9,1212,N,True
3,199,reel31__1,1212,N,True
3,reel12__0,112,1212,N,True
3,reel12__0,reel3__5,1212,N,True
3,reel12__0,reel14__4,1212,N,True
3,reel12__0,bot24__4,1212,N,True
3,reel12__0,bot41__4,1212,N,True
3,reel12__0,bot53__6,1212,N,True
3,reel12__0,bot58__3,1212,N,True
3,322,85,1212,N,True
3,323,85,1212,N,True
3,323,bot3__0,1212,N,True
3,200,bot8__6,1212,N,True
3,323,bot8__6,1212,N,True
3,reel10__7,reel9__7,1212,N,True
3,323,reel9__7,1212,N,True
3,323,bot21__1,1212,N,True
3,323,reel54__1,1212,N,True
3,323,bot55__7,1212,N,True
3,56,132,1212,N,True
3,45,132,1212,N,True
3,158,132,1212,N,True
3,56,331,1212,N,True
3,98,331,1212,N,True
3,56,207,1212,N,True
3,322,207,1212,N,True
3,56,221,1212,N,True
3,45,221,1212,N,True
3,322,221,1212,N,True
3,56,bot19__6,1212,N,True
3,reel10__7,bot27__6,1212,N,True
3,56,bot27__6,1212,N,True
3,322,126,1212,N,True
3,322,246,1212,N,True
3,308,246,1212,N,True
3,223,246,1212,N,True
3,322,178,1212,N,True
3,322,7,1212,N,True
3,308,7,1212,N,True
3,322,250,1212,N,True
3,322,339,1212,N,True
3,161,339,1212,N,True
3,158,339,1212,N,True
3,322,87,1212,N,True
3,308,87,1212,N,True
3,161,87,1212,N,True
3,322,260,1212,N,True
3,160,260,1212,N,True
3,322,reel1__0,1212,N,True
3,322,bot4__3,1212,N,True
3,322,reel15__9,1212,N,True
3,322,bot17__2,1212,N,True
3,122,284,1212,N,True
3,122,235,1212,N,True
3,122,251,1212,N,True
3,122,281,1212,N,True
3,122,bot22__2,1212,N,True
3,122,reel36__7,1212,N,True
3,106,29,1212,N,True
3,106,reel2__5,1212,N,True
3,200,165,1212,N,True
3,200,bot8__5,1212,N,True
3,200,reel18__6,1212,N,True
3,200,bot20__9,1212,N,True
3,200,reel28__7,1212,N,True
3,200,bot38__2,1212,N,True
3,200,reel55__6,1212,N,True
3,bot35__4,107,1212,N,True
3,276,bot5__1,1212,N,True
3,45,bot5__1,1212,N,True
3,276,reel7__0,1212,N,True
3,276,bot25__6,1212,N,True
3,276,reel27__2,1212,N,True
3,261,16,1212,N,True
3,261,65,1212,N,True
3,261,reel2__7,1212,N,True
3,261,bot7__7,1212,N,True
3,261,reel8__2,1212,N,True
3,261,reel32__6,1212,N,True
3,223,bot9__9,1212,N,True
3,reel10__7,bot24__3,1212,N,True
3,reel10__7,bot34__2,1212,N,True
3,269,58,1212,N,True
3,269,81,1212,N,True
3,269,bot2__5,1212,N,True
3,269,bot42__6,1212,N,True
3,328,bot1__5,1212,N,True
3,328,bot2__6,1212,N,True
3,328,bot6__0,1212,N,True
3,328,bot6__2,1212,N,True
3,328,bot24__0,1212,N,True
3,328,reel27__9,1212,N,True
3,328,reel48__0,1212,N,True
3,bot40__5,bot6__4,1212,N,True
3,bot40__5,bot49__8,1212,N,True
3,reel27__0,217,1212,N,True
3,reel27__0,bot44__8,1212,N,True
3,161,bot2__8,1212,N,True
3,161,reel7__5,1212,N,True
3,161,reel22__4,1212,N,True
3,161,bot33__6,1212,N,True
3,161,bot39__0,1212,N,True
3,26,bot0__2,1212,N,True
3,26,bot16__8,1212,N,True
3,26,bot55__3,1212,N,True
3,130,73,1212,N,True
3,130,191,1212,N,True
3,bot40__3,bot2__2,1212,N,True
3,bot40__3,14,1212,N,True
3,341,reel8__0,1212,N,True
3,341,reel22__0,1212,N,True
3,341,bot42__2,1212,N,True
3,341,reel47__6,1212,N,True
3,341,reel59__4,1212,N,True
3,reel27__7,reel12__5,1212,N,True
3,reel27__7,bot50__8,1212,N,True
3,reel27__7,reel57__6,1212,N,True
3,45,reel9__5,1212,N,True
3,reel4__5,reel9__5,1212,N,True
3,45,reel12__2,1212,N,True
3,45,bot13__6,1212,N,True
3,reel32__0,reel9__1,1212,N,True
3,reel32__0,bot41__3,1212,N,True
3,reel32__0,bot55__0,1212,N,True
3,158,317,1212,N,True
3,158,168,1212,N,True
3,158,reel0__6,1212,N,True
3,158,reel20__3,1212,N,True
3,158,reel59__2,1212,N,True
3,308,bot0__8,1212,N,True
3,308,reel15__2,1212,N,True
3,308,reel18__5,1212,N,True
3,308,bot26__0,1212,N,True
3,308,reel30__8,1212,N,True
3,160,bot33__9,1212,N,True
3,reel4__5,8,1212,N,True
3,reel4__5,289,1212,N,True
3,reel4__5,reel10__9,1212,N,True
3,reel4__5,reel13__9,1212,N,True
3,reel4__5,bot18__4,1212,N,True
3,reel4__5,bot40__9,1212,N,True
3,reel4__5,bot58__9,1212,N,True
3,98,bot33__7,1212,N,True
3,310,reel2__6,1213,N,True
3,337,reel2__6,1213,N,True
3,190,reel2__6,1213,N,True
3,310,reel5__2,1213,N,True
3,147,reel5__2,1213,N,True
3,310,bot12__0,1213,N,True
3,310,reel23__6,1213,N,True
3,138,reel23__6,1213,N,True
3,185,reel23__6,1213,N,True
3,306,bot8__1,1213,N,True
3,10,bot8__1,1213,N,True
3,306,reel21__4,1213,N,True
3,320,reel21__4,1213,N,True
3,306,reel29__9,1213,N,True
3,306,reel52__9,1213,N,True
3,50,reel52__9,1213,N,True
3,205,bot1__8,1213,N,True
3,166,bot1__8,1213,N,True
3,243,bot1__8,1213,N,True
3,205,bot11__0,1213,N,True
3,205,reel30__6,1213,N,True
3,205,reel59__4,1213,N,True
3,341,reel59__4,1213,N,True
3,293,reel7__4,1213,N,True
3,179,reel7__4,1213,N,True
3,213,reel7__4,1213,N,True
3,293,reel11__9,1213,N,True
3,109,reel11__9,1213,N,True
3,293,bot16__7,1213,N,True
3,293,bot19__9,1213,N,True
3,293,bot43__8,1213,N,True
3,51,reel2__8,1213,N,True
3,263,reel6__3,1213,N,True
3,51,reel6__3,1213,N,True
3,174,reel6__3,1213,N,True
3,24,reel27__4,1213,N,True
3,51,reel27__4,1213,N,True
3,283,reel29__4,1213,N,True
3,51,reel29__4,1213,N,True
3,51,reel35__6,1213,N,True
3,14,reel35__6,1213,N,True
3,bot17__4,bot34__0,1213,N,True
3,bot17__4,bot44__3,1213,N,True
3,110,bot44__3,1213,N,True
3,reel8__3,reel9__6,1213,N,True
3,14,reel9__6,1213,N,True
3,reel8__3,reel28__3,1213,N,True
3,340,bot21__3,1213,N,True
3,89,bot21__3,1213,N,True
3,20,reel21__2,1213,N,True
3,340,reel21__2,1213,N,True
3,340,reel37__9,1213,N,True
3,59,reel4__1,1213,N,True
3,346,reel4__1,1213,N,True
3,224,bot16__6,1213,N,True
3,59,bot16__6,1213,N,True
3,59,bot24__2,1213,N,True
3,59,bot28__2,1213,N,True
3,231,bot28__2,1213,N,True
3,59,reel33__0,1213,N,True
3,192,reel33__0,1213,N,True
3,59,reel35__4,1213,N,True
3,216,reel20__4,1213,N,True
3,45,reel20__4,1213,N,True
3,141,reel20__4,1213,N,True
3,341,bot21__7,1213,N,True
3,141,bot21__7,1213,N,True
3,141,bot31__2,1213,N,True
3,14,reel39__2,1213,N,True
3,329,reel39__2,1213,N,True
3,141,reel39__2,1213,N,True
3,141,reel48__4,1213,N,True
3,320,reel25__5,1213,N,True
3,96,reel25__5,1213,N,True
3,283,bot0__0,1213,N,True
3,73,bot0__0,1213,N,True
3,283,bot6__8,1213,N,True
3,36,bot6__8,1213,N,True
3,283,reel14__5,1213,N,True
3,283,bot18__9,1213,N,True
3,283,reel51__5,1213,N,True
3,119,bot5__2,1213,N,True
3,260,bot5__2,1213,N,True
3,194,bot5__2,1213,N,True
3,58,reel15__6,1213,N,True
3,260,reel15__6,1213,N,True
3,224,bot17__5,1213,N,True
3,260,bot17__5,1213,N,True
3,346,bot17__5,1213,N,True
3,260,reel39__7,1213,N,True
3,314,bot15__3,1213,N,True
3,138,reel51__6,1213,N,True
3,314,reel51__6,1213,N,True
3,341,reel8__0,1213,N,True
3,194,reel8__0,1213,N,True
3,reel31__9,reel15__4,1213,N,True
3,124,reel15__4,1213,N,True
3,194,reel15__4,1213,N,True
3,122,bot42__1,1213,N,True
3,194,bot42__1,1213,N,True
3,192,reel5__6,1213,N,True
3,106,reel12__8,1213,N,True
3,3,reel12__8,1213,N,True
3,192,reel12__8,1213,N,True
3,298,reel17__3,1213,N,True
3,192,reel17__3,1213,N,True
3,149,reel34__8,1213,N,True
3,154,reel34__8,1213,N,True
3,149,bot48__7,1213,N,True
3,212,reel1__6,1213,N,True
3,230,reel1__6,1213,N,True
3,226,reel19__9,1213,N,True
3,212,reel19__9,1213,N,True
3,129,bot6__7,1213,N,True
3,307,bot6__7,1213,N,True
3,129,reel6__1,1213,N,True
3,129,reel24__6,1213,N,True
3,47,reel24__6,1213,N,True
3,129,reel43__7,1213,N,True
3,129,reel49__1,1213,N,True
3,244,reel49__1,1213,N,True
3,129,reel52__3,1213,N,True
3,62,reel52__3,1213,N,True
3,174,reel52__3,1213,N,True
3,6,bot12__7,1213,N,True
3,236,bot12__7,1213,N,True
3,236,reel39__4,1213,N,True
3,236,bot40__7,1213,N,True
3,120,bot40__7,1213,N,True
3,236,reel45__1,1213,N,True
3,bot23__2,reel19__4,1213,N,True
3,113,reel19__4,1213,N,True
3,103,reel5__9,1213,N,True
3,bot23__2,reel5__9,1213,N,True
3,199,bot2__0,1213,N,True
3,221,reel12__9,1213,N,True
3,199,reel12__9,1213,N,True
3,199,bot14__9,1213,N,True
3,6,reel14__6,1213,N,True
3,199,reel14__6,1213,N,True
3,259,reel20__9,1213,N,True
3,199,reel20__9,1213,N,True
3,199,reel31__1,1213,N,True
3,22,reel31__1,1213,N,True
3,251,bot9__6,1213,N,True
3,250,bot9__6,1213,N,True
3,224,reel34__3,1213,N,True
3,189,reel34__3,1213,N,True
3,250,reel34__3,1213,N,True
3,250,bot45__2,1213,N,True
3,94,bot50__5,1213,N,True
3,94,reel57__5,1213,N,True
3,339,reel57__5,1213,N,True
3,226,bot2__4,1213,N,True
3,48,bot2__4,1213,N,True
3,48,bot19__3,1213,N,True
3,184,bot28__7,1213,N,True
3,48,bot28__7,1213,N,True
3,48,reel40__7,1213,N,True
3,280,reel16__0,1213,N,True
3,200,reel16__0,1213,N,True
3,142,reel16__0,1213,N,True
3,280,reel44__0,1213,N,True
3,65,bot27__9,1213,N,True
3,322,reel1__0,1213,N,True
3,241,reel1__0,1213,N,True
3,3,reel1__0,1213,N,True
3,322,bot4__3,1213,N,True
3,64,bot4__3,1213,N,True
3,324,bot4__3,1213,N,True
3,322,reel6__9,1213,N,True
3,166,reel6__9,1213,N,True
3,73,reel6__9,1213,N,True
3,322,bot9__8,1213,N,True
3,122,bot22__2,1213,N,True
3,40,reel36__7,1213,N,True
3,122,reel36__7,1213,N,True
3,113,reel36__7,1213,N,True
3,56,bot1__4,1213,N,True
3,56,bot13__4,1213,N,True
3,327,bot13__4,1213,N,True
3,40,reel3__2,1213,N,True
3,133,reel3__2,1213,N,True
3,40,bot23__0,1213,N,True
3,40,reel33__6,1213,N,True
3,5,reel33__6,1213,N,True
3,40,reel34__0,1213,N,True
3,bot35__4,reel34__0,1213,N,True
3,40,bot35__7,1213,N,True
3,79,reel3__8,1213,N,True
3,309,reel3__8,1213,N,True
3,309,bot12__6,1213,N,True
3,329,bot12__6,1213,N,True
3,309,bot19__5,1213,N,True
3,309,bot22__7,1213,N,True
3,286,bot22__7,1213,N,True
3,144,reel48__5,1213,N,True
3,309,reel48__5,1213,N,True
3,179,reel48__5,1213,N,True
3,318,bot0__7,1213,N,True
3,230,bot0__7,1213,N,True
3,86,reel1__1,1213,N,True
3,88,reel1__1,1213,N,True
3,230,reel1__1,1213,N,True
3,230,reel12__0,1213,N,True
3,230,reel16__3,1213,N,True
3,14,reel16__3,1213,N,True
3,142,reel43__4,1213,N,True
3,230,reel43__4,1213,N,True
3,77,reel47__7,1213,N,True
3,34,reel47__7,1213,N,True
3,132,reel47__7,1213,N,True
3,39,reel0__1,1213,N,True
3,302,reel0__1,1213,N,True
3,39,bot14__6,1213,N,True
3,346,bot14__6,1213,N,True
3,39,bot19__2,1213,N,True
3,39,bot25__1,1213,N,True
3,39,reel48__1,1213,N,True
3,39,reel54__3,1213,N,True
3,241,bot13__0,1213,N,True
3,175,reel59__0,1213,N,True
3,241,reel59__0,1213,N,True
3,331,reel3__4,1213,N,True
3,121,reel3__4,1213,N,True
3,121,reel13__7,1213,N,True
3,159,reel13__7,1213,N,True
3,104,reel13__7,1213,N,True
3,121,bot18__6,1213,N,True
3,38,bot18__6,1213,N,True
3,268,bot1__1,1213,N,True
3,268,bot5__0,1213,N,True
3,231,bot5__0,1213,N,True
3,268,reel27__7,1213,N,True
3,268,reel28__0,1213,N,True
3,326,bot10__2,1213,N,True
3,267,reel30__2,1213,N,True
3,282,reel30__2,1213,N,True
3,267,bot40__1,1213,N,True
3,bot13__5,bot33__8,1213,N,True
3,reel5__0,bot35__3,1213,N,True
3,116,bot35__3,1213,N,True
3,bot2__7,reel0__7,1213,N,True
3,119,reel0__7,1213,N,True
3,201,reel0__7,1213,N,True
3,71,reel0__7,1213,N,True
3,119,bot17__1,1213,N,True
3,119,bot20__4,1213,N,True
3,38,bot20__4,1213,N,True
3,119,reel39__6,1213,N,True
3,317,reel39__6,1213,N,True
3,119,reel50__3,1213,N,True
3,134,reel5__3,1213,N,True
3,258,reel5__3,1213,N,True
3,86,reel5__3,1213,N,True
3,261,reel8__2,1213,N,True
3,258,reel8__2,1213,N,True
3,103,reel8__2,1213,N,True
3,337,reel15__1,1213,N,True
3,258,reel15__1,1213,N,True
3,311,bot18__1,1213,N,True
3,258,bot18__1,1213,N,True
3,258,bot24__8,1213,N,True
3,265,bot24__8,1213,N,True
3,258,reel41__3,1213,N,True
3,32,reel41__3,1213,N,True
3,263,bot10__1,1213,N,True
3,320,bot10__1,1213,N,True
3,263,bot38__9,1213,N,True
3,263,bot43__0,1213,N,True
3,232,bot43__0,1213,N,True
3,reel17__5,reel10__2,1213,N,True
3,295,reel10__2,1213,N,True
3,reel17__5,reel13__8,1213,N,True
3,28,reel13__8,1213,N,True
3,231,reel13__8,1213,N,True
3,324,reel13__8,1213,N,True
3,reel17__5,bot19__0,1213,N,True
3,261,reel2__7,1213,N,True
3,190,reel2__7,1213,N,True
3,261,bot7__7,1213,N,True
3,261,reel32__6,1213,N,True
3,127,reel1__7,1213,N,True
3,159,reel1__7,1213,N,True
3,159,bot9__4,1213,N,True
3,159,reel9__2,1213,N,True
3,327,reel9__2,1213,N,True
3,159,reel20__2,1213,N,True
3,159,reel29__7,1213,N,True
3,104,reel29__7,1213,N,True
3,185,bot5__5,1213,N,True
3,185,bot5__6,1213,N,True
3,185,bot41__6,1213,N,True
3,273,reel0__0,1213,N,True
3,147,reel0__0,1213,N,True
3,86,reel0__0,1213,N,True
3,86,bot23__6,1213,N,True
3,86,reel24__8,1213,N,True
3,296,reel11__4,1213,N,True
3,238,reel11__4,1213,N,True
3,238,reel25__2,1213,N,True
3,238,bot38__4,1213,N,True
3,29,reel17__0,1213,N,True
3,29,bot51__0,1213,N,True
3,29,reel59__8,1213,N,True
3,240,reel7__6,1213,N,True
3,225,reel7__6,1213,N,True
3,341,reel22__0,1213,N,True
3,304,reel34__1,1213,N,True
3,16,reel34__6,1213,N,True
3,16,reel45__7,1213,N,True
3,171,reel50__8,1213,N,True
3,227,reel50__8,1213,N,True
3,16,reel50__8,1213,N,True
3,75,bot6__6,1213,N,True
3,75,reel14__7,1213,N,True
3,201,reel28__9,1213,N,True
3,75,reel28__9,1213,N,True
3,110,reel31__0,1213,N,True
3,75,reel31__0,1213,N,True
3,89,reel31__6,1213,N,True
3,75,reel31__6,1213,N,True
3,75,bot47__0,1213,N,True
3,5,reel16__9,1213,N,True
3,27,reel21__0,1213,N,True
3,5,reel21__0,1213,N,True
3,5,reel42__8,1213,N,True
3,161,bot2__8,1213,N,True
3,189,bot2__8,1213,N,True
3,189,bot38__6,1213,N,True
3,189,reel48__2,1213,N,True
3,189,bot56__2,1213,N,True
3,bot26__8,bot49__7,1213,N,True
3,71,reel13__1,1213,N,True
3,100,reel13__1,1213,N,True
3,32,reel14__2,1213,N,True
3,100,reel14__2,1213,N,True
3,232,bot0__5,1213,N,True
3,2,reel10__7,1213,N,True
3,232,reel10__7,1213,N,True
3,307,reel38__6,1213,N,True
3,232,reel38__6,1213,N,True
3,190,bot53__5,1213,N,True
3,232,bot53__5,1213,N,True
3,330,bot3__7,1213,N,True
3,24,bot3__7,1213,N,True
3,330,reel11__6,1213,N,True
3,330,reel32__7,1213,N,True
3,208,reel32__7,1213,N,True
3,27,bot6__3,1213,N,True
3,27,reel10__5,1213,N,True
3,27,bot31__3,1213,N,True
3,89,bot31__3,1213,N,True
3,27,bot36__2,1213,N,True
3,27,reel38__3,1213,N,True
3,8,bot4__9,1213,N,True
3,34,bot4__9,1213,N,True
3,282,bot4__9,1213,N,True
3,8,reel4__5,1213,N,True
3,62,reel4__5,1213,N,True
3,289,reel4__5,1213,N,True
3,8,reel21__7,1213,N,True
3,254,reel21__7,1213,N,True
3,8,reel30__9,1213,N,True
3,8,bot37__2,1213,N,True
3,38,reel12__3,1213,N,True
3,58,reel20__7,1213,N,True
3,50,reel20__7,1213,N,True
3,320,reel20__7,1213,N,True
3,reel33__2,reel20__7,1213,N,True
3,58,bot60__9,1213,N,True
3,101,bot60__9,1213,N,True
3,257,reel28__5,1213,N,True
3,302,reel28__5,1213,N,True
3,302,reel36__2,1213,N,True
3,302,reel42__3,1213,N,True
3,181,bot0__1,1213,N,True
3,208,bot0__1,1213,N,True
3,181,bot0__6,1213,N,True
3,134,bot0__6,1213,N,True
3,171,bot0__6,1213,N,True
3,181,bot4__0,1213,N,True
3,242,bot4__0,1213,N,True
3,181,reel14__8,1213,N,True
3,97,reel14__8,1213,N,True
3,308,bot0__8,1213,N,True
3,176,bot0__8,1213,N,True
3,308,reel18__5,1213,N,True
3,277,bot7__1,1213,N,True
3,174,bot1__0,1213,N,True
3,174,reel8__1,1213,N,True
3,17,reel8__1,1213,N,True
3,247,reel8__1,1213,N,True
3,191,bot6__4,1213,N,True
3,10,bot6__4,1213,N,True
3,191,bot28__4,1213,N,True
3,200,bot28__4,1213,N,True
3,191,bot52__4,1213,N,True
3,239,reel39__0,1213,N,True
3,239,bot60__0,1213,N,True
3,257,reel3__1,1213,N,True
3,300,reel3__1,1213,N,True
3,88,reel3__1,1213,N,True
3,318,bot1__9,1213,N,True
3,318,reel10__0,1213,N,True
3,318,bot12__2,1213,N,True
3,318,reel24__0,1213,N,True
3,227,reel24__0,1213,N,True
3,80,reel24__0,1213,N,True
3,318,reel37__3,1213,N,True
3,318,bot45__1,1213,N,True
3,318,bot52__6,1213,N,True
3,318,reel54__4,1213,N,True
3,49,bot15__0,1213,N,True
3,110,bot15__0,1213,N,True
3,49,reel58__3,1213,N,True
3,242,reel49__5,1213,N,True
3,104,reel49__5,1213,N,True
3,68,reel4__7,1213,N,True
3,150,reel4__7,1213,N,True
3,226,reel10__4,1213,N,True
3,68,reel10__4,1213,N,True
3,307,reel10__4,1213,N,True
3,171,reel0__4,1213,N,True
3,151,reel0__4,1213,N,True
3,151,bot43__4,1213,N,True
3,187,reel42__4,1213,N,True
3,282,reel42__4,1213,N,True
3,282,bot48__9,1213,N,True
3,257,bot11__1,1213,N,True
3,190,bot11__1,1213,N,True
3,190,bot35__6,1213,N,True
3,97,bot4__8,1213,N,True
3,342,bot4__8,1213,N,True
3,32,reel8__7,1213,N,True
3,342,reel8__7,1213,N,True
3,113,reel13__3,1213,N,True
3,342,reel13__3,1213,N,True
3,342,reel17__9,1213,N,True
3,255,bot24__6,1213,N,True
3,342,bot24__6,1213,N,True
3,154,bot18__3,1213,N,True
3,255,reel22__3,1213,N,True
3,200,reel28__7,1213,N,True
3,255,reel28__7,1213,N,True
3,312,bot10__0,1213,N,True
3,278,bot10__0,1213,N,True
3,71,bot24__4,1213,N,True
3,278,bot24__4,1213,N,True
3,278,bot34__2,1213,N,True
3,327,bot16__9,1213,N,True
3,80,bot16__9,1213,N,True
3,131,bot16__9,1213,N,True
3,131,bot42__9,1213,N,True
3,131,bot50__0,1213,N,True
3,295,bot3__5,1213,N,True
3,295,reel8__4,1213,N,True
3,197,reel8__4,1213,N,True
3,295,reel33__4,1213,N,True
3,295,reel52__8,1213,N,True
3,41,bot1__3,1213,N,True
3,28,bot1__3,1213,N,True
3,28,reel3__6,1213,N,True
3,28,bot33__3,1213,N,True
3,97,bot3__6,1213,N,True
3,97,bot21__4,1213,N,True
3,97,bot23__5,1213,N,True
3,116,reel5__8,1213,N,True
3,254,reel5__8,1213,N,True
3,254,bot18__7,1213,N,True
3,254,bot31__0,1213,N,True
3,134,reel40__4,1213,N,True
3,254,reel40__4,1213,N,True
3,98,reel40__4,1213,N,True
3,254,bot60__5,1213,N,True
3,142,bot32__8,1213,N,True
3,142,bot36__4,1213,N,True
3,142,reel40__5,1213,N,True
3,117,reel11__1,1213,N,True
3,237,reel12__6,1213,N,True
3,195,reel12__6,1213,N,True
3,117,reel12__6,1213,N,True
3,195,reel24__4,1213,N,True
3,117,reel24__4,1213,N,True
3,7,reel1__8,1213,N,True
3,50,reel1__8,1213,N,True
3,3,reel1__8,1213,N,True
3,3,bot17__9,1213,N,True
3,61,reel20__5,1213,N,True
3,3,reel20__5,1213,N,True
3,156,reel20__6,1213,N,True
3,3,reel20__6,1213,N,True
3,79,reel25__8,1213,N,True
3,3,reel25__8,1213,N,True
3,195,reel30__7,1213,N,True
3,3,reel30__7,1213,N,True
3,3,bot37__1,1213,N,True
3,3,bot54__9,1213,N,True
3,104,bot54__9,1213,N,True
3,200,bot8__6,1213,N,True
3,323,bot8__6,1213,N,True
3,323,bot39__2,1213,N,True
3,323,reel54__1,1213,N,True
3,325,bot55__7,1213,N,True
3,323,bot55__7,1213,N,True
3,79,reel10__1,1213,N,True
3,79,reel41__0,1213,N,True
3,79,bot53__6,1213,N,True
3,79,bot54__7,1213,N,True
3,213,bot54__7,1213,N,True
3,312,bot9__5,1213,N,True
3,184,bot9__5,1213,N,True
3,208,bot9__5,1213,N,True
3,184,reel29__3,1213,N,True
3,184,reel45__0,1213,N,True
3,184,bot50__9,1213,N,True
3,bot35__1,bot16__0,1213,N,True
3,273,bot60__2,1213,N,True
3,103,reel26__9,1213,N,True
3,138,reel26__9,1213,N,True
3,138,reel37__0,1213,N,True
3,312,reel6__5,1213,N,True
3,312,bot10__4,1213,N,True
3,312,bot10__8,1213,N,True
3,312,reel35__9,1213,N,True
3,36,reel35__9,1213,N,True
3,187,bot45__9,1213,N,True
3,200,bot8__5,1213,N,True
3,211,bot8__5,1213,N,True
3,162,bot8__5,1213,N,True
3,200,reel18__6,1213,N,True
3,71,reel18__6,1213,N,True
3,200,bot20__9,1213,N,True
3,200,reel25__3,1213,N,True
3,106,reel25__3,1213,N,True
3,200,bot45__0,1213,N,True
3,200,bot58__6,1213,N,True
3,331,reel5__1,1213,N,True
3,53,reel5__1,1213,N,True
3,259,reel5__1,1213,N,True
3,53,reel24__7,1213,N,True
3,53,reel44__7,1213,N,True
3,20,reel1__2,1213,N,True
3,320,reel1__2,1213,N,True
3,265,reel1__2,1213,N,True
3,265,reel3__7,1213,N,True
3,166,reel3__7,1213,N,True
3,265,reel28__8,1213,N,True
3,22,reel28__8,1213,N,True
3,265,reel58__7,1213,N,True
3,251,reel55__1,1213,N,True
3,225,reel55__1,1213,N,True
3,196,bot15__1,1213,N,True
3,109,bot15__1,1213,N,True
3,156,reel31__5,1213,N,True
3,109,reel31__5,1213,N,True
3,331,bot12__9,1213,N,True
3,bot0__4,bot12__9,1213,N,True
3,331,bot30__8,1213,N,True
3,152,reel36__1,1213,N,True
3,4,reel12__5,1213,N,True
3,13,bot5__7,1213,N,True
3,13,reel6__0,1213,N,True
3,147,reel6__0,1213,N,True
3,13,reel13__4,1213,N,True
3,337,reel13__4,1213,N,True
3,bot30__4,reel13__4,1213,N,True
3,13,reel24__2,1213,N,True
3,45,reel24__2,1213,N,True
3,13,reel34__7,1213,N,True
3,244,reel34__7,1213,N,True
3,276,reel12__1,1213,N,True
3,216,reel27__2,1213,N,True
3,276,reel27__2,1213,N,True
3,bot5__8,bot13__2,1213,N,True
3,89,bot13__2,1213,N,True
3,89,reel22__9,1213,N,True
3,177,reel31__7,1213,N,True
3,47,reel33__1,1213,N,True
3,177,reel33__1,1213,N,True
3,177,reel47__0,1213,N,True
3,113,bot7__8,1213,N,True
3,285,bot7__8,1213,N,True
3,17,bot7__3,1213,N,True
3,110,bot7__3,1213,N,True
3,132,bot7__3,1213,N,True
3,186,reel16__5,1213,N,True
3,132,reel16__5,1213,N,True
3,251,reel24__5,1213,N,True
3,132,reel24__5,1213,N,True
3,132,reel38__5,1213,N,True
3,132,reel40__0,1213,N,True
3,259,bot51__9,1213,N,True
3,132,bot51__9,1213,N,True
3,125,reel45__2,1213,N,True
3,125,reel47__3,1213,N,True
3,235,bot9__3,1213,N,True
3,337,bot9__3,1213,N,True
3,80,bot9__3,1213,N,True
3,80,bot25__9,1213,N,True
3,80,reel39__3,1213,N,True
3,80,reel40__8,1213,N,True
3,143,reel40__8,1213,N,True
3,61,bot16__2,1213,N,True
3,307,bot16__2,1213,N,True
3,61,reel33__3,1213,N,True
3,61,bot41__7,1213,N,True
3,175,reel1__9,1213,N,True
3,324,reel1__9,1213,N,True
3,175,reel11__5,1213,N,True
3,221,reel11__5,1213,N,True
3,175,reel38__4,1213,N,True
3,259,reel51__3,1213,N,True
3,110,reel51__3,1213,N,True
3,179,reel51__3,1213,N,True
3,211,reel54__9,1213,N,True
3,259,reel54__9,1213,N,True
3,166,reel54__9,1213,N,True
3,235,reel10__3,1213,N,True
3,251,reel10__3,1213,N,True
3,338,reel19__8,1213,N,True
3,251,reel19__8,1213,N,True
3,19,reel19__8,1213,N,True
3,251,reel26__8,1213,N,True
3,251,reel55__4,1213,N,True
3,41,bot9__2,1213,N,True
3,196,bot20__1,1213,N,True
3,35,bot20__1,1213,N,True
3,196,bot32__7,1213,N,True
3,196,bot53__1,1213,N,True
3,196,bot54__2,1213,N,True
3,71,bot8__4,1213,N,True
3,71,bot11__2,1213,N,True
3,324,bot11__2,1213,N,True
3,71,bot11__5,1213,N,True
3,71,reel21__1,1213,N,True
3,71,reel27__3,1213,N,True
3,71,reel53__5,1213,N,True
3,45,bot2__9,1213,N,True
3,307,bot2__9,1213,N,True
3,45,reel2__3,1213,N,True
3,311,bot13__6,1213,N,True
3,45,bot13__6,1213,N,True
3,45,bot15__9,1213,N,True
3,22,bot15__9,1213,N,True
3,214,bot52__8,1213,N,True
3,186,bot5__4,1213,N,True
3,346,bot5__4,1213,N,True
3,186,reel46__9,1213,N,True
3,186,reel49__0,1213,N,True
3,186,bot56__8,1213,N,True
3,133,reel4__3,1213,N,True
3,19,reel4__3,1213,N,True
3,252,reel4__3,1213,N,True
3,50,reel4__8,1213,N,True
3,166,reel4__8,1213,N,True
3,50,bot16__4,1213,N,True
3,50,reel17__6,1213,N,True
3,246,reel30__3,1213,N,True
3,325,reel30__3,1213,N,True
3,325,bot53__0,1213,N,True
3,133,bot20__3,1213,N,True
3,133,reel21__6,1213,N,True
3,133,reel38__9,1213,N,True
3,reel23__8,reel11__8,1213,N,True
3,179,reel11__8,1213,N,True
3,327,reel11__8,1213,N,True
3,179,bot55__5,1213,N,True
3,47,reel55__2,1213,N,True
3,179,reel55__2,1213,N,True
3,73,bot1__2,1213,N,True
3,313,bot1__7,1213,N,True
3,73,bot1__7,1213,N,True
3,120,reel21__3,1213,N,True
3,73,reel21__3,1213,N,True
3,150,bot1__6,1213,N,True
3,150,reel8__5,1213,N,True
3,reel33__2,reel8__5,1213,N,True
3,195,reel8__5,1213,N,True
3,338,reel1__3,1213,N,True
3,339,reel1__3,1213,N,True
3,338,bot33__5,1213,N,True
3,324,reel53__8,1213,N,True
3,338,reel53__8,1213,N,True
3,17,bot57__9,1213,N,True
3,338,bot57__9,1213,N,True
3,197,bot30__7,1213,N,True
3,233,reel48__3,1213,N,True
3,206,bot36__5,1213,N,True
3,reel12__2,reel18__7,1213,N,True
3,reel12__2,bot24__7,1213,N,True
3,207,bot11__4,1213,N,True
3,227,bot11__4,1213,N,True
3,227,reel37__8,1213,N,True
3,166,bot20__8,1213,N,True
3,147,bot13__9,1213,N,True
3,147,reel36__9,1213,N,True
3,147,bot39__8,1213,N,True
3,147,reel55__9,1213,N,True
3,333,reel18__4,1213,N,True
3,333,bot47__2,1213,N,True
3,313,reel3__0,1213,N,True
3,299,reel3__0,1213,N,True
3,313,bot49__6,1213,N,True
3,317,bot26__6,1213,N,True
3,134,bot26__6,1213,N,True
3,bot5__8,bot26__6,1213,N,True
3,bot5__8,bot56__5,1213,N,True
3,35,reel11__0,1213,N,True
3,143,reel11__0,1213,N,True
3,143,bot52__0,1213,N,True
3,17,reel28__6,1213,N,True
3,106,reel2__5,1213,N,True
3,36,bot60__8,1213,N,True
3,299,reel11__3,1213,N,True
3,2,reel11__3,1213,N,True
3,134,bot35__2,1213,N,True
3,134,bot47__8,1213,N,True
3,127,reel6__4,1213,N,True
3,47,reel6__4,1213,N,True
3,47,reel54__6,1213,N,True
3,47,bot55__2,1213,N,True
3,337,bot14__5,1213,N,True
3,320,bot14__5,1213,N,True
3,337,reel34__5,1213,N,True
3,324,reel7__1,1213,N,True
3,124,bot11__9,1213,N,True
3,178,bot7__5,1213,N,True
3,299,bot7__5,1213,N,True
3,10,bot7__5,1213,N,True
3,299,bot13__3,1213,N,True
3,299,reel19__7,1213,N,True
3,315,reel19__7,1213,N,True
3,299,reel56__7,1213,N,True
3,161,reel7__5,1213,N,True
3,315,reel7__5,1213,N,True
3,297,reel7__5,1213,N,True
3,297,bot28__0,1213,N,True
3,297,bot51__7,1213,N,True
3,110,bot22__1,1213,N,True
3,104,bot22__1,1213,N,True
3,347,reel9__0,1213,N,True
3,347,bot29__1,1213,N,True
3,176,reel16__4,1213,N,True
3,244,reel16__4,1213,N,True
3,176,reel47__1,1213,N,True
3,22,bot2__2,1213,N,True
3,213,bot2__2,1213,N,True
3,213,bot8__2,1213,N,True
3,213,bot11__7,1213,N,True
3,213,bot34__8,1213,N,True
3,213,reel37__5,1213,N,True
3,216,reel8__8,1213,N,True
3,216,bot30__1,1213,N,True
3,reel41__1,bot60__7,1213,N,True
3,257,reel25__7,1213,N,True
3,62,reel17__8,1213,N,True
3,62,bot32__1,1213,N,True
3,62,reel41__8,1213,N,True
3,7,bot23__1,1213,N,True
3,7,bot51__4,1213,N,True
3,88,bot7__9,1213,N,True
3,reel6__6,reel56__0,1213,N,True
3,244,bot22__4,1213,N,True
3,bot0__4,bot49__9,1213,N,True
3,162,bot44__4,1213,N,True
3,162,reel53__2,1213,N,True
3,156,bot51__8,1213,N,True
3,139,bot51__6,1213,N,True
3,bot30__4,bot51__6,1213,N,True
3,reel42__2,reel53__3,1213,N,True
3,285,reel25__4,1213,N,True
3,285,reel53__9,1213,N,True
3,307,bot36__7,1213,N,True
3,226,reel11__7,1213,N,True
3,237,reel22__7,1213,N,True
3,237,bot50__2,1213,N,True
3,21,reel46__4,1213,N,True
3,286,reel46__4,1213,N,True
3,208,reel29__2,1213,N,True
3,231,reel22__2,1213,N,True
3,315,reel22__2,1213,N,True
3,reel33__2,reel9__8,1213,N,True
3,211,reel43__0,1213,N,True
3,reel33__2,reel43__0,1213,N,True
3,reel33__2,reel49__4,1213,N,True
3,14,bot14__0,1213,N,True
3,10,bot26__1,1213,N,True
3,10,bot27__5,1213,N,True
3,139,bot8__7,1213,N,True
3,139,bot23__3,1213,N,True
3,315,bot23__3,1213,N,True
3,139,reel25__9,1213,N,True
3,139,bot40__4,1213,N,True
3,139,bot60__4,1213,N,True
3,224,reel39__5,1213,N,True
3,224,reel41__9,1213,N,True
3,224,reel46__6,1213,N,True
3,298,reel43__9,1213,N,True
3,298,reel50__0,1213,N,True
3,294,reel9__9,1213,N,True
3,157,reel9__9,1213,N,True
3,294,reel22__1,1213,N,True
3,294,bot47__6,1213,N,True
3,329,bot29__7,1213,N,True
3,171,reel39__9,1213,N,True
3,329,reel39__9,1213,N,True
3,64,reel7__3,1213,N,True
3,64,bot21__0,1213,N,True
3,110,bot7__6,1213,N,True
3,110,bot40__6,1213,N,True
3,339,bot2__1,1213,N,True
3,339,bot31__9,1213,N,True
3,171,bot30__0,1213,N,True
3,171,reel35__3,1213,N,True
3,116,bot5__3,1213,N,True
3,21,bot5__3,1213,N,True
3,116,bot40__2,1213,N,True
3,116,reel58__1,1213,N,True
3,140,reel44__9,1213,N,True
3,81,reel11__2,1213,N,True
3,81,bot32__4,1213,N,True
3,21,bot16__1,1213,N,True
3,127,reel57__3,1213,N,True
3,127,reel58__0,1213,N,True
3,317,bot21__2,1213,N,True
3,246,reel0__3,1213,N,True
3,161,reel22__4,1213,N,True
3,161,bot33__6,1213,N,True
3,161,bot39__0,1213,N,True
3,281,reel5__5,1213,N,True
3,6,bot6__5,1213,N,True
3,6,reel8__6,1213,N,True
3,19,reel8__6,1213,N,True
3,6,bot10__5,1213,N,True
3,6,bot42__8,1213,N,True
3,157,bot21__9,1213,N,True
3,157,reel35__1,1213,N,True
3,157,bot58__1,1213,N,True
3,346,reel8__9,1213,N,True
3,211,bot34__5,1213,N,True
3,247,bot23__4,1213,N,True
3,247,reel38__0,1213,N,True
3,32,reel58__5,1213,N,True
3,103,reel18__8,1213,N,True
3,103,reel33__7,1213,N,True
3,303,reel2__0,1213,N,True
3,34,reel24__3,1213,N,True
3,34,bot26__9,1213,N,True
3,19,reel23__3,1213,N,True
3,reel23__8,reel25__0,1213,N,True
3,266,bot4__6,1213,N,True
3,bot2__7,bot4__6,1213,N,True
3,266,bot19__1,1213,N,True
3,266,bot20__5,1213,N,True
3,266,bot34__4,1213,N,True
3,bot2__7,bot13__8,1213,N,True
3,bot2__7,bot44__9,1213,N,True
3,bot2__7,bot59__1,1213,N,True
3,98,bot33__7,1213,N,True
3,98,reel56__4,1213,N,True
3,reel52__3,129,1214,N,True
3,reel52__3,62,1214,N,True
3,199,62,1214,N,True
3,133,62,1214,N,True
3,56,62,1214,N,True
3,173,80,1214,N,True
3,reel24__0,80,1214,N,True
3,reel40__8,80,1214,N,True
3,reel24__0,bot57__1,1214,N,True
3,reel4__8,50,1214,N,True
3,reel4__8,reel17__4,1214,N,True
3,bot1__8,205,1214,N,True
3,192,205,1214,N,True
3,192,52,1214,N,True
3,192,reel5__6,1214,N,True
3,192,reel12__8,1214,N,True
3,192,reel17__3,1214,N,True
3,192,reel33__0,1214,N,True
3,192,reel41__7,1214,N,True
3,149,bot12__1,1214,N,True
3,149,reel34__8,1214,N,True
3,reel6__9,reel34__8,1214,N,True
3,149,bot42__5,1214,N,True
3,bot26__3,bot42__5,1214,N,True
3,reel53__9,reel0__0,1214,N,True
3,147,reel0__0,1214,N,True
3,86,reel0__0,1214,N,True
3,325,265,1214,N,True
3,reel3__7,265,1214,N,True
3,313,265,1214,N,True
3,211,265,1214,N,True
3,118,265,1214,N,True
3,199,265,1214,N,True
3,56,265,1214,N,True
3,252,265,1214,N,True
3,reel3__7,reel8__9,1214,N,True
3,reel3__7,bot13__3,1214,N,True
3,reel3__7,bot30__5,1214,N,True
3,reel3__7,reel34__2,1214,N,True
3,reel3__7,reel38__5,1214,N,True
3,reel3__7,bot54__3,1214,N,True
3,reel2__8,reel0__1,1214,N,True
3,23,51,1214,N,True
3,reel2__8,51,1214,N,True
3,reel2__8,bot14__2,1214,N,True
3,reel2__8,bot24__3,1214,N,True
3,325,304,1214,N,True
3,211,304,1214,N,True
3,118,304,1214,N,True
3,199,304,1214,N,True
3,56,304,1214,N,True
3,252,304,1214,N,True
3,56,212,1214,N,True
3,199,212,1214,N,True
3,252,212,1214,N,True
3,82,261,1214,N,True
3,325,261,1214,N,True
3,reel2__7,261,1214,N,True
3,313,261,1214,N,True
3,211,261,1214,N,True
3,118,261,1214,N,True
3,199,261,1214,N,True
3,56,261,1214,N,True
3,252,261,1214,N,True
3,82,119,1214,N,True
3,325,119,1214,N,True
3,313,119,1214,N,True
3,199,119,1214,N,True
3,56,119,1214,N,True
3,27,119,1214,N,True
3,252,119,1214,N,True
3,313,314,1214,N,True
3,82,314,1214,N,True
3,199,314,1214,N,True
3,82,98,1214,N,True
3,325,98,1214,N,True
3,313,98,1214,N,True
3,211,98,1214,N,True
3,118,98,1214,N,True
3,199,98,1214,N,True
3,56,98,1214,N,True
3,252,98,1214,N,True
3,325,26,1214,N,True
3,313,26,1214,N,True
3,118,26,1214,N,True
3,199,26,1214,N,True
3,133,26,1214,N,True
3,56,26,1214,N,True
3,252,26,1214,N,True
3,82,203,1214,N,True
3,325,203,1214,N,True
3,313,203,1214,N,True
3,211,203,1214,N,True
3,118,203,1214,N,True
3,199,203,1214,N,True
3,56,203,1214,N,True
3,313,315,1214,N,True
3,211,315,1214,N,True
3,199,315,1214,N,True
3,133,315,1214,N,True
3,56,315,1214,N,True
3,252,315,1214,N,True
3,reel55__6,200,1214,N,True
3,325,200,1214,N,True
3,118,200,1214,N,True
3,199,200,1214,N,True
3,56,200,1214,N,True
3,252,200,1214,N,True
3,56,141,1214,N,True
3,199,141,1214,N,True
3,133,141,1214,N,True
3,reel0__5,141,1214,N,True
3,325,239,1214,N,True
3,313,239,1214,N,True
3,211,239,1214,N,True
3,118,239,1214,N,True
3,199,239,1214,N,True
3,56,239,1214,N,True
3,252,239,1214,N,True
3,313,128,1214,N,True
3,211,128,1214,N,True
3,199,128,1214,N,True
3,56,128,1214,N,True
3,252,128,1214,N,True
3,56,9,1214,N,True
3,199,9,1214,N,True
3,133,9,1214,N,True
3,252,9,1214,N,True
3,325,223,1214,N,True
3,313,223,1214,N,True
3,211,223,1214,N,True
3,199,223,1214,N,True
3,reel13__0,223,1214,N,True
3,56,223,1214,N,True
3,252,223,1214,N,True
3,325,113,1214,N,True
3,313,113,1214,N,True
3,199,113,1214,N,True
3,56,113,1214,N,True
3,252,113,1214,N,True
3,56,134,1214,N,True
3,118,134,1214,N,True
3,199,134,1214,N,True
3,252,134,1214,N,True
3,56,25,1214,N,True
3,199,25,1214,N,True
3,325,25,1214,N,True
3,252,25,1214,N,True
3,118,324,1214,N,True
3,27,324,1214,N,True
3,199,324,1214,N,True
3,252,324,1214,N,True
3,82,271,1214,N,True
3,325,271,1214,N,True
3,313,271,1214,N,True
3,211,271,1214,N,True
3,118,271,1214,N,True
3,199,271,1214,N,True
3,133,271,1214,N,True
3,56,271,1214,N,True
3,252,271,1214,N,True
3,325,161,1214,N,True
3,118,161,1214,N,True
3,199,161,1214,N,True
3,56,161,1214,N,True
3,252,161,1214,N,True
3,118,322,1214,N,True
3,199,322,1214,N,True
3,133,322,1214,N,True
3,reel6__9,322,1214,N,True
3,56,322,1214,N,True
3,252,322,1214,N,True
3,82,67,1214,N,True
3,325,67,1214,N,True
3,313,67,1214,N,True
3,118,67,1214,N,True
3,199,67,1214,N,True
3,56,67,1214,N,True
3,bot3__8,67,1214,N,True
3,252,67,1214,N,True
3,56,232,1214,N,True
3,199,232,1214,N,True
3,133,232,1214,N,True
3,56,231,1214,N,True
3,82,231,1214,N,True
3,199,231,1214,N,True
3,56,72,1214,N,True
3,199,72,1214,N,True
3,252,72,1214,N,True
3,199,288,1214,N,True
3,199,48,1214,N,True
3,82,13,1214,N,True
3,325,13,1214,N,True
3,313,13,1214,N,True
3,211,13,1214,N,True
3,118,13,1214,N,True
3,199,13,1214,N,True
3,56,13,1214,N,True
3,252,13,1214,N,True
3,199,bot2__0,1214,N,True
3,199,bot14__9,1214,N,True
3,199,reel14__6,1214,N,True
3,199,reel31__1,1214,N,True
3,211,reel52__6,1214,N,True
3,199,reel52__6,1214,N,True
3,reel7__3,bot20__5,1214,N,True
3,230,70,1214,N,True
3,230,97,1214,N,True
3,230,307,1214,N,True
3,230,253,1214,N,True
3,230,bot0__7,1214,N,True
3,86,reel1__1,1214,N,True
3,230,reel1__1,1214,N,True
3,230,reel1__4,1214,N,True
3,230,reel1__6,1214,N,True
3,230,reel12__0,1214,N,True
3,230,reel16__3,1214,N,True
3,14,reel16__3,1214,N,True
3,230,reel43__4,1214,N,True
3,reel13__0,246,1214,N,True
3,reel13__0,bot21__5,1214,N,True
3,reel13__0,bot35__2,1214,N,True
3,reel13__0,reel57__1,1214,N,True
3,reel55__6,170,1214,N,True
3,82,170,1214,N,True
3,313,170,1214,N,True
3,211,170,1214,N,True
3,56,170,1214,N,True
3,252,170,1214,N,True
3,56,104,1214,N,True
3,reel0__5,104,1214,N,True
3,325,104,1214,N,True
3,252,104,1214,N,True
3,56,88,1214,N,True
3,reel0__2,88,1214,N,True
3,56,185,1214,N,True
3,325,21,1214,N,True
3,313,21,1214,N,True
3,251,21,1214,N,True
3,56,21,1214,N,True
3,252,21,1214,N,True
3,56,297,1214,N,True
3,252,297,1214,N,True
3,56,30,1214,N,True
3,56,103,1214,N,True
3,211,103,1214,N,True
3,252,103,1214,N,True
3,56,132,1214,N,True
3,56,75,1214,N,True
3,56,66,1214,N,True
3,252,66,1214,N,True
3,56,207,1214,N,True
3,56,169,1214,N,True
3,82,169,1214,N,True
3,252,169,1214,N,True
3,56,136,1214,N,True
3,56,122,1214,N,True
3,325,122,1214,N,True
3,251,122,1214,N,True
3,252,122,1214,N,True
3,56,188,1214,N,True
3,133,188,1214,N,True
3,252,188,1214,N,True
3,56,334,1214,N,True
3,252,334,1214,N,True
3,56,60,1214,N,True
3,313,60,1214,N,True
3,56,341,1214,N,True
3,56,277,1214,N,True
3,118,277,1214,N,True
3,325,277,1214,N,True
3,252,277,1214,N,True
3,56,276,1214,N,True
3,133,276,1214,N,True
3,56,303,1214,N,True
3,56,63,1214,N,True
3,313,63,1214,N,True
3,56,213,1214,N,True
3,56,bot1__4,1214,N,True
3,56,bot13__4,1214,N,True
3,327,bot13__4,1214,N,True
3,56,bot27__6,1214,N,True
3,56,bot36__8,1214,N,True
3,reel35__9,reel11__2,1214,N,True
3,reel35__9,reel49__2,1214,N,True
3,326,reel5__0,1214,N,True
3,173,bot10__2,1214,N,True
3,326,bot10__2,1214,N,True
3,326,bot14__1,1214,N,True
3,bot1__0,105,1214,N,True
3,bot1__0,270,1214,N,True
3,bot1__0,bot5__6,1214,N,True
3,263,reel7__9,1214,N,True
3,263,bot10__1,1214,N,True
3,263,reel48__6,1214,N,True
3,reel0__5,reel48__6,1214,N,True
3,reel2__7,190,1214,N,True
3,23,190,1214,N,True
3,reel2__7,reel8__8,1214,N,True
3,reel2__7,bot16__0,1214,N,True
3,reel2__7,reel16__8,1214,N,True
3,reel28__6,reel16__8,1214,N,True
3,reel6__5,reel16__8,1214,N,True
3,131,reel16__8,1214,N,True
3,reel2__7,reel30__1,1214,N,True
3,86,reel30__1,1214,N,True
3,reel2__7,reel45__2,1214,N,True
3,reel2__7,reel50__7,1214,N,True
3,86,reel2__2,1214,N,True
3,86,bot4__1,1214,N,True
3,86,reel5__3,1214,N,True
3,86,bot23__6,1214,N,True
3,86,reel24__8,1214,N,True
3,133,bot27__1,1214,N,True
3,86,bot27__1,1214,N,True
3,reel35__0,57,1214,N,True
3,reel35__0,bot38__5,1214,N,True
3,44,bot3__7,1214,N,True
3,44,bot4__4,1214,N,True
3,44,reel15__6,1214,N,True
3,44,reel28__8,1214,N,True
3,44,bot42__0,1214,N,True
3,44,bot56__0,1214,N,True
3,reel19__1,139,1214,N,True
3,251,139,1214,N,True
3,reel19__1,reel41__8,1214,N,True
3,118,reel17__6,1214,N,True
3,reel42__9,reel17__6,1214,N,True
3,reel42__9,reel44__7,1214,N,True
3,reel56__0,reel51__0,1214,N,True
3,reel42__9,reel51__0,1214,N,True
3,240,reel7__6,1214,N,True
3,219,bot13__1,1214,N,True
3,240,bot13__1,1214,N,True
3,240,reel29__8,1214,N,True
3,240,reel38__8,1214,N,True
3,reel54__9,259,1214,N,True
3,reel7__8,259,1214,N,True
3,27,329,1214,N,True
3,27,bot6__3,1214,N,True
3,27,bot9__7,1214,N,True
3,27,reel21__0,1214,N,True
3,27,bot29__3,1214,N,True
3,27,bot36__2,1214,N,True
3,reel25__6,bot36__2,1214,N,True
3,27,reel38__3,1214,N,True
3,68,bot4__7,1214,N,True
3,68,reel4__7,1214,N,True
3,68,bot10__7,1214,N,True
3,226,reel10__4,1214,N,True
3,68,reel10__4,1214,N,True
3,bot27__8,reel10__4,1214,N,True
3,68,bot13__5,1214,N,True
3,151,reel0__4,1214,N,True
3,151,bot43__4,1214,N,True
3,211,268,1214,N,True
3,82,268,1214,N,True
3,118,268,1214,N,True
3,325,268,1214,N,True
3,211,29,1214,N,True
3,82,29,1214,N,True
3,118,29,1214,N,True
3,252,29,1214,N,True
3,82,65,1214,N,True
3,118,65,1214,N,True
3,252,65,1214,N,True
3,reel50__8,16,1214,N,True
3,82,16,1214,N,True
3,118,16,1214,N,True
3,118,bot34__7,1214,N,True
3,118,reel46__3,1214,N,True
3,118,reel47__4,1214,N,True
3,reel30__8,reel12__7,1214,N,True
3,reel30__8,reel43__3,1214,N,True
3,reel30__8,reel57__3,1214,N,True
3,220,bot0__8,1214,N,True
3,220,reel30__6,1214,N,True
3,220,reel56__9,1214,N,True
3,140,reel56__9,1214,N,True
3,143,46,1214,N,True
3,278,46,1214,N,True
3,278,bot24__4,1214,N,True
3,278,reel24__9,1214,N,True
3,219,bot8__0,1214,N,True
3,131,bot8__0,1214,N,True
3,131,bot42__9,1214,N,True
3,2,reel53__0,1214,N,True
3,131,reel53__0,1214,N,True
3,131,reel57__8,1214,N,True
3,bot57__9,bot38__0,1214,N,True
3,bot17__0,bot11__9,1214,N,True
3,bot1__8,bot3__1,1214,N,True
3,bot1__8,bot35__9,1214,N,True
3,reel40__9,bot52__9,1214,N,True
3,reel13__9,bot52__9,1214,N,True
3,reel0__2,reel5__5,1214,N,True
3,reel16__1,reel5__5,1214,N,True
3,reel37__8,reel41__0,1214,N,True
3,reel37__8,reel50__2,1214,N,True
3,reel37__8,reel57__0,1214,N,True
3,reel16__4,reel57__0,1214,N,True
3,296,reel2__1,1214,N,True
3,296,reel11__4,1214,N,True
3,173,reel11__4,1214,N,True
3,296,reel58__2,1214,N,True
3,23,83,1214,N,True
3,23,61,1214,N,True
3,23,267,1214,N,True
3,23,237,1214,N,True
3,23,155,1214,N,True
3,23,124,1214,N,True
3,23,reel3__5,1214,N,True
3,23,bot19__4,1214,N,True
3,82,148,1214,N,True
3,82,121,1214,N,True
3,82,123,1214,N,True
3,252,123,1214,N,True
3,82,bot1__6,1214,N,True
3,82,bot7__6,1214,N,True
3,82,reel42__1,1214,N,True
3,82,bot58__0,1214,N,True
3,251,281,1214,N,True
3,251,108,1214,N,True
3,251,135,1214,N,True
3,251,127,1214,N,True
3,251,320,1214,N,True
3,251,309,1214,N,True
3,bot9__5,184,1214,N,True
3,251,184,1214,N,True
3,251,reel10__3,1214,N,True
3,251,reel24__5,1214,N,True
3,251,reel26__8,1214,N,True
3,251,bot45__7,1214,N,True
3,251,reel55__1,1214,N,True
3,251,reel55__4,1214,N,True
3,bot19__2,reel3__2,1214,N,True
3,133,reel3__2,1214,N,True
3,313,39,1214,N,True
3,bot19__2,39,1214,N,True
3,reel57__4,275,1214,N,True
3,reel13__9,reel4__5,1214,N,True
3,reel13__9,reel11__8,1214,N,True
3,327,reel11__8,1214,N,True
3,reel13__9,reel42__6,1214,N,True
3,reel13__9,bot49__2,1214,N,True
3,bot10__4,bot49__2,1214,N,True
3,252,248,1214,N,True
3,133,236,1214,N,True
3,252,236,1214,N,True
3,252,79,1214,N,True
3,252,31,1214,N,True
3,252,reel31__2,1214,N,True
3,325,311,1214,N,True
3,325,reel5__7,1214,N,True
3,325,bot55__7,1214,N,True
3,reel6__5,316,1214,N,True
3,reel6__5,274,1214,N,True
3,173,34,1214,N,True
3,173,reel3__8,1214,N,True
3,173,bot35__7,1214,N,True
3,173,reel42__2,1214,N,True
3,133,96,1214,N,True
3,133,1,1214,N,True
3,133,183,1214,N,True
3,133,224,1214,N,True
3,133,reel19__3,1214,N,True
3,133,bot20__3,1214,N,True
3,133,reel21__6,1214,N,True
3,133,reel38__9,1214,N,True
3,reel6__9,reel10__0,1214,N,True
3,reel6__9,bot11__5,1214,N,True
3,reel6__9,bot20__9,1214,N,True
3,reel6__9,reel22__7,1214,N,True
3,reel6__9,bot24__8,1214,N,True
3,reel6__9,bot56__6,1214,N,True
3,reel16__4,244,1214,N,True
3,reel16__4,reel18__0,1214,N,True
3,20,reel1__2,1214,N,True
3,20,bot15__4,1214,N,True
3,bot10__4,bot15__4,1214,N,True
3,20,reel21__2,1214,N,True
3,147,reel5__2,1214,N,True
3,147,reel6__0,1214,N,True
3,111,bot13__9,1214,N,True
3,147,bot13__9,1214,N,True
3,147,reel27__5,1214,N,True
3,147,reel36__9,1214,N,True
3,147,reel55__9,1214,N,True
3,333,reel18__4,1214,N,True
3,333,bot47__2,1214,N,True
3,313,146,1214,N,True
3,313,339,1214,N,True
3,313,bot1__7,1214,N,True
3,313,reel3__0,1214,N,True
3,313,bot49__6,1214,N,True
3,143,321,1214,N,True
3,143,reel57__6,1214,N,True
3,2,bot7__2,1214,N,True
3,2,reel9__3,1214,N,True
3,2,bot10__3,1214,N,True
3,2,reel10__7,1214,N,True
3,2,reel11__3,1214,N,True
3,2,bot48__6,1214,N,True
3,reel0__5,bot9__1,1214,N,True
3,95,bot9__1,1214,N,True
3,reel0__5,bot13__7,1214,N,True
3,reel0__5,bot15__9,1214,N,True
3,reel0__5,reel21__3,1214,N,True
3,reel28__6,reel27__6,1214,N,True
3,reel28__6,bot30__1,1214,N,True
3,137,167,1214,N,True
3,243,167,1214,N,True
3,111,93,1214,N,True
3,137,93,1214,N,True
3,137,32,1214,N,True
3,111,337,1214,N,True
3,137,337,1214,N,True
3,243,337,1214,N,True
3,137,bot37__6,1214,N,True
3,137,bot46__4,1214,N,True
3,137,reel46__2,1214,N,True
3,137,reel49__4,1214,N,True
3,243,bot18__0,1214,N,True
3,reel56__0,reel36__7,1214,N,True
3,219,154,1214,N,True
3,219,bot6__7,1214,N,True
3,219,reel12__5,1214,N,True
3,219,reel33__8,1214,N,True
3,219,reel50__5,1214,N,True
3,33,reel53__6,1214,N,True
3,219,reel53__6,1214,N,True
3,162,bot4__2,1214,N,True
3,162,reel35__5,1214,N,True
3,162,bot44__4,1214,N,True
3,162,bot48__2,1214,N,True
3,162,reel53__2,1214,N,True
3,bot26__3,bot12__6,1214,N,True
3,reel40__8,bot46__0,1214,N,True
3,reel7__8,bot19__9,1214,N,True
3,reel7__8,reel23__9,1214,N,True
3,reel7__8,bot52__1,1214,N,True
3,reel7__8,reel57__9,1214,N,True
3,226,reel11__7,1214,N,True
3,111,reel11__7,1214,N,True
3,226,reel19__9,1214,N,True
3,226,bot26__8,1214,N,True
3,bot10__0,279,1214,N,True
3,111,279,1214,N,True
3,111,reel10__1,1214,N,True
3,111,reel13__2,1214,N,True
3,111,bot14__3,1214,N,True
3,111,reel49__7,1214,N,True
3,reel25__6,reel49__7,1214,N,True
3,95,reel18__7,1214,N,True
3,14,reel9__6,1214,N,True
3,14,bot14__0,1214,N,True
3,14,reel35__6,1214,N,True
3,14,reel39__2,1214,N,True
3,14,bot40__3,1214,N,True
3,reel29__0,233,1214,N,True
3,reel29__0,bot35__5,1214,N,True
3,reel29__0,reel36__0,1214,N,True
3,reel14__3,256,1214,N,True
3,reel14__3,bot28__4,1214,N,True
3,bot10__4,bot7__9,1214,N,True
3,bot10__4,reel0__3,1214,N,True
3,bot10__4,bot50__5,1214,N,True
3,reel22__9,reel21__7,1214,N,True
3,reel22__9,bot30__0,1214,N,True
3,reel22__9,reel46__8,1214,N,True
3,reel22__9,reel54__5,1214,N,True
3,reel22__9,bot57__0,1214,N,True
3,reel22__9,bot57__8,1214,N,True
3,116,bot35__3,1214,N,True
3,bot10__0,bot35__3,1214,N,True
3,reel0__2,reel12__1,1214,N,True
3,140,bot18__2,1214,N,True
3,140,bot47__3,1214,N,True
3,33,reel22__2,1214,N,True
3,33,reel25__8,1214,N,True
3,116,bot5__3,1214,N,True
3,116,reel5__8,1214,N,True
3,116,reel35__2,1214,N,True
3,116,reel58__1,1214,N,True
3,reel25__6,reel5__9,1214,N,True
3,327,reel10__9,1214,N,True
3,bot21__3,bot42__3,1214,N,True
3,bot9__5,208,1214,N,True
3,bot9__5,bot15__7,1214,N,True
3,bot9__5,bot43__2,1214,N,True
3,211,reel43__0,1214,N,True
3,bot3__8,reel2__0,1214,N,True
3,bot15__9,reel0__5,1215,N,True
3,227,reel0__5,1215,N,True
3,104,reel0__5,1215,N,True
3,141,reel0__5,1215,N,True
3,bot15__9,bot35__6,1215,N,True
3,bot15__9,bot42__8,1215,N,True
3,6,bot42__8,1215,N,True
3,25,reel17__5,1215,N,True
3,25,reel35__5,1215,N,True
3,99,reel2__8,1215,N,True
3,51,reel2__8,1215,N,True
3,106,bot10__7,1215,N,True
3,51,bot10__7,1215,N,True
3,343,reel27__4,1215,N,True
3,reel43__1,reel27__4,1215,N,True
3,51,reel27__4,1215,N,True
3,51,bot46__2,1215,N,True
3,51,reel53__0,1215,N,True
3,131,reel53__0,1215,N,True
3,109,reel11__9,1215,N,True
3,52,reel11__9,1215,N,True
3,bot12__6,reel11__9,1215,N,True
3,115,bot26__3,1215,N,True
3,bot12__6,bot26__3,1215,N,True
3,336,reel0__8,1215,N,True
3,135,reel0__8,1215,N,True
3,129,reel43__7,1215,N,True
3,reel6__3,reel43__7,1215,N,True
3,135,reel43__7,1215,N,True
3,319,bot3__9,1215,N,True
3,253,bot3__9,1215,N,True
3,288,bot3__9,1215,N,True
3,reel8__3,reel28__3,1215,N,True
3,340,bot4__5,1215,N,True
3,340,bot21__3,1215,N,True
3,89,bot21__3,1215,N,True
3,164,bot21__3,1215,N,True
3,340,reel21__2,1215,N,True
3,340,reel37__9,1215,N,True
3,reel41__9,reel4__1,1215,N,True
3,112,reel4__1,1215,N,True
3,59,reel4__1,1215,N,True
3,59,reel5__4,1215,N,True
3,9,reel5__4,1215,N,True
3,224,bot16__6,1215,N,True
3,59,bot16__6,1215,N,True
3,59,bot24__2,1215,N,True
3,59,reel33__0,1215,N,True
3,reel12__0,reel35__4,1215,N,True
3,59,reel35__4,1215,N,True
3,reel2__3,bot41__0,1215,N,True
3,332,bot41__0,1215,N,True
3,reel28__8,reel50__7,1215,N,True
3,332,reel50__7,1215,N,True
3,141,bot14__2,1215,N,True
3,216,reel20__4,1215,N,True
3,141,reel20__4,1215,N,True
3,141,bot31__2,1215,N,True
3,reel42__5,reel48__4,1215,N,True
3,141,reel48__4,1215,N,True
3,312,reel6__5,1215,N,True
3,316,reel6__5,1215,N,True
3,274,reel6__5,1215,N,True
3,316,reel17__1,1215,N,True
3,reel34__4,reel25__0,1215,N,True
3,291,reel38__7,1215,N,True
3,128,reel38__7,1215,N,True
3,reel34__4,reel38__7,1215,N,True
3,reel34__4,reel49__2,1215,N,True
3,119,bot5__2,1215,N,True
3,260,bot5__2,1215,N,True
3,194,bot5__2,1215,N,True
3,58,reel15__6,1215,N,True
3,260,reel15__6,1215,N,True
3,224,bot17__5,1215,N,True
3,260,bot17__5,1215,N,True
3,314,bot15__3,1215,N,True
3,314,reel51__6,1215,N,True
3,272,reel8__0,1215,N,True
3,341,reel8__0,1215,N,True
3,194,reel8__0,1215,N,True
3,194,bot25__3,1215,N,True
3,122,bot42__1,1215,N,True
3,194,bot42__1,1215,N,True
3,149,reel34__8,1215,N,True
3,reel6__9,reel34__8,1215,N,True
3,347,reel4__9,1215,N,True
3,reel42__5,reel4__9,1215,N,True
3,80,reel4__9,1215,N,True
3,reel42__5,reel24__7,1215,N,True
3,53,reel24__7,1215,N,True
3,198,reel1__6,1215,N,True
3,212,reel1__6,1215,N,True
3,230,reel1__6,1215,N,True
3,128,reel4__6,1215,N,True
3,212,reel4__6,1215,N,True
3,46,reel4__6,1215,N,True
3,226,reel19__9,1215,N,True
3,212,reel19__9,1215,N,True
3,bot9__8,bot19__1,1215,N,True
3,288,bot1__7,1215,N,True
3,73,bot1__7,1215,N,True
3,9,reel5__6,1215,N,True
3,288,reel5__6,1215,N,True
3,288,reel53__5,1215,N,True
3,reel16__0,bot30__2,1215,N,True
3,reel16__0,reel47__2,1215,N,True
3,129,bot6__7,1215,N,True
3,219,bot6__7,1215,N,True
3,307,bot6__7,1215,N,True
3,bot16__8,bot6__7,1215,N,True
3,129,reel24__6,1215,N,True
3,170,reel24__6,1215,N,True
3,47,reel24__6,1215,N,True
3,129,reel52__3,1215,N,True
3,62,reel52__3,1215,N,True
3,174,reel52__3,1215,N,True
3,129,reel55__5,1215,N,True
3,305,reel55__5,1215,N,True
3,236,reel1__4,1215,N,True
3,230,reel1__4,1215,N,True
3,reel2__1,reel1__4,1215,N,True
3,6,bot12__7,1215,N,True
3,236,bot12__7,1215,N,True
3,236,reel39__4,1215,N,True
3,236,bot40__7,1215,N,True
3,120,bot40__7,1215,N,True
3,236,reel45__1,1215,N,True
3,236,reel47__5,1215,N,True
3,221,reel47__5,1215,N,True
3,344,reel47__5,1215,N,True
3,199,bot2__0,1215,N,True
3,bot8__1,bot2__0,1215,N,True
3,188,bot2__0,1215,N,True
3,6,reel14__6,1215,N,True
3,199,reel14__6,1215,N,True
3,reel28__0,reel14__6,1215,N,True
3,reel4__7,reel20__9,1215,N,True
3,199,reel20__9,1215,N,True
3,bot23__7,reel20__9,1215,N,True
3,331,reel2__4,1215,N,True
3,250,reel2__4,1215,N,True
3,251,bot9__6,1215,N,True
3,250,bot9__6,1215,N,True
3,250,reel31__9,1215,N,True
3,224,reel34__3,1215,N,True
3,189,reel34__3,1215,N,True
3,250,reel34__3,1215,N,True
3,280,bot44__1,1215,N,True
3,250,bot44__1,1215,N,True
3,250,bot56__4,1215,N,True
3,94,reel57__5,1215,N,True
3,339,reel57__5,1215,N,True
3,reel7__5,bot59__9,1215,N,True
3,94,bot59__9,1215,N,True
3,226,bot2__4,1215,N,True
3,48,bot2__4,1215,N,True
3,48,bot19__3,1215,N,True
3,184,bot28__7,1215,N,True
3,48,bot28__7,1215,N,True
3,280,reel6__8,1215,N,True
3,64,reel6__8,1215,N,True
3,123,reel6__8,1215,N,True
3,280,reel44__0,1215,N,True
3,253,reel44__0,1215,N,True
3,bot0__6,bot25__5,1215,N,True
3,122,bot25__5,1215,N,True
3,122,reel36__7,1215,N,True
3,113,reel36__7,1215,N,True
3,bot60__2,bot46__0,1215,N,True
3,reel13__0,bot21__5,1215,N,True
3,bot16__8,bot21__5,1215,N,True
3,reel13__0,reel57__1,1215,N,True
3,65,bot27__9,1215,N,True
3,309,bot4__2,1215,N,True
3,309,reel18__2,1215,N,True
3,reel4__7,reel18__2,1215,N,True
3,309,bot19__5,1215,N,True
3,144,reel48__5,1215,N,True
3,309,reel48__5,1215,N,True
3,112,reel18__0,1215,N,True
3,112,reel21__1,1215,N,True
3,bot13__5,bot33__8,1215,N,True
3,331,reel3__4,1215,N,True
3,reel31__2,reel3__4,1215,N,True
3,121,reel3__4,1215,N,True
3,83,reel3__4,1215,N,True
3,121,bot18__6,1215,N,True
3,121,reel50__2,1215,N,True
3,268,reel27__7,1215,N,True
3,reel22__4,reel14__0,1215,N,True
3,reel22__4,reel37__5,1215,N,True
3,164,reel11__3,1215,N,True
3,164,reel34__9,1215,N,True
3,164,reel54__8,1215,N,True
3,267,bot22__8,1215,N,True
3,104,bot22__8,1215,N,True
3,118,bot34__7,1215,N,True
3,267,bot34__7,1215,N,True
3,274,bot17__1,1215,N,True
3,119,bot17__1,1215,N,True
3,119,bot20__4,1215,N,True
3,337,reel24__9,1215,N,True
3,119,reel24__9,1215,N,True
3,278,reel24__9,1215,N,True
3,58,reel26__7,1215,N,True
3,119,reel26__7,1215,N,True
3,119,reel50__3,1215,N,True
3,reel31__1,reel14__5,1215,N,True
3,307,bot0__4,1215,N,True
3,132,bot0__4,1215,N,True
3,301,bot0__4,1215,N,True
3,301,reel20__1,1215,N,True
3,301,reel23__8,1215,N,True
3,301,bot35__1,1215,N,True
3,107,reel47__8,1215,N,True
3,301,reel47__8,1215,N,True
3,reel12__1,reel31__8,1215,N,True
3,137,reel31__8,1215,N,True
3,reel12__1,reel35__3,1215,N,True
3,reel12__1,reel48__3,1215,N,True
3,233,reel48__3,1215,N,True
3,261,reel2__7,1215,N,True
3,261,reel8__2,1215,N,True
3,261,bot10__9,1215,N,True
3,232,bot10__9,1215,N,True
3,261,reel32__6,1215,N,True
3,262,reel32__6,1215,N,True
3,305,bot0__3,1215,N,True
3,159,bot0__3,1215,N,True
3,127,reel1__7,1215,N,True
3,159,reel1__7,1215,N,True
3,159,bot9__4,1215,N,True
3,159,reel20__2,1215,N,True
3,reel25__1,reel29__7,1215,N,True
3,159,reel29__7,1215,N,True
3,104,reel29__7,1215,N,True
3,reel2__3,bot5__5,1215,N,True
3,bot0__1,bot5__5,1215,N,True
3,185,bot5__5,1215,N,True
3,185,bot5__6,1215,N,True
3,185,reel12__2,1215,N,True
3,reel4__3,reel23__0,1215,N,True
3,185,reel23__0,1215,N,True
3,312,reel38__2,1215,N,True
3,185,reel38__2,1215,N,True
3,185,bot41__6,1215,N,True
3,61,reel2__2,1215,N,True
3,reel29__1,reel2__2,1215,N,True
3,86,reel2__2,1215,N,True
3,345,reel2__2,1215,N,True
3,134,reel5__3,1215,N,True
3,86,reel5__3,1215,N,True
3,reel22__5,bot23__6,1215,N,True
3,86,bot23__6,1215,N,True
3,279,reel24__8,1215,N,True
3,86,reel24__8,1215,N,True
3,336,reel0__4,1215,N,True
3,151,reel0__4,1215,N,True
3,336,reel4__0,1215,N,True
3,336,reel7__1,1215,N,True
3,324,reel7__1,1215,N,True
3,6,bot10__5,1215,N,True
3,336,bot10__5,1215,N,True
3,bot4__0,bot10__5,1215,N,True
3,336,bot19__0,1215,N,True
3,294,reel13__6,1215,N,True
3,reel2__3,reel13__6,1215,N,True
3,62,reel13__6,1215,N,True
3,reel2__3,reel27__3,1215,N,True
3,reel2__3,reel42__8,1215,N,True
3,5,reel42__8,1215,N,True
3,reel41__0,reel54__4,1215,N,True
3,238,reel25__2,1215,N,True
3,238,bot27__3,1215,N,True
3,238,bot31__7,1215,N,True
3,238,bot38__4,1215,N,True
3,120,bot40__9,1215,N,True
3,238,bot40__9,1215,N,True
3,238,bot55__4,1215,N,True
3,29,bot51__0,1215,N,True
3,29,reel59__8,1215,N,True
3,219,bot13__1,1215,N,True
3,240,bot13__1,1215,N,True
3,bot39__0,bot13__1,1215,N,True
3,294,reel29__8,1215,N,True
3,240,reel29__8,1215,N,True
3,341,reel22__0,1215,N,True
3,13,bot42__2,1215,N,True
3,341,bot42__2,1215,N,True
3,341,reel47__6,1215,N,True
3,341,bot48__2,1215,N,True
3,341,reel59__4,1215,N,True
3,265,reel6__2,1215,N,True
3,5,reel6__2,1215,N,True
3,52,reel16__9,1215,N,True
3,5,reel16__9,1215,N,True
3,27,reel21__0,1215,N,True
3,5,reel21__0,1215,N,True
3,5,reel33__6,1215,N,True
3,331,bot12__9,1215,N,True
3,345,bot12__9,1215,N,True
3,237,bot15__6,1215,N,True
3,345,bot15__6,1215,N,True
3,89,reel16__1,1215,N,True
3,345,reel16__1,1215,N,True
3,274,bot6__6,1215,N,True
3,75,bot6__6,1215,N,True
3,75,reel14__7,1215,N,True
3,72,reel28__9,1215,N,True
3,75,reel28__9,1215,N,True
3,89,reel31__6,1215,N,True
3,75,reel31__6,1215,N,True
3,75,bot47__0,1215,N,True
3,16,reel45__7,1215,N,True
3,227,reel50__8,1215,N,True
3,16,reel50__8,1215,N,True
3,99,reel13__5,1215,N,True
3,99,reel19__1,1215,N,True
3,139,reel19__1,1215,N,True
3,243,reel19__1,1215,N,True
3,189,reel48__2,1215,N,True
3,189,bot56__2,1215,N,True
3,204,reel10__9,1215,N,True
3,reel52__0,reel10__9,1215,N,True
3,327,reel10__9,1215,N,True
3,123,bot0__5,1215,N,True
3,232,bot0__5,1215,N,True
3,232,reel10__7,1215,N,True
3,307,reel38__6,1215,N,True
3,232,reel38__6,1215,N,True
3,232,bot43__0,1215,N,True
3,232,bot53__5,1215,N,True
3,8,reel4__5,1215,N,True
3,62,reel4__5,1215,N,True
3,8,reel30__9,1215,N,True
3,198,reel30__9,1215,N,True
3,8,bot37__2,1215,N,True
3,46,bot37__2,1215,N,True
3,343,bot37__2,1215,N,True
3,8,bot57__5,1215,N,True
3,27,reel10__5,1215,N,True
3,137,reel10__5,1215,N,True
3,27,bot29__3,1215,N,True
3,reel9__9,bot29__3,1215,N,True
3,27,bot31__3,1215,N,True
3,89,bot31__3,1215,N,True
3,27,bot36__2,1215,N,True
3,88,bot7__9,1215,N,True
3,182,bot7__9,1215,N,True
3,182,bot12__5,1215,N,True
3,188,reel20__3,1215,N,True
3,158,reel20__3,1215,N,True
3,206,bot36__5,1215,N,True
3,158,bot36__5,1215,N,True
3,89,reel59__2,1215,N,True
3,158,reel59__2,1215,N,True
3,58,reel20__7,1215,N,True
3,50,reel20__7,1215,N,True
3,320,reel20__7,1215,N,True
3,58,reel44__2,1215,N,True
3,58,bot60__9,1215,N,True
3,101,bot60__9,1215,N,True
3,174,bot1__0,1215,N,True
3,174,reel7__8,1215,N,True
3,174,reel8__1,1215,N,True
3,191,bot52__4,1215,N,True
3,265,reel58__7,1215,N,True
3,reel29__1,reel58__7,1215,N,True
3,188,bot3__1,1215,N,True
3,70,bot3__1,1215,N,True
3,188,bot10__3,1215,N,True
3,184,reel29__3,1215,N,True
3,bot33__6,reel29__3,1215,N,True
3,reel9__9,reel29__3,1215,N,True
3,188,reel29__3,1215,N,True
3,50,reel17__6,1215,N,True
3,118,reel17__6,1215,N,True
3,49,bot15__0,1215,N,True
3,110,bot15__0,1215,N,True
3,151,bot43__4,1215,N,True
3,55,reel3__3,1215,N,True
3,253,reel3__9,1215,N,True
3,55,reel3__9,1215,N,True
3,55,bot35__5,1215,N,True
3,55,reel54__1,1215,N,True
3,220,reel30__6,1215,N,True
3,220,reel56__9,1215,N,True
3,140,reel56__9,1215,N,True
3,229,reel9__4,1215,N,True
3,reel12__7,reel9__4,1215,N,True
3,123,reel16__7,1215,N,True
3,reel12__7,reel16__7,1215,N,True
3,reel12__7,bot37__0,1215,N,True
3,bot4__3,bot37__0,1215,N,True
3,207,bot11__4,1215,N,True
3,227,bot11__4,1215,N,True
3,bot16__8,bot11__4,1215,N,True
3,bot24__0,bot14__5,1215,N,True
3,337,bot14__5,1215,N,True
3,320,bot14__5,1215,N,True
3,bot24__0,bot15__7,1215,N,True
3,320,bot15__7,1215,N,True
3,255,reel22__3,1215,N,True
3,255,bot24__6,1215,N,True
3,229,reel28__7,1215,N,True
3,255,reel28__7,1215,N,True
3,126,bot3__5,1215,N,True
3,295,bot3__5,1215,N,True
3,295,reel8__4,1215,N,True
3,197,reel8__4,1215,N,True
3,bot26__2,reel8__4,1215,N,True
3,295,reel10__2,1215,N,True
3,279,reel10__2,1215,N,True
3,312,bot10__0,1215,N,True
3,279,bot10__0,1215,N,True
3,278,bot10__0,1215,N,True
3,278,bot34__2,1215,N,True
3,28,bot1__3,1215,N,True
3,28,reel3__6,1215,N,True
3,262,reel3__6,1215,N,True
3,reel22__5,reel3__6,1215,N,True
3,28,bot33__3,1215,N,True
3,219,bot8__0,1215,N,True
3,131,bot8__0,1215,N,True
3,131,bot42__9,1215,N,True
3,131,bot50__0,1215,N,True
3,50,reel57__8,1215,N,True
3,131,reel57__8,1215,N,True
3,333,reel18__4,1215,N,True
3,229,reel18__4,1215,N,True
3,9,reel18__4,1215,N,True
3,reel6__3,bot28__3,1215,N,True
3,reel6__3,bot32__4,1215,N,True
3,reel6__3,bot34__3,1215,N,True
3,170,reel37__4,1215,N,True
3,reel6__3,reel37__4,1215,N,True
3,79,reel10__1,1215,N,True
3,79,reel25__8,1215,N,True
3,3,reel25__8,1215,N,True
3,79,bot54__7,1215,N,True
3,116,reel5__8,1215,N,True
3,254,reel5__8,1215,N,True
3,168,reel5__8,1215,N,True
3,254,bot31__0,1215,N,True
3,134,reel40__4,1215,N,True
3,254,reel40__4,1215,N,True
3,98,reel40__4,1215,N,True
3,254,reel45__6,1215,N,True
3,254,bot60__5,1215,N,True
3,276,reel7__0,1215,N,True
3,3,reel7__0,1215,N,True
3,106,reel12__8,1215,N,True
3,3,reel12__8,1215,N,True
3,reel3__2,reel20__8,1215,N,True
3,3,reel20__8,1215,N,True
3,3,reel49__3,1215,N,True
3,3,bot54__9,1215,N,True
3,104,bot54__9,1215,N,True
3,110,bot7__3,1215,N,True
3,132,bot7__3,1215,N,True
3,186,reel16__5,1215,N,True
3,132,reel16__5,1215,N,True
3,148,reel24__5,1215,N,True
3,251,reel24__5,1215,N,True
3,132,reel24__5,1215,N,True
3,248,bot39__4,1215,N,True
3,132,bot39__4,1215,N,True
3,reel31__2,reel40__0,1215,N,True
3,132,reel40__0,1215,N,True
3,34,reel47__7,1215,N,True
3,132,reel47__7,1215,N,True
3,132,bot51__9,1215,N,True
3,169,bot3__0,1215,N,True
3,169,reel8__8,1215,N,True
3,216,reel8__8,1215,N,True
3,169,reel48__9,1215,N,True
3,312,bot9__5,1215,N,True
3,184,bot9__5,1215,N,True
3,208,bot9__5,1215,N,True
3,184,bot43__9,1215,N,True
3,184,reel45__0,1215,N,True
3,184,bot50__9,1215,N,True
3,183,reel19__3,1215,N,True
3,307,reel19__3,1215,N,True
3,183,bot30__9,1215,N,True
3,183,bot36__9,1215,N,True
3,312,bot3__4,1215,N,True
3,312,bot10__4,1215,N,True
3,reel0__3,bot10__4,1215,N,True
3,312,bot10__8,1215,N,True
3,312,reel10__6,1215,N,True
3,202,reel10__6,1215,N,True
3,143,reel10__6,1215,N,True
3,312,reel35__9,1215,N,True
3,53,reel32__1,1215,N,True
3,272,reel32__1,1215,N,True
3,320,reel1__2,1215,N,True
3,265,reel1__2,1215,N,True
3,265,reel3__7,1215,N,True
3,265,bot18__5,1215,N,True
3,265,bot24__8,1215,N,True
3,reel6__9,bot24__8,1215,N,True
3,206,reel41__2,1215,N,True
3,265,reel41__2,1215,N,True
3,265,bot43__1,1215,N,True
3,298,bot43__1,1215,N,True
3,82,bot2__3,1215,N,True
3,109,bot2__3,1215,N,True
3,196,bot15__1,1215,N,True
3,109,bot15__1,1215,N,True
3,156,reel31__5,1215,N,True
3,109,reel31__5,1215,N,True
3,331,bot30__8,1215,N,True
3,294,reel26__6,1215,N,True
3,152,reel26__6,1215,N,True
3,152,reel36__1,1215,N,True
3,13,reel34__7,1215,N,True
3,244,reel34__7,1215,N,True
3,reel0__3,bot7__6,1215,N,True
3,82,bot7__6,1215,N,True
3,110,bot7__6,1215,N,True
3,reel0__3,bot14__1,1215,N,True
3,reel0__3,reel19__4,1215,N,True
3,113,reel19__4,1215,N,True
3,reel0__3,bot22__3,1215,N,True
3,reel0__3,reel48__7,1215,N,True
3,reel16__6,reel48__7,1215,N,True
3,reel0__3,bot53__0,1215,N,True
3,202,bot5__1,1215,N,True
3,276,bot5__1,1215,N,True
3,216,reel27__2,1215,N,True
3,276,reel27__2,1215,N,True
3,343,reel10__8,1215,N,True
3,reel31__2,reel10__8,1215,N,True
3,343,bot13__9,1215,N,True
3,147,bot13__9,1215,N,True
3,343,bot15__2,1215,N,True
3,281,bot15__2,1215,N,True
3,343,bot19__7,1215,N,True
3,bot25__6,bot19__7,1215,N,True
3,343,reel40__2,1215,N,True
3,343,bot48__3,1215,N,True
3,88,bot48__3,1215,N,True
3,317,bot37__3,1215,N,True
3,279,bot37__3,1215,N,True
3,89,bot13__2,1215,N,True
3,89,reel22__9,1215,N,True
3,170,reel55__6,1215,N,True
3,89,reel55__6,1215,N,True
3,128,bot36__0,1215,N,True
3,70,bot36__0,1215,N,True
3,70,reel55__7,1215,N,True
3,reel4__3,reel16__4,1215,N,True
3,244,reel16__4,1215,N,True
3,reel4__3,bot27__8,1215,N,True
3,46,reel28__1,1215,N,True
3,46,bot47__3,1215,N,True
3,140,bot47__3,1215,N,True
3,46,reel54__3,1215,N,True
3,113,bot7__8,1215,N,True
3,285,bot7__8,1215,N,True
3,bot0__2,bot18__8,1215,N,True
3,249,bot3__6,1215,N,True
3,237,reel17__4,1215,N,True
3,249,reel17__4,1215,N,True
3,296,reel58__2,1215,N,True
3,reel5__9,bot14__0,1215,N,True
3,14,bot14__0,1215,N,True
3,reel5__9,reel16__3,1215,N,True
3,230,reel16__3,1215,N,True
3,14,reel16__3,1215,N,True
3,reel5__9,bot23__2,1215,N,True
3,reel5__9,reel25__6,1215,N,True
3,reel5__9,bot32__5,1215,N,True
3,82,bot53__4,1215,N,True
3,52,bot53__4,1215,N,True
3,337,bot9__3,1215,N,True
3,80,bot9__3,1215,N,True
3,80,bot11__8,1215,N,True
3,80,reel39__3,1215,N,True
3,168,reel39__3,1215,N,True
3,80,reel40__8,1215,N,True
3,143,reel40__8,1215,N,True
3,61,bot16__2,1215,N,True
3,307,bot16__2,1215,N,True
3,61,bot24__5,1215,N,True
3,61,bot41__7,1215,N,True
3,107,bot5__8,1215,N,True
3,107,bot20__0,1215,N,True
3,107,reel41__1,1215,N,True
3,bot1__1,bot9__1,1215,N,True
3,bot1__1,bot17__8,1215,N,True
3,bot25__6,bot30__7,1215,N,True
3,197,bot30__7,1215,N,True
3,248,reel48__8,1215,N,True
3,bot6__0,bot12__0,1215,N,True
3,251,bot17__0,1215,N,True
3,251,reel19__8,1215,N,True
3,19,reel19__8,1215,N,True
3,251,reel55__4,1215,N,True
3,196,bot20__1,1215,N,True
3,196,bot53__1,1215,N,True
3,196,bot54__2,1215,N,True
3,bot36__4,bot4__6,1215,N,True
3,bot36__4,bot33__1,1215,N,True
3,9,bot33__1,1215,N,True
3,bot36__4,bot45__3,1215,N,True
3,bot55__3,bot45__3,1215,N,True
3,bot36__4,bot59__5,1215,N,True
3,186,bot4__4,1215,N,True
3,186,reel4__2,1215,N,True
3,bot7__1,reel4__2,1215,N,True
3,186,reel17__2,1215,N,True
3,186,reel46__9,1215,N,True
3,186,reel49__0,1215,N,True
3,186,bot56__8,1215,N,True
3,bot43__5,bot56__8,1215,N,True
3,reel14__4,bot21__2,1215,N,True
3,317,bot21__2,1215,N,True
3,reel14__4,reel35__1,1215,N,True
3,reel9__9,bot34__9,1215,N,True
3,50,bot16__4,1215,N,True
3,221,reel11__5,1215,N,True
3,155,bot2__1,1215,N,True
3,339,bot2__1,1215,N,True
3,62,reel17__8,1215,N,True
3,155,reel17__8,1215,N,True
3,bot46__7,bot50__6,1215,N,True
3,173,bot10__2,1215,N,True
3,173,reel19__0,1215,N,True
3,173,bot35__7,1215,N,True
3,128,reel8__9,1215,N,True
3,reel40__6,reel45__2,1215,N,True
3,reel7__5,bot15__8,1215,N,True
3,262,bot42__0,1215,N,True
3,198,reel10__0,1215,N,True
3,reel6__9,reel10__0,1215,N,True
3,reel6__9,bot56__6,1215,N,True
3,274,bot0__0,1215,N,True
3,73,bot0__0,1215,N,True
3,170,reel4__4,1215,N,True
3,reel47__3,reel4__4,1215,N,True
3,150,reel4__4,1215,N,True
3,150,bot7__4,1215,N,True
3,197,bot18__0,1215,N,True
3,243,bot18__0,1215,N,True
3,233,bot14__8,1215,N,True
3,233,reel29__0,1215,N,True
3,227,reel29__0,1215,N,True
3,147,reel5__2,1215,N,True
3,147,reel27__5,1215,N,True
3,344,reel27__5,1215,N,True
3,147,bot39__8,1215,N,True
3,147,reel55__9,1215,N,True
3,333,bot47__2,1215,N,True
3,202,reel2__5,1215,N,True
3,106,reel2__5,1215,N,True
3,reel12__0,bot58__3,1215,N,True
3,198,reel57__6,1215,N,True
3,143,reel57__6,1215,N,True
3,106,reel25__3,1215,N,True
3,291,bot25__2,1215,N,True
3,90,bot25__2,1215,N,True
3,291,bot28__9,1215,N,True
3,204,reel13__1,1215,N,True
3,reel39__9,reel13__1,1215,N,True
3,204,reel23__3,1215,N,True
3,19,reel23__3,1215,N,True
3,134,bot26__6,1215,N,True
3,317,bot26__6,1215,N,True
3,134,bot58__8,1215,N,True
3,47,reel54__6,1215,N,True
3,47,bot55__2,1215,N,True
3,47,reel55__2,1215,N,True
3,344,bot14__7,1215,N,True
3,337,reel2__6,1215,N,True
3,337,bot31__5,1215,N,True
3,337,reel34__5,1215,N,True
3,324,reel1__9,1215,N,True
3,324,bot11__2,1215,N,True
3,297,bot22__9,1215,N,True
3,297,bot28__0,1215,N,True
3,110,bot22__1,1215,N,True
3,104,bot22__1,1215,N,True
3,104,reel27__6,1215,N,True
3,104,reel49__5,1215,N,True
3,347,reel9__0,1215,N,True
3,347,bot29__1,1215,N,True
3,reel22__5,reel57__9,1215,N,True
3,271,bot18__4,1215,N,True
3,126,bot5__9,1215,N,True
3,126,bot23__5,1215,N,True
3,198,bot23__5,1215,N,True
3,126,reel29__6,1215,N,True
3,126,bot37__9,1215,N,True
3,bot1__5,bot37__9,1215,N,True
3,257,bot11__1,1215,N,True
3,62,bot27__2,1215,N,True
3,62,bot32__1,1215,N,True
3,62,reel41__8,1215,N,True
3,137,bot37__6,1215,N,True
3,137,bot46__4,1215,N,True
3,137,reel49__4,1215,N,True
3,243,bot1__8,1215,N,True
3,88,bot14__4,1215,N,True
3,88,bot50__4,1215,N,True
3,reel47__4,reel46__5,1215,N,True
3,reel39__0,reel46__5,1215,N,True
3,244,bot22__4,1215,N,True
3,274,bot57__8,1215,N,True
3,144,reel15__5,1215,N,True
3,219,reel12__5,1215,N,True
3,219,reel33__8,1215,N,True
3,219,reel50__5,1215,N,True
3,156,bot51__8,1215,N,True
3,72,reel41__5,1215,N,True
3,139,bot51__6,1215,N,True
3,bot30__4,bot51__6,1215,N,True
3,reel42__2,reel53__3,1215,N,True
3,285,reel53__9,1215,N,True
3,226,reel10__4,1215,N,True
3,307,reel10__4,1215,N,True
3,178,bot7__5,1215,N,True
3,10,bot7__5,1215,N,True
3,178,reel13__2,1215,N,True
3,178,bot35__9,1215,N,True
3,339,bot35__9,1215,N,True
3,178,bot55__6,1215,N,True
3,226,bot26__8,1215,N,True
3,237,bot55__8,1215,N,True
3,237,reel59__6,1215,N,True
3,339,reel59__6,1215,N,True
3,bot8__1,bot26__7,1215,N,True
3,208,reel29__2,1215,N,True
3,208,reel32__7,1215,N,True
3,123,bot18__3,1215,N,True
3,10,bot26__1,1215,N,True
3,10,bot27__5,1215,N,True
3,10,bot33__2,1215,N,True
3,10,bot39__7,1215,N,True
3,14,bot40__3,1215,N,True
3,139,bot23__3,1215,N,True
3,139,reel25__9,1215,N,True
3,139,bot60__4,1215,N,True
3,272,reel7__7,1215,N,True
3,272,bot33__0,1215,N,True
3,148,bot33__0,1215,N,True
3,148,bot40__0,1215,N,True
3,reel25__1,reel11__1,1215,N,True
3,reel25__1,reel28__4,1215,N,True
3,reel25__1,bot38__1,1215,N,True
3,303,reel2__0,1215,N,True
3,bot3__8,reel2__0,1215,N,True
3,69,reel2__0,1215,N,True
3,69,reel11__6,1215,N,True
3,69,bot59__7,1215,N,True
3,298,reel17__3,1215,N,True
3,298,reel43__9,1215,N,True
3,294,bot47__6,1215,N,True
3,reel39__0,reel45__8,1215,N,True
3,198,reel1__3,1215,N,True
3,339,reel1__3,1215,N,True
3,198,bot27__0,1215,N,True
3,198,reel57__2,1215,N,True
3,320,bot8__3,1215,N,True
3,320,bot10__1,1215,N,True
3,320,reel25__5,1215,N,True
3,320,reel35__8,1215,N,True
3,reel21__4,bot46__8,1215,N,True
3,reel4__7,reel59__3,1215,N,True
3,217,reel3__0,1215,N,True
3,217,reel27__0,1215,N,True
3,217,bot59__1,1215,N,True
3,reel16__6,reel37__1,1215,N,True
3,110,bot40__6,1215,N,True
3,110,bot44__3,1215,N,True
3,339,bot31__9,1215,N,True
3,140,bot18__2,1215,N,True
3,140,reel44__9,1215,N,True
3,reel3__2,bot19__2,1215,N,True
3,116,bot5__3,1215,N,True
3,116,bot35__3,1215,N,True
3,116,bot40__2,1215,N,True
3,116,reel58__1,1215,N,True
3,207,reel40__1,1215,N,True
3,269,bot42__6,1215,N,True
3,269,bot49__3,1215,N,True
3,127,reel58__0,1215,N,True
3,52,bot39__1,1215,N,True
3,52,reel47__1,1215,N,True
3,52,bot60__8,1215,N,True
3,327,reel11__8,1215,N,True
3,327,bot13__4,1215,N,True
3,281,reel5__5,1215,N,True
3,6,reel8__6,1215,N,True
3,19,reel8__6,1215,N,True
3,reel47__3,bot48__6,1215,N,True
3,311,bot13__6,1215,N,True
3,311,bot18__1,1215,N,True
3,311,bot29__8,1215,N,True
3,bot39__0,reel26__9,1215,N,True
3,bot39__0,bot60__1,1215,N,True
3,32,reel14__2,1215,N,True
3,90,bot41__2,1215,N,True
3,19,reel15__0,1215,N,True
3,34,reel24__3,1215,N,True
3,168,bot13__7,1215,N,True
3,310,28,1216,N,True
3,310,111,1216,N,True
3,93,111,1216,N,True
3,337,111,1216,N,True
3,310,151,1216,N,True
3,310,14,1216,N,True
3,310,reel5__2,1216,N,True
3,310,bot12__0,1216,N,True
3,310,reel23__6,1216,N,True
3,310,bot55__8,1216,N,True
3,93,reel7__7,1216,N,True
3,293,174,1216,N,True
3,293,reel7__4,1216,N,True
3,293,reel11__9,1216,N,True
3,293,bot16__7,1216,N,True
3,293,bot19__9,1216,N,True
3,293,reel22__6,1216,N,True
3,293,reel36__6,1216,N,True
3,170,304,1216,N,True
3,67,304,1216,N,True
3,325,304,1216,N,True
3,188,304,1216,N,True
3,98,304,1216,N,True
3,13,304,1216,N,True
3,211,304,1216,N,True
3,199,304,1216,N,True
3,21,304,1216,N,True
3,285,304,1216,N,True
3,56,304,1216,N,True
3,322,304,1216,N,True
3,122,304,1216,N,True
3,9,304,1216,N,True
3,203,304,1216,N,True
3,113,304,1216,N,True
3,277,304,1216,N,True
3,252,304,1216,N,True
3,67,104,1216,N,True
3,325,104,1216,N,True
3,188,104,1216,N,True
3,98,104,1216,N,True
3,21,104,1216,N,True
3,56,104,1216,N,True
3,322,104,1216,N,True
3,122,104,1216,N,True
3,203,104,1216,N,True
3,123,104,1216,N,True
3,113,104,1216,N,True
3,277,104,1216,N,True
3,252,104,1216,N,True
3,67,161,1216,N,True
3,325,161,1216,N,True
3,277,161,1216,N,True
3,199,161,1216,N,True
3,21,161,1216,N,True
3,56,161,1216,N,True
3,322,161,1216,N,True
3,122,161,1216,N,True
3,9,161,1216,N,True
3,203,161,1216,N,True
3,314,161,1216,N,True
3,252,161,1216,N,True
3,325,239,1216,N,True
3,188,239,1216,N,True
3,98,239,1216,N,True
3,59,239,1216,N,True
3,285,239,1216,N,True
3,123,239,1216,N,True
3,67,239,1216,N,True
3,313,239,1216,N,True
3,199,239,1216,N,True
3,56,239,1216,N,True
3,322,239,1216,N,True
3,122,239,1216,N,True
3,265,239,1216,N,True
3,170,239,1216,N,True
3,119,239,1216,N,True
3,13,239,1216,N,True
3,261,239,1216,N,True
3,21,239,1216,N,True
3,113,239,1216,N,True
3,238,239,1216,N,True
3,211,239,1216,N,True
3,203,239,1216,N,True
3,277,239,1216,N,True
3,252,239,1216,N,True
3,325,200,1216,N,True
3,188,200,1216,N,True
3,285,200,1216,N,True
3,123,200,1216,N,True
3,67,200,1216,N,True
3,277,200,1216,N,True
3,199,200,1216,N,True
3,56,200,1216,N,True
3,322,200,1216,N,True
3,122,200,1216,N,True
3,170,200,1216,N,True
3,119,200,1216,N,True
3,21,200,1216,N,True
3,113,200,1216,N,True
3,9,200,1216,N,True
3,203,200,1216,N,True
3,165,200,1216,N,True
3,98,200,1216,N,True
3,252,200,1216,N,True
3,67,40,1216,N,True
3,325,40,1216,N,True
3,199,40,1216,N,True
3,21,40,1216,N,True
3,77,40,1216,N,True
3,56,40,1216,N,True
3,322,40,1216,N,True
3,203,40,1216,N,True
3,265,40,1216,N,True
3,113,40,1216,N,True
3,277,40,1216,N,True
3,67,158,1216,N,True
3,reel59__2,158,1216,N,True
3,325,158,1216,N,True
3,322,158,1216,N,True
3,113,158,1216,N,True
3,170,25,1216,N,True
3,119,25,1216,N,True
3,67,25,1216,N,True
3,325,25,1216,N,True
3,188,25,1216,N,True
3,98,25,1216,N,True
3,199,25,1216,N,True
3,21,25,1216,N,True
3,285,25,1216,N,True
3,290,25,1216,N,True
3,56,25,1216,N,True
3,322,25,1216,N,True
3,122,25,1216,N,True
3,9,25,1216,N,True
3,203,25,1216,N,True
3,113,25,1216,N,True
3,277,25,1216,N,True
3,252,25,1216,N,True
3,325,reel30__3,1216,N,True
3,325,bot53__0,1216,N,True
3,170,274,1216,N,True
3,122,274,1216,N,True
3,21,274,1216,N,True
3,188,274,1216,N,True
3,170,315,1216,N,True
3,67,315,1216,N,True
3,188,315,1216,N,True
3,98,315,1216,N,True
3,313,315,1216,N,True
3,211,315,1216,N,True
3,199,315,1216,N,True
3,21,315,1216,N,True
3,285,315,1216,N,True
3,56,315,1216,N,True
3,322,315,1216,N,True
3,122,315,1216,N,True
3,9,315,1216,N,True
3,203,315,1216,N,True
3,277,315,1216,N,True
3,252,315,1216,N,True
3,170,323,1216,N,True
3,119,323,1216,N,True
3,67,323,1216,N,True
3,188,323,1216,N,True
3,21,323,1216,N,True
3,290,323,1216,N,True
3,285,323,1216,N,True
3,56,323,1216,N,True
3,322,323,1216,N,True
3,122,323,1216,N,True
3,9,323,1216,N,True
3,277,323,1216,N,True
3,170,85,1216,N,True
3,322,85,1216,N,True
3,9,85,1216,N,True
3,188,85,1216,N,True
3,170,3,1216,N,True
3,67,3,1216,N,True
3,188,3,1216,N,True
3,122,3,1216,N,True
3,9,3,1216,N,True
3,188,291,1216,N,True
3,98,291,1216,N,True
3,199,291,1216,N,True
3,56,291,1216,N,True
3,9,291,1216,N,True
3,113,291,1216,N,True
3,277,291,1216,N,True
3,252,291,1216,N,True
3,119,297,1216,N,True
3,67,297,1216,N,True
3,188,297,1216,N,True
3,261,297,1216,N,True
3,21,297,1216,N,True
3,56,297,1216,N,True
3,322,297,1216,N,True
3,122,297,1216,N,True
3,9,297,1216,N,True
3,203,297,1216,N,True
3,252,297,1216,N,True
3,56,30,1216,N,True
3,9,30,1216,N,True
3,188,30,1216,N,True
3,322,30,1216,N,True
3,9,156,1216,N,True
3,122,156,1216,N,True
3,67,156,1216,N,True
3,188,156,1216,N,True
3,9,258,1216,N,True
3,98,258,1216,N,True
3,188,258,1216,N,True
3,reel41__3,258,1216,N,True
3,170,341,1216,N,True
3,188,341,1216,N,True
3,56,341,1216,N,True
3,322,341,1216,N,True
3,9,341,1216,N,True
3,203,341,1216,N,True
3,119,79,1216,N,True
3,67,79,1216,N,True
3,188,79,1216,N,True
3,9,79,1216,N,True
3,252,79,1216,N,True
3,170,334,1216,N,True
3,67,334,1216,N,True
3,188,334,1216,N,True
3,21,334,1216,N,True
3,56,334,1216,N,True
3,9,334,1216,N,True
3,203,334,1216,N,True
3,123,334,1216,N,True
3,165,334,1216,N,True
3,113,334,1216,N,True
3,277,334,1216,N,True
3,252,334,1216,N,True
3,67,272,1216,N,True
3,188,272,1216,N,True
3,98,272,1216,N,True
3,211,272,1216,N,True
3,21,272,1216,N,True
3,285,272,1216,N,True
3,56,272,1216,N,True
3,122,272,1216,N,True
3,9,272,1216,N,True
3,203,272,1216,N,True
3,277,272,1216,N,True
3,252,272,1216,N,True
3,170,185,1216,N,True
3,119,185,1216,N,True
3,67,185,1216,N,True
3,188,185,1216,N,True
3,290,185,1216,N,True
3,285,185,1216,N,True
3,56,185,1216,N,True
3,322,185,1216,N,True
3,9,185,1216,N,True
3,188,bot2__5,1216,N,True
3,188,bot3__1,1216,N,True
3,188,reel9__6,1216,N,True
3,bot24__6,reel9__6,1216,N,True
3,188,reel22__4,1216,N,True
3,188,bot29__6,1216,N,True
3,reel31__2,reel3__4,1216,N,True
3,reel31__2,reel33__5,1216,N,True
3,170,250,1216,N,True
3,322,250,1216,N,True
3,59,250,1216,N,True
3,252,250,1216,N,True
3,203,reel2__9,1216,N,True
3,59,reel2__9,1216,N,True
3,59,reel5__4,1216,N,True
3,9,reel5__4,1216,N,True
3,59,bot16__6,1216,N,True
3,59,bot28__2,1216,N,True
3,59,reel33__0,1216,N,True
3,59,reel35__4,1216,N,True
3,9,reel18__4,1216,N,True
3,reel41__3,reel18__4,1216,N,True
3,211,103,1216,N,True
3,285,103,1216,N,True
3,56,103,1216,N,True
3,98,103,1216,N,True
3,252,103,1216,N,True
3,199,232,1216,N,True
3,21,232,1216,N,True
3,285,232,1216,N,True
3,56,232,1216,N,True
3,322,232,1216,N,True
3,122,232,1216,N,True
3,9,232,1216,N,True
3,313,146,1216,N,True
3,119,146,1216,N,True
3,285,146,1216,N,True
3,56,60,1216,N,True
3,313,60,1216,N,True
3,285,60,1216,N,True
3,322,60,1216,N,True
3,67,345,1216,N,True
3,261,345,1216,N,True
3,21,345,1216,N,True
3,285,345,1216,N,True
3,322,345,1216,N,True
3,122,345,1216,N,True
3,252,345,1216,N,True
3,56,221,1216,N,True
3,285,221,1216,N,True
3,322,221,1216,N,True
3,67,196,1216,N,True
3,285,196,1216,N,True
3,67,10,1216,N,True
3,285,10,1216,N,True
3,bot8__1,10,1216,N,True
3,bot33__2,10,1216,N,True
3,277,10,1216,N,True
3,170,332,1216,N,True
3,119,332,1216,N,True
3,67,332,1216,N,True
3,98,332,1216,N,True
3,13,332,1216,N,True
3,21,332,1216,N,True
3,285,332,1216,N,True
3,77,332,1216,N,True
3,56,332,1216,N,True
3,122,332,1216,N,True
3,reel58__5,332,1216,N,True
3,203,332,1216,N,True
3,277,332,1216,N,True
3,252,332,1216,N,True
3,113,bot7__8,1216,N,True
3,285,bot7__8,1216,N,True
3,285,reel14__3,1216,N,True
3,285,reel25__4,1216,N,True
3,bot8__1,bot26__7,1216,N,True
3,bot8__1,bot39__6,1216,N,True
3,261,318,1216,N,True
3,123,318,1216,N,True
3,119,318,1216,N,True
3,170,55,1216,N,True
3,67,55,1216,N,True
3,261,55,1216,N,True
3,21,55,1216,N,True
3,56,55,1216,N,True
3,122,55,1216,N,True
3,203,55,1216,N,True
3,123,55,1216,N,True
3,277,55,1216,N,True
3,252,55,1216,N,True
3,123,bot0__5,1216,N,True
3,13,reel13__4,1216,N,True
3,123,reel13__4,1216,N,True
3,337,reel13__4,1216,N,True
3,123,reel15__1,1216,N,True
3,337,reel15__1,1216,N,True
3,123,reel16__7,1216,N,True
3,reel27__8,reel24__7,1216,N,True
3,reel27__8,reel5__9,1216,N,True
3,reel27__8,bot30__2,1216,N,True
3,reel27__8,bot33__1,1216,N,True
3,9,bot33__1,1216,N,True
3,reel27__8,bot38__8,1216,N,True
3,reel27__8,reel50__4,1216,N,True
3,reel27__8,reel51__4,1216,N,True
3,78,reel36__2,1216,N,True
3,78,reel45__9,1216,N,True
3,78,reel48__2,1216,N,True
3,78,reel50__9,1216,N,True
3,13,65,1216,N,True
3,261,65,1216,N,True
3,203,65,1216,N,True
3,314,65,1216,N,True
3,252,65,1216,N,True
3,119,50,1216,N,True
3,314,50,1216,N,True
3,203,50,1216,N,True
3,reel52__9,50,1216,N,True
3,113,50,1216,N,True
3,277,50,1216,N,True
3,67,236,1216,N,True
3,13,236,1216,N,True
3,21,236,1216,N,True
3,322,236,1216,N,True
3,122,236,1216,N,True
3,314,236,1216,N,True
3,252,236,1216,N,True
3,314,bot15__3,1216,N,True
3,167,bot15__3,1216,N,True
3,314,reel51__6,1216,N,True
3,reel13__3,reel2__3,1216,N,True
3,328,reel2__3,1216,N,True
3,reel13__3,reel56__8,1216,N,True
3,203,338,1216,N,True
3,252,338,1216,N,True
3,67,72,1216,N,True
3,199,72,1216,N,True
3,56,72,1216,N,True
3,9,72,1216,N,True
3,165,72,1216,N,True
3,113,72,1216,N,True
3,252,72,1216,N,True
3,67,134,1216,N,True
3,238,134,1216,N,True
3,199,134,1216,N,True
3,21,134,1216,N,True
3,56,134,1216,N,True
3,9,134,1216,N,True
3,203,134,1216,N,True
3,113,134,1216,N,True
3,277,134,1216,N,True
3,252,134,1216,N,True
3,203,29,1216,N,True
3,211,29,1216,N,True
3,252,29,1216,N,True
3,67,212,1216,N,True
3,199,212,1216,N,True
3,21,212,1216,N,True
3,56,212,1216,N,True
3,252,212,1216,N,True
3,119,324,1216,N,True
3,67,324,1216,N,True
3,238,324,1216,N,True
3,199,324,1216,N,True
3,27,324,1216,N,True
3,203,324,1216,N,True
3,277,324,1216,N,True
3,252,324,1216,N,True
3,67,308,1216,N,True
3,21,308,1216,N,True
3,322,308,1216,N,True
3,203,308,1216,N,True
3,277,308,1216,N,True
3,252,308,1216,N,True
3,67,66,1216,N,True
3,21,66,1216,N,True
3,56,66,1216,N,True
3,122,66,1216,N,True
3,9,66,1216,N,True
3,113,66,1216,N,True
3,252,66,1216,N,True
3,67,31,1216,N,True
3,21,31,1216,N,True
3,122,31,1216,N,True
3,277,31,1216,N,True
3,252,31,1216,N,True
3,67,169,1216,N,True
3,21,169,1216,N,True
3,56,169,1216,N,True
3,322,169,1216,N,True
3,122,169,1216,N,True
3,9,169,1216,N,True
3,165,169,1216,N,True
3,113,169,1216,N,True
3,277,169,1216,N,True
3,252,169,1216,N,True
3,252,reel4__3,1216,N,True
3,195,reel8__5,1216,N,True
3,195,reel12__6,1216,N,True
3,195,reel30__7,1216,N,True
3,67,69,1216,N,True
3,9,69,1216,N,True
3,322,45,1216,N,True
3,122,45,1216,N,True
3,67,45,1216,N,True
3,122,344,1216,N,True
3,67,344,1216,N,True
3,reel21__4,344,1216,N,True
3,67,bot3__8,1216,N,True
3,67,reel9__9,1216,N,True
3,67,reel21__8,1216,N,True
3,67,reel23__7,1216,N,True
3,67,reel46__7,1216,N,True
3,290,reel46__7,1216,N,True
3,67,bot48__0,1216,N,True
3,reel0__9,reel8__4,1216,N,True
3,reel0__9,reel18__8,1216,N,True
3,313,54,1216,N,True
3,119,54,1216,N,True
3,27,54,1216,N,True
3,322,339,1216,N,True
3,313,339,1216,N,True
3,119,339,1216,N,True
3,277,339,1216,N,True
3,313,84,1216,N,True
3,265,84,1216,N,True
3,313,bot1__7,1216,N,True
3,313,reel3__0,1216,N,True
3,203,270,1216,N,True
3,119,331,1216,N,True
3,211,331,1216,N,True
3,56,331,1216,N,True
3,203,331,1216,N,True
3,265,331,1216,N,True
3,bot3__2,331,1216,N,True
3,98,331,1216,N,True
3,203,48,1216,N,True
3,322,48,1216,N,True
3,119,48,1216,N,True
3,199,48,1216,N,True
3,203,reel23__0,1216,N,True
3,203,bot42__5,1216,N,True
3,9,105,1216,N,True
3,119,105,1216,N,True
3,21,105,1216,N,True
3,277,105,1216,N,True
3,277,57,1216,N,True
3,277,175,1216,N,True
3,277,22,1216,N,True
3,277,120,1216,N,True
3,21,159,1216,N,True
3,277,159,1216,N,True
3,77,294,1216,N,True
3,277,294,1216,N,True
3,277,168,1216,N,True
3,322,130,1216,N,True
3,277,130,1216,N,True
3,277,reel2__1,1216,N,True
3,277,bot7__1,1216,N,True
3,277,reel19__5,1216,N,True
3,290,bot44__5,1216,N,True
3,290,reel57__8,1216,N,True
3,199,288,1216,N,True
3,199,bot14__9,1216,N,True
3,199,reel14__6,1216,N,True
3,167,reel14__6,1216,N,True
3,199,reel20__9,1216,N,True
3,199,reel31__1,1216,N,True
3,77,reel17__1,1216,N,True
3,77,bot57__4,1216,N,True
3,56,207,1216,N,True
3,322,207,1216,N,True
3,56,bot1__4,1216,N,True
3,56,bot13__4,1216,N,True
3,56,bot19__6,1216,N,True
3,56,bot27__6,1216,N,True
3,273,reel0__0,1216,N,True
3,273,bot60__2,1216,N,True
3,122,5,1216,N,True
3,21,284,1216,N,True
3,122,284,1216,N,True
3,36,284,1216,N,True
3,122,235,1216,N,True
3,21,235,1216,N,True
3,21,251,1216,N,True
3,122,251,1216,N,True
3,36,251,1216,N,True
3,21,281,1216,N,True
3,122,281,1216,N,True
3,36,281,1216,N,True
3,122,bot22__2,1216,N,True
3,122,bot25__5,1216,N,True
3,122,reel36__7,1216,N,True
3,113,reel36__7,1216,N,True
3,122,bot42__1,1216,N,True
3,322,53,1216,N,True
3,322,1,1216,N,True
3,119,1,1216,N,True
3,322,126,1216,N,True
3,322,178,1216,N,True
3,322,329,1216,N,True
3,27,329,1216,N,True
3,119,329,1216,N,True
3,9,329,1216,N,True
3,322,87,1216,N,True
3,170,260,1216,N,True
3,322,260,1216,N,True
3,322,38,1216,N,True
3,322,reel6__9,1216,N,True
3,322,bot9__8,1216,N,True
3,322,bot17__2,1216,N,True
3,36,135,1216,N,True
3,36,320,1216,N,True
3,reel21__4,320,1216,N,True
3,21,127,1216,N,True
3,36,127,1216,N,True
3,21,197,1216,N,True
3,36,197,1216,N,True
3,21,108,1216,N,True
3,36,108,1216,N,True
3,36,bot3__4,1216,N,True
3,218,bot3__4,1216,N,True
3,36,bot6__8,1216,N,True
3,36,reel30__4,1216,N,True
3,36,bot36__3,1216,N,True
3,36,bot60__8,1216,N,True
3,265,reel1__2,1216,N,True
3,265,reel3__7,1216,N,True
3,265,reel22__8,1216,N,True
3,265,reel23__9,1216,N,True
3,265,reel28__8,1216,N,True
3,265,reel58__7,1216,N,True
3,reel21__4,bot46__8,1216,N,True
3,218,reel24__1,1216,N,True
3,218,bot26__1,1216,N,True
3,218,bot56__7,1216,N,True
3,170,124,1216,N,True
3,170,reel24__6,1216,N,True
3,170,reel37__4,1216,N,True
3,170,bot45__5,1216,N,True
3,170,reel55__6,1216,N,True
3,337,bot9__3,1216,N,True
3,337,bot14__5,1216,N,True
3,119,reel24__9,1216,N,True
3,337,reel24__9,1216,N,True
3,337,bot31__5,1216,N,True
3,337,reel34__5,1216,N,True
3,4,reel12__5,1216,N,True
3,119,171,1216,N,True
3,119,217,1216,N,True
3,119,125,1216,N,True
3,119,269,1216,N,True
3,119,64,1216,N,True
3,119,150,1216,N,True
3,119,229,1216,N,True
3,119,100,1216,N,True
3,119,bot17__1,1216,N,True
3,119,bot20__4,1216,N,True
3,119,reel26__7,1216,N,True
3,119,reel39__6,1216,N,True
3,119,reel50__3,1216,N,True
3,13,bot5__7,1216,N,True
3,13,reel24__2,1216,N,True
3,13,reel34__7,1216,N,True
3,261,bot7__7,1216,N,True
3,275,bot7__7,1216,N,True
3,261,reel8__2,1216,N,True
3,261,bot10__9,1216,N,True
3,113,121,1216,N,True
3,165,121,1216,N,True
3,21,121,1216,N,True
3,21,reel8__3,1216,N,True
3,21,reel46__4,1216,N,True
3,328,bot1__5,1216,N,True
3,328,reel3__2,1216,N,True
3,328,bot6__0,1216,N,True
3,328,bot6__2,1216,N,True
3,328,bot24__0,1216,N,True
3,328,reel27__9,1216,N,True
3,328,reel39__0,1216,N,True
3,328,reel47__4,1216,N,True
3,328,reel48__0,1216,N,True
3,113,reel19__4,1216,N,True
3,reel58__5,reel19__4,1216,N,True
3,bot24__6,255,1216,N,True
3,bot52__0,bot49__9,1216,N,True
3,reel17__9,reel27__2,1216,N,True
3,reel52__9,reel9__2,1216,N,True
3,reel35__2,116,1216,N,True
3,reel35__2,bot38__5,1216,N,True
3,reel35__2,bot42__6,1216,N,True
3,reel35__2,reel43__9,1216,N,True
3,238,106,1216,N,True
3,238,reel11__4,1216,N,True
3,238,reel25__2,1216,N,True
3,238,bot27__3,1216,N,True
3,238,bot31__7,1216,N,True
3,238,bot38__4,1216,N,True
3,238,bot40__9,1216,N,True
3,238,bot55__4,1216,N,True
3,reel59__2,89,1216,N,True
3,211,bot8__5,1216,N,True
3,211,bot34__5,1216,N,True
3,211,reel43__0,1216,N,True
3,211,reel54__9,1216,N,True
3,275,bot25__6,1216,N,True
3,275,reel57__4,1216,N,True
3,bot46__9,bot29__5,1216,N,True
3,bot46__9,bot37__1,1216,N,True
3,27,bot9__7,1216,N,True
3,27,reel10__5,1216,N,True
3,27,reel21__0,1216,N,True
3,27,bot31__3,1216,N,True
3,27,bot36__2,1216,N,True
3,9,295,1216,N,True
3,181,bot0__6,1216,N,True
3,181,bot4__0,1216,N,True
3,181,reel14__4,1216,N,True
3,181,reel14__8,1216,N,True
3,181,bot46__7,1216,N,True
3,bot4__8,97,1216,N,True
3,bot4__8,bot2__2,1216,N,True
3,bot4__8,bot11__4,1216,N,True
3,bot4__8,bot60__7,1216,N,True
3,98,bot33__7,1216,N,True
3,98,reel42__2,1216,N,True
3,98,reel56__4,1216,N,True
3,167,reel23__5,1216,N,True
3,167,bot29__4,1216,N,True
3,167,bot58__8,1216,N,True
3,167,reel58__4,1216,N,True
3,263,reel6__3,1217,N,True
3,51,reel6__3,1217,N,True
3,174,reel6__3,1217,N,True
3,283,reel29__4,1217,N,True
3,51,reel29__4,1217,N,True
3,31,reel35__6,1217,N,True
3,51,reel35__6,1217,N,True
3,170,bot45__5,1217,N,True
3,51,bot45__5,1217,N,True
3,2,reel53__0,1217,N,True
3,51,reel53__0,1217,N,True
3,131,reel53__0,1217,N,True
3,135,bot43__2,1217,N,True
3,340,bot4__5,1217,N,True
3,340,bot21__3,1217,N,True
3,164,bot21__3,1217,N,True
3,20,reel21__2,1217,N,True
3,340,reel21__2,1217,N,True
3,340,reel37__9,1217,N,True
3,bot8__8,bot7__0,1217,N,True
3,203,reel2__9,1217,N,True
3,40,reel2__9,1217,N,True
3,59,reel2__9,1217,N,True
3,112,reel4__1,1217,N,True
3,59,reel4__1,1217,N,True
3,224,bot16__6,1217,N,True
3,59,bot16__6,1217,N,True
3,59,bot24__2,1217,N,True
3,59,bot28__2,1217,N,True
3,231,bot28__2,1217,N,True
3,171,bot30__0,1217,N,True
3,332,bot30__0,1217,N,True
3,332,reel50__7,1217,N,True
3,49,reel58__3,1217,N,True
3,332,reel58__3,1217,N,True
3,104,reel0__5,1217,N,True
3,141,reel0__5,1217,N,True
3,141,bot14__2,1217,N,True
3,216,reel20__4,1217,N,True
3,45,reel20__4,1217,N,True
3,141,reel20__4,1217,N,True
3,reel12__6,bot21__7,1217,N,True
3,341,bot21__7,1217,N,True
3,141,bot21__7,1217,N,True
3,141,bot31__2,1217,N,True
3,329,reel39__2,1217,N,True
3,141,reel39__2,1217,N,True
3,316,reel17__1,1217,N,True
3,274,bot0__0,1217,N,True
3,283,bot0__0,1217,N,True
3,73,bot0__0,1217,N,True
3,283,bot6__8,1217,N,True
3,36,bot6__8,1217,N,True
3,283,reel14__5,1217,N,True
3,283,bot18__9,1217,N,True
3,123,reel16__7,1217,N,True
3,239,reel16__7,1217,N,True
3,reel59__7,reel16__7,1217,N,True
3,reel29__9,reel38__3,1217,N,True
3,reel29__9,bot43__7,1217,N,True
3,63,reel14__1,1217,N,True
3,260,reel14__1,1217,N,True
3,44,reel15__6,1217,N,True
3,58,reel15__6,1217,N,True
3,260,reel15__6,1217,N,True
3,224,bot17__5,1217,N,True
3,260,bot17__5,1217,N,True
3,260,bot32__6,1217,N,True
3,263,reel7__9,1217,N,True
3,194,reel7__9,1217,N,True
3,reel31__9,reel15__4,1217,N,True
3,124,reel15__4,1217,N,True
3,194,reel15__4,1217,N,True
3,126,bot21__8,1217,N,True
3,194,bot21__8,1217,N,True
3,194,bot25__3,1217,N,True
3,122,bot42__1,1217,N,True
3,194,bot42__1,1217,N,True
3,149,bot12__1,1217,N,True
3,104,bot12__1,1217,N,True
3,149,reel34__8,1217,N,True
3,154,reel34__8,1217,N,True
3,203,bot42__5,1217,N,True
3,149,bot42__5,1217,N,True
3,212,reel1__6,1217,N,True
3,reel14__8,reel19__9,1217,N,True
3,226,reel19__9,1217,N,True
3,212,reel19__9,1217,N,True
3,193,reel36__8,1217,N,True
3,288,bot1__7,1217,N,True
3,73,bot1__7,1217,N,True
3,288,bot24__9,1217,N,True
3,71,reel53__5,1217,N,True
3,288,reel53__5,1217,N,True
3,129,bot6__7,1217,N,True
3,219,bot6__7,1217,N,True
3,307,bot6__7,1217,N,True
3,129,reel6__1,1217,N,True
3,91,reel6__1,1217,N,True
3,129,reel24__6,1217,N,True
3,170,reel24__6,1217,N,True
3,129,reel49__1,1217,N,True
3,244,reel49__1,1217,N,True
3,129,reel55__5,1217,N,True
3,305,reel55__5,1217,N,True
3,145,reel55__5,1217,N,True
3,39,reel1__4,1217,N,True
3,236,reel1__4,1217,N,True
3,6,bot12__7,1217,N,True
3,236,bot12__7,1217,N,True
3,236,reel39__4,1217,N,True
3,236,bot40__7,1217,N,True
3,120,bot40__7,1217,N,True
3,236,reel45__1,1217,N,True
3,reel0__3,reel19__4,1217,N,True
3,bot23__2,reel19__4,1217,N,True
3,113,reel19__4,1217,N,True
3,103,reel5__9,1217,N,True
3,bot23__2,reel5__9,1217,N,True
3,30,reel5__9,1217,N,True
3,bot23__2,bot54__1,1217,N,True
3,199,bot2__0,1217,N,True
3,bot8__1,bot2__0,1217,N,True
3,221,reel12__9,1217,N,True
3,199,reel12__9,1217,N,True
3,158,reel12__9,1217,N,True
3,6,reel14__6,1217,N,True
3,199,reel14__6,1217,N,True
3,167,reel14__6,1217,N,True
3,199,reel20__9,1217,N,True
3,199,reel31__1,1217,N,True
3,22,reel31__1,1217,N,True
3,224,reel34__3,1217,N,True
3,189,reel34__3,1217,N,True
3,250,reel34__3,1217,N,True
3,280,bot44__1,1217,N,True
3,250,bot44__1,1217,N,True
3,250,bot45__2,1217,N,True
3,30,bot0__2,1217,N,True
3,94,bot0__2,1217,N,True
3,94,bot50__5,1217,N,True
3,94,reel57__5,1217,N,True
3,339,reel57__5,1217,N,True
3,226,bot2__4,1217,N,True
3,48,bot2__4,1217,N,True
3,280,reel6__8,1217,N,True
3,64,reel6__8,1217,N,True
3,123,reel6__8,1217,N,True
3,280,reel16__0,1217,N,True
3,200,reel16__0,1217,N,True
3,142,reel16__0,1217,N,True
3,322,reel1__0,1217,N,True
3,241,reel1__0,1217,N,True
3,3,reel1__0,1217,N,True
3,322,bot4__3,1217,N,True
3,64,bot4__3,1217,N,True
3,324,bot4__3,1217,N,True
3,322,reel6__9,1217,N,True
3,73,reel6__9,1217,N,True
3,322,bot9__8,1217,N,True
3,322,reel15__9,1217,N,True
3,121,reel15__9,1217,N,True
3,71,reel15__9,1217,N,True
3,322,bot17__2,1217,N,True
3,40,reel33__6,1217,N,True
3,5,reel33__6,1217,N,True
3,40,reel34__0,1217,N,True
3,40,bot35__7,1217,N,True
3,81,bot25__5,1217,N,True
3,122,bot25__5,1217,N,True
3,85,reel3__7,1217,N,True
3,85,reel39__8,1217,N,True
3,85,reel56__4,1217,N,True
3,98,reel56__4,1217,N,True
3,85,reel56__5,1217,N,True
3,85,bot59__4,1217,N,True
3,309,reel3__8,1217,N,True
3,309,bot19__5,1217,N,True
3,245,bot19__5,1217,N,True
3,309,bot22__7,1217,N,True
3,286,bot22__7,1217,N,True
3,144,reel48__5,1217,N,True
3,309,reel48__5,1217,N,True
3,179,reel48__5,1217,N,True
3,reel45__9,reel36__3,1217,N,True
3,reel14__4,reel12__0,1217,N,True
3,112,reel12__0,1217,N,True
3,112,reel14__9,1217,N,True
3,112,reel18__0,1217,N,True
3,112,reel37__6,1217,N,True
3,302,reel0__1,1217,N,True
3,reel42__8,reel0__1,1217,N,True
3,reel27__1,reel0__1,1217,N,True
3,42,reel0__1,1217,N,True
3,39,reel0__1,1217,N,True
3,39,bot14__6,1217,N,True
3,39,reel48__1,1217,N,True
3,241,bot13__0,1217,N,True
3,175,reel59__0,1217,N,True
3,241,reel59__0,1217,N,True
3,331,reel3__4,1217,N,True
3,121,reel3__4,1217,N,True
3,83,reel3__4,1217,N,True
3,121,reel13__7,1217,N,True
3,159,reel13__7,1217,N,True
3,104,reel13__7,1217,N,True
3,121,bot18__6,1217,N,True
3,38,bot18__6,1217,N,True
3,268,reel27__7,1217,N,True
3,268,reel28__0,1217,N,True
3,2,reel11__3,1217,N,True
3,164,reel11__3,1217,N,True
3,164,reel34__9,1217,N,True
3,35,reel54__8,1217,N,True
3,164,reel54__8,1217,N,True
3,172,bot8__9,1217,N,True
3,267,bot8__9,1217,N,True
3,267,bot22__8,1217,N,True
3,104,bot22__8,1217,N,True
3,reel24__4,reel5__7,1217,N,True
3,168,reel5__7,1217,N,True
3,325,reel5__7,1217,N,True
3,134,reel5__3,1217,N,True
3,258,reel5__3,1217,N,True
3,337,reel15__1,1217,N,True
3,258,reel15__1,1217,N,True
3,123,reel15__1,1217,N,True
3,311,bot18__1,1217,N,True
3,258,bot18__1,1217,N,True
3,258,bot24__8,1217,N,True
3,258,reel41__3,1217,N,True
3,32,reel41__3,1217,N,True
3,307,bot0__4,1217,N,True
3,132,bot0__4,1217,N,True
3,301,bot0__4,1217,N,True
3,239,reel20__1,1217,N,True
3,301,reel20__1,1217,N,True
3,301,reel23__8,1217,N,True
3,301,bot35__1,1217,N,True
3,301,reel47__8,1217,N,True
3,reel17__5,reel10__2,1217,N,True
3,295,reel10__2,1217,N,True
3,30,reel10__2,1217,N,True
3,reel17__5,bot41__5,1217,N,True
3,263,reel23__5,1217,N,True
3,167,reel23__5,1217,N,True
3,263,bot38__9,1217,N,True
3,263,bot43__0,1217,N,True
3,232,bot43__0,1217,N,True
3,261,reel2__7,1217,N,True
3,190,reel2__7,1217,N,True
3,bot5__0,bot10__9,1217,N,True
3,261,bot10__9,1217,N,True
3,232,bot10__9,1217,N,True
3,261,reel32__6,1217,N,True
3,262,reel32__6,1217,N,True
3,305,bot0__3,1217,N,True
3,176,bot0__3,1217,N,True
3,159,bot0__3,1217,N,True
3,111,reel1__7,1217,N,True
3,159,reel1__7,1217,N,True
3,159,bot9__4,1217,N,True
3,159,reel20__2,1217,N,True
3,159,reel29__7,1217,N,True
3,104,reel29__7,1217,N,True
3,159,reel32__0,1217,N,True
3,203,reel23__0,1217,N,True
3,185,reel23__0,1217,N,True
3,312,reel38__2,1217,N,True
3,185,reel38__2,1217,N,True
3,42,reel58__9,1217,N,True
3,185,reel58__9,1217,N,True
3,44,reel28__8,1217,N,True
3,22,reel28__8,1217,N,True
3,44,bot42__0,1217,N,True
3,262,bot42__0,1217,N,True
3,reel7__2,bot18__7,1217,N,True
3,254,bot18__7,1217,N,True
3,reel7__2,bot19__8,1217,N,True
3,reel7__2,reel26__5,1217,N,True
3,30,reel26__5,1217,N,True
3,232,reel26__5,1217,N,True
3,reel7__2,reel39__6,1217,N,True
3,317,reel39__6,1217,N,True
3,reel7__2,reel53__7,1217,N,True
3,171,reel0__4,1217,N,True
3,336,reel0__4,1217,N,True
3,151,reel0__4,1217,N,True
3,336,reel7__1,1217,N,True
3,324,reel7__1,1217,N,True
3,6,bot10__5,1217,N,True
3,336,bot10__5,1217,N,True
3,245,bot18__2,1217,N,True
3,140,bot18__2,1217,N,True
3,245,bot49__9,1217,N,True
3,296,reel11__4,1217,N,True
3,238,reel11__4,1217,N,True
3,238,reel25__2,1217,N,True
3,reel0__8,reel25__2,1217,N,True
3,238,bot27__3,1217,N,True
3,238,bot31__7,1217,N,True
3,238,bot38__4,1217,N,True
3,238,bot55__4,1217,N,True
3,150,bot7__4,1217,N,True
3,bot32__3,bot7__4,1217,N,True
3,92,bot7__4,1217,N,True
3,reel0__8,bot7__4,1217,N,True
3,66,reel21__5,1217,N,True
3,92,reel21__5,1217,N,True
3,92,reel22__3,1217,N,True
3,255,reel22__3,1217,N,True
3,92,reel41__1,1217,N,True
3,29,bot9__7,1217,N,True
3,29,bot51__0,1217,N,True
3,29,reel59__8,1217,N,True
3,219,bot13__1,1217,N,True
3,240,bot13__1,1217,N,True
3,172,bot13__1,1217,N,True
3,240,reel38__8,1217,N,True
3,341,reel22__0,1217,N,True
3,13,bot42__2,1217,N,True
3,341,bot42__2,1217,N,True
3,341,reel59__4,1217,N,True
3,304,bot21__6,1217,N,True
3,304,reel34__1,1217,N,True
3,16,reel34__6,1217,N,True
3,16,reel45__7,1217,N,True
3,171,reel50__8,1217,N,True
3,16,reel50__8,1217,N,True
3,63,bot7__2,1217,N,True
3,103,bot7__2,1217,N,True
3,2,bot7__2,1217,N,True
3,63,bot15__3,1217,N,True
3,167,bot15__3,1217,N,True
3,111,reel6__2,1217,N,True
3,5,reel6__2,1217,N,True
3,5,reel26__2,1217,N,True
3,5,bot56__3,1217,N,True
3,246,reel13__0,1217,N,True
3,99,reel13__0,1217,N,True
3,99,reel13__5,1217,N,True
3,189,reel30__5,1217,N,True
3,213,reel30__5,1217,N,True
3,189,bot38__6,1217,N,True
3,189,bot56__2,1217,N,True
3,reel30__7,reel4__8,1217,N,True
3,bot26__8,bot38__0,1217,N,True
3,bot26__8,bot49__7,1217,N,True
3,321,bot0__5,1217,N,True
3,123,bot0__5,1217,N,True
3,232,bot0__5,1217,N,True
3,307,reel38__6,1217,N,True
3,232,reel38__6,1217,N,True
3,reel35__5,reel11__6,1217,N,True
3,330,reel11__6,1217,N,True
3,69,reel11__6,1217,N,True
3,330,reel32__7,1217,N,True
3,208,reel32__7,1217,N,True
3,8,bot4__9,1217,N,True
3,34,bot4__9,1217,N,True
3,282,bot4__9,1217,N,True
3,8,reel4__5,1217,N,True
3,289,reel4__5,1217,N,True
3,8,reel21__7,1217,N,True
3,254,reel21__7,1217,N,True
3,reel20__8,reel21__7,1217,N,True
3,8,reel30__9,1217,N,True
3,8,bot37__2,1217,N,True
3,8,bot57__5,1217,N,True
3,52,bot3__3,1217,N,True
3,182,bot3__3,1217,N,True
3,reel0__8,bot3__3,1217,N,True
3,231,reel0__6,1217,N,True
3,158,reel0__6,1217,N,True
3,41,reel20__3,1217,N,True
3,158,reel20__3,1217,N,True
3,158,bot36__5,1217,N,True
3,55,bot34__1,1217,N,True
3,bot41__0,bot34__1,1217,N,True
3,203,bot28__3,1217,N,True
3,38,reel12__3,1217,N,True
3,38,bot20__4,1217,N,True
3,302,reel19__5,1217,N,True
3,277,reel19__5,1217,N,True
3,257,reel28__5,1217,N,True
3,302,reel28__5,1217,N,True
3,302,reel30__0,1217,N,True
3,reel36__2,reel30__0,1217,N,True
3,302,reel42__3,1217,N,True
3,58,reel20__7,1217,N,True
3,320,reel20__7,1217,N,True
3,58,reel26__7,1217,N,True
3,58,reel32__9,1217,N,True
3,reel13__3,reel32__9,1217,N,True
3,58,bot60__9,1217,N,True
3,296,reel2__1,1217,N,True
3,277,reel2__1,1217,N,True
3,256,bot7__1,1217,N,True
3,277,bot7__1,1217,N,True
3,bot2__7,bot13__8,1217,N,True
3,167,bot13__8,1217,N,True
3,167,reel19__0,1217,N,True
3,167,bot29__4,1217,N,True
3,134,bot58__8,1217,N,True
3,167,bot58__8,1217,N,True
3,167,reel58__4,1217,N,True
3,174,reel7__8,1217,N,True
3,174,reel8__1,1217,N,True
3,17,reel8__1,1217,N,True
3,247,reel8__1,1217,N,True
3,93,reel7__7,1217,N,True
3,266,reel7__7,1217,N,True
3,191,bot6__4,1217,N,True
3,10,bot6__4,1217,N,True
3,191,bot52__4,1217,N,True
3,reel7__6,reel57__7,1217,N,True
3,239,reel57__7,1217,N,True
3,239,bot60__0,1217,N,True
3,61,reel2__2,1217,N,True
3,reel29__1,reel2__2,1217,N,True
3,reel14__8,bot25__9,1217,N,True
3,80,bot25__9,1217,N,True
3,reel14__8,reel39__5,1217,N,True
3,224,reel39__5,1217,N,True
3,reel14__8,bot54__0,1217,N,True
3,257,reel3__1,1217,N,True
3,300,reel3__1,1217,N,True
3,88,reel3__1,1217,N,True
3,41,bot1__3,1217,N,True
3,1,bot1__3,1217,N,True
3,28,bot1__3,1217,N,True
3,257,reel25__7,1217,N,True
3,1,reel25__7,1217,N,True
3,1,bot26__2,1217,N,True
3,1,reel46__2,1217,N,True
3,1,bot52__7,1217,N,True
3,reel59__5,reel41__6,1217,N,True
3,118,reel17__6,1217,N,True
3,118,reel46__3,1217,N,True
3,80,reel4__9,1217,N,True
3,242,reel4__9,1217,N,True
3,242,bot36__1,1217,N,True
3,242,reel49__5,1217,N,True
3,104,reel49__5,1217,N,True
3,318,bot0__7,1217,N,True
3,88,reel0__2,1217,N,True
3,318,reel0__2,1217,N,True
3,214,reel0__2,1217,N,True
3,108,bot1__9,1217,N,True
3,318,bot1__9,1217,N,True
3,318,bot12__2,1217,N,True
3,318,reel19__2,1217,N,True
3,318,reel24__0,1217,N,True
3,80,reel24__0,1217,N,True
3,55,bot45__1,1217,N,True
3,318,bot45__1,1217,N,True
3,318,bot52__6,1217,N,True
3,318,reel54__4,1217,N,True
3,reel27__1,reel54__4,1217,N,True
3,151,bot43__4,1217,N,True
3,55,bot35__5,1217,N,True
3,55,reel54__1,1217,N,True
3,323,reel54__1,1217,N,True
3,187,reel42__4,1217,N,True
3,282,reel42__4,1217,N,True
3,337,reel2__6,1217,N,True
3,190,reel2__6,1217,N,True
3,257,bot11__1,1217,N,True
3,190,bot11__1,1217,N,True
3,190,bot35__6,1217,N,True
3,190,reel41__7,1217,N,True
3,97,bot4__8,1217,N,True
3,342,bot4__8,1217,N,True
3,342,reel17__9,1217,N,True
3,255,bot24__6,1217,N,True
3,342,bot24__6,1217,N,True
3,bot53__7,bot0__8,1217,N,True
3,176,bot0__8,1217,N,True
3,115,bot26__3,1217,N,True
3,312,bot10__0,1217,N,True
3,278,bot10__0,1217,N,True
3,71,bot24__4,1217,N,True
3,278,bot24__4,1217,N,True
3,337,reel24__9,1217,N,True
3,278,reel24__9,1217,N,True
3,219,bot8__0,1217,N,True
3,131,bot8__0,1217,N,True
3,327,bot16__9,1217,N,True
3,80,bot16__9,1217,N,True
3,131,bot16__9,1217,N,True
3,131,reel16__8,1217,N,True
3,131,bot42__9,1217,N,True
3,131,bot50__0,1217,N,True
3,295,reel33__4,1217,N,True
3,216,reel27__2,1217,N,True
3,reel37__1,reel27__2,1217,N,True
3,276,reel27__2,1217,N,True
3,reel37__1,bot57__1,1217,N,True
3,262,reel3__6,1217,N,True
3,28,reel3__6,1217,N,True
3,172,reel3__6,1217,N,True
3,28,reel32__2,1217,N,True
3,147,reel32__2,1217,N,True
3,28,bot33__3,1217,N,True
3,97,bot3__6,1217,N,True
3,196,reel9__1,1217,N,True
3,97,reel9__1,1217,N,True
3,10,reel9__1,1217,N,True
3,97,bot21__4,1217,N,True
3,126,bot23__5,1217,N,True
3,97,bot23__5,1217,N,True
3,305,reel23__2,1217,N,True
3,97,reel23__2,1217,N,True
3,97,bot32__9,1217,N,True
3,10,bot27__5,1217,N,True
3,reel20__8,bot27__5,1217,N,True
3,132,bot39__4,1217,N,True
3,reel20__8,bot39__4,1217,N,True
3,reel20__8,bot60__1,1217,N,True
3,bot5__0,bot17__3,1217,N,True
3,229,reel9__4,1217,N,True
3,145,reel9__4,1217,N,True
3,229,bot41__3,1217,N,True
3,116,reel5__8,1217,N,True
3,254,reel5__8,1217,N,True
3,168,reel5__8,1217,N,True
3,254,bot31__0,1217,N,True
3,134,reel40__4,1217,N,True
3,254,reel40__4,1217,N,True
3,98,reel40__4,1217,N,True
3,254,reel45__6,1217,N,True
3,254,bot60__5,1217,N,True
3,155,bot32__8,1217,N,True
3,142,bot32__8,1217,N,True
3,269,reel33__9,1217,N,True
3,142,reel33__9,1217,N,True
3,213,reel33__9,1217,N,True
3,142,reel40__5,1217,N,True
3,274,reel43__4,1217,N,True
3,142,reel43__4,1217,N,True
3,reel27__1,reel32__5,1217,N,True
3,276,reel7__0,1217,N,True
3,3,reel7__0,1217,N,True
3,106,reel12__8,1217,N,True
3,3,reel12__8,1217,N,True
3,3,bot17__9,1217,N,True
3,61,reel20__5,1217,N,True
3,3,reel20__5,1217,N,True
3,3,bot37__1,1217,N,True
3,3,reel49__3,1217,N,True
3,200,bot8__6,1217,N,True
3,323,bot8__6,1217,N,True
3,41,reel9__7,1217,N,True
3,323,reel9__7,1217,N,True
3,323,bot21__1,1217,N,True
3,325,bot55__7,1217,N,True
3,323,bot55__7,1217,N,True
3,183,reel19__3,1217,N,True
3,133,reel19__3,1217,N,True
3,307,reel19__3,1217,N,True
3,183,bot30__9,1217,N,True
3,183,bot36__9,1217,N,True
3,169,reel48__9,1217,N,True
3,184,reel29__3,1217,N,True
3,184,bot43__9,1217,N,True
3,184,bot50__9,1217,N,True
3,312,bot3__4,1217,N,True
3,36,bot3__4,1217,N,True
3,312,bot10__4,1217,N,True
3,reel0__3,bot10__4,1217,N,True
3,312,bot10__8,1217,N,True
3,312,reel10__6,1217,N,True
3,202,reel10__6,1217,N,True
3,143,reel10__6,1217,N,True
3,312,reel35__9,1217,N,True
3,36,reel35__9,1217,N,True
3,312,reel37__2,1217,N,True
3,187,bot10__3,1217,N,True
3,2,bot10__3,1217,N,True
3,187,reel26__6,1217,N,True
3,152,reel26__6,1217,N,True
3,294,reel26__6,1217,N,True
3,187,reel40__1,1217,N,True
3,207,reel40__1,1217,N,True
3,187,bot45__9,1217,N,True
3,200,bot8__5,1217,N,True
3,211,bot8__5,1217,N,True
3,162,bot8__5,1217,N,True
3,200,reel18__6,1217,N,True
3,71,reel18__6,1217,N,True
3,200,bot20__9,1217,N,True
3,200,reel25__3,1217,N,True
3,106,reel25__3,1217,N,True
3,200,bot45__0,1217,N,True
3,170,reel55__6,1217,N,True
3,200,reel55__6,1217,N,True
3,200,bot58__6,1217,N,True
3,251,reel55__1,1217,N,True
3,225,reel55__1,1217,N,True
3,331,bot12__9,1217,N,True
3,331,reel59__9,1217,N,True
3,152,reel36__1,1217,N,True
3,305,reel9__3,1217,N,True
3,197,reel9__3,1217,N,True
3,2,reel9__3,1217,N,True
3,305,reel55__8,1217,N,True
3,256,bot22__0,1217,N,True
3,311,bot29__8,1217,N,True
3,256,bot29__8,1217,N,True
3,256,reel49__9,1217,N,True
3,256,reel57__1,1217,N,True
3,13,reel6__0,1217,N,True
3,147,reel6__0,1217,N,True
3,13,reel24__2,1217,N,True
3,45,reel24__2,1217,N,True
3,13,reel34__7,1217,N,True
3,244,reel34__7,1217,N,True
3,reel0__3,bot1__6,1217,N,True
3,82,bot1__6,1217,N,True
3,150,bot1__6,1217,N,True
3,reel0__3,bot7__6,1217,N,True
3,82,bot7__6,1217,N,True
3,110,bot7__6,1217,N,True
3,reel0__3,bot22__3,1217,N,True
3,reel0__3,reel48__7,1217,N,True
3,202,bot5__1,1217,N,True
3,276,bot5__1,1217,N,True
3,45,bot5__1,1217,N,True
3,134,reel15__2,1217,N,True
3,bot54__6,reel15__2,1217,N,True
3,70,bot36__0,1217,N,True
3,113,bot7__8,1217,N,True
3,285,bot7__8,1217,N,True
3,17,bot7__3,1217,N,True
3,110,bot7__3,1217,N,True
3,132,bot7__3,1217,N,True
3,reel29__6,reel24__5,1217,N,True
3,148,reel24__5,1217,N,True
3,251,reel24__5,1217,N,True
3,132,reel24__5,1217,N,True
3,52,reel38__5,1217,N,True
3,132,reel38__5,1217,N,True
3,132,reel40__0,1217,N,True
3,132,bot51__9,1217,N,True
3,bot1__1,bot9__1,1217,N,True
3,bot1__1,bot46__1,1217,N,True
3,125,reel27__6,1217,N,True
3,81,reel27__6,1217,N,True
3,104,reel27__6,1217,N,True
3,125,reel45__2,1217,N,True
3,23,bot19__4,1217,N,True
3,211,bot34__5,1217,N,True
3,82,bot34__5,1217,N,True
3,82,reel42__1,1217,N,True
3,82,bot53__4,1217,N,True
3,52,bot53__4,1217,N,True
3,337,bot9__3,1217,N,True
3,80,bot9__3,1217,N,True
3,80,reel22__8,1217,N,True
3,80,reel39__3,1217,N,True
3,168,reel39__3,1217,N,True
3,80,reel40__8,1217,N,True
3,143,reel40__8,1217,N,True
3,186,bot5__4,1217,N,True
3,172,bot5__4,1217,N,True
3,61,bot24__5,1217,N,True
3,61,reel33__3,1217,N,True
3,61,bot41__7,1217,N,True
3,175,reel11__5,1217,N,True
3,221,reel11__5,1217,N,True
3,175,reel38__4,1217,N,True
3,bot25__6,bot19__7,1217,N,True
3,bot25__6,bot30__7,1217,N,True
3,197,bot30__7,1217,N,True
3,251,reel10__3,1217,N,True
3,251,bot17__0,1217,N,True
3,251,reel19__8,1217,N,True
3,19,reel19__8,1217,N,True
3,251,reel55__4,1217,N,True
3,41,reel4__4,1217,N,True
3,170,reel4__4,1217,N,True
3,150,reel4__4,1217,N,True
3,66,reel34__4,1217,N,True
3,196,bot15__1,1217,N,True
3,196,bot20__1,1217,N,True
3,35,bot20__1,1217,N,True
3,196,reel29__5,1217,N,True
3,196,bot36__8,1217,N,True
3,45,bot2__9,1217,N,True
3,307,bot2__9,1217,N,True
3,45,reel9__5,1217,N,True
3,311,bot13__6,1217,N,True
3,45,bot13__6,1217,N,True
3,71,bot8__4,1217,N,True
3,71,bot11__2,1217,N,True
3,324,bot11__2,1217,N,True
3,71,bot11__5,1217,N,True
3,204,reel13__1,1217,N,True
3,71,reel13__1,1217,N,True
3,67,bot3__8,1217,N,True
3,214,bot3__8,1217,N,True
3,214,bot52__8,1217,N,True
3,186,reel46__9,1217,N,True
3,186,reel49__0,1217,N,True
3,186,bot56__8,1217,N,True
3,reel14__4,bot21__2,1217,N,True
3,317,bot21__2,1217,N,True
3,133,reel4__3,1217,N,True
3,19,reel4__3,1217,N,True
3,252,reel4__3,1217,N,True
3,252,reel31__2,1217,N,True
3,reel45__8,reel9__6,1217,N,True
3,246,reel30__3,1217,N,True
3,325,reel30__3,1217,N,True
3,155,bot2__1,1217,N,True
3,339,bot2__1,1217,N,True
3,bot5__5,bot20__3,1217,N,True
3,133,bot20__3,1217,N,True
3,133,reel21__6,1217,N,True
3,133,reel38__9,1217,N,True
3,217,bot12__4,1217,N,True
3,262,bot12__4,1217,N,True
3,126,bot1__2,1217,N,True
3,73,bot1__2,1217,N,True
3,179,reel11__8,1217,N,True
3,327,reel11__8,1217,N,True
3,110,reel51__3,1217,N,True
3,179,reel51__3,1217,N,True
3,179,reel53__4,1217,N,True
3,126,bot55__5,1217,N,True
3,179,bot55__5,1217,N,True
3,179,reel55__2,1217,N,True
3,108,bot43__6,1217,N,True
3,108,reel44__1,1217,N,True
3,150,reel4__7,1217,N,True
3,150,bot17__6,1217,N,True
3,reel12__6,bot40__5,1217,N,True
3,197,bot18__0,1217,N,True
3,reel55__7,reel36__4,1217,N,True
3,reel7__6,reel44__5,1217,N,True
3,reel7__6,reel46__0,1217,N,True
3,20,reel1__2,1217,N,True
3,320,reel1__2,1217,N,True
3,reel13__3,bot16__5,1217,N,True
3,reel13__3,reel56__8,1217,N,True
3,294,reel9__9,1217,N,True
3,157,reel9__9,1217,N,True
3,67,reel9__9,1217,N,True
3,67,bot48__0,1217,N,True
3,147,reel0__0,1217,N,True
3,147,reel5__2,1217,N,True
3,111,bot13__9,1217,N,True
3,147,bot13__9,1217,N,True
3,147,reel36__9,1217,N,True
3,147,reel55__9,1217,N,True
3,333,bot47__2,1217,N,True
3,202,reel2__5,1217,N,True
3,106,reel2__5,1217,N,True
3,202,reel15__8,1217,N,True
3,143,reel57__6,1217,N,True
3,17,reel28__6,1217,N,True
3,17,bot57__9,1217,N,True
3,36,bot36__3,1217,N,True
3,52,bot60__8,1217,N,True
3,36,bot60__8,1217,N,True
3,reel29__6,bot51__2,1217,N,True
3,204,reel23__3,1217,N,True
3,19,reel23__3,1217,N,True
3,134,bot26__6,1217,N,True
3,317,bot26__6,1217,N,True
3,134,bot47__8,1217,N,True
3,bot26__5,reel1__3,1217,N,True
3,339,reel1__3,1217,N,True
3,bot26__5,bot29__3,1217,N,True
3,344,bot14__7,1217,N,True
3,170,reel37__4,1217,N,True
3,337,bot31__5,1217,N,True
3,324,reel53__8,1217,N,True
3,69,bot11__9,1217,N,True
3,124,bot11__9,1217,N,True
3,reel42__8,reel58__0,1217,N,True
3,110,bot22__1,1217,N,True
3,104,bot22__1,1217,N,True
3,126,bot5__9,1217,N,True
3,231,bot5__9,1217,N,True
3,289,bot5__9,1217,N,True
3,176,reel6__6,1217,N,True
3,19,reel6__6,1217,N,True
3,22,bot2__2,1217,N,True
3,213,bot2__2,1217,N,True
3,213,bot8__2,1217,N,True
3,321,bot16__3,1217,N,True
3,213,bot16__3,1217,N,True
3,213,bot34__8,1217,N,True
3,126,bot37__9,1217,N,True
3,216,bot30__1,1217,N,True
3,88,reel1__1,1217,N,True
3,88,bot14__4,1217,N,True
3,88,bot48__3,1217,N,True
3,31,bot1__4,1217,N,True
3,130,bot1__4,1217,N,True
3,81,reel11__2,1217,N,True
3,31,reel11__2,1217,N,True
3,31,reel44__9,1217,N,True
3,140,reel44__9,1217,N,True
3,274,bot17__1,1217,N,True
3,274,bot57__8,1217,N,True
3,219,reel12__5,1217,N,True
3,219,reel50__5,1217,N,True
3,219,reel53__6,1217,N,True
3,162,bot44__4,1217,N,True
3,reel35__3,bot41__8,1217,N,True
3,reel35__3,reel51__7,1217,N,True
3,72,reel28__9,1217,N,True
3,72,reel41__5,1217,N,True
3,reel42__2,reel53__3,1217,N,True
3,285,reel25__4,1217,N,True
3,226,reel10__4,1217,N,True
3,307,reel10__4,1217,N,True
3,168,bot36__7,1217,N,True
3,307,bot36__7,1217,N,True
3,178,bot7__5,1217,N,True
3,10,bot7__5,1217,N,True
3,178,reel13__2,1217,N,True
3,111,reel13__2,1217,N,True
3,178,bot55__6,1217,N,True
3,226,reel11__7,1217,N,True
3,111,reel11__7,1217,N,True
3,111,reel10__1,1217,N,True
3,111,bot14__3,1217,N,True
3,52,bot14__3,1217,N,True
3,111,reel49__7,1217,N,True
3,237,bot9__0,1217,N,True
3,237,reel17__4,1217,N,True
3,237,bot50__2,1217,N,True
3,237,bot55__8,1217,N,True
3,bot8__1,bot26__7,1217,N,True
3,bot8__1,bot39__6,1217,N,True
3,21,reel46__4,1217,N,True
3,286,reel46__4,1217,N,True
3,208,reel29__2,1217,N,True
3,reel36__2,bot56__1,1217,N,True
3,231,reel22__2,1217,N,True
3,315,reel22__2,1217,N,True
3,10,bot26__1,1217,N,True
3,148,bot33__0,1217,N,True
3,148,bot40__0,1217,N,True
3,224,reel41__9,1217,N,True
3,224,reel46__6,1217,N,True
3,bot7__7,bot40__4,1217,N,True
3,69,reel2__0,1217,N,True
3,reel0__8,reel2__0,1217,N,True
3,69,bot59__7,1217,N,True
3,298,reel17__3,1217,N,True
3,298,reel50__0,1217,N,True
3,294,bot47__6,1217,N,True
3,reel46__5,reel38__7,1217,N,True
3,64,reel7__3,1217,N,True
3,64,bot21__0,1217,N,True
3,320,reel25__5,1217,N,True
3,145,bot31__1,1217,N,True
3,reel21__4,bot46__8,1217,N,True
3,reel44__0,reel51__8,1217,N,True
3,reel44__0,reel56__7,1217,N,True
3,315,reel7__5,1217,N,True
3,315,reel19__7,1217,N,True
3,reel0__8,reel19__7,1217,N,True
3,315,bot23__3,1217,N,True
3,217,reel3__0,1217,N,True
3,217,reel27__0,1217,N,True
3,217,bot59__1,1217,N,True
3,bot2__7,bot59__1,1217,N,True
3,110,bot40__6,1217,N,True
3,110,reel52__5,1217,N,True
3,339,bot31__9,1217,N,True
3,140,reel15__7,1217,N,True
3,140,bot47__3,1217,N,True
3,116,bot5__3,1217,N,True
3,21,bot5__3,1217,N,True
3,116,bot40__2,1217,N,True
3,81,bot32__4,1217,N,True
3,22,bot31__8,1217,N,True
3,207,bot11__4,1217,N,True
3,269,bot49__3,1217,N,True
3,52,reel11__9,1217,N,True
3,317,bot37__3,1217,N,True
3,327,bot13__4,1217,N,True
3,281,reel5__5,1217,N,True
3,6,bot6__5,1217,N,True
3,6,reel8__6,1217,N,True
3,19,reel8__6,1217,N,True
3,6,bot42__8,1217,N,True
3,157,reel28__1,1217,N,True
3,157,bot46__5,1217,N,True
3,35,bot55__1,1217,N,True
3,247,bot23__4,1217,N,True
3,32,reel0__9,1217,N,True
3,32,reel14__2,1217,N,True
3,32,reel40__3,1217,N,True
3,90,bot25__2,1217,N,True
3,90,reel26__1,1217,N,True
3,90,bot41__2,1217,N,True
3,103,reel18__8,1217,N,True
3,103,reel33__7,1217,N,True
3,bot5__5,bot50__1,1217,N,True
3,19,reel15__0,1217,N,True
3,34,reel24__3,1217,N,True
3,34,bot26__9,1217,N,True
3,168,bot13__7,1217,N,True
3,168,reel57__3,1217,N,True
3,266,bot4__6,1217,N,True
3,bot2__7,bot4__6,1217,N,True
3,266,bot19__1,1217,N,True
3,266,bot20__5,1217,N,True
3,266,bot34__4,1217,N,True
3,266,bot48__4,1217,N,True
3,bot2__7,bot25__7,1217,N,True
3,bot2__7,bot44__9,1217,N,True
3,reel0__8,bot5__8,1217,N,True
3,reel0__8,reel37__8,1217,N,True
3,reel0__8,reel47__0,1217,N,True
3,306,bot45__7,1218,N,True
3,306,reel52__9,1218,N,True
3,285,103,1218,N,True
3,280,232,1218,N,True
3,285,232,1218,N,True
3,285,146,1218,N,True
3,285,246,1218,N,True
3,280,200,1218,N,True
3,285,200,1218,N,True
3,280,271,1218,N,True
3,285,271,1218,N,True
3,285,60,1218,N,True
3,285,213,1218,N,True
3,280,98,1218,N,True
3,285,98,1218,N,True
3,280,323,1218,N,True
3,285,323,1218,N,True
3,280,119,1218,N,True
3,285,119,1218,N,True
3,280,315,1218,N,True
3,285,315,1218,N,True
3,285,313,1218,N,True
3,285,345,1218,N,True
3,280,142,1218,N,True
3,285,142,1218,N,True
3,285,221,1218,N,True
3,285,164,1218,N,True
3,285,303,1218,N,True
3,280,9,1218,N,True
3,285,9,1218,N,True
3,280,25,1218,N,True
3,285,25,1218,N,True
3,280,252,1218,N,True
3,285,252,1218,N,True
3,285,56,1218,N,True
3,285,342,1218,N,True
3,285,261,1218,N,True
3,285,10,1218,N,True
3,280,322,1218,N,True
3,285,322,1218,N,True
3,38,322,1218,N,True
3,285,113,1218,N,True
3,280,26,1218,N,True
3,285,26,1218,N,True
3,280,239,1218,N,True
3,285,239,1218,N,True
3,280,332,1218,N,True
3,77,332,1218,N,True
3,285,332,1218,N,True
3,38,332,1218,N,True
3,285,bot7__8,1218,N,True
3,285,reel14__3,1218,N,True
3,285,reel53__9,1218,N,True
3,reel8__5,87,1218,N,True
3,reel8__5,150,1218,N,True
3,reel8__5,bot23__7,1218,N,True
3,reel8__5,bot26__2,1218,N,True
3,reel8__4,bot26__2,1218,N,True
3,reel8__5,reel30__4,1218,N,True
3,reel8__5,bot39__6,1218,N,True
3,78,reel36__2,1218,N,True
3,78,reel45__9,1218,N,True
3,reel38__5,132,1218,N,True
3,reel38__5,52,1218,N,True
3,reel38__5,reel54__2,1218,N,True
3,reel12__0,112,1218,N,True
3,reel12__0,reel3__5,1218,N,True
3,181,reel14__4,1218,N,True
3,reel12__0,reel14__4,1218,N,True
3,reel12__0,reel15__3,1218,N,True
3,reel12__0,bot24__4,1218,N,True
3,reel12__0,bot41__4,1218,N,True
3,280,291,1218,N,True
3,280,3,1218,N,True
3,reel30__7,3,1218,N,True
3,280,236,1218,N,True
3,280,141,1218,N,True
3,38,141,1218,N,True
3,280,121,1218,N,True
3,280,257,1218,N,True
3,280,40,1218,N,True
3,77,40,1218,N,True
3,280,297,1218,N,True
3,280,105,1218,N,True
3,280,21,1218,N,True
3,280,329,1218,N,True
3,280,169,1218,N,True
3,280,31,1218,N,True
3,280,39,1218,N,True
3,280,reel6__8,1218,N,True
3,280,reel16__0,1218,N,True
3,280,reel44__0,1218,N,True
3,77,reel10__8,1218,N,True
3,77,bot57__4,1218,N,True
3,218,bot3__4,1218,N,True
3,218,bot11__3,1218,N,True
3,218,bot13__8,1218,N,True
3,218,bot18__2,1218,N,True
3,218,bot26__1,1218,N,True
3,218,bot56__7,1218,N,True
3,reel45__2,125,1218,N,True
3,4,reel12__5,1218,N,True
3,328,bot1__5,1218,N,True
3,328,reel2__3,1218,N,True
3,328,reel3__2,1218,N,True
3,328,bot6__0,1218,N,True
3,328,bot24__0,1218,N,True
3,328,reel27__9,1218,N,True
3,328,reel39__0,1218,N,True
3,328,reel47__4,1218,N,True
3,328,reel48__0,1218,N,True
3,reel13__1,71,1218,N,True
3,reel13__1,reel14__5,1218,N,True
3,reel13__1,reel16__2,1218,N,True
3,reel38__0,247,1218,N,True
3,reel38__0,reel12__4,1218,N,True
3,reel38__0,reel59__5,1218,N,True
3,reel11__1,reel8__1,1218,N,True
3,reel11__1,bot16__2,1218,N,True
3,reel11__1,bot19__5,1218,N,True
3,reel11__1,reel25__1,1218,N,True
3,reel11__1,reel45__0,1218,N,True
3,275,bot7__7,1218,N,True
3,275,reel7__2,1218,N,True
3,275,bot25__6,1218,N,True
3,275,reel57__4,1218,N,True
3,reel8__4,reel0__9,1218,N,True
3,reel8__4,197,1218,N,True
3,reel8__4,295,1218,N,True
3,reel8__4,bot14__6,1218,N,True
3,reel8__4,reel18__8,1218,N,True
3,reel8__4,reel22__9,1218,N,True
3,reel8__4,bot23__1,1218,N,True
3,38,248,1218,N,True
3,38,bot18__6,1218,N,True
3,38,bot20__4,1218,N,True
3,181,bot0__1,1218,N,True
3,181,bot0__6,1218,N,True
3,181,bot4__0,1218,N,True
3,reel20__2,159,1218,N,True
3,reel20__2,reel0__4,1218,N,True
3,reel20__2,reel19__7,1218,N,True
3,reel20__2,reel28__2,1218,N,True
3,reel20__2,reel36__4,1218,N,True
3,reel20__2,reel43__2,1218,N,True
3,bot29__9,bot4__1,1218,N,True
3,bot29__9,bot39__5,1218,N,True
3,310,17,1219,N,True
3,137,17,1219,N,True
3,310,28,1219,N,True
3,reel32__2,28,1219,N,True
3,310,111,1219,N,True
3,93,111,1219,N,True
3,337,111,1219,N,True
3,137,111,1219,N,True
3,reel6__2,111,1219,N,True
3,310,reel5__2,1219,N,True
3,bot18__5,reel5__2,1219,N,True
3,310,bot12__0,1219,N,True
3,310,reel23__6,1219,N,True
3,310,bot55__8,1219,N,True
3,331,50,1219,N,True
3,119,50,1219,N,True
3,203,50,1219,N,True
3,reel4__8,50,1219,N,True
3,113,50,1219,N,True
3,314,50,1219,N,True
3,reel4__8,reel17__4,1219,N,True
3,reel4__8,reel30__7,1219,N,True
3,3,reel30__7,1219,N,True
3,82,65,1219,N,True
3,13,65,1219,N,True
3,261,65,1219,N,True
3,118,65,1219,N,True
3,203,65,1219,N,True
3,314,65,1219,N,True
3,252,65,1219,N,True
3,62,96,1219,N,True
3,314,96,1219,N,True
3,323,96,1219,N,True
3,331,109,1219,N,True
3,119,109,1219,N,True
3,239,109,1219,N,True
3,325,109,1219,N,True
3,67,109,1219,N,True
3,304,109,1219,N,True
3,324,109,1219,N,True
3,13,109,1219,N,True
3,118,109,1219,N,True
3,323,109,1219,N,True
3,186,109,1219,N,True
3,56,109,1219,N,True
3,322,109,1219,N,True
3,271,109,1219,N,True
3,203,109,1219,N,True
3,26,109,1219,N,True
3,314,109,1219,N,True
3,252,109,1219,N,True
3,reel22__8,reel15__7,1219,N,True
3,314,reel15__7,1219,N,True
3,314,reel51__6,1219,N,True
3,239,21,1219,N,True
3,325,21,1219,N,True
3,188,21,1219,N,True
3,212,21,1219,N,True
3,67,21,1219,N,True
3,272,21,1219,N,True
3,313,21,1219,N,True
3,203,21,1219,N,True
3,323,21,1219,N,True
3,40,21,1219,N,True
3,322,21,1219,N,True
3,56,21,1219,N,True
3,134,21,1219,N,True
3,315,21,1219,N,True
3,170,21,1219,N,True
3,119,21,1219,N,True
3,13,21,1219,N,True
3,223,21,1219,N,True
3,271,21,1219,N,True
3,161,21,1219,N,True
3,26,21,1219,N,True
3,304,21,1219,N,True
3,248,21,1219,N,True
3,9,21,1219,N,True
3,186,21,1219,N,True
3,252,21,1219,N,True
3,311,344,1219,N,True
3,212,344,1219,N,True
3,239,344,1219,N,True
3,67,344,1219,N,True
3,212,295,1219,N,True
3,239,295,1219,N,True
3,9,295,1219,N,True
3,26,295,1219,N,True
3,156,295,1219,N,True
3,212,104,1219,N,True
3,239,104,1219,N,True
3,325,104,1219,N,True
3,188,104,1219,N,True
3,67,104,1219,N,True
3,186,104,1219,N,True
3,56,104,1219,N,True
3,322,104,1219,N,True
3,271,104,1219,N,True
3,203,104,1219,N,True
3,26,104,1219,N,True
3,113,104,1219,N,True
3,252,104,1219,N,True
3,198,reel1__6,1219,N,True
3,bot37__5,reel1__6,1219,N,True
3,212,reel1__6,1219,N,True
3,212,reel19__9,1219,N,True
3,212,reel21__9,1219,N,True
3,313,bot1__7,1219,N,True
3,288,bot1__7,1219,N,True
3,288,bot24__9,1219,N,True
3,288,reel53__5,1219,N,True
3,272,320,1219,N,True
3,reel1__2,320,1219,N,True
3,48,320,1219,N,True
3,299,53,1219,N,True
3,248,53,1219,N,True
3,48,53,1219,N,True
3,322,53,1219,N,True
3,196,53,1219,N,True
3,315,53,1219,N,True
3,299,80,1219,N,True
3,reel22__8,80,1219,N,True
3,315,80,1219,N,True
3,48,80,1219,N,True
3,322,126,1219,N,True
3,48,126,1219,N,True
3,322,130,1219,N,True
3,62,130,1219,N,True
3,48,130,1219,N,True
3,331,30,1219,N,True
3,188,30,1219,N,True
3,304,30,1219,N,True
3,48,30,1219,N,True
3,56,30,1219,N,True
3,322,30,1219,N,True
3,9,30,1219,N,True
3,271,30,1219,N,True
3,186,88,1219,N,True
3,56,88,1219,N,True
3,322,88,1219,N,True
3,48,88,1219,N,True
3,313,54,1219,N,True
3,119,54,1219,N,True
3,48,54,1219,N,True
3,119,1,1219,N,True
3,299,1,1219,N,True
3,48,1,1219,N,True
3,322,1,1219,N,True
3,315,1,1219,N,True
3,196,180,1219,N,True
3,299,180,1219,N,True
3,48,180,1219,N,True
3,196,330,1219,N,True
3,299,330,1219,N,True
3,48,330,1219,N,True
3,331,332,1219,N,True
3,170,332,1219,N,True
3,119,332,1219,N,True
3,324,332,1219,N,True
3,172,332,1219,N,True
3,67,332,1219,N,True
3,304,332,1219,N,True
3,13,332,1219,N,True
3,248,332,1219,N,True
3,48,332,1219,N,True
3,323,332,1219,N,True
3,40,332,1219,N,True
3,56,332,1219,N,True
3,271,332,1219,N,True
3,291,332,1219,N,True
3,203,332,1219,N,True
3,26,332,1219,N,True
3,252,332,1219,N,True
3,299,302,1219,N,True
3,315,302,1219,N,True
3,48,302,1219,N,True
3,48,bot28__7,1219,N,True
3,82,158,1219,N,True
3,325,158,1219,N,True
3,67,158,1219,N,True
3,304,158,1219,N,True
3,248,158,1219,N,True
3,reel12__9,158,1219,N,True
3,40,158,1219,N,True
3,322,158,1219,N,True
3,315,158,1219,N,True
3,291,158,1219,N,True
3,26,158,1219,N,True
3,113,158,1219,N,True
3,132,158,1219,N,True
3,239,169,1219,N,True
3,82,169,1219,N,True
3,67,169,1219,N,True
3,248,169,1219,N,True
3,40,169,1219,N,True
3,322,169,1219,N,True
3,56,169,1219,N,True
3,291,169,1219,N,True
3,9,169,1219,N,True
3,271,169,1219,N,True
3,26,169,1219,N,True
3,113,169,1219,N,True
3,315,169,1219,N,True
3,252,169,1219,N,True
3,119,280,1219,N,True
3,239,280,1219,N,True
3,67,280,1219,N,True
3,188,280,1219,N,True
3,304,280,1219,N,True
3,272,280,1219,N,True
3,3,280,1219,N,True
3,323,280,1219,N,True
3,40,280,1219,N,True
3,322,280,1219,N,True
3,291,280,1219,N,True
3,9,280,1219,N,True
3,271,280,1219,N,True
3,26,280,1219,N,True
3,315,280,1219,N,True
3,252,280,1219,N,True
3,170,334,1219,N,True
3,67,334,1219,N,True
3,188,334,1219,N,True
3,304,334,1219,N,True
3,40,334,1219,N,True
3,56,334,1219,N,True
3,9,334,1219,N,True
3,203,334,1219,N,True
3,26,334,1219,N,True
3,134,334,1219,N,True
3,113,334,1219,N,True
3,132,334,1219,N,True
3,252,334,1219,N,True
3,40,77,1219,N,True
3,119,329,1219,N,True
3,324,329,1219,N,True
3,172,329,1219,N,True
3,72,329,1219,N,True
3,272,329,1219,N,True
3,202,329,1219,N,True
3,40,329,1219,N,True
3,322,329,1219,N,True
3,291,329,1219,N,True
3,9,329,1219,N,True
3,315,329,1219,N,True
3,62,224,1219,N,True
3,324,224,1219,N,True
3,67,224,1219,N,True
3,188,224,1219,N,True
3,304,224,1219,N,True
3,261,224,1219,N,True
3,40,224,1219,N,True
3,322,224,1219,N,True
3,291,224,1219,N,True
3,9,224,1219,N,True
3,271,224,1219,N,True
3,26,224,1219,N,True
3,315,224,1219,N,True
3,239,142,1219,N,True
3,188,142,1219,N,True
3,67,142,1219,N,True
3,203,142,1219,N,True
3,3,142,1219,N,True
3,323,142,1219,N,True
3,40,142,1219,N,True
3,322,142,1219,N,True
3,56,142,1219,N,True
3,134,142,1219,N,True
3,315,142,1219,N,True
3,170,142,1219,N,True
3,271,142,1219,N,True
3,161,142,1219,N,True
3,26,142,1219,N,True
3,113,142,1219,N,True
3,62,142,1219,N,True
3,9,142,1219,N,True
3,186,142,1219,N,True
3,252,142,1219,N,True
3,239,277,1219,N,True
3,325,277,1219,N,True
3,188,277,1219,N,True
3,118,277,1219,N,True
3,67,277,1219,N,True
3,272,277,1219,N,True
3,203,277,1219,N,True
3,323,277,1219,N,True
3,40,277,1219,N,True
3,322,277,1219,N,True
3,56,277,1219,N,True
3,291,277,1219,N,True
3,134,277,1219,N,True
3,315,277,1219,N,True
3,170,277,1219,N,True
3,119,277,1219,N,True
3,324,277,1219,N,True
3,13,277,1219,N,True
3,271,277,1219,N,True
3,161,277,1219,N,True
3,26,277,1219,N,True
3,113,277,1219,N,True
3,132,277,1219,N,True
3,172,277,1219,N,True
3,304,277,1219,N,True
3,311,277,1219,N,True
3,248,277,1219,N,True
3,9,277,1219,N,True
3,186,277,1219,N,True
3,252,277,1219,N,True
3,40,317,1219,N,True
3,132,317,1219,N,True
3,40,307,1219,N,True
3,272,257,1219,N,True
3,304,257,1219,N,True
3,40,257,1219,N,True
3,322,257,1219,N,True
3,26,257,1219,N,True
3,315,257,1219,N,True
3,203,reel2__9,1219,N,True
3,40,reel2__9,1219,N,True
3,reel32__4,reel2__9,1219,N,True
3,40,reel3__2,1219,N,True
3,40,reel33__6,1219,N,True
3,40,reel34__0,1219,N,True
3,40,bot35__7,1219,N,True
3,reel19__0,bot35__7,1219,N,True
3,40,reel36__7,1219,N,True
3,113,reel36__7,1219,N,True
3,119,297,1219,N,True
3,324,297,1219,N,True
3,67,297,1219,N,True
3,188,297,1219,N,True
3,272,297,1219,N,True
3,261,297,1219,N,True
3,323,297,1219,N,True
3,56,297,1219,N,True
3,322,297,1219,N,True
3,271,297,1219,N,True
3,9,297,1219,N,True
3,203,297,1219,N,True
3,26,297,1219,N,True
3,252,297,1219,N,True
3,172,103,1219,N,True
3,211,103,1219,N,True
3,323,103,1219,N,True
3,56,103,1219,N,True
3,271,103,1219,N,True
3,252,103,1219,N,True
3,239,59,1219,N,True
3,82,59,1219,N,True
3,172,59,1219,N,True
3,325,59,1219,N,True
3,13,59,1219,N,True
3,211,59,1219,N,True
3,261,59,1219,N,True
3,118,59,1219,N,True
3,186,59,1219,N,True
3,56,59,1219,N,True
3,271,59,1219,N,True
3,203,59,1219,N,True
3,268,59,1219,N,True
3,238,59,1219,N,True
3,252,59,1219,N,True
3,170,55,1219,N,True
3,239,55,1219,N,True
3,67,55,1219,N,True
3,261,55,1219,N,True
3,186,55,1219,N,True
3,56,55,1219,N,True
3,203,55,1219,N,True
3,26,55,1219,N,True
3,252,55,1219,N,True
3,170,290,1219,N,True
3,67,290,1219,N,True
3,188,290,1219,N,True
3,323,290,1219,N,True
3,56,290,1219,N,True
3,322,290,1219,N,True
3,176,290,1219,N,True
3,271,290,1219,N,True
3,56,207,1219,N,True
3,322,207,1219,N,True
3,186,221,1219,N,True
3,56,221,1219,N,True
3,reel12__9,221,1219,N,True
3,322,221,1219,N,True
3,324,136,1219,N,True
3,67,136,1219,N,True
3,304,136,1219,N,True
3,56,136,1219,N,True
3,322,136,1219,N,True
3,156,136,1219,N,True
3,315,136,1219,N,True
3,239,122,1219,N,True
3,325,122,1219,N,True
3,188,122,1219,N,True
3,67,122,1219,N,True
3,272,122,1219,N,True
3,203,122,1219,N,True
3,3,122,1219,N,True
3,323,122,1219,N,True
3,56,122,1219,N,True
3,322,122,1219,N,True
3,315,122,1219,N,True
3,170,122,1219,N,True
3,119,122,1219,N,True
3,261,122,1219,N,True
3,176,122,1219,N,True
3,271,122,1219,N,True
3,161,122,1219,N,True
3,26,122,1219,N,True
3,113,122,1219,N,True
3,62,122,1219,N,True
3,304,122,1219,N,True
3,248,122,1219,N,True
3,9,122,1219,N,True
3,186,122,1219,N,True
3,156,122,1219,N,True
3,252,122,1219,N,True
3,239,60,1219,N,True
3,313,60,1219,N,True
3,56,60,1219,N,True
3,322,60,1219,N,True
3,291,60,1219,N,True
3,170,341,1219,N,True
3,62,341,1219,N,True
3,188,341,1219,N,True
3,304,341,1219,N,True
3,323,341,1219,N,True
3,186,341,1219,N,True
3,56,341,1219,N,True
3,322,341,1219,N,True
3,9,341,1219,N,True
3,203,341,1219,N,True
3,62,276,1219,N,True
3,239,276,1219,N,True
3,56,276,1219,N,True
3,322,276,1219,N,True
3,9,276,1219,N,True
3,271,276,1219,N,True
3,26,276,1219,N,True
3,239,303,1219,N,True
3,67,303,1219,N,True
3,56,303,1219,N,True
3,322,303,1219,N,True
3,315,303,1219,N,True
3,186,303,1219,N,True
3,132,303,1219,N,True
3,239,285,1219,N,True
3,188,285,1219,N,True
3,67,285,1219,N,True
3,272,285,1219,N,True
3,313,285,1219,N,True
3,203,285,1219,N,True
3,323,285,1219,N,True
3,56,285,1219,N,True
3,322,285,1219,N,True
3,315,285,1219,N,True
3,170,285,1219,N,True
3,119,285,1219,N,True
3,261,285,1219,N,True
3,271,285,1219,N,True
3,26,285,1219,N,True
3,113,285,1219,N,True
3,304,285,1219,N,True
3,211,285,1219,N,True
3,196,285,1219,N,True
3,9,285,1219,N,True
3,186,285,1219,N,True
3,252,285,1219,N,True
3,313,63,1219,N,True
3,261,63,1219,N,True
3,56,63,1219,N,True
3,bot15__3,63,1219,N,True
3,271,63,1219,N,True
3,56,bot1__4,1219,N,True
3,56,bot13__4,1219,N,True
3,56,bot19__6,1219,N,True
3,56,bot36__8,1219,N,True
3,196,bot36__8,1219,N,True
3,186,45,1219,N,True
3,322,45,1219,N,True
3,67,45,1219,N,True
3,132,45,1219,N,True
3,322,246,1219,N,True
3,315,246,1219,N,True
3,223,246,1219,N,True
3,304,246,1219,N,True
3,252,308,1219,N,True
3,reel18__5,308,1219,N,True
3,172,308,1219,N,True
3,304,308,1219,N,True
3,67,308,1219,N,True
3,323,308,1219,N,True
3,322,308,1219,N,True
3,203,308,1219,N,True
3,161,308,1219,N,True
3,26,308,1219,N,True
3,bot26__0,308,1219,N,True
3,186,178,1219,N,True
3,322,178,1219,N,True
3,272,178,1219,N,True
3,322,7,1219,N,True
3,291,7,1219,N,True
3,315,7,1219,N,True
3,304,7,1219,N,True
3,119,339,1219,N,True
3,313,339,1219,N,True
3,322,339,1219,N,True
3,291,339,1219,N,True
3,161,339,1219,N,True
3,315,339,1219,N,True
3,67,345,1219,N,True
3,261,345,1219,N,True
3,322,345,1219,N,True
3,186,345,1219,N,True
3,315,345,1219,N,True
3,252,345,1219,N,True
3,322,87,1219,N,True
3,161,87,1219,N,True
3,291,87,1219,N,True
3,315,87,1219,N,True
3,170,260,1219,N,True
3,322,260,1219,N,True
3,322,38,1219,N,True
3,248,38,1219,N,True
3,322,reel1__0,1219,N,True
3,3,reel1__0,1219,N,True
3,322,bot9__8,1219,N,True
3,322,reel12__4,1219,N,True
3,322,reel15__9,1219,N,True
3,322,bot17__2,1219,N,True
3,bot13__8,bot17__2,1219,N,True
3,137,326,1219,N,True
3,reel23__5,326,1219,N,True
3,reel23__5,reel31__3,1219,N,True
3,268,bot1__1,1219,N,True
3,119,171,1219,N,True
3,161,39,1219,N,True
3,313,39,1219,N,True
3,119,39,1219,N,True
3,62,318,1219,N,True
3,119,318,1219,N,True
3,82,318,1219,N,True
3,261,318,1219,N,True
3,271,318,1219,N,True
3,119,148,1219,N,True
3,82,148,1219,N,True
3,272,148,1219,N,True
3,13,148,1219,N,True
3,261,148,1219,N,True
3,176,148,1219,N,True
3,9,148,1219,N,True
3,271,148,1219,N,True
3,113,148,1219,N,True
3,119,125,1219,N,True
3,291,208,1219,N,True
3,119,208,1219,N,True
3,bot0__1,208,1219,N,True
3,188,208,1219,N,True
3,119,64,1219,N,True
3,119,189,1219,N,True
3,119,150,1219,N,True
3,324,150,1219,N,True
3,119,27,1219,N,True
3,324,27,1219,N,True
3,119,163,1219,N,True
3,119,229,1219,N,True
3,119,105,1219,N,True
3,315,105,1219,N,True
3,272,105,1219,N,True
3,9,105,1219,N,True
3,313,146,1219,N,True
3,119,146,1219,N,True
3,119,reel0__7,1219,N,True
3,119,bot5__2,1219,N,True
3,119,bot17__1,1219,N,True
3,119,bot20__4,1219,N,True
3,337,reel24__9,1219,N,True
3,119,reel24__9,1219,N,True
3,119,reel26__7,1219,N,True
3,119,reel50__3,1219,N,True
3,reel52__6,144,1219,N,True
3,reel52__6,reel59__3,1219,N,True
3,reel31__1,reel43__1,1219,N,True
3,331,16,1219,N,True
3,82,16,1219,N,True
3,172,16,1219,N,True
3,261,16,1219,N,True
3,118,16,1219,N,True
3,239,123,1219,N,True
3,82,123,1219,N,True
3,67,123,1219,N,True
3,261,123,1219,N,True
3,186,123,1219,N,True
3,26,123,1219,N,True
3,252,123,1219,N,True
3,261,reel2__7,1219,N,True
3,261,bot7__7,1219,N,True
3,261,reel8__2,1219,N,True
3,261,bot10__9,1219,N,True
3,261,reel32__6,1219,N,True
3,223,bot9__9,1219,N,True
3,223,reel19__5,1219,N,True
3,bot2__0,reel0__1,1219,N,True
3,bot2__0,bot8__1,1219,N,True
3,bot2__0,bot45__6,1219,N,True
3,bot2__0,bot48__8,1219,N,True
3,238,reel11__4,1219,N,True
3,238,reel25__2,1219,N,True
3,238,bot27__3,1219,N,True
3,238,bot31__7,1219,N,True
3,238,bot40__9,1219,N,True
3,238,bot55__4,1219,N,True
3,196,reel3__5,1219,N,True
3,reel18__5,reel3__5,1219,N,True
3,reel18__5,reel14__8,1219,N,True
3,reel18__5,bot23__9,1219,N,True
3,291,168,1219,N,True
3,304,168,1219,N,True
3,196,249,1219,N,True
3,299,249,1219,N,True
3,315,249,1219,N,True
3,304,249,1219,N,True
3,304,347,1219,N,True
3,291,31,1219,N,True
3,252,31,1219,N,True
3,67,31,1219,N,True
3,304,31,1219,N,True
3,291,bot21__6,1219,N,True
3,304,bot21__6,1219,N,True
3,304,reel22__5,1219,N,True
3,304,reel34__1,1219,N,True
3,304,bot49__0,1219,N,True
3,196,254,1219,N,True
3,299,254,1219,N,True
3,reel21__7,254,1219,N,True
3,reel21__7,reel22__9,1219,N,True
3,reel21__7,reel26__1,1219,N,True
3,reel21__7,reel42__7,1219,N,True
3,reel6__2,bot9__7,1219,N,True
3,reel6__2,bot16__1,1219,N,True
3,reel6__2,reel18__7,1219,N,True
3,reel6__2,bot19__1,1219,N,True
3,reel6__2,reel36__3,1219,N,True
3,52,bot39__1,1219,N,True
3,reel6__2,bot39__1,1219,N,True
3,203,270,1219,N,True
3,reel7__6,270,1219,N,True
3,203,reel23__0,1219,N,True
3,203,bot28__3,1219,N,True
3,203,bot42__5,1219,N,True
3,reel56__4,reel40__0,1219,N,True
3,132,reel40__0,1219,N,True
3,reel56__4,bot60__5,1219,N,True
3,331,bot3__2,1219,N,True
3,93,bot3__2,1219,N,True
3,32,bot3__2,1219,N,True
3,93,reel7__7,1219,N,True
3,272,reel7__7,1219,N,True
3,239,234,1219,N,True
3,239,reel20__1,1219,N,True
3,239,reel39__0,1219,N,True
3,248,reel39__0,1219,N,True
3,239,bot60__0,1219,N,True
3,reel41__2,206,1219,N,True
3,62,reel17__8,1219,N,True
3,reel41__2,reel17__8,1219,N,True
3,reel41__2,reel58__6,1219,N,True
3,bot1__8,bot3__1,1219,N,True
3,188,bot3__1,1219,N,True
3,188,reel9__8,1219,N,True
3,188,bot10__3,1219,N,True
3,188,reel17__9,1219,N,True
3,188,reel20__3,1219,N,True
3,161,reel22__4,1219,N,True
3,188,reel22__4,1219,N,True
3,reel22__8,bot29__6,1219,N,True
3,188,bot29__6,1219,N,True
3,188,reel29__3,1219,N,True
3,188,reel52__7,1219,N,True
3,bot14__9,reel9__4,1219,N,True
3,bot14__9,bot3__0,1219,N,True
3,323,bot3__0,1219,N,True
3,bot14__9,bot17__6,1219,N,True
3,118,283,1219,N,True
3,3,283,1219,N,True
3,118,reel21__8,1219,N,True
3,67,reel21__8,1219,N,True
3,118,bot34__7,1219,N,True
3,118,reel46__3,1219,N,True
3,bot13__8,218,1219,N,True
3,bot0__1,181,1219,N,True
3,bot26__0,bot39__5,1219,N,True
3,bot26__0,bot44__0,1219,N,True
3,reel39__8,reel20__2,1219,N,True
3,reel39__8,reel35__4,1219,N,True
3,137,reel49__4,1219,N,True
3,reel39__8,reel49__4,1219,N,True
3,reel39__8,reel51__0,1219,N,True
3,bot35__1,reel14__0,1219,N,True
3,bot35__1,bot16__0,1219,N,True
3,324,301,1219,N,True
3,bot35__1,301,1219,N,True
3,3,reel1__8,1219,N,True
3,reel36__5,reel7__0,1219,N,True
3,3,reel7__0,1219,N,True
3,3,bot10__6,1219,N,True
3,3,reel12__8,1219,N,True
3,3,bot17__9,1219,N,True
3,3,reel25__8,1219,N,True
3,3,bot37__1,1219,N,True
3,3,reel49__3,1219,N,True
3,3,bot54__9,1219,N,True
3,291,10,1219,N,True
3,67,10,1219,N,True
3,323,10,1219,N,True
3,323,bot8__6,1219,N,True
3,198,reel9__7,1219,N,True
3,323,reel9__7,1219,N,True
3,323,bot21__1,1219,N,True
3,323,bot39__2,1219,N,True
3,325,bot55__7,1219,N,True
3,323,bot55__7,1219,N,True
3,bot1__8,205,1219,N,True
3,bot1__8,bot35__9,1219,N,True
3,331,reel2__4,1219,N,True
3,331,reel3__4,1219,N,True
3,331,bot12__9,1219,N,True
3,331,reel59__9,1219,N,True
3,reel13__5,reel10__5,1219,N,True
3,137,reel10__5,1219,N,True
3,reel13__5,bot19__0,1219,N,True
3,reel13__5,bot22__3,1219,N,True
3,13,bot5__7,1219,N,True
3,13,reel6__0,1219,N,True
3,13,reel24__2,1219,N,True
3,13,bot42__2,1219,N,True
3,reel12__9,bot20__2,1219,N,True
3,reel12__9,bot25__8,1219,N,True
3,82,121,1219,N,True
3,113,121,1219,N,True
3,315,121,1219,N,True
3,113,bot7__8,1219,N,True
3,113,reel13__3,1219,N,True
3,113,reel19__4,1219,N,True
3,132,bot0__4,1219,N,True
3,186,reel16__5,1219,N,True
3,132,reel16__5,1219,N,True
3,82,bot2__3,1219,N,True
3,82,bot7__6,1219,N,True
3,211,bot34__5,1219,N,True
3,82,bot34__5,1219,N,True
3,82,bot53__4,1219,N,True
3,52,bot53__4,1219,N,True
3,82,bot58__0,1219,N,True
3,172,reel3__6,1219,N,True
3,186,bot5__4,1219,N,True
3,172,bot5__4,1219,N,True
3,172,bot8__9,1219,N,True
3,bot18__5,bot15__0,1219,N,True
3,172,bot15__0,1219,N,True
3,248,bot29__5,1219,N,True
3,248,reel48__8,1219,N,True
3,196,194,1219,N,True
3,299,194,1219,N,True
3,196,346,1219,N,True
3,299,346,1219,N,True
3,272,346,1219,N,True
3,196,92,1219,N,True
3,299,92,1219,N,True
3,196,reel9__1,1219,N,True
3,196,bot15__1,1219,N,True
3,196,bot20__1,1219,N,True
3,196,bot53__1,1219,N,True
3,196,bot54__2,1219,N,True
3,9,reel5__4,1219,N,True
3,9,reel18__4,1219,N,True
3,9,bot33__1,1219,N,True
3,186,reel6__7,1219,N,True
3,186,reel46__9,1219,N,True
3,186,reel49__0,1219,N,True
3,186,bot56__8,1219,N,True
3,reel36__9,reel18__6,1219,N,True
3,reel22__8,reel47__9,1219,N,True
3,reel22__8,reel48__1,1219,N,True
3,reel22__8,reel54__6,1219,N,True
3,252,reel4__3,1219,N,True
3,252,bot8__8,1219,N,True
3,252,reel31__2,1219,N,True
3,325,reel5__7,1219,N,True
3,325,reel30__3,1219,N,True
3,reel6__9,bot11__5,1219,N,True
3,reel6__9,bot20__9,1219,N,True
3,reel6__9,reel22__7,1219,N,True
3,reel6__9,reel34__8,1219,N,True
3,reel6__9,bot56__6,1219,N,True
3,reel7__6,reel44__5,1219,N,True
3,reel7__6,reel46__0,1219,N,True
3,67,bot3__8,1219,N,True
3,67,reel9__9,1219,N,True
3,67,reel46__7,1219,N,True
3,202,reel2__5,1219,N,True
3,reel1__2,reel2__5,1219,N,True
3,202,bot5__1,1219,N,True
3,202,reel15__8,1219,N,True
3,202,bot23__7,1219,N,True
3,313,reel3__0,1219,N,True
3,299,reel3__0,1219,N,True
3,313,bot49__6,1219,N,True
3,reel32__2,reel55__3,1219,N,True
3,291,129,1219,N,True
3,291,reel7__9,1219,N,True
3,291,bot28__9,1219,N,True
3,291,reel38__7,1219,N,True
3,291,bot52__5,1219,N,True
3,bot37__5,bot27__1,1219,N,True
3,134,bot0__6,1219,N,True
3,134,reel5__3,1219,N,True
3,134,reel15__2,1219,N,True
3,134,bot35__2,1219,N,True
3,134,reel40__4,1219,N,True
3,134,bot47__8,1219,N,True
3,170,reel4__4,1219,N,True
3,170,reel24__6,1219,N,True
3,170,reel37__4,1219,N,True
3,reel56__5,reel27__2,1219,N,True
3,337,bot9__3,1219,N,True
3,337,bot14__5,1219,N,True
3,337,reel15__1,1219,N,True
3,337,bot31__5,1219,N,True
3,324,340,1219,N,True
3,324,reel7__1,1219,N,True
3,324,bot11__2,1219,N,True
3,324,reel13__8,1219,N,True
3,324,reel53__8,1219,N,True
3,reel28__8,44,1219,N,True
3,reel28__8,reel50__7,1219,N,True
3,299,101,1219,N,True
3,299,24,1219,N,True
3,299,187,1219,N,True
3,299,300,1219,N,True
3,299,bot7__5,1219,N,True
3,299,reel19__7,1219,N,True
3,315,reel19__7,1219,N,True
3,299,reel56__7,1219,N,True
3,176,bot0__3,1219,N,True
3,176,bot0__8,1219,N,True
3,176,reel6__6,1219,N,True
3,176,reel16__4,1219,N,True
3,52,reel47__1,1219,N,True
3,176,reel47__1,1219,N,True
3,271,bot18__4,1219,N,True
3,62,reel4__5,1219,N,True
3,62,reel13__6,1219,N,True
3,62,bot27__2,1219,N,True
3,62,bot32__1,1219,N,True
3,62,reel32__0,1219,N,True
3,62,reel41__8,1219,N,True
3,62,reel52__3,1219,N,True
3,137,140,1219,N,True
3,137,115,1219,N,True
3,137,289,1219,N,True
3,137,214,1219,N,True
3,137,reel31__8,1219,N,True
3,137,bot37__6,1219,N,True
3,137,reel37__6,1219,N,True
3,137,bot46__4,1219,N,True
3,243,reel19__1,1219,N,True
3,reel1__9,175,1219,N,True
3,reel1__9,reel10__3,1219,N,True
3,reel1__9,reel24__8,1219,N,True
3,reel1__9,reel27__0,1219,N,True
3,reel1__9,bot55__0,1219,N,True
3,reel19__0,33,1219,N,True
3,reel19__0,reel35__0,1219,N,True
3,156,bot51__8,1219,N,True
3,72,reel28__9,1219,N,True
3,72,reel41__5,1219,N,True
3,reel45__3,bot56__1,1219,N,True
3,272,108,1219,N,True
3,272,197,1219,N,True
3,272,281,1219,N,True
3,272,127,1219,N,True
3,272,184,1219,N,True
3,272,reel32__1,1219,N,True
3,272,bot52__8,1219,N,True
3,298,reel43__9,1219,N,True
3,reel35__2,reel43__9,1219,N,True
3,298,reel50__0,1219,N,True
3,198,reel1__3,1219,N,True
3,198,bot12__8,1219,N,True
3,198,bot23__5,1219,N,True
3,198,bot27__0,1219,N,True
3,198,reel39__7,1219,N,True
3,315,reel22__2,1219,N,True
3,315,bot23__3,1219,N,True
3,52,bot3__3,1219,N,True
3,52,bot60__8,1219,N,True
3,161,bot33__6,1219,N,True
3,161,bot39__0,1219,N,True
3,161,reel52__0,1219,N,True
3,26,bot0__2,1219,N,True
3,26,bot0__7,1219,N,True
3,reel36__5,reel32__7,1219,N,True
3,reel35__2,reel10__8,1219,N,True
3,reel35__2,116,1219,N,True
3,reel35__2,bot38__5,1219,N,True
3,reel25__3,bot34__3,1219,N,True
3,311,bot13__6,1219,N,True
3,311,bot29__8,1219,N,True
3,211,bot8__5,1219,N,True
3,32,reel0__9,1219,N,True
3,32,reel14__2,1219,N,True
3,32,reel41__3,1219,N,True
3,32,reel58__5,1219,N,True
4,reel27__9,reel44__0,1200,N,False
4,bot12__6,reel11__9,1200,N,False
4,bot12__6,bot26__3,1200,N,False
4,bot57__4,bot36__2,1200,N,False
4,reel25__6,bot36__2,1200,N,False
4,reel29__9,306,1200,N,False
4,reel52__9,306,1200,N,False
4,reel29__9,reel31__7,1200,N,False
4,reel29__9,reel38__3,1200,N,False
4,reel29__9,bot43__7,1200,N,False
4,bot15__5,152,1200,N,False
4,reel14__0,reel36__4,1200,N,False
4,reel39__4,reel36__4,1200,N,False
4,reel39__4,reel21__3,1200,N,False
4,reel44__6,bot49__8,1200,N,False
4,reel11__2,81,1200,N,False
4,reel11__2,reel18__9,1200,N,False
4,reel11__2,reel35__9,1200,N,False
4,321,reel4__0,1200,N,False
4,reel7__3,reel4__0,1200,N,False
4,bot37__9,bot58__7,1200,N,False
4,bot51__0,bot58__7,1200,N,False
4,bot42__0,bot50__1,1200,N,False
4,bot10__6,bot41__8,1200,N,False
4,reel44__7,reel24__1,1200,N,False
4,bot48__3,343,1200,N,False
4,44,343,1200,N,False
4,144,343,1200,N,False
4,bot13__9,343,1200,N,False
4,162,343,1200,N,False
4,326,343,1200,N,False
4,bot13__9,bot39__5,1200,N,False
4,173,reel3__8,1200,N,False
4,309,reel3__8,1200,N,False
4,309,bot4__2,1200,N,False
4,162,bot4__2,1200,N,False
4,bot9__0,bot18__8,1200,N,False
4,bot0__2,bot18__8,1200,N,False
4,reel24__5,bot39__9,1200,N,False
4,bot35__9,bot39__9,1200,N,False
4,reel22__4,reel37__5,1200,N,False
4,144,17,1200,N,False
4,326,17,1200,N,False
4,144,140,1200,N,False
4,28,140,1200,N,False
4,reel44__9,140,1200,N,False
4,326,140,1200,N,False
4,337,41,1200,N,False
4,28,41,1200,N,False
4,44,41,1200,N,False
4,144,41,1200,N,False
4,bot9__2,41,1200,N,False
4,326,41,1200,N,False
4,337,137,1200,N,False
4,326,137,1200,N,False
4,167,137,1200,N,False
4,reel0__3,bot14__1,1200,N,False
4,326,bot14__1,1200,N,False
4,164,reel11__3,1200,N,False
4,89,bot21__3,1200,N,False
4,164,bot21__3,1200,N,False
4,reel14__9,reel0__4,1200,N,False
4,reel56__5,reel0__4,1200,N,False
4,bot55__6,bot40__6,1200,N,False
4,110,bot40__6,1200,N,False
4,reel45__1,reel42__3,1200,N,False
4,reel36__3,reel42__3,1200,N,False
4,bot60__6,reel42__3,1200,N,False
4,reel36__3,reel45__9,1200,N,False
4,44,reel28__8,1200,N,False
4,reel50__7,reel28__8,1200,N,False
4,22,reel28__8,1200,N,False
4,bot7__2,bot10__8,1200,N,False
4,reel2__4,bot10__8,1200,N,False
4,bot12__8,bot14__5,1200,N,False
4,337,bot14__5,1200,N,False
4,bot12__8,bot57__2,1200,N,False
4,reel27__0,bot44__8,1200,N,False
4,reel19__7,reel20__2,1200,N,False
4,reel39__8,reel20__2,1200,N,False
4,262,reel9__2,1200,N,False
4,reel52__9,reel9__2,1200,N,False
4,327,reel9__2,1200,N,False
4,266,bot34__4,1200,N,False
4,bot26__4,bot34__4,1200,N,False
4,bot21__2,bot37__8,1200,N,False
4,bot26__4,bot37__8,1200,N,False
4,337,bot9__3,1200,N,False
4,80,bot9__3,1200,N,False
4,bot11__1,bot9__3,1200,N,False
4,bot60__6,bot43__4,1200,N,False
4,reel1__1,bot18__7,1200,N,False
4,254,bot18__7,1200,N,False
4,reel1__1,reel19__6,1200,N,False
4,reel17__3,reel19__6,1200,N,False
4,reel8__7,32,1200,N,False
4,337,32,1200,N,False
4,reel41__3,32,1200,N,False
4,167,32,1200,N,False
4,167,bot0__1,1200,N,False
4,167,bot29__4,1200,N,False
4,174,reel8__1,1200,N,False
4,bot14__4,reel8__1,1200,N,False
4,reel24__7,reel8__1,1200,N,False
4,174,reel52__3,1200,N,False
4,191,bot6__4,1200,N,False
4,190,bot35__6,1200,N,False
4,reel6__5,bot35__6,1200,N,False
4,reel44__9,reel49__8,1200,N,False
4,bot52__7,reel46__8,1200,N,False
4,reel22__9,reel46__8,1200,N,False
4,bot0__8,bot53__7,1200,N,False
4,bot16__8,bot21__5,1200,N,False
4,bot16__8,bot51__3,1200,N,False
4,28,reel13__8,1200,N,False
4,28,reel32__2,1200,N,False
4,166,reel32__2,1200,N,False
4,28,bot33__3,1200,N,False
4,reel39__8,reel51__0,1200,N,False
4,reel4__6,reel11__8,1200,N,False
4,327,reel11__8,1200,N,False
4,reel20__5,reel45__6,1200,N,False
4,reel4__6,reel45__6,1200,N,False
4,254,reel45__6,1200,N,False
4,reel22__9,reel21__7,1200,N,False
4,254,reel21__7,1200,N,False
4,254,bot60__5,1200,N,False
4,117,reel11__1,1200,N,False
4,reel53__5,reel27__3,1200,N,False
4,bot7__9,bot9__9,1200,N,False
4,reel10__4,bot27__8,1200,N,False
4,reel4__3,bot27__8,1200,N,False
4,reel10__4,reel38__4,1200,N,False
4,279,bot10__0,1200,N,False
4,bot37__7,bot38__7,1200,N,False
4,bot21__2,bot38__7,1200,N,False
4,219,6,1200,N,False
4,89,6,1200,N,False
4,219,319,1200,N,False
4,89,319,1200,N,False
4,327,319,1200,N,False
4,89,95,1200,N,False
4,327,95,1200,N,False
4,89,bot13__2,1200,N,False
4,reel5__5,reel16__1,1200,N,False
4,89,reel16__1,1200,N,False
4,89,reel31__6,1200,N,False
4,reel4__3,reel16__4,1200,N,False
4,244,reel16__4,1200,N,False
4,reel4__3,bot22__6,1200,N,False
4,reel20__7,bot22__6,1200,N,False
4,bot40__7,120,1200,N,False
4,80,reel4__9,1200,N,False
4,80,bot11__8,1200,N,False
4,reel5__5,bot11__8,1200,N,False
4,80,reel22__8,1200,N,False
4,reel14__0,reel23__1,1200,N,False
4,reel9__3,305,1200,N,False
4,reel9__3,bot31__7,1200,N,False
4,reel9__3,bot32__5,1200,N,False
4,reel11__5,reel22__6,1200,N,False
4,reel11__5,reel55__3,1200,N,False
4,bot48__3,reel28__4,1200,N,False
4,bot48__3,bot52__3,1200,N,False
4,259,8,1200,N,False
4,110,8,1200,N,False
4,259,bot4__7,1200,N,False
4,259,bot51__9,1200,N,False
4,reel20__5,reel25__3,1200,N,False
4,reel27__7,reel25__3,1200,N,False
4,bot34__3,reel25__3,1200,N,False
4,219,reel12__5,1200,N,False
4,reel27__7,reel12__5,1200,N,False
4,bot2__4,bot57__3,1200,N,False
4,bot2__2,bot25__2,1200,N,False
4,155,bot32__8,1200,N,False
4,173,34,1200,N,False
4,reel47__7,34,1200,N,False
4,reel11__6,bot42__3,1200,N,False
4,reel7__5,bot58__6,1200,N,False
4,reel12__6,195,1200,N,False
4,reel12__6,bot21__7,1200,N,False
4,reel12__6,bot40__5,1200,N,False
4,reel12__6,reel41__0,1200,N,False
4,reel54__4,reel41__0,1200,N,False
4,bot35__9,bot1__8,1200,N,False
4,166,bot1__8,1200,N,False
4,233,bot14__8,1200,N,False
4,reel58__4,reel48__1,1200,N,False
4,166,reel13__5,1200,N,False
4,reel12__0,bot24__4,1200,N,False
4,reel12__0,bot58__3,1200,N,False
4,bot55__8,bot56__7,1200,N,False
4,reel17__8,bot23__9,1200,N,False
4,reel17__8,reel26__3,1200,N,False
4,bot7__4,bot32__3,1200,N,False
4,bot45__6,bot1__2,1200,N,False
4,reel22__3,255,1200,N,False
4,reel39__9,reel13__1,1200,N,False
4,reel15__6,reel43__6,1200,N,False
4,bot52__1,reel47__0,1200,N,False
4,reel15__6,reel47__0,1200,N,False
4,244,282,1200,N,False
4,219,reel33__8,1200,N,False
4,219,reel53__6,1200,N,False
4,reel18__4,333,1200,N,False
4,162,333,1200,N,False
4,reel17__3,bot33__9,1200,N,False
4,reel17__3,bot34__6,1200,N,False
4,reel17__3,bot40__1,1200,N,False
4,reel17__3,bot41__1,1200,N,False
4,reel40__8,bot46__0,1200,N,False
4,bot20__0,bot46__0,1200,N,False
4,bot56__4,reel9__0,1200,N,False
4,reel31__2,reel33__5,1200,N,False
4,reel3__5,bot8__4,1200,N,False
4,294,reel13__6,1200,N,False
4,bot58__9,reel4__5,1200,N,False
4,reel22__9,reel54__5,1200,N,False
4,reel24__7,reel42__5,1200,N,False
4,22,bot15__9,1200,N,False
4,bot19__4,bot13__7,1200,N,False
4,321,bot26__8,1200,N,False
4,reel12__8,reel23__2,1200,N,False
4,bot6__1,bot28__6,1200,N,False
4,reel0__1,42,1200,N,False
4,reel0__1,reel36__1,1200,N,False
4,reel9__1,97,1200,N,False
4,bot1__9,bot36__3,1200,N,False
4,266,bot19__1,1200,N,False
4,266,bot48__4,1200,N,False
4,bot20__0,107,1200,N,False
4,50,113,1201,N,False
4,119,113,1201,N,False
4,67,113,1201,N,False
4,325,113,1201,N,False
4,285,113,1201,N,False
4,104,113,1201,N,False
4,186,113,1201,N,False
4,40,113,1201,N,False
4,56,113,1201,N,False
4,271,113,1201,N,False
4,50,reel1__8,1201,N,False
4,3,reel1__8,1201,N,False
4,50,reel52__9,1201,N,False
4,119,261,1201,N,False
4,67,261,1201,N,False
4,325,261,1201,N,False
4,16,261,1201,N,False
4,13,261,1201,N,False
4,285,261,1201,N,False
4,297,261,1201,N,False
4,56,261,1201,N,False
4,271,261,1201,N,False
4,271,161,1201,N,False
4,56,161,1201,N,False
4,67,161,1201,N,False
4,325,161,1201,N,False
4,186,222,1201,N,False
4,56,222,1201,N,False
4,325,222,1201,N,False
4,119,199,1201,N,False
4,67,199,1201,N,False
4,325,199,1201,N,False
4,13,199,1201,N,False
4,186,199,1201,N,False
4,40,199,1201,N,False
4,56,199,1201,N,False
4,271,199,1201,N,False
4,325,311,1201,N,False
4,271,268,1201,N,False
4,325,268,1201,N,False
4,119,25,1201,N,False
4,67,25,1201,N,False
4,325,25,1201,N,False
4,31,25,1201,N,False
4,285,25,1201,N,False
4,3,25,1201,N,False
4,332,25,1201,N,False
4,40,25,1201,N,False
4,56,25,1201,N,False
4,104,25,1201,N,False
4,297,25,1201,N,False
4,186,25,1201,N,False
4,271,25,1201,N,False
4,325,reel5__7,1201,N,False
4,119,248,1201,N,False
4,67,248,1201,N,False
4,332,248,1201,N,False
4,332,38,1201,N,False
4,40,329,1201,N,False
4,119,329,1201,N,False
4,332,329,1201,N,False
4,16,329,1201,N,False
4,119,208,1201,N,False
4,285,208,1201,N,False
4,332,208,1201,N,False
4,119,170,1201,N,False
4,67,170,1201,N,False
4,285,170,1201,N,False
4,3,170,1201,N,False
4,332,170,1201,N,False
4,56,170,1201,N,False
4,186,170,1201,N,False
4,271,170,1201,N,False
4,285,10,1201,N,False
4,67,10,1201,N,False
4,332,10,1201,N,False
4,332,bot30__0,1201,N,False
4,332,bot41__0,1201,N,False
4,332,reel50__7,1201,N,False
4,332,reel58__3,1201,N,False
4,332,reel58__5,1201,N,False
4,271,232,1201,N,False
4,40,232,1201,N,False
4,285,232,1201,N,False
4,56,232,1201,N,False
4,56,60,1201,N,False
4,285,60,1201,N,False
4,186,221,1201,N,False
4,56,221,1201,N,False
4,303,221,1201,N,False
4,285,221,1201,N,False
4,285,117,1201,N,False
4,295,9,1201,N,False
4,119,9,1201,N,False
4,67,9,1201,N,False
4,3,9,1201,N,False
4,285,9,1201,N,False
4,297,9,1201,N,False
4,56,9,1201,N,False
4,186,9,1201,N,False
4,271,9,1201,N,False
4,285,reel1__5,1201,N,False
4,285,reel25__4,1201,N,False
4,338,reel19__8,1201,N,False
4,338,bot33__5,1201,N,False
4,338,reel53__8,1201,N,False
4,40,257,1201,N,False
4,295,257,1201,N,False
4,295,reel8__4,1201,N,False
4,186,55,1201,N,False
4,56,55,1201,N,False
4,67,55,1201,N,False
4,104,55,1201,N,False
4,186,123,1201,N,False
4,67,123,1201,N,False
4,104,123,1201,N,False
4,271,290,1201,N,False
4,56,290,1201,N,False
4,67,290,1201,N,False
4,186,62,1201,N,False
4,56,62,1201,N,False
4,67,62,1201,N,False
4,56,134,1201,N,False
4,67,134,1201,N,False
4,67,344,1201,N,False
4,104,344,1201,N,False
4,271,79,1201,N,False
4,119,79,1201,N,False
4,67,79,1201,N,False
4,67,236,1201,N,False
4,13,236,1201,N,False
4,297,236,1201,N,False
4,186,236,1201,N,False
4,303,236,1201,N,False
4,271,236,1201,N,False
4,67,bot3__8,1201,N,False
4,67,reel21__8,1201,N,False
4,67,reel46__7,1201,N,False
4,229,190,1201,N,False
4,229,reel18__4,1201,N,False
4,229,reel28__7,1201,N,False
4,229,bot41__3,1201,N,False
4,3,reel20__6,1201,N,False
4,3,reel30__7,1201,N,False
4,3,reel49__3,1201,N,False
4,3,bot54__9,1201,N,False
4,104,bot54__9,1201,N,False
4,294,bot47__6,1201,N,False
4,271,133,1201,N,False
4,40,133,1201,N,False
4,40,307,1201,N,False
4,40,reel2__9,1201,N,False
4,40,reel3__2,1201,N,False
4,40,bot23__0,1201,N,False
4,40,reel33__6,1201,N,False
4,40,reel34__0,1201,N,False
4,271,30,1201,N,False
4,56,30,1201,N,False
4,303,30,1201,N,False
4,56,207,1201,N,False
4,271,276,1201,N,False
4,56,276,1201,N,False
4,271,63,1201,N,False
4,56,63,1201,N,False
4,56,bot13__4,1201,N,False
4,56,bot27__6,1201,N,False
4,119,339,1201,N,False
4,31,339,1201,N,False
4,271,318,1201,N,False
4,119,318,1201,N,False
4,104,318,1201,N,False
4,119,217,1201,N,False
4,119,64,1201,N,False
4,119,150,1201,N,False
4,119,27,1201,N,False
4,119,105,1201,N,False
4,119,bot5__2,1201,N,False
4,119,bot17__1,1201,N,False
4,119,reel24__9,1201,N,False
4,119,reel39__6,1201,N,False
4,119,reel50__3,1201,N,False
4,reel29__3,184,1201,N,False
4,13,65,1201,N,False
4,297,65,1201,N,False
4,13,reel6__0,1201,N,False
4,13,reel24__2,1201,N,False
4,13,reel34__7,1201,N,False
4,13,bot42__2,1201,N,False
4,104,reel0__5,1201,N,False
4,104,bot22__1,1201,N,False
4,104,reel49__5,1201,N,False
4,297,reel3__5,1201,N,False
4,297,bot22__9,1201,N,False
4,reel11__9,bot12__6,1201,N,False
4,reel11__9,reel43__3,1201,N,False
4,reel11__9,reel47__2,1201,N,False
4,16,reel45__7,1201,N,False
4,16,reel50__8,1201,N,False
4,bot15__1,bot6__1,1201,N,False
4,bot15__1,bot26__7,1201,N,False
4,247,120,1201,N,False
4,247,bot23__4,1201,N,False
4,247,reel38__0,1201,N,False
4,31,51,1201,N,False
4,31,reel0__3,1201,N,False
4,31,reel11__2,1201,N,False
4,31,reel15__5,1201,N,False
4,31,reel44__9,1201,N,False
4,bot51__0,bot7__5,1201,N,False
4,bot51__0,reel41__7,1201,N,False
4,bot51__0,bot58__7,1201,N,False
4,186,bot4__4,1201,N,False
4,186,bot5__4,1201,N,False
4,186,reel46__9,1201,N,False
4,bot44__7,bot33__9,1202,N,False
4,173,34,1202,N,False
4,0,34,1202,N,False
4,173,166,1202,N,False
4,0,166,1202,N,False
4,173,reel3__8,1202,N,False
4,173,reel19__0,1202,N,False
4,0,233,1202,N,False
4,reel48__3,233,1202,N,False
4,reel48__3,reel12__1,1202,N,False
4,reel41__1,reel59__9,1202,N,False
4,reel48__3,reel59__9,1202,N,False
4,0,235,1202,N,False
4,bot9__3,235,1202,N,False
4,0,337,1202,N,False
4,bot9__3,337,1202,N,False
4,bot9__3,bot11__1,1202,N,False
4,reel39__3,reel13__7,1202,N,False
4,reel0__9,102,1202,N,False
4,0,102,1202,N,False
4,reel0__9,reel8__4,1202,N,False
4,183,133,1202,N,False
4,0,133,1202,N,False
4,315,133,1202,N,False
4,reel38__9,133,1202,N,False
4,183,reel19__3,1202,N,False
4,103,25,1202,N,False
4,0,25,1202,N,False
4,94,25,1202,N,False
4,101,254,1202,N,False
4,0,254,1202,N,False
4,94,254,1202,N,False
4,330,254,1202,N,False
4,187,254,1202,N,False
4,266,254,1202,N,False
4,94,bot0__2,1202,N,False
4,94,bot50__5,1202,N,False
4,94,reel57__5,1202,N,False
4,0,126,1202,N,False
4,48,126,1202,N,False
4,0,322,1202,N,False
4,315,322,1202,N,False
4,48,322,1202,N,False
4,0,30,1202,N,False
4,48,30,1202,N,False
4,0,73,1202,N,False
4,48,73,1202,N,False
4,0,203,1202,N,False
4,315,203,1202,N,False
4,48,203,1202,N,False
4,0,332,1202,N,False
4,48,332,1202,N,False
4,0,199,1202,N,False
4,315,199,1202,N,False
4,48,199,1202,N,False
4,reel38__9,reel35__2,1202,N,False
4,187,5,1202,N,False
4,0,5,1202,N,False
4,315,5,1202,N,False
4,187,bot6__1,1202,N,False
4,187,bot45__9,1202,N,False
4,0,288,1202,N,False
4,315,288,1202,N,False
4,0,303,1202,N,False
4,315,303,1202,N,False
4,0,158,1202,N,False
4,315,158,1202,N,False
4,0,257,1202,N,False
4,315,257,1202,N,False
4,0,291,1202,N,False
4,315,291,1202,N,False
4,0,313,1202,N,False
4,315,313,1202,N,False
4,0,246,1202,N,False
4,315,246,1202,N,False
4,103,98,1202,N,False
4,0,98,1202,N,False
4,315,98,1202,N,False
4,0,26,1202,N,False
4,315,26,1202,N,False
4,0,121,1202,N,False
4,315,121,1202,N,False
4,0,40,1202,N,False
4,315,40,1202,N,False
4,103,252,1202,N,False
4,0,252,1202,N,False
4,315,252,1202,N,False
4,0,132,1202,N,False
4,315,132,1202,N,False
4,0,9,1202,N,False
4,315,9,1202,N,False
4,0,236,1202,N,False
4,315,236,1202,N,False
4,103,339,1202,N,False
4,0,339,1202,N,False
4,315,339,1202,N,False
4,0,277,1202,N,False
4,315,277,1202,N,False
4,0,67,1202,N,False
4,315,67,1202,N,False
4,0,142,1202,N,False
4,315,142,1202,N,False
4,0,224,1202,N,False
4,315,224,1202,N,False
4,0,304,1202,N,False
4,315,304,1202,N,False
4,315,reel7__5,1202,N,False
4,315,reel22__2,1202,N,False
4,315,bot23__3,1202,N,False
4,58,bot60__9,1202,N,False
4,101,bot60__9,1202,N,False
4,0,327,1202,N,False
4,bot16__9,327,1202,N,False
4,reel4__9,347,1202,N,False
4,0,347,1202,N,False
4,reel4__9,reel30__0,1202,N,False
4,reel4__9,reel42__5,1202,N,False
4,reel4__9,reel56__6,1202,N,False
4,reel41__1,bot60__7,1202,N,False
4,0,135,1202,N,False
4,281,135,1202,N,False
4,0,251,1202,N,False
4,281,251,1202,N,False
4,0,108,1202,N,False
4,281,108,1202,N,False
4,0,284,1202,N,False
4,281,284,1202,N,False
4,0,184,1202,N,False
4,281,184,1202,N,False
4,0,309,1202,N,False
4,281,309,1202,N,False
4,0,197,1202,N,False
4,281,197,1202,N,False
4,0,36,1202,N,False
4,281,36,1202,N,False
4,281,bot15__2,1202,N,False
4,reel28__6,17,1202,N,False
4,0,17,1202,N,False
4,reel28__6,bot30__1,1202,N,False
4,0,186,1202,N,False
4,0,82,1202,N,False
4,0,65,1202,N,False
4,0,276,1202,N,False
4,0,117,1202,N,False
4,0,63,1202,N,False
4,0,270,1202,N,False
4,0,76,1202,N,False
4,0,274,1202,N,False
4,0,275,1202,N,False
4,0,83,1202,N,False
4,0,28,1202,N,False
4,0,312,1202,N,False
4,0,307,1202,N,False
4,0,333,1202,N,False
4,0,334,1202,N,False
4,0,265,1202,N,False
4,0,78,1202,N,False
4,0,38,1202,N,False
4,0,64,1202,N,False
4,0,290,1202,N,False
4,0,161,1202,N,False
4,0,66,1202,N,False
4,0,49,1202,N,False
4,0,123,1202,N,False
4,0,140,1202,N,False
4,0,115,1202,N,False
4,0,104,1202,N,False
4,0,310,1202,N,False
4,0,222,1202,N,False
4,0,278,1202,N,False
4,0,230,1202,N,False
4,0,16,1202,N,False
4,0,39,1202,N,False
4,0,55,1202,N,False
4,0,113,1202,N,False
4,0,81,1202,N,False
4,0,174,1202,N,False
4,0,293,1202,N,False
4,0,279,1202,N,False
4,0,268,1202,N,False
4,0,314,1202,N,False
4,0,195,1202,N,False
4,0,8,1202,N,False
4,0,245,1202,N,False
4,0,150,1202,N,False
4,0,306,1202,N,False
4,0,259,1202,N,False
4,0,45,1202,N,False
4,0,227,1202,N,False
4,0,91,1202,N,False
4,0,61,1202,N,False
4,0,93,1202,N,False
4,0,6,1202,N,False
4,0,89,1202,N,False
4,0,221,1202,N,False
4,0,301,1202,N,False
4,0,250,1202,N,False
4,0,29,1202,N,False
4,0,100,1202,N,False
4,0,110,1202,N,False
4,0,225,1202,N,False
4,0,86,1202,N,False
4,0,148,1202,N,False
4,0,289,1202,N,False
4,0,260,1202,N,False
4,0,160,1202,N,False
4,0,321,1202,N,False
4,0,22,1202,N,False
4,0,298,1202,N,False
4,0,262,1202,N,False
4,0,220,1202,N,False
4,0,50,1202,N,False
4,0,193,1202,N,False
4,0,97,1202,N,False
4,0,4,1202,N,False
4,0,95,1202,N,False
4,reel18__7,95,1202,N,False
4,0,120,1202,N,False
4,0,190,1202,N,False
4,0,282,1202,N,False
4,0,244,1202,N,False
4,0,319,1202,N,False
4,0,155,1202,N,False
4,0,147,1202,N,False
4,0,138,1202,N,False
4,0,219,1202,N,False
4,0,305,1202,N,False
4,0,153,1202,N,False
4,0,154,1202,N,False
4,0,198,1202,N,False
4,0,294,1202,N,False
4,0,253,1202,N,False
4,0,47,1202,N,False
4,0,35,1202,N,False
4,0,bot13__5,1202,N,False
4,0,bot30__4,1202,N,False
4,24,reel27__4,1202,N,False
4,reel18__7,bot24__1,1202,N,False
4,reel18__7,bot43__5,1202,N,False
4,330,reel11__6,1202,N,False
4,330,reel32__7,1202,N,False
4,103,bot7__2,1202,N,False
4,103,reel26__9,1202,N,False
4,103,reel33__7,1202,N,False
4,58,reel15__6,1202,N,False
4,58,reel26__7,1202,N,False
4,reel14__4,reel12__0,1202,N,False
4,reel14__4,reel7__2,1202,N,False
4,reel14__4,bot21__2,1202,N,False
4,266,reel7__7,1202,N,False
4,266,bot19__1,1202,N,False
4,266,bot20__5,1202,N,False
4,266,reel28__2,1202,N,False
4,266,bot34__4,1202,N,False
4,bot2__7,bot13__8,1202,N,False
4,0,40,1203,N,False
4,72,40,1203,N,False
4,199,40,1203,N,False
4,170,252,1203,N,False
4,0,252,1203,N,False
4,72,252,1203,N,False
4,199,252,1203,N,False
4,0,113,1203,N,False
4,72,113,1203,N,False
4,199,113,1203,N,False
4,170,239,1203,N,False
4,0,239,1203,N,False
4,72,239,1203,N,False
4,199,239,1203,N,False
4,323,239,1203,N,False
4,72,reel23__7,1203,N,False
4,72,reel28__9,1203,N,False
4,72,reel41__5,1203,N,False
4,0,84,1203,N,False
4,51,84,1203,N,False
4,0,31,1203,N,False
4,51,31,1203,N,False
4,0,83,1203,N,False
4,51,83,1203,N,False
4,0,23,1203,N,False
4,51,23,1203,N,False
4,reel20__6,reel6__3,1203,N,False
4,51,reel6__3,1203,N,False
4,51,bot10__7,1203,N,False
4,51,reel27__4,1203,N,False
4,51,reel35__6,1203,N,False
4,170,bot45__5,1203,N,False
4,51,bot45__5,1203,N,False
4,51,reel53__0,1203,N,False
4,reel58__0,127,1203,N,False
4,0,127,1203,N,False
4,0,118,1203,N,False
4,283,118,1203,N,False
4,199,118,1203,N,False
4,283,bot18__9,1203,N,False
4,283,bot53__8,1203,N,False
4,reel1__8,50,1203,N,False
4,0,50,1203,N,False
4,reel1__8,reel5__7,1203,N,False
4,0,2,1203,N,False
4,115,2,1203,N,False
4,0,149,1203,N,False
4,115,149,1203,N,False
4,0,140,1203,N,False
4,115,140,1203,N,False
4,0,220,1203,N,False
4,115,220,1203,N,False
4,0,144,1203,N,False
4,115,144,1203,N,False
4,0,17,1203,N,False
4,115,17,1203,N,False
4,0,190,1203,N,False
4,reel41__7,190,1203,N,False
4,reel41__7,bot42__7,1203,N,False
4,reel41__7,bot44__1,1203,N,False
4,0,230,1203,N,False
4,97,230,1203,N,False
4,0,182,1203,N,False
4,97,182,1203,N,False
4,97,bot3__6,1203,N,False
4,97,bot21__4,1203,N,False
4,228,reel25__4,1203,N,False
4,228,reel44__9,1203,N,False
4,228,bot52__6,1203,N,False
4,170,211,1203,N,False
4,0,211,1203,N,False
4,199,211,1203,N,False
4,170,304,1203,N,False
4,0,304,1203,N,False
4,199,304,1203,N,False
4,0,265,1203,N,False
4,199,265,1203,N,False
4,0,261,1203,N,False
4,199,261,1203,N,False
4,170,186,1203,N,False
4,0,186,1203,N,False
4,199,186,1203,N,False
4,323,186,1203,N,False
4,0,314,1203,N,False
4,199,314,1203,N,False
4,170,98,1203,N,False
4,0,98,1203,N,False
4,199,98,1203,N,False
4,170,203,1203,N,False
4,0,203,1203,N,False
4,199,203,1203,N,False
4,170,315,1203,N,False
4,0,315,1203,N,False
4,5,315,1203,N,False
4,199,315,1203,N,False
4,323,315,1203,N,False
4,0,238,1203,N,False
4,199,238,1203,N,False
4,0,134,1203,N,False
4,199,134,1203,N,False
4,0,161,1203,N,False
4,199,161,1203,N,False
4,170,342,1203,N,False
4,0,342,1203,N,False
4,199,342,1203,N,False
4,0,231,1203,N,False
4,199,231,1203,N,False
4,0,288,1203,N,False
4,199,288,1203,N,False
4,0,13,1203,N,False
4,199,13,1203,N,False
4,199,bot14__9,1203,N,False
4,199,reel31__1,1203,N,False
4,0,248,1203,N,False
4,323,248,1203,N,False
4,170,285,1203,N,False
4,0,285,1203,N,False
4,323,285,1203,N,False
4,170,290,1203,N,False
4,0,290,1203,N,False
4,bot44__5,290,1203,N,False
4,323,290,1203,N,False
4,0,100,1203,N,False
4,323,100,1203,N,False
4,0,297,1203,N,False
4,323,297,1203,N,False
4,0,308,1203,N,False
4,323,308,1203,N,False
4,170,332,1203,N,False
4,0,332,1203,N,False
4,323,332,1203,N,False
4,170,21,1203,N,False
4,0,21,1203,N,False
4,323,21,1203,N,False
4,0,109,1203,N,False
4,323,109,1203,N,False
4,323,bot3__0,1203,N,False
4,323,bot8__6,1203,N,False
4,323,bot39__2,1203,N,False
4,152,181,1203,N,False
4,0,181,1203,N,False
4,152,275,1203,N,False
4,0,275,1203,N,False
4,152,339,1203,N,False
4,0,339,1203,N,False
4,170,268,1203,N,False
4,0,268,1203,N,False
4,170,260,1203,N,False
4,0,260,1203,N,False
4,170,bot6__3,1203,N,False
4,170,reel24__6,1203,N,False
4,170,reel37__4,1203,N,False
4,bot45__6,bot18__2,1203,N,False
4,bot45__6,bot1__2,1203,N,False
4,reel33__0,reel27__2,1203,N,False
4,0,59,1203,N,False
4,reel33__0,59,1203,N,False
4,reel2__3,158,1203,N,False
4,0,158,1203,N,False
4,5,158,1203,N,False
4,reel2__3,bot5__5,1203,N,False
4,reel2__3,reel27__3,1203,N,False
4,reel20__5,61,1203,N,False
4,0,61,1203,N,False
4,reel20__5,reel15__3,1203,N,False
4,reel20__5,bot23__1,1203,N,False
4,reel20__5,bot26__4,1203,N,False
4,reel20__5,reel26__4,1203,N,False
4,reel1__0,241,1203,N,False
4,0,241,1203,N,False
4,0,213,1203,N,False
4,5,213,1203,N,False
4,0,65,1203,N,False
4,0,276,1203,N,False
4,0,133,1203,N,False
4,0,254,1203,N,False
4,0,117,1203,N,False
4,0,135,1203,N,False
4,0,73,1203,N,False
4,0,57,1203,N,False
4,0,344,1203,N,False
4,0,270,1203,N,False
4,0,36,1203,N,False
4,0,88,1203,N,False
4,0,108,1203,N,False
4,0,197,1203,N,False
4,0,333,1203,N,False
4,0,78,1203,N,False
4,0,38,1203,N,False
4,0,27,1203,N,False
4,0,54,1203,N,False
4,0,224,1203,N,False
4,0,146,1203,N,False
4,0,159,1203,N,False
4,0,66,1203,N,False
4,0,255,1203,N,False
4,0,123,1203,N,False
4,0,284,1203,N,False
4,0,104,1203,N,False
4,0,32,1203,N,False
4,0,266,1203,N,False
4,0,278,1203,N,False
4,0,340,1203,N,False
4,0,311,1203,N,False
4,0,16,1203,N,False
4,0,257,1203,N,False
4,0,196,1203,N,False
4,0,303,1203,N,False
4,0,81,1203,N,False
4,0,174,1203,N,False
4,0,293,1203,N,False
4,0,281,1203,N,False
4,0,263,1203,N,False
4,0,162,1203,N,False
4,0,218,1203,N,False
4,0,178,1203,N,False
4,0,195,1203,N,False
4,reel30__7,195,1203,N,False
4,0,8,1203,N,False
4,0,101,1203,N,False
4,0,121,1203,N,False
4,0,306,1203,N,False
4,0,189,1203,N,False
4,0,60,1203,N,False
4,0,259,1203,N,False
4,0,167,1203,N,False
4,0,93,1203,N,False
4,0,6,1203,N,False
4,0,89,1203,N,False
4,0,107,1203,N,False
4,0,29,1203,N,False
4,0,337,1203,N,False
4,0,110,1203,N,False
4,0,86,1203,N,False
4,0,295,1203,N,False
4,0,289,1203,N,False
4,0,321,1203,N,False
4,0,68,1203,N,False
4,0,131,1203,N,False
4,0,22,1203,N,False
4,0,90,1203,N,False
4,0,151,1203,N,False
4,0,145,1203,N,False
4,0,327,1203,N,False
4,0,247,1203,N,False
4,0,282,1203,N,False
4,0,244,1203,N,False
4,0,319,1203,N,False
4,0,233,1203,N,False
4,0,256,1203,N,False
4,0,155,1203,N,False
4,0,147,1203,N,False
4,0,229,1203,N,False
4,0,154,1203,N,False
4,0,336,1203,N,False
4,0,294,1203,N,False
4,0,316,1203,N,False
4,5,316,1203,N,False
4,0,47,1203,N,False
4,0,34,1203,N,False
4,0,35,1203,N,False
4,0,bot2__7,1203,N,False
4,0,bot30__4,1203,N,False
4,0,reel42__2,1203,N,False
4,5,reel6__2,1203,N,False
4,5,reel33__6,1203,N,False
4,reel30__7,bot43__5,1203,N,False
4,reel25__8,reel48__8,1203,N,False
4,bot24__3,reel12__1,1203,N,False
4,reel17__3,reel3__3,1203,N,False
4,reel17__3,reel19__6,1203,N,False
4,reel17__3,bot33__9,1203,N,False
4,reel17__3,bot34__6,1203,N,False
4,reel17__3,bot40__1,1203,N,False
4,reel17__3,bot41__1,1203,N,False
4,reel17__3,reel48__9,1203,N,False
4,170,290,1204,N,False
4,67,290,1204,N,False
4,188,290,1204,N,False
4,25,290,1204,N,False
4,56,290,1204,N,False
4,277,290,1204,N,False
4,239,72,1204,N,False
4,25,72,1204,N,False
4,67,72,1204,N,False
4,199,72,1204,N,False
4,3,72,1204,N,False
4,141,72,1204,N,False
4,56,72,1204,N,False
4,40,72,1204,N,False
4,165,72,1204,N,False
4,257,130,1204,N,False
4,25,130,1204,N,False
4,88,130,1204,N,False
4,213,130,1204,N,False
4,277,130,1204,N,False
4,56,103,1204,N,False
4,25,103,1204,N,False
4,98,103,1204,N,False
4,25,84,1204,N,False
4,304,84,1204,N,False
4,224,84,1204,N,False
4,236,84,1204,N,False
4,276,84,1204,N,False
4,31,84,1204,N,False
4,88,73,1204,N,False
4,1,73,1204,N,False
4,25,73,1204,N,False
4,203,65,1204,N,False
4,261,65,1204,N,False
4,25,65,1204,N,False
4,56,221,1204,N,False
4,45,221,1204,N,False
4,25,221,1204,N,False
4,25,reel35__5,1204,N,False
4,bot36__9,bot47__7,1204,N,False
4,261,16,1204,N,False
4,332,16,1204,N,False
4,80,48,1204,N,False
4,88,48,1204,N,False
4,1,48,1204,N,False
4,199,48,1204,N,False
4,332,48,1204,N,False
4,57,48,1204,N,False
4,203,48,1204,N,False
4,332,bot30__0,1204,N,False
4,332,bot41__0,1204,N,False
4,332,reel50__7,1204,N,False
4,332,reel58__3,1204,N,False
4,332,reel58__5,1204,N,False
4,257,258,1204,N,False
4,295,258,1204,N,False
4,188,258,1204,N,False
4,141,258,1204,N,False
4,40,258,1204,N,False
4,161,258,1204,N,False
4,98,258,1204,N,False
4,141,bot14__2,1204,N,False
4,47,reel31__3,1204,N,False
4,141,reel31__3,1204,N,False
4,141,reel48__4,1204,N,False
4,reel50__6,reel26__9,1204,N,False
4,bot33__2,bot43__7,1204,N,False
4,203,50,1204,N,False
4,reel4__8,50,1204,N,False
4,277,50,1204,N,False
4,reel4__8,reel9__0,1204,N,False
4,reel4__8,reel15__3,1204,N,False
4,reel4__8,reel17__4,1204,N,False
4,249,reel17__4,1204,N,False
4,bot22__5,bot33__5,1204,N,False
4,257,reel28__5,1204,N,False
4,reel44__6,reel28__5,1204,N,False
4,236,bot12__7,1204,N,False
4,56,222,1204,N,False
4,199,222,1204,N,False
4,239,265,1204,N,False
4,67,265,1204,N,False
4,261,265,1204,N,False
4,199,265,1204,N,False
4,56,265,1204,N,False
4,40,265,1204,N,False
4,203,265,1204,N,False
4,98,265,1204,N,False
4,199,reel12__9,1204,N,False
4,199,bot14__9,1204,N,False
4,199,reel20__9,1204,N,False
4,199,reel31__1,1204,N,False
4,80,330,1204,N,False
4,94,330,1204,N,False
4,249,330,1204,N,False
4,80,204,1204,N,False
4,5,204,1204,N,False
4,94,204,1204,N,False
4,57,204,1204,N,False
4,213,204,1204,N,False
4,277,204,1204,N,False
4,249,204,1204,N,False
4,80,299,1204,N,False
4,1,299,1204,N,False
4,94,299,1204,N,False
4,reel19__7,299,1204,N,False
4,249,299,1204,N,False
4,57,24,1204,N,False
4,80,24,1204,N,False
4,94,24,1204,N,False
4,249,24,1204,N,False
4,94,254,1204,N,False
4,249,254,1204,N,False
4,80,101,1204,N,False
4,94,101,1204,N,False
4,249,101,1204,N,False
4,80,266,1204,N,False
4,94,266,1204,N,False
4,249,266,1204,N,False
4,1,194,1204,N,False
4,80,194,1204,N,False
4,94,194,1204,N,False
4,249,194,1204,N,False
4,94,reel57__5,1204,N,False
4,56,207,1204,N,False
4,56,60,1204,N,False
4,239,60,1204,N,False
4,170,341,1204,N,False
4,188,341,1204,N,False
4,304,341,1204,N,False
4,56,341,1204,N,False
4,203,341,1204,N,False
4,56,63,1204,N,False
4,261,63,1204,N,False
4,56,bot1__4,1204,N,False
4,31,bot1__4,1204,N,False
4,56,bot13__4,1204,N,False
4,56,bot27__6,1204,N,False
4,56,bot36__8,1204,N,False
4,203,29,1204,N,False
4,40,29,1204,N,False
4,231,29,1204,N,False
4,40,317,1204,N,False
4,40,307,1204,N,False
4,203,reel2__9,1204,N,False
4,40,reel2__9,1204,N,False
4,40,bot23__0,1204,N,False
4,reel22__1,bot23__0,1204,N,False
4,40,reel33__6,1204,N,False
4,5,reel33__6,1204,N,False
4,reel31__8,reel34__0,1204,N,False
4,40,reel34__0,1204,N,False
4,40,bot35__7,1204,N,False
4,203,268,1204,N,False
4,170,268,1204,N,False
4,261,268,1204,N,False
4,261,bot10__9,1204,N,False
4,261,reel32__6,1204,N,False
4,reel4__9,347,1204,N,False
4,304,347,1204,N,False
4,reel4__9,reel30__0,1204,N,False
4,bot1__9,bot36__3,1204,N,False
4,reel4__9,bot36__3,1204,N,False
4,reel4__9,reel42__5,1204,N,False
4,reel19__7,reel20__2,1204,N,False
4,88,178,1204,N,False
4,231,178,1204,N,False
4,213,178,1204,N,False
4,345,178,1204,N,False
4,bot43__2,bot9__5,1204,N,False
4,5,316,1204,N,False
4,bot16__1,reel6__2,1204,N,False
4,5,reel6__2,1204,N,False
4,5,reel26__2,1204,N,False
4,5,bot56__3,1204,N,False
4,304,bot21__6,1204,N,False
4,reel22__2,bot43__5,1204,N,False
4,reel22__2,bot49__7,1204,N,False
4,bot43__6,reel1__5,1204,N,False
4,277,175,1204,N,False
4,277,22,1204,N,False
4,277,120,1204,N,False
4,reel22__1,294,1204,N,False
4,277,294,1204,N,False
4,277,311,1204,N,False
4,277,reel2__1,1204,N,False
4,277,reel19__5,1204,N,False
4,123,reel16__7,1204,N,False
4,239,reel16__7,1204,N,False
4,239,reel20__1,1204,N,False
4,239,reel39__0,1204,N,False
4,239,bot60__0,1204,N,False
4,170,85,1204,N,False
4,3,85,1204,N,False
4,188,85,1204,N,False
4,188,bot2__5,1204,N,False
4,188,bot7__0,1204,N,False
4,188,reel9__6,1204,N,False
4,188,reel20__3,1204,N,False
4,161,reel22__4,1204,N,False
4,188,reel22__4,1204,N,False
4,reel42__1,reel7__7,1204,N,False
4,88,126,1204,N,False
4,1,126,1204,N,False
4,1,bot1__3,1204,N,False
4,1,bot52__7,1204,N,False
4,bot47__2,bot52__7,1204,N,False
4,55,bot34__1,1204,N,False
4,bot27__1,bot34__1,1204,N,False
4,bot26__2,bot34__1,1204,N,False
4,55,bot45__1,1204,N,False
4,55,reel54__1,1204,N,False
4,reel48__3,reel59__9,1204,N,False
4,295,reel10__2,1204,N,False
4,3,reel1__0,1204,N,False
4,3,bot17__9,1204,N,False
4,3,reel20__5,1204,N,False
4,3,reel20__6,1204,N,False
4,3,reel20__8,1204,N,False
4,3,bot37__1,1204,N,False
4,reel24__1,218,1204,N,False
4,reel24__1,reel26__3,1204,N,False
4,reel24__1,reel44__7,1204,N,False
4,reel26__0,reel13__1,1204,N,False
4,reel26__0,reel39__1,1204,N,False
4,305,bot0__3,1204,N,False
4,305,reel23__2,1204,N,False
4,305,reel55__8,1204,N,False
4,bot16__1,bot13__9,1204,N,False
4,bot16__1,bot33__0,1204,N,False
4,276,reel27__2,1204,N,False
4,67,196,1204,N,False
4,249,196,1204,N,False
4,249,163,1204,N,False
4,249,bot3__6,1204,N,False
4,249,bot30__5,1204,N,False
4,249,reel52__2,1204,N,False
4,202,173,1204,N,False
4,80,173,1204,N,False
4,235,bot9__3,1204,N,False
4,80,bot9__3,1204,N,False
4,80,bot16__9,1204,N,False
4,66,bot1__1,1204,N,False
4,66,bot17__7,1204,N,False
4,66,reel34__4,1204,N,False
4,bot0__9,bot2__9,1204,N,False
4,45,bot2__9,1204,N,False
4,45,bot13__6,1204,N,False
4,133,bot6__1,1204,N,False
4,133,reel19__3,1204,N,False
4,133,bot20__3,1204,N,False
4,233,bot6__9,1204,N,False
4,233,reel29__0,1204,N,False
4,67,bot3__8,1204,N,False
4,67,reel9__9,1204,N,False
4,105,reel23__7,1204,N,False
4,67,reel23__7,1204,N,False
4,67,reel29__1,1204,N,False
4,202,reel2__5,1204,N,False
4,57,reel13__2,1204,N,False
4,bot9__9,319,1204,N,False
4,bot9__9,bot13__0,1204,N,False
4,bot9__9,bot59__1,1204,N,False
4,170,reel24__6,1204,N,False
4,47,reel24__6,1204,N,False
4,47,reel54__6,1204,N,False
4,47,bot55__2,1204,N,False
4,170,260,1204,N,False
4,170,reel37__4,1204,N,False
4,170,reel55__6,1204,N,False
4,reel42__8,reel0__1,1204,N,False
4,104,bot22__8,1204,N,False
4,104,reel27__6,1204,N,False
4,213,340,1204,N,False
4,213,bot2__2,1204,N,False
4,213,bot8__2,1204,N,False
4,213,bot16__3,1204,N,False
4,213,reel33__9,1204,N,False
4,257,bot11__1,1204,N,False
4,88,reel1__1,1204,N,False
4,88,bot14__4,1204,N,False
4,88,bot48__3,1204,N,False
4,88,bot50__4,1204,N,False
4,31,reel0__3,1204,N,False
4,bot10__4,reel0__3,1204,N,False
4,31,reel35__6,1204,N,False
4,31,reel44__9,1204,N,False
4,105,reel46__5,1204,N,False
4,bot26__2,reel8__5,1204,N,False
4,bot27__1,86,1204,N,False
4,bot11__8,bot20__7,1204,N,False
4,bot1__9,bot0__5,1204,N,False
4,123,bot0__5,1204,N,False
4,123,reel15__1,1204,N,False
4,bot0__9,bot9__2,1204,N,False
4,bot0__9,bot30__9,1204,N,False
4,231,bot5__9,1204,N,False
4,231,bot28__2,1204,N,False
4,reel27__3,71,1204,N,False
4,reel27__3,reel32__3,1204,N,False
4,224,bot16__6,1204,N,False
4,224,reel39__5,1204,N,False
4,235,reel10__3,1204,N,False
4,bot10__4,bot49__2,1204,N,False
4,reel22__1,reel35__1,1204,N,False
4,bot47__2,333,1204,N,False
4,bot47__2,reel39__7,1204,N,False
4,bot25__5,81,1204,N,False
4,161,bot33__6,1204,N,False
4,161,bot39__0,1204,N,False
4,bot32__5,bot18__2,1204,N,False
4,165,reel14__1,1204,N,False
4,bot31__7,bot38__3,1204,N,False
4,reel0__8,bot5__8,1204,N,False
4,reel0__8,bot7__4,1204,N,False
4,reel0__8,reel25__2,1204,N,False
4,reel0__8,reel52__1,1204,N,False
4,reel0__8,reel58__8,1204,N,False
4,bot53__4,bot41__8,1205,N,False
4,199,288,1205,N,False
4,25,288,1205,N,False
4,315,288,1205,N,False
4,25,257,1205,N,False
4,141,257,1205,N,False
4,169,257,1205,N,False
4,40,257,1205,N,False
4,26,257,1205,N,False
4,315,257,1205,N,False
4,25,51,1205,N,False
4,25,283,1205,N,False
4,3,283,1205,N,False
4,25,73,1205,N,False
4,203,270,1205,N,False
4,25,270,1205,N,False
4,25,221,1205,N,False
4,56,221,1205,N,False
4,303,221,1205,N,False
4,45,221,1205,N,False
4,186,221,1205,N,False
4,25,reel17__5,1205,N,False
4,25,reel35__5,1205,N,False
4,reel42__2,173,1205,N,False
4,248,38,1205,N,False
4,332,38,1205,N,False
4,141,38,1205,N,False
4,40,329,1205,N,False
4,315,329,1205,N,False
4,9,329,1205,N,False
4,332,329,1205,N,False
4,277,208,1205,N,False
4,332,208,1205,N,False
4,332,bot30__0,1205,N,False
4,332,bot41__0,1205,N,False
4,332,reel58__3,1205,N,False
4,332,reel58__5,1205,N,False
4,183,133,1205,N,False
4,276,133,1205,N,False
4,141,133,1205,N,False
4,40,133,1205,N,False
4,9,133,1205,N,False
4,271,133,1205,N,False
4,26,133,1205,N,False
4,315,133,1205,N,False
4,141,bot14__2,1205,N,False
4,141,bot21__7,1205,N,False
4,141,reel39__2,1205,N,False
4,141,reel48__4,1205,N,False
4,bot38__5,reel35__0,1205,N,False
4,bot47__8,bot55__9,1205,N,False
4,reel5__3,bot7__0,1205,N,False
4,reel5__3,bot26__7,1205,N,False
4,reel5__3,reel46__0,1205,N,False
4,123,bot0__5,1205,N,False
4,123,reel15__1,1205,N,False
4,123,reel16__7,1205,N,False
4,334,reel9__8,1205,N,False
4,334,bot21__8,1205,N,False
4,334,reel28__4,1205,N,False
4,334,bot57__2,1205,N,False
4,bot0__6,181,1205,N,False
4,bot0__6,171,1205,N,False
4,bot0__6,bot11__7,1205,N,False
4,bot0__6,bot25__5,1205,N,False
4,122,bot25__5,1205,N,False
4,3,reel1__8,1205,N,False
4,reel5__7,reel1__8,1205,N,False
4,reel5__7,reel24__4,1205,N,False
4,reel39__3,80,1205,N,False
4,315,80,1205,N,False
4,129,reel24__6,1205,N,False
4,170,reel24__6,1205,N,False
4,129,reel43__7,1205,N,False
4,129,reel52__3,1205,N,False
4,129,reel55__5,1205,N,False
4,79,reel41__0,1205,N,False
4,79,bot47__1,1205,N,False
4,79,bot53__6,1205,N,False
4,reel12__0,bot53__6,1205,N,False
4,203,338,1205,N,False
4,170,268,1205,N,False
4,211,268,1205,N,False
4,261,268,1205,N,False
4,271,268,1205,N,False
4,203,268,1205,N,False
4,203,29,1205,N,False
4,40,29,1205,N,False
4,211,29,1205,N,False
4,203,reel2__9,1205,N,False
4,40,reel2__9,1205,N,False
4,271,314,1205,N,False
4,261,314,1205,N,False
4,199,314,1205,N,False
4,199,reel12__9,1205,N,False
4,158,reel12__9,1205,N,False
4,199,reel31__1,1205,N,False
4,22,reel31__1,1205,N,False
4,3,reel1__0,1205,N,False
4,3,reel20__6,1205,N,False
4,3,reel20__8,1205,N,False
4,3,reel30__7,1205,N,False
4,3,reel49__3,1205,N,False
4,290,bot44__5,1205,N,False
4,183,reel19__3,1205,N,False
4,183,bot36__9,1205,N,False
4,56,207,1205,N,False
4,56,60,1205,N,False
4,158,60,1205,N,False
4,271,63,1205,N,False
4,56,63,1205,N,False
4,261,63,1205,N,False
4,56,bot1__4,1205,N,False
4,56,bot13__4,1205,N,False
4,56,bot19__6,1205,N,False
4,56,bot27__6,1205,N,False
4,169,5,1205,N,False
4,158,5,1205,N,False
4,122,5,1205,N,False
4,315,5,1205,N,False
4,169,121,1205,N,False
4,113,121,1205,N,False
4,315,121,1205,N,False
4,169,reel8__8,1205,N,False
4,169,reel48__9,1205,N,False
4,40,317,1205,N,False
4,158,317,1205,N,False
4,40,307,1205,N,False
4,40,reel3__2,1205,N,False
4,40,bot23__0,1205,N,False
4,bot26__4,bot23__0,1205,N,False
4,40,reel33__6,1205,N,False
4,40,bot35__7,1205,N,False
4,122,284,1205,N,False
4,122,281,1205,N,False
4,122,bot22__2,1205,N,False
4,reel12__0,reel14__4,1205,N,False
4,reel12__0,bot24__4,1205,N,False
4,reel12__0,reel35__4,1205,N,False
4,265,reel1__2,1205,N,False
4,265,reel6__2,1205,N,False
4,265,reel22__8,1205,N,False
4,265,reel28__8,1205,N,False
4,22,reel28__8,1205,N,False
4,315,1,1205,N,False
4,315,reel7__5,1205,N,False
4,315,reel22__2,1205,N,False
4,bot13__7,bot48__7,1205,N,False
4,bot13__7,bot60__4,1205,N,False
4,170,250,1205,N,False
4,170,124,1205,N,False
4,170,260,1205,N,False
4,170,reel37__4,1205,N,False
4,110,reel31__0,1205,N,False
4,110,bot40__6,1205,N,False
4,110,reel52__5,1205,N,False
4,261,reel2__7,1205,N,False
4,261,bot7__7,1205,N,False
4,261,reel8__2,1205,N,False
4,261,bot10__9,1205,N,False
4,276,bot5__1,1205,N,False
4,45,bot5__1,1205,N,False
4,276,reel12__1,1205,N,False
4,276,bot25__6,1205,N,False
4,276,reel27__2,1205,N,False
4,22,bot2__2,1205,N,False
4,104,reel49__5,1205,N,False
4,86,225,1205,N,False
4,86,227,1205,N,False
4,86,bot4__1,1205,N,False
4,86,bot23__6,1205,N,False
4,86,reel24__8,1205,N,False
4,reel15__3,reel4__8,1205,N,False
4,347,reel4__9,1205,N,False
4,reel50__9,78,1205,N,False
4,26,bot0__2,1205,N,False
4,26,bot16__8,1205,N,False
4,26,bot55__3,1205,N,False
4,113,reel19__4,1205,N,False
4,238,reel11__4,1205,N,False
4,bot26__4,reel8__0,1205,N,False
4,bot26__4,bot34__4,1205,N,False
4,bot26__4,bot37__8,1205,N,False
4,reel25__3,bot34__3,1205,N,False
4,reel25__3,reel34__2,1205,N,False
4,reel18__5,bot23__9,1205,N,False
4,reel18__5,reel28__0,1205,N,False
4,211,bot8__5,1205,N,False
4,211,bot34__5,1205,N,False
4,211,reel43__0,1205,N,False
4,248,reel48__8,1205,N,False
4,66,bot1__1,1205,N,False
4,66,bot17__7,1205,N,False
4,66,reel21__5,1205,N,False
4,303,reel37__7,1205,N,False
4,45,reel2__3,1205,N,False
4,158,reel2__3,1205,N,False
4,9,reel5__4,1205,N,False
4,9,reel18__4,1205,N,False
4,158,reel20__3,1205,N,False
4,158,reel59__2,1205,N,False
4,186,reel46__9,1205,N,False
4,reel9__9,294,1205,N,False
4,277,294,1205,N,False
4,reel9__9,reel17__0,1205,N,False
4,277,57,1205,N,False
4,277,120,1205,N,False
4,277,159,1205,N,False
4,277,reel2__1,1205,N,False
4,bot58__8,167,1205,N,False
4,50,314,1206,N,False
4,50,148,1206,N,False
4,9,148,1206,N,False
4,50,146,1206,N,False
4,50,reel17__6,1206,N,False
4,50,reel52__9,1206,N,False
4,50,reel57__8,1206,N,False
4,bot12__6,reel11__9,1206,N,False
4,bot12__6,bot26__3,1206,N,False
4,173,34,1206,N,False
4,173,166,1206,N,False
4,173,bot10__2,1206,N,False
4,reel58__0,reel42__8,1206,N,False
4,332,252,1206,N,False
4,291,252,1206,N,False
4,9,252,1206,N,False
4,265,252,1206,N,False
4,315,252,1206,N,False
4,332,104,1206,N,False
4,315,98,1206,N,False
4,265,98,1206,N,False
4,291,98,1206,N,False
4,332,98,1206,N,False
4,178,38,1206,N,False
4,332,38,1206,N,False
4,9,25,1206,N,False
4,40,25,1206,N,False
4,291,25,1206,N,False
4,332,25,1206,N,False
4,332,67,1206,N,False
4,40,67,1206,N,False
4,9,67,1206,N,False
4,265,67,1206,N,False
4,315,67,1206,N,False
4,332,56,1206,N,False
4,40,56,1206,N,False
4,291,56,1206,N,False
4,9,56,1206,N,False
4,265,56,1206,N,False
4,315,56,1206,N,False
4,332,271,1206,N,False
4,40,271,1206,N,False
4,291,271,1206,N,False
4,9,271,1206,N,False
4,265,271,1206,N,False
4,315,271,1206,N,False
4,180,53,1206,N,False
4,101,53,1206,N,False
4,24,53,1206,N,False
4,332,53,1206,N,False
4,204,53,1206,N,False
4,266,53,1206,N,False
4,315,53,1206,N,False
4,249,53,1206,N,False
4,332,224,1206,N,False
4,40,224,1206,N,False
4,291,224,1206,N,False
4,9,224,1206,N,False
4,315,224,1206,N,False
4,40,200,1206,N,False
4,9,200,1206,N,False
4,332,200,1206,N,False
4,9,170,1206,N,False
4,315,170,1206,N,False
4,332,170,1206,N,False
4,332,26,1206,N,False
4,40,26,1206,N,False
4,291,26,1206,N,False
4,9,26,1206,N,False
4,265,26,1206,N,False
4,315,26,1206,N,False
4,9,285,1206,N,False
4,315,285,1206,N,False
4,332,285,1206,N,False
4,332,bot41__0,1206,N,False
4,332,reel50__7,1206,N,False
4,332,reel58__3,1206,N,False
4,bot11__8,bot20__7,1206,N,False
4,bot11__8,bot36__9,1206,N,False
4,bot11__8,bot46__0,1206,N,False
4,178,bot7__5,1206,N,False
4,178,bot55__6,1206,N,False
4,150,64,1206,N,False
4,150,217,1206,N,False
4,150,bot7__4,1206,N,False
4,150,reel8__5,1206,N,False
4,reel30__4,reel8__5,1206,N,False
4,150,bot17__6,1206,N,False
4,reel10__3,235,1206,N,False
4,bot9__3,235,1206,N,False
4,bot9__8,bot2__9,1206,N,False
4,bot0__9,bot2__9,1206,N,False
4,bot0__9,bot9__2,1206,N,False
4,bot0__9,bot30__9,1206,N,False
4,278,bot10__0,1206,N,False
4,337,reel24__9,1206,N,False
4,278,reel24__9,1206,N,False
4,278,bot34__2,1206,N,False
4,bot43__9,reel9__5,1206,N,False
4,bot43__9,bot39__6,1206,N,False
4,bot15__5,bot38__3,1206,N,False
4,bot9__8,bot19__1,1206,N,False
4,266,bot19__1,1206,N,False
4,reel29__0,233,1206,N,False
4,reel29__0,bot35__5,1206,N,False
4,reel29__0,reel36__0,1206,N,False
4,reel10__3,bot16__7,1206,N,False
4,reel10__3,bot32__1,1206,N,False
4,reel10__3,bot47__7,1206,N,False
4,337,41,1206,N,False
4,19,41,1206,N,False
4,reel30__4,41,1206,N,False
4,reel6__4,47,1206,N,False
4,40,133,1206,N,False
4,9,133,1206,N,False
4,315,133,1206,N,False
4,40,274,1206,N,False
4,40,141,1206,N,False
4,291,141,1206,N,False
4,9,141,1206,N,False
4,40,29,1206,N,False
4,16,29,1206,N,False
4,40,325,1206,N,False
4,265,325,1206,N,False
4,40,307,1206,N,False
4,40,239,1206,N,False
4,265,239,1206,N,False
4,40,257,1206,N,False
4,reel3__1,257,1206,N,False
4,315,257,1206,N,False
4,40,258,1206,N,False
4,291,258,1206,N,False
4,9,258,1206,N,False
4,40,reel2__9,1206,N,False
4,40,reel33__6,1206,N,False
4,reel5__5,bot7__9,1206,N,False
4,reel5__5,bot15__6,1206,N,False
4,reel5__5,reel30__6,1206,N,False
4,reel5__5,bot33__2,1206,N,False
4,reel5__5,reel48__3,1206,N,False
4,291,31,1206,N,False
4,291,7,1206,N,False
4,315,7,1206,N,False
4,291,60,1206,N,False
4,291,129,1206,N,False
4,291,339,1206,N,False
4,315,339,1206,N,False
4,291,bot21__6,1206,N,False
4,291,reel38__7,1206,N,False
4,180,254,1206,N,False
4,101,254,1206,N,False
4,187,254,1206,N,False
4,204,254,1206,N,False
4,266,254,1206,N,False
4,249,254,1206,N,False
4,187,bot6__1,1206,N,False
4,187,bot10__3,1206,N,False
4,187,reel26__6,1206,N,False
4,187,reel40__1,1206,N,False
4,187,reel42__4,1206,N,False
4,reel35__9,reel11__2,1206,N,False
4,reel35__9,reel49__2,1206,N,False
4,reel35__9,reel55__2,1206,N,False
4,180,196,1206,N,False
4,204,196,1206,N,False
4,266,196,1206,N,False
4,249,196,1206,N,False
4,204,reel13__1,1206,N,False
4,reel39__9,reel13__1,1206,N,False
4,204,reel23__3,1206,N,False
4,19,reel23__3,1206,N,False
4,265,238,1206,N,False
4,265,311,1206,N,False
4,265,261,1206,N,False
4,16,261,1206,N,False
4,265,118,1206,N,False
4,16,118,1206,N,False
4,265,reel6__2,1206,N,False
4,265,bot18__5,1206,N,False
4,265,reel41__2,1206,N,False
4,265,bot43__1,1206,N,False
4,315,288,1206,N,False
4,315,1,1206,N,False
4,315,246,1206,N,False
4,315,121,1206,N,False
4,315,136,1206,N,False
4,315,reel7__5,1206,N,False
4,315,reel19__7,1206,N,False
4,315,reel22__2,1206,N,False
4,315,bot23__3,1206,N,False
4,reel2__1,bot6__5,1206,N,False
4,101,bot60__9,1206,N,False
4,337,310,1206,N,False
4,337,32,1206,N,False
4,337,93,1206,N,False
4,337,reel2__6,1206,N,False
4,337,bot31__5,1206,N,False
4,reel38__4,reel58__9,1206,N,False
4,reel29__3,bot33__6,1206,N,False
4,bot16__9,327,1206,N,False
4,86,reel0__0,1206,N,False
4,86,reel2__2,1206,N,False
4,86,reel5__3,1206,N,False
4,86,bot23__6,1206,N,False
4,86,reel30__1,1206,N,False
4,321,bot0__5,1206,N,False
4,bot1__9,bot0__5,1206,N,False
4,321,bot16__3,1206,N,False
4,321,reel31__4,1206,N,False
4,reel44__1,reel26__2,1206,N,False
4,reel44__1,reel0__6,1206,N,False
4,reel4__9,347,1206,N,False
4,reel4__9,reel30__0,1206,N,False
4,reel4__9,reel42__5,1206,N,False
4,249,bot3__6,1206,N,False
4,249,reel9__8,1206,N,False
4,23,190,1206,N,False
4,23,51,1206,N,False
4,23,155,1206,N,False
4,reel39__9,reel46__4,1206,N,False
4,bot11__4,bot4__8,1206,N,False
4,bot11__4,207,1206,N,False
4,16,reel45__7,1206,N,False
4,reel9__3,305,1206,N,False
4,reel9__3,bot31__7,1206,N,False
4,reel9__3,bot32__5,1206,N,False
4,bot6__8,bot8__4,1206,N,False
4,bot32__4,81,1206,N,False
4,bot32__4,bot33__7,1206,N,False
4,reel11__5,reel14__5,1206,N,False
4,reel11__5,reel22__6,1206,N,False
4,reel11__5,bot31__6,1206,N,False
4,reel11__5,reel53__2,1206,N,False
4,reel11__5,reel55__3,1206,N,False
4,reel19__8,reel25__6,1206,N,False
4,19,reel4__3,1206,N,False
4,bot22__6,reel4__3,1206,N,False
4,reel45__0,reel11__1,1206,N,False
4,27,bot6__3,1206,N,False
4,reel33__7,bot43__2,1206,N,False
4,reel8__4,295,1206,N,False
4,9,295,1206,N,False
4,reel8__4,bot14__6,1206,N,False
4,reel8__4,reel22__9,1206,N,False
4,reel8__4,bot23__1,1206,N,False
4,bot25__9,bot23__1,1206,N,False
4,reel8__4,bot26__2,1206,N,False
4,19,115,1206,N,False
4,19,293,1206,N,False
4,19,174,1206,N,False
4,19,214,1206,N,False
4,19,17,1206,N,False
4,19,289,1206,N,False
4,19,reel8__6,1206,N,False
4,9,176,1206,N,False
4,9,297,1206,N,False
4,9,85,1206,N,False
4,9,161,1206,N,False
4,9,66,1206,N,False
4,9,134,1206,N,False
4,9,3,1206,N,False
4,9,reel5__4,1206,N,False
4,9,reel5__6,1206,N,False
4,9,reel18__4,1206,N,False
4,266,reel7__7,1206,N,False
4,266,bot20__5,1206,N,False
4,266,reel28__2,1206,N,False
4,266,bot34__4,1206,N,False
4,266,reel47__6,1206,N,False
4,bot2__7,bot13__8,1206,N,False
4,bot2__7,bot25__7,1206,N,False
4,bot25__9,bot36__0,1206,N,False
4,bot25__9,bot44__2,1206,N,False
4,56,238,1207,N,False
4,239,238,1207,N,False
4,134,238,1207,N,False
4,56,223,1207,N,False
4,239,223,1207,N,False
4,315,223,1207,N,False
4,56,211,1207,N,False
4,239,211,1207,N,False
4,315,211,1207,N,False
4,285,211,1207,N,False
4,239,21,1207,N,False
4,88,21,1207,N,False
4,236,21,1207,N,False
4,332,21,1207,N,False
4,40,21,1207,N,False
4,56,21,1207,N,False
4,122,21,1207,N,False
4,161,21,1207,N,False
4,134,21,1207,N,False
4,315,21,1207,N,False
4,308,21,1207,N,False
4,239,276,1207,N,False
4,224,276,1207,N,False
4,236,276,1207,N,False
4,56,276,1207,N,False
4,122,276,1207,N,False
4,56,118,1207,N,False
4,239,118,1207,N,False
4,161,118,1207,N,False
4,134,118,1207,N,False
4,239,295,1207,N,False
4,239,199,1207,N,False
4,40,199,1207,N,False
4,56,199,1207,N,False
4,161,199,1207,N,False
4,134,199,1207,N,False
4,315,199,1207,N,False
4,239,119,1207,N,False
4,285,119,1207,N,False
4,332,119,1207,N,False
4,56,119,1207,N,False
4,122,119,1207,N,False
4,122,55,1207,N,False
4,239,55,1207,N,False
4,bot35__5,55,1207,N,False
4,56,55,1207,N,False
4,239,109,1207,N,False
4,bot15__1,109,1207,N,False
4,285,109,1207,N,False
4,332,109,1207,N,False
4,56,109,1207,N,False
4,303,109,1207,N,False
4,122,109,1207,N,False
4,40,265,1207,N,False
4,239,265,1207,N,False
4,56,265,1207,N,False
4,239,261,1207,N,False
4,224,261,1207,N,False
4,285,261,1207,N,False
4,56,261,1207,N,False
4,122,261,1207,N,False
4,239,280,1207,N,False
4,236,280,1207,N,False
4,332,280,1207,N,False
4,40,280,1207,N,False
4,122,280,1207,N,False
4,315,280,1207,N,False
4,56,60,1207,N,False
4,239,60,1207,N,False
4,285,60,1207,N,False
4,56,13,1207,N,False
4,236,13,1207,N,False
4,239,13,1207,N,False
4,332,13,1207,N,False
4,239,25,1207,N,False
4,224,25,1207,N,False
4,88,25,1207,N,False
4,236,25,1207,N,False
4,285,25,1207,N,False
4,332,25,1207,N,False
4,40,25,1207,N,False
4,56,25,1207,N,False
4,122,25,1207,N,False
4,239,304,1207,N,False
4,224,304,1207,N,False
4,7,304,1207,N,False
4,236,304,1207,N,False
4,285,304,1207,N,False
4,332,304,1207,N,False
4,40,304,1207,N,False
4,56,304,1207,N,False
4,122,304,1207,N,False
4,161,304,1207,N,False
4,134,304,1207,N,False
4,315,304,1207,N,False
4,308,304,1207,N,False
4,122,123,1207,N,False
4,239,123,1207,N,False
4,239,66,1207,N,False
4,134,66,1207,N,False
4,56,66,1207,N,False
4,122,66,1207,N,False
4,308,66,1207,N,False
4,239,170,1207,N,False
4,285,170,1207,N,False
4,332,170,1207,N,False
4,56,170,1207,N,False
4,122,170,1207,N,False
4,315,170,1207,N,False
4,239,104,1207,N,False
4,332,104,1207,N,False
4,56,104,1207,N,False
4,303,104,1207,N,False
4,122,104,1207,N,False
4,239,98,1207,N,False
4,285,98,1207,N,False
4,332,98,1207,N,False
4,56,98,1207,N,False
4,122,98,1207,N,False
4,315,98,1207,N,False
4,239,reel4__2,1207,N,False
4,239,reel39__0,1207,N,False
4,239,reel57__7,1207,N,False
4,239,bot60__0,1207,N,False
4,7,339,1207,N,False
4,161,339,1207,N,False
4,340,339,1207,N,False
4,315,339,1207,N,False
4,340,bot4__5,1207,N,False
4,340,reel21__2,1207,N,False
4,340,reel37__9,1207,N,False
4,reel19__6,reel37__9,1207,N,False
4,68,bot4__7,1207,N,False
4,68,reel4__7,1207,N,False
4,68,bot10__7,1207,N,False
4,226,reel10__4,1207,N,False
4,68,reel10__4,1207,N,False
4,68,bot13__5,1207,N,False
4,68,bot36__1,1207,N,False
4,7,103,1207,N,False
4,56,103,1207,N,False
4,285,103,1207,N,False
4,285,146,1207,N,False
4,56,221,1207,N,False
4,303,221,1207,N,False
4,285,221,1207,N,False
4,285,196,1207,N,False
4,bot15__1,196,1207,N,False
4,224,9,1207,N,False
4,285,9,1207,N,False
4,56,9,1207,N,False
4,122,9,1207,N,False
4,161,9,1207,N,False
4,134,9,1207,N,False
4,315,9,1207,N,False
4,56,342,1207,N,False
4,122,342,1207,N,False
4,285,342,1207,N,False
4,285,bot7__8,1207,N,False
4,285,reel25__4,1207,N,False
4,285,reel53__9,1207,N,False
4,134,248,1207,N,False
4,236,248,1207,N,False
4,122,248,1207,N,False
4,332,248,1207,N,False
4,7,38,1207,N,False
4,332,38,1207,N,False
4,40,329,1207,N,False
4,308,329,1207,N,False
4,315,329,1207,N,False
4,332,329,1207,N,False
4,40,158,1207,N,False
4,315,158,1207,N,False
4,332,158,1207,N,False
4,332,16,1207,N,False
4,332,reel50__7,1207,N,False
4,332,reel58__3,1207,N,False
4,332,reel58__5,1207,N,False
4,reel33__9,reel49__2,1207,N,False
4,226,144,1207,N,False
4,226,343,1207,N,False
4,226,115,1207,N,False
4,226,28,1207,N,False
4,226,41,1207,N,False
4,230,41,1207,N,False
4,226,333,1207,N,False
4,226,bot26__8,1207,N,False
4,bot26__7,bot31__9,1207,N,False
4,reel36__2,reel30__0,1207,N,False
4,reel46__0,reel30__0,1207,N,False
4,reel36__2,78,1207,N,False
4,reel12__7,reel9__4,1207,N,False
4,bot35__5,reel29__0,1207,N,False
4,reel23__4,reel20__5,1207,N,False
4,reel23__4,reel15__7,1207,N,False
4,reel23__4,reel59__1,1207,N,False
4,224,148,1207,N,False
4,224,bot17__5,1207,N,False
4,224,reel39__5,1207,N,False
4,224,bot45__7,1207,N,False
4,56,297,1207,N,False
4,236,297,1207,N,False
4,122,297,1207,N,False
4,236,121,1207,N,False
4,315,121,1207,N,False
4,236,bot12__7,1207,N,False
4,236,reel39__4,1207,N,False
4,236,bot40__7,1207,N,False
4,236,reel45__1,1207,N,False
4,230,97,1207,N,False
4,40,307,1207,N,False
4,230,307,1207,N,False
4,40,334,1207,N,False
4,134,334,1207,N,False
4,308,334,1207,N,False
4,56,334,1207,N,False
4,40,29,1207,N,False
4,40,317,1207,N,False
4,40,reel3__2,1207,N,False
4,40,reel33__6,1207,N,False
4,187,24,1207,N,False
4,57,24,1207,N,False
4,80,24,1207,N,False
4,57,reel7__2,1207,N,False
4,bot18__7,reel7__2,1207,N,False
4,57,reel13__2,1207,N,False
4,57,reel35__0,1207,N,False
4,122,284,1207,N,False
4,122,3,1207,N,False
4,303,45,1207,N,False
4,122,45,1207,N,False
4,7,31,1207,N,False
4,122,31,1207,N,False
4,308,31,1207,N,False
4,122,235,1207,N,False
4,122,bot22__2,1207,N,False
4,122,bot25__5,1207,N,False
4,122,bot42__1,1207,N,False
4,56,290,1207,N,False
4,56,207,1207,N,False
4,56,341,1207,N,False
4,56,bot1__4,1207,N,False
4,56,bot13__4,1207,N,False
4,56,bot19__6,1207,N,False
4,bot44__9,bot2__7,1207,N,False
4,80,bot2__7,1207,N,False
4,187,254,1207,N,False
4,bot60__5,254,1207,N,False
4,bot18__7,254,1207,N,False
4,187,299,1207,N,False
4,80,299,1207,N,False
4,187,reel42__4,1207,N,False
4,134,bot26__6,1207,N,False
4,134,bot58__8,1207,N,False
4,315,288,1207,N,False
4,161,reel7__5,1207,N,False
4,315,reel7__5,1207,N,False
4,315,reel19__7,1207,N,False
4,bot10__0,bot35__3,1207,N,False
4,161,reel22__4,1207,N,False
4,reel37__5,reel22__4,1207,N,False
4,reel37__5,bot59__5,1207,N,False
4,161,39,1207,N,False
4,161,reel52__0,1207,N,False
4,80,173,1207,N,False
4,80,reel4__9,1207,N,False
4,80,bot9__3,1207,N,False
4,80,bot11__8,1207,N,False
4,80,bot16__9,1207,N,False
4,80,bot25__9,1207,N,False
4,reel19__6,reel17__3,1207,N,False
4,7,22,1207,N,False
4,308,22,1207,N,False
4,bot2__2,22,1207,N,False
4,88,126,1207,N,False
4,88,reel0__2,1207,N,False
4,88,bot7__9,1207,N,False
4,88,bot14__4,1207,N,False
4,88,bot48__3,1207,N,False
4,88,bot50__4,1207,N,False
4,99,reel13__0,1207,N,False
4,99,reel13__5,1207,N,False
4,303,reel2__0,1207,N,False
4,bot2__2,bot25__2,1207,N,False
4,308,bot0__8,1207,N,False
4,308,reel15__3,1207,N,False
4,308,reel18__5,1207,N,False
4,308,bot26__0,1207,N,False
4,bot4__3,64,1207,N,False
4,bot51__6,bot30__4,1208,N,False
4,67,290,1208,N,False
4,188,290,1208,N,False
4,25,290,1208,N,False
4,56,290,1208,N,False
4,176,290,1208,N,False
4,271,290,1208,N,False
4,277,290,1208,N,False
4,25,83,1208,N,False
4,25,288,1208,N,False
4,315,288,1208,N,False
4,67,69,1208,N,False
4,25,69,1208,N,False
4,236,69,1208,N,False
4,105,69,1208,N,False
4,9,69,1208,N,False
4,121,69,1208,N,False
4,119,199,1208,N,False
4,239,199,1208,N,False
4,25,199,1208,N,False
4,67,199,1208,N,False
4,13,199,1208,N,False
4,261,199,1208,N,False
4,128,199,1208,N,False
4,223,199,1208,N,False
4,56,199,1208,N,False
4,271,199,1208,N,False
4,9,199,1208,N,False
4,203,199,1208,N,False
4,200,199,1208,N,False
4,113,199,1208,N,False
4,315,199,1208,N,False
4,88,336,1208,N,False
4,25,336,1208,N,False
4,25,51,1208,N,False
4,119,79,1208,N,False
4,25,79,1208,N,False
4,188,79,1208,N,False
4,67,79,1208,N,False
4,9,79,1208,N,False
4,271,79,1208,N,False
4,200,79,1208,N,False
4,203,65,1208,N,False
4,13,65,1208,N,False
4,261,65,1208,N,False
4,25,65,1208,N,False
4,25,221,1208,N,False
4,285,221,1208,N,False
4,56,221,1208,N,False
4,303,221,1208,N,False
4,45,221,1208,N,False
4,25,reel17__5,1208,N,False
4,reel4__6,reel27__1,1208,N,False
4,25,reel27__1,1208,N,False
4,162,reel35__5,1208,N,False
4,25,reel35__5,1208,N,False
4,332,38,1208,N,False
4,332,77,1208,N,False
4,67,10,1208,N,False
4,332,10,1208,N,False
4,285,10,1208,N,False
4,169,10,1208,N,False
4,200,10,1208,N,False
4,277,10,1208,N,False
4,119,48,1208,N,False
4,80,48,1208,N,False
4,54,48,1208,N,False
4,88,48,1208,N,False
4,332,48,1208,N,False
4,271,48,1208,N,False
4,30,48,1208,N,False
4,203,48,1208,N,False
4,332,bot30__0,1208,N,False
4,332,bot41__0,1208,N,False
4,332,reel50__7,1208,N,False
4,332,reel58__3,1208,N,False
4,332,reel58__5,1208,N,False
4,reel42__5,reel15__2,1208,N,False
4,308,reel15__2,1208,N,False
4,reel42__5,reel24__7,1208,N,False
4,188,133,1208,N,False
4,236,133,1208,N,False
4,9,133,1208,N,False
4,271,133,1208,N,False
4,315,133,1208,N,False
4,271,314,1208,N,False
4,236,314,1208,N,False
4,261,314,1208,N,False
4,119,1,1208,N,False
4,54,1,1208,N,False
4,236,1,1208,N,False
4,88,1,1208,N,False
4,bot26__2,1,1208,N,False
4,315,1,1208,N,False
4,236,reel1__4,1208,N,False
4,236,bot12__7,1208,N,False
4,bot0__5,bot12__7,1208,N,False
4,236,reel45__1,1208,N,False
4,239,265,1208,N,False
4,67,265,1208,N,False
4,13,265,1208,N,False
4,261,265,1208,N,False
4,128,265,1208,N,False
4,223,265,1208,N,False
4,56,265,1208,N,False
4,271,265,1208,N,False
4,203,265,1208,N,False
4,239,238,1208,N,False
4,13,238,1208,N,False
4,261,238,1208,N,False
4,56,238,1208,N,False
4,271,238,1208,N,False
4,203,238,1208,N,False
4,239,59,1208,N,False
4,13,59,1208,N,False
4,261,59,1208,N,False
4,56,59,1208,N,False
4,271,59,1208,N,False
4,203,59,1208,N,False
4,56,207,1208,N,False
4,239,211,1208,N,False
4,13,211,1208,N,False
4,261,211,1208,N,False
4,128,211,1208,N,False
4,223,211,1208,N,False
4,285,211,1208,N,False
4,56,211,1208,N,False
4,271,211,1208,N,False
4,203,211,1208,N,False
4,315,211,1208,N,False
4,271,298,1208,N,False
4,56,298,1208,N,False
4,56,60,1208,N,False
4,239,60,1208,N,False
4,285,60,1208,N,False
4,271,63,1208,N,False
4,56,63,1208,N,False
4,261,63,1208,N,False
4,56,bot1__4,1208,N,False
4,56,bot13__4,1208,N,False
4,204,302,1208,N,False
4,reel30__0,302,1208,N,False
4,315,302,1208,N,False
4,reel30__0,reel17__4,1208,N,False
4,reel30__0,reel36__2,1208,N,False
4,reel30__0,bot38__9,1208,N,False
4,reel30__0,reel46__0,1208,N,False
4,121,206,1208,N,False
4,121,reel3__4,1208,N,False
4,121,reel15__9,1208,N,False
4,121,bot44__6,1208,N,False
4,105,bot44__6,1208,N,False
4,121,reel50__2,1208,N,False
4,bot0__5,321,1208,N,False
4,285,bot7__8,1208,N,False
4,113,bot7__8,1208,N,False
4,bot0__5,bot7__8,1208,N,False
4,bot0__5,bot19__7,1208,N,False
4,119,339,1208,N,False
4,277,339,1208,N,False
4,347,339,1208,N,False
4,136,339,1208,N,False
4,315,339,1208,N,False
4,119,217,1208,N,False
4,150,217,1208,N,False
4,119,64,1208,N,False
4,150,64,1208,N,False
4,203,50,1208,N,False
4,119,50,1208,N,False
4,113,50,1208,N,False
4,277,50,1208,N,False
4,119,229,1208,N,False
4,119,100,1208,N,False
4,150,100,1208,N,False
4,136,146,1208,N,False
4,119,146,1208,N,False
4,285,146,1208,N,False
4,119,bot17__1,1208,N,False
4,119,bot20__4,1208,N,False
4,119,reel24__9,1208,N,False
4,119,reel39__6,1208,N,False
4,136,reel50__3,1208,N,False
4,119,reel50__3,1208,N,False
4,203,268,1208,N,False
4,261,268,1208,N,False
4,271,268,1208,N,False
4,261,reel8__2,1208,N,False
4,277,reel19__5,1208,N,False
4,223,reel19__5,1208,N,False
4,86,225,1208,N,False
4,86,278,1208,N,False
4,86,227,1208,N,False
4,86,177,1208,N,False
4,147,reel0__0,1208,N,False
4,bot9__4,reel0__0,1208,N,False
4,86,reel0__0,1208,N,False
4,86,reel5__3,1208,N,False
4,bot27__7,reel26__2,1208,N,False
4,5,reel26__2,1208,N,False
4,bot27__7,bot31__1,1208,N,False
4,reel30__6,220,1208,N,False
4,reel19__1,243,1208,N,False
4,reel19__1,99,1208,N,False
4,reel19__1,reel41__8,1208,N,False
4,345,bot12__9,1208,N,False
4,345,reel52__5,1208,N,False
4,5,316,1208,N,False
4,bot16__1,reel6__2,1208,N,False
4,5,reel6__2,1208,N,False
4,5,reel33__6,1208,N,False
4,5,reel42__8,1208,N,False
4,5,bot56__3,1208,N,False
4,203,29,1208,N,False
4,16,29,1208,N,False
4,16,reel45__7,1208,N,False
4,27,reel10__5,1208,N,False
4,27,bot36__2,1208,N,False
4,27,reel38__3,1208,N,False
4,203,338,1208,N,False
4,308,338,1208,N,False
4,239,338,1208,N,False
4,203,reel2__9,1208,N,False
4,203,bot28__3,1208,N,False
4,bot23__1,7,1208,N,False
4,347,7,1208,N,False
4,213,7,1208,N,False
4,136,7,1208,N,False
4,308,7,1208,N,False
4,315,7,1208,N,False
4,347,22,1208,N,False
4,308,22,1208,N,False
4,277,22,1208,N,False
4,308,reel15__3,1208,N,False
4,204,57,1208,N,False
4,80,57,1208,N,False
4,277,57,1208,N,False
4,213,57,1208,N,False
4,136,120,1208,N,False
4,277,120,1208,N,False
4,277,294,1208,N,False
4,277,311,1208,N,False
4,239,reel20__1,1208,N,False
4,239,reel39__0,1208,N,False
4,239,bot60__0,1208,N,False
4,9,258,1208,N,False
4,188,258,1208,N,False
4,188,bot2__0,1208,N,False
4,188,bot7__0,1208,N,False
4,188,reel9__6,1208,N,False
4,188,reel9__8,1208,N,False
4,188,bot10__3,1208,N,False
4,188,reel20__3,1208,N,False
4,188,reel22__4,1208,N,False
4,188,bot29__6,1208,N,False
4,188,reel29__3,1208,N,False
4,55,reel3__3,1208,N,False
4,55,reel54__1,1208,N,False
4,reel48__3,233,1208,N,False
4,reel48__3,reel12__1,1208,N,False
4,reel48__3,reel49__0,1208,N,False
4,bot9__4,bot33__1,1208,N,False
4,9,bot33__1,1208,N,False
4,bot9__4,bot41__1,1208,N,False
4,reel4__6,reel11__8,1208,N,False
4,179,reel11__8,1208,N,False
4,reel4__6,reel21__6,1208,N,False
4,reel4__6,bot31__4,1208,N,False
4,169,bot3__0,1208,N,False
4,169,reel8__8,1208,N,False
4,200,bot8__5,1208,N,False
4,162,bot8__5,1208,N,False
4,200,bot20__9,1208,N,False
4,200,reel25__3,1208,N,False
4,200,bot28__4,1208,N,False
4,200,reel28__7,1208,N,False
4,200,bot38__2,1208,N,False
4,200,bot45__0,1208,N,False
4,200,bot58__6,1208,N,False
4,13,reel6__0,1208,N,False
4,147,reel6__0,1208,N,False
4,13,reel24__2,1208,N,False
4,45,reel24__2,1208,N,False
4,13,bot42__2,1208,N,False
4,147,89,1208,N,False
4,reel16__1,89,1208,N,False
4,reel11__9,293,1208,N,False
4,reel11__9,reel47__2,1208,N,False
4,bot0__3,305,1208,N,False
4,204,194,1208,N,False
4,80,194,1208,N,False
4,80,300,1208,N,False
4,204,249,1208,N,False
4,80,249,1208,N,False
4,315,249,1208,N,False
4,213,249,1208,N,False
4,80,bot2__7,1208,N,False
4,80,bot9__3,1208,N,False
4,80,bot16__9,1208,N,False
4,80,bot25__9,1208,N,False
4,bot23__1,bot25__9,1208,N,False
4,80,reel39__3,1208,N,False
4,reel13__7,reel39__3,1208,N,False
4,80,reel40__8,1208,N,False
4,54,bot13__7,1208,N,False
4,bot60__4,bot13__7,1208,N,False
4,bot60__4,reel55__1,1208,N,False
4,45,bot2__9,1208,N,False
4,45,reel2__3,1208,N,False
4,bot8__7,bot5__1,1208,N,False
4,45,bot5__1,1208,N,False
4,45,bot13__6,1208,N,False
4,45,reel20__4,1208,N,False
4,9,reel5__6,1208,N,False
4,9,reel18__4,1208,N,False
4,136,reel9__4,1208,N,False
4,bot5__3,reel0__6,1208,N,False
4,bot5__3,bot51__5,1208,N,False
4,54,reel10__1,1208,N,False
4,54,reel36__3,1208,N,False
4,54,bot41__5,1208,N,False
4,54,reel51__9,1208,N,False
4,128,reel8__9,1208,N,False
4,179,90,1208,N,False
4,179,145,1208,N,False
4,179,reel7__4,1208,N,False
4,213,reel7__4,1208,N,False
4,179,reel51__3,1208,N,False
4,179,bot55__5,1208,N,False
4,150,bot1__6,1208,N,False
4,150,bot7__4,1208,N,False
4,150,bot17__6,1208,N,False
4,195,181,1208,N,False
4,195,306,1208,N,False
4,195,4,1208,N,False
4,195,275,1208,N,False
4,195,273,1208,N,False
4,195,reel24__4,1208,N,False
4,195,reel30__7,1208,N,False
4,147,319,1208,N,False
4,147,219,1208,N,False
4,105,reel5__2,1208,N,False
4,147,reel5__2,1208,N,False
4,147,reel36__9,1208,N,False
4,204,196,1208,N,False
4,67,196,1208,N,False
4,285,196,1208,N,False
4,67,bot3__8,1208,N,False
4,67,reel21__8,1208,N,False
4,67,reel29__1,1208,N,False
4,30,bot0__2,1208,N,False
4,30,reel5__9,1208,N,False
4,30,reel26__5,1208,N,False
4,204,254,1208,N,False
4,204,bot6__0,1208,N,False
4,204,reel13__1,1208,N,False
4,204,reel23__3,1208,N,False
4,bot8__7,bot14__8,1208,N,False
4,bot8__7,bot20__8,1208,N,False
4,bot23__3,bot46__6,1208,N,False
4,104,bot12__1,1208,N,False
4,104,reel49__5,1208,N,False
4,347,bot53__7,1208,N,False
4,176,reel16__4,1208,N,False
4,reel13__7,reel14__2,1208,N,False
4,reel13__7,bot27__2,1208,N,False
4,213,340,1208,N,False
4,213,96,1208,N,False
4,213,bot16__3,1208,N,False
4,213,reel30__5,1208,N,False
4,213,reel37__5,1208,N,False
4,bot33__8,bot23__9,1208,N,False
4,bot33__8,bot13__5,1208,N,False
4,88,126,1208,N,False
4,88,164,1208,N,False
4,285,164,1208,N,False
4,88,reel3__1,1208,N,False
4,88,bot14__4,1208,N,False
4,88,bot48__3,1208,N,False
4,88,bot50__4,1208,N,False
4,105,reel46__5,1208,N,False
4,162,343,1208,N,False
4,162,326,1208,N,False
4,162,333,1208,N,False
4,bot26__3,115,1208,N,False
4,bot26__3,reel2__8,1208,N,False
4,285,reel14__3,1208,N,False
4,285,reel25__4,1208,N,False
4,285,reel53__9,1208,N,False
4,bot58__2,bot42__8,1208,N,False
4,bot11__8,reel4__0,1208,N,False
4,bot11__8,bot20__7,1208,N,False
4,bot11__8,bot36__9,1208,N,False
4,bot11__8,bot46__0,1208,N,False
4,reel0__9,32,1208,N,False
4,reel0__9,102,1208,N,False
4,reel20__2,reel19__7,1208,N,False
4,315,reel19__7,1208,N,False
4,315,reel22__2,1208,N,False
4,81,bot32__4,1208,N,False
4,bot25__5,bot38__6,1208,N,False
4,bot39__6,bot43__9,1208,N,False
4,reel20__2,reel28__2,1208,N,False
4,reel20__2,reel39__8,1208,N,False
4,bot18__3,bot20__5,1209,N,False
4,reel42__8,reel0__1,1209,N,False
4,reel36__1,reel0__1,1209,N,False
4,bot1__7,bot50__2,1209,N,False
4,reel8__0,reel36__3,1209,N,False
4,reel45__9,reel36__3,1209,N,False
4,reel48__0,reel37__1,1209,N,False
4,reel45__9,reel37__1,1209,N,False
4,bot42__3,bot21__3,1209,N,False
4,reel43__0,reel26__5,1209,N,False
4,reel7__2,reel26__5,1209,N,False
4,reel7__2,reel53__7,1209,N,False
4,reel16__0,reel53__7,1209,N,False
4,bot52__6,reel37__9,1209,N,False
4,reel20__4,reel37__9,1209,N,False
4,reel50__0,reel37__9,1209,N,False
4,reel3__8,bot9__4,1209,N,False
4,bot33__1,bot9__4,1209,N,False
4,reel7__1,bot17__8,1209,N,False
4,bot22__3,bot17__8,1209,N,False
4,bot1__6,bot17__8,1209,N,False
4,bot1__1,bot17__8,1209,N,False
4,reel42__9,reel51__0,1209,N,False
4,reel46__6,reel59__0,1209,N,False
4,bot17__1,bot53__9,1209,N,False
4,reel23__2,reel24__3,1209,N,False
4,reel21__6,reel24__3,1209,N,False
4,bot28__6,reel24__3,1209,N,False
4,reel23__2,bot44__5,1209,N,False
4,reel9__3,bot32__5,1209,N,False
4,bot18__2,bot32__5,1209,N,False
4,bot18__2,bot45__6,1209,N,False
4,reel15__5,bot28__9,1209,N,False
4,bot39__8,bot58__2,1209,N,False
4,bot6__7,bot16__8,1209,N,False
4,bot11__4,bot16__8,1209,N,False
4,bot6__7,bot44__4,1209,N,False
4,bot22__1,bot38__5,1209,N,False
4,bot22__1,bot42__1,1209,N,False
4,bot3__1,bot13__6,1209,N,False
4,bot42__9,reel20__2,1209,N,False
4,reel19__7,reel20__2,1209,N,False
4,reel37__3,reel41__4,1209,N,False
4,reel9__3,reel50__6,1209,N,False
4,reel11__5,reel14__5,1209,N,False
4,reel39__7,reel14__5,1209,N,False
4,reel31__1,reel14__5,1209,N,False
4,reel11__5,bot36__6,1209,N,False
4,reel27__7,reel25__3,1209,N,False
4,reel6__9,bot56__6,1209,N,False
4,reel12__6,reel25__1,1209,N,False
4,reel11__1,reel25__1,1209,N,False
4,reel12__6,reel44__3,1209,N,False
4,reel31__3,reel44__3,1209,N,False
4,reel12__6,reel50__4,1209,N,False
4,reel17__8,bot23__9,1209,N,False
4,reel17__8,bot58__1,1209,N,False
4,bot24__4,reel12__0,1209,N,False
4,reel14__4,reel12__0,1209,N,False
4,reel15__3,reel12__0,1209,N,False
4,bot53__6,reel12__0,1209,N,False
4,reel3__5,reel12__0,1209,N,False
4,bot49__9,bot52__0,1209,N,False
4,reel55__0,reel38__8,1209,N,False
4,bot12__5,bot23__4,1209,N,False
4,reel19__0,bot24__1,1209,N,False
4,reel1__1,reel19__6,1209,N,False
4,reel17__3,reel19__6,1209,N,False
4,reel27__3,bot34__6,1209,N,False
4,reel17__3,bot34__6,1209,N,False
4,reel17__3,bot41__1,1209,N,False
4,bot10__1,bot60__6,1209,N,False
4,reel31__5,reel53__1,1209,N,False
4,reel47__4,reel46__5,1209,N,False
4,reel38__7,reel46__5,1209,N,False
4,reel39__0,reel46__5,1209,N,False
4,reel33__0,reel27__2,1209,N,False
4,bot39__7,bot17__6,1209,N,False
4,bot14__9,bot17__6,1209,N,False
4,bot25__5,bot38__6,1209,N,False
4,bot7__9,bot8__7,1209,N,False
4,bot5__1,bot8__7,1209,N,False
4,reel30__6,reel5__5,1209,N,False
4,bot7__9,reel5__5,1209,N,False
4,reel48__3,reel5__5,1209,N,False
4,bot33__2,reel5__5,1209,N,False
4,reel16__0,bot44__0,1209,N,False
4,reel9__6,reel25__0,1209,N,False
4,reel1__7,reel25__0,1209,N,False
4,bot25__7,reel9__0,1209,N,False
4,bot43__6,bot57__0,1209,N,False
4,reel21__3,reel39__4,1209,N,False
4,reel10__7,reel42__0,1209,N,False
4,reel21__3,reel42__0,1209,N,False
4,reel45__5,reel42__0,1209,N,False
4,reel9__5,bot43__9,1209,N,False
4,reel9__5,reel49__9,1209,N,False
4,bot41__7,reel0__0,1209,N,False
4,reel30__9,reel0__0,1209,N,False
4,reel2__9,reel32__4,1209,N,False
4,reel30__9,reel32__4,1209,N,False
4,reel3__6,bot4__5,1209,N,False
4,reel2__9,reel43__8,1209,N,False
4,reel3__6,reel43__8,1209,N,False
4,reel40__9,bot52__9,1209,N,False
4,bot5__7,bot60__2,1209,N,False
4,bot46__0,bot60__2,1209,N,False
4,reel10__7,bot24__3,1209,N,False
4,reel10__7,reel26__4,1209,N,False
4,reel10__7,bot34__2,1209,N,False
4,reel14__4,bot20__7,1209,N,False
4,bot31__8,bot20__7,1209,N,False
4,reel9__9,reel29__3,1209,N,False
4,bot33__6,reel29__3,1209,N,False
4,reel4__0,reel28__1,1209,N,False
4,reel4__0,reel35__7,1209,N,False
4,bot37__8,bot26__4,1209,N,False
4,bot23__0,bot26__4,1209,N,False
4,reel8__0,bot26__4,1209,N,False
4,bot37__8,bot40__6,1209,N,False
4,bot36__0,bot46__6,1209,N,False
4,bot23__3,bot46__6,1209,N,False
4,reel11__4,bot28__1,1209,N,False
4,bot22__4,bot28__1,1209,N,False
4,reel26__1,reel21__9,1209,N,False
4,reel26__1,bot54__2,1209,N,False
4,reel33__6,reel39__1,1209,N,False
4,reel31__2,reel10__8,1209,N,False
4,bot14__4,reel1__4,1209,N,False
4,reel2__1,reel1__4,1209,N,False
4,reel39__7,reel46__9,1209,N,False
4,bot52__1,reel46__9,1209,N,False
4,reel7__8,bot54__5,1209,N,False
4,reel43__7,bot54__5,1209,N,False
4,reel58__3,reel5__9,1209,N,False
4,reel22__2,bot43__5,1209,N,False
4,reel30__7,bot43__5,1209,N,False
4,bot56__8,bot43__5,1209,N,False
4,bot10__4,bot15__4,1209,N,False
4,reel36__5,reel34__2,1209,N,False
4,reel6__8,reel55__4,1209,N,False
4,reel11__4,reel55__4,1209,N,False
4,bot13__9,bot39__5,1209,N,False
4,bot29__9,bot39__5,1209,N,False
4,reel30__0,reel51__8,1209,N,False
4,reel44__0,reel51__8,1209,N,False
4,reel22__4,reel37__5,1209,N,False
4,bot24__9,bot18__1,1209,N,False
4,bot2__1,bot18__1,1209,N,False
4,reel15__1,reel51__4,1209,N,False
4,reel31__8,reel12__1,1209,N,False
4,reel48__3,reel12__1,1209,N,False
4,bot36__5,bot58__7,1209,N,False
4,bot51__0,bot58__7,1209,N,False
4,bot29__0,bot11__0,1209,N,False
4,reel8__0,bot11__0,1209,N,False
4,reel48__2,reel14__9,1209,N,False
4,reel27__3,reel32__3,1209,N,False
4,reel19__5,reel32__3,1209,N,False
4,reel39__5,bot54__4,1209,N,False
4,reel14__8,bot54__0,1209,N,False
4,reel1__3,bot54__0,1209,N,False
4,reel46__2,bot54__0,1209,N,False
4,reel20__6,reel37__2,1209,N,False
4,reel20__6,reel43__5,1209,N,False
4,reel22__2,reel43__5,1209,N,False
4,reel28__9,reel43__5,1209,N,False
4,reel4__6,bot31__4,1209,N,False
4,bot11__2,bot50__1,1209,N,False
4,reel0__5,bot9__1,1209,N,False
4,bot1__1,bot9__1,1209,N,False
4,bot46__7,bot50__6,1209,N,False
4,bot48__3,reel28__4,1209,N,False
4,bot48__3,bot52__3,1209,N,False
4,reel4__5,bot52__3,1209,N,False
4,reel8__4,bot22__5,1209,N,False
4,reel8__4,reel22__9,1209,N,False
4,reel36__7,reel56__0,1209,N,False
4,bot35__9,bot39__9,1209,N,False
4,bot17__5,bot45__0,1209,N,False
4,bot23__7,bot45__0,1209,N,False
4,reel23__4,reel59__1,1209,N,False
4,bot59__3,reel55__1,1209,N,False
4,bot55__8,bot56__7,1209,N,False
4,reel0__5,bot13__7,1209,N,False
4,reel42__8,reel58__0,1209,N,False
4,reel28__0,reel36__9,1209,N,False
4,reel9__6,bot57__6,1209,N,False
4,bot56__3,reel20__3,1209,N,False
4,reel3__2,bot19__2,1209,N,False
4,bot4__0,bot10__5,1209,N,False
4,reel35__6,bot48__5,1209,N,False
4,bot17__5,bot40__8,1209,N,False
4,reel1__8,reel5__7,1209,N,False
4,reel1__8,reel56__1,1209,N,False
4,reel1__1,bot35__5,1209,N,False
4,reel29__0,bot35__5,1209,N,False
4,reel52__1,reel26__9,1209,N,False
4,reel48__3,reel49__0,1209,N,False
4,bot51__0,reel41__7,1209,N,False
4,reel41__8,bot54__1,1209,N,False
4,reel38__5,reel54__2,1209,N,False
4,bot4__2,bot27__7,1209,N,False
4,bot9__9,bot13__0,1209,N,False
4,bot16__6,bot7__0,1209,N,False
4,reel36__8,reel33__7,1209,N,False
4,reel44__0,reel56__7,1209,N,False
4,bot10__0,bot35__3,1209,N,False
4,bot47__2,bot52__7,1209,N,False
4,reel12__5,reel29__2,1209,N,False
4,reel12__5,bot60__3,1209,N,False
4,bot31__7,bot38__3,1209,N,False
4,reel45__4,reel26__0,1210,N,True
4,reel13__1,reel26__0,1210,N,True
4,reel8__4,reel26__0,1210,N,True
4,reel38__0,reel26__0,1210,N,True
4,reel56__7,reel26__0,1210,N,True
4,reel4__9,reel26__0,1210,N,True
4,reel5__9,reel27__8,1210,N,True
4,reel51__4,reel27__8,1210,N,True
4,bot30__2,reel27__8,1210,N,True
4,reel10__0,bot27__3,1210,N,True
4,bot1__6,bot27__3,1210,N,True
4,reel55__8,reel10__3,1210,N,True
4,reel1__9,reel10__3,1210,N,True
4,bot32__0,reel10__3,1210,N,True
4,bot35__2,reel10__3,1210,N,True
4,bot16__7,reel10__3,1210,N,True
4,reel3__8,bot19__8,1210,N,True
4,reel7__2,bot19__8,1210,N,True
4,reel14__1,bot19__8,1210,N,True
4,reel19__4,bot22__5,1210,N,True
4,reel8__4,bot22__5,1210,N,True
4,reel16__9,bot22__5,1210,N,True
4,bot40__2,bot22__5,1210,N,True
4,reel45__3,bot56__1,1210,N,True
4,bot60__5,bot56__1,1210,N,True
4,reel36__2,bot56__1,1210,N,True
4,bot27__0,bot56__1,1210,N,True
4,reel23__2,reel24__3,1210,N,True
4,reel21__6,reel24__3,1210,N,True
4,reel23__2,reel46__1,1210,N,True
4,reel14__5,reel46__1,1210,N,True
4,reel9__3,bot32__5,1210,N,True
4,bot44__4,bot32__5,1210,N,True
4,reel5__9,bot32__5,1210,N,True
4,bot18__2,bot32__5,1210,N,True
4,reel14__5,bot37__7,1210,N,True
4,reel40__1,bot41__4,1210,N,True
4,reel12__0,bot41__4,1210,N,True
4,reel13__4,bot41__4,1210,N,True
4,reel53__1,bot60__1,1210,N,True
4,reel20__8,bot60__1,1210,N,True
4,bot44__3,bot42__1,1210,N,True
4,bot7__9,bot10__4,1210,N,True
4,reel0__3,bot10__4,1210,N,True
4,bot15__4,bot10__4,1210,N,True
4,bot50__5,bot10__4,1210,N,True
4,reel13__5,bot22__3,1210,N,True
4,reel0__3,bot22__3,1210,N,True
4,bot17__8,bot22__3,1210,N,True
4,reel37__5,reel35__3,1210,N,True
4,reel51__7,reel35__3,1210,N,True
4,reel45__3,reel35__3,1210,N,True
4,reel3__0,bot34__3,1210,N,True
4,reel6__3,bot34__3,1210,N,True
4,reel25__3,bot34__3,1210,N,True
4,reel9__6,bot38__8,1210,N,True
4,bot12__2,bot38__8,1210,N,True
4,bot43__3,bot38__8,1210,N,True
4,reel25__5,reel42__1,1210,N,True
4,reel45__3,reel42__1,1210,N,True
4,bot53__8,reel41__4,1210,N,True
4,reel10__2,reel41__4,1210,N,True
4,reel37__3,reel41__4,1210,N,True
4,reel18__6,reel41__4,1210,N,True
4,reel37__3,reel44__8,1210,N,True
4,reel3__1,reel44__8,1210,N,True
4,reel2__2,reel23__1,1210,N,True
4,reel14__0,reel23__1,1210,N,True
4,reel14__0,bot35__0,1210,N,True
4,reel9__3,reel50__6,1210,N,True
4,reel26__9,reel50__6,1210,N,True
4,bot46__2,bot52__2,1210,N,True
4,reel46__5,bot52__2,1210,N,True
4,reel31__6,bot47__4,1210,N,True
4,reel27__0,bot47__4,1210,N,True
4,bot6__1,bot28__6,1210,N,True
4,reel7__4,bot28__6,1210,N,True
4,reel7__4,reel37__0,1210,N,True
4,reel12__6,reel50__4,1210,N,True
4,reel32__5,reel50__4,1210,N,True
4,bot7__9,bot8__7,1210,N,True
4,bot5__1,bot8__7,1210,N,True
4,bot14__8,bot8__7,1210,N,True
4,bot20__8,bot8__7,1210,N,True
4,bot20__8,bot36__9,1210,N,True
4,reel22__9,reel46__8,1210,N,True
4,reel5__2,reel46__8,1210,N,True
4,reel41__1,reel59__9,1210,N,True
4,bot0__4,bot12__9,1210,N,True
4,bot0__4,bot49__9,1210,N,True
4,reel27__2,bot54__8,1210,N,True
4,reel27__2,reel54__0,1210,N,True
4,reel2__4,reel54__0,1210,N,True
4,reel26__2,reel19__6,1210,N,True
4,reel17__3,reel19__6,1210,N,True
4,reel1__6,reel19__6,1210,N,True
4,reel37__9,reel19__6,1210,N,True
4,reel27__3,bot34__6,1210,N,True
4,reel17__3,bot34__6,1210,N,True
4,reel17__3,bot41__1,1210,N,True
4,bot9__4,bot41__1,1210,N,True
4,reel17__3,reel48__9,1210,N,True
4,bot53__4,bot41__8,1210,N,True
4,bot10__6,bot41__8,1210,N,True
4,bot10__1,bot60__6,1210,N,True
4,bot43__4,bot60__6,1210,N,True
4,reel25__1,bot38__1,1210,N,True
4,reel33__1,bot38__1,1210,N,True
4,bot6__6,bot38__1,1210,N,True
4,bot19__0,bot56__6,1210,N,True
4,reel14__1,bot42__7,1210,N,True
4,reel22__9,reel56__8,1210,N,True
4,reel55__9,reel56__8,1210,N,True
4,reel22__9,bot57__8,1210,N,True
4,reel37__2,bot57__8,1210,N,True
4,reel31__8,bot33__4,1210,N,True
4,bot19__4,bot33__4,1210,N,True
4,reel35__1,bot47__9,1210,N,True
4,bot18__1,bot47__9,1210,N,True
4,reel2__4,reel59__7,1210,N,True
4,reel31__9,reel20__0,1210,N,True
4,bot26__8,reel20__0,1210,N,True
4,bot27__2,reel25__6,1210,N,True
4,reel5__9,reel25__6,1210,N,True
4,reel19__8,reel25__6,1210,N,True
4,reel49__7,reel25__6,1210,N,True
4,bot17__5,bot40__8,1210,N,True
4,bot10__5,bot40__8,1210,N,True
4,reel26__1,bot43__7,1210,N,True
4,bot33__2,bot43__7,1210,N,True
4,reel16__3,bot50__2,1210,N,True
4,bot11__9,bot17__0,1210,N,True
4,bot43__8,bot45__8,1210,N,True
4,bot10__7,bot45__8,1210,N,True
4,reel24__4,reel40__6,1210,N,True
4,reel45__2,reel40__6,1210,N,True
4,reel38__5,reel40__6,1210,N,True
4,bot57__5,bot46__8,1210,N,True
4,bot35__6,bot46__8,1210,N,True
4,reel21__4,bot46__8,1210,N,True
4,reel4__9,reel56__6,1210,N,True
4,reel49__2,reel56__6,1210,N,True
4,reel48__7,bot49__4,1210,N,True
4,bot53__2,bot49__4,1210,N,True
4,reel12__2,reel18__7,1210,N,True
4,bot43__5,reel18__7,1210,N,True
4,reel6__2,reel18__7,1210,N,True
4,reel7__9,bot49__1,1210,N,True
4,reel6__2,bot49__1,1210,N,True
4,reel51__7,reel42__7,1210,N,True
4,reel21__7,reel42__7,1210,N,True
4,reel21__7,reel58__7,1210,N,True
4,reel10__7,reel42__0,1210,N,True
4,reel21__3,reel42__0,1210,N,True
4,reel5__1,reel25__4,1210,N,True
4,reel33__2,reel49__4,1210,N,True
4,reel39__8,reel49__4,1210,N,True
4,reel39__8,reel51__0,1210,N,True
4,reel3__8,reel25__2,1210,N,True
4,bot50__5,reel25__2,1210,N,True
4,bot5__8,bot56__5,1210,N,True
4,bot50__5,bot56__5,1210,N,True
4,reel25__1,bot56__5,1210,N,True
4,bot40__1,bot55__2,1210,N,True
4,bot56__7,bot55__2,1210,N,True
4,bot5__7,bot60__2,1210,N,True
4,reel38__5,reel54__2,1210,N,True
4,reel29__2,reel54__2,1210,N,True
4,bot15__7,bot20__9,1210,N,True
4,bot47__0,bot24__5,1210,N,True
4,bot60__0,bot24__5,1210,N,True
4,bot29__9,bot24__5,1210,N,True
4,bot15__7,bot24__5,1210,N,True
4,bot15__7,bot58__2,1210,N,True
4,reel43__9,reel26__8,1210,N,True
4,reel15__4,reel26__8,1210,N,True
4,reel11__6,reel24__2,1210,N,True
4,reel11__6,bot42__3,1210,N,True
4,bot21__3,bot42__3,1210,N,True
4,reel20__2,bot58__3,1210,N,True
4,reel12__0,bot58__3,1210,N,True
4,bot6__5,bot32__2,1210,N,True
4,bot18__1,bot32__2,1210,N,True
4,reel2__6,reel41__6,1210,N,True
4,reel19__4,reel41__6,1210,N,True
4,reel29__5,bot49__6,1210,N,True
4,bot8__3,bot26__9,1210,N,True
4,reel40__2,bot48__1,1210,N,True
4,bot9__3,bot48__1,1210,N,True
4,reel31__2,bot33__5,1210,N,True
4,reel31__2,reel33__5,1210,N,True
4,reel6__1,reel33__5,1210,N,True
4,reel14__7,reel33__5,1210,N,True
4,reel26__2,bot40__0,1210,N,True
4,bot14__4,bot40__0,1210,N,True
4,reel8__5,bot39__6,1210,N,True
4,bot8__1,bot39__6,1210,N,True
4,bot9__4,bot39__6,1210,N,True
4,bot43__9,bot39__6,1210,N,True
4,reel55__1,bot60__4,1210,N,True
4,bot13__7,bot60__4,1210,N,True
4,reel48__0,reel55__7,1210,N,True
4,reel5__5,bot11__8,1210,N,True
4,reel5__5,bot15__6,1210,N,True
4,reel23__4,reel59__1,1210,N,True
4,reel36__0,reel59__1,1210,N,True
4,reel11__4,bot28__1,1210,N,True
4,reel20__2,reel43__2,1210,N,True
4,bot8__2,bot37__0,1210,N,True
4,bot4__3,bot37__0,1210,N,True
4,reel48__4,reel26__3,1210,N,True
4,reel8__8,reel54__7,1210,N,True
4,bot15__5,bot38__3,1210,N,True
4,bot31__7,bot38__3,1210,N,True
4,bot40__5,bot49__8,1210,N,True
4,reel44__6,bot49__8,1210,N,True
4,reel30__0,reel46__0,1210,N,True
4,reel5__3,reel46__0,1210,N,True
4,reel30__0,reel51__8,1210,N,True
4,reel44__0,reel51__8,1210,N,True
4,reel44__7,reel42__9,1210,N,True
4,reel23__3,reel42__9,1210,N,True
4,bot0__5,bot7__8,1210,N,True
4,reel30__6,reel38__1,1210,N,True
4,reel9__6,reel38__1,1210,N,True
4,reel34__8,reel38__1,1210,N,True
4,reel31__8,bot56__2,1210,N,True
4,bot9__2,bot56__2,1210,N,True
4,bot36__5,bot58__7,1210,N,True
4,bot37__9,bot58__7,1210,N,True
4,reel32__0,bot55__0,1210,N,True
4,reel1__9,bot55__0,1210,N,True
4,bot4__5,bot9__0,1210,N,True
4,reel14__8,bot25__9,1210,N,True
4,reel14__8,bot54__0,1210,N,True
4,reel1__3,bot54__0,1210,N,True
4,reel20__6,reel43__5,1210,N,True
4,reel28__9,reel43__5,1210,N,True
4,reel11__8,reel13__9,1210,N,True
4,bot52__9,reel13__9,1210,N,True
4,reel9__2,reel13__9,1210,N,True
4,reel4__5,reel13__9,1210,N,True
4,bot11__2,bot29__0,1210,N,True
4,bot11__2,bot50__3,1210,N,True
4,bot44__0,bot58__6,1210,N,True
4,reel10__2,bot17__7,1210,N,True
4,bot17__5,bot45__0,1210,N,True
4,bot23__7,bot45__0,1210,N,True
4,reel0__0,bot41__7,1210,N,True
4,reel0__0,reel44__4,1210,N,True
4,reel19__8,reel53__9,1210,N,True
4,reel0__0,reel53__9,1210,N,True
4,bot2__9,bot9__8,1210,N,True
4,bot19__1,bot9__8,1210,N,True
4,reel7__9,bot9__8,1210,N,True
4,reel7__9,bot17__2,1210,N,True
4,reel22__1,bot25__1,1210,N,True
4,bot6__1,bot25__3,1210,N,True
4,bot9__5,bot43__2,1210,N,True
4,reel18__2,reel56__2,1210,N,True
4,bot27__1,bot37__5,1210,N,True
4,reel1__6,bot37__5,1210,N,True
4,reel24__0,bot45__4,1210,N,True
4,reel24__0,bot57__1,1210,N,True
4,bot23__9,bot33__8,1210,N,True
4,reel8__6,bot33__8,1210,N,True
4,bot42__0,bot58__4,1210,N,True
4,bot11__3,bot58__4,1210,N,True
4,reel35__0,bot38__5,1210,N,True
4,bot26__8,bot49__7,1210,N,True
4,reel16__4,bot49__7,1210,N,True
4,bot38__6,bot25__5,1210,N,True
4,reel27__3,bot55__4,1210,N,True
4,bot23__8,bot55__4,1210,N,True
4,bot6__0,bot12__0,1210,N,True
4,reel58__4,reel48__1,1210,N,True
4,reel51__5,reel48__1,1210,N,True
4,reel41__8,bot54__1,1210,N,True
4,reel45__1,bot54__4,1210,N,True
4,reel50__0,reel55__0,1210,N,True
4,bot13__7,bot24__1,1210,N,True
4,bot13__0,bot36__6,1210,N,True
4,bot28__9,bot38__4,1210,N,True
4,bot6__5,bot22__2,1210,N,True
4,bot47__2,bot52__7,1210,N,True
4,bot16__6,bot7__0,1211,N,True
4,bot8__8,bot7__0,1211,N,True
4,reel5__3,bot7__0,1211,N,True
4,reel24__9,reel47__9,1211,N,True
4,reel22__8,reel47__9,1211,N,True
4,reel17__6,reel42__0,1211,N,True
4,reel4__0,reel42__9,1211,N,True
4,reel17__6,reel42__9,1211,N,True
4,reel44__7,reel42__9,1211,N,True
4,bot57__4,bot36__2,1211,N,True
4,reel4__8,bot20__8,1211,N,True
4,reel29__9,reel38__3,1211,N,True
4,reel12__4,reel38__3,1211,N,True
4,reel29__9,bot43__7,1211,N,True
4,bot18__3,bot20__5,1211,N,True
4,bot55__5,bot54__1,1211,N,True
4,bot23__2,bot54__1,1211,N,True
4,reel16__3,bot50__2,1211,N,True
4,bot1__7,bot50__2,1211,N,True
4,bot30__5,reel3__7,1211,N,True
4,reel38__5,reel3__7,1211,N,True
4,bot13__3,reel3__7,1211,N,True
4,reel37__2,reel3__7,1211,N,True
4,reel17__2,bot46__9,1211,N,True
4,bot37__1,bot46__9,1211,N,True
4,bot29__5,bot46__9,1211,N,True
4,reel52__6,reel59__3,1211,N,True
4,bot60__5,bot56__1,1211,N,True
4,reel36__2,bot56__1,1211,N,True
4,reel5__4,reel58__4,1211,N,True
4,reel48__1,reel58__4,1211,N,True
4,reel51__6,reel49__7,1211,N,True
4,bot1__2,bot45__6,1211,N,True
4,bot18__2,bot45__6,1211,N,True
4,bot16__4,bot59__0,1211,N,True
4,reel17__0,bot59__0,1211,N,True
4,bot46__3,reel23__5,1211,N,True
4,reel31__3,reel23__5,1211,N,True
4,bot40__8,bot10__5,1211,N,True
4,reel15__2,reel42__5,1211,N,True
4,reel24__7,reel42__5,1211,N,True
4,reel15__2,bot44__8,1211,N,True
4,reel12__7,bot37__0,1211,N,True
4,bot8__2,bot37__0,1211,N,True
4,reel40__1,bot41__4,1211,N,True
4,reel13__4,bot41__4,1211,N,True
4,reel6__3,bot12__8,1211,N,True
4,bot6__7,bot12__8,1211,N,True
4,bot0__0,bot16__0,1211,N,True
4,reel2__7,bot16__0,1211,N,True
4,bot4__9,bot16__0,1211,N,True
4,bot35__1,bot16__0,1211,N,True
4,reel14__6,bot51__1,1211,N,True
4,bot35__1,bot51__1,1211,N,True
4,bot39__0,bot60__1,1211,N,True
4,reel53__1,bot60__1,1211,N,True
4,reel0__3,bot14__1,1211,N,True
4,reel0__3,bot53__0,1211,N,True
4,reel37__5,bot59__5,1211,N,True
4,reel22__7,reel44__8,1211,N,True
4,reel37__3,reel44__8,1211,N,True
4,reel3__1,reel44__8,1211,N,True
4,reel22__7,reel45__4,1211,N,True
4,bot47__6,bot38__8,1211,N,True
4,bot12__2,bot38__8,1211,N,True
4,reel27__8,bot38__8,1211,N,True
4,bot55__6,bot45__2,1211,N,True
4,bot7__6,bot45__2,1211,N,True
4,bot7__6,bot45__3,1211,N,True
4,bot55__3,bot45__3,1211,N,True
4,reel40__7,bot45__3,1211,N,True
4,bot53__8,reel41__4,1211,N,True
4,reel37__3,reel41__4,1211,N,True
4,bot46__2,bot10__1,1211,N,True
4,bot49__0,bot10__1,1211,N,True
4,reel1__1,bot10__1,1211,N,True
4,reel3__8,bot31__6,1211,N,True
4,reel11__5,bot31__6,1211,N,True
4,reel11__5,bot36__6,1211,N,True
4,reel27__9,bot36__6,1211,N,True
4,reel36__6,bot50__8,1211,N,True
4,reel27__7,bot50__8,1211,N,True
4,reel31__6,bot47__4,1211,N,True
4,bot13__1,bot34__9,1211,N,True
4,reel9__9,bot34__9,1211,N,True
4,reel6__0,bot44__2,1211,N,True
4,bot15__7,bot20__9,1211,N,True
4,reel6__9,bot20__9,1211,N,True
4,reel6__9,bot56__6,1211,N,True
4,bot49__9,reel43__6,1211,N,True
4,reel13__4,reel43__6,1211,N,True
4,reel35__5,reel11__6,1211,N,True
4,reel24__2,reel11__6,1211,N,True
4,reel12__6,reel44__3,1211,N,True
4,reel31__3,reel44__3,1211,N,True
4,reel27__8,reel50__4,1211,N,True
4,reel12__6,reel50__4,1211,N,True
4,reel32__5,reel50__4,1211,N,True
4,reel7__6,reel46__0,1211,N,True
4,reel30__0,reel46__0,1211,N,True
4,reel5__3,reel46__0,1211,N,True
4,reel7__6,bot54__3,1211,N,True
4,reel48__1,reel56__2,1211,N,True
4,bot33__8,bot23__9,1211,N,True
4,reel18__5,bot23__9,1211,N,True
4,reel17__8,bot23__9,1211,N,True
4,reel17__8,reel41__2,1211,N,True
4,reel8__7,bot11__9,1211,N,True
4,reel16__6,reel6__1,1211,N,True
4,reel57__5,reel6__1,1211,N,True
4,bot23__0,reel6__1,1211,N,True
4,reel2__3,reel13__3,1211,N,True
4,reel31__7,reel13__3,1211,N,True
4,reel32__9,reel13__3,1211,N,True
4,bot16__5,reel13__3,1211,N,True
4,reel12__9,bot25__8,1211,N,True
4,bot16__5,bot25__8,1211,N,True
4,reel21__9,reel26__1,1211,N,True
4,reel2__7,bot45__4,1211,N,True
4,bot52__4,bot45__4,1211,N,True
4,reel24__0,bot45__4,1211,N,True
4,bot12__5,bot27__5,1211,N,True
4,bot55__1,bot27__5,1211,N,True
4,reel2__6,reel17__9,1211,N,True
4,reel27__2,reel17__9,1211,N,True
4,reel27__2,bot54__8,1211,N,True
4,reel1__1,reel19__6,1211,N,True
4,reel17__3,reel19__6,1211,N,True
4,reel17__3,bot33__9,1211,N,True
4,reel30__4,bot33__9,1211,N,True
4,reel27__3,bot34__6,1211,N,True
4,reel17__3,bot34__6,1211,N,True
4,reel17__3,bot40__1,1211,N,True
4,reel37__2,bot47__5,1211,N,True
4,bot27__4,bot47__5,1211,N,True
4,reel29__5,bot47__5,1211,N,True
4,reel4__1,bot53__1,1211,N,True
4,bot2__2,bot53__1,1211,N,True
4,reel1__3,bot26__5,1211,N,True
4,reel16__6,bot26__5,1211,N,True
4,bot2__6,bot26__5,1211,N,True
4,reel43__3,reel46__8,1211,N,True
4,reel22__9,reel46__8,1211,N,True
4,reel22__9,reel54__5,1211,N,True
4,reel32__5,reel54__5,1211,N,True
4,reel22__9,reel56__8,1211,N,True
4,reel22__9,bot57__0,1211,N,True
4,reel24__1,bot56__9,1211,N,True
4,bot19__4,bot56__9,1211,N,True
4,reel22__2,bot43__5,1211,N,True
4,reel18__7,bot43__5,1211,N,True
4,reel30__7,bot43__5,1211,N,True
4,bot47__6,reel32__8,1211,N,True
4,bot2__4,bot9__0,1211,N,True
4,bot15__8,bot9__0,1211,N,True
4,bot7__9,bot8__7,1211,N,True
4,bot5__1,bot8__7,1211,N,True
4,bot14__8,bot8__7,1211,N,True
4,bot15__4,bot48__9,1211,N,True
4,bot15__9,bot42__8,1211,N,True
4,reel24__2,bot42__8,1211,N,True
4,reel25__4,reel44__4,1211,N,True
4,reel0__0,reel44__4,1211,N,True
4,bot45__9,reel44__4,1211,N,True
4,reel16__3,reel26__2,1211,N,True
4,bot40__0,reel26__2,1211,N,True
4,bot9__8,bot19__1,1211,N,True
4,bot22__5,reel16__9,1211,N,True
4,bot26__0,bot44__0,1211,N,True
4,bot51__8,bot44__0,1211,N,True
4,bot3__6,bot44__0,1211,N,True
4,reel16__0,bot44__0,1211,N,True
4,reel11__9,reel47__2,1211,N,True
4,reel16__0,reel47__2,1211,N,True
4,bot47__8,bot55__9,1211,N,True
4,bot10__7,bot55__9,1211,N,True
4,bot36__3,bot39__3,1211,N,True
4,bot9__2,bot39__3,1211,N,True
4,bot16__3,bot39__3,1211,N,True
4,bot9__7,bot25__0,1211,N,True
4,bot7__4,bot25__0,1211,N,True
4,reel4__0,reel35__7,1211,N,True
4,reel18__5,reel35__7,1211,N,True
4,bot55__7,bot25__2,1211,N,True
4,bot2__2,bot25__2,1211,N,True
4,reel3__1,reel40__2,1211,N,True
4,reel37__7,reel30__2,1211,N,True
4,reel13__2,reel30__2,1211,N,True
4,reel34__7,reel58__6,1211,N,True
4,reel31__3,reel58__6,1211,N,True
4,bot26__0,bot39__5,1211,N,True
4,reel59__4,reel43__8,1211,N,True
4,reel3__6,reel43__8,1211,N,True
4,reel30__9,reel32__4,1211,N,True
4,reel30__9,bot57__7,1211,N,True
4,bot23__0,bot57__7,1211,N,True
4,reel6__3,bot34__3,1211,N,True
4,reel25__3,bot34__3,1211,N,True
4,reel6__3,reel43__7,1211,N,True
4,bot48__6,reel16__2,1211,N,True
4,reel15__7,reel16__2,1211,N,True
4,reel13__2,reel16__2,1211,N,True
4,bot40__6,bot37__8,1211,N,True
4,bot21__2,bot37__8,1211,N,True
4,bot26__4,bot37__8,1211,N,True
4,bot31__0,bot46__1,1211,N,True
4,bot1__1,bot46__1,1211,N,True
4,reel53__4,reel36__8,1211,N,True
4,bot58__1,bot43__4,1211,N,True
4,bot6__5,bot32__2,1211,N,True
4,reel9__4,bot32__2,1211,N,True
4,reel9__4,reel42__7,1211,N,True
4,bot16__3,bot53__9,1211,N,True
4,reel34__1,reel10__9,1211,N,True
4,reel52__0,reel10__9,1211,N,True
4,reel4__5,reel10__9,1211,N,True
4,reel34__1,reel49__8,1211,N,True
4,reel44__9,reel49__8,1211,N,True
4,reel43__9,reel35__2,1211,N,True
4,reel10__8,reel35__2,1211,N,True
4,reel0__6,bot5__3,1211,N,True
4,reel27__8,reel51__4,1211,N,True
4,reel11__0,reel51__0,1211,N,True
4,reel20__1,bot50__3,1211,N,True
4,bot26__6,bot50__3,1211,N,True
4,reel38__0,reel59__5,1211,N,True
4,bot25__4,reel5__2,1211,N,True
4,reel33__6,reel39__1,1211,N,True
4,reel6__7,reel41__5,1211,N,True
4,reel7__8,bot52__1,1211,N,True
4,reel46__9,bot52__1,1211,N,True
4,reel7__8,bot54__5,1211,N,True
4,reel22__5,reel57__9,1211,N,True
4,reel7__8,reel57__9,1211,N,True
4,reel19__9,bot27__0,1211,N,True
4,reel55__1,bot60__4,1211,N,True
4,reel22__0,reel36__0,1211,N,True
4,reel29__0,reel36__0,1211,N,True
4,reel22__0,bot47__0,1211,N,True
4,reel58__9,reel38__4,1211,N,True
4,reel20__3,reel38__4,1211,N,True
4,reel10__4,reel38__4,1211,N,True
4,reel0__1,reel36__1,1211,N,True
4,reel44__2,reel36__1,1211,N,True
4,reel31__4,reel36__1,1211,N,True
4,bot23__0,bot59__7,1211,N,True
4,bot21__3,bot42__3,1211,N,True
4,reel12__9,bot20__2,1211,N,True
4,bot3__7,bot20__2,1211,N,True
4,bot29__5,bot20__2,1211,N,True
4,reel11__4,bot28__1,1211,N,True
4,reel27__9,reel44__0,1211,N,True
4,reel56__7,reel44__0,1211,N,True
4,reel10__4,reel54__7,1211,N,True
4,reel4__4,reel54__7,1211,N,True
4,reel8__8,reel54__7,1211,N,True
4,reel11__7,reel56__3,1211,N,True
4,reel8__1,reel56__3,1211,N,True
4,bot30__1,bot51__2,1211,N,True
4,reel11__2,reel18__9,1211,N,True
4,bot52__9,reel18__9,1211,N,True
4,reel10__8,reel31__2,1211,N,True
4,reel40__8,bot46__0,1211,N,True
4,bot60__2,bot46__0,1211,N,True
4,bot20__0,bot46__0,1211,N,True
4,reel12__1,bot24__3,1211,N,True
4,bot24__9,bot18__1,1211,N,True
4,bot2__1,bot18__1,1211,N,True
4,bot2__1,bot58__4,1211,N,True
4,reel49__4,reel33__2,1211,N,True
4,reel20__7,reel33__2,1211,N,True
4,reel9__8,reel33__2,1211,N,True
4,bot36__5,bot58__7,1211,N,True
4,bot37__9,bot58__7,1211,N,True
4,bot26__4,bot34__4,1211,N,True
4,bot14__9,bot51__6,1211,N,True
4,bot35__2,bot59__8,1211,N,True
4,reel47__5,bot59__8,1211,N,True
4,bot9__6,bot54__4,1211,N,True
4,bot5__0,bot17__3,1211,N,True
4,reel4__6,bot31__4,1211,N,True
4,reel9__8,bot31__4,1211,N,True
4,bot53__8,bot31__4,1211,N,True
4,bot16__1,bot13__9,1211,N,True
4,bot16__1,bot33__2,1211,N,True
4,reel4__3,reel16__4,1211,N,True
4,reel4__3,bot22__6,1211,N,True
4,reel20__7,bot22__6,1211,N,True
4,reel4__3,bot27__8,1211,N,True
4,reel10__4,bot27__8,1211,N,True
4,reel7__1,bot17__8,1211,N,True
4,bot1__1,bot17__8,1211,N,True
4,bot48__3,bot52__3,1211,N,True
4,reel4__5,bot52__3,1211,N,True
4,reel24__3,bot28__6,1211,N,True
4,bot6__1,bot28__6,1211,N,True
4,reel24__3,reel59__1,1211,N,True
4,reel23__4,reel59__1,1211,N,True
4,reel20__0,reel31__9,1211,N,True
4,reel15__4,reel31__9,1211,N,True
4,reel15__4,bot58__0,1211,N,True
4,reel36__7,reel51__2,1211,N,True
4,reel22__2,reel34__5,1211,N,True
4,reel23__4,reel34__5,1211,N,True
4,bot0__7,bot36__1,1211,N,True
4,bot40__6,bot12__4,1211,N,True
4,bot8__6,bot12__4,1211,N,True
4,bot8__1,bot39__6,1211,N,True
4,bot8__6,bot35__8,1211,N,True
4,reel12__5,bot60__3,1211,N,True
4,bot37__6,bot60__3,1211,N,True
4,bot17__6,bot39__7,1211,N,True
4,reel24__7,bot39__7,1211,N,True
4,reel27__5,bot37__4,1211,N,True
4,bot36__0,bot46__6,1211,N,True
4,reel12__4,bot46__6,1211,N,True
4,reel5__3,bot48__4,1211,N,True
4,bot26__8,bot38__0,1211,N,True
4,reel23__7,bot38__0,1211,N,True
4,reel5__6,reel57__2,1211,N,True
4,reel30__6,reel38__1,1211,N,True
4,bot26__8,bot49__7,1211,N,True
4,reel22__2,bot49__7,1211,N,True
4,reel22__2,reel43__5,1211,N,True
4,bot9__1,bot59__6,1211,N,True
4,reel10__4,reel37__0,1211,N,True
4,reel27__4,reel45__5,1211,N,True
4,reel21__1,reel45__5,1211,N,True
4,bot6__0,bot12__0,1211,N,True
4,bot9__9,bot29__6,1211,N,True
4,reel22__8,bot29__6,1211,N,True
4,reel22__8,bot59__2,1211,N,True
4,bot32__8,bot48__7,1211,N,True
4,reel20__4,bot34__0,1211,N,True
4,reel23__6,reel54__2,1211,N,True
4,reel38__5,reel54__2,1211,N,True
4,reel14__6,bot32__7,1211,N,True
4,reel1__3,bot54__0,1211,N,True
4,bot6__5,bot49__5,1211,N,True
4,reel9__0,bot56__4,1211,N,True
4,bot47__2,bot52__7,1211,N,True
4,reel25__3,reel34__2,1211,N,True
4,reel12__5,reel29__2,1211,N,True
4,reel38__7,reel46__5,1211,N,True
4,306,bot8__1,1212,N,True
4,bot2__0,bot8__1,1212,N,True
4,10,bot8__1,1212,N,True
4,306,reel27__8,1212,N,True
4,306,reel52__9,1212,N,True
4,reel27__9,reel35__3,1212,N,True
4,reel27__9,bot36__6,1212,N,True
4,280,reel44__0,1212,N,True
4,reel27__9,reel44__0,1212,N,True
4,25,83,1212,N,True
4,25,336,1212,N,True
4,reel6__3,51,1212,N,True
4,25,51,1212,N,True
4,reel17__4,237,1212,N,True
4,bot1__5,237,1212,N,True
4,25,237,1212,N,True
4,203,270,1212,N,True
4,25,270,1212,N,True
4,25,reel5__0,1212,N,True
4,25,reel27__1,1212,N,True
4,25,reel35__5,1212,N,True
4,180,reel26__3,1212,N,True
4,reel48__4,reel26__3,1212,N,True
4,reel48__4,reel51__9,1212,N,True
4,203,reel2__9,1212,N,True
4,59,reel2__9,1212,N,True
4,reel41__9,reel4__1,1212,N,True
4,112,reel4__1,1212,N,True
4,59,reel4__1,1212,N,True
4,346,reel4__1,1212,N,True
4,59,bot24__2,1212,N,True
4,reel27__2,reel33__0,1212,N,True
4,59,reel33__0,1212,N,True
4,188,208,1212,N,True
4,332,208,1212,N,True
4,285,208,1212,N,True
4,291,208,1212,N,True
4,277,208,1212,N,True
4,231,77,1212,N,True
4,332,77,1212,N,True
4,332,bot30__0,1212,N,True
4,reel2__7,reel50__7,1212,N,True
4,332,reel50__7,1212,N,True
4,332,reel58__3,1212,N,True
4,bot24__0,bot15__7,1212,N,True
4,bot20__9,bot15__7,1212,N,True
4,bot2__5,282,1212,N,True
4,reel30__2,282,1212,N,True
4,bot2__5,bot13__0,1212,N,True
4,bot9__9,bot13__0,1212,N,True
4,bot20__3,bot59__5,1212,N,True
4,bot36__4,bot59__5,1212,N,True
4,178,206,1212,N,True
4,121,206,1212,N,True
4,260,206,1212,N,True
4,bot14__2,bot5__2,1212,N,True
4,260,bot5__2,1212,N,True
4,58,reel15__6,1212,N,True
4,260,reel15__6,1212,N,True
4,260,bot32__6,1212,N,True
4,reel31__3,bot32__6,1212,N,True
4,260,reel39__7,1212,N,True
4,314,bot15__3,1212,N,True
4,314,reel51__6,1212,N,True
4,reel23__7,bot38__0,1212,N,True
4,reel23__7,reel49__3,1212,N,True
4,212,reel1__6,1212,N,True
4,reel39__4,reel36__4,1212,N,True
4,reel39__4,reel21__3,1212,N,True
4,73,reel21__3,1212,N,True
4,134,bot47__8,1212,N,True
4,reel39__4,bot47__8,1212,N,True
4,bot12__7,bot30__2,1212,N,True
4,reel16__0,bot30__2,1212,N,True
4,reel16__0,reel47__2,1212,N,True
4,reel16__0,reel53__7,1212,N,True
4,129,347,1212,N,True
4,168,347,1212,N,True
4,7,347,1212,N,True
4,339,347,1212,N,True
4,129,bot6__7,1212,N,True
4,bot16__8,bot6__7,1212,N,True
4,129,reel6__1,1212,N,True
4,reel16__6,reel6__1,1212,N,True
4,129,reel24__6,1212,N,True
4,129,reel43__7,1212,N,True
4,reel6__3,reel43__7,1212,N,True
4,129,reel49__1,1212,N,True
4,87,reel49__1,1212,N,True
4,129,reel55__5,1212,N,True
4,288,bot3__9,1212,N,True
4,9,reel5__6,1212,N,True
4,288,reel5__6,1212,N,True
4,288,bot24__9,1212,N,True
4,bot24__4,278,1212,N,True
4,bot34__2,278,1212,N,True
4,bot24__4,bot29__7,1212,N,True
4,148,229,1212,N,True
4,reel28__7,229,1212,N,True
4,190,229,1212,N,True
4,bot41__3,229,1212,N,True
4,334,229,1212,N,True
4,109,229,1212,N,True
4,reel28__7,255,1212,N,True
4,reel28__7,reel34__6,1212,N,True
4,16,reel34__6,1212,N,True
4,250,reel31__9,1212,N,True
4,250,bot45__2,1212,N,True
4,250,bot56__4,1212,N,True
4,180,80,1212,N,True
4,101,80,1212,N,True
4,346,80,1212,N,True
4,94,80,1212,N,True
4,48,80,1212,N,True
4,330,80,1212,N,True
4,315,80,1212,N,True
4,213,80,1212,N,True
4,187,80,1212,N,True
4,204,80,1212,N,True
4,266,80,1212,N,True
4,92,80,1212,N,True
4,272,320,1212,N,True
4,346,320,1212,N,True
4,281,320,1212,N,True
4,251,320,1212,N,True
4,94,320,1212,N,True
4,48,320,1212,N,True
4,284,320,1212,N,True
4,reel25__5,320,1212,N,True
4,180,24,1212,N,True
4,101,24,1212,N,True
4,346,24,1212,N,True
4,94,24,1212,N,True
4,187,24,1212,N,True
4,302,24,1212,N,True
4,53,24,1212,N,True
4,266,24,1212,N,True
4,92,24,1212,N,True
4,94,bot50__5,1212,N,True
4,94,reel57__5,1212,N,True
4,339,reel57__5,1212,N,True
4,reel7__5,bot59__9,1212,N,True
4,94,bot59__9,1212,N,True
4,280,reel6__8,1212,N,True
4,123,reel6__8,1212,N,True
4,48,bot19__3,1212,N,True
4,48,bot28__7,1212,N,True
4,174,19,1212,N,True
4,112,19,1212,N,True
4,289,19,1212,N,True
4,reel4__3,19,1212,N,True
4,181,reel14__8,1212,N,True
4,112,reel14__8,1212,N,True
4,reel18__5,reel14__8,1212,N,True
4,reel39__5,reel14__8,1212,N,True
4,bot27__6,reel14__9,1212,N,True
4,112,reel14__9,1212,N,True
4,reel48__2,reel14__9,1212,N,True
4,112,reel18__0,1212,N,True
4,112,reel21__1,1212,N,True
4,71,reel21__1,1212,N,True
4,112,bot25__4,1212,N,True
4,265,reel3__7,1212,N,True
4,166,reel3__7,1212,N,True
4,85,reel3__7,1212,N,True
4,reel14__4,reel7__2,1212,N,True
4,bot18__7,reel7__2,1212,N,True
4,275,reel7__2,1212,N,True
4,85,reel7__2,1212,N,True
4,85,reel39__8,1212,N,True
4,85,reel45__3,1212,N,True
4,reel27__2,reel56__5,1212,N,True
4,85,reel56__5,1212,N,True
4,85,bot59__4,1212,N,True
4,reel8__0,reel36__3,1212,N,True
4,reel45__9,reel36__3,1212,N,True
4,reel16__6,reel37__1,1212,N,True
4,reel48__0,reel37__1,1212,N,True
4,reel27__2,reel37__1,1212,N,True
4,reel45__9,reel37__1,1212,N,True
4,334,reel37__1,1212,N,True
4,39,reel0__1,1212,N,True
4,302,reel0__1,1212,N,True
4,bot2__0,reel0__1,1212,N,True
4,39,bot8__3,1212,N,True
4,39,bot14__6,1212,N,True
4,346,bot14__6,1212,N,True
4,39,bot19__2,1212,N,True
4,39,bot25__1,1212,N,True
4,39,reel48__1,1212,N,True
4,39,reel54__3,1212,N,True
4,331,reel3__4,1212,N,True
4,121,reel3__4,1212,N,True
4,121,bot18__6,1212,N,True
4,38,bot18__6,1212,N,True
4,bot24__0,bot44__6,1212,N,True
4,121,bot44__6,1212,N,True
4,105,bot44__6,1212,N,True
4,reel22__4,reel37__5,1212,N,True
4,213,reel37__5,1212,N,True
4,bot50__8,reel36__6,1212,N,True
4,bot25__6,bot19__7,1212,N,True
4,bot50__8,bot19__7,1212,N,True
4,bot49__8,bot32__9,1212,N,True
4,bot49__8,reel44__6,1212,N,True
4,92,reel44__6,1212,N,True
4,reel55__6,89,1212,N,True
4,reel59__2,89,1212,N,True
4,reel20__9,bot23__7,1212,N,True
4,reel32__6,reel29__8,1212,N,True
4,reel20__9,reel29__8,1212,N,True
4,134,reel5__3,1212,N,True
4,258,reel5__3,1212,N,True
4,337,reel15__1,1212,N,True
4,258,reel15__1,1212,N,True
4,123,reel15__1,1212,N,True
4,258,bot18__1,1212,N,True
4,258,reel41__3,1212,N,True
4,258,reel51__4,1212,N,True
4,bot6__2,bot5__0,1212,N,True
4,231,bot5__0,1212,N,True
4,bot40__9,120,1212,N,True
4,bot6__2,120,1212,N,True
4,136,120,1212,N,True
4,277,120,1212,N,True
4,reel31__1,reel14__5,1212,N,True
4,reel30__8,reel43__1,1212,N,True
4,reel31__1,reel43__1,1212,N,True
4,reel2__7,33,1212,N,True
4,reel22__2,33,1212,N,True
4,reel2__7,reel8__8,1212,N,True
4,169,reel8__8,1212,N,True
4,reel2__7,reel16__8,1212,N,True
4,reel38__9,reel16__8,1212,N,True
4,reel2__7,reel23__3,1212,N,True
4,204,reel23__3,1212,N,True
4,reel2__7,reel30__1,1212,N,True
4,reel47__6,reel23__8,1212,N,True
4,185,bot5__6,1212,N,True
4,203,reel23__0,1212,N,True
4,185,reel23__0,1212,N,True
4,reel4__3,reel23__0,1212,N,True
4,185,reel38__2,1212,N,True
4,reel8__0,reel38__2,1212,N,True
4,185,bot41__6,1212,N,True
4,185,reel58__9,1212,N,True
4,bot2__0,bot45__6,1212,N,True
4,bot2__0,bot48__8,1212,N,True
4,148,bot48__8,1212,N,True
4,29,reel17__0,1212,N,True
4,reel1__0,reel17__0,1212,N,True
4,reel9__9,reel17__0,1212,N,True
4,bot31__2,reel17__0,1212,N,True
4,238,reel11__4,1212,N,True
4,238,reel25__2,1212,N,True
4,238,bot31__7,1212,N,True
4,8,reel30__9,1212,N,True
4,reel46__6,reel30__9,1212,N,True
4,14,reel16__3,1212,N,True
4,reel48__0,reel16__3,1212,N,True
4,reel46__6,reel16__3,1212,N,True
4,92,bot7__4,1212,N,True
4,66,reel21__5,1212,N,True
4,272,reel21__5,1212,N,True
4,92,reel21__5,1212,N,True
4,reel18__5,reel35__7,1212,N,True
4,92,reel35__7,1212,N,True
4,bot58__3,reel20__2,1212,N,True
4,bot58__3,reel39__1,1212,N,True
4,29,247,1212,N,True
4,29,bot9__7,1212,N,True
4,29,bot51__0,1212,N,True
4,reel8__0,bot11__0,1212,N,True
4,126,bot37__9,1212,N,True
4,bot1__5,bot37__9,1212,N,True
4,reel8__0,bot37__9,1212,N,True
4,reel18__5,bot23__9,1212,N,True
4,274,bot6__6,1212,N,True
4,75,bot6__6,1212,N,True
4,reel13__7,reel14__7,1212,N,True
4,75,reel14__7,1212,N,True
4,72,reel28__9,1212,N,True
4,75,reel28__9,1212,N,True
4,75,reel31__0,1212,N,True
4,reel22__0,bot47__0,1212,N,True
4,75,bot47__0,1212,N,True
4,16,reel18__3,1212,N,True
4,16,reel45__7,1212,N,True
4,16,reel50__8,1212,N,True
4,bot55__7,bot25__2,1212,N,True
4,291,bot25__2,1212,N,True
4,bot2__2,bot25__2,1212,N,True
4,bot60__5,bot56__1,1212,N,True
4,reel36__2,bot56__1,1212,N,True
4,reel22__2,bot43__5,1212,N,True
4,reel30__7,bot43__5,1212,N,True
4,123,bot0__5,1212,N,True
4,bot2__2,bot0__5,1212,N,True
4,bot12__7,bot0__5,1212,N,True
4,232,bot0__5,1212,N,True
4,reel22__2,bot49__7,1212,N,True
4,330,reel11__6,1212,N,True
4,reel9__5,reel11__6,1212,N,True
4,330,reel32__7,1212,N,True
4,8,245,1212,N,True
4,reel25__6,245,1212,N,True
4,8,264,1212,N,True
4,8,201,1212,N,True
4,reel0__7,201,1212,N,True
4,8,110,1212,N,True
4,8,193,1212,N,True
4,8,reel1__5,1212,N,True
4,81,reel1__5,1212,N,True
4,285,reel1__5,1212,N,True
4,8,bot37__2,1212,N,True
4,8,bot57__5,1212,N,True
4,reel21__7,reel20__8,1212,N,True
4,reel21__7,reel26__1,1212,N,True
4,196,bot32__7,1212,N,True
4,reel14__6,bot32__7,1212,N,True
4,reel21__7,bot32__7,1212,N,True
4,reel21__7,reel42__7,1212,N,True
4,38,reel12__3,1212,N,True
4,38,bot20__4,1212,N,True
4,203,bot28__3,1212,N,True
4,reel6__3,bot28__3,1212,N,True
4,bot55__0,bot28__3,1212,N,True
4,203,bot42__5,1212,N,True
4,181,152,1212,N,True
4,4,152,1212,N,True
4,275,152,1212,N,True
4,339,152,1212,N,True
4,181,bot0__6,1212,N,True
4,134,bot0__6,1212,N,True
4,181,bot4__0,1212,N,True
4,181,bot46__7,1212,N,True
4,reel39__5,reel1__7,1212,N,True
4,reel39__5,bot54__4,1212,N,True
4,reel45__1,bot54__4,1212,N,True
4,257,reel28__5,1212,N,True
4,302,reel28__5,1212,N,True
4,302,reel30__0,1212,N,True
4,reel17__4,reel30__0,1212,N,True
4,reel36__2,reel30__0,1212,N,True
4,302,reel42__3,1212,N,True
4,reel45__1,reel42__3,1212,N,True
4,266,bot4__6,1212,N,True
4,bot3__0,bot4__6,1212,N,True
4,bot36__4,bot4__6,1212,N,True
4,bot14__2,reel2__8,1212,N,True
4,bot24__3,reel2__8,1212,N,True
4,bot13__6,311,1212,N,True
4,277,311,1212,N,True
4,265,311,1212,N,True
4,132,311,1212,N,True
4,344,311,1212,N,True
4,277,bot7__1,1212,N,True
4,58,171,1212,N,True
4,107,171,1212,N,True
4,217,171,1212,N,True
4,58,reel20__7,1212,N,True
4,58,reel32__9,1212,N,True
4,334,reel32__9,1212,N,True
4,58,bot60__9,1212,N,True
4,101,bot60__9,1212,N,True
4,174,293,1212,N,True
4,bot2__6,293,1212,N,True
4,174,bot1__0,1212,N,True
4,105,bot1__0,1212,N,True
4,174,reel7__8,1212,N,True
4,174,reel8__1,1212,N,True
4,bot6__4,bot3__6,1212,N,True
4,191,reel40__6,1212,N,True
4,87,reel5__9,1212,N,True
4,reel25__6,reel5__9,1212,N,True
4,87,reel8__5,1212,N,True
4,reel41__9,reel8__5,1212,N,True
4,195,reel8__5,1212,N,True
4,bot13__6,bot3__1,1212,N,True
4,188,bot3__1,1212,N,True
4,bot16__6,bot7__0,1212,N,True
4,188,bot7__0,1212,N,True
4,334,reel9__8,1212,N,True
4,188,reel9__8,1212,N,True
4,187,bot10__3,1212,N,True
4,188,bot10__3,1212,N,True
4,reel27__2,reel17__9,1212,N,True
4,188,reel17__9,1212,N,True
4,342,reel17__9,1212,N,True
4,bot9__9,bot29__6,1212,N,True
4,188,bot29__6,1212,N,True
4,bot33__6,reel29__3,1212,N,True
4,reel9__9,reel29__3,1212,N,True
4,188,reel29__3,1212,N,True
4,reel3__5,reel52__7,1212,N,True
4,188,reel52__7,1212,N,True
4,1,bot1__3,1212,N,True
4,257,reel25__7,1212,N,True
4,1,reel25__7,1212,N,True
4,reel19__3,reel25__7,1212,N,True
4,1,bot26__2,1212,N,True
4,1,reel46__2,1212,N,True
4,137,reel46__2,1212,N,True
4,1,bot52__7,1212,N,True
4,reel30__8,reel12__7,1212,N,True
4,53,reel12__7,1212,N,True
4,reel16__7,reel12__7,1212,N,True
4,137,214,1212,N,True
4,289,214,1212,N,True
4,reel30__8,214,1212,N,True
4,bot3__8,214,1212,N,True
4,14,214,1212,N,True
4,reel30__8,reel43__3,1212,N,True
4,reel30__8,reel57__3,1212,N,True
4,168,reel57__3,1212,N,True
4,reel19__3,307,1212,N,True
4,71,307,1212,N,True
4,reel19__3,reel26__8,1212,N,True
4,251,reel26__8,1212,N,True
4,reel19__3,bot28__8,1212,N,True
4,reel3__5,23,1212,N,True
4,190,23,1212,N,True
4,337,reel2__6,1212,N,True
4,190,reel2__6,1212,N,True
4,257,bot11__1,1212,N,True
4,190,bot11__1,1212,N,True
4,190,bot35__6,1212,N,True
4,190,reel41__7,1212,N,True
4,271,reel8__7,1212,N,True
4,342,reel8__7,1212,N,True
4,342,bot24__6,1212,N,True
4,334,bot8__0,1212,N,True
4,334,bot16__3,1212,N,True
4,213,bot16__3,1212,N,True
4,126,bot21__8,1212,N,True
4,334,bot21__8,1212,N,True
4,334,reel21__2,1212,N,True
4,334,reel28__4,1212,N,True
4,334,bot57__2,1212,N,True
4,196,reel29__5,1212,N,True
4,reel15__2,reel29__5,1212,N,True
4,207,bot11__4,1212,N,True
4,bot16__8,bot11__4,1212,N,True
4,reel5__8,bot21__5,1212,N,True
4,bot16__8,bot21__5,1212,N,True
4,reel16__7,bot51__3,1212,N,True
4,346,bot51__3,1212,N,True
4,bot16__8,bot51__3,1212,N,True
4,reel5__8,116,1212,N,True
4,14,116,1212,N,True
4,reel5__8,bot30__9,1212,N,True
4,183,bot30__9,1212,N,True
4,126,bot3__5,1212,N,True
4,295,bot3__5,1212,N,True
4,295,reel33__4,1212,N,True
4,295,reel52__8,1212,N,True
4,reel59__4,reel43__8,1212,N,True
4,reel9__5,bot43__9,1212,N,True
4,bot26__0,bot13__3,1212,N,True
4,bot26__0,bot16__2,1212,N,True
4,bot26__0,bot39__5,1212,N,True
4,reel6__3,bot12__8,1212,N,True
4,156,reel20__6,1212,N,True
4,reel6__3,reel20__6,1212,N,True
4,81,bot32__4,1212,N,True
4,reel6__3,bot32__4,1212,N,True
4,bot33__7,bot32__4,1212,N,True
4,reel6__3,reel37__4,1212,N,True
4,169,125,1212,N,True
4,136,125,1212,N,True
4,273,reel0__0,1212,N,True
4,273,bot60__2,1212,N,True
4,265,reel1__2,1212,N,True
4,reel2__5,reel1__2,1212,N,True
4,bot5__1,202,1212,N,True
4,166,202,1212,N,True
4,reel2__5,202,1212,N,True
4,281,bot15__2,1212,N,True
4,reel2__5,bot15__2,1212,N,True
4,reel2__5,bot21__4,1212,N,True
4,187,reel26__6,1212,N,True
4,187,reel42__4,1212,N,True
4,148,146,1212,N,True
4,339,146,1212,N,True
4,313,146,1212,N,True
4,285,146,1212,N,True
4,317,146,1212,N,True
4,136,146,1212,N,True
4,53,146,1212,N,True
4,331,reel5__1,1212,N,True
4,53,reel5__1,1212,N,True
4,265,reel6__2,1212,N,True
4,265,bot18__5,1212,N,True
4,265,reel22__8,1212,N,True
4,265,reel23__9,1212,N,True
4,bot42__6,reel35__2,1212,N,True
4,265,reel35__2,1212,N,True
4,reel38__9,reel35__2,1212,N,True
4,265,reel41__2,1212,N,True
4,bot21__1,reel11__9,1212,N,True
4,109,reel11__9,1212,N,True
4,331,bot12__9,1212,N,True
4,331,reel59__9,1212,N,True
4,107,bot20__0,1212,N,True
4,reel8__2,bot20__0,1212,N,True
4,reel8__2,reel50__1,1212,N,True
4,reel4__3,reel16__4,1212,N,True
4,reel4__3,bot22__6,1212,N,True
4,reel4__3,bot27__8,1212,N,True
4,bot54__1,bot23__2,1212,N,True
4,126,bot55__5,1212,N,True
4,bot54__1,bot55__5,1212,N,True
4,reel25__5,reel21__0,1212,N,True
4,82,reel42__1,1212,N,True
4,reel25__5,reel42__1,1212,N,True
4,284,108,1212,N,True
4,281,108,1212,N,True
4,251,108,1212,N,True
4,272,108,1212,N,True
4,272,184,1212,N,True
4,346,184,1212,N,True
4,251,184,1212,N,True
4,284,184,1212,N,True
4,281,184,1212,N,True
4,284,36,1212,N,True
4,281,36,1212,N,True
4,251,36,1212,N,True
4,284,135,1212,N,True
4,281,135,1212,N,True
4,251,135,1212,N,True
4,284,139,1212,N,True
4,281,139,1212,N,True
4,251,139,1212,N,True
4,284,309,1212,N,True
4,281,309,1212,N,True
4,251,309,1212,N,True
4,284,reel8__6,1212,N,True
4,284,bot11__6,1212,N,True
4,172,bot11__6,1212,N,True
4,284,bot39__8,1212,N,True
4,132,bot0__4,1212,N,True
4,132,bot7__3,1212,N,True
4,132,reel16__5,1212,N,True
4,132,reel38__5,1212,N,True
4,132,bot39__4,1212,N,True
4,132,reel47__7,1212,N,True
4,132,bot51__9,1212,N,True
4,bot0__2,bot18__8,1212,N,True
4,reel1__0,241,1212,N,True
4,bot31__0,reel13__4,1212,N,True
4,337,reel13__4,1212,N,True
4,bot41__4,reel13__4,1212,N,True
4,123,reel13__4,1212,N,True
4,bot31__0,bot22__1,1212,N,True
4,104,bot22__1,1212,N,True
4,82,bot1__6,1212,N,True
4,82,bot7__6,1212,N,True
4,211,bot34__5,1212,N,True
4,82,bot34__5,1212,N,True
4,82,bot53__4,1212,N,True
4,82,bot58__0,1212,N,True
4,107,reel47__8,1212,N,True
4,172,reel3__6,1212,N,True
4,172,bot5__4,1212,N,True
4,346,bot5__4,1212,N,True
4,172,bot8__9,1212,N,True
4,bot39__0,bot13__1,1212,N,True
4,172,bot13__1,1212,N,True
4,172,bot15__0,1212,N,True
4,reel59__2,reel17__2,1212,N,True
4,bot18__7,reel1__1,1212,N,True
4,235,reel10__3,1212,N,True
4,251,reel10__3,1212,N,True
4,251,bot17__0,1212,N,True
4,338,reel19__8,1212,N,True
4,251,reel19__8,1212,N,True
4,reel25__6,reel19__8,1212,N,True
4,251,reel55__1,1212,N,True
4,251,reel55__4,1212,N,True
4,reel9__7,bot12__0,1212,N,True
4,bot6__0,bot12__0,1212,N,True
4,reel40__5,reel38__8,1212,N,True
4,reel40__5,reel54__6,1212,N,True
4,66,bot1__1,1212,N,True
4,66,bot17__7,1212,N,True
4,66,reel34__4,1212,N,True
4,196,bot20__1,1212,N,True
4,196,bot53__1,1212,N,True
4,bot2__2,bot53__1,1212,N,True
4,196,bot54__2,1212,N,True
4,reel3__5,bot8__4,1212,N,True
4,71,bot8__4,1212,N,True
4,71,bot11__2,1212,N,True
4,324,bot11__2,1212,N,True
4,bot36__4,bot33__1,1212,N,True
4,9,bot33__1,1212,N,True
4,bot36__4,bot45__3,1212,N,True
4,bot55__3,bot45__3,1212,N,True
4,9,reel18__4,1212,N,True
4,reel9__7,bot12__3,1212,N,True
4,bot2__2,bot12__3,1212,N,True
4,reel24__3,reel23__2,1212,N,True
4,reel24__3,bot28__6,1212,N,True
4,bot6__1,bot28__6,1212,N,True
4,reel14__4,bot20__7,1212,N,True
4,reel14__4,bot21__2,1212,N,True
4,317,bot21__2,1212,N,True
4,reel14__4,reel35__1,1212,N,True
4,reel13__9,reel11__8,1212,N,True
4,reel13__9,reel15__0,1212,N,True
4,reel13__9,bot40__8,1212,N,True
4,reel13__9,reel42__6,1212,N,True
4,reel13__9,bot49__2,1212,N,True
4,reel13__9,bot52__9,1212,N,True
4,reel9__9,bot34__9,1212,N,True
4,reel16__7,bot28__1,1212,N,True
4,reel16__7,reel43__2,1212,N,True
4,reel16__7,reel59__7,1212,N,True
4,252,reel31__2,1212,N,True
4,reel30__2,267,1212,N,True
4,180,reel11__5,1212,N,True
4,221,reel11__5,1212,N,True
4,reel31__3,reel23__5,1212,N,True
4,reel31__3,reel44__3,1212,N,True
4,reel31__3,reel58__6,1212,N,True
4,reel36__7,reel56__0,1212,N,True
4,reel7__5,bot18__9,1212,N,True
4,reel0__6,bot5__3,1212,N,True
4,reel0__6,reel44__1,1212,N,True
4,274,bot0__0,1212,N,True
4,bot8__6,bot0__0,1212,N,True
4,73,bot0__0,1212,N,True
4,126,bot1__2,1212,N,True
4,73,bot1__2,1212,N,True
4,338,bot33__5,1212,N,True
4,bot32__8,155,1212,N,True
4,bot32__8,bot48__7,1212,N,True
4,reel20__4,216,1212,N,True
4,reel27__2,216,1212,N,True
4,reel20__4,reel25__9,1212,N,True
4,reel20__4,bot34__0,1212,N,True
4,reel45__1,reel6__4,1212,N,True
4,222,240,1212,N,True
4,222,bot5__7,1212,N,True
4,222,reel37__3,1212,N,True
4,234,bot13__5,1212,N,True
4,reel12__2,reel18__7,1212,N,True
4,180,bot24__7,1212,N,True
4,reel12__2,bot24__7,1212,N,True
4,reel9__7,198,1212,N,True
4,166,198,1212,N,True
4,reel57__6,198,1212,N,True
4,166,173,1212,N,True
4,166,bot1__8,1212,N,True
4,166,reel13__5,1212,N,True
4,166,reel32__2,1212,N,True
4,211,reel54__9,1212,N,True
4,166,reel54__9,1212,N,True
4,reel18__6,reel4__0,1212,N,True
4,reel18__6,reel41__4,1212,N,True
4,290,reel57__8,1212,N,True
4,reel14__6,6,1212,N,True
4,bot12__7,6,1212,N,True
4,337,167,1212,N,True
4,reel14__6,167,1212,N,True
4,137,167,1212,N,True
4,bot33__9,bot51__1,1212,N,True
4,reel14__6,bot51__1,1212,N,True
4,bot17__2,reel7__9,1212,N,True
4,291,reel7__9,1212,N,True
4,291,bot21__6,1212,N,True
4,291,bot52__5,1212,N,True
4,246,reel0__3,1212,N,True
4,204,reel0__3,1212,N,True
4,reel7__0,reel36__5,1212,N,True
4,134,bot26__6,1212,N,True
4,317,bot26__6,1212,N,True
4,134,bot35__2,1212,N,True
4,134,bot58__8,1212,N,True
4,bot9__9,319,1212,N,True
4,bot9__9,bot7__9,1212,N,True
4,bot9__9,bot59__1,1212,N,True
4,217,bot59__1,1212,N,True
4,344,reel27__5,1212,N,True
4,218,bot3__4,1212,N,True
4,218,bot11__3,1212,N,True
4,bot17__2,bot13__8,1212,N,True
4,218,bot13__8,1212,N,True
4,218,bot18__2,1212,N,True
4,10,bot26__1,1212,N,True
4,218,bot26__1,1212,N,True
4,218,reel55__3,1212,N,True
4,218,bot56__7,1212,N,True
4,337,32,1212,N,True
4,137,32,1212,N,True
4,337,93,1212,N,True
4,137,93,1212,N,True
4,337,243,1212,N,True
4,137,243,1212,N,True
4,337,reel24__9,1212,N,True
4,324,301,1212,N,True
4,217,150,1212,N,True
4,324,150,1212,N,True
4,324,340,1212,N,True
4,339,340,1212,N,True
4,7,340,1212,N,True
4,213,340,1212,N,True
4,246,340,1212,N,True
4,324,27,1212,N,True
4,81,reel27__6,1212,N,True
4,104,reel27__6,1212,N,True
4,bot5__1,bot54__9,1212,N,True
4,104,bot54__9,1212,N,True
4,297,bot22__9,1212,N,True
4,bot8__5,162,1212,N,True
4,126,bot5__9,1212,N,True
4,231,bot5__9,1212,N,True
4,289,bot5__9,1212,N,True
4,reel15__9,reel33__7,1212,N,True
4,reel0__7,bot2__7,1212,N,True
4,reel13__7,reel14__2,1212,N,True
4,168,reel39__3,1212,N,True
4,reel13__7,reel39__3,1212,N,True
4,213,reel7__4,1212,N,True
4,bot6__1,bot8__2,1212,N,True
4,213,bot8__2,1212,N,True
4,213,bot11__7,1212,N,True
4,213,bot34__8,1212,N,True
4,126,bot21__9,1212,N,True
4,bot18__4,bot27__7,1212,N,True
4,180,reel18__1,1212,N,True
4,180,bot50__9,1212,N,True
4,137,140,1212,N,True
4,137,312,1212,N,True
4,14,312,1212,N,True
4,137,115,1212,N,True
4,14,115,1212,N,True
4,137,17,1212,N,True
4,137,326,1212,N,True
4,14,326,1212,N,True
4,137,reel10__5,1212,N,True
4,137,reel31__8,1212,N,True
4,137,bot37__6,1212,N,True
4,137,reel49__4,1212,N,True
4,bot42__6,bot10__5,1212,N,True
4,7,reel1__8,1212,N,True
4,reel56__1,reel1__8,1212,N,True
4,275,bot32__3,1212,N,True
4,105,bot46__5,1212,N,True
4,105,reel46__5,1212,N,True
4,reel39__0,reel46__5,1212,N,True
4,274,bot17__1,1212,N,True
4,reel27__2,reel49__0,1212,N,True
4,reel27__2,reel54__0,1212,N,True
4,156,bot51__8,1212,N,True
4,72,reel41__5,1212,N,True
4,bot13__6,bot36__2,1212,N,True
4,reel25__6,bot36__2,1212,N,True
4,bot33__9,reel30__4,1212,N,True
4,bot33__9,reel17__3,1212,N,True
4,bot34__6,reel17__3,1212,N,True
4,298,reel17__3,1212,N,True
4,bot33__9,bot43__6,1212,N,True
4,bot33__9,bot44__7,1212,N,True
4,bot55__4,bot23__8,1212,N,True
4,285,164,1212,N,True
4,285,reel14__3,1212,N,True
4,178,bot7__5,1212,N,True
4,10,bot7__5,1212,N,True
4,178,bot55__6,1212,N,True
4,reel33__9,reel49__2,1212,N,True
4,bot56__6,bot19__0,1212,N,True
4,reel26__7,reel15__4,1212,N,True
4,123,bot18__3,1212,N,True
4,123,reel22__7,1212,N,True
4,10,bot27__5,1212,N,True
4,10,bot33__2,1212,N,True
4,10,bot39__7,1212,N,True
4,reel3__5,bot29__5,1212,N,True
4,14,20,1212,N,True
4,14,144,1212,N,True
4,14,226,1212,N,True
4,14,151,1212,N,True
4,14,28,1212,N,True
4,14,149,1212,N,True
4,bot2__6,343,1212,N,True
4,14,343,1212,N,True
4,bot2__8,bot14__0,1212,N,True
4,14,bot14__0,1212,N,True
4,reel36__0,reel35__6,1212,N,True
4,14,reel35__6,1212,N,True
4,bot21__1,reel10__4,1212,N,True
4,bot7__7,bot40__4,1212,N,True
4,reel16__6,bot26__5,1212,N,True
4,bot2__6,bot26__5,1212,N,True
4,reel22__0,bot46__3,1212,N,True
4,reel20__3,reel38__4,1212,N,True
4,reel20__3,bot56__3,1212,N,True
4,298,reel50__0,1212,N,True
4,reel48__0,reel55__7,1212,N,True
4,reel36__0,reel29__0,1212,N,True
4,reel39__0,reel59__5,1212,N,True
4,bot39__2,bot48__5,1212,N,True
4,bot5__1,bot8__7,1212,N,True
4,315,reel19__7,1212,N,True
4,315,bot23__3,1212,N,True
4,reel32__6,262,1212,N,True
4,217,64,1212,N,True
4,bot4__3,64,1212,N,True
4,217,bot12__4,1212,N,True
4,bot8__6,bot12__4,1212,N,True
4,bot8__6,bot35__8,1212,N,True
4,339,bot2__1,1212,N,True
4,339,reel59__6,1212,N,True
4,bot17__2,bot37__7,1212,N,True
4,81,286,1212,N,True
4,reel10__9,327,1212,N,True
4,reel10__9,reel34__1,1212,N,True
4,reel10__9,bot37__8,1212,N,True
4,reel10__9,reel57__2,1212,N,True
4,bot6__1,bot25__3,1212,N,True
4,317,bot37__3,1212,N,True
4,317,reel39__6,1212,N,True
4,bot41__3,bot32__0,1212,N,True
4,reel25__6,reel49__7,1212,N,True
4,246,bot6__9,1212,N,True
4,bot34__6,bot30__3,1212,N,True
4,281,reel5__5,1212,N,True
4,346,reel56__3,1212,N,True
4,reel12__5,219,1212,N,True
4,reel12__5,reel29__2,1212,N,True
4,reel12__5,bot60__3,1212,N,True
4,211,reel43__0,1212,N,True
4,bot39__0,reel26__9,1212,N,True
4,bot39__0,bot60__1,1212,N,True
4,303,reel2__0,1212,N,True
4,bot3__8,reel2__0,1212,N,True
4,bot60__0,bot24__5,1212,N,True
4,reel9__1,97,1212,N,True
4,reel9__1,bot28__5,1212,N,True
4,168,reel5__7,1212,N,True
4,168,bot36__7,1212,N,True
4,266,bot19__1,1212,N,True
4,266,bot20__5,1212,N,True
4,266,reel28__2,1212,N,True
4,266,bot34__4,1212,N,True
4,266,bot48__4,1212,N,True
4,reel17__6,bot30__6,1213,N,True
4,reel10__7,reel42__0,1213,N,True
4,reel21__3,reel42__0,1213,N,True
4,reel17__6,reel42__0,1213,N,True
4,reel17__6,reel42__9,1213,N,True
4,reel44__7,reel42__9,1213,N,True
4,reel23__3,reel42__9,1213,N,True
4,reel10__7,bot14__3,1213,N,True
4,bot20__3,bot14__3,1213,N,True
4,bot31__2,bot14__3,1213,N,True
4,reel37__5,bot59__5,1213,N,True
4,bot20__3,bot59__5,1213,N,True
4,bot36__4,bot59__5,1213,N,True
4,bot1__4,bot42__0,1213,N,True
4,bot47__6,reel32__8,1213,N,True
4,reel2__8,reel32__8,1213,N,True
4,reel22__3,reel31__4,1213,N,True
4,reel36__1,reel31__4,1213,N,True
4,reel15__4,reel31__4,1213,N,True
4,reel25__4,reel44__4,1213,N,True
4,bot45__9,reel44__4,1213,N,True
4,reel0__0,reel44__4,1213,N,True
4,reel37__0,reel44__4,1213,N,True
4,reel34__1,reel49__8,1213,N,True
4,reel44__9,reel49__8,1213,N,True
4,reel37__0,reel49__8,1213,N,True
4,reel35__9,reel49__2,1213,N,True
4,reel51__5,reel49__2,1213,N,True
4,reel16__9,bot22__5,1213,N,True
4,reel8__4,bot22__5,1213,N,True
4,reel19__4,bot22__5,1213,N,True
4,bot40__2,bot22__5,1213,N,True
4,bot33__5,bot22__5,1213,N,True
4,reel20__2,reel36__4,1213,N,True
4,reel2__0,reel36__4,1213,N,True
4,bot40__2,reel36__4,1213,N,True
4,reel39__4,reel36__4,1213,N,True
4,bot17__1,bot53__9,1213,N,True
4,reel25__9,bot53__9,1213,N,True
4,bot16__4,bot59__0,1213,N,True
4,reel17__0,bot59__0,1213,N,True
4,reel14__5,reel33__8,1213,N,True
4,reel18__7,reel33__8,1213,N,True
4,reel14__5,bot37__7,1213,N,True
4,reel47__0,bot52__1,1213,N,True
4,reel46__9,bot52__1,1213,N,True
4,bot14__5,bot12__8,1213,N,True
4,reel6__3,bot12__8,1213,N,True
4,bot6__7,bot12__8,1213,N,True
4,bot6__7,bot16__8,1213,N,True
4,bot11__4,bot16__8,1213,N,True
4,bot22__1,bot38__5,1213,N,True
4,reel47__1,bot54__8,1213,N,True
4,reel27__2,bot54__8,1213,N,True
4,reel3__0,reel32__3,1213,N,True
4,reel27__3,reel32__3,1213,N,True
4,bot33__7,reel32__3,1213,N,True
4,reel0__3,bot22__3,1213,N,True
4,reel0__3,reel48__7,1213,N,True
4,reel27__2,reel48__7,1213,N,True
4,reel3__0,reel44__3,1213,N,True
4,reel12__6,reel44__3,1213,N,True
4,reel22__7,reel44__8,1213,N,True
4,reel37__3,reel44__8,1213,N,True
4,reel3__1,reel44__8,1213,N,True
4,reel52__8,reel37__4,1213,N,True
4,reel6__3,reel37__4,1213,N,True
4,reel25__5,reel42__1,1213,N,True
4,bot7__6,bot45__3,1213,N,True
4,bot36__4,bot45__3,1213,N,True
4,reel40__7,bot45__3,1213,N,True
4,reel10__2,reel41__4,1213,N,True
4,reel37__3,reel41__4,1213,N,True
4,reel18__6,reel41__4,1213,N,True
4,reel3__8,bot31__6,1213,N,True
4,reel11__5,bot31__6,1213,N,True
4,bot23__3,bot31__6,1213,N,True
4,reel11__5,bot36__6,1213,N,True
4,bot13__0,bot36__6,1213,N,True
4,reel11__5,reel55__3,1213,N,True
4,reel12__1,reel31__8,1213,N,True
4,reel34__0,reel31__8,1213,N,True
4,bot56__2,reel31__8,1213,N,True
4,reel22__0,bot46__3,1213,N,True
4,reel34__0,bot46__3,1213,N,True
4,reel6__0,bot44__2,1213,N,True
4,bot33__5,bot44__2,1213,N,True
4,bot25__9,bot44__2,1213,N,True
4,reel32__7,reel36__5,1213,N,True
4,reel0__4,reel14__9,1213,N,True
4,reel48__2,reel14__9,1213,N,True
4,reel7__4,reel14__9,1213,N,True
4,reel24__3,bot28__6,1213,N,True
4,reel7__4,bot28__6,1213,N,True
4,reel33__6,reel39__1,1213,N,True
4,reel7__4,reel39__1,1213,N,True
4,reel7__4,reel46__3,1213,N,True
4,reel13__4,bot29__4,1213,N,True
4,reel12__0,bot41__4,1213,N,True
4,reel13__4,bot41__4,1213,N,True
4,reel9__6,reel43__6,1213,N,True
4,bot49__9,reel43__6,1213,N,True
4,reel15__6,reel43__6,1213,N,True
4,reel13__4,reel43__6,1213,N,True
4,reel7__6,reel44__5,1213,N,True
4,reel7__6,reel46__0,1213,N,True
4,reel5__3,reel46__0,1213,N,True
4,reel7__6,bot54__3,1213,N,True
4,reel3__7,bot54__3,1213,N,True
4,reel48__1,reel58__4,1213,N,True
4,reel20__9,bot23__7,1213,N,True
4,bot45__0,bot23__7,1213,N,True
4,reel8__5,bot23__7,1213,N,True
4,reel48__4,reel26__3,1213,N,True
4,reel17__8,reel26__3,1213,N,True
4,bot55__2,bot56__7,1213,N,True
4,reel8__7,bot22__0,1213,N,True
4,reel6__1,bot22__0,1213,N,True
4,reel2__7,reel50__7,1213,N,True
4,reel28__8,reel50__7,1213,N,True
4,reel42__3,bot60__6,1213,N,True
4,bot10__1,bot60__6,1213,N,True
4,bot43__4,bot60__6,1213,N,True
4,reel5__3,bot26__7,1213,N,True
4,bot8__1,bot26__7,1213,N,True
4,bot31__9,bot26__7,1213,N,True
4,bot15__1,bot26__7,1213,N,True
4,reel56__0,reel51__0,1213,N,True
4,reel11__0,reel51__0,1213,N,True
4,reel2__7,bot45__4,1213,N,True
4,bot52__4,bot45__4,1213,N,True
4,reel24__0,bot45__4,1213,N,True
4,reel27__2,reel37__1,1213,N,True
4,reel27__2,reel54__0,1213,N,True
4,reel0__4,reel56__5,1213,N,True
4,reel27__2,reel56__5,1213,N,True
4,reel1__1,reel19__6,1213,N,True
4,reel17__3,reel19__6,1213,N,True
4,reel1__6,reel19__6,1213,N,True
4,reel37__9,reel19__6,1213,N,True
4,reel27__3,bot34__6,1213,N,True
4,reel17__3,bot34__6,1213,N,True
4,reel17__3,bot41__1,1213,N,True
4,bot9__4,bot41__1,1213,N,True
4,reel17__3,reel48__9,1213,N,True
4,reel8__9,bot29__2,1213,N,True
4,reel33__1,bot38__1,1213,N,True
4,bot6__6,bot38__1,1213,N,True
4,bot12__7,bot30__2,1213,N,True
4,reel16__0,bot30__2,1213,N,True
4,reel17__0,reel53__1,1213,N,True
4,reel31__5,reel53__1,1213,N,True
4,bot52__8,bot41__3,1213,N,True
4,reel9__6,reel45__8,1213,N,True
4,reel8__0,reel45__8,1213,N,True
4,reel39__0,reel45__8,1213,N,True
4,reel39__0,reel46__5,1213,N,True
4,reel38__0,reel59__5,1213,N,True
4,reel39__0,reel59__5,1213,N,True
4,reel4__7,reel59__3,1213,N,True
4,reel22__9,bot57__8,1213,N,True
4,reel0__1,bot37__6,1213,N,True
4,reel12__8,bot37__6,1213,N,True
4,reel35__1,bot47__9,1213,N,True
4,bot18__1,bot47__9,1213,N,True
4,reel17__9,bot43__3,1213,N,True
4,bot37__1,bot20__7,1213,N,True
4,reel18__7,bot20__7,1213,N,True
4,reel18__7,bot24__1,1213,N,True
4,reel22__2,bot43__5,1213,N,True
4,reel18__7,bot43__5,1213,N,True
4,bot56__8,bot43__5,1213,N,True
4,reel30__7,bot43__5,1213,N,True
4,bot41__6,reel23__1,1213,N,True
4,bot45__9,reel23__7,1213,N,True
4,reel16__3,reel48__0,1213,N,True
4,reel11__7,bot30__5,1213,N,True
4,reel3__7,bot30__5,1213,N,True
4,bot58__6,bot44__0,1213,N,True
4,bot51__8,bot44__0,1213,N,True
4,bot3__6,bot44__0,1213,N,True
4,reel16__0,bot44__0,1213,N,True
4,reel11__9,reel47__2,1213,N,True
4,reel16__0,reel47__2,1213,N,True
4,reel0__4,reel32__5,1213,N,True
4,reel5__8,bot21__5,1213,N,True
4,bot22__7,bot21__5,1213,N,True
4,reel18__5,reel35__7,1213,N,True
4,bot55__7,bot25__2,1213,N,True
4,bot2__2,bot25__2,1213,N,True
4,reel43__0,bot59__6,1213,N,True
4,bot42__8,bot59__6,1213,N,True
4,bot24__2,bot58__0,1213,N,True
4,reel15__4,bot58__0,1213,N,True
4,reel21__7,reel26__1,1213,N,True
4,bot54__2,reel26__1,1213,N,True
4,reel21__7,reel42__7,1213,N,True
4,reel13__8,reel43__8,1213,N,True
4,reel59__4,reel43__8,1213,N,True
4,reel3__6,reel43__8,1213,N,True
4,reel16__4,reel18__0,1213,N,True
4,reel5__1,reel18__0,1213,N,True
4,reel33__1,reel18__0,1213,N,True
4,reel26__8,bot30__3,1213,N,True
4,reel6__5,bot30__3,1213,N,True
4,reel26__8,bot46__4,1213,N,True
4,reel34__7,reel58__6,1213,N,True
4,reel30__9,reel32__4,1213,N,True
4,reel35__4,bot57__7,1213,N,True
4,reel30__9,bot57__7,1213,N,True
4,bot23__0,bot57__7,1213,N,True
4,bot20__1,bot28__3,1213,N,True
4,reel6__3,bot28__3,1213,N,True
4,bot37__1,bot28__3,1213,N,True
4,reel6__1,bot41__9,1213,N,True
4,bot35__6,bot41__9,1213,N,True
4,bot35__6,bot46__8,1213,N,True
4,reel21__4,bot46__8,1213,N,True
4,bot44__4,bot32__5,1213,N,True
4,reel5__9,bot32__5,1213,N,True
4,reel13__1,reel16__2,1213,N,True
4,reel13__1,reel26__0,1213,N,True
4,reel56__7,reel26__0,1213,N,True
4,reel8__4,reel26__0,1213,N,True
4,reel38__0,reel26__0,1213,N,True
4,bot40__6,bot37__8,1213,N,True
4,bot21__2,bot37__8,1213,N,True
4,bot21__2,bot38__7,1213,N,True
4,bot16__2,bot38__7,1213,N,True
4,reel23__6,reel54__2,1213,N,True
4,reel38__5,reel54__2,1213,N,True
4,reel29__2,reel54__2,1213,N,True
4,reel28__5,reel44__6,1213,N,True
4,bot6__8,bot58__9,1213,N,True
4,reel4__5,bot58__9,1213,N,True
4,reel9__9,bot34__9,1213,N,True
4,reel15__6,bot34__9,1213,N,True
4,bot25__9,bot36__0,1213,N,True
4,reel10__5,reel17__7,1213,N,True
4,reel11__6,bot42__3,1213,N,True
4,bot21__3,bot42__3,1213,N,True
4,reel20__7,bot32__0,1213,N,True
4,reel10__3,bot32__0,1213,N,True
4,bot9__5,bot32__0,1213,N,True
4,bot30__7,bot44__5,1213,N,True
4,reel29__7,reel52__4,1213,N,True
4,reel11__0,reel51__8,1213,N,True
4,reel44__0,reel51__8,1213,N,True
4,reel7__1,bot24__9,1213,N,True
4,bot18__1,bot24__9,1213,N,True
4,bot6__5,bot32__2,1213,N,True
4,bot18__1,bot32__2,1213,N,True
4,reel5__9,reel25__6,1213,N,True
4,reel19__8,reel25__6,1213,N,True
4,bot36__2,reel25__6,1213,N,True
4,bot23__3,bot46__6,1213,N,True
4,bot47__8,bot55__9,1213,N,True
4,bot23__3,bot55__9,1213,N,True
4,reel11__4,bot28__1,1213,N,True
4,bot22__4,bot28__1,1213,N,True
4,bot22__4,bot59__7,1213,N,True
4,bot23__0,bot59__7,1213,N,True
4,reel20__5,reel50__9,1213,N,True
4,reel2__6,reel41__6,1213,N,True
4,reel19__4,reel41__6,1213,N,True
4,reel12__9,bot25__8,1213,N,True
4,reel15__6,bot25__8,1213,N,True
4,reel35__3,bot41__8,1213,N,True
4,reel35__3,reel45__3,1213,N,True
4,reel35__3,reel51__7,1213,N,True
4,reel24__5,reel51__7,1213,N,True
4,bot13__6,bot3__1,1213,N,True
4,bot1__8,bot3__1,1213,N,True
4,reel25__8,reel48__8,1213,N,True
4,reel55__1,reel48__8,1213,N,True
4,reel22__0,reel36__0,1213,N,True
4,reel35__6,reel36__0,1213,N,True
4,bot43__8,bot45__8,1213,N,True
4,bot20__9,bot45__8,1213,N,True
4,bot7__3,bot11__3,1213,N,True
4,bot20__4,bot11__3,1213,N,True
4,bot18__9,bot11__3,1213,N,True
4,bot39__0,bot60__1,1213,N,True
4,reel49__4,reel39__8,1213,N,True
4,reel20__2,reel39__8,1213,N,True
4,reel35__4,reel39__8,1213,N,True
4,bot8__2,bot37__0,1213,N,True
4,bot4__3,bot37__0,1213,N,True
4,reel48__4,reel51__9,1213,N,True
4,reel8__8,bot53__2,1213,N,True
4,reel10__4,reel54__7,1213,N,True
4,reel8__8,reel54__7,1213,N,True
4,reel40__8,bot46__0,1213,N,True
4,bot60__2,bot46__0,1213,N,True
4,reel44__7,reel24__1,1213,N,True
4,bot0__5,bot19__7,1213,N,True
4,bot2__1,bot58__4,1213,N,True
4,reel30__6,reel38__1,1213,N,True
4,reel9__6,reel38__1,1213,N,True
4,reel34__8,reel38__1,1213,N,True
4,bot36__5,bot58__7,1213,N,True
4,bot51__0,bot58__7,1213,N,True
4,reel8__0,bot37__9,1213,N,True
4,reel6__1,reel33__5,1213,N,True
4,reel14__7,reel33__5,1213,N,True
4,reel39__5,bot54__4,1213,N,True
4,reel45__1,bot54__4,1213,N,True
4,bot9__6,bot54__4,1213,N,True
4,reel14__8,bot54__0,1213,N,True
4,reel1__3,bot54__0,1213,N,True
4,reel20__6,reel43__5,1213,N,True
4,reel22__2,reel43__5,1213,N,True
4,reel28__9,reel43__5,1213,N,True
4,bot5__0,bot17__3,1213,N,True
4,bot60__4,bot13__7,1213,N,True
4,bot48__7,bot13__7,1213,N,True
4,reel11__7,bot50__7,1213,N,True
4,bot5__5,bot50__1,1213,N,True
4,bot11__2,bot50__1,1213,N,True
4,bot16__1,bot33__0,1213,N,True
4,reel23__3,reel37__6,1213,N,True
4,bot3__7,bot20__2,1213,N,True
4,reel12__9,bot20__2,1213,N,True
4,reel4__3,bot22__6,1213,N,True
4,reel20__7,bot22__6,1213,N,True
4,reel4__3,bot27__8,1213,N,True
4,reel10__4,bot27__8,1213,N,True
4,bot6__3,bot12__3,1213,N,True
4,bot60__9,bot12__3,1213,N,True
4,bot2__2,bot12__3,1213,N,True
4,bot1__1,bot9__1,1213,N,True
4,bot1__1,bot53__3,1213,N,True
4,reel14__2,reel49__6,1213,N,True
4,bot2__4,bot27__4,1213,N,True
4,reel8__5,bot26__2,1213,N,True
4,reel8__4,bot26__2,1213,N,True
4,reel3__4,reel51__2,1213,N,True
4,reel36__7,reel51__2,1213,N,True
4,reel43__7,bot54__5,1213,N,True
4,bot0__7,bot23__8,1213,N,True
4,bot28__0,bot23__8,1213,N,True
4,bot40__6,bot12__4,1213,N,True
4,bot8__6,bot12__4,1213,N,True
4,reel1__9,reel27__0,1213,N,True
4,reel1__9,bot55__0,1213,N,True
4,reel1__8,reel56__1,1213,N,True
4,reel34__5,reel56__1,1213,N,True
4,bot16__6,bot7__0,1213,N,True
4,reel5__3,bot7__0,1213,N,True
4,reel5__6,reel57__2,1213,N,True
4,bot28__7,bot41__2,1213,N,True
4,bot2__0,bot48__8,1213,N,True
4,bot37__1,bot46__9,1213,N,True
4,bot37__1,bot50__6,1213,N,True
4,reel26__9,reel50__6,1213,N,True
4,reel1__1,bot35__5,1213,N,True
4,bot36__4,bot33__1,1213,N,True
4,bot9__4,bot33__1,1213,N,True
4,reel5__8,bot30__9,1213,N,True
4,reel27__4,reel45__5,1213,N,True
4,reel21__1,reel45__5,1213,N,True
4,reel58__7,reel29__1,1213,N,True
4,reel24__6,reel50__5,1213,N,True
4,reel50__0,reel55__0,1213,N,True
4,reel33__3,bot49__4,1213,N,True
4,bot2__9,bot0__9,1213,N,True
4,bot9__2,bot0__9,1213,N,True
4,reel12__5,bot60__3,1213,N,True
4,bot32__1,bot60__3,1213,N,True
4,bot9__2,bot39__3,1213,N,True
4,reel1__3,bot26__5,1213,N,True
4,bot6__5,bot49__5,1213,N,True
4,bot27__9,bot28__9,1213,N,True
4,bot38__4,bot28__9,1213,N,True
4,reel23__6,bot33__4,1213,N,True
4,129,reel43__7,1214,N,True
4,135,reel43__7,1214,N,True
4,reel24__9,reel47__9,1214,N,True
4,reel10__0,bot22__9,1214,N,True
4,297,bot22__9,1214,N,True
4,reel41__7,reel13__8,1214,N,True
4,reel17__6,reel13__8,1214,N,True
4,324,reel13__8,1214,N,True
4,231,reel13__8,1214,N,True
4,reel17__6,bot30__6,1214,N,True
4,reel3__5,196,1214,N,True
4,67,196,1214,N,True
4,bot36__8,196,1214,N,True
4,170,bot45__5,1214,N,True
4,bot20__3,bot45__5,1214,N,True
4,51,bot45__5,1214,N,True
4,bot20__3,bot59__5,1214,N,True
4,63,bot15__3,1214,N,True
4,314,bot15__3,1214,N,True
4,167,bot15__3,1214,N,True
4,314,reel51__6,1214,N,True
4,reel49__7,reel51__6,1214,N,True
4,bot1__4,130,1214,N,True
4,62,130,1214,N,True
4,25,130,1214,N,True
4,88,130,1214,N,True
4,48,130,1214,N,True
4,322,130,1214,N,True
4,329,130,1214,N,True
4,213,130,1214,N,True
4,277,130,1214,N,True
4,reel16__3,bot50__2,1214,N,True
4,237,bot50__2,1214,N,True
4,bot1__7,bot50__2,1214,N,True
4,146,53,1214,N,True
4,88,53,1214,N,True
4,1,53,1214,N,True
4,248,53,1214,N,True
4,48,53,1214,N,True
4,322,53,1214,N,True
4,reel44__7,53,1214,N,True
4,213,53,1214,N,True
4,reel12__7,53,1214,N,True
4,315,53,1214,N,True
4,322,126,1214,N,True
4,1,126,1214,N,True
4,88,126,1214,N,True
4,48,126,1214,N,True
4,reel0__1,302,1214,N,True
4,57,302,1214,N,True
4,315,302,1214,N,True
4,48,302,1214,N,True
4,184,bot28__7,1214,N,True
4,bot38__0,bot28__7,1214,N,True
4,48,bot28__7,1214,N,True
4,reel22__7,reel40__7,1214,N,True
4,reel10__4,reel40__7,1214,N,True
4,48,reel40__7,1214,N,True
4,bot13__3,bot26__0,1214,N,True
4,309,bot19__5,1214,N,True
4,309,reel48__5,1214,N,True
4,reel18__0,reel59__3,1214,N,True
4,reel52__6,reel59__3,1214,N,True
4,reel4__7,reel59__3,1214,N,True
4,334,reel37__1,1214,N,True
4,bot57__1,reel37__1,1214,N,True
4,reel12__5,reel20__1,1214,N,True
4,239,reel20__1,1214,N,True
4,bot57__1,reel20__1,1214,N,True
4,reel35__5,reel11__6,1214,N,True
4,reel58__1,reel11__6,1214,N,True
4,bot42__3,reel11__6,1214,N,True
4,bot1__6,bot17__8,1214,N,True
4,321,bot0__5,1214,N,True
4,123,bot0__5,1214,N,True
4,232,bot0__5,1214,N,True
4,261,bot10__9,1214,N,True
4,232,bot10__9,1214,N,True
4,reel43__0,reel26__5,1214,N,True
4,bot56__0,reel26__5,1214,N,True
4,30,reel26__5,1214,N,True
4,232,reel26__5,1214,N,True
4,307,reel38__6,1214,N,True
4,232,reel38__6,1214,N,True
4,190,bot53__5,1214,N,True
4,232,bot53__5,1214,N,True
4,259,bot16__5,1214,N,True
4,reel11__3,bot16__5,1214,N,True
4,reel11__3,reel28__2,1214,N,True
4,52,reel47__1,1214,N,True
4,reel11__3,reel47__1,1214,N,True
4,93,reel7__7,1214,N,True
4,reel42__1,reel7__7,1214,N,True
4,212,344,1214,N,True
4,239,344,1214,N,True
4,67,344,1214,N,True
4,311,344,1214,N,True
4,185,344,1214,N,True
4,104,344,1214,N,True
4,122,344,1214,N,True
4,reel27__5,344,1214,N,True
4,bot13__5,234,1214,N,True
4,239,234,1214,N,True
4,reel21__6,reel16__7,1214,N,True
4,239,reel16__7,1214,N,True
4,reel12__7,reel16__7,1214,N,True
4,123,reel16__7,1214,N,True
4,239,reel39__0,1214,N,True
4,248,reel39__0,1214,N,True
4,reel7__6,reel57__7,1214,N,True
4,239,reel57__7,1214,N,True
4,239,bot60__0,1214,N,True
4,1,92,1214,N,True
4,80,92,1214,N,True
4,57,92,1214,N,True
4,1,194,1214,N,True
4,80,194,1214,N,True
4,reel7__9,194,1214,N,True
4,1,bot1__3,1214,N,True
4,1,reel25__7,1214,N,True
4,reel19__3,reel25__7,1214,N,True
4,1,bot26__2,1214,N,True
4,reel46__8,bot52__7,1214,N,True
4,1,bot52__7,1214,N,True
4,bot47__2,bot52__7,1214,N,True
4,25,69,1214,N,True
4,67,69,1214,N,True
4,304,69,1214,N,True
4,236,69,1214,N,True
4,105,69,1214,N,True
4,reel2__0,69,1214,N,True
4,9,69,1214,N,True
4,bot11__9,69,1214,N,True
4,39,69,1214,N,True
4,26,69,1214,N,True
4,121,69,1214,N,True
4,136,reel9__4,1214,N,True
4,bot14__9,reel9__4,1214,N,True
4,reel12__7,reel9__4,1214,N,True
4,reel12__7,bot37__0,1214,N,True
4,253,182,1214,N,True
4,bot7__9,182,1214,N,True
4,97,182,1214,N,True
4,97,bot3__6,1214,N,True
4,97,bot4__8,1214,N,True
4,97,reel9__1,1214,N,True
4,reel57__1,reel9__1,1214,N,True
4,97,bot21__4,1214,N,True
4,97,bot23__5,1214,N,True
4,reel12__8,reel23__2,1214,N,True
4,97,reel23__2,1214,N,True
4,97,bot32__9,1214,N,True
4,reel26__8,reel15__4,1214,N,True
4,124,reel15__4,1214,N,True
4,bot58__0,reel15__4,1214,N,True
4,bot6__7,bot12__8,1214,N,True
4,bot21__5,bot16__8,1214,N,True
4,26,bot16__8,1214,N,True
4,bot6__7,bot16__8,1214,N,True
4,25,257,1214,N,True
4,304,257,1214,N,True
4,236,257,1214,N,True
4,105,257,1214,N,True
4,141,257,1214,N,True
4,169,257,1214,N,True
4,322,257,1214,N,True
4,39,257,1214,N,True
4,26,257,1214,N,True
4,315,257,1214,N,True
4,169,10,1214,N,True
4,200,10,1214,N,True
4,67,10,1214,N,True
4,277,10,1214,N,True
4,reel45__2,125,1214,N,True
4,119,125,1214,N,True
4,reel27__6,125,1214,N,True
4,169,125,1214,N,True
4,136,125,1214,N,True
4,169,bot3__0,1214,N,True
4,bot14__9,bot3__0,1214,N,True
4,63,bot3__0,1214,N,True
4,169,reel48__9,1214,N,True
4,reel17__3,reel48__9,1214,N,True
4,26,3,1214,N,True
4,170,3,1214,N,True
4,72,3,1214,N,True
4,25,3,1214,N,True
4,67,3,1214,N,True
4,188,3,1214,N,True
4,274,3,1214,N,True
4,reel12__8,3,1214,N,True
4,reel25__8,3,1214,N,True
4,122,3,1214,N,True
4,9,3,1214,N,True
4,200,3,1214,N,True
4,200,bot8__6,1214,N,True
4,200,reel16__0,1214,N,True
4,reel36__9,reel18__6,1214,N,True
4,200,reel18__6,1214,N,True
4,200,reel25__3,1214,N,True
4,reel34__2,reel25__3,1214,N,True
4,200,reel28__7,1214,N,True
4,200,bot58__6,1214,N,True
4,reel5__2,bot18__5,1214,N,True
4,265,bot18__5,1214,N,True
4,80,reel22__8,1214,N,True
4,265,reel22__8,1214,N,True
4,265,reel41__2,1214,N,True
4,reel14__6,bot43__1,1214,N,True
4,265,bot43__1,1214,N,True
4,265,reel58__7,1214,N,True
4,reel21__7,reel58__7,1214,N,True
4,bot24__8,258,1214,N,True
4,188,258,1214,N,True
4,75,258,1214,N,True
4,141,258,1214,N,True
4,9,258,1214,N,True
4,reel5__3,258,1214,N,True
4,161,258,1214,N,True
4,98,258,1214,N,True
4,108,bot10__6,1214,N,True
4,reel0__3,bot10__6,1214,N,True
4,113,reel19__4,1214,N,True
4,reel0__3,reel19__4,1214,N,True
4,reel56__9,reel19__4,1214,N,True
4,reel0__3,reel48__7,1214,N,True
4,reel22__7,reel40__0,1214,N,True
4,reel31__2,reel40__0,1214,N,True
4,132,reel40__0,1214,N,True
4,reel22__7,reel45__4,1214,N,True
4,reel21__2,reel45__4,1214,N,True
4,bot42__9,reel20__2,1214,N,True
4,reel0__4,reel20__2,1214,N,True
4,reel3__0,217,1214,N,True
4,119,217,1214,N,True
4,324,217,1214,N,True
4,reel3__0,reel12__3,1214,N,True
4,reel3__0,reel32__3,1214,N,True
4,reel3__0,bot34__3,1214,N,True
4,bot56__6,bot34__3,1214,N,True
4,reel3__0,reel44__3,1214,N,True
4,212,reel4__6,1214,N,True
4,reel21__6,reel4__6,1214,N,True
4,128,reel4__6,1214,N,True
4,reel11__2,reel4__6,1214,N,True
4,reel11__8,reel4__6,1214,N,True
4,46,reel4__6,1214,N,True
4,46,reel28__1,1214,N,True
4,46,bot54__6,1214,N,True
4,bot14__1,bot54__6,1214,N,True
4,39,reel54__3,1214,N,True
4,46,reel54__3,1214,N,True
4,bot7__6,bot12__5,1214,N,True
4,bot4__4,bot12__5,1214,N,True
4,bot7__6,bot45__2,1214,N,True
4,bot7__6,bot45__3,1214,N,True
4,bot57__0,bot45__3,1214,N,True
4,61,193,1214,N,True
4,259,193,1214,N,True
4,61,bot16__2,1214,N,True
4,307,bot16__2,1214,N,True
4,61,reel20__5,1214,N,True
4,61,reel33__3,1214,N,True
4,61,bot41__7,1214,N,True
4,reel0__0,bot41__7,1214,N,True
4,reel9__3,bot26__1,1214,N,True
4,reel9__3,reel50__6,1214,N,True
4,reel38__8,reel26__2,1214,N,True
4,reel16__3,reel26__2,1214,N,True
4,reel38__8,reel40__5,1214,N,True
4,reel38__8,reel51__9,1214,N,True
4,reel38__8,reel55__0,1214,N,True
4,141,38,1214,N,True
4,322,38,1214,N,True
4,248,38,1214,N,True
4,339,38,1214,N,True
4,248,bot39__4,1214,N,True
4,132,bot39__4,1214,N,True
4,reel25__8,reel48__8,1214,N,True
4,248,reel48__8,1214,N,True
4,reel55__1,reel48__8,1214,N,True
4,66,bot1__1,1214,N,True
4,268,bot1__1,1214,N,True
4,270,bot1__1,1214,N,True
4,bot9__1,bot1__1,1214,N,True
4,66,bot17__7,1214,N,True
4,279,bot17__7,1214,N,True
4,66,reel21__5,1214,N,True
4,66,reel34__4,1214,N,True
4,reel49__2,reel34__4,1214,N,True
4,72,reel41__5,1214,N,True
4,reel50__5,reel41__5,1214,N,True
4,129,reel24__6,1214,N,True
4,170,reel24__6,1214,N,True
4,reel50__5,reel24__6,1214,N,True
4,bot13__1,bot34__9,1214,N,True
4,reel15__6,bot34__9,1214,N,True
4,bot13__1,bot39__0,1214,N,True
4,161,bot39__0,1214,N,True
4,reel6__0,reel2__9,1214,N,True
4,203,reel2__9,1214,N,True
4,reel6__0,bot44__2,1214,N,True
4,reel35__5,bot53__3,1214,N,True
4,31,bot53__3,1214,N,True
4,reel7__6,reel44__5,1214,N,True
4,reel7__6,reel46__0,1214,N,True
4,reel5__3,reel46__0,1214,N,True
4,bot29__3,reel9__9,1214,N,True
4,67,reel9__9,1214,N,True
4,105,reel23__7,1214,N,True
4,72,reel23__7,1214,N,True
4,bot38__0,reel23__7,1214,N,True
4,67,reel23__7,1214,N,True
4,reel2__2,reel29__1,1214,N,True
4,67,reel29__1,1214,N,True
4,80,242,1214,N,True
4,88,242,1214,N,True
4,322,242,1214,N,True
4,57,242,1214,N,True
4,213,242,1214,N,True
4,132,242,1214,N,True
4,bot30__5,249,1214,N,True
4,80,249,1214,N,True
4,304,249,1214,N,True
4,reel17__4,249,1214,N,True
4,57,249,1214,N,True
4,213,249,1214,N,True
4,315,249,1214,N,True
4,57,24,1214,N,True
4,80,24,1214,N,True
4,bot3__7,24,1214,N,True
4,57,reel7__2,1214,N,True
4,275,reel7__2,1214,N,True
4,reel5__2,reel18__9,1214,N,True
4,reel54__5,reel18__9,1214,N,True
4,reel11__2,reel18__9,1214,N,True
4,65,reel18__9,1214,N,True
4,bot52__9,reel18__9,1214,N,True
4,reel5__2,bot25__4,1214,N,True
4,reel11__7,bot25__4,1214,N,True
4,337,reel2__6,1214,N,True
4,190,reel2__6,1214,N,True
4,337,bot9__3,1214,N,True
4,80,bot9__3,1214,N,True
4,337,bot31__5,1214,N,True
4,reel22__2,reel34__5,1214,N,True
4,337,reel34__5,1214,N,True
4,bot15__9,22,1214,N,True
4,324,22,1214,N,True
4,reel31__1,22,1214,N,True
4,339,22,1214,N,True
4,reel28__8,22,1214,N,True
4,185,22,1214,N,True
4,277,22,1214,N,True
4,bot12__1,bot38__6,1214,N,True
4,bot12__1,bot39__2,1214,N,True
4,reel5__8,168,1214,N,True
4,304,168,1214,N,True
4,129,168,1214,N,True
4,339,168,1214,N,True
4,31,168,1214,N,True
4,reel57__3,168,1214,N,True
4,bot13__7,168,1214,N,True
4,277,168,1214,N,True
4,reel5__7,168,1214,N,True
4,304,7,1214,N,True
4,339,7,1214,N,True
4,129,7,1214,N,True
4,31,7,1214,N,True
4,322,7,1214,N,True
4,65,7,1214,N,True
4,103,7,1214,N,True
4,213,7,1214,N,True
4,246,7,1214,N,True
4,136,7,1214,N,True
4,315,7,1214,N,True
4,31,reel15__5,1214,N,True
4,reel58__1,reel15__5,1214,N,True
4,275,195,1214,N,True
4,275,78,1214,N,True
4,275,181,1214,N,True
4,bot45__7,306,1214,N,True
4,275,306,1214,N,True
4,275,152,1214,N,True
4,339,152,1214,N,True
4,reel12__5,4,1214,N,True
4,275,4,1214,N,True
4,261,bot7__7,1214,N,True
4,275,bot7__7,1214,N,True
4,276,bot25__6,1214,N,True
4,275,bot25__6,1214,N,True
4,244,282,1214,N,True
4,244,bot22__4,1214,N,True
4,bot34__7,reel14__2,1214,N,True
4,bot23__6,reel14__2,1214,N,True
4,32,reel14__2,1214,N,True
4,bot29__3,bot26__5,1214,N,True
4,reel1__1,reel19__6,1214,N,True
4,reel17__3,reel19__6,1214,N,True
4,reel1__6,reel19__6,1214,N,True
4,reel17__3,bot33__9,1214,N,True
4,reel17__3,bot34__6,1214,N,True
4,316,bot40__1,1214,N,True
4,267,bot40__1,1214,N,True
4,reel17__3,bot40__1,1214,N,True
4,reel17__3,bot41__1,1214,N,True
4,reel8__9,bot51__8,1214,N,True
4,bot49__2,bot46__2,1214,N,True
4,bot10__1,bot46__2,1214,N,True
4,51,bot46__2,1214,N,True
4,bot10__1,bot49__0,1214,N,True
4,304,bot49__0,1214,N,True
4,bot10__1,bot60__6,1214,N,True
4,bot43__4,bot60__6,1214,N,True
4,132,bot0__4,1214,N,True
4,307,bot0__4,1214,N,True
4,307,bot2__9,1214,N,True
4,bot11__5,bot36__7,1214,N,True
4,307,bot36__7,1214,N,True
4,reel3__5,bot8__4,1214,N,True
4,231,117,1214,N,True
4,reel13__2,178,1214,N,True
4,88,178,1214,N,True
4,322,178,1214,N,True
4,303,178,1214,N,True
4,329,178,1214,N,True
4,30,178,1214,N,True
4,213,178,1214,N,True
4,bot35__9,178,1214,N,True
4,231,178,1214,N,True
4,231,77,1214,N,True
4,231,bot28__2,1214,N,True
4,139,bot8__7,1214,N,True
4,bot7__9,bot8__7,1214,N,True
4,139,bot23__3,1214,N,True
4,315,bot23__3,1214,N,True
4,139,reel25__9,1214,N,True
4,139,bot40__4,1214,N,True
4,139,bot60__4,1214,N,True
4,reel55__1,bot60__4,1214,N,True
4,bot13__7,bot60__4,1214,N,True
4,119,229,1214,N,True
4,148,229,1214,N,True
4,190,229,1214,N,True
4,reel18__4,229,1214,N,True
4,334,229,1214,N,True
4,148,bot33__0,1214,N,True
4,148,bot40__0,1214,N,True
4,bot2__0,bot48__8,1214,N,True
4,148,bot48__8,1214,N,True
4,80,94,1214,N,True
4,25,94,1214,N,True
4,bot50__5,94,1214,N,True
4,320,94,1214,N,True
4,315,94,1214,N,True
4,80,300,1214,N,True
4,320,300,1214,N,True
4,50,reel20__7,1214,N,True
4,320,reel20__7,1214,N,True
4,320,reel21__4,1214,N,True
4,96,reel25__5,1214,N,True
4,reel21__0,reel25__5,1214,N,True
4,320,reel25__5,1214,N,True
4,reel42__1,reel25__5,1214,N,True
4,320,reel35__8,1214,N,True
4,reel5__9,87,1214,N,True
4,339,87,1214,N,True
4,reel12__1,87,1214,N,True
4,322,87,1214,N,True
4,136,87,1214,N,True
4,213,87,1214,N,True
4,246,87,1214,N,True
4,161,87,1214,N,True
4,315,87,1214,N,True
4,reel4__7,87,1214,N,True
4,32,reel40__3,1214,N,True
4,reel4__7,reel40__3,1214,N,True
4,276,reel27__2,1214,N,True
4,reel33__0,reel27__2,1214,N,True
4,297,bot51__7,1214,N,True
4,reel33__0,bot51__7,1214,N,True
4,170,260,1214,N,True
4,322,260,1214,N,True
4,reel15__6,260,1214,N,True
4,339,260,1214,N,True
4,304,347,1214,N,True
4,129,347,1214,N,True
4,339,347,1214,N,True
4,339,reel1__3,1214,N,True
4,155,bot2__1,1214,N,True
4,339,bot2__1,1214,N,True
4,339,bot31__9,1214,N,True
4,339,reel57__5,1214,N,True
4,237,reel59__6,1214,N,True
4,339,reel59__6,1214,N,True
4,reel29__8,294,1214,N,True
4,277,294,1214,N,True
4,reel29__8,reel32__6,1214,N,True
4,261,reel32__6,1214,N,True
4,bot9__7,bot25__0,1214,N,True
4,reel10__9,bot25__0,1214,N,True
4,161,reel52__0,1214,N,True
4,reel10__9,reel52__0,1214,N,True
4,reel10__9,reel57__2,1214,N,True
4,reel5__6,reel57__2,1214,N,True
4,reel42__1,bot56__9,1214,N,True
4,bot19__4,bot56__9,1214,N,True
4,321,bot16__3,1214,N,True
4,334,bot16__3,1214,N,True
4,213,bot16__3,1214,N,True
4,321,reel31__4,1214,N,True
4,bot43__4,bot7__5,1214,N,True
4,bot43__4,bot10__5,1214,N,True
4,bot43__4,bot58__1,1214,N,True
4,bot4__1,301,1214,N,True
4,324,301,1214,N,True
4,bot4__1,bot29__9,1214,N,True
4,reel18__7,reel12__2,1214,N,True
4,185,reel12__2,1214,N,True
4,reel18__7,bot20__7,1214,N,True
4,reel18__7,bot24__1,1214,N,True
4,bot13__7,bot24__1,1214,N,True
4,reel27__6,81,1214,N,True
4,reel11__2,81,1214,N,True
4,bot16__0,bot4__9,1214,N,True
4,34,bot4__9,1214,N,True
4,bot15__4,bot48__9,1214,N,True
4,98,bot33__7,1214,N,True
4,134,reel40__4,1214,N,True
4,98,reel40__4,1214,N,True
4,98,reel56__4,1214,N,True
4,bot15__9,bot42__8,1214,N,True
4,88,336,1214,N,True
4,reel0__4,336,1214,N,True
4,25,336,1214,N,True
4,25,reel17__5,1214,N,True
4,reel0__1,reel27__1,1214,N,True
4,25,reel27__1,1214,N,True
4,reel16__3,reel48__0,1214,N,True
4,212,reel21__9,1214,N,True
4,bot27__6,reel14__9,1214,N,True
4,reel0__4,reel14__9,1214,N,True
4,reel0__4,reel26__9,1214,N,True
4,103,reel26__9,1214,N,True
4,reel0__4,reel32__5,1214,N,True
4,reel54__5,reel32__5,1214,N,True
4,39,bot14__6,1214,N,True
4,39,bot25__1,1214,N,True
4,39,reel48__1,1214,N,True
4,267,bot8__9,1214,N,True
4,267,bot22__8,1214,N,True
4,104,bot22__8,1214,N,True
4,bot20__9,bot45__8,1214,N,True
4,bot10__7,bot45__8,1214,N,True
4,119,269,1214,N,True
4,329,269,1214,N,True
4,119,189,1214,N,True
4,119,reel0__7,1214,N,True
4,bot14__2,bot5__2,1214,N,True
4,119,bot5__2,1214,N,True
4,119,bot20__4,1214,N,True
4,reel41__8,reel26__7,1214,N,True
4,119,reel26__7,1214,N,True
4,119,reel39__6,1214,N,True
4,reel33__8,reel14__5,1214,N,True
4,reel31__1,reel14__5,1214,N,True
4,reel33__8,reel41__6,1214,N,True
4,bot7__9,bot9__9,1214,N,True
4,223,bot9__9,1214,N,True
4,304,bot21__6,1214,N,True
4,16,reel45__7,1214,N,True
4,bot55__7,bot25__2,1214,N,True
4,reel49__4,reel33__2,1214,N,True
4,reel43__0,reel33__2,1214,N,True
4,reel43__0,bot59__6,1214,N,True
4,bot9__1,bot59__6,1214,N,True
4,reel5__8,254,1214,N,True
4,reel21__7,254,1214,N,True
4,reel3__2,reel20__8,1214,N,True
4,reel21__7,reel20__8,1214,N,True
4,reel14__6,bot32__7,1214,N,True
4,reel21__7,bot32__7,1214,N,True
4,reel21__7,reel42__7,1214,N,True
4,62,bot32__1,1214,N,True
4,reel10__3,bot32__1,1214,N,True
4,bot24__3,bot32__1,1214,N,True
4,203,bot28__3,1214,N,True
4,reel21__3,120,1214,N,True
4,136,120,1214,N,True
4,277,120,1214,N,True
4,208,bot0__1,1214,N,True
4,167,bot0__1,1214,N,True
4,167,bot13__8,1214,N,True
4,167,bot29__4,1214,N,True
4,134,bot58__8,1214,N,True
4,167,bot58__8,1214,N,True
4,167,reel58__4,1214,N,True
4,reel42__1,reel45__3,1214,N,True
4,reel26__8,bot38__3,1214,N,True
4,reel26__8,reel43__9,1214,N,True
4,reel35__2,reel43__9,1214,N,True
4,190,bot11__1,1214,N,True
4,bot0__8,bot53__7,1214,N,True
4,reel5__8,bot30__9,1214,N,True
4,183,bot30__9,1214,N,True
4,183,bot36__9,1214,N,True
4,reel3__8,reel25__2,1214,N,True
4,bot50__5,reel25__2,1214,N,True
4,bot50__5,bot56__5,1214,N,True
4,184,reel29__3,1214,N,True
4,188,reel29__3,1214,N,True
4,184,bot43__9,1214,N,True
4,184,bot50__9,1214,N,True
4,reel18__0,reel5__1,1214,N,True
4,259,reel5__1,1214,N,True
4,276,bot5__1,1214,N,True
4,276,reel7__0,1214,N,True
4,reel10__7,reel9__7,1214,N,True
4,reel10__7,reel26__4,1214,N,True
4,reel49__4,reel39__8,1214,N,True
4,reel51__0,reel39__8,1214,N,True
4,132,317,1214,N,True
4,146,317,1214,N,True
4,bot0__7,bot51__9,1214,N,True
4,259,bot51__9,1214,N,True
4,132,bot51__9,1214,N,True
4,bot40__3,bot2__2,1214,N,True
4,213,bot2__2,1214,N,True
4,75,reel14__7,1214,N,True
4,bot15__7,reel14__7,1214,N,True
4,bot15__7,bot24__0,1214,N,True
4,bot15__7,bot32__4,1214,N,True
4,bot15__7,bot58__2,1214,N,True
4,259,201,1214,N,True
4,259,91,1214,N,True
4,259,264,1214,N,True
4,259,bot25__3,1214,N,True
4,9,bot33__1,1214,N,True
4,128,bot36__0,1214,N,True
4,70,bot36__0,1214,N,True
4,128,reel38__7,1214,N,True
4,233,bot14__8,1214,N,True
4,bot47__2,bot14__8,1214,N,True
4,reel0__0,bot14__8,1214,N,True
4,122,235,1214,N,True
4,reel10__3,235,1214,N,True
4,21,235,1214,N,True
4,bot18__0,bot16__7,1214,N,True
4,reel10__3,bot16__7,1214,N,True
4,reel10__3,bot47__7,1214,N,True
4,reel11__7,reel55__8,1214,N,True
4,reel10__3,reel55__8,1214,N,True
4,reel12__0,reel14__4,1214,N,True
4,79,bot53__6,1214,N,True
4,reel12__0,bot53__6,1214,N,True
4,reel12__0,bot58__3,1214,N,True
4,reel50__2,reel53__8,1214,N,True
4,324,reel53__8,1214,N,True
4,reel1__2,reel2__5,1214,N,True
4,bot36__2,bot57__3,1214,N,True
4,bot36__2,bot57__4,1214,N,True
4,bot38__5,bot22__1,1214,N,True
4,104,bot22__1,1214,N,True
4,104,reel49__5,1214,N,True
4,104,bot54__9,1214,N,True
4,reel3__8,bot9__4,1214,N,True
4,reel0__0,bot9__4,1214,N,True
4,reel3__8,bot19__8,1214,N,True
4,reel3__8,bot31__6,1214,N,True
4,reel15__6,58,1214,N,True
4,reel15__6,bot25__8,1214,N,True
4,reel9__6,reel43__6,1214,N,True
4,reel15__6,reel43__6,1214,N,True
4,322,reel12__4,1214,N,True
4,reel38__3,reel12__4,1214,N,True
4,274,bot0__0,1214,N,True
4,bot16__0,bot0__0,1214,N,True
4,274,bot6__6,1214,N,True
4,63,bot6__6,1214,N,True
4,75,bot6__6,1214,N,True
4,reel55__4,reel6__8,1214,N,True
4,123,reel6__8,1214,N,True
4,reel31__2,reel10__8,1214,N,True
4,reel35__2,reel10__8,1214,N,True
4,237,bot1__5,1214,N,True
4,237,reel12__6,1214,N,True
4,reel41__0,reel12__6,1214,N,True
4,237,bot15__6,1214,N,True
4,reel5__5,bot15__6,1214,N,True
4,237,bot52__5,1214,N,True
4,237,bot55__8,1214,N,True
4,reel2__2,reel29__2,1214,N,True
4,reel12__5,reel29__2,1214,N,True
4,208,reel29__2,1214,N,True
4,208,reel32__7,1214,N,True
4,reel2__2,bot27__0,1214,N,True
4,reel19__9,bot27__0,1214,N,True
4,reel19__9,bot44__9,1214,N,True
4,224,bot16__6,1214,N,True
4,224,bot17__5,1214,N,True
4,224,reel34__3,1214,N,True
4,224,reel39__5,1214,N,True
4,224,reel41__9,1214,N,True
4,32,reel0__9,1214,N,True
4,reel5__5,reel0__9,1214,N,True
4,75,reel0__9,1214,N,True
4,bot46__0,bot11__8,1214,N,True
4,80,bot11__8,1214,N,True
4,reel5__5,bot11__8,1214,N,True
4,reel5__5,bot33__2,1214,N,True
4,bot24__4,bot29__7,1214,N,True
4,329,bot29__7,1214,N,True
4,329,reel39__9,1214,N,True
4,reel36__0,reel22__0,1214,N,True
4,341,reel22__0,1214,N,True
4,reel2__2,bot8__2,1214,N,True
4,213,bot8__2,1214,N,True
4,reel2__2,reel9__5,1214,N,True
4,reel4__5,reel9__5,1214,N,True
4,reel12__5,reel9__5,1214,N,True
4,reel2__2,bot60__7,1214,N,True
4,bot14__0,bot2__8,1214,N,True
4,161,bot2__8,1214,N,True
4,161,reel7__5,1214,N,True
4,315,reel7__5,1214,N,True
4,297,reel7__5,1214,N,True
4,161,reel22__4,1214,N,True
4,188,reel22__4,1214,N,True
4,26,bot55__3,1214,N,True
4,reel0__1,reel36__1,1214,N,True
4,reel0__1,reel42__8,1214,N,True
4,reel11__4,bot28__1,1214,N,True
4,303,reel37__7,1214,N,True
4,32,reel41__3,1214,N,True
4,reel18__4,reel41__3,1214,N,True
4,51,reel27__4,1214,N,True
4,51,reel29__4,1214,N,True
4,reel43__3,reel11__9,1214,N,True
4,52,reel11__9,1214,N,True
4,bot12__6,reel11__9,1214,N,True
4,reel46__3,reel7__4,1214,N,True
4,213,reel7__4,1214,N,True
4,270,reel6__7,1214,N,True
4,reel5__9,reel6__7,1214,N,True
4,bot13__4,reel6__7,1214,N,True
4,50,reel1__8,1214,N,True
4,reel11__7,reel1__8,1214,N,True
4,reel5__7,reel1__8,1214,N,True
4,reel5__7,reel24__4,1214,N,True
4,236,bot12__7,1214,N,True
4,236,reel45__1,1214,N,True
4,236,reel47__5,1214,N,True
4,bot30__1,bot51__2,1214,N,True
4,322,reel1__0,1214,N,True
4,322,bot4__3,1214,N,True
4,324,bot4__3,1214,N,True
4,322,reel15__9,1214,N,True
4,121,reel15__9,1214,N,True
4,322,bot17__2,1214,N,True
4,reel7__9,bot17__2,1214,N,True
4,122,bot22__2,1214,N,True
4,122,bot25__5,1214,N,True
4,bot13__9,bot16__1,1214,N,True
4,21,bot16__1,1214,N,True
4,bot13__9,bot39__5,1214,N,True
4,reel24__5,reel29__6,1214,N,True
4,reel12__5,reel27__7,1214,N,True
4,268,reel27__7,1214,N,True
4,reel57__6,reel27__7,1214,N,True
4,reel12__1,reel35__3,1214,N,True
4,reel41__0,reel54__4,1214,N,True
4,reel58__2,286,1214,N,True
4,reel9__6,reel25__0,1214,N,True
4,reel58__2,reel25__0,1214,N,True
4,188,bot7__0,1214,N,True
4,reel5__3,bot7__0,1214,N,True
4,334,reel9__8,1214,N,True
4,188,reel9__8,1214,N,True
4,188,bot29__6,1214,N,True
4,bot48__2,bot40__6,1214,N,True
4,bot35__2,bot59__8,1214,N,True
4,reel53__2,reel11__5,1214,N,True
4,reel53__2,reel23__6,1214,N,True
4,185,reel23__6,1214,N,True
4,334,reel28__4,1214,N,True
4,reel1__4,reel28__4,1214,N,True
4,reel49__7,reel28__4,1214,N,True
4,reel42__2,reel53__3,1214,N,True
4,reel11__7,reel53__3,1214,N,True
4,bot7__9,bot36__5,1214,N,True
4,reel53__6,reel21__1,1214,N,True
4,13,reel24__2,1214,N,True
4,13,bot42__2,1214,N,True
4,341,bot42__2,1214,N,True
4,207,reel40__1,1214,N,True
4,reel21__6,reel40__1,1214,N,True
4,70,reel22__1,1214,N,True
4,70,reel55__7,1214,N,True
4,reel5__9,bot23__2,1214,N,True
4,reel5__9,reel27__8,1214,N,True
4,80,101,1214,N,True
4,bot20__5,266,1214,N,True
4,80,266,1214,N,True
4,80,reel4__9,1214,N,True
4,80,reel39__3,1214,N,True
4,reel36__7,reel51__2,1214,N,True
4,108,bot1__9,1214,N,True
4,108,bot43__6,1214,N,True
4,bot57__0,bot43__6,1214,N,True
4,108,reel44__1,1214,N,True
4,108,reel44__6,1214,N,True
4,reel34__2,reel32__4,1214,N,True
4,reel34__2,reel36__5,1214,N,True
4,bot0__7,bot1__2,1214,N,True
4,bot0__7,bot23__8,1214,N,True
4,bot13__7,bot23__8,1214,N,True
4,134,bot0__6,1214,N,True
4,134,reel15__2,1214,N,True
4,134,bot26__6,1214,N,True
4,reel2__1,bot6__5,1214,N,True
4,reel1__4,bot12__2,1214,N,True
4,reel2__1,bot12__2,1214,N,True
4,297,bot28__0,1214,N,True
4,297,reel52__2,1214,N,True
4,213,bot11__7,1214,N,True
4,reel49__2,reel33__9,1214,N,True
4,213,reel33__9,1214,N,True
4,213,bot34__8,1214,N,True
4,213,reel37__5,1214,N,True
4,reel21__0,bot37__3,1214,N,True
4,279,bot37__3,1214,N,True
4,reel0__0,reel30__9,1214,N,True
4,reel0__0,reel44__4,1214,N,True
4,62,reel13__6,1214,N,True
4,62,reel17__8,1214,N,True
4,155,reel17__8,1214,N,True
4,62,reel32__0,1214,N,True
4,62,bot35__4,1214,N,True
4,62,bot40__5,1214,N,True
4,reel47__4,reel46__5,1214,N,True
4,105,reel46__5,1214,N,True
4,121,bot44__6,1214,N,True
4,105,bot44__6,1214,N,True
4,105,bot46__5,1214,N,True
4,105,bot47__4,1214,N,True
4,reel21__2,bot23__9,1214,N,True
4,reel21__2,bot44__7,1214,N,True
4,271,bot18__4,1214,N,True
4,reel4__5,bot18__4,1214,N,True
4,reel4__5,bot40__9,1214,N,True
4,reel49__2,bot52__3,1214,N,True
4,reel4__5,bot52__3,1214,N,True
4,bot27__6,bot58__9,1214,N,True
4,reel4__5,bot58__9,1214,N,True
4,reel24__8,reel28__5,1214,N,True
4,123,bot18__3,1214,N,True
4,bot20__5,bot18__3,1214,N,True
4,154,bot18__3,1214,N,True
4,reel9__6,reel8__3,1214,N,True
4,21,reel8__3,1214,N,True
4,reel9__6,bot24__6,1214,N,True
4,reel9__6,bot33__3,1214,N,True
4,reel9__6,bot38__8,1214,N,True
4,reel9__6,reel45__8,1214,N,True
4,reel9__6,bot55__1,1214,N,True
4,reel9__6,bot57__6,1214,N,True
4,bot28__4,191,1214,N,True
4,reel12__5,bot60__3,1214,N,True
4,bot37__6,bot60__3,1214,N,True
4,bot46__0,bot20__0,1214,N,True
4,reel16__8,bot20__0,1214,N,True
4,bot46__0,bot60__2,1214,N,True
4,127,reel6__4,1214,N,True
4,127,reel58__0,1214,N,True
4,52,reel16__9,1214,N,True
4,52,bot39__1,1214,N,True
4,52,bot60__8,1214,N,True
4,reel27__5,bot37__4,1214,N,True
4,reel35__6,bot48__5,1214,N,True
4,bot16__0,bot35__1,1214,N,True
4,205,bot11__0,1214,N,True
4,205,reel59__4,1214,N,True
4,341,reel59__4,1214,N,True
4,bot27__1,bot37__5,1214,N,True
4,reel1__6,bot37__5,1214,N,True
4,141,reel20__4,1214,N,True
4,141,reel48__4,1214,N,True
4,bot56__0,bot29__1,1214,N,True
4,316,reel17__1,1214,N,True
4,reel5__3,bot26__7,1214,N,True
4,reel41__7,bot42__7,1214,N,True
4,29,bot51__0,1214,N,True
4,reel41__7,bot51__0,1214,N,True
4,253,bot3__9,1214,N,True
4,288,bot3__9,1214,N,True
4,288,bot24__9,1214,N,True
4,288,reel53__5,1214,N,True
4,129,reel6__1,1214,N,True
4,129,reel55__5,1214,N,True
4,reel5__6,reel33__4,1214,N,True
4,65,bot27__9,1214,N,True
4,bot42__0,bot50__1,1214,N,True
4,bot42__0,bot58__4,1214,N,True
4,121,206,1214,N,True
4,121,bot18__6,1214,N,True
4,185,reel58__9,1214,N,True
4,341,reel8__0,1214,N,True
4,341,reel47__6,1214,N,True
4,reel22__2,reel43__5,1214,N,True
4,reel1__1,bot18__7,1214,N,True
4,256,bot7__1,1214,N,True
4,277,bot7__1,1214,N,True
4,reel49__2,reel56__6,1214,N,True
4,reel49__2,bot59__2,1214,N,True
4,334,bot21__8,1214,N,True
4,334,bot57__2,1214,N,True
4,103,reel18__8,1214,N,True
4,reel55__9,reel18__8,1214,N,True
4,reel10__4,bot21__1,1214,N,True
4,reel10__4,reel37__0,1214,N,True
4,256,bot22__0,1214,N,True
4,256,reel49__9,1214,N,True
4,113,bot7__8,1214,N,True
4,113,reel13__3,1214,N,True
4,bot14__3,bot44__8,1214,N,True
4,50,bot16__4,1214,N,True
4,50,reel52__9,1214,N,True
4,155,bot32__8,1214,N,True
4,reel41__8,bot54__1,1214,N,True
4,reel45__2,reel40__6,1214,N,True
4,reel38__5,reel40__6,1214,N,True
4,reel38__5,reel54__2,1214,N,True
4,reel14__6,bot58__5,1214,N,True
4,170,reel4__4,1214,N,True
4,bot5__6,reel4__4,1214,N,True
4,170,reel37__4,1214,N,True
4,324,reel7__1,1214,N,True
4,reel17__4,reel56__1,1214,N,True
4,88,reel3__1,1214,N,True
4,88,bot14__4,1214,N,True
4,reel1__4,bot14__4,1214,N,True
4,88,bot48__3,1214,N,True
4,88,bot50__4,1214,N,True
4,reel11__8,179,1214,N,True
4,reel11__8,reel23__8,1214,N,True
4,bot3__7,bot20__2,1214,N,True
4,bot27__1,bot34__1,1214,N,True
4,253,bot30__4,1214,N,True
4,reel43__3,reel19__7,1214,N,True
4,315,reel19__7,1214,N,True
4,bot47__2,reel39__7,1214,N,True
4,reel43__3,bot48__1,1214,N,True
4,reel12__5,reel31__5,1214,N,True
4,311,bot18__1,1214,N,True
4,32,reel58__5,1214,N,True
4,reel1__4,bot9__2,1214,N,True
4,reel24__9,reel47__9,1215,N,True
4,bot22__9,bot30__6,1215,N,True
4,reel17__6,bot30__6,1215,N,True
4,reel4__0,reel42__9,1215,N,True
4,reel17__6,reel42__9,1215,N,True
4,reel23__3,reel42__9,1215,N,True
4,reel17__6,bot51__5,1215,N,True
4,bot35__6,bot51__5,1215,N,True
4,bot5__3,bot51__5,1215,N,True
4,bot47__6,reel32__8,1215,N,True
4,reel2__8,reel32__8,1215,N,True
4,bot18__3,bot20__5,1215,N,True
4,reel35__9,reel11__2,1215,N,True
4,reel4__6,reel11__2,1215,N,True
4,reel17__2,bot46__9,1215,N,True
4,reel19__4,bot22__5,1215,N,True
4,reel8__4,bot22__5,1215,N,True
4,reel16__9,bot22__5,1215,N,True
4,bot40__2,bot22__5,1215,N,True
4,reel14__0,reel36__4,1215,N,True
4,reel39__4,reel36__4,1215,N,True
4,reel2__0,reel36__4,1215,N,True
4,bot40__2,reel36__4,1215,N,True
4,reel55__7,reel36__4,1215,N,True
4,reel20__2,reel36__4,1215,N,True
4,bot17__1,bot53__9,1215,N,True
4,reel25__9,bot53__9,1215,N,True
4,bot60__5,bot56__1,1215,N,True
4,bot27__0,bot56__1,1215,N,True
4,reel11__3,bot16__5,1215,N,True
4,reel45__7,reel28__2,1215,N,True
4,reel20__2,reel28__2,1215,N,True
4,reel11__3,reel28__2,1215,N,True
4,reel5__4,reel58__4,1215,N,True
4,bot53__0,bot45__6,1215,N,True
4,bot2__0,bot45__6,1215,N,True
4,bot18__2,bot45__6,1215,N,True
4,bot16__4,bot25__1,1215,N,True
4,reel14__5,reel46__1,1215,N,True
4,reel4__6,reel21__6,1215,N,True
4,reel40__1,reel21__6,1215,N,True
4,reel16__7,reel21__6,1215,N,True
4,reel24__3,reel21__6,1215,N,True
4,bot32__5,bot44__4,1215,N,True
4,bot6__7,bot44__4,1215,N,True
4,bot0__0,bot16__0,1215,N,True
4,reel2__7,bot16__0,1215,N,True
4,bot35__1,bot16__0,1215,N,True
4,bot22__1,bot38__5,1215,N,True
4,bot27__5,bot55__1,1215,N,True
4,reel2__5,bot21__4,1215,N,True
4,reel2__5,bot43__8,1215,N,True
4,reel47__1,bot54__8,1215,N,True
4,reel27__2,bot54__8,1215,N,True
4,bot44__3,bot17__4,1215,N,True
4,bot4__4,bot17__4,1215,N,True
4,bot44__3,bot57__6,1215,N,True
4,reel3__0,reel32__3,1215,N,True
4,reel27__3,reel32__3,1215,N,True
4,reel2__2,reel23__1,1215,N,True
4,bot41__6,reel23__1,1215,N,True
4,reel14__0,reel23__1,1215,N,True
4,reel15__0,reel23__1,1215,N,True
4,reel14__0,bot35__0,1215,N,True
4,bot10__8,bot7__2,1215,N,True
4,bot46__2,bot52__2,1215,N,True
4,reel46__5,bot52__2,1215,N,True
4,reel11__5,bot36__6,1215,N,True
4,reel11__5,reel53__2,1215,N,True
4,reel11__5,reel55__3,1215,N,True
4,reel7__0,reel36__5,1215,N,True
4,reel32__7,reel36__5,1215,N,True
4,bot13__9,bot16__1,1215,N,True
4,reel6__2,bot16__1,1215,N,True
4,bot33__0,bot16__1,1215,N,True
4,bot33__2,bot16__1,1215,N,True
4,bot43__4,bot58__1,1215,N,True
4,reel17__8,bot58__1,1215,N,True
4,bot55__8,bot56__7,1215,N,True
4,bot55__2,bot56__7,1215,N,True
4,bot30__9,bot0__9,1215,N,True
4,reel2__2,bot60__7,1215,N,True
4,reel41__1,bot60__7,1215,N,True
4,bot25__3,bot6__1,1215,N,True
4,bot15__1,bot6__1,1215,N,True
4,bot0__4,bot49__9,1215,N,True
4,bot12__5,bot23__4,1215,N,True
4,reel19__0,reel35__0,1215,N,True
4,reel4__4,reel54__0,1215,N,True
4,reel27__2,reel54__0,1215,N,True
4,reel2__4,reel54__0,1215,N,True
4,reel0__4,reel56__5,1215,N,True
4,reel27__2,reel56__5,1215,N,True
4,reel17__3,reel19__6,1215,N,True
4,reel1__6,reel19__6,1215,N,True
4,reel37__9,reel19__6,1215,N,True
4,reel27__3,bot34__6,1215,N,True
4,reel17__3,bot34__6,1215,N,True
4,reel35__3,bot41__8,1215,N,True
4,bot53__4,bot41__8,1215,N,True
4,reel33__8,bot41__8,1215,N,True
4,bot10__1,bot60__6,1215,N,True
4,bot43__4,bot60__6,1215,N,True
4,bot60__1,reel53__1,1215,N,True
4,reel31__5,reel53__1,1215,N,True
4,reel22__9,reel54__5,1215,N,True
4,reel22__9,reel56__8,1215,N,True
4,reel55__9,reel56__8,1215,N,True
4,reel10__9,bot25__0,1215,N,True
4,bot7__4,bot25__0,1215,N,True
4,reel10__9,bot37__8,1215,N,True
4,bot40__6,bot37__8,1215,N,True
4,bot21__2,bot37__8,1215,N,True
4,reel41__5,bot42__4,1215,N,True
4,reel2__4,bot42__4,1215,N,True
4,reel2__4,reel59__7,1215,N,True
4,reel16__7,reel59__7,1215,N,True
4,reel27__6,reel28__6,1215,N,True
4,reel17__5,bot41__5,1215,N,True
4,bot21__5,bot41__5,1215,N,True
4,reel7__7,bot20__2,1215,N,True
4,bot17__5,bot40__8,1215,N,True
4,bot10__5,bot40__8,1215,N,True
4,bot33__2,bot43__7,1215,N,True
4,reel3__7,bot13__3,1215,N,True
4,reel6__5,bot30__3,1215,N,True
4,bot10__7,bot30__3,1215,N,True
4,bot10__7,bot45__8,1215,N,True
4,bot23__3,bot55__9,1215,N,True
4,bot10__7,bot55__9,1215,N,True
4,reel4__9,reel26__0,1215,N,True
4,reel13__1,reel26__0,1215,N,True
4,reel8__4,reel26__0,1215,N,True
4,reel17__4,reel30__0,1215,N,True
4,reel4__9,reel30__0,1215,N,True
4,reel4__9,bot36__3,1215,N,True
4,reel33__6,reel39__1,1215,N,True
4,bot58__3,reel39__1,1215,N,True
4,reel47__8,reel58__8,1215,N,True
4,reel12__2,reel58__8,1215,N,True
4,reel0__8,reel58__8,1215,N,True
4,reel6__2,reel36__3,1215,N,True
4,reel8__0,reel36__3,1215,N,True
4,reel6__2,bot49__1,1215,N,True
4,bot26__6,bot49__1,1215,N,True
4,bot19__5,bot34__0,1215,N,True
4,reel20__4,bot34__0,1215,N,True
4,reel59__4,reel43__8,1215,N,True
4,reel3__6,reel43__8,1215,N,True
4,reel30__9,bot57__7,1215,N,True
4,reel35__4,bot57__7,1215,N,True
4,bot35__6,bot41__9,1215,N,True
4,bot48__6,reel16__2,1215,N,True
4,reel13__1,reel16__2,1215,N,True
4,reel13__2,reel16__2,1215,N,True
4,reel10__7,reel26__4,1215,N,True
4,reel27__0,reel26__4,1215,N,True
4,reel10__7,bot27__6,1215,N,True
4,bot18__1,bot32__2,1215,N,True
4,reel9__4,bot32__2,1215,N,True
4,reel9__4,reel42__7,1215,N,True
4,bot50__4,bot35__8,1215,N,True
4,reel12__5,reel9__5,1215,N,True
4,reel11__6,reel9__5,1215,N,True
4,reel2__2,reel9__5,1215,N,True
4,reel4__5,reel9__5,1215,N,True
4,bot43__9,reel9__5,1215,N,True
4,bot30__7,bot44__5,1215,N,True
4,reel1__2,reel33__7,1215,N,True
4,reel4__4,reel52__4,1215,N,True
4,reel29__7,reel52__4,1215,N,True
4,reel28__4,reel52__4,1215,N,True
4,reel4__4,reel50__1,1215,N,True
4,reel8__2,reel50__1,1215,N,True
4,reel28__1,reel50__1,1215,N,True
4,bot2__4,bot57__3,1215,N,True
4,bot36__2,bot57__3,1215,N,True
4,bot11__2,bot50__3,1215,N,True
4,reel20__1,bot50__3,1215,N,True
4,bot26__6,bot50__3,1215,N,True
4,bot36__0,bot46__6,1215,N,True
4,bot23__3,bot46__6,1215,N,True
4,reel15__6,bot25__8,1215,N,True
4,reel47__2,reel43__6,1215,N,True
4,reel15__6,reel43__6,1215,N,True
4,reel15__6,reel47__0,1215,N,True
4,reel0__8,reel47__0,1215,N,True
4,reel35__3,reel45__3,1215,N,True
4,reel35__3,reel51__7,1215,N,True
4,reel24__5,reel51__7,1215,N,True
4,reel40__2,bot48__1,1215,N,True
4,bot9__3,bot48__1,1215,N,True
4,reel7__8,bot19__9,1215,N,True
4,reel7__8,bot52__1,1215,N,True
4,reel46__9,bot52__1,1215,N,True
4,reel7__8,bot54__5,1215,N,True
4,reel43__7,bot54__5,1215,N,True
4,reel45__6,reel49__9,1215,N,True
4,reel10__4,reel38__4,1215,N,True
4,reel20__3,reel38__4,1215,N,True
4,reel2__2,bot8__2,1215,N,True
4,bot9__6,bot8__2,1215,N,True
4,bot37__0,bot8__2,1215,N,True
4,bot10__4,bot15__4,1215,N,True
4,reel1__6,bot15__4,1215,N,True
4,bot7__3,bot11__3,1215,N,True
4,bot20__4,bot11__3,1215,N,True
4,reel37__9,bot52__6,1215,N,True
4,bot24__5,bot60__0,1215,N,True
4,reel20__2,reel19__7,1215,N,True
4,reel0__8,reel19__7,1215,N,True
4,reel49__4,reel39__8,1215,N,True
4,reel20__2,reel39__8,1215,N,True
4,reel35__4,reel39__8,1215,N,True
4,bot46__8,reel43__2,1215,N,True
4,reel20__2,reel43__2,1215,N,True
4,reel16__7,reel43__2,1215,N,True
4,reel48__4,reel51__9,1215,N,True
4,reel10__4,reel54__7,1215,N,True
4,reel4__4,reel54__7,1215,N,True
4,reel8__8,reel54__7,1215,N,True
4,reel8__1,reel56__3,1215,N,True
4,bot13__9,bot39__5,1215,N,True
4,reel24__5,bot39__9,1215,N,True
4,bot35__9,bot39__9,1215,N,True
4,bot0__5,bot1__9,1215,N,True
4,reel20__9,bot47__7,1215,N,True
4,bot36__9,bot47__7,1215,N,True
4,bot2__1,bot58__4,1215,N,True
4,bot42__0,bot58__4,1215,N,True
4,reel30__6,reel38__1,1215,N,True
4,reel34__8,reel38__1,1215,N,True
4,reel31__8,reel34__0,1215,N,True
4,bot36__5,bot58__7,1215,N,True
4,bot37__9,bot58__7,1215,N,True
4,bot51__0,bot58__7,1215,N,True
4,bot2__4,bot11__0,1215,N,True
4,reel8__0,bot11__0,1215,N,True
4,reel8__0,bot26__4,1215,N,True
4,reel8__4,bot14__6,1215,N,True
4,bot29__1,bot14__6,1215,N,True
4,bot29__1,bot56__0,1215,N,True
4,reel44__9,reel49__8,1215,N,True
4,reel37__1,reel45__9,1215,N,True
4,bot5__5,bot50__1,1215,N,True
4,bot42__0,bot50__1,1215,N,True
4,bot11__2,bot50__1,1215,N,True
4,bot60__9,bot12__3,1215,N,True
4,reel47__5,reel49__6,1215,N,True
4,reel14__2,reel49__6,1215,N,True
4,bot48__3,bot52__3,1215,N,True
4,reel4__5,bot52__3,1215,N,True
4,reel49__2,bot52__3,1215,N,True
4,bot2__4,bot19__6,1215,N,True
4,bot31__9,bot19__6,1215,N,True
4,reel8__4,bot23__1,1215,N,True
4,reel24__3,bot28__6,1215,N,True
4,reel24__3,reel59__1,1215,N,True
4,reel10__2,reel41__4,1215,N,True
4,reel12__2,bot24__7,1215,N,True
4,reel0__5,reel48__6,1215,N,True
4,reel20__7,bot32__0,1215,N,True
4,bot9__5,bot32__0,1215,N,True
4,bot59__7,bot23__0,1215,N,True
4,bot10__2,bot8__5,1215,N,True
4,bot28__3,bot55__0,1215,N,True
4,reel1__9,bot55__0,1215,N,True
4,reel21__2,bot44__7,1215,N,True
4,reel12__5,bot60__3,1215,N,True
4,bot32__1,bot60__3,1215,N,True
4,bot37__6,bot60__3,1215,N,True
4,bot25__2,bot55__7,1215,N,True
4,reel5__3,reel46__0,1215,N,True
4,reel5__3,bot48__4,1215,N,True
4,reel26__9,reel50__6,1215,N,True
4,bot26__8,bot49__7,1215,N,True
4,reel16__4,bot49__7,1215,N,True
4,reel49__2,bot59__2,1215,N,True
4,bot34__9,bot57__2,1215,N,True
4,reel10__4,bot21__1,1215,N,True
4,reel11__9,bot21__1,1215,N,True
4,reel10__4,reel37__0,1215,N,True
4,reel25__0,bot28__5,1215,N,True
4,reel27__4,reel45__5,1215,N,True
4,reel21__1,reel45__5,1215,N,True
4,bot44__1,reel41__7,1215,N,True
4,bot51__0,reel41__7,1215,N,True
4,reel16__4,reel57__0,1215,N,True
4,reel10__6,reel57__0,1215,N,True
4,bot13__7,bot19__4,1215,N,True
4,reel1__3,bot54__0,1215,N,True
4,reel3__4,bot4__7,1215,N,True
4,reel44__0,reel51__8,1215,N,True
4,reel44__0,reel56__7,1215,N,True
4,bot47__2,bot52__7,1215,N,True
4,bot31__7,bot38__3,1215,N,True
4,175,68,1216,N,True
4,reel27__9,68,1216,N,True
4,reel27__9,bot36__6,1216,N,True
4,reel27__9,reel44__0,1216,N,True
4,reel3__4,83,1216,N,True
4,31,83,1216,N,True
4,25,83,1216,N,True
4,84,83,1216,N,True
4,270,76,1216,N,True
4,25,76,1216,N,True
4,25,336,1216,N,True
4,bot45__5,51,1216,N,True
4,31,51,1216,N,True
4,25,51,1216,N,True
4,84,51,1216,N,True
4,bot6__8,283,1216,N,True
4,25,283,1216,N,True
4,3,283,1216,N,True
4,331,73,1216,N,True
4,25,73,1216,N,True
4,1,73,1216,N,True
4,bot1__7,73,1216,N,True
4,48,73,1216,N,True
4,reel6__9,73,1216,N,True
4,30,73,1216,N,True
4,126,73,1216,N,True
4,130,73,1216,N,True
4,25,237,1216,N,True
4,84,237,1216,N,True
4,31,237,1216,N,True
4,bot55__8,237,1216,N,True
4,bot1__5,237,1216,N,True
4,reel12__6,237,1216,N,True
4,108,reel0__8,1216,N,True
4,reel25__2,reel0__8,1216,N,True
4,135,reel0__8,1216,N,True
4,135,reel43__7,1216,N,True
4,reel8__3,reel28__3,1216,N,True
4,171,bot30__0,1216,N,True
4,332,bot30__0,1216,N,True
4,reel28__8,reel50__7,1216,N,True
4,332,reel50__7,1216,N,True
4,reel5__9,reel58__3,1216,N,True
4,332,reel58__3,1216,N,True
4,338,bot15__8,1216,N,True
4,bot48__0,bot15__8,1216,N,True
4,reel24__9,278,1216,N,True
4,175,278,1216,N,True
4,reel24__9,reel47__9,1216,N,True
4,reel22__8,reel47__9,1216,N,True
4,bot42__1,bot22__1,1216,N,True
4,bot38__5,bot22__1,1216,N,True
4,104,bot22__1,1216,N,True
4,57,reel35__0,1216,N,True
4,bot38__5,reel35__0,1216,N,True
4,bot57__4,bot50__7,1216,N,True
4,bot2__5,282,1216,N,True
4,260,160,1216,N,True
4,178,206,1216,N,True
4,121,206,1216,N,True
4,260,206,1216,N,True
4,260,reel15__6,1216,N,True
4,reel2__9,bot32__6,1216,N,True
4,260,bot32__6,1216,N,True
4,260,reel39__7,1216,N,True
4,235,reel10__3,1216,N,True
4,251,reel10__3,1216,N,True
4,bot16__7,reel10__3,1216,N,True
4,bot16__7,bot5__4,1216,N,True
4,197,bot18__0,1216,N,True
4,bot16__7,bot18__0,1216,N,True
4,bot1__4,bot42__0,1216,N,True
4,270,reel6__7,1216,N,True
4,reel5__9,reel6__7,1216,N,True
4,bot13__4,reel6__7,1216,N,True
4,reel9__2,327,1216,N,True
4,89,327,1216,N,True
4,bot13__4,327,1216,N,True
4,212,reel4__6,1216,N,True
4,reel14__8,reel19__9,1216,N,True
4,212,reel19__9,1216,N,True
4,bot9__8,bot2__9,1216,N,True
4,45,bot2__9,1216,N,True
4,bot17__2,reel7__9,1216,N,True
4,bot9__8,reel7__9,1216,N,True
4,291,reel7__9,1216,N,True
4,bot9__8,bot19__1,1216,N,True
4,reel57__8,131,1216,N,True
4,175,reel11__5,1216,N,True
4,221,reel11__5,1216,N,True
4,reel22__6,reel11__5,1216,N,True
4,288,bot24__9,1216,N,True
4,288,reel53__5,1216,N,True
4,reel54__9,166,1216,N,True
4,reel3__7,166,1216,N,True
4,reel6__9,166,1216,N,True
4,reel3__7,reel8__9,1216,N,True
4,reel3__7,bot13__3,1216,N,True
4,reel3__7,bot30__5,1216,N,True
4,reel3__7,reel34__2,1216,N,True
4,reel3__7,reel37__2,1216,N,True
4,reel3__7,reel38__5,1216,N,True
4,reel3__7,bot54__3,1216,N,True
4,236,reel45__1,1216,N,True
4,236,reel47__5,1216,N,True
4,221,reel47__5,1216,N,True
4,344,reel47__5,1216,N,True
4,331,reel2__4,1216,N,True
4,250,reel2__4,1216,N,True
4,251,bot9__6,1216,N,True
4,250,bot9__6,1216,N,True
4,250,reel31__9,1216,N,True
4,250,reel34__3,1216,N,True
4,250,bot44__1,1216,N,True
4,250,bot45__2,1216,N,True
4,250,bot56__4,1216,N,True
4,85,reel39__8,1216,N,True
4,reel35__4,reel39__8,1216,N,True
4,85,reel45__3,1216,N,True
4,reel27__2,reel56__5,1216,N,True
4,85,reel56__5,1216,N,True
4,bot1__7,bot50__2,1216,N,True
4,48,80,1216,N,True
4,57,80,1216,N,True
4,bot9__3,80,1216,N,True
4,reel22__8,80,1216,N,True
4,320,80,1216,N,True
4,315,80,1216,N,True
4,reel3__0,299,1216,N,True
4,1,299,1216,N,True
4,53,299,1216,N,True
4,48,299,1216,N,True
4,196,180,1216,N,True
4,53,180,1216,N,True
4,5,180,1216,N,True
4,48,180,1216,N,True
4,196,330,1216,N,True
4,53,330,1216,N,True
4,48,330,1216,N,True
4,reel36__2,302,1216,N,True
4,48,302,1216,N,True
4,57,302,1216,N,True
4,reel19__5,302,1216,N,True
4,53,302,1216,N,True
4,315,302,1216,N,True
4,48,bot28__7,1216,N,True
4,48,reel40__7,1216,N,True
4,146,317,1216,N,True
4,reel39__6,317,1216,N,True
4,40,317,1216,N,True
4,158,317,1216,N,True
4,53,317,1216,N,True
4,40,307,1216,N,True
4,40,bot23__0,1216,N,True
4,40,reel33__6,1216,N,True
4,reel7__7,reel33__6,1216,N,True
4,5,reel33__6,1216,N,True
4,40,reel34__0,1216,N,True
4,284,reel34__0,1216,N,True
4,40,bot35__7,1216,N,True
4,65,reel18__9,1216,N,True
4,reel5__2,reel18__9,1216,N,True
4,bot27__3,bot1__6,1216,N,True
4,150,bot1__6,1216,N,True
4,bot60__2,bot46__0,1216,N,True
4,334,reel37__1,1216,N,True
4,reel27__2,reel37__1,1216,N,True
4,reel48__0,reel37__1,1216,N,True
4,reel45__9,reel37__1,1216,N,True
4,175,263,1216,N,True
4,reel23__5,263,1216,N,True
4,28,326,1216,N,True
4,116,326,1216,N,True
4,111,326,1216,N,True
4,reel23__5,326,1216,N,True
4,14,326,1216,N,True
4,reel23__5,bot46__3,1216,N,True
4,174,reel7__8,1216,N,True
4,reel23__9,reel7__8,1216,N,True
4,bot19__9,reel7__8,1216,N,True
4,reel23__9,reel2__2,1216,N,True
4,bot60__7,reel2__2,1216,N,True
4,345,reel2__2,1216,N,True
4,121,reel13__7,1216,N,True
4,159,reel13__7,1216,N,True
4,104,reel13__7,1216,N,True
4,bot24__0,bot44__6,1216,N,True
4,121,bot44__6,1216,N,True
4,105,bot44__6,1216,N,True
4,reel22__4,reel37__5,1216,N,True
4,175,321,1216,N,True
4,bot0__5,321,1216,N,True
4,bot36__3,bot1__9,1216,N,True
4,108,bot1__9,1216,N,True
4,318,bot1__9,1216,N,True
4,bot0__5,bot1__9,1216,N,True
4,bot36__3,reel4__9,1216,N,True
4,reel54__9,259,1216,N,True
4,reel20__9,259,1216,N,True
4,bot5__7,reel4__7,1216,N,True
4,reel20__9,reel4__7,1216,N,True
4,87,reel4__7,1216,N,True
4,150,reel4__7,1216,N,True
4,reel20__9,bot53__6,1216,N,True
4,79,bot53__6,1216,N,True
4,134,reel5__3,1216,N,True
4,258,reel5__3,1216,N,True
4,bot26__7,reel5__3,1216,N,True
4,reel31__1,reel14__5,1216,N,True
4,reel31__1,reel43__1,1216,N,True
4,bot9__7,bot25__0,1216,N,True
4,294,bot47__6,1216,N,True
4,bot38__8,bot47__6,1216,N,True
4,281,139,1216,N,True
4,251,139,1216,N,True
4,159,139,1216,N,True
4,127,139,1216,N,True
4,197,139,1216,N,True
4,284,139,1216,N,True
4,320,139,1216,N,True
4,159,bot0__3,1216,N,True
4,127,reel1__7,1216,N,True
4,111,reel1__7,1216,N,True
4,159,reel1__7,1216,N,True
4,bot39__6,bot9__4,1216,N,True
4,bot33__1,bot9__4,1216,N,True
4,159,bot9__4,1216,N,True
4,reel0__0,bot9__4,1216,N,True
4,159,reel20__2,1216,N,True
4,159,reel29__7,1216,N,True
4,104,reel29__7,1216,N,True
4,reel2__3,bot5__5,1216,N,True
4,185,bot5__5,1216,N,True
4,185,bot5__6,1216,N,True
4,318,reel12__2,1216,N,True
4,45,reel12__2,1216,N,True
4,185,reel12__2,1216,N,True
4,185,reel38__2,1216,N,True
4,185,reel58__9,1216,N,True
4,bot31__5,bot13__2,1216,N,True
4,89,bot13__2,1216,N,True
4,bot46__8,bot35__6,1216,N,True
4,bot46__8,reel43__2,1216,N,True
4,reel16__7,reel43__2,1216,N,True
4,294,reel13__6,1216,N,True
4,reel2__3,reel13__6,1216,N,True
4,reel2__3,reel27__3,1216,N,True
4,bot55__4,reel27__3,1216,N,True
4,reel2__3,reel42__8,1216,N,True
4,5,reel42__8,1216,N,True
4,bot33__1,bot48__8,1216,N,True
4,bot37__1,bot50__6,1216,N,True
4,bot46__7,bot50__6,1216,N,True
4,197,reel9__3,1216,N,True
4,bot31__7,reel9__3,1216,N,True
4,bot26__1,reel9__3,1216,N,True
4,29,reel59__8,1216,N,True
4,bot17__1,bot16__2,1216,N,True
4,272,reel8__0,1216,N,True
4,341,reel8__0,1216,N,True
4,341,reel47__6,1216,N,True
4,341,bot48__2,1216,N,True
4,304,249,1216,N,True
4,196,249,1216,N,True
4,57,249,1216,N,True
4,53,249,1216,N,True
4,315,249,1216,N,True
4,291,bot21__6,1216,N,True
4,304,bot21__6,1216,N,True
4,304,reel22__5,1216,N,True
4,reel5__4,reel34__1,1216,N,True
4,304,reel34__1,1216,N,True
4,331,bot12__9,1216,N,True
4,345,bot12__9,1216,N,True
4,345,bot15__6,1216,N,True
4,89,reel16__1,1216,N,True
4,345,reel16__1,1216,N,True
4,reel19__4,reel33__3,1216,N,True
4,345,reel33__3,1216,N,True
4,345,reel52__5,1216,N,True
4,5,187,1216,N,True
4,5,reel26__2,1216,N,True
4,reel43__0,reel33__2,1216,N,True
4,reel8__5,reel33__2,1216,N,True
4,reel43__0,reel26__5,1216,N,True
4,30,reel26__5,1216,N,True
4,232,reel26__5,1216,N,True
4,reel43__0,bot59__6,1216,N,True
4,reel46__4,286,1216,N,True
4,bot27__6,reel14__9,1216,N,True
4,reel48__2,reel14__9,1216,N,True
4,reel7__4,reel14__9,1216,N,True
4,50,reel4__8,1216,N,True
4,reel30__7,reel4__8,1216,N,True
4,reel30__7,bot43__5,1216,N,True
4,bot27__6,reel10__7,1216,N,True
4,reel35__4,reel10__7,1216,N,True
4,232,reel10__7,1216,N,True
4,232,bot43__0,1216,N,True
4,232,bot53__5,1216,N,True
4,100,bot6__1,1216,N,True
4,100,reel13__1,1216,N,True
4,reel3__0,reel32__3,1216,N,True
4,reel19__5,reel32__3,1216,N,True
4,bot33__7,reel32__3,1216,N,True
4,158,bot36__5,1216,N,True
4,bot0__6,bot11__7,1216,N,True
4,308,bot0__8,1216,N,True
4,308,bot26__0,1216,N,True
4,reel56__4,bot60__5,1216,N,True
4,174,reel6__3,1216,N,True
4,reel37__4,reel6__3,1216,N,True
4,239,234,1216,N,True
4,reel12__5,reel20__1,1216,N,True
4,239,reel20__1,1216,N,True
4,239,reel57__7,1216,N,True
4,239,bot60__0,1216,N,True
4,87,reel12__1,1216,N,True
4,87,reel49__1,1216,N,True
4,reel25__2,reel36__8,1216,N,True
4,reel25__2,bot50__5,1216,N,True
4,reel14__8,bot25__9,1216,N,True
4,reel14__8,bot54__0,1216,N,True
4,reel5__4,bot16__4,1216,N,True
4,50,bot16__4,1216,N,True
4,318,reel0__2,1216,N,True
4,318,reel37__3,1216,N,True
4,55,bot45__1,1216,N,True
4,318,bot45__1,1216,N,True
4,318,bot52__6,1216,N,True
4,318,reel54__4,1216,N,True
4,171,reel0__4,1216,N,True
4,151,reel0__4,1216,N,True
4,151,bot43__4,1216,N,True
4,111,reel49__7,1216,N,True
4,reel51__6,reel49__7,1216,N,True
4,bot14__9,bot17__6,1216,N,True
4,150,bot17__6,1216,N,True
4,57,92,1216,N,True
4,1,92,1216,N,True
4,53,92,1216,N,True
4,196,92,1216,N,True
4,1,bot1__3,1216,N,True
4,28,bot1__3,1216,N,True
4,reel30__3,reel25__7,1216,N,True
4,1,reel25__7,1216,N,True
4,1,bot26__2,1216,N,True
4,reel8__5,bot26__2,1216,N,True
4,reel8__4,bot26__2,1216,N,True
4,1,bot52__7,1216,N,True
4,55,reel3__3,1216,N,True
4,55,bot29__7,1216,N,True
4,329,bot29__7,1216,N,True
4,55,bot34__1,1216,N,True
4,55,reel54__1,1216,N,True
4,reel34__7,reel54__1,1216,N,True
4,323,reel54__1,1216,N,True
4,196,bot15__1,1216,N,True
4,bot26__7,bot15__1,1216,N,True
4,bot26__7,bot31__9,1216,N,True
4,bot19__6,bot31__9,1216,N,True
4,339,bot31__9,1216,N,True
4,reel34__7,reel9__1,1216,N,True
4,196,reel9__1,1216,N,True
4,97,reel9__1,1216,N,True
4,10,reel9__1,1216,N,True
4,reel34__7,reel58__6,1216,N,True
4,334,bot8__0,1216,N,True
4,334,bot16__3,1216,N,True
4,334,reel21__2,1216,N,True
4,334,bot57__2,1216,N,True
4,255,49,1216,N,True
4,255,reel22__3,1216,N,True
4,229,reel28__7,1216,N,True
4,200,reel28__7,1216,N,True
4,255,reel28__7,1216,N,True
4,126,bot3__5,1216,N,True
4,295,bot3__5,1216,N,True
4,295,reel10__2,1216,N,True
4,30,reel10__2,1216,N,True
4,295,reel52__8,1216,N,True
4,reel37__4,reel52__8,1216,N,True
4,116,115,1216,N,True
4,28,115,1216,N,True
4,14,115,1216,N,True
4,28,reel3__6,1216,N,True
4,28,reel32__2,1216,N,True
4,reel9__6,bot33__3,1216,N,True
4,28,bot33__3,1216,N,True
4,97,230,1216,N,True
4,97,bot3__6,1216,N,True
4,reel18__8,bot21__4,1216,N,True
4,97,bot21__4,1216,N,True
4,126,bot23__5,1216,N,True
4,97,bot23__5,1216,N,True
4,bot44__5,reel23__2,1216,N,True
4,97,reel23__2,1216,N,True
4,229,190,1216,N,True
4,79,bot6__9,1216,N,True
4,54,reel10__1,1216,N,True
4,79,reel10__1,1216,N,True
4,111,reel10__1,1216,N,True
4,79,reel25__8,1216,N,True
4,3,reel25__8,1216,N,True
4,reel12__6,reel41__0,1216,N,True
4,79,reel41__0,1216,N,True
4,79,bot54__7,1216,N,True
4,reel25__4,228,1216,N,True
4,3,228,1216,N,True
4,50,reel1__8,1216,N,True
4,3,reel1__8,1216,N,True
4,3,reel7__0,1216,N,True
4,3,bot17__9,1216,N,True
4,reel3__2,reel20__8,1216,N,True
4,3,reel20__8,1216,N,True
4,3,bot54__9,1216,N,True
4,104,bot54__9,1216,N,True
4,200,bot8__6,1216,N,True
4,323,bot8__6,1216,N,True
4,reel11__9,bot21__1,1216,N,True
4,323,bot21__1,1216,N,True
4,323,bot39__2,1216,N,True
4,reel8__4,reel22__9,1216,N,True
4,89,reel22__9,1216,N,True
4,reel56__8,reel22__9,1216,N,True
4,169,reel48__9,1216,N,True
4,reel30__4,bot33__9,1216,N,True
4,reel24__1,reel44__7,1216,N,True
4,53,reel44__7,1216,N,True
4,bot3__1,bot1__8,1216,N,True
4,200,reel16__0,1216,N,True
4,bot30__2,reel16__0,1216,N,True
4,200,reel18__6,1216,N,True
4,200,bot20__9,1216,N,True
4,reel6__9,bot20__9,1216,N,True
4,reel14__3,bot28__4,1216,N,True
4,200,bot28__4,1216,N,True
4,200,bot38__2,1216,N,True
4,200,bot45__0,1216,N,True
4,reel2__9,reel32__4,1216,N,True
4,reel2__9,bot41__9,1216,N,True
4,reel2__9,reel43__8,1216,N,True
4,reel50__9,reel44__5,1216,N,True
4,reel2__9,reel44__5,1216,N,True
4,57,24,1216,N,True
4,53,24,1216,N,True
4,196,254,1216,N,True
4,53,254,1216,N,True
4,53,191,1216,N,True
4,130,191,1216,N,True
4,53,101,1216,N,True
4,331,reel5__1,1216,N,True
4,reel25__4,reel5__1,1216,N,True
4,53,reel5__1,1216,N,True
4,53,reel32__1,1216,N,True
4,272,reel32__1,1216,N,True
4,bot33__7,bot32__4,1216,N,True
4,331,bot30__8,1216,N,True
4,331,reel59__9,1216,N,True
4,bot60__7,reel41__1,1216,N,True
4,reel3__0,reel9__0,1216,N,True
4,reel3__0,bot34__3,1216,N,True
4,reel3__0,reel44__3,1216,N,True
4,reel12__6,reel44__3,1216,N,True
4,reel8__2,reel17__8,1216,N,True
4,bot22__2,reel17__8,1216,N,True
4,reel8__2,bot20__0,1216,N,True
4,reel8__2,reel50__1,1216,N,True
4,bot22__2,bot6__5,1216,N,True
4,reel2__1,bot6__5,1216,N,True
4,bot53__0,reel0__3,1216,N,True
4,31,reel0__3,1216,N,True
4,reel19__4,reel0__3,1216,N,True
4,reel5__9,bot23__2,1216,N,True
4,reel19__4,bot23__2,1216,N,True
4,reel19__4,reel41__6,1216,N,True
4,reel14__6,6,1216,N,True
4,89,6,1216,N,True
4,89,319,1216,N,True
4,89,95,1216,N,True
4,reel37__4,reel15__8,1216,N,True
4,89,reel15__8,1216,N,True
4,89,bot21__3,1216,N,True
4,89,reel31__6,1216,N,True
4,reel4__3,bot27__8,1216,N,True
4,284,reel8__6,1216,N,True
4,284,bot11__6,1216,N,True
4,reel7__7,bot11__6,1216,N,True
4,284,bot39__8,1216,N,True
4,30,bot39__8,1216,N,True
4,reel11__9,bot12__6,1216,N,True
4,329,bot12__6,1216,N,True
4,reel11__9,reel43__3,1216,N,True
4,reel11__9,reel47__2,1216,N,True
4,66,reel34__4,1216,N,True
4,bot46__7,reel34__4,1216,N,True
4,reel18__4,333,1216,N,True
4,bot46__7,333,1216,N,True
4,125,reel27__6,1216,N,True
4,104,reel27__6,1216,N,True
4,125,reel47__3,1216,N,True
4,reel12__6,reel47__3,1216,N,True
4,reel5__9,bot14__0,1216,N,True
4,14,bot14__0,1216,N,True
4,reel5__9,reel25__6,1216,N,True
4,bot36__2,reel25__6,1216,N,True
4,reel5__9,bot32__5,1216,N,True
4,175,227,1216,N,True
4,bot11__4,227,1216,N,True
4,bot11__4,bot16__8,1216,N,True
4,175,46,1216,N,True
4,175,99,1216,N,True
4,reel14__3,99,1216,N,True
4,175,296,1216,N,True
4,reel11__4,296,1216,N,True
4,reel2__1,296,1216,N,True
4,175,reel18__2,1216,N,True
4,175,reel52__0,1216,N,True
4,161,reel52__0,1216,N,True
4,175,reel59__0,1216,N,True
4,bot6__8,bot8__4,1216,N,True
4,bot25__6,bot30__7,1216,N,True
4,197,bot30__7,1216,N,True
4,bot44__5,bot30__7,1216,N,True
4,251,bot17__0,1216,N,True
4,338,reel19__8,1216,N,True
4,251,reel19__8,1216,N,True
4,251,reel24__5,1216,N,True
4,251,reel55__1,1216,N,True
4,reel11__4,reel55__4,1216,N,True
4,251,reel55__4,1216,N,True
4,196,bot32__7,1216,N,True
4,reel14__6,bot32__7,1216,N,True
4,196,bot53__1,1216,N,True
4,bot2__2,bot53__1,1216,N,True
4,196,bot54__2,1216,N,True
4,66,bot17__7,1216,N,True
4,66,reel21__5,1216,N,True
4,272,reel21__5,1216,N,True
4,45,bot5__1,1216,N,True
4,reel12__5,reel9__5,1216,N,True
4,45,reel9__5,1216,N,True
4,45,bot15__9,1216,N,True
4,22,bot15__9,1216,N,True
4,45,reel20__4,1216,N,True
4,reel8__4,bot14__6,1216,N,True
4,reel8__4,reel26__0,1216,N,True
4,bot2__2,bot12__3,1216,N,True
4,291,bot25__2,1216,N,True
4,bot2__2,bot25__2,1216,N,True
4,14,bot40__3,1216,N,True
4,bot2__2,bot40__3,1216,N,True
4,116,214,1216,N,True
4,111,214,1216,N,True
4,bot3__8,214,1216,N,True
4,reel57__4,214,1216,N,True
4,14,214,1216,N,True
4,reel58__4,reel48__1,1216,N,True
4,reel22__8,reel48__1,1216,N,True
4,84,reel48__1,1216,N,True
4,reel22__8,reel54__6,1216,N,True
4,reel22__8,bot59__2,1216,N,True
4,reel14__4,reel12__0,1216,N,True
4,reel35__4,reel12__0,1216,N,True
4,reel14__4,bot21__2,1216,N,True
4,reel14__4,reel35__1,1216,N,True
4,reel9__9,bot34__9,1216,N,True
4,reel16__7,reel21__6,1216,N,True
4,reel11__4,bot28__1,1216,N,True
4,reel16__7,bot28__1,1216,N,True
4,reel16__7,bot51__3,1216,N,True
4,reel16__7,reel59__7,1216,N,True
4,reel24__2,reel11__6,1216,N,True
4,69,reel11__6,1216,N,True
4,reel24__2,bot42__8,1216,N,True
4,50,reel20__7,1216,N,True
4,320,reel20__7,1216,N,True
4,reel3__4,reel51__2,1216,N,True
4,reel36__7,reel51__2,1216,N,True
4,reel36__7,reel56__0,1216,N,True
4,reel10__5,reel13__5,1216,N,True
4,reel10__5,reel17__7,1216,N,True
4,bot29__6,bot9__9,1216,N,True
4,54,reel11__1,1216,N,True
4,54,bot13__7,1216,N,True
4,168,bot13__7,1216,N,True
4,54,bot41__5,1216,N,True
4,54,reel51__9,1216,N,True
4,reel2__1,bot11__5,1216,N,True
4,reel6__9,bot11__5,1216,N,True
4,reel50__3,reel34__8,1216,N,True
4,reel6__9,reel34__8,1216,N,True
4,108,bot0__9,1216,N,True
4,108,reel31__8,1216,N,True
4,108,bot43__6,1216,N,True
4,108,reel44__6,1216,N,True
4,150,bot7__4,1216,N,True
4,338,reel1__3,1216,N,True
4,339,reel1__3,1216,N,True
4,324,reel53__8,1216,N,True
4,338,reel53__8,1216,N,True
4,338,bot55__3,1216,N,True
4,reel9__2,262,1216,N,True
4,reel9__2,reel13__9,1216,N,True
4,reel9__2,reel37__8,1216,N,True
4,reel9__2,bot42__9,1216,N,True
4,reel7__4,179,1216,N,True
4,reel7__4,bot28__6,1216,N,True
4,reel7__4,reel37__0,1216,N,True
4,reel7__4,reel39__1,1216,N,True
4,reel7__4,reel46__3,1216,N,True
4,reel13__4,bot30__4,1216,N,True
4,reel13__4,bot31__0,1216,N,True
4,reel9__6,reel43__6,1216,N,True
4,bot49__9,reel43__6,1216,N,True
4,reel13__4,reel43__6,1216,N,True
4,reel12__6,reel25__1,1216,N,True
4,reel12__6,bot40__5,1216,N,True
4,reel37__4,bot48__5,1216,N,True
4,reel58__7,reel21__7,1216,N,True
4,178,reel13__2,1216,N,True
4,57,reel13__2,1216,N,True
4,111,reel13__2,1216,N,True
4,reel14__6,reel28__0,1216,N,True
4,reel14__6,bot58__5,1216,N,True
4,reel24__6,47,1216,N,True
4,bot38__4,bot28__9,1216,N,True
4,291,bot28__9,1216,N,True
4,291,reel38__7,1216,N,True
4,30,bot0__2,1216,N,True
4,106,reel2__5,1216,N,True
4,reel1__2,reel2__5,1216,N,True
4,106,bot10__7,1216,N,True
4,134,bot47__8,1216,N,True
4,bot49__9,245,1216,N,True
4,344,bot14__7,1216,N,True
4,reel2__1,bot29__2,1216,N,True
4,reel5__2,bot25__4,1216,N,True
4,reel5__2,reel46__8,1216,N,True
4,324,340,1216,N,True
4,339,340,1216,N,True
4,324,reel7__1,1216,N,True
4,324,bot11__2,1216,N,True
4,104,reel0__5,1216,N,True
4,104,bot12__1,1216,N,True
4,104,bot22__8,1216,N,True
4,161,reel7__5,1216,N,True
4,315,reel7__5,1216,N,True
4,297,reel7__5,1216,N,True
4,297,bot22__9,1216,N,True
4,reel33__0,bot51__7,1216,N,True
4,297,bot51__7,1216,N,True
4,297,reel52__2,1216,N,True
4,bot53__0,bot45__6,1216,N,True
4,bot8__5,162,1216,N,True
4,116,162,1216,N,True
4,bot8__5,bot10__2,1216,N,True
4,reel18__8,bot54__1,1216,N,True
4,126,bot1__2,1216,N,True
4,126,bot5__9,1216,N,True
4,126,reel29__6,1216,N,True
4,126,bot37__9,1216,N,True
4,bot1__5,bot37__9,1216,N,True
4,reel36__6,bot50__8,1216,N,True
4,reel21__0,reel25__5,1216,N,True
4,320,reel25__5,1216,N,True
4,reel21__0,bot37__3,1216,N,True
4,reel0__0,reel30__9,1216,N,True
4,reel25__4,reel44__4,1216,N,True
4,reel0__0,reel44__4,1216,N,True
4,reel47__4,reel46__5,1216,N,True
4,105,reel46__5,1216,N,True
4,reel39__0,reel46__5,1216,N,True
4,31,reel11__2,1216,N,True
4,31,reel35__6,1216,N,True
4,14,reel35__6,1216,N,True
4,31,reel44__9,1216,N,True
4,274,bot0__0,1216,N,True
4,274,bot6__6,1216,N,True
4,274,reel6__5,1216,N,True
4,274,reel43__4,1216,N,True
4,reel27__2,reel48__7,1216,N,True
4,reel27__2,reel49__0,1216,N,True
4,reel27__2,reel54__0,1216,N,True
4,reel12__5,reel31__5,1216,N,True
4,156,reel31__5,1216,N,True
4,156,bot51__8,1216,N,True
4,72,reel28__9,1216,N,True
4,72,reel41__5,1216,N,True
4,bot14__5,bot12__8,1216,N,True
4,reel42__2,reel53__3,1216,N,True
4,bot55__4,bot23__8,1216,N,True
4,178,bot7__5,1216,N,True
4,10,bot7__5,1216,N,True
4,178,bot35__9,1216,N,True
4,339,bot35__9,1216,N,True
4,178,bot55__6,1216,N,True
4,111,279,1216,N,True
4,111,reel11__7,1216,N,True
4,111,bot13__9,1216,N,True
4,111,reel29__0,1216,N,True
4,315,reel22__2,1216,N,True
4,reel34__5,reel22__2,1216,N,True
4,reel34__5,reel56__1,1216,N,True
4,bot9__3,bot11__1,1216,N,True
4,171,58,1216,N,True
4,269,58,1216,N,True
4,reel26__7,58,1216,N,True
4,reel36__2,reel30__0,1216,N,True
4,reel36__2,bot56__1,1216,N,True
4,329,reel39__2,1216,N,True
4,14,reel39__2,1216,N,True
4,10,bot27__5,1216,N,True
4,reel24__7,bot39__7,1216,N,True
4,10,bot39__7,1216,N,True
4,reel9__6,reel25__0,1216,N,True
4,reel9__6,reel38__1,1216,N,True
4,reel9__6,reel45__8,1216,N,True
4,reel39__0,reel45__8,1216,N,True
4,reel9__6,bot57__6,1216,N,True
4,bot42__1,bot44__3,1216,N,True
4,272,bot33__0,1216,N,True
4,272,bot52__8,1216,N,True
4,reel3__4,bot4__7,1216,N,True
4,bot3__8,reel2__0,1216,N,True
4,69,reel2__0,1216,N,True
4,69,bot59__7,1216,N,True
4,reel48__0,bot53__7,1216,N,True
4,294,reel26__6,1216,N,True
4,120,reel21__3,1216,N,True
4,329,202,1216,N,True
4,64,bot21__0,1216,N,True
4,320,bot8__3,1216,N,True
4,320,bot10__1,1216,N,True
4,320,reel35__8,1216,N,True
4,315,reel19__7,1216,N,True
4,315,bot23__3,1216,N,True
4,bot56__7,bot55__2,1216,N,True
4,217,bot12__4,1216,N,True
4,217,bot59__1,1216,N,True
4,reel33__0,192,1216,N,True
4,339,reel57__5,1216,N,True
4,339,reel59__6,1216,N,True
4,84,reel40__2,1216,N,True
4,bot17__2,bot37__7,1216,N,True
4,reel3__2,bot19__2,1216,N,True
4,116,2,1216,N,True
4,116,reel5__8,1216,N,True
4,168,reel5__8,1216,N,True
4,116,bot40__2,1216,N,True
4,116,reel58__1,1216,N,True
4,22,bot59__3,1216,N,True
4,127,reel57__3,1216,N,True
4,168,reel57__3,1216,N,True
4,127,reel58__0,1216,N,True
4,bot25__5,81,1216,N,True
4,269,81,1216,N,True
4,269,reel33__9,1216,N,True
4,269,bot49__3,1216,N,True
4,reel50__4,reel32__5,1216,N,True
4,bot25__5,bot38__6,1216,N,True
4,161,bot33__6,1216,N,True
4,161,bot39__0,1216,N,True
4,bot29__5,bot20__2,1216,N,True
4,reel7__7,bot20__2,1216,N,True
4,bot29__5,bot52__2,1216,N,True
4,bot42__5,bot26__3,1216,N,True
4,reel33__5,bot49__5,1216,N,True
4,reel12__5,reel27__7,1216,N,True
4,reel12__5,reel29__2,1216,N,True
4,reel12__5,bot60__3,1216,N,True
4,reel23__6,reel54__2,1216,N,True
4,103,reel26__9,1216,N,True
4,bot39__6,bot43__9,1216,N,True
4,168,bot36__7,1216,N,True
4,168,reel39__3,1216,N,True
4,reel7__7,reel42__1,1216,N,True
4,bot40__6,bot37__8,1217,N,True
4,bot48__4,bot37__8,1217,N,True
4,bot21__2,bot37__8,1217,N,True
4,bot8__9,bot30__6,1217,N,True
4,reel17__6,bot30__6,1217,N,True
4,reel17__6,reel42__0,1217,N,True
4,reel17__6,reel42__9,1217,N,True
4,reel23__3,reel42__9,1217,N,True
4,reel17__6,bot51__5,1217,N,True
4,bot35__6,bot51__5,1217,N,True
4,bot5__3,bot51__5,1217,N,True
4,reel3__0,reel9__0,1217,N,True
4,bot25__7,reel9__0,1217,N,True
4,reel4__8,reel9__0,1217,N,True
4,reel20__5,reel15__3,1217,N,True
4,reel4__8,reel15__3,1217,N,True
4,reel12__0,reel15__3,1217,N,True
4,bot20__3,bot59__5,1217,N,True
4,reel13__5,reel10__5,1217,N,True
4,reel7__3,reel10__5,1217,N,True
4,reel22__0,bot46__3,1217,N,True
4,reel34__0,bot46__3,1217,N,True
4,reel23__5,bot46__3,1217,N,True
4,reel35__9,reel49__2,1217,N,True
4,reel33__9,reel49__2,1217,N,True
4,reel34__4,reel49__2,1217,N,True
4,reel19__4,bot22__5,1217,N,True
4,bot40__2,bot22__5,1217,N,True
4,bot16__3,bot53__9,1217,N,True
4,bot17__1,bot53__9,1217,N,True
4,reel23__2,bot44__5,1217,N,True
4,bot30__7,bot44__5,1217,N,True
4,reel9__3,bot32__5,1217,N,True
4,bot44__4,bot32__5,1217,N,True
4,reel5__9,bot32__5,1217,N,True
4,bot18__2,bot32__5,1217,N,True
4,reel4__9,reel42__5,1217,N,True
4,reel15__2,reel42__5,1217,N,True
4,bot14__3,bot44__8,1217,N,True
4,reel15__2,bot44__8,1217,N,True
4,reel27__0,bot44__8,1217,N,True
4,bot17__2,bot37__7,1217,N,True
4,reel14__5,bot37__7,1217,N,True
4,reel47__0,bot52__1,1217,N,True
4,reel7__8,bot52__1,1217,N,True
4,reel46__9,bot52__1,1217,N,True
4,reel6__3,bot12__8,1217,N,True
4,bot6__7,bot12__8,1217,N,True
4,bot6__7,bot16__8,1217,N,True
4,bot11__4,bot16__8,1217,N,True
4,reel14__6,bot51__1,1217,N,True
4,bot35__1,bot51__1,1217,N,True
4,bot22__1,bot38__5,1217,N,True
4,reel13__0,bot21__5,1217,N,True
4,reel5__8,bot21__5,1217,N,True
4,bot22__7,bot21__5,1217,N,True
4,bot41__5,bot21__5,1217,N,True
4,reel3__0,bot34__3,1217,N,True
4,reel6__3,bot34__3,1217,N,True
4,reel25__3,bot34__3,1217,N,True
4,reel9__6,bot38__8,1217,N,True
4,bot47__6,bot38__8,1217,N,True
4,bot12__2,bot38__8,1217,N,True
4,bot54__1,reel41__8,1217,N,True
4,reel26__7,reel41__8,1217,N,True
4,bot7__6,bot45__3,1217,N,True
4,reel9__3,reel50__6,1217,N,True
4,reel38__8,reel51__9,1217,N,True
4,reel38__8,reel55__0,1217,N,True
4,reel50__0,reel55__0,1217,N,True
4,reel11__5,reel22__6,1217,N,True
4,reel3__8,bot31__6,1217,N,True
4,reel11__5,bot31__6,1217,N,True
4,bot58__8,bot31__6,1217,N,True
4,bot23__3,bot31__6,1217,N,True
4,reel32__2,reel55__3,1217,N,True
4,reel11__5,reel55__3,1217,N,True
4,reel27__7,reel28__3,1217,N,True
4,reel34__0,bot35__4,1217,N,True
4,bot13__1,bot34__9,1217,N,True
4,reel9__9,bot34__9,1217,N,True
4,reel15__6,bot34__9,1217,N,True
4,bot13__1,bot39__0,1217,N,True
4,bot60__1,bot39__0,1217,N,True
4,reel6__0,bot44__2,1217,N,True
4,bot25__9,bot44__2,1217,N,True
4,reel6__0,bot47__1,1217,N,True
4,reel28__1,bot47__1,1217,N,True
4,reel6__9,bot56__6,1217,N,True
4,reel7__0,reel36__5,1217,N,True
4,reel32__7,reel36__5,1217,N,True
4,reel48__1,reel56__2,1217,N,True
4,reel53__8,reel56__2,1217,N,True
4,reel34__9,reel22__9,1217,N,True
4,reel56__8,reel22__9,1217,N,True
4,bot57__8,reel22__9,1217,N,True
4,reel21__7,reel22__9,1217,N,True
4,bot30__0,reel22__9,1217,N,True
4,reel9__6,reel43__6,1217,N,True
4,bot49__9,reel43__6,1217,N,True
4,reel15__6,reel43__6,1217,N,True
4,bot52__7,reel46__8,1217,N,True
4,reel5__2,reel46__8,1217,N,True
4,reel42__3,bot60__6,1217,N,True
4,bot43__4,bot60__6,1217,N,True
4,reel15__6,bot25__8,1217,N,True
4,reel12__9,bot25__8,1217,N,True
4,bot16__5,bot25__8,1217,N,True
4,reel41__1,reel32__1,1217,N,True
4,reel2__2,bot60__7,1217,N,True
4,bot4__8,bot60__7,1217,N,True
4,reel41__1,bot60__7,1217,N,True
4,reel2__7,bot45__4,1217,N,True
4,bot52__4,bot45__4,1217,N,True
4,reel24__0,bot45__4,1217,N,True
4,reel19__0,bot24__1,1217,N,True
4,bot13__7,bot24__1,1217,N,True
4,reel27__2,bot54__8,1217,N,True
4,reel4__4,reel54__0,1217,N,True
4,reel27__2,reel54__0,1217,N,True
4,reel26__2,reel19__6,1217,N,True
4,reel1__6,reel19__6,1217,N,True
4,reel1__1,reel19__6,1217,N,True
4,reel17__3,reel19__6,1217,N,True
4,reel37__9,reel19__6,1217,N,True
4,reel17__3,bot34__6,1217,N,True
4,reel17__3,bot41__1,1217,N,True
4,bot9__4,bot41__1,1217,N,True
4,bot12__7,bot30__2,1217,N,True
4,reel16__0,bot30__2,1217,N,True
4,reel14__1,bot42__7,1217,N,True
4,reel41__7,bot42__7,1217,N,True
4,reel18__0,reel59__3,1217,N,True
4,reel4__7,reel59__3,1217,N,True
4,reel26__2,bot27__7,1217,N,True
4,bot31__1,bot27__7,1217,N,True
4,bot18__9,bot11__3,1217,N,True
4,bot7__3,bot11__3,1217,N,True
4,bot20__4,bot11__3,1217,N,True
4,bot19__4,bot11__3,1217,N,True
4,reel42__1,bot56__9,1217,N,True
4,bot19__4,bot56__9,1217,N,True
4,reel0__1,bot37__6,1217,N,True
4,reel12__8,bot37__6,1217,N,True
4,reel20__7,bot32__0,1217,N,True
4,reel10__3,bot32__0,1217,N,True
4,bot41__3,bot32__0,1217,N,True
4,bot47__6,reel32__8,1217,N,True
4,reel9__6,reel25__0,1217,N,True
4,reel23__8,reel25__0,1217,N,True
4,reel1__7,reel25__0,1217,N,True
4,reel34__4,reel25__0,1217,N,True
4,reel26__5,bot55__2,1217,N,True
4,bot5__1,bot8__7,1217,N,True
4,reel12__9,bot20__2,1217,N,True
4,reel7__7,bot20__2,1217,N,True
4,reel25__4,reel44__4,1217,N,True
4,reel0__0,reel44__4,1217,N,True
4,bot45__9,reel44__4,1217,N,True
4,bot43__0,reel8__9,1217,N,True
4,reel3__7,reel8__9,1217,N,True
4,reel11__7,bot30__5,1217,N,True
4,reel3__7,bot30__5,1217,N,True
4,bot58__6,bot44__0,1217,N,True
4,bot3__6,bot44__0,1217,N,True
4,reel16__0,bot44__0,1217,N,True
4,bot36__3,bot39__3,1217,N,True
4,bot16__3,bot39__3,1217,N,True
4,reel14__9,bot27__6,1217,N,True
4,reel2__7,reel30__1,1217,N,True
4,bot9__7,bot25__0,1217,N,True
4,bot7__4,bot25__0,1217,N,True
4,reel4__9,reel26__0,1217,N,True
4,reel13__1,reel26__0,1217,N,True
4,reel56__7,reel26__0,1217,N,True
4,reel59__9,reel48__3,1217,N,True
4,reel5__5,reel48__3,1217,N,True
4,reel49__0,reel48__3,1217,N,True
4,reel48__7,bot49__4,1217,N,True
4,reel33__3,bot49__4,1217,N,True
4,reel3__1,reel44__8,1217,N,True
4,bot43__6,bot57__0,1217,N,True
4,bot43__6,bot59__2,1217,N,True
4,reel22__8,bot59__2,1217,N,True
4,bot19__5,bot34__0,1217,N,True
4,reel20__4,bot34__0,1217,N,True
4,reel34__7,reel58__6,1217,N,True
4,reel59__4,reel43__8,1217,N,True
4,reel2__9,reel43__8,1217,N,True
4,reel3__6,reel43__8,1217,N,True
4,reel32__5,reel54__5,1217,N,True
4,reel26__2,reel32__4,1217,N,True
4,reel2__9,reel32__4,1217,N,True
4,reel30__9,reel32__4,1217,N,True
4,reel39__8,reel49__4,1217,N,True
4,reel39__8,reel51__0,1217,N,True
4,reel6__1,bot41__9,1217,N,True
4,bot35__6,bot41__9,1217,N,True
4,reel2__9,bot41__9,1217,N,True
4,reel18__0,reel33__1,1217,N,True
4,reel15__7,reel16__2,1217,N,True
4,reel13__1,reel16__2,1217,N,True
4,reel13__2,reel16__2,1217,N,True
4,bot49__3,reel37__7,1217,N,True
4,reel40__5,reel37__7,1217,N,True
4,reel34__3,reel37__7,1217,N,True
4,reel38__5,reel54__2,1217,N,True
4,reel29__2,reel54__2,1217,N,True
4,reel28__5,reel24__8,1217,N,True
4,bot6__8,bot58__9,1217,N,True
4,reel4__5,bot58__9,1217,N,True
4,reel9__4,reel12__7,1217,N,True
4,reel16__7,reel12__7,1217,N,True
4,reel40__5,reel54__6,1217,N,True
4,reel22__8,reel54__6,1217,N,True
4,reel34__1,reel49__8,1217,N,True
4,reel44__9,reel49__8,1217,N,True
4,reel11__6,bot42__3,1217,N,True
4,bot21__3,bot42__3,1217,N,True
4,reel29__3,bot33__6,1217,N,True
4,reel0__6,bot33__6,1217,N,True
4,bot18__0,bot16__7,1217,N,True
4,bot31__8,bot16__7,1217,N,True
4,reel10__3,bot16__7,1217,N,True
4,bot5__4,bot16__7,1217,N,True
4,reel20__9,bot53__6,1217,N,True
4,reel12__0,bot53__6,1217,N,True
4,reel20__2,bot58__3,1217,N,True
4,reel12__0,bot58__3,1217,N,True
4,reel10__3,bot32__1,1217,N,True
4,reel20__9,bot47__7,1217,N,True
4,reel10__3,bot47__7,1217,N,True
4,bot36__9,bot47__7,1217,N,True
4,reel7__0,bot28__0,1217,N,True
4,bot18__1,bot47__9,1217,N,True
4,reel28__1,reel31__6,1217,N,True
4,reel4__4,reel50__1,1217,N,True
4,reel28__1,reel50__1,1217,N,True
4,bot8__5,bot10__2,1217,N,True
4,bot36__0,bot46__6,1217,N,True
4,bot23__3,bot46__6,1217,N,True
4,reel20__5,bot26__4,1217,N,True
4,bot34__4,bot26__4,1217,N,True
4,reel2__6,bot22__9,1217,N,True
4,reel33__6,reel39__1,1217,N,True
4,bot42__8,bot58__2,1217,N,True
4,bot42__8,bot59__6,1217,N,True
4,bot9__1,bot59__6,1217,N,True
4,reel29__5,reel36__6,1217,N,True
4,bot13__6,bot36__2,1217,N,True
4,reel31__2,reel10__8,1217,N,True
4,reel15__4,reel10__8,1217,N,True
4,reel31__2,bot33__5,1217,N,True
4,reel24__5,reel57__9,1217,N,True
4,reel7__8,reel57__9,1217,N,True
4,reel55__1,reel48__8,1217,N,True
4,reel55__1,bot60__4,1217,N,True
4,bot13__7,bot60__4,1217,N,True
4,reel22__0,reel36__0,1217,N,True
4,reel35__6,reel36__0,1217,N,True
4,reel22__0,bot47__0,1217,N,True
4,bot24__5,bot47__0,1217,N,True
4,reel5__5,reel16__1,1217,N,True
4,reel5__5,reel30__6,1217,N,True
4,reel2__2,reel23__1,1217,N,True
4,reel15__0,reel23__1,1217,N,True
4,reel9__7,bot12__3,1217,N,True
4,bot60__9,bot12__3,1217,N,True
4,bot2__2,bot12__3,1217,N,True
4,reel11__4,bot28__1,1217,N,True
4,reel16__7,bot28__1,1217,N,True
4,bot24__5,bot29__9,1217,N,True
4,reel9__1,bot28__5,1217,N,True
4,bot46__8,reel43__2,1217,N,True
4,reel41__7,reel43__2,1217,N,True
4,reel20__2,reel43__2,1217,N,True
4,reel16__7,reel43__2,1217,N,True
4,bot8__2,bot37__0,1217,N,True
4,bot4__3,bot37__0,1217,N,True
4,reel36__4,reel53__1,1217,N,True
4,bot60__1,reel53__1,1217,N,True
4,bot20__9,bot45__8,1217,N,True
4,reel11__7,reel56__3,1217,N,True
4,reel8__1,reel56__3,1217,N,True
4,bot13__9,bot39__5,1217,N,True
4,reel24__5,bot39__9,1217,N,True
4,reel31__1,reel43__1,1217,N,True
4,bot2__1,bot58__4,1217,N,True
4,bot42__0,bot58__4,1217,N,True
4,reel9__6,reel38__1,1217,N,True
4,reel34__8,reel38__1,1217,N,True
4,reel34__8,reel50__3,1217,N,True
4,reel27__0,bot47__4,1217,N,True
4,bot36__5,bot58__7,1217,N,True
4,bot37__9,bot58__7,1217,N,True
4,bot51__0,bot58__7,1217,N,True
4,bot28__3,bot55__0,1217,N,True
4,reel32__0,bot55__0,1217,N,True
4,reel39__5,bot54__4,1217,N,True
4,reel45__1,bot54__4,1217,N,True
4,bot48__3,reel28__4,1217,N,True
4,reel1__4,reel28__4,1217,N,True
4,reel49__7,reel28__4,1217,N,True
4,bot2__4,bot27__4,1217,N,True
4,bot8__9,bot27__4,1217,N,True
4,bot8__9,bot29__1,1217,N,True
4,bot14__6,bot29__1,1217,N,True
4,reel11__7,bot50__7,1217,N,True
4,reel23__3,reel40__9,1217,N,True
4,reel4__3,bot22__6,1217,N,True
4,reel20__7,bot22__6,1217,N,True
4,reel4__3,bot27__8,1217,N,True
4,reel10__4,bot27__8,1217,N,True
4,reel5__9,bot14__0,1217,N,True
4,bot48__3,bot52__3,1217,N,True
4,reel4__5,bot52__3,1217,N,True
4,bot2__4,bot11__0,1217,N,True
4,bot17__6,bot11__0,1217,N,True
4,bot2__4,bot57__3,1217,N,True
4,reel24__3,bot28__6,1217,N,True
4,reel24__3,reel59__1,1217,N,True
4,reel16__7,bot51__3,1217,N,True
4,reel10__2,reel41__4,1217,N,True
4,reel18__6,reel41__4,1217,N,True
4,bot55__8,bot56__7,1217,N,True
4,reel2__1,bot29__2,1217,N,True
4,reel20__7,reel33__2,1217,N,True
4,reel13__7,reel14__7,1217,N,True
4,bot47__2,bot14__8,1217,N,True
4,reel0__0,bot14__8,1217,N,True
4,reel21__2,bot23__9,1217,N,True
4,reel11__8,reel13__9,1217,N,True
4,reel4__5,reel13__9,1217,N,True
4,reel15__0,reel13__9,1217,N,True
4,reel4__5,bot18__4,1217,N,True
4,reel9__6,bot57__6,1217,N,True
4,bot56__3,reel44__7,1217,N,True
4,reel1__6,bot37__5,1217,N,True
4,bot44__9,bot16__4,1217,N,True
4,bot37__1,bot46__9,1217,N,True
4,bot37__1,bot50__6,1217,N,True
4,reel22__2,reel43__5,1217,N,True
4,reel28__9,reel43__5,1217,N,True
4,bot59__4,reel41__2,1217,N,True
4,bot9__4,bot33__1,1217,N,True
4,reel10__4,reel54__7,1217,N,True
4,reel4__4,reel54__7,1217,N,True
4,reel37__8,reel57__0,1217,N,True
4,reel10__6,reel57__0,1217,N,True
4,reel22__8,bot29__6,1217,N,True
4,reel14__6,bot58__5,1217,N,True
4,reel38__6,bot58__5,1217,N,True
4,reel17__4,reel56__1,1217,N,True
4,reel41__5,bot42__4,1217,N,True
4,bot6__5,bot49__5,1217,N,True
4,reel3__4,bot4__7,1217,N,True
4,reel16__8,bot20__0,1217,N,True
4,reel12__5,reel31__5,1217,N,True
4,reel12__5,bot60__3,1217,N,True
4,bot31__7,bot38__3,1217,N,True
4,reel27__9,68,1218,N,True
4,reel27__9,reel29__1,1218,N,True
4,reel27__9,reel35__3,1218,N,True
4,reel27__9,bot36__6,1218,N,True
4,31,83,1218,N,True
4,25,83,1218,N,True
4,25,94,1218,N,True
4,315,94,1218,N,True
4,26,276,1218,N,True
4,239,276,1218,N,True
4,25,276,1218,N,True
4,236,276,1218,N,True
4,bot25__6,276,1218,N,True
4,141,276,1218,N,True
4,232,276,1218,N,True
4,56,276,1218,N,True
4,322,276,1218,N,True
4,9,276,1218,N,True
4,271,276,1218,N,True
4,200,276,1218,N,True
4,98,276,1218,N,True
4,25,288,1218,N,True
4,315,288,1218,N,True
4,26,158,1218,N,True
4,25,158,1218,N,True
4,142,158,1218,N,True
4,248,158,1218,N,True
4,332,158,1218,N,True
4,232,158,1218,N,True
4,322,158,1218,N,True
4,40,158,1218,N,True
4,315,158,1218,N,True
4,291,158,1218,N,True
4,reel2__3,158,1218,N,True
4,60,158,1218,N,True
4,113,158,1218,N,True
4,132,158,1218,N,True
4,119,176,1218,N,True
4,239,176,1218,N,True
4,25,176,1218,N,True
4,9,176,1218,N,True
4,271,176,1218,N,True
4,26,176,1218,N,True
4,25,76,1218,N,True
4,26,104,1218,N,True
4,295,104,1218,N,True
4,239,104,1218,N,True
4,25,104,1218,N,True
4,142,104,1218,N,True
4,21,104,1218,N,True
4,332,104,1218,N,True
4,56,104,1218,N,True
4,322,104,1218,N,True
4,169,104,1218,N,True
4,303,104,1218,N,True
4,271,104,1218,N,True
4,200,104,1218,N,True
4,113,104,1218,N,True
4,98,104,1218,N,True
4,252,104,1218,N,True
4,119,148,1218,N,True
4,25,148,1218,N,True
4,146,148,1218,N,True
4,261,148,1218,N,True
4,105,148,1218,N,True
4,9,148,1218,N,True
4,271,148,1218,N,True
4,113,148,1218,N,True
4,98,148,1218,N,True
4,25,69,1218,N,True
4,236,69,1218,N,True
4,105,69,1218,N,True
4,9,69,1218,N,True
4,39,69,1218,N,True
4,26,69,1218,N,True
4,121,69,1218,N,True
4,26,72,1218,N,True
4,239,72,1218,N,True
4,25,72,1218,N,True
4,3,72,1218,N,True
4,232,72,1218,N,True
4,141,72,1218,N,True
4,56,72,1218,N,True
4,40,72,1218,N,True
4,291,72,1218,N,True
4,9,72,1218,N,True
4,329,72,1218,N,True
4,271,72,1218,N,True
4,200,72,1218,N,True
4,113,72,1218,N,True
4,132,72,1218,N,True
4,252,72,1218,N,True
4,239,199,1218,N,True
4,25,199,1218,N,True
4,141,199,1218,N,True
4,342,199,1218,N,True
4,313,199,1218,N,True
4,56,199,1218,N,True
4,322,199,1218,N,True
4,40,199,1218,N,True
4,291,199,1218,N,True
4,200,199,1218,N,True
4,315,199,1218,N,True
4,119,199,1218,N,True
4,261,199,1218,N,True
4,271,199,1218,N,True
4,26,199,1218,N,True
4,113,199,1218,N,True
4,232,199,1218,N,True
4,9,199,1218,N,True
4,98,199,1218,N,True
4,252,199,1218,N,True
4,257,130,1218,N,True
4,25,130,1218,N,True
4,322,130,1218,N,True
4,329,130,1218,N,True
4,213,130,1218,N,True
4,reel0__4,336,1218,N,True
4,25,336,1218,N,True
4,31,51,1218,N,True
4,25,51,1218,N,True
4,reel14__5,283,1218,N,True
4,25,283,1218,N,True
4,3,283,1218,N,True
4,31,84,1218,N,True
4,236,84,1218,N,True
4,313,84,1218,N,True
4,25,84,1218,N,True
4,bot45__7,224,1218,N,True
4,26,224,1218,N,True
4,25,224,1218,N,True
4,236,224,1218,N,True
4,261,224,1218,N,True
4,332,224,1218,N,True
4,141,224,1218,N,True
4,232,224,1218,N,True
4,322,224,1218,N,True
4,40,224,1218,N,True
4,291,224,1218,N,True
4,9,224,1218,N,True
4,213,224,1218,N,True
4,271,224,1218,N,True
4,200,224,1218,N,True
4,315,224,1218,N,True
4,26,79,1218,N,True
4,119,79,1218,N,True
4,25,79,1218,N,True
4,9,79,1218,N,True
4,271,79,1218,N,True
4,200,79,1218,N,True
4,252,79,1218,N,True
4,25,73,1218,N,True
4,26,325,1218,N,True
4,119,325,1218,N,True
4,239,325,1218,N,True
4,25,325,1218,N,True
4,313,325,1218,N,True
4,261,325,1218,N,True
4,21,325,1218,N,True
4,56,325,1218,N,True
4,40,325,1218,N,True
4,342,325,1218,N,True
4,271,325,1218,N,True
4,200,325,1218,N,True
4,113,325,1218,N,True
4,98,325,1218,N,True
4,252,325,1218,N,True
4,bot1__5,237,1218,N,True
4,31,237,1218,N,True
4,25,237,1218,N,True
4,261,65,1218,N,True
4,25,65,1218,N,True
4,297,65,1218,N,True
4,252,65,1218,N,True
4,119,331,1218,N,True
4,25,331,1218,N,True
4,332,331,1218,N,True
4,56,331,1218,N,True
4,271,331,1218,N,True
4,98,331,1218,N,True
4,25,270,1218,N,True
4,25,reel17__5,1218,N,True
4,25,bot20__6,1218,N,True
4,297,bot20__6,1218,N,True
4,25,reel27__1,1218,N,True
4,25,reel35__5,1218,N,True
4,reel12__5,reel29__2,1218,N,True
4,reel54__2,reel29__2,1218,N,True
4,reel54__2,reel23__6,1218,N,True
4,bot39__5,bot26__0,1218,N,True
4,bot16__2,bot26__0,1218,N,True
4,bot39__5,bot13__9,1218,N,True
4,bot19__5,245,1218,N,True
4,reel12__4,245,1218,N,True
4,bot18__2,245,1218,N,True
4,reel12__4,110,1218,N,True
4,reel12__4,reel38__3,1218,N,True
4,reel12__4,bot46__6,1218,N,True
4,303,reel2__0,1218,N,True
4,reel36__4,reel2__0,1218,N,True
4,reel36__4,bot40__2,1218,N,True
4,reel36__4,reel53__1,1218,N,True
4,reel36__4,reel55__7,1218,N,True
4,reel48__0,reel55__7,1218,N,True
4,119,13,1218,N,True
4,239,13,1218,N,True
4,236,13,1218,N,True
4,261,13,1218,N,True
4,313,13,1218,N,True
4,21,13,1218,N,True
4,332,13,1218,N,True
4,56,13,1218,N,True
4,342,13,1218,N,True
4,271,13,1218,N,True
4,26,13,1218,N,True
4,98,13,1218,N,True
4,252,13,1218,N,True
4,119,324,1218,N,True
4,332,324,1218,N,True
4,297,324,1218,N,True
4,150,324,1218,N,True
4,329,324,1218,N,True
4,213,324,1218,N,True
4,200,324,1218,N,True
4,315,324,1218,N,True
4,252,324,1218,N,True
4,146,53,1218,N,True
4,248,53,1218,N,True
4,332,53,1218,N,True
4,322,53,1218,N,True
4,213,53,1218,N,True
4,315,53,1218,N,True
4,261,16,1218,N,True
4,329,16,1218,N,True
4,332,16,1218,N,True
4,239,172,1218,N,True
4,313,172,1218,N,True
4,261,172,1218,N,True
4,159,172,1218,N,True
4,332,172,1218,N,True
4,141,172,1218,N,True
4,232,172,1218,N,True
4,56,172,1218,N,True
4,40,172,1218,N,True
4,103,172,1218,N,True
4,329,172,1218,N,True
4,342,172,1218,N,True
4,271,172,1218,N,True
4,26,172,1218,N,True
4,113,172,1218,N,True
4,98,172,1218,N,True
4,252,172,1218,N,True
4,169,106,1218,N,True
4,329,106,1218,N,True
4,332,106,1218,N,True
4,reel22__9,bot30__0,1218,N,True
4,332,bot30__0,1218,N,True
4,reel2__3,bot41__0,1218,N,True
4,332,bot41__0,1218,N,True
4,332,reel50__7,1218,N,True
4,332,reel58__3,1218,N,True
4,332,reel58__5,1218,N,True
4,26,62,1218,N,True
4,239,62,1218,N,True
4,236,62,1218,N,True
4,261,62,1218,N,True
4,142,62,1218,N,True
4,141,62,1218,N,True
4,323,62,1218,N,True
4,56,62,1218,N,True
4,322,62,1218,N,True
4,200,62,1218,N,True
4,98,62,1218,N,True
4,141,reel0__5,1218,N,True
4,141,reel20__4,1218,N,True
4,141,bot21__7,1218,N,True
4,141,bot31__2,1218,N,True
4,329,reel39__2,1218,N,True
4,141,reel39__2,1218,N,True
4,bot57__4,bot36__2,1218,N,True
4,reel53__9,reel0__0,1218,N,True
4,reel8__1,17,1218,N,True
4,reel8__1,bot14__4,1218,N,True
4,reel8__1,reel24__7,1218,N,True
4,reel8__1,reel56__3,1218,N,True
4,reel16__0,bot30__2,1218,N,True
4,reel16__0,reel47__2,1218,N,True
4,reel7__2,reel53__7,1218,N,True
4,reel16__0,reel53__7,1218,N,True
4,bot24__4,278,1218,N,True
4,236,30,1218,N,True
4,56,30,1218,N,True
4,322,30,1218,N,True
4,303,30,1218,N,True
4,329,30,1218,N,True
4,9,30,1218,N,True
4,213,30,1218,N,True
4,271,30,1218,N,True
4,200,30,1218,N,True
4,236,314,1218,N,True
4,261,314,1218,N,True
4,313,314,1218,N,True
4,342,314,1218,N,True
4,271,314,1218,N,True
4,39,reel1__4,1218,N,True
4,236,reel1__4,1218,N,True
4,236,bot12__7,1218,N,True
4,236,reel45__1,1218,N,True
4,reel0__4,reel26__9,1218,N,True
4,103,reel26__9,1218,N,True
4,142,134,1218,N,True
4,248,134,1218,N,True
4,21,134,1218,N,True
4,56,134,1218,N,True
4,9,134,1218,N,True
4,bot0__6,134,1218,N,True
4,26,134,1218,N,True
4,113,134,1218,N,True
4,132,134,1218,N,True
4,252,134,1218,N,True
4,239,265,1218,N,True
4,313,265,1218,N,True
4,261,265,1218,N,True
4,248,265,1218,N,True
4,56,265,1218,N,True
4,40,265,1218,N,True
4,342,265,1218,N,True
4,271,265,1218,N,True
4,26,265,1218,N,True
4,98,265,1218,N,True
4,252,265,1218,N,True
4,119,128,1218,N,True
4,98,128,1218,N,True
4,313,128,1218,N,True
4,248,128,1218,N,True
4,56,128,1218,N,True
4,169,128,1218,N,True
4,322,128,1218,N,True
4,150,128,1218,N,True
4,9,128,1218,N,True
4,213,128,1218,N,True
4,271,128,1218,N,True
4,26,128,1218,N,True
4,315,128,1218,N,True
4,252,128,1218,N,True
4,239,59,1218,N,True
4,261,59,1218,N,True
4,56,59,1218,N,True
4,342,59,1218,N,True
4,271,59,1218,N,True
4,98,59,1218,N,True
4,252,59,1218,N,True
4,87,161,1218,N,True
4,142,161,1218,N,True
4,21,161,1218,N,True
4,56,161,1218,N,True
4,322,161,1218,N,True
4,9,161,1218,N,True
4,213,161,1218,N,True
4,271,161,1218,N,True
4,39,161,1218,N,True
4,26,161,1218,N,True
4,252,161,1218,N,True
4,239,66,1218,N,True
4,142,66,1218,N,True
4,21,66,1218,N,True
4,56,66,1218,N,True
4,9,66,1218,N,True
4,26,66,1218,N,True
4,113,66,1218,N,True
4,252,66,1218,N,True
4,56,207,1218,N,True
4,322,207,1218,N,True
4,26,334,1218,N,True
4,142,334,1218,N,True
4,21,334,1218,N,True
4,56,334,1218,N,True
4,169,334,1218,N,True
4,40,334,1218,N,True
4,9,334,1218,N,True
4,200,334,1218,N,True
4,113,334,1218,N,True
4,132,334,1218,N,True
4,252,334,1218,N,True
4,232,298,1218,N,True
4,56,298,1218,N,True
4,40,298,1218,N,True
4,271,298,1218,N,True
4,26,298,1218,N,True
4,295,212,1218,N,True
4,239,212,1218,N,True
4,21,212,1218,N,True
4,232,212,1218,N,True
4,56,212,1218,N,True
4,40,212,1218,N,True
4,271,212,1218,N,True
4,26,212,1218,N,True
4,252,212,1218,N,True
4,56,222,1218,N,True
4,313,222,1218,N,True
4,26,118,1218,N,True
4,239,118,1218,N,True
4,reel47__4,118,1218,N,True
4,313,118,1218,N,True
4,261,118,1218,N,True
4,56,118,1218,N,True
4,322,118,1218,N,True
4,342,118,1218,N,True
4,271,118,1218,N,True
4,200,118,1218,N,True
4,98,118,1218,N,True
4,252,118,1218,N,True
4,56,bot1__4,1218,N,True
4,31,bot1__4,1218,N,True
4,56,bot19__6,1218,N,True
4,3,85,1218,N,True
4,323,85,1218,N,True
4,322,85,1218,N,True
4,reel7__2,85,1218,N,True
4,9,85,1218,N,True
4,271,85,1218,N,True
4,322,242,1218,N,True
4,bot4__0,242,1218,N,True
4,132,242,1218,N,True
4,213,242,1218,N,True
4,322,260,1218,N,True
4,322,reel1__0,1218,N,True
4,3,reel1__0,1218,N,True
4,322,bot4__3,1218,N,True
4,322,reel6__9,1218,N,True
4,322,bot17__2,1218,N,True
4,bot13__8,bot17__2,1218,N,True
4,reel10__8,343,1218,N,True
4,271,reel8__7,1218,N,True
4,reel10__8,reel8__7,1218,N,True
4,342,reel8__7,1218,N,True
4,reel10__8,reel15__4,1218,N,True
4,reel10__8,reel35__2,1218,N,True
4,112,19,1218,N,True
4,112,reel4__1,1218,N,True
4,112,reel18__0,1218,N,True
4,112,reel21__9,1218,N,True
4,112,bot25__4,1218,N,True
4,112,reel37__6,1218,N,True
4,40,317,1218,N,True
4,132,317,1218,N,True
4,146,317,1218,N,True
4,40,307,1218,N,True
4,71,307,1218,N,True
4,bot16__2,307,1218,N,True
4,40,reel2__9,1218,N,True
4,40,bot23__0,1218,N,True
4,40,reel34__0,1218,N,True
4,40,bot35__7,1218,N,True
4,40,reel36__7,1218,N,True
4,113,reel36__7,1218,N,True
4,21,165,1218,N,True
4,169,165,1218,N,True
4,342,165,1218,N,True
4,39,165,1218,N,True
4,200,165,1218,N,True
4,121,165,1218,N,True
4,113,165,1218,N,True
4,39,reel0__1,1218,N,True
4,39,bot19__2,1218,N,True
4,reel3__2,bot19__2,1218,N,True
4,39,bot25__1,1218,N,True
4,39,reel48__1,1218,N,True
4,39,reel54__3,1218,N,True
4,121,206,1218,N,True
4,121,reel13__7,1218,N,True
4,159,reel13__7,1218,N,True
4,bot24__0,bot44__6,1218,N,True
4,121,bot44__6,1218,N,True
4,105,bot44__6,1218,N,True
4,121,reel50__2,1218,N,True
4,reel28__2,reel11__3,1218,N,True
4,164,reel11__3,1218,N,True
4,164,bot21__3,1218,N,True
4,reel22__9,reel34__9,1218,N,True
4,164,reel34__9,1218,N,True
4,reel6__8,64,1218,N,True
4,119,64,1218,N,True
4,150,64,1218,N,True
4,119,50,1218,N,True
4,113,50,1218,N,True
4,reel52__9,50,1218,N,True
4,146,50,1218,N,True
4,119,189,1218,N,True
4,150,189,1218,N,True
4,119,27,1218,N,True
4,329,27,1218,N,True
4,119,229,1218,N,True
4,bot4__0,229,1218,N,True
4,119,reel0__7,1218,N,True
4,71,reel0__7,1218,N,True
4,119,bot17__1,1218,N,True
4,bot16__2,bot17__1,1218,N,True
4,119,reel24__9,1218,N,True
4,119,reel26__7,1218,N,True
4,reel7__2,reel39__6,1218,N,True
4,119,reel39__6,1218,N,True
4,271,268,1218,N,True
4,261,268,1218,N,True
4,26,123,1218,N,True
4,239,123,1218,N,True
4,261,123,1218,N,True
4,142,123,1218,N,True
4,21,123,1218,N,True
4,reel6__8,123,1218,N,True
4,342,123,1218,N,True
4,200,123,1218,N,True
4,98,123,1218,N,True
4,252,123,1218,N,True
4,103,reel8__2,1218,N,True
4,261,reel8__2,1218,N,True
4,261,bot10__9,1218,N,True
4,232,bot10__9,1218,N,True
4,261,reel32__6,1218,N,True
4,21,184,1218,N,True
4,159,184,1218,N,True
4,reel45__0,184,1218,N,True
4,329,184,1218,N,True
4,197,184,1218,N,True
4,197,139,1218,N,True
4,159,139,1218,N,True
4,21,281,1218,N,True
4,197,281,1218,N,True
4,159,281,1218,N,True
4,21,127,1218,N,True
4,197,127,1218,N,True
4,159,127,1218,N,True
4,21,108,1218,N,True
4,197,108,1218,N,True
4,159,108,1218,N,True
4,197,320,1218,N,True
4,159,320,1218,N,True
4,329,320,1218,N,True
4,159,reel9__2,1218,N,True
4,reel52__9,reel9__2,1218,N,True
4,159,reel29__7,1218,N,True
4,reel25__1,reel29__7,1218,N,True
4,reel7__2,bot18__7,1218,N,True
4,reel7__2,bot19__8,1218,N,True
4,reel7__2,reel26__5,1218,N,True
4,232,reel26__5,1218,N,True
4,reel7__2,bot43__3,1218,N,True
4,reel2__3,bot5__5,1218,N,True
4,bot0__1,bot5__5,1218,N,True
4,reel2__3,reel13__6,1218,N,True
4,reel2__3,reel27__3,1218,N,True
4,71,reel27__3,1218,N,True
4,reel2__3,reel42__8,1218,N,True
4,reel19__7,reel0__8,1218,N,True
4,reel19__7,reel43__3,1218,N,True
4,197,reel9__3,1218,N,True
4,bot26__1,reel9__3,1218,N,True
4,345,reel2__2,1218,N,True
4,345,bot12__9,1218,N,True
4,345,reel33__3,1218,N,True
4,232,reel10__7,1218,N,True
4,232,reel38__6,1218,N,True
4,232,bot43__0,1218,N,True
4,bot0__6,bot25__5,1218,N,True
4,257,344,1218,N,True
4,239,344,1218,N,True
4,239,338,1218,N,True
4,31,338,1218,N,True
4,252,338,1218,N,True
4,239,reel4__2,1218,N,True
4,239,reel16__7,1218,N,True
4,reel43__2,reel16__7,1218,N,True
4,reel12__5,reel20__1,1218,N,True
4,239,reel20__1,1218,N,True
4,239,reel57__7,1218,N,True
4,239,bot60__0,1218,N,True
4,87,22,1218,N,True
4,169,5,1218,N,True
4,87,5,1218,N,True
4,315,5,1218,N,True
4,213,5,1218,N,True
4,103,reel5__9,1218,N,True
4,87,reel5__9,1218,N,True
4,87,reel12__1,1218,N,True
4,87,reel49__1,1218,N,True
4,bot18__2,140,1218,N,True
4,bot18__2,bot32__5,1218,N,True
4,bot18__2,bot45__6,1218,N,True
4,342,bot24__6,1218,N,True
4,bot19__5,309,1218,N,True
4,197,309,1218,N,True
4,bot4__1,309,1218,N,True
4,bot19__5,bot34__0,1218,N,True
4,bot13__8,bot2__7,1218,N,True
4,bot13__8,167,1218,N,True
4,bot0__1,167,1218,N,True
4,bot24__0,bot15__7,1218,N,True
4,reel14__5,reel11__5,1218,N,True
4,221,reel11__5,1218,N,True
4,reel14__5,bot37__7,1218,N,True
4,reel14__5,reel39__7,1218,N,True
4,reel14__5,reel46__1,1218,N,True
4,295,156,1218,N,True
4,9,156,1218,N,True
4,295,bot3__5,1218,N,True
4,295,reel33__4,1218,N,True
4,295,reel52__8,1218,N,True
4,142,bot32__8,1218,N,True
4,142,reel33__9,1218,N,True
4,213,reel33__9,1218,N,True
4,142,bot36__4,1218,N,True
4,142,reel40__5,1218,N,True
4,142,reel43__4,1218,N,True
4,197,36,1218,N,True
4,bot3__4,36,1218,N,True
4,reel30__4,36,1218,N,True
4,reel30__4,41,1218,N,True
4,reel30__4,bot33__9,1218,N,True
4,213,96,1218,N,True
4,323,96,1218,N,True
4,200,bot8__6,1218,N,True
4,323,bot8__6,1218,N,True
4,323,reel9__7,1218,N,True
4,323,bot21__1,1218,N,True
4,3,228,1218,N,True
4,3,reel1__8,1218,N,True
4,3,reel7__0,1218,N,True
4,3,reel12__8,1218,N,True
4,3,bot17__9,1218,N,True
4,bot23__1,reel20__5,1218,N,True
4,reel15__3,reel20__5,1218,N,True
4,3,reel20__5,1218,N,True
4,reel3__2,reel20__8,1218,N,True
4,3,reel20__8,1218,N,True
4,3,reel25__8,1218,N,True
4,3,reel49__3,1218,N,True
4,169,reel8__8,1218,N,True
4,reel16__2,reel15__7,1218,N,True
4,reel16__2,bot48__6,1218,N,True
4,200,bot8__5,1218,N,True
4,reel14__3,bot28__4,1218,N,True
4,200,bot28__4,1218,N,True
4,200,reel28__7,1218,N,True
4,200,bot38__2,1218,N,True
4,200,bot45__0,1218,N,True
4,bot23__7,bot45__0,1218,N,True
4,200,reel55__6,1218,N,True
4,bot11__3,bot0__9,1218,N,True
4,bot11__3,bot18__9,1218,N,True
4,bot11__3,bot19__4,1218,N,True
4,bot11__3,bot58__4,1218,N,True
4,reel6__8,reel55__4,1218,N,True
4,113,reel19__4,1218,N,True
4,132,reel16__5,1218,N,True
4,132,reel24__5,1218,N,True
4,132,reel40__0,1218,N,True
4,132,bot51__9,1218,N,True
4,bot25__6,bot19__7,1218,N,True
4,reel3__5,bot8__4,1218,N,True
4,71,bot8__4,1218,N,True
4,71,bot11__2,1218,N,True
4,71,bot11__5,1218,N,True
4,71,reel53__5,1218,N,True
4,reel43__2,reel41__7,1218,N,True
4,reel43__2,bot46__8,1218,N,True
4,9,reel5__4,1218,N,True
4,9,reel18__4,1218,N,True
4,reel14__4,bot20__7,1218,N,True
4,reel14__4,bot21__2,1218,N,True
4,reel14__4,reel35__1,1218,N,True
4,reel57__4,214,1218,N,True
4,221,reel12__9,1218,N,True
4,bot41__4,reel40__1,1218,N,True
4,bot41__4,reel13__4,1218,N,True
4,150,bot1__6,1218,N,True
4,150,reel4__4,1218,N,True
4,150,bot7__4,1218,N,True
4,150,bot17__6,1218,N,True
4,bot45__7,251,1218,N,True
4,197,251,1218,N,True
4,21,251,1218,N,True
4,329,202,1218,N,True
4,bot23__7,202,1218,N,True
4,313,bot1__7,1218,N,True
4,313,reel3__0,1218,N,True
4,31,129,1218,N,True
4,291,129,1218,N,True
4,31,168,1218,N,True
4,291,168,1218,N,True
4,291,reel7__9,1218,N,True
4,291,bot21__6,1218,N,True
4,291,bot25__2,1218,N,True
4,291,reel38__7,1218,N,True
4,291,bot52__5,1218,N,True
4,bot3__4,312,1218,N,True
4,bot14__6,bot29__1,1218,N,True
4,315,reel7__5,1218,N,True
4,297,reel7__5,1218,N,True
4,297,bot51__7,1218,N,True
4,297,reel52__2,1218,N,True
4,reel18__8,bot21__4,1218,N,True
4,315,249,1218,N,True
4,213,249,1218,N,True
4,246,340,1218,N,True
4,213,340,1218,N,True
4,315,80,1218,N,True
4,213,80,1218,N,True
4,213,bot2__2,1218,N,True
4,213,bot8__2,1218,N,True
4,213,bot16__3,1218,N,True
4,213,reel30__5,1218,N,True
4,213,bot34__8,1218,N,True
4,213,reel37__5,1218,N,True
4,271,bot18__4,1218,N,True
4,257,bot11__1,1218,N,True
4,257,reel28__5,1218,N,True
4,bot23__1,bot25__9,1218,N,True
4,reel47__4,reel46__5,1218,N,True
4,105,reel46__5,1218,N,True
4,reel39__0,reel46__5,1218,N,True
4,31,reel11__2,1218,N,True
4,31,reel15__5,1218,N,True
4,31,reel44__9,1218,N,True
4,105,reel5__2,1218,N,True
4,105,reel23__7,1218,N,True
4,105,bot46__5,1218,N,True
4,bot1__5,bot37__9,1218,N,True
4,bot26__2,bot34__1,1218,N,True
4,bot16__2,61,1218,N,True
4,reel3__5,reel52__7,1218,N,True
4,reel36__2,reel30__0,1218,N,True
4,reel36__2,302,1218,N,True
4,315,302,1218,N,True
4,reel36__2,bot56__1,1218,N,True
4,10,bot6__4,1218,N,True
4,10,reel9__1,1218,N,True
4,10,bot27__5,1218,N,True
4,10,bot39__7,1218,N,True
4,reel25__1,177,1218,N,True
4,reel25__1,bot27__4,1218,N,True
4,reel25__1,reel28__4,1218,N,True
4,reel0__9,32,1218,N,True
4,reel0__9,102,1218,N,True
4,reel0__9,reel5__5,1218,N,True
4,reel48__0,reel16__3,1218,N,True
4,reel14__3,99,1218,N,True
4,reel14__3,256,1218,N,True
4,reel14__3,bot48__0,1218,N,True
4,315,reel22__2,1218,N,True
4,315,bot23__3,1218,N,True
4,bot56__7,bot55__2,1218,N,True
4,reel22__9,89,1218,N,True
4,reel22__9,reel21__7,1218,N,True
4,reel22__9,reel46__8,1218,N,True
4,reel22__9,bot57__0,1218,N,True
4,reel22__9,bot57__8,1218,N,True
4,21,235,1218,N,True
4,21,bot5__3,1218,N,True
4,21,reel8__3,1218,N,True
4,21,bot27__1,1218,N,True
4,21,reel46__4,1218,N,True
4,52,192,1218,N,True
4,52,reel11__9,1218,N,True
4,52,bot39__1,1218,N,True
4,52,reel47__1,1218,N,True
4,52,bot53__4,1218,N,True
4,52,bot60__8,1218,N,True
4,bot4__0,bot10__5,1218,N,True
4,246,bot6__9,1218,N,True
4,bot18__6,bot6__9,1218,N,True
4,246,reel13__0,1218,N,True
4,246,reel30__3,1218,N,True
4,26,bot0__2,1218,N,True
4,26,bot16__8,1218,N,True
4,bot4__1,301,1218,N,True
4,reel12__5,reel27__7,1218,N,True
4,reel12__5,reel31__5,1218,N,True
4,reel12__5,bot60__3,1218,N,True
4,247,120,1218,N,True
4,247,bot4__2,1218,N,True
4,247,bot23__4,1218,N,True
4,103,bot7__2,1218,N,True
4,103,reel33__7,1218,N,True
4,bot39__6,bot43__9,1218,N,True
4,reel28__2,266,1218,N,True
4,98,reel40__4,1218,N,True
4,98,reel42__2,1218,N,True
4,bot3__3,182,1219,N,True
4,181,78,1219,N,True
4,bot8__8,78,1219,N,True
4,218,78,1219,N,True
4,reel24__9,278,1219,N,True
4,175,278,1219,N,True
4,reel22__9,reel34__9,1219,N,True
4,bot36__8,reel34__9,1219,N,True
4,bot1__4,bot42__0,1219,N,True
4,44,bot42__0,1219,N,True
4,44,bot3__7,1219,N,True
4,330,bot3__7,1219,N,True
4,24,bot3__7,1219,N,True
4,bot20__2,bot3__7,1219,N,True
4,bot1__7,bot50__2,1219,N,True
4,bot60__8,36,1219,N,True
4,184,36,1219,N,True
4,127,36,1219,N,True
4,108,36,1219,N,True
4,197,36,1219,N,True
4,281,36,1219,N,True
4,320,36,1219,N,True
4,281,bot15__2,1219,N,True
4,bot60__8,bot15__2,1219,N,True
4,reel2__5,bot15__2,1219,N,True
4,bot33__1,reel27__8,1219,N,True
4,bot33__1,bot9__4,1219,N,True
4,142,bot36__4,1219,N,True
4,bot33__1,bot36__4,1219,N,True
4,bot17__1,bot53__9,1219,N,True
4,27,reel21__0,1219,N,True
4,27,bot29__3,1219,N,True
4,reel9__9,bot29__3,1219,N,True
4,bot13__6,bot36__2,1219,N,True
4,27,bot36__2,1219,N,True
4,27,reel38__3,1219,N,True
4,reel12__4,reel38__3,1219,N,True
4,bot0__6,bot25__5,1219,N,True
4,122,bot25__5,1219,N,True
4,bot3__0,bot38__2,1219,N,True
4,1,bot1__3,1219,N,True
4,28,bot1__3,1219,N,True
4,257,reel25__7,1219,N,True
4,reel30__3,reel25__7,1219,N,True
4,1,reel25__7,1219,N,True
4,reel32__7,reel25__7,1219,N,True
4,1,bot26__2,1219,N,True
4,reel5__4,bot16__4,1219,N,True
4,50,bot16__4,1219,N,True
4,reel23__6,138,1219,N,True
4,reel51__6,138,1219,N,True
4,111,reel49__7,1219,N,True
4,reel51__6,reel49__7,1219,N,True
4,bot7__6,110,1219,N,True
4,reel12__4,110,1219,N,True
4,bot15__0,110,1219,N,True
4,reel37__4,reel6__3,1219,N,True
4,bot12__8,reel6__3,1219,N,True
4,bot28__3,reel6__3,1219,N,True
4,bot34__3,reel6__3,1219,N,True
4,reel15__2,reel6__3,1219,N,True
4,reel15__2,reel42__5,1219,N,True
4,reel15__2,bot44__8,1219,N,True
4,reel27__0,bot44__8,1219,N,True
4,reel15__2,bot54__6,1219,N,True
4,reel10__8,reel15__4,1219,N,True
4,194,reel15__4,1219,N,True
4,reel26__7,reel15__4,1219,N,True
4,bot58__0,reel15__4,1219,N,True
4,59,bot24__2,1219,N,True
4,bot58__0,bot24__2,1219,N,True
4,229,reel28__7,1219,N,True
4,229,bot41__3,1219,N,True
4,reel32__0,bot41__3,1219,N,True
4,bot52__8,bot41__3,1219,N,True
4,reel18__6,71,1219,N,True
4,bot11__5,71,1219,N,True
4,307,71,1219,N,True
4,reel53__5,71,1219,N,True
4,reel15__9,71,1219,N,True
4,reel0__7,71,1219,N,True
4,bot11__2,71,1219,N,True
4,bot55__4,reel27__3,1219,N,True
4,reel0__7,reel27__3,1219,N,True
4,reel53__5,reel27__3,1219,N,True
4,reel2__7,reel8__8,1219,N,True
4,169,reel8__8,1219,N,True
4,reel2__5,bot21__4,1219,N,True
4,reel2__5,bot43__8,1219,N,True
4,reel47__1,bot54__8,1219,N,True
4,reel27__2,bot54__8,1219,N,True
4,136,120,1219,N,True
4,bot40__9,120,1219,N,True
4,277,120,1219,N,True
4,reel17__4,237,1219,N,True
4,31,237,1219,N,True
4,bot52__5,237,1219,N,True
4,reel22__7,237,1219,N,True
4,bot55__8,237,1219,N,True
4,reel22__7,reel44__8,1219,N,True
4,reel22__7,reel45__4,1219,N,True
4,reel3__0,reel12__3,1219,N,True
4,reel7__7,reel12__3,1219,N,True
4,38,reel12__3,1219,N,True
4,reel3__0,reel32__3,1219,N,True
4,reel19__5,reel32__3,1219,N,True
4,bot44__0,bot3__6,1219,N,True
4,249,bot3__6,1219,N,True
4,297,reel52__2,1219,N,True
4,249,reel52__2,1219,N,True
4,bot7__6,reel0__3,1219,N,True
4,bot22__3,reel0__3,1219,N,True
4,31,reel0__3,1219,N,True
4,reel19__4,reel0__3,1219,N,True
4,bot10__6,reel0__3,1219,N,True
4,246,reel0__3,1219,N,True
4,bot7__6,bot45__2,1219,N,True
4,bot7__6,bot45__3,1219,N,True
4,175,321,1219,N,True
4,reel14__0,321,1219,N,True
4,reel42__7,reel23__1,1219,N,True
4,reel14__0,reel23__1,1219,N,True
4,reel14__0,bot35__0,1219,N,True
4,reel20__2,reel36__4,1219,N,True
4,reel14__0,reel36__4,1219,N,True
4,175,46,1219,N,True
4,175,19,1219,N,True
4,reel6__6,19,1219,N,True
4,289,19,1219,N,True
4,17,19,1219,N,True
4,214,19,1219,N,True
4,reel4__3,19,1219,N,True
4,115,19,1219,N,True
4,175,143,1219,N,True
4,175,23,1219,N,True
4,116,23,1219,N,True
4,reel3__5,23,1219,N,True
4,144,23,1219,N,True
4,175,68,1219,N,True
4,175,177,1219,N,True
4,bot19__6,177,1219,N,True
4,175,86,1219,N,True
4,bot27__1,86,1219,N,True
4,reel24__8,86,1219,N,True
4,reel5__3,86,1219,N,True
4,175,296,1219,N,True
4,reel11__4,296,1219,N,True
4,175,102,1219,N,True
4,reel0__9,102,1219,N,True
4,bot60__0,102,1219,N,True
4,175,227,1219,N,True
4,175,reel11__5,1219,N,True
4,221,reel11__5,1219,N,True
4,180,reel11__5,1219,N,True
4,reel55__3,reel11__5,1219,N,True
4,175,reel38__4,1219,N,True
4,reel20__3,reel38__4,1219,N,True
4,302,reel42__3,1219,N,True
4,reel36__3,reel42__3,1219,N,True
4,bot52__5,reel42__3,1219,N,True
4,21,284,1219,N,True
4,184,284,1219,N,True
4,108,284,1219,N,True
4,122,284,1219,N,True
4,127,284,1219,N,True
4,329,284,1219,N,True
4,197,284,1219,N,True
4,281,284,1219,N,True
4,320,284,1219,N,True
4,reel34__0,284,1219,N,True
4,reel6__0,reel22__3,1219,N,True
4,92,reel22__3,1219,N,True
4,reel6__0,bot44__2,1219,N,True
4,reel6__0,bot47__1,1219,N,True
4,reel32__7,reel53__3,1219,N,True
4,234,bot13__5,1219,N,True
4,121,reel50__2,1219,N,True
4,reel53__8,reel50__2,1219,N,True
4,reel48__1,reel56__2,1219,N,True
4,reel53__8,reel56__2,1219,N,True
4,290,bot44__5,1219,N,True
4,50,reel57__8,1219,N,True
4,290,reel57__8,1219,N,True
4,reel17__8,155,1219,N,True
4,122,bot22__2,1219,N,True
4,reel17__8,bot22__2,1219,N,True
4,180,reel26__3,1219,N,True
4,reel17__8,reel26__3,1219,N,True
4,reel17__8,bot58__1,1219,N,True
4,344,bot14__7,1219,N,True
4,320,reel21__4,1219,N,True
4,344,reel21__4,1219,N,True
4,bot7__7,275,1219,N,True
4,181,275,1219,N,True
4,218,275,1219,N,True
4,181,273,1219,N,True
4,218,273,1219,N,True
4,181,195,1219,N,True
4,reel30__7,195,1219,N,True
4,218,195,1219,N,True
4,181,4,1219,N,True
4,218,4,1219,N,True
4,218,bot3__4,1219,N,True
4,bot20__4,bot11__3,1219,N,True
4,218,bot11__3,1219,N,True
4,140,bot18__2,1219,N,True
4,bot45__6,bot18__2,1219,N,True
4,218,bot18__2,1219,N,True
4,105,reel24__1,1219,N,True
4,218,reel24__1,1219,N,True
4,10,bot26__1,1219,N,True
4,218,bot26__1,1219,N,True
4,reel5__2,bot25__4,1219,N,True
4,reel22__9,reel46__8,1219,N,True
4,reel5__2,reel46__8,1219,N,True
4,reel13__3,reel2__3,1219,N,True
4,45,reel2__3,1219,N,True
4,158,reel2__3,1219,N,True
4,reel13__6,reel2__3,1219,N,True
4,reel13__6,bot49__3,1219,N,True
4,bot18__4,bot27__7,1219,N,True
4,bot23__9,bot37__4,1219,N,True
4,bot18__4,bot37__4,1219,N,True
4,180,bot24__7,1219,N,True
4,180,bot50__9,1219,N,True
4,184,bot50__9,1219,N,True
4,reel14__8,112,1219,N,True
4,reel21__9,112,1219,N,True
4,reel37__6,112,1219,N,True
4,reel21__9,bot23__8,1219,N,True
4,bot0__7,bot23__8,1219,N,True
4,bot55__4,bot23__8,1219,N,True
4,reel43__1,reel27__4,1219,N,True
4,24,reel27__4,1219,N,True
4,187,bot6__1,1219,N,True
4,bot15__1,bot6__1,1219,N,True
4,reel6__6,reel56__0,1219,N,True
4,reel51__0,reel56__0,1219,N,True
4,reel36__7,reel56__0,1219,N,True
4,31,51,1219,N,True
4,144,reel15__5,1219,N,True
4,bot28__9,reel15__5,1219,N,True
4,31,reel15__5,1219,N,True
4,289,reel15__5,1219,N,True
4,31,reel35__6,1219,N,True
4,31,reel44__9,1219,N,True
4,140,reel44__9,1219,N,True
4,31,bot53__3,1219,N,True
4,bot1__1,bot53__3,1219,N,True
4,59,reel33__0,1219,N,True
4,reel27__2,reel33__0,1219,N,True
4,334,reel37__1,1219,N,True
4,reel27__2,reel37__1,1219,N,True
4,reel27__2,reel48__7,1219,N,True
4,reel4__4,reel54__0,1219,N,True
4,reel27__2,reel54__0,1219,N,True
4,reel2__4,reel54__0,1219,N,True
4,reel1__6,230,1219,N,True
4,bot0__7,230,1219,N,True
4,307,230,1219,N,True
4,214,230,1219,N,True
4,129,bot6__7,1219,N,True
4,bot12__8,bot6__7,1219,N,True
4,307,bot6__7,1219,N,True
4,bot21__1,reel10__4,1219,N,True
4,307,reel10__4,1219,N,True
4,307,reel19__3,1219,N,True
4,bot11__5,bot36__7,1219,N,True
4,168,bot36__7,1219,N,True
4,307,bot36__7,1219,N,True
4,307,reel38__6,1219,N,True
4,178,bot55__6,1219,N,True
4,171,58,1219,N,True
4,reel26__7,58,1219,N,True
4,reel3__5,bot8__4,1219,N,True
4,reel3__5,reel12__0,1219,N,True
4,reel35__4,reel12__0,1219,N,True
4,reel7__1,336,1219,N,True
4,88,336,1219,N,True
4,bot19__0,336,1219,N,True
4,bot19__0,bot22__4,1219,N,True
4,bot19__0,bot32__9,1219,N,True
4,bot7__7,bot40__4,1219,N,True
4,bot7__5,bot40__4,1219,N,True
4,bot11__5,reel2__1,1219,N,True
4,277,reel2__1,1219,N,True
4,reel39__0,reel45__8,1219,N,True
4,280,reel6__8,1219,N,True
4,64,reel6__8,1219,N,True
4,123,reel6__8,1219,N,True
4,64,bot21__0,1219,N,True
4,bot23__3,139,1219,N,True
4,184,139,1219,N,True
4,127,139,1219,N,True
4,reel19__1,139,1219,N,True
4,320,139,1219,N,True
4,197,139,1219,N,True
4,281,139,1219,N,True
4,184,309,1219,N,True
4,127,309,1219,N,True
4,320,309,1219,N,True
4,197,309,1219,N,True
4,281,309,1219,N,True
4,184,135,1219,N,True
4,127,135,1219,N,True
4,320,135,1219,N,True
4,197,135,1219,N,True
4,281,135,1219,N,True
4,reel10__3,251,1219,N,True
4,21,251,1219,N,True
4,108,251,1219,N,True
4,184,251,1219,N,True
4,122,251,1219,N,True
4,127,251,1219,N,True
4,197,251,1219,N,True
4,281,251,1219,N,True
4,320,251,1219,N,True
4,39,bot8__3,1219,N,True
4,320,bot8__3,1219,N,True
4,bot49__0,bot10__1,1219,N,True
4,320,bot10__1,1219,N,True
4,320,bot15__7,1219,N,True
4,bot20__9,bot15__7,1219,N,True
4,320,reel25__5,1219,N,True
4,96,reel25__5,1219,N,True
4,320,reel35__8,1219,N,True
4,reel7__1,bot17__8,1219,N,True
4,bot22__3,bot17__8,1219,N,True
4,bot1__1,bot17__8,1219,N,True
4,reel15__8,89,1219,N,True
4,reel22__9,89,1219,N,True
4,295,reel8__4,1219,N,True
4,reel22__9,reel8__4,1219,N,True
4,reel0__9,reel8__4,1219,N,True
4,197,reel8__4,1219,N,True
4,reel22__9,reel54__5,1219,N,True
4,reel22__9,reel56__8,1219,N,True
4,reel13__3,reel56__8,1219,N,True
4,181,152,1219,N,True
4,339,152,1219,N,True
4,bot8__9,bot2__1,1219,N,True
4,339,bot2__1,1219,N,True
4,bot19__6,bot31__9,1219,N,True
4,339,bot31__9,1219,N,True
4,339,reel57__5,1219,N,True
4,339,reel59__6,1219,N,True
4,171,107,1219,N,True
4,171,reel39__9,1219,N,True
4,329,reel39__9,1219,N,True
4,171,reel50__8,1219,N,True
4,16,reel50__8,1219,N,True
4,reel12__8,reel23__2,1219,N,True
4,reel17__9,bot43__3,1219,N,True
4,53,191,1219,N,True
4,130,191,1219,N,True
4,318,reel12__2,1219,N,True
4,45,reel12__2,1219,N,True
4,reel18__7,reel12__2,1219,N,True
4,reel18__7,95,1219,N,True
4,bot37__1,bot20__7,1219,N,True
4,reel18__7,bot20__7,1219,N,True
4,reel18__7,reel33__8,1219,N,True
4,reel22__2,bot43__5,1219,N,True
4,reel18__7,bot43__5,1219,N,True
4,bot56__8,bot43__5,1219,N,True
4,reel30__7,bot43__5,1219,N,True
4,reel2__4,bot10__8,1219,N,True
4,reel41__5,bot42__4,1219,N,True
4,reel2__4,bot42__4,1219,N,True
4,303,reel2__0,1219,N,True
4,bot3__8,reel2__0,1219,N,True
4,bot5__1,bot8__7,1219,N,True
4,bot27__2,reel13__7,1219,N,True
4,121,reel13__7,1219,N,True
4,reel14__2,reel13__7,1219,N,True
4,104,reel13__7,1219,N,True
4,340,bot4__5,1219,N,True
4,reel3__6,bot4__5,1219,N,True
4,340,bot21__3,1219,N,True
4,340,reel37__9,1219,N,True
4,reel50__0,reel37__9,1219,N,True
4,260,160,1219,N,True
4,44,reel15__6,1219,N,True
4,bot25__8,reel15__6,1219,N,True
4,260,reel15__6,1219,N,True
4,reel2__9,bot32__6,1219,N,True
4,260,bot32__6,1219,N,True
4,reel31__3,bot32__6,1219,N,True
4,280,153,1219,N,True
4,280,117,1219,N,True
4,77,117,1219,N,True
4,285,117,1219,N,True
4,38,117,1219,N,True
4,280,reel16__0,1219,N,True
4,142,reel16__0,1219,N,True
4,bot44__0,reel16__0,1219,N,True
4,280,reel44__0,1219,N,True
4,reel56__7,reel44__0,1219,N,True
4,39,reel1__4,1219,N,True
4,39,bot14__6,1219,N,True
4,346,bot14__6,1219,N,True
4,39,bot19__2,1219,N,True
4,reel3__2,bot19__2,1219,N,True
4,39,bot25__1,1219,N,True
4,bot42__5,149,1219,N,True
4,28,149,1219,N,True
4,326,149,1219,N,True
4,116,149,1219,N,True
4,reel34__8,149,1219,N,True
4,144,149,1219,N,True
4,115,149,1219,N,True
4,bot8__5,162,1219,N,True
4,116,162,1219,N,True
4,326,162,1219,N,True
4,28,226,1219,N,True
4,326,226,1219,N,True
4,116,226,1219,N,True
4,144,226,1219,N,True
4,reel19__9,226,1219,N,True
4,115,226,1219,N,True
4,283,reel5__0,1219,N,True
4,326,reel5__0,1219,N,True
4,326,bot14__1,1219,N,True
4,reel2__7,reel23__3,1219,N,True
4,reel37__6,reel23__3,1219,N,True
4,reel2__7,reel30__1,1219,N,True
4,bot9__7,bot25__0,1219,N,True
4,bot2__3,bot13__2,1219,N,True
4,bot31__5,bot13__2,1219,N,True
4,44,bot56__0,1219,N,True
4,reel2__9,reel18__3,1219,N,True
4,16,reel18__3,1219,N,True
4,16,reel45__7,1219,N,True
4,reel59__9,reel41__1,1219,N,True
4,reel32__1,reel41__1,1219,N,True
4,92,reel41__1,1219,N,True
4,reel59__9,reel48__3,1219,N,True
4,reel49__0,reel48__3,1219,N,True
4,189,reel30__5,1219,N,True
4,224,reel34__3,1219,N,True
4,189,reel34__3,1219,N,True
4,189,bot38__6,1219,N,True
4,189,reel48__2,1219,N,True
4,reel31__8,bot56__2,1219,N,True
4,189,bot56__2,1219,N,True
4,reel49__3,reel6__5,1219,N,True
4,bot33__6,reel0__6,1219,N,True
4,158,reel0__6,1219,N,True
4,346,reel0__6,1219,N,True
4,158,reel59__2,1219,N,True
4,181,reel14__4,1219,N,True
4,181,bot46__7,1219,N,True
4,reel13__8,reel41__7,1219,N,True
4,reel13__8,reel43__8,1219,N,True
4,reel2__9,reel43__8,1219,N,True
4,reel3__6,reel43__8,1219,N,True
4,reel13__8,bot50__0,1219,N,True
4,bot12__0,bot6__0,1219,N,True
4,bot0__8,220,1219,N,True
4,115,220,1219,N,True
4,126,bot3__5,1219,N,True
4,295,bot3__5,1219,N,True
4,bot29__8,bot3__5,1219,N,True
4,295,reel33__4,1219,N,True
4,reel32__6,262,1219,N,True
4,reel3__6,262,1219,N,True
4,115,262,1219,N,True
4,184,bot9__5,1219,N,True
4,208,bot9__5,1219,N,True
4,184,bot43__9,1219,N,True
4,reel14__8,reel45__0,1219,N,True
4,184,reel45__0,1219,N,True
4,reel31__8,reel12__1,1219,N,True
4,276,reel12__1,1219,N,True
4,87,reel12__1,1219,N,True
4,276,bot25__6,1219,N,True
4,bot5__7,reel4__7,1219,N,True
4,87,reel4__7,1219,N,True
4,150,reel4__7,1219,N,True
4,reel59__3,reel4__7,1219,N,True
4,bot5__7,bot60__2,1219,N,True
4,bot12__9,bot26__9,1219,N,True
4,reel51__0,reel42__9,1219,N,True
4,reel9__4,145,1219,N,True
4,53,reel12__7,1219,N,True
4,reel9__4,reel12__7,1219,N,True
4,reel18__4,333,1219,N,True
4,214,333,1219,N,True
4,reel9__9,157,1219,N,True
4,reel1__0,reel17__0,1219,N,True
4,reel9__9,reel17__0,1219,N,True
4,reel34__1,reel10__9,1219,N,True
4,reel52__0,reel10__9,1219,N,True
4,reel4__5,reel10__9,1219,N,True
4,reel34__1,reel49__8,1219,N,True
4,reel24__2,reel11__6,1219,N,True
4,330,reel11__6,1219,N,True
4,reel24__2,bot42__8,1219,N,True
4,reel10__5,reel17__7,1219,N,True
4,reel9__7,reel17__7,1219,N,True
4,54,reel11__1,1219,N,True
4,54,reel54__8,1219,N,True
4,bot49__6,bot20__6,1219,N,True
4,297,bot20__6,1219,N,True
4,150,bot7__4,1219,N,True
4,92,bot7__4,1219,N,True
4,87,reel8__5,1219,N,True
4,150,reel8__5,1219,N,True
4,bot23__7,reel8__5,1219,N,True
4,bot25__8,bot16__5,1219,N,True
4,reel13__3,bot16__5,1219,N,True
4,reel13__3,reel32__9,1219,N,True
4,334,reel32__9,1219,N,True
4,reel10__3,bot16__7,1219,N,True
4,bot5__4,bot16__7,1219,N,True
4,reel10__3,bot32__0,1219,N,True
4,reel10__3,bot47__7,1219,N,True
4,reel10__3,reel55__8,1219,N,True
4,bot29__8,256,1219,N,True
4,87,reel5__9,1219,N,True
4,103,reel5__9,1219,N,True
4,reel6__7,reel5__9,1219,N,True
4,30,reel5__9,1219,N,True
4,30,reel26__5,1219,N,True
4,30,bot39__8,1219,N,True
4,reel7__0,bot28__0,1219,N,True
4,297,bot28__0,1219,N,True
4,104,reel0__5,1219,N,True
4,bot39__2,bot12__1,1219,N,True
4,104,bot12__1,1219,N,True
4,bot38__5,bot22__1,1219,N,True
4,104,bot22__1,1219,N,True
4,bot39__1,bot22__8,1219,N,True
4,104,bot22__8,1219,N,True
4,125,reel27__6,1219,N,True
4,104,reel27__6,1219,N,True
4,104,reel29__7,1219,N,True
4,104,reel49__5,1219,N,True
4,bot23__3,bot31__6,1219,N,True
4,reel12__4,bot46__6,1219,N,True
4,bot23__3,bot46__6,1219,N,True
4,126,bot1__2,1219,N,True
4,bot45__6,bot1__2,1219,N,True
4,bot0__7,bot1__2,1219,N,True
4,126,bot5__9,1219,N,True
4,289,bot5__9,1219,N,True
4,126,bot21__8,1219,N,True
4,334,bot21__8,1219,N,True
4,194,bot21__8,1219,N,True
4,126,bot21__9,1219,N,True
4,126,reel29__6,1219,N,True
4,126,bot55__5,1219,N,True
4,reel26__1,90,1219,N,True
4,reel26__1,bot43__7,1219,N,True
4,reel33__6,reel39__1,1219,N,True
4,reel6__7,bot41__6,1219,N,True
4,88,164,1219,N,True
4,285,164,1219,N,True
4,285,reel14__3,1219,N,True
4,208,reel29__2,1219,N,True
4,reel19__9,bot44__9,1219,N,True
4,224,bot16__6,1219,N,True
4,59,bot16__6,1219,N,True
4,224,reel39__5,1219,N,True
4,reel14__8,reel39__5,1219,N,True
4,224,reel41__9,1219,N,True
4,224,reel46__6,1219,N,True
4,reel20__3,bot56__3,1219,N,True
4,reel54__6,reel40__5,1219,N,True
4,142,reel40__5,1219,N,True
4,reel54__6,47,1219,N,True
4,reel24__6,47,1219,N,True
4,reel31__3,47,1219,N,True
4,301,47,1219,N,True
4,reel0__9,reel5__5,1219,N,True
4,281,reel5__5,1219,N,True
4,329,bot12__6,1219,N,True
4,55,bot29__7,1219,N,True
4,329,bot29__7,1219,N,True
4,329,reel39__2,1219,N,True
4,101,bot60__9,1219,N,True
4,bot5__2,bot14__2,1219,N,True
4,reel9__7,reel10__7,1219,N,True
4,reel35__4,reel10__7,1219,N,True
4,reel9__7,bot12__3,1219,N,True
4,bot37__1,bot46__9,1219,N,True
4,bot29__5,bot46__9,1219,N,True
4,bot29__5,bot52__2,1219,N,True
4,reel0__1,reel27__1,1219,N,True
4,reel0__1,reel36__1,1219,N,True
4,reel0__1,reel42__8,1219,N,True
4,reel11__4,bot28__1,1219,N,True
4,reel11__4,reel55__4,1219,N,True
4,bot39__0,bot60__1,1219,N,True
4,reel15__7,reel4__0,1219,N,True
4,reel18__6,reel4__0,1219,N,True
4,reel15__7,reel23__4,1219,N,True
4,reel14__8,97,1219,N,True
4,reel9__1,97,1219,N,True
4,bot23__5,97,1219,N,True
4,reel9__1,bot28__5,1219,N,True
4,reel9__1,reel57__1,1219,N,True
4,reel20__2,reel28__2,1219,N,True
4,reel20__2,bot42__9,1219,N,True
4,reel20__2,reel43__2,1219,N,True
4,bot39__5,bot29__9,1219,N,True
4,reel46__3,reel7__4,1219,N,True
4,bot16__0,bot0__0,1219,N,True
4,bot8__6,bot0__0,1219,N,True
4,283,bot0__0,1219,N,True
4,283,bot6__8,1219,N,True
4,reel23__6,reel29__4,1219,N,True
4,283,reel29__4,1219,N,True
4,283,bot53__8,1219,N,True
4,bot20__9,bot45__8,1219,N,True
4,bot13__4,327,1219,N,True
4,194,bot25__3,1219,N,True
4,reel5__7,reel24__4,1219,N,True
4,reel22__4,reel37__5,1219,N,True
4,301,bot4__1,1219,N,True
4,301,reel23__8,1219,N,True
4,reel34__8,reel38__1,1219,N,True
4,reel49__4,reel33__2,1219,N,True
4,reel9__8,reel33__2,1219,N,True
4,270,76,1219,N,True
4,270,bot19__9,1219,N,True
4,bot12__8,bot57__2,1219,N,True
4,334,bot57__2,1219,N,True
4,105,bot47__4,1219,N,True
4,reel27__0,bot47__4,1219,N,True
4,bot27__0,reel2__2,1219,N,True
4,345,reel2__2,1219,N,True
4,345,bot15__6,1219,N,True
4,345,reel16__1,1219,N,True
4,reel19__4,reel33__3,1219,N,True
4,345,reel33__3,1219,N,True
4,345,reel52__5,1219,N,True
4,reel19__5,reel25__9,1219,N,True
4,257,reel28__5,1219,N,True
4,302,reel28__5,1219,N,True
4,reel24__8,reel28__5,1219,N,True
4,302,reel36__2,1219,N,True
4,bot56__1,reel36__2,1219,N,True
4,reel14__8,bot25__9,1219,N,True
4,80,bot25__9,1219,N,True
4,reel14__8,bot54__0,1219,N,True
4,reel1__3,bot54__0,1219,N,True
4,257,reel3__1,1219,N,True
4,300,reel3__1,1219,N,True
4,88,reel3__1,1219,N,True
4,bot42__5,bot26__3,1219,N,True
4,115,bot26__3,1219,N,True
4,bot7__5,bot43__4,1219,N,True
4,bot7__5,bot51__0,1219,N,True
4,28,bot33__3,1219,N,True
4,254,bot18__7,1219,N,True
4,254,bot31__0,1219,N,True
4,254,reel45__6,1219,N,True
4,bot8__9,bot29__1,1219,N,True
4,347,bot29__1,1219,N,True
4,bot8__9,bot30__6,1219,N,True
4,bot11__2,bot29__0,1219,N,True
4,187,reel26__6,1219,N,True
4,187,reel40__1,1219,N,True
4,207,reel40__1,1219,N,True
4,187,bot45__9,1219,N,True
4,53,reel24__7,1219,N,True
4,bot16__1,bot33__2,1219,N,True
4,10,bot33__2,1219,N,True
4,reel8__2,bot20__0,1219,N,True
4,reel4__4,reel50__1,1219,N,True
4,reel8__2,reel50__1,1219,N,True
4,reel19__4,reel9__2,1219,N,True
4,reel19__4,bot22__5,1219,N,True
4,reel19__4,reel41__6,1219,N,True
4,reel19__4,reel56__9,1219,N,True
4,140,reel56__9,1219,N,True
4,reel4__3,bot22__6,1219,N,True
4,bot20__1,bot18__8,1219,N,True
4,bot0__2,bot18__8,1219,N,True
4,bot1__1,bot9__1,1219,N,True
4,347,reel4__9,1219,N,True
4,80,reel4__9,1219,N,True
4,80,bot11__8,1219,N,True
4,80,bot16__9,1219,N,True
4,80,reel24__0,1219,N,True
4,318,reel24__0,1219,N,True
4,80,reel39__3,1219,N,True
4,168,reel39__3,1219,N,True
4,80,reel40__8,1219,N,True
4,33,reel32__8,1219,N,True
4,reel47__9,reel32__8,1219,N,True
4,bot20__1,35,1219,N,True
4,45,bot15__9,1219,N,True
4,reel3__4,reel51__2,1219,N,True
4,reel48__8,reel51__2,1219,N,True
4,reel36__7,reel51__2,1219,N,True
4,bot44__0,bot58__6,1219,N,True
4,reel21__8,reel22__0,1219,N,True
4,341,reel22__0,1219,N,True
4,reel21__8,bot57__3,1219,N,True
4,108,bot1__9,1219,N,True
4,318,bot1__9,1219,N,True
4,108,reel44__6,1219,N,True
4,92,reel44__6,1219,N,True
4,reel48__8,reel55__1,1219,N,True
4,bot35__9,bot39__9,1219,N,True
4,bot23__7,bot45__0,1219,N,True
4,reel18__6,reel41__4,1219,N,True
4,reel46__9,bot52__1,1219,N,True
4,bot0__7,bot36__1,1219,N,True
4,297,bot22__9,1219,N,True
4,reel28__9,201,1219,N,True
4,reel0__7,201,1219,N,True
4,257,bot11__1,1219,N,True
4,bot9__3,bot11__1,1219,N,True
4,reel7__1,bot25__7,1219,N,True
4,121,bot44__6,1219,N,True
4,105,bot44__6,1219,N,True
4,105,bot46__5,1219,N,True
4,reel4__5,reel13__9,1219,N,True
4,reel4__5,bot52__3,1219,N,True
4,reel4__5,bot58__9,1219,N,True
4,reel42__7,reel51__7,1219,N,True
4,reel24__8,279,1219,N,True
4,bot17__9,279,1219,N,True
4,111,279,1219,N,True
4,bot8__1,bot39__6,1219,N,True
4,123,bot18__3,1219,N,True
4,10,bot6__4,1219,N,True
4,10,bot27__5,1219,N,True
4,bot17__6,bot39__7,1219,N,True
4,10,bot39__7,1219,N,True
4,reel56__7,reel26__0,1219,N,True
4,bot8__6,bot12__4,1219,N,True
4,bot25__8,bot35__8,1219,N,True
4,bot8__6,bot35__8,1219,N,True
4,bot32__1,bot60__3,1219,N,True
4,bot37__6,bot60__3,1219,N,True
4,140,bot47__3,1219,N,True
4,reel3__2,reel27__9,1219,N,True
4,33,reel36__6,1219,N,True
4,33,reel53__6,1219,N,True
4,127,reel1__7,1219,N,True
4,111,reel1__7,1219,N,True
4,127,reel6__4,1219,N,True
4,127,reel58__0,1219,N,True
4,bot28__7,bot31__4,1219,N,True
4,reel9__8,bot31__4,1219,N,True
4,246,bot6__9,1219,N,True
4,bot16__0,bot4__9,1219,N,True
4,bot16__0,bot34__4,1219,N,True
4,reel52__3,174,1219,N,True
4,reel52__3,reel59__8,1219,N,True
4,136,reel59__8,1219,N,True
4,205,reel30__6,1219,N,True
4,205,reel59__4,1219,N,True
4,341,reel59__4,1219,N,True
4,reel1__6,bot15__4,1219,N,True
4,reel1__6,reel19__6,1219,N,True
4,reel12__4,245,1219,N,True
4,reel12__4,reel22__6,1219,N,True
4,reel12__4,bot31__1,1219,N,True
4,reel12__4,reel38__0,1219,N,True
4,bot53__1,reel4__1,1219,N,True
4,59,reel4__1,1219,N,True
4,346,reel4__1,1219,N,True
4,59,bot28__2,1219,N,True
4,332,bot41__0,1219,N,True
4,332,reel58__3,1219,N,True
4,bot47__8,reel39__4,1219,N,True
4,reel5__3,bot48__4,1219,N,True
4,reel1__8,reel11__7,1219,N,True
4,111,reel11__7,1219,N,True
4,129,reel43__7,1219,N,True
4,129,reel55__5,1219,N,True
4,65,bot27__9,1219,N,True
4,reel24__6,bot27__9,1219,N,True
4,bot28__9,bot27__9,1219,N,True
4,77,bot57__4,1219,N,True
4,121,bot18__6,1219,N,True
4,38,bot18__6,1219,N,True
4,bot28__7,bot9__2,1219,N,True
4,bot28__7,bot41__2,1219,N,True
4,reel36__3,reel45__9,1219,N,True
4,bot37__1,bot50__6,1219,N,True
4,341,bot21__7,1219,N,True
4,341,bot48__2,1219,N,True
4,63,bot6__6,1219,N,True
4,63,bot7__2,1219,N,True
4,103,bot7__2,1219,N,True
4,reel22__2,bot49__7,1219,N,True
4,reel16__4,bot49__7,1219,N,True
4,277,bot7__1,1219,N,True
4,reel25__2,reel3__8,1219,N,True
4,reel25__2,bot50__5,1219,N,True
4,318,reel37__3,1219,N,True
4,318,bot52__6,1219,N,True
4,318,reel54__4,1219,N,True
4,55,reel3__3,1219,N,True
4,17,reel3__3,1219,N,True
4,55,bot34__1,1219,N,True
4,bot27__1,bot34__1,1219,N,True
4,55,bot35__5,1219,N,True
4,334,bot8__0,1219,N,True
4,334,bot16__3,1219,N,True
4,334,reel28__4,1219,N,True
4,reel20__1,reel12__5,1219,N,True
4,reel20__1,bot57__1,1219,N,True
4,142,bot32__8,1219,N,True
4,125,reel47__3,1219,N,True
4,reel4__4,reel47__3,1219,N,True
4,reel1__0,241,1219,N,True
4,bot0__3,305,1219,N,True
4,reel4__4,bot5__6,1219,N,True
4,reel4__4,reel52__4,1219,N,True
4,reel4__4,reel54__7,1219,N,True
4,50,reel52__9,1219,N,True
4,reel16__4,244,1219,N,True
4,reel16__4,reel57__0,1219,N,True
4,reel41__8,bot54__1,1219,N,True
4,197,reel9__3,1219,N,True
4,bot31__7,reel9__3,1219,N,True
4,197,bot30__7,1219,N,True
4,reel44__5,reel50__9,1219,N,True
4,bot39__2,bot48__5,1219,N,True
4,reel37__4,bot48__5,1219,N,True
4,17,reel8__1,1219,N,True
4,17,reel28__6,1219,N,True
4,17,bot57__9,1219,N,True
4,reel24__6,reel50__5,1219,N,True
4,reel41__5,reel50__5,1219,N,True
4,reel50__0,reel55__0,1219,N,True
4,bot9__9,319,1219,N,True
4,bot9__9,bot7__9,1219,N,True
4,88,bot7__9,1219,N,True
4,bot9__9,bot13__0,1219,N,True
4,bot9__9,bot59__1,1219,N,True
4,reel22__5,reel57__9,1219,N,True
4,bot32__1,bot24__3,1219,N,True
4,7,bot23__1,1219,N,True
4,88,reel1__1,1219,N,True
4,88,bot48__3,1219,N,True
4,88,bot50__4,1219,N,True
4,reel35__4,bot57__7,1219,N,True
4,reel1__3,bot26__5,1219,N,True
4,111,reel29__0,1219,N,True
4,reel3__4,bot4__7,1219,N,True
4,reel32__6,reel29__8,1219,N,True
4,bot17__2,bot37__7,1219,N,True
4,116,bot35__3,1219,N,True
4,116,bot40__2,1219,N,True
4,116,reel58__1,1219,N,True
4,207,bot11__4,1219,N,True
4,bot53__1,bot2__2,1219,N,True
4,317,bot21__2,1219,N,True
4,317,bot37__3,1219,N,True
4,bot46__4,reel42__0,1219,N,True
4,346,bot51__3,1219,N,True
4,346,reel56__3,1219,N,True
4,reel23__6,reel53__2,1219,N,True
4,reel38__7,reel34__4,1219,N,True
5,306,4,1200,N,False
5,152,4,1200,N,False
5,195,4,1200,N,False
5,reel12__5,4,1200,N,False
5,306,78,1200,N,False
5,195,78,1200,N,False
5,reel45__9,78,1200,N,False
5,306,273,1200,N,False
5,195,273,1200,N,False
5,bot15__9,bot42__8,1200,N,False
5,6,bot42__8,1200,N,False
5,reel36__4,bot40__2,1200,N,False
5,reel36__4,reel53__1,1200,N,False
5,reel46__8,reel5__2,1200,N,False
5,reel18__9,reel5__2,1200,N,False
5,reel43__6,reel47__2,1200,N,False
5,reel11__9,reel47__2,1200,N,False
5,reel43__6,reel55__0,1200,N,False
5,reel23__1,reel42__7,1200,N,False
5,reel21__7,reel42__7,1200,N,False
5,bot23__9,reel21__2,1200,N,False
5,bot23__9,bot37__4,1200,N,False
5,reel42__5,reel48__4,1200,N,False
5,reel26__3,reel48__4,1200,N,False
5,reel0__4,reel26__9,1200,N,False
5,reel35__9,reel49__2,1200,N,False
5,bot52__3,reel49__2,1200,N,False
5,reel35__9,reel55__2,1200,N,False
5,bot51__9,bot0__7,1200,N,False
5,bot1__2,bot0__7,1200,N,False
5,bot50__1,bot11__2,1200,N,False
5,bot50__1,bot5__5,1200,N,False
5,bot0__1,bot5__5,1200,N,False
5,reel4__9,reel30__0,1200,N,False
5,bot58__3,reel39__1,1200,N,False
5,reel19__6,reel37__9,1200,N,False
5,bot60__5,bot56__1,1200,N,False
5,reel11__3,reel47__1,1200,N,False
5,8,reel1__5,1200,N,False
5,81,reel1__5,1200,N,False
5,8,bot4__9,1200,N,False
5,34,bot4__9,1200,N,False
5,282,bot4__9,1200,N,False
5,bot43__7,reel26__1,1200,N,False
5,reel21__7,reel26__1,1200,N,False
5,reel23__2,bot44__5,1200,N,False
5,282,reel42__4,1200,N,False
5,282,bot48__9,1200,N,False
5,reel18__9,reel48__8,1200,N,False
5,reel18__9,bot52__9,1200,N,False
5,255,49,1200,N,False
5,bot35__6,bot46__8,1200,N,False
5,bot41__8,bot53__4,1200,N,False
5,bot1__8,bot3__1,1200,N,False
5,305,bot0__3,1200,N,False
5,305,reel55__5,1200,N,False
5,reel13__1,reel16__2,1200,N,False
5,107,bot5__8,1200,N,False
5,bot13__2,bot5__8,1200,N,False
5,107,bot35__4,1200,N,False
5,107,reel41__1,1200,N,False
5,41,reel30__4,1200,N,False
5,bot33__9,reel30__4,1200,N,False
5,reel31__6,reel28__1,1200,N,False
5,reel4__0,reel28__1,1200,N,False
5,bot9__9,bot29__6,1200,N,False
5,reel22__8,bot29__6,1200,N,False
5,reel22__8,reel54__6,1200,N,False
5,reel11__8,reel13__9,1200,N,False
5,reel9__2,reel13__9,1200,N,False
5,reel4__5,reel13__9,1200,N,False
5,333,bot46__7,1200,N,False
5,17,reel28__6,1200,N,False
5,bot4__2,bot27__7,1200,N,False
5,bot9__9,bot13__0,1200,N,False
5,bot13__7,bot24__1,1200,N,False
5,bot13__7,bot60__4,1200,N,False
5,reel4__0,reel23__8,1200,N,False
5,reel11__8,reel23__8,1200,N,False
5,reel27__3,reel2__3,1200,N,False
5,reel13__6,reel2__3,1200,N,False
5,reel3__8,reel25__2,1200,N,False
5,reel11__8,179,1200,N,False
5,bot33__9,bot44__7,1200,N,False
5,bot11__8,bot20__7,1200,N,False
5,bot11__8,bot36__9,1200,N,False
5,reel45__6,reel49__9,1200,N,False
5,reel27__3,reel32__3,1200,N,False
5,reel27__3,bot55__4,1200,N,False
5,reel44__0,reel51__8,1200,N,False
5,bot10__0,bot35__3,1200,N,False
5,140,bot47__3,1200,N,False
5,81,bot25__5,1200,N,False
5,bot46__0,bot60__2,1200,N,False
5,6,bot6__5,1200,N,False
5,6,reel8__6,1200,N,False
5,reel25__3,reel34__2,1200,N,False
5,reel12__5,reel31__5,1200,N,False
5,reel12__5,bot60__3,1200,N,False
5,bot21__5,reel13__0,1200,N,False
5,34,bot26__9,1200,N,False
5,reel28__4,reel52__4,1200,N,False
5,25,94,1201,N,False
5,199,288,1201,N,False
5,25,288,1201,N,False
5,257,130,1201,N,False
5,62,130,1201,N,False
5,25,130,1201,N,False
5,329,130,1201,N,False
5,25,73,1201,N,False
5,30,73,1201,N,False
5,25,reel27__1,1201,N,False
5,25,reel35__5,1201,N,False
5,reel3__5,23,1201,N,False
5,190,23,1201,N,False
5,51,23,1201,N,False
5,51,reel2__8,1201,N,False
5,51,bot10__7,1201,N,False
5,51,reel29__4,1201,N,False
5,51,reel53__0,1201,N,False
5,bot12__6,bot26__3,1201,N,False
5,reel24__9,278,1201,N,False
5,reel24__9,337,1201,N,False
5,reel24__9,reel47__9,1201,N,False
5,reel1__8,reel56__1,1201,N,False
5,117,reel24__4,1201,N,False
5,reel5__7,reel24__4,1201,N,False
5,bot13__4,327,1201,N,False
5,reel41__7,reel13__8,1201,N,False
5,reel41__7,bot42__7,1201,N,False
5,reel41__7,bot44__1,1201,N,False
5,236,121,1201,N,False
5,113,121,1201,N,False
5,221,reel12__9,1201,N,False
5,199,reel12__9,1201,N,False
5,199,reel14__6,1201,N,False
5,199,reel31__1,1201,N,False
5,65,reel18__9,1201,N,False
5,reel11__2,reel18__9,1201,N,False
5,reel11__2,reel35__9,1201,N,False
5,bot23__4,bot34__8,1201,N,False
5,268,reel27__7,1201,N,False
5,261,reel2__7,1201,N,False
5,190,reel2__7,1201,N,False
5,reel50__7,reel2__7,1201,N,False
5,261,bot10__9,1201,N,False
5,232,bot10__9,1201,N,False
5,reel1__5,8,1201,N,False
5,reel1__5,bot13__3,1201,N,False
5,reel52__9,306,1201,N,False
5,bot17__1,bot53__9,1201,N,False
5,63,bot7__2,1201,N,False
5,63,reel14__1,1201,N,False
5,bot22__9,bot30__6,1201,N,False
5,reel49__5,reel44__2,1201,N,False
5,reel30__7,195,1201,N,False
5,reel30__7,bot43__5,1201,N,False
5,123,bot0__5,1201,N,False
5,232,bot0__5,1201,N,False
5,30,reel26__5,1201,N,False
5,232,reel26__5,1201,N,False
5,170,bot6__3,1201,N,False
5,27,bot6__3,1201,N,False
5,27,bot31__3,1201,N,False
5,27,bot36__2,1201,N,False
5,27,reel38__3,1201,N,False
5,reel49__3,reel6__5,1201,N,False
5,38,reel12__3,1201,N,False
5,38,bot18__6,1201,N,False
5,55,bot34__1,1201,N,False
5,bot41__0,bot34__1,1201,N,False
5,bot41__0,reel2__3,1201,N,False
5,bot30__0,reel22__9,1201,N,False
5,reel8__4,reel22__9,1201,N,False
5,318,bot12__2,1201,N,False
5,318,reel19__2,1201,N,False
5,318,reel37__3,1201,N,False
5,222,reel37__3,1201,N,False
5,318,bot52__6,1201,N,False
5,55,bot35__5,1201,N,False
5,55,reel54__1,1201,N,False
5,reel34__7,reel54__1,1201,N,False
5,62,96,1201,N,False
5,190,96,1201,N,False
5,133,96,1201,N,False
5,190,bot35__6,1201,N,False
5,134,reel5__3,1201,N,False
5,bot26__7,reel5__3,1201,N,False
5,bot26__7,bot31__9,1201,N,False
5,339,bot31__9,1201,N,False
5,reel44__9,140,1201,N,False
5,reel44__9,reel49__8,1201,N,False
5,reel15__5,144,1201,N,False
5,reel15__5,289,1201,N,False
5,reel15__5,bot28__9,1201,N,False
5,reel15__5,reel58__1,1201,N,False
5,reel34__7,244,1201,N,False
5,bot7__5,bot40__4,1201,N,False
5,bot7__5,bot43__4,1201,N,False
5,79,reel3__8,1201,N,False
5,79,reel10__1,1201,N,False
5,79,reel41__0,1201,N,False
5,79,bot53__6,1201,N,False
5,79,bot54__7,1201,N,False
5,117,reel11__1,1201,N,False
5,117,reel12__6,1201,N,False
5,184,135,1201,N,False
5,184,320,1201,N,False
5,329,320,1201,N,False
5,184,108,1201,N,False
5,184,36,1201,N,False
5,184,127,1201,N,False
5,184,197,1201,N,False
5,reel8__4,197,1201,N,False
5,329,197,1201,N,False
5,184,251,1201,N,False
5,reel19__8,251,1201,N,False
5,184,bot43__9,1201,N,False
5,bot22__1,bot20__8,1201,N,False
5,bot22__1,110,1201,N,False
5,bot22__1,bot31__0,1201,N,False
5,bot22__1,bot38__5,1201,N,False
5,bot22__1,bot42__1,1201,N,False
5,reel0__3,bot1__6,1201,N,False
5,150,bot1__6,1201,N,False
5,reel0__3,bot7__6,1201,N,False
5,reel0__3,bot10__4,1201,N,False
5,reel0__3,bot14__1,1201,N,False
5,reel0__3,bot22__3,1201,N,False
5,reel0__3,reel48__7,1201,N,False
5,bot54__9,bot5__1,1201,N,False
5,276,bot5__1,1201,N,False
5,276,reel12__1,1201,N,False
5,276,reel27__2,1201,N,False
5,reel50__8,227,1201,N,False
5,reel0__5,227,1201,N,False
5,248,reel39__0,1201,N,False
5,248,reel48__8,1201,N,False
5,reel50__7,reel28__8,1201,N,False
5,reel8__4,bot14__6,1201,N,False
5,reel8__4,reel18__8,1201,N,False
5,reel8__4,bot23__1,1201,N,False
5,62,bot35__4,1201,N,False
5,reel34__0,bot35__4,1201,N,False
5,reel24__2,reel11__6,1201,N,False
5,reel24__2,bot42__8,1201,N,False
5,221,reel11__5,1201,N,False
5,reel6__0,reel22__3,1201,N,False
5,133,reel4__3,1201,N,False
5,133,reel19__3,1201,N,False
5,307,reel19__3,1201,N,False
5,133,bot27__1,1201,N,False
5,133,reel38__9,1201,N,False
5,150,bot7__4,1201,N,False
5,123,reel22__7,1201,N,False
5,reel46__9,reel22__7,1201,N,False
5,reel46__9,bot52__1,1201,N,False
5,reel53__8,reel50__2,1201,N,False
5,64,reel7__3,1201,N,False
5,290,reel7__3,1201,N,False
5,290,bot44__5,1201,N,False
5,30,reel5__9,1201,N,False
5,reel58__3,reel5__9,1201,N,False
5,30,bot39__8,1201,N,False
5,reel0__5,bot9__1,1201,N,False
5,reel0__5,bot13__7,1201,N,False
5,reel0__5,reel21__3,1201,N,False
5,120,reel21__3,1201,N,False
5,134,bot35__2,1201,N,False
5,134,bot58__8,1201,N,False
5,344,reel27__5,1201,N,False
5,170,250,1201,N,False
5,170,260,1201,N,False
5,bot5__2,260,1201,N,False
5,339,260,1201,N,False
5,170,reel24__6,1201,N,False
5,170,reel37__4,1201,N,False
5,reel47__2,reel43__6,1201,N,False
5,reel38__0,reel59__5,1201,N,False
5,257,reel28__5,1201,N,False
5,62,reel17__8,1201,N,False
5,reel45__7,reel38__2,1201,N,False
5,reel25__4,reel5__1,1201,N,False
5,reel25__4,reel44__4,1201,N,False
5,reel19__8,reel40__8,1201,N,False
5,105,reel5__2,1201,N,False
5,105,bot44__6,1201,N,False
5,bot4__4,44,1201,N,False
5,bot4__4,bot17__4,1201,N,False
5,reel33__6,5,1201,N,False
5,reel33__6,reel39__1,1201,N,False
5,307,230,1201,N,False
5,307,bot0__4,1201,N,False
5,307,bot6__7,1201,N,False
5,307,reel10__4,1201,N,False
5,reel58__3,49,1201,N,False
5,208,bot0__1,1201,N,False
5,208,reel29__2,1201,N,False
5,123,reel15__1,1201,N,False
5,reel3__5,bot8__4,1201,N,False
5,reel3__5,reel12__0,1201,N,False
5,10,bot26__1,1201,N,False
5,10,bot27__5,1201,N,False
5,10,bot33__2,1201,N,False
5,120,bot40__9,1201,N,False
5,329,reel39__2,1201,N,False
5,329,reel39__9,1201,N,False
5,reel50__3,reel34__8,1201,N,False
5,bot58__7,bot37__9,1201,N,False
5,217,reel27__0,1201,N,False
5,reel46__7,reel13__0,1201,N,False
5,339,340,1201,N,False
5,161,87,1201,N,False
5,339,87,1201,N,False
5,339,152,1201,N,False
5,339,347,1201,N,False
5,339,bot2__1,1201,N,False
5,339,bot35__9,1201,N,False
5,339,reel57__5,1201,N,False
5,339,reel59__6,1201,N,False
5,reel3__2,bot19__2,1201,N,False
5,bot6__1,bot8__2,1201,N,False
5,bot6__1,bot28__6,1201,N,False
5,207,bot11__4,1201,N,False
5,reel43__3,reel30__8,1201,N,False
5,161,reel22__4,1201,N,False
5,161,reel52__0,1201,N,False
5,311,bot13__6,1201,N,False
5,311,bot29__8,1201,N,False
5,bot47__6,bot38__8,1201,N,False
5,reel18__4,333,1201,N,False
5,310,reel5__2,1202,N,False
5,147,reel5__2,1202,N,False
5,310,bot12__0,1202,N,False
5,310,bot55__8,1202,N,False
5,306,reel29__9,1202,N,False
5,306,reel52__9,1202,N,False
5,50,reel52__9,1202,N,False
5,293,reel11__9,1202,N,False
5,293,bot16__7,1202,N,False
5,293,reel22__6,1202,N,False
5,25,reel17__5,1202,N,False
5,25,reel27__1,1202,N,False
5,reel11__6,reel35__5,1202,N,False
5,25,reel35__5,1202,N,False
5,332,bot30__0,1202,N,False
5,332,reel50__7,1202,N,False
5,49,reel58__3,1202,N,False
5,332,reel58__3,1202,N,False
5,332,reel58__5,1202,N,False
5,260,bot5__2,1202,N,False
5,reel30__0,reel36__2,1202,N,False
5,78,reel36__2,1202,N,False
5,78,reel45__9,1202,N,False
5,78,reel48__2,1202,N,False
5,bot45__9,reel44__4,1202,N,False
5,67,reel23__7,1202,N,False
5,bot45__9,reel23__7,1202,N,False
5,63,bot15__3,1202,N,False
5,314,bot15__3,1202,N,False
5,reel33__7,reel36__8,1202,N,False
5,193,reel36__8,1202,N,False
5,313,bot1__7,1202,N,False
5,288,bot1__7,1202,N,False
5,73,bot1__7,1202,N,False
5,236,bot40__7,1202,N,False
5,120,bot40__7,1202,N,False
5,236,reel45__1,1202,N,False
5,bot30__1,bot51__2,1202,N,False
5,199,bot2__0,1202,N,False
5,199,bot14__9,1202,N,False
5,199,reel31__1,1202,N,False
5,22,reel31__1,1202,N,False
5,199,reel52__6,1202,N,False
5,251,bot9__6,1202,N,False
5,250,bot9__6,1202,N,False
5,250,reel31__9,1202,N,False
5,250,bot44__1,1202,N,False
5,250,bot45__2,1202,N,False
5,26,bot0__7,1202,N,False
5,230,bot0__7,1202,N,False
5,86,reel1__1,1202,N,False
5,230,reel1__1,1202,N,False
5,230,reel16__3,1202,N,False
5,322,reel1__0,1202,N,False
5,322,bot4__3,1202,N,False
5,64,bot4__3,1202,N,False
5,203,reel2__9,1202,N,False
5,40,reel2__9,1202,N,False
5,40,reel3__2,1202,N,False
5,133,reel3__2,1202,N,False
5,40,bot23__0,1202,N,False
5,40,reel36__7,1202,N,False
5,113,reel36__7,1202,N,False
5,309,bot4__2,1202,N,False
5,309,bot12__6,1202,N,False
5,309,bot19__5,1202,N,False
5,245,bot19__5,1202,N,False
5,reel30__0,reel46__0,1202,N,False
5,reel30__0,reel51__8,1202,N,False
5,39,bot14__6,1202,N,False
5,reel8__4,bot14__6,1202,N,False
5,39,bot25__1,1202,N,False
5,39,reel48__1,1202,N,False
5,121,bot18__6,1202,N,False
5,38,bot18__6,1202,N,False
5,reel3__8,reel50__2,1202,N,False
5,121,reel50__2,1202,N,False
5,270,bot1__1,1202,N,False
5,66,bot1__1,1202,N,False
5,268,bot1__1,1202,N,False
5,268,reel27__7,1202,N,False
5,268,reel28__0,1202,N,False
5,301,reel23__8,1202,N,False
5,86,reel5__3,1202,N,False
5,86,bot23__6,1202,N,False
5,133,bot27__1,1202,N,False
5,86,bot27__1,1202,N,False
5,86,reel30__1,1202,N,False
5,270,reel7__6,1202,N,False
5,225,reel7__6,1202,N,False
5,312,bot10__8,1202,N,False
5,bot7__2,bot10__8,1202,N,False
5,reel7__2,reel26__5,1202,N,False
5,30,reel26__5,1202,N,False
5,reel7__2,reel39__6,1202,N,False
5,reel7__2,bot43__3,1202,N,False
5,reel7__2,reel53__7,1202,N,False
5,245,bot18__2,1202,N,False
5,140,bot18__2,1202,N,False
5,245,reel25__6,1202,N,False
5,reel26__9,reel0__4,1202,N,False
5,reel26__9,reel50__6,1202,N,False
5,5,reel16__9,1202,N,False
5,5,bot56__3,1202,N,False
5,291,bot21__6,1202,N,False
5,304,bot21__6,1202,N,False
5,304,reel34__1,1202,N,False
5,304,bot49__0,1202,N,False
5,63,bot2__3,1202,N,False
5,82,bot2__3,1202,N,False
5,reel28__2,reel45__7,1202,N,False
5,16,reel45__7,1202,N,False
5,100,reel13__1,1202,N,False
5,100,bot31__7,1202,N,False
5,reel22__2,bot49__7,1202,N,False
5,8,reel21__7,1202,N,False
5,254,reel21__7,1202,N,False
5,8,reel30__9,1202,N,False
5,198,reel30__9,1202,N,False
5,45,reel2__3,1202,N,False
5,158,reel2__3,1202,N,False
5,158,reel20__3,1202,N,False
5,158,bot36__5,1202,N,False
5,89,reel59__2,1202,N,False
5,158,reel59__2,1202,N,False
5,38,bot20__4,1202,N,False
5,203,bot28__3,1202,N,False
5,277,reel19__5,1202,N,False
5,174,reel6__3,1202,N,False
5,108,bot0__9,1202,N,False
5,153,bot0__9,1202,N,False
5,153,bot2__1,1202,N,False
5,155,bot2__1,1202,N,False
5,339,bot2__1,1202,N,False
5,153,bot4__5,1202,N,False
5,82,reel42__1,1202,N,False
5,reel7__7,reel42__1,1202,N,False
5,49,bot15__0,1202,N,False
5,110,bot15__0,1202,N,False
5,282,reel30__2,1202,N,False
5,55,reel3__3,1202,N,False
5,17,reel3__3,1202,N,False
5,253,reel3__9,1202,N,False
5,55,reel3__9,1202,N,False
5,55,bot34__1,1202,N,False
5,55,bot35__5,1202,N,False
5,55,reel54__1,1202,N,False
5,reel19__3,bot28__8,1202,N,False
5,190,bot35__6,1202,N,False
5,190,reel41__7,1202,N,False
5,334,bot57__2,1202,N,False
5,220,bot0__8,1202,N,False
5,115,bot26__3,1202,N,False
5,312,bot10__0,1202,N,False
5,279,bot10__0,1202,N,False
5,278,bot10__0,1202,N,False
5,reel12__0,bot24__4,1202,N,False
5,278,bot24__4,1202,N,False
5,337,reel24__9,1202,N,False
5,278,reel24__9,1202,N,False
5,278,bot34__2,1202,N,False
5,28,reel3__6,1202,N,False
5,262,reel3__6,1202,N,False
5,28,reel13__8,1202,N,False
5,bot23__3,reel13__8,1202,N,False
5,28,bot33__3,1202,N,False
5,126,bot23__5,1202,N,False
5,198,bot23__5,1202,N,False
5,97,bot23__5,1202,N,False
5,305,reel23__2,1202,N,False
5,97,reel23__2,1202,N,False
5,97,bot32__9,1202,N,False
5,254,bot31__0,1202,N,False
5,254,bot60__5,1202,N,False
5,142,reel16__6,1202,N,False
5,142,reel33__9,1202,N,False
5,142,reel40__5,1202,N,False
5,195,reel12__6,1202,N,False
5,117,reel12__6,1202,N,False
5,195,reel24__4,1202,N,False
5,117,reel24__4,1202,N,False
5,312,bot10__4,1202,N,False
5,bot50__5,bot10__4,1202,N,False
5,184,reel29__3,1202,N,False
5,184,bot43__9,1202,N,False
5,184,bot50__9,1202,N,False
5,138,reel37__0,1202,N,False
5,312,reel35__9,1202,N,False
5,36,reel35__9,1202,N,False
5,312,reel37__2,1202,N,False
5,265,reel3__7,1202,N,False
5,166,reel3__7,1202,N,False
5,265,reel28__8,1202,N,False
5,22,reel28__8,1202,N,False
5,251,reel55__1,1202,N,False
5,225,reel55__1,1202,N,False
5,305,bot0__3,1202,N,False
5,305,reel55__5,1202,N,False
5,305,reel55__8,1202,N,False
5,219,reel12__5,1202,N,False
5,4,reel12__5,1202,N,False
5,276,bot5__1,1202,N,False
5,45,bot5__1,1202,N,False
5,276,reel7__0,1202,N,False
5,276,reel27__2,1202,N,False
5,30,reel10__2,1202,N,False
5,279,reel10__2,1202,N,False
5,66,bot17__7,1202,N,False
5,279,bot17__7,1202,N,False
5,279,bot37__3,1202,N,False
5,279,bot37__7,1202,N,False
5,bot21__2,bot37__8,1202,N,False
5,bot21__2,bot38__7,1202,N,False
5,89,bot21__3,1202,N,False
5,reel8__4,reel22__9,1202,N,False
5,89,reel22__9,1202,N,False
5,89,reel31__6,1202,N,False
5,89,reel55__6,1202,N,False
5,reel27__4,reel45__5,1202,N,False
5,6,reel8__6,1202,N,False
5,284,reel8__6,1202,N,False
5,186,reel16__5,1202,N,False
5,132,reel16__5,1202,N,False
5,132,reel38__5,1202,N,False
5,132,reel40__0,1202,N,False
5,259,bot51__9,1202,N,False
5,132,bot51__9,1202,N,False
5,113,reel13__3,1202,N,False
5,82,bot1__6,1202,N,False
5,150,bot1__6,1202,N,False
5,82,bot34__5,1202,N,False
5,61,bot41__7,1202,N,False
5,259,bot4__7,1202,N,False
5,259,reel5__1,1202,N,False
5,259,bot25__3,1202,N,False
5,bot6__1,bot25__3,1202,N,False
5,259,reel34__9,1202,N,False
5,259,reel51__3,1202,N,False
5,110,reel51__3,1202,N,False
5,45,bot2__9,1202,N,False
5,307,bot2__9,1202,N,False
5,45,bot13__6,1202,N,False
5,45,bot15__9,1202,N,False
5,22,bot15__9,1202,N,False
5,reel11__6,reel24__2,1202,N,False
5,45,reel24__2,1202,N,False
5,reel8__4,bot22__5,1202,N,False
5,333,reel18__4,1202,N,False
5,9,reel18__4,1202,N,False
5,186,bot5__4,1202,N,False
5,186,reel46__9,1202,N,False
5,133,reel4__3,1202,N,False
5,252,reel4__3,1202,N,False
5,252,reel31__2,1202,N,False
5,50,reel1__8,1202,N,False
5,50,reel57__8,1202,N,False
5,290,reel57__8,1202,N,False
5,221,reel11__5,1202,N,False
5,reel7__5,bot15__8,1202,N,False
5,reel7__5,bot18__9,1202,N,False
5,reel7__5,bot58__6,1202,N,False
5,133,bot20__3,1202,N,False
5,262,reel9__2,1202,N,False
5,327,reel9__2,1202,N,False
5,262,bot42__0,1202,N,False
5,274,bot0__0,1202,N,False
5,73,bot0__0,1202,N,False
5,126,bot1__2,1202,N,False
5,73,bot1__2,1202,N,False
5,120,reel21__3,1202,N,False
5,73,reel21__3,1202,N,False
5,108,bot1__9,1202,N,False
5,108,reel44__6,1202,N,False
5,150,reel4__4,1202,N,False
5,150,reel8__5,1202,N,False
5,195,reel8__5,1202,N,False
5,102,bot60__0,1202,N,False
5,197,bot30__7,1202,N,False
5,233,bot14__8,1202,N,False
5,233,reel29__0,1202,N,False
5,227,reel29__0,1202,N,False
5,222,reel37__3,1202,N,False
5,166,bot1__8,1202,N,False
5,166,reel13__5,1202,N,False
5,294,reel9__9,1202,N,False
5,67,reel9__9,1202,N,False
5,67,reel29__1,1202,N,False
5,227,reel0__5,1202,N,False
5,104,reel0__5,1202,N,False
5,227,bot11__4,1202,N,False
5,333,bot46__7,1202,N,False
5,147,reel36__9,1202,N,False
5,147,reel55__9,1202,N,False
5,reel12__0,reel15__3,1202,N,False
5,reel12__0,reel35__4,1202,N,False
5,reel12__0,bot41__4,1202,N,False
5,reel12__0,bot53__6,1202,N,False
5,reel12__0,bot58__3,1202,N,False
5,290,bot44__5,1202,N,False
5,17,reel35__0,1202,N,False
5,reel19__0,reel35__0,1202,N,False
5,17,bot57__9,1202,N,False
5,reel56__6,reel19__6,1202,N,False
5,reel56__6,reel49__2,1202,N,False
5,291,reel7__9,1202,N,False
5,291,bot25__2,1202,N,False
5,291,reel38__7,1202,N,False
5,291,bot52__5,1202,N,False
5,36,bot6__8,1202,N,False
5,bot33__9,reel30__4,1202,N,False
5,36,reel30__4,1202,N,False
5,36,bot60__8,1202,N,False
5,bot15__2,bot60__8,1202,N,False
5,47,reel24__6,1202,N,False
5,47,reel31__3,1202,N,False
5,47,reel54__6,1202,N,False
5,47,reel55__2,1202,N,False
5,123,reel15__1,1202,N,False
5,337,reel15__1,1202,N,False
5,91,reel6__1,1202,N,False
5,reel57__5,reel6__1,1202,N,False
5,bot23__3,bot30__8,1202,N,False
5,bot23__3,bot46__6,1202,N,False
5,104,bot12__1,1202,N,False
5,110,bot22__1,1202,N,False
5,104,bot22__1,1202,N,False
5,126,bot5__9,1202,N,False
5,289,bot5__9,1202,N,False
5,289,reel15__5,1202,N,False
5,289,reel48__6,1202,N,False
5,347,reel9__0,1202,N,False
5,347,bot53__7,1202,N,False
5,reel13__7,bot27__2,1202,N,False
5,126,bot21__9,1202,N,False
5,257,reel3__1,1202,N,False
5,reel15__6,bot25__8,1202,N,False
5,reel15__6,reel43__6,1202,N,False
5,reel15__6,reel47__0,1202,N,False
5,76,reel51__1,1202,N,False
5,275,reel51__1,1202,N,False
5,275,reel57__4,1202,N,False
5,244,reel16__4,1202,N,False
5,244,reel34__7,1202,N,False
5,274,bot57__8,1202,N,False
5,219,bot13__1,1202,N,False
5,160,reel26__4,1202,N,False
5,bot30__4,bot51__6,1202,N,False
5,bot33__9,reel17__3,1202,N,False
5,298,reel17__3,1202,N,False
5,bot33__9,bot51__1,1202,N,False
5,bot34__4,bot16__0,1202,N,False
5,bot34__4,bot26__4,1202,N,False
5,95,bot9__1,1202,N,False
5,reel26__7,reel41__8,1202,N,False
5,321,bot0__5,1202,N,False
5,123,bot0__5,1202,N,False
5,148,bot40__0,1202,N,False
5,148,bot48__8,1202,N,False
5,224,reel41__9,1202,N,False
5,298,reel43__9,1202,N,False
5,reel35__2,reel43__9,1202,N,False
5,120,bot6__2,1202,N,False
5,198,reel1__3,1202,N,False
5,339,reel1__3,1202,N,False
5,198,bot27__0,1202,N,False
5,110,reel31__0,1202,N,False
5,110,bot40__6,1202,N,False
5,339,bot31__9,1202,N,False
5,339,bot35__9,1202,N,False
5,339,reel59__6,1202,N,False
5,140,reel44__9,1202,N,False
5,140,bot47__3,1202,N,False
5,81,bot25__5,1202,N,False
5,81,bot32__4,1202,N,False
5,bot6__1,bot28__6,1202,N,False
5,22,bot2__2,1202,N,False
5,22,bot59__3,1202,N,False
5,321,bot26__8,1202,N,False
5,246,reel0__3,1202,N,False
5,246,reel13__0,1202,N,False
5,246,reel30__3,1202,N,False
5,161,bot2__8,1202,N,False
5,161,reel22__4,1202,N,False
5,161,bot33__6,1202,N,False
5,reel35__2,reel10__8,1202,N,False
5,reel35__2,bot38__5,1202,N,False
5,6,bot10__5,1202,N,False
5,6,bot42__8,1202,N,False
5,35,bot55__1,1202,N,False
5,bot15__2,reel2__5,1202,N,False
5,76,bot14__1,1202,N,False
5,76,bot38__2,1202,N,False
5,34,reel24__3,1202,N,False
5,34,bot26__9,1202,N,False
5,reel28__2,reel11__3,1202,N,False
5,98,reel56__4,1202,N,False
5,306,reel29__9,1203,N,False
5,306,bot45__7,1203,N,False
5,224,bot45__7,1203,N,False
5,306,reel52__9,1203,N,False
5,50,reel52__9,1203,N,False
5,293,bot2__6,1203,N,False
5,293,reel11__9,1203,N,False
5,109,reel11__9,1203,N,False
5,293,bot16__7,1203,N,False
5,293,reel22__6,1203,N,False
5,293,reel36__6,1203,N,False
5,135,bot43__2,1203,N,False
5,reel6__3,reel43__7,1203,N,False
5,135,reel43__7,1203,N,False
5,319,bot3__9,1203,N,False
5,288,bot3__9,1203,N,False
5,bot52__6,reel37__9,1203,N,False
5,340,reel37__9,1203,N,False
5,reel19__6,reel37__9,1203,N,False
5,203,reel2__9,1203,N,False
5,40,reel2__9,1203,N,False
5,59,reel2__9,1203,N,False
5,59,reel5__4,1203,N,False
5,59,bot24__2,1203,N,False
5,332,bot30__0,1203,N,False
5,332,reel50__7,1203,N,False
5,332,reel58__3,1203,N,False
5,32,reel58__5,1203,N,False
5,332,reel58__5,1203,N,False
5,260,reel14__1,1203,N,False
5,bot42__7,reel14__1,1203,N,False
5,224,bot17__5,1203,N,False
5,260,bot17__5,1203,N,False
5,314,bot15__3,1203,N,False
5,167,bot15__3,1203,N,False
5,314,reel15__7,1203,N,False
5,140,reel15__7,1203,N,False
5,reel37__4,reel15__8,1203,N,False
5,89,reel15__8,1203,N,False
5,reel5__7,reel15__8,1203,N,False
5,78,reel36__2,1203,N,False
5,78,reel45__9,1203,N,False
5,189,reel48__2,1203,N,False
5,78,reel48__2,1203,N,False
5,149,reel34__8,1203,N,False
5,154,reel34__8,1203,N,False
5,149,bot59__3,1203,N,False
5,22,bot59__3,1203,N,False
5,288,bot1__7,1203,N,False
5,73,bot1__7,1203,N,False
5,288,bot24__9,1203,N,False
5,reel27__3,reel53__5,1203,N,False
5,288,reel53__5,1203,N,False
5,86,reel1__1,1203,N,False
5,reel19__6,reel1__1,1203,N,False
5,88,reel1__1,1203,N,False
5,230,reel1__1,1203,N,False
5,reel19__6,reel1__6,1203,N,False
5,230,reel1__6,1203,N,False
5,reel15__3,reel12__0,1203,N,False
5,230,reel12__0,1203,N,False
5,40,reel3__2,1203,N,False
5,133,reel3__2,1203,N,False
5,40,bot23__0,1203,N,False
5,bot26__4,bot23__0,1203,N,False
5,40,reel36__7,1203,N,False
5,113,reel36__7,1203,N,False
5,65,bot27__9,1203,N,False
5,reel24__6,bot27__9,1203,N,False
5,121,bot18__6,1203,N,False
5,38,bot18__6,1203,N,False
5,268,reel27__7,1203,N,False
5,268,reel28__0,1203,N,False
5,263,reel23__5,1203,N,False
5,167,reel23__5,1203,N,False
5,reel12__1,reel48__3,1203,N,False
5,233,reel48__3,1203,N,False
5,261,reel2__7,1203,N,False
5,190,reel2__7,1203,N,False
5,261,reel8__2,1203,N,False
5,159,bot0__3,1203,N,False
5,159,reel9__2,1203,N,False
5,327,reel9__2,1203,N,False
5,159,reel20__2,1203,N,False
5,159,reel32__0,1203,N,False
5,134,reel5__3,1203,N,False
5,86,reel5__3,1203,N,False
5,86,bot23__6,1203,N,False
5,186,reel6__7,1203,N,False
5,270,reel6__7,1203,N,False
5,reel41__5,reel6__7,1203,N,False
5,336,reel0__4,1203,N,False
5,151,reel0__4,1203,N,False
5,6,bot10__5,1203,N,False
5,336,bot10__5,1203,N,False
5,336,bot19__0,1203,N,False
5,100,bot31__7,1203,N,False
5,238,bot31__7,1203,N,False
5,238,bot40__9,1203,N,False
5,reel27__3,bot55__4,1203,N,False
5,238,bot55__4,1203,N,False
5,bot26__4,reel8__0,1203,N,False
5,266,bot34__4,1203,N,False
5,bot26__4,bot34__4,1203,N,False
5,bot26__4,bot37__8,1203,N,False
5,16,reel45__7,1203,N,False
5,16,reel50__8,1203,N,False
5,161,bot2__8,1203,N,False
5,189,bot2__8,1203,N,False
5,189,bot38__6,1203,N,False
5,133,bot6__1,1203,N,False
5,100,bot6__1,1203,N,False
5,100,reel13__1,1203,N,False
5,8,bot37__2,1203,N,False
5,27,bot36__2,1203,N,False
5,27,reel38__3,1203,N,False
5,88,bot7__9,1203,N,False
5,182,bot7__9,1203,N,False
5,182,bot12__5,1203,N,False
5,38,bot20__4,1203,N,False
5,181,bot0__1,1203,N,False
5,bot5__5,bot0__1,1203,N,False
5,167,bot0__1,1203,N,False
5,181,bot4__0,1203,N,False
5,229,bot4__0,1203,N,False
5,181,reel14__4,1203,N,False
5,181,bot46__7,1203,N,False
5,333,bot46__7,1203,N,False
5,21,bot16__1,1203,N,False
5,reel6__2,bot16__1,1203,N,False
5,266,bot19__1,1203,N,False
5,reel6__2,bot19__1,1203,N,False
5,54,reel36__3,1203,N,False
5,reel6__2,reel36__3,1203,N,False
5,bot2__7,bot13__8,1203,N,False
5,218,bot13__8,1203,N,False
5,167,bot13__8,1203,N,False
5,167,bot29__4,1203,N,False
5,134,bot58__8,1203,N,False
5,167,bot58__8,1203,N,False
5,174,reel7__8,1203,N,False
5,259,reel7__8,1203,N,False
5,239,bot60__0,1203,N,False
5,bot42__7,bot38__3,1203,N,False
5,bot14__9,bot17__6,1203,N,False
5,bot14__9,bot51__6,1203,N,False
5,bot30__4,bot51__6,1203,N,False
5,118,bot34__7,1203,N,False
5,118,reel47__4,1203,N,False
5,259,bot4__7,1203,N,False
5,68,bot4__7,1203,N,False
5,68,reel10__4,1203,N,False
5,68,bot36__1,1203,N,False
5,151,bot43__4,1203,N,False
5,bot18__2,bot32__5,1203,N,False
5,282,reel30__2,1203,N,False
5,282,reel42__4,1203,N,False
5,257,bot11__1,1203,N,False
5,190,bot11__1,1203,N,False
5,190,bot35__6,1203,N,False
5,reel27__2,reel17__9,1203,N,False
5,342,reel17__9,1203,N,False
5,255,bot24__6,1203,N,False
5,342,bot24__6,1203,N,False
5,220,bot21__0,1203,N,False
5,220,reel30__6,1203,N,False
5,255,reel22__3,1203,N,False
5,278,bot10__0,1203,N,False
5,337,reel24__9,1203,N,False
5,278,reel24__9,1203,N,False
5,278,bot34__2,1203,N,False
5,131,bot8__0,1203,N,False
5,131,bot42__9,1203,N,False
5,131,bot50__0,1203,N,False
5,50,reel57__8,1203,N,False
5,290,reel57__8,1203,N,False
5,131,reel57__8,1203,N,False
5,295,bot3__5,1203,N,False
5,295,reel8__4,1203,N,False
5,197,reel8__4,1203,N,False
5,bot23__1,reel8__4,1203,N,False
5,bot21__4,reel2__5,1203,N,False
5,333,reel18__4,1203,N,False
5,229,reel18__4,1203,N,False
5,81,bot32__4,1203,N,False
5,reel6__3,bot32__4,1203,N,False
5,reel6__3,bot34__3,1203,N,False
5,254,reel5__8,1203,N,False
5,254,bot18__7,1203,N,False
5,254,bot31__0,1203,N,False
5,134,reel40__4,1203,N,False
5,254,reel40__4,1203,N,False
5,98,reel40__4,1203,N,False
5,254,bot60__5,1203,N,False
5,117,bot29__9,1203,N,False
5,265,reel1__2,1203,N,False
5,265,reel22__8,1203,N,False
5,265,reel28__8,1203,N,False
5,22,reel28__8,1203,N,False
5,196,bot15__1,1203,N,False
5,109,bot15__1,1203,N,False
5,311,bot29__8,1203,N,False
5,256,bot29__8,1203,N,False
5,256,reel57__1,1203,N,False
5,13,reel34__7,1203,N,False
5,244,reel34__7,1203,N,False
5,13,bot42__2,1203,N,False
5,bot8__6,bot42__2,1203,N,False
5,276,bot5__1,1203,N,False
5,47,bot55__2,1203,N,False
5,bot40__1,bot55__2,1203,N,False
5,161,reel7__5,1203,N,False
5,315,reel7__5,1203,N,False
5,297,reel7__5,1203,N,False
5,bot18__9,reel7__5,1203,N,False
5,89,reel22__9,1203,N,False
5,89,reel31__6,1203,N,False
5,284,bot11__6,1203,N,False
5,107,bot5__8,1203,N,False
5,107,bot20__0,1203,N,False
5,107,bot35__4,1203,N,False
5,107,reel41__1,1203,N,False
5,107,reel47__8,1203,N,False
5,61,bot16__2,1203,N,False
5,259,bot25__3,1203,N,False
5,259,bot51__9,1203,N,False
5,211,reel54__9,1203,N,False
5,259,reel54__9,1203,N,False
5,196,reel29__5,1203,N,False
5,47,reel29__5,1203,N,False
5,196,bot53__1,1203,N,False
5,196,bot54__2,1203,N,False
5,186,bot4__4,1203,N,False
5,186,reel46__9,1203,N,False
5,133,reel4__3,1203,N,False
5,252,reel4__3,1203,N,False
5,252,reel31__2,1203,N,False
5,50,bot16__4,1203,N,False
5,50,reel20__7,1203,N,False
5,155,reel17__8,1203,N,False
5,54,reel10__1,1203,N,False
5,54,bot13__7,1203,N,False
5,54,reel51__9,1203,N,False
5,54,reel54__8,1203,N,False
5,35,reel54__8,1203,N,False
5,bot5__5,bot20__3,1203,N,False
5,bot45__5,bot20__3,1203,N,False
5,133,bot20__3,1203,N,False
5,133,reel21__6,1203,N,False
5,133,reel38__9,1203,N,False
5,73,reel6__9,1203,N,False
5,108,bot0__9,1203,N,False
5,108,bot1__9,1203,N,False
5,233,bot14__8,1203,N,False
5,233,reel29__0,1203,N,False
5,195,reel8__5,1203,N,False
5,147,reel5__2,1203,N,False
5,147,reel27__5,1203,N,False
5,344,reel27__5,1203,N,False
5,147,reel32__2,1203,N,False
5,147,reel36__9,1203,N,False
5,147,reel55__9,1203,N,False
5,333,bot47__2,1203,N,False
5,290,reel7__3,1203,N,False
5,290,reel46__7,1203,N,False
5,17,reel28__6,1203,N,False
5,17,bot57__9,1203,N,False
5,178,reel13__2,1203,N,False
5,57,reel13__2,1203,N,False
5,2,bot10__3,1203,N,False
5,2,bot48__6,1203,N,False
5,bot33__9,reel30__4,1203,N,False
5,36,reel30__4,1203,N,False
5,36,reel35__9,1203,N,False
5,36,bot36__3,1203,N,False
5,36,bot60__8,1203,N,False
5,134,bot26__6,1203,N,False
5,47,reel31__3,1203,N,False
5,47,reel55__2,1203,N,False
5,344,bot14__7,1203,N,False
5,218,bot26__1,1203,N,False
5,218,bot56__7,1203,N,False
5,123,reel15__1,1203,N,False
5,337,reel15__1,1203,N,False
5,337,bot31__5,1203,N,False
5,104,reel0__5,1203,N,False
5,110,bot22__1,1203,N,False
5,104,bot22__1,1203,N,False
5,22,bot2__2,1203,N,False
5,213,bot2__2,1203,N,False
5,213,bot8__2,1203,N,False
5,213,bot34__8,1203,N,False
5,213,reel37__5,1203,N,False
5,257,reel28__5,1203,N,False
5,bot23__1,bot25__9,1203,N,False
5,88,bot48__3,1203,N,False
5,88,bot50__4,1203,N,False
5,31,reel0__3,1203,N,False
5,81,reel11__2,1203,N,False
5,31,reel11__2,1203,N,False
5,275,bot32__3,1203,N,False
5,275,reel57__4,1203,N,False
5,244,reel16__4,1203,N,False
5,144,reel48__5,1203,N,False
5,reel27__2,reel48__7,1203,N,False
5,reel27__2,reel54__0,1203,N,False
5,247,bot4__2,1203,N,False
5,162,bot4__2,1203,N,False
5,211,bot8__5,1203,N,False
5,162,bot8__5,1203,N,False
5,162,bot48__2,1203,N,False
5,reel33__6,reel39__1,1203,N,False
5,bot33__9,bot44__7,1203,N,False
5,bot43__5,reel22__2,1203,N,False
5,231,reel22__2,1203,N,False
5,315,reel22__2,1203,N,False
5,178,bot7__5,1203,N,False
5,178,bot55__6,1203,N,False
5,123,reel22__7,1203,N,False
5,reel41__5,bot42__4,1203,N,False
5,reel27__3,reel32__3,1203,N,False
5,294,reel9__9,1203,N,False
5,294,reel29__8,1203,N,False
5,294,bot47__6,1203,N,False
5,145,reel55__5,1203,N,False
5,101,bot60__9,1203,N,False
5,110,reel31__0,1203,N,False
5,110,bot40__6,1203,N,False
5,84,bot19__3,1203,N,False
5,84,reel48__1,1203,N,False
5,140,bot47__3,1203,N,False
5,339,reel1__3,1203,N,False
5,339,bot31__9,1203,N,False
5,339,reel57__5,1203,N,False
5,339,reel59__6,1203,N,False
5,81,bot25__5,1203,N,False
5,21,bot5__3,1203,N,False
5,21,reel46__4,1203,N,False
5,22,bot31__8,1203,N,False
5,321,bot26__8,1203,N,False
5,127,reel57__3,1203,N,False
5,327,reel11__8,1203,N,False
5,327,bot13__4,1203,N,False
5,161,bot33__6,1203,N,False
5,281,reel5__5,1203,N,False
5,281,bot15__2,1203,N,False
5,bot53__8,bot31__4,1203,N,False
5,bot53__8,reel41__4,1203,N,False
5,reel26__4,reel27__0,1203,N,False
5,6,bot6__5,1203,N,False
5,6,bot42__8,1203,N,False
5,35,bot55__1,1203,N,False
5,311,bot13__6,1203,N,False
5,211,bot34__5,1203,N,False
5,247,bot23__4,1203,N,False
5,32,reel41__3,1203,N,False
5,bot5__5,bot50__1,1203,N,False
5,266,bot20__5,1203,N,False
5,266,reel28__2,1203,N,False
5,266,reel47__6,1203,N,False
5,bot2__7,bot44__9,1203,N,False
5,173,reel19__0,1204,N,False
5,bot35__7,reel19__0,1204,N,False
5,319,89,1204,N,False
5,reel55__6,89,1204,N,False
5,319,219,1204,N,False
5,319,327,1204,N,False
5,bot16__9,327,1204,N,False
5,bot13__4,327,1204,N,False
5,340,bot4__5,1204,N,False
5,340,bot21__3,1204,N,False
5,340,reel21__2,1204,N,False
5,340,reel37__9,1204,N,False
5,reel48__4,reel51__9,1204,N,False
5,bot8__2,bot37__0,1204,N,False
5,316,reel6__5,1204,N,False
5,316,bot40__1,1204,N,False
5,bot55__2,bot40__1,1204,N,False
5,reel46__5,reel38__7,1204,N,False
5,reel34__4,reel38__7,1204,N,False
5,333,bot46__7,1204,N,False
5,reel34__4,bot46__7,1204,N,False
5,bot36__8,reel34__9,1204,N,False
5,bot20__3,bot5__5,1204,N,False
5,260,160,1204,N,False
5,178,206,1204,N,False
5,260,206,1204,N,False
5,260,reel15__6,1204,N,False
5,194,reel7__9,1204,N,False
5,341,reel8__0,1204,N,False
5,194,reel8__0,1204,N,False
5,bot6__1,bot25__3,1204,N,False
5,194,bot25__3,1204,N,False
5,bot1__4,bot42__0,1204,N,False
5,reel20__2,reel39__8,1204,N,False
5,85,reel39__8,1204,N,False
5,48,bot2__4,1204,N,False
5,84,bot19__3,1204,N,False
5,48,bot19__3,1204,N,False
5,reel30__0,reel36__2,1204,N,False
5,reel30__0,bot38__9,1204,N,False
5,reel30__0,reel46__0,1204,N,False
5,reel30__0,reel51__8,1204,N,False
5,reel44__7,reel42__9,1204,N,False
5,268,reel27__7,1204,N,False
5,268,reel28__0,1204,N,False
5,reel22__4,reel14__0,1204,N,False
5,reel20__2,bot58__3,1204,N,False
5,reel39__1,bot58__3,1204,N,False
5,reel20__9,259,1204,N,False
5,294,reel29__8,1204,N,False
5,reel20__9,reel29__8,1204,N,False
5,reel32__6,reel29__8,1204,N,False
5,258,reel5__3,1204,N,False
5,86,reel5__3,1204,N,False
5,bot7__0,reel5__3,1204,N,False
5,258,reel51__4,1204,N,False
5,reel15__1,reel51__4,1204,N,False
5,175,321,1204,N,False
5,bot16__3,321,1204,N,False
5,bot0__5,321,1204,N,False
5,bot0__5,bot7__8,1204,N,False
5,bot43__5,bot56__8,1204,N,False
5,bot0__5,bot56__8,1204,N,False
5,reel13__1,reel14__5,1204,N,False
5,reel39__7,reel14__5,1204,N,False
5,reel31__1,reel14__5,1204,N,False
5,reel31__1,reel43__1,1204,N,False
5,175,225,1204,N,False
5,86,225,1204,N,False
5,175,278,1204,N,False
5,86,278,1204,N,False
5,175,227,1204,N,False
5,reel29__0,227,1204,N,False
5,86,227,1204,N,False
5,86,bot4__1,1204,N,False
5,86,bot23__6,1204,N,False
5,86,reel30__1,1204,N,False
5,reel15__1,337,1204,N,False
5,bot9__3,337,1204,N,False
5,299,bot13__3,1204,N,False
5,reel1__5,bot13__3,1204,N,False
5,bot37__1,bot46__9,1204,N,False
5,bot37__1,bot50__6,1204,N,False
5,29,247,1204,N,False
5,120,247,1204,N,False
5,29,bot51__0,1204,N,False
5,reel20__2,reel0__4,1204,N,False
5,reel26__9,reel0__4,1204,N,False
5,reel26__9,138,1204,N,False
5,reel10__2,reel22__0,1204,N,False
5,341,reel22__0,1204,N,False
5,341,bot42__2,1204,N,False
5,341,bot48__2,1204,N,False
5,16,reel45__7,1204,N,False
5,63,bot7__2,1204,N,False
5,103,bot7__2,1204,N,False
5,63,bot15__3,1204,N,False
5,reel59__9,reel41__1,1204,N,False
5,bot45__1,bot35__6,1204,N,False
5,330,bot3__7,1204,N,False
5,24,bot3__7,1204,N,False
5,reel35__5,reel11__6,1204,N,False
5,330,reel11__6,1204,N,False
5,bot20__7,reel18__7,1204,N,False
5,bot43__5,reel18__7,1204,N,False
5,reel6__2,reel18__7,1204,N,False
5,266,bot19__1,1204,N,False
5,reel6__2,bot19__1,1204,N,False
5,reel6__2,reel36__3,1204,N,False
5,reel23__2,97,1204,N,False
5,bot3__6,97,1204,N,False
5,reel23__2,bot44__5,1204,N,False
5,290,bot44__5,1204,N,False
5,reel23__2,reel46__1,1204,N,False
5,reel1__1,bot10__1,1204,N,False
5,reel1__1,bot18__7,1204,N,False
5,254,bot18__7,1204,N,False
5,reel26__2,reel19__6,1204,N,False
5,reel1__1,reel19__6,1204,N,False
5,265,reel58__7,1204,N,False
5,reel29__1,reel58__7,1204,N,False
5,173,reel3__8,1204,N,False
5,reel25__2,reel3__8,1204,N,False
5,bot14__9,reel9__4,1204,N,False
5,bot14__9,bot17__6,1204,N,False
5,reel44__9,140,1204,N,False
5,bot18__2,140,1204,N,False
5,reel20__6,reel6__3,1204,N,False
5,reel37__4,reel6__3,1204,N,False
5,reel52__1,49,1204,N,False
5,reel58__3,49,1204,N,False
5,reel44__9,reel49__8,1204,N,False
5,bot52__7,reel46__8,1204,N,False
5,reel20__1,reel12__5,1204,N,False
5,reel20__1,bot50__3,1204,N,False
5,reel20__1,bot57__1,1204,N,False
5,254,reel21__7,1204,N,False
5,reel20__8,reel21__7,1204,N,False
5,bot39__0,bot60__1,1204,N,False
5,reel20__8,bot60__1,1204,N,False
5,254,reel5__8,1204,N,False
5,bot30__9,reel5__8,1204,N,False
5,254,bot31__0,1204,N,False
5,254,bot60__5,1204,N,False
5,reel2__5,bot21__4,1204,N,False
5,reel2__5,bot43__8,1204,N,False
5,reel26__2,reel32__4,1204,N,False
5,reel2__9,reel32__4,1204,N,False
5,reel2__9,bot41__9,1204,N,False
5,reel2__9,reel43__8,1204,N,False
5,265,bot18__5,1204,N,False
5,reel50__7,reel28__8,1204,N,False
5,265,reel28__8,1204,N,False
5,22,reel28__8,1204,N,False
5,265,reel41__2,1204,N,False
5,reel13__2,reel30__2,1204,N,False
5,reel0__3,bot1__6,1204,N,False
5,reel0__3,bot14__1,1204,N,False
5,reel0__3,bot22__3,1204,N,False
5,reel0__3,reel48__7,1204,N,False
5,reel27__2,reel48__7,1204,N,False
5,reel12__9,bot20__2,1204,N,False
5,reel7__7,bot20__2,1204,N,False
5,reel12__9,bot25__8,1204,N,False
5,reel15__3,reel12__0,1204,N,False
5,bot1__1,bot9__1,1204,N,False
5,175,46,1204,N,False
5,175,143,1204,N,False
5,175,68,1204,N,False
5,175,reel11__5,1204,N,False
5,221,reel11__5,1204,N,False
5,175,reel38__4,1204,N,False
5,reel20__3,reel38__4,1204,N,False
5,bot48__3,reel28__4,1204,N,False
5,bot48__3,bot52__3,1204,N,False
5,bot16__3,bot53__9,1204,N,False
5,196,reel3__5,1204,N,False
5,196,bot32__7,1204,N,False
5,204,bot6__0,1204,N,False
5,71,bot6__0,1204,N,False
5,71,bot8__4,1204,N,False
5,71,bot11__2,1204,N,False
5,71,reel21__1,1204,N,False
5,71,bot24__4,1204,N,False
5,bot2__2,bot4__8,1204,N,False
5,bot2__2,bot12__3,1204,N,False
5,bot2__2,bot25__2,1204,N,False
5,reel34__0,bot35__4,1204,N,False
5,reel35__1,157,1204,N,False
5,reel9__9,157,1204,N,False
5,reel16__7,reel12__7,1204,N,False
5,reel16__7,bot28__1,1204,N,False
5,bot17__9,279,1204,N,False
5,bot17__7,279,1204,N,False
5,reel10__2,279,1204,N,False
5,50,146,1204,N,False
5,317,146,1204,N,False
5,50,reel57__8,1204,N,False
5,290,reel57__8,1204,N,False
5,reel31__3,reel58__6,1204,N,False
5,126,reel29__6,1204,N,False
5,bot50__4,reel29__6,1204,N,False
5,bot50__4,bot35__8,1204,N,False
5,bot49__7,bot26__8,1204,N,False
5,173,34,1204,N,False
5,173,bot10__2,1204,N,False
5,126,bot1__2,1204,N,False
5,73,bot1__2,1204,N,False
5,73,bot1__7,1204,N,False
5,73,reel6__9,1204,N,False
5,120,reel21__3,1204,N,False
5,73,reel21__3,1204,N,False
5,bot17__7,bot41__7,1204,N,False
5,reel10__2,bot34__2,1204,N,False
5,reel10__2,reel41__4,1204,N,False
5,222,reel37__3,1204,N,False
5,reel35__6,bot48__5,1204,N,False
5,reel37__4,bot48__5,1204,N,False
5,333,226,1204,N,False
5,333,reel18__4,1204,N,False
5,reel10__3,bot16__7,1204,N,False
5,bot9__5,bot32__0,1204,N,False
5,reel10__3,bot32__0,1204,N,False
5,reel10__3,bot35__2,1204,N,False
5,bot5__8,bot13__2,1204,N,False
5,290,reel7__3,1204,N,False
5,204,reel10__9,1204,N,False
5,204,reel23__3,1204,N,False
5,bot55__2,reel26__5,1204,N,False
5,bot55__2,bot56__7,1204,N,False
5,218,bot56__7,1204,N,False
5,bot7__4,bot32__3,1204,N,False
5,reel2__1,bot6__5,1204,N,False
5,218,275,1204,N,False
5,reel39__0,328,1204,N,False
5,218,328,1204,N,False
5,218,181,1204,N,False
5,reel8__5,195,1204,N,False
5,218,195,1204,N,False
5,218,4,1204,N,False
5,218,bot13__8,1204,N,False
5,218,reel55__3,1204,N,False
5,299,reel11__3,1204,N,False
5,126,bot37__9,1204,N,False
5,bot2__9,bot9__8,1204,N,False
5,reel20__5,61,1204,N,False
5,reel20__5,reel25__3,1204,N,False
5,reel20__5,bot26__4,1204,N,False
5,bot23__0,bot26__4,1204,N,False
5,bot38__3,bot42__7,1204,N,False
5,reel14__1,bot42__7,1204,N,False
5,24,reel27__4,1204,N,False
5,reel17__4,reel56__1,1204,N,False
5,reel27__2,reel33__0,1204,N,False
5,reel27__2,reel54__0,1204,N,False
5,bot27__6,reel10__7,1204,N,False
5,bot27__6,bot58__9,1204,N,False
5,reel26__2,reel16__3,1204,N,False
5,reel26__2,bot27__7,1204,N,False
5,reel26__2,bot40__0,1204,N,False
5,bot14__4,bot40__0,1204,N,False
5,72,reel28__9,1204,N,False
5,72,reel41__5,1204,N,False
5,bot43__7,reel26__1,1204,N,False
5,bot43__7,bot52__0,1204,N,False
5,reel39__7,198,1204,N,False
5,reel39__7,reel42__4,1204,N,False
5,307,bot0__4,1204,N,False
5,307,bot6__7,1204,N,False
5,307,bot16__2,1204,N,False
5,307,bot36__7,1204,N,False
5,178,bot35__9,1204,N,False
5,reel8__5,bot39__6,1204,N,False
5,bot33__5,reel31__2,1204,N,False
5,bot5__9,289,1204,N,False
5,reel9__6,bot33__3,1204,N,False
5,reel9__6,bot38__8,1204,N,False
5,reel9__6,reel43__6,1204,N,False
5,reel9__6,bot55__1,1204,N,False
5,reel9__6,bot57__6,1204,N,False
5,reel14__1,bot34__5,1204,N,False
5,reel14__1,reel42__6,1204,N,False
5,bot23__0,bot57__7,1204,N,False
5,bot23__0,bot59__7,1204,N,False
5,294,bot47__6,1204,N,False
5,120,bot40__9,1204,N,False
5,reel46__5,reel47__4,1204,N,False
5,reel39__0,reel59__5,1204,N,False
5,reel9__0,bot25__7,1204,N,False
5,reel9__0,bot56__4,1204,N,False
5,101,bot60__9,1204,N,False
5,84,reel40__2,1204,N,False
5,84,reel48__1,1204,N,False
5,bot6__1,bot28__6,1204,N,False
5,207,bot11__4,1204,N,False
5,reel35__1,reel14__4,1204,N,False
5,bot20__7,reel14__4,1204,N,False
5,bot20__7,bot44__7,1204,N,False
5,317,bot37__3,1204,N,False
5,317,reel39__6,1204,N,False
5,reel26__3,reel17__8,1204,N,False
5,reel58__5,32,1204,N,False
5,130,191,1204,N,False
5,reel0__1,reel36__1,1204,N,False
5,reel0__1,bot37__6,1204,N,False
5,bot3__6,bot2__1,1204,N,False
5,bot3__6,bot6__4,1204,N,False
5,311,bot29__8,1204,N,False
5,reel27__6,125,1204,N,False
5,bot39__0,bot13__1,1204,N,False
5,266,bot4__6,1204,N,False
5,266,bot20__5,1204,N,False
5,266,bot34__4,1204,N,False
5,reel7__7,93,1204,N,False
5,283,reel29__4,1205,N,False
5,51,reel29__4,1205,N,False
5,51,reel35__6,1205,N,False
5,51,bot46__2,1205,N,False
5,51,reel53__0,1205,N,False
5,173,reel19__0,1205,N,False
5,167,reel19__0,1205,N,False
5,bot35__7,reel19__0,1205,N,False
5,reel35__0,reel19__0,1205,N,False
5,80,bot11__8,1205,N,False
5,bot36__9,bot11__8,1205,N,False
5,reel48__4,reel26__3,1205,N,False
5,reel8__8,bot53__2,1205,N,False
5,reel8__8,reel54__7,1205,N,False
5,bot21__8,126,1205,N,False
5,1,126,1205,N,False
5,260,126,1205,N,False
5,73,126,1205,N,False
5,314,reel51__6,1205,N,False
5,bot1__4,bot42__0,1205,N,False
5,181,273,1205,N,False
5,78,273,1205,N,False
5,181,218,1205,N,False
5,78,218,1205,N,False
5,181,306,1205,N,False
5,78,306,1205,N,False
5,reel24__4,195,1205,N,False
5,181,195,1205,N,False
5,reel30__7,195,1205,N,False
5,78,195,1205,N,False
5,78,reel45__9,1205,N,False
5,78,reel48__2,1205,N,False
5,reel8__2,reel17__8,1205,N,False
5,bot23__9,reel17__8,1205,N,False
5,bot22__2,reel17__8,1205,N,False
5,bot23__9,bot37__4,1205,N,False
5,288,bot1__7,1205,N,False
5,73,bot1__7,1205,N,False
5,288,bot24__9,1205,N,False
5,reel17__0,reel53__1,1205,N,False
5,reel17__0,bot59__0,1205,N,False
5,250,bot44__1,1205,N,False
5,250,bot56__4,1205,N,False
5,121,bot18__6,1205,N,False
5,38,bot18__6,1205,N,False
5,bot0__5,321,1205,N,False
5,bot0__5,bot1__9,1205,N,False
5,reel17__5,reel13__8,1205,N,False
5,reel2__7,190,1205,N,False
5,reel2__7,reel23__3,1205,N,False
5,reel2__7,bot45__4,1205,N,False
5,reel12__1,reel48__3,1205,N,False
5,284,127,1205,N,False
5,281,127,1205,N,False
5,159,127,1205,N,False
5,284,197,1205,N,False
5,281,197,1205,N,False
5,159,197,1205,N,False
5,329,197,1205,N,False
5,159,bot0__3,1205,N,False
5,reel19__4,reel9__2,1205,N,False
5,159,reel9__2,1205,N,False
5,159,reel20__2,1205,N,False
5,reel15__1,337,1205,N,False
5,167,337,1205,N,False
5,reel15__1,reel51__4,1205,N,False
5,reel35__0,17,1205,N,False
5,reel4__9,reel6__4,1205,N,False
5,reel4__9,bot36__3,1205,N,False
5,reel2__3,reel27__3,1205,N,False
5,reel2__3,reel42__8,1205,N,False
5,5,reel42__8,1205,N,False
5,bot21__7,reel12__6,1205,N,False
5,reel41__0,reel12__6,1205,N,False
5,reel6__2,reel36__3,1205,N,False
5,reel8__0,reel36__3,1205,N,False
5,reel8__0,bot37__9,1205,N,False
5,reel8__0,reel45__8,1205,N,False
5,29,bot51__0,1205,N,False
5,63,bot7__2,1205,N,False
5,reel43__0,reel26__5,1205,N,False
5,reel22__2,bot43__5,1205,N,False
5,reel30__7,bot43__5,1205,N,False
5,reel22__2,bot49__7,1205,N,False
5,reel49__3,reel6__5,1205,N,False
5,reel6__2,bot16__1,1205,N,False
5,reel6__2,bot19__1,1205,N,False
5,bot41__0,bot34__1,1205,N,False
5,181,bot4__0,1205,N,False
5,181,bot46__7,1205,N,False
5,bot30__0,reel22__9,1205,N,False
5,167,93,1205,N,False
5,167,243,1205,N,False
5,reel58__5,32,1205,N,False
5,167,32,1205,N,False
5,167,310,1205,N,False
5,167,bot13__8,1205,N,False
5,167,reel23__5,1205,N,False
5,167,bot29__4,1205,N,False
5,reel5__4,reel58__4,1205,N,False
5,167,reel58__4,1205,N,False
5,1,bot1__3,1205,N,False
5,bot34__5,bot55__8,1205,N,False
5,reel19__3,bot28__8,1205,N,False
5,bot26__7,bot31__9,1205,N,False
5,bot19__6,bot31__9,1205,N,False
5,reel37__7,reel30__2,1205,N,False
5,reel37__7,bot49__3,1205,N,False
5,reel16__7,bot51__3,1205,N,False
5,bot16__8,bot51__3,1205,N,False
5,reel20__8,bot60__1,1205,N,False
5,bot48__7,bot32__8,1205,N,False
5,reel2__9,reel6__0,1205,N,False
5,bot47__1,reel6__0,1205,N,False
5,reel34__2,reel32__4,1205,N,False
5,reel2__9,reel32__4,1205,N,False
5,reel2__9,reel43__8,1205,N,False
5,bot11__7,bot8__2,1205,N,False
5,bot47__1,reel28__1,1205,N,False
5,reel12__9,bot20__2,1205,N,False
5,reel8__2,bot20__0,1205,N,False
5,bot22__2,bot6__5,1205,N,False
5,reel2__1,bot6__5,1205,N,False
5,reel19__4,bot22__5,1205,N,False
5,reel19__4,reel33__3,1205,N,False
5,284,36,1205,N,False
5,281,36,1205,N,False
5,284,bot39__8,1205,N,False
5,bot1__1,bot9__1,1205,N,False
5,57,24,1205,N,False
5,80,24,1205,N,False
5,80,bot2__7,1205,N,False
5,80,bot9__3,1205,N,False
5,80,bot25__9,1205,N,False
5,80,reel40__8,1205,N,False
5,bot2__2,bot4__8,1205,N,False
5,bot2__2,bot25__2,1205,N,False
5,reel14__4,bot20__7,1205,N,False
5,reel14__4,bot21__2,1205,N,False
5,317,bot21__2,1205,N,False
5,bot37__8,bot21__2,1205,N,False
5,reel22__8,bot29__6,1205,N,False
5,reel22__8,reel48__1,1205,N,False
5,reel22__8,bot59__2,1205,N,False
5,133,reel21__6,1205,N,False
5,reel16__7,reel21__6,1205,N,False
5,221,reel11__5,1205,N,False
5,173,202,1205,N,False
5,bot5__1,202,1205,N,False
5,329,202,1205,N,False
5,bot8__5,bot10__2,1205,N,False
5,173,bot10__2,1205,N,False
5,reel7__5,bot58__6,1205,N,False
5,133,reel4__3,1205,N,False
5,133,bot6__1,1205,N,False
5,133,bot20__3,1205,N,False
5,73,bot1__2,1205,N,False
5,reel34__2,reel36__5,1205,N,False
5,338,reel1__3,1205,N,False
5,338,reel19__8,1205,N,False
5,338,bot33__5,1205,N,False
5,338,reel53__8,1205,N,False
5,reel35__5,162,1205,N,False
5,bot8__5,162,1205,N,False
5,reel35__5,reel11__6,1205,N,False
5,reel24__8,279,1205,N,False
5,bot17__7,279,1205,N,False
5,bot17__7,bot41__7,1205,N,False
5,reel37__4,bot48__5,1205,N,False
5,227,reel29__0,1205,N,False
5,reel24__6,47,1205,N,False
5,reel1__2,reel2__5,1205,N,False
5,reel1__2,reel19__2,1205,N,False
5,reel1__2,reel33__7,1205,N,False
5,bot44__5,reel23__2,1205,N,False
5,bot40__6,bot12__4,1205,N,False
5,bot40__6,bot55__6,1205,N,False
5,reel33__6,reel7__7,1205,N,False
5,reel27__2,reel17__9,1205,N,False
5,reel27__2,reel33__0,1205,N,False
5,reel27__2,reel48__7,1205,N,False
5,reel27__2,bot54__8,1205,N,False
5,reel27__2,reel54__0,1205,N,False
5,bot27__6,reel14__9,1205,N,False
5,bot27__6,bot58__9,1205,N,False
5,307,bot0__4,1205,N,False
5,reel58__3,49,1205,N,False
5,reel58__3,reel5__9,1205,N,False
5,reel48__9,reel17__3,1205,N,False
5,reel55__5,145,1205,N,False
5,208,reel29__2,1205,N,False
5,reel28__0,reel36__9,1205,N,False
5,reel20__3,reel38__4,1205,N,False
5,294,reel22__1,1205,N,False
5,bot23__0,reel22__1,1205,N,False
5,bot23__0,bot59__7,1205,N,False
5,294,reel26__6,1205,N,False
5,294,bot47__6,1205,N,False
5,171,150,1205,N,False
5,329,150,1205,N,False
5,329,27,1205,N,False
5,329,bot12__6,1205,N,False
5,171,reel39__9,1205,N,False
5,329,reel39__9,1205,N,False
5,171,107,1205,N,False
5,171,64,1205,N,False
5,171,189,1205,N,False
5,171,reel57__4,1205,N,False
5,reel3__2,bot19__2,1205,N,False
5,317,bot37__3,1205,N,False
5,317,reel39__6,1205,N,False
5,bot25__5,81,1205,N,False
5,281,reel5__5,1205,N,False
5,bot4__1,bot29__9,1205,N,False
5,reel28__4,bot48__3,1205,N,False
5,reel28__4,reel52__4,1205,N,False
5,310,28,1206,N,False
5,41,28,1206,N,False
5,115,28,1206,N,False
5,310,14,1206,N,False
5,41,14,1206,N,False
5,115,14,1206,N,False
5,214,14,1206,N,False
5,310,reel23__6,1206,N,False
5,bot31__5,reel23__6,1206,N,False
5,reel53__2,reel23__6,1206,N,False
5,293,bot2__6,1206,N,False
5,293,reel7__4,1206,N,False
5,170,290,1206,N,False
5,67,290,1206,N,False
5,reel57__8,290,1206,N,False
5,25,290,1206,N,False
5,56,290,1206,N,False
5,176,290,1206,N,False
5,271,290,1206,N,False
5,257,39,1206,N,False
5,25,39,1206,N,False
5,bot14__6,39,1206,N,False
5,141,39,1206,N,False
5,161,39,1206,N,False
5,200,39,1206,N,False
5,121,39,1206,N,False
5,1,73,1206,N,False
5,25,73,1206,N,False
5,25,65,1206,N,False
5,339,65,1206,N,False
5,7,65,1206,N,False
5,261,65,1206,N,False
5,118,65,1206,N,False
5,297,65,1206,N,False
5,314,65,1206,N,False
5,252,65,1206,N,False
5,25,reel17__5,1206,N,False
5,25,reel27__1,1206,N,False
5,25,reel35__5,1206,N,False
5,51,reel2__8,1206,N,False
5,bot26__3,reel2__8,1206,N,False
5,51,reel53__0,1206,N,False
5,141,bot14__2,1206,N,False
5,141,bot21__7,1206,N,False
5,reel17__6,reel13__8,1206,N,False
5,bot23__3,reel13__8,1206,N,False
5,reel17__6,reel42__0,1206,N,False
5,reel6__2,bot16__1,1206,N,False
5,bot33__2,bot16__1,1206,N,False
5,reel5__3,bot7__0,1206,N,False
5,314,bot15__3,1206,N,False
5,314,reel51__6,1206,N,False
5,bot16__7,bot5__4,1206,N,False
5,134,reel15__2,1206,N,False
5,reel42__5,reel15__2,1206,N,False
5,reel42__5,reel24__7,1206,N,False
5,53,reel24__7,1206,N,False
5,288,bot1__7,1206,N,False
5,288,bot3__9,1206,N,False
5,288,bot24__9,1206,N,False
5,288,reel53__5,1206,N,False
5,129,reel24__6,1206,N,False
5,170,reel24__6,1206,N,False
5,47,reel24__6,1206,N,False
5,129,reel43__7,1206,N,False
5,129,reel49__1,1206,N,False
5,129,reel55__5,1206,N,False
5,305,reel55__5,1206,N,False
5,85,reel39__8,1206,N,False
5,85,reel45__3,1206,N,False
5,reel41__2,bot59__4,1206,N,False
5,85,bot59__4,1206,N,False
5,295,reel33__4,1206,N,False
5,reel5__6,reel33__4,1206,N,False
5,239,59,1206,N,False
5,325,59,1206,N,False
5,98,59,1206,N,False
5,reel5__4,59,1206,N,False
5,261,59,1206,N,False
5,118,59,1206,N,False
5,56,59,1206,N,False
5,271,59,1206,N,False
5,reel2__9,59,1206,N,False
5,238,59,1206,N,False
5,252,59,1206,N,False
5,56,bot1__4,1206,N,False
5,31,bot1__4,1206,N,False
5,56,bot13__4,1206,N,False
5,327,bot13__4,1206,N,False
5,56,bot27__6,1206,N,False
5,reel30__0,reel36__2,1206,N,False
5,bot44__2,reel6__0,1206,N,False
5,reel2__9,reel6__0,1206,N,False
5,bot44__2,bot33__5,1206,N,False
5,200,165,1206,N,False
5,121,165,1206,N,False
5,121,bot18__6,1206,N,False
5,38,bot18__6,1206,N,False
5,121,bot44__6,1206,N,False
5,26,123,1206,N,False
5,239,123,1206,N,False
5,67,123,1206,N,False
5,98,123,1206,N,False
5,261,123,1206,N,False
5,104,123,1206,N,False
5,200,123,1206,N,False
5,bot0__5,123,1206,N,False
5,252,123,1206,N,False
5,bot4__8,bot2__2,1206,N,False
5,bot0__5,bot2__2,1206,N,False
5,bot55__6,bot40__6,1206,N,False
5,170,268,1206,N,False
5,325,268,1206,N,False
5,261,268,1206,N,False
5,118,268,1206,N,False
5,271,268,1206,N,False
5,reel47__6,reel23__8,1206,N,False
5,bot25__7,reel7__1,1206,N,False
5,reel30__6,220,1206,N,False
5,115,220,1206,N,False
5,reel19__7,reel20__2,1206,N,False
5,reel28__2,reel20__2,1206,N,False
5,reel52__9,reel9__2,1206,N,False
5,327,reel9__2,1206,N,False
5,238,bot55__4,1206,N,False
5,29,bot51__0,1206,N,False
5,bot7__5,bot51__0,1206,N,False
5,29,reel59__8,1206,N,False
5,136,reel59__8,1206,N,False
5,bot23__6,reel14__2,1206,N,False
5,32,reel14__2,1206,N,False
5,reel22__2,bot49__7,1206,N,False
5,bot20__7,reel18__7,1206,N,False
5,reel6__2,reel18__7,1206,N,False
5,reel6__2,reel36__3,1206,N,False
5,bot26__2,bot34__1,1206,N,False
5,bot41__0,bot34__1,1206,N,False
5,reel42__8,reel2__3,1206,N,False
5,bot41__0,reel2__3,1206,N,False
5,reel11__1,117,1206,N,False
5,285,117,1206,N,False
5,38,117,1206,N,False
5,reel49__2,reel33__9,1206,N,False
5,reel49__2,bot52__3,1206,N,False
5,239,reel39__0,1206,N,False
5,239,reel57__7,1206,N,False
5,239,bot60__0,1206,N,False
5,reel7__7,bot11__6,1206,N,False
5,reel7__7,bot20__2,1206,N,False
5,1,126,1206,N,False
5,41,bot1__3,1206,N,False
5,1,bot1__3,1206,N,False
5,118,bot34__7,1206,N,False
5,118,reel47__4,1206,N,False
5,reel5__4,reel34__1,1206,N,False
5,190,229,1206,N,False
5,reel18__4,229,1206,N,False
5,148,229,1206,N,False
5,190,reel41__7,1206,N,False
5,reel53__2,162,1206,N,False
5,bot13__8,218,1206,N,False
5,reel55__3,218,1206,N,False
5,41,140,1206,N,False
5,17,140,1206,N,False
5,115,140,1206,N,False
5,214,140,1206,N,False
5,bot10__2,326,1206,N,False
5,41,326,1206,N,False
5,17,326,1206,N,False
5,214,326,1206,N,False
5,115,326,1206,N,False
5,reel40__1,reel21__6,1206,N,False
5,133,reel21__6,1206,N,False
5,reel40__1,bot41__4,1206,N,False
5,reel9__5,reel4__5,1206,N,False
5,289,reel4__5,1206,N,False
5,reel9__5,45,1206,N,False
5,67,45,1206,N,False
5,104,45,1206,N,False
5,bot2__9,45,1206,N,False
5,200,45,1206,N,False
5,reel9__5,reel11__6,1206,N,False
5,reel9__5,reel12__5,1206,N,False
5,reel9__5,reel49__9,1206,N,False
5,bot4__8,97,1206,N,False
5,bot3__6,97,1206,N,False
5,reel2__2,bot60__7,1206,N,False
5,bot4__8,bot60__7,1206,N,False
5,reel14__5,bot37__7,1206,N,False
5,reel14__5,reel39__7,1206,N,False
5,reel42__4,reel39__7,1206,N,False
5,295,bot3__5,1206,N,False
5,254,bot18__7,1206,N,False
5,254,bot31__0,1206,N,False
5,134,reel40__4,1206,N,False
5,254,reel40__4,1206,N,False
5,98,reel40__4,1206,N,False
5,254,bot60__5,1206,N,False
5,3,228,1206,N,False
5,3,reel1__0,1206,N,False
5,3,reel20__6,1206,N,False
5,3,reel25__8,1206,N,False
5,3,reel30__7,1206,N,False
5,bot7__9,bot8__7,1206,N,False
5,bot7__9,bot9__9,1206,N,False
5,bot7__9,bot10__4,1206,N,False
5,reel31__4,reel22__3,1206,N,False
5,reel31__4,reel36__1,1206,N,False
5,200,bot8__5,1206,N,False
5,bot10__2,bot8__5,1206,N,False
5,200,reel16__0,1206,N,False
5,200,reel25__3,1206,N,False
5,200,bot28__4,1206,N,False
5,200,reel28__7,1206,N,False
5,200,bot38__2,1206,N,False
5,200,bot45__0,1206,N,False
5,170,reel55__6,1206,N,False
5,200,reel55__6,1206,N,False
5,200,bot58__6,1206,N,False
5,reel7__5,bot58__6,1206,N,False
5,170,260,1206,N,False
5,53,260,1206,N,False
5,339,260,1206,N,False
5,53,191,1206,N,False
5,53,reel12__7,1206,N,False
5,53,reel32__1,1206,N,False
5,reel26__2,reel32__4,1206,N,False
5,reel2__9,reel32__4,1206,N,False
5,reel2__9,reel43__8,1206,N,False
5,305,bot0__3,1206,N,False
5,176,bot0__3,1206,N,False
5,305,reel23__2,1206,N,False
5,reel11__9,reel47__2,1206,N,False
5,reel55__2,179,1206,N,False
5,bot16__3,bot23__4,1206,N,False
5,196,bot15__1,1206,N,False
5,bot6__1,bot15__1,1206,N,False
5,196,reel29__5,1206,N,False
5,47,reel29__5,1206,N,False
5,196,bot53__1,1206,N,False
5,196,bot54__2,1206,N,False
5,reel26__6,294,1206,N,False
5,67,bot3__8,1206,N,False
5,214,bot3__8,1206,N,False
5,214,reel20__0,1206,N,False
5,214,reel30__8,1206,N,False
5,214,bot52__8,1206,N,False
5,214,reel57__4,1206,N,False
5,136,125,1206,N,False
5,136,120,1206,N,False
5,136,reel50__3,1206,N,False
5,bot47__7,reel20__9,1206,N,False
5,170,250,1206,N,False
5,252,250,1206,N,False
5,252,bot8__8,1206,N,False
5,155,bot5__0,1206,N,False
5,155,bot32__8,1206,N,False
5,reel0__6,bot32__8,1206,N,False
5,325,reel5__7,1206,N,False
5,246,reel30__3,1206,N,False
5,325,reel30__3,1206,N,False
5,133,bot20__3,1206,N,False
5,133,reel38__9,1206,N,False
5,reel0__6,bot5__3,1206,N,False
5,233,256,1206,N,False
5,166,reel6__9,1206,N,False
5,166,reel13__5,1206,N,False
5,166,reel32__2,1206,N,False
5,reel55__3,reel32__2,1206,N,False
5,166,reel54__9,1206,N,False
5,67,reel23__7,1206,N,False
5,reel2__2,reel29__1,1206,N,False
5,67,reel29__1,1206,N,False
5,bot36__0,bot46__6,1206,N,False
5,bot23__3,bot46__6,1206,N,False
5,17,reel3__3,1206,N,False
5,bot31__6,bot58__8,1206,N,False
5,134,bot58__8,1206,N,False
5,bot7__4,bot32__3,1206,N,False
5,47,301,1206,N,False
5,47,reel33__1,1206,N,False
5,47,bot55__2,1206,N,False
5,170,reel37__4,1206,N,False
5,reel42__8,reel0__1,1206,N,False
5,104,bot12__1,1206,N,False
5,104,bot22__1,1206,N,False
5,104,reel29__7,1206,N,False
5,104,reel49__5,1206,N,False
5,289,bot5__9,1206,N,False
5,reel2__6,bot22__9,1206,N,False
5,297,bot22__9,1206,N,False
5,7,22,1206,N,False
5,347,22,1206,N,False
5,339,22,1206,N,False
5,176,bot0__8,1206,N,False
5,271,reel8__7,1206,N,False
5,32,reel8__7,1206,N,False
5,bot2__9,bot24__2,1206,N,False
5,bot32__1,bot60__3,1206,N,False
5,bot17__6,bot14__9,1206,N,False
5,reel0__0,273,1206,N,False
5,reel0__0,bot41__7,1206,N,False
5,257,reel28__5,1206,N,False
5,bot38__3,bot42__7,1206,N,False
5,reel45__7,reel38__2,1206,N,False
5,7,340,1206,N,False
5,246,340,1206,N,False
5,339,340,1206,N,False
5,bot43__1,reel14__6,1206,N,False
5,31,reel44__9,1206,N,False
5,274,reel6__5,1206,N,False
5,274,bot17__1,1206,N,False
5,274,bot57__8,1206,N,False
5,reel22__9,bot57__8,1206,N,False
5,reel26__2,reel16__3,1206,N,False
5,reel26__2,reel19__6,1206,N,False
5,reel26__2,bot27__7,1206,N,False
5,reel26__2,bot40__0,1206,N,False
5,148,bot40__0,1206,N,False
5,bot18__5,bot15__0,1206,N,False
5,bot34__4,bot26__4,1206,N,False
5,285,reel25__4,1206,N,False
5,reel58__3,49,1206,N,False
5,bot32__5,reel5__9,1206,N,False
5,reel25__6,reel5__9,1206,N,False
5,reel58__3,reel5__9,1206,N,False
5,307,bot0__4,1206,N,False
5,307,bot16__2,1206,N,False
5,reel11__1,bot16__2,1206,N,False
5,reel8__5,bot23__7,1206,N,False
5,bot6__5,bot32__2,1206,N,False
5,224,bot16__6,1206,N,False
5,224,reel34__3,1206,N,False
5,224,reel39__5,1206,N,False
5,reel36__0,reel59__1,1206,N,False
5,reel2__2,bot8__2,1206,N,False
5,bot6__1,bot8__2,1206,N,False
5,reel2__2,bot27__0,1206,N,False
5,reel2__2,reel29__2,1206,N,False
5,64,bot4__3,1206,N,False
5,217,reel27__0,1206,N,False
5,bot10__0,bot35__3,1206,N,False
5,reel22__9,reel54__5,1206,N,False
5,339,reel1__3,1206,N,False
5,339,bot31__9,1206,N,False
5,81,bot25__5,1206,N,False
5,bot46__0,bot20__0,1206,N,False
5,bot46__0,bot60__2,1206,N,False
5,bot6__1,bot25__3,1206,N,False
5,bot20__7,reel14__4,1206,N,False
5,bot20__7,bot44__7,1206,N,False
5,reel9__8,bot31__4,1206,N,False
5,reel25__6,bot27__2,1206,N,False
5,327,reel11__8,1206,N,False
5,246,reel13__0,1206,N,False
5,161,bot2__8,1206,N,False
5,161,reel22__4,1206,N,False
5,26,bot55__3,1206,N,False
5,311,bot13__6,1206,N,False
5,311,bot29__8,1206,N,False
5,bot32__5,bot18__2,1206,N,False
5,34,reel24__3,1206,N,False
5,reel28__2,reel11__3,1206,N,False
5,bot25__2,90,1207,N,False
5,bot25__2,bot55__7,1207,N,False
5,126,260,1207,N,False
5,170,260,1207,N,False
5,bot17__5,260,1207,N,False
5,339,260,1207,N,False
5,bot17__5,bot45__0,1207,N,False
5,25,76,1207,N,False
5,25,270,1207,N,False
5,25,reel17__5,1207,N,False
5,25,reel27__1,1207,N,False
5,25,reel35__5,1207,N,False
5,78,218,1207,N,False
5,reel7__2,275,1207,N,False
5,78,275,1207,N,False
5,reel3__2,328,1207,N,False
5,78,328,1207,N,False
5,reel39__0,328,1207,N,False
5,bot45__7,306,1207,N,False
5,78,306,1207,N,False
5,78,195,1207,N,False
5,78,reel45__9,1207,N,False
5,78,reel48__2,1207,N,False
5,bot16__9,327,1207,N,False
5,bot13__4,327,1207,N,False
5,reel59__1,reel24__3,1207,N,False
5,reel59__1,reel36__0,1207,N,False
5,reel29__0,reel36__0,1207,N,False
5,bot1__4,bot42__0,1207,N,False
5,reel53__9,reel19__8,1207,N,False
5,reel2__0,reel36__4,1207,N,False
5,reel39__4,reel36__4,1207,N,False
5,reel39__4,reel21__3,1207,N,False
5,288,bot1__7,1207,N,False
5,288,bot24__9,1207,N,False
5,288,reel53__5,1207,N,False
5,221,reel12__9,1207,N,False
5,199,reel12__9,1207,N,False
5,158,reel12__9,1207,N,False
5,199,reel14__6,1207,N,False
5,199,reel31__1,1207,N,False
5,22,reel31__1,1207,N,False
5,144,reel52__6,1207,N,False
5,211,reel52__6,1207,N,False
5,199,reel52__6,1207,N,False
5,280,reel44__0,1207,N,False
5,reel13__0,reel57__1,1207,N,False
5,reel30__0,reel17__4,1207,N,False
5,reel30__0,bot38__9,1207,N,False
5,reel30__0,reel51__8,1207,N,False
5,39,bot8__3,1207,N,False
5,39,bot14__6,1207,N,False
5,39,bot19__2,1207,N,False
5,reel3__2,bot19__2,1207,N,False
5,39,reel48__1,1207,N,False
5,39,reel54__3,1207,N,False
5,121,206,1207,N,False
5,121,bot18__6,1207,N,False
5,38,bot18__6,1207,N,False
5,119,54,1207,N,False
5,329,54,1207,N,False
5,119,125,1207,N,False
5,119,50,1207,N,False
5,148,50,1207,N,False
5,146,50,1207,N,False
5,334,50,1207,N,False
5,109,50,1207,N,False
5,64,189,1207,N,False
5,119,189,1207,N,False
5,64,150,1207,N,False
5,119,150,1207,N,False
5,329,150,1207,N,False
5,reel4__7,150,1207,N,False
5,119,229,1207,N,False
5,148,229,1207,N,False
5,reel9__4,229,1207,N,False
5,334,229,1207,N,False
5,109,229,1207,N,False
5,119,bot17__1,1207,N,False
5,119,reel26__7,1207,N,False
5,reel7__2,reel39__6,1207,N,False
5,119,reel39__6,1207,N,False
5,317,reel39__6,1207,N,False
5,119,reel50__3,1207,N,False
5,170,268,1207,N,False
5,211,268,1207,N,False
5,261,268,1207,N,False
5,118,268,1207,N,False
5,261,reel2__7,1207,N,False
5,reel50__7,reel2__7,1207,N,False
5,103,reel8__2,1207,N,False
5,261,reel8__2,1207,N,False
5,261,bot10__9,1207,N,False
5,261,reel32__6,1207,N,False
5,223,reel19__5,1207,N,False
5,41,17,1207,N,False
5,144,17,1207,N,False
5,115,17,1207,N,False
5,reel35__0,17,1207,N,False
5,173,reel19__0,1207,N,False
5,reel35__0,reel19__0,1207,N,False
5,reel35__0,bot38__5,1207,N,False
5,reel7__2,reel14__4,1207,N,False
5,reel7__2,reel26__5,1207,N,False
5,reel7__2,reel53__7,1207,N,False
5,reel4__9,bot36__3,1207,N,False
5,238,bot31__7,1207,N,False
5,238,bot55__4,1207,N,False
5,29,bot51__0,1207,N,False
5,196,reel3__5,1207,N,False
5,reel18__5,reel3__5,1207,N,False
5,297,reel3__5,1207,N,False
5,reel21__2,bot23__9,1207,N,False
5,reel18__5,bot23__9,1207,N,False
5,reel18__5,reel28__0,1207,N,False
5,341,reel8__0,1207,N,False
5,341,bot21__7,1207,N,False
5,13,bot42__2,1207,N,False
5,341,bot42__2,1207,N,False
5,341,reel47__6,1207,N,False
5,341,reel59__4,1207,N,False
5,304,bot21__6,1207,N,False
5,16,reel18__3,1207,N,False
5,16,reel45__7,1207,N,False
5,bot26__8,321,1207,N,False
5,bot26__8,bot49__7,1207,N,False
5,38,reel12__3,1207,N,False
5,reel49__2,reel34__4,1207,N,False
5,66,reel34__4,1207,N,False
5,reel49__2,reel51__5,1207,N,False
5,bot4__5,bot9__0,1207,N,False
5,118,bot34__7,1207,N,False
5,reel0__2,reel3__3,1207,N,False
5,55,reel3__3,1207,N,False
5,reel17__3,reel3__3,1207,N,False
5,reel2__0,bot3__8,1207,N,False
5,342,reel8__7,1207,N,False
5,342,reel13__3,1207,N,False
5,334,bot57__2,1207,N,False
5,28,140,1207,N,False
5,41,140,1207,N,False
5,reel15__7,140,1207,N,False
5,144,140,1207,N,False
5,115,140,1207,N,False
5,reel17__3,192,1207,N,False
5,115,192,1207,N,False
5,299,bot13__3,1207,N,False
5,bot26__0,bot13__3,1207,N,False
5,307,bot16__2,1207,N,False
5,bot26__0,bot16__2,1207,N,False
5,bot26__0,bot44__0,1207,N,False
5,295,reel8__4,1207,N,False
5,41,310,1207,N,False
5,28,310,1207,N,False
5,28,bot33__3,1207,N,False
5,196,reel9__1,1207,N,False
5,97,reel9__1,1207,N,False
5,126,bot23__5,1207,N,False
5,97,bot23__5,1207,N,False
5,97,reel23__2,1207,N,False
5,254,reel5__8,1207,N,False
5,254,bot31__0,1207,N,False
5,3,reel1__0,1207,N,False
5,3,reel30__7,1207,N,False
5,3,bot37__1,1207,N,False
5,3,reel49__3,1207,N,False
5,3,bot54__9,1207,N,False
5,104,bot54__9,1207,N,False
5,bot7__9,reel5__5,1207,N,False
5,reel0__2,reel5__5,1207,N,False
5,bot11__8,reel5__5,1207,N,False
5,bot7__9,bot8__7,1207,N,False
5,reel10__4,bot27__8,1207,N,False
5,reel10__4,reel37__0,1207,N,False
5,reel10__4,reel38__4,1207,N,False
5,248,311,1207,N,False
5,265,311,1207,N,False
5,265,reel1__2,1207,N,False
5,reel50__7,reel28__8,1207,N,False
5,265,reel28__8,1207,N,False
5,22,reel28__8,1207,N,False
5,reel15__7,reel16__2,1207,N,False
5,reel13__2,reel16__2,1207,N,False
5,reel13__2,reel30__2,1207,N,False
5,109,reel11__9,1207,N,False
5,reel13__5,reel10__5,1207,N,False
5,13,reel6__0,1207,N,False
5,13,reel34__7,1207,N,False
5,343,reel10__8,1207,N,False
5,343,bot13__9,1207,N,False
5,343,reel27__4,1207,N,False
5,24,reel27__4,1207,N,False
5,343,reel40__2,1207,N,False
5,276,bot5__1,1207,N,False
5,45,bot5__1,1207,N,False
5,276,bot25__6,1207,N,False
5,276,reel27__2,1207,N,False
5,bot22__2,bot6__5,1207,N,False
5,284,159,1207,N,False
5,21,159,1207,N,False
5,284,127,1207,N,False
5,21,127,1207,N,False
5,284,36,1207,N,False
5,21,197,1207,N,False
5,284,197,1207,N,False
5,329,197,1207,N,False
5,284,135,1207,N,False
5,284,reel8__6,1207,N,False
5,284,bot11__6,1207,N,False
5,bot40__7,120,1207,N,False
5,248,bot39__4,1207,N,False
5,reel9__4,145,1207,N,False
5,41,337,1207,N,False
5,bot9__3,337,1207,N,False
5,41,reel4__4,1207,N,False
5,170,reel4__4,1207,N,False
5,41,reel30__4,1207,N,False
5,66,bot1__1,1207,N,False
5,66,reel21__5,1207,N,False
5,45,bot2__9,1207,N,False
5,307,bot2__9,1207,N,False
5,45,bot15__9,1207,N,False
5,22,bot15__9,1207,N,False
5,45,reel20__4,1207,N,False
5,reel37__9,reel20__4,1207,N,False
5,333,reel18__4,1207,N,False
5,9,reel18__4,1207,N,False
5,bot25__9,bot36__0,1207,N,False
5,221,reel11__5,1207,N,False
5,bot50__4,bot35__8,1207,N,False
5,173,reel3__8,1207,N,False
5,173,bot10__2,1207,N,False
5,173,reel42__2,1207,N,False
5,98,reel42__2,1207,N,False
5,333,bot46__7,1207,N,False
5,290,bot44__5,1207,N,False
5,290,reel57__8,1207,N,False
5,170,250,1207,N,False
5,170,reel55__6,1207,N,False
5,299,reel11__3,1207,N,False
5,299,reel56__7,1207,N,False
5,104,reel0__5,1207,N,False
5,bot42__1,bot22__1,1207,N,False
5,104,bot22__1,1207,N,False
5,104,reel29__7,1207,N,False
5,297,bot22__9,1207,N,False
5,126,bot1__2,1207,N,False
5,126,bot55__5,1207,N,False
5,reel20__5,bot26__4,1207,N,False
5,reel20__5,reel26__4,1207,N,False
5,reel25__4,reel5__1,1207,N,False
5,31,reel0__3,1207,N,False
5,31,reel11__2,1207,N,False
5,144,reel15__5,1207,N,False
5,31,reel15__5,1207,N,False
5,31,reel35__6,1207,N,False
5,31,reel44__9,1207,N,False
5,31,bot53__3,1207,N,False
5,reel33__6,reel7__7,1207,N,False
5,reel33__6,reel39__1,1207,N,False
5,reel4__2,bot14__7,1207,N,False
5,reel17__3,bot40__1,1207,N,False
5,reel17__3,reel48__9,1207,N,False
5,bot14__4,bot40__0,1207,N,False
5,148,bot40__0,1207,N,False
5,307,bot6__7,1207,N,False
5,307,reel19__3,1207,N,False
5,bot9__3,bot11__1,1207,N,False
5,123,reel15__1,1207,N,False
5,reel29__0,233,1207,N,False
5,235,reel10__3,1207,N,False
5,329,bot12__6,1207,N,False
5,329,reel39__9,1207,N,False
5,reel39__0,reel46__5,1207,N,False
5,reel42__4,282,1207,N,False
5,reel4__7,reel18__2,1207,N,False
5,reel4__7,reel59__3,1207,N,False
5,339,bot35__9,1207,N,False
5,339,reel57__5,1207,N,False
5,21,bot5__3,1207,N,False
5,21,bot16__1,1207,N,False
5,22,bot59__3,1207,N,False
5,207,bot11__4,1207,N,False
5,317,bot21__2,1207,N,False
5,317,bot37__3,1207,N,False
5,reel58__5,32,1207,N,False
5,bot25__5,81,1207,N,False
5,reel37__9,bot52__6,1207,N,False
5,211,reel43__0,1207,N,False
5,211,reel54__9,1207,N,False
5,reel15__7,bot17__4,1207,N,False
5,103,bot7__2,1207,N,False
5,103,reel26__9,1207,N,False
5,103,reel33__7,1207,N,False
5,bot2__7,bot4__6,1207,N,False
5,bot2__7,bot13__8,1207,N,False
5,bot2__7,bot59__1,1207,N,False
5,98,bot33__7,1207,N,False
5,bot58__8,167,1207,N,False
5,306,reel29__9,1208,N,False
5,reel38__3,reel29__9,1208,N,False
5,306,reel52__9,1208,N,False
5,50,reel52__9,1208,N,False
5,bot27__2,reel25__6,1208,N,False
5,reel5__9,reel25__6,1208,N,False
5,bot36__2,reel25__6,1208,N,False
5,343,bot2__6,1208,N,False
5,293,bot2__6,1208,N,False
5,293,bot16__7,1208,N,False
5,293,bot19__9,1208,N,False
5,293,reel22__6,1208,N,False
5,293,reel36__6,1208,N,False
5,83,23,1208,N,False
5,99,23,1208,N,False
5,227,23,1208,N,False
5,51,23,1208,N,False
5,bot32__4,reel6__3,1208,N,False
5,bot28__3,reel6__3,1208,N,False
5,reel15__2,reel6__3,1208,N,False
5,51,reel6__3,1208,N,False
5,51,bot10__7,1208,N,False
5,51,reel53__0,1208,N,False
5,319,327,1208,N,False
5,bot16__9,327,1208,N,False
5,reel11__8,327,1208,N,False
5,89,327,1208,N,False
5,bot13__4,327,1208,N,False
5,340,bot4__5,1208,N,False
5,340,bot21__3,1208,N,False
5,89,bot21__3,1208,N,False
5,164,bot21__3,1208,N,False
5,bot23__9,reel21__2,1208,N,False
5,340,reel21__2,1208,N,False
5,reel20__4,reel37__9,1208,N,False
5,340,reel37__9,1208,N,False
5,59,250,1208,N,False
5,59,reel4__1,1208,N,False
5,bot2__9,bot24__2,1208,N,False
5,59,bot24__2,1208,N,False
5,59,reel33__0,1208,N,False
5,229,190,1208,N,False
5,96,190,1208,N,False
5,96,reel25__5,1208,N,False
5,reel5__3,bot26__7,1208,N,False
5,reel20__4,216,1208,N,False
5,reel8__8,216,1208,N,False
5,243,216,1208,N,False
5,63,bot15__3,1208,N,False
5,314,bot15__3,1208,N,False
5,reel4__0,reel15__7,1208,N,False
5,314,reel15__7,1208,N,False
5,314,reel51__6,1208,N,False
5,reel5__9,reel6__7,1208,N,False
5,bot13__4,reel6__7,1208,N,False
5,bot1__4,bot42__0,1208,N,False
5,reel52__5,110,1208,N,False
5,reel51__3,110,1208,N,False
5,reel40__8,reel19__8,1208,N,False
5,reel53__9,reel19__8,1208,N,False
5,338,reel19__8,1208,N,False
5,288,bot1__7,1208,N,False
5,288,bot24__9,1208,N,False
5,288,reel53__5,1208,N,False
5,reel2__8,reel0__1,1208,N,False
5,reel42__8,reel0__1,1208,N,False
5,reel27__1,reel0__1,1208,N,False
5,bot2__0,reel0__1,1208,N,False
5,302,reel0__1,1208,N,False
5,reel2__8,bot14__2,1208,N,False
5,reel12__1,bot24__3,1208,N,False
5,reel2__8,bot24__3,1208,N,False
5,reel2__8,reel32__8,1208,N,False
5,reel28__7,255,1208,N,False
5,199,reel31__1,1208,N,False
5,22,reel31__1,1208,N,False
5,reel4__0,reel28__1,1208,N,False
5,bot38__9,reel28__1,1208,N,False
5,99,263,1208,N,False
5,227,263,1208,N,False
5,102,263,1208,N,False
5,bot38__9,263,1208,N,False
5,115,192,1208,N,False
5,reel5__6,192,1208,N,False
5,reel5__6,reel57__2,1208,N,False
5,77,reel10__8,1208,N,False
5,343,reel10__8,1208,N,False
5,77,reel47__7,1208,N,False
5,77,bot57__4,1208,N,False
5,bot36__2,bot57__4,1208,N,False
5,227,68,1208,N,False
5,99,68,1208,N,False
5,bot13__5,68,1208,N,False
5,177,68,1208,N,False
5,225,68,1208,N,False
5,268,bot1__1,1208,N,False
5,268,reel27__7,1208,N,False
5,reel25__3,reel27__7,1208,N,False
5,reel36__9,reel28__0,1208,N,False
5,268,reel28__0,1208,N,False
5,reel26__5,bot56__0,1208,N,False
5,reel24__4,reel5__7,1208,N,False
5,343,144,1208,N,False
5,115,144,1208,N,False
5,326,144,1208,N,False
5,115,140,1208,N,False
5,326,140,1208,N,False
5,115,28,1208,N,False
5,326,28,1208,N,False
5,343,111,1208,N,False
5,reel10__1,111,1208,N,False
5,reel6__2,111,1208,N,False
5,326,111,1208,N,False
5,bot8__5,bot10__2,1208,N,False
5,326,bot10__2,1208,N,False
5,326,bot14__1,1208,N,False
5,326,reel23__5,1208,N,False
5,reel18__4,reel41__3,1208,N,False
5,258,reel41__3,1208,N,False
5,32,reel41__3,1208,N,False
5,258,reel51__4,1208,N,False
5,reel17__5,bot19__0,1208,N,False
5,336,bot19__0,1208,N,False
5,reel36__3,reel45__9,1208,N,False
5,bot2__0,bot45__6,1208,N,False
5,bot2__0,bot48__8,1208,N,False
5,bot33__1,bot48__8,1208,N,False
5,336,bot10__5,1208,N,False
5,reel2__3,reel27__3,1208,N,False
5,238,reel11__4,1208,N,False
5,100,bot31__7,1208,N,False
5,238,bot31__7,1208,N,False
5,238,bot55__4,1208,N,False
5,29,reel17__0,1208,N,False
5,29,bot51__0,1208,N,False
5,bot16__3,bot53__9,1208,N,False
5,bot17__1,bot53__9,1208,N,False
5,333,bot47__2,1208,N,False
5,bot14__8,bot47__2,1208,N,False
5,63,bot7__2,1208,N,False
5,227,143,1208,N,False
5,reel40__8,143,1208,N,False
5,99,143,1208,N,False
5,321,143,1208,N,False
5,177,143,1208,N,False
5,225,143,1208,N,False
5,278,143,1208,N,False
5,133,bot6__1,1208,N,False
5,100,bot6__1,1208,N,False
5,50,reel4__8,1208,N,False
5,reel17__4,reel4__8,1208,N,False
5,reel30__7,reel4__8,1208,N,False
5,reel15__3,reel4__8,1208,N,False
5,bot20__8,reel4__8,1208,N,False
5,bot7__0,bot8__8,1208,N,False
5,reel3__1,reel44__8,1208,N,False
5,reel22__2,reel34__5,1208,N,False
5,reel22__2,reel43__5,1208,N,False
5,bot20__7,reel18__7,1208,N,False
5,reel6__2,reel18__7,1208,N,False
5,reel6__2,bot19__1,1208,N,False
5,reel6__2,bot49__1,1208,N,False
5,38,reel12__3,1208,N,False
5,181,bot0__1,1208,N,False
5,181,bot4__0,1208,N,False
5,229,bot4__0,1208,N,False
5,181,bot46__7,1208,N,False
5,333,bot46__7,1208,N,False
5,reel39__6,317,1208,N,False
5,146,317,1208,N,False
5,300,bot15__5,1208,N,False
5,1,bot1__3,1208,N,False
5,1,bot52__7,1208,N,False
5,64,bot21__0,1208,N,False
5,220,bot21__0,1208,N,False
5,220,reel56__9,1208,N,False
5,reel15__2,bot44__8,1208,N,False
5,219,reel12__5,1208,N,False
5,reel20__1,reel12__5,1208,N,False
5,4,reel12__5,1208,N,False
5,reel20__1,bot57__1,1208,N,False
5,278,bot10__0,1208,N,False
5,278,bot34__2,1208,N,False
5,reel39__8,reel51__0,1208,N,False
5,reel51__3,259,1208,N,False
5,79,bot6__9,1208,N,False
5,233,bot6__9,1208,N,False
5,79,reel41__0,1208,N,False
5,254,reel5__8,1208,N,False
5,254,reel21__7,1208,N,False
5,254,bot31__0,1208,N,False
5,254,bot60__5,1208,N,False
5,reel27__1,reel32__5,1208,N,False
5,273,bot60__2,1208,N,False
5,bot46__0,bot60__2,1208,N,False
5,265,reel1__2,1208,N,False
5,reel5__2,bot18__5,1208,N,False
5,265,bot18__5,1208,N,False
5,reel50__7,reel28__8,1208,N,False
5,265,reel28__8,1208,N,False
5,22,reel28__8,1208,N,False
5,206,reel41__2,1208,N,False
5,265,reel41__2,1208,N,False
5,305,reel23__2,1208,N,False
5,305,reel55__5,1208,N,False
5,145,reel55__5,1208,N,False
5,reel29__3,bot33__6,1208,N,False
5,reel0__6,bot33__6,1208,N,False
5,reel23__3,reel37__6,1208,N,False
5,reel23__3,reel40__9,1208,N,False
5,343,bot37__2,1208,N,False
5,reel21__6,reel24__3,1208,N,False
5,207,reel40__1,1208,N,False
5,reel21__6,reel40__1,1208,N,False
5,reel37__5,bot59__5,1208,N,False
5,reel8__2,bot20__0,1208,N,False
5,bot46__0,bot20__0,1208,N,False
5,reel15__3,reel12__0,1208,N,False
5,reel13__1,reel16__2,1208,N,False
5,89,bot13__2,1208,N,False
5,89,reel15__8,1208,N,False
5,bot12__9,bot0__4,1208,N,False
5,bot12__9,bot26__9,1208,N,False
5,177,bot5__8,1208,N,False
5,177,reel31__7,1208,N,False
5,177,reel53__7,1208,N,False
5,bot0__2,bot18__8,1208,N,False
5,249,bot3__6,1208,N,False
5,249,reel52__2,1208,N,False
5,reel5__9,bot23__2,1208,N,False
5,reel5__9,bot32__5,1208,N,False
5,reel14__2,bot34__7,1208,N,False
5,bot19__7,bot50__8,1208,N,False
5,bot48__3,reel28__4,1208,N,False
5,reel1__4,reel28__4,1208,N,False
5,bot48__3,bot52__3,1208,N,False
5,reel9__4,reel12__7,1208,N,False
5,reel9__4,bot32__2,1208,N,False
5,reel9__4,reel42__7,1208,N,False
5,196,bot15__1,1208,N,False
5,196,bot32__7,1208,N,False
5,196,bot53__1,1208,N,False
5,196,bot54__2,1208,N,False
5,reel6__0,bot44__2,1208,N,False
5,bot25__9,bot44__2,1208,N,False
5,7,reel1__8,1208,N,False
5,50,reel1__8,1208,N,False
5,bot51__5,reel17__6,1208,N,False
5,50,reel17__6,1208,N,False
5,221,reel11__5,1208,N,False
5,reel6__0,reel22__3,1208,N,False
5,reel21__8,reel22__0,1208,N,False
5,reel24__7,reel22__0,1208,N,False
5,133,reel3__2,1208,N,False
5,reel16__4,reel4__3,1208,N,False
5,133,reel4__3,1208,N,False
5,133,bot20__3,1208,N,False
5,reel50__2,reel53__8,1208,N,False
5,338,reel53__8,1208,N,False
5,338,bot55__3,1208,N,False
5,reel7__4,reel14__9,1208,N,False
5,reel7__4,bot28__6,1208,N,False
5,reel35__5,bot53__3,1208,N,False
5,reel45__1,bot54__4,1208,N,False
5,233,reel29__0,1208,N,False
5,227,reel29__0,1208,N,False
5,reel50__2,reel37__8,1208,N,False
5,227,reel37__8,1208,N,False
5,290,bot44__5,1208,N,False
5,bot45__0,bot17__5,1208,N,False
5,bot31__1,reel12__4,1208,N,False
5,bot46__6,reel12__4,1208,N,False
5,reel38__3,reel12__4,1208,N,False
5,bot20__8,166,1208,N,False
5,bot31__4,bot53__8,1208,N,False
5,bot7__4,bot32__3,1208,N,False
5,275,bot32__3,1208,N,False
5,bot13__7,bot19__4,1208,N,False
5,bot13__7,bot23__8,1208,N,False
5,reel5__2,bot25__4,1208,N,False
5,reel5__2,reel46__8,1208,N,False
5,reel49__0,reel27__2,1208,N,False
5,reel42__8,reel58__0,1208,N,False
5,bot12__1,bot9__1,1208,N,False
5,reel15__9,reel33__7,1208,N,False
5,bot2__9,307,1208,N,False
5,126,bot1__2,1208,N,False
5,126,bot23__5,1208,N,False
5,126,bot37__9,1208,N,False
5,bot17__6,bot11__0,1208,N,False
5,bot17__6,bot39__7,1208,N,False
5,reel24__7,bot39__7,1208,N,False
5,10,bot39__7,1208,N,False
5,reel0__0,bot41__7,1208,N,False
5,32,167,1208,N,False
5,243,167,1208,N,False
5,243,bot1__8,1208,N,False
5,7,bot51__4,1208,N,False
5,275,reel51__1,1208,N,False
5,275,reel57__4,1208,N,False
5,219,bot6__7,1208,N,False
5,219,bot8__0,1208,N,False
5,219,reel53__6,1208,N,False
5,reel26__2,reel19__6,1208,N,False
5,reel26__2,bot40__0,1208,N,False
5,bot14__4,bot40__0,1208,N,False
5,bot30__4,253,1208,N,False
5,reel30__5,reel46__1,1208,N,False
5,reel58__3,49,1208,N,False
5,bot9__3,bot11__1,1208,N,False
5,reel36__2,bot56__1,1208,N,False
5,10,bot7__5,1208,N,False
5,10,bot26__1,1208,N,False
5,10,bot27__5,1208,N,False
5,bot41__1,153,1208,N,False
5,reel9__6,reel25__0,1208,N,False
5,reel9__6,bot33__3,1208,N,False
5,reel9__6,bot55__1,1208,N,False
5,reel9__6,bot57__6,1208,N,False
5,reel55__1,reel48__8,1208,N,False
5,reel3__4,bot4__7,1208,N,False
5,reel3__4,reel31__2,1208,N,False
5,69,bot11__9,1208,N,False
5,69,bot59__7,1208,N,False
5,298,reel43__9,1208,N,False
5,298,reel50__0,1208,N,False
5,294,reel26__6,1208,N,False
5,294,bot47__6,1208,N,False
5,120,bot6__2,1208,N,False
5,reel46__5,reel47__4,1208,N,False
5,reel46__5,bot52__2,1208,N,False
5,reel39__0,reel59__5,1208,N,False
5,64,bot4__3,1208,N,False
5,bot44__6,bot24__0,1208,N,False
5,217,reel3__0,1208,N,False
5,217,bot12__4,1208,N,False
5,217,reel27__0,1208,N,False
5,339,bot31__9,1208,N,False
5,339,bot35__9,1208,N,False
5,339,reel57__5,1208,N,False
5,bot51__5,bot59__0,1208,N,False
5,bot20__4,bot11__3,1208,N,False
5,321,bot26__8,1208,N,False
5,bot20__7,bot44__7,1208,N,False
5,reel25__3,bot34__3,1208,N,False
5,reel25__3,reel34__2,1208,N,False
5,211,bot34__5,1208,N,False
5,211,reel54__9,1208,N,False
5,32,93,1208,N,False
5,90,bot25__2,1208,N,False
5,90,reel26__1,1208,N,False
5,reel1__4,bot9__2,1208,N,False
5,bot2__7,bot13__8,1208,N,False
5,bot2__7,bot44__9,1208,N,False
5,bot39__5,bot51__4,1209,N,False
5,bot23__9,reel21__2,1209,N,False
5,bot23__9,bot37__4,1209,N,False
5,bot38__3,bot42__7,1209,N,False
5,reel41__7,bot42__7,1209,N,False
5,reel20__2,reel43__2,1209,N,False
5,reel41__7,reel43__2,1209,N,False
5,reel41__7,bot44__1,1209,N,False
5,reel39__4,bot47__8,1209,N,False
5,reel20__2,bot58__3,1209,N,False
5,reel12__0,bot58__3,1209,N,False
5,reel39__1,bot58__3,1209,N,False
5,reel14__9,reel0__4,1209,N,False
5,reel20__2,reel0__4,1209,N,False
5,reel26__9,reel0__4,1209,N,False
5,bot7__0,reel5__3,1209,N,False
5,bot4__5,bot9__0,1209,N,False
5,bot9__4,bot39__6,1209,N,False
5,bot43__9,bot39__6,1209,N,False
5,bot52__7,reel46__8,1209,N,False
5,reel22__9,reel46__8,1209,N,False
5,bot16__8,bot21__5,1209,N,False
5,reel37__1,bot57__1,1209,N,False
5,reel44__3,reel3__0,1209,N,False
5,reel32__3,reel3__0,1209,N,False
5,reel9__0,reel3__0,1209,N,False
5,reel53__1,bot60__1,1209,N,False
5,reel51__0,reel39__8,1209,N,False
5,reel20__2,reel39__8,1209,N,False
5,bot54__4,reel45__1,1209,N,False
5,bot46__6,reel12__4,1209,N,False
5,bot31__4,bot28__7,1209,N,False
5,bot13__7,bot19__4,1209,N,False
5,reel55__1,bot60__4,1209,N,False
5,bot13__7,bot60__4,1209,N,False
5,reel28__1,reel31__6,1209,N,False
5,bot48__5,reel37__4,1209,N,False
5,reel27__2,reel54__0,1209,N,False
5,bot58__2,bot42__8,1209,N,False
5,bot56__6,bot34__3,1209,N,False
5,reel25__3,bot34__3,1209,N,False
5,reel25__1,bot27__4,1209,N,False
5,reel20__3,reel38__4,1209,N,False
5,reel9__0,bot56__4,1209,N,False
5,reel22__9,reel54__5,1209,N,False
5,bot20__7,bot44__7,1209,N,False
5,reel42__0,reel45__5,1210,N,True
5,reel42__0,bot46__4,1210,N,True
5,reel26__8,bot46__4,1210,N,True
5,bot60__2,bot46__0,1210,N,True
5,bot11__8,bot46__0,1210,N,True
5,bot33__5,bot44__2,1210,N,True
5,bot25__9,bot44__2,1210,N,True
5,bot43__7,bot52__0,1210,N,True
5,bot49__9,bot52__0,1210,N,True
5,bot45__4,bot52__4,1210,N,True
5,reel56__2,reel53__8,1210,N,True
5,reel17__9,bot43__3,1211,N,True
5,bot38__8,bot43__3,1211,N,True
5,bot12__8,bot57__2,1211,N,True
5,bot34__9,bot57__2,1211,N,True
5,reel19__6,reel56__6,1211,N,True
5,reel6__1,bot41__9,1211,N,True
5,reel58__4,bot59__4,1211,N,True
5,reel41__2,bot59__4,1211,N,True
5,reel43__5,reel28__9,1211,N,True
5,reel16__4,reel57__0,1211,N,True
5,bot54__4,reel45__1,1211,N,True
5,reel41__5,bot42__4,1211,N,True
5,bot39__3,bot42__4,1211,N,True
5,bot20__8,bot36__9,1211,N,True
5,bot36__2,bot13__6,1211,N,True
5,reel26__2,reel38__8,1211,N,True
5,bot10__1,bot60__6,1211,N,True
5,bot43__4,bot60__6,1211,N,True
5,reel42__7,reel51__7,1211,N,True
5,reel33__2,reel35__8,1211,N,True
5,reel26__1,bot54__2,1211,N,True
5,reel25__2,reel0__8,1212,N,True
5,135,reel0__8,1212,N,True
5,reel19__7,reel0__8,1212,N,True
5,108,reel0__8,1212,N,True
5,reel2__0,reel0__8,1212,N,True
5,336,reel0__8,1212,N,True
5,bot7__4,reel0__8,1212,N,True
5,reel33__7,bot43__2,1212,N,True
5,135,bot43__2,1212,N,True
5,reel24__9,reel47__9,1212,N,True
5,reel22__8,reel47__9,1212,N,True
5,23,99,1212,N,True
5,reel2__8,99,1212,N,True
5,reel13__5,99,1212,N,True
5,reel14__3,99,1212,N,True
5,278,99,1212,N,True
5,bot42__5,bot26__3,1212,N,True
5,115,bot26__3,1212,N,True
5,reel2__8,bot26__3,1212,N,True
5,reel0__3,reel19__4,1212,N,True
5,bot23__2,reel19__4,1212,N,True
5,reel31__9,reel20__0,1212,N,True
5,bot23__2,reel20__0,1212,N,True
5,reel59__7,reel20__0,1212,N,True
5,214,reel20__0,1212,N,True
5,173,reel3__8,1212,N,True
5,309,reel3__8,1212,N,True
5,reel25__2,reel3__8,1212,N,True
5,309,bot4__1,1212,N,True
5,301,bot4__1,1212,N,True
5,162,bot4__2,1212,N,True
5,247,bot4__2,1212,N,True
5,309,bot4__2,1212,N,True
5,bot27__7,bot4__2,1212,N,True
5,309,bot12__6,1212,N,True
5,reel11__9,bot12__6,1212,N,True
5,bot34__0,bot19__5,1212,N,True
5,309,bot19__5,1212,N,True
5,245,bot19__5,1212,N,True
5,reel17__2,bot46__9,1212,N,True
5,bot29__5,bot46__9,1212,N,True
5,bot2__1,bot22__4,1212,N,True
5,bot19__0,bot22__4,1212,N,True
5,bot28__1,bot22__4,1212,N,True
5,reel5__0,bot35__3,1212,N,True
5,116,bot35__3,1212,N,True
5,reel7__2,bot19__8,1212,N,True
5,bot33__1,bot9__4,1212,N,True
5,reel0__0,bot9__4,1212,N,True
5,bot1__6,bot17__8,1212,N,True
5,bot1__1,bot17__8,1212,N,True
5,bot16__3,bot53__9,1212,N,True
5,bot17__1,bot53__9,1212,N,True
5,reel25__9,bot53__9,1212,N,True
5,27,bot31__3,1212,N,True
5,89,bot31__3,1212,N,True
5,27,reel38__3,1212,N,True
5,reel23__2,305,1212,N,True
5,reel55__5,305,1212,N,True
5,312,305,1212,N,True
5,reel56__5,reel0__4,1212,N,True
5,reel26__9,reel0__4,1212,N,True
5,171,reel0__4,1212,N,True
5,reel14__9,reel0__4,1212,N,True
5,151,reel0__4,1212,N,True
5,336,reel0__4,1212,N,True
5,reel20__2,reel0__4,1212,N,True
5,bot7__5,bot43__4,1212,N,True
5,151,bot43__4,1212,N,True
5,bot10__5,bot43__4,1212,N,True
5,reel26__9,138,1212,N,True
5,reel51__6,138,1212,N,True
5,19,138,1212,N,True
5,bot34__5,bot55__8,1212,N,True
5,237,bot55__8,1212,N,True
5,bot56__7,bot55__8,1212,N,True
5,255,49,1212,N,True
5,241,49,1212,N,True
5,bot15__0,49,1212,N,True
5,reel58__3,49,1212,N,True
5,reel14__5,reel33__8,1212,N,True
5,reel18__7,reel33__8,1212,N,True
5,219,reel33__8,1212,N,True
5,bot7__9,182,1212,N,True
5,97,182,1212,N,True
5,reel3__4,reel16__9,1212,N,True
5,reel20__8,reel16__9,1212,N,True
5,bot39__8,bot58__2,1212,N,True
5,bot15__7,bot58__2,1212,N,True
5,bot6__7,bot47__3,1212,N,True
5,140,bot47__3,1212,N,True
5,bot22__1,bot38__5,1212,N,True
5,reel35__2,bot38__5,1212,N,True
5,bot7__6,bot12__5,1212,N,True
5,bot27__5,bot12__5,1212,N,True
5,bot27__5,bot55__1,1212,N,True
5,reel55__7,70,1212,N,True
5,bot3__1,70,1212,N,True
5,312,44,1212,N,True
5,20,44,1212,N,True
5,343,44,1212,N,True
5,reel15__6,44,1212,N,True
5,312,bot10__0,1212,N,True
5,278,bot10__0,1212,N,True
5,bot49__2,bot10__4,1212,N,True
5,reel0__3,bot10__4,1212,N,True
5,bot50__5,bot10__4,1212,N,True
5,bot7__9,bot10__4,1212,N,True
5,312,bot10__4,1212,N,True
5,312,bot10__8,1212,N,True
5,312,reel35__9,1212,N,True
5,reel49__2,reel35__9,1212,N,True
5,36,reel35__9,1212,N,True
5,312,reel37__2,1212,N,True
5,reel20__6,reel37__2,1212,N,True
5,reel3__7,reel37__2,1212,N,True
5,reel18__1,reel58__0,1212,N,True
5,108,bot10__6,1212,N,True
5,reel0__3,bot10__6,1212,N,True
5,reel13__5,bot22__3,1212,N,True
5,reel0__3,bot22__3,1212,N,True
5,reel0__3,bot53__0,1212,N,True
5,bot45__6,bot53__0,1212,N,True
5,reel22__7,reel44__8,1212,N,True
5,reel37__3,reel44__8,1212,N,True
5,reel22__7,reel45__4,1212,N,True
5,reel21__2,reel45__4,1212,N,True
5,reel22__7,reel46__9,1212,N,True
5,reel39__7,reel46__9,1212,N,True
5,reel38__8,reel26__2,1212,N,True
5,reel44__1,reel26__2,1212,N,True
5,bot27__7,reel26__2,1212,N,True
5,reel16__3,reel26__2,1212,N,True
5,reel37__4,reel15__8,1212,N,True
5,202,reel15__8,1212,N,True
5,reel16__5,reel15__8,1212,N,True
5,89,reel15__8,1212,N,True
5,reel5__7,reel15__8,1212,N,True
5,164,bot21__3,1212,N,True
5,340,bot21__3,1212,N,True
5,89,bot21__3,1212,N,True
5,reel38__8,reel55__0,1212,N,True
5,reel50__0,reel55__0,1212,N,True
5,reel11__5,reel53__2,1212,N,True
5,162,reel53__2,1212,N,True
5,reel33__7,reel36__8,1212,N,True
5,193,reel36__8,1212,N,True
5,reel25__2,reel36__8,1212,N,True
5,226,bot26__8,1212,N,True
5,bot38__0,bot26__8,1212,N,True
5,bot49__7,bot26__8,1212,N,True
5,bot35__6,bot51__5,1212,N,True
5,bot5__3,bot51__5,1212,N,True
5,reel32__7,reel53__3,1212,N,True
5,167,bot29__4,1212,N,True
5,reel13__4,bot29__4,1212,N,True
5,reel13__4,bot30__4,1212,N,True
5,reel47__2,reel43__6,1212,N,True
5,reel15__6,reel43__6,1212,N,True
5,reel13__4,reel43__6,1212,N,True
5,bot55__5,179,1212,N,True
5,reel11__8,179,1212,N,True
5,reel7__4,179,1212,N,True
5,reel10__4,reel37__0,1212,N,True
5,reel7__4,reel37__0,1212,N,True
5,reel7__4,reel46__3,1212,N,True
5,20,333,1212,N,True
5,149,333,1212,N,True
5,343,333,1212,N,True
5,226,333,1212,N,True
5,reel18__4,333,1212,N,True
5,162,333,1212,N,True
5,214,333,1212,N,True
5,bot46__7,333,1212,N,True
5,20,bot15__4,1212,N,True
5,reel1__6,bot15__4,1212,N,True
5,reel48__1,reel56__2,1212,N,True
5,reel48__1,reel58__4,1212,N,True
5,bot59__4,reel58__4,1212,N,True
5,167,reel58__4,1212,N,True
5,reel8__7,reel10__8,1212,N,True
5,343,reel10__8,1212,N,True
5,reel31__2,reel10__8,1212,N,True
5,77,reel10__8,1212,N,True
5,reel35__2,reel10__8,1212,N,True
5,reel15__4,reel10__8,1212,N,True
5,reel8__7,bot11__9,1212,N,True
5,bot17__0,bot11__9,1212,N,True
5,reel8__7,bot22__0,1212,N,True
5,reel6__1,bot22__0,1212,N,True
5,reel42__3,bot60__6,1212,N,True
5,reel18__3,90,1212,N,True
5,bot25__2,90,1212,N,True
5,reel26__1,90,1212,N,True
5,343,reel27__4,1212,N,True
5,51,reel27__4,1212,N,True
5,24,reel27__4,1212,N,True
5,reel43__1,reel27__4,1212,N,True
5,243,bot18__0,1212,N,True
5,reel56__0,reel51__0,1212,N,True
5,reel39__8,reel51__0,1212,N,True
5,bot12__4,bot40__6,1212,N,True
5,bot55__6,bot40__6,1212,N,True
5,bot37__8,bot40__6,1212,N,True
5,110,bot40__6,1212,N,True
5,bot3__9,253,1212,N,True
5,reel44__0,253,1212,N,True
5,reel41__7,192,1212,N,True
5,reel33__0,192,1212,N,True
5,reel5__6,192,1212,N,True
5,reel17__3,192,1212,N,True
5,115,192,1212,N,True
5,reel4__0,reel3__3,1212,N,True
5,17,reel3__3,1212,N,True
5,reel17__3,reel3__3,1212,N,True
5,reel1__1,reel19__6,1212,N,True
5,reel17__3,reel19__6,1212,N,True
5,reel1__6,reel19__6,1212,N,True
5,reel35__3,bot41__8,1212,N,True
5,bot53__4,bot41__8,1212,N,True
5,bot53__4,52,1212,N,True
5,reel38__5,52,1212,N,True
5,reel11__9,52,1212,N,True
5,bot6__6,bot38__1,1212,N,True
5,bot25__1,bot16__4,1212,N,True
5,bot8__3,bot16__4,1212,N,True
5,reel35__1,reel22__1,1212,N,True
5,bot25__1,reel22__1,1212,N,True
5,reel6__4,reel22__1,1212,N,True
5,139,bot51__6,1212,N,True
5,139,bot60__4,1212,N,True
5,reel55__1,bot60__4,1212,N,True
5,reel46__5,bot52__2,1212,N,True
5,bot29__5,bot52__2,1212,N,True
5,reel1__1,bot10__1,1212,N,True
5,320,bot10__1,1212,N,True
5,320,reel35__8,1212,N,True
5,bot8__0,131,1212,N,True
5,reel16__8,131,1212,N,True
5,reel57__8,131,1212,N,True
5,278,131,1212,N,True
5,171,reel39__9,1212,N,True
5,bot11__0,bot17__6,1212,N,True
5,bot39__7,bot17__6,1212,N,True
5,150,bot17__6,1212,N,True
5,bot21__5,bot54__3,1212,N,True
5,reel3__7,bot54__3,1212,N,True
5,23,227,1212,N,True
5,bot11__4,227,1212,N,True
5,reel50__8,227,1212,N,True
5,reel29__0,227,1212,N,True
5,19,227,1212,N,True
5,278,227,1212,N,True
5,reel23__8,reel25__0,1212,N,True
5,reel1__7,reel25__0,1212,N,True
5,bot28__5,reel25__0,1212,N,True
5,reel34__4,reel25__0,1212,N,True
5,bot41__6,reel23__1,1212,N,True
5,reel42__7,reel23__1,1212,N,True
5,reel15__0,reel23__1,1212,N,True
5,340,bot4__5,1212,N,True
5,reel3__6,bot4__5,1212,N,True
5,reel6__2,bot16__1,1212,N,True
5,bot33__2,bot16__1,1212,N,True
5,reel26__1,bot43__7,1212,N,True
5,bot33__2,bot43__7,1212,N,True
5,reel3__7,bot30__5,1212,N,True
5,bot13__5,bot33__8,1212,N,True
5,bot23__9,bot33__8,1212,N,True
5,reel8__6,bot33__8,1212,N,True
5,reel14__2,bot34__7,1212,N,True
5,267,bot34__7,1212,N,True
5,reel28__2,reel11__3,1212,N,True
5,164,reel11__3,1212,N,True
5,bot56__4,reel34__9,1212,N,True
5,164,reel34__9,1212,N,True
5,164,reel54__8,1212,N,True
5,bot35__8,bot39__9,1212,N,True
5,bot35__8,bot50__4,1212,N,True
5,bot31__7,reel9__3,1212,N,True
5,bot26__1,reel9__3,1212,N,True
5,reel59__9,reel48__3,1212,N,True
5,reel5__5,reel48__3,1212,N,True
5,reel49__0,reel48__3,1212,N,True
5,bot22__9,bot30__6,1212,N,True
5,bot8__9,bot30__6,1212,N,True
5,reel20__7,reel33__2,1212,N,True
5,reel43__0,reel33__2,1212,N,True
5,reel49__4,reel33__2,1212,N,True
5,reel9__8,reel33__2,1212,N,True
5,reel8__5,reel33__2,1212,N,True
5,reel43__0,bot59__6,1212,N,True
5,bot51__1,bot35__1,1212,N,True
5,301,bot35__1,1212,N,True
5,reel6__2,bot39__1,1212,N,True
5,reel7__9,bot49__1,1212,N,True
5,reel6__2,bot49__1,1212,N,True
5,bot26__6,bot49__1,1212,N,True
5,reel42__1,bot56__9,1212,N,True
5,reel2__6,reel41__6,1212,N,True
5,reel59__5,reel41__6,1212,N,True
5,247,reel38__0,1212,N,True
5,reel59__5,reel38__0,1212,N,True
5,bot52__7,bot47__2,1212,N,True
5,reel39__7,bot47__2,1212,N,True
5,reel2__9,reel32__4,1212,N,True
5,reel30__9,reel32__4,1212,N,True
5,reel30__9,bot57__7,1212,N,True
5,reel3__6,reel22__5,1212,N,True
5,bot50__5,bot56__5,1212,N,True
5,reel14__8,reel45__0,1212,N,True
5,184,reel45__0,1212,N,True
5,reel6__1,bot41__9,1212,N,True
5,bot35__6,bot41__9,1212,N,True
5,reel2__9,bot41__9,1212,N,True
5,reel18__0,reel59__3,1212,N,True
5,bot19__3,bot49__0,1212,N,True
5,282,bot48__9,1212,N,True
5,reel29__2,bot48__9,1212,N,True
5,reel38__5,reel54__2,1212,N,True
5,reel29__2,reel54__2,1212,N,True
5,23,124,1212,N,True
5,reel15__4,124,1212,N,True
5,bot16__3,321,1212,N,True
5,reel4__0,321,1212,N,True
5,bot0__5,321,1212,N,True
5,bot16__3,bot23__4,1212,N,True
5,247,bot23__4,1212,N,True
5,bot34__8,bot23__4,1212,N,True
5,bot16__3,bot39__3,1212,N,True
5,reel5__5,reel0__2,1212,N,True
5,214,reel0__2,1212,N,True
5,reel34__1,reel49__8,1212,N,True
5,reel11__6,bot42__3,1212,N,True
5,173,163,1212,N,True
5,150,163,1212,N,True
5,173,bot35__7,1212,N,True
5,bot28__7,bot41__2,1212,N,True
5,reel32__9,bot41__2,1212,N,True
5,reel27__8,bot38__8,1212,N,True
5,reel27__8,reel50__4,1212,N,True
5,293,bot16__7,1212,N,True
5,reel10__3,bot16__7,1212,N,True
5,bot5__4,bot16__7,1212,N,True
5,reel10__3,reel55__8,1212,N,True
5,36,bot60__8,1212,N,True
5,bot15__2,bot60__8,1212,N,True
5,33,reel19__2,1212,N,True
5,reel1__2,reel19__2,1212,N,True
5,reel4__0,bot11__8,1212,N,True
5,80,bot11__8,1212,N,True
5,bot20__7,bot11__8,1212,N,True
5,reel5__5,bot11__8,1212,N,True
5,bot8__7,bot14__8,1212,N,True
5,reel0__0,bot14__8,1212,N,True
5,bot18__1,bot32__2,1212,N,True
5,bot36__2,bot57__3,1212,N,True
5,77,bot57__4,1212,N,True
5,bot36__2,bot57__4,1212,N,True
5,bot11__2,bot50__3,1212,N,True
5,bot26__6,bot50__3,1212,N,True
5,reel15__6,reel47__0,1212,N,True
5,reel41__4,bot53__8,1212,N,True
5,reel29__5,bot47__5,1212,N,True
5,reel35__3,reel51__7,1212,N,True
5,reel42__7,reel51__7,1212,N,True
5,reel30__1,86,1212,N,True
5,reel5__3,86,1212,N,True
5,reel1__1,86,1212,N,True
5,reel0__0,86,1212,N,True
5,278,86,1212,N,True
5,reel31__2,reel33__5,1212,N,True
5,reel6__1,reel33__5,1212,N,True
5,reel14__7,reel33__5,1212,N,True
5,270,bot19__9,1212,N,True
5,293,bot19__9,1212,N,True
5,reel7__8,bot19__9,1212,N,True
5,reel7__8,bot52__1,1212,N,True
5,reel7__8,bot54__5,1212,N,True
5,reel43__7,bot54__5,1212,N,True
5,237,bot15__6,1212,N,True
5,reel5__5,bot15__6,1212,N,True
5,reel8__5,bot39__6,1212,N,True
5,bot8__1,bot39__6,1212,N,True
5,bot43__9,bot39__6,1212,N,True
5,reel55__1,reel48__8,1212,N,True
5,reel5__5,reel30__6,1212,N,True
5,110,reel52__5,1212,N,True
5,reel0__1,reel36__1,1212,N,True
5,152,reel36__1,1212,N,True
5,reel11__4,296,1212,N,True
5,bot24__5,bot29__9,1212,N,True
5,bot39__5,bot29__9,1212,N,True
5,reel28__4,reel25__1,1212,N,True
5,343,bot48__3,1212,N,True
5,reel28__4,bot48__3,1212,N,True
5,reel28__4,reel52__4,1212,N,True
5,reel20__2,bot42__9,1212,N,True
5,bot49__2,bot46__2,1212,N,True
5,51,bot46__2,1212,N,True
5,51,reel53__0,1212,N,True
5,116,bot40__2,1212,N,True
5,reel36__4,bot40__2,1212,N,True
5,reel36__4,reel53__1,1212,N,True
5,bot60__1,reel53__1,1212,N,True
5,reel17__0,reel53__1,1212,N,True
5,reel8__8,bot53__2,1212,N,True
5,bot16__2,reel11__1,1212,N,True
5,reel8__1,reel11__1,1212,N,True
5,reel8__1,bot14__4,1212,N,True
5,reel17__0,bot59__0,1212,N,True
5,bot60__2,bot46__0,1212,N,True
5,bot20__0,bot46__0,1212,N,True
5,347,reel4__9,1212,N,True
5,80,reel4__9,1212,N,True
5,reel30__0,reel4__9,1212,N,True
5,reel6__4,reel4__9,1212,N,True
5,reel30__0,reel46__0,1212,N,True
5,reel5__3,reel46__0,1212,N,True
5,reel30__0,reel51__8,1212,N,True
5,reel44__0,reel51__8,1212,N,True
5,bot43__5,bot56__8,1212,N,True
5,bot0__5,bot56__8,1212,N,True
5,reel31__8,bot33__4,1212,N,True
5,reel31__8,bot56__2,1212,N,True
5,270,reel7__6,1212,N,True
5,reel27__5,reel7__6,1212,N,True
5,240,reel7__6,1212,N,True
5,bot27__7,bot31__1,1212,N,True
5,reel6__1,reel3__9,1212,N,True
5,reel6__1,bot23__0,1212,N,True
5,reel14__8,bot25__9,1212,N,True
5,80,bot25__9,1212,N,True
5,reel14__8,bot54__0,1212,N,True
5,reel46__2,bot54__0,1212,N,True
5,198,reel40__9,1212,N,True
5,bot52__9,reel40__9,1212,N,True
5,reel23__3,reel40__9,1212,N,True
5,reel37__1,bot57__1,1212,N,True
5,28,bot33__3,1212,N,True
5,bot5__0,bot17__3,1212,N,True
5,bot11__2,bot50__1,1212,N,True
5,reel2__9,reel6__0,1212,N,True
5,reel1__8,bot15__5,1212,N,True
5,152,bot15__5,1212,N,True
5,bot46__7,bot50__6,1212,N,True
5,80,bot16__9,1212,N,True
5,327,bot16__9,1212,N,True
5,reel19__8,reel40__8,1212,N,True
5,80,reel40__8,1212,N,True
5,reel14__2,bot23__6,1212,N,True
5,bot17__7,bot41__7,1212,N,True
5,reel0__0,bot41__7,1212,N,True
5,216,bot30__1,1212,N,True
5,33,reel53__6,1212,N,True
5,219,reel53__6,1212,N,True
5,reel21__1,reel53__6,1212,N,True
5,reel55__5,145,1212,N,True
5,286,reel58__2,1212,N,True
5,140,reel44__9,1212,N,True
5,140,reel56__9,1212,N,True
5,33,reel25__8,1212,N,True
5,bot28__7,bot31__4,1212,N,True
5,reel9__8,bot31__4,1212,N,True
5,bot32__7,bot37__5,1212,N,True
5,reel1__6,bot37__5,1212,N,True
5,bot2__7,bot25__7,1212,N,True
5,bot2__7,bot44__9,1212,N,True
5,282,244,1212,N,True
5,reel16__4,244,1212,N,True
5,reel49__1,244,1212,N,True
5,reel41__7,bot42__7,1212,N,True
5,77,reel17__1,1212,N,True
5,bot37__9,bot58__7,1212,N,True
5,bot51__0,bot58__7,1212,N,True
5,reel39__1,reel26__0,1212,N,True
5,reel39__1,reel33__6,1212,N,True
5,bot28__7,bot9__2,1212,N,True
5,reel44__3,reel50__6,1212,N,True
5,reel26__9,reel50__6,1212,N,True
5,reel26__9,reel52__1,1212,N,True
5,reel1__1,bot35__5,1212,N,True
5,reel29__0,bot35__5,1212,N,True
5,reel49__2,reel56__6,1212,N,True
5,reel27__1,reel54__4,1212,N,True
5,bot20__7,bot37__1,1212,N,True
5,bot28__3,bot37__1,1212,N,True
5,125,reel47__3,1212,N,True
5,reel16__4,reel57__0,1212,N,True
5,reel21__1,reel45__5,1212,N,True
5,17,reel35__0,1212,N,True
5,bot26__2,bot34__1,1212,N,True
5,reel41__5,bot42__4,1212,N,True
5,reel44__0,reel56__7,1212,N,True
5,reel43__3,bot48__1,1212,N,True
5,reel36__4,reel55__7,1213,N,True
5,reel48__0,reel55__7,1213,N,True
5,bot12__8,bot57__2,1213,N,True
5,bot34__9,bot57__2,1213,N,True
5,reel52__4,reel28__4,1213,N,True
5,reel49__2,reel56__6,1213,N,True
5,reel19__6,reel56__6,1213,N,True
5,reel49__2,bot59__2,1213,N,True
5,reel24__1,bot56__9,1213,N,True
5,reel42__1,bot56__9,1213,N,True
5,reel37__1,reel45__9,1213,N,True
5,bot54__5,bot47__5,1213,N,True
5,bot27__4,bot47__5,1213,N,True
5,reel35__7,reel41__5,1213,N,True
5,reel50__5,reel41__5,1213,N,True
5,bot26__2,bot34__1,1213,N,True
5,reel46__5,reel38__7,1213,N,True
5,reel46__5,reel47__4,1213,N,True
5,reel46__5,bot52__2,1213,N,True
5,302,reel36__2,1214,N,True
5,78,reel36__2,1214,N,True
5,reel37__1,reel45__9,1214,N,True
5,78,reel45__9,1214,N,True
5,reel14__9,reel48__2,1214,N,True
5,189,reel48__2,1214,N,True
5,78,reel48__2,1214,N,True
5,reel20__5,reel50__9,1214,N,True
5,reel44__5,reel50__9,1214,N,True
5,78,reel50__9,1214,N,True
5,bot16__7,bot5__4,1214,N,True
5,bot20__7,bot31__8,1214,N,True
5,22,bot31__8,1214,N,True
5,bot16__7,bot31__8,1214,N,True
5,58,reel44__2,1214,N,True
5,reel36__1,reel44__2,1214,N,True
5,reel49__5,reel44__2,1214,N,True
5,reel7__5,bot59__9,1214,N,True
5,94,bot59__9,1214,N,True
5,reel7__2,bot43__3,1214,N,True
5,bot38__8,bot43__3,1214,N,True
5,reel7__2,reel53__7,1214,N,True
5,reel16__0,reel53__7,1214,N,True
5,reel28__7,255,1214,N,True
5,bot24__6,255,1214,N,True
5,bot45__3,bot36__4,1214,N,True
5,bot33__1,bot36__4,1214,N,True
5,bot59__5,bot36__4,1214,N,True
5,reel23__2,bot44__5,1214,N,True
5,reel56__4,bot60__5,1214,N,True
5,254,bot60__5,1214,N,True
5,bot16__4,bot59__0,1214,N,True
5,reel4__9,reel42__5,1214,N,True
5,reel15__2,reel42__5,1214,N,True
5,reel48__4,reel42__5,1214,N,True
5,reel14__5,reel13__1,1214,N,True
5,reel39__9,reel13__1,1214,N,True
5,10,bot27__5,1214,N,True
5,bot12__5,bot27__5,1214,N,True
5,bot55__1,bot27__5,1214,N,True
5,reel20__8,bot27__5,1214,N,True
5,bot39__0,bot60__1,1214,N,True
5,reel20__8,bot60__1,1214,N,True
5,181,bot4__0,1214,N,True
5,229,bot4__0,1214,N,True
5,242,bot4__0,1214,N,True
5,bot10__5,bot4__0,1214,N,True
5,229,bot41__3,1214,N,True
5,reel32__0,bot41__3,1214,N,True
5,reel32__3,reel27__3,1214,N,True
5,bot34__6,reel27__3,1214,N,True
5,reel0__7,reel27__3,1214,N,True
5,reel53__5,reel27__3,1214,N,True
5,bot22__1,bot31__0,1214,N,True
5,254,bot31__0,1214,N,True
5,reel47__1,bot54__8,1214,N,True
5,reel27__2,bot54__8,1214,N,True
5,reel37__5,reel42__3,1214,N,True
5,bot52__5,reel42__3,1214,N,True
5,bot60__6,reel42__3,1214,N,True
5,302,reel42__3,1214,N,True
5,reel45__1,reel42__3,1214,N,True
5,reel16__9,bot22__5,1214,N,True
5,reel19__4,bot22__5,1214,N,True
5,126,bot55__5,1214,N,True
5,bot54__1,bot55__5,1214,N,True
5,179,bot55__5,1214,N,True
5,bot25__6,bot19__7,1214,N,True
5,bot0__5,bot19__7,1214,N,True
5,reel8__3,reel28__3,1214,N,True
5,reel27__7,reel28__3,1214,N,True
5,reel27__7,bot50__8,1214,N,True
5,reel20__5,reel45__6,1214,N,True
5,reel49__9,reel45__6,1214,N,True
5,254,reel45__6,1214,N,True
5,reel4__6,reel45__6,1214,N,True
5,reel7__5,bot18__9,1214,N,True
5,bot58__3,reel39__1,1214,N,True
5,reel7__4,reel39__1,1214,N,True
5,bot56__5,reel25__1,1214,N,True
5,reel12__6,reel25__1,1214,N,True
5,reel28__4,reel25__1,1214,N,True
5,reel48__1,reel56__2,1214,N,True
5,reel53__8,reel56__2,1214,N,True
5,reel48__4,reel26__3,1214,N,True
5,reel17__8,reel26__3,1214,N,True
5,bot26__5,bot2__6,1214,N,True
5,reel37__1,reel16__6,1214,N,True
5,reel6__1,reel16__6,1214,N,True
5,reel48__7,reel16__6,1214,N,True
5,reel3__1,reel16__6,1214,N,True
5,bot26__5,reel16__6,1214,N,True
5,reel5__1,bot14__7,1214,N,True
5,344,bot14__7,1214,N,True
5,reel55__0,reel50__0,1214,N,True
5,reel6__7,reel50__0,1214,N,True
5,reel42__8,reel2__3,1214,N,True
5,reel13__3,reel2__3,1214,N,True
5,reel13__6,reel2__3,1214,N,True
5,269,bot49__3,1214,N,True
5,reel37__7,bot49__3,1214,N,True
5,reel13__6,bot49__3,1214,N,True
5,reel1__8,bot15__5,1214,N,True
5,bot38__3,bot15__5,1214,N,True
5,300,bot15__5,1214,N,True
5,152,bot15__5,1214,N,True
5,bot0__4,bot12__9,1214,N,True
5,reel43__6,bot49__9,1214,N,True
5,bot0__4,bot49__9,1214,N,True
5,bot16__3,bot23__4,1214,N,True
5,bot12__5,bot23__4,1214,N,True
5,bot34__8,bot23__4,1214,N,True
5,reel4__4,reel54__0,1214,N,True
5,reel27__2,reel54__0,1214,N,True
5,191,bot52__4,1214,N,True
5,reel40__3,bot52__4,1214,N,True
5,178,bot55__6,1214,N,True
5,bot40__6,bot55__6,1214,N,True
5,bot45__2,bot55__6,1214,N,True
5,reel27__8,bot30__2,1214,N,True
5,bot12__7,bot30__2,1214,N,True
5,reel16__0,bot30__2,1214,N,True
5,reel31__5,reel53__1,1214,N,True
5,bot34__1,bot41__0,1214,N,True
5,bot1__9,bot36__3,1214,N,True
5,reel4__9,bot36__3,1214,N,True
5,bot40__1,bot55__2,1214,N,True
5,reel26__5,bot55__2,1214,N,True
5,reel7__7,bot11__6,1214,N,True
5,reel7__7,reel33__6,1214,N,True
5,bot33__2,bot43__7,1214,N,True
5,bot33__9,160,1214,N,True
5,260,160,1214,N,True
5,reel26__4,160,1214,N,True
5,reel2__9,bot32__6,1214,N,True
5,260,bot32__6,1214,N,True
5,bot16__3,bot53__9,1214,N,True
5,reel25__9,bot53__9,1214,N,True
5,193,reel36__8,1214,N,True
5,reel25__2,reel36__8,1214,N,True
5,reel43__6,reel47__2,1214,N,True
5,reel11__9,reel47__2,1214,N,True
5,reel16__0,reel47__2,1214,N,True
5,294,bot47__6,1214,N,True
5,bot38__8,bot47__6,1214,N,True
5,bot9__2,bot56__2,1214,N,True
5,189,bot56__2,1214,N,True
5,reel48__7,bot49__4,1214,N,True
5,reel33__3,bot49__4,1214,N,True
5,reel13__8,reel43__8,1214,N,True
5,reel2__9,reel43__8,1214,N,True
5,reel59__4,reel43__8,1214,N,True
5,reel5__1,reel25__4,1214,N,True
5,reel44__4,reel25__4,1214,N,True
5,reel41__2,reel58__6,1214,N,True
5,reel23__7,bot45__9,1214,N,True
5,reel44__4,bot45__9,1214,N,True
5,196,bot15__1,1214,N,True
5,bot26__7,bot15__1,1214,N,True
5,bot19__5,reel11__1,1214,N,True
5,117,reel11__1,1214,N,True
5,bot16__2,reel11__1,1214,N,True
5,bot25__0,bot7__4,1214,N,True
5,92,bot7__4,1214,N,True
5,reel32__5,reel53__4,1214,N,True
5,179,reel53__4,1214,N,True
5,reel30__9,bot57__7,1214,N,True
5,reel43__5,reel20__6,1214,N,True
5,3,reel20__6,1214,N,True
5,reel28__5,bot30__8,1214,N,True
5,bot23__3,bot30__8,1214,N,True
5,reel55__5,145,1214,N,True
5,reel9__4,145,1214,N,True
5,179,145,1214,N,True
5,bot6__5,bot32__2,1214,N,True
5,bot18__1,bot32__2,1214,N,True
5,reel9__4,bot32__2,1214,N,True
5,bot16__3,bot39__3,1214,N,True
5,bot9__2,bot39__3,1214,N,True
5,reel40__5,reel54__6,1214,N,True
5,reel22__8,reel54__6,1214,N,True
5,reel14__4,bot21__2,1214,N,True
5,317,bot21__2,1214,N,True
5,reel14__4,reel35__1,1214,N,True
5,reel22__1,reel35__1,1214,N,True
5,bot25__8,bot35__8,1214,N,True
5,bot50__4,bot35__8,1214,N,True
5,bot8__6,bot35__8,1214,N,True
5,reel22__0,reel24__7,1214,N,True
5,reel27__8,reel24__7,1214,N,True
5,53,reel24__7,1214,N,True
5,258,reel51__4,1214,N,True
5,reel27__8,reel51__4,1214,N,True
5,reel13__3,reel31__7,1214,N,True
5,bot18__1,bot47__9,1214,N,True
5,reel4__4,reel50__1,1214,N,True
5,reel28__1,reel50__1,1214,N,True
5,bot56__5,bot5__8,1214,N,True
5,bot26__6,bot5__8,1214,N,True
5,reel20__1,bot50__3,1214,N,True
5,bot26__6,bot50__3,1214,N,True
5,69,bot59__7,1214,N,True
5,bot22__4,bot59__7,1214,N,True
5,126,bot3__5,1214,N,True
5,126,bot37__9,1214,N,True
5,bot1__5,bot37__9,1214,N,True
5,reel8__0,bot37__9,1214,N,True
5,reel20__5,bot26__4,1214,N,True
5,reel8__0,bot26__4,1214,N,True
5,reel39__9,bot46__1,1214,N,True
5,bot1__1,bot46__1,1214,N,True
5,reel39__7,reel42__4,1214,N,True
5,282,reel42__4,1214,N,True
5,reel39__7,bot57__5,1214,N,True
5,bot9__4,bot39__6,1214,N,True
5,bot43__9,bot39__6,1214,N,True
5,reel22__0,bot46__3,1214,N,True
5,58,bot60__9,1214,N,True
5,101,bot60__9,1214,N,True
5,bot57__6,bot41__9,1214,N,True
5,reel6__1,bot41__9,1214,N,True
5,reel2__9,bot41__9,1214,N,True
5,bot57__6,bot44__3,1214,N,True
5,reel9__7,bot12__0,1214,N,True
5,reel4__4,reel52__4,1214,N,True
5,reel28__4,reel52__4,1214,N,True
5,7,bot51__4,1214,N,True
5,bot39__5,bot51__4,1214,N,True
5,bot31__9,bot51__4,1214,N,True
5,bot32__9,bot49__8,1214,N,True
5,bot40__5,bot49__8,1214,N,True
5,reel44__6,bot49__8,1214,N,True
5,bot0__5,bot56__8,1214,N,True
5,reel6__4,47,1214,N,True
5,reel24__6,47,1214,N,True
5,301,47,1214,N,True
5,bot41__1,153,1214,N,True
5,bot2__1,153,1214,N,True
5,bot36__5,bot58__7,1214,N,True
5,bot51__0,bot58__7,1214,N,True
5,reel8__0,reel36__3,1214,N,True
5,bot28__3,bot55__0,1214,N,True
5,reel32__0,bot55__0,1214,N,True
5,reel4__6,bot31__4,1214,N,True
5,bot28__7,bot31__4,1214,N,True
5,reel9__8,bot31__4,1214,N,True
5,bot8__9,bot27__4,1214,N,True
5,294,reel26__6,1214,N,True
5,152,reel26__6,1214,N,True
5,87,reel8__5,1214,N,True
5,reel41__9,reel8__5,1214,N,True
5,195,reel8__5,1214,N,True
5,reel33__2,reel8__5,1214,N,True
5,bot26__2,reel8__5,1214,N,True
5,reel41__9,reel4__1,1214,N,True
5,196,bot20__1,1214,N,True
5,bot28__3,bot20__1,1214,N,True
5,196,bot54__2,1214,N,True
5,bot16__8,bot51__3,1214,N,True
5,reel16__7,bot51__3,1214,N,True
5,reel16__7,reel59__7,1214,N,True
5,reel12__2,bot24__7,1214,N,True
5,reel12__2,reel58__8,1214,N,True
5,bot55__8,bot56__7,1214,N,True
5,bot35__4,reel34__0,1214,N,True
5,217,bot12__4,1214,N,True
5,bot40__6,bot12__4,1214,N,True
5,bot8__6,bot12__4,1214,N,True
5,reel7__1,bot25__7,1214,N,True
5,bot33__9,reel30__4,1214,N,True
5,10,bot39__7,1214,N,True
5,reel21__4,bot46__8,1214,N,True
5,266,bot19__1,1214,N,True
5,bot11__0,bot29__0,1214,N,True
5,bot20__0,bot29__0,1214,N,True
5,bot25__2,90,1214,N,True
5,179,90,1214,N,True
5,reel12__4,bot31__1,1214,N,True
5,reel12__4,reel38__0,1214,N,True
5,bot28__7,bot41__2,1214,N,True
5,bot60__7,reel41__1,1214,N,True
5,92,reel41__1,1214,N,True
5,reel26__9,reel52__1,1214,N,True
5,reel20__4,reel37__9,1214,N,True
5,reel19__6,reel37__9,1214,N,True
5,3,228,1214,N,True
5,bot20__7,bot37__1,1214,N,True
5,bot28__3,bot37__1,1214,N,True
5,3,bot37__1,1214,N,True
5,bot23__8,bot55__4,1214,N,True
5,reel27__4,reel45__5,1214,N,True
5,reel21__1,reel45__5,1214,N,True
5,bot53__5,reel52__5,1214,N,True
5,bot9__9,bot13__0,1214,N,True
5,bot16__2,bot38__7,1214,N,True
5,bot18__5,bot15__0,1214,N,True
5,reel41__5,bot42__4,1214,N,True
5,bot6__5,bot49__5,1214,N,True
5,120,bot6__2,1214,N,True
5,reel36__4,reel42__6,1215,N,True
5,bot20__2,bot3__7,1215,N,True
5,bot38__3,bot42__7,1215,N,True
5,reel41__7,bot42__7,1215,N,True
5,bot23__4,bot34__8,1215,N,True
5,reel39__1,reel7__4,1215,N,True
5,bot28__6,reel7__4,1215,N,True
5,reel37__0,reel7__4,1215,N,True
5,bot36__3,bot39__3,1215,N,True
5,bot42__4,bot39__3,1215,N,True
5,reel39__8,reel51__0,1215,N,True
5,reel42__9,reel51__0,1215,N,True
5,reel26__0,reel38__0,1215,N,True
5,bot54__5,bot47__5,1215,N,True
5,reel58__4,reel48__1,1215,N,True
5,reel41__4,reel37__3,1215,N,True
5,bot19__4,bot56__9,1215,N,True
5,bot36__6,bot13__0,1215,N,True
5,reel56__1,reel17__4,1216,N,True
5,237,reel17__4,1216,N,True
5,reel30__0,reel17__4,1216,N,True
5,reel4__8,reel17__4,1216,N,True
5,249,reel17__4,1216,N,True
5,bot22__1,bot20__8,1216,N,True
5,reel4__8,bot20__8,1216,N,True
5,166,bot20__8,1216,N,True
5,bot1__8,205,1216,N,True
5,192,205,1216,N,True
5,reel48__9,reel17__3,1216,N,True
5,reel3__3,reel17__3,1216,N,True
5,bot33__9,reel17__3,1216,N,True
5,192,reel17__3,1216,N,True
5,bot44__1,reel41__7,1216,N,True
5,190,reel41__7,1216,N,True
5,reel43__2,reel41__7,1216,N,True
5,192,reel41__7,1216,N,True
5,bot59__2,reel49__2,1216,N,True
5,reel33__9,reel49__2,1216,N,True
5,reel34__4,reel49__2,1216,N,True
5,bot49__3,reel37__7,1216,N,True
5,reel34__3,reel37__7,1216,N,True
5,bot39__2,reel37__7,1216,N,True
5,bot54__7,reel37__7,1216,N,True
5,bot21__1,reel10__4,1216,N,True
5,bot27__8,reel10__4,1216,N,True
5,68,reel10__4,1216,N,True
5,307,reel10__4,1216,N,True
5,reel40__7,reel10__4,1216,N,True
5,reel37__0,reel10__4,1216,N,True
5,reel20__2,reel36__4,1216,N,True
5,reel2__0,reel36__4,1216,N,True
5,bot40__2,reel36__4,1216,N,True
5,reel7__1,bot17__8,1216,N,True
5,bot1__6,bot17__8,1216,N,True
5,reel23__2,305,1216,N,True
5,reel9__3,305,1216,N,True
5,bot0__3,305,1216,N,True
5,reel23__2,reel24__3,1216,N,True
5,reel21__6,reel24__3,1216,N,True
5,bot28__6,reel24__3,1216,N,True
5,reel23__2,reel46__1,1216,N,True
5,reel14__5,reel46__1,1216,N,True
5,68,bot36__1,1216,N,True
5,bot16__4,bot25__1,1216,N,True
5,reel19__9,bot44__9,1216,N,True
5,bot16__4,bot44__9,1216,N,True
5,bot16__4,bot59__0,1216,N,True
5,bot22__8,bot16__9,1216,N,True
5,327,bot16__9,1216,N,True
5,80,bot16__9,1216,N,True
5,131,bot16__9,1216,N,True
5,2,reel53__0,1216,N,True
5,51,reel53__0,1216,N,True
5,131,reel53__0,1216,N,True
5,reel14__5,reel21__1,1216,N,True
5,reel20__8,bot39__4,1216,N,True
5,bot39__0,bot60__1,1216,N,True
5,reel20__8,bot60__1,1216,N,True
5,bot39__8,bot58__2,1216,N,True
5,bot42__8,bot58__2,1216,N,True
5,bot44__3,110,1216,N,True
5,bot22__1,110,1216,N,True
5,259,110,1216,N,True
5,reel52__5,110,1216,N,True
5,bot27__5,bot12__5,1216,N,True
5,bot33__3,bot12__5,1216,N,True
5,bot16__8,bot21__5,1216,N,True
5,reel5__8,bot21__5,1216,N,True
5,bot54__3,bot21__5,1216,N,True
5,bot41__5,bot21__5,1216,N,True
5,reel37__5,bot59__5,1216,N,True
5,reel0__3,bot7__6,1216,N,True
5,bot45__2,bot7__6,1216,N,True
5,reel0__3,bot14__1,1216,N,True
5,76,bot14__1,1216,N,True
5,326,bot14__1,1216,N,True
5,reel13__5,bot22__3,1216,N,True
5,reel0__3,bot22__3,1216,N,True
5,166,198,1216,N,True
5,reel30__9,198,1216,N,True
5,bot23__5,198,1216,N,True
5,reel39__7,198,1216,N,True
5,bot12__8,198,1216,N,True
5,reel1__3,198,1216,N,True
5,reel52__8,198,1216,N,True
5,reel31__6,reel28__1,1216,N,True
5,46,reel28__1,1216,N,True
5,reel50__1,reel28__1,1216,N,True
5,46,bot37__2,1216,N,True
5,46,bot54__6,1216,N,True
5,46,reel54__3,1216,N,True
5,296,reel58__2,1216,N,True
5,286,reel58__2,1216,N,True
5,reel25__0,reel58__2,1216,N,True
5,180,reel18__1,1216,N,True
5,6,reel18__1,1216,N,True
5,reel37__3,reel18__1,1216,N,True
5,reel58__0,reel18__1,1216,N,True
5,237,reel18__1,1216,N,True
5,reel10__2,reel41__4,1216,N,True
5,reel37__3,reel41__4,1216,N,True
5,reel18__6,reel41__4,1216,N,True
5,reel4__6,reel11__8,1216,N,True
5,reel13__9,reel11__8,1216,N,True
5,179,reel11__8,1216,N,True
5,327,reel11__8,1216,N,True
5,reel13__5,reel15__0,1216,N,True
5,reel13__9,reel15__0,1216,N,True
5,bot19__2,reel15__0,1216,N,True
5,bot17__0,reel15__0,1216,N,True
5,reel13__9,bot40__8,1216,N,True
5,reel13__9,reel42__6,1216,N,True
5,reel13__9,bot49__2,1216,N,True
5,reel13__9,bot52__9,1216,N,True
5,reel18__9,bot52__9,1216,N,True
5,reel7__5,bot18__9,1216,N,True
5,283,bot18__9,1216,N,True
5,reel48__1,reel56__2,1216,N,True
5,reel53__8,reel56__2,1216,N,True
5,reel18__2,reel56__2,1216,N,True
5,reel48__1,reel51__5,1216,N,True
5,283,reel51__5,1216,N,True
5,reel17__8,155,1216,N,True
5,reel21__2,bot23__9,1216,N,True
5,reel17__8,bot23__9,1216,N,True
5,bot43__4,bot58__1,1216,N,True
5,reel17__8,bot58__1,1216,N,True
5,reel0__5,bot9__1,1216,N,True
5,95,bot9__1,1216,N,True
5,bot12__1,bot9__1,1216,N,True
5,bot59__6,bot9__1,1216,N,True
5,180,bot50__9,1216,N,True
5,bot0__0,bot50__9,1216,N,True
5,51,reel27__4,1216,N,True
5,24,reel27__4,1216,N,True
5,reel43__1,reel27__4,1216,N,True
5,reel56__0,reel51__0,1216,N,True
5,reel39__8,reel51__0,1216,N,True
5,bot12__4,bot40__6,1216,N,True
5,bot48__2,bot40__6,1216,N,True
5,bot55__6,bot40__6,1216,N,True
5,bot10__1,bot46__2,1216,N,True
5,bot52__2,bot46__2,1216,N,True
5,51,bot46__2,1216,N,True
5,bot10__1,bot60__6,1216,N,True
5,bot43__4,bot60__6,1216,N,True
5,bot8__6,bot35__8,1216,N,True
5,bot12__3,bot35__8,1216,N,True
5,58,bot60__9,1216,N,True
5,101,bot60__9,1216,N,True
5,bot12__3,bot60__9,1216,N,True
5,bot12__8,bot6__7,1216,N,True
5,307,bot6__7,1216,N,True
5,bot16__8,bot6__7,1216,N,True
5,reel25__7,reel19__3,1216,N,True
5,307,reel19__3,1216,N,True
5,bot51__7,bot28__8,1216,N,True
5,bot11__6,bot28__8,1216,N,True
5,139,bot8__7,1216,N,True
5,bot5__1,bot8__7,1216,N,True
5,bot29__2,reel19__1,1216,N,True
5,99,reel19__1,1216,N,True
5,139,reel19__1,1216,N,True
5,139,bot60__4,1216,N,True
5,reel55__1,bot60__4,1216,N,True
5,bot13__7,bot60__4,1216,N,True
5,bot37__7,bot38__7,1216,N,True
5,bot21__2,bot38__7,1216,N,True
5,bot16__2,bot38__7,1216,N,True
5,reel31__5,reel53__1,1216,N,True
5,bot59__1,bot2__7,1216,N,True
5,80,bot2__7,1216,N,True
5,reel4__7,reel59__3,1216,N,True
5,reel22__9,reel54__5,1216,N,True
5,reel32__5,reel54__5,1216,N,True
5,reel18__9,reel54__5,1216,N,True
5,321,bot26__8,1216,N,True
5,321,reel31__4,1216,N,True
5,reel22__3,reel31__4,1216,N,True
5,reel35__1,bot47__9,1216,N,True
5,reel47__3,bot48__6,1216,N,True
5,2,bot48__6,1216,N,True
5,reel2__4,bot10__8,1216,N,True
5,245,bot19__5,1216,N,True
5,reel11__1,bot19__5,1216,N,True
5,reel27__6,reel28__6,1216,N,True
5,340,bot4__5,1216,N,True
5,reel3__6,bot4__5,1216,N,True
5,bot26__0,bot44__0,1216,N,True
5,bot51__8,bot44__0,1216,N,True
5,bot3__6,bot44__0,1216,N,True
5,reel16__0,bot44__0,1216,N,True
5,reel16__0,reel53__7,1216,N,True
5,263,bot38__9,1216,N,True
5,reel30__0,bot38__9,1216,N,True
5,reel25__0,reel23__8,1216,N,True
5,reel47__6,reel23__8,1216,N,True
5,99,reel2__8,1216,N,True
5,51,reel2__8,1216,N,True
5,bot26__3,reel2__8,1216,N,True
5,reel5__1,reel18__0,1216,N,True
5,bot0__8,220,1216,N,True
5,262,220,1216,N,True
5,bot21__0,220,1216,N,True
5,115,220,1216,N,True
5,bot13__9,bot39__5,1216,N,True
5,bot26__0,bot39__5,1216,N,True
5,reel9__5,reel49__9,1216,N,True
5,bot50__5,bot56__5,1216,N,True
5,reel25__1,bot56__5,1216,N,True
5,reel13__2,reel30__2,1216,N,True
5,282,reel30__2,1216,N,True
5,reel10__7,bot24__3,1216,N,True
5,reel12__1,bot24__3,1216,N,True
5,reel10__7,bot34__2,1216,N,True
5,reel10__2,bot34__2,1216,N,True
5,278,bot34__2,1216,N,True
5,282,bot48__9,1216,N,True
5,reel29__2,bot48__9,1216,N,True
5,bot31__0,bot46__1,1216,N,True
5,reel28__9,201,1216,N,True
5,259,201,1216,N,True
5,259,91,1216,N,True
5,245,91,1216,N,True
5,reel36__8,193,1216,N,True
5,259,193,1216,N,True
5,259,264,1216,N,True
5,bot8__3,264,1216,N,True
5,259,bot25__3,1216,N,True
5,bot6__1,bot25__3,1216,N,True
5,259,bot51__9,1216,N,True
5,259,reel51__3,1216,N,True
5,179,reel51__3,1216,N,True
5,bot5__9,289,1216,N,True
5,214,289,1216,N,True
5,bot25__9,bot36__0,1216,N,True
5,bot25__9,bot44__2,1216,N,True
5,reel11__6,bot42__3,1216,N,True
5,bot21__3,bot42__3,1216,N,True
5,202,reel10__6,1216,N,True
5,reel20__7,bot32__0,1216,N,True
5,reel10__3,bot32__0,1216,N,True
5,reel12__0,bot24__4,1216,N,True
5,bot29__7,bot24__4,1216,N,True
5,278,bot24__4,1216,N,True
5,reel20__2,bot58__3,1216,N,True
5,reel39__1,bot58__3,1216,N,True
5,reel12__0,bot58__3,1216,N,True
5,reel29__6,bot50__4,1216,N,True
5,reel29__7,reel52__4,1216,N,True
5,47,reel33__1,1216,N,True
5,47,reel55__2,1216,N,True
5,179,reel55__2,1216,N,True
5,bot23__3,bot46__6,1216,N,True
5,reel52__5,reel47__0,1216,N,True
5,reel15__6,reel47__0,1216,N,True
5,reel0__8,reel47__0,1216,N,True
5,bot0__2,bot18__8,1216,N,True
5,bot8__3,bot18__8,1216,N,True
5,reel6__7,reel50__0,1216,N,True
5,187,reel42__4,1216,N,True
5,reel39__7,reel42__4,1216,N,True
5,282,reel42__4,1216,N,True
5,reel39__7,reel46__9,1216,N,True
5,reel7__8,bot52__1,1216,N,True
5,reel7__8,bot54__5,1216,N,True
5,reel43__7,bot54__5,1216,N,True
5,reel2__2,bot27__0,1216,N,True
5,reel19__9,bot27__0,1216,N,True
5,bot56__1,bot27__0,1216,N,True
5,reel25__8,reel48__8,1216,N,True
5,reel51__2,reel48__8,1216,N,True
5,reel55__1,reel48__8,1216,N,True
5,reel18__9,reel48__8,1216,N,True
5,reel25__1,bot27__4,1216,N,True
5,bot23__0,bot26__4,1216,N,True
5,reel8__0,bot26__4,1216,N,True
5,reel2__2,61,1216,N,True
5,bot16__2,61,1216,N,True
5,reel33__3,61,1216,N,True
5,reel2__2,bot8__2,1216,N,True
5,bot11__7,bot8__2,1216,N,True
5,bot9__6,bot8__2,1216,N,True
5,bot6__1,bot8__2,1216,N,True
5,reel2__2,reel23__1,1216,N,True
5,330,reel32__7,1216,N,True
5,reel25__7,reel32__7,1216,N,True
5,reel53__3,reel32__7,1216,N,True
5,bot39__0,bot13__1,1216,N,True
5,bot34__9,bot13__1,1216,N,True
5,bot32__5,bot44__4,1216,N,True
5,162,bot44__4,1216,N,True
5,reel25__0,bot28__5,1216,N,True
5,reel9__1,bot28__5,1216,N,True
5,reel17__7,bot28__5,1216,N,True
5,reel9__1,reel57__1,1216,N,True
5,bot17__9,bot3__3,1216,N,True
5,reel0__8,bot3__3,1216,N,True
5,283,bot53__8,1216,N,True
5,bot40__5,bot49__8,1216,N,True
5,reel44__6,bot49__8,1216,N,True
5,reel28__7,reel34__6,1216,N,True
5,bot30__4,253,1216,N,True
5,230,253,1216,N,True
5,reel44__0,253,1216,N,True
5,reel30__0,reel46__0,1216,N,True
5,reel5__3,reel46__0,1216,N,True
5,reel24__5,bot39__9,1216,N,True
5,bot35__9,bot39__9,1216,N,True
5,reel24__5,reel51__7,1216,N,True
5,reel34__8,154,1216,N,True
5,bot9__9,bot7__9,1216,N,True
5,bot36__5,bot7__9,1216,N,True
5,bot36__5,bot58__7,1216,N,True
5,bot37__9,bot58__7,1216,N,True
5,bot17__6,bot11__0,1216,N,True
5,reel8__0,bot11__0,1216,N,True
5,reel42__8,reel0__1,1216,N,True
5,302,reel0__1,1216,N,True
5,191,reel40__6,1216,N,True
5,reel38__5,reel40__6,1216,N,True
5,191,bot52__4,1216,N,True
5,reel45__1,bot54__4,1216,N,True
5,bot9__6,bot54__4,1216,N,True
5,reel4__6,reel11__0,1216,N,True
5,reel4__6,bot31__4,1216,N,True
5,bot28__7,bot31__4,1216,N,True
5,254,bot18__7,1216,N,True
5,reel11__7,reel56__3,1216,N,True
5,bot20__0,bot29__0,1216,N,True
5,bot11__2,bot29__0,1216,N,True
5,bot5__5,bot50__1,1216,N,True
5,bot42__0,bot50__1,1216,N,True
5,bot11__2,bot50__1,1216,N,True
5,reel20__1,bot50__3,1216,N,True
5,bot11__2,bot50__3,1216,N,True
5,reel51__9,reel48__4,1216,N,True
5,80,bot11__8,1216,N,True
5,bot46__0,bot11__8,1216,N,True
5,reel19__8,reel40__8,1216,N,True
5,80,reel40__8,1216,N,True
5,bot46__0,reel40__8,1216,N,True
5,bot60__3,bot37__6,1216,N,True
5,reel38__1,reel30__6,1216,N,True
5,reel18__6,reel36__9,1216,N,True
5,reel28__0,reel36__9,1216,N,True
5,299,reel11__3,1216,N,True
5,2,reel11__3,1216,N,True
5,reel25__6,bot27__2,1216,N,True
5,reel13__7,bot27__2,1216,N,True
5,reel7__9,bot49__1,1216,N,True
5,162,bot4__2,1216,N,True
5,reel21__2,bot44__7,1216,N,True
5,bot33__9,bot44__7,1216,N,True
5,286,bot22__7,1216,N,True
5,reel58__9,42,1216,N,True
5,reel17__7,42,1216,N,True
5,reel35__6,reel36__0,1216,N,True
5,reel29__0,reel36__0,1216,N,True
5,bot60__0,bot24__5,1216,N,True
5,reel18__2,reel31__0,1216,N,True
5,bot25__2,90,1216,N,True
5,179,90,1216,N,True
5,bot31__9,bot51__4,1216,N,True
5,reel5__3,bot48__4,1216,N,True
5,reel1__8,bot15__5,1216,N,True
5,reel43__6,reel55__0,1216,N,True
5,bot42__0,bot58__4,1216,N,True
5,bot28__7,bot9__2,1216,N,True
5,bot0__9,bot9__2,1216,N,True
5,reel22__2,reel43__5,1216,N,True
5,reel28__9,reel43__5,1216,N,True
5,bot22__8,bot39__1,1216,N,True
5,58,reel44__2,1216,N,True
5,reel8__6,bot33__8,1216,N,True
5,49,bot15__0,1216,N,True
5,bot9__4,bot41__1,1216,N,True
5,bot54__2,bot53__4,1216,N,True
5,279,bot10__0,1216,N,True
5,278,bot10__0,1216,N,True
5,reel5__8,bot30__9,1216,N,True
5,bot0__9,bot30__9,1216,N,True
5,bot55__3,bot45__3,1216,N,True
5,reel40__7,bot45__3,1216,N,True
5,279,reel24__8,1216,N,True
5,reel37__8,reel57__0,1216,N,True
5,179,145,1216,N,True
5,reel20__4,bot34__0,1216,N,True
5,bot13__7,bot24__1,1216,N,True
5,reel22__5,bot23__6,1216,N,True
5,reel1__3,bot26__5,1216,N,True
5,reel26__2,reel19__6,1216,N,True
5,reel26__2,bot40__0,1216,N,True
5,reel47__5,reel49__6,1216,N,True
5,reel38__2,reel45__7,1216,N,True
5,reel29__0,233,1216,N,True
5,bot6__9,233,1216,N,True
5,bot44__0,bot26__0,1217,N,True
5,bot39__5,bot26__0,1217,N,True
5,reel42__0,bot46__4,1217,N,True
5,bot46__9,bot29__5,1217,N,True
5,bot20__2,bot29__5,1217,N,True
5,bot23__9,bot37__4,1217,N,True
5,bot18__4,bot37__4,1217,N,True
5,bot45__3,bot55__3,1217,N,True
5,bot12__8,bot57__2,1217,N,True
5,bot34__9,bot57__2,1217,N,True
5,reel33__1,bot38__1,1217,N,True
5,bot51__5,bot59__0,1217,N,True
5,bot16__4,bot59__0,1217,N,True
5,reel40__9,bot52__9,1217,N,True
5,reel13__9,bot52__9,1217,N,True
5,bot44__0,bot51__8,1217,N,True
5,reel8__9,bot51__8,1217,N,True
5,reel28__3,reel52__7,1217,N,True
5,bot49__4,bot53__2,1217,N,True
5,reel33__2,reel9__8,1217,N,True
5,32,337,1218,N,True
5,reel24__9,337,1218,N,True
5,41,337,1218,N,True
5,reel13__4,337,1218,N,True
5,167,337,1218,N,True
5,reel24__9,reel47__9,1218,N,True
5,314,bot15__3,1218,N,True
5,167,bot15__3,1218,N,True
5,314,reel51__6,1218,N,True
5,140,115,1218,N,True
5,343,115,1218,N,True
5,41,115,1218,N,True
5,17,115,1218,N,True
5,19,115,1218,N,True
5,214,115,1218,N,True
5,312,115,1218,N,True
5,192,115,1218,N,True
5,bot33__9,reel17__3,1218,N,True
5,298,reel17__3,1218,N,True
5,192,reel17__3,1218,N,True
5,bot51__7,reel33__0,1218,N,True
5,59,reel33__0,1218,N,True
5,192,reel33__0,1218,N,True
5,192,reel40__9,1218,N,True
5,bot1__4,bot42__0,1218,N,True
5,bot58__4,bot42__0,1218,N,True
5,reel16__3,bot50__2,1218,N,True
5,237,bot50__2,1218,N,True
5,bot1__7,bot50__2,1218,N,True
5,80,330,1218,N,True
5,242,330,1218,N,True
5,94,330,1218,N,True
5,302,330,1218,N,True
5,53,330,1218,N,True
5,266,330,1218,N,True
5,249,330,1218,N,True
5,80,92,1218,N,True
5,242,92,1218,N,True
5,94,92,1218,N,True
5,53,92,1218,N,True
5,302,92,1218,N,True
5,bot7__4,92,1218,N,True
5,266,92,1218,N,True
5,249,92,1218,N,True
5,reel40__4,254,1218,N,True
5,bot18__7,254,1218,N,True
5,242,254,1218,N,True
5,94,254,1218,N,True
5,reel21__7,254,1218,N,True
5,302,254,1218,N,True
5,53,254,1218,N,True
5,266,254,1218,N,True
5,249,254,1218,N,True
5,80,180,1218,N,True
5,5,180,1218,N,True
5,reel11__5,180,1218,N,True
5,242,180,1218,N,True
5,94,180,1218,N,True
5,302,180,1218,N,True
5,53,180,1218,N,True
5,266,180,1218,N,True
5,249,180,1218,N,True
5,80,101,1218,N,True
5,242,101,1218,N,True
5,94,101,1218,N,True
5,317,101,1218,N,True
5,302,101,1218,N,True
5,53,101,1218,N,True
5,266,101,1218,N,True
5,249,101,1218,N,True
5,reel40__1,187,1218,N,True
5,80,187,1218,N,True
5,5,187,1218,N,True
5,242,187,1218,N,True
5,94,187,1218,N,True
5,302,187,1218,N,True
5,266,187,1218,N,True
5,249,187,1218,N,True
5,94,bot50__5,1218,N,True
5,reel7__5,bot59__9,1218,N,True
5,94,bot59__9,1218,N,True
5,reel35__3,reel45__3,1218,N,True
5,bot56__1,reel45__3,1218,N,True
5,85,reel45__3,1218,N,True
5,85,bot59__4,1218,N,True
5,reel50__2,reel3__8,1218,N,True
5,79,reel3__8,1218,N,True
5,309,reel3__8,1218,N,True
5,bot19__8,reel3__8,1218,N,True
5,309,reel18__2,1218,N,True
5,bot19__7,reel18__2,1218,N,True
5,309,bot22__7,1218,N,True
5,309,reel48__5,1218,N,True
5,reel28__7,255,1218,N,True
5,bot24__6,255,1218,N,True
5,reel8__3,reel9__6,1218,N,True
5,bot24__6,reel9__6,1218,N,True
5,bot1__6,bot27__3,1218,N,True
5,bot16__3,bot53__9,1218,N,True
5,bot17__1,bot53__9,1218,N,True
5,reel46__4,286,1218,N,True
5,reel9__3,2,1218,N,True
5,343,2,1218,N,True
5,reel11__3,2,1218,N,True
5,reel10__7,2,1218,N,True
5,bot48__6,2,1218,N,True
5,bot7__2,2,1218,N,True
5,312,2,1218,N,True
5,27,bot9__7,1218,N,True
5,27,reel10__5,1218,N,True
5,27,reel21__0,1218,N,True
5,102,reel21__0,1218,N,True
5,5,reel21__0,1218,N,True
5,27,bot29__3,1218,N,True
5,27,bot31__3,1218,N,True
5,89,bot31__3,1218,N,True
5,reel9__2,bot31__3,1218,N,True
5,reel5__4,reel2__6,1218,N,True
5,reel11__5,175,1218,N,True
5,99,175,1218,N,True
5,68,175,1218,N,True
5,102,175,1218,N,True
5,19,175,1218,N,True
5,177,175,1218,N,True
5,278,175,1218,N,True
5,99,225,1218,N,True
5,177,225,1218,N,True
5,68,225,1218,N,True
5,278,225,1218,N,True
5,99,227,1218,N,True
5,68,227,1218,N,True
5,102,227,1218,N,True
5,19,227,1218,N,True
5,reel0__5,227,1218,N,True
5,177,227,1218,N,True
5,278,227,1218,N,True
5,99,143,1218,N,True
5,177,143,1218,N,True
5,68,143,1218,N,True
5,278,143,1218,N,True
5,99,263,1218,N,True
5,68,263,1218,N,True
5,bot43__0,263,1218,N,True
5,reel7__9,263,1218,N,True
5,102,263,1218,N,True
5,99,296,1218,N,True
5,68,296,1218,N,True
5,102,296,1218,N,True
5,106,bot10__7,1218,N,True
5,68,bot10__7,1218,N,True
5,51,bot10__7,1218,N,True
5,bot21__1,reel10__4,1218,N,True
5,68,reel10__4,1218,N,True
5,307,reel10__4,1218,N,True
5,68,bot13__5,1218,N,True
5,68,bot36__1,1218,N,True
5,242,bot36__1,1218,N,True
5,50,reel17__6,1218,N,True
5,118,reel17__6,1218,N,True
5,118,reel21__8,1218,N,True
5,118,bot34__7,1218,N,True
5,118,reel46__3,1218,N,True
5,reel2__0,bot3__8,1218,N,True
5,214,bot3__8,1218,N,True
5,reel40__1,reel21__6,1218,N,True
5,reel16__7,reel21__6,1218,N,True
5,bot21__4,97,1218,N,True
5,reel9__1,97,1218,N,True
5,202,reel2__5,1218,N,True
5,106,reel2__5,1218,N,True
5,bot21__4,reel2__5,1218,N,True
5,reel53__1,bot60__1,1218,N,True
5,reel20__8,bot60__1,1218,N,True
5,229,190,1218,N,True
5,reel41__7,190,1218,N,True
5,bot11__1,190,1218,N,True
5,96,190,1218,N,True
5,229,bot41__3,1218,N,True
5,bot27__5,bot55__1,1218,N,True
5,312,28,1218,N,True
5,41,28,1218,N,True
5,140,28,1218,N,True
5,312,243,1218,N,True
5,41,243,1218,N,True
5,167,243,1218,N,True
5,312,149,1218,N,True
5,343,149,1218,N,True
5,140,326,1218,N,True
5,343,326,1218,N,True
5,41,326,1218,N,True
5,17,326,1218,N,True
5,214,326,1218,N,True
5,312,326,1218,N,True
5,312,44,1218,N,True
5,343,44,1218,N,True
5,41,44,1218,N,True
5,312,226,1218,N,True
5,343,226,1218,N,True
5,41,226,1218,N,True
5,312,220,1218,N,True
5,312,reel6__5,1218,N,True
5,reel49__3,reel6__5,1218,N,True
5,312,bot9__5,1218,N,True
5,184,bot9__5,1218,N,True
5,bot15__7,bot9__5,1218,N,True
5,312,bot10__0,1218,N,True
5,278,bot10__0,1218,N,True
5,312,reel35__9,1218,N,True
5,reel11__2,reel35__9,1218,N,True
5,36,reel35__9,1218,N,True
5,312,reel37__2,1218,N,True
5,bot57__8,reel37__2,1218,N,True
5,312,reel38__2,1218,N,True
5,320,reel1__2,1218,N,True
5,reel33__7,reel1__2,1218,N,True
5,265,reel1__2,1218,N,True
5,265,reel6__2,1218,N,True
5,5,reel6__2,1218,N,True
5,bot39__1,reel6__2,1218,N,True
5,reel15__7,reel22__8,1218,N,True
5,reel48__1,reel22__8,1218,N,True
5,265,reel22__8,1218,N,True
5,80,reel22__8,1218,N,True
5,206,reel41__2,1218,N,True
5,265,reel41__2,1218,N,True
5,265,bot43__1,1218,N,True
5,298,bot43__1,1218,N,True
5,reel29__1,reel58__7,1218,N,True
5,265,reel58__7,1218,N,True
5,reel21__7,reel58__7,1218,N,True
5,reel47__1,bot54__8,1218,N,True
5,reel1__0,reel17__0,1218,N,True
5,bot31__2,reel17__0,1218,N,True
5,reel53__1,reel17__0,1218,N,True
5,161,reel22__4,1218,N,True
5,reel37__5,reel22__4,1218,N,True
5,302,reel42__3,1218,N,True
5,reel37__5,reel42__3,1218,N,True
5,reel45__1,reel42__3,1218,N,True
5,bot52__5,reel42__3,1218,N,True
5,reel3__0,reel9__0,1218,N,True
5,reel3__0,reel32__3,1218,N,True
5,reel27__3,reel32__3,1218,N,True
5,reel3__0,bot34__3,1218,N,True
5,bot12__7,6,1218,N,True
5,89,6,1218,N,True
5,bot10__5,6,1218,N,True
5,19,319,1218,N,True
5,89,319,1218,N,True
5,89,95,1218,N,True
5,reel0__0,147,1218,N,True
5,reel5__2,147,1218,N,True
5,bot13__9,147,1218,N,True
5,89,147,1218,N,True
5,89,bot13__2,1218,N,True
5,89,reel31__6,1218,N,True
5,reel52__8,reel37__4,1218,N,True
5,reel52__8,198,1218,N,True
5,reel9__7,198,1218,N,True
5,reel39__7,198,1218,N,True
5,bot6__4,bot3__6,1218,N,True
5,249,bot3__6,1218,N,True
5,249,bot30__5,1218,N,True
5,61,193,1218,N,True
5,61,bot41__7,1218,N,True
5,reel0__0,bot41__7,1218,N,True
5,reel9__3,bot31__7,1218,N,True
5,reel9__3,reel50__6,1218,N,True
5,reel26__9,reel50__6,1218,N,True
5,reel11__5,bot31__6,1218,N,True
5,bot23__3,bot31__6,1218,N,True
5,reel23__6,reel53__2,1218,N,True
5,reel11__5,reel53__2,1218,N,True
5,66,bot17__7,1218,N,True
5,66,reel21__5,1218,N,True
5,reel33__4,reel34__4,1218,N,True
5,66,reel34__4,1218,N,True
5,reel38__7,reel34__4,1218,N,True
5,reel33__7,reel36__8,1218,N,True
5,62,bot35__4,1218,N,True
5,reel34__0,bot35__4,1218,N,True
5,reel34__0,bot46__3,1218,N,True
5,bot5__3,bot51__5,1218,N,True
5,reel7__5,bot15__8,1218,N,True
5,338,bot15__8,1218,N,True
5,bot48__0,bot15__8,1218,N,True
5,reel40__0,reel22__7,1218,N,True
5,123,reel22__7,1218,N,True
5,237,reel22__7,1218,N,True
5,reel6__9,reel22__7,1218,N,True
5,reel6__9,bot56__6,1218,N,True
5,338,reel1__3,1218,N,True
5,reel50__2,reel53__8,1218,N,True
5,324,reel53__8,1218,N,True
5,338,reel53__8,1218,N,True
5,reel47__2,reel43__6,1218,N,True
5,reel13__4,reel43__6,1218,N,True
5,reel35__5,reel11__6,1218,N,True
5,69,reel11__6,1218,N,True
5,222,240,1218,N,True
5,bot3__5,bot29__8,1218,N,True
5,256,bot29__8,1218,N,True
5,128,bot36__0,1218,N,True
5,bot46__6,bot36__0,1218,N,True
5,bot25__9,bot36__0,1218,N,True
5,224,bot17__5,1218,N,True
5,bot45__0,bot17__5,1218,N,True
5,260,bot17__5,1218,N,True
5,bot55__2,bot40__1,1218,N,True
5,344,reel27__5,1218,N,True
5,reel8__7,reel14__7,1218,N,True
5,reel13__7,reel14__7,1218,N,True
5,bot15__7,reel14__7,1218,N,True
5,reel8__7,bot22__0,1218,N,True
5,256,bot22__0,1218,N,True
5,65,reel18__9,1218,N,True
5,reel5__2,reel18__9,1218,N,True
5,reel11__2,reel18__9,1218,N,True
5,reel13__6,bot49__3,1218,N,True
5,324,reel13__8,1218,N,True
5,reel41__7,reel13__8,1218,N,True
5,reel17__5,reel13__8,1218,N,True
5,bot23__3,reel13__8,1218,N,True
5,bot18__4,reel13__8,1218,N,True
5,62,reel4__5,1218,N,True
5,bot18__4,reel4__5,1218,N,True
5,bot18__4,bot37__4,1218,N,True
5,reel21__9,bot23__8,1218,N,True
5,reel21__9,reel26__1,1218,N,True
5,reel21__7,reel26__1,1218,N,True
5,bot29__1,bot8__9,1218,N,True
5,172,bot8__9,1218,N,True
5,bot27__4,bot8__9,1218,N,True
5,bot19__6,bot2__4,1218,N,True
5,bot27__4,bot2__4,1218,N,True
5,reel35__3,bot41__8,1218,N,True
5,bot53__4,bot41__8,1218,N,True
5,bot53__4,bot54__2,1218,N,True
5,bot0__9,bot2__9,1218,N,True
5,307,bot2__9,1218,N,True
5,307,reel19__3,1218,N,True
5,reel33__9,reel49__2,1218,N,True
5,reel26__7,58,1218,N,True
5,62,reel41__8,1218,N,True
5,reel26__7,reel41__8,1218,N,True
5,bot51__7,bot28__8,1218,N,True
5,139,bot8__7,1218,N,True
5,99,reel19__1,1218,N,True
5,139,reel19__1,1218,N,True
5,reel20__4,reel25__9,1218,N,True
5,139,reel25__9,1218,N,True
5,139,bot51__6,1218,N,True
5,139,bot60__4,1218,N,True
5,bot17__9,279,1218,N,True
5,bot37__7,279,1218,N,True
5,148,bot33__0,1218,N,True
5,bot14__4,bot40__0,1218,N,True
5,148,bot40__0,1218,N,True
5,148,bot48__8,1218,N,True
5,bot11__5,reel2__1,1218,N,True
5,reel1__4,reel2__1,1218,N,True
5,235,bot9__3,1218,N,True
5,80,bot9__3,1218,N,True
5,bot11__1,bot9__3,1218,N,True
5,235,reel10__3,1218,N,True
5,251,reel10__3,1218,N,True
5,reel1__4,bot12__2,1218,N,True
5,bot46__5,bot12__2,1218,N,True
5,reel35__1,157,1218,N,True
5,bot46__5,157,1218,N,True
5,bot58__4,bot2__1,1218,N,True
5,320,reel25__5,1218,N,True
5,96,reel25__5,1218,N,True
5,reel0__5,bot13__7,1218,N,True
5,168,bot13__7,1218,N,True
5,bot19__4,bot13__7,1218,N,True
5,bot19__4,bot56__9,1218,N,True
5,reel35__1,bot47__9,1218,N,True
5,reel0__1,bot37__6,1218,N,True
5,reel12__8,bot37__6,1218,N,True
5,bot60__3,bot37__6,1218,N,True
5,bot25__5,81,1218,N,True
5,reel11__2,81,1218,N,True
5,bot25__5,bot38__6,1218,N,True
5,189,bot38__6,1218,N,True
5,reel11__9,293,1218,N,True
5,19,293,1218,N,True
5,176,reel6__6,1218,N,True
5,19,reel6__6,1218,N,True
5,19,reel8__6,1218,N,True
5,bot19__2,reel15__0,1218,N,True
5,19,reel15__0,1218,N,True
5,reel37__6,reel23__3,1218,N,True
5,19,reel23__3,1218,N,True
5,reel26__5,bot56__0,1218,N,True
5,bot29__1,bot56__0,1218,N,True
5,bot35__7,reel19__0,1218,N,True
5,167,reel19__0,1218,N,True
5,202,173,1218,N,True
5,reel42__2,173,1218,N,True
5,80,173,1218,N,True
5,bot35__7,173,1218,N,True
5,reel35__2,bot42__6,1218,N,True
5,bot10__5,bot42__6,1218,N,True
5,bot10__5,bot43__4,1218,N,True
5,340,bot4__5,1218,N,True
5,340,reel21__2,1218,N,True
5,334,reel21__2,1218,N,True
5,bot19__8,reel14__1,1218,N,True
5,260,reel14__1,1218,N,True
5,165,reel14__1,1218,N,True
5,bot34__8,reel14__1,1218,N,True
5,260,reel15__6,1218,N,True
5,reel2__9,bot32__6,1218,N,True
5,260,bot32__6,1218,N,True
5,reel16__3,reel26__2,1218,N,True
5,5,reel26__2,1218,N,True
5,224,reel46__6,1218,N,True
5,reel16__3,reel46__6,1218,N,True
5,bot51__9,259,1218,N,True
5,245,259,1218,N,True
5,reel34__9,259,1218,N,True
5,110,259,1218,N,True
5,336,reel7__1,1218,N,True
5,324,reel7__1,1218,N,True
5,reel17__5,bot19__0,1218,N,True
5,336,bot19__0,1218,N,True
5,reel28__7,reel34__6,1218,N,True
5,16,reel34__6,1218,N,True
5,99,131,1218,N,True
5,177,131,1218,N,True
5,278,131,1218,N,True
5,reel0__1,reel2__8,1218,N,True
5,99,reel2__8,1218,N,True
5,51,reel2__8,1218,N,True
5,99,reel13__5,1218,N,True
5,161,bot2__8,1218,N,True
5,189,bot2__8,1218,N,True
5,189,bot56__2,1218,N,True
5,bot36__6,bot13__0,1218,N,True
5,41,reel20__3,1218,N,True
5,158,reel20__3,1218,N,True
5,206,bot36__5,1218,N,True
5,158,bot36__5,1218,N,True
5,245,8,1218,N,True
5,reel21__7,8,1218,N,True
5,110,8,1218,N,True
5,reel21__7,bot32__7,1218,N,True
5,reel21__7,reel42__7,1218,N,True
5,41,93,1218,N,True
5,32,93,1218,N,True
5,167,93,1218,N,True
5,bot43__3,bot38__8,1218,N,True
5,bot43__3,bot50__6,1218,N,True
5,bot26__0,bot13__3,1218,N,True
5,184,reel29__3,1218,N,True
5,184,bot50__9,1218,N,True
5,reel18__0,reel16__4,1218,N,True
5,176,reel16__4,1218,N,True
5,reel18__0,reel59__3,1218,N,True
5,331,reel2__4,1218,N,True
5,331,reel59__9,1218,N,True
5,202,bot5__1,1218,N,True
5,276,bot5__1,1218,N,True
5,276,reel27__2,1218,N,True
5,reel10__7,bot24__3,1218,N,True
5,reel12__1,bot24__3,1218,N,True
5,reel10__7,bot34__2,1218,N,True
5,278,bot34__2,1218,N,True
5,reel10__7,reel42__0,1218,N,True
5,bot21__2,bot19__3,1218,N,True
5,84,bot19__3,1218,N,True
5,bot21__2,bot37__8,1218,N,True
5,bot12__9,bot26__9,1218,N,True
5,reel29__2,bot48__9,1218,N,True
5,reel28__5,reel24__8,1218,N,True
5,reel28__5,reel44__6,1218,N,True
5,108,reel44__6,1218,N,True
5,172,reel3__6,1218,N,True
5,172,bot5__4,1218,N,True
5,172,bot11__6,1218,N,True
5,172,bot15__0,1218,N,True
5,110,bot15__0,1218,N,True
5,bot15__7,bot32__4,1218,N,True
5,bot18__7,reel1__1,1218,N,True
5,251,reel55__1,1218,N,True
5,bot16__3,321,1218,N,True
5,bot16__3,bot39__3,1218,N,True
5,343,333,1218,N,True
5,reel18__4,333,1218,N,True
5,214,333,1218,N,True
5,reel12__1,reel0__2,1218,N,True
5,reel5__5,reel0__2,1218,N,True
5,214,reel0__2,1218,N,True
5,reel43__3,reel30__8,1218,N,True
5,214,reel30__8,1218,N,True
5,214,bot52__8,1218,N,True
5,bot25__9,bot44__2,1218,N,True
5,128,reel8__9,1218,N,True
5,bot43__0,reel8__9,1218,N,True
5,reel50__2,reel37__8,1218,N,True
5,reel9__2,reel37__8,1218,N,True
5,reel0__8,reel37__8,1218,N,True
5,36,reel17__2,1218,N,True
5,30,bot39__8,1218,N,True
5,reel29__7,reel40__3,1218,N,True
5,32,reel40__3,1218,N,True
5,reel7__0,reel36__5,1218,N,True
5,bot7__4,bot25__0,1218,N,True
5,reel5__9,reel25__6,1218,N,True
5,245,reel25__6,1218,N,True
5,bot36__2,reel25__6,1218,N,True
5,bot36__2,bot13__6,1218,N,True
5,bot36__2,bot57__3,1218,N,True
5,110,bot22__1,1218,N,True
5,104,bot22__1,1218,N,True
5,bot39__1,bot22__8,1218,N,True
5,104,bot22__8,1218,N,True
5,bot23__3,bot55__9,1218,N,True
5,bot8__5,bot10__2,1218,N,True
5,bot25__4,reel11__7,1218,N,True
5,reel1__8,reel11__7,1218,N,True
5,reel56__3,reel11__7,1218,N,True
5,reel20__5,reel45__6,1218,N,True
5,278,46,1218,N,True
5,177,46,1218,N,True
5,reel54__3,46,1218,N,True
5,reel55__4,reel11__4,1218,N,True
5,reel35__3,reel51__7,1218,N,True
5,reel24__5,reel51__7,1218,N,True
5,72,reel28__9,1218,N,True
5,72,reel41__5,1218,N,True
5,bot14__4,bot46__2,1218,N,True
5,51,bot46__2,1218,N,True
5,reel39__7,bot47__2,1218,N,True
5,bot46__8,bot57__5,1218,N,True
5,reel39__7,bot57__5,1218,N,True
5,237,bot9__0,1218,N,True
5,237,reel18__1,1218,N,True
5,224,bot16__6,1218,N,True
5,59,bot16__6,1218,N,True
5,224,reel39__5,1218,N,True
5,69,bot59__7,1218,N,True
5,bot23__0,bot59__7,1218,N,True
5,bot20__7,bot11__8,1218,N,True
5,80,bot11__8,1218,N,True
5,reel5__5,bot11__8,1218,N,True
5,reel5__5,reel30__6,1218,N,True
5,reel12__1,reel48__3,1218,N,True
5,reel5__5,reel48__3,1218,N,True
5,reel2__2,bot27__0,1218,N,True
5,bot56__1,bot27__0,1218,N,True
5,reel2__2,bot60__7,1218,N,True
5,245,91,1218,N,True
5,110,91,1218,N,True
5,110,reel31__0,1218,N,True
5,110,bot40__6,1218,N,True
5,110,bot44__3,1218,N,True
5,reel9__7,bot12__3,1218,N,True
5,bot2__2,bot12__3,1218,N,True
5,129,347,1218,N,True
5,bot29__1,347,1218,N,True
5,22,347,1218,N,True
5,168,347,1218,N,True
5,reel0__5,bot15__9,1218,N,True
5,22,bot15__9,1218,N,True
5,22,bot59__3,1218,N,True
5,161,bot33__6,1218,N,True
5,161,reel52__0,1218,N,True
5,bot21__3,bot42__3,1218,N,True
5,reel0__1,42,1218,N,True
5,reel0__1,bot2__0,1218,N,True
5,bot45__6,bot2__0,1218,N,True
5,199,bot2__0,1218,N,True
5,bot32__5,bot44__4,1218,N,True
5,reel13__0,reel57__1,1218,N,True
5,reel9__1,reel57__1,1218,N,True
5,256,reel57__1,1218,N,True
5,32,reel41__3,1218,N,True
5,reel18__4,reel41__3,1218,N,True
5,343,bot48__3,1218,N,True
5,reel28__4,bot48__3,1218,N,True
5,reel28__4,reel49__7,1218,N,True
5,reel0__8,reel25__2,1218,N,True
5,reel0__8,reel58__8,1218,N,True
5,bot8__2,bot37__0,1218,N,True
5,bot4__3,bot37__0,1218,N,True
5,343,reel27__4,1218,N,True
5,51,reel27__4,1218,N,True
5,reel23__6,reel29__4,1218,N,True
5,283,reel29__4,1218,N,True
5,51,reel29__4,1218,N,True
5,51,bot45__5,1218,N,True
5,bot8__2,bot6__1,1218,N,True
5,bot8__6,bot0__0,1218,N,True
5,283,bot0__0,1218,N,True
5,73,bot0__0,1218,N,True
5,283,bot53__8,1218,N,True
5,reel20__4,216,1218,N,True
5,reel8__8,216,1218,N,True
5,reel8__8,bot53__2,1218,N,True
5,reel4__4,reel54__7,1218,N,True
5,reel8__8,reel54__7,1218,N,True
5,199,reel52__6,1218,N,True
5,reel13__0,bot21__5,1218,N,True
5,bot16__8,bot21__5,1218,N,True
5,reel13__0,bot35__2,1218,N,True
5,134,bot35__2,1218,N,True
5,reel13__0,reel46__7,1218,N,True
5,reel30__0,bot38__9,1218,N,True
5,reel30__0,reel46__0,1218,N,True
5,reel24__5,reel57__9,1218,N,True
5,268,reel28__0,1218,N,True
5,301,reel23__8,1218,N,True
5,301,reel47__8,1218,N,True
5,bot46__8,bot35__6,1218,N,True
5,270,reel6__7,1218,N,True
5,reel5__9,reel6__7,1218,N,True
5,270,bot19__9,1218,N,True
5,245,bot49__9,1218,N,True
5,302,reel19__5,1218,N,True
5,reel44__9,reel49__8,1218,N,True
5,79,reel10__1,1218,N,True
5,79,reel41__0,1218,N,True
5,79,bot47__1,1218,N,True
5,bot5__5,bot50__1,1218,N,True
5,bot11__2,bot50__1,1218,N,True
5,reel20__1,bot50__3,1218,N,True
5,bot11__2,bot50__3,1218,N,True
5,53,reel12__7,1218,N,True
5,reel16__7,reel12__7,1218,N,True
5,53,reel44__7,1218,N,True
5,reel2__9,reel32__4,1218,N,True
5,reel2__9,bot41__9,1218,N,True
5,reel2__9,reel44__5,1218,N,True
5,343,bot37__2,1218,N,True
5,343,reel40__2,1218,N,True
5,84,reel40__2,1218,N,True
5,reel8__2,reel17__8,1218,N,True
5,62,reel17__8,1218,N,True
5,reel8__2,bot20__0,1218,N,True
5,reel4__4,reel50__1,1218,N,True
5,reel8__2,reel50__1,1218,N,True
5,reel19__4,reel56__9,1218,N,True
5,140,reel56__9,1218,N,True
5,177,reel31__7,1218,N,True
5,bot0__2,bot18__8,1218,N,True
5,80,bot16__9,1218,N,True
5,80,reel39__3,1218,N,True
5,reel13__7,reel39__3,1218,N,True
5,168,reel39__3,1218,N,True
5,80,reel40__8,1218,N,True
5,reel15__4,124,1218,N,True
5,reel16__7,bot28__1,1218,N,True
5,bot16__8,bot51__3,1218,N,True
5,reel16__7,bot51__3,1218,N,True
5,reel16__7,reel59__7,1218,N,True
5,reel36__7,reel51__2,1218,N,True
5,bot45__6,bot1__2,1218,N,True
5,73,bot1__2,1218,N,True
5,reel0__5,reel21__3,1218,N,True
5,120,reel21__3,1218,N,True
5,73,reel21__3,1218,N,True
5,108,bot1__9,1218,N,True
5,108,reel44__1,1218,N,True
5,reel55__7,70,1218,N,True
5,228,bot52__6,1218,N,True
5,reel0__5,bot9__1,1218,N,True
5,134,reel5__3,1218,N,True
5,134,reel15__2,1218,N,True
5,reel42__8,reel58__0,1218,N,True
5,127,reel58__0,1218,N,True
5,176,bot0__8,1218,N,True
5,32,reel14__2,1218,N,True
5,reel13__7,reel14__2,1218,N,True
5,62,bot27__2,1218,N,True
5,reel13__7,bot27__2,1218,N,True
5,reel0__0,bot14__8,1218,N,True
5,reel0__0,reel30__9,1218,N,True
5,62,bot40__5,1218,N,True
5,bot6__4,bot40__5,1218,N,True
5,reel7__9,bot49__1,1218,N,True
5,bot20__7,bot44__7,1218,N,True
5,bot33__9,bot44__7,1218,N,True
5,bot33__9,bot51__1,1218,N,True
5,123,reel15__1,1218,N,True
5,123,bot18__3,1218,N,True
5,298,reel50__0,1218,N,True
5,bot8__6,bot35__8,1218,N,True
5,reel24__7,reel22__0,1218,N,True
5,140,bot47__3,1218,N,True
5,127,reel6__4,1218,N,True
5,reel45__1,reel6__4,1218,N,True
5,bot56__1,bot60__5,1218,N,True
5,reel34__9,bot56__4,1218,N,True
5,168,reel5__8,1218,N,True
5,bot36__4,bot4__6,1218,N,True
5,266,bot4__6,1218,N,True
5,bot2__7,bot4__6,1218,N,True
5,266,reel7__7,1218,N,True
5,266,bot20__5,1218,N,True
5,266,bot34__4,1218,N,True
5,266,reel47__6,1218,N,True
5,bot2__7,bot44__9,1218,N,True
5,bot25__2,90,1218,N,True
5,reel49__1,244,1218,N,True
5,59,bot24__2,1218,N,True
5,reel1__8,bot15__5,1218,N,True
5,reel1__8,reel56__1,1218,N,True
5,reel23__7,bot38__0,1218,N,True
5,reel41__7,bot42__7,1218,N,True
5,reel41__7,bot51__0,1218,N,True
5,288,bot24__9,1218,N,True
5,129,reel24__6,1218,N,True
5,129,reel43__7,1218,N,True
5,bot37__9,reel8__0,1218,N,True
5,bot37__9,bot58__7,1218,N,True
5,reel17__5,bot41__5,1218,N,True
5,5,316,1218,N,True
5,reel22__2,reel34__5,1218,N,True
5,reel22__2,reel43__5,1218,N,True
5,reel22__2,bot49__7,1218,N,True
5,334,reel32__9,1218,N,True
5,334,bot57__2,1218,N,True
5,reel20__1,bot57__1,1218,N,True
5,reel27__1,reel54__4,1218,N,True
5,bot6__9,233,1218,N,True
5,256,233,1218,N,True
5,256,reel49__9,1218,N,True
5,reel1__0,241,1218,N,True
5,41,bot1__3,1218,N,True
5,bot2__2,bot40__3,1218,N,True
5,reel4__4,bot5__6,1218,N,True
5,reel4__4,reel54__0,1218,N,True
5,50,reel57__8,1218,N,True
5,bot45__6,bot53__0,1218,N,True
5,325,bot53__0,1218,N,True
5,bot32__8,155,1218,N,True
5,reel9__2,reel13__9,1218,N,True
5,reel45__1,bot54__4,1218,N,True
5,17,reel3__3,1218,N,True
5,17,reel28__6,1218,N,True
5,17,reel35__0,1218,N,True
5,reel33__3,bot49__4,1218,N,True
5,156,bot51__8,1218,N,True
5,bot27__1,bot37__5,1218,N,True
5,reel42__2,reel53__3,1218,N,True
5,bot0__9,bot30__9,1218,N,True
5,reel27__3,bot55__4,1218,N,True
5,120,bot40__9,1218,N,True
5,reel38__6,bot58__5,1218,N,True
5,reel32__6,reel29__8,1218,N,True
5,317,bot37__3,1218,N,True
5,reel35__2,bot38__5,1218,N,True
5,reel23__6,bot31__5,1218,N,True
5,reel23__6,bot38__4,1218,N,True
5,bot5__5,bot20__3,1218,N,True
5,bot9__5,bot43__2,1219,N,True
5,135,bot43__2,1219,N,True
5,bot15__2,bot50__7,1219,N,True
5,reel11__7,bot50__7,1219,N,True
5,bot57__4,bot50__7,1219,N,True
5,bot12__3,bot50__7,1219,N,True
5,reel27__4,reel45__5,1219,N,True
5,reel42__0,reel45__5,1219,N,True
5,bot20__7,bot31__8,1219,N,True
5,bot16__7,bot31__8,1219,N,True
5,321,reel31__4,1219,N,True
5,reel22__3,reel31__4,1219,N,True
5,reel36__1,reel31__4,1219,N,True
5,reel15__4,reel31__4,1219,N,True
5,58,reel44__2,1219,N,True
5,reel36__1,reel44__2,1219,N,True
5,reel49__5,reel44__2,1219,N,True
5,reel37__9,reel44__2,1219,N,True
5,162,bot4__2,1219,N,True
5,309,bot4__2,1219,N,True
5,bot27__7,bot4__2,1219,N,True
5,309,bot19__5,1219,N,True
5,245,bot19__5,1219,N,True
5,reel11__1,bot19__5,1219,N,True
5,309,bot22__7,1219,N,True
5,reel5__9,reel16__3,1219,N,True
5,230,reel16__3,1219,N,True
5,bot50__2,reel16__3,1219,N,True
5,bot21__0,reel16__3,1219,N,True
5,reel46__6,reel16__3,1219,N,True
5,reel23__2,reel24__3,1219,N,True
5,reel23__2,reel46__1,1219,N,True
5,reel30__5,reel46__1,1219,N,True
5,bot45__8,bot10__7,1219,N,True
5,68,bot10__7,1219,N,True
5,51,bot10__7,1219,N,True
5,reel9__3,bot32__5,1219,N,True
5,reel5__9,bot32__5,1219,N,True
5,bot18__2,bot32__5,1219,N,True
5,reel32__8,bot47__6,1219,N,True
5,reel12__7,bot37__0,1219,N,True
5,reel40__1,bot41__4,1219,N,True
5,reel12__0,bot41__4,1219,N,True
5,bot11__4,bot4__8,1219,N,True
5,97,bot4__8,1219,N,True
5,bot2__2,bot4__8,1219,N,True
5,bot39__8,bot58__2,1219,N,True
5,bot42__8,bot58__2,1219,N,True
5,bot15__7,bot58__2,1219,N,True
5,bot8__0,219,1219,N,True
5,reel53__6,219,1219,N,True
5,319,219,1219,N,True
5,reel12__5,219,1219,N,True
5,reel33__8,219,1219,N,True
5,bot6__7,219,1219,N,True
5,89,219,1219,N,True
5,reel50__5,219,1219,N,True
5,bot6__7,bot44__4,1219,N,True
5,162,bot44__4,1219,N,True
5,bot27__5,bot55__1,1219,N,True
5,35,bot55__1,1219,N,True
5,reel10__4,reel37__0,1219,N,True
5,reel49__8,reel37__0,1219,N,True
5,138,reel37__0,1219,N,True
5,reel7__4,reel37__0,1219,N,True
5,bot7__9,bot10__4,1219,N,True
5,reel0__3,bot10__4,1219,N,True
5,bot15__4,bot10__4,1219,N,True
5,bot50__5,bot10__4,1219,N,True
5,reel4__0,reel28__1,1219,N,True
5,157,reel28__1,1219,N,True
5,bot47__1,reel28__1,1219,N,True
5,reel50__1,reel28__1,1219,N,True
5,46,reel28__1,1219,N,True
5,bot8__0,131,1219,N,True
5,227,131,1219,N,True
5,reel57__8,131,1219,N,True
5,bot16__9,131,1219,N,True
5,143,131,1219,N,True
5,bot42__9,131,1219,N,True
5,bot50__0,131,1219,N,True
5,177,131,1219,N,True
5,278,131,1219,N,True
5,bot47__4,reel31__6,1219,N,True
5,89,reel31__6,1219,N,True
5,46,bot37__2,1219,N,True
5,reel8__8,bot53__2,1219,N,True
5,46,bot53__2,1219,N,True
5,284,reel8__6,1219,N,True
5,19,reel8__6,1219,N,True
5,107,bot5__8,1219,N,True
5,177,bot5__8,1219,N,True
5,bot13__2,bot5__8,1219,N,True
5,reel9__3,reel50__6,1219,N,True
5,bot25__6,bot19__7,1219,N,True
5,reel39__9,reel13__1,1219,N,True
5,71,reel13__1,1219,N,True
5,reel26__0,reel13__1,1219,N,True
5,71,bot24__4,1219,N,True
5,reel12__0,bot24__4,1219,N,True
5,bot29__7,bot24__4,1219,N,True
5,278,bot24__4,1219,N,True
5,reel13__9,bot40__8,1219,N,True
5,reel13__9,reel42__6,1219,N,True
5,reel36__4,reel42__6,1219,N,True
5,reel13__9,bot52__9,1219,N,True
5,321,bot26__8,1219,N,True
5,226,bot26__8,1219,N,True
5,bot49__7,bot26__8,1219,N,True
5,reel47__3,reel12__6,1219,N,True
5,195,reel12__6,1219,N,True
5,117,reel12__6,1219,N,True
5,bot21__7,reel12__6,1219,N,True
5,237,reel12__6,1219,N,True
5,bot55__5,179,1219,N,True
5,145,179,1219,N,True
5,90,179,1219,N,True
5,reel7__4,179,1219,N,True
5,bot26__5,bot2__6,1219,N,True
5,reel17__7,reel38__8,1219,N,True
5,reel55__0,reel38__8,1219,N,True
5,reel40__5,reel38__8,1219,N,True
5,reel42__3,reel45__1,1219,N,True
5,reel6__4,reel45__1,1219,N,True
5,reel42__3,bot60__6,1219,N,True
5,bot10__1,bot60__6,1219,N,True
5,bot43__4,bot60__6,1219,N,True
5,bot4__7,259,1219,N,True
5,201,259,1219,N,True
5,reel34__9,259,1219,N,True
5,110,259,1219,N,True
5,bot16__5,259,1219,N,True
5,bot25__3,259,1219,N,True
5,245,259,1219,N,True
5,reel2__2,bot60__7,1219,N,True
5,reel41__1,bot60__7,1219,N,True
5,reel45__7,reel38__2,1219,N,True
5,bot35__0,bot32__3,1219,N,True
5,157,bot32__3,1219,N,True
5,bot7__4,bot32__3,1219,N,True
5,275,bot32__3,1219,N,True
5,bot12__4,bot40__6,1219,N,True
5,bot48__2,bot40__6,1219,N,True
5,bot55__6,bot40__6,1219,N,True
5,110,bot40__6,1219,N,True
5,bot10__1,bot46__2,1219,N,True
5,bot52__2,bot46__2,1219,N,True
5,51,bot46__2,1219,N,True
5,bot43__7,bot52__0,1219,N,True
5,143,bot52__0,1219,N,True
5,reel40__8,bot46__0,1219,N,True
5,bot20__0,bot46__0,1219,N,True
5,bot60__2,bot46__0,1219,N,True
5,bot11__8,bot46__0,1219,N,True
5,139,bot60__4,1219,N,True
5,reel55__1,bot60__4,1219,N,True
5,bot25__1,reel22__1,1219,N,True
5,reel6__4,reel22__1,1219,N,True
5,reel42__5,reel48__4,1219,N,True
5,reel26__3,reel48__4,1219,N,True
5,336,bot10__5,1219,N,True
5,bot43__4,bot10__5,1219,N,True
5,bot25__5,81,1219,N,True
5,reel27__6,81,1219,N,True
5,reel47__3,bot48__6,1219,N,True
5,reel29__7,reel25__1,1219,N,True
5,177,reel25__1,1219,N,True
5,reel28__4,reel25__1,1219,N,True
5,reel11__1,reel25__1,1219,N,True
5,reel40__8,reel19__8,1219,N,True
5,251,reel19__8,1219,N,True
5,19,reel19__8,1219,N,True
5,bot1__9,bot36__3,1219,N,True
5,reel4__9,bot36__3,1219,N,True
5,36,bot36__3,1219,N,True
5,47,bot55__2,1219,N,True
5,reel26__5,bot55__2,1219,N,True
5,bot15__4,bot48__9,1219,N,True
5,reel29__2,bot48__9,1219,N,True
5,bot15__9,bot35__6,1219,N,True
5,reel6__5,bot35__6,1219,N,True
5,bot45__9,reel44__4,1219,N,True
5,reel27__8,bot30__2,1219,N,True
5,reel16__0,bot30__2,1219,N,True
5,reel16__0,reel47__2,1219,N,True
5,bot35__8,bot47__9,1219,N,True
5,reel4__9,reel56__6,1219,N,True
5,reel19__6,reel56__6,1219,N,True
5,reel3__1,reel40__2,1219,N,True
5,bot54__8,bot49__5,1219,N,True
5,bot35__0,bot49__5,1219,N,True
5,reel19__3,183,1219,N,True
5,reel6__3,bot32__4,1219,N,True
5,bot15__7,bot32__4,1219,N,True
5,bot50__5,bot56__5,1219,N,True
5,reel24__1,bot56__9,1219,N,True
5,reel2__2,61,1219,N,True
5,23,61,1219,N,True
5,reel33__3,61,1219,N,True
5,23,bot19__4,1219,N,True
5,bot11__3,bot19__4,1219,N,True
5,reel13__7,reel14__7,1219,N,True
5,bot15__7,reel14__7,1219,N,True
5,bot30__7,bot9__6,1219,N,True
5,251,bot9__6,1219,N,True
5,251,bot17__0,1219,N,True
5,bot16__3,bot23__4,1219,N,True
5,bot16__3,bot39__3,1219,N,True
5,bot9__2,bot39__3,1219,N,True
5,bot42__4,bot39__3,1219,N,True
5,reel14__4,reel35__1,1219,N,True
5,157,reel35__1,1219,N,True
5,reel11__6,bot42__3,1219,N,True
5,bot21__3,bot42__3,1219,N,True
5,reel27__8,reel50__4,1219,N,True
5,reel12__0,bot53__6,1219,N,True
5,reel8__5,reel30__4,1219,N,True
5,36,reel30__4,1219,N,True
5,36,reel35__9,1219,N,True
5,reel29__6,bot51__2,1219,N,True
5,47,reel33__1,1219,N,True
5,177,reel33__1,1219,N,True
5,47,reel55__2,1219,N,True
5,bot8__7,bot14__8,1219,N,True
5,bot22__4,bot59__7,1219,N,True
5,reel28__6,bot30__1,1219,N,True
5,bot3__7,bot30__1,1219,N,True
5,reel54__4,reel41__0,1219,N,True
5,bot4__5,bot9__0,1219,N,True
5,237,bot9__0,1219,N,True
5,bot18__8,bot9__0,1219,N,True
5,149,bot59__3,1219,N,True
5,reel55__1,bot59__3,1219,N,True
5,reel22__0,reel36__0,1219,N,True
5,reel35__6,reel36__0,1219,N,True
5,reel29__0,reel36__0,1219,N,True
5,reel22__0,bot47__0,1219,N,True
5,reel14__3,bot28__4,1219,N,True
5,191,bot28__4,1219,N,True
5,reel2__2,bot8__2,1219,N,True
5,bot6__1,bot8__2,1219,N,True
5,201,91,1219,N,True
5,245,91,1219,N,True
5,110,91,1219,N,True
5,110,reel31__0,1219,N,True
5,110,reel51__3,1219,N,True
5,51,reel53__0,1219,N,True
5,reel36__4,reel53__1,1219,N,True
5,bot60__1,reel53__1,1219,N,True
5,reel17__0,reel53__1,1219,N,True
5,reel36__4,reel55__7,1219,N,True
5,reel52__5,bot53__5,1219,N,True
5,reel17__0,bot31__2,1219,N,True
5,reel28__7,255,1219,N,True
5,reel22__3,255,1219,N,True
5,bot2__1,bot6__5,1219,N,True
5,bot22__2,bot6__5,1219,N,True
5,reel2__1,bot6__5,1219,N,True
5,reel39__5,bot54__4,1219,N,True
5,reel5__9,bot14__0,1219,N,True
5,reel43__2,bot46__8,1219,N,True
5,reel21__4,bot46__8,1219,N,True
5,reel15__4,reel31__9,1219,N,True
5,reel6__5,316,1219,N,True
5,reel6__5,bot30__3,1219,N,True
5,reel12__2,reel58__8,1219,N,True
5,reel23__4,bot40__3,1219,N,True
5,bot2__2,bot40__3,1219,N,True
5,reel43__7,bot54__5,1219,N,True
5,reel34__9,bot56__4,1219,N,True
5,149,bot48__7,1219,N,True
5,bot32__8,bot48__7,1219,N,True
5,reel41__7,bot42__7,1219,N,True
5,bot4__9,34,1219,N,True
5,bot26__9,34,1219,N,True
5,bot6__9,233,1219,N,True
5,reel29__0,233,1219,N,True
5,reel48__3,233,1219,N,True
5,256,233,1219,N,True
5,reel54__5,reel32__5,1219,N,True
5,reel27__1,reel32__5,1219,N,True
5,reel32__3,bot33__7,1219,N,True
5,279,bot17__7,1219,N,True
5,bot51__0,bot58__7,1219,N,True
5,reel38__4,reel58__9,1219,N,True
5,reel36__6,bot50__8,1219,N,True
5,bot34__4,bot26__4,1219,N,True
5,120,bot6__2,1219,N,True
5,120,bot40__7,1219,N,True
5,bot20__7,bot44__7,1219,N,True
6,reel49__2,reel33__9,1200,N,False
6,reel25__2,reel36__8,1200,N,False
6,reel48__4,reel51__9,1200,N,False
6,49,reel58__3,1200,N,False
6,reel55__5,145,1200,N,False
6,179,145,1200,N,False
6,179,reel3__9,1200,N,False
6,reel34__2,reel36__5,1200,N,False
6,bot52__9,reel40__9,1200,N,False
6,bot37__4,reel27__5,1200,N,False
6,bot6__5,bot32__2,1200,N,False
6,reel13__9,bot40__8,1200,N,False
6,reel13__9,bot49__2,1200,N,False
6,bot0__7,bot36__1,1200,N,False
6,reel30__0,reel46__0,1200,N,False
6,bot26__9,bot12__9,1200,N,False
6,reel55__0,reel38__8,1200,N,False
6,reel32__3,reel19__5,1200,N,False
6,reel5__2,bot18__5,1200,N,False
6,reel53__1,bot60__1,1200,N,False
6,reel47__2,reel16__0,1200,N,False
6,bot56__1,bot27__0,1200,N,False
6,reel2__3,bot41__0,1200,N,False
6,reel41__1,bot60__7,1200,N,False
6,reel37__9,reel20__4,1200,N,False
6,reel28__6,bot30__1,1200,N,False
6,reel23__8,301,1200,N,False
6,reel23__8,reel25__0,1200,N,False
6,reel21__2,reel45__4,1200,N,False
6,reel26__1,reel21__9,1200,N,False
6,306,4,1201,N,False
6,152,4,1201,N,False
6,195,4,1201,N,False
6,306,275,1201,N,False
6,152,275,1201,N,False
6,195,275,1201,N,False
6,306,78,1201,N,False
6,195,78,1201,N,False
6,306,reel29__9,1201,N,False
6,reel38__3,reel29__9,1201,N,False
6,108,reel0__8,1201,N,False
6,bot7__4,reel0__8,1201,N,False
6,135,reel0__8,1201,N,False
6,135,reel43__7,1201,N,False
6,340,bot21__3,1201,N,False
6,reel44__2,reel37__9,1201,N,False
6,bot52__6,reel37__9,1201,N,False
6,340,reel37__9,1201,N,False
6,251,bot9__6,1201,N,False
6,bot8__2,bot9__6,1201,N,False
6,250,bot9__6,1201,N,False
6,bot8__2,bot37__0,1201,N,False
6,320,reel25__5,1201,N,False
6,96,reel25__5,1201,N,False
6,bot31__9,bot51__4,1201,N,False
6,278,86,1201,N,False
6,bot27__1,86,1201,N,False
6,227,86,1201,N,False
6,reel5__3,86,1201,N,False
6,reel5__3,bot7__0,1201,N,False
6,bot33__2,bot16__1,1201,N,False
6,bot33__2,reel5__5,1201,N,False
6,bot33__2,bot43__7,1201,N,False
6,bot37__9,126,1201,N,False
6,260,126,1201,N,False
6,73,126,1201,N,False
6,121,206,1201,N,False
6,260,206,1201,N,False
6,44,reel15__6,1201,N,False
6,260,reel15__6,1201,N,False
6,reel43__6,reel15__6,1201,N,False
6,reel43__6,reel55__0,1201,N,False
6,288,bot1__7,1201,N,False
6,73,bot1__7,1201,N,False
6,288,bot24__9,1201,N,False
6,288,reel53__5,1201,N,False
6,reel27__1,reel0__1,1201,N,False
6,reel2__8,reel0__1,1201,N,False
6,reel7__3,bot20__5,1201,N,False
6,reel11__6,330,1201,N,False
6,94,330,1201,N,False
6,320,80,1201,N,False
6,reel40__8,80,1201,N,False
6,94,80,1201,N,False
6,94,24,1201,N,False
6,bot31__0,254,1201,N,False
6,94,254,1201,N,False
6,94,101,1201,N,False
6,250,reel31__9,1201,N,False
6,250,bot56__4,1201,N,False
6,bot17__4,reel15__7,1201,N,False
6,140,reel15__7,1201,N,False
6,bot17__4,bot34__0,1201,N,False
6,337,41,1201,N,False
6,140,41,1201,N,False
6,230,41,1201,N,False
6,44,41,1201,N,False
6,144,41,1201,N,False
6,230,97,1201,N,False
6,230,253,1201,N,False
6,bot35__5,reel1__1,1201,N,False
6,230,reel1__1,1201,N,False
6,bot13__3,bot26__0,1201,N,False
6,bot37__9,bot1__5,1201,N,False
6,reel13__0,reel57__1,1201,N,False
6,reel35__9,reel49__2,1201,N,False
6,reel35__9,reel55__2,1201,N,False
6,121,reel15__9,1201,N,False
6,reel10__4,68,1201,N,False
6,227,68,1201,N,False
6,bot10__7,68,1201,N,False
6,reel22__4,reel37__5,1201,N,False
6,reel30__8,reel43__1,1201,N,False
6,reel31__1,reel43__1,1201,N,False
6,reel2__7,bot45__4,1201,N,False
6,23,155,1201,N,False
6,bot2__1,155,1201,N,False
6,reel17__8,155,1201,N,False
6,bot2__1,bot3__6,1201,N,False
6,bot2__1,bot6__5,1201,N,False
6,reel34__8,154,1201,N,False
6,44,20,1201,N,False
6,333,20,1201,N,False
6,44,111,1201,N,False
6,337,111,1201,N,False
6,reel10__1,111,1201,N,False
6,44,bot42__0,1201,N,False
6,bot7__2,bot10__8,1201,N,False
6,reel27__0,bot44__8,1201,N,False
6,reel2__3,bot5__5,1201,N,False
6,bot0__1,bot5__5,1201,N,False
6,reel2__3,reel42__8,1201,N,False
6,5,reel42__8,1201,N,False
6,bot22__3,bot17__8,1201,N,False
6,bot1__6,bot17__8,1201,N,False
6,bot1__6,bot27__3,1201,N,False
6,197,reel9__3,1201,N,False
6,bot26__1,reel9__3,1201,N,False
6,bot11__4,bot4__8,1201,N,False
6,bot6__7,bot16__8,1201,N,False
6,bot11__4,bot16__8,1201,N,False
6,reel6__5,316,1201,N,False
6,5,316,1201,N,False
6,5,reel6__2,1201,N,False
6,reel48__7,reel16__6,1201,N,False
6,23,175,1201,N,False
6,227,175,1201,N,False
6,reel11__5,175,1201,N,False
6,reel52__0,175,1201,N,False
6,278,175,1201,N,False
6,reel52__0,reel10__9,1201,N,False
6,327,reel10__9,1201,N,False
6,8,245,1201,N,False
6,23,245,1201,N,False
6,8,259,1201,N,False
6,reel5__1,259,1201,N,False
6,110,259,1201,N,False
6,8,264,1201,N,False
6,110,264,1201,N,False
6,8,reel30__9,1201,N,False
6,8,bot57__5,1201,N,False
6,144,28,1201,N,False
6,reel13__8,28,1201,N,False
6,140,28,1201,N,False
6,reel13__8,bot23__3,1201,N,False
6,reel13__8,bot50__0,1201,N,False
6,reel59__5,reel41__6,1201,N,False
6,49,bot15__0,1201,N,False
6,110,bot15__0,1201,N,False
6,reel44__4,reel0__0,1201,N,False
6,reel44__4,bot45__9,1201,N,False
6,bot35__2,bot59__8,1201,N,False
6,bot35__5,reel29__0,1201,N,False
6,227,reel29__0,1201,N,False
6,reel29__4,reel23__6,1201,N,False
6,337,167,1201,N,False
6,reel14__6,167,1201,N,False
6,bot0__1,167,1201,N,False
6,bot58__8,167,1201,N,False
6,227,225,1201,N,False
6,278,225,1201,N,False
6,278,46,1201,N,False
6,278,bot10__0,1201,N,False
6,278,bot34__2,1201,N,False
6,reel22__9,reel54__5,1201,N,False
6,reel18__9,reel54__5,1201,N,False
6,bot6__7,219,1201,N,False
6,bot6__7,bot12__8,1201,N,False
6,bot6__7,bot47__3,1201,N,False
6,140,bot47__3,1201,N,False
6,reel27__1,reel32__5,1201,N,False
6,bot27__5,bot55__1,1201,N,False
6,bot35__6,bot46__8,1201,N,False
6,reel10__4,bot27__8,1201,N,False
6,reel4__3,bot27__8,1201,N,False
6,reel10__4,reel38__4,1201,N,False
6,reel22__9,89,1201,N,False
6,bot31__3,89,1201,N,False
6,327,89,1201,N,False
6,152,reel36__1,1201,N,False
6,reel44__2,reel36__1,1201,N,False
6,reel12__9,bot25__8,1201,N,False
6,reel22__7,reel40__0,1201,N,False
6,reel22__7,reel45__4,1201,N,False
6,reel4__3,reel16__4,1201,N,False
6,244,reel16__4,1201,N,False
6,bot12__2,reel2__1,1201,N,False
6,reel29__2,reel54__2,1201,N,False
6,23,61,1201,N,False
6,23,267,1201,N,False
6,reel5__9,bot23__2,1201,N,False
6,reel37__3,reel18__1,1201,N,False
6,reel37__3,reel41__4,1201,N,False
6,reel28__5,bot30__8,1201,N,False
6,reel28__5,reel44__6,1201,N,False
6,108,reel44__6,1201,N,False
6,reel11__5,reel22__6,1201,N,False
6,reel11__5,reel53__2,1201,N,False
6,reel27__7,reel25__3,1201,N,False
6,144,326,1201,N,False
6,bot14__1,326,1201,N,False
6,140,326,1201,N,False
6,bot19__2,reel15__0,1201,N,False
6,bot28__6,reel24__3,1201,N,False
6,reel11__6,bot42__3,1201,N,False
6,73,bot0__0,1201,N,False
6,reel35__5,162,1201,N,False
6,333,162,1201,N,False
6,reel12__6,bot21__7,1201,N,False
6,bot35__9,bot1__8,1201,N,False
6,227,102,1201,N,False
6,227,263,1201,N,False
6,reel37__4,bot48__5,1201,N,False
6,333,bot47__2,1201,N,False
6,reel12__0,112,1201,N,False
6,reel12__0,reel14__4,1201,N,False
6,reel12__0,reel15__3,1201,N,False
6,reel14__6,bot32__7,1201,N,False
6,36,bot3__4,1201,N,False
6,36,reel30__4,1201,N,False
6,36,bot60__8,1201,N,False
6,reel17__8,bot23__9,1201,N,False
6,reel17__8,reel26__3,1201,N,False
6,bot5__1,bot8__7,1201,N,False
6,bot20__8,bot8__7,1201,N,False
6,bot20__8,166,1201,N,False
6,bot20__8,bot36__9,1201,N,False
6,bot7__4,bot32__3,1201,N,False
6,bot13__7,bot24__1,1201,N,False
6,bot13__7,bot60__4,1201,N,False
6,reel5__2,310,1201,N,False
6,337,310,1201,N,False
6,337,93,1201,N,False
6,337,bot9__3,1201,N,False
6,bot36__2,bot57__4,1201,N,False
6,289,bot5__9,1201,N,False
6,reel3__8,reel25__2,1201,N,False
6,347,bot53__7,1201,N,False
6,reel18__8,bot21__4,1201,N,False
6,reel39__9,reel13__1,1201,N,False
6,reel39__9,reel46__4,1201,N,False
6,bot23__1,bot25__9,1201,N,False
6,244,282,1201,N,False
6,bot0__4,bot12__9,1201,N,False
6,144,151,1201,N,False
6,bot43__4,151,1201,N,False
6,144,17,1201,N,False
6,140,17,1201,N,False
6,reel27__2,216,1201,N,False
6,reel27__2,reel33__0,1201,N,False
6,reel27__2,reel54__0,1201,N,False
6,bot13__6,bot3__1,1201,N,False
6,bot43__5,reel22__2,1201,N,False
6,bot43__5,reel18__7,1201,N,False
6,reel49__8,reel34__1,1201,N,False
6,reel14__1,bot29__4,1201,N,False
6,reel14__1,bot34__5,1201,N,False
6,reel14__1,reel42__6,1201,N,False
6,bot22__3,reel13__5,1201,N,False
6,reel22__9,reel34__9,1201,N,False
6,reel22__9,reel56__8,1201,N,False
6,reel22__9,bot57__8,1201,N,False
6,110,bot7__3,1201,N,False
6,110,reel51__3,1201,N,False
6,140,bot18__2,1201,N,False
6,127,reel58__0,1201,N,False
6,bot43__4,bot60__6,1201,N,False
6,327,reel11__8,1201,N,False
6,327,bot16__9,1201,N,False
6,reel27__5,bot37__4,1201,N,False
6,130,191,1201,N,False
6,bot25__2,bot55__7,1202,N,False
6,bot10__5,bot4__0,1202,N,False
6,bot10__5,bot43__4,1202,N,False
6,reel24__9,reel47__9,1202,N,False
6,bot40__0,bot14__4,1202,N,False
6,reel5__3,bot7__0,1202,N,False
6,bot31__9,bot26__7,1202,N,False
6,reel5__3,bot26__7,1202,N,False
6,reel1__8,reel11__7,1202,N,False
6,reel55__8,reel11__7,1202,N,False
6,reel1__8,reel56__1,1202,N,False
6,bot25__8,bot35__8,1202,N,False
6,bot31__9,bot19__6,1202,N,False
6,reel29__9,bot43__7,1202,N,False
6,bot20__3,bot14__3,1202,N,False
6,reel2__3,bot5__5,1202,N,False
6,bot20__3,bot5__5,1202,N,False
6,bot20__3,bot45__5,1202,N,False
6,reel43__6,reel9__6,1202,N,False
6,bot33__3,reel9__6,1202,N,False
6,bot55__1,reel9__6,1202,N,False
6,reel43__6,reel47__2,1202,N,False
6,reel11__9,reel47__2,1202,N,False
6,reel43__6,reel55__0,1202,N,False
6,reel23__7,reel49__3,1202,N,False
6,reel16__3,bot50__2,1202,N,False
6,bot1__7,bot50__2,1202,N,False
6,reel41__7,bot42__7,1202,N,False
6,reel3__7,reel8__9,1202,N,False
6,reel3__7,bot30__5,1202,N,False
6,reel3__7,reel34__2,1202,N,False
6,reel31__2,bot33__5,1202,N,False
6,bot22__5,bot33__5,1202,N,False
6,reel0__4,reel14__9,1202,N,False
6,reel48__2,reel14__9,1202,N,False
6,reel0__4,reel32__5,1202,N,False
6,reel27__1,reel32__5,1202,N,False
6,reel13__0,bot21__5,1202,N,False
6,reel13__0,reel57__1,1202,N,False
6,bot42__0,bot1__4,1202,N,False
6,bot42__0,bot50__1,1202,N,False
6,reel34__1,reel49__8,1202,N,False
6,reel44__9,reel49__8,1202,N,False
6,reel37__0,reel49__8,1202,N,False
6,reel22__4,reel37__5,1202,N,False
6,reel24__4,reel40__6,1202,N,False
6,reel38__5,reel40__6,1202,N,False
6,reel52__6,reel59__3,1202,N,False
6,bot2__1,bot18__1,1202,N,False
6,bot2__0,bot45__6,1202,N,False
6,bot1__2,bot45__6,1202,N,False
6,bot18__2,bot45__6,1202,N,False
6,bot55__1,bot27__5,1202,N,False
6,bot36__5,bot58__7,1202,N,False
6,reel2__3,reel27__3,1202,N,False
6,bot1__6,bot17__8,1202,N,False
6,bot1__1,bot17__8,1202,N,False
6,bot5__1,bot8__7,1202,N,False
6,bot14__8,bot8__7,1202,N,False
6,reel19__6,reel37__9,1202,N,False
6,bot26__4,reel8__0,1202,N,False
6,bot60__5,bot56__1,1202,N,False
6,reel36__2,bot56__1,1202,N,False
6,bot27__0,bot56__1,1202,N,False
6,reel31__2,reel33__5,1202,N,False
6,reel6__1,reel33__5,1202,N,False
6,reel37__3,reel44__8,1202,N,False
6,reel3__1,reel44__8,1202,N,False
6,reel19__5,reel32__3,1202,N,False
6,reel21__7,reel26__1,1202,N,False
6,reel21__7,reel42__7,1202,N,False
6,reel23__2,reel46__1,1202,N,False
6,reel1__1,bot10__1,1202,N,False
6,bot49__0,bot10__1,1202,N,False
6,reel13__8,reel43__8,1202,N,False
6,reel2__9,reel43__8,1202,N,False
6,reel3__6,reel43__8,1202,N,False
6,bot12__0,bot6__0,1202,N,False
6,reel5__1,bot11__2,1202,N,False
6,reel5__1,bot14__7,1202,N,False
6,reel5__1,reel25__4,1202,N,False
6,reel44__4,reel25__4,1202,N,False
6,bot4__5,bot9__0,1202,N,False
6,bot15__8,bot9__0,1202,N,False
6,bot18__2,bot32__5,1202,N,False
6,bot42__8,bot59__6,1202,N,False
6,bot9__1,bot59__6,1202,N,False
6,reel45__1,bot54__4,1202,N,False
6,bot9__6,bot54__4,1202,N,False
6,bot43__3,reel17__9,1202,N,False
6,reel27__2,reel17__9,1202,N,False
6,bot43__3,bot38__8,1202,N,False
6,reel2__9,reel32__4,1202,N,False
6,reel30__9,reel32__4,1202,N,False
6,reel47__0,bot52__1,1202,N,False
6,reel46__9,bot52__1,1202,N,False
6,reel6__3,reel20__6,1202,N,False
6,reel37__2,reel20__6,1202,N,False
6,reel6__3,bot34__3,1202,N,False
6,reel6__3,reel37__4,1202,N,False
6,reel27__1,reel54__4,1202,N,False
6,bot35__6,bot46__8,1202,N,False
6,reel7__6,reel44__5,1202,N,False
6,reel2__9,reel44__5,1202,N,False
6,bot13__6,bot3__1,1202,N,False
6,bot1__8,bot3__1,1202,N,False
6,reel13__5,reel15__0,1202,N,False
6,reel13__5,bot22__3,1202,N,False
6,reel0__3,bot22__3,1202,N,False
6,bot28__8,bot51__7,1202,N,False
6,reel4__3,bot22__6,1202,N,False
6,reel4__3,bot27__8,1202,N,False
6,reel10__2,reel41__4,1202,N,False
6,reel37__3,reel41__4,1202,N,False
6,bot6__8,bot8__4,1202,N,False
6,reel11__5,bot36__6,1202,N,False
6,reel11__5,reel55__3,1202,N,False
6,reel41__9,reel4__1,1202,N,False
6,reel27__7,bot50__8,1202,N,False
6,reel45__1,reel42__3,1202,N,False
6,bot52__5,reel42__3,1202,N,False
6,bot2__2,bot53__1,1202,N,False
6,reel4__4,reel52__4,1202,N,False
6,reel4__4,reel54__0,1202,N,False
6,reel27__2,reel54__0,1202,N,False
6,reel24__3,reel59__1,1202,N,False
6,reel9__9,bot29__3,1202,N,False
6,reel36__7,reel56__0,1202,N,False
6,reel41__8,reel19__1,1202,N,False
6,reel9__2,reel13__9,1202,N,False
6,reel9__2,bot42__9,1202,N,False
6,reel12__6,bot21__7,1202,N,False
6,reel12__6,bot40__5,1202,N,False
6,reel12__6,reel41__0,1202,N,False
6,reel12__6,reel50__4,1202,N,False
6,reel10__2,reel33__4,1202,N,False
6,reel38__5,reel54__2,1202,N,False
6,bot55__8,bot56__7,1202,N,False
6,reel50__2,reel53__8,1202,N,False
6,reel48__1,reel58__4,1202,N,False
6,bot4__2,bot27__7,1202,N,False
6,reel7__0,bot28__0,1202,N,False
6,bot46__6,bot36__0,1202,N,False
6,reel22__9,reel46__8,1202,N,False
6,reel5__2,reel46__8,1202,N,False
6,bot40__6,bot55__6,1202,N,False
6,bot45__2,bot55__6,1202,N,False
6,bot2__9,bot24__2,1202,N,False
6,reel1__3,bot26__5,1202,N,False
6,reel16__6,bot26__5,1202,N,False
6,reel27__2,reel33__0,1202,N,False
6,bot42__8,bot58__2,1202,N,False
6,reel37__2,bot47__5,1202,N,False
6,bot26__3,reel2__8,1202,N,False
6,reel17__3,bot40__1,1202,N,False
6,bot13__6,bot36__2,1202,N,False
6,reel25__6,bot36__2,1202,N,False
6,reel8__5,bot39__6,1202,N,False
6,bot43__9,bot39__6,1202,N,False
6,reel55__1,reel48__8,1202,N,False
6,reel55__1,bot60__4,1202,N,False
6,reel20__3,reel38__4,1202,N,False
6,reel29__0,reel36__0,1202,N,False
6,bot23__0,bot59__7,1202,N,False
6,bot33__3,bot12__5,1202,N,False
6,bot56__3,reel44__7,1202,N,False
6,bot10__0,bot35__3,1202,N,False
6,reel22__9,reel54__5,1202,N,False
6,reel22__9,bot57__0,1202,N,False
6,bot2__8,bot14__0,1202,N,False
6,reel26__4,reel27__0,1202,N,False
6,reel12__5,reel31__5,1202,N,False
6,reel12__5,bot60__3,1202,N,False
6,reel23__8,reel25__0,1202,N,False
6,reel38__7,reel46__5,1202,N,False
6,reel45__5,reel21__1,1202,N,False
6,reel26__5,reel43__0,1202,N,False
6,bot31__7,bot38__3,1202,N,False
6,bot4__3,bot37__0,1202,N,False
6,bot26__8,bot49__7,1203,N,False
6,reel22__2,bot49__7,1203,N,False
6,reel16__4,bot49__7,1203,N,False
6,bot17__5,bot45__0,1203,N,False
6,reel1__6,bot15__4,1203,N,False
6,bot10__5,bot42__6,1203,N,False
6,bot8__2,bot9__6,1203,N,False
6,bot8__2,bot37__0,1203,N,False
6,bot15__1,bot26__7,1203,N,False
6,bot31__9,bot26__7,1203,N,False
6,reel5__3,bot26__7,1203,N,False
6,reel5__3,bot7__0,1203,N,False
6,reel29__9,reel31__7,1203,N,False
6,bot20__3,bot14__3,1203,N,False
6,reel22__6,reel11__5,1203,N,False
6,reel0__4,reel14__9,1203,N,False
6,reel48__2,reel14__9,1203,N,False
6,reel0__4,reel26__9,1203,N,False
6,reel23__5,bot46__3,1203,N,False
6,reel35__9,reel49__2,1203,N,False
6,bot47__3,bot6__7,1203,N,False
6,bot36__3,reel4__9,1203,N,False
6,bot55__6,bot45__2,1203,N,False
6,bot19__3,bot45__2,1203,N,False
6,reel2__7,reel8__8,1203,N,False
6,reel2__7,bot45__4,1203,N,False
6,bot50__1,bot42__0,1203,N,False
6,bot50__1,bot11__2,1203,N,False
6,bot55__1,reel9__6,1203,N,False
6,bot24__6,reel9__6,1203,N,False
6,bot12__5,bot27__5,1203,N,False
6,bot55__1,bot27__5,1203,N,False
6,bot17__6,bot11__0,1203,N,False
6,reel8__0,bot11__0,1203,N,False
6,reel45__7,reel38__2,1203,N,False
6,reel8__0,reel38__2,1203,N,False
6,bot5__1,bot8__7,1203,N,False
6,bot7__9,bot8__7,1203,N,False
6,bot14__8,bot8__7,1203,N,False
6,bot43__2,reel33__7,1203,N,False
6,reel1__2,reel33__7,1203,N,False
6,bot0__9,bot2__9,1203,N,False
6,bot24__2,bot2__9,1203,N,False
6,reel20__2,reel39__8,1203,N,False
6,reel41__1,reel59__9,1203,N,False
6,reel48__3,reel59__9,1203,N,False
6,bot54__2,bot53__4,1203,N,False
6,bot32__3,bot7__4,1203,N,False
6,reel5__8,bot30__9,1203,N,False
6,bot0__9,bot30__9,1203,N,False
6,reel15__8,bot17__3,1203,N,False
6,bot7__5,bot40__4,1203,N,False
6,bot22__1,bot20__8,1203,N,False
6,bot22__1,bot38__5,1203,N,False
6,reel0__3,bot10__4,1203,N,False
6,bot7__9,bot10__4,1203,N,False
6,bot35__6,bot51__5,1203,N,False
6,bot5__3,bot51__5,1203,N,False
6,reel10__4,bot27__8,1203,N,False
6,reel4__3,bot27__8,1203,N,False
6,reel55__9,reel3__9,1203,N,False
6,reel2__9,reel32__4,1203,N,False
6,reel2__9,reel43__8,1203,N,False
6,reel32__3,reel19__5,1203,N,False
6,reel5__5,bot33__2,1203,N,False
6,bot16__1,bot33__2,1203,N,False
6,reel0__3,bot14__1,1203,N,False
6,reel51__9,reel38__8,1203,N,False
6,reel22__7,reel40__0,1203,N,False
6,reel31__2,reel40__0,1203,N,False
6,bot19__3,bot21__2,1203,N,False
6,reel14__4,bot21__2,1203,N,False
6,bot37__8,bot21__2,1203,N,False
6,reel4__3,bot22__6,1203,N,False
6,reel20__7,bot22__6,1203,N,False
6,reel11__9,bot12__6,1203,N,False
6,reel11__9,reel43__3,1203,N,False
6,reel11__9,reel47__2,1203,N,False
6,reel46__7,reel13__0,1203,N,False
6,reel57__1,reel13__0,1203,N,False
6,bot48__3,reel28__4,1203,N,False
6,bot48__3,bot52__3,1203,N,False
6,reel8__4,bot14__6,1203,N,False
6,reel8__4,bot22__5,1203,N,False
6,reel8__5,bot26__2,1203,N,False
6,reel8__4,bot26__2,1203,N,False
6,reel31__6,reel28__1,1203,N,False
6,reel14__4,bot20__7,1203,N,False
6,bot31__8,bot20__7,1203,N,False
6,bot44__7,bot20__7,1203,N,False
6,reel22__8,bot29__6,1203,N,False
6,reel22__8,bot59__2,1203,N,False
6,bot25__9,bot36__0,1203,N,False
6,bot25__9,bot44__2,1203,N,False
6,reel16__4,reel57__0,1203,N,False
6,reel7__8,bot52__1,1203,N,False
6,reel46__9,bot52__1,1203,N,False
6,reel12__0,bot41__4,1203,N,False
6,reel12__0,bot53__6,1203,N,False
6,reel54__0,reel2__4,1203,N,False
6,bot42__4,reel2__4,1203,N,False
6,reel17__8,bot23__9,1203,N,False
6,reel17__8,reel26__3,1203,N,False
6,bot4__2,bot27__7,1203,N,False
6,reel0__5,bot9__1,1203,N,False
6,bot13__7,bot60__4,1203,N,False
6,reel20__7,reel33__2,1203,N,False
6,reel8__5,reel33__2,1203,N,False
6,reel22__9,reel46__8,1203,N,False
6,reel5__2,reel46__8,1203,N,False
6,bot36__2,bot57__4,1203,N,False
6,reel41__1,bot60__7,1203,N,False
6,reel28__6,bot30__1,1203,N,False
6,reel47__4,reel46__5,1203,N,False
6,bot20__0,bot29__0,1203,N,False
6,bot20__0,bot46__0,1203,N,False
6,bot12__5,bot33__3,1203,N,False
6,reel1__3,bot54__0,1203,N,False
6,bot42__8,bot59__6,1203,N,False
6,reel6__7,bot41__6,1203,N,False
6,reel6__7,reel50__0,1203,N,False
6,reel37__9,reel50__0,1203,N,False
6,bot16__2,bot17__1,1203,N,False
6,bot16__2,bot38__7,1203,N,False
6,bot13__6,bot3__1,1203,N,False
6,reel31__2,bot33__5,1203,N,False
6,reel31__2,reel33__5,1203,N,False
6,bot19__1,bot9__8,1203,N,False
6,reel8__5,bot23__7,1203,N,False
6,reel8__5,bot39__6,1203,N,False
6,reel36__2,reel30__0,1203,N,False
6,bot0__9,bot9__2,1203,N,False
6,bot6__5,reel2__1,1203,N,False
6,bot6__5,bot32__2,1203,N,False
6,reel14__1,reel42__6,1203,N,False
6,bot23__0,bot57__7,1203,N,False
6,bot23__0,bot59__7,1203,N,False
6,reel5__5,bot15__6,1203,N,False
6,bot10__0,bot35__3,1203,N,False
6,reel22__9,reel54__5,1203,N,False
6,reel22__9,bot57__8,1203,N,False
6,reel3__2,bot19__2,1203,N,False
6,bot47__2,bot52__7,1203,N,False
6,bot6__1,bot28__6,1203,N,False
6,bot2__8,bot14__0,1203,N,False
6,bot43__4,bot60__6,1203,N,False
6,reel27__5,bot37__4,1203,N,False
6,reel37__9,reel20__4,1203,N,False
6,bot58__8,bot31__6,1203,N,False
6,bot52__0,bot49__9,1204,N,False
6,reel43__6,bot49__9,1204,N,False
6,bot0__4,bot49__9,1204,N,False
6,reel43__6,reel55__0,1204,N,False
6,reel16__3,reel48__0,1204,N,False
6,328,reel48__0,1204,N,False
6,157,reel28__1,1204,N,False
6,46,reel28__1,1204,N,False
6,bot38__9,reel28__1,1204,N,False
6,bot32__0,bot41__3,1204,N,False
6,181,152,1204,N,False
6,reel36__1,152,1204,N,False
6,4,152,1204,N,False
6,275,152,1204,N,False
6,reel36__1,reel44__2,1204,N,False
6,reel37__9,reel44__2,1204,N,False
6,reel28__8,44,1204,N,False
6,bot3__7,44,1204,N,False
6,bot42__0,44,1204,N,False
6,reel15__6,44,1204,N,False
6,bot5__5,bot50__1,1204,N,False
6,bot42__0,bot50__1,1204,N,False
6,bot11__2,bot50__1,1204,N,False
6,reel36__3,reel45__9,1204,N,False
6,bot42__2,bot8__6,1204,N,False
6,bot35__8,bot8__6,1204,N,False
6,bot35__9,bot39__9,1204,N,False
6,bot35__8,bot39__9,1204,N,False
6,bot7__2,bot10__8,1204,N,False
6,247,bot4__2,1204,N,False
6,bot27__7,bot4__2,1204,N,False
6,bot1__6,bot27__3,1204,N,False
6,reel39__8,reel51__0,1204,N,False
6,reel42__9,reel51__0,1204,N,False
6,bot2__4,bot11__0,1204,N,False
6,bot17__6,bot11__0,1204,N,False
6,reel8__0,bot11__0,1204,N,False
6,198,reel30__9,1204,N,False
6,bot57__7,reel30__9,1204,N,False
6,reel32__4,reel30__9,1204,N,False
6,198,reel1__6,1204,N,False
6,reel19__6,reel1__6,1204,N,False
6,bot60__5,bot56__1,1204,N,False
6,reel36__2,bot56__1,1204,N,False
6,reel48__7,bot49__4,1204,N,False
6,reel11__3,reel47__1,1204,N,False
6,reel28__9,201,1204,N,False
6,259,201,1204,N,False
6,181,bot0__1,1204,N,False
6,bot5__5,bot0__1,1204,N,False
6,181,bot4__0,1204,N,False
6,reel10__7,reel42__0,1204,N,False
6,reel21__3,reel42__0,1204,N,False
6,191,bot28__4,1204,N,False
6,93,310,1204,N,False
6,337,310,1204,N,False
6,32,310,1204,N,False
6,reel43__8,reel3__6,1204,N,False
6,bot4__5,reel3__6,1204,N,False
6,bot2__4,bot9__0,1204,N,False
6,bot4__5,bot9__0,1204,N,False
6,bot51__0,reel41__7,1204,N,False
6,bot42__7,reel41__7,1204,N,False
6,reel59__5,reel41__6,1204,N,False
6,49,255,1204,N,False
6,49,192,1204,N,False
6,reel33__0,192,1204,N,False
6,bot18__5,bot15__0,1204,N,False
6,49,bot15__0,1204,N,False
6,259,bot4__7,1204,N,False
6,68,bot4__7,1204,N,False
6,68,bot13__5,1204,N,False
6,68,bot36__1,1204,N,False
6,bot9__1,bot59__6,1204,N,False
6,bot48__2,bot40__6,1204,N,False
6,bot35__2,reel13__0,1204,N,False
6,bot34__5,bot55__8,1204,N,False
6,bot56__7,bot55__8,1204,N,False
6,bot32__3,bot35__0,1204,N,False
6,reel14__0,bot35__0,1204,N,False
6,reel7__9,bot17__2,1204,N,False
6,bot13__8,bot17__2,1204,N,False
6,279,bot10__0,1204,N,False
6,278,bot10__0,1204,N,False
6,337,reel24__9,1204,N,False
6,278,reel24__9,1204,N,False
6,reel14__5,reel33__8,1204,N,False
6,reel18__7,reel33__8,1204,N,False
6,219,reel33__8,1204,N,False
6,reel14__5,bot37__7,1204,N,False
6,279,bot37__7,1204,N,False
6,bot4__8,bot60__7,1204,N,False
6,reel41__1,bot60__7,1204,N,False
6,reel39__8,reel49__4,1204,N,False
6,97,bot32__9,1204,N,False
6,reel6__3,174,1204,N,False
6,reel6__3,bot34__3,1204,N,False
6,reel25__3,bot34__3,1204,N,False
6,46,bot47__3,1204,N,False
6,bot6__7,bot47__3,1204,N,False
6,140,bot47__3,1204,N,False
6,138,reel23__6,1204,N,False
6,138,reel51__6,1204,N,False
6,bot35__6,bot46__8,1204,N,False
6,bot11__2,bot29__0,1204,N,False
6,reel23__3,reel37__6,1204,N,False
6,198,reel40__9,1204,N,False
6,reel23__3,reel40__9,1204,N,False
6,bot19__3,bot45__2,1204,N,False
6,328,bot2__6,1204,N,False
6,89,bot31__3,1204,N,False
6,89,reel59__2,1204,N,False
6,reel27__4,reel45__5,1204,N,False
6,reel21__1,reel45__5,1204,N,False
6,46,reel4__6,1204,N,False
6,46,bot37__2,1204,N,False
6,46,bot54__6,1204,N,False
6,bot14__1,bot54__6,1204,N,False
6,46,reel54__3,1204,N,False
6,125,reel47__3,1204,N,False
6,259,110,1204,N,False
6,259,bot51__9,1204,N,False
6,259,reel51__3,1204,N,False
6,reel27__7,reel28__3,1204,N,False
6,reel27__7,bot50__8,1204,N,False
6,reel9__4,229,1204,N,False
6,reel18__4,229,1204,N,False
6,reel9__4,145,1204,N,False
6,bot6__5,bot32__2,1204,N,False
6,reel9__4,bot32__2,1204,N,False
6,reel30__2,reel37__7,1204,N,False
6,reel11__6,bot42__3,1204,N,False
6,bot21__3,bot42__3,1204,N,False
6,reel11__6,reel58__1,1204,N,False
6,reel6__9,reel34__8,1204,N,False
6,reel6__9,bot56__6,1204,N,False
6,219,reel53__6,1204,N,False
6,reel21__1,reel53__6,1204,N,False
6,bot35__9,bot1__8,1204,N,False
6,195,reel12__6,1204,N,False
6,reel55__3,reel32__2,1204,N,False
6,reel54__0,reel2__4,1204,N,False
6,reel48__1,reel51__5,1204,N,False
6,reel48__1,reel58__4,1204,N,False
6,reel21__2,bot23__9,1204,N,False
6,reel17__8,bot23__9,1204,N,False
6,337,bot31__5,1204,N,False
6,bot13__2,bot31__5,1204,N,False
6,289,reel48__6,1204,N,False
6,reel3__8,bot9__4,1204,N,False
6,bot39__6,bot9__4,1204,N,False
6,reel3__8,reel50__2,1204,N,False
6,bot60__1,reel53__1,1204,N,False
6,bot17__6,bot39__7,1204,N,False
6,reel41__1,reel32__1,1204,N,False
6,275,reel51__1,1204,N,False
6,275,reel57__4,1204,N,False
6,219,bot8__0,1204,N,False
6,bot3__7,bot30__1,1204,N,False
6,bot10__1,bot60__6,1204,N,False
6,reel31__2,reel10__8,1204,N,False
6,226,115,1204,N,False
6,140,115,1204,N,False
6,226,reel19__9,1204,N,False
6,reel28__0,reel36__9,1204,N,False
6,reel41__5,reel35__7,1204,N,False
6,reel41__5,bot42__4,1204,N,False
6,bot6__5,bot49__5,1204,N,False
6,198,bot27__0,1204,N,False
6,bot22__3,reel13__5,1204,N,False
6,reel12__5,bot60__3,1204,N,False
6,bot37__6,bot60__3,1204,N,False
6,140,17,1204,N,False
6,140,reel15__7,1204,N,False
6,140,reel56__9,1204,N,False
6,reel33__0,bot51__7,1204,N,False
6,327,reel9__2,1204,N,False
6,327,reel11__8,1204,N,False
6,reel12__5,reel31__5,1204,N,False
6,32,reel8__7,1204,N,False
6,32,reel40__3,1204,N,False
6,bot39__6,bot43__9,1204,N,False
6,34,reel47__7,1204,N,False
6,reel28__4,reel25__1,1204,N,False
6,reel28__4,reel49__7,1204,N,False
6,reel28__4,reel52__4,1204,N,False
6,306,reel29__9,1205,N,False
6,306,reel52__9,1205,N,False
6,reel9__2,reel52__9,1205,N,False
6,310,28,1205,N,False
6,reel13__8,28,1205,N,False
6,bot1__3,28,1205,N,False
6,310,bot12__0,1205,N,False
6,310,reel23__6,1205,N,False
6,reel29__4,reel23__6,1205,N,False
6,bot12__6,reel11__9,1205,N,False
6,bot20__3,bot14__3,1205,N,False
6,bot59__2,reel49__2,1205,N,False
6,reel22__9,reel8__4,1205,N,False
6,197,reel8__4,1205,N,False
6,bot22__5,reel8__4,1205,N,False
6,bot22__5,bot40__2,1205,N,False
6,bot1__7,bot50__2,1205,N,False
6,bot37__9,bot58__7,1205,N,False
6,bot51__0,bot58__7,1205,N,False
6,bot42__0,bot58__4,1205,N,False
6,162,326,1205,N,False
6,17,326,1205,N,False
6,bot10__2,326,1205,N,False
6,reel23__5,326,1205,N,False
6,reel23__5,bot46__3,1205,N,False
6,bot7__2,bot10__8,1205,N,False
6,bot2__7,bot59__1,1205,N,False
6,189,bot2__8,1205,N,False
6,27,bot36__2,1205,N,False
6,27,reel38__3,1205,N,False
6,reel23__2,97,1205,N,False
6,bot4__8,97,1205,N,False
6,reel23__2,reel24__3,1205,N,False
6,reel21__6,reel24__3,1205,N,False
6,bot54__8,reel47__1,1205,N,False
6,reel13__8,reel41__7,1205,N,False
6,190,reel41__7,1205,N,False
6,bot44__1,reel41__7,1205,N,False
6,bot51__0,reel41__7,1205,N,False
6,49,255,1205,N,False
6,190,bot35__6,1205,N,False
6,reel6__5,bot35__6,1205,N,False
6,reel29__0,233,1205,N,False
6,reel48__3,233,1205,N,False
6,reel48__3,reel59__9,1205,N,False
6,bot13__8,bot17__2,1205,N,False
6,273,bot60__2,1205,N,False
6,reel2__5,bot21__4,1205,N,False
6,reel2__5,bot43__8,1205,N,False
6,reel53__1,reel31__5,1205,N,False
6,reel23__3,reel42__9,1205,N,False
6,279,bot37__7,1205,N,False
6,bot21__2,bot38__7,1205,N,False
6,reel4__3,bot27__8,1205,N,False
6,reel29__2,reel12__5,1205,N,False
6,reel29__2,reel54__2,1205,N,False
6,reel5__9,reel25__6,1205,N,False
6,reel19__8,reel25__6,1205,N,False
6,reel5__9,bot32__5,1205,N,False
6,107,bot5__8,1205,N,False
6,107,bot35__4,1205,N,False
6,107,reel41__1,1205,N,False
6,107,reel47__8,1205,N,False
6,reel11__5,reel22__6,1205,N,False
6,reel11__5,reel55__3,1205,N,False
6,218,reel55__3,1205,N,False
6,bot48__3,bot52__3,1205,N,False
6,bot1__2,bot45__6,1205,N,False
6,bot19__2,reel15__0,1205,N,False
6,reel6__0,bot44__2,1205,N,False
6,bot33__5,bot44__2,1205,N,False
6,bot25__9,bot44__2,1205,N,False
6,reel30__2,282,1205,N,False
6,reel45__8,reel9__6,1205,N,False
6,reel11__6,reel58__1,1205,N,False
6,150,bot1__6,1205,N,False
6,150,reel8__5,1205,N,False
6,195,reel8__5,1205,N,False
6,150,bot17__6,1205,N,False
6,bot32__8,155,1205,N,False
6,reel17__8,155,1205,N,False
6,reel12__6,bot40__5,1205,N,False
6,197,reel9__3,1205,N,False
6,reel58__4,bot59__4,1205,N,False
6,202,bot23__7,1205,N,False
6,bot55__8,bot56__7,1205,N,False
6,218,bot56__7,1205,N,False
6,17,140,1205,N,False
6,17,115,1205,N,False
6,17,reel3__3,1205,N,False
6,reel17__3,reel3__3,1205,N,False
6,17,reel28__6,1205,N,False
6,36,bot3__4,1205,N,False
6,218,bot3__4,1205,N,False
6,36,reel35__9,1205,N,False
6,36,bot60__8,1205,N,False
6,47,bot55__2,1205,N,False
6,reel26__5,bot55__2,1205,N,False
6,47,reel55__2,1205,N,False
6,218,bot26__1,1205,N,False
6,337,reel24__9,1205,N,False
6,reel38__4,reel58__9,1205,N,False
6,reel42__8,reel0__1,1205,N,False
6,reel42__8,reel58__0,1205,N,False
6,127,reel58__0,1205,N,False
6,reel43__8,reel3__6,1205,N,False
6,reel43__8,reel59__4,1205,N,False
6,321,reel4__0,1205,N,False
6,reel28__1,reel4__0,1205,N,False
6,bot11__8,reel4__0,1205,N,False
6,126,bot5__9,1205,N,False
6,126,bot23__5,1205,N,False
6,reel39__9,reel13__1,1205,N,False
6,243,bot1__8,1205,N,False
6,bot0__4,bot12__9,1205,N,False
6,reel1__3,bot54__0,1205,N,False
6,162,bot44__4,1205,N,False
6,reel17__3,bot41__1,1205,N,False
6,bot20__0,bot46__0,1205,N,False
6,reel40__8,bot46__0,1205,N,False
6,bot11__8,bot46__0,1205,N,False
6,bot19__1,bot9__8,1205,N,False
6,bot33__5,reel31__2,1205,N,False
6,bot6__5,bot32__2,1205,N,False
6,reel5__5,bot7__9,1205,N,False
6,reel5__5,bot15__6,1205,N,False
6,reel5__5,reel16__1,1205,N,False
6,64,bot4__3,1205,N,False
6,bot58__9,reel4__5,1205,N,False
6,145,179,1205,N,False
6,reel22__9,reel46__8,1205,N,False
6,reel22__9,reel54__5,1205,N,False
6,reel22__9,bot57__8,1205,N,False
6,reel32__4,reel30__9,1205,N,False
6,reel22__1,bot25__1,1205,N,False
6,81,reel11__2,1205,N,False
6,bot6__1,bot25__3,1205,N,False
6,bot6__1,bot28__6,1205,N,False
6,bot4__0,bot10__5,1205,N,False
6,bot4__8,bot60__7,1205,N,False
6,reel26__5,bot56__0,1205,N,False
6,reel49__1,244,1206,N,False
6,reel3__3,reel17__3,1206,N,False
6,reel19__6,reel17__3,1206,N,False
6,340,bot4__5,1206,N,False
6,340,bot21__3,1206,N,False
6,340,reel37__9,1206,N,False
6,reel19__6,reel37__9,1206,N,False
6,273,78,1206,N,False
6,bot8__8,78,1206,N,False
6,reel36__2,78,1206,N,False
6,218,78,1206,N,False
6,bot53__1,reel4__1,1206,N,False
6,59,reel4__1,1206,N,False
6,bot8__2,bot11__7,1206,N,False
6,bot40__0,bot14__4,1206,N,False
6,reel42__0,reel21__3,1206,N,False
6,120,reel21__3,1206,N,False
6,73,reel21__3,1206,N,False
6,reel42__0,reel45__5,1206,N,False
6,reel42__0,bot46__4,1206,N,False
6,reel5__9,reel6__7,1206,N,False
6,bot13__4,reel6__7,1206,N,False
6,bot1__4,bot42__0,1206,N,False
6,117,reel24__4,1206,N,False
6,reel5__7,reel24__4,1206,N,False
6,reel16__3,reel48__0,1206,N,False
6,reel16__3,bot50__2,1206,N,False
6,bot1__7,bot50__2,1206,N,False
6,bot20__2,reel12__9,1206,N,False
6,reel2__8,reel32__8,1206,N,False
6,250,bot44__1,1206,N,False
6,reel41__7,bot44__1,1206,N,False
6,reel16__0,bot30__2,1206,N,False
6,reel16__0,reel53__7,1206,N,False
6,reel28__7,255,1206,N,False
6,49,255,1206,N,False
6,reel22__3,255,1206,N,False
6,250,reel31__9,1206,N,False
6,reel20__0,reel31__9,1206,N,False
6,250,bot56__4,1206,N,False
6,reel13__0,reel57__1,1206,N,False
6,256,reel57__1,1206,N,False
6,bot60__2,bot5__7,1206,N,False
6,39,bot19__2,1206,N,False
6,39,bot25__1,1206,N,False
6,39,reel48__1,1206,N,False
6,reel12__5,reel27__7,1206,N,False
6,268,reel27__7,1206,N,False
6,reel25__3,reel27__7,1206,N,False
6,reel22__4,reel37__5,1206,N,False
6,326,bot14__1,1206,N,False
6,reel54__9,259,1206,N,False
6,reel20__9,259,1206,N,False
6,bot25__3,259,1206,N,False
6,reel20__9,bot53__6,1206,N,False
6,301,reel47__8,1206,N,False
6,reel17__5,bot19__0,1206,N,False
6,reel13__5,bot19__0,1206,N,False
6,reel38__2,reel8__0,1206,N,False
6,reel36__3,reel8__0,1206,N,False
6,bot26__4,reel8__0,1206,N,False
6,reel36__3,reel45__9,1206,N,False
6,reel27__0,reel26__4,1206,N,False
6,294,reel13__6,1206,N,False
6,reel2__3,reel13__6,1206,N,False
6,reel2__3,reel27__3,1206,N,False
6,bot55__4,reel27__3,1206,N,False
6,reel53__5,reel27__3,1206,N,False
6,reel19__6,reel1__6,1206,N,False
6,bot27__0,bot56__1,1206,N,False
6,bot60__5,bot56__1,1206,N,False
6,reel36__2,bot56__1,1206,N,False
6,reel45__3,bot56__1,1206,N,False
6,bot52__3,bot48__3,1206,N,False
6,bot22__9,reel10__0,1206,N,False
6,reel6__9,reel10__0,1206,N,False
6,reel23__2,bot44__5,1206,N,False
6,290,bot44__5,1206,N,False
6,reel1__0,241,1206,N,False
6,49,241,1206,N,False
6,49,reel52__1,1206,N,False
6,bot18__2,bot45__6,1206,N,False
6,bot54__2,bot53__4,1206,N,False
6,reel57__4,275,1206,N,False
6,273,275,1206,N,False
6,bot32__3,275,1206,N,False
6,218,275,1206,N,False
6,bot32__3,bot35__0,1206,N,False
6,reel34__1,reel49__8,1206,N,False
6,reel44__9,reel49__8,1206,N,False
6,bot22__1,110,1206,N,False
6,bot40__6,110,1206,N,False
6,bot15__0,110,1206,N,False
6,reel15__2,bot54__6,1206,N,False
6,reel43__8,reel3__6,1206,N,False
6,28,reel3__6,1206,N,False
6,28,bot33__3,1206,N,False
6,126,bot23__5,1206,N,False
6,97,bot23__5,1206,N,False
6,229,bot4__0,1206,N,False
6,reel27__1,reel54__4,1206,N,False
6,bot22__1,bot38__5,1206,N,False
6,bot22__1,bot42__1,1206,N,False
6,bot16__1,bot13__9,1206,N,False
6,reel32__1,reel41__1,1206,N,False
6,bot60__7,reel41__1,1206,N,False
6,reel8__7,bot22__0,1206,N,False
6,256,bot22__0,1206,N,False
6,reel13__5,bot22__3,1206,N,False
6,reel29__2,bot48__9,1206,N,False
6,reel23__6,reel54__2,1206,N,False
6,reel29__2,reel54__2,1206,N,False
6,reel5__9,bot14__0,1206,N,False
6,bot2__8,bot14__0,1206,N,False
6,14,bot14__0,1206,N,False
6,reel5__9,bot23__2,1206,N,False
6,reel20__0,bot23__2,1206,N,False
6,reel5__9,reel27__8,1206,N,False
6,reel24__7,reel27__8,1206,N,False
6,reel11__6,reel24__2,1206,N,False
6,45,reel24__2,1206,N,False
6,reel14__4,reel12__0,1206,N,False
6,bot41__4,reel12__0,1206,N,False
6,reel11__6,bot42__3,1206,N,False
6,reel11__6,reel58__1,1206,N,False
6,179,90,1206,N,False
6,126,bot55__5,1206,N,False
6,179,bot55__5,1206,N,False
6,126,bot1__2,1206,N,False
6,73,bot1__2,1206,N,False
6,123,reel22__7,1206,N,False
6,reel6__9,reel22__7,1206,N,False
6,reel50__3,reel34__8,1206,N,False
6,reel6__9,reel34__8,1206,N,False
6,reel6__9,bot56__6,1206,N,False
6,bot32__8,bot48__7,1206,N,False
6,reel11__8,reel13__9,1206,N,False
6,reel9__2,reel13__9,1206,N,False
6,reel4__5,reel13__9,1206,N,False
6,bot27__6,reel14__9,1206,N,False
6,reel7__4,reel14__9,1206,N,False
6,reel0__1,bot37__6,1206,N,False
6,bot60__3,bot37__6,1206,N,False
6,228,bot52__6,1206,N,False
6,reel24__6,reel50__5,1206,N,False
6,bot9__9,bot29__6,1206,N,False
6,reel29__7,reel52__4,1206,N,False
6,bot55__2,bot56__7,1206,N,False
6,218,bot56__7,1206,N,False
6,218,reel24__1,1206,N,False
6,reel8__7,reel10__8,1206,N,False
6,reel8__7,bot11__9,1206,N,False
6,reel47__2,reel43__6,1206,N,False
6,bot12__1,bot9__1,1206,N,False
6,bot25__5,bot38__6,1206,N,False
6,bot12__1,bot38__6,1206,N,False
6,bot12__1,bot39__2,1206,N,False
6,126,bot21__8,1206,N,False
6,126,reel29__6,1206,N,False
6,reel20__0,reel29__6,1206,N,False
6,126,bot37__9,1206,N,False
6,bot20__0,107,1206,N,False
6,bot0__4,bot12__9,1206,N,False
6,reel1__3,bot54__0,1206,N,False
6,reel29__5,bot47__5,1206,N,False
6,bot3__9,253,1206,N,False
6,bot13__6,bot3__1,1206,N,False
6,reel39__7,reel46__9,1206,N,False
6,reel39__7,bot47__2,1206,N,False
6,reel39__7,bot57__5,1206,N,False
6,reel45__3,reel35__3,1206,N,False
6,294,bot47__6,1206,N,False
6,reel39__0,reel59__5,1206,N,False
6,bot10__4,bot49__2,1206,N,False
6,reel0__1,bot2__0,1206,N,False
6,reel18__7,bot24__1,1206,N,False
6,reel25__3,bot34__3,1206,N,False
6,reel12__5,219,1206,N,False
6,reel12__5,reel31__5,1206,N,False
6,reel25__8,reel48__8,1206,N,False
6,reel20__2,reel0__4,1206,N,False
6,reel20__2,reel36__4,1206,N,False
6,reel20__2,bot58__3,1206,N,False
6,306,reel21__4,1207,N,False
6,306,reel52__9,1207,N,False
6,50,reel52__9,1207,N,False
6,310,reel2__6,1207,N,False
6,bot22__9,reel2__6,1207,N,False
6,337,reel2__6,1207,N,False
6,310,reel5__2,1207,N,False
6,310,bot55__8,1207,N,False
6,reel36__4,bot40__2,1207,N,False
6,reel36__4,reel42__6,1207,N,False
6,reel36__4,reel53__1,1207,N,False
6,reel34__4,reel25__0,1207,N,False
6,reel46__5,reel38__7,1207,N,False
6,reel34__4,reel38__7,1207,N,False
6,260,160,1207,N,False
6,reel26__4,160,1207,N,False
6,260,reel15__6,1207,N,False
6,reel59__4,205,1207,N,False
6,192,205,1207,N,False
6,reel11__9,52,1207,N,False
6,192,52,1207,N,False
6,reel27__2,reel33__0,1207,N,False
6,192,reel33__0,1207,N,False
6,192,reel40__9,1207,N,False
6,192,reel41__7,1207,N,False
6,bot51__0,reel41__7,1207,N,False
6,bot23__9,bot37__4,1207,N,False
6,reel11__2,reel4__6,1207,N,False
6,reel27__1,reel4__6,1207,N,False
6,bot1__7,bot50__2,1207,N,False
6,bot38__9,reel28__1,1207,N,False
6,250,reel2__4,1207,N,False
6,250,bot56__4,1207,N,False
6,bot17__4,bot4__4,1207,N,False
6,76,bot4__4,1207,N,False
6,bot9__0,bot18__8,1207,N,False
6,bot8__3,bot18__8,1207,N,False
6,reel10__8,reel31__2,1207,N,False
6,54,reel36__3,1207,N,False
6,reel8__0,reel36__3,1207,N,False
6,reel45__9,reel36__3,1207,N,False
6,reel44__9,reel49__8,1207,N,False
6,reel37__0,reel49__8,1207,N,False
6,bot57__2,bot12__8,1207,N,False
6,bot6__7,bot12__8,1207,N,False
6,268,bot5__0,1207,N,False
6,bot10__9,bot5__0,1207,N,False
6,268,reel27__7,1207,N,False
6,bot36__3,bot1__9,1207,N,False
6,reel55__6,89,1207,N,False
6,327,89,1207,N,False
6,reel27__4,reel43__1,1207,N,False
6,reel31__1,reel43__1,1207,N,False
6,reel2__7,190,1207,N,False
6,229,190,1207,N,False
6,bot11__1,190,1207,N,False
6,reel2__7,reel8__8,1207,N,False
6,reel2__7,reel16__8,1207,N,False
6,reel2__7,reel23__3,1207,N,False
6,reel2__7,bot45__4,1207,N,False
6,reel47__6,reel23__8,1207,N,False
6,159,bot0__3,1207,N,False
6,159,reel9__2,1207,N,False
6,327,reel9__2,1207,N,False
6,reel9__1,reel32__0,1207,N,False
6,159,reel32__0,1207,N,False
6,reel15__1,reel51__4,1207,N,False
6,reel12__9,bot25__8,1207,N,False
6,bot35__8,bot25__8,1207,N,False
6,bot35__9,bot39__9,1207,N,False
6,bot35__8,bot39__9,1207,N,False
6,bot7__2,bot10__8,1207,N,False
6,bot37__1,bot28__3,1207,N,False
6,bot37__1,bot46__9,1207,N,False
6,bot37__1,bot50__6,1207,N,False
6,bot46__7,bot50__6,1207,N,False
6,bot21__2,bot37__8,1207,N,False
6,bot26__4,bot37__8,1207,N,False
6,bot6__7,bot16__8,1207,N,False
6,bot11__4,bot16__8,1207,N,False
6,reel26__9,reel50__6,1207,N,False
6,bot22__9,reel10__0,1207,N,False
6,bot22__9,bot30__6,1207,N,False
6,reel30__7,bot43__5,1207,N,False
6,reel11__3,reel47__1,1207,N,False
6,reel19__5,reel32__3,1207,N,False
6,bot33__7,reel32__3,1207,N,False
6,reel49__3,reel23__7,1207,N,False
6,reel23__2,305,1207,N,False
6,reel23__2,reel46__1,1207,N,False
6,167,reel23__5,1207,N,False
6,167,bot29__4,1207,N,False
6,reel5__1,bot11__2,1207,N,False
6,reel34__7,244,1207,N,False
6,282,244,1207,N,False
6,282,bot2__5,1207,N,False
6,reel19__3,reel25__7,1207,N,False
6,bot11__6,bot28__8,1207,N,False
6,reel19__3,bot28__8,1207,N,False
6,reel15__5,289,1207,N,False
6,reel15__5,bot28__9,1207,N,False
6,reel15__5,reel58__1,1207,N,False
6,reel5__8,bot30__9,1207,N,False
6,reel59__4,reel43__8,1207,N,False
6,229,bot4__0,1207,N,False
6,229,reel28__7,1207,N,False
6,229,bot41__3,1207,N,False
6,bot6__7,219,1207,N,False
6,bot6__7,bot47__3,1207,N,False
6,140,bot47__3,1207,N,False
6,reel27__1,reel54__4,1207,N,False
6,bot55__4,reel27__3,1207,N,False
6,reel53__5,reel27__3,1207,N,False
6,reel16__2,reel13__1,1207,N,False
6,reel39__9,reel13__1,1207,N,False
6,reel16__2,bot48__6,1207,N,False
6,bot22__1,110,1207,N,False
6,reel5__5,bot33__2,1207,N,False
6,bot16__1,bot33__2,1207,N,False
6,reel0__3,bot1__6,1207,N,False
6,150,bot1__6,1207,N,False
6,reel0__3,reel48__7,1207,N,False
6,reel27__2,reel48__7,1207,N,False
6,bot40__1,316,1207,N,False
6,reel12__9,bot20__2,1207,N,False
6,reel7__7,bot20__2,1207,N,False
6,reel8__2,bot20__0,1207,N,False
6,328,bot6__0,1207,N,False
6,reel27__4,reel45__5,1207,N,False
6,reel11__9,reel47__2,1207,N,False
6,reel0__5,bot9__1,1207,N,False
6,bot1__1,bot9__1,1207,N,False
6,233,256,1207,N,False
6,reel57__1,256,1207,N,False
6,reel11__5,reel22__6,1207,N,False
6,reel11__5,bot36__6,1207,N,False
6,reel11__5,reel55__3,1207,N,False
6,218,reel55__3,1207,N,False
6,reel33__7,reel36__8,1207,N,False
6,32,reel0__9,1207,N,False
6,reel8__4,reel0__9,1207,N,False
6,reel5__5,reel0__9,1207,N,False
6,reel24__3,reel21__6,1207,N,False
6,reel4__4,reel52__4,1207,N,False
6,reel29__7,reel52__4,1207,N,False
6,reel4__4,reel54__0,1207,N,False
6,reel27__2,reel54__0,1207,N,False
6,50,reel20__7,1207,N,False
6,bot49__7,reel16__4,1207,N,False
6,bot5__3,bot51__5,1207,N,False
6,reel6__0,reel22__3,1207,N,False
6,reel6__0,bot47__1,1207,N,False
6,54,reel10__1,1207,N,False
6,54,reel11__1,1207,N,False
6,bot16__2,reel11__1,1207,N,False
6,54,reel51__9,1207,N,False
6,150,bot7__4,1207,N,False
6,197,reel9__3,1207,N,False
6,bot31__7,reel9__3,1207,N,False
6,197,bot18__0,1207,N,False
6,reel20__4,216,1207,N,False
6,reel27__2,216,1207,N,False
6,bot18__6,bot6__9,1207,N,False
6,233,bot6__9,1207,N,False
6,bot8__7,bot14__8,1207,N,False
6,233,bot14__8,1207,N,False
6,bot35__9,bot1__8,1207,N,False
6,reel13__3,reel56__8,1207,N,False
6,bot36__0,bot46__6,1207,N,False
6,reel10__3,bot16__7,1207,N,False
6,reel10__3,bot32__0,1207,N,False
6,17,reel28__6,1207,N,False
6,bot45__0,bot23__7,1207,N,False
6,36,bot3__4,1207,N,False
6,218,bot3__4,1207,N,False
6,36,bot60__8,1207,N,False
6,reel1__2,reel2__5,1207,N,False
6,reel1__2,reel19__2,1207,N,False
6,reel0__5,reel48__6,1207,N,False
6,140,bot18__2,1207,N,False
6,218,bot18__2,1207,N,False
6,218,bot26__1,1207,N,False
6,218,bot56__7,1207,N,False
6,reel8__7,bot11__9,1207,N,False
6,reel8__7,reel14__7,1207,N,False
6,bot27__8,reel4__3,1207,N,False
6,bot14__6,bot29__1,1207,N,False
6,reel38__4,reel58__9,1207,N,False
6,337,bot31__5,1207,N,False
6,reel18__3,bot22__6,1207,N,False
6,bot2__9,bot0__9,1207,N,False
6,bot2__9,bot9__8,1207,N,False
6,bot2__9,bot24__2,1207,N,False
6,275,reel57__4,1207,N,False
6,bot34__7,reel14__2,1207,N,False
6,32,reel14__2,1207,N,False
6,reel19__0,bot24__1,1207,N,False
6,bot8__3,264,1207,N,False
6,bot8__3,bot26__9,1207,N,False
6,bot55__4,bot23__8,1207,N,False
6,reel3__5,bot8__4,1207,N,False
6,reel3__5,reel52__7,1207,N,False
6,reel28__0,reel36__9,1207,N,False
6,bot6__5,reel2__1,1207,N,False
6,bot6__5,bot49__5,1207,N,False
6,reel5__5,reel16__1,1207,N,False
6,bot33__3,reel9__6,1207,N,False
6,145,bot31__1,1207,N,False
6,bot37__3,reel21__0,1207,N,False
6,81,286,1207,N,False
6,127,reel58__0,1207,N,False
6,327,319,1207,N,False
6,reel26__4,reel27__0,1207,N,False
6,311,bot29__8,1207,N,False
6,90,bot41__2,1207,N,False
6,76,bot38__2,1207,N,False
6,reel9__1,bot28__5,1207,N,False
6,reel26__5,bot56__0,1207,N,False
6,bot25__2,bot55__7,1208,N,False
6,bot7__5,bot43__4,1208,N,False
6,bot10__5,bot43__4,1208,N,False
6,reel17__6,bot30__6,1208,N,False
6,reel26__1,bot43__7,1208,N,False
6,reel29__9,bot43__7,1208,N,False
6,111,bot14__3,1208,N,False
6,bot44__8,bot14__3,1208,N,False
6,bot20__3,bot14__3,1208,N,False
6,190,reel41__7,1208,N,False
6,192,reel41__7,1208,N,False
6,bot51__0,reel41__7,1208,N,False
6,bot15__5,bot38__3,1208,N,False
6,bot31__7,bot38__3,1208,N,False
6,reel17__0,reel1__0,1208,N,False
6,reel17__0,bot18__3,1208,N,False
6,reel17__0,reel53__1,1208,N,False
6,250,reel2__4,1208,N,False
6,250,reel31__9,1208,N,False
6,250,bot44__1,1208,N,False
6,250,bot56__4,1208,N,False
6,bot44__9,reel19__9,1208,N,False
6,bot42__0,bot50__1,1208,N,False
6,bot37__9,bot58__7,1208,N,False
6,bot51__0,bot58__7,1208,N,False
6,reel22__0,bot46__3,1208,N,False
6,reel23__5,bot46__3,1208,N,False
6,reel14__9,reel48__2,1208,N,False
6,bot7__2,bot10__8,1208,N,False
6,reel27__0,reel1__9,1208,N,False
6,143,35,1208,N,False
6,bot55__1,35,1208,N,False
6,bot52__3,reel4__5,1208,N,False
6,bot24__3,bot32__1,1208,N,False
6,167,reel19__0,1208,N,False
6,167,bot58__8,1208,N,False
6,167,reel58__4,1208,N,False
6,28,reel3__6,1208,N,False
6,bot4__5,reel3__6,1208,N,False
6,68,bot36__1,1208,N,False
6,reel51__6,138,1208,N,False
6,bot18__5,bot15__0,1208,N,False
6,49,bot15__0,1208,N,False
6,110,bot15__0,1208,N,False
6,49,reel52__1,1208,N,False
6,reel59__5,reel41__6,1208,N,False
6,190,reel2__6,1208,N,False
6,bot54__2,bot53__4,1208,N,False
6,reel28__1,157,1208,N,False
6,bot32__3,157,1208,N,False
6,reel12__7,bot37__0,1208,N,False
6,bot4__3,bot37__0,1208,N,False
6,reel5__8,bot30__9,1208,N,False
6,reel32__5,reel21__5,1208,N,False
6,reel32__5,reel54__5,1208,N,False
6,reel15__8,reel37__4,1208,N,False
6,reel6__3,reel37__4,1208,N,False
6,reel6__3,bot12__8,1208,N,False
6,bot6__7,bot12__8,1208,N,False
6,reel6__3,reel20__6,1208,N,False
6,reel43__5,reel20__6,1208,N,False
6,reel6__3,reel43__7,1208,N,False
6,bot6__7,bot16__8,1208,N,False
6,bot6__7,bot47__3,1208,N,False
6,140,bot47__3,1208,N,False
6,bot11__3,bot7__3,1208,N,False
6,110,bot7__3,1208,N,False
6,reel40__9,198,1208,N,False
6,reel57__2,198,1208,N,False
6,166,198,1208,N,False
6,bot23__5,198,1208,N,False
6,reel40__9,bot52__9,1208,N,False
6,reel25__0,bot28__5,1208,N,False
6,reel43__5,reel28__9,1208,N,False
6,reel3__0,reel44__3,1208,N,False
6,bot23__8,bot0__7,1208,N,False
6,bot1__2,bot0__7,1208,N,False
6,bot23__8,bot28__0,1208,N,False
6,reel4__3,bot22__6,1208,N,False
6,reel25__5,reel42__1,1208,N,False
6,bot46__7,bot50__6,1208,N,False
6,bot34__7,267,1208,N,False
6,23,267,1208,N,False
6,23,155,1208,N,False
6,reel11__5,reel55__3,1208,N,False
6,259,reel7__8,1208,N,False
6,bot19__9,reel7__8,1208,N,False
6,259,bot16__5,1208,N,False
6,259,bot51__9,1208,N,False
6,reel33__7,reel36__8,1208,N,False
6,reel33__7,bot43__2,1208,N,False
6,reel24__3,34,1208,N,False
6,reel47__7,34,1208,N,False
6,bot26__9,34,1208,N,False
6,reel24__3,reel59__1,1208,N,False
6,reel34__2,reel36__5,1208,N,False
6,bot19__0,bot56__6,1208,N,False
6,bot34__3,bot56__6,1208,N,False
6,bot35__9,bot39__9,1208,N,False
6,143,reel10__6,1208,N,False
6,143,bot52__0,1208,N,False
6,317,bot26__6,1208,N,False
6,bot5__8,bot26__6,1208,N,False
6,bot49__1,bot26__6,1208,N,False
6,bot41__7,bot17__7,1208,N,False
6,reel1__2,reel19__2,1208,N,False
6,bot45__6,bot18__2,1208,N,False
6,bot32__5,bot18__2,1208,N,False
6,140,bot18__2,1208,N,False
6,reel57__5,reel6__1,1208,N,False
6,bot13__2,bot31__5,1208,N,False
6,bot9__2,bot56__2,1208,N,False
6,bot59__7,bot22__4,1208,N,False
6,bot19__0,bot22__4,1208,N,False
6,reel27__2,reel54__0,1208,N,False
6,reel27__2,reel56__5,1208,N,False
6,bot32__2,bot6__5,1208,N,False
6,reel6__7,bot41__6,1208,N,False
6,reel6__7,reel41__5,1208,N,False
6,reel42__7,reel51__7,1208,N,False
6,reel31__2,reel40__0,1208,N,False
6,bot51__4,bot39__5,1208,N,False
6,bot10__0,279,1208,N,False
6,111,279,1208,N,False
6,reel44__8,reel37__3,1208,N,False
6,253,reel44__0,1208,N,False
6,bot10__0,bot35__3,1208,N,False
6,reel3__2,bot19__2,1208,N,False
6,bot47__2,reel39__7,1208,N,False
6,317,bot21__2,1208,N,False
6,bot53__8,reel41__4,1208,N,False
6,reel37__9,bot52__6,1208,N,False
6,reel0__1,reel36__1,1208,N,False
6,reel0__1,bot37__6,1208,N,False
6,reel12__5,reel29__2,1208,N,False
6,reel12__5,reel31__5,1208,N,False
6,reel12__5,bot60__3,1208,N,False
6,reel11__4,bot28__1,1208,N,False
6,reel11__4,reel55__4,1208,N,False
6,bot20__0,reel16__8,1208,N,False
6,reel12__4,reel38__0,1209,N,False
6,reel12__4,reel38__3,1209,N,False
6,reel5__3,bot26__7,1209,N,False
6,bot37__4,reel27__5,1209,N,False
6,bot9__0,bot18__8,1209,N,False
6,reel38__4,reel58__9,1209,N,False
6,bot21__5,reel13__0,1209,N,False
6,bot21__5,bot54__3,1209,N,False
6,reel38__8,reel51__9,1211,N,True
6,bot41__8,bot51__2,1212,N,True
6,bot30__1,bot51__2,1212,N,True
6,reel35__9,reel55__2,1212,N,True
6,179,reel55__2,1212,N,True
6,bot38__8,bot47__6,1212,N,True
6,44,bot4__4,1212,N,True
6,bot12__5,bot4__4,1212,N,True
6,44,bot56__0,1212,N,True
6,reel30__6,reel38__1,1212,N,True
6,reel3__9,reel55__9,1212,N,True
6,reel11__3,bot16__5,1212,N,True
6,52,reel47__1,1212,N,True
6,reel11__3,reel47__1,1212,N,True
6,reel51__0,reel11__0,1212,N,True
6,reel51__8,reel11__0,1212,N,True
6,52,bot3__3,1212,N,True
6,182,bot3__3,1212,N,True
6,reel0__8,bot3__3,1212,N,True
6,reel44__9,228,1212,N,True
6,reel17__1,316,1212,N,True
6,305,bot0__3,1212,N,True
6,reel19__4,reel33__3,1212,N,True
6,bot25__9,bot36__0,1212,N,True
6,70,bot36__0,1212,N,True
6,bot10__8,bot7__2,1212,N,True
6,reel36__8,reel53__4,1212,N,True
6,179,reel53__4,1212,N,True
6,bot41__9,bot57__6,1212,N,True
6,reel57__0,reel37__8,1212,N,True
6,227,reel37__8,1212,N,True
6,reel0__8,reel37__8,1212,N,True
6,bot22__4,bot59__7,1212,N,True
6,bot23__0,bot59__7,1212,N,True
6,reel54__4,reel41__0,1212,N,True
6,bot43__7,bot52__0,1212,N,True
6,reel47__3,bot48__6,1212,N,True
6,bot37__1,bot46__9,1214,N,True
6,bot43__3,bot50__6,1214,N,True
6,bot37__1,bot50__6,1214,N,True
6,bot12__0,bot6__0,1214,N,True
6,bot49__5,bot35__0,1214,N,True
6,228,bot52__6,1214,N,True
6,reel37__9,bot52__6,1214,N,True
6,bot31__4,bot53__8,1214,N,True
6,reel43__8,reel3__6,1214,N,True
6,bot27__4,bot47__5,1214,N,True
6,reel8__5,bot23__7,1214,N,True
6,reel37__3,reel44__8,1215,N,True
6,bot24__5,bot29__9,1216,N,True
6,bot39__5,bot29__9,1216,N,True
6,bot8__2,bot37__0,1216,N,True
6,bot23__9,bot37__4,1216,N,True
6,reel41__7,bot42__7,1216,N,True
6,bot32__0,bot9__5,1216,N,True
6,bot2__7,bot4__6,1216,N,True
6,reel11__3,reel47__1,1216,N,True
6,reel49__2,bot52__3,1216,N,True
6,reel19__3,183,1216,N,True
6,bot30__9,183,1216,N,True
6,reel0__1,reel36__1,1216,N,True
6,reel31__4,reel36__1,1216,N,True
6,reel44__2,reel36__1,1216,N,True
6,305,reel55__5,1216,N,True
6,145,reel55__5,1216,N,True
6,reel27__4,reel45__5,1216,N,True
6,reel21__1,reel45__5,1216,N,True
6,reel24__3,34,1216,N,True
6,reel24__3,reel59__1,1216,N,True
6,reel36__0,reel59__1,1216,N,True
6,reel21__1,reel53__6,1216,N,True
6,bot11__8,bot36__9,1216,N,True
6,bot20__8,bot36__9,1216,N,True
6,reel11__0,35,1216,N,True
6,bot52__4,bot45__4,1216,N,True
6,bot48__9,bot15__4,1216,N,True
6,145,bot31__1,1216,N,True
6,110,bot7__3,1216,N,True
6,bot24__5,bot47__0,1216,N,True
6,reel9__8,bot31__4,1217,N,True
6,bot8__9,bot30__6,1218,N,True
6,reel17__6,bot30__6,1218,N,True
6,reel17__6,reel42__9,1218,N,True
6,reel44__7,reel42__9,1218,N,True
6,reel23__3,reel42__9,1218,N,True
6,reel27__4,reel45__5,1218,N,True
6,reel42__0,reel45__5,1218,N,True
6,reel42__0,bot46__4,1218,N,True
6,115,bot26__3,1218,N,True
6,reel2__8,bot26__3,1218,N,True
6,reel47__9,reel32__8,1218,N,True
6,reel2__8,reel32__8,1218,N,True
6,157,reel28__1,1218,N,True
6,bot47__1,reel28__1,1218,N,True
6,bot38__9,reel28__1,1218,N,True
6,reel50__1,reel28__1,1218,N,True
6,reel31__6,reel28__1,1218,N,True
6,46,reel28__1,1218,N,True
6,reel35__9,reel55__2,1218,N,True
6,reel17__2,bot46__9,1218,N,True
6,bot19__0,bot22__4,1218,N,True
6,bot2__1,bot22__4,1218,N,True
6,244,bot22__4,1218,N,True
6,bot59__7,bot22__4,1218,N,True
6,bot28__1,bot22__4,1218,N,True
6,reel15__2,reel29__5,1218,N,True
6,reel15__2,bot44__8,1218,N,True
6,46,bot54__6,1218,N,True
6,reel15__2,bot54__6,1218,N,True
6,198,bot23__5,1218,N,True
6,97,bot23__5,1218,N,True
6,bot22__1,bot32__9,1218,N,True
6,bot19__0,bot32__9,1218,N,True
6,97,bot32__9,1218,N,True
6,bot22__1,bot20__8,1218,N,True
6,bot8__7,bot20__8,1218,N,True
6,bot44__3,bot42__1,1218,N,True
6,bot22__1,bot42__1,1218,N,True
6,293,bot43__8,1218,N,True
6,reel2__5,bot43__8,1218,N,True
6,bot41__5,bot43__8,1218,N,True
6,bot44__3,bot57__6,1218,N,True
6,bot41__9,bot57__6,1218,N,True
6,reel9__6,bot57__6,1218,N,True
6,reel22__7,reel40__7,1218,N,True
6,reel10__4,reel40__7,1218,N,True
6,bot56__9,reel42__1,1218,N,True
6,reel25__5,reel42__1,1218,N,True
6,reel7__7,reel42__1,1218,N,True
6,reel45__3,reel42__1,1218,N,True
6,reel23__8,reel11__8,1218,N,True
6,reel13__9,reel11__8,1218,N,True
6,321,bot26__8,1218,N,True
6,226,bot26__8,1218,N,True
6,bot38__0,bot26__8,1218,N,True
6,bot49__7,bot26__8,1218,N,True
6,reel17__8,bot22__2,1218,N,True
6,reel21__2,bot23__9,1218,N,True
6,reel17__8,bot23__9,1218,N,True
6,bot37__4,bot23__9,1218,N,True
6,180,reel26__3,1218,N,True
6,reel17__8,reel26__3,1218,N,True
6,157,bot58__1,1218,N,True
6,bot43__4,bot58__1,1218,N,True
6,reel17__8,bot58__1,1218,N,True
6,bot49__9,bot52__0,1218,N,True
6,143,bot52__0,1218,N,True
6,reel19__3,183,1218,N,True
6,bot30__9,183,1218,N,True
6,reel42__3,bot60__6,1218,N,True
6,bot43__4,bot60__6,1218,N,True
6,180,bot24__7,1218,N,True
6,bot48__9,282,1218,N,True
6,244,282,1218,N,True
6,bot34__7,267,1218,N,True
6,bot8__9,267,1218,N,True
6,bot40__1,267,1218,N,True
6,bot22__8,267,1218,N,True
6,reel19__0,bot24__1,1218,N,True
6,bot13__7,bot24__1,1218,N,True
6,bot49__4,reel48__7,1218,N,True
6,reel27__2,reel48__7,1218,N,True
6,reel40__3,bot52__4,1218,N,True
6,157,reel9__9,1218,N,True
6,bot29__3,reel9__9,1218,N,True
6,reel29__3,reel9__9,1218,N,True
6,reel17__0,reel9__9,1218,N,True
6,reel1__3,bot26__5,1218,N,True
6,bot29__3,bot26__5,1218,N,True
6,reel26__2,reel19__6,1218,N,True
6,reel1__1,reel19__6,1218,N,True
6,reel17__3,reel19__6,1218,N,True
6,reel17__3,bot41__1,1218,N,True
6,reel19__1,bot29__2,1218,N,True
6,reel8__9,bot29__2,1218,N,True
6,reel2__1,bot29__2,1218,N,True
6,58,bot60__9,1218,N,True
6,101,bot60__9,1218,N,True
6,bot12__3,bot60__9,1218,N,True
6,bot11__8,bot36__9,1218,N,True
6,bot20__0,bot46__0,1218,N,True
6,reel40__8,bot46__0,1218,N,True
6,bot11__8,bot46__0,1218,N,True
6,reel14__1,bot34__5,1218,N,True
6,bot48__9,bot15__4,1218,N,True
6,reel36__5,reel34__2,1218,N,True
6,reel32__4,reel34__2,1218,N,True
6,bot9__5,bot32__0,1218,N,True
6,reel10__3,bot32__0,1218,N,True
6,bot41__3,bot32__0,1218,N,True
6,6,bot42__8,1218,N,True
6,bot15__9,bot42__8,1218,N,True
6,reel58__8,reel12__2,1218,N,True
6,bot21__5,bot54__3,1218,N,True
6,reel23__8,reel25__0,1218,N,True
6,reel9__6,reel25__0,1218,N,True
6,reel34__4,reel25__0,1218,N,True
6,reel6__5,bot30__3,1218,N,True
6,bot10__7,bot30__3,1218,N,True
6,bot35__8,bot50__4,1218,N,True
6,reel41__2,reel58__6,1218,N,True
6,reel27__4,reel43__1,1218,N,True
6,reel30__8,reel43__1,1218,N,True
6,bot25__0,reel10__9,1218,N,True
6,bot37__8,reel10__9,1218,N,True
6,reel52__0,reel10__9,1218,N,True
6,reel4__5,reel10__9,1218,N,True
6,reel57__9,reel22__5,1218,N,True
6,reel3__6,reel22__5,1218,N,True
6,bot41__8,bot51__2,1218,N,True
6,reel13__5,bot22__3,1218,N,True
6,bot19__3,bot45__2,1218,N,True
6,bot19__3,bot49__0,1218,N,True
6,259,reel54__9,1218,N,True
6,173,34,1218,N,True
6,bot26__9,34,1218,N,True
6,reel32__9,bot41__2,1218,N,True
6,90,bot41__2,1218,N,True
6,233,reel29__0,1218,N,True
6,227,reel29__0,1218,N,True
6,293,bot16__7,1218,N,True
6,reel10__3,bot16__7,1218,N,True
6,bot5__4,bot16__7,1218,N,True
6,reel10__3,bot47__7,1218,N,True
6,reel11__7,reel55__8,1218,N,True
6,reel10__3,reel55__8,1218,N,True
6,reel1__2,reel19__2,1218,N,True
6,bot0__0,bot16__0,1218,N,True
6,bot34__4,bot16__0,1218,N,True
6,reel28__6,bot30__1,1218,N,True
6,216,bot30__1,1218,N,True
6,bot57__2,bot34__9,1218,N,True
6,reel15__6,bot34__9,1218,N,True
6,reel6__7,bot41__6,1218,N,True
6,bot13__6,bot3__1,1218,N,True
6,70,bot3__1,1218,N,True
6,reel22__0,reel36__0,1218,N,True
6,reel22__0,bot47__0,1218,N,True
6,bot51__5,bot59__0,1218,N,True
6,reel17__0,bot59__0,1218,N,True
6,330,reel32__7,1218,N,True
6,reel53__3,reel32__7,1218,N,True
6,reel36__5,reel32__7,1218,N,True
6,157,bot21__9,1218,N,True
6,bot15__5,bot38__3,1218,N,True
6,bot31__7,bot38__3,1218,N,True
6,bot42__7,bot38__3,1218,N,True
6,bot57__2,bot12__8,1218,N,True
6,198,bot12__8,1218,N,True
6,reel15__1,reel51__4,1218,N,True
6,143,35,1218,N,True
6,bot55__1,35,1218,N,True
6,bot35__2,bot59__8,1218,N,True
6,42,reel58__9,1218,N,True
6,92,reel22__3,1218,N,True
6,255,reel22__3,1218,N,True
6,reel9__6,bot33__3,1218,N,True
6,28,bot33__3,1218,N,True
6,187,bot10__3,1218,N,True
6,2,bot10__3,1218,N,True
6,187,reel26__6,1218,N,True
6,reel21__6,reel24__3,1218,N,True
6,reel14__2,bot23__6,1218,N,True
6,bot48__3,bot52__3,1218,N,True
6,reel4__5,bot52__3,1218,N,True
6,reel49__2,bot52__3,1218,N,True
6,147,reel36__9,1218,N,True
6,reel28__0,reel36__9,1218,N,True
6,reel43__7,bot54__5,1218,N,True
6,bot40__6,bot48__2,1218,N,True
6,reel4__5,bot58__9,1218,N,True
6,reel10__4,reel37__0,1218,N,True
6,reel49__8,reel37__0,1218,N,True
6,bot6__1,bot28__6,1218,N,True
6,bot53__8,bot31__4,1218,N,True
6,293,reel36__6,1218,N,True
6,bot16__6,bot7__0,1218,N,True
6,reel5__3,bot7__0,1218,N,True
6,reel1__1,bot35__5,1218,N,True
6,reel49__2,reel56__6,1218,N,True
6,reel49__2,bot59__2,1218,N,True
6,reel22__8,bot59__2,1218,N,True
6,bot9__1,bot59__6,1218,N,True
6,reel10__4,bot27__8,1218,N,True
6,bot18__8,bot20__1,1218,N,True
6,reel37__8,reel57__0,1218,N,True
6,reel16__4,reel57__0,1218,N,True
6,reel22__8,bot29__6,1218,N,True
6,reel37__4,bot48__5,1218,N,True
6,bot13__0,bot2__5,1218,N,True
6,reel1__3,bot54__0,1218,N,True
6,reel36__8,reel53__4,1218,N,True
6,bot10__0,bot35__3,1218,N,True
6,reel14__7,reel33__5,1218,N,True
6,81,286,1219,N,True
6,bot22__7,286,1219,N,True
6,bot19__5,bot34__0,1219,N,True
6,reel32__5,reel53__4,1219,N,True
6,179,reel53__4,1219,N,True
6,183,bot30__9,1219,N,True
6,bot35__6,bot51__5,1219,N,True
6,bot17__0,bot11__9,1219,N,True
6,bot17__7,bot41__7,1219,N,True
6,61,bot41__7,1219,N,True
6,bot30__2,bot12__7,1219,N,True
7,reel16__0,reel53__7,1200,N,False
7,bot27__0,reel19__9,1200,N,False
7,reel36__5,reel32__7,1200,N,False
7,bot41__0,bot34__1,1200,N,False
7,310,bot55__8,1201,N,False
7,bot34__5,bot55__8,1201,N,False
7,reel54__2,reel38__5,1201,N,False
7,80,bot11__8,1201,N,False
7,reel5__5,bot11__8,1201,N,False
7,bot36__9,bot11__8,1201,N,False
7,bot25__8,bot35__8,1201,N,False
7,bot34__0,reel20__4,1201,N,False
7,216,reel20__4,1201,N,False
7,reel37__9,reel20__4,1201,N,False
7,reel29__9,reel31__7,1201,N,False
7,78,bot8__8,1201,N,False
7,bot7__0,bot8__8,1201,N,False
7,78,reel36__2,1201,N,False
7,78,reel45__9,1201,N,False
7,78,reel48__2,1201,N,False
7,78,reel50__9,1201,N,False
7,bot23__9,bot33__8,1201,N,False
7,bot1__7,bot50__2,1201,N,False
7,112,174,1201,N,False
7,112,reel4__1,1201,N,False
7,112,reel14__8,1201,N,False
7,bot25__9,reel14__8,1201,N,False
7,97,reel14__8,1201,N,False
7,112,reel37__6,1201,N,False
7,bot5__5,bot50__1,1201,N,False
7,bot42__0,bot50__1,1201,N,False
7,267,bot34__7,1201,N,False
7,263,reel23__5,1201,N,False
7,326,reel23__5,1201,N,False
7,167,reel23__5,1201,N,False
7,263,bot38__9,1201,N,False
7,bot55__1,35,1201,N,False
7,bot7__0,bot16__6,1201,N,False
7,reel6__2,reel36__3,1201,N,False
7,reel6__2,bot39__1,1201,N,False
7,reel1__1,reel19__6,1201,N,False
7,reel37__9,reel19__6,1201,N,False
7,bot24__1,reel19__0,1201,N,False
7,167,reel19__0,1201,N,False
7,reel49__2,reel33__9,1201,N,False
7,reel49__2,bot52__3,1201,N,False
7,reel49__2,reel56__6,1201,N,False
7,191,bot28__4,1201,N,False
7,reel25__2,reel36__8,1201,N,False
7,259,bot4__7,1201,N,False
7,68,bot4__7,1201,N,False
7,68,bot36__1,1201,N,False
7,reel32__5,reel0__4,1201,N,False
7,151,reel0__4,1201,N,False
7,282,reel42__4,1201,N,False
7,bot18__2,bot45__6,1201,N,False
7,bot53__7,bot0__8,1201,N,False
7,bot16__8,bot51__3,1201,N,False
7,reel32__5,reel53__4,1201,N,False
7,41,bot1__3,1201,N,False
7,28,bot1__3,1201,N,False
7,28,bot33__3,1201,N,False
7,reel30__9,reel46__6,1201,N,False
7,126,bot23__5,1201,N,False
7,97,bot23__5,1201,N,False
7,bot21__4,reel2__5,1201,N,False
7,reel51__3,179,1201,N,False
7,reel55__2,179,1201,N,False
7,reel11__8,179,1201,N,False
7,254,reel5__8,1201,N,False
7,254,bot60__5,1201,N,False
7,111,bot13__9,1201,N,False
7,bot16__1,bot13__9,1201,N,False
7,reel37__5,bot59__5,1201,N,False
7,89,bot13__2,1201,N,False
7,89,reel31__6,1201,N,False
7,89,reel59__2,1201,N,False
7,reel25__5,reel42__1,1201,N,False
7,61,reel33__3,1201,N,False
7,61,bot41__7,1201,N,False
7,reel0__0,bot41__7,1201,N,False
7,reel9__3,305,1201,N,False
7,reel9__3,bot31__7,1201,N,False
7,reel9__3,reel50__6,1201,N,False
7,41,bot9__2,1201,N,False
7,reel24__3,34,1201,N,False
7,reel24__3,reel59__1,1201,N,False
7,reel14__4,bot20__7,1201,N,False
7,reel18__7,bot20__7,1201,N,False
7,bot25__9,bot36__0,1201,N,False
7,102,bot60__0,1201,N,False
7,reel43__7,bot54__5,1201,N,False
7,17,reel28__6,1201,N,False
7,reel55__0,reel38__8,1201,N,False
7,bot8__7,bot14__8,1201,N,False
7,bot47__2,bot14__8,1201,N,False
7,reel0__0,bot14__8,1201,N,False
7,reel38__4,reel58__9,1201,N,False
7,bot23__3,bot46__6,1201,N,False
7,reel15__9,reel33__7,1201,N,False
7,126,bot21__8,1201,N,False
7,216,bot30__1,1201,N,False
7,275,reel51__1,1201,N,False
7,275,reel57__4,1201,N,False
7,219,bot8__0,1201,N,False
7,219,bot13__1,1201,N,False
7,219,reel53__6,1201,N,False
7,162,bot48__2,1201,N,False
7,bot43__7,reel26__1,1201,N,False
7,bot43__7,bot52__0,1201,N,False
7,bot10__0,279,1201,N,False
7,111,279,1201,N,False
7,bot6__5,bot32__2,1201,N,False
7,reel29__0,233,1201,N,False
7,reel29__0,reel36__0,1201,N,False
7,reel5__5,reel30__6,1201,N,False
7,253,bot30__4,1201,N,False
7,253,reel44__0,1201,N,False
7,101,bot60__9,1201,N,False
7,bot47__2,bot52__7,1201,N,False
7,reel0__1,bot37__6,1201,N,False
7,reel25__3,bot34__3,1201,N,False
7,reel25__3,reel34__2,1201,N,False
7,bot4__8,bot60__7,1201,N,False
7,reel0__8,bot5__8,1201,N,False
7,reel46__8,bot52__7,1202,N,False
7,reel44__7,reel42__9,1202,N,False
7,reel14__9,bot27__6,1202,N,False
7,bot38__8,bot12__2,1202,N,False
7,bot18__1,bot47__9,1202,N,False
7,bot35__8,bot47__9,1202,N,False
7,reel8__0,bot11__0,1202,N,False
7,reel9__6,reel45__8,1202,N,False
7,reel8__0,reel45__8,1202,N,False
7,reel11__7,reel56__3,1202,N,False
7,bot47__5,bot27__4,1202,N,False
7,reel25__0,reel58__2,1202,N,False
7,bot37__0,reel12__7,1202,N,False
7,reel13__9,bot52__9,1202,N,False
7,bot34__3,bot56__6,1202,N,False
7,reel44__5,reel40__3,1202,N,False
7,reel58__4,bot59__4,1202,N,False
7,reel37__4,bot48__5,1202,N,False
7,reel38__4,reel58__9,1202,N,False
7,bot18__1,bot32__2,1202,N,False
7,bot36__2,bot57__4,1202,N,False
7,reel42__3,bot60__6,1202,N,False
7,bot10__1,bot60__6,1202,N,False
7,bot43__4,bot60__6,1202,N,False
7,reel41__4,bot53__8,1202,N,False
7,bot12__5,bot23__4,1202,N,False
7,reel8__9,bot51__8,1202,N,False
7,reel42__7,reel51__7,1202,N,False
7,bot43__7,bot52__0,1202,N,False
7,bot33__5,bot44__2,1202,N,False
7,reel9__6,bot24__6,1202,N,False
7,reel9__6,reel38__1,1202,N,False
7,reel9__6,bot57__6,1202,N,False
7,reel31__5,reel53__1,1202,N,False
7,reel46__5,reel39__0,1202,N,False
7,reel46__5,bot52__2,1202,N,False
7,reel36__0,reel35__6,1202,N,False
7,bot40__5,bot6__4,1202,N,False
7,bot43__4,bot58__1,1202,N,False
7,reel37__9,bot52__6,1202,N,False
7,bot5__5,bot0__1,1202,N,False
7,bot22__5,bot40__2,1203,N,False
7,reel30__0,reel51__8,1203,N,False
7,reel14__9,bot27__6,1203,N,False
7,reel26__9,reel50__6,1203,N,False
7,reel26__9,reel52__1,1203,N,False
7,reel20__4,reel25__9,1203,N,False
7,reel19__5,reel25__9,1203,N,False
7,reel39__8,reel51__0,1203,N,False
7,bot3__1,bot1__8,1203,N,False
7,reel38__8,reel55__0,1203,N,False
7,reel50__0,reel55__0,1203,N,False
7,bot14__1,bot54__6,1203,N,False
7,bot37__0,reel12__7,1203,N,False
7,reel33__7,reel36__8,1203,N,False
7,reel20__4,bot34__0,1203,N,False
7,bot36__0,bot46__6,1203,N,False
7,bot20__8,bot36__9,1203,N,False
7,bot7__4,bot25__0,1203,N,False
7,bot38__7,bot37__7,1203,N,False
7,reel2__1,bot12__2,1203,N,False
7,reel47__2,reel43__6,1203,N,False
7,reel9__6,reel43__6,1203,N,False
7,reel43__8,reel3__6,1203,N,False
7,bot26__2,bot34__1,1203,N,False
7,bot53__4,bot41__8,1203,N,False
7,reel46__5,reel38__7,1203,N,False
7,bot10__4,bot49__2,1203,N,False
7,reel32__4,reel34__2,1203,N,False
7,bot46__0,reel40__8,1203,N,False
7,bot46__0,bot60__2,1203,N,False
7,reel43__3,bot48__1,1203,N,False
7,reel2__4,bot10__8,1203,N,False
7,bot39__6,bot43__9,1203,N,False
7,reel24__9,reel47__9,1204,N,False
7,bot11__0,205,1204,N,False
7,bot1__8,205,1204,N,False
7,192,205,1204,N,False
7,bot23__9,bot37__4,1204,N,False
7,reel41__7,bot44__1,1204,N,False
7,reel13__0,reel57__1,1204,N,False
7,bot50__8,reel36__6,1204,N,False
7,reel33__8,bot41__8,1204,N,False
7,44,bot4__4,1204,N,False
7,bot60__6,bot43__4,1204,N,False
7,174,reel52__3,1204,N,False
7,bot9__4,bot41__1,1204,N,False
7,reel56__9,220,1204,N,False
7,115,220,1204,N,False
7,115,bot26__3,1204,N,False
7,255,reel22__3,1204,N,False
7,229,reel28__7,1204,N,False
7,255,reel28__7,1204,N,False
7,reel51__3,179,1204,N,False
7,145,179,1204,N,False
7,reel11__8,179,1204,N,False
7,reel4__6,bot31__4,1204,N,False
7,reel49__7,reel25__6,1204,N,False
7,bot29__0,bot20__0,1204,N,False
7,reel40__9,bot52__9,1204,N,False
7,reel13__5,reel15__0,1204,N,False
7,reel58__4,reel5__4,1204,N,False
7,reel50__2,reel53__8,1204,N,False
7,17,bot7__3,1204,N,False
7,110,bot7__3,1204,N,False
7,reel28__1,bot47__1,1204,N,False
7,reel28__1,reel50__1,1204,N,False
7,bot40__6,bot12__4,1204,N,False
7,bot8__6,bot12__4,1204,N,False
7,reel11__8,reel23__8,1204,N,False
7,reel40__3,reel48__9,1204,N,False
7,reel19__9,bot44__9,1204,N,False
7,bot2__6,bot26__5,1204,N,False
7,reel25__1,bot38__1,1204,N,False
7,bot4__0,bot10__5,1204,N,False
7,bot59__6,bot42__8,1204,N,False
7,reel47__3,bot48__6,1204,N,False
7,reel2__4,reel46__3,1204,N,False
7,reel23__6,reel29__4,1204,N,False
7,reel15__7,bot17__4,1204,N,False
7,reel54__2,reel38__5,1205,N,False
7,bot10__5,bot43__4,1205,N,False
7,reel29__9,reel31__7,1205,N,False
7,bot17__2,reel7__9,1205,N,False
7,bot9__8,reel7__9,1205,N,False
7,reel41__7,bot42__7,1205,N,False
7,bot43__8,293,1205,N,False
7,reel11__9,293,1205,N,False
7,reel22__6,293,1205,N,False
7,bot60__2,bot5__7,1205,N,False
7,115,226,1205,N,False
7,28,226,1205,N,False
7,326,226,1205,N,False
7,326,bot14__1,1205,N,False
7,reel42__9,reel44__7,1205,N,False
7,reel42__9,reel51__0,1205,N,False
7,reel47__8,reel58__8,1205,N,False
7,bot12__0,bot6__0,1205,N,False
7,reel49__2,reel33__9,1205,N,False
7,282,bot4__9,1205,N,False
7,282,reel42__4,1205,N,False
7,115,220,1205,N,False
7,255,reel28__7,1205,N,False
7,bot21__4,reel18__8,1205,N,False
7,reel8__4,reel18__8,1205,N,False
7,28,reel32__2,1205,N,False
7,reel55__3,reel32__2,1205,N,False
7,97,bot3__6,1205,N,False
7,bot35__6,bot46__8,1205,N,False
7,bot7__9,bot10__4,1205,N,False
7,bot1__8,bot35__9,1205,N,False
7,reel13__1,reel16__2,1205,N,False
7,bot12__9,bot26__9,1205,N,False
7,reel9__3,reel50__6,1205,N,False
7,reel8__4,reel17__1,1205,N,False
7,reel24__3,reel59__1,1205,N,False
7,bot14__3,bot44__8,1205,N,False
7,179,reel11__8,1205,N,False
7,233,bot14__8,1205,N,False
7,bot5__8,bot13__2,1205,N,False
7,reel4__0,reel23__8,1205,N,False
7,bot36__2,bot57__4,1205,N,False
7,reel41__1,reel32__1,1205,N,False
7,reel28__6,bot30__1,1205,N,False
7,reel15__0,reel13__5,1205,N,False
7,reel15__0,reel23__1,1205,N,False
7,bot5__9,289,1205,N,False
7,reel4__5,289,1205,N,False
7,reel31__2,reel10__8,1205,N,False
7,reel31__2,reel40__0,1205,N,False
7,reel8__5,bot39__6,1205,N,False
7,reel9__6,reel38__1,1205,N,False
7,reel9__6,bot57__6,1205,N,False
7,bot43__8,bot45__8,1205,N,False
7,reel25__6,bot27__2,1205,N,False
7,reel0__1,reel36__1,1205,N,False
7,reel0__1,bot37__6,1205,N,False
7,reel12__5,219,1205,N,False
7,reel12__5,reel20__1,1205,N,False
7,reel12__5,bot60__3,1205,N,False
7,reel1__6,bot37__5,1206,N,False
7,reel36__4,bot40__2,1206,N,False
7,reel36__4,reel53__1,1206,N,False
7,reel31__5,reel53__1,1206,N,False
7,reel36__4,reel55__7,1206,N,False
7,reel48__0,reel55__7,1206,N,False
7,reel14__9,reel48__2,1206,N,False
7,78,reel48__2,1206,N,False
7,78,reel50__9,1206,N,False
7,reel52__1,reel26__9,1206,N,False
7,reel0__4,reel26__9,1206,N,False
7,bot42__0,bot50__1,1206,N,False
7,219,154,1206,N,False
7,reel34__8,154,1206,N,False
7,reel52__4,reel28__4,1206,N,False
7,bot48__3,reel28__4,1206,N,False
7,bot4__5,bot9__0,1206,N,False
7,reel59__5,reel38__0,1206,N,False
7,reel32__8,bot45__4,1206,N,False
7,bot24__1,bot13__7,1206,N,False
7,bot48__7,bot13__7,1206,N,False
7,reel24__1,bot56__9,1206,N,False
7,bot47__5,bot27__4,1206,N,False
7,reel12__9,bot25__8,1206,N,False
7,reel22__7,reel40__7,1206,N,False
7,107,bot35__4,1206,N,False
7,259,bot51__9,1206,N,False
7,reel27__7,bot50__8,1206,N,False
7,reel24__2,bot42__8,1206,N,False
7,bot47__6,bot38__8,1206,N,False
7,reel27__8,bot38__8,1206,N,False
7,reel12__0,reel15__3,1206,N,False
7,reel29__6,bot50__4,1206,N,False
7,reel13__6,bot49__3,1206,N,False
7,219,reel53__6,1206,N,False
7,reel35__3,reel51__7,1206,N,False
7,reel27__3,bot34__6,1206,N,False
7,reel17__3,bot34__6,1206,N,False
7,reel17__3,reel48__9,1206,N,False
7,reel54__4,reel41__0,1206,N,False
7,253,reel44__0,1206,N,False
7,bot4__0,bot10__5,1206,N,False
7,90,bot41__2,1206,N,False
7,reel58__0,reel42__8,1207,N,False
7,reel50__6,reel44__3,1207,N,False
7,reel10__0,reel6__9,1207,N,False
7,bot33__2,bot43__7,1207,N,False
7,bot2__5,bot13__0,1207,N,False
7,bot28__8,bot13__0,1207,N,False
7,bot36__6,bot13__0,1207,N,False
7,reel8__8,bot53__2,1207,N,False
7,bot9__8,bot19__1,1207,N,False
7,reel28__7,255,1207,N,False
7,reel22__3,255,1207,N,False
7,bot32__0,bot9__5,1207,N,False
7,bot11__9,bot17__0,1207,N,False
7,bot12__8,reel6__3,1207,N,False
7,bot28__3,reel6__3,1207,N,False
7,reel27__0,bot47__4,1207,N,False
7,bot24__2,bot58__0,1207,N,False
7,reel48__7,reel16__6,1207,N,False
7,reel48__7,bot49__4,1207,N,False
7,bot16__8,bot51__3,1207,N,False
7,bot49__5,bot35__0,1207,N,False
7,bot5__0,155,1207,N,False
7,reel4__6,bot31__4,1207,N,False
7,reel2__5,bot43__8,1207,N,False
7,bot1__8,bot3__1,1207,N,False
7,256,reel49__9,1207,N,False
7,reel53__1,bot60__1,1207,N,False
7,reel40__9,bot52__9,1207,N,False
7,reel23__3,reel42__9,1207,N,False
7,bot23__8,reel21__9,1207,N,False
7,219,reel12__5,1207,N,False
7,reel27__7,reel12__5,1207,N,False
7,reel52__7,reel28__3,1207,N,False
7,reel27__7,reel28__3,1207,N,False
7,reel36__9,reel18__6,1207,N,False
7,bot43__5,reel18__7,1207,N,False
7,bot24__1,reel18__7,1207,N,False
7,reel9__2,bot42__9,1207,N,False
7,bot7__4,bot25__0,1207,N,False
7,reel5__2,reel46__8,1207,N,False
7,reel47__2,reel43__6,1207,N,False
7,reel9__6,reel43__6,1207,N,False
7,reel15__6,reel43__6,1207,N,False
7,reel28__1,157,1207,N,False
7,bot37__8,bot40__6,1207,N,False
7,110,bot40__6,1207,N,False
7,289,reel4__5,1207,N,False
7,reel21__0,reel25__5,1207,N,False
7,reel2__6,reel41__6,1207,N,False
7,bot28__9,bot27__9,1207,N,False
7,244,bot22__4,1207,N,False
7,219,154,1207,N,False
7,219,reel53__6,1207,N,False
7,reel31__2,bot33__5,1207,N,False
7,reel31__2,reel40__0,1207,N,False
7,286,bot22__7,1207,N,False
7,reel9__6,bot38__8,1207,N,False
7,reel9__6,reel38__1,1207,N,False
7,reel9__6,bot55__1,1207,N,False
7,reel9__6,bot57__6,1207,N,False
7,reel16__8,reel38__9,1207,N,False
7,bot26__9,bot12__9,1207,N,False
7,reel21__4,bot46__8,1207,N,False
7,110,bot15__0,1207,N,False
7,110,reel51__3,1207,N,False
7,bot51__5,bot59__0,1207,N,False
7,52,bot3__3,1207,N,False
7,52,bot39__1,1207,N,False
7,52,bot53__4,1207,N,False
7,bot4__0,bot10__5,1207,N,False
7,reel25__7,reel30__3,1207,N,False
7,reel25__7,reel32__7,1207,N,False
7,reel11__1,reel45__0,1207,N,False
7,reel58__9,42,1207,N,False
7,bot38__3,bot42__7,1208,N,False
7,reel41__7,bot42__7,1208,N,False
7,bot18__3,bot20__5,1208,N,False
7,bot12__8,bot57__2,1208,N,False
7,reel6__1,bot22__0,1208,N,False
7,reel20__6,reel37__2,1208,N,False
7,reel52__1,reel26__9,1208,N,False
7,138,reel26__9,1208,N,False
7,bot16__8,bot51__3,1208,N,False
7,bot30__6,bot22__9,1208,N,False
7,reel2__6,bot22__9,1208,N,False
7,reel53__1,bot60__1,1208,N,False
7,279,bot17__9,1208,N,False
7,279,bot37__7,1208,N,False
7,bot21__2,bot37__8,1208,N,False
7,bot21__2,bot38__7,1208,N,False
7,reel29__2,reel54__2,1208,N,False
7,bot50__6,bot43__3,1208,N,False
7,reel44__3,reel50__6,1208,N,False
7,reel58__4,reel48__1,1208,N,False
7,reel37__4,bot48__5,1208,N,False
7,reel7__8,bot54__5,1208,N,False
7,reel43__7,bot54__5,1208,N,False
7,bot16__5,bot25__8,1208,N,False
7,reel4__5,289,1208,N,False
7,reel39__7,reel46__9,1208,N,False
7,reel39__7,bot57__5,1208,N,False
7,reel7__8,bot52__1,1208,N,False
7,reel41__5,bot42__4,1208,N,False
7,reel2__4,bot42__4,1208,N,False
7,bot6__5,bot49__5,1208,N,False
7,reel16__8,reel28__6,1208,N,False
7,bot43__4,bot60__6,1208,N,False
7,34,bot4__9,1208,N,False
7,bot18__8,bot0__2,1209,N,False
7,reel13__0,reel57__1,1209,N,False
7,bot54__3,reel7__6,1209,N,False
7,reel27__5,reel7__6,1209,N,False
7,228,bot52__6,1212,N,True
7,reel55__9,reel56__8,1212,N,True
7,bot52__3,bot48__3,1216,N,True
7,bot29__9,bot4__1,1216,N,True
7,reel42__9,reel51__0,1218,N,True
7,bot52__4,bot45__4,1218,N,True
7,reel32__8,bot45__4,1218,N,True
7,bot20__1,bot28__3,1218,N,True
7,reel24__3,reel59__1,1218,N,True
7,reel36__0,reel59__1,1218,N,True
7,bot44__8,reel27__0,1218,N,True
7,bot46__0,bot60__2,1218,N,True
8,reel19__9,bot44__9,1200,N,False
8,reel50__6,reel26__9,1201,N,False
8,reel0__4,reel26__9,1201,N,False
8,reel0__4,reel20__2,1201,N,False
8,bot35__8,bot50__4,1201,N,False
8,bot52__3,bot48__3,1201,N,False
8,reel14__8,bot54__0,1201,N,False
8,reel5__8,bot30__9,1201,N,False
8,305,bot0__3,1201,N,False
8,305,reel55__8,1201,N,False
8,bot60__7,reel41__1,1201,N,False
8,279,bot37__3,1201,N,False
8,279,bot37__7,1201,N,False
8,reel38__8,reel51__9,1201,N,False
8,reel26__1,90,1201,N,False
8,179,90,1201,N,False
8,179,145,1201,N,False
8,reel34__2,reel36__5,1201,N,False
8,bot5__8,bot56__5,1201,N,False
8,bot55__8,bot56__7,1201,N,False
8,bot33__8,reel8__6,1201,N,False
8,reel4__1,bot53__1,1201,N,False
8,bot37__6,bot60__3,1201,N,False
8,bot20__7,bot31__8,1201,N,False
8,35,reel11__0,1201,N,False
8,35,bot20__1,1201,N,False
8,reel26__1,bot54__2,1201,N,False
8,bot52__2,bot29__5,1202,N,False
8,reel53__1,bot60__1,1202,N,False
8,reel42__9,reel23__3,1202,N,False
8,reel40__8,reel19__8,1203,N,False
8,reel34__2,reel36__5,1203,N,False
8,bot25__0,bot58__5,1203,N,False
8,reel51__8,reel44__0,1203,N,False
8,bot27__6,bot58__9,1203,N,False
8,bot10__5,bot42__6,1204,N,False
8,179,reel48__5,1204,N,False
8,179,reel53__4,1204,N,False
8,220,bot0__8,1204,N,False
8,bot17__4,bot34__0,1204,N,False
8,bot41__8,bot53__4,1204,N,False
8,reel25__6,reel19__8,1204,N,False
8,reel25__6,bot27__2,1204,N,False
8,bot42__8,bot58__2,1204,N,False
8,bot26__3,bot12__6,1204,N,False
8,293,bot16__7,1205,N,False
8,293,reel36__6,1205,N,False
8,bot42__7,bot38__3,1205,N,False
8,226,reel19__9,1205,N,False
8,reel20__1,bot50__3,1205,N,False
8,reel20__1,bot57__1,1205,N,False
8,reel16__2,bot48__6,1205,N,False
8,bot10__4,bot15__4,1205,N,False
8,reel13__5,bot22__3,1205,N,False
8,bot43__4,bot60__6,1205,N,False
8,reel18__8,reel55__9,1205,N,False
8,bot44__8,reel27__0,1205,N,False
8,bot14__1,bot54__6,1205,N,False
8,219,319,1205,N,False
8,219,154,1205,N,False
8,219,bot13__1,1205,N,False
8,219,reel53__6,1205,N,False
8,bot39__6,bot43__9,1205,N,False
8,reel23__8,reel47__6,1205,N,False
8,bot13__7,bot60__4,1206,N,False
8,reel51__7,reel42__7,1206,N,False
8,bot41__2,reel32__9,1206,N,False
8,reel53__1,bot60__1,1206,N,False
8,bot38__8,bot43__3,1206,N,False
8,bot53__4,bot41__8,1207,N,False
8,bot43__7,bot52__0,1207,N,False
8,reel6__9,bot56__6,1207,N,False
8,reel32__7,reel36__5,1207,N,False
8,bot49__4,reel33__3,1207,N,False
8,reel46__8,bot52__7,1207,N,False
8,reel43__6,bot49__9,1207,N,False
8,reel6__3,174,1207,N,False
8,reel6__3,bot34__3,1207,N,False
8,reel16__6,bot26__5,1207,N,False
8,bot57__6,bot41__9,1207,N,False
8,bot38__8,bot47__6,1207,N,False
8,bot46__8,bot57__5,1207,N,False
8,bot22__4,bot28__1,1207,N,False
8,bot55__1,35,1207,N,False
8,bot55__1,bot27__5,1207,N,False
8,reel42__9,reel44__7,1207,N,False
8,reel42__9,reel51__0,1207,N,False
8,157,reel9__9,1207,N,False
8,157,bot46__5,1207,N,False
8,157,bot58__1,1207,N,False
8,reel12__5,bot60__3,1207,N,False
8,reel4__5,bot58__9,1207,N,False
8,reel54__2,reel38__5,1208,N,False
8,reel48__1,reel51__5,1208,N,False
8,bot57__2,bot34__9,1208,N,False
8,bot57__5,bot46__8,1208,N,False
8,bot4__9,bot16__0,1208,N,False
8,bot54__5,bot47__5,1208,N,False
8,reel37__2,bot47__5,1208,N,False
8,reel37__2,bot57__8,1208,N,False
8,bot28__3,bot55__0,1218,N,True
9,bot54__2,bot53__4,1201,N,False
9,145,bot31__1,1201,N,False
9,reel41__1,reel59__9,1201,N,False
9,bot48__3,reel28__4,1201,N,False
9,90,bot25__2,1201,N,False
9,bot20__1,bot28__3,1201,N,False
9,reel20__2,reel39__8,1201,N,False
9,reel20__2,bot42__9,1201,N,False
9,reel23__3,reel37__6,1202,N,False
9,bot29__5,bot46__9,1202,N,False
9,bot58__5,reel38__6,1203,N,False
9,reel44__0,reel56__7,1203,N,False
9,bot12__6,reel11__9,1204,N,False
9,bot58__2,bot39__8,1204,N,False
9,bot43__3,bot50__6,1206,N,False
9,174,reel52__3,1207,N,False
9,bot60__3,bot37__6,1207,N,False
9,reel9__9,bot29__3,1207,N,False
9,bot26__5,bot29__3,1207,N,False
9,reel36__5,reel34__2,1207,N,False
9,bot16__0,bot0__0,1208,N,False
9,bot16__0,bot34__4,1208,N,False
9,bot47__5,bot27__4,1208,N,False
10,reel28__4,reel52__4,1201,N,False
10,bot50__6,bot46__7,1206,N,False
10,reel34__2,reel32__4,1207,N,False
