iteration,sender,receiver,news_id,news_party,news_veracity
0,bot84__0,bot46__4,1680,N,False
0,bot84__0,reel41__8,1680,N,False
0,bot84__0,bot23__5,1680,N,False
0,bot84__2,reel49__1,1682,N,False
0,bot84__2,reel11__4,1682,N,False
0,bot84__2,223,1682,N,False
0,bot84__4,238,1684,N,False
0,bot84__4,313,1684,N,False
0,bot84__4,bot13__5,1684,N,False
0,bot84__5,reel50__5,1685,N,False
0,bot84__5,bot55__6,1685,N,False
0,bot84__5,reel70__8,1685,N,False
0,bot84__6,reel30__6,1686,N,False
0,bot84__6,reel18__7,1686,N,False
0,bot84__7,bot32__2,1687,N,False
0,bot84__7,bot71__3,1687,N,False
0,bot84__8,bot11__2,1688,N,False
0,bot84__8,reel69__5,1688,N,False
0,bot84__9,bot14__2,1689,N,False
0,bot84__9,67,1689,N,False
0,bot84__9,bot17__4,1689,N,False
0,reel84__0,112,1690,N,True
0,reel84__0,reel25__6,1690,N,True
0,reel84__0,4,1690,N,True
0,reel84__1,71,1691,N,True
0,reel84__1,reel43__0,1691,N,True
0,reel84__2,reel8__3,1692,N,True
0,reel84__3,reel22__7,1693,N,True
0,reel84__3,reel29__4,1693,N,True
0,reel84__3,reel37__7,1693,N,True
0,reel84__4,328,1694,N,True
0,reel84__4,217,1694,N,True
0,reel84__4,179,1694,N,True
0,reel84__5,reel23__1,1695,N,True
0,reel84__5,reel68__2,1695,N,True
0,reel84__6,321,1696,N,True
0,reel84__6,reel42__4,1696,N,True
0,reel84__6,reel12__9,1696,N,True
0,reel84__7,reel8__8,1697,N,True
0,reel84__7,reel48__7,1697,N,True
0,reel84__8,reel18__5,1698,N,True
0,reel84__9,reel43__0,1699,N,True
0,reel84__9,79,1699,N,True
1,bot23__5,126,1680,N,False
1,reel41__8,reel26__7,1680,N,False
1,reel41__8,62,1680,N,False
1,reel41__8,bot54__1,1680,N,False
1,reel11__4,173,1682,N,False
1,reel11__4,bot28__1,1682,N,False
1,reel11__4,reel55__4,1682,N,False
1,reel11__4,reel80__1,1682,N,False
1,223,239,1682,N,False
1,223,172,1682,N,False
1,223,13,1682,N,False
1,223,342,1682,N,False
1,223,62,1682,N,False
1,223,325,1682,N,False
1,223,252,1682,N,False
1,223,67,1682,N,False
1,223,188,1682,N,False
1,223,26,1682,N,False
1,223,313,1682,N,False
1,reel49__1,129,1682,N,False
1,reel49__1,bot64__8,1682,N,False
1,313,146,1684,N,False
1,313,54,1684,N,False
1,313,203,1684,N,False
1,238,203,1684,N,False
1,313,222,1684,N,False
1,238,222,1684,N,False
1,313,26,1684,N,False
1,313,199,1684,N,False
1,238,199,1684,N,False
1,313,239,1684,N,False
1,238,239,1684,N,False
1,313,285,1684,N,False
1,313,60,1684,N,False
1,313,261,1684,N,False
1,238,261,1684,N,False
1,313,170,1684,N,False
1,313,342,1684,N,False
1,238,342,1684,N,False
1,313,118,1684,N,False
1,238,118,1684,N,False
1,313,113,1684,N,False
1,313,271,1684,N,False
1,238,271,1684,N,False
1,313,82,1684,N,False
1,238,82,1684,N,False
1,313,39,1684,N,False
1,313,84,1684,N,False
1,313,223,1684,N,False
1,313,bot1__7,1684,N,False
1,313,bot49__6,1684,N,False
1,bot13__5,bot33__8,1684,N,False
1,238,324,1684,N,False
1,238,reel25__2,1684,N,False
1,238,bot31__7,1684,N,False
1,238,reel72__1,1684,N,False
1,bot55__6,178,1685,N,False
1,bot55__6,bot45__2,1685,N,False
1,reel50__5,reel41__5,1685,N,False
1,reel50__5,reel66__9,1685,N,False
1,reel70__8,307,1685,N,False
1,reel70__8,135,1685,N,False
1,reel30__6,reel5__5,1686,N,False
1,reel18__7,95,1686,N,False
1,reel18__7,bot20__7,1686,N,False
1,reel18__7,reel33__8,1686,N,False
1,bot71__3,279,1687,N,False
1,bot71__3,reel11__2,1687,N,False
1,bot32__2,reel9__4,1687,N,False
1,bot32__2,bot6__5,1687,N,False
1,bot32__2,bot18__1,1687,N,False
1,reel69__5,93,1688,N,False
1,reel69__5,reel71__2,1688,N,False
1,reel69__5,reel75__5,1688,N,False
1,bot11__2,71,1688,N,False
1,bot11__2,324,1688,N,False
1,bot11__2,bot50__1,1688,N,False
1,bot11__2,bot50__3,1688,N,False
1,bot14__2,bot82__5,1689,N,False
1,67,345,1689,N,False
1,67,342,1689,N,False
1,67,45,1689,N,False
1,67,104,1689,N,False
1,67,136,1689,N,False
1,67,203,1689,N,False
1,67,123,1689,N,False
1,67,9,1689,N,False
1,67,75,1689,N,False
1,67,186,1689,N,False
1,67,200,1689,N,False
1,67,248,1689,N,False
1,67,62,1689,N,False
1,67,113,1689,N,False
1,67,323,1689,N,False
1,67,224,1689,N,False
1,67,325,1689,N,False
1,67,66,1689,N,False
1,67,26,1689,N,False
1,67,128,1689,N,False
1,67,3,1689,N,False
1,67,13,1689,N,False
1,67,213,1689,N,False
1,67,344,1689,N,False
1,67,304,1689,N,False
1,67,21,1689,N,False
1,67,322,1689,N,False
1,67,25,1689,N,False
1,67,303,1689,N,False
1,67,185,1689,N,False
1,67,10,1689,N,False
1,67,158,1689,N,False
1,67,82,1689,N,False
1,67,169,1689,N,False
1,67,236,1689,N,False
1,67,324,1689,N,False
1,67,285,1689,N,False
1,67,334,1689,N,False
1,67,118,1689,N,False
1,67,31,1689,N,False
1,67,122,1689,N,False
1,67,0,1689,N,False
1,67,bot3__8,1689,N,False
1,67,reel9__9,1689,N,False
1,67,reel21__8,1689,N,False
1,67,reel23__7,1689,N,False
1,67,reel29__1,1689,N,False
1,67,reel46__7,1689,N,False
1,bot17__4,bot4__4,1689,N,False
1,bot17__4,bot16__5,1689,N,False
1,bot17__4,bot34__0,1689,N,False
1,112,174,1690,N,True
1,112,19,1690,N,True
1,112,reel12__0,1690,N,True
1,112,reel14__8,1690,N,True
1,112,reel14__9,1690,N,True
1,112,bot25__4,1690,N,True
1,112,reel37__6,1690,N,True
1,4,152,1690,N,True
1,4,195,1690,N,True
1,4,306,1690,N,True
1,4,275,1690,N,True
1,4,218,1690,N,True
1,4,78,1690,N,True
1,4,reel12__5,1690,N,True
1,reel25__6,245,1690,N,True
1,reel25__6,bot27__2,1690,N,True
1,reel25__6,bot36__2,1690,N,True
1,reel43__0,reel33__2,1691,N,True
1,reel43__0,211,1691,N,True
1,reel43__0,reel26__5,1691,N,True
1,reel43__0,bot59__6,1691,N,True
1,71,307,1691,N,True
1,71,0,1691,N,True
1,71,bot6__0,1691,N,True
1,71,bot8__4,1691,N,True
1,71,bot11__2,1691,N,True
1,71,reel15__9,1691,N,True
1,71,reel18__6,1691,N,True
1,71,reel21__1,1691,N,True
1,71,bot24__4,1691,N,True
1,71,reel27__3,1691,N,True
1,71,reel53__5,1691,N,True
1,71,bot72__3,1691,N,True
1,reel8__3,0,1692,N,True
1,reel8__3,21,1692,N,True
1,reel8__3,156,1692,N,True
1,reel8__3,reel9__6,1692,N,True
1,reel8__3,reel28__3,1692,N,True
1,reel8__3,bot84__6,1692,N,True
1,reel22__7,237,1693,N,True
1,reel22__7,123,1693,N,True
1,reel22__7,reel40__0,1693,N,True
1,reel22__7,reel40__7,1693,N,True
1,reel22__7,reel65__1,1693,N,True
1,reel22__7,reel65__5,1693,N,True
1,reel37__7,reel34__3,1693,N,True
1,reel37__7,reel40__5,1693,N,True
1,reel37__7,bot49__3,1693,N,True
1,reel37__7,bot54__7,1693,N,True
1,reel29__4,reel23__6,1693,N,True
1,reel29__4,51,1693,N,True
1,reel29__4,283,1693,N,True
1,217,64,1694,N,True
1,217,324,1694,N,True
1,217,189,1694,N,True
1,217,119,1694,N,True
1,217,100,1694,N,True
1,217,171,1694,N,True
1,217,150,1694,N,True
1,217,0,1694,N,True
1,328,0,1694,N,True
1,179,0,1694,N,True
1,217,bot12__4,1694,N,True
1,217,reel27__0,1694,N,True
1,217,bot59__1,1694,N,True
1,217,reel65__1,1694,N,True
1,328,273,1694,N,True
1,328,306,1694,N,True
1,328,275,1694,N,True
1,328,218,1694,N,True
1,328,4,1694,N,True
1,328,78,1694,N,True
1,328,181,1694,N,True
1,328,195,1694,N,True
1,328,bot2__6,1694,N,True
1,328,reel2__3,1694,N,True
1,328,reel3__2,1694,N,True
1,328,bot6__0,1694,N,True
1,328,bot6__2,1694,N,True
1,328,reel27__9,1694,N,True
1,328,reel39__0,1694,N,True
1,328,reel47__4,1694,N,True
1,328,reel48__0,1694,N,True
1,328,reel60__7,1694,N,True
1,179,145,1694,N,True
1,179,reel7__4,1694,N,True
1,179,reel11__8,1694,N,True
1,179,reel51__3,1694,N,True
1,179,reel53__4,1694,N,True
1,179,bot55__5,1694,N,True
1,179,reel55__2,1694,N,True
1,179,reel74__3,1694,N,True
1,reel23__1,reel2__2,1695,N,True
1,reel23__1,reel14__0,1695,N,True
1,reel23__1,reel15__0,1695,N,True
1,reel23__1,bot41__6,1695,N,True
1,reel68__2,169,1695,N,True
1,reel68__2,316,1695,N,True
1,321,143,1696,N,True
1,321,0,1696,N,True
1,321,reel4__0,1696,N,True
1,321,reel14__0,1696,N,True
1,321,bot16__3,1696,N,True
1,reel12__9,221,1696,N,True
1,reel12__9,158,1696,N,True
1,reel12__9,bot25__8,1696,N,True
1,reel12__9,bot73__0,1696,N,True
1,reel42__4,187,1696,N,True
1,reel42__4,282,1696,N,True
1,reel42__4,reel39__7,1696,N,True
1,reel8__8,169,1697,N,True
1,reel8__8,reel2__7,1697,N,True
1,reel8__8,216,1697,N,True
1,reel8__8,bot53__2,1697,N,True
1,reel8__8,reel54__7,1697,N,True
1,reel8__8,reel80__0,1697,N,True
1,reel48__7,reel16__6,1697,N,True
1,reel48__7,bot49__4,1697,N,True
1,reel48__7,reel62__5,1697,N,True
1,reel48__7,reel73__6,1697,N,True
1,reel18__5,308,1698,N,True
1,reel18__5,bot23__9,1698,N,True
1,reel18__5,reel35__7,1698,N,True
1,reel18__5,reel71__9,1698,N,True
1,reel43__0,reel33__2,1699,N,True
1,reel43__0,211,1699,N,True
1,reel43__0,bot59__6,1699,N,True
1,79,271,1699,N,True
1,79,188,1699,N,True
1,79,26,1699,N,True
1,79,9,1699,N,True
1,79,67,1699,N,True
1,79,252,1699,N,True
1,79,200,1699,N,True
1,79,185,1699,N,True
1,79,0,1699,N,True
1,79,reel3__8,1699,N,True
1,79,bot6__9,1699,N,True
1,79,reel25__8,1699,N,True
1,79,reel41__0,1699,N,True
1,79,bot47__1,1699,N,True
1,79,bot53__6,1699,N,True
1,79,bot54__7,1699,N,True
1,79,bot68__4,1699,N,True
2,126,73,1680,N,False
2,126,260,1680,N,False
2,126,1,1680,N,False
2,126,0,1680,N,False
2,62,0,1680,N,False
2,126,bot1__2,1680,N,False
2,126,bot21__8,1680,N,False
2,126,bot21__9,1680,N,False
2,62,142,1680,N,False
2,62,223,1680,N,False
2,62,26,1680,N,False
2,62,122,1680,N,False
2,62,224,1680,N,False
2,62,reel4__5,1680,N,False
2,62,reel13__6,1680,N,False
2,62,reel17__8,1680,N,False
2,62,bot27__2,1680,N,False
2,62,bot32__1,1680,N,False
2,62,bot40__5,1680,N,False
2,62,reel52__3,1680,N,False
2,62,bot63__8,1680,N,False
2,bot54__1,reel18__8,1680,N,False
2,reel26__7,reel15__4,1680,N,False
2,62,161,1682,N,False
2,67,161,1682,N,False
2,325,161,1682,N,False
2,26,161,1682,N,False
2,252,161,1682,N,False
2,62,322,1682,N,False
2,239,322,1682,N,False
2,67,322,1682,N,False
2,188,322,1682,N,False
2,342,322,1682,N,False
2,26,322,1682,N,False
2,252,322,1682,N,False
2,62,122,1682,N,False
2,239,122,1682,N,False
2,325,122,1682,N,False
2,67,122,1682,N,False
2,188,122,1682,N,False
2,342,122,1682,N,False
2,26,122,1682,N,False
2,252,122,1682,N,False
2,62,130,1682,N,False
2,26,224,1682,N,False
2,62,224,1682,N,False
2,67,224,1682,N,False
2,188,224,1682,N,False
2,62,reel13__6,1682,N,False
2,129,reel52__3,1682,N,False
2,62,reel52__3,1682,N,False
2,239,118,1682,N,False
2,325,118,1682,N,False
2,172,118,1682,N,False
2,67,118,1682,N,False
2,13,118,1682,N,False
2,313,118,1682,N,False
2,342,118,1682,N,False
2,26,118,1682,N,False
2,252,118,1682,N,False
2,26,176,1682,N,False
2,239,176,1682,N,False
2,188,176,1682,N,False
2,26,232,1682,N,False
2,239,232,1682,N,False
2,172,232,1682,N,False
2,26,169,1682,N,False
2,239,169,1682,N,False
2,67,169,1682,N,False
2,252,169,1682,N,False
2,239,280,1682,N,False
2,67,280,1682,N,False
2,188,280,1682,N,False
2,26,280,1682,N,False
2,252,280,1682,N,False
2,239,25,1682,N,False
2,67,25,1682,N,False
2,325,25,1682,N,False
2,188,25,1682,N,False
2,26,25,1682,N,False
2,252,25,1682,N,False
2,239,123,1682,N,False
2,67,123,1682,N,False
2,342,123,1682,N,False
2,26,123,1682,N,False
2,252,123,1682,N,False
2,239,113,1682,N,False
2,325,113,1682,N,False
2,172,113,1682,N,False
2,67,113,1682,N,False
2,188,113,1682,N,False
2,313,113,1682,N,False
2,342,113,1682,N,False
2,26,113,1682,N,False
2,252,113,1682,N,False
2,239,40,1682,N,False
2,325,40,1682,N,False
2,172,40,1682,N,False
2,67,40,1682,N,False
2,26,40,1682,N,False
2,239,338,1682,N,False
2,252,338,1682,N,False
2,239,104,1682,N,False
2,67,104,1682,N,False
2,325,104,1682,N,False
2,188,104,1682,N,False
2,26,104,1682,N,False
2,252,104,1682,N,False
2,239,231,1682,N,False
2,172,231,1682,N,False
2,239,285,1682,N,False
2,67,285,1682,N,False
2,188,285,1682,N,False
2,313,285,1682,N,False
2,342,285,1682,N,False
2,26,285,1682,N,False
2,252,285,1682,N,False
2,239,reel4__2,1682,N,False
2,239,reel39__0,1682,N,False
2,239,reel57__7,1682,N,False
2,239,bot60__0,1682,N,False
2,239,reel76__0,1682,N,False
2,172,159,1682,N,False
2,172,29,1682,N,False
2,252,29,1682,N,False
2,325,82,1682,N,False
2,67,82,1682,N,False
2,172,82,1682,N,False
2,13,82,1682,N,False
2,313,82,1682,N,False
2,252,82,1682,N,False
2,172,103,1682,N,False
2,252,103,1682,N,False
2,67,332,1682,N,False
2,172,332,1682,N,False
2,13,332,1682,N,False
2,26,332,1682,N,False
2,252,332,1682,N,False
2,325,268,1682,N,False
2,172,268,1682,N,False
2,172,bot8__9,1682,N,False
2,325,reel30__3,1682,N,False
2,325,bot55__7,1682,N,False
2,67,345,1682,N,False
2,252,345,1682,N,False
2,26,69,1682,N,False
2,67,69,1682,N,False
2,67,196,1682,N,False
2,67,45,1682,N,False
2,67,136,1682,N,False
2,67,9,1682,N,False
2,188,9,1682,N,False
2,342,9,1682,N,False
2,26,9,1682,N,False
2,252,9,1682,N,False
2,26,248,1682,N,False
2,67,248,1682,N,False
2,252,248,1682,N,False
2,26,3,1682,N,False
2,67,3,1682,N,False
2,188,3,1682,N,False
2,26,185,1682,N,False
2,67,185,1682,N,False
2,188,185,1682,N,False
2,26,334,1682,N,False
2,67,334,1682,N,False
2,188,334,1682,N,False
2,252,334,1682,N,False
2,129,31,1682,N,False
2,67,31,1682,N,False
2,252,31,1682,N,False
2,67,bot3__8,1682,N,False
2,67,reel21__8,1682,N,False
2,67,reel23__7,1682,N,False
2,67,bot84__9,1682,N,False
2,188,165,1682,N,False
2,342,165,1682,N,False
2,129,291,1682,N,False
2,26,291,1682,N,False
2,188,291,1682,N,False
2,252,291,1682,N,False
2,188,30,1682,N,False
2,188,bot2__0,1682,N,False
2,188,reel9__6,1682,N,False
2,188,reel17__9,1682,N,False
2,342,reel17__9,1682,N,False
2,188,reel20__3,1682,N,False
2,188,reel70__9,1682,N,False
2,173,166,1682,N,False
2,173,reel3__8,1682,N,False
2,173,bot10__2,1682,N,False
2,13,148,1682,N,False
2,13,65,1682,N,False
2,252,65,1682,N,False
2,13,reel24__2,1682,N,False
2,313,39,1682,N,False
2,313,reel3__0,1682,N,False
2,313,bot84__4,1682,N,False
2,129,347,1682,N,False
2,129,reel6__1,1682,N,False
2,129,reel43__7,1682,N,False
2,129,reel83__1,1682,N,False
2,reel55__4,reel6__8,1682,N,False
2,reel55__4,bot61__0,1682,N,False
2,bot64__8,bot53__2,1682,N,False
2,342,reel13__3,1682,N,False
2,reel80__1,reel46__1,1682,N,False
2,reel80__1,reel41__3,1682,N,False
2,26,257,1682,N,False
2,26,bot0__2,1682,N,False
2,26,bot0__7,1682,N,False
2,26,bot75__3,1682,N,False
2,252,250,1682,N,False
2,252,reel72__1,1682,N,False
2,170,62,1684,N,False
2,239,62,1684,N,False
2,261,62,1684,N,False
2,199,62,1684,N,False
2,223,62,1684,N,False
2,26,62,1684,N,False
2,239,141,1684,N,False
2,199,141,1684,N,False
2,271,141,1684,N,False
2,39,141,1684,N,False
2,26,141,1684,N,False
2,271,276,1684,N,False
2,26,276,1684,N,False
2,239,276,1684,N,False
2,84,276,1684,N,False
2,271,176,1684,N,False
2,170,176,1684,N,False
2,26,176,1684,N,False
2,239,176,1684,N,False
2,239,232,1684,N,False
2,199,232,1684,N,False
2,285,232,1684,N,False
2,271,232,1684,N,False
2,26,232,1684,N,False
2,170,322,1684,N,False
2,239,322,1684,N,False
2,199,322,1684,N,False
2,118,322,1684,N,False
2,285,322,1684,N,False
2,203,322,1684,N,False
2,342,322,1684,N,False
2,271,322,1684,N,False
2,26,322,1684,N,False
2,60,322,1684,N,False
2,170,188,1684,N,False
2,239,188,1684,N,False
2,223,188,1684,N,False
2,285,188,1684,N,False
2,342,188,1684,N,False
2,271,188,1684,N,False
2,26,188,1684,N,False
2,113,188,1684,N,False
2,239,109,1684,N,False
2,324,109,1684,N,False
2,118,109,1684,N,False
2,203,109,1684,N,False
2,285,109,1684,N,False
2,271,109,1684,N,False
2,26,109,1684,N,False
2,239,169,1684,N,False
2,82,169,1684,N,False
2,271,169,1684,N,False
2,26,169,1684,N,False
2,113,169,1684,N,False
2,170,186,1684,N,False
2,239,186,1684,N,False
2,113,186,1684,N,False
2,199,186,1684,N,False
2,203,186,1684,N,False
2,285,186,1684,N,False
2,223,186,1684,N,False
2,271,186,1684,N,False
2,26,186,1684,N,False
2,222,186,1684,N,False
2,170,304,1684,N,False
2,239,304,1684,N,False
2,324,304,1684,N,False
2,84,304,1684,N,False
2,199,304,1684,N,False
2,118,304,1684,N,False
2,285,304,1684,N,False
2,203,304,1684,N,False
2,271,304,1684,N,False
2,26,304,1684,N,False
2,113,304,1684,N,False
2,239,213,1684,N,False
2,324,213,1684,N,False
2,285,213,1684,N,False
2,239,72,1684,N,False
2,199,72,1684,N,False
2,271,72,1684,N,False
2,26,72,1684,N,False
2,113,72,1684,N,False
2,239,104,1684,N,False
2,203,104,1684,N,False
2,271,104,1684,N,False
2,26,104,1684,N,False
2,113,104,1684,N,False
2,239,231,1684,N,False
2,199,231,1684,N,False
2,82,231,1684,N,False
2,239,reel4__2,1684,N,False
2,239,reel16__7,1684,N,False
2,239,reel57__7,1684,N,False
2,239,bot60__0,1684,N,False
2,239,reel69__8,1684,N,False
2,239,reel76__0,1684,N,False
2,reel25__2,reel36__8,1684,N,False
2,reel25__2,bot50__5,1684,N,False
2,203,50,1684,N,False
2,113,50,1684,N,False
2,146,50,1684,N,False
2,82,148,1684,N,False
2,146,148,1684,N,False
2,261,148,1684,N,False
2,271,148,1684,N,False
2,113,148,1684,N,False
2,54,53,1684,N,False
2,146,53,1684,N,False
2,146,reel71__0,1684,N,False
2,271,48,1684,N,False
2,54,48,1684,N,False
2,203,48,1684,N,False
2,199,48,1684,N,False
2,54,1,1684,N,False
2,54,bot2__4,1684,N,False
2,54,reel51__9,1684,N,False
2,54,reel80__6,1684,N,False
2,82,331,1684,N,False
2,324,331,1684,N,False
2,118,331,1684,N,False
2,203,331,1684,N,False
2,271,331,1684,N,False
2,203,65,1684,N,False
2,261,65,1684,N,False
2,118,65,1684,N,False
2,82,65,1684,N,False
2,261,16,1684,N,False
2,118,16,1684,N,False
2,82,16,1684,N,False
2,118,reel21__8,1684,N,False
2,118,bot34__7,1684,N,False
2,118,reel46__3,1684,N,False
2,118,reel67__1,1684,N,False
2,324,reel67__1,1684,N,False
2,223,246,1684,N,False
2,285,246,1684,N,False
2,261,345,1684,N,False
2,285,345,1684,N,False
2,271,185,1684,N,False
2,170,185,1684,N,False
2,26,185,1684,N,False
2,285,185,1684,N,False
2,285,196,1684,N,False
2,113,bot7__8,1684,N,False
2,285,bot7__8,1684,N,False
2,285,reel14__3,1684,N,False
2,285,reel25__4,1684,N,False
2,285,reel53__9,1684,N,False
2,285,reel75__8,1684,N,False
2,bot49__6,reel29__5,1684,N,False
2,39,165,1684,N,False
2,113,165,1684,N,False
2,342,165,1684,N,False
2,271,290,1684,N,False
2,170,290,1684,N,False
2,342,290,1684,N,False
2,113,reel13__3,1684,N,False
2,342,reel13__3,1684,N,False
2,342,reel17__9,1684,N,False
2,342,bot24__6,1684,N,False
2,222,reel37__3,1684,N,False
2,reel72__1,217,1684,N,False
2,324,217,1684,N,False
2,reel72__1,reel74__2,1684,N,False
2,199,291,1684,N,False
2,271,291,1684,N,False
2,26,291,1684,N,False
2,60,291,1684,N,False
2,113,291,1684,N,False
2,199,288,1684,N,False
2,bot1__7,288,1684,N,False
2,199,bot2__0,1684,N,False
2,199,reel14__6,1684,N,False
2,199,reel31__1,1684,N,False
2,bot1__7,73,1684,N,False
2,bot1__7,bot50__2,1684,N,False
2,bot1__7,bot73__0,1684,N,False
2,39,105,1684,N,False
2,39,reel1__4,1684,N,False
2,39,bot8__3,1684,N,False
2,39,bot14__6,1684,N,False
2,39,bot19__2,1684,N,False
2,39,bot25__1,1684,N,False
2,39,reel54__3,1684,N,False
2,60,reel62__7,1684,N,False
2,60,reel68__2,1684,N,False
2,60,reel78__7,1684,N,False
2,60,bot82__7,1684,N,False
2,170,3,1684,N,False
2,26,3,1684,N,False
2,170,274,1684,N,False
2,271,85,1684,N,False
2,170,85,1684,N,False
2,170,75,1684,N,False
2,203,341,1684,N,False
2,170,341,1684,N,False
2,203,334,1684,N,False
2,170,334,1684,N,False
2,26,334,1684,N,False
2,113,334,1684,N,False
2,170,bot6__3,1684,N,False
2,170,bot45__5,1684,N,False
2,170,reel55__6,1684,N,False
2,170,bot61__3,1684,N,False
2,170,reel81__2,1684,N,False
2,324,22,1684,N,False
2,324,340,1684,N,False
2,324,224,1684,N,False
2,84,224,1684,N,False
2,261,224,1684,N,False
2,271,224,1684,N,False
2,26,224,1684,N,False
2,324,reel1__9,1684,N,False
2,324,bot11__2,1684,N,False
2,324,reel13__8,1684,N,False
2,324,reel78__8,1684,N,False
2,324,reel82__5,1684,N,False
2,271,236,1684,N,False
2,26,236,1684,N,False
2,84,236,1684,N,False
2,84,237,1684,N,False
2,84,83,1684,N,False
2,84,31,1684,N,False
2,84,bot19__3,1684,N,False
2,84,reel72__3,1684,N,False
2,271,318,1684,N,False
2,261,318,1684,N,False
2,82,318,1684,N,False
2,261,reel2__7,1684,N,False
2,261,reel8__2,1684,N,False
2,261,reel32__6,1684,N,False
2,223,bot84__2,1684,N,False
2,271,79,1684,N,False
2,26,79,1684,N,False
2,271,bot72__1,1684,N,False
2,203,308,1684,N,False
2,26,308,1684,N,False
2,26,bot0__2,1684,N,False
2,26,bot75__3,1684,N,False
2,113,132,1684,N,False
2,113,reel36__7,1684,N,False
2,82,bot2__3,1684,N,False
2,82,bot7__6,1684,N,False
2,82,bot34__5,1684,N,False
2,82,reel42__1,1684,N,False
2,82,bot53__4,1684,N,False
2,82,bot58__0,1684,N,False
2,bot33__8,bot23__9,1684,N,False
2,203,270,1684,N,False
2,203,reel23__0,1684,N,False
2,203,bot28__3,1684,N,False
2,203,bot42__5,1684,N,False
2,203,reel60__0,1684,N,False
2,bot31__7,reel9__3,1684,N,False
2,bot31__7,bot38__3,1684,N,False
2,135,127,1685,N,False
2,135,197,1685,N,False
2,135,184,1685,N,False
2,135,251,1685,N,False
2,135,284,1685,N,False
2,135,320,1685,N,False
2,178,0,1685,N,False
2,307,0,1685,N,False
2,135,0,1685,N,False
2,135,reel0__8,1685,N,False
2,bot45__2,bot19__3,1685,N,False
2,307,230,1685,N,False
2,307,bot2__9,1685,N,False
2,307,bot6__7,1685,N,False
2,307,reel10__4,1685,N,False
2,307,reel38__6,1685,N,False
2,178,231,1685,N,False
2,178,213,1685,N,False
2,178,88,1685,N,False
2,178,30,1685,N,False
2,178,345,1685,N,False
2,178,322,1685,N,False
2,178,bot7__5,1685,N,False
2,reel41__5,reel35__7,1685,N,False
2,reel41__5,reel6__7,1685,N,False
2,reel41__5,bot42__4,1685,N,False
2,reel41__5,reel78__6,1685,N,False
2,reel66__9,202,1685,N,False
2,bot20__7,reel14__4,1686,N,False
2,bot20__7,bot44__7,1686,N,False
2,reel33__8,219,1686,N,False
2,reel33__8,reel14__5,1686,N,False
2,reel33__8,bot41__8,1686,N,False
2,reel33__8,reel66__8,1686,N,False
2,95,319,1686,N,False
2,95,147,1686,N,False
2,95,0,1686,N,False
2,reel5__5,reel0__2,1686,N,False
2,reel5__5,281,1686,N,False
2,reel5__5,bot7__9,1686,N,False
2,reel5__5,reel16__1,1686,N,False
2,reel5__5,bot33__2,1686,N,False
2,reel5__5,reel48__3,1686,N,False
2,reel5__5,bot70__5,1686,N,False
2,bot6__5,bot2__1,1687,N,False
2,bot18__1,bot2__1,1687,N,False
2,bot6__5,bot22__2,1687,N,False
2,bot18__1,258,1687,N,False
2,bot18__1,bot47__9,1687,N,False
2,reel9__4,229,1687,N,False
2,reel9__4,136,1687,N,False
2,reel9__4,reel12__7,1687,N,False
2,reel9__4,reel69__8,1687,N,False
2,reel11__2,31,1687,N,False
2,reel11__2,reel18__9,1687,N,False
2,reel11__2,reel35__9,1687,N,False
2,279,111,1687,N,False
2,279,0,1687,N,False
2,279,bot10__0,1687,N,False
2,279,bot17__7,1687,N,False
2,279,bot17__9,1687,N,False
2,279,reel24__8,1687,N,False
2,279,bot37__7,1687,N,False
2,93,167,1688,N,False
2,93,310,1688,N,False
2,93,337,1688,N,False
2,93,137,1688,N,False
2,93,32,1688,N,False
2,93,0,1688,N,False
2,324,0,1688,N,False
2,71,0,1688,N,False
2,93,bot3__2,1688,N,False
2,93,reel73__9,1688,N,False
2,reel75__5,88,1688,N,False
2,324,329,1688,N,False
2,324,304,1688,N,False
2,324,217,1688,N,False
2,324,136,1688,N,False
2,324,22,1688,N,False
2,324,332,1688,N,False
2,324,119,1688,N,False
2,324,315,1688,N,False
2,324,252,1688,N,False
2,324,340,1688,N,False
2,324,203,1688,N,False
2,324,27,1688,N,False
2,324,224,1688,N,False
2,324,reel7__1,1688,N,False
2,324,reel13__8,1688,N,False
2,324,reel53__8,1688,N,False
2,324,reel67__1,1688,N,False
2,324,reel76__1,1688,N,False
2,324,reel78__8,1688,N,False
2,324,reel82__5,1688,N,False
2,bot50__1,bot42__0,1688,N,False
2,bot50__1,bot68__9,1688,N,False
2,reel71__2,reel9__9,1688,N,False
2,71,307,1688,N,False
2,71,reel0__7,1688,N,False
2,71,bot6__0,1688,N,False
2,71,bot8__4,1688,N,False
2,71,reel13__1,1688,N,False
2,71,reel18__6,1688,N,False
2,71,reel21__1,1688,N,False
2,71,reel27__3,1688,N,False
2,71,reel53__5,1688,N,False
2,71,bot72__3,1688,N,False
2,reel29__1,reel27__9,1689,N,False
2,reel29__1,reel2__2,1689,N,False
2,345,reel2__2,1689,N,False
2,reel29__1,bot70__5,1689,N,False
2,82,172,1689,N,False
2,0,172,1689,N,False
2,325,172,1689,N,False
2,304,172,1689,N,False
2,13,172,1689,N,False
2,128,172,1689,N,False
2,118,172,1689,N,False
2,342,172,1689,N,False
2,203,172,1689,N,False
2,26,172,1689,N,False
2,113,172,1689,N,False
2,82,268,1689,N,False
2,0,268,1689,N,False
2,325,268,1689,N,False
2,118,268,1689,N,False
2,203,268,1689,N,False
2,325,reel30__3,1689,N,False
2,0,83,1689,N,False
2,31,83,1689,N,False
2,25,83,1689,N,False
2,26,276,1689,N,False
2,62,276,1689,N,False
2,0,276,1689,N,False
2,25,276,1689,N,False
2,224,276,1689,N,False
2,236,276,1689,N,False
2,322,276,1689,N,False
2,122,276,1689,N,False
2,9,276,1689,N,False
2,200,276,1689,N,False
2,26,232,1689,N,False
2,0,232,1689,N,False
2,25,232,1689,N,False
2,224,232,1689,N,False
2,21,232,1689,N,False
2,285,232,1689,N,False
2,322,232,1689,N,False
2,122,232,1689,N,False
2,9,232,1689,N,False
2,158,232,1689,N,False
2,200,232,1689,N,False
2,0,176,1689,N,False
2,25,176,1689,N,False
2,128,176,1689,N,False
2,122,176,1689,N,False
2,9,176,1689,N,False
2,26,176,1689,N,False
2,82,231,1689,N,False
2,0,231,1689,N,False
2,25,231,1689,N,False
2,9,231,1689,N,False
2,213,231,1689,N,False
2,0,76,1689,N,False
2,bot4__4,76,1689,N,False
2,25,76,1689,N,False
2,82,148,1689,N,False
2,0,148,1689,N,False
2,25,148,1689,N,False
2,224,148,1689,N,False
2,13,148,1689,N,False
2,185,148,1689,N,False
2,9,148,1689,N,False
2,113,148,1689,N,False
2,0,336,1689,N,False
2,25,336,1689,N,False
2,0,103,1689,N,False
2,25,103,1689,N,False
2,285,103,1689,N,False
2,323,103,1689,N,False
2,185,103,1689,N,False
2,169,103,1689,N,False
2,136,103,1689,N,False
2,200,103,1689,N,False
2,0,73,1689,N,False
2,25,73,1689,N,False
2,reel23__7,105,1689,N,False
2,0,105,1689,N,False
2,25,105,1689,N,False
2,236,105,1689,N,False
2,21,105,1689,N,False
2,9,105,1689,N,False
2,0,237,1689,N,False
2,31,237,1689,N,False
2,25,237,1689,N,False
2,0,221,1689,N,False
2,25,221,1689,N,False
2,285,221,1689,N,False
2,322,221,1689,N,False
2,303,221,1689,N,False
2,45,221,1689,N,False
2,186,221,1689,N,False
2,0,246,1689,N,False
2,25,246,1689,N,False
2,304,246,1689,N,False
2,285,246,1689,N,False
2,322,246,1689,N,False
2,213,246,1689,N,False
2,136,246,1689,N,False
2,25,reel17__5,1689,N,False
2,25,reel27__1,1689,N,False
2,25,reel69__5,1689,N,False
2,reel21__8,1,1689,N,False
2,236,1,1689,N,False
2,0,1,1689,N,False
2,322,1,1689,N,False
2,reel21__8,reel22__0,1689,N,False
2,reel21__8,bot57__3,1689,N,False
2,128,150,1689,N,False
2,324,150,1689,N,False
2,0,150,1689,N,False
2,128,bot36__0,1689,N,False
2,118,reel17__6,1689,N,False
2,118,bot34__7,1689,N,False
2,118,reel46__3,1689,N,False
2,118,reel67__1,1689,N,False
2,324,reel67__1,1689,N,False
2,136,146,1689,N,False
2,0,146,1689,N,False
2,285,146,1689,N,False
2,0,208,1689,N,False
2,285,208,1689,N,False
2,0,164,1689,N,False
2,285,164,1689,N,False
2,285,reel1__5,1689,N,False
2,113,bot7__8,1689,N,False
2,285,bot7__8,1689,N,False
2,285,reel25__4,1689,N,False
2,285,reel53__9,1689,N,False
2,342,reel8__7,1689,N,False
2,342,reel17__9,1689,N,False
2,62,318,1689,N,False
2,82,318,1689,N,False
2,0,318,1689,N,False
2,236,318,1689,N,False
2,104,318,1689,N,False
2,169,318,1689,N,False
2,123,318,1689,N,False
2,334,318,1689,N,False
2,123,reel6__8,1689,N,False
2,123,bot18__3,1689,N,False
2,0,339,1689,N,False
2,31,339,1689,N,False
2,322,339,1689,N,False
2,158,339,1689,N,False
2,136,339,1689,N,False
2,334,339,1689,N,False
2,0,132,1689,N,False
2,303,132,1689,N,False
2,45,132,1689,N,False
2,158,132,1689,N,False
2,334,132,1689,N,False
2,113,132,1689,N,False
2,334,229,1689,N,False
2,0,229,1689,N,False
2,203,50,1689,N,False
2,334,50,1689,N,False
2,0,50,1689,N,False
2,113,50,1689,N,False
2,334,bot21__8,1689,N,False
2,334,reel21__2,1689,N,False
2,334,reel32__9,1689,N,False
2,bot34__0,bot19__5,1689,N,False
2,bot34__0,bot68__8,1689,N,False
2,bot4__4,bot68__8,1689,N,False
2,323,bot68__8,1689,N,False
2,10,bot27__5,1689,N,False
2,10,reel76__9,1689,N,False
2,reel23__7,bot38__0,1689,N,False
2,reel23__7,bot77__4,1689,N,False
2,62,96,1689,N,False
2,0,96,1689,N,False
2,224,96,1689,N,False
2,323,96,1689,N,False
2,213,96,1689,N,False
2,62,133,1689,N,False
2,0,133,1689,N,False
2,224,133,1689,N,False
2,236,133,1689,N,False
2,322,133,1689,N,False
2,9,133,1689,N,False
2,26,133,1689,N,False
2,0,30,1689,N,False
2,304,30,1689,N,False
2,224,30,1689,N,False
2,236,30,1689,N,False
2,322,30,1689,N,False
2,303,30,1689,N,False
2,9,30,1689,N,False
2,213,30,1689,N,False
2,200,30,1689,N,False
2,224,reel41__9,1689,N,False
2,236,reel1__4,1689,N,False
2,236,reel39__4,1689,N,False
2,236,bot40__7,1689,N,False
2,236,reel45__1,1689,N,False
2,236,reel47__5,1689,N,False
2,344,reel47__5,1689,N,False
2,203,338,1689,N,False
2,0,338,1689,N,False
2,31,338,1689,N,False
2,203,reel23__0,1689,N,False
2,185,reel23__0,1689,N,False
2,203,bot28__3,1689,N,False
2,203,bot42__5,1689,N,False
2,0,85,1689,N,False
2,75,85,1689,N,False
2,3,85,1689,N,False
2,323,85,1689,N,False
2,322,85,1689,N,False
2,9,85,1689,N,False
2,3,reel1__8,1689,N,False
2,3,bot10__6,1689,N,False
2,3,reel12__8,1689,N,False
2,3,bot17__9,1689,N,False
2,3,reel20__6,1689,N,False
2,3,reel20__8,1689,N,False
2,3,bot54__9,1689,N,False
2,104,bot54__9,1689,N,False
2,169,bot3__0,1689,N,False
2,323,bot3__0,1689,N,False
2,322,53,1689,N,False
2,0,53,1689,N,False
2,248,53,1689,N,False
2,213,53,1689,N,False
2,322,126,1689,N,False
2,0,126,1689,N,False
2,0,178,1689,N,False
2,345,178,1689,N,False
2,322,178,1689,N,False
2,303,178,1689,N,False
2,213,178,1689,N,False
2,186,178,1689,N,False
2,0,7,1689,N,False
2,304,7,1689,N,False
2,31,7,1689,N,False
2,322,7,1689,N,False
2,213,7,1689,N,False
2,136,7,1689,N,False
2,322,250,1689,N,False
2,0,250,1689,N,False
2,322,87,1689,N,False
2,0,87,1689,N,False
2,136,87,1689,N,False
2,213,87,1689,N,False
2,322,260,1689,N,False
2,0,260,1689,N,False
2,322,bot4__3,1689,N,False
2,324,bot4__3,1689,N,False
2,322,reel6__9,1689,N,False
2,322,reel12__4,1689,N,False
2,322,bot17__2,1689,N,False
2,169,106,1689,N,False
2,0,106,1689,N,False
2,169,125,1689,N,False
2,0,125,1689,N,False
2,136,125,1689,N,False
2,0,5,1689,N,False
2,169,5,1689,N,False
2,122,5,1689,N,False
2,158,5,1689,N,False
2,213,5,1689,N,False
2,169,reel48__9,1689,N,False
2,169,reel68__2,1689,N,False
2,169,bot76__3,1689,N,False
2,122,284,1689,N,False
2,0,284,1689,N,False
2,21,284,1689,N,False
2,122,235,1689,N,False
2,0,235,1689,N,False
2,21,235,1689,N,False
2,122,bot22__2,1689,N,False
2,122,bot25__5,1689,N,False
2,122,reel36__7,1689,N,False
2,113,reel36__7,1689,N,False
2,122,bot42__1,1689,N,False
2,122,reel62__3,1689,N,False
2,122,reel75__9,1689,N,False
2,200,reel16__0,1689,N,False
2,200,reel18__6,1689,N,False
2,200,bot20__9,1689,N,False
2,200,reel25__3,1689,N,False
2,200,bot28__4,1689,N,False
2,200,bot38__2,1689,N,False
2,200,bot45__0,1689,N,False
2,200,reel55__6,1689,N,False
2,200,bot58__6,1689,N,False
2,344,reel21__4,1689,N,False
2,158,22,1689,N,False
2,0,22,1689,N,False
2,324,22,1689,N,False
2,185,22,1689,N,False
2,0,27,1689,N,False
2,324,27,1689,N,False
2,324,reel7__1,1689,N,False
2,324,reel13__8,1689,N,False
2,324,reel53__8,1689,N,False
2,324,reel76__1,1689,N,False
2,324,reel78__8,1689,N,False
2,324,reel82__5,1689,N,False
2,13,bot5__7,1689,N,False
2,13,reel24__2,1689,N,False
2,45,reel24__2,1689,N,False
2,13,reel34__7,1689,N,False
2,13,bot42__2,1689,N,False
2,0,184,1689,N,False
2,21,184,1689,N,False
2,0,108,1689,N,False
2,21,108,1689,N,False
2,0,127,1689,N,False
2,21,127,1689,N,False
2,0,159,1689,N,False
2,21,159,1689,N,False
2,345,159,1689,N,False
2,21,bot5__3,1689,N,False
2,21,bot16__1,1689,N,False
2,21,reel78__9,1689,N,False
2,185,bot5__6,1689,N,False
2,185,reel58__9,1689,N,False
2,104,reel0__5,1689,N,False
2,104,bot22__1,1689,N,False
2,104,reel27__6,1689,N,False
2,0,259,1689,N,False
2,bot16__5,259,1689,N,False
2,bot16__5,reel11__3,1689,N,False
2,0,204,1689,N,False
2,213,204,1689,N,False
2,304,249,1689,N,False
2,0,249,1689,N,False
2,213,249,1689,N,False
2,0,80,1689,N,False
2,213,80,1689,N,False
2,213,reel7__4,1689,N,False
2,213,bot34__8,1689,N,False
2,26,bot0__2,1689,N,False
2,26,bot55__3,1689,N,False
2,62,reel13__6,1689,N,False
2,62,reel17__8,1689,N,False
2,62,bot40__5,1689,N,False
2,62,reel52__3,1689,N,False
2,62,bot63__8,1689,N,False
2,82,bot1__6,1689,N,False
2,82,bot34__5,1689,N,False
2,82,reel42__1,1689,N,False
2,0,24,1689,N,False
2,0,346,1689,N,False
2,0,175,1689,N,False
2,0,254,1689,N,False
2,0,194,1689,N,False
2,0,135,1689,N,False
2,0,23,1689,N,False
2,0,299,1689,N,False
2,0,275,1689,N,False
2,0,273,1689,N,False
2,0,312,1689,N,False
2,0,214,1689,N,False
2,bot3__8,214,1689,N,False
2,0,20,1689,N,False
2,0,307,1689,N,False
2,0,333,1689,N,False
2,0,78,1689,N,False
2,0,317,1689,N,False
2,158,317,1689,N,False
2,0,302,1689,N,False
2,0,187,1689,N,False
2,0,255,1689,N,False
2,0,49,1689,N,False
2,0,137,1689,N,False
2,0,343,1689,N,False
2,0,171,1689,N,False
2,0,14,1689,N,False
2,0,32,1689,N,False
2,0,278,1689,N,False
2,0,330,1689,N,False
2,0,230,1689,N,False
2,0,70,1689,N,False
2,0,174,1689,N,False
2,0,293,1689,N,False
2,0,33,1689,N,False
2,0,347,1689,N,False
2,304,347,1689,N,False
2,0,2,1689,N,False
2,0,263,1689,N,False
2,0,279,1689,N,False
2,0,19,1689,N,False
2,0,218,1689,N,False
2,0,8,1689,N,False
2,0,245,1689,N,False
2,0,129,1689,N,False
2,31,129,1689,N,False
2,0,101,1689,N,False
2,0,296,1689,N,False
2,0,163,1689,N,False
2,0,173,1689,N,False
2,0,306,1689,N,False
2,0,180,1689,N,False
2,0,58,1689,N,False
2,0,269,1689,N,False
2,0,91,1689,N,False
2,0,143,1689,N,False
2,0,61,1689,N,False
2,0,93,1689,N,False
2,0,41,1689,N,False
2,0,107,1689,N,False
2,0,110,1689,N,False
2,0,86,1689,N,False
2,0,152,1689,N,False
2,0,160,1689,N,False
2,0,321,1689,N,False
2,0,234,1689,N,False
2,0,44,1689,N,False
2,bot4__4,44,1689,N,False
2,0,193,1689,N,False
2,0,112,1689,N,False
2,0,90,1689,N,False
2,0,216,1689,N,False
2,0,151,1689,N,False
2,0,95,1689,N,False
2,136,120,1689,N,False
2,0,120,1689,N,False
2,0,247,1689,N,False
2,0,190,1689,N,False
2,0,244,1689,N,False
2,0,319,1689,N,False
2,0,256,1689,N,False
2,0,202,1689,N,False
2,0,155,1689,N,False
2,0,147,1689,N,False
2,0,206,1689,N,False
2,0,240,1689,N,False
2,0,305,1689,N,False
2,0,153,1689,N,False
2,0,154,1689,N,False
2,0,182,1689,N,False
2,0,253,1689,N,False
2,0,267,1689,N,False
2,0,205,1689,N,False
2,0,34,1689,N,False
2,0,35,1689,N,False
2,0,bot2__7,1689,N,False
2,0,bot13__5,1689,N,False
2,0,reel42__2,1689,N,False
2,0,bot68__5,1689,N,False
2,0,bot71__0,1689,N,False
2,345,reel16__1,1689,N,False
2,345,reel33__3,1689,N,False
2,345,reel52__5,1689,N,False
2,75,bot6__6,1689,N,False
2,75,reel14__7,1689,N,False
2,75,bot47__0,1689,N,False
2,304,bot21__6,1689,N,False
2,304,reel22__5,1689,N,False
2,304,reel34__1,1689,N,False
2,304,bot49__0,1689,N,False
2,304,bot66__0,1689,N,False
2,248,bot39__4,1689,N,False
2,31,bot1__4,1689,N,False
2,31,reel44__9,1689,N,False
2,bot4__4,bot12__5,1689,N,False
2,66,bot1__1,1689,N,False
2,66,bot80__7,1689,N,False
2,66,bot83__5,1689,N,False
2,303,reel37__7,1689,N,False
2,45,bot2__9,1689,N,False
2,45,reel2__3,1689,N,False
2,158,reel2__3,1689,N,False
2,45,bot5__1,1689,N,False
2,45,reel9__5,1689,N,False
2,45,bot13__6,1689,N,False
2,9,reel5__4,1689,N,False
2,9,reel5__6,1689,N,False
2,9,reel18__4,1689,N,False
2,9,bot33__1,1689,N,False
2,158,reel20__3,1689,N,False
2,158,bot74__7,1689,N,False
2,186,bot5__4,1689,N,False
2,186,reel6__7,1689,N,False
2,186,reel16__5,1689,N,False
2,186,reel17__2,1689,N,False
2,186,reel46__9,1689,N,False
2,186,reel49__0,1689,N,False
2,186,bot62__7,1689,N,False
2,136,reel9__4,1689,N,False
2,136,reel50__3,1689,N,False
2,136,reel71__8,1689,N,False
2,reel9__9,reel17__0,1689,N,False
2,reel9__9,bot29__3,1689,N,False
2,reel9__9,reel29__3,1689,N,False
2,reel9__9,bot34__9,1689,N,False
2,reel9__9,reel68__6,1689,N,False
2,174,293,1690,N,True
2,19,293,1690,N,True
2,174,reel7__8,1690,N,True
2,174,reel8__1,1690,N,True
2,174,reel52__3,1690,N,True
2,174,bot63__1,1690,N,True
2,174,bot64__2,1690,N,True
2,174,bot78__5,1690,N,True
2,152,339,1690,N,True
2,152,bot15__5,1690,N,True
2,152,reel26__6,1690,N,True
2,152,reel36__1,1690,N,True
2,152,reel77__9,1690,N,True
2,306,reel21__4,1690,N,True
2,306,reel29__9,1690,N,True
2,306,bot45__7,1690,N,True
2,306,reel52__9,1690,N,True
2,306,bot64__7,1690,N,True
2,306,reel66__0,1690,N,True
2,bot27__2,62,1690,N,True
2,195,reel24__4,1690,N,True
2,reel14__8,reel18__5,1690,N,True
2,reel14__8,bot25__9,1690,N,True
2,reel14__8,bot54__0,1690,N,True
2,reel14__9,reel7__4,1690,N,True
2,reel14__9,bot27__6,1690,N,True
2,reel14__9,reel48__2,1690,N,True
2,78,reel48__2,1690,N,True
2,reel14__9,bot63__2,1690,N,True
2,reel12__5,219,1690,N,True
2,reel12__5,reel20__1,1690,N,True
2,reel12__5,reel27__7,1690,N,True
2,reel12__5,reel31__5,1690,N,True
2,reel12__5,bot60__3,1690,N,True
2,reel12__5,bot69__3,1690,N,True
2,reel37__6,137,1690,N,True
2,reel12__0,reel14__4,1690,N,True
2,reel12__0,reel15__3,1690,N,True
2,reel12__0,bot41__4,1690,N,True
2,reel12__0,reel64__5,1690,N,True
2,275,bot7__7,1690,N,True
2,275,bot25__6,1690,N,True
2,275,reel57__4,1690,N,True
2,bot36__2,bot13__6,1690,N,True
2,bot36__2,bot57__3,1690,N,True
2,bot36__2,bot57__4,1690,N,True
2,19,175,1690,N,True
2,19,138,1690,N,True
2,19,343,1690,N,True
2,19,289,1690,N,True
2,19,319,1690,N,True
2,19,227,1690,N,True
2,19,89,1690,N,True
2,19,41,1690,N,True
2,19,reel4__3,1690,N,True
2,19,reel60__4,1690,N,True
2,19,reel62__9,1690,N,True
2,19,bot63__9,1690,N,True
2,bot25__4,reel5__2,1690,N,True
2,bot25__4,reel11__7,1690,N,True
2,245,91,1690,N,True
2,245,reel12__4,1690,N,True
2,245,bot18__2,1690,N,True
2,218,bot18__2,1690,N,True
2,245,bot19__5,1690,N,True
2,78,bot8__8,1690,N,True
2,78,reel36__2,1690,N,True
2,78,reel45__9,1690,N,True
2,78,reel50__9,1690,N,True
2,78,bot66__1,1690,N,True
2,218,bot3__4,1690,N,True
2,218,bot11__3,1690,N,True
2,218,bot13__8,1690,N,True
2,218,reel55__3,1690,N,True
2,218,bot56__7,1690,N,True
2,0,236,1691,N,True
2,0,186,1691,N,True
2,0,122,1691,N,True
2,0,24,1691,N,True
2,0,346,1691,N,True
2,211,271,1691,N,True
2,0,271,1691,N,True
2,211,304,1691,N,True
2,0,304,1691,N,True
2,0,176,1691,N,True
2,0,329,1691,N,True
2,0,213,1691,N,True
2,0,252,1691,N,True
2,211,82,1691,N,True
2,0,82,1691,N,True
2,0,65,1691,N,True
2,0,26,1691,N,True
2,211,272,1691,N,True
2,0,272,1691,N,True
2,211,199,1691,N,True
2,0,199,1691,N,True
2,0,84,1691,N,True
2,0,53,1691,N,True
2,0,3,1691,N,True
2,211,170,1691,N,True
2,0,170,1691,N,True
2,0,46,1691,N,True
2,211,56,1691,N,True
2,0,56,1691,N,True
2,0,254,1691,N,True
2,0,194,1691,N,True
2,0,231,1691,N,True
2,0,117,1691,N,True
2,0,127,1691,N,True
2,0,135,1691,N,True
2,211,103,1691,N,True
2,0,103,1691,N,True
2,0,188,1691,N,True
2,0,73,1691,N,True
2,0,288,1691,N,True
2,reel53__5,288,1691,N,True
2,211,315,1691,N,True
2,0,315,1691,N,True
2,0,323,1691,N,True
2,0,48,1691,N,True
2,211,98,1691,N,True
2,0,98,1691,N,True
2,0,63,1691,N,True
2,211,118,1691,N,True
2,0,118,1691,N,True
2,0,277,1691,N,True
2,0,134,1691,N,True
2,0,270,1691,N,True
2,211,223,1691,N,True
2,0,223,1691,N,True
2,0,274,1691,N,True
2,0,88,1691,N,True
2,0,21,1691,N,True
2,0,339,1691,N,True
2,0,108,1691,N,True
2,0,197,1691,N,True
2,0,169,1691,N,True
2,0,275,1691,N,True
2,0,83,1691,N,True
2,0,312,1691,N,True
2,0,214,1691,N,True
2,0,308,1691,N,True
2,0,341,1691,N,True
2,211,128,1691,N,True
2,0,128,1691,N,True
2,211,238,1691,N,True
2,0,238,1691,N,True
2,211,265,1691,N,True
2,0,265,1691,N,True
2,0,141,1691,N,True
2,0,345,1691,N,True
2,0,317,1691,N,True
2,0,158,1691,N,True
2,0,302,1691,N,True
2,0,27,1691,N,True
2,0,54,1691,N,True
2,0,139,1691,N,True
2,211,203,1691,N,True
2,0,203,1691,N,True
2,0,232,1691,N,True
2,reel26__5,232,1691,N,True
2,0,217,1691,N,True
2,0,224,1691,N,True
2,0,283,1691,N,True
2,0,290,1691,N,True
2,0,25,1691,N,True
2,0,146,1691,N,True
2,0,94,1691,N,True
2,0,1,1691,N,True
2,0,184,1691,N,True
2,0,159,1691,N,True
2,0,149,1691,N,True
2,211,59,1691,N,True
2,0,59,1691,N,True
2,0,17,1691,N,True
2,0,326,1691,N,True
2,0,187,1691,N,True
2,0,161,1691,N,True
2,0,66,1691,N,True
2,0,7,1691,N,True
2,0,255,1691,N,True
2,0,49,1691,N,True
2,0,320,1691,N,True
2,0,85,1691,N,True
2,0,246,1691,N,True
2,0,123,1691,N,True
2,0,284,1691,N,True
2,0,140,1691,N,True
2,0,137,1691,N,True
2,0,115,1691,N,True
2,0,297,1691,N,True
2,0,185,1691,N,True
2,0,104,1691,N,True
2,0,324,1691,N,True
2,bot11__2,324,1691,N,True
2,0,171,1691,N,True
2,0,111,1691,N,True
2,0,310,1691,N,True
2,0,30,1691,N,True
2,reel26__5,30,1691,N,True
2,0,72,1691,N,True
2,0,40,1691,N,True
2,307,40,1691,N,True
2,0,125,1691,N,True
2,0,266,1691,N,True
2,0,340,1691,N,True
2,0,237,1691,N,True
2,0,330,1691,N,True
2,0,70,1691,N,True
2,0,249,1691,N,True
2,0,39,1691,N,True
2,0,251,1691,N,True
2,0,55,1691,N,True
2,0,228,1691,N,True
2,0,113,1691,N,True
2,0,258,1691,N,True
2,0,257,1691,N,True
2,0,196,1691,N,True
2,0,156,1691,N,True
2,0,303,1691,N,True
2,0,81,1691,N,True
2,0,174,1691,N,True
2,0,293,1691,N,True
2,0,33,1691,N,True
2,0,42,1691,N,True
2,0,347,1691,N,True
2,0,2,1691,N,True
2,0,263,1691,N,True
2,0,279,1691,N,True
2,0,51,1691,N,True
2,0,19,1691,N,True
2,0,75,1691,N,True
2,0,218,1691,N,True
2,211,268,1691,N,True
2,0,268,1691,N,True
2,0,5,1691,N,True
2,0,178,1691,N,True
2,0,243,1691,N,True
2,0,195,1691,N,True
2,0,181,1691,N,True
2,0,8,1691,N,True
2,0,245,1691,N,True
2,0,129,1691,N,True
2,0,328,1691,N,True
2,bot6__0,328,1691,N,True
2,0,99,1691,N,True
2,0,296,1691,N,True
2,0,102,1691,N,True
2,0,318,1691,N,True
2,0,173,1691,N,True
2,0,165,1691,N,True
2,reel15__9,121,1691,N,True
2,0,121,1691,N,True
2,0,306,1691,N,True
2,0,177,1691,N,True
2,0,180,1691,N,True
2,0,87,1691,N,True
2,0,189,1691,N,True
2,0,60,1691,N,True
2,0,259,1691,N,True
2,0,58,1691,N,True
2,0,269,1691,N,True
2,0,167,1691,N,True
2,0,227,1691,N,True
2,0,96,1691,N,True
2,0,93,1691,N,True
2,0,41,1691,N,True
2,0,235,1691,N,True
2,0,6,1691,N,True
2,0,89,1691,N,True
2,0,208,1691,N,True
2,0,132,1691,N,True
2,0,221,1691,N,True
2,0,106,1691,N,True
2,211,29,1691,N,True
2,0,29,1691,N,True
2,0,337,1691,N,True
2,0,100,1691,N,True
2,0,110,1691,N,True
2,0,225,1691,N,True
2,0,86,1691,N,True
2,0,148,1691,N,True
2,0,295,1691,N,True
2,0,201,1691,N,True
2,0,289,1691,N,True
2,0,260,1691,N,True
2,0,160,1691,N,True
2,0,321,1691,N,True
2,0,68,1691,N,True
2,0,234,1691,N,True
2,0,44,1691,N,True
2,0,112,1691,N,True
2,reel21__1,112,1691,N,True
2,0,90,1691,N,True
2,0,179,1691,N,True
2,0,216,1691,N,True
2,0,151,1691,N,True
2,0,4,1691,N,True
2,0,95,1691,N,True
2,0,120,1691,N,True
2,0,190,1691,N,True
2,0,244,1691,N,True
2,0,319,1691,N,True
2,0,256,1691,N,True
2,0,202,1691,N,True
2,0,191,1691,N,True
2,0,147,1691,N,True
2,0,229,1691,N,True
2,0,240,1691,N,True
2,0,219,1691,N,True
2,0,305,1691,N,True
2,0,153,1691,N,True
2,0,154,1691,N,True
2,0,198,1691,N,True
2,0,336,1691,N,True
2,0,294,1691,N,True
2,0,205,1691,N,True
2,0,47,1691,N,True
2,0,35,1691,N,True
2,0,bot2__7,1691,N,True
2,0,reel8__3,1691,N,True
2,0,bot30__4,1691,N,True
2,0,reel42__2,1691,N,True
2,0,reel61__5,1691,N,True
2,0,bot68__5,1691,N,True
2,reel18__6,reel36__9,1691,N,True
2,reel18__6,reel41__4,1691,N,True
2,reel18__6,reel76__7,1691,N,True
2,reel27__3,reel2__3,1691,N,True
2,reel27__3,reel32__3,1691,N,True
2,reel27__3,bot34__6,1691,N,True
2,211,bot8__5,1691,N,True
2,211,reel54__9,1691,N,True
2,211,bot66__7,1691,N,True
2,bot24__4,reel12__0,1691,N,True
2,bot24__4,bot29__7,1691,N,True
2,bot24__4,bot71__4,1691,N,True
2,reel21__1,reel45__5,1691,N,True
2,reel21__1,reel53__6,1691,N,True
2,bot6__0,bot12__0,1691,N,True
2,307,bot0__4,1691,N,True
2,307,bot2__9,1691,N,True
2,307,reel10__4,1691,N,True
2,307,bot16__2,1691,N,True
2,307,reel19__3,1691,N,True
2,307,bot36__7,1691,N,True
2,307,reel38__6,1691,N,True
2,307,reel70__8,1691,N,True
2,reel53__5,reel78__5,1691,N,True
2,reel15__9,bot68__1,1691,N,True
2,bot59__6,bot9__1,1691,N,True
2,bot11__2,reel5__1,1691,N,True
2,bot11__2,bot50__1,1691,N,True
2,bot11__2,bot50__3,1691,N,True
2,bot11__2,bot84__8,1691,N,True
2,bot8__4,bot6__8,1691,N,True
2,bot8__4,reel3__5,1691,N,True
2,reel26__5,reel7__2,1691,N,True
2,reel26__5,bot55__2,1691,N,True
2,reel26__5,bot56__0,1691,N,True
2,reel33__2,reel20__7,1691,N,True
2,reel33__2,reel8__5,1691,N,True
2,reel33__2,reel35__8,1691,N,True
2,reel33__2,reel49__4,1691,N,True
2,reel9__6,188,1692,N,True
2,0,188,1692,N,True
2,21,188,1692,N,True
2,156,188,1692,N,True
2,reel9__6,reel25__0,1692,N,True
2,reel9__6,bot33__3,1692,N,True
2,reel9__6,reel38__1,1692,N,True
2,reel9__6,reel45__8,1692,N,True
2,reel9__6,bot55__1,1692,N,True
2,reel9__6,bot57__6,1692,N,True
2,reel9__6,reel69__3,1692,N,True
2,0,304,1692,N,True
2,21,304,1692,N,True
2,156,9,1692,N,True
2,0,9,1692,N,True
2,21,9,1692,N,True
2,0,329,1692,N,True
2,0,204,1692,N,True
2,0,213,1692,N,True
2,0,332,1692,N,True
2,21,332,1692,N,True
2,0,65,1692,N,True
2,0,276,1692,N,True
2,0,26,1692,N,True
2,21,26,1692,N,True
2,156,272,1692,N,True
2,0,272,1692,N,True
2,21,272,1692,N,True
2,0,199,1692,N,True
2,0,84,1692,N,True
2,0,133,1692,N,True
2,0,62,1692,N,True
2,0,239,1692,N,True
2,21,239,1692,N,True
2,0,172,1692,N,True
2,0,322,1692,N,True
2,21,322,1692,N,True
2,0,3,1692,N,True
2,0,170,1692,N,True
2,21,170,1692,N,True
2,0,175,1692,N,True
2,0,254,1692,N,True
2,0,194,1692,N,True
2,0,231,1692,N,True
2,0,117,1692,N,True
2,0,127,1692,N,True
2,21,127,1692,N,True
2,0,135,1692,N,True
2,0,103,1692,N,True
2,0,23,1692,N,True
2,0,116,1692,N,True
2,0,73,1692,N,True
2,0,299,1692,N,True
2,0,119,1692,N,True
2,21,119,1692,N,True
2,0,323,1692,N,True
2,21,323,1692,N,True
2,0,98,1692,N,True
2,21,98,1692,N,True
2,0,313,1692,N,True
2,21,313,1692,N,True
2,0,63,1692,N,True
2,0,344,1692,N,True
2,0,118,1692,N,True
2,0,325,1692,N,True
2,21,325,1692,N,True
2,0,134,1692,N,True
2,21,134,1692,N,True
2,0,270,1692,N,True
2,0,76,1692,N,True
2,0,36,1692,N,True
2,0,223,1692,N,True
2,21,223,1692,N,True
2,0,274,1692,N,True
2,21,274,1692,N,True
2,0,88,1692,N,True
2,21,88,1692,N,True
2,0,108,1692,N,True
2,21,108,1692,N,True
2,0,169,1692,N,True
2,21,169,1692,N,True
2,0,273,1692,N,True
2,0,83,1692,N,True
2,0,28,1692,N,True
2,0,312,1692,N,True
2,0,242,1692,N,True
2,0,214,1692,N,True
2,0,20,1692,N,True
2,0,307,1692,N,True
2,0,71,1692,N,True
2,0,333,1692,N,True
2,0,207,1692,N,True
2,0,168,1692,N,True
2,0,128,1692,N,True
2,0,334,1692,N,True
2,21,334,1692,N,True
2,0,265,1692,N,True
2,0,78,1692,N,True
2,0,345,1692,N,True
2,21,345,1692,N,True
2,0,317,1692,N,True
2,0,158,1692,N,True
2,0,38,1692,N,True
2,0,302,1692,N,True
2,0,27,1692,N,True
2,0,54,1692,N,True
2,0,139,1692,N,True
2,0,142,1692,N,True
2,21,142,1692,N,True
2,0,203,1692,N,True
2,21,203,1692,N,True
2,0,105,1692,N,True
2,21,105,1692,N,True
2,0,64,1692,N,True
2,0,217,1692,N,True
2,0,248,1692,N,True
2,21,248,1692,N,True
2,0,224,1692,N,True
2,0,261,1692,N,True
2,0,283,1692,N,True
2,0,290,1692,N,True
2,0,342,1692,N,True
2,21,342,1692,N,True
2,0,94,1692,N,True
2,0,1,1692,N,True
2,0,184,1692,N,True
2,21,184,1692,N,True
2,0,159,1692,N,True
2,21,159,1692,N,True
2,0,13,1692,N,True
2,21,13,1692,N,True
2,0,59,1692,N,True
2,0,326,1692,N,True
2,0,80,1692,N,True
2,0,161,1692,N,True
2,21,161,1692,N,True
2,0,66,1692,N,True
2,21,66,1692,N,True
2,156,136,1692,N,True
2,0,136,1692,N,True
2,21,136,1692,N,True
2,0,7,1692,N,True
2,0,255,1692,N,True
2,0,49,1692,N,True
2,0,320,1692,N,True
2,156,85,1692,N,True
2,0,85,1692,N,True
2,0,246,1692,N,True
2,0,123,1692,N,True
2,21,123,1692,N,True
2,0,185,1692,N,True
2,0,104,1692,N,True
2,21,104,1692,N,True
2,0,171,1692,N,True
2,0,111,1692,N,True
2,0,30,1692,N,True
2,0,222,1692,N,True
2,0,92,1692,N,True
2,0,72,1692,N,True
2,0,40,1692,N,True
2,21,40,1692,N,True
2,0,125,1692,N,True
2,0,266,1692,N,True
2,0,278,1692,N,True
2,0,340,1692,N,True
2,0,237,1692,N,True
2,0,311,1692,N,True
2,0,309,1692,N,True
2,0,330,1692,N,True
2,0,70,1692,N,True
2,0,16,1692,N,True
2,0,39,1692,N,True
2,21,39,1692,N,True
2,0,10,1692,N,True
2,0,55,1692,N,True
2,21,55,1692,N,True
2,0,228,1692,N,True
2,0,113,1692,N,True
2,156,258,1692,N,True
2,0,258,1692,N,True
2,0,257,1692,N,True
2,0,196,1692,N,True
2,0,303,1692,N,True
2,0,286,1692,N,True
2,0,81,1692,N,True
2,0,174,1692,N,True
2,0,293,1692,N,True
2,0,33,1692,N,True
2,0,42,1692,N,True
2,0,347,1692,N,True
2,0,281,1692,N,True
2,21,281,1692,N,True
2,0,263,1692,N,True
2,0,279,1692,N,True
2,0,51,1692,N,True
2,0,338,1692,N,True
2,0,162,1692,N,True
2,0,19,1692,N,True
2,0,75,1692,N,True
2,0,268,1692,N,True
2,0,314,1692,N,True
2,156,5,1692,N,True
2,0,5,1692,N,True
2,0,178,1692,N,True
2,0,192,1692,N,True
2,0,243,1692,N,True
2,0,195,1692,N,True
2,0,181,1692,N,True
2,0,8,1692,N,True
2,0,245,1692,N,True
2,0,129,1692,N,True
2,0,328,1692,N,True
2,0,331,1692,N,True
2,0,150,1692,N,True
2,0,99,1692,N,True
2,0,102,1692,N,True
2,0,165,1692,N,True
2,21,165,1692,N,True
2,0,306,1692,N,True
2,0,177,1692,N,True
2,0,189,1692,N,True
2,0,259,1692,N,True
2,0,45,1692,N,True
2,0,269,1692,N,True
2,0,167,1692,N,True
2,0,227,1692,N,True
2,0,91,1692,N,True
2,0,143,1692,N,True
2,0,61,1692,N,True
2,0,93,1692,N,True
2,0,41,1692,N,True
2,0,6,1692,N,True
2,0,89,1692,N,True
2,0,79,1692,N,True
2,0,208,1692,N,True
2,0,132,1692,N,True
2,0,221,1692,N,True
2,0,301,1692,N,True
2,0,106,1692,N,True
2,0,29,1692,N,True
2,0,100,1692,N,True
2,0,110,1692,N,True
2,0,264,1692,N,True
2,0,225,1692,N,True
2,0,86,1692,N,True
2,0,152,1692,N,True
2,0,148,1692,N,True
2,0,201,1692,N,True
2,0,260,1692,N,True
2,0,160,1692,N,True
2,0,68,1692,N,True
2,0,22,1692,N,True
2,0,298,1692,N,True
2,0,262,1692,N,True
2,0,44,1692,N,True
2,0,50,1692,N,True
2,0,97,1692,N,True
2,0,112,1692,N,True
2,0,90,1692,N,True
2,0,179,1692,N,True
2,0,216,1692,N,True
2,0,151,1692,N,True
2,0,145,1692,N,True
2,0,157,1692,N,True
2,0,327,1692,N,True
2,0,95,1692,N,True
2,0,120,1692,N,True
2,0,247,1692,N,True
2,0,190,1692,N,True
2,0,282,1692,N,True
2,0,244,1692,N,True
2,0,319,1692,N,True
2,0,256,1692,N,True
2,0,166,1692,N,True
2,0,202,1692,N,True
2,0,155,1692,N,True
2,0,147,1692,N,True
2,0,206,1692,N,True
2,0,229,1692,N,True
2,0,240,1692,N,True
2,0,77,1692,N,True
2,0,219,1692,N,True
2,0,305,1692,N,True
2,0,153,1692,N,True
2,0,182,1692,N,True
2,0,336,1692,N,True
2,0,241,1692,N,True
2,0,267,1692,N,True
2,0,183,1692,N,True
2,0,52,1692,N,True
2,0,34,1692,N,True
2,0,bot2__7,1692,N,True
2,0,reel42__2,1692,N,True
2,0,reel61__5,1692,N,True
2,0,bot68__5,1692,N,True
2,0,bot71__0,1692,N,True
2,21,bot5__3,1692,N,True
2,21,bot16__1,1692,N,True
2,21,reel46__4,1692,N,True
2,21,reel78__9,1692,N,True
2,reel28__3,reel1__9,1692,N,True
2,reel28__3,reel27__7,1692,N,True
2,reel28__3,reel52__7,1692,N,True
2,bot84__6,reel30__6,1692,N,True
2,156,reel20__6,1692,N,True
2,156,bot51__8,1692,N,True
2,156,bot70__0,1692,N,True
2,bot49__3,reel13__6,1693,N,True
2,bot49__3,269,1693,N,True
2,237,84,1693,N,True
2,51,84,1693,N,True
2,123,0,1693,N,True
2,283,0,1693,N,True
2,237,0,1693,N,True
2,51,0,1693,N,True
2,51,reel2__8,1693,N,True
2,51,reel6__3,1693,N,True
2,51,bot10__7,1693,N,True
2,51,reel35__6,1693,N,True
2,51,bot45__5,1693,N,True
2,51,bot46__2,1693,N,True
2,51,reel53__0,1693,N,True
2,reel65__5,reel13__3,1693,N,True
2,reel65__5,reel37__8,1693,N,True
2,reel65__1,reel54__5,1693,N,True
2,reel65__1,217,1693,N,True
2,reel65__1,bot72__6,1693,N,True
2,reel40__7,48,1693,N,True
2,reel40__7,reel10__4,1693,N,True
2,reel40__7,bot45__3,1693,N,True
2,reel40__0,132,1693,N,True
2,reel40__0,reel31__2,1693,N,True
2,reel40__0,reel56__4,1693,N,True
2,reel40__5,142,1693,N,True
2,123,142,1693,N,True
2,reel40__5,reel38__8,1693,N,True
2,reel40__5,reel54__6,1693,N,True
2,bot54__7,213,1693,N,True
2,bot54__7,79,1693,N,True
2,reel34__3,189,1693,N,True
2,reel34__3,250,1693,N,True
2,237,bot1__5,1693,N,True
2,237,bot9__0,1693,N,True
2,237,reel12__6,1693,N,True
2,237,bot50__2,1693,N,True
2,237,bot52__5,1693,N,True
2,237,bot55__8,1693,N,True
2,237,reel70__6,1693,N,True
2,reel23__6,138,1693,N,True
2,reel23__6,310,1693,N,True
2,reel23__6,185,1693,N,True
2,reel23__6,bot31__5,1693,N,True
2,reel23__6,bot33__4,1693,N,True
2,reel23__6,reel53__2,1693,N,True
2,reel23__6,reel67__9,1693,N,True
2,283,3,1693,N,True
2,283,118,1693,N,True
2,283,bot0__0,1693,N,True
2,283,reel14__5,1693,N,True
2,283,reel51__5,1693,N,True
2,283,bot53__8,1693,N,True
2,283,bot67__5,1693,N,True
2,123,334,1693,N,True
2,123,67,1693,N,True
2,123,98,1693,N,True
2,123,104,1693,N,True
2,123,186,1693,N,True
2,123,261,1693,N,True
2,123,252,1693,N,True
2,123,122,1693,N,True
2,123,318,1693,N,True
2,123,26,1693,N,True
2,123,239,1693,N,True
2,123,82,1693,N,True
2,123,21,1693,N,True
2,123,reel6__8,1693,N,True
2,123,reel13__4,1693,N,True
2,123,reel15__1,1693,N,True
2,123,bot18__3,1693,N,True
2,306,bot8__1,1694,N,True
2,306,bot45__7,1694,N,True
2,306,reel52__9,1694,N,True
2,306,bot64__7,1694,N,True
2,306,reel66__0,1694,N,True
2,reel27__9,reel29__1,1694,N,True
2,reel27__9,reel44__0,1694,N,True
2,reel27__9,bot69__2,1694,N,True
2,reel65__1,reel54__5,1694,N,True
2,reel65__1,bot72__6,1694,N,True
2,bot55__5,126,1694,N,True
2,0,126,1694,N,True
2,bot55__5,bot54__1,1694,N,True
2,119,163,1694,N,True
2,150,163,1694,N,True
2,100,163,1694,N,True
2,0,163,1694,N,True
2,119,329,1694,N,True
2,150,329,1694,N,True
2,0,329,1694,N,True
2,324,329,1694,N,True
2,150,bot1__6,1694,N,True
2,150,reel4__7,1694,N,True
2,150,bot7__4,1694,N,True
2,150,reel8__5,1694,N,True
2,195,reel8__5,1694,N,True
2,150,bot17__6,1694,N,True
2,0,213,1694,N,True
2,324,213,1694,N,True
2,reel7__4,213,1694,N,True
2,reel7__4,bot28__6,1694,N,True
2,reel7__4,reel39__1,1694,N,True
2,reel7__4,reel46__3,1694,N,True
2,reel7__4,bot67__6,1694,N,True
2,reel60__7,reel18__7,1694,N,True
2,reel60__7,76,1694,N,True
2,0,76,1694,N,True
2,reel60__7,bot67__5,1694,N,True
2,reel60__7,reel69__1,1694,N,True
2,reel60__7,reel71__7,1694,N,True
2,reel60__7,reel73__3,1694,N,True
2,78,bot8__8,1694,N,True
2,189,reel48__2,1694,N,True
2,78,reel48__2,1694,N,True
2,78,bot66__1,1694,N,True
2,195,reel12__6,1694,N,True
2,195,reel24__4,1694,N,True
2,195,reel30__7,1694,N,True
2,195,reel60__5,1694,N,True
2,0,343,1694,N,True
2,bot2__6,343,1694,N,True
2,bot2__6,bot26__5,1694,N,True
2,reel51__3,259,1694,N,True
2,0,259,1694,N,True
2,reel51__3,110,1694,N,True
2,0,110,1694,N,True
2,reel51__3,reel77__8,1694,N,True
2,bot59__1,bot2__7,1694,N,True
2,0,bot2__7,1694,N,True
2,bot59__1,bot62__7,1694,N,True
2,reel48__0,reel16__3,1694,N,True
2,reel48__0,reel37__1,1694,N,True
2,reel48__0,reel55__7,1694,N,True
2,reel48__0,reel64__6,1694,N,True
2,273,bot60__2,1694,N,True
2,reel39__0,reel45__8,1694,N,True
2,reel47__4,reel46__5,1694,N,True
2,reel39__0,reel46__5,1694,N,True
2,64,bot4__3,1694,N,True
2,324,bot4__3,1694,N,True
2,64,reel6__8,1694,N,True
2,64,reel7__3,1694,N,True
2,64,reel75__4,1694,N,True
2,64,reel76__6,1694,N,True
2,145,reel9__4,1694,N,True
2,218,bot3__4,1694,N,True
2,218,bot11__3,1694,N,True
2,218,bot13__8,1694,N,True
2,218,bot18__2,1694,N,True
2,218,reel24__1,1694,N,True
2,218,bot26__1,1694,N,True
2,218,reel55__3,1694,N,True
2,218,bot56__7,1694,N,True
2,218,bot62__2,1694,N,True
2,119,188,1694,N,True
2,0,188,1694,N,True
2,119,170,1694,N,True
2,0,170,1694,N,True
2,119,109,1694,N,True
2,324,109,1694,N,True
2,0,109,1694,N,True
2,119,342,1694,N,True
2,0,342,1694,N,True
2,119,54,1694,N,True
2,0,54,1694,N,True
2,119,39,1694,N,True
2,0,39,1694,N,True
2,119,199,1694,N,True
2,324,199,1694,N,True
2,0,199,1694,N,True
2,119,332,1694,N,True
2,324,332,1694,N,True
2,0,332,1694,N,True
2,119,252,1694,N,True
2,324,252,1694,N,True
2,0,252,1694,N,True
2,119,318,1694,N,True
2,0,318,1694,N,True
2,119,185,1694,N,True
2,0,185,1694,N,True
2,119,313,1694,N,True
2,0,313,1694,N,True
2,119,56,1694,N,True
2,0,56,1694,N,True
2,119,148,1694,N,True
2,0,148,1694,N,True
2,119,113,1694,N,True
2,0,113,1694,N,True
2,119,176,1694,N,True
2,0,176,1694,N,True
2,119,25,1694,N,True
2,0,25,1694,N,True
2,119,122,1694,N,True
2,0,122,1694,N,True
2,119,271,1694,N,True
2,0,271,1694,N,True
2,119,269,1694,N,True
2,0,269,1694,N,True
2,100,269,1694,N,True
2,119,280,1694,N,True
2,0,280,1694,N,True
2,119,82,1694,N,True
2,0,82,1694,N,True
2,119,9,1694,N,True
2,0,9,1694,N,True
2,119,325,1694,N,True
2,0,325,1694,N,True
2,119,132,1694,N,True
2,0,132,1694,N,True
2,119,13,1694,N,True
2,0,13,1694,N,True
2,119,50,1694,N,True
2,0,50,1694,N,True
2,119,1,1694,N,True
2,0,1,1694,N,True
2,119,27,1694,N,True
2,324,27,1694,N,True
2,0,27,1694,N,True
2,119,229,1694,N,True
2,0,229,1694,N,True
2,119,203,1694,N,True
2,324,203,1694,N,True
2,0,203,1694,N,True
2,119,277,1694,N,True
2,324,277,1694,N,True
2,0,277,1694,N,True
2,119,297,1694,N,True
2,324,297,1694,N,True
2,0,297,1694,N,True
2,119,79,1694,N,True
2,0,79,1694,N,True
2,119,105,1694,N,True
2,0,105,1694,N,True
2,119,146,1694,N,True
2,0,146,1694,N,True
2,119,261,1694,N,True
2,0,261,1694,N,True
2,119,200,1694,N,True
2,324,200,1694,N,True
2,0,200,1694,N,True
2,119,reel0__7,1694,N,True
2,119,bot5__2,1694,N,True
2,119,bot17__1,1694,N,True
2,119,bot20__4,1694,N,True
2,119,reel24__9,1694,N,True
2,119,reel26__7,1694,N,True
2,119,reel39__6,1694,N,True
2,119,reel50__3,1694,N,True
2,119,reel83__9,1694,N,True
2,0,301,1694,N,True
2,324,301,1694,N,True
2,reel47__4,118,1694,N,True
2,0,118,1694,N,True
2,324,118,1694,N,True
2,0,136,1694,N,True
2,324,136,1694,N,True
2,0,22,1694,N,True
2,324,22,1694,N,True
2,0,315,1694,N,True
2,324,315,1694,N,True
2,0,340,1694,N,True
2,324,340,1694,N,True
2,0,224,1694,N,True
2,324,224,1694,N,True
2,324,reel1__9,1694,N,True
2,reel27__0,reel1__9,1694,N,True
2,324,reel7__1,1694,N,True
2,324,bot11__2,1694,N,True
2,324,reel13__8,1694,N,True
2,324,reel67__1,1694,N,True
2,324,reel76__1,1694,N,True
2,324,reel78__8,1694,N,True
2,324,reel82__5,1694,N,True
2,181,152,1694,N,True
2,0,152,1694,N,True
2,4,152,1694,N,True
2,275,152,1694,N,True
2,bot6__2,bot5__0,1694,N,True
2,bot6__2,120,1694,N,True
2,0,120,1694,N,True
2,bot6__2,bot71__8,1694,N,True
2,171,107,1694,N,True
2,0,107,1694,N,True
2,171,58,1694,N,True
2,0,58,1694,N,True
2,171,reel0__4,1694,N,True
2,171,bot30__0,1694,N,True
2,171,reel39__9,1694,N,True
2,171,reel50__8,1694,N,True
2,171,reel78__1,1694,N,True
2,reel3__2,133,1694,N,True
2,0,133,1694,N,True
2,reel3__2,40,1694,N,True
2,0,40,1694,N,True
2,reel3__2,reel20__8,1694,N,True
2,reel27__0,reel26__4,1694,N,True
2,reel27__0,bot44__8,1694,N,True
2,reel27__0,bot47__4,1694,N,True
2,reel2__3,158,1694,N,True
2,0,158,1694,N,True
2,reel2__3,45,1694,N,True
2,0,45,1694,N,True
2,reel2__3,reel13__3,1694,N,True
2,reel2__3,reel13__6,1694,N,True
2,reel2__3,reel27__3,1694,N,True
2,reel2__3,bot41__0,1694,N,True
2,reel2__3,reel42__8,1694,N,True
2,reel53__4,reel32__5,1694,N,True
2,reel53__4,reel75__2,1694,N,True
2,0,236,1694,N,True
2,0,186,1694,N,True
2,0,24,1694,N,True
2,0,346,1694,N,True
2,0,130,1694,N,True
2,0,204,1694,N,True
2,bot6__0,204,1694,N,True
2,0,276,1694,N,True
2,0,272,1694,N,True
2,0,211,1694,N,True
2,0,84,1694,N,True
2,0,62,1694,N,True
2,0,172,1694,N,True
2,0,322,1694,N,True
2,0,175,1694,N,True
2,0,254,1694,N,True
2,0,194,1694,N,True
2,0,231,1694,N,True
2,0,117,1694,N,True
2,0,127,1694,N,True
2,0,135,1694,N,True
2,0,103,1694,N,True
2,0,23,1694,N,True
2,0,116,1694,N,True
2,0,73,1694,N,True
2,0,288,1694,N,True
2,0,57,1694,N,True
2,0,63,1694,N,True
2,0,134,1694,N,True
2,0,270,1694,N,True
2,0,36,1694,N,True
2,0,274,1694,N,True
2,0,88,1694,N,True
2,0,108,1694,N,True
2,0,197,1694,N,True
2,0,169,1694,N,True
2,0,312,1694,N,True
2,0,242,1694,N,True
2,0,20,1694,N,True
2,0,307,1694,N,True
2,0,71,1694,N,True
2,bot6__0,71,1694,N,True
2,0,333,1694,N,True
2,0,207,1694,N,True
2,0,168,1694,N,True
2,0,308,1694,N,True
2,0,341,1694,N,True
2,0,334,1694,N,True
2,0,265,1694,N,True
2,0,141,1694,N,True
2,0,345,1694,N,True
2,0,302,1694,N,True
2,0,139,1694,N,True
2,0,142,1694,N,True
2,0,232,1694,N,True
2,0,283,1694,N,True
2,0,144,1694,N,True
2,0,226,1694,N,True
2,0,290,1694,N,True
2,0,300,1694,N,True
2,0,94,1694,N,True
2,0,17,1694,N,True
2,0,326,1694,N,True
2,0,80,1694,N,True
2,0,187,1694,N,True
2,0,161,1694,N,True
2,0,66,1694,N,True
2,0,31,1694,N,True
2,0,7,1694,N,True
2,0,255,1694,N,True
2,0,49,1694,N,True
2,0,320,1694,N,True
2,0,246,1694,N,True
2,0,123,1694,N,True
2,0,140,1694,N,True
2,0,115,1694,N,True
2,0,104,1694,N,True
2,0,111,1694,N,True
2,0,14,1694,N,True
2,0,30,1694,N,True
2,0,222,1694,N,True
2,0,266,1694,N,True
2,0,212,1694,N,True
2,0,278,1694,N,True
2,0,237,1694,N,True
2,0,311,1694,N,True
2,0,330,1694,N,True
2,0,70,1694,N,True
2,0,16,1694,N,True
2,0,249,1694,N,True
2,0,251,1694,N,True
2,0,10,1694,N,True
2,0,55,1694,N,True
2,0,228,1694,N,True
2,0,69,1694,N,True
2,0,258,1694,N,True
2,0,257,1694,N,True
2,0,196,1694,N,True
2,0,303,1694,N,True
2,0,286,1694,N,True
2,0,33,1694,N,True
2,0,42,1694,N,True
2,0,347,1694,N,True
2,0,2,1694,N,True
2,0,281,1694,N,True
2,0,263,1694,N,True
2,0,279,1694,N,True
2,0,338,1694,N,True
2,0,162,1694,N,True
2,0,19,1694,N,True
2,0,75,1694,N,True
2,0,268,1694,N,True
2,0,5,1694,N,True
2,0,178,1694,N,True
2,0,245,1694,N,True
2,0,129,1694,N,True
2,0,101,1694,N,True
2,0,99,1694,N,True
2,0,296,1694,N,True
2,0,102,1694,N,True
2,0,173,1694,N,True
2,0,165,1694,N,True
2,0,121,1694,N,True
2,0,177,1694,N,True
2,0,180,1694,N,True
2,0,227,1694,N,True
2,0,96,1694,N,True
2,0,91,1694,N,True
2,0,143,1694,N,True
2,0,61,1694,N,True
2,0,93,1694,N,True
2,0,235,1694,N,True
2,0,89,1694,N,True
2,0,221,1694,N,True
2,0,106,1694,N,True
2,0,337,1694,N,True
2,0,225,1694,N,True
2,0,86,1694,N,True
2,0,201,1694,N,True
2,0,289,1694,N,True
2,0,260,1694,N,True
2,0,160,1694,N,True
2,0,321,1694,N,True
2,0,298,1694,N,True
2,0,220,1694,N,True
2,0,234,1694,N,True
2,0,44,1694,N,True
2,0,193,1694,N,True
2,0,97,1694,N,True
2,0,124,1694,N,True
2,0,112,1694,N,True
2,0,151,1694,N,True
2,0,157,1694,N,True
2,0,327,1694,N,True
2,reel11__8,327,1694,N,True
2,0,95,1694,N,True
2,0,247,1694,N,True
2,0,282,1694,N,True
2,0,319,1694,N,True
2,0,233,1694,N,True
2,0,256,1694,N,True
2,0,166,1694,N,True
2,0,202,1694,N,True
2,0,191,1694,N,True
2,0,147,1694,N,True
2,0,138,1694,N,True
2,0,164,1694,N,True
2,0,219,1694,N,True
2,0,305,1694,N,True
2,0,153,1694,N,True
2,0,198,1694,N,True
2,0,182,1694,N,True
2,0,336,1694,N,True
2,0,241,1694,N,True
2,0,253,1694,N,True
2,0,205,1694,N,True
2,0,183,1694,N,True
2,0,52,1694,N,True
2,0,34,1694,N,True
2,0,35,1694,N,True
2,0,reel8__3,1694,N,True
2,0,bot30__4,1694,N,True
2,0,reel42__2,1694,N,True
2,0,reel61__5,1694,N,True
2,0,bot68__5,1694,N,True
2,reel55__2,reel35__9,1694,N,True
2,189,bot2__8,1694,N,True
2,189,bot56__2,1694,N,True
2,189,reel83__4,1694,N,True
2,100,bot6__1,1694,N,True
2,100,reel14__2,1694,N,True
2,100,bot31__7,1694,N,True
2,100,reel77__0,1694,N,True
2,275,bot7__7,1694,N,True
2,275,reel7__2,1694,N,True
2,275,bot25__6,1694,N,True
2,275,reel51__1,1694,N,True
2,275,reel66__6,1694,N,True
2,275,bot71__2,1694,N,True
2,275,reel73__4,1694,N,True
2,bot6__0,bot12__0,1694,N,True
2,bot12__4,bot40__6,1694,N,True
2,reel11__8,reel4__6,1694,N,True
2,reel11__8,reel13__9,1694,N,True
2,reel11__8,reel23__8,1694,N,True
2,181,bot0__1,1694,N,True
2,181,bot4__0,1694,N,True
2,181,reel14__4,1694,N,True
2,181,reel14__8,1694,N,True
2,181,bot46__7,1694,N,True
2,181,reel73__0,1694,N,True
2,181,reel75__0,1694,N,True
2,reel74__3,reel36__5,1694,N,True
2,reel14__0,bot35__0,1695,N,True
2,reel14__0,reel36__4,1695,N,True
2,reel14__0,bot70__5,1695,N,True
2,reel14__0,reel77__7,1695,N,True
2,bot41__6,reel6__7,1695,N,True
2,reel15__0,reel13__9,1695,N,True
2,reel15__0,reel13__5,1695,N,True
2,reel15__0,19,1695,N,True
2,reel15__0,bot19__2,1695,N,True
2,reel15__0,bot70__1,1695,N,True
2,reel15__0,reel73__5,1695,N,True
2,reel15__0,bot75__5,1695,N,True
2,169,271,1695,N,True
2,169,82,1695,N,True
2,169,136,1695,N,True
2,169,236,1695,N,True
2,169,40,1695,N,True
2,169,248,1695,N,True
2,169,56,1695,N,True
2,169,334,1695,N,True
2,169,103,1695,N,True
2,169,106,1695,N,True
2,169,239,1695,N,True
2,169,125,1695,N,True
2,169,165,1695,N,True
2,169,277,1695,N,True
2,169,9,1695,N,True
2,169,109,1695,N,True
2,169,128,1695,N,True
2,169,121,1695,N,True
2,169,252,1695,N,True
2,169,280,1695,N,True
2,169,322,1695,N,True
2,169,0,1695,N,True
2,316,0,1695,N,True
2,169,bot3__0,1695,N,True
2,169,reel8__8,1695,N,True
2,169,bot76__3,1695,N,True
2,316,reel6__5,1695,N,True
2,316,bot40__1,1695,N,True
2,316,reel81__6,1695,N,True
2,reel2__2,345,1695,N,True
2,reel2__2,bot8__2,1695,N,True
2,reel2__2,bot27__0,1695,N,True
2,reel2__2,reel29__2,1695,N,True
2,reel2__2,bot60__7,1695,N,True
2,reel4__0,reel3__3,1696,N,True
2,reel4__0,336,1696,N,True
2,0,336,1696,N,True
2,reel4__0,bot11__8,1696,N,True
2,reel4__0,reel15__7,1696,N,True
2,reel4__0,reel18__6,1696,N,True
2,reel4__0,reel23__8,1696,N,True
2,reel4__0,reel28__1,1696,N,True
2,reel4__0,reel30__1,1696,N,True
2,reel4__0,reel42__9,1696,N,True
2,bot73__0,reel48__5,1696,N,True
2,bot73__0,bot1__7,1696,N,True
2,0,122,1696,N,True
2,221,285,1696,N,True
2,0,285,1696,N,True
2,0,271,1696,N,True
2,0,304,1696,N,True
2,158,304,1696,N,True
2,0,130,1696,N,True
2,bot16__3,213,1696,N,True
2,0,213,1696,N,True
2,0,82,1696,N,True
2,158,82,1696,N,True
2,0,65,1696,N,True
2,0,26,1696,N,True
2,158,26,1696,N,True
2,0,272,1696,N,True
2,0,211,1696,N,True
2,0,62,1696,N,True
2,0,239,1696,N,True
2,0,172,1696,N,True
2,221,322,1696,N,True
2,0,322,1696,N,True
2,158,322,1696,N,True
2,0,53,1696,N,True
2,0,170,1696,N,True
2,221,56,1696,N,True
2,0,56,1696,N,True
2,187,254,1696,N,True
2,0,254,1696,N,True
2,0,231,1696,N,True
2,0,117,1696,N,True
2,0,127,1696,N,True
2,0,135,1696,N,True
2,0,23,1696,N,True
2,0,116,1696,N,True
2,0,73,1696,N,True
2,187,299,1696,N,True
2,0,299,1696,N,True
2,0,288,1696,N,True
2,0,119,1696,N,True
2,0,323,1696,N,True
2,0,48,1696,N,True
2,0,200,1696,N,True
2,0,313,1696,N,True
2,0,63,1696,N,True
2,0,325,1696,N,True
2,158,325,1696,N,True
2,0,277,1696,N,True
2,0,134,1696,N,True
2,0,270,1696,N,True
2,0,76,1696,N,True
2,0,36,1696,N,True
2,0,223,1696,N,True
2,0,274,1696,N,True
2,0,88,1696,N,True
2,0,21,1696,N,True
2,0,339,1696,N,True
2,158,339,1696,N,True
2,0,108,1696,N,True
2,0,197,1696,N,True
2,0,169,1696,N,True
2,0,275,1696,N,True
2,0,83,1696,N,True
2,0,28,1696,N,True
2,0,312,1696,N,True
2,0,20,1696,N,True
2,0,307,1696,N,True
2,0,71,1696,N,True
2,0,333,1696,N,True
2,0,168,1696,N,True
2,158,168,1696,N,True
2,0,308,1696,N,True
2,0,341,1696,N,True
2,0,128,1696,N,True
2,0,265,1696,N,True
2,0,141,1696,N,True
2,0,78,1696,N,True
2,0,317,1696,N,True
2,158,317,1696,N,True
2,0,38,1696,N,True
2,reel14__0,38,1696,N,True
2,187,302,1696,N,True
2,0,302,1696,N,True
2,0,27,1696,N,True
2,0,54,1696,N,True
2,0,109,1696,N,True
2,158,109,1696,N,True
2,0,291,1696,N,True
2,158,291,1696,N,True
2,0,142,1696,N,True
2,158,142,1696,N,True
2,0,203,1696,N,True
2,0,105,1696,N,True
2,0,64,1696,N,True
2,0,217,1696,N,True
2,0,248,1696,N,True
2,158,248,1696,N,True
2,0,126,1696,N,True
2,0,224,1696,N,True
2,0,261,1696,N,True
2,0,290,1696,N,True
2,221,25,1696,N,True
2,0,25,1696,N,True
2,158,25,1696,N,True
2,0,342,1696,N,True
2,0,146,1696,N,True
2,187,94,1696,N,True
2,0,94,1696,N,True
2,0,1,1696,N,True
2,0,184,1696,N,True
2,0,159,1696,N,True
2,0,149,1696,N,True
2,0,17,1696,N,True
2,0,326,1696,N,True
2,187,80,1696,N,True
2,0,80,1696,N,True
2,0,161,1696,N,True
2,0,136,1696,N,True
2,0,7,1696,N,True
2,0,255,1696,N,True
2,0,49,1696,N,True
2,0,320,1696,N,True
2,0,85,1696,N,True
2,0,246,1696,N,True
2,0,284,1696,N,True
2,0,140,1696,N,True
2,0,137,1696,N,True
2,0,343,1696,N,True
2,0,115,1696,N,True
2,0,297,1696,N,True
2,0,185,1696,N,True
2,0,104,1696,N,True
2,0,171,1696,N,True
2,0,111,1696,N,True
2,0,14,1696,N,True
2,0,310,1696,N,True
2,0,30,1696,N,True
2,0,222,1696,N,True
2,0,40,1696,N,True
2,158,40,1696,N,True
2,0,125,1696,N,True
2,0,212,1696,N,True
2,0,278,1696,N,True
2,143,278,1696,N,True
2,0,340,1696,N,True
2,0,237,1696,N,True
2,0,309,1696,N,True
2,0,230,1696,N,True
2,0,70,1696,N,True
2,187,249,1696,N,True
2,0,249,1696,N,True
2,0,10,1696,N,True
2,0,113,1696,N,True
2,158,113,1696,N,True
2,0,258,1696,N,True
2,0,257,1696,N,True
2,0,196,1696,N,True
2,0,156,1696,N,True
2,221,303,1696,N,True
2,0,303,1696,N,True
2,0,81,1696,N,True
2,0,293,1696,N,True
2,0,33,1696,N,True
2,0,2,1696,N,True
2,0,281,1696,N,True
2,0,263,1696,N,True
2,0,279,1696,N,True
2,0,51,1696,N,True
2,0,162,1696,N,True
2,0,19,1696,N,True
2,0,218,1696,N,True
2,0,178,1696,N,True
2,0,192,1696,N,True
2,0,181,1696,N,True
2,0,8,1696,N,True
2,0,129,1696,N,True
2,0,328,1696,N,True
2,0,331,1696,N,True
2,0,99,1696,N,True
2,143,99,1696,N,True
2,0,102,1696,N,True
2,0,318,1696,N,True
2,0,163,1696,N,True
2,0,121,1696,N,True
2,0,306,1696,N,True
2,0,177,1696,N,True
2,143,177,1696,N,True
2,187,180,1696,N,True
2,0,180,1696,N,True
2,0,87,1696,N,True
2,0,60,1696,N,True
2,158,60,1696,N,True
2,221,45,1696,N,True
2,0,45,1696,N,True
2,0,269,1696,N,True
2,0,167,1696,N,True
2,0,227,1696,N,True
2,143,227,1696,N,True
2,0,96,1696,N,True
2,0,91,1696,N,True
2,0,61,1696,N,True
2,0,93,1696,N,True
2,0,235,1696,N,True
2,0,6,1696,N,True
2,0,89,1696,N,True
2,0,79,1696,N,True
2,0,208,1696,N,True
2,0,132,1696,N,True
2,158,132,1696,N,True
2,0,106,1696,N,True
2,0,29,1696,N,True
2,0,337,1696,N,True
2,0,100,1696,N,True
2,0,110,1696,N,True
2,0,264,1696,N,True
2,0,225,1696,N,True
2,143,225,1696,N,True
2,0,86,1696,N,True
2,0,148,1696,N,True
2,0,201,1696,N,True
2,0,131,1696,N,True
2,143,131,1696,N,True
2,0,22,1696,N,True
2,158,22,1696,N,True
2,0,298,1696,N,True
2,0,262,1696,N,True
2,0,220,1696,N,True
2,0,44,1696,N,True
2,0,50,1696,N,True
2,0,193,1696,N,True
2,0,97,1696,N,True
2,0,112,1696,N,True
2,0,90,1696,N,True
2,0,179,1696,N,True
2,0,216,1696,N,True
2,0,145,1696,N,True
2,0,157,1696,N,True
2,0,4,1696,N,True
2,0,327,1696,N,True
2,0,95,1696,N,True
2,0,247,1696,N,True
2,0,190,1696,N,True
2,0,256,1696,N,True
2,0,166,1696,N,True
2,0,202,1696,N,True
2,0,147,1696,N,True
2,0,206,1696,N,True
2,0,229,1696,N,True
2,0,138,1696,N,True
2,0,240,1696,N,True
2,0,77,1696,N,True
2,0,305,1696,N,True
2,0,153,1696,N,True
2,0,154,1696,N,True
2,0,198,1696,N,True
2,reel39__7,198,1696,N,True
2,0,182,1696,N,True
2,0,253,1696,N,True
2,0,267,1696,N,True
2,0,316,1696,N,True
2,0,205,1696,N,True
2,0,47,1696,N,True
2,0,183,1696,N,True
2,0,52,1696,N,True
2,0,34,1696,N,True
2,0,bot2__7,1696,N,True
2,0,reel8__3,1696,N,True
2,0,bot13__5,1696,N,True
2,0,reel61__5,1696,N,True
2,0,bot68__5,1696,N,True
2,221,reel11__5,1696,N,True
2,221,reel47__5,1696,N,True
2,221,bot72__8,1696,N,True
2,reel14__0,reel2__8,1696,N,True
2,reel14__0,reel23__1,1696,N,True
2,reel14__0,bot35__0,1696,N,True
2,reel14__0,bot70__5,1696,N,True
2,reel14__0,reel77__7,1696,N,True
2,282,reel77__7,1696,N,True
2,reel39__7,reel14__5,1696,N,True
2,reel39__7,reel46__9,1696,N,True
2,reel39__7,bot47__2,1696,N,True
2,reel39__7,bot57__5,1696,N,True
2,reel39__7,reel72__6,1696,N,True
2,143,reel10__6,1696,N,True
2,143,reel11__0,1696,N,True
2,143,reel40__8,1696,N,True
2,143,bot52__0,1696,N,True
2,143,reel57__6,1696,N,True
2,282,bot2__5,1696,N,True
2,282,bot4__9,1696,N,True
2,282,bot48__9,1696,N,True
2,282,bot79__0,1696,N,True
2,bot16__3,bot39__3,1696,N,True
2,bot16__3,bot69__9,1696,N,True
2,158,reel20__3,1696,N,True
2,158,bot36__5,1696,N,True
2,158,reel59__2,1696,N,True
2,158,reel65__4,1696,N,True
2,158,bot74__7,1696,N,True
2,187,bot6__1,1696,N,True
2,187,bot45__9,1696,N,True
2,bot25__8,bot16__5,1696,N,True
2,bot25__8,reel15__6,1696,N,True
2,169,142,1697,N,True
2,reel16__6,142,1697,N,True
2,reel16__6,reel6__1,1697,N,True
2,reel16__6,reel3__1,1697,N,True
2,reel16__6,bot26__5,1697,N,True
2,reel16__6,reel37__1,1697,N,True
2,reel16__6,reel76__1,1697,N,True
2,reel62__5,149,1697,N,True
2,reel2__7,33,1697,N,True
2,reel2__7,190,1697,N,True
2,reel2__7,261,1697,N,True
2,reel2__7,bot16__0,1697,N,True
2,reel2__7,reel16__8,1697,N,True
2,reel2__7,reel23__3,1697,N,True
2,reel2__7,reel30__1,1697,N,True
2,reel2__7,bot45__4,1697,N,True
2,reel2__7,reel45__2,1697,N,True
2,reel2__7,reel50__7,1697,N,True
2,reel54__7,reel10__4,1697,N,True
2,169,136,1697,N,True
2,169,185,1697,N,True
2,169,40,1697,N,True
2,169,25,1697,N,True
2,169,10,1697,N,True
2,169,248,1697,N,True
2,169,56,1697,N,True
2,169,106,1697,N,True
2,169,318,1697,N,True
2,169,26,1697,N,True
2,169,315,1697,N,True
2,169,239,1697,N,True
2,169,125,1697,N,True
2,169,122,1697,N,True
2,169,165,1697,N,True
2,169,277,1697,N,True
2,169,5,1697,N,True
2,169,128,1697,N,True
2,169,113,1697,N,True
2,169,121,1697,N,True
2,169,67,1697,N,True
2,169,252,1697,N,True
2,169,322,1697,N,True
2,169,0,1697,N,True
2,216,0,1697,N,True
2,169,bot3__0,1697,N,True
2,169,reel68__2,1697,N,True
2,bot49__4,reel21__8,1697,N,True
2,bot49__4,reel33__3,1697,N,True
2,reel80__0,reel28__1,1697,N,True
2,reel80__0,reel5__1,1697,N,True
2,216,243,1697,N,True
2,216,reel20__4,1697,N,True
2,216,reel68__8,1697,N,True
2,reel73__6,reel4__3,1697,N,True
2,reel73__6,reel83__5,1697,N,True
2,bot53__2,46,1697,N,True
2,bot53__2,bot64__8,1697,N,True
2,bot23__9,reel17__8,1698,N,True
2,bot23__9,bot33__8,1698,N,True
2,bot23__9,bot37__4,1698,N,True
2,bot23__9,bot76__5,1698,N,True
2,reel71__9,reel67__9,1698,N,True
2,reel71__9,297,1698,N,True
2,308,277,1698,N,True
2,308,161,1698,N,True
2,308,172,1698,N,True
2,308,304,1698,N,True
2,308,26,1698,N,True
2,308,246,1698,N,True
2,308,203,1698,N,True
2,308,338,1698,N,True
2,308,323,1698,N,True
2,308,136,1698,N,True
2,308,329,1698,N,True
2,308,22,1698,N,True
2,308,213,1698,N,True
2,308,252,1698,N,True
2,308,67,1698,N,True
2,308,66,1698,N,True
2,308,0,1698,N,True
2,308,bot0__8,1698,N,True
2,308,reel15__2,1698,N,True
2,308,reel15__3,1698,N,True
2,308,bot26__0,1698,N,True
2,308,reel30__8,1698,N,True
2,308,reel60__5,1698,N,True
2,308,reel64__5,1698,N,True
2,308,reel77__8,1698,N,True
2,308,reel81__0,1698,N,True
2,reel35__7,reel41__5,1698,N,True
2,26,285,1699,N,True
2,0,285,1699,N,True
2,67,285,1699,N,True
2,188,285,1699,N,True
2,211,285,1699,N,True
2,185,285,1699,N,True
2,9,285,1699,N,True
2,271,285,1699,N,True
2,200,285,1699,N,True
2,252,285,1699,N,True
2,185,274,1699,N,True
2,200,274,1699,N,True
2,0,274,1699,N,True
2,188,274,1699,N,True
2,0,13,1699,N,True
2,67,13,1699,N,True
2,188,13,1699,N,True
2,211,13,1699,N,True
2,271,13,1699,N,True
2,26,13,1699,N,True
2,252,13,1699,N,True
2,0,304,1699,N,True
2,67,304,1699,N,True
2,188,304,1699,N,True
2,200,304,1699,N,True
2,211,304,1699,N,True
2,9,304,1699,N,True
2,271,304,1699,N,True
2,26,304,1699,N,True
2,252,304,1699,N,True
2,0,315,1699,N,True
2,67,315,1699,N,True
2,188,315,1699,N,True
2,211,315,1699,N,True
2,185,315,1699,N,True
2,9,315,1699,N,True
2,271,315,1699,N,True
2,26,315,1699,N,True
2,252,315,1699,N,True
2,26,280,1699,N,True
2,0,280,1699,N,True
2,67,280,1699,N,True
2,188,280,1699,N,True
2,185,280,1699,N,True
2,9,280,1699,N,True
2,271,280,1699,N,True
2,200,280,1699,N,True
2,252,280,1699,N,True
2,26,170,1699,N,True
2,0,170,1699,N,True
2,67,170,1699,N,True
2,188,170,1699,N,True
2,211,170,1699,N,True
2,185,170,1699,N,True
2,9,170,1699,N,True
2,271,170,1699,N,True
2,200,170,1699,N,True
2,252,170,1699,N,True
2,0,323,1699,N,True
2,67,323,1699,N,True
2,188,323,1699,N,True
2,200,323,1699,N,True
2,9,323,1699,N,True
2,271,323,1699,N,True
2,26,323,1699,N,True
2,271,85,1699,N,True
2,9,85,1699,N,True
2,0,85,1699,N,True
2,188,85,1699,N,True
2,200,165,1699,N,True
2,0,165,1699,N,True
2,188,165,1699,N,True
2,0,3,1699,N,True
2,67,3,1699,N,True
2,188,3,1699,N,True
2,200,3,1699,N,True
2,reel25__8,3,1699,N,True
2,9,3,1699,N,True
2,26,3,1699,N,True
2,0,208,1699,N,True
2,188,208,1699,N,True
2,26,56,1699,N,True
2,0,56,1699,N,True
2,67,56,1699,N,True
2,188,56,1699,N,True
2,211,56,1699,N,True
2,185,56,1699,N,True
2,9,56,1699,N,True
2,271,56,1699,N,True
2,200,56,1699,N,True
2,252,56,1699,N,True
2,0,239,1699,N,True
2,67,239,1699,N,True
2,188,239,1699,N,True
2,200,239,1699,N,True
2,211,239,1699,N,True
2,271,239,1699,N,True
2,26,239,1699,N,True
2,252,239,1699,N,True
2,0,342,1699,N,True
2,67,342,1699,N,True
2,188,342,1699,N,True
2,211,342,1699,N,True
2,9,342,1699,N,True
2,271,342,1699,N,True
2,252,342,1699,N,True
2,9,156,1699,N,True
2,0,156,1699,N,True
2,67,156,1699,N,True
2,188,156,1699,N,True
2,9,258,1699,N,True
2,0,258,1699,N,True
2,188,258,1699,N,True
2,9,341,1699,N,True
2,0,341,1699,N,True
2,188,341,1699,N,True
2,0,277,1699,N,True
2,67,277,1699,N,True
2,188,277,1699,N,True
2,200,277,1699,N,True
2,9,277,1699,N,True
2,271,277,1699,N,True
2,26,277,1699,N,True
2,252,277,1699,N,True
2,0,334,1699,N,True
2,67,334,1699,N,True
2,188,334,1699,N,True
2,200,334,1699,N,True
2,9,334,1699,N,True
2,26,334,1699,N,True
2,252,334,1699,N,True
2,0,21,1699,N,True
2,67,21,1699,N,True
2,188,21,1699,N,True
2,200,21,1699,N,True
2,9,21,1699,N,True
2,271,21,1699,N,True
2,26,21,1699,N,True
2,252,21,1699,N,True
2,0,75,1699,N,True
2,67,75,1699,N,True
2,188,75,1699,N,True
2,9,75,1699,N,True
2,200,75,1699,N,True
2,0,290,1699,N,True
2,67,290,1699,N,True
2,188,290,1699,N,True
2,185,290,1699,N,True
2,271,290,1699,N,True
2,0,122,1699,N,True
2,67,122,1699,N,True
2,188,122,1699,N,True
2,200,122,1699,N,True
2,9,122,1699,N,True
2,271,122,1699,N,True
2,26,122,1699,N,True
2,252,122,1699,N,True
2,26,322,1699,N,True
2,0,322,1699,N,True
2,67,322,1699,N,True
2,188,322,1699,N,True
2,185,322,1699,N,True
2,9,322,1699,N,True
2,271,322,1699,N,True
2,200,322,1699,N,True
2,252,322,1699,N,True
2,0,224,1699,N,True
2,67,224,1699,N,True
2,188,224,1699,N,True
2,200,224,1699,N,True
2,9,224,1699,N,True
2,271,224,1699,N,True
2,26,224,1699,N,True
2,0,113,1699,N,True
2,67,113,1699,N,True
2,188,113,1699,N,True
2,200,113,1699,N,True
2,9,113,1699,N,True
2,271,113,1699,N,True
2,26,113,1699,N,True
2,252,113,1699,N,True
2,0,176,1699,N,True
2,188,176,1699,N,True
2,9,176,1699,N,True
2,271,176,1699,N,True
2,26,176,1699,N,True
2,188,bot2__0,1699,N,True
2,188,bot7__0,1699,N,True
2,188,reel9__6,1699,N,True
2,reel33__2,reel9__8,1699,N,True
2,188,reel9__8,1699,N,True
2,188,bot10__3,1699,N,True
2,188,reel17__9,1699,N,True
2,188,reel20__3,1699,N,True
2,188,reel22__4,1699,N,True
2,188,bot29__6,1699,N,True
2,188,reel52__7,1699,N,True
2,reel33__2,reel20__7,1699,N,True
2,reel33__2,reel8__5,1699,N,True
2,reel33__2,reel35__8,1699,N,True
2,reel33__2,bot82__1,1699,N,True
2,0,141,1699,N,True
2,67,141,1699,N,True
2,9,141,1699,N,True
2,271,141,1699,N,True
2,26,141,1699,N,True
2,0,212,1699,N,True
2,67,212,1699,N,True
2,271,212,1699,N,True
2,26,212,1699,N,True
2,252,212,1699,N,True
2,26,69,1699,N,True
2,0,69,1699,N,True
2,67,69,1699,N,True
2,9,69,1699,N,True
2,0,55,1699,N,True
2,67,55,1699,N,True
2,200,55,1699,N,True
2,185,55,1699,N,True
2,26,55,1699,N,True
2,252,55,1699,N,True
2,200,45,1699,N,True
2,0,45,1699,N,True
2,67,45,1699,N,True
2,0,109,1699,N,True
2,67,109,1699,N,True
2,200,109,1699,N,True
2,271,109,1699,N,True
2,26,109,1699,N,True
2,252,109,1699,N,True
2,0,332,1699,N,True
2,67,332,1699,N,True
2,200,332,1699,N,True
2,271,332,1699,N,True
2,26,332,1699,N,True
2,252,332,1699,N,True
2,0,203,1699,N,True
2,67,203,1699,N,True
2,200,203,1699,N,True
2,211,203,1699,N,True
2,9,203,1699,N,True
2,271,203,1699,N,True
2,26,203,1699,N,True
2,0,248,1699,N,True
2,67,248,1699,N,True
2,200,248,1699,N,True
2,26,248,1699,N,True
2,252,248,1699,N,True
2,26,62,1699,N,True
2,200,62,1699,N,True
2,0,62,1699,N,True
2,67,62,1699,N,True
2,0,325,1699,N,True
2,67,325,1699,N,True
2,200,325,1699,N,True
2,211,325,1699,N,True
2,271,325,1699,N,True
2,26,325,1699,N,True
2,252,325,1699,N,True
2,0,66,1699,N,True
2,67,66,1699,N,True
2,9,66,1699,N,True
2,26,66,1699,N,True
2,252,66,1699,N,True
2,0,134,1699,N,True
2,67,134,1699,N,True
2,9,134,1699,N,True
2,26,134,1699,N,True
2,252,134,1699,N,True
2,0,213,1699,N,True
2,67,213,1699,N,True
2,bot54__7,213,1699,N,True
2,0,344,1699,N,True
2,67,344,1699,N,True
2,185,344,1699,N,True
2,0,303,1699,N,True
2,67,303,1699,N,True
2,0,261,1699,N,True
2,67,261,1699,N,True
2,211,261,1699,N,True
2,271,261,1699,N,True
2,252,261,1699,N,True
2,200,10,1699,N,True
2,0,10,1699,N,True
2,67,10,1699,N,True
2,0,313,1699,N,True
2,67,313,1699,N,True
2,211,313,1699,N,True
2,271,313,1699,N,True
2,26,313,1699,N,True
2,252,313,1699,N,True
2,0,169,1699,N,True
2,67,169,1699,N,True
2,185,169,1699,N,True
2,9,169,1699,N,True
2,271,169,1699,N,True
2,26,169,1699,N,True
2,252,169,1699,N,True
2,26,308,1699,N,True
2,0,308,1699,N,True
2,67,308,1699,N,True
2,252,308,1699,N,True
2,200,324,1699,N,True
2,0,324,1699,N,True
2,67,324,1699,N,True
2,252,324,1699,N,True
2,0,118,1699,N,True
2,67,118,1699,N,True
2,200,118,1699,N,True
2,211,118,1699,N,True
2,271,118,1699,N,True
2,26,118,1699,N,True
2,252,118,1699,N,True
2,0,98,1699,N,True
2,67,98,1699,N,True
2,200,98,1699,N,True
2,211,98,1699,N,True
2,271,98,1699,N,True
2,26,98,1699,N,True
2,252,98,1699,N,True
2,67,bot3__8,1699,N,True
2,67,reel9__9,1699,N,True
2,67,reel21__8,1699,N,True
2,67,reel23__7,1699,N,True
2,67,reel29__1,1699,N,True
2,67,reel46__7,1699,N,True
2,67,bot48__0,1699,N,True
2,67,bot84__9,1699,N,True
2,bot54__7,reel37__7,1699,N,True
2,bot53__6,reel12__0,1699,N,True
2,bot53__6,reel20__9,1699,N,True
2,bot53__6,bot62__0,1699,N,True
2,0,232,1699,N,True
2,200,232,1699,N,True
2,9,232,1699,N,True
2,271,232,1699,N,True
2,26,232,1699,N,True
2,0,103,1699,N,True
2,211,103,1699,N,True
2,185,103,1699,N,True
2,271,103,1699,N,True
2,200,103,1699,N,True
2,252,103,1699,N,True
2,200,bot8__6,1699,N,True
2,200,reel16__0,1699,N,True
2,200,reel18__6,1699,N,True
2,200,bot20__9,1699,N,True
2,200,reel25__3,1699,N,True
2,200,bot28__4,1699,N,True
2,200,bot38__2,1699,N,True
2,200,bot45__0,1699,N,True
2,200,reel55__6,1699,N,True
2,200,bot58__6,1699,N,True
2,bot47__1,reel28__1,1699,N,True
2,0,22,1699,N,True
2,185,22,1699,N,True
2,271,148,1699,N,True
2,9,148,1699,N,True
2,0,148,1699,N,True
2,185,148,1699,N,True
2,185,bot5__5,1699,N,True
2,185,bot5__6,1699,N,True
2,185,reel12__2,1699,N,True
2,185,reel23__6,1699,N,True
2,185,reel58__9,1699,N,True
2,0,233,1699,N,True
2,bot6__9,233,1699,N,True
2,0,246,1699,N,True
2,bot6__9,246,1699,N,True
2,reel3__8,309,1699,N,True
2,0,309,1699,N,True
2,reel3__8,173,1699,N,True
2,0,173,1699,N,True
2,reel3__8,bot19__8,1699,N,True
2,reel3__8,reel25__2,1699,N,True
2,reel3__8,bot31__6,1699,N,True
2,reel3__8,reel50__2,1699,N,True
2,bot68__4,reel2__4,1699,N,True
2,bot59__6,bot42__8,1699,N,True
2,271,59,1699,N,True
2,211,59,1699,N,True
2,0,59,1699,N,True
2,252,59,1699,N,True
2,0,172,1699,N,True
2,211,172,1699,N,True
2,271,172,1699,N,True
2,26,172,1699,N,True
2,252,172,1699,N,True
2,271,331,1699,N,True
2,211,331,1699,N,True
2,0,331,1699,N,True
2,271,298,1699,N,True
2,26,298,1699,N,True
2,0,298,1699,N,True
2,271,268,1699,N,True
2,211,268,1699,N,True
2,0,268,1699,N,True
2,271,48,1699,N,True
2,0,48,1699,N,True
2,271,238,1699,N,True
2,211,238,1699,N,True
2,0,238,1699,N,True
2,252,238,1699,N,True
2,271,63,1699,N,True
2,0,63,1699,N,True
2,271,bot72__1,1699,N,True
2,26,257,1699,N,True
2,0,257,1699,N,True
2,26,bot0__7,1699,N,True
2,26,reel60__6,1699,N,True
2,26,bot75__3,1699,N,True
2,reel41__0,reel37__8,1699,N,True
2,reel41__0,reel12__6,1699,N,True
2,reel41__0,reel54__4,1699,N,True
2,reel41__0,reel63__5,1699,N,True
2,0,24,1699,N,True
2,0,329,1699,N,True
2,9,329,1699,N,True
2,0,204,1699,N,True
2,0,84,1699,N,True
2,0,53,1699,N,True
2,0,254,1699,N,True
2,0,194,1699,N,True
2,0,231,1699,N,True
2,9,231,1699,N,True
2,0,127,1699,N,True
2,0,135,1699,N,True
2,0,23,1699,N,True
2,0,116,1699,N,True
2,0,73,1699,N,True
2,0,299,1699,N,True
2,0,288,1699,N,True
2,0,57,1699,N,True
2,0,270,1699,N,True
2,0,76,1699,N,True
2,0,88,1699,N,True
2,0,108,1699,N,True
2,0,197,1699,N,True
2,0,275,1699,N,True
2,0,273,1699,N,True
2,0,83,1699,N,True
2,0,312,1699,N,True
2,0,242,1699,N,True
2,0,71,1699,N,True
2,0,333,1699,N,True
2,0,78,1699,N,True
2,0,317,1699,N,True
2,0,38,1699,N,True
2,0,302,1699,N,True
2,0,27,1699,N,True
2,0,105,1699,N,True
2,9,105,1699,N,True
2,0,217,1699,N,True
2,0,126,1699,N,True
2,0,283,1699,N,True
2,0,144,1699,N,True
2,0,300,1699,N,True
2,0,94,1699,N,True
2,0,1,1699,N,True
2,0,184,1699,N,True
2,0,17,1699,N,True
2,0,326,1699,N,True
2,0,80,1699,N,True
2,0,187,1699,N,True
2,0,255,1699,N,True
2,0,49,1699,N,True
2,0,320,1699,N,True
2,0,140,1699,N,True
2,0,137,1699,N,True
2,0,115,1699,N,True
2,0,171,1699,N,True
2,0,111,1699,N,True
2,0,32,1699,N,True
2,211,222,1699,N,True
2,0,222,1699,N,True
2,0,92,1699,N,True
2,0,125,1699,N,True
2,0,266,1699,N,True
2,0,278,1699,N,True
2,0,340,1699,N,True
2,0,311,1699,N,True
2,0,330,1699,N,True
2,0,70,1699,N,True
2,0,251,1699,N,True
2,0,228,1699,N,True
2,0,286,1699,N,True
2,0,81,1699,N,True
2,0,293,1699,N,True
2,reel25__8,33,1699,N,True
2,0,33,1699,N,True
2,0,42,1699,N,True
2,0,347,1699,N,True
2,0,2,1699,N,True
2,0,279,1699,N,True
2,0,338,1699,N,True
2,252,338,1699,N,True
2,0,162,1699,N,True
2,0,19,1699,N,True
2,0,218,1699,N,True
2,0,178,1699,N,True
2,0,243,1699,N,True
2,0,195,1699,N,True
2,0,181,1699,N,True
2,0,245,1699,N,True
2,0,129,1699,N,True
2,0,150,1699,N,True
2,0,101,1699,N,True
2,0,296,1699,N,True
2,0,163,1699,N,True
2,0,121,1699,N,True
2,0,306,1699,N,True
2,0,177,1699,N,True
2,0,87,1699,N,True
2,0,189,1699,N,True
2,0,58,1699,N,True
2,0,269,1699,N,True
2,0,167,1699,N,True
2,0,227,1699,N,True
2,0,96,1699,N,True
2,0,91,1699,N,True
2,0,61,1699,N,True
2,0,93,1699,N,True
2,0,235,1699,N,True
2,0,6,1699,N,True
2,0,89,1699,N,True
2,0,107,1699,N,True
2,0,132,1699,N,True
2,0,301,1699,N,True
2,0,337,1699,N,True
2,0,100,1699,N,True
2,0,110,1699,N,True
2,0,264,1699,N,True
2,0,225,1699,N,True
2,0,201,1699,N,True
2,0,289,1699,N,True
2,0,160,1699,N,True
2,0,321,1699,N,True
2,0,68,1699,N,True
2,0,220,1699,N,True
2,0,234,1699,N,True
2,0,44,1699,N,True
2,0,50,1699,N,True
2,0,193,1699,N,True
2,0,124,1699,N,True
2,0,112,1699,N,True
2,0,90,1699,N,True
2,0,145,1699,N,True
2,0,157,1699,N,True
2,0,327,1699,N,True
2,0,95,1699,N,True
2,0,120,1699,N,True
2,0,190,1699,N,True
2,0,244,1699,N,True
2,0,256,1699,N,True
2,0,202,1699,N,True
2,0,155,1699,N,True
2,0,147,1699,N,True
2,0,206,1699,N,True
2,0,229,1699,N,True
2,0,164,1699,N,True
2,0,77,1699,N,True
2,0,219,1699,N,True
2,0,305,1699,N,True
2,0,153,1699,N,True
2,0,154,1699,N,True
2,0,198,1699,N,True
2,0,182,1699,N,True
2,0,336,1699,N,True
2,0,241,1699,N,True
2,0,294,1699,N,True
2,0,267,1699,N,True
2,0,316,1699,N,True
2,0,205,1699,N,True
2,0,47,1699,N,True
2,0,34,1699,N,True
2,0,35,1699,N,True
2,0,bot2__7,1699,N,True
2,0,bot30__4,1699,N,True
2,0,reel42__2,1699,N,True
2,0,bot68__5,1699,N,True
2,211,reel52__6,1699,N,True
2,211,reel54__9,1699,N,True
2,211,bot66__7,1699,N,True
2,reel25__8,reel75__3,1699,N,True
2,9,reel5__4,1699,N,True
2,9,reel5__6,1699,N,True
2,9,reel18__4,1699,N,True
2,252,bot8__8,1699,N,True
2,252,reel31__2,1699,N,True
2,252,bot61__3,1699,N,True
2,252,reel72__1,1699,N,True
3,bot27__2,reel25__6,1680,N,False
3,reel52__3,129,1680,N,False
3,0,129,1680,N,False
3,bot21__8,334,1680,N,False
3,26,334,1680,N,False
3,0,334,1680,N,False
3,142,334,1680,N,False
3,0,315,1680,N,False
3,224,315,1680,N,False
3,1,315,1680,N,False
3,142,315,1680,N,False
3,223,315,1680,N,False
3,122,315,1680,N,False
3,26,315,1680,N,False
3,1,53,1680,N,False
3,0,53,1680,N,False
3,260,53,1680,N,False
3,1,92,1680,N,False
3,0,92,1680,N,False
3,1,299,1680,N,False
3,0,299,1680,N,False
3,73,299,1680,N,False
3,1,54,1680,N,False
3,0,54,1680,N,False
3,1,reel21__8,1680,N,False
3,1,reel25__7,1680,N,False
3,1,reel46__2,1680,N,False
3,0,331,1680,N,False
3,73,331,1680,N,False
3,0,25,1680,N,False
3,224,25,1680,N,False
3,73,25,1680,N,False
3,122,25,1680,N,False
3,26,25,1680,N,False
3,73,bot0__0,1680,N,False
3,73,bot1__7,1680,N,False
3,73,bot65__0,1680,N,False
3,0,160,1680,N,False
3,260,160,1680,N,False
3,0,206,1680,N,False
3,260,206,1680,N,False
3,260,bot5__2,1680,N,False
3,260,reel15__6,1680,N,False
3,224,84,1680,N,False
3,0,84,1680,N,False
3,224,232,1680,N,False
3,26,232,1680,N,False
3,122,232,1680,N,False
3,0,232,1680,N,False
3,0,332,1680,N,False
3,224,332,1680,N,False
3,142,332,1680,N,False
3,122,332,1680,N,False
3,26,332,1680,N,False
3,224,213,1680,N,False
3,122,213,1680,N,False
3,0,213,1680,N,False
3,0,188,1680,N,False
3,224,188,1680,N,False
3,142,188,1680,N,False
3,223,188,1680,N,False
3,122,188,1680,N,False
3,26,188,1680,N,False
3,224,bot16__6,1680,N,False
3,224,reel34__3,1680,N,False
3,224,reel41__9,1680,N,False
3,224,reel46__6,1680,N,False
3,26,66,1680,N,False
3,122,66,1680,N,False
3,142,66,1680,N,False
3,0,66,1680,N,False
3,122,345,1680,N,False
3,142,345,1680,N,False
3,0,345,1680,N,False
3,26,3,1680,N,False
3,122,3,1680,N,False
3,142,3,1680,N,False
3,0,3,1680,N,False
3,122,31,1680,N,False
3,142,31,1680,N,False
3,0,31,1680,N,False
3,26,285,1680,N,False
3,122,285,1680,N,False
3,142,285,1680,N,False
3,0,285,1680,N,False
3,26,104,1680,N,False
3,122,104,1680,N,False
3,142,104,1680,N,False
3,0,104,1680,N,False
3,26,169,1680,N,False
3,122,169,1680,N,False
3,142,169,1680,N,False
3,0,169,1680,N,False
3,0,203,1680,N,False
3,142,203,1680,N,False
3,223,203,1680,N,False
3,122,203,1680,N,False
3,26,203,1680,N,False
3,142,reel16__0,1680,N,False
3,142,bot32__8,1680,N,False
3,142,bot36__4,1680,N,False
3,142,reel40__5,1680,N,False
3,142,reel43__4,1680,N,False
3,122,5,1680,N,False
3,0,5,1680,N,False
3,122,284,1680,N,False
3,0,284,1680,N,False
3,122,136,1680,N,False
3,0,136,1680,N,False
3,122,156,1680,N,False
3,0,156,1680,N,False
3,26,325,1680,N,False
3,122,325,1680,N,False
3,0,325,1680,N,False
3,223,325,1680,N,False
3,122,342,1680,N,False
3,0,342,1680,N,False
3,223,342,1680,N,False
3,26,176,1680,N,False
3,122,176,1680,N,False
3,0,176,1680,N,False
3,122,bot22__2,1680,N,False
3,reel17__8,bot22__2,1680,N,False
3,122,bot25__5,1680,N,False
3,122,reel36__7,1680,N,False
3,122,reel75__9,1680,N,False
3,reel17__8,reel41__2,1680,N,False
3,bot21__9,157,1680,N,False
3,0,157,1680,N,False
3,bot21__9,bot24__7,1680,N,False
3,26,13,1680,N,False
3,0,13,1680,N,False
3,223,13,1680,N,False
3,0,246,1680,N,False
3,223,246,1680,N,False
3,0,211,1680,N,False
3,223,211,1680,N,False
3,26,313,1680,N,False
3,0,313,1680,N,False
3,223,313,1680,N,False
3,223,bot84__2,1680,N,False
3,bot40__5,bot49__8,1680,N,False
3,reel18__8,reel0__9,1680,N,False
3,reel18__8,reel55__9,1680,N,False
3,reel18__8,reel78__3,1680,N,False
3,bot32__1,reel10__3,1680,N,False
3,bot32__1,bot24__3,1680,N,False
3,bot32__1,bot82__8,1680,N,False
3,26,257,1680,N,False
3,0,257,1680,N,False
3,26,118,1680,N,False
3,0,118,1680,N,False
3,26,295,1680,N,False
3,0,295,1680,N,False
3,26,79,1680,N,False
3,0,79,1680,N,False
3,26,185,1680,N,False
3,0,185,1680,N,False
3,26,bot0__2,1680,N,False
3,bot63__8,reel39__2,1680,N,False
3,0,65,1680,N,False
3,0,254,1680,N,False
3,0,231,1680,N,False
3,0,127,1680,N,False
3,0,135,1680,N,False
3,0,116,1680,N,False
3,0,57,1680,N,False
3,0,63,1680,N,False
3,0,270,1680,N,False
3,0,76,1680,N,False
3,0,108,1680,N,False
3,0,197,1680,N,False
3,0,275,1680,N,False
3,0,83,1680,N,False
3,0,28,1680,N,False
3,0,312,1680,N,False
3,0,214,1680,N,False
3,0,307,1680,N,False
3,0,71,1680,N,False
3,0,333,1680,N,False
3,0,78,1680,N,False
3,0,302,1680,N,False
3,0,27,1680,N,False
3,0,105,1680,N,False
3,0,290,1680,N,False
3,0,94,1680,N,False
3,0,184,1680,N,False
3,0,159,1680,N,False
3,0,187,1680,N,False
3,0,7,1680,N,False
3,0,255,1680,N,False
3,0,49,1680,N,False
3,0,343,1680,N,False
3,0,111,1680,N,False
3,0,14,1680,N,False
3,0,266,1680,N,False
3,0,278,1680,N,False
3,0,340,1680,N,False
3,0,237,1680,N,False
3,0,309,1680,N,False
3,0,330,1680,N,False
3,0,70,1680,N,False
3,0,249,1680,N,False
3,0,39,1680,N,False
3,0,258,1680,N,False
3,0,196,1680,N,False
3,0,81,1680,N,False
3,0,293,1680,N,False
3,0,33,1680,N,False
3,0,347,1680,N,False
3,0,263,1680,N,False
3,0,279,1680,N,False
3,0,51,1680,N,False
3,0,19,1680,N,False
3,0,268,1680,N,False
3,0,314,1680,N,False
3,0,178,1680,N,False
3,0,192,1680,N,False
3,0,243,1680,N,False
3,0,181,1680,N,False
3,0,245,1680,N,False
3,0,99,1680,N,False
3,0,165,1680,N,False
3,0,121,1680,N,False
3,0,180,1680,N,False
3,0,189,1680,N,False
3,0,60,1680,N,False
3,0,269,1680,N,False
3,0,167,1680,N,False
3,0,227,1680,N,False
3,0,61,1680,N,False
3,0,89,1680,N,False
3,0,132,1680,N,False
3,0,301,1680,N,False
3,0,106,1680,N,False
3,0,337,1680,N,False
3,0,110,1680,N,False
3,0,225,1680,N,False
3,0,86,1680,N,False
3,0,152,1680,N,False
3,0,321,1680,N,False
3,0,22,1680,N,False
3,0,220,1680,N,False
3,0,44,1680,N,False
3,0,193,1680,N,False
3,0,112,1680,N,False
3,0,216,1680,N,False
3,0,95,1680,N,False
3,0,247,1680,N,False
3,0,190,1680,N,False
3,0,319,1680,N,False
3,0,256,1680,N,False
3,0,166,1680,N,False
3,0,202,1680,N,False
3,0,147,1680,N,False
3,0,229,1680,N,False
3,0,219,1680,N,False
3,0,bot2__7,1680,N,False
3,0,bot30__4,1680,N,False
3,0,reel61__5,1680,N,False
3,bot1__2,bot45__6,1680,N,False
3,bot1__2,bot61__8,1680,N,False
3,reel4__5,reel10__9,1680,N,False
3,reel4__5,bot40__9,1680,N,False
3,reel4__5,bot52__3,1680,N,False
3,reel4__5,bot67__0,1680,N,False
3,reel15__4,reel10__8,1680,N,False
3,reel15__4,reel31__4,1680,N,False
3,29,reel59__8,1682,N,False
3,reel52__3,reel59__8,1682,N,False
3,136,reel59__8,1682,N,False
3,31,83,1682,N,False
3,25,83,1682,N,False
3,25,288,1682,N,False
3,25,76,1682,N,False
3,322,88,1682,N,False
3,25,88,1682,N,False
3,130,88,1682,N,False
3,25,336,1682,N,False
3,130,73,1682,N,False
3,25,73,1682,N,False
3,30,73,1682,N,False
3,257,105,1682,N,False
3,reel23__7,105,1682,N,False
3,25,105,1682,N,False
3,148,105,1682,N,False
3,69,105,1682,N,False
3,280,105,1682,N,False
3,9,105,1682,N,False
3,39,105,1682,N,False
3,25,reel17__5,1682,N,False
3,25,bot20__6,1682,N,False
3,25,reel27__1,1682,N,False
3,25,reel69__5,1682,N,False
3,reel76__0,reel54__6,1682,N,False
3,248,53,1682,N,False
3,332,53,1682,N,False
3,322,53,1682,N,False
3,196,53,1682,N,False
3,130,53,1682,N,False
3,332,bot30__0,1682,N,False
3,332,reel58__3,1682,N,False
3,reel23__7,bot45__9,1682,N,False
3,reel23__7,reel49__3,1682,N,False
3,3,reel49__3,1682,N,False
3,250,reel2__4,1682,N,False
3,250,bot56__4,1682,N,False
3,250,bot69__0,1682,N,False
3,280,153,1682,N,False
3,280,reel16__0,1682,N,False
3,322,126,1682,N,False
3,322,242,1682,N,False
3,322,260,1682,N,False
3,322,reel1__0,1682,N,False
3,3,reel1__0,1682,N,False
3,322,reel6__9,1682,N,False
3,166,reel6__9,1682,N,False
3,322,bot17__2,1682,N,False
3,40,317,1682,N,False
3,40,307,1682,N,False
3,40,132,1682,N,False
3,334,132,1682,N,False
3,45,132,1682,N,False
3,113,132,1682,N,False
3,40,reel2__9,1682,N,False
3,40,bot23__0,1682,N,False
3,reel6__1,bot23__0,1682,N,False
3,40,reel33__6,1682,N,False
3,40,reel36__7,1682,N,False
3,122,reel36__7,1682,N,False
3,113,reel36__7,1682,N,False
3,169,5,1682,N,False
3,122,5,1682,N,False
3,122,284,1682,N,False
3,159,284,1682,N,False
3,reel4__2,284,1682,N,False
3,122,bot22__2,1682,N,False
3,122,bot25__5,1682,N,False
3,65,bot27__9,1682,N,False
3,39,reel1__4,1682,N,False
3,39,bot8__3,1682,N,False
3,39,bot19__2,1682,N,False
3,39,bot25__1,1682,N,False
3,39,reel48__1,1682,N,False
3,39,reel54__3,1682,N,False
3,268,reel27__7,1682,N,False
3,159,127,1682,N,False
3,159,108,1682,N,False
3,159,320,1682,N,False
3,176,bot0__3,1682,N,False
3,159,bot0__3,1682,N,False
3,159,reel9__2,1682,N,False
3,159,reel20__2,1682,N,False
3,159,bot77__2,1682,N,False
3,159,reel80__9,1682,N,False
3,347,22,1682,N,False
3,185,22,1682,N,False
3,185,bot5__6,1682,N,False
3,185,bot41__6,1682,N,False
3,185,reel58__9,1682,N,False
3,bot2__0,bot45__6,1682,N,False
3,bot2__0,bot48__8,1682,N,False
3,148,bot48__8,1682,N,False
3,29,247,1682,N,False
3,29,bot9__7,1682,N,False
3,29,bot51__0,1682,N,False
3,345,reel52__5,1682,N,False
3,reel6__1,bot22__0,1682,N,False
3,123,bot0__5,1682,N,False
3,232,bot0__5,1682,N,False
3,232,reel38__6,1682,N,False
3,232,bot53__5,1682,N,False
3,118,reel17__6,1682,N,False
3,118,bot34__7,1682,N,False
3,118,reel46__3,1682,N,False
3,118,reel67__1,1682,N,False
3,334,229,1682,N,False
3,148,229,1682,N,False
3,334,50,1682,N,False
3,113,50,1682,N,False
3,148,50,1682,N,False
3,334,bot16__3,1682,N,False
3,334,reel21__2,1682,N,False
3,reel13__3,reel32__9,1682,N,False
3,334,reel32__9,1682,N,False
3,334,reel37__1,1682,N,False
3,reel3__0,217,1682,N,False
3,reel72__1,217,1682,N,False
3,reel72__1,reel74__2,1682,N,False
3,3,reel7__0,1682,N,False
3,3,bot10__6,1682,N,False
3,3,reel12__8,1682,N,False
3,3,bot17__9,1682,N,False
3,3,reel20__5,1682,N,False
3,3,reel20__6,1682,N,False
3,3,reel20__8,1682,N,False
3,3,reel68__7,1682,N,False
3,169,bot3__0,1682,N,False
3,169,reel8__8,1682,N,False
3,bot53__2,reel8__8,1682,N,False
3,169,reel48__9,1682,N,False
3,169,bot76__3,1682,N,False
3,bot8__9,267,1682,N,False
3,bot8__9,bot2__1,1682,N,False
3,bot8__9,bot27__4,1682,N,False
3,bot8__9,bot29__1,1682,N,False
3,347,bot29__1,1682,N,False
3,bot8__9,bot30__6,1682,N,False
3,bot75__3,bot51__6,1682,N,False
3,reel30__3,bot69__5,1682,N,False
3,reel30__3,bot79__3,1682,N,False
3,reel3__0,reel9__0,1682,N,False
3,347,reel9__0,1682,N,False
3,reel3__0,reel32__3,1682,N,False
3,reel3__0,bot34__3,1682,N,False
3,reel46__1,reel14__5,1682,N,False
3,reel46__1,reel23__2,1682,N,False
3,82,bot34__5,1682,N,False
3,82,reel42__1,1682,N,False
3,82,bot53__4,1682,N,False
3,82,bot58__0,1682,N,False
3,248,bot39__4,1682,N,False
3,196,266,1682,N,False
3,196,330,1682,N,False
3,196,180,1682,N,False
3,196,254,1682,N,False
3,196,reel3__5,1682,N,False
3,196,bot20__1,1682,N,False
3,196,bot32__7,1682,N,False
3,196,bot36__8,1682,N,False
3,196,bot53__1,1682,N,False
3,196,bot54__2,1682,N,False
3,bot84__4,bot13__5,1682,N,False
3,45,bot5__1,1682,N,False
3,45,bot13__6,1682,N,False
3,9,reel5__6,1682,N,False
3,9,reel18__4,1682,N,False
3,reel41__3,reel18__4,1682,N,False
3,9,bot33__1,1682,N,False
3,136,120,1682,N,False
3,136,reel9__4,1682,N,False
3,reel24__2,bot42__8,1682,N,False
3,reel21__8,reel22__0,1682,N,False
3,reel21__8,bot49__4,1682,N,False
3,bot53__2,bot49__4,1682,N,False
3,reel21__8,bot57__3,1682,N,False
3,338,reel1__3,1682,N,False
3,338,bot15__8,1682,N,False
3,338,bot33__5,1682,N,False
3,338,reel53__8,1682,N,False
3,338,bot57__9,1682,N,False
3,reel13__3,bot16__5,1682,N,False
3,reel13__3,reel31__7,1682,N,False
3,reel13__3,reel56__8,1682,N,False
3,reel13__3,bot78__4,1682,N,False
3,166,198,1682,N,False
3,166,reel32__2,1682,N,False
3,166,reel54__9,1682,N,False
3,166,reel61__9,1682,N,False
3,reel43__7,reel6__3,1682,N,False
3,reel43__7,135,1682,N,False
3,reel43__7,reel83__0,1682,N,False
3,bot0__7,bot1__2,1682,N,False
3,bot0__7,bot23__8,1682,N,False
3,bot0__7,bot51__9,1682,N,False
3,291,reel63__1,1682,N,False
3,30,reel10__2,1682,N,False
3,30,bot81__8,1682,N,False
3,reel13__6,294,1682,N,False
3,reel13__6,bot49__3,1682,N,False
3,104,reel0__5,1682,N,False
3,104,bot22__1,1682,N,False
3,104,reel49__5,1682,N,False
3,reel3__8,309,1682,N,False
3,reel3__8,reel25__2,1682,N,False
3,reel3__8,reel50__2,1682,N,False
3,347,reel4__9,1682,N,False
3,347,bot53__7,1682,N,False
3,347,bot83__0,1682,N,False
3,176,reel6__6,1682,N,False
3,176,reel16__4,1682,N,False
3,176,reel47__1,1682,N,False
3,257,bot11__1,1682,N,False
3,257,reel28__5,1682,N,False
3,31,bot1__4,1682,N,False
3,130,bot1__4,1682,N,False
3,31,reel35__6,1682,N,False
3,31,reel44__9,1682,N,False
3,31,bot53__3,1682,N,False
3,reel4__2,bot14__7,1682,N,False
3,285,reel1__5,1682,N,False
3,285,reel14__3,1682,N,False
3,285,reel75__8,1682,N,False
3,231,reel13__8,1682,N,False
3,231,bot28__2,1682,N,False
3,reel9__6,bot33__3,1682,N,False
3,reel9__6,bot38__8,1682,N,False
3,reel9__6,bot57__6,1682,N,False
3,reel9__6,reel69__3,1682,N,False
3,224,bot16__6,1682,N,False
3,224,reel41__9,1682,N,False
3,224,reel46__6,1682,N,False
3,reel20__3,reel38__4,1682,N,False
3,reel20__3,bot56__3,1682,N,False
3,reel20__3,bot64__7,1682,N,False
3,bot84__9,bot14__2,1682,N,False
3,161,bot33__6,1682,N,False
3,reel17__9,reel27__2,1682,N,False
3,reel17__9,bot43__3,1682,N,False
3,130,191,1682,N,False
3,130,bot74__6,1682,N,False
3,bot53__2,46,1682,N,False
3,bot60__0,bot24__5,1682,N,False
3,bot60__0,102,1682,N,False
3,103,reel18__8,1682,N,False
3,bot3__8,bot78__2,1682,N,False
3,reel78__7,reel58__2,1684,N,False
3,331,reel2__4,1684,N,False
3,reel46__3,reel2__4,1684,N,False
3,304,7,1684,N,False
3,340,7,1684,N,False
3,31,7,1684,N,False
3,22,7,1684,N,False
3,322,7,1684,N,False
3,65,7,1684,N,False
3,291,7,1684,N,False
3,213,7,1684,N,False
3,246,7,1684,N,False
3,308,7,1684,N,False
3,340,bot21__3,1684,N,False
3,bot23__9,reel21__2,1684,N,False
3,340,reel21__2,1684,N,False
3,334,reel21__2,1684,N,False
3,340,reel37__9,1684,N,False
3,188,258,1684,N,False
3,75,258,1684,N,False
3,85,258,1684,N,False
3,141,258,1684,N,False
3,reel8__2,258,1684,N,False
3,291,258,1684,N,False
3,341,bot21__7,1684,N,False
3,141,bot21__7,1684,N,False
3,141,reel31__3,1684,N,False
3,141,reel39__2,1684,N,False
3,reel51__9,reel48__4,1684,N,False
3,141,reel48__4,1684,N,False
3,bot84__2,reel49__1,1684,N,False
3,reel8__2,reel17__8,1684,N,False
3,bot23__9,reel17__8,1684,N,False
3,62,reel17__8,1684,N,False
3,bot23__9,bot37__4,1684,N,False
3,bot23__9,bot76__5,1684,N,False
3,288,bot70__4,1684,N,False
3,288,reel70__3,1684,N,False
3,1,88,1684,N,False
3,236,88,1684,N,False
3,48,88,1684,N,False
3,73,88,1684,N,False
3,322,88,1684,N,False
3,186,88,1684,N,False
3,53,88,1684,N,False
3,236,bot12__7,1684,N,False
3,236,reel39__4,1684,N,False
3,236,reel45__1,1684,N,False
3,188,156,1684,N,False
3,85,156,1684,N,False
3,85,reel3__7,1684,N,False
3,85,reel45__3,1684,N,False
3,reel42__1,reel45__3,1684,N,False
3,85,bot59__4,1684,N,False
3,322,126,1684,N,False
3,1,126,1684,N,False
3,73,126,1684,N,False
3,48,126,1684,N,False
3,62,130,1684,N,False
3,73,130,1684,N,False
3,48,130,1684,N,False
3,322,130,1684,N,False
3,213,130,1684,N,False
3,53,130,1684,N,False
3,196,180,1684,N,False
3,53,180,1684,N,False
3,48,180,1684,N,False
3,196,330,1684,N,False
3,53,330,1684,N,False
3,48,330,1684,N,False
3,53,302,1684,N,False
3,48,302,1684,N,False
3,48,bot28__7,1684,N,False
3,48,bot79__5,1684,N,False
3,345,45,1684,N,False
3,104,45,1684,N,False
3,322,45,1684,N,False
3,186,45,1684,N,False
3,132,45,1684,N,False
3,322,242,1684,N,False
3,53,242,1684,N,False
3,132,242,1684,N,False
3,213,242,1684,N,False
3,322,bot9__8,1684,N,False
3,322,reel12__4,1684,N,False
3,322,reel15__9,1684,N,False
3,322,bot17__2,1684,N,False
3,65,bot27__9,1684,N,False
3,65,reel61__7,1684,N,False
3,reel55__6,bot67__2,1684,N,False
3,reel31__1,reel43__1,1684,N,False
3,reel31__1,bot82__5,1684,N,False
3,109,reel31__5,1684,N,False
3,reel75__8,reel31__5,1684,N,False
3,reel2__7,190,1684,N,False
3,reel2__7,reel8__8,1684,N,False
3,169,reel8__8,1684,N,False
3,reel2__7,reel30__1,1684,N,False
3,reel2__7,bot45__4,1684,N,False
3,185,bot5__6,1684,N,False
3,185,reel38__2,1684,N,False
3,185,bot41__6,1684,N,False
3,186,reel6__7,1684,N,False
3,270,reel6__7,1684,N,False
3,270,reel7__6,1684,N,False
3,reel57__7,reel7__6,1684,N,False
3,bot2__0,bot45__6,1684,N,False
3,188,reel9__6,1684,N,False
3,bot24__6,reel9__6,1684,N,False
3,reel21__8,reel22__0,1684,N,False
3,341,reel22__0,1684,N,False
3,341,reel59__4,1684,N,False
3,341,reel63__0,1684,N,False
3,341,bot76__2,1684,N,False
3,196,249,1684,N,False
3,53,249,1684,N,False
3,213,249,1684,N,False
3,304,249,1684,N,False
3,22,347,1684,N,False
3,304,347,1684,N,False
3,304,reel22__5,1684,N,False
3,304,reel34__1,1684,N,False
3,bot19__3,bot49__0,1684,N,False
3,304,bot49__0,1684,N,False
3,16,reel34__6,1684,N,False
3,16,reel45__7,1684,N,False
3,16,reel50__8,1684,N,False
3,16,bot82__2,1684,N,False
3,345,159,1684,N,False
3,331,bot12__9,1684,N,False
3,345,bot12__9,1684,N,False
3,237,bot15__6,1684,N,False
3,345,bot15__6,1684,N,False
3,274,bot6__6,1684,N,False
3,75,bot6__6,1684,N,False
3,75,reel14__7,1684,N,False
3,72,reel28__9,1684,N,False
3,75,reel28__9,1684,N,False
3,75,bot47__0,1684,N,False
3,232,reel26__5,1684,N,False
3,reel16__7,reel38__6,1684,N,False
3,232,reel38__6,1684,N,False
3,232,bot43__0,1684,N,False
3,232,bot53__5,1684,N,False
3,reel13__8,reel17__5,1684,N,False
3,reel13__8,bot23__3,1684,N,False
3,reel13__8,reel43__8,1684,N,False
3,308,bot0__8,1684,N,False
3,176,bot0__8,1684,N,False
3,308,bot26__0,1684,N,False
3,308,reel30__8,1684,N,False
3,reel69__8,reel9__4,1684,N,False
3,reel69__8,bot78__7,1684,N,False
3,188,bot7__0,1684,N,False
3,188,reel20__3,1684,N,False
3,188,reel22__4,1684,N,False
3,188,reel29__3,1684,N,False
3,188,reel52__7,1684,N,False
3,188,reel70__9,1684,N,False
3,1,reel25__7,1684,N,False
3,1,bot26__2,1684,N,False
3,1,reel46__2,1684,N,False
3,318,bot1__9,1684,N,False
3,318,bot12__2,1684,N,False
3,reel1__4,bot12__2,1684,N,False
3,318,reel19__2,1684,N,False
3,318,reel24__0,1684,N,False
3,bot34__5,reel14__1,1684,N,False
3,165,reel14__1,1684,N,False
3,reel23__0,reel4__3,1684,N,False
3,334,bot8__0,1684,N,False
3,334,reel37__1,1684,N,False
3,334,bot57__2,1684,N,False
3,reel81__2,151,1684,N,False
3,reel81__2,reel9__5,1684,N,False
3,reel60__0,42,1684,N,False
3,reel60__0,reel7__8,1684,N,False
3,79,reel25__8,1684,N,False
3,3,reel25__8,1684,N,False
3,79,reel41__0,1684,N,False
3,bot50__5,bot10__4,1684,N,False
3,bot50__5,bot56__5,1684,N,False
3,50,reel1__8,1684,N,False
3,reel57__7,reel1__8,1684,N,False
3,3,reel1__8,1684,N,False
3,3,reel12__8,1684,N,False
3,3,bot17__9,1684,N,False
3,3,reel20__5,1684,N,False
3,3,reel20__8,1684,N,False
3,3,reel30__7,1684,N,False
3,3,reel49__3,1684,N,False
3,3,reel68__7,1684,N,False
3,169,125,1684,N,False
3,169,reel48__9,1684,N,False
3,169,bot76__3,1684,N,False
3,bot11__2,71,1684,N,False
3,bot11__2,bot50__1,1684,N,False
3,bot11__2,bot84__8,1684,N,False
3,196,266,1684,N,False
3,53,266,1684,N,False
3,196,254,1684,N,False
3,53,254,1684,N,False
3,53,191,1684,N,False
3,53,101,1684,N,False
3,53,reel24__7,1684,N,False
3,53,reel44__7,1684,N,False
3,109,reel11__9,1684,N,False
3,196,bot15__1,1684,N,False
3,109,bot15__1,1684,N,False
3,109,bot70__2,1684,N,False
3,331,bot3__2,1684,N,False
3,331,reel3__4,1684,N,False
3,83,reel3__4,1684,N,False
3,331,bot30__8,1684,N,False
3,331,reel59__9,1684,N,False
3,331,reel74__1,1684,N,False
3,reel80__6,reel59__2,1684,N,False
3,276,bot5__1,1684,N,False
3,276,reel12__1,1684,N,False
3,276,reel27__2,1684,N,False
3,reel17__9,reel27__2,1684,N,False
3,276,reel62__9,1684,N,False
3,276,reel65__6,1684,N,False
3,reel51__9,reel38__8,1684,N,False
3,bot19__3,bot45__2,1684,N,False
3,bot7__6,bot45__2,1684,N,False
3,bot28__3,reel6__3,1684,N,False
3,132,bot7__3,1684,N,False
3,186,reel16__5,1684,N,False
3,132,reel16__5,1684,N,False
3,132,reel38__5,1684,N,False
3,132,bot39__4,1684,N,False
3,132,bot51__9,1684,N,False
3,bot7__6,110,1684,N,False
3,bot7__6,bot12__5,1684,N,False
3,bot7__6,bot84__1,1684,N,False
3,reel37__3,reel44__8,1684,N,False
3,reel9__3,305,1684,N,False
3,bot2__4,bot6__8,1684,N,False
3,bot2__4,bot9__0,1684,N,False
3,237,bot9__0,1684,N,False
3,bot2__4,bot27__4,1684,N,False
3,bot2__4,bot57__3,1684,N,False
3,reel21__8,bot57__3,1684,N,False
3,196,reel3__5,1684,N,False
3,196,bot32__7,1684,N,False
3,reel14__6,bot32__7,1684,N,False
3,196,bot36__8,1684,N,False
3,196,bot53__1,1684,N,False
3,196,bot54__2,1684,N,False
3,bot53__4,bot54__2,1684,N,False
3,bot19__2,reel15__0,1684,N,False
3,186,bot5__4,1684,N,False
3,186,reel46__9,1684,N,False
3,186,reel49__0,1684,N,False
3,186,bot62__7,1684,N,False
3,186,bot63__2,1684,N,False
3,reel16__7,reel43__2,1684,N,False
3,reel16__7,reel59__7,1684,N,False
3,50,reel52__9,1684,N,False
3,50,reel57__8,1684,N,False
3,290,reel57__8,1684,N,False
3,50,bot71__6,1684,N,False
3,reel21__8,bot49__4,1684,N,False
3,bot72__1,reel34__0,1684,N,False
3,reel72__3,reel28__1,1684,N,False
3,bot72__1,reel28__1,1684,N,False
3,reel13__3,bot16__5,1684,N,False
3,reel13__3,reel65__5,1684,N,False
3,reel13__3,bot78__4,1684,N,False
3,290,reel7__3,1684,N,False
3,290,reel83__9,1684,N,False
3,reel14__6,167,1684,N,False
3,reel14__6,reel68__6,1684,N,False
3,31,129,1684,N,False
3,291,129,1684,N,False
3,291,bot25__2,1684,N,False
3,291,bot28__9,1684,N,False
3,bot14__6,reel8__4,1684,N,False
3,bot14__6,bot73__4,1684,N,False
3,104,bot12__1,1684,N,False
3,104,reel27__6,1684,N,False
3,104,reel49__5,1684,N,False
3,176,reel16__4,1684,N,False
3,213,reel30__5,1684,N,False
3,213,bot80__4,1684,N,False
3,bot38__3,reel26__8,1684,N,False
3,62,reel13__6,1684,N,False
3,62,reel32__0,1684,N,False
3,62,reel41__8,1684,N,False
3,62,reel52__3,1684,N,False
3,62,bot63__8,1684,N,False
3,reel25__4,reel68__1,1684,N,False
3,reel25__4,reel73__5,1684,N,False
3,reel25__4,bot79__7,1684,N,False
3,31,reel11__2,1684,N,False
3,31,bot53__3,1684,N,False
3,105,reel5__2,1684,N,False
3,72,reel23__7,1684,N,False
3,105,reel23__7,1684,N,False
3,105,reel24__1,1684,N,False
3,105,bot47__4,1684,N,False
3,reel1__9,bot2__8,1684,N,False
3,reel1__9,reel10__3,1684,N,False
3,reel1__9,reel24__8,1684,N,False
3,bot34__7,reel14__2,1684,N,False
3,bot34__7,267,1684,N,False
3,bot34__7,bot62__8,1684,N,False
3,274,reel6__5,1684,N,False
3,274,bot17__1,1684,N,False
3,274,bot57__8,1684,N,False
3,reel29__5,bot47__5,1684,N,False
3,reel62__7,154,1684,N,False
3,reel4__2,284,1684,N,False
3,reel4__2,bot7__1,1684,N,False
3,reel4__2,bot14__7,1684,N,False
3,bot45__5,bot20__3,1684,N,False
3,bot8__3,264,1684,N,False
3,bot8__3,bot26__9,1684,N,False
3,72,bot63__6,1684,N,False
3,224,bot16__6,1684,N,False
3,bot82__7,bot16__6,1684,N,False
3,bot61__3,reel34__8,1684,N,False
3,237,reel12__6,1684,N,False
3,237,reel17__4,1684,N,False
3,231,reel0__6,1684,N,False
3,231,bot5__0,1684,N,False
3,231,bot28__2,1684,N,False
3,reel36__8,193,1684,N,False
3,reel36__8,reel53__4,1684,N,False
3,reel36__8,bot83__0,1684,N,False
3,bot25__1,reel22__1,1684,N,False
3,148,bot33__0,1684,N,False
3,224,reel41__9,1684,N,False
3,224,bot45__7,1684,N,False
3,reel14__3,bot48__0,1684,N,False
3,reel57__7,reel62__8,1684,N,False
3,reel67__1,reel33__1,1684,N,False
3,reel67__1,reel81__4,1684,N,False
3,217,189,1684,N,False
3,217,171,1684,N,False
3,217,bot12__4,1684,N,False
3,217,reel65__1,1684,N,False
3,22,reel28__8,1684,N,False
3,22,bot31__8,1684,N,False
3,22,bot59__3,1684,N,False
3,reel72__3,reel71__2,1684,N,False
3,246,reel30__3,1684,N,False
3,bot60__0,bot24__5,1684,N,False
3,reel82__5,reel43__6,1684,N,False
3,83,bot74__3,1684,N,False
3,reel1__4,reel2__1,1684,N,False
3,reel1__4,bot9__2,1684,N,False
3,reel1__4,reel69__1,1684,N,False
3,0,270,1685,N,False
3,reel6__7,270,1685,N,False
3,reel6__7,bot13__4,1685,N,False
3,reel6__7,reel50__0,1685,N,False
3,reel6__7,reel77__5,1685,N,False
3,0,346,1685,N,False
3,184,346,1685,N,False
3,127,346,1685,N,False
3,reel78__6,346,1685,N,False
3,320,346,1685,N,False
3,0,108,1685,N,False
3,251,108,1685,N,False
3,184,108,1685,N,False
3,127,108,1685,N,False
3,197,108,1685,N,False
3,284,108,1685,N,False
3,320,108,1685,N,False
3,reel0__8,108,1685,N,False
3,0,21,1685,N,False
3,345,21,1685,N,False
3,88,21,1685,N,False
3,251,21,1685,N,False
3,184,21,1685,N,False
3,127,21,1685,N,False
3,322,21,1685,N,False
3,197,21,1685,N,False
3,284,21,1685,N,False
3,197,reel8__4,1685,N,False
3,197,reel74__9,1685,N,False
3,231,reel74__9,1685,N,False
3,0,117,1685,N,False
3,231,117,1685,N,False
3,231,reel0__6,1685,N,False
3,231,reel13__8,1685,N,False
3,231,reel22__2,1685,N,False
3,231,bot28__2,1685,N,False
3,bot7__5,10,1685,N,False
3,0,10,1685,N,False
3,bot7__5,299,1685,N,False
3,0,299,1685,N,False
3,bot7__5,bot43__4,1685,N,False
3,bot7__5,bot51__0,1685,N,False
3,202,166,1685,N,False
3,0,166,1685,N,False
3,202,bot5__1,1685,N,False
3,202,bot23__7,1685,N,False
3,202,reel61__6,1685,N,False
3,0,129,1685,N,False
3,bot6__7,129,1685,N,False
3,bot6__7,bot12__8,1685,N,False
3,bot6__7,bot47__3,1685,N,False
3,0,70,1685,N,False
3,230,70,1685,N,False
3,0,23,1685,N,False
3,230,23,1685,N,False
3,230,bot0__7,1685,N,False
3,88,reel1__1,1685,N,False
3,230,reel1__1,1685,N,False
3,230,reel1__4,1685,N,False
3,230,reel16__3,1685,N,False
3,230,reel43__4,1685,N,False
3,184,reel29__3,1685,N,False
3,184,bot50__9,1685,N,False
3,322,53,1685,N,False
3,0,53,1685,N,False
3,88,53,1685,N,False
3,213,53,1685,N,False
3,0,122,1685,N,False
3,345,122,1685,N,False
3,251,122,1685,N,False
3,322,122,1685,N,False
3,213,122,1685,N,False
3,284,122,1685,N,False
3,322,304,1685,N,False
3,0,304,1685,N,False
3,30,304,1685,N,False
3,322,104,1685,N,False
3,0,104,1685,N,False
3,322,290,1685,N,False
3,0,290,1685,N,False
3,322,142,1685,N,False
3,0,142,1685,N,False
3,345,142,1685,N,False
3,bot2__9,45,1685,N,False
3,322,45,1685,N,False
3,0,45,1685,N,False
3,345,45,1685,N,False
3,322,136,1685,N,False
3,0,136,1685,N,False
3,213,136,1685,N,False
3,322,128,1685,N,False
3,0,128,1685,N,False
3,213,128,1685,N,False
3,322,60,1685,N,False
3,0,60,1685,N,False
3,322,1,1685,N,False
3,0,1,1685,N,False
3,88,1,1685,N,False
3,322,126,1685,N,False
3,0,126,1685,N,False
3,88,126,1685,N,False
3,322,85,1685,N,False
3,0,85,1685,N,False
3,322,341,1685,N,False
3,0,341,1685,N,False
3,322,185,1685,N,False
3,0,185,1685,N,False
3,322,118,1685,N,False
3,0,118,1685,N,False
3,322,271,1685,N,False
3,0,271,1685,N,False
3,30,271,1685,N,False
3,322,221,1685,N,False
3,0,221,1685,N,False
3,322,276,1685,N,False
3,0,276,1685,N,False
3,322,257,1685,N,False
3,0,257,1685,N,False
3,322,75,1685,N,False
3,0,75,1685,N,False
3,322,242,1685,N,False
3,0,242,1685,N,False
3,88,242,1685,N,False
3,213,242,1685,N,False
3,322,67,1685,N,False
3,0,67,1685,N,False
3,345,67,1685,N,False
3,213,67,1685,N,False
3,322,224,1685,N,False
3,0,224,1685,N,False
3,30,224,1685,N,False
3,213,224,1685,N,False
3,322,26,1685,N,False
3,0,26,1685,N,False
3,322,188,1685,N,False
3,0,188,1685,N,False
3,30,188,1685,N,False
3,322,285,1685,N,False
3,0,285,1685,N,False
3,345,285,1685,N,False
3,213,285,1685,N,False
3,322,342,1685,N,False
3,0,342,1685,N,False
3,322,169,1685,N,False
3,0,169,1685,N,False
3,322,reel1__0,1685,N,False
3,bot2__9,bot9__8,1685,N,False
3,322,bot9__8,1685,N,False
3,322,reel12__4,1685,N,False
3,322,bot17__2,1685,N,False
3,reel38__6,bot62__1,1685,N,False
3,reel38__6,reel66__0,1685,N,False
3,88,73,1685,N,False
3,0,73,1685,N,False
3,30,73,1685,N,False
3,30,bot0__2,1685,N,False
3,30,reel10__2,1685,N,False
3,30,reel26__5,1685,N,False
3,reel10__4,226,1685,N,False
3,0,226,1685,N,False
3,reel10__4,reel37__0,1685,N,False
3,reel10__4,reel38__4,1685,N,False
3,320,reel1__2,1685,N,False
3,320,bot8__3,1685,N,False
3,320,bot15__7,1685,N,False
3,320,reel25__5,1685,N,False
3,bot42__4,reel2__4,1685,N,False
3,bot19__3,reel18__3,1685,N,False
3,bot19__3,bot21__2,1685,N,False
3,127,reel1__7,1685,N,False
3,0,204,1685,N,False
3,213,204,1685,N,False
3,0,249,1685,N,False
3,213,249,1685,N,False
3,0,340,1685,N,False
3,213,340,1685,N,False
3,0,96,1685,N,False
3,213,96,1685,N,False
3,213,bot2__2,1685,N,False
3,213,reel30__5,1685,N,False
3,213,bot34__8,1685,N,False
3,213,reel37__5,1685,N,False
3,213,bot80__4,1685,N,False
3,bot2__9,bot0__9,1685,N,False
3,284,reel4__2,1685,N,False
3,284,bot11__6,1685,N,False
3,0,65,1685,N,False
3,0,3,1685,N,False
3,0,46,1685,N,False
3,0,254,1685,N,False
3,0,103,1685,N,False
3,0,119,1685,N,False
3,0,313,1685,N,False
3,0,325,1685,N,False
3,0,275,1685,N,False
3,0,28,1685,N,False
3,0,312,1685,N,False
3,0,20,1685,N,False
3,0,333,1685,N,False
3,0,141,1685,N,False
3,0,78,1685,N,False
3,0,302,1685,N,False
3,0,27,1685,N,False
3,0,105,1685,N,False
3,0,326,1685,N,False
3,0,187,1685,N,False
3,0,31,1685,N,False
3,0,255,1685,N,False
3,0,49,1685,N,False
3,0,123,1685,N,False
3,0,111,1685,N,False
3,0,14,1685,N,False
3,0,278,1685,N,False
3,0,237,1685,N,False
3,0,330,1685,N,False
3,0,16,1685,N,False
3,0,39,1685,N,False
3,0,228,1685,N,False
3,0,258,1685,N,False
3,0,81,1685,N,False
3,0,33,1685,N,False
3,0,263,1685,N,False
3,0,279,1685,N,False
3,0,338,1685,N,False
3,0,19,1685,N,False
3,0,181,1685,N,False
3,0,245,1685,N,False
3,0,165,1685,N,False
3,0,306,1685,N,False
3,0,189,1685,N,False
3,0,269,1685,N,False
3,0,167,1685,N,False
3,0,227,1685,N,False
3,0,61,1685,N,False
3,0,93,1685,N,False
3,0,235,1685,N,False
3,0,337,1685,N,False
3,0,86,1685,N,False
3,0,152,1685,N,False
3,0,148,1685,N,False
3,0,160,1685,N,False
3,0,321,1685,N,False
3,0,22,1685,N,False
3,0,298,1685,N,False
3,0,44,1685,N,False
3,0,50,1685,N,False
3,0,193,1685,N,False
3,0,216,1685,N,False
3,0,151,1685,N,False
3,0,157,1685,N,False
3,0,95,1685,N,False
3,0,120,1685,N,False
3,0,247,1685,N,False
3,0,244,1685,N,False
3,0,319,1685,N,False
3,0,229,1685,N,False
3,0,138,1685,N,False
3,0,153,1685,N,False
3,0,154,1685,N,False
3,0,294,1685,N,False
3,0,267,1685,N,False
3,0,316,1685,N,False
3,0,205,1685,N,False
3,0,47,1685,N,False
3,0,34,1685,N,False
3,0,reel8__3,1685,N,False
3,0,bot30__4,1685,N,False
3,0,reel42__2,1685,N,False
3,345,reel16__1,1685,N,False
3,345,reel33__3,1685,N,False
3,345,reel52__5,1685,N,False
3,88,bot7__9,1685,N,False
3,88,reel75__5,1685,N,False
3,88,reel75__7,1685,N,False
3,251,bot17__0,1685,N,False
3,251,reel55__1,1685,N,False
3,251,reel55__4,1685,N,False
3,251,bot78__7,1685,N,False
3,reel0__8,bot3__3,1685,N,False
3,reel0__8,bot5__8,1685,N,False
3,reel0__8,reel37__8,1685,N,False
3,reel0__8,reel52__1,1685,N,False
3,reel0__8,reel58__8,1685,N,False
3,reel14__5,283,1686,N,False
3,0,283,1686,N,False
3,reel14__5,bot37__7,1686,N,False
3,reel14__5,reel39__7,1686,N,False
3,0,186,1686,N,False
3,0,285,1686,N,False
3,0,24,1686,N,False
3,0,176,1686,N,False
3,0,213,1686,N,False
3,0,65,1686,N,False
3,0,26,1686,N,False
3,0,62,1686,N,False
3,0,172,1686,N,False
3,0,322,1686,N,False
3,0,53,1686,N,False
3,0,3,1686,N,False
3,0,170,1686,N,False
3,0,46,1686,N,False
3,0,103,1686,N,False
3,0,188,1686,N,False
3,0,116,1686,N,False
3,0,73,1686,N,False
3,0,315,1686,N,False
3,0,118,1686,N,False
3,0,325,1686,N,False
3,0,270,1686,N,False
3,0,76,1686,N,False
3,0,223,1686,N,False
3,0,88,1686,N,False
3,bot7__9,88,1686,N,False
3,reel0__2,88,1686,N,False
3,0,275,1686,N,False
3,0,273,1686,N,False
3,0,28,1686,N,False
3,0,312,1686,N,False
3,0,242,1686,N,False
3,0,20,1686,N,False
3,0,71,1686,N,False
3,0,333,1686,N,False
3,0,207,1686,N,False
3,0,168,1686,N,False
3,0,308,1686,N,False
3,0,341,1686,N,False
3,0,128,1686,N,False
3,0,141,1686,N,False
3,0,78,1686,N,False
3,0,38,1686,N,False
3,0,302,1686,N,False
3,0,203,1686,N,False
3,0,105,1686,N,False
3,0,232,1686,N,False
3,0,217,1686,N,False
3,0,224,1686,N,False
3,0,290,1686,N,False
3,0,342,1686,N,False
3,0,146,1686,N,False
3,0,1,1686,N,False
3,0,184,1686,N,False
3,281,184,1686,N,False
3,0,159,1686,N,False
3,281,159,1686,N,False
3,0,149,1686,N,False
3,0,13,1686,N,False
3,0,17,1686,N,False
3,0,187,1686,N,False
3,0,31,1686,N,False
3,0,136,1686,N,False
3,0,49,1686,N,False
3,0,246,1686,N,False
3,0,123,1686,N,False
3,0,140,1686,N,False
3,0,185,1686,N,False
3,0,104,1686,N,False
3,0,14,1686,N,False
3,0,310,1686,N,False
3,0,30,1686,N,False
3,0,266,1686,N,False
3,0,212,1686,N,False
3,0,278,1686,N,False
3,0,309,1686,N,False
3,281,309,1686,N,False
3,0,330,1686,N,False
3,0,70,1686,N,False
3,0,16,1686,N,False
3,0,39,1686,N,False
3,0,10,1686,N,False
3,bot33__2,10,1686,N,False
3,0,113,1686,N,False
3,0,258,1686,N,False
3,0,257,1686,N,False
3,0,286,1686,N,False
3,0,293,1686,N,False
3,0,33,1686,N,False
3,0,347,1686,N,False
3,0,2,1686,N,False
3,0,263,1686,N,False
3,0,162,1686,N,False
3,319,19,1686,N,False
3,0,19,1686,N,False
3,0,75,1686,N,False
3,0,268,1686,N,False
3,0,243,1686,N,False
3,0,129,1686,N,False
3,0,328,1686,N,False
3,0,163,1686,N,False
3,0,165,1686,N,False
3,0,306,1686,N,False
3,0,189,1686,N,False
3,0,45,1686,N,False
3,0,96,1686,N,False
3,0,61,1686,N,False
3,0,41,1686,N,False
3,0,235,1686,N,False
3,0,221,1686,N,False
3,0,29,1686,N,False
3,0,337,1686,N,False
3,0,225,1686,N,False
3,0,86,1686,N,False
3,0,289,1686,N,False
3,0,260,1686,N,False
3,0,160,1686,N,False
3,0,321,1686,N,False
3,0,22,1686,N,False
3,0,234,1686,N,False
3,0,44,1686,N,False
3,0,193,1686,N,False
3,0,97,1686,N,False
3,0,90,1686,N,False
3,0,151,1686,N,False
3,0,120,1686,N,False
3,0,247,1686,N,False
3,0,190,1686,N,False
3,0,256,1686,N,False
3,0,166,1686,N,False
3,0,206,1686,N,False
3,0,229,1686,N,False
3,0,138,1686,N,False
3,0,305,1686,N,False
3,219,154,1686,N,False
3,0,154,1686,N,False
3,0,241,1686,N,False
3,0,294,1686,N,False
3,0,267,1686,N,False
3,0,34,1686,N,False
3,0,bot2__7,1686,N,False
3,0,bot30__4,1686,N,False
3,0,reel42__2,1686,N,False
3,0,bot68__5,1686,N,False
3,bot44__7,reel21__2,1686,N,False
3,bot44__7,bot70__2,1686,N,False
3,147,reel5__2,1686,N,False
3,147,bot13__9,1686,N,False
3,147,reel27__5,1686,N,False
3,147,reel32__2,1686,N,False
3,147,reel36__9,1686,N,False
3,147,reel55__9,1686,N,False
3,147,reel61__3,1686,N,False
3,147,reel68__0,1686,N,False
3,319,bot3__9,1686,N,False
3,bot70__5,reel14__0,1686,N,False
3,219,bot6__7,1686,N,False
3,219,bot8__0,1686,N,False
3,bot7__9,bot8__7,1686,N,False
3,bot7__9,bot36__5,1686,N,False
3,reel16__1,reel78__4,1686,N,False
3,bot33__2,bot16__1,1686,N,False
3,reel48__3,reel59__9,1686,N,False
3,reel48__3,bot64__2,1686,N,False
3,reel48__3,reel74__4,1686,N,False
3,bot41__8,bot10__6,1686,N,False
3,bot41__8,reel35__3,1686,N,False
3,reel14__4,reel35__1,1686,N,False
3,281,bot15__2,1686,N,False
3,bot17__9,3,1687,N,False
3,0,3,1687,N,False
3,bot17__9,bot3__3,1687,N,False
3,reel35__9,312,1687,N,False
3,bot10__0,312,1687,N,False
3,0,312,1687,N,False
3,111,312,1687,N,False
3,bot10__0,278,1687,N,False
3,0,278,1687,N,False
3,258,257,1687,N,False
3,0,257,1687,N,False
3,258,188,1687,N,False
3,0,188,1687,N,False
3,258,272,1687,N,False
3,0,272,1687,N,False
3,258,40,1687,N,False
3,0,40,1687,N,False
3,258,85,1687,N,False
3,0,85,1687,N,False
3,136,156,1687,N,False
3,258,156,1687,N,False
3,0,156,1687,N,False
3,258,75,1687,N,False
3,0,75,1687,N,False
3,258,reel5__3,1687,N,False
3,258,bot24__8,1687,N,False
3,136,122,1687,N,False
3,0,122,1687,N,False
3,31,122,1687,N,False
3,bot22__2,122,1687,N,False
3,0,271,1687,N,False
3,0,176,1687,N,False
3,0,82,1687,N,False
3,0,65,1687,N,False
3,reel18__9,65,1687,N,False
3,0,26,1687,N,False
3,0,84,1687,N,False
3,31,84,1687,N,False
3,0,62,1687,N,False
3,0,172,1687,N,False
3,0,53,1687,N,False
3,reel12__7,53,1687,N,False
3,0,46,1687,N,False
3,reel12__7,46,1687,N,False
3,0,254,1687,N,False
3,0,231,1687,N,False
3,0,135,1687,N,False
3,0,23,1687,N,False
3,0,116,1687,N,False
3,0,73,1687,N,False
3,0,48,1687,N,False
3,0,57,1687,N,False
3,0,313,1687,N,False
3,0,118,1687,N,False
3,0,325,1687,N,False
3,0,270,1687,N,False
3,0,76,1687,N,False
3,0,223,1687,N,False
3,0,108,1687,N,False
3,136,169,1687,N,False
3,0,169,1687,N,False
3,0,275,1687,N,False
3,0,83,1687,N,False
3,31,83,1687,N,False
3,0,242,1687,N,False
3,0,307,1687,N,False
3,0,333,1687,N,False
3,0,207,1687,N,False
3,136,308,1687,N,False
3,0,308,1687,N,False
3,31,308,1687,N,False
3,0,341,1687,N,False
3,0,128,1687,N,False
3,0,78,1687,N,False
3,0,27,1687,N,False
3,0,54,1687,N,False
3,0,105,1687,N,False
3,0,232,1687,N,False
3,0,126,1687,N,False
3,0,261,1687,N,False
3,0,290,1687,N,False
3,136,146,1687,N,False
3,0,146,1687,N,False
3,0,300,1687,N,False
3,0,1,1687,N,False
3,0,184,1687,N,False
3,0,13,1687,N,False
3,0,17,1687,N,False
3,111,17,1687,N,False
3,0,80,1687,N,False
3,0,187,1687,N,False
3,0,49,1687,N,False
3,136,246,1687,N,False
3,0,246,1687,N,False
3,0,284,1687,N,False
3,0,140,1687,N,False
3,0,185,1687,N,False
3,0,104,1687,N,False
3,136,324,1687,N,False
3,0,324,1687,N,False
3,0,171,1687,N,False
3,0,14,1687,N,False
3,0,340,1687,N,False
3,0,237,1687,N,False
3,31,237,1687,N,False
3,0,70,1687,N,False
3,0,16,1687,N,False
3,0,249,1687,N,False
3,0,39,1687,N,False
3,0,113,1687,N,False
3,0,33,1687,N,False
3,0,347,1687,N,False
3,0,2,1687,N,False
3,0,19,1687,N,False
3,0,268,1687,N,False
3,0,181,1687,N,False
3,0,129,1687,N,False
3,31,129,1687,N,False
3,0,331,1687,N,False
3,0,101,1687,N,False
3,0,102,1687,N,False
3,0,173,1687,N,False
3,0,165,1687,N,False
3,0,306,1687,N,False
3,0,189,1687,N,False
3,0,45,1687,N,False
3,0,269,1687,N,False
3,0,167,1687,N,False
3,0,227,1687,N,False
3,0,91,1687,N,False
3,0,93,1687,N,False
3,111,93,1687,N,False
3,0,235,1687,N,False
3,0,89,1687,N,False
3,0,107,1687,N,False
3,0,79,1687,N,False
3,0,208,1687,N,False
3,0,132,1687,N,False
3,0,221,1687,N,False
3,0,337,1687,N,False
3,111,337,1687,N,False
3,0,110,1687,N,False
3,0,264,1687,N,False
3,0,225,1687,N,False
3,0,152,1687,N,False
3,229,148,1687,N,False
3,0,148,1687,N,False
3,0,201,1687,N,False
3,0,260,1687,N,False
3,0,321,1687,N,False
3,0,22,1687,N,False
3,0,298,1687,N,False
3,0,262,1687,N,False
3,0,220,1687,N,False
3,0,44,1687,N,False
3,111,44,1687,N,False
3,0,50,1687,N,False
3,0,216,1687,N,False
3,0,157,1687,N,False
3,0,4,1687,N,False
3,136,120,1687,N,False
3,0,120,1687,N,False
3,0,247,1687,N,False
3,229,190,1687,N,False
3,0,190,1687,N,False
3,0,319,1687,N,False
3,0,166,1687,N,False
3,0,147,1687,N,False
3,0,240,1687,N,False
3,0,219,1687,N,False
3,0,305,1687,N,False
3,bot2__1,153,1687,N,False
3,0,153,1687,N,False
3,0,294,1687,N,False
3,0,267,1687,N,False
3,0,205,1687,N,False
3,0,47,1687,N,False
3,0,183,1687,N,False
3,0,bot2__7,1687,N,False
3,0,reel8__3,1687,N,False
3,0,bot13__5,1687,N,False
3,0,bot68__5,1687,N,False
3,bot37__7,bot17__2,1687,N,False
3,bot37__7,bot38__7,1687,N,False
3,229,reel18__4,1687,N,False
3,229,bot41__3,1687,N,False
3,reel35__9,reel55__2,1687,N,False
3,bot2__1,bot8__9,1687,N,False
3,bot2__1,bot58__4,1687,N,False
3,31,reel15__5,1687,N,False
3,31,reel44__9,1687,N,False
3,31,bot53__3,1687,N,False
3,reel24__8,reel28__5,1687,N,False
3,111,bot13__9,1687,N,False
3,111,bot14__3,1687,N,False
3,111,reel29__0,1687,N,False
3,bot22__2,reel17__8,1687,N,False
3,bot47__9,reel35__1,1687,N,False
3,136,reel50__3,1687,N,False
3,reel12__7,reel16__7,1687,N,False
3,reel12__7,reel30__8,1687,N,False
3,reel12__7,bot37__0,1687,N,False
3,reel69__8,bot78__7,1687,N,False
3,reel18__9,reel5__2,1687,N,False
3,reel18__9,bot52__9,1687,N,False
3,310,reel2__6,1688,N,False
3,337,reel2__6,1688,N,False
3,310,reel5__2,1688,N,False
3,310,bot55__8,1688,N,False
3,bot68__9,reel61__9,1688,N,False
3,bot68__9,bot83__3,1688,N,False
3,0,246,1688,N,False
3,304,246,1688,N,False
3,340,246,1688,N,False
3,136,246,1688,N,False
3,315,246,1688,N,False
3,340,bot4__5,1688,N,False
3,340,reel21__2,1688,N,False
3,340,reel37__9,1688,N,False
3,203,104,1688,N,False
3,0,104,1688,N,False
3,332,104,1688,N,False
3,252,104,1688,N,False
3,0,158,1688,N,False
3,304,158,1688,N,False
3,22,158,1688,N,False
3,332,158,1688,N,False
3,315,158,1688,N,False
3,0,271,1688,N,False
3,119,271,1688,N,False
3,304,271,1688,N,False
3,224,271,1688,N,False
3,332,271,1688,N,False
3,203,271,1688,N,False
3,315,271,1688,N,False
3,252,271,1688,N,False
3,0,21,1688,N,False
3,119,21,1688,N,False
3,304,21,1688,N,False
3,88,21,1688,N,False
3,332,21,1688,N,False
3,203,21,1688,N,False
3,136,21,1688,N,False
3,315,21,1688,N,False
3,252,21,1688,N,False
3,0,169,1688,N,False
3,332,169,1688,N,False
3,136,169,1688,N,False
3,315,169,1688,N,False
3,252,169,1688,N,False
3,0,170,1688,N,False
3,119,170,1688,N,False
3,304,170,1688,N,False
3,332,170,1688,N,False
3,203,170,1688,N,False
3,315,170,1688,N,False
3,252,170,1688,N,False
3,0,122,1688,N,False
3,119,122,1688,N,False
3,304,122,1688,N,False
3,224,122,1688,N,False
3,332,122,1688,N,False
3,203,122,1688,N,False
3,136,122,1688,N,False
3,315,122,1688,N,False
3,252,122,1688,N,False
3,0,26,1688,N,False
3,119,26,1688,N,False
3,304,26,1688,N,False
3,224,26,1688,N,False
3,332,26,1688,N,False
3,203,26,1688,N,False
3,315,26,1688,N,False
3,252,26,1688,N,False
3,0,172,1688,N,False
3,304,172,1688,N,False
3,332,172,1688,N,False
3,329,172,1688,N,False
3,203,172,1688,N,False
3,252,172,1688,N,False
3,88,106,1688,N,False
3,0,106,1688,N,False
3,329,106,1688,N,False
3,332,106,1688,N,False
3,332,reel50__7,1688,N,False
3,32,reel58__5,1688,N,False
3,332,reel58__5,1688,N,False
3,307,bot0__4,1688,N,False
3,307,bot2__9,1688,N,False
3,307,bot6__7,1688,N,False
3,307,reel10__4,1688,N,False
3,307,bot16__2,1688,N,False
3,reel82__5,reel19__3,1688,N,False
3,307,reel19__3,1688,N,False
3,307,bot36__7,1688,N,False
3,307,reel38__6,1688,N,False
3,307,reel70__8,1688,N,False
3,0,112,1688,N,False
3,reel21__1,112,1688,N,False
3,reel13__1,reel14__5,1688,N,False
3,reel21__1,reel14__5,1688,N,False
3,reel21__1,reel45__5,1688,N,False
3,reel21__1,reel53__6,1688,N,False
3,reel18__6,reel41__4,1688,N,False
3,reel27__3,reel32__3,1688,N,False
3,reel27__3,bot55__4,1688,N,False
3,224,232,1688,N,False
3,0,232,1688,N,False
3,224,276,1688,N,False
3,0,276,1688,N,False
3,0,236,1688,N,False
3,304,236,1688,N,False
3,224,236,1688,N,False
3,88,236,1688,N,False
3,315,236,1688,N,False
3,252,236,1688,N,False
3,224,148,1688,N,False
3,119,148,1688,N,False
3,0,148,1688,N,False
3,0,322,1688,N,False
3,304,322,1688,N,False
3,224,322,1688,N,False
3,88,322,1688,N,False
3,329,322,1688,N,False
3,203,322,1688,N,False
3,136,322,1688,N,False
3,315,322,1688,N,False
3,252,322,1688,N,False
3,119,188,1688,N,False
3,0,188,1688,N,False
3,304,188,1688,N,False
3,224,188,1688,N,False
3,315,188,1688,N,False
3,252,188,1688,N,False
3,224,62,1688,N,False
3,0,62,1688,N,False
3,224,bot16__6,1688,N,False
3,224,bot17__5,1688,N,False
3,224,reel34__3,1688,N,False
3,224,reel41__9,1688,N,False
3,224,bot45__7,1688,N,False
3,224,reel46__6,1688,N,False
3,reel53__8,reel50__2,1688,N,False
3,203,338,1688,N,False
3,reel53__8,338,1688,N,False
3,0,338,1688,N,False
3,252,338,1688,N,False
3,0,288,1688,N,False
3,315,288,1688,N,False
3,reel53__5,288,1688,N,False
3,0,44,1688,N,False
3,bot42__0,44,1688,N,False
3,bot42__0,bot68__6,1688,N,False
3,0,184,1688,N,False
3,329,184,1688,N,False
3,119,269,1688,N,False
3,0,269,1688,N,False
3,329,269,1688,N,False
3,0,272,1688,N,False
3,304,272,1688,N,False
3,329,272,1688,N,False
3,203,272,1688,N,False
3,252,272,1688,N,False
3,0,284,1688,N,False
3,329,284,1688,N,False
3,329,bot12__6,1688,N,False
3,329,bot29__7,1688,N,False
3,329,reel39__2,1688,N,False
3,reel13__1,reel39__9,1688,N,False
3,329,reel39__9,1688,N,False
3,bot3__2,bot67__8,1688,N,False
3,88,1,1688,N,False
3,119,1,1688,N,False
3,0,1,1688,N,False
3,315,1,1688,N,False
3,88,303,1688,N,False
3,0,303,1688,N,False
3,315,303,1688,N,False
3,88,80,1688,N,False
3,0,80,1688,N,False
3,315,80,1688,N,False
3,0,249,1688,N,False
3,315,249,1688,N,False
3,304,249,1688,N,False
3,0,257,1688,N,False
3,315,257,1688,N,False
3,304,257,1688,N,False
3,119,313,1688,N,False
3,0,313,1688,N,False
3,203,313,1688,N,False
3,315,313,1688,N,False
3,252,313,1688,N,False
3,0,121,1688,N,False
3,315,121,1688,N,False
3,0,5,1688,N,False
3,315,5,1688,N,False
3,0,302,1688,N,False
3,315,302,1688,N,False
3,119,132,1688,N,False
3,0,132,1688,N,False
3,315,132,1688,N,False
3,315,reel19__7,1688,N,False
3,315,reel22__2,1688,N,False
3,reel13__8,bot23__3,1688,N,False
3,315,bot23__3,1688,N,False
3,reel73__9,reel80__4,1688,N,False
3,315,reel80__4,1688,N,False
3,reel67__1,reel33__1,1688,N,False
3,217,171,1688,N,False
3,119,171,1688,N,False
3,0,171,1688,N,False
3,217,reel3__0,1688,N,False
3,217,bot12__4,1688,N,False
3,217,reel27__0,1688,N,False
3,217,reel65__1,1688,N,False
3,217,reel72__1,1688,N,False
3,252,reel72__1,1688,N,False
3,337,bot9__3,1688,N,False
3,337,reel34__5,1688,N,False
3,203,342,1688,N,False
3,119,342,1688,N,False
3,0,342,1688,N,False
3,252,342,1688,N,False
3,119,39,1688,N,False
3,0,39,1688,N,False
3,119,113,1688,N,False
3,0,113,1688,N,False
3,304,113,1688,N,False
3,203,113,1688,N,False
3,252,113,1688,N,False
3,119,176,1688,N,False
3,0,176,1688,N,False
3,203,82,1688,N,False
3,119,82,1688,N,False
3,0,82,1688,N,False
3,252,82,1688,N,False
3,119,325,1688,N,False
3,0,325,1688,N,False
3,304,325,1688,N,False
3,203,325,1688,N,False
3,252,325,1688,N,False
3,119,229,1688,N,False
3,0,229,1688,N,False
3,119,79,1688,N,False
3,0,79,1688,N,False
3,252,79,1688,N,False
3,136,146,1688,N,False
3,119,146,1688,N,False
3,0,146,1688,N,False
3,119,bot17__1,1688,N,False
3,119,reel26__7,1688,N,False
3,119,reel83__9,1688,N,False
3,reel73__9,bot81__1,1688,N,False
3,0,347,1688,N,False
3,22,347,1688,N,False
3,304,347,1688,N,False
3,22,bot2__2,1688,N,False
3,22,bot15__9,1688,N,False
3,22,reel28__8,1688,N,False
3,22,reel31__1,1688,N,False
3,22,bot59__3,1688,N,False
3,167,bot0__1,1688,N,False
3,167,bot13__8,1688,N,False
3,167,reel14__6,1688,N,False
3,167,bot29__4,1688,N,False
3,bot8__4,bot6__8,1688,N,False
3,bot8__4,reel3__5,1688,N,False
3,reel7__1,336,1688,N,False
3,88,336,1688,N,False
3,0,336,1688,N,False
3,reel7__1,bot25__7,1688,N,False
3,reel7__1,bot72__9,1688,N,False
3,0,346,1688,N,False
3,203,65,1688,N,False
3,0,65,1688,N,False
3,252,65,1688,N,False
3,0,3,1688,N,False
3,0,254,1688,N,False
3,0,117,1688,N,False
3,0,127,1688,N,False
3,0,135,1688,N,False
3,136,103,1688,N,False
3,0,103,1688,N,False
3,252,103,1688,N,False
3,0,116,1688,N,False
3,88,73,1688,N,False
3,0,73,1688,N,False
3,0,57,1688,N,False
3,0,63,1688,N,False
3,0,344,1688,N,False
3,203,270,1688,N,False
3,0,270,1688,N,False
3,0,76,1688,N,False
3,0,275,1688,N,False
3,0,83,1688,N,False
3,0,312,1688,N,False
3,137,312,1688,N,False
3,88,242,1688,N,False
3,0,242,1688,N,False
3,0,214,1688,N,False
3,137,214,1688,N,False
3,0,20,1688,N,False
3,0,207,1688,N,False
3,203,341,1688,N,False
3,0,341,1688,N,False
3,304,341,1688,N,False
3,203,334,1688,N,False
3,252,334,1688,N,False
3,0,334,1688,N,False
3,304,334,1688,N,False
3,0,78,1688,N,False
3,0,139,1688,N,False
3,88,126,1688,N,False
3,0,126,1688,N,False
3,0,283,1688,N,False
3,0,300,1688,N,False
3,0,159,1688,N,False
3,0,255,1688,N,False
3,0,49,1688,N,False
3,0,85,1688,N,False
3,0,123,1688,N,False
3,252,123,1688,N,False
3,0,343,1688,N,False
3,0,115,1688,N,False
3,137,115,1688,N,False
3,0,222,1688,N,False
3,0,266,1688,N,False
3,0,278,1688,N,False
3,0,309,1688,N,False
3,0,70,1688,N,False
3,0,228,1688,N,False
3,0,196,1688,N,False
3,0,286,1688,N,False
3,0,81,1688,N,False
3,0,174,1688,N,False
3,0,263,1688,N,False
3,0,51,1688,N,False
3,0,162,1688,N,False
3,0,19,1688,N,False
3,0,75,1688,N,False
3,304,75,1688,N,False
3,0,218,1688,N,False
3,203,268,1688,N,False
3,0,268,1688,N,False
3,0,8,1688,N,False
3,0,245,1688,N,False
3,0,129,1688,N,False
3,0,328,1688,N,False
3,bot6__0,328,1688,N,False
3,0,101,1688,N,False
3,0,102,1688,N,False
3,0,173,1688,N,False
3,0,306,1688,N,False
3,0,177,1688,N,False
3,0,180,1688,N,False
3,0,60,1688,N,False
3,0,45,1688,N,False
3,0,227,1688,N,False
3,0,61,1688,N,False
3,0,89,1688,N,False
3,0,107,1688,N,False
3,203,29,1688,N,False
3,0,29,1688,N,False
3,252,29,1688,N,False
3,0,110,1688,N,False
3,0,225,1688,N,False
3,0,152,1688,N,False
3,0,295,1688,N,False
3,0,160,1688,N,False
3,0,321,1688,N,False
3,0,298,1688,N,False
3,0,234,1688,N,False
3,0,193,1688,N,False
3,0,216,1688,N,False
3,0,157,1688,N,False
3,reel9__9,157,1688,N,False
3,0,4,1688,N,False
3,0,327,1688,N,False
3,136,120,1688,N,False
3,0,120,1688,N,False
3,0,247,1688,N,False
3,0,190,1688,N,False
3,0,282,1688,N,False
3,0,319,1688,N,False
3,0,233,1688,N,False
3,0,256,1688,N,False
3,0,166,1688,N,False
3,0,155,1688,N,False
3,0,206,1688,N,False
3,0,305,1688,N,False
3,0,154,1688,N,False
3,0,267,1688,N,False
3,0,316,1688,N,False
3,0,47,1688,N,False
3,0,34,1688,N,False
3,0,reel8__3,1688,N,False
3,0,bot13__5,1688,N,False
3,0,reel42__2,1688,N,False
3,0,reel61__5,1688,N,False
3,0,bot68__5,1688,N,False
3,27,reel10__5,1688,N,False
3,137,reel10__5,1688,N,False
3,137,reel37__6,1688,N,False
3,137,reel46__2,1688,N,False
3,137,reel49__4,1688,N,False
3,137,reel62__8,1688,N,False
3,304,bot21__6,1688,N,False
3,304,reel22__5,1688,N,False
3,304,reel34__1,1688,N,False
3,reel76__1,reel16__6,1688,N,False
3,88,bot7__9,1688,N,False
3,88,reel75__7,1688,N,False
3,32,reel14__2,1688,N,False
3,32,reel41__3,1688,N,False
3,32,reel72__9,1688,N,False
3,27,reel38__3,1688,N,False
3,27,reel71__6,1688,N,False
3,reel82__5,reel43__6,1688,N,False
3,203,bot42__5,1688,N,False
3,203,reel60__0,1688,N,False
3,136,reel9__4,1688,N,False
3,reel13__8,reel17__5,1688,N,False
3,reel13__8,reel17__6,1688,N,False
3,reel13__8,reel43__8,1688,N,False
3,reel13__8,bot50__0,1688,N,False
3,reel9__9,reel17__0,1688,N,False
3,reel9__9,reel29__3,1688,N,False
3,252,reel4__3,1688,N,False
3,252,bot8__8,1688,N,False
3,252,bot61__3,1688,N,False
3,306,reel52__9,1689,N,False
3,50,reel52__9,1689,N,False
3,306,bot64__7,1689,N,False
3,reel20__3,bot64__7,1689,N,False
3,110,bot64__7,1689,N,False
3,306,reel66__0,1689,N,False
3,reel52__3,reel78__0,1689,N,False
3,146,reel78__0,1689,N,False
3,205,bot11__0,1689,N,False
3,205,reel59__4,1689,N,False
3,205,reel76__7,1689,N,False
3,reel18__6,reel76__7,1689,N,False
3,205,reel82__8,1689,N,False
3,172,reel82__8,1689,N,False
3,171,reel35__3,1689,N,False
3,reel27__9,reel35__3,1689,N,False
3,reel27__9,bot69__2,1689,N,False
3,bot27__5,bot69__2,1689,N,False
3,132,bot69__2,1689,N,False
3,343,bot2__6,1689,N,False
3,293,bot2__6,1689,N,False
3,293,bot16__7,1689,N,False
3,bot5__4,bot16__7,1689,N,False
3,293,bot19__9,1689,N,False
3,293,bot43__8,1689,N,False
3,293,bot83__9,1689,N,False
3,135,bot43__2,1689,N,False
3,129,reel43__7,1689,N,False
3,135,reel43__7,1689,N,False
3,307,reel70__8,1689,N,False
3,135,reel70__8,1689,N,False
3,319,bot3__9,1689,N,False
3,253,bot3__9,1689,N,False
3,44,reel2__4,1689,N,False
3,reel46__3,reel2__4,1689,N,False
3,250,reel2__4,1689,N,False
3,reel12__4,bot31__1,1689,N,False
3,247,reel38__0,1689,N,False
3,reel12__4,reel38__0,1689,N,False
3,27,reel38__3,1689,N,False
3,reel12__4,reel38__3,1689,N,False
3,bot36__0,bot46__6,1689,N,False
3,reel12__4,bot46__6,1689,N,False
3,96,bot72__0,1689,N,False
3,reel17__6,reel42__9,1689,N,False
3,reel17__6,bot65__0,1689,N,False
3,73,bot65__0,1689,N,False
3,173,bot66__6,1689,N,False
3,reel17__6,bot66__6,1689,N,False
3,reel14__7,bot15__7,1689,N,False
3,bot20__9,bot15__7,1689,N,False
3,reel1__8,reel11__7,1689,N,False
3,reel1__8,reel57__7,1689,N,False
3,bot34__5,reel14__1,1689,N,False
3,260,reel14__1,1689,N,False
3,bot34__8,reel14__1,1689,N,False
3,260,bot32__6,1689,N,False
3,78,bot8__8,1689,N,False
3,302,reel36__2,1689,N,False
3,78,reel36__2,1689,N,False
3,78,reel50__9,1689,N,False
3,78,bot66__1,1689,N,False
3,bot5__3,bot66__1,1689,N,False
3,263,reel7__9,1689,N,False
3,bot17__2,reel7__9,1689,N,False
3,194,reel7__9,1689,N,False
3,194,reel8__0,1689,N,False
3,194,reel15__4,1689,N,False
3,reel52__5,reel47__0,1689,N,False
3,reel52__5,bot53__5,1689,N,False
3,190,bot53__5,1689,N,False
3,232,bot53__5,1689,N,False
3,reel52__5,reel73__2,1689,N,False
3,273,reel0__0,1689,N,False
3,reel53__9,reel0__0,1689,N,False
3,147,reel0__0,1689,N,False
3,86,reel0__0,1689,N,False
3,reel53__9,bot62__3,1689,N,False
3,108,reel44__1,1689,N,False
3,reel78__9,reel44__1,1689,N,False
3,reel42__2,reel69__3,1689,N,False
3,reel78__9,reel69__3,1689,N,False
3,bot18__3,bot20__5,1689,N,False
3,reel16__0,bot30__2,1689,N,False
3,bot58__6,bot44__0,1689,N,False
3,reel16__0,bot44__0,1689,N,False
3,129,reel6__1,1689,N,False
3,91,reel6__1,1689,N,False
3,129,reel24__6,1689,N,False
3,129,reel49__1,1689,N,False
3,87,reel49__1,1689,N,False
3,244,reel49__1,1689,N,False
3,129,reel55__5,1689,N,False
3,305,reel55__5,1689,N,False
3,129,reel83__1,1689,N,False
3,193,reel36__8,1689,N,False
3,193,reel70__7,1689,N,False
3,reel17__0,reel74__8,1689,N,False
3,250,reel31__9,1689,N,False
3,250,bot45__2,1689,N,False
3,250,bot56__4,1689,N,False
3,250,reel67__6,1689,N,False
3,bot12__5,bot69__0,1689,N,False
3,250,bot69__0,1689,N,False
3,85,reel45__3,1689,N,False
3,reel42__1,reel45__3,1689,N,False
3,85,bot59__4,1689,N,False
3,112,reel12__0,1689,N,False
3,230,reel12__0,1689,N,False
3,bot68__5,reel16__3,1689,N,False
3,230,reel16__3,1689,N,False
3,14,reel16__3,1689,N,False
3,reel68__6,reel43__4,1689,N,False
3,230,reel43__4,1689,N,False
3,reel5__6,reel33__4,1689,N,False
3,reel5__6,reel61__4,1689,N,False
3,112,reel14__8,1689,N,False
3,112,reel14__9,1689,N,False
3,reel7__4,reel14__9,1689,N,False
3,112,reel21__1,1689,N,False
3,112,reel37__6,1689,N,False
3,137,reel37__6,1689,N,False
3,bot10__6,bot65__5,1689,N,False
3,reel17__2,bot46__9,1689,N,False
3,bot13__5,bot84__4,1689,N,False
3,268,reel27__7,1689,N,False
3,reel25__3,reel27__7,1689,N,False
3,267,bot40__1,1689,N,False
3,reel55__6,reel64__0,1689,N,False
3,267,reel64__0,1689,N,False
3,267,bot76__8,1689,N,False
3,164,bot21__3,1689,N,False
3,259,reel34__9,1689,N,False
3,164,reel34__9,1689,N,False
3,35,reel54__8,1689,N,False
3,164,reel54__8,1689,N,False
3,reel17__5,reel10__2,1689,N,False
3,30,reel10__2,1689,N,False
3,reel22__0,reel10__2,1689,N,False
3,279,reel10__2,1689,N,False
3,reel17__5,bot19__0,1689,N,False
3,336,bot19__0,1689,N,False
3,reel17__5,bot41__5,1689,N,False
3,263,reel6__3,1689,N,False
3,bot28__3,reel6__3,1689,N,False
3,174,reel6__3,1689,N,False
3,reel20__6,reel6__3,1689,N,False
3,263,bot10__1,1689,N,False
3,bot49__0,bot10__1,1689,N,False
3,263,bot38__9,1689,N,False
3,263,bot43__0,1689,N,False
3,232,bot43__0,1689,N,False
3,263,reel48__6,1689,N,False
3,reel0__5,reel48__6,1689,N,False
3,127,reel1__7,1689,N,False
3,159,reel1__7,1689,N,False
3,bot33__1,bot9__4,1689,N,False
3,159,bot9__4,1689,N,False
3,159,reel60__1,1689,N,False
3,159,bot77__2,1689,N,False
3,reel45__1,reel80__9,1689,N,False
3,159,reel80__9,1689,N,False
3,86,bot4__1,1689,N,False
3,86,reel5__3,1689,N,False
3,reel22__5,bot23__6,1689,N,False
3,86,bot23__6,1689,N,False
3,86,reel30__1,1689,N,False
3,bot80__7,bot48__2,1689,N,False
3,44,reel28__8,1689,N,False
3,22,reel28__8,1689,N,False
3,44,bot56__0,1689,N,False
3,174,reel7__8,1689,N,False
3,259,reel7__8,1689,N,False
3,reel1__5,reel7__8,1689,N,False
3,299,bot13__3,1689,N,False
3,reel1__5,bot13__3,1689,N,False
3,108,bot43__6,1689,N,False
3,reel1__5,bot43__6,1689,N,False
3,reel1__5,reel74__2,1689,N,False
3,reel2__3,reel27__3,1689,N,False
3,reel2__3,bot41__0,1689,N,False
3,245,bot18__2,1689,N,False
3,218,bot18__2,1689,N,False
3,50,reel57__8,1689,N,False
3,bot71__0,reel57__8,1689,N,False
3,bot71__0,reel68__9,1689,N,False
3,bot33__1,bot36__4,1689,N,False
3,bot33__1,bot48__8,1689,N,False
3,148,bot48__8,1689,N,False
3,202,reel15__8,1689,N,False
3,reel16__5,reel15__8,1689,N,False
3,reel71__8,reel15__8,1689,N,False
3,bot34__9,bot13__1,1689,N,False
3,240,bot13__1,1689,N,False
3,172,bot13__1,1689,N,False
3,240,reel29__8,1689,N,False
3,240,reel38__8,1689,N,False
3,216,reel68__8,1689,N,False
3,240,reel68__8,1689,N,False
3,bot16__1,reel6__2,1689,N,False
3,5,reel6__2,1689,N,False
3,reel20__3,bot56__3,1689,N,False
3,5,bot56__3,1689,N,False
3,160,reel62__4,1689,N,False
3,137,reel62__4,1689,N,False
3,5,reel62__4,1689,N,False
3,5,bot68__0,1689,N,False
3,232,bot10__9,1689,N,False
3,30,reel26__5,1689,N,False
3,232,reel26__5,1689,N,False
3,307,reel38__6,1689,N,False
3,232,reel38__6,1689,N,False
3,232,bot81__0,1689,N,False
3,176,reel47__1,1689,N,False
3,reel11__3,reel47__1,1689,N,False
3,330,reel32__7,1689,N,False
3,208,reel32__7,1689,N,False
3,330,reel73__1,1689,N,False
3,27,bot6__3,1689,N,False
3,148,bot6__3,1689,N,False
3,27,reel10__5,1689,N,False
3,137,reel10__5,1689,N,False
3,bot13__6,bot36__2,1689,N,False
3,27,bot36__2,1689,N,False
3,bot57__3,bot36__2,1689,N,False
3,27,reel71__6,1689,N,False
3,8,bot4__9,1689,N,False
3,34,bot4__9,1689,N,False
3,8,reel21__7,1689,N,False
3,254,reel21__7,1689,N,False
3,reel20__8,reel21__7,1689,N,False
3,8,reel75__6,1689,N,False
3,182,bot7__9,1689,N,False
3,58,reel20__7,1689,N,False
3,50,reel20__7,1689,N,False
3,58,reel26__7,1689,N,False
3,302,reel28__5,1689,N,False
3,reel13__8,bot18__4,1689,N,False
3,reel13__8,reel43__8,1689,N,False
3,reel13__8,bot50__0,1689,N,False
3,174,bot1__0,1689,N,False
3,bot5__6,bot1__0,1689,N,False
3,105,bot1__0,1689,N,False
3,174,reel8__1,1689,N,False
3,247,reel8__1,1689,N,False
3,174,bot64__2,1689,N,False
3,174,bot78__5,1689,N,False
3,93,bot3__2,1689,N,False
3,32,bot3__2,1689,N,False
3,93,reel7__7,1689,N,False
3,reel42__1,reel7__7,1689,N,False
3,93,reel73__9,1689,N,False
3,bot2__9,bot0__9,1689,N,False
3,108,bot0__9,1689,N,False
3,153,bot0__9,1689,N,False
3,172,bot0__9,1689,N,False
3,153,bot2__1,1689,N,False
3,155,bot2__1,1689,N,False
3,339,bot2__1,1689,N,False
3,126,bot3__5,1689,N,False
3,153,bot3__5,1689,N,False
3,153,bot4__5,1689,N,False
3,153,bot71__6,1689,N,False
3,50,bot71__6,1689,N,False
3,bot5__7,reel4__7,1689,N,False
3,87,reel4__7,1689,N,False
3,150,reel4__7,1689,N,False
3,276,reel12__1,1689,N,False
3,87,reel12__1,1689,N,False
3,87,bot64__1,1689,N,False
3,146,reel71__0,1689,N,False
3,bot21__8,bot72__4,1689,N,False
3,reel30__3,reel25__7,1689,N,False
3,1,reel25__7,1689,N,False
3,1,bot26__2,1689,N,False
3,1,reel46__2,1689,N,False
3,137,reel46__2,1689,N,False
3,318,reel0__2,1689,N,False
3,214,reel0__2,1689,N,False
3,318,bot12__2,1689,N,False
3,reel1__4,bot12__2,1689,N,False
3,318,reel24__0,1689,N,False
3,80,reel24__0,1689,N,False
3,318,reel37__3,1689,N,False
3,318,bot45__1,1689,N,False
3,49,reel52__1,1689,N,False
3,49,reel58__3,1689,N,False
3,151,bot43__4,1689,N,False
3,reel9__5,reel81__2,1689,N,False
3,151,reel81__2,1689,N,False
3,reel5__4,reel61__0,1689,N,False
3,23,reel61__0,1689,N,False
3,reel20__6,reel43__5,1689,N,False
3,reel20__6,bot62__0,1689,N,False
3,bot34__5,bot55__8,1689,N,False
3,237,bot55__8,1689,N,False
3,bot34__5,bot69__9,1689,N,False
3,33,reel2__7,1689,N,False
3,190,reel2__7,1689,N,False
3,reel78__8,reel2__7,1689,N,False
3,190,bot11__1,1689,N,False
3,190,bot35__6,1689,N,False
3,reel34__1,reel49__8,1689,N,False
3,reel76__9,reel49__8,1689,N,False
3,reel44__9,reel49__8,1689,N,False
3,105,bot61__5,1689,N,False
3,reel44__9,bot61__5,1689,N,False
3,reel37__7,reel40__5,1689,N,False
3,269,bot49__3,1689,N,False
3,reel37__7,bot49__3,1689,N,False
3,reel13__6,bot49__3,1689,N,False
3,reel69__5,bot84__8,1689,N,False
3,reel23__0,reel4__3,1689,N,False
3,133,reel4__3,1689,N,False
3,19,reel4__3,1689,N,False
3,reel34__7,reel58__6,1689,N,False
3,154,reel62__7,1689,N,False
3,312,bot10__0,1689,N,False
3,279,bot10__0,1689,N,False
3,278,bot10__0,1689,N,False
3,278,bot24__4,1689,N,False
3,278,bot34__2,1689,N,False
3,278,bot63__6,1689,N,False
3,278,bot78__6,1689,N,False
3,184,bot43__9,1689,N,False
3,reel9__5,bot43__9,1689,N,False
3,reel9__5,reel49__9,1689,N,False
3,256,reel49__9,1689,N,False
3,321,reel14__0,1689,N,False
3,bot70__5,reel14__0,1689,N,False
3,reel16__1,reel5__5,1689,N,False
3,bot70__5,reel5__5,1689,N,False
3,229,bot41__3,1689,N,False
3,229,reel67__5,1689,N,False
3,254,reel40__4,1689,N,False
3,reel27__1,reel32__5,1689,N,False
3,reel1__4,reel69__1,1689,N,False
3,reel27__1,reel69__1,1689,N,False
3,184,bot28__7,1689,N,False
3,bot38__0,bot28__7,1689,N,False
3,184,reel45__0,1689,N,False
3,bot22__1,bot20__8,1689,N,False
3,bot22__1,bot38__5,1689,N,False
3,bot22__1,bot79__9,1689,N,False
3,bot27__5,bot55__1,1689,N,False
3,35,bot55__1,1689,N,False
3,bot5__7,bot60__2,1689,N,False
3,273,bot60__2,1689,N,False
3,312,bot3__4,1689,N,False
3,218,bot3__4,1689,N,False
3,312,reel6__5,1689,N,False
3,312,bot10__4,1689,N,False
3,312,reel35__9,1689,N,False
3,187,bot10__3,1689,N,False
3,2,bot10__3,1689,N,False
3,187,reel26__6,1689,N,False
3,152,reel26__6,1689,N,False
3,187,reel40__1,1689,N,False
3,187,reel42__4,1689,N,False
3,53,reel44__7,1689,N,False
3,235,reel79__0,1689,N,False
3,53,reel79__0,1689,N,False
3,bot66__0,bot74__4,1689,N,False
3,305,reel9__3,1689,N,False
3,2,reel9__3,1689,N,False
3,305,reel55__8,1689,N,False
3,343,bot13__9,1689,N,False
3,147,bot13__9,1689,N,False
3,bot16__1,bot13__9,1689,N,False
3,256,bot7__1,1689,N,False
3,reel8__7,bot22__0,1689,N,False
3,256,bot22__0,1689,N,False
3,256,bot29__8,1689,N,False
3,reel29__3,bot33__6,1689,N,False
3,150,bot82__0,1689,N,False
3,reel29__3,bot82__0,1689,N,False
3,reel29__3,bot83__1,1689,N,False
3,reel30__3,bot69__5,1689,N,False
3,343,reel10__8,1689,N,False
3,reel8__7,reel10__8,1689,N,False
3,343,bot15__2,1689,N,False
3,343,bot19__7,1689,N,False
3,343,reel27__4,1689,N,False
3,24,reel27__4,1689,N,False
3,276,reel62__9,1689,N,False
3,19,reel62__9,1689,N,False
3,bot17__2,bot37__7,1689,N,False
3,279,bot37__7,1689,N,False
3,reel6__8,reel55__4,1689,N,False
3,reel6__8,reel59__6,1689,N,False
3,237,reel59__6,1689,N,False
3,339,reel59__6,1689,N,False
3,reel68__6,reel14__6,1689,N,False
3,bot28__3,bot20__1,1689,N,False
3,35,bot20__1,1689,N,False
3,bot22__2,bot6__5,1689,N,False
3,reel16__1,reel78__4,1689,N,False
3,reel16__1,reel80__8,1689,N,False
3,reel16__1,reel83__6,1689,N,False
3,70,reel22__1,1689,N,False
3,70,reel55__7,1689,N,False
3,70,bot73__3,1689,N,False
3,70,bot80__2,1689,N,False
3,284,reel8__6,1689,N,False
3,19,reel8__6,1689,N,False
3,bot0__2,bot18__8,1689,N,False
3,307,bot0__4,1689,N,False
3,132,bot0__4,1689,N,False
3,bot83__5,bot7__3,1689,N,False
3,110,bot7__3,1689,N,False
3,132,bot7__3,1689,N,False
3,132,reel38__5,1689,N,False
3,259,bot51__9,1689,N,False
3,132,bot51__9,1689,N,False
3,249,bot3__6,1689,N,False
3,237,reel17__4,1689,N,False
3,249,reel17__4,1689,N,False
3,249,reel52__2,1689,N,False
3,125,reel45__2,1689,N,False
3,125,reel47__3,1689,N,False
3,125,reel69__2,1689,N,False
3,125,reel82__9,1689,N,False
3,bot40__7,bot18__9,1689,N,False
3,23,reel3__5,1689,N,False
3,23,reel64__2,1689,N,False
3,23,reel72__6,1689,N,False
3,23,bot77__3,1689,N,False
3,347,reel4__9,1689,N,False
3,80,reel4__9,1689,N,False
3,235,bot9__3,1689,N,False
3,80,bot9__3,1689,N,False
3,80,reel22__8,1689,N,False
3,bot36__0,bot25__9,1689,N,False
3,80,bot25__9,1689,N,False
3,296,reel11__4,1689,N,False
3,173,reel11__4,1689,N,False
3,296,reel75__0,1689,N,False
3,reel22__5,reel3__6,1689,N,False
3,172,reel3__6,1689,N,False
3,reel41__9,reel75__7,1689,N,False
3,reel76__1,reel16__6,1689,N,False
3,175,reel18__2,1689,N,False
3,175,reel38__4,1689,N,False
3,reel20__3,reel38__4,1689,N,False
3,reel58__9,reel38__4,1689,N,False
3,175,reel59__0,1689,N,False
3,175,reel77__5,1689,N,False
3,reel6__7,reel77__5,1689,N,False
3,175,bot81__4,1689,N,False
3,61,bot16__2,1689,N,False
3,307,bot16__2,1689,N,False
3,bot47__0,bot24__5,1689,N,False
3,61,bot24__5,1689,N,False
3,107,bot5__8,1689,N,False
3,107,bot20__0,1689,N,False
3,107,reel47__8,1689,N,False
3,reel27__6,reel47__8,1689,N,False
3,259,bot4__7,1689,N,False
3,259,reel51__3,1689,N,False
3,110,reel51__3,1689,N,False
3,259,reel54__9,1689,N,False
3,reel24__2,reel70__5,1689,N,False
3,259,reel70__5,1689,N,False
3,reel9__4,reel42__7,1689,N,False
3,reel9__4,reel67__7,1689,N,False
3,reel9__4,reel69__8,1689,N,False
3,214,reel30__8,1689,N,False
3,214,reel74__3,1689,N,False
3,214,reel78__2,1689,N,False
3,bot12__5,bot23__4,1689,N,False
3,247,bot23__4,1689,N,False
3,bot34__8,bot23__4,1689,N,False
3,reel24__2,bot42__8,1689,N,False
3,221,bot72__8,1689,N,False
3,reel36__7,reel51__2,1689,N,False
3,reel34__1,reel10__9,1689,N,False
3,204,reel10__9,1689,N,False
3,173,reel3__8,1689,N,False
3,173,bot10__2,1689,N,False
3,173,bot65__2,1689,N,False
3,reel0__5,bot9__1,1689,N,False
3,95,bot9__1,1689,N,False
3,bot1__1,bot9__1,1689,N,False
3,reel82__5,reel19__3,1689,N,False
3,133,reel19__3,1689,N,False
3,307,reel19__3,1689,N,False
3,133,bot20__3,1689,N,False
3,133,reel38__9,1689,N,False
3,bot77__4,reel38__9,1689,N,False
3,126,bot1__2,1689,N,False
3,73,bot1__2,1689,N,False
3,73,bot1__7,1689,N,False
3,reel6__9,bot24__8,1689,N,False
3,reel6__9,bot56__6,1689,N,False
3,reel6__9,bot67__4,1689,N,False
3,108,reel31__8,1689,N,False
3,137,reel31__8,1689,N,False
3,108,reel44__6,1689,N,False
3,108,bot79__2,1689,N,False
3,150,bot7__4,1689,N,False
3,reel45__1,reel63__2,1689,N,False
3,reel32__9,reel63__2,1689,N,False
3,338,reel1__3,1689,N,False
3,339,reel1__3,1689,N,False
3,338,bot33__5,1689,N,False
3,bot38__0,bot57__9,1689,N,False
3,338,bot57__9,1689,N,False
3,reel25__4,reel63__9,1689,N,False
3,338,reel63__9,1689,N,False
3,reel7__4,bot28__6,1689,N,False
3,reel7__4,reel39__1,1689,N,False
3,127,reel6__4,1689,N,False
3,reel45__1,reel6__4,1689,N,False
3,reel45__1,bot54__4,1689,N,False
3,234,bot70__3,1689,N,False
3,20,reel1__2,1689,N,False
3,reel18__6,reel36__9,1689,N,False
3,147,reel36__9,1689,N,False
3,147,reel32__2,1689,N,False
3,147,reel61__3,1689,N,False
3,147,reel68__0,1689,N,False
3,reel46__9,bot52__1,1689,N,False
3,333,bot47__2,1689,N,False
3,202,bot23__7,1689,N,False
3,bot45__0,bot23__7,1689,N,False
3,202,reel61__6,1689,N,False
3,reel53__8,reel56__2,1689,N,False
3,35,reel11__0,1689,N,False
3,143,reel11__0,1689,N,False
3,143,bot52__0,1689,N,False
3,106,bot10__7,1689,N,False
3,106,reel76__0,1689,N,False
3,2,reel53__0,1689,N,False
3,reel21__2,bot23__9,1689,N,False
3,reel17__8,bot23__9,1689,N,False
3,reel17__8,bot58__1,1689,N,False
3,reel17__8,bot68__6,1689,N,False
3,204,reel13__1,1689,N,False
3,204,reel23__3,1689,N,False
3,19,reel23__3,1689,N,False
3,163,reel74__6,1689,N,False
3,218,bot11__3,1689,N,False
3,bot17__2,bot13__8,1689,N,False
3,bot2__7,bot13__8,1689,N,False
3,218,bot13__8,1689,N,False
3,reel8__7,bot11__9,1689,N,False
3,299,reel19__7,1689,N,False
3,299,reel56__7,1689,N,False
3,347,bot29__1,1689,N,False
3,347,bot53__7,1689,N,False
3,176,bot0__8,1689,N,False
3,176,reel16__4,1689,N,False
3,244,reel16__4,1689,N,False
3,reel22__5,reel57__9,1689,N,False
3,reel22__5,reel62__6,1689,N,False
3,reel22__5,bot74__0,1689,N,False
3,126,bot23__5,1689,N,False
3,126,reel29__6,1689,N,False
3,reel7__1,bot72__9,1689,N,False
3,180,bot24__7,1689,N,False
3,180,reel64__8,1689,N,False
3,137,reel62__8,1689,N,False
3,137,bot63__9,1689,N,False
3,19,bot63__9,1689,N,False
3,7,bot51__4,1689,N,False
3,7,bot80__9,1689,N,False
3,7,reel81__0,1689,N,False
3,105,bot44__6,1689,N,False
3,105,bot46__5,1689,N,False
3,105,reel46__5,1689,N,False
3,105,bot47__4,1689,N,False
3,275,bot7__7,1689,N,False
3,275,bot32__3,1689,N,False
3,76,reel51__1,1689,N,False
3,275,reel51__1,1689,N,False
3,91,reel73__4,1689,N,False
3,275,reel73__4,1689,N,False
3,244,reel69__0,1689,N,False
3,bot34__7,reel14__2,1689,N,False
3,32,reel14__2,1689,N,False
3,bot55__3,bot45__3,1689,N,False
3,reel21__2,bot64__6,1689,N,False
3,160,bot33__9,1689,N,False
3,reel6__7,bot13__4,1689,N,False
3,reel6__7,reel41__5,1689,N,False
3,reel6__7,reel50__0,1689,N,False
3,reel42__2,reel70__1,1689,N,False
3,307,bot36__7,1689,N,False
3,bot6__6,bot38__1,1689,N,False
3,178,reel13__2,1689,N,False
3,178,bot55__6,1689,N,False
3,reel48__9,reel17__3,1689,N,False
3,237,bot1__5,1689,N,False
3,237,bot50__2,1689,N,False
3,95,reel18__7,1689,N,False
3,bot68__5,bot58__9,1689,N,False
3,reel47__5,reel49__6,1689,N,False
3,reel47__5,bot59__8,1689,N,False
3,33,reel22__2,1689,N,False
3,231,reel22__2,1689,N,False
3,231,reel74__9,1689,N,False
3,14,reel9__6,1689,N,False
3,14,bot14__0,1689,N,False
3,bot42__1,bot61__0,1689,N,False
3,reel22__0,reel36__0,1689,N,False
3,reel22__0,bot46__3,1689,N,False
3,reel20__3,reel83__4,1689,N,False
3,235,reel10__3,1689,N,False
3,235,bot76__0,1689,N,False
3,bot28__4,bot73__9,1689,N,False
3,253,reel3__9,1689,N,False
3,253,reel70__0,1689,N,False
3,120,bot40__9,1689,N,False
3,120,reel74__7,1689,N,False
3,reel2__2,reel23__1,1689,N,False
3,reel67__1,reel33__1,1689,N,False
3,reel67__1,reel81__4,1689,N,False
3,reel14__7,reel33__5,1689,N,False
3,reel14__7,bot72__7,1689,N,False
3,339,reel57__5,1689,N,False
3,171,bot0__6,1689,N,False
3,bot25__5,bot0__6,1689,N,False
3,171,bot30__0,1689,N,False
3,171,reel39__9,1689,N,False
3,33,reel32__8,1689,N,False
3,33,reel53__6,1689,N,False
3,110,bot40__6,1689,N,False
3,22,bot59__3,1689,N,False
3,321,reel31__4,1689,N,False
3,321,reel79__4,1689,N,False
3,reel12__8,bot63__5,1689,N,False
3,127,reel57__3,1689,N,False
3,127,reel58__0,1689,N,False
3,bot25__5,bot80__3,1689,N,False
3,bot42__5,bot26__3,1689,N,False
3,35,reel76__8,1689,N,False
3,reel25__3,bot34__3,1689,N,False
3,reel25__3,reel69__4,1689,N,False
3,346,reel56__3,1689,N,False
3,346,reel78__6,1689,N,False
3,reel27__6,reel28__6,1689,N,False
3,reel27__6,bot76__6,1689,N,False
3,247,bot4__2,1689,N,False
3,reel18__4,reel41__3,1689,N,False
3,32,reel41__3,1689,N,False
3,32,reel58__5,1689,N,False
3,32,reel72__9,1689,N,False
3,90,reel18__3,1689,N,False
3,90,bot25__2,1689,N,False
3,90,reel26__1,1689,N,False
3,90,bot64__4,1689,N,False
3,76,bot14__1,1689,N,False
3,76,reel35__8,1689,N,False
3,76,reel60__7,1689,N,False
3,83,bot74__3,1689,N,False
3,reel1__4,bot14__4,1689,N,False
3,bot2__7,reel0__7,1689,N,False
3,bot2__7,bot44__9,1689,N,False
3,bot4__3,bot37__0,1689,N,False
3,reel52__3,129,1690,N,True
3,339,129,1690,N,True
3,reel52__3,reel78__0,1690,N,True
3,343,bot2__6,1690,N,True
3,293,bot2__6,1690,N,True
3,293,reel11__9,1690,N,True
3,293,bot16__7,1690,N,True
3,293,reel17__2,1690,N,True
3,reel29__9,reel17__2,1690,N,True
3,293,bot19__9,1690,N,True
3,reel7__8,bot19__9,1690,N,True
3,293,reel22__6,1690,N,True
3,reel12__4,reel22__6,1690,N,True
3,293,bot43__8,1690,N,True
3,bot41__4,reel40__1,1690,N,True
3,319,95,1690,N,True
3,89,95,1690,N,True
3,319,147,1690,N,True
3,219,147,1690,N,True
3,reel5__2,147,1690,N,True
3,89,147,1690,N,True
3,319,6,1690,N,True
3,219,6,1690,N,True
3,89,6,1690,N,True
3,319,327,1690,N,True
3,89,327,1690,N,True
3,319,bot3__9,1690,N,True
3,319,bot9__9,1690,N,True
3,bot13__6,bot3__1,1690,N,True
3,bot13__6,45,1690,N,True
3,bot13__6,311,1690,N,True
3,91,110,1690,N,True
3,bot64__7,110,1690,N,True
3,reel12__4,110,1690,N,True
3,reel12__4,bot31__1,1690,N,True
3,reel12__4,bot46__6,1690,N,True
3,reel7__8,reel1__5,1690,N,True
3,reel7__8,reel23__9,1690,N,True
3,reel7__8,bot52__1,1690,N,True
3,reel7__8,bot54__5,1690,N,True
3,reel7__8,reel57__9,1690,N,True
3,reel7__8,reel60__0,1690,N,True
3,reel4__3,252,1690,N,True
3,bot8__8,252,1690,N,True
3,bot18__2,bot32__5,1690,N,True
3,bot18__2,bot45__6,1690,N,True
3,91,193,1690,N,True
3,91,reel6__1,1690,N,True
3,bot63__1,bot1__1,1690,N,True
3,bot57__4,77,1690,N,True
3,bot64__2,reel48__3,1690,N,True
3,bot64__2,bot52__8,1690,N,True
3,reel7__4,213,1690,N,True
3,reel7__4,bot28__6,1690,N,True
3,reel7__4,reel30__5,1690,N,True
3,bot19__5,reel11__1,1690,N,True
3,reel8__1,reel11__1,1690,N,True
3,bot19__5,309,1690,N,True
3,reel20__1,301,1690,N,True
3,62,239,1690,N,True
3,reel20__1,239,1690,N,True
3,reel20__1,bot50__3,1690,N,True
3,reel20__1,reel78__4,1690,N,True
3,reel29__9,reel31__7,1690,N,True
3,reel29__9,bot43__7,1690,N,True
3,reel29__9,reel60__6,1690,N,True
3,reel29__9,reel61__4,1690,N,True
3,reel29__9,reel68__1,1690,N,True
3,reel36__2,reel30__0,1690,N,True
3,reel36__2,302,1690,N,True
3,reel36__2,bot56__1,1690,N,True
3,137,167,1690,N,True
3,bot13__8,167,1690,N,True
3,bot13__8,bot17__2,1690,N,True
3,bot60__3,bot37__6,1690,N,True
3,137,bot37__6,1690,N,True
3,175,225,1690,N,True
3,227,225,1690,N,True
3,175,177,1690,N,True
3,227,177,1690,N,True
3,175,143,1690,N,True
3,227,143,1690,N,True
3,175,68,1690,N,True
3,227,68,1690,N,True
3,175,102,1690,N,True
3,227,102,1690,N,True
3,175,278,1690,N,True
3,227,278,1690,N,True
3,175,99,1690,N,True
3,227,99,1690,N,True
3,227,reel29__0,1690,N,True
3,227,reel37__8,1690,N,True
3,227,reel50__8,1690,N,True
3,227,reel61__1,1690,N,True
3,reel8__1,247,1690,N,True
3,reel8__1,reel24__7,1690,N,True
3,reel11__7,reel56__3,1690,N,True
3,reel8__1,reel56__3,1690,N,True
3,reel8__1,reel66__7,1690,N,True
3,reel31__5,bot80__6,1690,N,True
3,bot7__7,261,1690,N,True
3,62,261,1690,N,True
3,reel57__4,171,1690,N,True
3,reel57__4,reel60__2,1690,N,True
3,reel57__4,bot83__3,1690,N,True
3,reel36__1,reel31__4,1690,N,True
3,reel36__1,reel44__2,1690,N,True
3,reel36__1,reel80__9,1690,N,True
3,175,reel11__5,1690,N,True
3,reel55__3,reel11__5,1690,N,True
3,reel15__3,308,1690,N,True
3,reel64__5,308,1690,N,True
3,reel18__5,308,1690,N,True
3,41,226,1690,N,True
3,343,226,1690,N,True
3,reel11__7,226,1690,N,True
3,41,111,1690,N,True
3,343,111,1690,N,True
3,reel11__7,111,1690,N,True
3,137,111,1690,N,True
3,reel11__7,bot24__2,1690,N,True
3,reel11__7,reel53__3,1690,N,True
3,reel11__7,reel55__8,1690,N,True
3,138,reel23__6,1690,N,True
3,138,reel26__9,1690,N,True
3,reel45__9,reel37__1,1690,N,True
3,reel45__9,bot79__2,1690,N,True
3,41,reel20__3,1690,N,True
3,bot64__7,reel20__3,1690,N,True
3,bot54__0,reel1__3,1690,N,True
3,339,reel1__3,1690,N,True
3,bot54__0,reel46__2,1690,N,True
3,137,reel46__2,1690,N,True
3,reel21__4,320,1690,N,True
3,reel21__4,bot46__8,1690,N,True
3,reel66__0,reel3__6,1690,N,True
3,reel66__0,reel38__6,1690,N,True
3,reel66__0,bot73__9,1690,N,True
3,reel24__4,117,1690,N,True
3,reel24__4,reel5__7,1690,N,True
3,reel24__4,reel40__6,1690,N,True
3,reel24__4,reel60__8,1690,N,True
3,bot56__7,bot55__8,1690,N,True
3,bot56__7,bot55__2,1690,N,True
3,41,310,1690,N,True
3,reel5__2,310,1690,N,True
3,137,310,1690,N,True
3,reel5__2,105,1690,N,True
3,reel5__2,bot18__5,1690,N,True
3,reel5__2,reel18__9,1690,N,True
3,reel5__2,reel64__4,1690,N,True
3,reel5__2,reel69__2,1690,N,True
3,bot11__3,bot7__3,1690,N,True
3,bot11__3,bot19__4,1690,N,True
3,339,38,1690,N,True
3,339,136,1690,N,True
3,339,340,1690,N,True
3,339,103,1690,N,True
3,339,31,1690,N,True
3,339,246,1690,N,True
3,339,87,1690,N,True
3,339,148,1690,N,True
3,339,313,1690,N,True
3,339,146,1690,N,True
3,339,65,1690,N,True
3,339,347,1690,N,True
3,339,bot2__1,1690,N,True
3,339,bot31__9,1690,N,True
3,339,reel57__5,1690,N,True
3,339,reel59__6,1690,N,True
3,343,149,1690,N,True
3,343,2,1690,N,True
3,41,326,1690,N,True
3,343,326,1690,N,True
3,137,326,1690,N,True
3,41,144,1690,N,True
3,343,144,1690,N,True
3,41,44,1690,N,True
3,343,44,1690,N,True
3,343,333,1690,N,True
3,41,116,1690,N,True
3,343,116,1690,N,True
3,41,14,1690,N,True
3,343,14,1690,N,True
3,41,20,1690,N,True
3,343,20,1690,N,True
3,343,reel10__8,1690,N,True
3,343,bot13__9,1690,N,True
3,343,bot15__2,1690,N,True
3,343,bot37__2,1690,N,True
3,343,reel40__2,1690,N,True
3,289,bot5__9,1690,N,True
3,289,reel48__6,1690,N,True
3,reel15__3,reel4__8,1690,N,True
3,137,reel4__8,1690,N,True
3,89,bot13__2,1690,N,True
3,89,reel15__8,1690,N,True
3,89,reel16__1,1690,N,True
3,89,bot31__3,1690,N,True
3,89,reel31__6,1690,N,True
3,89,reel55__6,1690,N,True
3,89,reel59__2,1690,N,True
3,89,bot70__6,1690,N,True
3,89,reel80__2,1690,N,True
3,reel77__9,reel8__4,1690,N,True
3,reel4__3,133,1690,N,True
3,62,133,1690,N,True
3,reel4__3,reel16__4,1690,N,True
3,reel4__3,bot22__6,1690,N,True
3,reel4__3,reel68__7,1690,N,True
3,reel4__3,reel73__6,1690,N,True
3,reel4__3,bot80__5,1690,N,True
3,reel4__3,bot83__4,1690,N,True
3,bot45__7,224,1690,N,True
3,62,224,1690,N,True
3,bot45__7,251,1690,N,True
3,reel50__9,reel44__5,1690,N,True
3,reel50__9,bot61__1,1690,N,True
3,reel52__9,50,1690,N,True
3,reel52__9,reel9__2,1690,N,True
3,bot78__5,bot70__1,1690,N,True
3,62,236,1690,N,True
3,62,323,1690,N,True
3,62,67,1690,N,True
3,62,170,1690,N,True
3,62,223,1690,N,True
3,62,26,1690,N,True
3,62,122,1690,N,True
3,62,318,1690,N,True
3,62,98,1690,N,True
3,62,96,1690,N,True
3,62,reel17__8,1690,N,True
3,62,bot35__4,1690,N,True
3,62,bot40__5,1690,N,True
3,62,bot61__9,1690,N,True
3,41,93,1690,N,True
3,137,93,1690,N,True
3,137,32,1690,N,True
3,41,243,1690,N,True
3,137,243,1690,N,True
3,41,337,1690,N,True
3,137,337,1690,N,True
3,137,reel31__8,1690,N,True
3,137,bot46__4,1690,N,True
3,137,reel62__8,1690,N,True
3,reel18__5,bot23__9,1690,N,True
3,reel18__5,reel35__7,1690,N,True
3,reel18__5,reel71__9,1690,N,True
3,175,321,1690,N,True
3,175,reel1__9,1690,N,True
3,175,reel18__2,1690,N,True
3,175,reel38__4,1690,N,True
3,175,reel52__0,1690,N,True
3,175,reel77__5,1690,N,True
3,175,bot80__0,1690,N,True
3,175,bot81__4,1690,N,True
3,bot25__6,bot30__7,1690,N,True
3,reel48__2,bot77__2,1690,N,True
3,reel27__7,268,1690,N,True
3,reel27__7,reel25__3,1690,N,True
3,reel27__7,bot50__8,1690,N,True
3,reel27__7,reel57__6,1690,N,True
3,41,151,1690,N,True
3,41,28,1690,N,True
3,41,bot1__3,1690,N,True
3,41,reel4__4,1690,N,True
3,41,bot9__2,1690,N,True
3,41,reel30__4,1690,N,True
3,reel60__4,reel37__3,1690,N,True
3,reel60__4,bot76__7,1690,N,True
3,219,154,1690,N,True
3,219,bot8__0,1690,N,True
3,219,bot13__1,1690,N,True
3,219,reel50__5,1690,N,True
3,219,bot83__7,1690,N,True
3,reel26__6,187,1690,N,True
3,bot57__3,bot2__4,1690,N,True
3,bot57__3,bot70__9,1690,N,True
3,bot66__1,bot5__3,1690,N,True
3,bot27__6,bot58__9,1690,N,True
3,reel14__4,bot20__7,1690,N,True
3,reel14__4,bot21__2,1690,N,True
3,reel14__4,reel35__1,1690,N,True
3,bot69__3,bot1__6,1690,N,True
3,bot69__3,bot78__6,1690,N,True
3,bot25__9,bot23__1,1690,N,True
3,bot25__9,bot36__0,1690,N,True
3,bot25__9,bot44__2,1690,N,True
3,310,reel2__6,1691,N,True
3,337,reel2__6,1691,N,True
3,190,reel2__6,1691,N,True
3,310,reel5__2,1691,N,True
3,147,reel5__2,1691,N,True
3,310,bot55__8,1691,N,True
3,237,bot55__8,1691,N,True
3,306,bot8__1,1691,N,True
3,306,reel21__4,1691,N,True
3,320,reel21__4,1691,N,True
3,306,reel52__9,1691,N,True
3,306,bot64__7,1691,N,True
3,110,bot64__7,1691,N,True
3,306,reel66__0,1691,N,True
3,reel38__6,reel66__0,1691,N,True
3,205,bot11__0,1691,N,True
3,293,bot2__6,1691,N,True
3,328,bot2__6,1691,N,True
3,293,reel7__4,1691,N,True
3,179,reel7__4,1691,N,True
3,213,reel7__4,1691,N,True
3,293,bot16__7,1691,N,True
3,186,reel17__2,1691,N,True
3,293,reel17__2,1691,N,True
3,270,bot19__9,1691,N,True
3,293,bot19__9,1691,N,True
3,33,reel36__6,1691,N,True
3,293,reel36__6,1691,N,True
3,293,bot43__8,1691,N,True
3,293,bot83__9,1691,N,True
3,283,reel5__0,1691,N,True
3,25,reel5__0,1691,N,True
3,326,reel5__0,1691,N,True
3,25,reel17__5,1691,N,True
3,25,bot20__6,1691,N,True
3,297,bot20__6,1691,N,True
3,25,reel27__1,1691,N,True
3,25,reel35__5,1691,N,True
3,bot84__8,reel69__5,1691,N,True
3,93,reel69__5,1691,N,True
3,25,reel69__5,1691,N,True
3,99,reel2__8,1691,N,True
3,51,reel2__8,1691,N,True
3,263,reel6__3,1691,N,True
3,51,reel6__3,1691,N,True
3,174,reel6__3,1691,N,True
3,106,bot10__7,1691,N,True
3,68,bot10__7,1691,N,True
3,51,bot10__7,1691,N,True
3,24,reel27__4,1691,N,True
3,reel45__5,reel27__4,1691,N,True
3,51,reel27__4,1691,N,True
3,283,reel29__4,1691,N,True
3,51,reel29__4,1691,N,True
3,51,reel35__6,1691,N,True
3,170,bot45__5,1691,N,True
3,51,bot45__5,1691,N,True
3,51,bot46__2,1691,N,True
3,2,reel53__0,1691,N,True
3,51,reel53__0,1691,N,True
3,336,reel0__8,1691,N,True
3,108,reel0__8,1691,N,True
3,135,reel0__8,1691,N,True
3,135,bot43__2,1691,N,True
3,129,reel43__7,1691,N,True
3,135,reel43__7,1691,N,True
3,319,bot3__9,1691,N,True
3,288,bot3__9,1691,N,True
3,319,bot9__9,1691,N,True
3,223,bot9__9,1691,N,True
3,reel8__3,reel9__6,1691,N,True
3,188,reel9__6,1691,N,True
3,reel8__3,bot84__6,1691,N,True
3,153,bot4__5,1691,N,True
3,340,bot4__5,1691,N,True
3,340,bot21__3,1691,N,True
3,89,bot21__3,1691,N,True
3,340,reel37__9,1691,N,True
3,203,reel2__9,1691,N,True
3,40,reel2__9,1691,N,True
3,59,reel2__9,1691,N,True
3,112,reel4__1,1691,N,True
3,59,reel4__1,1691,N,True
3,346,reel4__1,1691,N,True
3,59,reel5__4,1691,N,True
3,224,bot16__6,1691,N,True
3,59,bot16__6,1691,N,True
3,bot2__9,bot24__2,1691,N,True
3,59,bot24__2,1691,N,True
3,59,bot28__2,1691,N,True
3,231,bot28__2,1691,N,True
3,reel12__0,reel35__4,1691,N,True
3,59,reel35__4,1691,N,True
3,bot9__1,reel0__5,1691,N,True
3,227,reel0__5,1691,N,True
3,104,reel0__5,1691,N,True
3,141,reel0__5,1691,N,True
3,141,bot14__2,1691,N,True
3,216,reel20__4,1691,N,True
3,141,reel20__4,1691,N,True
3,341,bot21__7,1691,N,True
3,141,bot21__7,1691,N,True
3,47,reel31__3,1691,N,True
3,141,reel31__3,1691,N,True
3,329,reel39__2,1691,N,True
3,141,reel39__2,1691,N,True
3,141,reel48__4,1691,N,True
3,320,reel25__5,1691,N,True
3,96,reel25__5,1691,N,True
3,96,bot72__0,1691,N,True
3,bot56__0,bot29__1,1691,N,True
3,347,bot29__1,1691,N,True
3,283,reel51__5,1691,N,True
3,reel41__4,bot53__8,1691,N,True
3,283,bot53__8,1691,N,True
3,283,bot67__5,1691,N,True
3,260,bot5__2,1691,N,True
3,194,bot5__2,1691,N,True
3,63,reel14__1,1691,N,True
3,260,reel14__1,1691,N,True
3,165,reel14__1,1691,N,True
3,44,reel15__6,1691,N,True
3,58,reel15__6,1691,N,True
3,260,reel15__6,1691,N,True
3,224,bot17__5,1691,N,True
3,260,bot17__5,1691,N,True
3,346,bot17__5,1691,N,True
3,260,bot32__6,1691,N,True
3,198,reel39__7,1691,N,True
3,260,reel39__7,1691,N,True
3,260,bot80__5,1691,N,True
3,263,reel7__9,1691,N,True
3,194,reel7__9,1691,N,True
3,272,reel8__0,1691,N,True
3,341,reel8__0,1691,N,True
3,194,reel8__0,1691,N,True
3,194,reel15__4,1691,N,True
3,259,bot25__3,1691,N,True
3,194,bot25__3,1691,N,True
3,122,bot42__1,1691,N,True
3,194,bot42__1,1691,N,True
3,149,bot12__1,1691,N,True
3,104,bot12__1,1691,N,True
3,bot9__1,bot12__1,1691,N,True
3,149,bot48__7,1691,N,True
3,149,bot59__3,1691,N,True
3,149,reel62__5,1691,N,True
3,reel8__5,reel62__5,1691,N,True
3,288,bot1__7,1691,N,True
3,73,bot1__7,1691,N,True
3,288,reel5__6,1691,N,True
3,288,bot24__9,1691,N,True
3,201,bot70__4,1691,N,True
3,288,bot70__4,1691,N,True
3,288,reel70__3,1691,N,True
3,237,reel70__6,1691,N,True
3,288,reel70__6,1691,N,True
3,129,reel6__1,1691,N,True
3,129,reel24__6,1691,N,True
3,170,reel24__6,1691,N,True
3,47,reel24__6,1691,N,True
3,129,reel49__1,1691,N,True
3,87,reel49__1,1691,N,True
3,244,reel49__1,1691,N,True
3,129,reel52__3,1691,N,True
3,174,reel52__3,1691,N,True
3,129,reel76__3,1691,N,True
3,117,reel76__3,1691,N,True
3,129,reel83__1,1691,N,True
3,243,reel83__1,1691,N,True
3,39,reel1__4,1691,N,True
3,236,reel1__4,1691,N,True
3,6,bot12__7,1691,N,True
3,236,bot12__7,1691,N,True
3,236,bot40__7,1691,N,True
3,120,bot40__7,1691,N,True
3,199,bot2__0,1691,N,True
3,188,bot2__0,1691,N,True
3,221,reel12__9,1691,N,True
3,199,reel12__9,1691,N,True
3,158,reel12__9,1691,N,True
3,6,reel14__6,1691,N,True
3,199,reel14__6,1691,N,True
3,167,reel14__6,1691,N,True
3,259,reel20__9,1691,N,True
3,199,reel20__9,1691,N,True
3,122,reel75__9,1691,N,True
3,199,reel75__9,1691,N,True
3,94,reel57__5,1691,N,True
3,339,reel57__5,1691,N,True
3,125,reel69__2,1691,N,True
3,94,reel69__2,1691,N,True
3,bot6__8,bot2__4,1691,N,True
3,54,bot2__4,1691,N,True
3,48,bot2__4,1691,N,True
3,84,bot19__3,1691,N,True
3,48,bot19__3,1691,N,True
3,48,bot79__5,1691,N,True
3,324,reel1__9,1691,N,True
3,85,reel1__9,1691,N,True
3,reel49__4,reel39__8,1691,N,True
3,85,reel39__8,1691,N,True
3,85,reel56__5,1691,N,True
3,85,bot59__4,1691,N,True
3,65,reel18__9,1691,N,True
3,65,reel61__7,1691,N,True
3,65,reel62__0,1691,N,True
3,56,bot1__4,1691,N,True
3,56,bot13__4,1691,N,True
3,56,bot27__6,1691,N,True
3,56,bot36__8,1691,N,True
3,196,bot36__8,1691,N,True
3,56,reel72__7,1691,N,True
3,122,bot22__2,1691,N,True
3,81,bot25__5,1691,N,True
3,122,bot25__5,1691,N,True
3,40,bot23__0,1691,N,True
3,40,reel33__6,1691,N,True
3,5,reel33__6,1691,N,True
3,40,reel34__0,1691,N,True
3,284,reel34__0,1691,N,True
3,reel70__8,reel34__0,1691,N,True
3,40,bot35__7,1691,N,True
3,173,bot35__7,1691,N,True
3,40,bot66__8,1691,N,True
3,181,reel14__8,1691,N,True
3,112,reel14__8,1691,N,True
3,112,reel21__9,1691,N,True
3,84,reel21__9,1691,N,True
3,39,bot8__3,1691,N,True
3,320,bot8__3,1691,N,True
3,39,bot14__6,1691,N,True
3,346,bot14__6,1691,N,True
3,39,bot19__2,1691,N,True
3,39,bot25__1,1691,N,True
3,39,reel54__3,1691,N,True
3,46,reel54__3,1691,N,True
3,121,reel3__4,1691,N,True
3,reel78__5,reel3__4,1691,N,True
3,83,reel3__4,1691,N,True
3,121,reel13__7,1691,N,True
3,159,reel13__7,1691,N,True
3,104,reel13__7,1691,N,True
3,121,bot18__6,1691,N,True
3,121,bot44__6,1691,N,True
3,121,reel50__2,1691,N,True
3,121,reel63__5,1691,N,True
3,270,bot1__1,1691,N,True
3,66,bot1__1,1691,N,True
3,268,bot1__1,1691,N,True
3,bot9__1,bot1__1,1691,N,True
3,268,bot5__0,1691,N,True
3,231,bot5__0,1691,N,True
3,268,reel27__7,1691,N,True
3,reel36__9,reel28__0,1691,N,True
3,268,reel28__0,1691,N,True
3,268,reel63__7,1691,N,True
3,154,reel62__7,1691,N,True
3,60,reel62__7,1691,N,True
3,169,reel68__2,1691,N,True
3,60,reel68__2,1691,N,True
3,60,reel78__7,1691,N,True
3,60,bot82__7,1691,N,True
3,263,reel23__5,1691,N,True
3,326,reel23__5,1691,N,True
3,167,reel23__5,1691,N,True
3,337,reel15__1,1691,N,True
3,258,reel15__1,1691,N,True
3,123,reel15__1,1691,N,True
3,258,bot18__1,1691,N,True
3,258,bot24__8,1691,N,True
3,265,bot24__8,1691,N,True
3,258,reel41__3,1691,N,True
3,258,reel51__4,1691,N,True
3,258,reel71__1,1691,N,True
3,263,bot10__1,1691,N,True
3,320,bot10__1,1691,N,True
3,263,bot38__9,1691,N,True
3,263,reel48__6,1691,N,True
3,289,reel48__6,1691,N,True
3,263,bot69__6,1691,N,True
3,bot68__1,bot69__6,1691,N,True
3,bot68__5,bot69__6,1691,N,True
3,44,bot42__0,1691,N,True
3,bot50__1,bot42__0,1691,N,True
3,reel2__3,bot5__5,1691,N,True
3,bot50__1,bot5__5,1691,N,True
3,185,bot5__5,1691,N,True
3,bot50__1,bot68__9,1691,N,True
3,127,reel1__7,1691,N,True
3,111,reel1__7,1691,N,True
3,159,reel1__7,1691,N,True
3,159,bot9__4,1691,N,True
3,159,reel20__2,1691,N,True
3,159,bot77__2,1691,N,True
3,159,reel80__9,1691,N,True
3,302,reel19__5,1691,N,True
3,277,reel19__5,1691,N,True
3,reel32__3,reel19__5,1691,N,True
3,223,reel19__5,1691,N,True
3,223,bot84__2,1691,N,True
3,185,bot5__6,1691,N,True
3,318,reel12__2,1691,N,True
3,185,reel12__2,1691,N,True
3,203,reel23__0,1691,N,True
3,185,reel23__0,1691,N,True
3,88,reel1__1,1691,N,True
3,86,reel1__1,1691,N,True
3,21,bot27__1,1691,N,True
3,86,bot27__1,1691,N,True
3,86,reel30__1,1691,N,True
3,44,reel2__4,1691,N,True
3,44,bot3__7,1691,N,True
3,330,bot3__7,1691,N,True
3,24,bot3__7,1691,N,True
3,44,bot4__4,1691,N,True
3,186,bot4__4,1691,N,True
3,44,reel28__8,1691,N,True
3,265,reel28__8,1691,N,True
3,186,reel6__7,1691,N,True
3,270,reel6__7,1691,N,True
3,270,reel7__6,1691,N,True
3,240,reel7__6,1691,N,True
3,225,reel7__6,1691,N,True
3,reel54__9,reel66__3,1691,N,True
3,259,reel66__3,1691,N,True
3,reel54__9,reel83__5,1691,N,True
3,181,reel14__4,1691,N,True
3,reel7__2,reel14__4,1691,N,True
3,reel12__0,reel14__4,1691,N,True
3,reel7__2,bot18__7,1691,N,True
3,254,bot18__7,1691,N,True
3,reel7__2,bot19__8,1691,N,True
3,reel7__2,reel39__6,1691,N,True
3,317,reel39__6,1691,N,True
3,reel7__2,bot43__3,1691,N,True
3,reel7__2,reel53__7,1691,N,True
3,177,reel53__7,1691,N,True
3,reel49__4,reel81__3,1691,N,True
3,336,bot19__0,1691,N,True
3,336,reel70__2,1691,N,True
3,reel2__3,reel13__3,1691,N,True
3,113,reel13__3,1691,N,True
3,294,reel13__6,1691,N,True
3,reel2__3,reel13__6,1691,N,True
3,reel2__3,bot41__0,1691,N,True
3,245,reel12__4,1691,N,True
3,110,reel12__4,1691,N,True
3,140,bot18__2,1691,N,True
3,245,bot18__2,1691,N,True
3,218,bot18__2,1691,N,True
3,245,bot19__5,1691,N,True
3,245,reel25__6,1691,N,True
3,296,reel11__4,1691,N,True
3,173,reel11__4,1691,N,True
3,238,reel11__4,1691,N,True
3,238,reel25__2,1691,N,True
3,238,bot27__3,1691,N,True
3,100,bot31__7,1691,N,True
3,238,bot31__7,1691,N,True
3,238,bot38__4,1691,N,True
3,120,bot40__9,1691,N,True
3,238,bot40__9,1691,N,True
3,238,reel65__9,1691,N,True
3,217,reel72__1,1691,N,True
3,238,reel72__1,1691,N,True
3,252,reel72__1,1691,N,True
3,238,bot84__4,1691,N,True
3,29,bot9__7,1691,N,True
3,27,bot9__7,1691,N,True
3,29,reel17__0,1691,N,True
3,29,bot51__0,1691,N,True
3,29,reel59__8,1691,N,True
3,219,bot13__1,1691,N,True
3,240,bot13__1,1691,N,True
3,240,reel38__8,1691,N,True
3,216,reel68__8,1691,N,True
3,240,reel68__8,1691,N,True
3,341,reel22__0,1691,N,True
3,341,bot42__2,1691,N,True
3,266,reel47__6,1691,N,True
3,341,reel47__6,1691,N,True
3,341,bot48__2,1691,N,True
3,341,bot76__2,1691,N,True
3,reel5__1,bot21__6,1691,N,True
3,304,bot21__6,1691,N,True
3,304,reel22__5,1691,N,True
3,304,bot49__0,1691,N,True
3,304,bot66__0,1691,N,True
3,bot0__4,bot12__9,1691,N,True
3,345,bot12__9,1691,N,True
3,89,reel16__1,1691,N,True
3,345,reel16__1,1691,N,True
3,63,bot2__3,1691,N,True
3,82,bot2__3,1691,N,True
3,63,bot3__0,1691,N,True
3,169,bot3__0,1691,N,True
3,323,bot3__0,1691,N,True
3,63,bot7__2,1691,N,True
3,103,bot7__2,1691,N,True
3,2,bot7__2,1691,N,True
3,63,bot15__3,1691,N,True
3,167,bot15__3,1691,N,True
3,63,bot65__9,1691,N,True
3,102,reel0__9,1691,N,True
3,75,reel0__9,1691,N,True
3,75,reel14__7,1691,N,True
3,72,reel28__9,1691,N,True
3,201,reel28__9,1691,N,True
3,75,reel28__9,1691,N,True
3,89,reel31__6,1691,N,True
3,75,reel31__6,1691,N,True
3,5,reel16__9,1691,N,True
3,5,reel26__2,1691,N,True
3,5,bot56__3,1691,N,True
3,160,reel62__4,1691,N,True
3,137,reel62__4,1691,N,True
3,5,reel62__4,1691,N,True
3,5,bot68__0,1691,N,True
3,99,reel13__5,1691,N,True
3,99,reel14__3,1691,N,True
3,256,reel14__3,1691,N,True
3,99,reel19__1,1691,N,True
3,139,reel19__1,1691,N,True
3,243,reel19__1,1691,N,True
3,224,reel34__3,1691,N,True
3,189,reel34__3,1691,N,True
3,189,bot38__6,1691,N,True
3,189,bot65__4,1691,N,True
3,100,reel14__2,1691,N,True
3,33,reel77__0,1691,N,True
3,100,reel77__0,1691,N,True
3,321,bot0__5,1691,N,True
3,123,bot0__5,1691,N,True
3,232,bot0__5,1691,N,True
3,232,bot10__9,1691,N,True
3,2,reel10__7,1691,N,True
3,232,reel10__7,1691,N,True
3,190,bot53__5,1691,N,True
3,232,bot53__5,1691,N,True
3,232,bot81__0,1691,N,True
3,330,reel11__6,1691,N,True
3,170,bot6__3,1691,N,True
3,27,bot6__3,1691,N,True
3,148,bot6__3,1691,N,True
3,27,bot29__3,1691,N,True
3,27,bot31__3,1691,N,True
3,89,bot31__3,1691,N,True
3,27,bot36__2,1691,N,True
3,27,reel38__3,1691,N,True
3,8,reel1__5,1691,N,True
3,81,reel1__5,1691,N,True
3,8,bot4__9,1691,N,True
3,8,reel21__7,1691,N,True
3,254,reel21__7,1691,N,True
3,8,reel30__9,1691,N,True
3,198,reel30__9,1691,N,True
3,8,bot37__2,1691,N,True
3,46,bot37__2,1691,N,True
3,8,reel75__6,1691,N,True
3,296,reel58__2,1691,N,True
3,reel78__5,reel58__2,1691,N,True
3,134,bot26__6,1691,N,True
3,317,bot26__6,1691,N,True
3,bot50__3,bot26__6,1691,N,True
3,bot50__3,reel20__1,1691,N,True
3,231,reel0__6,1691,N,True
3,158,reel0__6,1691,N,True
3,346,reel0__6,1691,N,True
3,41,reel20__3,1691,N,True
3,188,reel20__3,1691,N,True
3,158,reel20__3,1691,N,True
3,158,bot36__5,1691,N,True
3,89,reel59__2,1691,N,True
3,158,reel59__2,1691,N,True
3,158,reel65__4,1691,N,True
3,214,reel65__4,1691,N,True
3,158,bot74__7,1691,N,True
3,203,bot28__3,1691,N,True
3,257,reel28__5,1691,N,True
3,302,reel28__5,1691,N,True
3,302,reel30__0,1691,N,True
3,302,reel36__2,1691,N,True
3,302,reel42__3,1691,N,True
3,181,bot0__1,1691,N,True
3,208,bot0__1,1691,N,True
3,167,bot0__1,1691,N,True
3,181,bot0__6,1691,N,True
3,134,bot0__6,1691,N,True
3,171,bot0__6,1691,N,True
3,181,bot4__0,1691,N,True
3,229,bot4__0,1691,N,True
3,181,bot72__2,1691,N,True
3,181,reel73__0,1691,N,True
3,147,reel73__0,1691,N,True
3,181,reel75__0,1691,N,True
3,296,reel75__0,1691,N,True
3,134,reel15__2,1691,N,True
3,308,reel15__2,1691,N,True
3,308,bot26__0,1691,N,True
3,bot16__2,bot26__0,1691,N,True
3,308,reel30__8,1691,N,True
3,214,reel30__8,1691,N,True
3,308,reel60__5,1691,N,True
3,195,reel60__5,1691,N,True
3,308,reel64__5,1691,N,True
3,reel12__0,reel64__5,1691,N,True
3,308,reel77__8,1691,N,True
3,58,reel26__7,1691,N,True
3,58,reel32__9,1691,N,True
3,58,reel44__2,1691,N,True
3,58,reel77__4,1691,N,True
3,bot84__8,bot39__9,1691,N,True
3,296,reel2__1,1691,N,True
3,277,reel2__1,1691,N,True
3,256,bot7__1,1691,N,True
3,277,bot7__1,1691,N,True
3,277,reel65__0,1691,N,True
3,bot2__7,bot13__8,1691,N,True
3,218,bot13__8,1691,N,True
3,167,bot13__8,1691,N,True
3,173,reel19__0,1691,N,True
3,33,reel19__0,1691,N,True
3,167,reel19__0,1691,N,True
3,167,bot29__4,1691,N,True
3,134,bot58__8,1691,N,True
3,167,bot58__8,1691,N,True
3,167,reel58__4,1691,N,True
3,174,reel7__8,1691,N,True
3,259,reel7__8,1691,N,True
3,174,reel8__1,1691,N,True
3,17,reel8__1,1691,N,True
3,174,bot63__1,1691,N,True
3,174,bot78__5,1691,N,True
3,93,bot3__2,1691,N,True
3,93,reel65__6,1691,N,True
3,93,reel73__9,1691,N,True
3,191,bot6__4,1691,N,True
3,191,reel40__6,1691,N,True
3,191,bot52__4,1691,N,True
3,191,bot61__9,1691,N,True
3,bot2__9,bot0__9,1691,N,True
3,108,bot0__9,1691,N,True
3,153,bot0__9,1691,N,True
3,153,bot2__1,1691,N,True
3,339,bot2__1,1691,N,True
3,295,bot3__5,1691,N,True
3,153,bot3__5,1691,N,True
3,153,bot41__1,1691,N,True
3,153,bot71__6,1691,N,True
3,68,reel4__7,1691,N,True
3,87,reel4__7,1691,N,True
3,103,reel5__9,1691,N,True
3,87,reel5__9,1691,N,True
3,30,reel5__9,1691,N,True
3,41,reel9__7,1691,N,True
3,198,reel9__7,1691,N,True
3,bot12__0,reel9__7,1691,N,True
3,323,reel9__7,1691,N,True
3,bot12__0,bot81__5,1691,N,True
3,188,bot7__0,1691,N,True
3,187,bot10__3,1691,N,True
3,2,bot10__3,1691,N,True
3,188,bot10__3,1691,N,True
3,188,reel17__9,1691,N,True
3,184,reel29__3,1691,N,True
3,188,reel29__3,1691,N,True
3,reel3__5,reel52__7,1691,N,True
3,188,reel52__7,1691,N,True
3,72,reel71__0,1691,N,True
3,146,reel71__0,1691,N,True
3,146,reel78__0,1691,N,True
3,bot68__1,bot41__5,1691,N,True
3,54,bot41__5,1691,N,True
3,reel5__1,bot14__7,1691,N,True
3,228,reel25__4,1691,N,True
3,reel5__1,reel25__4,1691,N,True
3,reel5__1,reel80__0,1691,N,True
3,1,reel21__8,1691,N,True
3,118,reel21__8,1691,N,True
3,257,reel25__7,1691,N,True
3,1,reel25__7,1691,N,True
3,reel19__3,reel25__7,1691,N,True
3,1,bot26__2,1691,N,True
3,reel8__5,bot26__2,1691,N,True
3,1,reel46__2,1691,N,True
3,137,reel46__2,1691,N,True
3,1,bot52__7,1691,N,True
3,26,bot0__7,1691,N,True
3,318,bot0__7,1691,N,True
3,108,bot1__9,1691,N,True
3,318,bot1__9,1691,N,True
3,198,reel10__0,1691,N,True
3,318,reel10__0,1691,N,True
3,318,bot12__2,1691,N,True
3,33,reel19__2,1691,N,True
3,318,reel19__2,1691,N,True
3,318,reel24__0,1691,N,True
3,227,reel24__0,1691,N,True
3,55,bot45__1,1691,N,True
3,318,bot45__1,1691,N,True
3,228,bot52__6,1691,N,True
3,318,bot52__6,1691,N,True
3,118,reel17__6,1691,N,True
3,118,bot34__7,1691,N,True
3,328,reel47__4,1691,N,True
3,118,reel47__4,1691,N,True
3,118,reel67__1,1691,N,True
3,324,reel67__1,1691,N,True
3,49,bot15__0,1691,N,True
3,110,bot15__0,1691,N,True
3,49,reel76__4,1691,N,True
3,49,bot79__3,1691,N,True
3,259,bot4__7,1691,N,True
3,68,bot4__7,1691,N,True
3,328,reel27__9,1691,N,True
3,68,reel27__9,1691,N,True
3,68,reel63__4,1691,N,True
3,68,reel63__6,1691,N,True
3,68,bot69__0,1691,N,True
3,reel36__9,reel79__2,1691,N,True
3,68,reel79__2,1691,N,True
3,151,bot43__4,1691,N,True
3,170,reel81__2,1691,N,True
3,151,reel81__2,1691,N,True
3,55,reel3__3,1691,N,True
3,17,reel3__3,1691,N,True
3,55,bot7__7,1691,N,True
3,275,bot7__7,1691,N,True
3,55,bot34__1,1691,N,True
3,55,bot35__5,1691,N,True
3,42,reel49__6,1691,N,True
3,257,bot11__1,1691,N,True
3,190,bot11__1,1691,N,True
3,190,reel41__7,1691,N,True
3,190,reel60__9,1691,N,True
3,reel19__3,bot28__8,1691,N,True
3,154,bot18__3,1691,N,True
3,123,bot18__3,1691,N,True
3,255,reel22__3,1691,N,True
3,295,reel8__4,1691,N,True
3,197,reel8__4,1691,N,True
3,30,reel10__2,1691,N,True
3,295,reel10__2,1691,N,True
3,reel41__4,reel10__2,1691,N,True
3,279,reel10__2,1691,N,True
3,198,reel52__8,1691,N,True
3,295,reel52__8,1691,N,True
3,295,reel66__8,1691,N,True
3,229,reel9__4,1691,N,True
3,229,reel18__4,1691,N,True
3,229,bot41__3,1691,N,True
3,254,reel5__8,1691,N,True
3,254,bot31__0,1691,N,True
3,134,reel40__4,1691,N,True
3,254,reel40__4,1691,N,True
3,98,reel40__4,1691,N,True
3,254,reel45__6,1691,N,True
3,54,reel11__1,1691,N,True
3,117,reel11__1,1691,N,True
3,bot16__2,reel11__1,1691,N,True
3,237,reel12__6,1691,N,True
3,195,reel12__6,1691,N,True
3,117,reel12__6,1691,N,True
3,3,reel1__0,1691,N,True
3,279,bot17__9,1691,N,True
3,3,bot17__9,1691,N,True
3,3,reel20__5,1691,N,True
3,156,reel20__6,1691,N,True
3,3,reel20__6,1691,N,True
3,3,reel20__8,1691,N,True
3,33,reel25__8,1691,N,True
3,3,reel25__8,1691,N,True
3,3,reel49__3,1691,N,True
3,3,bot54__9,1691,N,True
3,104,bot54__9,1691,N,True
3,3,reel68__7,1691,N,True
3,323,bot8__6,1691,N,True
3,323,bot39__2,1691,N,True
3,323,bot68__8,1691,N,True
3,169,reel8__8,1691,N,True
3,216,reel8__8,1691,N,True
3,169,reel48__9,1691,N,True
3,169,bot76__3,1691,N,True
3,312,bot9__5,1691,N,True
3,184,bot9__5,1691,N,True
3,208,bot9__5,1691,N,True
3,184,reel45__0,1691,N,True
3,180,bot50__9,1691,N,True
3,184,bot50__9,1691,N,True
3,312,bot3__4,1691,N,True
3,218,bot3__4,1691,N,True
3,312,reel6__5,1691,N,True
3,274,reel6__5,1691,N,True
3,312,bot10__4,1691,N,True
3,312,bot10__8,1691,N,True
3,312,reel10__6,1691,N,True
3,202,reel10__6,1691,N,True
3,312,reel35__9,1691,N,True
3,312,reel37__2,1691,N,True
3,187,reel26__6,1691,N,True
3,294,reel26__6,1691,N,True
3,187,reel42__4,1691,N,True
3,187,bot45__9,1691,N,True
3,reel10__4,bot27__8,1691,N,True
3,reel10__4,reel37__0,1691,N,True
3,53,reel12__7,1691,N,True
3,46,reel12__7,1691,N,True
3,53,reel24__7,1691,N,True
3,53,reel44__7,1691,N,True
3,235,reel79__0,1691,N,True
3,53,reel79__0,1691,N,True
3,320,reel1__2,1691,N,True
3,265,reel1__2,1691,N,True
3,265,reel22__8,1691,N,True
3,265,reel23__9,1691,N,True
3,265,reel35__2,1691,N,True
3,265,reel58__7,1691,N,True
3,217,reel3__0,1691,N,True
3,reel32__3,reel3__0,1691,N,True
3,reel32__3,bot33__7,1691,N,True
3,98,bot33__7,1691,N,True
3,reel32__3,reel67__2,1691,N,True
3,225,reel23__4,1691,N,True
3,147,reel61__3,1691,N,True
3,225,reel61__3,1691,N,True
3,305,reel9__3,1691,N,True
3,197,reel9__3,1691,N,True
3,2,reel9__3,1691,N,True
3,305,reel23__2,1691,N,True
3,305,reel55__8,1691,N,True
3,219,reel12__5,1691,N,True
3,4,reel12__5,1691,N,True
3,256,bot22__0,1691,N,True
3,256,bot29__8,1691,N,True
3,256,reel49__9,1691,N,True
3,66,bot17__7,1691,N,True
3,279,bot17__7,1691,N,True
3,279,bot37__7,1691,N,True
3,320,reel65__7,1691,N,True
3,279,reel65__7,1691,N,True
3,328,bot1__5,1691,N,True
3,237,bot1__5,1691,N,True
3,272,bot1__5,1691,N,True
3,328,bot6__2,1691,N,True
3,120,bot6__2,1691,N,True
3,328,bot24__0,1691,N,True
3,328,reel39__0,1691,N,True
3,328,reel60__7,1691,N,True
3,106,reel75__1,1691,N,True
3,328,reel75__1,1691,N,True
3,89,bot13__2,1691,N,True
3,89,reel22__9,1691,N,True
3,170,reel55__6,1691,N,True
3,89,reel55__6,1691,N,True
3,177,reel80__2,1691,N,True
3,89,reel80__2,1691,N,True
3,294,reel22__1,1691,N,True
3,70,reel22__1,1691,N,True
3,128,bot36__0,1691,N,True
3,70,bot36__0,1691,N,True
3,70,reel55__7,1691,N,True
3,70,bot73__3,1691,N,True
3,70,bot80__2,1691,N,True
3,128,reel4__6,1691,N,True
3,46,reel4__6,1691,N,True
3,46,reel28__1,1691,N,True
3,46,bot47__3,1691,N,True
3,140,bot47__3,1691,N,True
3,46,bot53__2,1691,N,True
3,186,reel4__2,1691,N,True
3,284,reel4__2,1691,N,True
3,6,reel8__6,1691,N,True
3,284,reel8__6,1691,N,True
3,19,reel8__6,1691,N,True
3,284,bot39__8,1691,N,True
3,147,bot39__8,1691,N,True
3,30,bot39__8,1691,N,True
3,134,reel80__7,1691,N,True
3,284,reel80__7,1691,N,True
3,113,bot7__8,1691,N,True
3,113,reel19__4,1691,N,True
3,177,reel31__7,1691,N,True
3,47,reel33__1,1691,N,True
3,177,reel33__1,1691,N,True
3,249,bot3__6,1691,N,True
3,237,reel17__4,1691,N,True
3,249,reel17__4,1691,N,True
3,249,bot30__5,1691,N,True
3,297,reel52__2,1691,N,True
3,249,reel52__2,1691,N,True
3,125,reel27__6,1691,N,True
3,81,reel27__6,1691,N,True
3,104,reel27__6,1691,N,True
3,125,reel45__2,1691,N,True
3,125,reel47__3,1691,N,True
3,125,reel82__9,1691,N,True
3,17,bot7__3,1691,N,True
3,110,bot7__3,1691,N,True
3,132,bot7__3,1691,N,True
3,186,reel16__5,1691,N,True
3,132,reel16__5,1691,N,True
3,132,reel40__0,1691,N,True
3,132,reel47__7,1691,N,True
3,259,bot51__9,1691,N,True
3,132,bot51__9,1691,N,True
3,132,bot69__2,1691,N,True
3,82,bot1__6,1691,N,True
3,82,bot7__6,1691,N,True
3,110,bot7__6,1691,N,True
3,82,reel42__1,1691,N,True
3,82,bot53__4,1691,N,True
3,82,bot58__0,1691,N,True
3,bot6__8,bot58__9,1691,N,True
3,bot68__5,bot58__9,1691,N,True
3,bot6__8,bot65__5,1691,N,True
3,259,bot16__5,1691,N,True
3,259,reel34__9,1691,N,True
3,235,reel10__3,1691,N,True
3,251,reel10__3,1691,N,True
3,251,bot17__0,1691,N,True
3,251,bot78__7,1691,N,True
3,66,reel21__5,1691,N,True
3,272,reel21__5,1691,N,True
3,66,bot80__7,1691,N,True
3,196,bot15__1,1691,N,True
3,196,bot32__7,1691,N,True
3,196,bot53__1,1691,N,True
3,196,bot54__2,1691,N,True
3,214,bot3__8,1691,N,True
3,171,reel57__4,1691,N,True
3,275,reel57__4,1691,N,True
3,214,reel57__4,1691,N,True
3,179,reel74__3,1691,N,True
3,214,reel74__3,1691,N,True
3,186,reel46__9,1691,N,True
3,186,reel49__0,1691,N,True
3,186,bot56__8,1691,N,True
3,186,bot63__2,1691,N,True
3,252,reel31__2,1691,N,True
3,170,bot61__3,1691,N,True
3,252,bot61__3,1691,N,True
3,221,bot72__8,1691,N,True
3,54,bot13__7,1691,N,True
3,54,reel51__9,1691,N,True
3,54,reel54__8,1691,N,True
3,35,reel54__8,1691,N,True
3,173,reel3__8,1691,N,True
3,173,bot65__2,1691,N,True
3,173,bot66__6,1691,N,True
3,128,reel38__7,1691,N,True
3,179,reel48__5,1691,N,True
3,179,bot55__5,1691,N,True
3,47,reel55__2,1691,N,True
3,179,reel55__2,1691,N,True
3,73,bot1__2,1691,N,True
3,108,bot43__6,1691,N,True
3,108,reel44__1,1691,N,True
3,108,reel44__6,1691,N,True
3,108,bot79__2,1691,N,True
3,102,bot60__0,1691,N,True
3,197,bot18__0,1691,N,True
3,243,bot18__0,1691,N,True
3,bot55__2,bot70__3,1691,N,True
3,234,bot70__3,1691,N,True
3,227,bot11__4,1691,N,True
3,111,reel29__0,1691,N,True
3,227,reel29__0,1691,N,True
3,227,reel37__8,1691,N,True
3,171,reel50__8,1691,N,True
3,227,reel50__8,1691,N,True
3,147,reel6__0,1691,N,True
3,111,bot13__9,1691,N,True
3,147,bot13__9,1691,N,True
3,147,reel27__5,1691,N,True
3,147,reel32__2,1691,N,True
3,147,reel55__9,1691,N,True
3,147,reel68__0,1691,N,True
3,228,reel44__9,1691,N,True
3,140,reel44__9,1691,N,True
3,202,bot5__1,1691,N,True
3,202,bot23__7,1691,N,True
3,reel8__5,bot23__7,1691,N,True
3,202,reel61__6,1691,N,True
3,reel12__0,bot41__4,1691,N,True
3,reel12__0,bot58__3,1691,N,True
3,reel12__0,reel75__8,1691,N,True
3,290,reel7__3,1691,N,True
3,290,bot44__5,1691,N,True
3,290,reel46__7,1691,N,True
3,290,reel57__8,1691,N,True
3,180,reel64__8,1691,N,True
3,290,reel64__8,1691,N,True
3,290,reel83__9,1691,N,True
3,17,reel28__6,1691,N,True
3,17,reel35__0,1691,N,True
3,17,reel61__9,1691,N,True
3,106,reel76__0,1691,N,True
3,2,reel11__3,1691,N,True
3,134,bot47__8,1691,N,True
3,127,reel6__4,1691,N,True
3,47,reel6__4,1691,N,True
3,47,reel54__6,1691,N,True
3,bot55__2,bot40__1,1691,N,True
3,bot55__2,bot56__7,1691,N,True
3,218,bot56__7,1691,N,True
3,218,bot11__3,1691,N,True
3,218,reel55__3,1691,N,True
3,170,reel37__4,1691,N,True
3,reel20__7,bot22__6,1691,N,True
3,reel20__7,bot32__0,1691,N,True
3,235,bot9__3,1691,N,True
3,337,bot9__3,1691,N,True
3,337,bot14__5,1691,N,True
3,320,bot14__5,1691,N,True
3,337,bot31__5,1691,N,True
3,337,reel34__5,1691,N,True
3,324,reel76__1,1691,N,True
3,324,reel78__8,1691,N,True
3,297,bot22__9,1691,N,True
3,297,bot28__0,1691,N,True
3,297,reel71__9,1691,N,True
3,110,bot22__1,1691,N,True
3,104,bot22__1,1691,N,True
3,104,bot22__8,1691,N,True
3,289,reel15__5,1691,N,True
3,347,reel4__9,1691,N,True
3,347,bot83__0,1691,N,True
3,176,reel16__4,1691,N,True
3,244,reel16__4,1691,N,True
3,176,reel47__1,1691,N,True
3,213,bot8__2,1691,N,True
3,213,bot11__7,1691,N,True
3,321,bot16__3,1691,N,True
3,213,bot16__3,1691,N,True
3,213,bot34__8,1691,N,True
3,213,bot54__7,1691,N,True
3,213,bot80__4,1691,N,True
3,271,bot18__4,1691,N,True
3,216,reel27__2,1691,N,True
3,216,bot30__1,1691,N,True
3,180,reel18__1,1691,N,True
3,237,reel18__1,1691,N,True
3,6,reel18__1,1691,N,True
3,180,bot24__7,1691,N,True
3,180,reel26__3,1691,N,True
3,137,reel4__8,1691,N,True
3,137,bot37__6,1691,N,True
3,137,bot46__4,1691,N,True
3,137,reel62__8,1691,N,True
3,137,bot63__9,1691,N,True
3,19,bot63__9,1691,N,True
3,24,bot80__8,1691,N,True
3,7,bot23__1,1691,N,True
3,7,bot51__4,1691,N,True
3,7,reel64__4,1691,N,True
3,7,reel65__3,1691,N,True
3,7,bot80__9,1691,N,True
3,7,reel83__0,1691,N,True
3,88,bot14__4,1691,N,True
3,88,bot48__3,1691,N,True
3,88,reel69__3,1691,N,True
3,reel42__2,reel69__3,1691,N,True
3,88,reel75__5,1691,N,True
3,88,reel75__7,1691,N,True
3,275,reel51__1,1691,N,True
3,275,reel66__6,1691,N,True
3,275,bot71__2,1691,N,True
3,275,reel73__4,1691,N,True
3,244,bot22__4,1691,N,True
3,244,reel34__7,1691,N,True
3,274,bot17__1,1691,N,True
3,bot16__2,bot17__1,1691,N,True
3,274,reel43__4,1691,N,True
3,274,reel78__6,1691,N,True
3,346,reel78__6,1691,N,True
3,reel41__4,bot69__1,1691,N,True
3,219,reel33__8,1691,N,True
3,219,bot83__7,1691,N,True
3,156,reel31__5,1691,N,True
3,156,bot51__8,1691,N,True
3,156,bot70__0,1691,N,True
3,160,reel26__4,1691,N,True
3,72,reel23__7,1691,N,True
3,72,reel41__5,1691,N,True
3,72,bot63__6,1691,N,True
3,139,bot51__6,1691,N,True
3,bot30__4,bot51__6,1691,N,True
3,bot16__2,bot38__7,1691,N,True
3,bot16__2,bot67__2,1691,N,True
3,reel42__2,reel70__1,1691,N,True
3,178,bot7__5,1691,N,True
3,178,reel13__2,1691,N,True
3,111,reel13__2,1691,N,True
3,178,bot35__9,1691,N,True
3,339,bot35__9,1691,N,True
3,178,bot55__6,1691,N,True
3,111,bot14__3,1691,N,True
3,111,reel49__7,1691,N,True
3,171,reel78__1,1691,N,True
3,111,reel78__1,1691,N,True
3,237,bot9__0,1691,N,True
3,123,reel22__7,1691,N,True
3,237,reel22__7,1691,N,True
3,237,reel59__6,1691,N,True
3,339,reel59__6,1691,N,True
3,reel8__5,bot39__6,1691,N,True
3,224,reel41__9,1691,N,True
3,reel8__5,reel41__9,1691,N,True
3,208,reel29__2,1691,N,True
3,208,bot71__1,1691,N,True
3,123,reel6__8,1691,N,True
3,123,reel16__7,1691,N,True
3,reel38__6,reel16__7,1691,N,True
3,bot68__5,reel16__3,1691,N,True
3,reel3__5,bot29__5,1691,N,True
3,reel3__5,bot75__8,1691,N,True
3,33,reel22__2,1691,N,True
3,231,reel22__2,1691,N,True
3,315,reel22__2,1691,N,True
3,231,bot74__2,1691,N,True
3,139,bot8__7,1691,N,True
3,139,bot23__3,1691,N,True
3,315,bot23__3,1691,N,True
3,139,reel25__9,1691,N,True
3,139,bot40__4,1691,N,True
3,139,bot60__4,1691,N,True
3,139,reel64__1,1691,N,True
3,272,reel63__3,1691,N,True
3,148,bot40__0,1691,N,True
3,224,reel39__5,1691,N,True
3,235,bot76__0,1691,N,True
3,294,reel9__9,1691,N,True
3,120,reel74__7,1691,N,True
3,329,bot12__6,1691,N,True
3,329,reel76__5,1691,N,True
3,reel38__6,bot58__5,1691,N,True
3,198,bot12__8,1691,N,True
3,198,reel40__9,1691,N,True
3,198,reel57__6,1691,N,True
3,320,bot15__7,1691,N,True
3,315,reel80__4,1691,N,True
3,217,bot12__4,1691,N,True
3,217,reel27__0,1691,N,True
3,217,bot59__1,1691,N,True
3,bot2__7,bot59__1,1691,N,True
3,110,bot40__6,1691,N,True
3,110,bot44__3,1691,N,True
3,84,reel67__3,1691,N,True
3,84,reel72__3,1691,N,True
3,339,bot31__9,1691,N,True
3,140,reel15__7,1691,N,True
3,140,reel56__9,1691,N,True
3,140,bot62__4,1691,N,True
3,171,reel35__3,1691,N,True
3,81,reel11__2,1691,N,True
3,81,bot32__4,1691,N,True
3,33,reel32__8,1691,N,True
3,21,reel78__9,1691,N,True
3,321,bot26__8,1691,N,True
3,321,reel31__4,1691,N,True
3,127,reel57__3,1691,N,True
3,127,reel58__0,1691,N,True
3,269,bot49__3,1691,N,True
3,317,bot82__9,1691,N,True
3,246,bot6__9,1691,N,True
3,246,reel30__3,1691,N,True
3,161,bot33__6,1691,N,True
3,161,bot39__0,1691,N,True
3,161,reel52__0,1691,N,True
3,26,bot16__8,1691,N,True
3,26,bot55__3,1691,N,True
3,bot34__6,reel17__3,1691,N,True
3,reel70__8,bot84__5,1691,N,True
3,6,bot6__5,1691,N,True
3,6,bot67__4,1691,N,True
3,6,bot72__6,1691,N,True
3,35,reel11__0,1691,N,True
3,35,reel76__8,1691,N,True
3,346,bot51__3,1691,N,True
3,346,reel56__3,1691,N,True
3,90,reel18__3,1691,N,True
3,90,bot25__2,1691,N,True
3,90,reel26__1,1691,N,True
3,103,reel18__8,1691,N,True
3,303,reel2__0,1691,N,True
3,303,reel37__7,1691,N,True
3,19,reel15__0,1691,N,True
3,19,reel60__4,1691,N,True
3,19,reel62__9,1691,N,True
3,266,reel28__2,1691,N,True
3,266,bot34__4,1691,N,True
3,bot2__7,bot25__7,1691,N,True
3,bot2__7,bot44__9,1691,N,True
3,306,bot8__1,1692,N,True
3,10,bot8__1,1692,N,True
3,306,reel27__8,1692,N,True
3,306,bot45__7,1692,N,True
3,224,bot45__7,1692,N,True
3,306,reel52__9,1692,N,True
3,50,reel52__9,1692,N,True
3,306,bot64__7,1692,N,True
3,110,bot64__7,1692,N,True
3,306,reel66__0,1692,N,True
3,293,bot2__6,1692,N,True
3,328,bot2__6,1692,N,True
3,293,reel7__4,1692,N,True
3,179,reel7__4,1692,N,True
3,213,reel7__4,1692,N,True
3,293,reel11__9,1692,N,True
3,52,reel11__9,1692,N,True
3,293,reel17__2,1692,N,True
3,36,reel17__2,1692,N,True
3,270,bot19__9,1692,N,True
3,293,bot19__9,1692,N,True
3,33,reel36__6,1692,N,True
3,293,reel36__6,1692,N,True
3,293,bot43__8,1692,N,True
3,293,bot83__9,1692,N,True
3,99,reel2__8,1692,N,True
3,51,reel2__8,1692,N,True
3,263,reel6__3,1692,N,True
3,reel20__6,reel6__3,1692,N,True
3,51,reel6__3,1692,N,True
3,174,reel6__3,1692,N,True
3,106,bot10__7,1692,N,True
3,68,bot10__7,1692,N,True
3,51,bot10__7,1692,N,True
3,51,reel27__4,1692,N,True
3,51,reel35__6,1692,N,True
3,170,bot45__5,1692,N,True
3,51,bot45__5,1692,N,True
3,336,reel0__8,1692,N,True
3,108,reel0__8,1692,N,True
3,135,reel0__8,1692,N,True
3,129,reel43__7,1692,N,True
3,135,reel43__7,1692,N,True
3,202,reel66__9,1692,N,True
3,135,reel66__9,1692,N,True
3,307,reel70__8,1692,N,True
3,135,reel70__8,1692,N,True
3,319,bot3__9,1692,N,True
3,319,bot9__9,1692,N,True
3,223,bot9__9,1692,N,True
3,153,bot4__5,1692,N,True
3,340,bot4__5,1692,N,True
3,340,bot21__3,1692,N,True
3,89,bot21__3,1692,N,True
3,20,reel21__2,1692,N,True
3,340,reel21__2,1692,N,True
3,334,reel21__2,1692,N,True
3,340,reel37__9,1692,N,True
3,340,reel82__3,1692,N,True
3,203,reel2__9,1692,N,True
3,40,reel2__9,1692,N,True
3,59,reel2__9,1692,N,True
3,112,reel4__1,1692,N,True
3,59,reel4__1,1692,N,True
3,59,reel5__4,1692,N,True
3,9,reel5__4,1692,N,True
3,224,bot16__6,1692,N,True
3,59,bot16__6,1692,N,True
3,59,bot28__2,1692,N,True
3,231,bot28__2,1692,N,True
3,59,reel35__4,1692,N,True
3,59,bot79__1,1692,N,True
3,171,bot30__0,1692,N,True
3,332,bot30__0,1692,N,True
3,49,reel58__3,1692,N,True
3,332,reel58__3,1692,N,True
3,332,reel58__5,1692,N,True
3,274,bot0__0,1692,N,True
3,283,bot0__0,1692,N,True
3,73,bot0__0,1692,N,True
3,283,reel5__0,1692,N,True
3,326,reel5__0,1692,N,True
3,283,reel14__5,1692,N,True
3,283,bot18__9,1692,N,True
3,283,bot53__8,1692,N,True
3,283,bot67__5,1692,N,True
3,128,reel8__9,1692,N,True
3,bot51__8,reel8__9,1692,N,True
3,bot51__8,bot44__0,1692,N,True
3,119,bot5__2,1692,N,True
3,260,bot5__2,1692,N,True
3,194,bot5__2,1692,N,True
3,63,reel14__1,1692,N,True
3,260,reel14__1,1692,N,True
3,165,reel14__1,1692,N,True
3,224,bot17__5,1692,N,True
3,260,bot17__5,1692,N,True
3,260,bot32__6,1692,N,True
3,260,reel39__7,1692,N,True
3,260,bot80__5,1692,N,True
3,78,bot8__8,1692,N,True
3,302,reel36__2,1692,N,True
3,78,reel36__2,1692,N,True
3,78,reel50__9,1692,N,True
3,78,bot66__1,1692,N,True
3,bot5__3,bot66__1,1692,N,True
3,reel45__8,reel8__0,1692,N,True
3,272,reel8__0,1692,N,True
3,194,reel8__0,1692,N,True
3,194,reel15__4,1692,N,True
3,259,bot25__3,1692,N,True
3,194,bot25__3,1692,N,True
3,63,bot15__3,1692,N,True
3,314,bot15__3,1692,N,True
3,167,bot15__3,1692,N,True
3,314,reel15__7,1692,N,True
3,314,reel51__6,1692,N,True
3,314,reel62__6,1692,N,True
3,9,reel5__6,1692,N,True
3,192,reel5__6,1692,N,True
3,106,reel12__8,1692,N,True
3,3,reel12__8,1692,N,True
3,192,reel12__8,1692,N,True
3,298,reel17__3,1692,N,True
3,192,reel17__3,1692,N,True
3,192,reel40__9,1692,N,True
3,192,reel80__4,1692,N,True
3,108,reel44__1,1692,N,True
3,reel78__9,reel44__1,1692,N,True
3,66,bot83__5,1692,N,True
3,reel78__9,bot83__5,1692,N,True
3,129,bot6__7,1692,N,True
3,219,bot6__7,1692,N,True
3,307,bot6__7,1692,N,True
3,129,reel6__1,1692,N,True
3,91,reel6__1,1692,N,True
3,129,reel24__6,1692,N,True
3,170,reel24__6,1692,N,True
3,129,reel49__1,1692,N,True
3,244,reel49__1,1692,N,True
3,129,reel52__3,1692,N,True
3,62,reel52__3,1692,N,True
3,174,reel52__3,1692,N,True
3,129,reel76__3,1692,N,True
3,117,reel76__3,1692,N,True
3,199,bot2__0,1692,N,True
3,188,bot2__0,1692,N,True
3,221,reel12__9,1692,N,True
3,199,reel12__9,1692,N,True
3,158,reel12__9,1692,N,True
3,199,bot14__9,1692,N,True
3,6,reel14__6,1692,N,True
3,199,reel14__6,1692,N,True
3,167,reel14__6,1692,N,True
3,199,reel31__1,1692,N,True
3,22,reel31__1,1692,N,True
3,199,reel52__6,1692,N,True
3,199,reel75__9,1692,N,True
3,30,bot0__2,1692,N,True
3,26,bot0__2,1692,N,True
3,94,bot0__2,1692,N,True
3,94,bot50__5,1692,N,True
3,94,reel57__5,1692,N,True
3,42,bot59__9,1692,N,True
3,94,bot59__9,1692,N,True
3,125,reel69__2,1692,N,True
3,94,reel69__2,1692,N,True
3,270,reel72__5,1692,N,True
3,94,reel72__5,1692,N,True
3,265,reel3__7,1692,N,True
3,166,reel3__7,1692,N,True
3,85,reel3__7,1692,N,True
3,85,reel7__2,1692,N,True
3,85,reel39__8,1692,N,True
3,85,bot59__4,1692,N,True
3,65,reel18__9,1692,N,True
3,65,bot27__9,1692,N,True
3,322,reel1__0,1692,N,True
3,241,reel1__0,1692,N,True
3,3,reel1__0,1692,N,True
3,322,bot9__8,1692,N,True
3,40,reel3__2,1692,N,True
3,328,reel3__2,1692,N,True
3,133,reel3__2,1692,N,True
3,40,reel33__6,1692,N,True
3,5,reel33__6,1692,N,True
3,40,reel34__0,1692,N,True
3,40,reel36__7,1692,N,True
3,113,reel36__7,1692,N,True
3,40,bot66__8,1692,N,True
3,79,reel3__8,1692,N,True
3,309,reel3__8,1692,N,True
3,309,bot4__1,1692,N,True
3,86,bot4__1,1692,N,True
3,301,bot4__1,1692,N,True
3,247,bot4__2,1692,N,True
3,309,bot4__2,1692,N,True
3,162,bot4__2,1692,N,True
3,309,bot12__6,1692,N,True
3,329,bot12__6,1692,N,True
3,309,bot73__1,1692,N,True
3,181,reel14__8,1692,N,True
3,112,reel14__8,1692,N,True
3,97,reel14__8,1692,N,True
3,112,reel14__9,1692,N,True
3,112,reel18__0,1692,N,True
3,112,reel21__1,1692,N,True
3,71,reel21__1,1692,N,True
3,112,reel24__1,1692,N,True
3,105,reel24__1,1692,N,True
3,112,bot25__4,1692,N,True
3,112,reel37__6,1692,N,True
3,77,reel10__8,1692,N,True
3,77,reel17__1,1692,N,True
3,77,reel47__7,1692,N,True
3,34,reel47__7,1692,N,True
3,132,reel47__7,1692,N,True
3,77,bot57__4,1692,N,True
3,241,reel67__4,1692,N,True
3,241,reel71__5,1692,N,True
3,241,reel80__8,1692,N,True
3,264,bot8__3,1692,N,True
3,39,bot8__3,1692,N,True
3,320,bot8__3,1692,N,True
3,39,bot14__6,1692,N,True
3,39,bot19__2,1692,N,True
3,39,bot25__1,1692,N,True
3,39,reel48__1,1692,N,True
3,84,reel48__1,1692,N,True
3,39,reel54__3,1692,N,True
3,270,bot1__1,1692,N,True
3,66,bot1__1,1692,N,True
3,268,bot1__1,1692,N,True
3,268,reel28__0,1692,N,True
3,172,bot8__9,1692,N,True
3,267,bot8__9,1692,N,True
3,267,bot22__8,1692,N,True
3,104,bot22__8,1692,N,True
3,267,reel30__2,1692,N,True
3,282,reel30__2,1692,N,True
3,118,bot34__7,1692,N,True
3,267,bot34__7,1692,N,True
3,267,bot40__1,1692,N,True
3,267,reel64__0,1692,N,True
3,267,bot73__2,1692,N,True
3,267,bot76__8,1692,N,True
3,326,bot10__2,1692,N,True
3,bot2__7,reel0__7,1692,N,True
3,119,reel0__7,1692,N,True
3,201,reel0__7,1692,N,True
3,71,reel0__7,1692,N,True
3,274,bot17__1,1692,N,True
3,119,bot17__1,1692,N,True
3,119,reel24__9,1692,N,True
3,278,reel24__9,1692,N,True
3,119,reel39__6,1692,N,True
3,317,reel39__6,1692,N,True
3,136,reel50__3,1692,N,True
3,119,reel50__3,1692,N,True
3,119,reel83__9,1692,N,True
3,290,reel83__9,1692,N,True
3,311,bot18__1,1692,N,True
3,258,bot18__1,1692,N,True
3,258,bot24__8,1692,N,True
3,265,bot24__8,1692,N,True
3,258,reel41__3,1692,N,True
3,307,bot0__4,1692,N,True
3,132,bot0__4,1692,N,True
3,301,bot0__4,1692,N,True
3,reel25__0,reel23__8,1692,N,True
3,301,reel23__8,1692,N,True
3,301,bot35__1,1692,N,True
3,301,reel47__8,1692,N,True
3,227,reel61__1,1692,N,True
3,301,reel61__1,1692,N,True
3,263,bot38__9,1692,N,True
3,263,bot43__0,1692,N,True
3,263,reel48__6,1692,N,True
3,261,bot10__9,1692,N,True
3,261,reel32__6,1692,N,True
3,262,reel32__6,1692,N,True
3,305,bot0__3,1692,N,True
3,159,bot0__3,1692,N,True
3,reel25__0,reel1__7,1692,N,True
3,127,reel1__7,1692,N,True
3,111,reel1__7,1692,N,True
3,159,reel1__7,1692,N,True
3,159,bot9__4,1692,N,True
3,262,reel9__2,1692,N,True
3,159,reel9__2,1692,N,True
3,327,reel9__2,1692,N,True
3,159,reel80__9,1692,N,True
3,302,reel19__5,1692,N,True
3,223,reel19__5,1692,N,True
3,223,bot84__2,1692,N,True
3,185,bot5__5,1692,N,True
3,185,bot5__6,1692,N,True
3,45,reel12__2,1692,N,True
3,185,reel12__2,1692,N,True
3,203,reel23__0,1692,N,True
3,185,reel23__0,1692,N,True
3,312,reel38__2,1692,N,True
3,185,reel38__2,1692,N,True
3,42,reel58__9,1692,N,True
3,185,reel58__9,1692,N,True
3,273,reel0__0,1692,N,True
3,147,reel0__0,1692,N,True
3,86,reel0__0,1692,N,True
3,86,bot23__6,1692,N,True
3,reel1__9,reel24__8,1692,N,True
3,279,reel24__8,1692,N,True
3,86,reel24__8,1692,N,True
3,86,reel30__1,1692,N,True
3,44,reel2__4,1692,N,True
3,331,reel2__4,1692,N,True
3,44,bot3__7,1692,N,True
3,330,bot3__7,1692,N,True
3,44,bot4__4,1692,N,True
3,76,bot4__4,1692,N,True
3,44,reel28__8,1692,N,True
3,265,reel28__8,1692,N,True
3,22,reel28__8,1692,N,True
3,44,bot42__0,1692,N,True
3,262,bot42__0,1692,N,True
3,44,bot56__0,1692,N,True
3,270,reel6__7,1692,N,True
3,270,reel7__6,1692,N,True
3,240,reel7__6,1692,N,True
3,225,reel7__6,1692,N,True
3,10,bot27__5,1692,N,True
3,bot55__1,bot27__5,1692,N,True
3,reel30__6,reel5__5,1692,N,True
3,281,reel5__5,1692,N,True
3,171,reel0__4,1692,N,True
3,336,reel0__4,1692,N,True
3,151,reel0__4,1692,N,True
3,6,bot10__5,1692,N,True
3,336,bot10__5,1692,N,True
3,336,bot19__0,1692,N,True
3,245,reel25__6,1692,N,True
3,150,bot7__4,1692,N,True
3,92,bot7__4,1692,N,True
3,66,reel21__5,1692,N,True
3,272,reel21__5,1692,N,True
3,92,reel21__5,1692,N,True
3,92,reel22__3,1692,N,True
3,255,reel22__3,1692,N,True
3,92,reel35__7,1692,N,True
3,108,reel44__6,1692,N,True
3,92,reel44__6,1692,N,True
3,50,reel57__8,1692,N,True
3,290,reel57__8,1692,N,True
3,bot71__0,reel57__8,1692,N,True
3,29,bot9__7,1692,N,True
3,27,bot9__7,1692,N,True
3,29,reel17__0,1692,N,True
3,29,bot51__0,1692,N,True
3,240,reel29__8,1692,N,True
3,216,reel68__8,1692,N,True
3,240,reel68__8,1692,N,True
3,304,bot21__6,1692,N,True
3,304,reel22__5,1692,N,True
3,304,reel34__1,1692,N,True
3,304,bot49__0,1692,N,True
3,237,bot15__6,1692,N,True
3,345,bot15__6,1692,N,True
3,89,reel16__1,1692,N,True
3,345,reel16__1,1692,N,True
3,110,reel52__5,1692,N,True
3,345,reel52__5,1692,N,True
3,63,bot2__3,1692,N,True
3,63,bot3__0,1692,N,True
3,169,bot3__0,1692,N,True
3,323,bot3__0,1692,N,True
3,274,bot6__6,1692,N,True
3,63,bot6__6,1692,N,True
3,75,bot6__6,1692,N,True
3,63,bot7__2,1692,N,True
3,103,bot7__2,1692,N,True
3,63,bot65__9,1692,N,True
3,63,reel73__7,1692,N,True
3,90,reel18__3,1692,N,True
3,16,reel18__3,1692,N,True
3,16,reel34__6,1692,N,True
3,16,reel45__7,1692,N,True
3,171,reel50__8,1692,N,True
3,227,reel50__8,1692,N,True
3,16,reel50__8,1692,N,True
3,16,bot82__2,1692,N,True
3,102,reel0__9,1692,N,True
3,75,reel0__9,1692,N,True
3,75,reel14__7,1692,N,True
3,110,reel31__0,1692,N,True
3,75,reel31__0,1692,N,True
3,75,bot47__0,1692,N,True
3,5,reel26__2,1692,N,True
3,5,bot56__3,1692,N,True
3,160,reel62__4,1692,N,True
3,5,reel62__4,1692,N,True
3,99,reel14__3,1692,N,True
3,256,reel14__3,1692,N,True
3,99,reel19__1,1692,N,True
3,139,reel19__1,1692,N,True
3,243,reel19__1,1692,N,True
3,189,reel30__5,1692,N,True
3,213,reel30__5,1692,N,True
3,224,reel34__3,1692,N,True
3,189,reel34__3,1692,N,True
3,189,reel83__4,1692,N,True
3,204,reel13__1,1692,N,True
3,71,reel13__1,1692,N,True
3,100,reel13__1,1692,N,True
3,100,reel14__2,1692,N,True
3,100,bot31__7,1692,N,True
3,reel46__4,reel61__8,1692,N,True
3,reel46__4,bot69__8,1692,N,True
3,330,reel32__7,1692,N,True
3,208,reel32__7,1692,N,True
3,330,reel73__1,1692,N,True
3,170,bot6__3,1692,N,True
3,27,bot6__3,1692,N,True
3,148,bot6__3,1692,N,True
3,27,reel10__5,1692,N,True
3,27,bot29__3,1692,N,True
3,27,bot31__3,1692,N,True
3,89,bot31__3,1692,N,True
3,27,bot36__2,1692,N,True
3,27,reel38__3,1692,N,True
3,27,reel71__6,1692,N,True
3,8,reel1__5,1692,N,True
3,81,reel1__5,1692,N,True
3,8,bot4__9,1692,N,True
3,34,bot4__9,1692,N,True
3,282,bot4__9,1692,N,True
3,8,reel21__7,1692,N,True
3,254,reel21__7,1692,N,True
3,8,bot37__2,1692,N,True
3,8,reel75__6,1692,N,True
3,182,bot12__5,1692,N,True
3,bot33__3,bot12__5,1692,N,True
3,231,reel0__6,1692,N,True
3,158,reel0__6,1692,N,True
3,bot5__3,reel0__6,1692,N,True
3,41,reel20__3,1692,N,True
3,188,reel20__3,1692,N,True
3,158,reel20__3,1692,N,True
3,206,bot36__5,1692,N,True
3,158,bot36__5,1692,N,True
3,89,reel59__2,1692,N,True
3,158,reel59__2,1692,N,True
3,158,reel65__4,1692,N,True
3,214,reel65__4,1692,N,True
3,158,bot74__7,1692,N,True
3,38,reel12__3,1692,N,True
3,38,reel14__0,1692,N,True
3,38,bot18__6,1692,N,True
3,203,bot28__3,1692,N,True
3,203,bot42__5,1692,N,True
3,257,reel28__5,1692,N,True
3,302,reel28__5,1692,N,True
3,302,reel42__3,1692,N,True
3,181,bot0__1,1692,N,True
3,208,bot0__1,1692,N,True
3,167,bot0__1,1692,N,True
3,181,reel14__4,1692,N,True
3,181,bot46__7,1692,N,True
3,333,bot46__7,1692,N,True
3,181,bot72__2,1692,N,True
3,181,reel75__0,1692,N,True
3,bot2__7,bot13__8,1692,N,True
3,167,bot13__8,1692,N,True
3,167,bot29__4,1692,N,True
3,167,reel58__4,1692,N,True
3,174,reel7__8,1692,N,True
3,259,reel7__8,1692,N,True
3,174,reel8__1,1692,N,True
3,247,reel8__1,1692,N,True
3,174,bot63__1,1692,N,True
3,174,bot64__2,1692,N,True
3,174,bot78__5,1692,N,True
3,93,reel7__7,1692,N,True
3,266,reel7__7,1692,N,True
3,272,reel7__7,1692,N,True
3,93,reel65__6,1692,N,True
3,276,reel65__6,1692,N,True
3,93,reel69__5,1692,N,True
3,93,reel73__9,1692,N,True
3,108,bot0__9,1692,N,True
3,153,bot0__9,1692,N,True
3,172,bot0__9,1692,N,True
3,153,bot2__1,1692,N,True
3,155,bot2__1,1692,N,True
3,153,bot3__5,1692,N,True
3,153,bot41__1,1692,N,True
3,239,reel4__2,1692,N,True
3,239,reel57__7,1692,N,True
3,239,bot60__0,1692,N,True
3,102,bot60__0,1692,N,True
3,239,reel69__8,1692,N,True
3,106,reel76__0,1692,N,True
3,239,reel76__0,1692,N,True
3,269,bot2__5,1692,N,True
3,188,bot2__5,1692,N,True
3,282,bot2__5,1692,N,True
3,188,bot7__0,1692,N,True
3,334,reel9__8,1692,N,True
3,188,reel9__8,1692,N,True
3,188,bot10__3,1692,N,True
3,188,bot29__6,1692,N,True
3,184,reel29__3,1692,N,True
3,188,reel29__3,1692,N,True
3,41,bot1__3,1692,N,True
3,1,bot1__3,1692,N,True
3,28,bot1__3,1692,N,True
3,1,reel21__8,1692,N,True
3,118,reel21__8,1692,N,True
3,257,reel25__7,1692,N,True
3,1,reel25__7,1692,N,True
3,1,reel46__2,1692,N,True
3,50,reel17__6,1692,N,True
3,118,reel17__6,1692,N,True
3,118,reel46__3,1692,N,True
3,328,reel47__4,1692,N,True
3,118,reel47__4,1692,N,True
3,118,reel67__1,1692,N,True
3,347,reel4__9,1692,N,True
3,80,reel4__9,1692,N,True
3,242,reel4__9,1692,N,True
3,68,bot36__1,1692,N,True
3,242,bot36__1,1692,N,True
3,242,bot75__8,1692,N,True
3,49,reel52__1,1692,N,True
3,49,reel76__4,1692,N,True
3,286,reel76__4,1692,N,True
3,259,bot4__7,1692,N,True
3,68,bot4__7,1692,N,True
3,68,reel4__7,1692,N,True
3,150,reel4__7,1692,N,True
3,68,reel10__4,1692,N,True
3,307,reel10__4,1692,N,True
3,328,reel27__9,1692,N,True
3,68,reel27__9,1692,N,True
3,68,reel63__4,1692,N,True
3,68,reel63__6,1692,N,True
3,68,bot79__4,1692,N,True
3,68,reel79__2,1692,N,True
3,151,bot43__4,1692,N,True
3,55,reel3__9,1692,N,True
3,179,reel3__9,1692,N,True
3,55,bot29__7,1692,N,True
3,329,bot29__7,1692,N,True
3,55,bot61__7,1692,N,True
3,282,reel42__4,1692,N,True
3,282,bot48__9,1692,N,True
3,282,reel77__7,1692,N,True
3,42,reel17__7,1692,N,True
3,42,reel49__6,1692,N,True
3,257,bot11__1,1692,N,True
3,190,bot11__1,1692,N,True
3,190,bot35__6,1692,N,True
3,190,bot53__5,1692,N,True
3,190,reel60__9,1692,N,True
3,reel20__6,bot62__0,1692,N,True
3,97,bot4__8,1692,N,True
3,342,bot4__8,1692,N,True
3,113,reel13__3,1692,N,True
3,342,reel13__3,1692,N,True
3,219,bot8__0,1692,N,True
3,334,bot8__0,1692,N,True
3,334,reel37__1,1692,N,True
3,334,bot57__2,1692,N,True
3,229,reel28__7,1692,N,True
3,255,reel28__7,1692,N,True
3,312,bot10__0,1692,N,True
3,279,bot10__0,1692,N,True
3,278,bot10__0,1692,N,True
3,71,bot24__4,1692,N,True
3,278,bot24__4,1692,N,True
3,278,bot34__2,1692,N,True
3,72,bot63__6,1692,N,True
3,278,bot63__6,1692,N,True
3,278,bot78__6,1692,N,True
3,262,reel3__6,1692,N,True
3,28,reel3__6,1692,N,True
3,172,reel3__6,1692,N,True
3,28,reel13__8,1692,N,True
3,231,reel13__8,1692,N,True
3,28,reel68__3,1692,N,True
3,97,bot3__6,1692,N,True
3,196,reel9__1,1692,N,True
3,97,reel9__1,1692,N,True
3,10,reel9__1,1692,N,True
3,97,bot21__4,1692,N,True
3,97,bot23__5,1692,N,True
3,305,reel23__2,1692,N,True
3,97,reel23__2,1692,N,True
3,229,reel9__4,1692,N,True
3,145,reel9__4,1692,N,True
3,136,reel9__4,1692,N,True
3,333,reel18__4,1692,N,True
3,229,reel18__4,1692,N,True
3,9,reel18__4,1692,N,True
3,229,bot41__3,1692,N,True
3,116,reel5__8,1692,N,True
3,254,reel5__8,1692,N,True
3,168,reel5__8,1692,N,True
3,254,bot18__7,1692,N,True
3,254,bot31__0,1692,N,True
3,254,reel45__6,1692,N,True
3,254,bot60__5,1692,N,True
3,142,reel16__0,1692,N,True
3,155,bot32__8,1692,N,True
3,142,bot32__8,1692,N,True
3,142,reel40__5,1692,N,True
3,54,reel11__1,1692,N,True
3,117,reel11__1,1692,N,True
3,237,reel12__6,1692,N,True
3,195,reel12__6,1692,N,True
3,117,reel12__6,1692,N,True
3,195,reel24__4,1692,N,True
3,117,reel24__4,1692,N,True
3,276,reel7__0,1692,N,True
3,3,reel7__0,1692,N,True
3,108,bot10__6,1692,N,True
3,3,bot10__6,1692,N,True
3,279,bot17__9,1692,N,True
3,3,bot17__9,1692,N,True
3,61,reel20__5,1692,N,True
3,3,reel20__5,1692,N,True
3,3,reel20__8,1692,N,True
3,195,reel30__7,1692,N,True
3,3,reel30__7,1692,N,True
3,3,bot37__1,1692,N,True
3,3,reel49__3,1692,N,True
3,3,reel68__7,1692,N,True
3,323,bot8__6,1692,N,True
3,41,reel9__7,1692,N,True
3,323,reel9__7,1692,N,True
3,323,bot21__1,1692,N,True
3,323,bot39__2,1692,N,True
3,325,bot55__7,1692,N,True
3,323,bot55__7,1692,N,True
3,323,bot68__8,1692,N,True
3,246,bot6__9,1692,N,True
3,79,bot6__9,1692,N,True
3,54,reel10__1,1692,N,True
3,79,reel10__1,1692,N,True
3,111,reel10__1,1692,N,True
3,79,bot47__1,1692,N,True
3,79,bot53__6,1692,N,True
3,79,bot54__7,1692,N,True
3,213,bot54__7,1692,N,True
3,169,reel48__9,1692,N,True
3,169,bot76__3,1692,N,True
3,312,bot9__5,1692,N,True
3,184,bot9__5,1692,N,True
3,208,bot9__5,1692,N,True
3,184,bot28__7,1692,N,True
3,184,bot43__9,1692,N,True
3,184,reel45__0,1692,N,True
3,184,bot50__9,1692,N,True
3,273,bot60__2,1692,N,True
3,183,bot30__9,1692,N,True
3,183,bot36__9,1692,N,True
3,312,bot3__4,1692,N,True
3,36,bot3__4,1692,N,True
3,312,reel6__5,1692,N,True
3,274,reel6__5,1692,N,True
3,312,bot10__4,1692,N,True
3,312,reel35__9,1692,N,True
3,36,reel35__9,1692,N,True
3,20,reel1__2,1692,N,True
3,320,reel1__2,1692,N,True
3,265,reel1__2,1692,N,True
3,80,reel22__8,1692,N,True
3,265,reel22__8,1692,N,True
3,265,reel23__9,1692,N,True
3,206,reel41__2,1692,N,True
3,265,reel41__2,1692,N,True
3,265,reel58__7,1692,N,True
3,225,reel55__1,1692,N,True
3,147,reel61__3,1692,N,True
3,225,reel61__3,1692,N,True
3,331,reel3__4,1692,N,True
3,83,reel3__4,1692,N,True
3,331,reel5__1,1692,N,True
3,259,reel5__1,1692,N,True
3,331,bot30__8,1692,N,True
3,331,bot74__2,1692,N,True
3,231,bot74__2,1692,N,True
3,331,reel74__1,1692,N,True
3,152,reel26__6,1692,N,True
3,152,reel36__1,1692,N,True
3,152,reel77__9,1692,N,True
3,305,reel9__3,1692,N,True
3,305,reel55__8,1692,N,True
3,201,bot70__4,1692,N,True
3,201,bot81__2,1692,N,True
3,290,bot81__2,1692,N,True
3,256,bot22__0,1692,N,True
3,311,bot29__8,1692,N,True
3,256,bot29__8,1692,N,True
3,256,reel57__1,1692,N,True
3,111,bot13__9,1692,N,True
3,147,bot13__9,1692,N,True
3,bot16__1,bot13__9,1692,N,True
3,148,bot33__0,1692,N,True
3,272,bot33__0,1692,N,True
3,bot16__1,bot33__0,1692,N,True
3,reel25__0,bot28__5,1692,N,True
3,reel25__0,reel34__4,1692,N,True
3,66,reel34__4,1692,N,True
3,reel25__0,bot64__5,1692,N,True
3,13,bot5__7,1692,N,True
3,222,bot5__7,1692,N,True
3,13,reel6__0,1692,N,True
3,147,reel6__0,1692,N,True
3,13,reel13__4,1692,N,True
3,123,reel13__4,1692,N,True
3,13,reel24__2,1692,N,True
3,45,reel24__2,1692,N,True
3,13,bot42__2,1692,N,True
3,13,bot81__9,1692,N,True
3,202,bot5__1,1692,N,True
3,276,bot5__1,1692,N,True
3,45,bot5__1,1692,N,True
3,276,reel12__1,1692,N,True
3,276,bot25__6,1692,N,True
3,216,reel27__2,1692,N,True
3,276,reel27__2,1692,N,True
3,276,reel62__9,1692,N,True
3,19,reel62__9,1692,N,True
3,30,reel10__2,1692,N,True
3,279,reel10__2,1692,N,True
3,317,bot37__3,1692,N,True
3,279,bot37__3,1692,N,True
3,279,bot37__7,1692,N,True
3,320,reel65__7,1692,N,True
3,279,reel65__7,1692,N,True
3,279,bot71__3,1692,N,True
3,328,bot1__5,1692,N,True
3,237,bot1__5,1692,N,True
3,272,bot1__5,1692,N,True
3,204,bot6__0,1692,N,True
3,328,bot6__0,1692,N,True
3,71,bot6__0,1692,N,True
3,328,bot24__0,1692,N,True
3,106,reel75__1,1692,N,True
3,328,reel75__1,1692,N,True
3,89,reel22__9,1692,N,True
3,170,reel55__6,1692,N,True
3,89,reel55__6,1692,N,True
3,89,bot70__6,1692,N,True
3,70,reel22__1,1692,N,True
3,128,bot36__0,1692,N,True
3,70,bot36__0,1692,N,True
3,70,reel55__7,1692,N,True
3,177,bot5__8,1692,N,True
3,177,bot19__6,1692,N,True
3,177,reel25__1,1692,N,True
3,177,reel31__7,1692,N,True
3,177,reel33__1,1692,N,True
3,177,reel47__0,1692,N,True
3,113,bot7__8,1692,N,True
3,148,reel24__5,1692,N,True
3,132,reel24__5,1692,N,True
3,52,reel38__5,1692,N,True
3,132,reel38__5,1692,N,True
3,259,bot51__9,1692,N,True
3,132,bot51__9,1692,N,True
3,132,bot69__2,1692,N,True
3,125,reel45__2,1692,N,True
3,125,reel47__3,1692,N,True
3,125,reel82__9,1692,N,True
3,23,bot19__4,1692,N,True
3,23,reel64__2,1692,N,True
3,23,bot77__3,1692,N,True
3,80,bot9__3,1692,N,True
3,80,bot11__8,1692,N,True
3,80,bot16__9,1692,N,True
3,327,bot16__9,1692,N,True
3,80,reel24__0,1692,N,True
3,227,reel24__0,1692,N,True
3,80,reel39__3,1692,N,True
3,168,reel39__3,1692,N,True
3,80,reel40__8,1692,N,True
3,143,reel40__8,1692,N,True
3,61,bot24__5,1692,N,True
3,61,bot41__7,1692,N,True
3,61,bot66__9,1692,N,True
3,172,bot5__4,1692,N,True
3,172,reel82__8,1692,N,True
3,175,reel11__5,1692,N,True
3,221,reel11__5,1692,N,True
3,175,reel52__0,1692,N,True
3,161,reel52__0,1692,N,True
3,175,bot80__0,1692,N,True
3,175,bot81__4,1692,N,True
3,248,bot29__5,1692,N,True
3,248,reel48__8,1692,N,True
3,259,bot16__5,1692,N,True
3,259,reel34__9,1692,N,True
3,259,reel51__3,1692,N,True
3,110,reel51__3,1692,N,True
3,179,reel51__3,1692,N,True
3,259,reel54__9,1692,N,True
3,166,reel54__9,1692,N,True
3,259,reel66__3,1692,N,True
3,106,reel25__3,1692,N,True
3,reel27__7,reel25__3,1692,N,True
3,reel27__7,bot50__8,1692,N,True
3,41,reel4__4,1692,N,True
3,170,reel4__4,1692,N,True
3,150,reel4__4,1692,N,True
3,41,bot9__2,1692,N,True
3,196,bot15__1,1692,N,True
3,196,bot20__1,1692,N,True
3,196,bot32__7,1692,N,True
3,196,bot36__8,1692,N,True
3,196,bot53__1,1692,N,True
3,196,bot54__2,1692,N,True
3,71,bot8__4,1692,N,True
3,71,bot11__2,1692,N,True
3,71,reel18__6,1692,N,True
3,71,reel53__5,1692,N,True
3,71,bot72__3,1692,N,True
3,45,bot2__9,1692,N,True
3,307,bot2__9,1692,N,True
3,45,reel9__5,1692,N,True
3,216,reel20__4,1692,N,True
3,45,reel20__4,1692,N,True
3,45,bot71__5,1692,N,True
3,45,reel77__6,1692,N,True
3,88,reel0__2,1692,N,True
3,214,reel0__2,1692,N,True
3,214,bot3__8,1692,N,True
3,76,reel20__0,1692,N,True
3,214,reel20__0,1692,N,True
3,214,reel30__8,1692,N,True
3,bot70__0,bot46__0,1692,N,True
3,136,reel71__8,1692,N,True
3,50,reel4__8,1692,N,True
3,166,reel4__8,1692,N,True
3,50,reel20__7,1692,N,True
3,320,reel20__7,1692,N,True
3,reel45__8,reel72__7,1692,N,True
3,221,reel47__5,1692,N,True
3,344,reel47__5,1692,N,True
3,221,bot72__8,1692,N,True
3,62,reel17__8,1692,N,True
3,155,reel17__8,1692,N,True
3,bot5__3,bot51__5,1692,N,True
3,54,reel36__3,1692,N,True
3,54,reel54__8,1692,N,True
3,54,bot61__8,1692,N,True
3,54,reel80__6,1692,N,True
3,128,reel4__6,1692,N,True
3,128,reel38__7,1692,N,True
3,133,reel4__3,1692,N,True
3,19,reel4__3,1692,N,True
3,133,bot20__3,1692,N,True
3,133,reel21__6,1692,N,True
3,133,reel38__9,1692,N,True
3,262,bot75__9,1692,N,True
3,73,bot1__2,1692,N,True
3,313,bot1__7,1692,N,True
3,73,bot1__7,1692,N,True
3,120,reel21__3,1692,N,True
3,73,reel21__3,1692,N,True
3,179,reel53__4,1692,N,True
3,179,bot55__5,1692,N,True
3,179,reel55__2,1692,N,True
3,108,bot1__9,1692,N,True
3,108,bot43__6,1692,N,True
3,108,reel71__3,1692,N,True
3,150,bot1__6,1692,N,True
3,150,reel8__5,1692,N,True
3,195,reel8__5,1692,N,True
3,150,bot17__6,1692,N,True
3,150,bot82__0,1692,N,True
3,338,reel1__3,1692,N,True
3,338,bot33__5,1692,N,True
3,338,reel53__8,1692,N,True
3,26,bot55__3,1692,N,True
3,338,bot55__3,1692,N,True
3,reel38__1,reel34__8,1692,N,True
3,195,reel60__5,1692,N,True
3,227,reel0__5,1692,N,True
3,104,reel0__5,1692,N,True
3,227,reel37__8,1692,N,True
3,166,bot63__4,1692,N,True
3,105,reel5__2,1692,N,True
3,147,reel5__2,1692,N,True
3,147,reel27__5,1692,N,True
3,344,reel27__5,1692,N,True
3,147,reel36__9,1692,N,True
3,147,reel55__9,1692,N,True
3,333,bot47__2,1692,N,True
3,228,reel25__4,1692,N,True
3,228,bot52__6,1692,N,True
3,217,reel3__0,1692,N,True
3,313,reel3__0,1692,N,True
3,299,reel3__0,1692,N,True
3,313,bot84__4,1692,N,True
3,202,reel2__5,1692,N,True
3,106,reel2__5,1692,N,True
3,202,bot23__7,1692,N,True
3,202,reel61__6,1692,N,True
3,143,reel11__0,1692,N,True
3,143,bot52__0,1692,N,True
3,64,reel7__3,1692,N,True
3,290,reel7__3,1692,N,True
3,290,bot44__5,1692,N,True
3,290,reel46__7,1692,N,True
3,290,reel64__8,1692,N,True
3,52,bot60__8,1692,N,True
3,36,bot60__8,1692,N,True
3,36,reel76__7,1692,N,True
3,103,reel5__9,1692,N,True
3,30,reel5__9,1692,N,True
3,30,reel26__5,1692,N,True
3,204,reel23__3,1692,N,True
3,19,reel23__3,1692,N,True
3,134,bot26__6,1692,N,True
3,317,bot26__6,1692,N,True
3,134,bot47__8,1692,N,True
3,170,reel37__4,1692,N,True
3,170,bot78__0,1692,N,True
3,299,reel11__3,1692,N,True
3,299,bot13__3,1692,N,True
3,299,reel19__7,1692,N,True
3,299,reel56__7,1692,N,True
3,110,bot22__1,1692,N,True
3,104,bot22__1,1692,N,True
3,347,bot29__1,1692,N,True
3,347,bot61__2,1692,N,True
3,247,bot83__0,1692,N,True
3,347,bot83__0,1692,N,True
3,22,bot2__2,1692,N,True
3,213,bot2__2,1692,N,True
3,213,bot8__2,1692,N,True
3,213,bot11__7,1692,N,True
3,213,bot34__8,1692,N,True
3,213,reel37__5,1692,N,True
3,216,bot30__1,1692,N,True
3,257,reel3__1,1692,N,True
3,88,reel3__1,1692,N,True
3,62,reel13__6,1692,N,True
3,62,bot40__5,1692,N,True
3,62,reel41__8,1692,N,True
3,62,bot61__9,1692,N,True
3,62,bot63__8,1692,N,True
3,7,bot23__1,1692,N,True
3,7,reel64__4,1692,N,True
3,7,bot80__9,1692,N,True
3,7,reel81__0,1692,N,True
3,88,bot14__4,1692,N,True
3,88,reel75__5,1692,N,True
3,88,reel75__7,1692,N,True
3,72,reel23__7,1692,N,True
3,105,reel23__7,1692,N,True
3,105,bot44__6,1692,N,True
3,157,bot46__5,1692,N,True
3,105,bot46__5,1692,N,True
3,105,bot47__4,1692,N,True
3,105,bot61__5,1692,N,True
3,244,bot22__4,1692,N,True
3,244,reel69__0,1692,N,True
3,reel1__9,reel10__3,1692,N,True
3,217,reel27__0,1692,N,True
3,reel1__9,reel27__0,1692,N,True
3,reel1__9,bot55__0,1692,N,True
3,219,reel50__5,1692,N,True
3,33,reel53__6,1692,N,True
3,219,reel53__6,1692,N,True
3,219,bot83__7,1692,N,True
3,162,reel35__5,1692,N,True
3,162,bot48__2,1692,N,True
3,162,reel53__2,1692,N,True
3,160,reel26__4,1692,N,True
3,160,bot33__9,1692,N,True
3,72,reel41__5,1692,N,True
3,reel42__2,reel53__3,1692,N,True
3,168,bot36__7,1692,N,True
3,307,bot36__7,1692,N,True
3,178,bot35__9,1692,N,True
3,111,reel11__7,1692,N,True
3,111,reel49__7,1692,N,True
3,171,reel78__1,1692,N,True
3,111,reel78__1,1692,N,True
3,237,bot9__0,1692,N,True
3,237,reel17__4,1692,N,True
3,237,bot52__5,1692,N,True
3,237,bot55__8,1692,N,True
3,237,reel59__6,1692,N,True
3,95,bot9__1,1692,N,True
3,123,bot0__5,1692,N,True
3,64,reel6__8,1692,N,True
3,123,reel6__8,1692,N,True
3,123,bot18__3,1692,N,True
3,bot68__5,bot58__9,1692,N,True
3,bot68__5,reel16__3,1692,N,True
3,231,bot5__9,1692,N,True
3,33,reel22__2,1692,N,True
3,231,reel22__2,1692,N,True
3,10,bot6__4,1692,N,True
3,10,bot26__1,1692,N,True
3,10,bot39__7,1692,N,True
3,10,reel76__9,1692,N,True
3,10,bot77__5,1692,N,True
3,139,bot8__7,1692,N,True
3,139,bot23__3,1692,N,True
3,139,reel25__9,1692,N,True
3,139,bot51__6,1692,N,True
3,139,reel64__1,1692,N,True
3,148,bot48__8,1692,N,True
3,224,reel41__9,1692,N,True
3,298,reel43__9,1692,N,True
3,298,reel76__5,1692,N,True
3,329,reel76__5,1692,N,True
3,120,bot40__9,1692,N,True
3,120,reel74__7,1692,N,True
3,329,reel39__2,1692,N,True
3,320,bot15__7,1692,N,True
3,76,reel35__8,1692,N,True
3,320,reel35__8,1692,N,True
3,145,bot31__1,1692,N,True
3,217,bot59__1,1692,N,True
3,bot2__7,bot59__1,1692,N,True
3,217,reel65__1,1692,N,True
3,217,reel72__1,1692,N,True
3,110,bot7__6,1692,N,True
3,84,bot19__3,1692,N,True
3,84,reel40__2,1692,N,True
3,84,bot63__7,1692,N,True
3,84,reel67__3,1692,N,True
3,84,reel72__3,1692,N,True
3,171,reel35__3,1692,N,True
3,116,bot40__2,1692,N,True
3,116,reel58__1,1692,N,True
3,116,reel71__7,1692,N,True
3,116,bot74__5,1692,N,True
3,116,bot77__4,1692,N,True
3,81,reel11__2,1692,N,True
3,81,bot25__5,1692,N,True
3,81,bot32__4,1692,N,True
3,81,bot74__4,1692,N,True
3,33,reel6__6,1692,N,True
3,19,reel6__6,1692,N,True
3,33,reel19__2,1692,N,True
3,33,reel32__8,1692,N,True
3,22,bot31__8,1692,N,True
3,22,bot59__3,1692,N,True
3,207,reel40__1,1692,N,True
3,207,reel69__7,1692,N,True
3,127,reel6__4,1692,N,True
3,127,reel57__3,1692,N,True
3,168,reel57__3,1692,N,True
3,269,bot42__6,1692,N,True
3,269,bot49__3,1692,N,True
3,52,bot39__1,1692,N,True
3,52,bot53__4,1692,N,True
3,327,bot13__4,1692,N,True
3,327,bot65__1,1692,N,True
3,327,reel83__3,1692,N,True
3,161,bot33__6,1692,N,True
3,26,bot16__8,1692,N,True
3,26,bot75__3,1692,N,True
3,281,bot15__2,1692,N,True
3,6,bot6__5,1692,N,True
3,6,bot12__7,1692,N,True
3,6,bot42__8,1692,N,True
3,6,bot67__4,1692,N,True
3,157,reel9__9,1692,N,True
3,157,bot21__9,1692,N,True
3,157,reel28__1,1692,N,True
3,157,bot32__3,1692,N,True
3,157,reel35__1,1692,N,True
3,157,bot58__1,1692,N,True
3,157,reel72__0,1692,N,True
3,311,reel62__1,1692,N,True
3,247,bot23__4,1692,N,True
3,247,reel38__0,1692,N,True
3,reel52__7,bot62__1,1692,N,True
3,reel52__7,reel65__9,1692,N,True
3,90,reel26__1,1692,N,True
3,90,bot64__4,1692,N,True
3,103,reel33__7,1692,N,True
3,76,bot38__2,1692,N,True
3,76,reel51__1,1692,N,True
3,76,reel60__3,1692,N,True
3,303,reel37__7,1692,N,True
3,83,bot74__3,1692,N,True
3,19,bot63__9,1692,N,True
3,34,bot26__9,1692,N,True
3,168,bot73__4,1692,N,True
3,266,bot19__1,1692,N,True
3,266,bot20__5,1692,N,True
3,266,bot34__4,1692,N,True
3,266,reel47__6,1692,N,True
3,bot2__7,bot25__7,1692,N,True
3,bot2__7,bot44__9,1692,N,True
3,98,bot33__7,1692,N,True
3,310,32,1693,N,True
3,0,32,1693,N,True
3,310,17,1693,N,True
3,0,17,1693,N,True
3,310,28,1693,N,True
3,0,28,1693,N,True
3,310,111,1693,N,True
3,0,111,1693,N,True
3,310,137,1693,N,True
3,0,137,1693,N,True
3,310,151,1693,N,True
3,0,151,1693,N,True
3,310,93,1693,N,True
3,0,93,1693,N,True
3,310,167,1693,N,True
3,0,167,1693,N,True
3,310,337,1693,N,True
3,0,337,1693,N,True
3,bot31__5,337,1693,N,True
3,reel15__1,337,1693,N,True
3,reel13__4,337,1693,N,True
3,310,243,1693,N,True
3,0,243,1693,N,True
3,310,14,1693,N,True
3,0,14,1693,N,True
3,reel35__6,14,1693,N,True
3,310,reel5__2,1693,N,True
3,310,bot12__0,1693,N,True
3,239,62,1693,N,True
3,0,62,1693,N,True
3,67,62,1693,N,True
3,reel13__6,62,1693,N,True
3,318,62,1693,N,True
3,142,62,1693,N,True
3,261,62,1693,N,True
3,122,62,1693,N,True
3,186,62,1693,N,True
3,26,62,1693,N,True
3,98,62,1693,N,True
3,239,238,1693,N,True
3,0,238,1693,N,True
3,82,238,1693,N,True
3,261,238,1693,N,True
3,118,238,1693,N,True
3,98,238,1693,N,True
3,252,238,1693,N,True
3,239,141,1693,N,True
3,0,141,1693,N,True
3,67,141,1693,N,True
3,122,141,1693,N,True
3,26,141,1693,N,True
3,98,141,1693,N,True
3,239,223,1693,N,True
3,0,223,1693,N,True
3,67,223,1693,N,True
3,261,223,1693,N,True
3,21,223,1693,N,True
3,186,223,1693,N,True
3,26,223,1693,N,True
3,98,223,1693,N,True
3,252,223,1693,N,True
3,239,211,1693,N,True
3,0,211,1693,N,True
3,82,211,1693,N,True
3,261,211,1693,N,True
3,118,211,1693,N,True
3,98,211,1693,N,True
3,239,56,1693,N,True
3,0,56,1693,N,True
3,67,56,1693,N,True
3,82,56,1693,N,True
3,98,56,1693,N,True
3,261,56,1693,N,True
3,142,56,1693,N,True
3,118,56,1693,N,True
3,21,56,1693,N,True
3,185,56,1693,N,True
3,104,56,1693,N,True
3,122,56,1693,N,True
3,213,56,1693,N,True
3,186,56,1693,N,True
3,26,56,1693,N,True
3,334,56,1693,N,True
3,132,56,1693,N,True
3,252,56,1693,N,True
3,239,276,1693,N,True
3,0,276,1693,N,True
3,84,276,1693,N,True
3,122,276,1693,N,True
3,26,276,1693,N,True
3,98,276,1693,N,True
3,26,295,1693,N,True
3,239,295,1693,N,True
3,0,295,1693,N,True
3,104,295,1693,N,True
3,239,234,1693,N,True
3,0,234,1693,N,True
3,122,176,1693,N,True
3,26,176,1693,N,True
3,239,176,1693,N,True
3,0,176,1693,N,True
3,239,325,1693,N,True
3,0,325,1693,N,True
3,67,325,1693,N,True
3,82,325,1693,N,True
3,261,325,1693,N,True
3,118,325,1693,N,True
3,21,325,1693,N,True
3,104,325,1693,N,True
3,122,325,1693,N,True
3,186,325,1693,N,True
3,26,325,1693,N,True
3,98,325,1693,N,True
3,252,325,1693,N,True
3,239,203,1693,N,True
3,0,203,1693,N,True
3,67,203,1693,N,True
3,82,203,1693,N,True
3,261,203,1693,N,True
3,142,203,1693,N,True
3,118,203,1693,N,True
3,21,203,1693,N,True
3,48,203,1693,N,True
3,104,203,1693,N,True
3,122,203,1693,N,True
3,186,203,1693,N,True
3,26,203,1693,N,True
3,334,203,1693,N,True
3,98,203,1693,N,True
3,239,313,1693,N,True
3,0,313,1693,N,True
3,67,313,1693,N,True
3,82,313,1693,N,True
3,84,313,1693,N,True
3,261,313,1693,N,True
3,118,313,1693,N,True
3,21,313,1693,N,True
3,26,313,1693,N,True
3,98,313,1693,N,True
3,252,313,1693,N,True
3,239,232,1693,N,True
3,0,232,1693,N,True
3,21,232,1693,N,True
3,122,232,1693,N,True
3,26,232,1693,N,True
3,239,322,1693,N,True
3,0,322,1693,N,True
3,67,322,1693,N,True
3,142,322,1693,N,True
3,118,322,1693,N,True
3,250,322,1693,N,True
3,48,322,1693,N,True
3,21,322,1693,N,True
3,185,322,1693,N,True
3,104,322,1693,N,True
3,122,322,1693,N,True
3,213,322,1693,N,True
3,186,322,1693,N,True
3,26,322,1693,N,True
3,252,322,1693,N,True
3,239,199,1693,N,True
3,0,199,1693,N,True
3,67,199,1693,N,True
3,82,199,1693,N,True
3,261,199,1693,N,True
3,118,199,1693,N,True
3,48,199,1693,N,True
3,186,199,1693,N,True
3,26,199,1693,N,True
3,98,199,1693,N,True
3,252,199,1693,N,True
3,239,188,1693,N,True
3,0,188,1693,N,True
3,67,188,1693,N,True
3,79,188,1693,N,True
3,142,188,1693,N,True
3,21,188,1693,N,True
3,3,188,1693,N,True
3,185,188,1693,N,True
3,104,188,1693,N,True
3,122,188,1693,N,True
3,186,188,1693,N,True
3,26,188,1693,N,True
3,334,188,1693,N,True
3,252,188,1693,N,True
3,239,109,1693,N,True
3,0,109,1693,N,True
3,67,109,1693,N,True
3,142,109,1693,N,True
3,118,109,1693,N,True
3,21,109,1693,N,True
3,104,109,1693,N,True
3,122,109,1693,N,True
3,186,109,1693,N,True
3,26,109,1693,N,True
3,98,109,1693,N,True
3,252,109,1693,N,True
3,239,265,1693,N,True
3,0,265,1693,N,True
3,67,265,1693,N,True
3,84,265,1693,N,True
3,261,265,1693,N,True
3,118,265,1693,N,True
3,26,265,1693,N,True
3,98,265,1693,N,True
3,252,265,1693,N,True
3,239,169,1693,N,True
3,0,169,1693,N,True
3,67,169,1693,N,True
3,82,169,1693,N,True
3,318,169,1693,N,True
3,142,169,1693,N,True
3,21,169,1693,N,True
3,185,169,1693,N,True
3,104,169,1693,N,True
3,122,169,1693,N,True
3,26,169,1693,N,True
3,334,169,1693,N,True
3,252,169,1693,N,True
3,239,280,1693,N,True
3,0,280,1693,N,True
3,67,280,1693,N,True
3,142,280,1693,N,True
3,21,280,1693,N,True
3,3,280,1693,N,True
3,185,280,1693,N,True
3,reel6__8,280,1693,N,True
3,122,280,1693,N,True
3,26,280,1693,N,True
3,98,280,1693,N,True
3,252,280,1693,N,True
3,239,60,1693,N,True
3,0,60,1693,N,True
3,239,13,1693,N,True
3,0,13,1693,N,True
3,67,13,1693,N,True
3,82,13,1693,N,True
3,261,13,1693,N,True
3,118,13,1693,N,True
3,21,13,1693,N,True
3,reel13__4,13,1693,N,True
3,26,13,1693,N,True
3,98,13,1693,N,True
3,252,13,1693,N,True
3,239,304,1693,N,True
3,0,304,1693,N,True
3,67,304,1693,N,True
3,84,304,1693,N,True
3,118,304,1693,N,True
3,21,304,1693,N,True
3,122,304,1693,N,True
3,26,304,1693,N,True
3,334,304,1693,N,True
3,98,304,1693,N,True
3,252,304,1693,N,True
3,239,271,1693,N,True
3,0,271,1693,N,True
3,67,271,1693,N,True
3,82,271,1693,N,True
3,318,271,1693,N,True
3,142,271,1693,N,True
3,118,271,1693,N,True
3,79,271,1693,N,True
3,48,271,1693,N,True
3,261,271,1693,N,True
3,21,271,1693,N,True
3,185,271,1693,N,True
3,122,271,1693,N,True
3,104,271,1693,N,True
3,186,271,1693,N,True
3,26,271,1693,N,True
3,98,271,1693,N,True
3,252,271,1693,N,True
3,239,66,1693,N,True
3,0,66,1693,N,True
3,67,66,1693,N,True
3,142,66,1693,N,True
3,21,66,1693,N,True
3,122,66,1693,N,True
3,26,66,1693,N,True
3,334,66,1693,N,True
3,252,66,1693,N,True
3,reel13__3,113,1693,N,True
3,239,113,1693,N,True
3,0,113,1693,N,True
3,67,113,1693,N,True
3,98,113,1693,N,True
3,261,113,1693,N,True
3,142,113,1693,N,True
3,104,113,1693,N,True
3,122,113,1693,N,True
3,186,113,1693,N,True
3,26,113,1693,N,True
3,334,113,1693,N,True
3,132,113,1693,N,True
3,252,113,1693,N,True
3,239,40,1693,N,True
3,0,40,1693,N,True
3,67,40,1693,N,True
3,142,40,1693,N,True
3,21,40,1693,N,True
3,213,40,1693,N,True
3,26,40,1693,N,True
3,334,40,1693,N,True
3,132,40,1693,N,True
3,239,277,1693,N,True
3,0,277,1693,N,True
3,67,277,1693,N,True
3,98,277,1693,N,True
3,142,277,1693,N,True
3,118,277,1693,N,True
3,21,277,1693,N,True
3,104,277,1693,N,True
3,122,277,1693,N,True
3,213,277,1693,N,True
3,186,277,1693,N,True
3,26,277,1693,N,True
3,334,277,1693,N,True
3,132,277,1693,N,True
3,252,277,1693,N,True
3,239,338,1693,N,True
3,0,338,1693,N,True
3,252,338,1693,N,True
3,239,170,1693,N,True
3,0,170,1693,N,True
3,67,170,1693,N,True
3,82,170,1693,N,True
3,bot45__5,170,1693,N,True
3,142,170,1693,N,True
3,250,170,1693,N,True
3,3,170,1693,N,True
3,21,170,1693,N,True
3,185,170,1693,N,True
3,122,170,1693,N,True
3,186,170,1693,N,True
3,26,170,1693,N,True
3,334,170,1693,N,True
3,98,170,1693,N,True
3,252,170,1693,N,True
3,239,272,1693,N,True
3,0,272,1693,N,True
3,67,272,1693,N,True
3,79,272,1693,N,True
3,21,272,1693,N,True
3,185,272,1693,N,True
3,bot1__5,272,1693,N,True
3,122,272,1693,N,True
3,213,272,1693,N,True
3,186,272,1693,N,True
3,98,272,1693,N,True
3,252,272,1693,N,True
3,239,72,1693,N,True
3,0,72,1693,N,True
3,67,72,1693,N,True
3,3,72,1693,N,True
3,26,72,1693,N,True
3,132,72,1693,N,True
3,252,72,1693,N,True
3,239,285,1693,N,True
3,0,285,1693,N,True
3,67,285,1693,N,True
3,261,285,1693,N,True
3,142,285,1693,N,True
3,185,285,1693,N,True
3,122,285,1693,N,True
3,213,285,1693,N,True
3,186,285,1693,N,True
3,26,285,1693,N,True
3,98,285,1693,N,True
3,252,285,1693,N,True
3,186,reel4__2,1693,N,True
3,239,reel4__2,1693,N,True
3,239,reel39__0,1693,N,True
3,239,reel57__7,1693,N,True
3,reel54__6,reel76__0,1693,N,True
3,239,reel76__0,1693,N,True
3,reel31__2,reel10__8,1693,N,True
3,reel31__2,reel33__5,1693,N,True
3,reel31__2,reel79__9,1693,N,True
3,reel51__5,reel48__1,1693,N,True
3,84,reel48__1,1693,N,True
3,reel51__5,reel49__2,1693,N,True
3,0,134,1693,N,True
3,67,134,1693,N,True
3,142,134,1693,N,True
3,21,134,1693,N,True
3,118,134,1693,N,True
3,26,134,1693,N,True
3,334,134,1693,N,True
3,132,134,1693,N,True
3,252,134,1693,N,True
3,0,161,1693,N,True
3,67,161,1693,N,True
3,142,161,1693,N,True
3,21,161,1693,N,True
3,118,161,1693,N,True
3,122,161,1693,N,True
3,213,161,1693,N,True
3,26,161,1693,N,True
3,252,161,1693,N,True
3,217,324,1693,N,True
3,0,324,1693,N,True
3,67,324,1693,N,True
3,118,324,1693,N,True
3,213,324,1693,N,True
3,252,324,1693,N,True
3,261,268,1693,N,True
3,118,268,1693,N,True
3,0,268,1693,N,True
3,82,268,1693,N,True
3,252,29,1693,N,True
3,0,29,1693,N,True
3,118,29,1693,N,True
3,82,29,1693,N,True
3,186,222,1693,N,True
3,0,222,1693,N,True
3,118,222,1693,N,True
3,82,222,1693,N,True
3,0,65,1693,N,True
3,82,65,1693,N,True
3,261,65,1693,N,True
3,118,65,1693,N,True
3,252,65,1693,N,True
3,261,16,1693,N,True
3,118,16,1693,N,True
3,0,16,1693,N,True
3,82,16,1693,N,True
3,118,reel21__8,1693,N,True
3,67,reel21__8,1693,N,True
3,118,reel46__3,1693,N,True
3,118,reel47__4,1693,N,True
3,0,236,1693,N,True
3,67,236,1693,N,True
3,84,236,1693,N,True
3,318,236,1693,N,True
3,142,236,1693,N,True
3,21,236,1693,N,True
3,122,236,1693,N,True
3,213,236,1693,N,True
3,186,236,1693,N,True
3,26,236,1693,N,True
3,252,236,1693,N,True
3,318,reel0__2,1693,N,True
3,318,bot1__9,1693,N,True
3,318,reel10__0,1693,N,True
3,318,bot12__2,1693,N,True
3,318,reel12__2,1693,N,True
3,185,reel12__2,1693,N,True
3,318,reel24__0,1693,N,True
3,318,reel37__3,1693,N,True
3,318,bot45__1,1693,N,True
3,318,bot52__6,1693,N,True
3,318,reel54__4,1693,N,True
3,reel70__6,reel62__2,1693,N,True
3,reel54__6,reel71__4,1693,N,True
3,reel70__6,reel71__4,1693,N,True
3,bot50__2,bot1__7,1693,N,True
3,bot50__2,reel16__3,1693,N,True
3,reel13__4,bot29__4,1693,N,True
3,0,bot30__4,1693,N,True
3,reel13__4,bot30__4,1693,N,True
3,reel13__4,bot31__0,1693,N,True
3,reel13__4,bot41__4,1693,N,True
3,reel13__4,reel43__6,1693,N,True
3,reel13__4,bot63__1,1693,N,True
3,reel13__4,reel79__7,1693,N,True
3,reel53__2,162,1693,N,True
3,0,162,1693,N,True
3,reel53__2,reel11__5,1693,N,True
3,reel14__5,reel11__5,1693,N,True
3,reel12__6,195,1693,N,True
3,0,195,1693,N,True
3,reel12__6,bot21__7,1693,N,True
3,reel12__6,reel25__1,1693,N,True
3,reel12__6,bot40__5,1693,N,True
3,reel37__8,reel41__0,1693,N,True
3,reel12__6,reel41__0,1693,N,True
3,79,reel41__0,1693,N,True
3,reel12__6,reel50__4,1693,N,True
3,334,339,1693,N,True
3,0,339,1693,N,True
3,334,229,1693,N,True
3,0,229,1693,N,True
3,0,308,1693,N,True
3,67,308,1693,N,True
3,142,308,1693,N,True
3,21,308,1693,N,True
3,213,308,1693,N,True
3,26,308,1693,N,True
3,334,308,1693,N,True
3,252,308,1693,N,True
3,334,50,1693,N,True
3,0,50,1693,N,True
3,0,128,1693,N,True
3,67,128,1693,N,True
3,104,128,1693,N,True
3,122,128,1693,N,True
3,213,128,1693,N,True
3,186,128,1693,N,True
3,26,128,1693,N,True
3,334,128,1693,N,True
3,98,128,1693,N,True
3,252,128,1693,N,True
3,334,bot8__0,1693,N,True
3,334,reel9__8,1693,N,True
3,334,bot16__3,1693,N,True
3,213,bot16__3,1693,N,True
3,334,bot21__8,1693,N,True
3,334,reel21__2,1693,N,True
3,reel13__3,reel32__9,1693,N,True
3,334,reel32__9,1693,N,True
3,334,reel37__1,1693,N,True
3,334,bot57__2,1693,N,True
3,reel13__3,bot16__5,1693,N,True
3,reel13__3,reel31__7,1693,N,True
3,reel13__3,reel56__8,1693,N,True
3,reel13__3,bot72__0,1693,N,True
3,reel13__3,bot78__4,1693,N,True
3,reel14__5,reel13__1,1693,N,True
3,reel14__5,reel31__1,1693,N,True
3,reel14__5,reel33__8,1693,N,True
3,reel14__5,bot37__7,1693,N,True
3,reel14__5,reel46__1,1693,N,True
3,0,196,1693,N,True
3,67,196,1693,N,True
3,0,45,1693,N,True
3,67,45,1693,N,True
3,142,45,1693,N,True
3,104,45,1693,N,True
3,122,45,1693,N,True
3,186,45,1693,N,True
3,132,45,1693,N,True
3,0,297,1693,N,True
3,67,297,1693,N,True
3,261,297,1693,N,True
3,142,297,1693,N,True
3,21,297,1693,N,True
3,185,297,1693,N,True
3,122,297,1693,N,True
3,26,297,1693,N,True
3,252,297,1693,N,True
3,0,332,1693,N,True
3,67,332,1693,N,True
3,142,332,1693,N,True
3,21,332,1693,N,True
3,48,332,1693,N,True
3,104,332,1693,N,True
3,122,332,1693,N,True
3,213,332,1693,N,True
3,26,332,1693,N,True
3,98,332,1693,N,True
3,252,332,1693,N,True
3,0,136,1693,N,True
3,67,136,1693,N,True
3,21,136,1693,N,True
3,122,136,1693,N,True
3,213,136,1693,N,True
3,0,290,1693,N,True
3,67,290,1693,N,True
3,185,290,1693,N,True
3,0,75,1693,N,True
3,67,75,1693,N,True
3,0,10,1693,N,True
3,142,10,1693,N,True
3,67,10,1693,N,True
3,0,158,1693,N,True
3,82,158,1693,N,True
3,67,158,1693,N,True
3,142,158,1693,N,True
3,26,158,1693,N,True
3,132,158,1693,N,True
3,0,315,1693,N,True
3,67,315,1693,N,True
3,98,315,1693,N,True
3,142,315,1693,N,True
3,21,315,1693,N,True
3,185,315,1693,N,True
3,122,315,1693,N,True
3,213,315,1693,N,True
3,26,315,1693,N,True
3,132,315,1693,N,True
3,252,315,1693,N,True
3,67,bot3__8,1693,N,True
3,67,reel9__9,1693,N,True
3,67,reel23__7,1693,N,True
3,67,reel29__1,1693,N,True
3,67,reel46__7,1693,N,True
3,67,bot84__9,1693,N,True
3,reel2__8,reel0__1,1693,N,True
3,reel2__8,bot14__2,1693,N,True
3,reel2__8,reel14__0,1693,N,True
3,reel2__8,reel32__8,1693,N,True
3,reel2__8,bot63__5,1693,N,True
3,reel2__8,bot81__2,1693,N,True
3,bot18__3,reel17__0,1693,N,True
3,0,154,1693,N,True
3,bot18__3,154,1693,N,True
3,bot45__3,bot36__4,1693,N,True
3,142,bot36__4,1693,N,True
3,bot45__3,bot7__6,1693,N,True
3,82,bot7__6,1693,N,True
3,bot45__3,bot55__3,1693,N,True
3,26,bot55__3,1693,N,True
3,bot45__3,bot62__6,1693,N,True
3,bot45__3,bot65__5,1693,N,True
3,reel54__6,reel22__8,1693,N,True
3,reel54__6,bot80__5,1693,N,True
3,reel6__3,263,1693,N,True
3,0,263,1693,N,True
3,reel6__3,bot12__8,1693,N,True
3,reel6__3,reel15__2,1693,N,True
3,reel6__3,reel20__6,1693,N,True
3,3,reel20__6,1693,N,True
3,reel6__3,bot32__4,1693,N,True
3,reel6__3,bot34__3,1693,N,True
3,reel6__3,reel37__4,1693,N,True
3,reel6__3,reel43__7,1693,N,True
3,reel6__3,reel73__1,1693,N,True
3,142,reel16__0,1693,N,True
3,142,reel16__6,1693,N,True
3,142,bot32__8,1693,N,True
3,269,reel33__9,1693,N,True
3,142,reel33__9,1693,N,True
3,213,reel33__9,1693,N,True
3,79,reel3__8,1693,N,True
3,79,bot6__9,1693,N,True
3,79,reel10__1,1693,N,True
3,79,reel25__8,1693,N,True
3,3,reel25__8,1693,N,True
3,79,bot47__1,1693,N,True
3,79,bot53__6,1693,N,True
3,250,reel2__4,1693,N,True
3,250,bot9__6,1693,N,True
3,250,reel31__9,1693,N,True
3,250,bot44__1,1693,N,True
3,250,bot45__2,1693,N,True
3,250,reel67__8,1693,N,True
3,250,bot69__0,1693,N,True
3,0,57,1693,N,True
3,213,57,1693,N,True
3,48,57,1693,N,True
3,0,320,1693,N,True
3,48,320,1693,N,True
3,0,53,1693,N,True
3,213,53,1693,N,True
3,48,53,1693,N,True
3,0,80,1693,N,True
3,213,80,1693,N,True
3,48,80,1693,N,True
3,0,126,1693,N,True
3,48,126,1693,N,True
3,0,299,1693,N,True
3,48,299,1693,N,True
3,0,30,1693,N,True
3,213,30,1693,N,True
3,48,30,1693,N,True
3,0,1,1693,N,True
3,48,1,1693,N,True
3,0,180,1693,N,True
3,48,180,1693,N,True
3,0,330,1693,N,True
3,48,330,1693,N,True
3,0,302,1693,N,True
3,48,302,1693,N,True
3,bot9__0,bot2__4,1693,N,True
3,48,bot2__4,1693,N,True
3,84,bot19__3,1693,N,True
3,48,bot19__3,1693,N,True
3,48,bot28__7,1693,N,True
3,48,bot79__5,1693,N,True
3,bot55__8,bot72__5,1693,N,True
3,reel56__4,85,1693,N,True
3,0,85,1693,N,True
3,3,85,1693,N,True
3,3,reel1__8,1693,N,True
3,3,reel7__0,1693,N,True
3,3,bot10__6,1693,N,True
3,3,bot17__9,1693,N,True
3,3,reel20__5,1693,N,True
3,3,reel20__8,1693,N,True
3,3,bot37__1,1693,N,True
3,3,bot54__9,1693,N,True
3,104,bot54__9,1693,N,True
3,bot9__0,bot4__5,1693,N,True
3,bot9__0,bot15__8,1693,N,True
3,bot9__0,bot18__8,1693,N,True
3,bot9__0,bot70__8,1693,N,True
3,0,19,1693,N,True
3,138,19,1693,N,True
3,138,reel26__9,1693,N,True
3,reel10__4,reel37__0,1693,N,True
3,138,reel37__0,1693,N,True
3,138,reel51__6,1693,N,True
3,138,bot78__5,1693,N,True
3,122,5,1693,N,True
3,0,5,1693,N,True
3,213,5,1693,N,True
3,122,284,1693,N,True
3,0,284,1693,N,True
3,21,284,1693,N,True
3,122,251,1693,N,True
3,0,251,1693,N,True
3,21,251,1693,N,True
3,122,281,1693,N,True
3,0,281,1693,N,True
3,21,281,1693,N,True
3,122,bot22__2,1693,N,True
3,122,reel36__7,1693,N,True
3,122,bot42__1,1693,N,True
3,122,reel62__3,1693,N,True
3,122,reel75__9,1693,N,True
3,reel10__4,307,1693,N,True
3,0,307,1693,N,True
3,reel10__4,68,1693,N,True
3,0,68,1693,N,True
3,bot10__7,68,1693,N,True
3,reel10__4,bot21__1,1693,N,True
3,reel10__4,bot27__8,1693,N,True
3,reel10__4,reel38__4,1693,N,True
3,reel10__4,reel54__7,1693,N,True
3,0,106,1693,N,True
3,bot10__7,106,1693,N,True
3,bot10__7,bot30__3,1693,N,True
3,bot10__7,bot55__9,1693,N,True
3,reel6__8,64,1693,N,True
3,217,64,1693,N,True
3,189,64,1693,N,True
3,0,64,1693,N,True
3,217,171,1693,N,True
3,189,171,1693,N,True
3,0,171,1693,N,True
3,217,150,1693,N,True
3,189,150,1693,N,True
3,0,150,1693,N,True
3,217,reel3__0,1693,N,True
3,217,bot59__1,1693,N,True
3,217,reel72__1,1693,N,True
3,252,reel72__1,1693,N,True
3,84,reel40__2,1693,N,True
3,84,bot63__7,1693,N,True
3,84,reel67__3,1693,N,True
3,84,reel72__3,1693,N,True
3,0,294,1693,N,True
3,reel13__6,294,1693,N,True
3,reel13__6,reel60__2,1693,N,True
3,bot0__0,bot8__6,1693,N,True
3,bot0__0,bot16__0,1693,N,True
3,bot0__0,bot66__9,1693,N,True
3,reel54__5,reel18__9,1693,N,True
3,reel54__5,reel22__9,1693,N,True
3,reel54__5,reel61__9,1693,N,True
3,reel54__5,reel72__8,1693,N,True
3,261,63,1693,N,True
3,0,63,1693,N,True
3,261,314,1693,N,True
3,0,314,1693,N,True
3,82,314,1693,N,True
3,0,148,1693,N,True
3,82,148,1693,N,True
3,261,148,1693,N,True
3,185,148,1693,N,True
3,98,148,1693,N,True
3,261,reel2__7,1693,N,True
3,261,bot7__7,1693,N,True
3,261,bot10__9,1693,N,True
3,261,reel32__6,1693,N,True
3,bot31__5,bot13__2,1693,N,True
3,bot31__5,bot82__7,1693,N,True
3,0,184,1693,N,True
3,21,184,1693,N,True
3,0,121,1693,N,True
3,21,121,1693,N,True
3,82,121,1693,N,True
3,0,39,1693,N,True
3,21,39,1693,N,True
3,0,159,1693,N,True
3,21,159,1693,N,True
3,21,bot5__3,1693,N,True
3,0,reel8__3,1693,N,True
3,21,reel8__3,1693,N,True
3,21,bot16__1,1693,N,True
3,21,bot27__1,1693,N,True
3,21,reel46__4,1693,N,True
3,21,reel78__9,1693,N,True
3,252,103,1693,N,True
3,0,103,1693,N,True
3,185,103,1693,N,True
3,98,103,1693,N,True
3,185,bot5__6,1693,N,True
3,185,reel38__2,1693,N,True
3,185,reel58__9,1693,N,True
3,bot33__4,reel31__8,1693,N,True
3,bot33__4,bot19__4,1693,N,True
3,bot33__4,bot42__3,1693,N,True
3,bot33__4,bot68__9,1693,N,True
3,104,reel0__5,1693,N,True
3,104,bot12__1,1693,N,True
3,104,reel13__7,1693,N,True
3,104,bot22__1,1693,N,True
3,104,reel29__7,1693,N,True
3,104,reel49__5,1693,N,True
3,reel6__8,reel55__4,1693,N,True
3,269,58,1693,N,True
3,0,58,1693,N,True
3,269,329,1693,N,True
3,0,329,1693,N,True
3,269,81,1693,N,True
3,0,81,1693,N,True
3,269,bot42__6,1693,N,True
3,0,258,1693,N,True
3,reel15__1,258,1693,N,True
3,98,258,1693,N,True
3,reel15__1,reel51__4,1693,N,True
3,reel15__1,reel71__0,1693,N,True
3,reel67__9,reel0__6,1693,N,True
3,reel67__9,reel63__6,1693,N,True
3,reel67__9,reel71__9,1693,N,True
3,0,204,1693,N,True
3,213,204,1693,N,True
3,0,249,1693,N,True
3,213,249,1693,N,True
3,0,7,1693,N,True
3,213,7,1693,N,True
3,0,340,1693,N,True
3,213,340,1693,N,True
3,0,291,1693,N,True
3,bot52__5,291,1693,N,True
3,213,291,1693,N,True
3,26,291,1693,N,True
3,98,291,1693,N,True
3,252,291,1693,N,True
3,0,87,1693,N,True
3,213,87,1693,N,True
3,186,178,1693,N,True
3,0,178,1693,N,True
3,213,178,1693,N,True
3,0,246,1693,N,True
3,213,246,1693,N,True
3,0,96,1693,N,True
3,213,96,1693,N,True
3,213,bot2__2,1693,N,True
3,213,reel7__4,1693,N,True
3,213,bot8__2,1693,N,True
3,213,bot11__7,1693,N,True
3,189,reel30__5,1693,N,True
3,213,reel30__5,1693,N,True
3,213,bot34__8,1693,N,True
3,213,reel37__5,1693,N,True
3,213,bot80__4,1693,N,True
3,reel37__8,reel0__8,1693,N,True
3,reel37__8,227,1693,N,True
3,0,227,1693,N,True
3,reel37__8,reel9__2,1693,N,True
3,reel37__8,reel50__2,1693,N,True
3,reel37__8,reel57__0,1693,N,True
3,reel37__8,reel73__8,1693,N,True
3,26,257,1693,N,True
3,0,257,1693,N,True
3,26,133,1693,N,True
3,0,133,1693,N,True
3,26,bot0__2,1693,N,True
3,26,reel60__6,1693,N,True
3,26,bot75__3,1693,N,True
3,0,317,1693,N,True
3,132,317,1693,N,True
3,0,311,1693,N,True
3,132,311,1693,N,True
3,132,bot7__3,1693,N,True
3,186,reel16__5,1693,N,True
3,132,reel16__5,1693,N,True
3,132,reel24__5,1693,N,True
3,132,reel38__5,1693,N,True
3,132,bot39__4,1693,N,True
3,132,reel47__7,1693,N,True
3,132,bot51__9,1693,N,True
3,0,24,1693,N,True
3,0,175,1693,N,True
3,0,46,1693,N,True
3,0,116,1693,N,True
3,0,270,1693,N,True
3,0,76,1693,N,True
3,0,312,1693,N,True
3,0,214,1693,N,True
3,0,71,1693,N,True
3,0,333,1693,N,True
3,0,207,1693,N,True
3,0,168,1693,N,True
3,186,341,1693,N,True
3,0,341,1693,N,True
3,0,78,1693,N,True
3,0,38,1693,N,True
3,0,27,1693,N,True
3,0,144,1693,N,True
3,0,146,1693,N,True
3,0,300,1693,N,True
3,0,149,1693,N,True
3,0,326,1693,N,True
3,0,255,1693,N,True
3,0,49,1693,N,True
3,0,125,1693,N,True
3,0,266,1693,N,True
3,0,278,1693,N,True
3,0,230,1693,N,True
3,0,70,1693,N,True
3,0,286,1693,N,True
3,0,33,1693,N,True
3,0,42,1693,N,True
3,0,347,1693,N,True
3,0,279,1693,N,True
3,0,192,1693,N,True
3,0,181,1693,N,True
3,0,8,1693,N,True
3,0,245,1693,N,True
3,0,129,1693,N,True
3,bot1__5,328,1693,N,True
3,0,328,1693,N,True
3,0,163,1693,N,True
3,0,173,1693,N,True
3,0,306,1693,N,True
3,0,177,1693,N,True
3,0,259,1693,N,True
3,0,91,1693,N,True
3,0,6,1693,N,True
3,bot72__6,6,1693,N,True
3,0,89,1693,N,True
3,0,107,1693,N,True
3,0,208,1693,N,True
3,186,221,1693,N,True
3,0,221,1693,N,True
3,0,264,1693,N,True
3,0,225,1693,N,True
3,0,152,1693,N,True
3,0,289,1693,N,True
3,0,260,1693,N,True
3,0,160,1693,N,True
3,0,321,1693,N,True
3,reel53__0,131,1693,N,True
3,0,131,1693,N,True
3,0,220,1693,N,True
3,0,44,1693,N,True
3,0,193,1693,N,True
3,0,97,1693,N,True
3,0,124,1693,N,True
3,0,112,1693,N,True
3,0,90,1693,N,True
3,0,179,1693,N,True
3,0,216,1693,N,True
3,0,145,1693,N,True
3,0,157,1693,N,True
3,0,4,1693,N,True
3,0,95,1693,N,True
3,0,120,1693,N,True
3,0,247,1693,N,True
3,0,190,1693,N,True
3,0,282,1693,N,True
3,0,244,1693,N,True
3,0,233,1693,N,True
3,0,155,1693,N,True
3,0,191,1693,N,True
3,0,147,1693,N,True
3,0,206,1693,N,True
3,0,164,1693,N,True
3,reel38__8,240,1693,N,True
3,0,240,1693,N,True
3,0,77,1693,N,True
3,0,219,1693,N,True
3,0,305,1693,N,True
3,0,198,1693,N,True
3,0,182,1693,N,True
3,0,336,1693,N,True
3,0,241,1693,N,True
3,0,253,1693,N,True
3,0,183,1693,N,True
3,0,52,1693,N,True
3,0,34,1693,N,True
3,0,35,1693,N,True
3,0,reel42__2,1693,N,True
3,98,reel42__2,1693,N,True
3,0,bot68__5,1693,N,True
3,bot67__5,bot70__7,1693,N,True
3,82,bot2__3,1693,N,True
3,82,reel42__1,1693,N,True
3,82,bot53__4,1693,N,True
3,82,bot58__0,1693,N,True
3,bot46__2,bot14__4,1693,N,True
3,bot46__2,bot52__2,1693,N,True
3,reel35__6,bot48__5,1693,N,True
3,reel35__6,bot81__1,1693,N,True
3,reel56__4,bot60__5,1693,N,True
3,reel38__8,reel26__2,1693,N,True
3,reel38__8,reel17__7,1693,N,True
3,reel38__8,reel51__9,1693,N,True
3,reel38__8,reel55__0,1693,N,True
3,189,bot2__8,1693,N,True
3,189,bot38__6,1693,N,True
3,189,reel48__2,1693,N,True
3,189,bot56__2,1693,N,True
3,189,bot65__4,1693,N,True
3,189,reel83__4,1693,N,True
3,bot52__5,reel42__3,1693,N,True
3,bot1__5,bot37__9,1693,N,True
3,bot72__6,reel28__0,1693,N,True
3,186,bot4__4,1693,N,True
3,186,bot5__4,1693,N,True
3,186,reel6__7,1693,N,True
3,186,reel17__2,1693,N,True
3,186,reel49__0,1693,N,True
3,186,bot56__8,1693,N,True
3,186,bot62__7,1693,N,True
3,bot45__5,bot20__3,1693,N,True
3,98,bot33__7,1693,N,True
3,98,reel40__4,1693,N,True
3,252,reel4__3,1693,N,True
3,252,bot8__8,1693,N,True
3,252,bot61__3,1693,N,True
3,336,reel0__8,1694,N,True
3,bot7__4,reel0__8,1694,N,True
3,108,reel0__8,1694,N,True
3,135,reel0__8,1694,N,True
3,135,bot43__2,1694,N,True
3,129,reel43__7,1694,N,True
3,135,reel43__7,1694,N,True
3,202,reel66__9,1694,N,True
3,135,reel66__9,1694,N,True
3,307,reel70__8,1694,N,True
3,135,reel70__8,1694,N,True
3,bot8__8,bot7__0,1694,N,True
3,188,bot7__0,1694,N,True
3,bot8__8,bot80__8,1694,N,True
3,24,bot80__8,1694,N,True
3,reel24__9,reel47__9,1694,N,True
3,reel24__9,bot80__4,1694,N,True
3,reel7__3,bot80__4,1694,N,True
3,213,bot80__4,1694,N,True
3,321,reel4__0,1694,N,True
3,reel23__8,reel4__0,1694,N,True
3,336,reel4__0,1694,N,True
3,reel7__3,reel4__0,1694,N,True
3,27,reel10__5,1694,N,True
3,reel7__3,reel10__5,1694,N,True
3,266,bot20__5,1694,N,True
3,reel7__3,bot20__5,1694,N,True
3,94,bot50__5,1694,N,True
3,reel77__8,reel57__5,1694,N,True
3,94,reel57__5,1694,N,True
3,42,bot59__9,1694,N,True
3,94,bot59__9,1694,N,True
3,94,reel69__2,1694,N,True
3,270,reel72__5,1694,N,True
3,94,reel72__5,1694,N,True
3,reel35__9,reel11__2,1694,N,True
3,reel4__6,reel11__2,1694,N,True
3,31,reel11__2,1694,N,True
3,reel35__9,reel49__2,1694,N,True
3,reel42__8,reel65__8,1694,N,True
3,reel35__9,reel65__8,1694,N,True
3,88,reel1__1,1694,N,True
3,86,reel1__1,1694,N,True
3,86,bot4__1,1694,N,True
3,301,bot4__1,1694,N,True
3,134,reel5__3,1694,N,True
3,258,reel5__3,1694,N,True
3,86,reel5__3,1694,N,True
3,reel14__2,bot23__6,1694,N,True
3,86,bot23__6,1694,N,True
3,reel1__9,reel24__8,1694,N,True
3,279,reel24__8,1694,N,True
3,86,reel24__8,1694,N,True
3,133,bot27__1,1694,N,True
3,86,bot27__1,1694,N,True
3,86,reel30__1,1694,N,True
3,reel7__2,bot19__8,1694,N,True
3,reel7__2,reel26__5,1694,N,True
3,30,reel26__5,1694,N,True
3,232,reel26__5,1694,N,True
3,reel7__2,bot43__3,1694,N,True
3,reel7__2,reel53__7,1694,N,True
3,177,reel53__7,1694,N,True
3,246,reel0__3,1694,N,True
3,204,reel0__3,1694,N,True
3,31,reel0__3,1694,N,True
3,bot1__6,reel0__3,1694,N,True
3,reel7__1,bot17__8,1694,N,True
3,bot1__6,bot17__8,1694,N,True
3,bot1__6,bot27__3,1694,N,True
3,bot1__6,bot69__3,1694,N,True
3,bot17__1,bot16__2,1694,N,True
3,307,bot16__2,1694,N,True
3,61,bot16__2,1694,N,True
3,bot17__1,bot53__9,1694,N,True
3,bot17__1,bot71__5,1694,N,True
3,45,bot71__5,1694,N,True
3,bot5__0,bot10__9,1694,N,True
3,261,bot10__9,1694,N,True
3,232,bot10__9,1694,N,True
3,2,reel10__7,1694,N,True
3,reel26__4,reel10__7,1694,N,True
3,232,reel10__7,1694,N,True
3,263,bot43__0,1694,N,True
3,232,bot43__0,1694,N,True
3,232,bot53__5,1694,N,True
3,232,bot81__0,1694,N,True
3,27,reel21__0,1694,N,True
3,102,reel21__0,1694,N,True
3,5,reel21__0,1694,N,True
3,27,bot29__3,1694,N,True
3,bot26__5,bot29__3,1694,N,True
3,27,bot31__3,1694,N,True
3,89,bot31__3,1694,N,True
3,27,bot36__2,1694,N,True
3,27,reel38__3,1694,N,True
3,27,reel71__6,1694,N,True
3,bot72__6,reel28__0,1694,N,True
3,268,reel28__0,1694,N,True
3,reel76__6,reel48__7,1694,N,True
3,93,bot3__2,1694,N,True
3,93,reel7__7,1694,N,True
3,266,reel7__7,1694,N,True
3,272,reel7__7,1694,N,True
3,93,reel69__5,1694,N,True
3,25,reel69__5,1694,N,True
3,93,reel73__9,1694,N,True
3,1,bot1__3,1694,N,True
3,1,reel21__8,1694,N,True
3,118,reel21__8,1694,N,True
3,1,bot26__2,1694,N,True
3,reel8__5,bot26__2,1694,N,True
3,50,reel17__6,1694,N,True
3,reel13__8,reel17__6,1694,N,True
3,118,reel17__6,1694,N,True
3,118,bot34__7,1694,N,True
3,reel14__2,bot34__7,1694,N,True
3,151,bot43__4,1694,N,True
3,170,reel81__2,1694,N,True
3,151,reel81__2,1694,N,True
3,bot62__2,bot32__5,1694,N,True
3,bot18__2,bot32__5,1694,N,True
3,bot18__2,bot45__6,1694,N,True
3,97,bot4__8,1694,N,True
3,342,bot4__8,1694,N,True
3,271,reel8__7,1694,N,True
3,342,reel8__7,1694,N,True
3,188,reel17__9,1694,N,True
3,342,reel17__9,1694,N,True
3,255,bot24__6,1694,N,True
3,342,bot24__6,1694,N,True
3,322,bot17__2,1694,N,True
3,bot13__8,bot17__2,1694,N,True
3,bot64__7,reel20__3,1694,N,True
3,188,reel20__3,1694,N,True
3,reel83__4,reel20__3,1694,N,True
3,158,reel20__3,1694,N,True
3,97,bot3__6,1694,N,True
3,249,bot3__6,1694,N,True
3,196,reel9__1,1694,N,True
3,97,reel9__1,1694,N,True
3,10,reel9__1,1694,N,True
3,97,bot21__4,1694,N,True
3,305,reel23__2,1694,N,True
3,97,reel23__2,1694,N,True
3,97,bot32__9,1694,N,True
3,52,reel16__9,1694,N,True
3,5,reel16__9,1694,N,True
3,reel20__8,reel16__9,1694,N,True
3,254,reel21__7,1694,N,True
3,reel20__8,reel21__7,1694,N,True
3,10,bot27__5,1694,N,True
3,bot69__2,bot27__5,1694,N,True
3,reel20__8,bot27__5,1694,N,True
3,132,bot39__4,1694,N,True
3,reel20__8,bot39__4,1694,N,True
3,333,reel18__4,1694,N,True
3,229,reel18__4,1694,N,True
3,9,reel18__4,1694,N,True
3,229,reel28__7,1694,N,True
3,200,reel28__7,1694,N,True
3,255,reel28__7,1694,N,True
3,169,reel8__8,1694,N,True
3,169,reel48__9,1694,N,True
3,reel83__9,reel48__9,1694,N,True
3,169,reel68__2,1694,N,True
3,169,bot76__3,1694,N,True
3,138,reel23__6,1694,N,True
3,185,reel23__6,1694,N,True
3,103,reel26__9,1694,N,True
3,reel0__4,reel26__9,1694,N,True
3,138,reel26__9,1694,N,True
3,138,reel51__6,1694,N,True
3,312,reel6__5,1694,N,True
3,274,reel6__5,1694,N,True
3,312,bot9__5,1694,N,True
3,312,bot10__4,1694,N,True
3,312,bot10__8,1694,N,True
3,312,reel10__6,1694,N,True
3,202,reel10__6,1694,N,True
3,reel77__0,reel10__6,1694,N,True
3,143,reel10__6,1694,N,True
3,312,reel38__2,1694,N,True
3,185,reel38__2,1694,N,True
3,200,bot8__5,1694,N,True
3,211,bot8__5,1694,N,True
3,162,bot8__5,1694,N,True
3,280,reel16__0,1694,N,True
3,200,reel16__0,1694,N,True
3,142,reel16__0,1694,N,True
3,200,reel18__6,1694,N,True
3,71,reel18__6,1694,N,True
3,200,bot20__9,1694,N,True
3,200,reel25__3,1694,N,True
3,106,reel25__3,1694,N,True
3,191,bot28__4,1694,N,True
3,200,bot28__4,1694,N,True
3,200,bot38__2,1694,N,True
3,76,bot38__2,1694,N,True
3,200,bot58__6,1694,N,True
3,265,reel3__7,1694,N,True
3,166,reel3__7,1694,N,True
3,111,reel6__2,1694,N,True
3,265,reel6__2,1694,N,True
3,reel18__7,reel6__2,1694,N,True
3,5,reel6__2,1694,N,True
3,265,bot18__5,1694,N,True
3,80,reel22__8,1694,N,True
3,265,reel22__8,1694,N,True
3,265,reel23__9,1694,N,True
3,116,reel35__2,1694,N,True
3,265,reel35__2,1694,N,True
3,265,reel41__2,1694,N,True
3,265,bot43__1,1694,N,True
3,298,bot43__1,1694,N,True
3,reel29__1,reel58__7,1694,N,True
3,265,reel58__7,1694,N,True
3,bot3__4,bot64__1,1694,N,True
3,265,bot64__1,1694,N,True
3,52,reel11__9,1694,N,True
3,109,reel11__9,1694,N,True
3,196,bot15__1,1694,N,True
3,bot6__1,bot15__1,1694,N,True
3,109,bot15__1,1694,N,True
3,109,reel31__5,1694,N,True
3,109,bot70__2,1694,N,True
3,305,bot0__3,1694,N,True
3,176,bot0__3,1694,N,True
3,305,reel9__3,1694,N,True
3,2,reel9__3,1694,N,True
3,197,reel9__3,1694,N,True
3,bot31__7,reel9__3,1694,N,True
3,bot26__1,reel9__3,1694,N,True
3,305,reel55__8,1694,N,True
3,89,bot13__2,1694,N,True
3,202,reel15__8,1694,N,True
3,89,reel15__8,1694,N,True
3,89,reel16__1,1694,N,True
3,345,reel16__1,1694,N,True
3,164,bot21__3,1694,N,True
3,340,bot21__3,1694,N,True
3,89,bot21__3,1694,N,True
3,bot47__4,reel31__6,1694,N,True
3,89,reel31__6,1694,N,True
3,75,reel31__6,1694,N,True
3,158,reel59__2,1694,N,True
3,89,reel59__2,1694,N,True
3,89,bot70__6,1694,N,True
3,177,reel80__2,1694,N,True
3,89,reel80__2,1694,N,True
3,bot54__1,bot23__2,1694,N,True
3,103,reel18__8,1694,N,True
3,bot54__1,reel18__8,1694,N,True
3,237,reel17__4,1694,N,True
3,249,reel17__4,1694,N,True
3,249,bot30__5,1694,N,True
3,296,reel11__4,1694,N,True
3,173,reel11__4,1694,N,True
3,296,reel58__2,1694,N,True
3,286,reel58__2,1694,N,True
3,296,reel83__8,1694,N,True
3,reel51__1,reel83__8,1694,N,True
3,107,bot20__0,1694,N,True
3,107,bot35__4,1694,N,True
3,62,bot35__4,1694,N,True
3,107,reel41__1,1694,N,True
3,61,reel20__5,1694,N,True
3,reel26__4,reel20__5,1694,N,True
3,61,bot24__5,1694,N,True
3,61,reel33__3,1694,N,True
3,345,reel33__3,1694,N,True
3,61,bot41__7,1694,N,True
3,175,reel18__2,1694,N,True
3,reel4__7,reel18__2,1694,N,True
3,175,reel38__4,1694,N,True
3,175,reel52__0,1694,N,True
3,161,reel52__0,1694,N,True
3,175,reel77__5,1694,N,True
3,175,bot80__0,1694,N,True
3,175,bot81__4,1694,N,True
3,bot25__6,bot30__7,1694,N,True
3,197,bot30__7,1694,N,True
3,66,bot17__7,1694,N,True
3,279,bot17__7,1694,N,True
3,66,reel21__5,1694,N,True
3,reel32__5,reel21__5,1694,N,True
3,272,reel21__5,1694,N,True
3,66,bot83__5,1694,N,True
3,71,bot8__4,1694,N,True
3,71,bot11__5,1694,N,True
3,322,reel15__9,1694,N,True
3,121,reel15__9,1694,N,True
3,71,reel15__9,1694,N,True
3,112,reel21__1,1694,N,True
3,71,reel21__1,1694,N,True
3,71,bot24__4,1694,N,True
3,278,bot24__4,1694,N,True
3,reel27__3,reel53__5,1694,N,True
3,71,reel53__5,1694,N,True
3,288,reel53__5,1694,N,True
3,71,bot72__3,1694,N,True
3,reel13__9,reel4__5,1694,N,True
3,62,reel4__5,1694,N,True
3,289,reel4__5,1694,N,True
3,reel13__9,reel9__2,1694,N,True
3,reel52__9,reel9__2,1694,N,True
3,327,reel9__2,1694,N,True
3,reel13__9,reel42__6,1694,N,True
3,reel13__9,bot49__2,1694,N,True
3,reel13__9,bot52__9,1694,N,True
3,reel8__3,reel9__6,1694,N,True
3,reel45__8,reel9__6,1694,N,True
3,188,reel9__6,1694,N,True
3,14,reel9__6,1694,N,True
3,reel45__8,reel8__0,1694,N,True
3,272,reel8__0,1694,N,True
3,341,reel8__0,1694,N,True
3,194,reel8__0,1694,N,True
3,56,reel72__7,1694,N,True
3,reel45__8,reel72__7,1694,N,True
3,221,reel12__9,1694,N,True
3,199,reel12__9,1694,N,True
3,158,reel12__9,1694,N,True
3,236,reel47__5,1694,N,True
3,221,reel47__5,1694,N,True
3,221,bot72__8,1694,N,True
3,198,reel1__3,1694,N,True
3,bot26__5,reel1__3,1694,N,True
3,338,reel1__3,1694,N,True
3,338,bot15__8,1694,N,True
3,251,reel19__8,1694,N,True
3,338,reel19__8,1694,N,True
3,19,reel19__8,1694,N,True
3,338,bot33__5,1694,N,True
3,338,bot55__3,1694,N,True
3,17,bot57__9,1694,N,True
3,338,bot57__9,1694,N,True
3,338,reel63__9,1694,N,True
3,338,reel81__8,1694,N,True
3,reel12__6,reel25__1,1694,N,True
3,177,reel25__1,1694,N,True
3,reel12__6,bot40__5,1694,N,True
3,62,bot40__5,1694,N,True
3,reel12__6,reel44__3,1694,N,True
3,reel12__6,reel47__3,1694,N,True
3,reel12__6,reel50__4,1694,N,True
3,reel32__5,reel50__4,1694,N,True
3,13,bot5__7,1694,N,True
3,bot60__2,bot5__7,1694,N,True
3,222,bot5__7,1694,N,True
3,reel4__7,bot5__7,1694,N,True
3,318,reel37__3,1694,N,True
3,222,reel37__3,1694,N,True
3,234,bot70__3,1694,N,True
3,20,bot15__4,1694,N,True
3,147,reel32__2,1694,N,True
3,166,reel32__2,1694,N,True
3,reel55__3,reel32__2,1694,N,True
3,reel55__3,bot72__4,1694,N,True
3,290,bot44__5,1694,N,True
3,50,reel57__8,1694,N,True
3,290,reel57__8,1694,N,True
3,180,reel64__8,1694,N,True
3,290,reel64__8,1694,N,True
3,201,bot81__2,1694,N,True
3,290,bot81__2,1694,N,True
3,178,reel13__2,1694,N,True
3,57,reel13__2,1694,N,True
3,111,reel13__2,1694,N,True
3,57,reel35__0,1694,N,True
3,17,reel35__0,1694,N,True
3,reel37__1,reel16__6,1694,N,True
3,142,reel16__6,1694,N,True
3,bot26__5,reel16__6,1694,N,True
3,reel76__1,reel16__6,1694,N,True
3,bot67__5,reel2__6,1694,N,True
3,337,reel2__6,1694,N,True
3,235,bot9__3,1694,N,True
3,337,bot9__3,1694,N,True
3,80,bot9__3,1694,N,True
3,337,bot14__5,1694,N,True
3,320,bot14__5,1694,N,True
3,258,reel15__1,1694,N,True
3,337,reel15__1,1694,N,True
3,123,reel15__1,1694,N,True
3,337,bot31__5,1694,N,True
3,337,reel34__5,1694,N,True
3,269,bot49__3,1694,N,True
3,reel13__6,bot49__3,1694,N,True
3,reel13__6,reel60__2,1694,N,True
3,bot62__2,reel39__8,1694,N,True
3,180,reel18__1,1694,N,True
3,237,reel18__1,1694,N,True
3,180,reel26__3,1694,N,True
3,reel24__1,reel26__3,1694,N,True
3,180,bot50__9,1694,N,True
3,44,bot3__7,1694,N,True
3,330,bot3__7,1694,N,True
3,24,bot3__7,1694,N,True
3,343,reel27__4,1694,N,True
3,24,reel27__4,1694,N,True
3,56,bot1__4,1694,N,True
3,31,bot1__4,1694,N,True
3,130,bot1__4,1694,N,True
3,228,reel44__9,1694,N,True
3,31,reel44__9,1694,N,True
3,140,reel44__9,1694,N,True
3,188,reel29__3,1694,N,True
3,reel71__7,reel29__3,1694,N,True
3,132,bot0__4,1694,N,True
3,307,bot0__4,1694,N,True
3,301,bot0__4,1694,N,True
3,45,bot2__9,1694,N,True
3,307,bot2__9,1694,N,True
3,129,bot6__7,1694,N,True
3,219,bot6__7,1694,N,True
3,307,bot6__7,1694,N,True
3,226,reel10__4,1694,N,True
3,307,reel10__4,1694,N,True
3,reel82__5,reel19__3,1694,N,True
3,183,reel19__3,1694,N,True
3,133,reel19__3,1694,N,True
3,307,reel19__3,1694,N,True
3,168,bot36__7,1694,N,True
3,307,bot36__7,1694,N,True
3,178,bot7__5,1694,N,True
3,10,bot7__5,1694,N,True
3,178,bot35__9,1694,N,True
3,178,bot55__6,1694,N,True
3,bot40__6,bot55__6,1694,N,True
3,124,reel15__4,1694,N,True
3,reel26__7,reel15__4,1694,N,True
3,194,reel15__4,1694,N,True
3,reel26__7,bot81__7,1694,N,True
3,bot68__5,bot58__9,1694,N,True
3,231,reel0__6,1694,N,True
3,158,reel0__6,1694,N,True
3,346,reel0__6,1694,N,True
3,33,reel22__2,1694,N,True
3,231,reel22__2,1694,N,True
3,315,reel22__2,1694,N,True
3,231,bot74__2,1694,N,True
3,197,reel74__9,1694,N,True
3,231,reel74__9,1694,N,True
3,33,reel2__7,1694,N,True
3,261,reel2__7,1694,N,True
3,reel78__8,reel2__7,1694,N,True
3,76,reel60__3,1694,N,True
3,reel78__8,reel60__3,1694,N,True
3,139,bot8__7,1694,N,True
3,reel13__8,bot23__3,1694,N,True
3,139,bot23__3,1694,N,True
3,315,bot23__3,1694,N,True
3,139,reel25__9,1694,N,True
3,bot7__7,bot40__4,1694,N,True
3,139,bot40__4,1694,N,True
3,139,bot51__6,1694,N,True
3,bot30__4,bot51__6,1694,N,True
3,139,bot60__4,1694,N,True
3,251,reel24__5,1694,N,True
3,132,reel24__5,1694,N,True
3,148,reel24__5,1694,N,True
3,148,bot40__0,1694,N,True
3,148,bot48__8,1694,N,True
3,235,reel10__3,1694,N,True
3,251,reel10__3,1694,N,True
3,reel1__9,reel10__3,1694,N,True
3,235,reel62__3,1694,N,True
3,205,reel62__3,1694,N,True
3,122,reel62__3,1694,N,True
3,235,reel79__0,1694,N,True
3,reel46__5,bot52__2,1694,N,True
3,reel46__5,reel63__6,1694,N,True
3,reel46__5,bot83__6,1694,N,True
3,39,bot8__3,1694,N,True
3,320,bot8__3,1694,N,True
3,320,bot15__7,1694,N,True
3,58,reel20__7,1694,N,True
3,50,reel20__7,1694,N,True
3,320,reel20__7,1694,N,True
3,320,reel25__5,1694,N,True
3,96,reel25__5,1694,N,True
3,76,reel35__8,1694,N,True
3,320,reel35__8,1694,N,True
3,320,reel65__7,1694,N,True
3,279,reel65__7,1694,N,True
3,177,reel33__1,1694,N,True
3,reel67__1,reel33__1,1694,N,True
3,reel67__1,reel81__4,1694,N,True
3,259,reel20__9,1694,N,True
3,199,reel20__9,1694,N,True
3,reel4__7,reel20__9,1694,N,True
3,bot71__8,reel40__3,1694,N,True
3,reel4__7,reel40__3,1694,N,True
3,reel4__7,reel59__3,1694,N,True
3,reel39__6,reel67__3,1694,N,True
3,84,reel67__3,1694,N,True
3,321,bot26__8,1694,N,True
3,226,bot26__8,1694,N,True
3,321,reel31__4,1694,N,True
3,321,reel79__4,1694,N,True
3,reel18__7,reel79__4,1694,N,True
3,130,bot74__6,1694,N,True
3,reel14__4,bot20__7,1694,N,True
3,reel18__7,bot20__7,1694,N,True
3,219,reel33__8,1694,N,True
3,reel18__7,reel33__8,1694,N,True
3,reel18__7,bot43__5,1694,N,True
3,reel30__7,bot43__5,1694,N,True
3,reel8__3,bot84__6,1694,N,True
3,reel18__7,bot84__6,1694,N,True
3,reel4__6,reel11__0,1694,N,True
3,143,reel11__0,1694,N,True
3,35,reel11__0,1694,N,True
3,196,bot20__1,1694,N,True
3,35,bot20__1,1694,N,True
3,54,reel54__8,1694,N,True
3,35,reel54__8,1694,N,True
3,164,reel54__8,1694,N,True
3,35,bot55__1,1694,N,True
3,35,reel76__8,1694,N,True
3,34,bot4__9,1694,N,True
3,282,bot4__9,1694,N,True
3,34,bot26__9,1694,N,True
3,34,reel47__7,1694,N,True
3,132,reel47__7,1694,N,True
3,133,reel4__3,1694,N,True
3,19,reel4__3,1694,N,True
3,252,reel4__3,1694,N,True
3,33,reel6__6,1694,N,True
3,176,reel6__6,1694,N,True
3,19,reel6__6,1694,N,True
3,reel51__1,reel6__6,1694,N,True
3,19,reel8__6,1694,N,True
3,276,reel62__9,1694,N,True
3,19,reel62__9,1694,N,True
3,19,bot63__9,1694,N,True
3,reel23__8,reel47__6,1694,N,True
3,266,reel47__6,1694,N,True
3,341,reel47__6,1694,N,True
3,283,reel5__0,1694,N,True
3,25,reel5__0,1694,N,True
3,326,reel5__0,1694,N,True
3,25,bot20__6,1694,N,True
3,297,bot20__6,1694,N,True
3,reel4__6,reel27__1,1694,N,True
3,reel32__5,reel27__1,1694,N,True
3,reel69__1,reel27__1,1694,N,True
3,25,reel27__1,1694,N,True
3,162,reel35__5,1694,N,True
3,25,reel35__5,1694,N,True
3,reel8__3,reel28__3,1694,N,True
3,reel1__9,reel28__3,1694,N,True
3,340,reel37__9,1694,N,True
3,reel75__2,reel50__6,1694,N,True
3,63,reel14__1,1694,N,True
3,260,reel14__1,1694,N,True
3,165,reel14__1,1694,N,True
3,44,reel15__6,1694,N,True
3,58,reel15__6,1694,N,True
3,260,reel15__6,1694,N,True
3,260,bot32__6,1694,N,True
3,198,reel39__7,1694,N,True
3,260,reel39__7,1694,N,True
3,reel16__3,reel5__9,1694,N,True
3,103,reel5__9,1694,N,True
3,30,reel5__9,1694,N,True
3,reel16__3,reel26__2,1694,N,True
3,5,reel26__2,1694,N,True
3,224,reel46__6,1694,N,True
3,reel16__3,reel46__6,1694,N,True
3,reel16__3,bot50__2,1694,N,True
3,237,bot50__2,1694,N,True
3,reel16__3,reel63__7,1694,N,True
3,268,reel63__7,1694,N,True
3,reel16__3,bot78__3,1694,N,True
3,bot67__6,bot83__1,1694,N,True
3,reel14__8,reel19__9,1694,N,True
3,226,reel19__9,1694,N,True
3,212,reel19__9,1694,N,True
3,112,reel21__9,1694,N,True
3,212,reel21__9,1694,N,True
3,84,reel21__9,1694,N,True
3,121,reel63__5,1694,N,True
3,212,reel63__5,1694,N,True
3,193,reel70__7,1694,N,True
3,280,bot44__1,1694,N,True
3,280,reel82__7,1694,N,True
3,56,bot13__4,1694,N,True
3,327,bot13__4,1694,N,True
3,56,bot36__8,1694,N,True
3,196,bot36__8,1694,N,True
3,112,reel4__1,1694,N,True
3,346,reel4__1,1694,N,True
3,reel14__4,reel12__0,1694,N,True
3,112,reel12__0,1694,N,True
3,112,reel18__0,1694,N,True
3,112,bot25__4,1694,N,True
3,112,reel37__6,1694,N,True
3,reel42__8,reel0__1,1694,N,True
3,39,reel0__1,1694,N,True
3,302,reel0__1,1694,N,True
3,42,reel0__1,1694,N,True
3,39,reel1__4,1694,N,True
3,236,reel1__4,1694,N,True
3,reel69__1,reel1__4,1694,N,True
3,39,bot14__6,1694,N,True
3,346,bot14__6,1694,N,True
3,39,bot25__1,1694,N,True
3,39,reel48__1,1694,N,True
3,84,reel48__1,1694,N,True
3,39,reel54__3,1694,N,True
3,173,bot10__2,1694,N,True
3,326,bot10__2,1694,N,True
3,263,reel23__5,1694,N,True
3,326,reel23__5,1694,N,True
3,2,reel11__3,1694,N,True
3,164,reel11__3,1694,N,True
3,259,reel34__9,1694,N,True
3,164,reel34__9,1694,N,True
3,reel24__4,reel5__7,1694,N,True
3,168,reel5__7,1694,N,True
3,325,reel5__7,1694,N,True
3,reel24__4,reel60__8,1694,N,True
3,reel39__1,reel60__8,1694,N,True
3,263,reel6__3,1694,N,True
3,263,reel7__9,1694,N,True
3,194,reel7__9,1694,N,True
3,263,bot38__9,1694,N,True
3,263,reel48__6,1694,N,True
3,289,reel48__6,1694,N,True
3,261,reel32__6,1694,N,True
3,44,reel2__4,1694,N,True
3,reel46__3,reel2__4,1694,N,True
3,44,bot42__0,1694,N,True
3,44,bot56__0,1694,N,True
3,336,bot10__5,1694,N,True
3,bot4__0,bot10__5,1694,N,True
3,336,bot19__0,1694,N,True
3,336,reel70__2,1694,N,True
3,16,reel18__3,1694,N,True
3,16,reel45__7,1694,N,True
3,16,bot82__2,1694,N,True
3,99,reel2__8,1694,N,True
3,246,reel13__0,1694,N,True
3,99,reel13__0,1694,N,True
3,99,reel13__5,1694,N,True
3,166,reel13__5,1694,N,True
3,99,reel14__3,1694,N,True
3,256,reel14__3,1694,N,True
3,52,bot3__3,1694,N,True
3,182,bot3__3,1694,N,True
3,88,bot7__9,1694,N,True
3,182,bot7__9,1694,N,True
3,182,bot12__5,1694,N,True
3,158,bot36__5,1694,N,True
3,158,reel65__4,1694,N,True
3,158,bot74__7,1694,N,True
3,203,reel2__9,1694,N,True
3,40,reel2__9,1694,N,True
3,203,reel23__0,1694,N,True
3,185,reel23__0,1694,N,True
3,203,bot42__5,1694,N,True
3,203,reel60__0,1694,N,True
3,42,reel60__0,1694,N,True
3,reel13__8,reel41__7,1694,N,True
3,reel64__6,reel43__8,1694,N,True
3,reel13__8,reel43__8,1694,N,True
3,reel13__8,bot50__0,1694,N,True
3,reel73__0,reel64__9,1694,N,True
3,reel13__8,reel64__9,1694,N,True
3,198,reel9__7,1694,N,True
3,bot12__0,reel9__7,1694,N,True
3,bot12__0,bot81__5,1694,N,True
3,reel29__1,bot70__5,1694,N,True
3,reel29__1,bot82__3,1694,N,True
3,205,reel30__6,1694,N,True
3,220,reel30__6,1694,N,True
3,220,reel56__9,1694,N,True
3,140,reel56__9,1694,N,True
3,220,bot76__4,1694,N,True
3,36,bot76__4,1694,N,True
3,253,reel70__0,1694,N,True
3,bot71__8,reel70__0,1694,N,True
3,reel46__3,reel63__8,1694,N,True
3,reel32__5,reel63__8,1694,N,True
3,300,reel83__7,1694,N,True
3,reel32__5,reel83__7,1694,N,True
3,reel39__1,reel83__7,1694,N,True
3,183,bot30__9,1694,N,True
3,183,bot36__9,1694,N,True
3,reel24__1,reel44__7,1694,N,True
3,reel24__1,bot76__9,1694,N,True
3,reel24__1,reel79__6,1694,N,True
3,reel60__5,reel79__6,1694,N,True
3,225,reel23__4,1694,N,True
3,251,reel55__1,1694,N,True
3,225,reel55__1,1694,N,True
3,147,reel61__3,1694,N,True
3,225,reel61__3,1694,N,True
3,202,bot5__1,1694,N,True
3,276,bot5__1,1694,N,True
3,45,bot5__1,1694,N,True
3,276,reel7__0,1694,N,True
3,reel36__5,reel7__0,1694,N,True
3,reel66__6,reel7__0,1694,N,True
3,276,reel12__1,1694,N,True
3,bot11__3,bot7__3,1694,N,True
3,17,bot7__3,1694,N,True
3,110,bot7__3,1694,N,True
3,132,bot7__3,1694,N,True
3,186,reel16__5,1694,N,True
3,132,reel16__5,1694,N,True
3,52,reel38__5,1694,N,True
3,132,reel38__5,1694,N,True
3,259,bot51__9,1694,N,True
3,132,bot51__9,1694,N,True
3,23,reel61__0,1694,N,True
3,23,reel64__2,1694,N,True
3,69,reel64__2,1694,N,True
3,23,reel72__6,1694,N,True
3,23,bot77__3,1694,N,True
3,82,bot7__6,1694,N,True
3,110,bot7__6,1694,N,True
3,82,reel42__1,1694,N,True
3,82,bot53__4,1694,N,True
3,52,bot53__4,1694,N,True
3,bot11__3,bot0__9,1694,N,True
3,108,bot0__9,1694,N,True
3,153,bot0__9,1694,N,True
3,172,bot0__9,1694,N,True
3,172,reel3__6,1694,N,True
3,reel66__0,reel3__6,1694,N,True
3,172,bot8__9,1694,N,True
3,172,bot11__6,1694,N,True
3,219,bot13__1,1694,N,True
3,172,bot13__1,1694,N,True
3,49,bot15__0,1694,N,True
3,172,bot15__0,1694,N,True
3,110,bot15__0,1694,N,True
3,205,reel82__8,1694,N,True
3,172,reel82__8,1694,N,True
3,reel50__8,reel71__1,1694,N,True
3,258,reel71__1,1694,N,True
3,reel50__8,reel72__0,1694,N,True
3,157,reel72__0,1694,N,True
3,reel50__8,reel82__4,1694,N,True
3,157,reel82__4,1694,N,True
3,259,bot4__7,1694,N,True
3,259,bot25__3,1694,N,True
3,bot6__1,bot25__3,1694,N,True
3,194,bot25__3,1694,N,True
3,211,reel54__9,1694,N,True
3,259,reel54__9,1694,N,True
3,166,reel54__9,1694,N,True
3,259,reel66__3,1694,N,True
3,259,reel70__5,1694,N,True
3,reel9__4,reel12__7,1694,N,True
3,reel9__4,bot32__2,1694,N,True
3,reel9__4,reel42__7,1694,N,True
3,reel9__4,reel67__7,1694,N,True
3,251,reel26__8,1694,N,True
3,reel6__8,reel55__4,1694,N,True
3,251,reel55__4,1694,N,True
3,251,bot78__7,1694,N,True
3,9,bot33__1,1694,N,True
3,186,reel6__7,1694,N,True
3,270,reel6__7,1694,N,True
3,186,reel17__2,1694,N,True
3,36,reel17__2,1694,N,True
3,186,reel46__9,1694,N,True
3,186,reel49__0,1694,N,True
3,186,bot56__8,1694,N,True
3,186,bot63__2,1694,N,True
3,reel14__4,bot21__2,1694,N,True
3,reel14__4,reel35__1,1694,N,True
3,157,reel35__1,1694,N,True
3,bot28__6,bot63__0,1694,N,True
3,54,bot2__4,1694,N,True
3,226,bot2__4,1694,N,True
3,54,reel10__1,1694,N,True
3,79,reel10__1,1694,N,True
3,111,reel10__1,1694,N,True
3,54,reel11__1,1694,N,True
3,117,reel11__1,1694,N,True
3,54,bot13__7,1694,N,True
3,168,bot13__7,1694,N,True
3,54,bot41__5,1694,N,True
3,54,reel51__9,1694,N,True
3,173,reel3__8,1694,N,True
3,79,reel3__8,1694,N,True
3,173,reel19__0,1694,N,True
3,33,reel19__0,1694,N,True
3,173,bot35__7,1694,N,True
3,40,bot35__7,1694,N,True
3,173,bot66__6,1694,N,True
3,233,bot14__8,1694,N,True
3,233,reel48__3,1694,N,True
3,233,bot73__6,1694,N,True
3,reel13__3,reel31__7,1694,N,True
3,177,reel31__7,1694,N,True
3,58,reel32__9,1694,N,True
3,reel13__3,reel32__9,1694,N,True
3,334,reel32__9,1694,N,True
3,reel13__3,reel56__8,1694,N,True
3,reel13__3,reel65__5,1694,N,True
3,reel13__3,bot72__0,1694,N,True
3,96,bot72__0,1694,N,True
3,reel13__3,bot78__4,1694,N,True
3,202,reel61__6,1694,N,True
3,313,bot1__7,1694,N,True
3,288,bot1__7,1694,N,True
3,73,bot1__7,1694,N,True
3,313,bot84__4,1694,N,True
3,reel8__5,reel30__4,1694,N,True
3,36,reel30__4,1694,N,True
3,52,bot60__8,1694,N,True
3,36,bot60__8,1694,N,True
3,205,reel76__7,1694,N,True
3,36,reel76__7,1694,N,True
3,279,reel10__2,1694,N,True
3,30,reel10__2,1694,N,True
3,147,bot39__8,1694,N,True
3,30,bot39__8,1694,N,True
3,30,bot81__8,1694,N,True
3,141,reel0__5,1694,N,True
3,227,reel0__5,1694,N,True
3,104,reel0__5,1694,N,True
3,121,reel13__7,1694,N,True
3,reel14__2,reel13__7,1694,N,True
3,104,reel13__7,1694,N,True
3,104,bot22__8,1694,N,True
3,104,reel27__6,1694,N,True
3,104,reel29__7,1694,N,True
3,242,reel49__5,1694,N,True
3,104,reel49__5,1694,N,True
3,104,bot54__9,1694,N,True
3,126,bot1__2,1694,N,True
3,73,bot1__2,1694,N,True
3,126,bot3__5,1694,N,True
3,153,bot3__5,1694,N,True
3,126,bot21__9,1694,N,True
3,bot5__0,bot21__9,1694,N,True
3,157,bot21__9,1694,N,True
3,reel39__9,bot46__1,1694,N,True
3,reel39__9,reel46__4,1694,N,True
3,286,reel46__4,1694,N,True
3,reel39__9,reel63__2,1694,N,True
3,274,bot0__0,1694,N,True
3,283,bot0__0,1694,N,True
3,73,bot0__0,1694,N,True
3,274,bot6__6,1694,N,True
3,63,bot6__6,1694,N,True
3,75,bot6__6,1694,N,True
3,274,bot57__8,1694,N,True
3,274,reel78__6,1694,N,True
3,346,reel78__6,1694,N,True
3,91,reel6__1,1694,N,True
3,129,reel6__1,1694,N,True
3,reel78__1,reel21__6,1694,N,True
3,reel4__6,reel21__6,1694,N,True
3,133,reel21__6,1694,N,True
3,237,bot9__0,1694,N,True
3,237,bot15__6,1694,N,True
3,345,bot15__6,1694,N,True
3,237,bot52__5,1694,N,True
3,237,bot55__8,1694,N,True
3,bot56__7,bot55__8,1694,N,True
3,reel6__8,reel59__6,1694,N,True
3,237,reel59__6,1694,N,True
3,237,reel70__6,1694,N,True
3,288,reel70__6,1694,N,True
3,95,bot9__1,1694,N,True
3,272,reel32__1,1694,N,True
3,96,reel32__1,1694,N,True
3,272,bot52__8,1694,N,True
3,272,reel63__3,1694,N,True
3,224,bot16__6,1694,N,True
3,224,reel39__5,1694,N,True
3,reel14__8,reel39__5,1694,N,True
3,224,reel41__9,1694,N,True
3,reel8__5,reel41__9,1694,N,True
3,329,bot12__6,1694,N,True
3,55,bot29__7,1694,N,True
3,329,bot29__7,1694,N,True
3,141,reel39__2,1694,N,True
3,329,reel39__2,1694,N,True
3,14,reel39__2,1694,N,True
3,reel54__5,reel76__5,1694,N,True
3,329,reel76__5,1694,N,True
3,298,reel76__5,1694,N,True
3,58,bot60__9,1694,N,True
3,101,bot60__9,1694,N,True
3,322,reel12__4,1694,N,True
3,245,reel12__4,1694,N,True
3,110,reel12__4,1694,N,True
3,110,reel31__0,1694,N,True
3,75,reel31__0,1694,N,True
3,110,reel52__5,1694,N,True
3,345,reel52__5,1694,N,True
3,22,bot2__2,1694,N,True
3,213,bot2__2,1694,N,True
3,45,bot15__9,1694,N,True
3,22,bot15__9,1694,N,True
3,22,bot31__8,1694,N,True
3,22,bot59__3,1694,N,True
3,161,reel22__4,1694,N,True
3,188,reel22__4,1694,N,True
3,161,bot33__6,1694,N,True
3,161,bot39__0,1694,N,True
3,reel36__5,reel34__2,1694,N,True
3,157,reel9__9,1694,N,True
3,157,reel28__1,1694,N,True
3,157,bot46__5,1694,N,True
3,105,bot46__5,1694,N,True
3,157,bot58__1,1694,N,True
3,303,reel2__0,1694,N,True
3,69,reel2__0,1694,N,True
3,303,reel37__7,1694,N,True
3,bot4__3,bot37__0,1694,N,True
3,bot4__3,bot75__7,1694,N,True
3,319,bot3__9,1694,N,True
3,253,bot3__9,1694,N,True
3,288,bot3__9,1694,N,True
3,283,reel14__5,1694,N,True
3,283,bot18__9,1694,N,True
3,bot11__3,bot18__9,1694,N,True
3,283,reel29__4,1694,N,True
3,283,reel51__5,1694,N,True
3,283,bot53__8,1694,N,True
3,236,reel39__4,1694,N,True
3,236,bot40__7,1694,N,True
3,120,bot40__7,1694,N,True
3,236,reel45__1,1694,N,True
3,199,bot2__0,1694,N,True
3,bot8__1,bot2__0,1694,N,True
3,188,bot2__0,1694,N,True
3,199,reel14__6,1694,N,True
3,144,reel52__6,1694,N,True
3,211,reel52__6,1694,N,True
3,199,reel52__6,1694,N,True
3,122,reel75__9,1694,N,True
3,199,reel75__9,1694,N,True
3,40,bot23__0,1694,N,True
3,40,reel33__6,1694,N,True
3,reel39__1,reel33__6,1694,N,True
3,5,reel33__6,1694,N,True
3,40,reel34__0,1694,N,True
3,40,reel36__7,1694,N,True
3,122,reel36__7,1694,N,True
3,113,reel36__7,1694,N,True
3,40,bot66__8,1694,N,True
3,322,reel6__9,1694,N,True
3,166,reel6__9,1694,N,True
3,73,reel6__9,1694,N,True
3,322,bot9__8,1694,N,True
3,122,bot22__2,1694,N,True
3,122,bot25__5,1694,N,True
3,bot60__2,bot70__8,1694,N,True
3,bot46__7,bot70__8,1694,N,True
3,241,bot13__0,1694,N,True
3,241,reel80__8,1694,N,True
3,268,reel27__7,1694,N,True
3,reel66__0,bot73__9,1694,N,True
3,311,bot18__1,1694,N,True
3,258,bot18__1,1694,N,True
3,258,reel51__4,1694,N,True
3,301,reel20__1,1694,N,True
3,301,bot35__1,1694,N,True
3,227,reel61__1,1694,N,True
3,301,reel61__1,1694,N,True
3,270,bot19__9,1694,N,True
3,245,bot19__5,1694,N,True
3,245,reel25__6,1694,N,True
3,245,bot49__9,1694,N,True
3,302,reel19__5,1694,N,True
3,277,reel19__5,1694,N,True
3,257,reel28__5,1694,N,True
3,302,reel28__5,1694,N,True
3,302,reel30__0,1694,N,True
3,191,bot6__4,1694,N,True
3,10,bot6__4,1694,N,True
3,191,bot52__4,1694,N,True
3,153,bot2__1,1694,N,True
3,153,bot41__1,1694,N,True
3,188,bot3__1,1694,N,True
3,70,bot3__1,1694,N,True
3,187,bot10__3,1694,N,True
3,2,bot10__3,1694,N,True
3,188,bot10__3,1694,N,True
3,188,bot29__6,1694,N,True
3,188,reel52__7,1694,N,True
3,188,reel70__9,1694,N,True
3,146,reel78__0,1694,N,True
3,reel14__8,reel18__5,1694,N,True
3,308,reel18__5,1694,N,True
3,reel14__8,bot25__9,1694,N,True
3,80,bot25__9,1694,N,True
3,reel14__8,reel45__0,1694,N,True
3,reel14__8,reel68__5,1694,N,True
3,257,reel3__1,1694,N,True
3,300,reel3__1,1694,N,True
3,88,reel3__1,1694,N,True
3,300,bot15__5,1694,N,True
3,152,bot15__5,1694,N,True
3,347,reel4__9,1694,N,True
3,80,reel4__9,1694,N,True
3,242,reel4__9,1694,N,True
3,242,bot36__1,1694,N,True
3,242,bot75__8,1694,N,True
3,42,reel17__7,1694,N,True
3,42,reel49__6,1694,N,True
3,reel14__2,reel49__6,1694,N,True
3,42,reel58__9,1694,N,True
3,185,reel58__9,1694,N,True
3,115,bot26__3,1694,N,True
3,reel37__1,bot57__1,1694,N,True
3,bot5__0,bot17__3,1694,N,True
3,reel4__6,bot31__4,1694,N,True
3,reel4__6,reel45__6,1694,N,True
3,254,reel45__6,1694,N,True
3,33,reel25__8,1694,N,True
3,79,reel25__8,1694,N,True
3,79,bot47__1,1694,N,True
3,79,bot53__6,1694,N,True
3,79,bot54__7,1694,N,True
3,213,bot54__7,1694,N,True
3,79,bot68__4,1694,N,True
3,116,reel5__8,1694,N,True
3,254,reel5__8,1694,N,True
3,168,reel5__8,1694,N,True
3,134,reel40__4,1694,N,True
3,254,reel40__4,1694,N,True
3,254,bot60__5,1694,N,True
3,bot11__2,bot29__0,1694,N,True
3,bot11__2,bot50__1,1694,N,True
3,bot11__2,bot50__3,1694,N,True
3,bot11__2,bot84__8,1694,N,True
3,187,reel26__6,1694,N,True
3,152,reel26__6,1694,N,True
3,187,reel40__1,1694,N,True
3,207,reel40__1,1694,N,True
3,187,reel42__4,1694,N,True
3,282,reel42__4,1694,N,True
3,187,bot45__9,1694,N,True
3,152,reel36__1,1694,N,True
3,152,reel77__9,1694,N,True
3,343,reel10__8,1694,N,True
3,343,bot13__9,1694,N,True
3,111,bot13__9,1694,N,True
3,147,bot13__9,1694,N,True
3,343,bot15__2,1694,N,True
3,281,bot15__2,1694,N,True
3,343,bot37__2,1694,N,True
3,343,reel40__2,1694,N,True
3,84,reel40__2,1694,N,True
3,13,reel6__0,1694,N,True
3,147,reel6__0,1694,N,True
3,13,reel24__2,1694,N,True
3,45,reel24__2,1694,N,True
3,13,reel34__7,1694,N,True
3,13,bot42__2,1694,N,True
3,341,bot42__2,1694,N,True
3,13,bot81__9,1694,N,True
3,70,reel22__1,1694,N,True
3,70,bot36__0,1694,N,True
3,70,bot73__3,1694,N,True
3,177,reel47__0,1694,N,True
3,bot46__7,bot50__6,1694,N,True
3,80,bot16__9,1694,N,True
3,327,bot16__9,1694,N,True
3,80,reel24__0,1694,N,True
3,318,reel24__0,1694,N,True
3,227,reel24__0,1694,N,True
3,80,reel39__3,1694,N,True
3,168,reel39__3,1694,N,True
3,80,reel40__8,1694,N,True
3,143,reel40__8,1694,N,True
3,80,reel79__8,1694,N,True
3,196,reel29__5,1694,N,True
3,196,bot53__1,1694,N,True
3,196,bot54__2,1694,N,True
3,45,reel9__5,1694,N,True
3,311,bot13__6,1694,N,True
3,45,bot13__6,1694,N,True
3,45,reel20__4,1694,N,True
3,141,reel20__4,1694,N,True
3,45,reel77__6,1694,N,True
3,252,reel31__2,1694,N,True
3,170,bot61__3,1694,N,True
3,252,bot61__3,1694,N,True
3,120,reel21__3,1694,N,True
3,73,reel21__3,1694,N,True
3,17,bot65__0,1694,N,True
3,73,bot65__0,1694,N,True
3,108,bot1__9,1694,N,True
3,318,bot1__9,1694,N,True
3,108,bot43__6,1694,N,True
3,108,reel44__6,1694,N,True
3,108,reel71__3,1694,N,True
3,108,bot79__2,1694,N,True
3,102,reel0__9,1694,N,True
3,75,reel0__9,1694,N,True
3,102,bot60__0,1694,N,True
3,reel55__7,reel36__4,1694,N,True
3,205,bot1__8,1694,N,True
3,166,bot1__8,1694,N,True
3,reel60__5,reel4__8,1694,N,True
3,50,reel4__8,1694,N,True
3,166,reel4__8,1694,N,True
3,reel30__7,reel4__8,1694,N,True
3,166,reel61__2,1694,N,True
3,17,reel61__9,1694,N,True
3,166,reel61__9,1694,N,True
3,reel54__5,reel61__9,1694,N,True
3,166,bot63__4,1694,N,True
3,147,reel27__5,1694,N,True
3,147,reel36__9,1694,N,True
3,147,reel55__9,1694,N,True
3,147,reel68__0,1694,N,True
3,333,bot47__2,1694,N,True
3,228,reel25__4,1694,N,True
3,reel64__6,reel60__1,1694,N,True
3,63,bot7__2,1694,N,True
3,103,bot7__2,1694,N,True
3,2,bot7__2,1694,N,True
3,2,reel53__0,1694,N,True
3,134,reel15__2,1694,N,True
3,bot44__8,reel15__2,1694,N,True
3,308,reel15__2,1694,N,True
3,134,bot26__6,1694,N,True
3,bot62__7,bot26__6,1694,N,True
3,134,bot35__2,1694,N,True
3,134,bot47__8,1694,N,True
3,134,bot58__8,1694,N,True
3,134,reel80__7,1694,N,True
3,297,bot28__0,1694,N,True
3,297,bot51__7,1694,N,True
3,297,reel71__9,1694,N,True
3,reel39__1,reel79__5,1694,N,True
3,297,reel79__5,1694,N,True
3,bot40__6,bot37__8,1694,N,True
3,347,bot29__1,1694,N,True
3,347,bot61__2,1694,N,True
3,247,bot83__0,1694,N,True
3,347,bot83__0,1694,N,True
3,176,reel16__4,1694,N,True
3,52,reel47__1,1694,N,True
3,176,reel47__1,1694,N,True
3,bot6__1,bot8__2,1694,N,True
3,213,bot8__2,1694,N,True
3,213,bot11__7,1694,N,True
3,269,reel33__9,1694,N,True
3,142,reel33__9,1694,N,True
3,reel61__5,reel33__9,1694,N,True
3,213,reel33__9,1694,N,True
3,213,bot34__8,1694,N,True
3,213,reel37__5,1694,N,True
3,reel7__1,reel1__5,1694,N,True
3,reel7__1,bot24__9,1694,N,True
3,288,bot24__9,1694,N,True
3,reel7__1,bot25__7,1694,N,True
3,bot2__7,bot25__7,1694,N,True
3,reel7__1,bot72__9,1694,N,True
3,62,bot32__1,1694,N,True
3,62,reel32__0,1694,N,True
3,121,bot44__6,1694,N,True
3,105,bot44__6,1694,N,True
3,105,bot61__5,1694,N,True
3,reel1__9,bot55__0,1694,N,True
3,reel1__9,reel68__9,1694,N,True
3,219,bot8__0,1694,N,True
3,334,bot8__0,1694,N,True
3,219,reel50__5,1694,N,True
3,219,bot83__7,1694,N,True
3,247,bot4__2,1694,N,True
3,162,bot4__2,1694,N,True
3,162,bot44__4,1694,N,True
3,162,reel53__2,1694,N,True
3,226,bot71__3,1694,N,True
3,279,bot71__3,1694,N,True
3,226,reel72__2,1694,N,True
3,reel8__5,reel62__5,1694,N,True
3,reel8__5,bot63__7,1694,N,True
3,84,bot63__7,1694,N,True
3,bot8__1,bot26__7,1694,N,True
3,69,bot75__1,1694,N,True
3,bot8__1,bot75__1,1694,N,True
3,286,bot22__7,1694,N,True
3,49,reel76__4,1694,N,True
3,286,reel76__4,1694,N,True
3,123,reel16__7,1694,N,True
3,123,bot18__3,1694,N,True
3,bot2__8,bot14__0,1694,N,True
3,14,bot14__0,1694,N,True
3,14,reel71__2,1694,N,True
3,10,bot33__2,1694,N,True
3,10,reel76__9,1694,N,True
3,10,bot77__5,1694,N,True
3,69,bot11__9,1694,N,True
3,124,bot11__9,1694,N,True
3,330,reel11__6,1694,N,True
3,69,reel11__6,1694,N,True
3,298,reel17__3,1694,N,True
3,298,reel43__9,1694,N,True
3,298,reel50__0,1694,N,True
3,298,reel67__6,1694,N,True
3,140,reel15__7,1694,N,True
3,140,bot47__3,1694,N,True
3,140,bot62__4,1694,N,True
3,33,reel32__8,1694,N,True
3,269,bot42__6,1694,N,True
3,127,reel1__7,1694,N,True
3,111,reel1__7,1694,N,True
3,127,reel6__4,1694,N,True
3,52,bot14__3,1694,N,True
3,111,bot14__3,1694,N,True
3,bot44__8,bot14__3,1694,N,True
3,52,bot39__1,1694,N,True
3,bot4__0,bot65__8,1694,N,True
3,246,reel30__3,1694,N,True
3,325,reel30__3,1694,N,True
3,281,reel5__5,1694,N,True
3,reel61__5,reel56__0,1694,N,True
3,211,reel43__0,1694,N,True
3,211,bot75__6,1694,N,True
3,reel75__4,reel67__0,1694,N,True
3,reel75__4,reel19__4,1694,N,True
3,113,reel19__4,1694,N,True
3,76,reel20__0,1694,N,True
3,reel82__5,reel43__6,1694,N,True
3,168,bot73__4,1694,N,True
3,266,bot4__6,1694,N,True
3,bot2__7,bot4__6,1694,N,True
3,266,bot19__1,1694,N,True
3,266,bot34__4,1694,N,True
3,bot2__7,bot44__9,1694,N,True
3,205,bot11__0,1694,N,True
3,bot17__6,bot11__0,1694,N,True
3,332,reel50__7,1694,N,True
3,49,reel58__3,1694,N,True
3,332,reel58__3,1694,N,True
3,332,reel58__5,1694,N,True
3,141,bot31__2,1694,N,True
3,141,reel31__3,1694,N,True
3,141,reel48__4,1694,N,True
3,288,reel70__3,1694,N,True
3,129,reel24__6,1694,N,True
3,170,reel24__6,1694,N,True
3,129,reel49__1,1694,N,True
3,129,reel76__3,1694,N,True
3,117,reel76__3,1694,N,True
3,129,reel83__1,1694,N,True
3,121,reel3__4,1694,N,True
3,121,bot18__6,1694,N,True
3,121,reel50__2,1694,N,True
3,reel39__1,reel26__0,1694,N,True
3,reel39__1,bot58__3,1694,N,True
3,185,bot5__6,1694,N,True
3,185,bot41__6,1694,N,True
3,341,reel22__0,1694,N,True
3,341,reel63__0,1694,N,True
3,341,bot76__2,1694,N,True
3,75,reel14__7,1694,N,True
3,201,reel28__9,1694,N,True
3,75,reel28__9,1694,N,True
3,75,bot47__0,1694,N,True
3,5,bot56__3,1694,N,True
3,5,bot68__0,1694,N,True
3,63,bot15__3,1694,N,True
3,63,bot65__9,1694,N,True
3,63,reel73__7,1694,N,True
3,113,reel65__2,1694,N,True
3,reel30__7,reel65__2,1694,N,True
3,reel30__7,reel68__3,1694,N,True
3,330,reel73__1,1694,N,True
3,55,bot34__1,1694,N,True
3,bot41__0,bot34__1,1694,N,True
3,58,bot70__1,1694,N,True
3,58,reel77__4,1694,N,True
3,308,reel15__3,1694,N,True
3,308,bot26__0,1694,N,True
3,308,reel30__8,1694,N,True
3,308,reel64__5,1694,N,True
3,256,bot7__1,1694,N,True
3,277,bot7__1,1694,N,True
3,277,reel65__0,1694,N,True
3,277,bot77__0,1694,N,True
3,88,reel0__2,1694,N,True
3,318,reel0__2,1694,N,True
3,198,reel10__0,1694,N,True
3,318,reel10__0,1694,N,True
3,318,bot12__2,1694,N,True
3,55,bot45__1,1694,N,True
3,318,bot45__1,1694,N,True
3,318,reel54__4,1694,N,True
3,49,reel52__1,1694,N,True
3,282,bot48__9,1694,N,True
3,282,reel77__7,1694,N,True
3,282,bot79__0,1694,N,True
3,55,reel3__3,1694,N,True
3,17,reel3__3,1694,N,True
3,55,reel54__1,1694,N,True
3,334,reel28__4,1694,N,True
3,334,bot57__2,1694,N,True
3,278,bot34__2,1694,N,True
3,278,bot63__6,1694,N,True
3,142,bot32__8,1694,N,True
3,142,bot36__4,1694,N,True
3,117,bot29__9,1694,N,True
3,bot56__2,bot9__2,1694,N,True
3,bot11__3,bot58__4,1694,N,True
3,256,bot22__0,1694,N,True
3,311,bot29__8,1694,N,True
3,256,bot29__8,1694,N,True
3,reel66__6,reel31__9,1694,N,True
3,279,bot17__9,1694,N,True
3,279,bot37__3,1694,N,True
3,279,bot37__7,1694,N,True
3,113,bot7__8,1694,N,True
3,reel76__1,reel24__7,1694,N,True
3,116,bot5__3,1694,N,True
3,bot66__1,bot5__3,1694,N,True
3,136,reel71__8,1694,N,True
3,7,reel1__8,1694,N,True
3,50,reel1__8,1694,N,True
3,50,bot16__4,1694,N,True
3,325,bot53__0,1694,N,True
3,325,bot55__7,1694,N,True
3,133,bot20__3,1694,N,True
3,133,reel38__9,1694,N,True
3,207,bot11__4,1694,N,True
3,227,bot11__4,1694,N,True
3,227,reel37__8,1694,N,True
3,143,bot52__0,1694,N,True
3,198,reel57__6,1694,N,True
3,143,reel57__6,1694,N,True
3,247,reel8__1,1694,N,True
3,17,reel8__1,1694,N,True
3,17,reel28__6,1694,N,True
3,17,reel73__2,1694,N,True
3,204,reel10__9,1694,N,True
3,327,reel10__9,1694,N,True
3,163,bot67__9,1694,N,True
3,163,reel74__6,1694,N,True
3,163,reel81__1,1694,N,True
3,170,reel37__4,1694,N,True
3,170,bot45__5,1694,N,True
3,reel54__5,reel72__8,1694,N,True
3,271,bot72__1,1694,N,True
3,bot67__5,bot70__7,1694,N,True
3,7,bot23__1,1694,N,True
3,7,bot51__4,1694,N,True
3,7,reel64__4,1694,N,True
3,144,reel64__4,1694,N,True
3,7,reel83__0,1694,N,True
3,88,bot50__4,1694,N,True
3,88,reel69__3,1694,N,True
3,reel42__2,reel69__3,1694,N,True
3,88,reel75__5,1694,N,True
3,88,reel75__7,1694,N,True
3,reel42__2,reel53__3,1694,N,True
3,111,reel49__7,1694,N,True
3,reel27__3,reel32__3,1694,N,True
3,reel27__3,bot34__6,1694,N,True
3,reel27__3,bot55__4,1694,N,True
3,120,bot40__9,1694,N,True
3,reel50__3,bot66__5,1694,N,True
3,198,reel30__9,1694,N,True
3,198,reel52__8,1694,N,True
3,315,reel80__4,1694,N,True
3,84,bot19__3,1694,N,True
3,84,reel72__3,1694,N,True
3,116,bot35__3,1694,N,True
3,116,reel58__1,1694,N,True
3,116,bot77__4,1694,N,True
3,327,bot65__1,1694,N,True
3,327,reel83__3,1694,N,True
3,346,reel8__9,1694,N,True
3,311,reel62__1,1694,N,True
3,247,bot23__4,1694,N,True
3,247,reel38__0,1694,N,True
3,bot31__7,bot38__3,1694,N,True
3,bot76__3,reel18__0,1695,N,True
3,bot75__5,reel55__5,1695,N,True
3,239,172,1695,N,True
3,82,172,1695,N,True
3,0,172,1695,N,True
3,128,172,1695,N,True
3,40,172,1695,N,True
3,56,172,1695,N,True
3,103,172,1695,N,True
3,271,172,1695,N,True
3,277,172,1695,N,True
3,252,172,1695,N,True
3,239,344,1695,N,True
3,0,344,1695,N,True
3,239,62,1695,N,True
3,0,62,1695,N,True
3,236,62,1695,N,True
3,56,62,1695,N,True
3,322,62,1695,N,True
3,239,141,1695,N,True
3,0,141,1695,N,True
3,236,141,1695,N,True
3,280,141,1695,N,True
3,40,141,1695,N,True
3,56,141,1695,N,True
3,9,141,1695,N,True
3,271,141,1695,N,True
3,239,223,1695,N,True
3,0,223,1695,N,True
3,128,223,1695,N,True
3,56,223,1695,N,True
3,271,223,1695,N,True
3,252,223,1695,N,True
3,239,211,1695,N,True
3,82,211,1695,N,True
3,0,211,1695,N,True
3,128,211,1695,N,True
3,56,211,1695,N,True
3,103,211,1695,N,True
3,271,211,1695,N,True
3,239,276,1695,N,True
3,0,276,1695,N,True
3,236,276,1695,N,True
3,56,276,1695,N,True
3,322,276,1695,N,True
3,9,276,1695,N,True
3,271,276,1695,N,True
3,239,118,1695,N,True
3,82,118,1695,N,True
3,0,118,1695,N,True
3,252,118,1695,N,True
3,56,118,1695,N,True
3,322,118,1695,N,True
3,271,118,1695,N,True
3,277,118,1695,N,True
3,109,118,1695,N,True
3,239,212,1695,N,True
3,0,212,1695,N,True
3,40,212,1695,N,True
3,56,212,1695,N,True
3,271,212,1695,N,True
3,252,212,1695,N,True
3,239,234,1695,N,True
3,0,234,1695,N,True
3,239,176,1695,N,True
3,0,176,1695,N,True
3,128,176,1695,N,True
3,9,176,1695,N,True
3,271,176,1695,N,True
3,239,325,1695,N,True
3,82,325,1695,N,True
3,0,325,1695,N,True
3,252,325,1695,N,True
3,40,325,1695,N,True
3,56,325,1695,N,True
3,271,325,1695,N,True
3,277,325,1695,N,True
3,109,325,1695,N,True
3,239,313,1695,N,True
3,82,313,1695,N,True
3,0,313,1695,N,True
3,128,313,1695,N,True
3,56,313,1695,N,True
3,271,313,1695,N,True
3,252,313,1695,N,True
3,239,232,1695,N,True
3,0,232,1695,N,True
3,280,232,1695,N,True
3,40,232,1695,N,True
3,322,232,1695,N,True
3,56,232,1695,N,True
3,9,232,1695,N,True
3,271,232,1695,N,True
3,239,59,1695,N,True
3,0,59,1695,N,True
3,82,59,1695,N,True
3,56,59,1695,N,True
3,271,59,1695,N,True
3,252,59,1695,N,True
3,239,199,1695,N,True
3,82,199,1695,N,True
3,0,199,1695,N,True
3,128,199,1695,N,True
3,40,199,1695,N,True
3,322,199,1695,N,True
3,56,199,1695,N,True
3,9,199,1695,N,True
3,271,199,1695,N,True
3,252,199,1695,N,True
3,239,188,1695,N,True
3,0,188,1695,N,True
3,280,188,1695,N,True
3,56,188,1695,N,True
3,322,188,1695,N,True
3,9,188,1695,N,True
3,271,188,1695,N,True
3,334,188,1695,N,True
3,165,188,1695,N,True
3,277,188,1695,N,True
3,252,188,1695,N,True
3,125,119,1695,N,True
3,239,119,1695,N,True
3,82,119,1695,N,True
3,0,119,1695,N,True
3,252,119,1695,N,True
3,128,119,1695,N,True
3,248,119,1695,N,True
3,280,119,1695,N,True
3,56,119,1695,N,True
3,9,119,1695,N,True
3,271,119,1695,N,True
3,277,119,1695,N,True
3,109,119,1695,N,True
3,239,13,1695,N,True
3,82,13,1695,N,True
3,0,13,1695,N,True
3,252,13,1695,N,True
3,236,13,1695,N,True
3,56,13,1695,N,True
3,271,13,1695,N,True
3,277,13,1695,N,True
3,109,13,1695,N,True
3,239,304,1695,N,True
3,0,304,1695,N,True
3,252,304,1695,N,True
3,236,304,1695,N,True
3,280,304,1695,N,True
3,40,304,1695,N,True
3,56,304,1695,N,True
3,322,304,1695,N,True
3,9,304,1695,N,True
3,271,304,1695,N,True
3,136,304,1695,N,True
3,334,304,1695,N,True
3,277,304,1695,N,True
3,109,304,1695,N,True
3,239,200,1695,N,True
3,0,200,1695,N,True
3,252,200,1695,N,True
3,236,200,1695,N,True
3,248,200,1695,N,True
3,280,200,1695,N,True
3,40,200,1695,N,True
3,56,200,1695,N,True
3,322,200,1695,N,True
3,103,200,1695,N,True
3,9,200,1695,N,True
3,271,200,1695,N,True
3,334,200,1695,N,True
3,165,200,1695,N,True
3,277,200,1695,N,True
3,109,200,1695,N,True
3,239,170,1695,N,True
3,82,170,1695,N,True
3,0,170,1695,N,True
3,128,170,1695,N,True
3,56,170,1695,N,True
3,322,170,1695,N,True
3,9,170,1695,N,True
3,271,170,1695,N,True
3,334,170,1695,N,True
3,277,170,1695,N,True
3,252,170,1695,N,True
3,239,272,1695,N,True
3,0,272,1695,N,True
3,236,272,1695,N,True
3,280,272,1695,N,True
3,40,272,1695,N,True
3,56,272,1695,N,True
3,9,272,1695,N,True
3,271,272,1695,N,True
3,277,272,1695,N,True
3,252,272,1695,N,True
3,239,213,1695,N,True
3,0,213,1695,N,True
3,345,213,1695,N,True
3,236,213,1695,N,True
3,128,213,1695,N,True
3,bot8__2,213,1695,N,True
3,40,213,1695,N,True
3,56,213,1695,N,True
3,322,213,1695,N,True
3,136,213,1695,N,True
3,277,213,1695,N,True
3,239,303,1695,N,True
3,0,303,1695,N,True
3,345,303,1695,N,True
3,236,303,1695,N,True
3,56,303,1695,N,True
3,322,303,1695,N,True
3,109,303,1695,N,True
3,239,285,1695,N,True
3,0,285,1695,N,True
3,252,285,1695,N,True
3,345,285,1695,N,True
3,56,285,1695,N,True
3,322,285,1695,N,True
3,103,285,1695,N,True
3,9,285,1695,N,True
3,271,285,1695,N,True
3,136,285,1695,N,True
3,277,285,1695,N,True
3,109,285,1695,N,True
3,239,reel16__7,1695,N,True
3,239,reel57__7,1695,N,True
3,239,bot60__0,1695,N,True
3,239,reel69__8,1695,N,True
3,106,reel76__0,1695,N,True
3,239,reel76__0,1695,N,True
3,0,270,1695,N,True
3,reel6__7,270,1695,N,True
3,103,reel5__9,1695,N,True
3,reel6__7,reel5__9,1695,N,True
3,reel6__7,reel41__5,1695,N,True
3,reel6__7,reel50__0,1695,N,True
3,reel6__7,reel77__5,1695,N,True
3,0,312,1695,N,True
3,19,312,1695,N,True
3,reel6__5,312,1695,N,True
3,40,274,1695,N,True
3,0,274,1695,N,True
3,reel6__5,274,1695,N,True
3,reel6__5,bot35__6,1695,N,True
3,bot35__0,bot32__3,1695,N,True
3,bot35__0,reel11__0,1695,N,True
3,bot35__0,bot49__5,1695,N,True
3,128,150,1695,N,True
3,0,150,1695,N,True
3,128,reel8__9,1695,N,True
3,128,bot36__0,1695,N,True
3,bot8__2,bot6__1,1695,N,True
3,bot8__2,bot11__7,1695,N,True
3,bot8__2,bot37__0,1695,N,True
3,reel36__4,reel20__2,1695,N,True
3,reel36__4,reel2__0,1695,N,True
3,236,reel39__4,1695,N,True
3,reel36__4,reel39__4,1695,N,True
3,reel36__4,bot40__2,1695,N,True
3,reel36__4,reel55__7,1695,N,True
3,reel73__5,reel25__4,1695,N,True
3,0,339,1695,N,True
3,322,339,1695,N,True
3,103,339,1695,N,True
3,136,339,1695,N,True
3,334,339,1695,N,True
3,277,339,1695,N,True
3,0,132,1695,N,True
3,40,132,1695,N,True
3,56,132,1695,N,True
3,334,132,1695,N,True
3,277,132,1695,N,True
3,0,308,1695,N,True
3,322,308,1695,N,True
3,136,308,1695,N,True
3,334,308,1695,N,True
3,277,308,1695,N,True
3,252,308,1695,N,True
3,334,50,1695,N,True
3,0,50,1695,N,True
3,277,50,1695,N,True
3,109,50,1695,N,True
3,334,reel9__8,1695,N,True
3,334,bot16__3,1695,N,True
3,334,bot21__8,1695,N,True
3,334,reel28__4,1695,N,True
3,334,reel32__9,1695,N,True
3,334,bot57__2,1695,N,True
3,reel8__8,reel2__7,1695,N,True
3,reel8__8,216,1695,N,True
3,0,216,1695,N,True
3,reel8__8,bot53__2,1695,N,True
3,reel8__8,reel54__7,1695,N,True
3,reel8__8,reel80__0,1695,N,True
3,reel81__6,reel59__4,1695,N,True
3,reel81__6,reel79__3,1695,N,True
3,bot70__5,reel5__5,1695,N,True
3,0,198,1695,N,True
3,bot27__0,198,1695,N,True
3,bot27__0,bot56__1,1695,N,True
3,236,84,1695,N,True
3,82,84,1695,N,True
3,0,84,1695,N,True
3,0,105,1695,N,True
3,236,105,1695,N,True
3,280,105,1695,N,True
3,9,105,1695,N,True
3,277,105,1695,N,True
3,0,88,1695,N,True
3,236,88,1695,N,True
3,56,88,1695,N,True
3,106,88,1695,N,True
3,322,88,1695,N,True
3,0,30,1695,N,True
3,236,30,1695,N,True
3,56,30,1695,N,True
3,322,30,1695,N,True
3,9,30,1695,N,True
3,271,30,1695,N,True
3,0,224,1695,N,True
3,236,224,1695,N,True
3,40,224,1695,N,True
3,322,224,1695,N,True
3,9,224,1695,N,True
3,271,224,1695,N,True
3,82,314,1695,N,True
3,0,314,1695,N,True
3,236,314,1695,N,True
3,271,314,1695,N,True
3,109,314,1695,N,True
3,280,1,1695,N,True
3,322,1,1695,N,True
3,236,1,1695,N,True
3,0,1,1695,N,True
3,236,bot12__7,1695,N,True
3,236,bot40__7,1695,N,True
3,236,reel47__5,1695,N,True
3,280,3,1695,N,True
3,0,3,1695,N,True
3,9,3,1695,N,True
3,0,290,1695,N,True
3,280,290,1695,N,True
3,56,290,1695,N,True
3,322,290,1695,N,True
3,271,290,1695,N,True
3,277,290,1695,N,True
3,280,153,1695,N,True
3,0,153,1695,N,True
3,0,329,1695,N,True
3,280,329,1695,N,True
3,40,329,1695,N,True
3,106,329,1695,N,True
3,322,329,1695,N,True
3,9,329,1695,N,True
3,280,117,1695,N,True
3,0,117,1695,N,True
3,109,31,1695,N,True
3,0,31,1695,N,True
3,280,31,1695,N,True
3,277,31,1695,N,True
3,252,31,1695,N,True
3,280,reel6__8,1695,N,True
3,280,reel16__0,1695,N,True
3,280,reel44__0,1695,N,True
3,280,reel82__7,1695,N,True
3,271,298,1695,N,True
3,40,298,1695,N,True
3,0,298,1695,N,True
3,56,298,1695,N,True
3,82,29,1695,N,True
3,0,29,1695,N,True
3,40,29,1695,N,True
3,106,29,1695,N,True
3,252,29,1695,N,True
3,40,317,1695,N,True
3,0,317,1695,N,True
3,40,307,1695,N,True
3,0,307,1695,N,True
3,40,258,1695,N,True
3,0,258,1695,N,True
3,9,258,1695,N,True
3,40,reel3__2,1695,N,True
3,bot19__2,reel3__2,1695,N,True
3,40,reel33__6,1695,N,True
3,40,reel34__0,1695,N,True
3,40,bot35__7,1695,N,True
3,40,reel36__7,1695,N,True
3,40,bot66__8,1695,N,True
3,56,75,1695,N,True
3,0,75,1695,N,True
3,9,75,1695,N,True
3,322,75,1695,N,True
3,82,331,1695,N,True
3,0,331,1695,N,True
3,56,331,1695,N,True
3,271,331,1695,N,True
3,109,331,1695,N,True
3,56,207,1695,N,True
3,0,207,1695,N,True
3,322,207,1695,N,True
3,56,221,1695,N,True
3,0,221,1695,N,True
3,322,221,1695,N,True
3,0,342,1695,N,True
3,56,342,1695,N,True
3,322,342,1695,N,True
3,9,342,1695,N,True
3,271,342,1695,N,True
3,165,342,1695,N,True
3,277,342,1695,N,True
3,252,342,1695,N,True
3,56,341,1695,N,True
3,0,341,1695,N,True
3,9,341,1695,N,True
3,322,341,1695,N,True
3,271,63,1695,N,True
3,56,63,1695,N,True
3,0,63,1695,N,True
3,bot3__0,63,1695,N,True
3,56,bot19__6,1695,N,True
3,56,bot27__6,1695,N,True
3,56,bot36__8,1695,N,True
3,106,reel2__5,1695,N,True
3,106,reel25__3,1695,N,True
3,106,reel75__1,1695,N,True
3,322,53,1695,N,True
3,0,53,1695,N,True
3,248,53,1695,N,True
3,322,45,1695,N,True
3,0,45,1695,N,True
3,345,45,1695,N,True
3,322,130,1695,N,True
3,0,130,1695,N,True
3,277,130,1695,N,True
3,322,246,1695,N,True
3,0,246,1695,N,True
3,136,246,1695,N,True
3,322,178,1695,N,True
3,0,178,1695,N,True
3,345,178,1695,N,True
3,322,242,1695,N,True
3,0,242,1695,N,True
3,322,250,1695,N,True
3,0,250,1695,N,True
3,252,250,1695,N,True
3,322,87,1695,N,True
3,0,87,1695,N,True
3,136,87,1695,N,True
3,322,bot4__3,1695,N,True
3,322,reel6__9,1695,N,True
3,322,bot9__8,1695,N,True
3,322,reel12__4,1695,N,True
3,322,reel15__9,1695,N,True
3,121,reel15__9,1695,N,True
3,322,bot17__2,1695,N,True
3,121,206,1695,N,True
3,0,206,1695,N,True
3,121,reel13__7,1695,N,True
3,121,bot44__6,1695,N,True
3,121,reel50__2,1695,N,True
3,121,reel63__5,1695,N,True
3,109,324,1695,N,True
3,0,324,1695,N,True
3,136,324,1695,N,True
3,277,324,1695,N,True
3,252,324,1695,N,True
3,109,reel11__9,1695,N,True
3,109,bot70__2,1695,N,True
3,bot60__7,reel41__1,1695,N,True
3,reel13__5,99,1695,N,True
3,0,99,1695,N,True
3,reel13__5,bot19__0,1695,N,True
3,reel13__5,reel60__4,1695,N,True
3,19,reel60__4,1695,N,True
3,bot40__1,267,1695,N,True
3,0,267,1695,N,True
3,bot40__1,reel17__3,1695,N,True
3,bot40__1,bot55__2,1695,N,True
3,271,79,1695,N,True
3,0,79,1695,N,True
3,9,79,1695,N,True
3,252,79,1695,N,True
3,271,reel8__7,1695,N,True
3,271,bot18__4,1695,N,True
3,271,bot72__1,1695,N,True
3,reel29__2,reel12__5,1695,N,True
3,0,208,1695,N,True
3,277,208,1695,N,True
3,reel29__2,208,1695,N,True
3,reel29__2,bot48__9,1695,N,True
3,125,reel27__6,1695,N,True
3,125,reel82__9,1695,N,True
3,82,65,1695,N,True
3,0,65,1695,N,True
3,252,65,1695,N,True
3,82,bot7__6,1695,N,True
3,82,bot34__5,1695,N,True
3,82,reel42__1,1695,N,True
3,82,bot58__0,1695,N,True
3,0,24,1695,N,True
3,0,346,1695,N,True
3,0,204,1695,N,True
3,277,204,1695,N,True
3,277,175,1695,N,True
3,0,175,1695,N,True
3,19,175,1695,N,True
3,0,46,1695,N,True
3,0,254,1695,N,True
3,0,127,1695,N,True
3,0,116,1695,N,True
3,0,73,1695,N,True
3,0,299,1695,N,True
3,0,288,1695,N,True
3,0,57,1695,N,True
3,277,57,1695,N,True
3,0,76,1695,N,True
3,0,108,1695,N,True
3,0,197,1695,N,True
3,0,275,1695,N,True
3,0,273,1695,N,True
3,0,28,1695,N,True
3,0,214,1695,N,True
3,19,214,1695,N,True
3,0,71,1695,N,True
3,0,333,1695,N,True
3,0,168,1695,N,True
3,277,168,1695,N,True
3,0,78,1695,N,True
3,0,302,1695,N,True
3,0,27,1695,N,True
3,0,54,1695,N,True
3,0,139,1695,N,True
3,0,217,1695,N,True
3,0,283,1695,N,True
3,0,226,1695,N,True
3,136,146,1695,N,True
3,0,146,1695,N,True
3,0,300,1695,N,True
3,0,159,1695,N,True
3,277,159,1695,N,True
3,345,159,1695,N,True
3,0,149,1695,N,True
3,0,80,1695,N,True
3,0,187,1695,N,True
3,0,255,1695,N,True
3,0,320,1695,N,True
3,0,284,1695,N,True
3,0,137,1695,N,True
3,0,111,1695,N,True
3,0,310,1695,N,True
3,0,32,1695,N,True
3,0,92,1695,N,True
3,0,266,1695,N,True
3,0,278,1695,N,True
3,0,237,1695,N,True
3,0,311,1695,N,True
3,248,311,1695,N,True
3,277,311,1695,N,True
3,0,309,1695,N,True
3,0,330,1695,N,True
3,0,230,1695,N,True
3,0,249,1695,N,True
3,0,196,1695,N,True
3,136,156,1695,N,True
3,0,156,1695,N,True
3,9,156,1695,N,True
3,0,286,1695,N,True
3,0,81,1695,N,True
3,0,174,1695,N,True
3,19,174,1695,N,True
3,0,293,1695,N,True
3,19,293,1695,N,True
3,0,33,1695,N,True
3,0,42,1695,N,True
3,0,347,1695,N,True
3,0,2,1695,N,True
3,0,263,1695,N,True
3,0,218,1695,N,True
3,0,243,1695,N,True
3,0,195,1695,N,True
3,0,181,1695,N,True
3,0,245,1695,N,True
3,0,129,1695,N,True
3,0,101,1695,N,True
3,0,102,1695,N,True
3,0,163,1695,N,True
3,0,306,1695,N,True
3,0,177,1695,N,True
3,0,180,1695,N,True
3,0,189,1695,N,True
3,0,259,1695,N,True
3,0,269,1695,N,True
3,0,167,1695,N,True
3,0,227,1695,N,True
3,19,227,1695,N,True
3,0,96,1695,N,True
3,0,143,1695,N,True
3,0,93,1695,N,True
3,0,41,1695,N,True
3,19,41,1695,N,True
3,0,235,1695,N,True
3,0,6,1695,N,True
3,0,89,1695,N,True
3,19,89,1695,N,True
3,0,107,1695,N,True
3,0,337,1695,N,True
3,0,100,1695,N,True
3,0,264,1695,N,True
3,0,225,1695,N,True
3,0,152,1695,N,True
3,0,68,1695,N,True
3,0,131,1695,N,True
3,0,22,1695,N,True
3,277,22,1695,N,True
3,0,262,1695,N,True
3,0,220,1695,N,True
3,0,44,1695,N,True
3,0,193,1695,N,True
3,0,97,1695,N,True
3,0,112,1695,N,True
3,19,112,1695,N,True
3,0,179,1695,N,True
3,0,151,1695,N,True
3,0,145,1695,N,True
3,0,157,1695,N,True
3,0,4,1695,N,True
3,0,327,1695,N,True
3,0,95,1695,N,True
3,0,190,1695,N,True
3,0,244,1695,N,True
3,0,319,1695,N,True
3,19,319,1695,N,True
3,0,256,1695,N,True
3,0,202,1695,N,True
3,0,155,1695,N,True
3,0,164,1695,N,True
3,0,219,1695,N,True
3,0,305,1695,N,True
3,0,154,1695,N,True
3,0,182,1695,N,True
3,0,336,1695,N,True
3,0,241,1695,N,True
3,0,294,1695,N,True
3,277,294,1695,N,True
3,0,253,1695,N,True
3,0,47,1695,N,True
3,0,183,1695,N,True
3,0,52,1695,N,True
3,0,34,1695,N,True
3,0,bot30__4,1695,N,True
3,0,reel42__2,1695,N,True
3,0,reel61__5,1695,N,True
3,0,bot68__5,1695,N,True
3,345,bot12__9,1695,N,True
3,345,reel16__1,1695,N,True
3,345,reel52__5,1695,N,True
3,248,bot39__4,1695,N,True
3,bot3__0,bot38__2,1695,N,True
3,103,bot7__2,1695,N,True
3,103,reel26__9,1695,N,True
3,103,reel33__7,1695,N,True
3,19,reel4__3,1695,N,True
3,252,reel4__3,1695,N,True
3,19,reel23__3,1695,N,True
3,19,reel62__9,1695,N,True
3,9,reel5__6,1695,N,True
3,9,reel18__4,1695,N,True
3,9,bot33__1,1695,N,True
3,136,reel9__4,1695,N,True
3,136,reel50__3,1695,N,True
3,136,reel59__8,1695,N,True
3,reel13__9,reel4__5,1695,N,True
3,reel13__9,reel11__8,1695,N,True
3,reel13__9,reel9__2,1695,N,True
3,reel13__9,bot40__8,1695,N,True
3,reel13__9,bot49__2,1695,N,True
3,reel13__9,bot52__9,1695,N,True
3,bot70__1,reel60__2,1695,N,True
3,bot70__1,bot75__4,1695,N,True
3,165,reel14__1,1695,N,True
3,277,reel2__1,1695,N,True
3,277,bot7__1,1695,N,True
3,277,reel65__0,1695,N,True
3,252,bot8__8,1695,N,True
3,252,bot61__3,1695,N,True
3,310,reel2__6,1696,N,True
3,337,reel2__6,1696,N,True
3,190,reel2__6,1696,N,True
3,310,reel5__2,1696,N,True
3,105,reel5__2,1696,N,True
3,147,reel5__2,1696,N,True
3,306,reel27__8,1696,N,True
3,306,reel52__9,1696,N,True
3,50,reel52__9,1696,N,True
3,306,bot64__7,1696,N,True
3,reel20__3,bot64__7,1696,N,True
3,110,bot64__7,1696,N,True
3,306,reel66__0,1696,N,True
3,205,bot1__8,1696,N,True
3,166,bot1__8,1696,N,True
3,205,reel30__6,1696,N,True
3,220,reel30__6,1696,N,True
3,235,reel62__3,1696,N,True
3,205,reel62__3,1696,N,True
3,122,reel62__3,1696,N,True
3,205,reel76__7,1696,N,True
3,reel18__6,reel76__7,1696,N,True
3,36,reel76__7,1696,N,True
3,205,reel82__8,1696,N,True
3,172,reel82__8,1696,N,True
3,343,bot2__6,1696,N,True
3,293,bot2__6,1696,N,True
3,328,bot2__6,1696,N,True
3,293,reel7__4,1696,N,True
3,179,reel7__4,1696,N,True
3,213,reel7__4,1696,N,True
3,293,bot16__7,1696,N,True
3,36,reel17__2,1696,N,True
3,293,reel17__2,1696,N,True
3,reel59__2,reel17__2,1696,N,True
3,reel11__5,reel22__6,1696,N,True
3,293,reel22__6,1696,N,True
3,33,reel36__6,1696,N,True
3,293,reel36__6,1696,N,True
3,293,bot83__9,1696,N,True
3,25,reel5__0,1696,N,True
3,326,reel5__0,1696,N,True
3,25,reel17__5,1696,N,True
3,25,bot20__6,1696,N,True
3,297,bot20__6,1696,N,True
3,162,reel35__5,1696,N,True
3,25,reel35__5,1696,N,True
3,93,reel69__5,1696,N,True
3,25,reel69__5,1696,N,True
3,263,reel6__3,1696,N,True
3,51,reel6__3,1696,N,True
3,106,bot10__7,1696,N,True
3,51,bot10__7,1696,N,True
3,343,reel27__4,1696,N,True
3,51,reel27__4,1696,N,True
3,51,reel29__4,1696,N,True
3,51,reel35__6,1696,N,True
3,14,reel35__6,1696,N,True
3,170,bot45__5,1696,N,True
3,51,bot45__5,1696,N,True
3,51,bot46__2,1696,N,True
3,2,reel53__0,1696,N,True
3,51,reel53__0,1696,N,True
3,131,reel53__0,1696,N,True
3,336,reel0__8,1696,N,True
3,108,reel0__8,1696,N,True
3,135,reel0__8,1696,N,True
3,135,bot43__2,1696,N,True
3,202,reel66__9,1696,N,True
3,135,reel66__9,1696,N,True
3,307,reel70__8,1696,N,True
3,135,reel70__8,1696,N,True
3,reel8__3,reel28__3,1696,N,True
3,reel8__3,bot84__6,1696,N,True
3,153,bot4__5,1696,N,True
3,340,bot4__5,1696,N,True
3,340,bot21__3,1696,N,True
3,89,bot21__3,1696,N,True
3,20,reel21__2,1696,N,True
3,340,reel21__2,1696,N,True
3,340,reel37__9,1696,N,True
3,340,reel82__3,1696,N,True
3,227,reel0__5,1696,N,True
3,104,reel0__5,1696,N,True
3,141,reel0__5,1696,N,True
3,216,reel20__4,1696,N,True
3,45,reel20__4,1696,N,True
3,141,reel20__4,1696,N,True
3,341,bot21__7,1696,N,True
3,141,bot21__7,1696,N,True
3,141,bot31__2,1696,N,True
3,47,reel31__3,1696,N,True
3,141,reel31__3,1696,N,True
3,14,reel39__2,1696,N,True
3,141,reel39__2,1696,N,True
3,141,reel48__4,1696,N,True
3,53,reel32__1,1696,N,True
3,272,reel32__1,1696,N,True
3,96,reel32__1,1696,N,True
3,312,reel6__5,1696,N,True
3,316,reel6__5,1696,N,True
3,274,reel6__5,1696,N,True
3,316,reel17__1,1696,N,True
3,77,reel17__1,1696,N,True
3,316,bot40__1,1696,N,True
3,267,bot40__1,1696,N,True
3,316,reel68__2,1696,N,True
3,169,reel68__2,1696,N,True
3,60,reel68__2,1696,N,True
3,316,reel81__6,1696,N,True
3,316,reel83__3,1696,N,True
3,327,reel83__3,1696,N,True
3,bot2__5,bot13__0,1696,N,True
3,78,bot8__8,1696,N,True
3,302,reel36__2,1696,N,True
3,78,reel36__2,1696,N,True
3,78,reel48__2,1696,N,True
3,78,reel50__9,1696,N,True
3,78,bot66__1,1696,N,True
3,288,reel5__6,1696,N,True
3,192,reel5__6,1696,N,True
3,198,reel40__9,1696,N,True
3,192,reel40__9,1696,N,True
3,190,reel41__7,1696,N,True
3,192,reel41__7,1696,N,True
3,192,reel80__4,1696,N,True
3,105,reel23__7,1696,N,True
3,bot45__9,reel23__7,1696,N,True
3,149,bot12__1,1696,N,True
3,104,bot12__1,1696,N,True
3,149,reel34__8,1696,N,True
3,154,reel34__8,1696,N,True
3,203,bot42__5,1696,N,True
3,149,bot42__5,1696,N,True
3,149,bot48__7,1696,N,True
3,149,reel62__5,1696,N,True
3,reel23__1,reel2__2,1696,N,True
3,61,reel2__2,1696,N,True
3,86,reel2__2,1696,N,True
3,reel23__1,reel15__0,1696,N,True
3,19,reel15__0,1696,N,True
3,reel23__1,bot41__6,1696,N,True
3,185,bot41__6,1696,N,True
3,reel23__1,reel42__7,1696,N,True
3,198,reel1__6,1696,N,True
3,212,reel1__6,1696,N,True
3,230,reel1__6,1696,N,True
3,128,reel4__6,1696,N,True
3,212,reel4__6,1696,N,True
3,reel11__0,reel4__6,1696,N,True
3,121,reel63__5,1696,N,True
3,212,reel63__5,1696,N,True
3,193,reel36__8,1696,N,True
3,253,bot3__9,1696,N,True
3,288,bot3__9,1696,N,True
3,288,bot24__9,1696,N,True
3,288,reel70__3,1696,N,True
3,302,reel0__1,1696,N,True
3,reel2__8,reel0__1,1696,N,True
3,115,bot26__3,1696,N,True
3,reel2__8,bot26__3,1696,N,True
3,reel2__8,bot63__5,1696,N,True
3,reel2__8,bot66__0,1696,N,True
3,304,bot66__0,1696,N,True
3,129,bot6__7,1696,N,True
3,307,bot6__7,1696,N,True
3,129,reel6__1,1696,N,True
3,91,reel6__1,1696,N,True
3,129,reel49__1,1696,N,True
3,87,reel49__1,1696,N,True
3,129,reel52__3,1696,N,True
3,62,reel52__3,1696,N,True
3,129,reel83__1,1696,N,True
3,30,bot0__2,1696,N,True
3,26,bot0__2,1696,N,True
3,94,bot0__2,1696,N,True
3,94,bot50__5,1696,N,True
3,94,reel57__5,1696,N,True
3,339,reel57__5,1696,N,True
3,125,reel69__2,1696,N,True
3,94,reel69__2,1696,N,True
3,270,reel72__5,1696,N,True
3,94,reel72__5,1696,N,True
3,54,bot2__4,1696,N,True
3,48,bot2__4,1696,N,True
3,184,bot28__7,1696,N,True
3,48,bot28__7,1696,N,True
3,48,reel40__7,1696,N,True
3,48,bot79__5,1696,N,True
3,85,reel39__8,1696,N,True
3,85,reel45__3,1696,N,True
3,85,reel56__4,1696,N,True
3,85,bot59__4,1696,N,True
3,65,reel18__9,1696,N,True
3,65,bot27__9,1696,N,True
3,65,reel62__0,1696,N,True
3,322,reel1__0,1696,N,True
3,322,bot4__3,1696,N,True
3,64,bot4__3,1696,N,True
3,322,bot9__8,1696,N,True
3,322,reel12__4,1696,N,True
3,110,reel12__4,1696,N,True
3,322,bot17__2,1696,N,True
3,122,bot22__2,1696,N,True
3,81,bot25__5,1696,N,True
3,122,bot25__5,1696,N,True
3,40,reel36__7,1696,N,True
3,122,reel36__7,1696,N,True
3,113,reel36__7,1696,N,True
3,122,reel75__9,1696,N,True
3,56,bot1__4,1696,N,True
3,130,bot1__4,1696,N,True
3,56,bot13__4,1696,N,True
3,327,bot13__4,1696,N,True
3,56,bot19__6,1696,N,True
3,177,bot19__6,1696,N,True
3,56,bot36__8,1696,N,True
3,196,bot36__8,1696,N,True
3,56,reel72__7,1696,N,True
3,40,reel3__2,1696,N,True
3,328,reel3__2,1696,N,True
3,40,reel33__6,1696,N,True
3,79,reel3__8,1696,N,True
3,309,reel3__8,1696,N,True
3,309,bot4__1,1696,N,True
3,86,bot4__1,1696,N,True
3,309,reel18__2,1696,N,True
3,309,bot19__5,1696,N,True
3,309,bot73__1,1696,N,True
3,26,bot0__7,1696,N,True
3,318,bot0__7,1696,N,True
3,230,bot0__7,1696,N,True
3,230,reel1__4,1696,N,True
3,bot68__5,reel16__3,1696,N,True
3,230,reel16__3,1696,N,True
3,14,reel16__3,1696,N,True
3,112,reel4__1,1696,N,True
3,181,reel14__8,1696,N,True
3,112,reel14__8,1696,N,True
3,97,reel14__8,1696,N,True
3,112,reel18__0,1696,N,True
3,reel14__5,reel21__1,1696,N,True
3,112,reel21__1,1696,N,True
3,71,reel21__1,1696,N,True
3,112,reel24__1,1696,N,True
3,105,reel24__1,1696,N,True
3,218,reel24__1,1696,N,True
3,112,bot25__4,1696,N,True
3,112,reel37__6,1696,N,True
3,137,reel37__6,1696,N,True
3,77,reel10__8,1696,N,True
3,343,reel10__8,1696,N,True
3,bot69__9,reel47__7,1696,N,True
3,77,reel47__7,1696,N,True
3,34,reel47__7,1696,N,True
3,132,reel47__7,1696,N,True
3,77,bot57__4,1696,N,True
3,bot13__5,bot33__8,1696,N,True
3,bot13__5,bot84__4,1696,N,True
3,313,bot84__4,1696,N,True
3,331,reel3__4,1696,N,True
3,121,reel3__4,1696,N,True
3,83,reel3__4,1696,N,True
3,154,reel62__7,1696,N,True
3,60,reel62__7,1696,N,True
3,60,bot82__7,1696,N,True
3,172,bot8__9,1696,N,True
3,267,bot8__9,1696,N,True
3,267,bot34__7,1696,N,True
3,267,reel64__0,1696,N,True
3,267,bot76__8,1696,N,True
3,326,bot10__2,1696,N,True
3,76,bot14__1,1696,N,True
3,326,bot14__1,1696,N,True
3,106,reel83__2,1696,N,True
3,326,reel83__2,1696,N,True
3,119,bot5__2,1696,N,True
3,274,bot17__1,1696,N,True
3,119,bot17__1,1696,N,True
3,119,bot20__4,1696,N,True
3,38,bot20__4,1696,N,True
3,337,reel24__9,1696,N,True
3,119,reel24__9,1696,N,True
3,278,reel24__9,1696,N,True
3,119,reel26__7,1696,N,True
3,119,reel39__6,1696,N,True
3,317,reel39__6,1696,N,True
3,136,reel50__3,1696,N,True
3,119,reel50__3,1696,N,True
3,119,reel83__9,1696,N,True
3,290,reel83__9,1696,N,True
3,134,reel5__3,1696,N,True
3,258,reel5__3,1696,N,True
3,86,reel5__3,1696,N,True
3,261,reel8__2,1696,N,True
3,258,reel8__2,1696,N,True
3,337,reel15__1,1696,N,True
3,258,reel15__1,1696,N,True
3,258,bot18__1,1696,N,True
3,258,bot24__8,1696,N,True
3,265,bot24__8,1696,N,True
3,258,reel41__3,1696,N,True
3,258,reel51__4,1696,N,True
3,263,reel7__9,1696,N,True
3,291,reel7__9,1696,N,True
3,263,bot10__1,1696,N,True
3,320,bot10__1,1696,N,True
3,263,bot38__9,1696,N,True
3,reel28__1,bot38__9,1696,N,True
3,263,bot43__0,1696,N,True
3,33,reel2__7,1696,N,True
3,261,reel2__7,1696,N,True
3,190,reel2__7,1696,N,True
3,reel30__1,reel2__7,1696,N,True
3,261,bot10__9,1696,N,True
3,261,reel32__6,1696,N,True
3,262,reel32__6,1696,N,True
3,159,bot9__4,1696,N,True
3,262,reel9__2,1696,N,True
3,159,reel9__2,1696,N,True
3,327,reel9__2,1696,N,True
3,159,reel20__2,1696,N,True
3,159,reel29__7,1696,N,True
3,104,reel29__7,1696,N,True
3,62,reel32__0,1696,N,True
3,159,reel32__0,1696,N,True
3,159,reel80__9,1696,N,True
3,223,bot9__9,1696,N,True
3,246,reel13__0,1696,N,True
3,99,reel13__0,1696,N,True
3,223,reel13__0,1696,N,True
3,302,reel19__5,1696,N,True
3,277,reel19__5,1696,N,True
3,223,reel19__5,1696,N,True
3,223,bot84__2,1696,N,True
3,185,bot5__5,1696,N,True
3,185,bot5__6,1696,N,True
3,318,reel12__2,1696,N,True
3,45,reel12__2,1696,N,True
3,185,reel12__2,1696,N,True
3,203,reel23__0,1696,N,True
3,185,reel23__0,1696,N,True
3,312,reel38__2,1696,N,True
3,185,reel38__2,1696,N,True
3,185,reel58__9,1696,N,True
3,147,reel0__0,1696,N,True
3,86,reel0__0,1696,N,True
3,86,bot23__6,1696,N,True
3,279,reel24__8,1696,N,True
3,86,reel24__8,1696,N,True
3,44,reel2__4,1696,N,True
3,331,reel2__4,1696,N,True
3,44,bot3__7,1696,N,True
3,44,bot4__4,1696,N,True
3,76,bot4__4,1696,N,True
3,44,reel28__8,1696,N,True
3,265,reel28__8,1696,N,True
3,22,reel28__8,1696,N,True
3,44,bot42__0,1696,N,True
3,262,bot42__0,1696,N,True
3,44,bot56__0,1696,N,True
3,270,bot1__0,1696,N,True
3,105,bot1__0,1696,N,True
3,270,bot1__1,1696,N,True
3,171,reel0__4,1696,N,True
3,336,reel0__4,1696,N,True
3,6,bot10__5,1696,N,True
3,336,bot10__5,1696,N,True
3,336,bot19__0,1696,N,True
3,bot57__5,bot46__8,1696,N,True
3,reel72__6,reel62__2,1696,N,True
3,bot72__8,reel62__2,1696,N,True
3,bot36__5,bot58__7,1696,N,True
3,reel11__0,reel51__0,1696,N,True
3,reel42__9,reel51__0,1696,N,True
3,reel65__4,reel56__3,1696,N,True
3,29,bot51__0,1696,N,True
3,29,reel59__8,1696,N,True
3,136,reel59__8,1696,N,True
3,240,bot13__1,1696,N,True
3,172,bot13__1,1696,N,True
3,240,reel29__8,1696,N,True
3,216,reel68__8,1696,N,True
3,240,reel68__8,1696,N,True
3,272,reel8__0,1696,N,True
3,341,reel8__0,1696,N,True
3,341,reel22__0,1696,N,True
3,341,bot42__2,1696,N,True
3,162,bot48__2,1696,N,True
3,341,bot48__2,1696,N,True
3,341,reel63__0,1696,N,True
3,341,bot76__2,1696,N,True
3,304,reel22__5,1696,N,True
3,304,bot49__0,1696,N,True
3,63,bot3__0,1696,N,True
3,169,bot3__0,1696,N,True
3,323,bot3__0,1696,N,True
3,274,bot6__6,1696,N,True
3,63,bot6__6,1696,N,True
3,63,bot7__2,1696,N,True
3,2,bot7__2,1696,N,True
3,63,reel14__1,1696,N,True
3,63,bot15__3,1696,N,True
3,167,bot15__3,1696,N,True
3,63,bot65__9,1696,N,True
3,63,reel73__7,1696,N,True
3,99,reel13__5,1696,N,True
3,166,reel13__5,1696,N,True
3,99,reel14__3,1696,N,True
3,285,reel14__3,1696,N,True
3,256,reel14__3,1696,N,True
3,99,reel19__1,1696,N,True
3,reel14__5,reel13__1,1696,N,True
3,71,reel13__1,1696,N,True
3,100,reel13__1,1696,N,True
3,100,reel14__2,1696,N,True
3,100,bot31__7,1696,N,True
3,33,reel77__0,1696,N,True
3,100,reel77__0,1696,N,True
3,reel10__6,reel77__0,1696,N,True
3,8,reel1__5,1696,N,True
3,81,reel1__5,1696,N,True
3,285,reel1__5,1696,N,True
3,8,reel4__5,1696,N,True
3,62,reel4__5,1696,N,True
3,8,reel21__7,1696,N,True
3,254,reel21__7,1696,N,True
3,8,reel30__9,1696,N,True
3,198,reel30__9,1696,N,True
3,8,bot37__2,1696,N,True
3,343,bot37__2,1696,N,True
3,8,reel75__6,1696,N,True
3,170,bot6__3,1696,N,True
3,27,bot6__3,1696,N,True
3,148,bot6__3,1696,N,True
3,27,reel10__5,1696,N,True
3,137,reel10__5,1696,N,True
3,27,reel21__0,1696,N,True
3,102,reel21__0,1696,N,True
3,27,reel38__3,1696,N,True
3,27,reel71__6,1696,N,True
3,52,bot3__3,1696,N,True
3,182,bot3__3,1696,N,True
3,182,bot12__5,1696,N,True
3,38,reel12__3,1696,N,True
3,203,bot28__3,1696,N,True
3,203,reel60__0,1696,N,True
3,257,reel28__5,1696,N,True
3,302,reel28__5,1696,N,True
3,302,reel30__0,1696,N,True
3,302,reel42__3,1696,N,True
3,181,bot0__1,1696,N,True
3,208,bot0__1,1696,N,True
3,167,bot0__1,1696,N,True
3,181,bot0__6,1696,N,True
3,134,bot0__6,1696,N,True
3,171,bot0__6,1696,N,True
3,181,bot72__2,1696,N,True
3,308,bot0__8,1696,N,True
3,220,bot0__8,1696,N,True
3,134,reel15__2,1696,N,True
3,308,reel15__2,1696,N,True
3,308,reel18__5,1696,N,True
3,308,bot26__0,1696,N,True
3,308,reel60__5,1696,N,True
3,308,reel64__5,1696,N,True
3,7,reel81__0,1696,N,True
3,308,reel81__0,1696,N,True
3,277,reel2__1,1696,N,True
3,256,bot7__1,1696,N,True
3,277,bot7__1,1696,N,True
3,277,reel65__0,1696,N,True
3,bot2__7,bot13__8,1696,N,True
3,218,bot13__8,1696,N,True
3,167,bot13__8,1696,N,True
3,33,reel19__0,1696,N,True
3,167,reel19__0,1696,N,True
3,167,bot29__4,1696,N,True
3,134,bot58__8,1696,N,True
3,167,bot58__8,1696,N,True
3,167,reel58__4,1696,N,True
3,331,bot3__2,1696,N,True
3,93,bot3__2,1696,N,True
3,93,reel7__7,1696,N,True
3,272,reel7__7,1696,N,True
3,93,reel65__6,1696,N,True
3,93,reel73__9,1696,N,True
3,153,bot2__1,1696,N,True
3,339,bot2__1,1696,N,True
3,126,bot3__5,1696,N,True
3,153,bot3__5,1696,N,True
3,153,bot41__1,1696,N,True
3,153,bot71__6,1696,N,True
3,50,bot71__6,1696,N,True
3,239,reel4__2,1696,N,True
3,284,reel4__2,1696,N,True
3,239,reel16__7,1696,N,True
3,239,reel57__7,1696,N,True
3,239,bot60__0,1696,N,True
3,102,bot60__0,1696,N,True
3,239,reel69__8,1696,N,True
3,106,reel76__0,1696,N,True
3,239,reel76__0,1696,N,True
3,87,reel5__9,1696,N,True
3,30,reel5__9,1696,N,True
3,87,reel8__5,1696,N,True
3,87,reel12__1,1696,N,True
3,265,bot64__1,1696,N,True
3,87,bot64__1,1696,N,True
3,146,reel71__0,1696,N,True
3,146,reel78__0,1696,N,True
3,257,reel25__7,1696,N,True
3,1,reel25__7,1696,N,True
3,1,bot26__2,1696,N,True
3,1,reel46__2,1696,N,True
3,137,reel46__2,1696,N,True
3,1,bot52__7,1696,N,True
3,bot47__2,bot52__7,1696,N,True
3,108,bot1__9,1696,N,True
3,318,bot1__9,1696,N,True
3,318,reel24__0,1696,N,True
3,227,reel24__0,1696,N,True
3,80,reel24__0,1696,N,True
3,318,reel37__3,1696,N,True
3,222,reel37__3,1696,N,True
3,318,bot45__1,1696,N,True
3,318,bot52__6,1696,N,True
3,318,reel54__4,1696,N,True
3,49,reel52__1,1696,N,True
3,49,bot79__3,1696,N,True
3,257,bot11__1,1696,N,True
3,190,bot11__1,1696,N,True
3,190,bot35__6,1696,N,True
3,190,reel60__9,1696,N,True
3,271,reel8__7,1696,N,True
3,342,reel8__7,1696,N,True
3,113,reel13__3,1696,N,True
3,bot16__5,reel13__3,1696,N,True
3,342,reel13__3,1696,N,True
3,342,reel17__9,1696,N,True
3,255,bot24__6,1696,N,True
3,342,bot24__6,1696,N,True
3,64,bot21__0,1696,N,True
3,220,bot21__0,1696,N,True
3,220,reel56__9,1696,N,True
3,140,reel56__9,1696,N,True
3,220,bot76__4,1696,N,True
3,36,bot76__4,1696,N,True
3,255,reel22__3,1696,N,True
3,229,reel28__7,1696,N,True
3,200,reel28__7,1696,N,True
3,255,reel28__7,1696,N,True
3,71,bot24__4,1696,N,True
3,278,bot24__4,1696,N,True
3,278,bot34__2,1696,N,True
3,278,bot63__6,1696,N,True
3,278,bot78__6,1696,N,True
3,327,bot16__9,1696,N,True
3,80,bot16__9,1696,N,True
3,131,bot16__9,1696,N,True
3,131,bot42__9,1696,N,True
3,131,bot50__0,1696,N,True
3,131,reel69__0,1696,N,True
3,reel14__5,reel33__8,1696,N,True
3,reel14__5,bot37__7,1696,N,True
3,279,bot37__7,1696,N,True
3,147,reel32__2,1696,N,True
3,28,reel32__2,1696,N,True
3,166,reel32__2,1696,N,True
3,28,bot33__3,1696,N,True
3,97,bot3__6,1696,N,True
3,249,bot3__6,1696,N,True
3,196,reel9__1,1696,N,True
3,97,reel9__1,1696,N,True
3,10,reel9__1,1696,N,True
3,97,bot21__4,1696,N,True
3,126,bot23__5,1696,N,True
3,198,bot23__5,1696,N,True
3,97,bot23__5,1696,N,True
3,305,reel23__2,1696,N,True
3,97,reel23__2,1696,N,True
3,bot70__5,reel29__1,1696,N,True
3,229,reel9__4,1696,N,True
3,145,reel9__4,1696,N,True
3,136,reel9__4,1696,N,True
3,333,reel18__4,1696,N,True
3,229,reel18__4,1696,N,True
3,229,reel67__5,1696,N,True
3,116,reel5__8,1696,N,True
3,254,reel5__8,1696,N,True
3,168,reel5__8,1696,N,True
3,134,reel40__4,1696,N,True
3,254,reel40__4,1696,N,True
3,254,reel45__6,1696,N,True
3,254,bot60__5,1696,N,True
3,142,reel16__6,1696,N,True
3,269,reel33__9,1696,N,True
3,142,reel33__9,1696,N,True
3,reel61__5,reel33__9,1696,N,True
3,213,reel33__9,1696,N,True
3,142,bot36__4,1696,N,True
3,54,reel11__1,1696,N,True
3,117,reel11__1,1696,N,True
3,117,reel24__4,1696,N,True
3,246,bot6__9,1696,N,True
3,79,bot6__9,1696,N,True
3,33,reel25__8,1696,N,True
3,79,reel25__8,1696,N,True
3,79,bot47__1,1696,N,True
3,reel28__1,bot47__1,1696,N,True
3,79,bot53__6,1696,N,True
3,200,bot8__6,1696,N,True
3,323,bot8__6,1696,N,True
3,198,reel9__7,1696,N,True
3,323,reel9__7,1696,N,True
3,323,bot39__2,1696,N,True
3,323,reel54__1,1696,N,True
3,325,bot55__7,1696,N,True
3,323,bot55__7,1696,N,True
3,323,bot68__8,1696,N,True
3,183,reel19__3,1696,N,True
3,307,reel19__3,1696,N,True
3,183,bot30__9,1696,N,True
3,183,bot36__9,1696,N,True
3,bot74__7,bot36__9,1696,N,True
3,bot11__8,bot36__9,1696,N,True
3,169,bot76__3,1696,N,True
3,312,bot9__5,1696,N,True
3,184,bot9__5,1696,N,True
3,208,bot9__5,1696,N,True
3,184,reel29__3,1696,N,True
3,184,bot43__9,1696,N,True
3,184,reel45__0,1696,N,True
3,180,bot50__9,1696,N,True
3,184,bot50__9,1696,N,True
3,224,bot16__6,1696,N,True
3,bot79__0,bot16__6,1696,N,True
3,bot79__0,bot77__8,1696,N,True
3,138,reel37__0,1696,N,True
3,138,bot78__5,1696,N,True
3,bot69__9,bot34__5,1696,N,True
3,211,bot34__5,1696,N,True
3,82,bot34__5,1696,N,True
3,312,bot3__4,1696,N,True
3,36,bot3__4,1696,N,True
3,218,bot3__4,1696,N,True
3,312,bot10__4,1696,N,True
3,312,bot10__8,1696,N,True
3,312,reel35__9,1696,N,True
3,36,reel35__9,1696,N,True
3,312,reel37__2,1696,N,True
3,200,bot20__9,1696,N,True
3,200,reel25__3,1696,N,True
3,106,reel25__3,1696,N,True
3,200,bot38__2,1696,N,True
3,76,bot38__2,1696,N,True
3,200,bot45__0,1696,N,True
3,170,reel55__6,1696,N,True
3,200,reel55__6,1696,N,True
3,89,reel55__6,1696,N,True
3,200,bot58__6,1696,N,True
3,200,reel75__2,1696,N,True
3,331,reel5__1,1696,N,True
3,53,reel5__1,1696,N,True
3,53,reel24__7,1696,N,True
3,111,reel6__2,1696,N,True
3,265,reel6__2,1696,N,True
3,265,bot18__5,1696,N,True
3,reel15__7,reel22__8,1696,N,True
3,80,reel22__8,1696,N,True
3,265,reel22__8,1696,N,True
3,116,reel35__2,1696,N,True
3,265,reel35__2,1696,N,True
3,206,reel41__2,1696,N,True
3,265,reel41__2,1696,N,True
3,265,bot43__1,1696,N,True
3,298,bot43__1,1696,N,True
3,265,reel58__7,1696,N,True
3,reel15__7,reel23__4,1696,N,True
3,225,reel23__4,1696,N,True
3,225,reel55__1,1696,N,True
3,147,reel61__3,1696,N,True
3,225,reel61__3,1696,N,True
3,reel48__5,reel78__3,1696,N,True
3,196,bot15__1,1696,N,True
3,bot6__1,bot15__1,1696,N,True
3,109,bot15__1,1696,N,True
3,109,bot70__2,1696,N,True
3,331,bot30__8,1696,N,True
3,331,reel59__9,1696,N,True
3,331,bot74__2,1696,N,True
3,231,bot74__2,1696,N,True
3,331,reel74__1,1696,N,True
3,305,reel9__3,1696,N,True
3,197,reel9__3,1696,N,True
3,2,reel9__3,1696,N,True
3,305,reel55__8,1696,N,True
3,201,reel28__9,1696,N,True
3,256,bot29__8,1696,N,True
3,256,reel49__9,1696,N,True
3,256,reel57__1,1696,N,True
3,343,bot13__9,1696,N,True
3,111,bot13__9,1696,N,True
3,147,bot13__9,1696,N,True
3,343,bot15__2,1696,N,True
3,281,bot15__2,1696,N,True
3,343,bot19__7,1696,N,True
3,343,reel40__2,1696,N,True
3,30,reel10__2,1696,N,True
3,279,reel10__2,1696,N,True
3,279,bot17__9,1696,N,True
3,317,bot37__3,1696,N,True
3,279,bot37__3,1696,N,True
3,320,reel65__7,1696,N,True
3,279,reel65__7,1696,N,True
3,328,bot1__5,1696,N,True
3,237,bot1__5,1696,N,True
3,272,bot1__5,1696,N,True
3,328,bot6__0,1696,N,True
3,71,bot6__0,1696,N,True
3,328,bot24__0,1696,N,True
3,328,reel27__9,1696,N,True
3,328,reel48__0,1696,N,True
3,106,reel75__1,1696,N,True
3,328,reel75__1,1696,N,True
3,89,bot13__2,1696,N,True
3,89,reel16__1,1696,N,True
3,89,bot70__6,1696,N,True
3,177,reel80__2,1696,N,True
3,89,reel80__2,1696,N,True
3,70,bot3__1,1696,N,True
3,128,bot36__0,1696,N,True
3,70,bot36__0,1696,N,True
3,70,reel55__7,1696,N,True
3,70,bot80__2,1696,N,True
3,177,bot5__8,1696,N,True
3,177,reel25__1,1696,N,True
3,47,reel33__1,1696,N,True
3,177,reel33__1,1696,N,True
3,reel77__7,reel47__0,1696,N,True
3,177,reel47__0,1696,N,True
3,reel15__6,reel47__0,1696,N,True
3,177,reel53__7,1696,N,True
3,113,bot7__8,1696,N,True
3,285,bot7__8,1696,N,True
3,113,reel19__4,1696,N,True
3,17,bot7__3,1696,N,True
3,110,bot7__3,1696,N,True
3,132,bot7__3,1696,N,True
3,132,reel16__5,1696,N,True
3,248,bot39__4,1696,N,True
3,132,bot39__4,1696,N,True
3,132,bot51__9,1696,N,True
3,132,bot69__2,1696,N,True
3,237,reel17__4,1696,N,True
3,249,reel17__4,1696,N,True
3,249,bot30__5,1696,N,True
3,297,reel52__2,1696,N,True
3,249,reel52__2,1696,N,True
3,125,reel45__2,1696,N,True
3,125,reel47__3,1696,N,True
3,125,reel82__9,1696,N,True
3,23,reel3__5,1696,N,True
3,196,reel3__5,1696,N,True
3,297,reel3__5,1696,N,True
3,23,bot19__4,1696,N,True
3,23,reel61__0,1696,N,True
3,23,reel64__2,1696,N,True
3,23,bot77__3,1696,N,True
3,reel40__8,bot77__3,1696,N,True
3,82,bot1__6,1696,N,True
3,82,bot7__6,1696,N,True
3,110,bot7__6,1696,N,True
3,82,reel42__1,1696,N,True
3,82,bot53__4,1696,N,True
3,52,bot53__4,1696,N,True
3,235,bot9__3,1696,N,True
3,337,bot9__3,1696,N,True
3,80,bot9__3,1696,N,True
3,80,bot25__9,1696,N,True
3,80,reel39__3,1696,N,True
3,168,reel39__3,1696,N,True
3,80,reel79__8,1696,N,True
3,172,bot5__4,1696,N,True
3,61,bot16__2,1696,N,True
3,307,bot16__2,1696,N,True
3,61,bot24__5,1696,N,True
3,61,reel33__3,1696,N,True
3,61,bot41__7,1696,N,True
3,61,bot66__9,1696,N,True
3,reel59__2,reel60__8,1696,N,True
3,54,bot61__8,1696,N,True
3,reel59__2,bot61__8,1696,N,True
3,reel59__2,reel79__1,1696,N,True
3,54,reel80__6,1696,N,True
3,reel59__2,reel80__6,1696,N,True
3,reel59__2,reel81__9,1696,N,True
3,reel11__5,bot31__6,1696,N,True
3,reel11__5,bot36__6,1696,N,True
3,reel11__5,reel55__3,1696,N,True
3,218,reel55__3,1696,N,True
3,248,bot29__5,1696,N,True
3,248,reel48__8,1696,N,True
3,196,bot20__1,1696,N,True
3,196,reel29__5,1696,N,True
3,47,reel29__5,1696,N,True
3,196,bot32__7,1696,N,True
3,196,bot53__1,1696,N,True
3,196,bot54__2,1696,N,True
3,71,bot11__2,1696,N,True
3,71,reel27__3,1696,N,True
3,71,bot72__3,1696,N,True
3,45,bot2__9,1696,N,True
3,307,bot2__9,1696,N,True
3,202,bot5__1,1696,N,True
3,45,bot5__1,1696,N,True
3,45,reel9__5,1696,N,True
3,45,bot13__6,1696,N,True
3,45,bot15__9,1696,N,True
3,22,bot15__9,1696,N,True
3,45,reel24__2,1696,N,True
3,136,reel71__8,1696,N,True
3,7,reel1__8,1696,N,True
3,50,reel1__8,1696,N,True
3,50,reel4__8,1696,N,True
3,137,reel4__8,1696,N,True
3,166,reel4__8,1696,N,True
3,50,reel20__7,1696,N,True
3,320,reel20__7,1696,N,True
3,168,reel5__7,1696,N,True
3,325,reel5__7,1696,N,True
3,246,reel30__3,1696,N,True
3,325,reel30__3,1696,N,True
3,325,bot53__0,1696,N,True
3,54,reel51__9,1696,N,True
3,54,reel54__8,1696,N,True
3,bot35__0,bot32__3,1696,N,True
3,157,bot32__3,1696,N,True
3,275,bot32__3,1696,N,True
3,bot35__0,bot49__5,1696,N,True
3,128,reel8__9,1696,N,True
3,217,bot12__4,1696,N,True
3,262,bot12__4,1696,N,True
3,262,bot74__1,1696,N,True
3,262,bot75__9,1696,N,True
3,253,reel3__9,1696,N,True
3,179,reel3__9,1696,N,True
3,179,reel53__4,1696,N,True
3,179,reel74__3,1696,N,True
3,73,reel21__3,1696,N,True
3,17,bot65__0,1696,N,True
3,73,bot65__0,1696,N,True
3,108,bot10__6,1696,N,True
3,108,reel31__8,1696,N,True
3,137,reel31__8,1696,N,True
3,108,bot43__6,1696,N,True
3,108,reel44__1,1696,N,True
3,108,reel44__6,1696,N,True
3,108,bot79__2,1696,N,True
3,102,reel0__9,1696,N,True
3,197,reel8__4,1696,N,True
3,197,bot18__0,1696,N,True
3,197,reel74__9,1696,N,True
3,231,reel74__9,1696,N,True
3,222,bot5__7,1696,N,True
3,20,bot15__4,1696,N,True
3,bot48__9,bot15__4,1696,N,True
3,reel18__6,reel41__4,1696,N,True
3,227,bot11__4,1696,N,True
3,111,reel29__0,1696,N,True
3,227,reel29__0,1696,N,True
3,227,reel37__8,1696,N,True
3,227,reel61__1,1696,N,True
3,166,bot20__8,1696,N,True
3,211,reel54__9,1696,N,True
3,166,reel54__9,1696,N,True
3,17,reel61__9,1696,N,True
3,166,reel61__9,1696,N,True
3,166,bot63__4,1696,N,True
3,147,reel6__0,1696,N,True
3,147,reel27__5,1696,N,True
3,147,reel55__9,1696,N,True
3,147,reel68__0,1696,N,True
3,202,reel2__5,1696,N,True
3,106,reel2__5,1696,N,True
3,202,bot23__7,1696,N,True
3,217,reel3__0,1696,N,True
3,313,reel3__0,1696,N,True
3,299,reel3__0,1696,N,True
3,313,bot49__6,1696,N,True
3,237,reel22__7,1696,N,True
3,reel46__9,reel22__7,1696,N,True
3,reel46__9,bot52__1,1696,N,True
3,reel46__9,reel73__8,1696,N,True
3,bot39__3,bot9__2,1696,N,True
3,36,bot36__3,1696,N,True
3,bot39__3,bot36__3,1696,N,True
3,bot39__3,bot42__4,1696,N,True
3,290,bot44__5,1696,N,True
3,180,reel64__8,1696,N,True
3,290,reel64__8,1696,N,True
3,247,reel8__1,1696,N,True
3,17,reel8__1,1696,N,True
3,17,reel35__0,1696,N,True
3,17,bot57__9,1696,N,True
3,17,reel73__2,1696,N,True
3,36,bot6__8,1696,N,True
3,52,bot60__8,1696,N,True
3,36,bot60__8,1696,N,True
3,291,bot25__2,1696,N,True
3,90,bot25__2,1696,N,True
3,237,bot52__5,1696,N,True
3,291,bot52__5,1696,N,True
3,2,bot48__6,1696,N,True
3,134,bot47__8,1696,N,True
3,163,reel81__1,1696,N,True
3,47,reel54__6,1696,N,True
3,47,bot55__2,1696,N,True
3,218,bot11__3,1696,N,True
3,140,bot18__2,1696,N,True
3,218,bot18__2,1696,N,True
3,218,bot56__7,1696,N,True
3,170,reel4__4,1696,N,True
3,170,reel37__4,1696,N,True
3,170,bot61__3,1696,N,True
3,170,bot78__0,1696,N,True
3,reel77__7,bot78__0,1696,N,True
3,170,reel81__2,1696,N,True
3,337,bot31__5,1696,N,True
3,reel11__0,reel51__8,1696,N,True
3,178,bot7__5,1696,N,True
3,299,bot7__5,1696,N,True
3,10,bot7__5,1696,N,True
3,299,bot13__3,1696,N,True
3,299,reel19__7,1696,N,True
3,299,bot66__3,1696,N,True
3,reel28__1,reel72__3,1696,N,True
3,reel28__1,reel80__0,1696,N,True
3,297,bot22__9,1696,N,True
3,297,bot28__0,1696,N,True
3,297,bot51__7,1696,N,True
3,297,bot71__7,1696,N,True
3,297,reel71__9,1696,N,True
3,297,reel79__5,1696,N,True
3,110,bot22__1,1696,N,True
3,104,bot22__1,1696,N,True
3,104,reel49__5,1696,N,True
3,104,bot54__9,1696,N,True
3,reel15__7,bot17__4,1696,N,True
3,bot16__5,bot17__4,1696,N,True
3,22,bot2__2,1696,N,True
3,213,bot2__2,1696,N,True
3,213,bot11__7,1696,N,True
3,213,reel30__5,1696,N,True
3,213,bot34__8,1696,N,True
3,126,bot5__9,1696,N,True
3,231,bot5__9,1696,N,True
3,126,bot21__8,1696,N,True
3,126,reel29__6,1696,N,True
3,216,bot30__1,1696,N,True
3,257,reel3__1,1696,N,True
3,88,reel3__1,1696,N,True
3,180,reel18__1,1696,N,True
3,237,reel18__1,1696,N,True
3,6,reel18__1,1696,N,True
3,180,reel26__3,1696,N,True
3,62,reel13__6,1696,N,True
3,62,bot32__1,1696,N,True
3,62,bot35__4,1696,N,True
3,62,bot40__5,1696,N,True
3,62,reel41__8,1696,N,True
3,62,bot61__9,1696,N,True
3,285,bot61__9,1696,N,True
3,62,bot63__8,1696,N,True
3,137,bot37__6,1696,N,True
3,137,bot46__4,1696,N,True
3,137,reel62__4,1696,N,True
3,137,reel62__8,1696,N,True
3,137,bot63__9,1696,N,True
3,19,bot63__9,1696,N,True
3,reel15__6,bot34__9,1696,N,True
3,reel15__6,reel43__6,1696,N,True
3,7,reel65__3,1696,N,True
3,7,bot80__9,1696,N,True
3,88,bot14__4,1696,N,True
3,88,bot50__4,1696,N,True
3,88,reel75__5,1696,N,True
3,88,reel75__7,1696,N,True
3,275,bot25__6,1696,N,True
3,275,bot71__2,1696,N,True
3,91,reel73__4,1696,N,True
3,275,reel73__4,1696,N,True
3,105,bot47__4,1696,N,True
3,105,bot61__5,1696,N,True
3,274,reel78__6,1696,N,True
3,162,bot44__4,1696,N,True
3,264,bot8__3,1696,N,True
3,320,bot8__3,1696,N,True
3,156,reel20__6,1696,N,True
3,156,bot51__8,1696,N,True
3,reel40__8,reel19__8,1696,N,True
3,19,reel19__8,1696,N,True
3,reel40__8,bot46__0,1696,N,True
3,bot11__8,bot46__0,1696,N,True
3,285,reel25__4,1696,N,True
3,285,reel53__9,1696,N,True
3,285,reel75__8,1696,N,True
3,285,bot81__7,1696,N,True
3,bot11__8,bot20__7,1696,N,True
3,307,reel10__4,1696,N,True
3,168,bot36__7,1696,N,True
3,307,bot36__7,1696,N,True
3,307,reel38__6,1696,N,True
3,178,reel13__2,1696,N,True
3,111,reel13__2,1696,N,True
3,178,bot35__9,1696,N,True
3,339,bot35__9,1696,N,True
3,178,bot55__6,1696,N,True
3,111,reel11__7,1696,N,True
3,111,bot14__3,1696,N,True
3,52,bot14__3,1696,N,True
3,237,bot9__0,1696,N,True
3,237,reel59__6,1696,N,True
3,339,reel59__6,1696,N,True
3,bot48__9,reel29__2,1696,N,True
3,208,reel29__2,1696,N,True
3,208,bot71__1,1696,N,True
3,95,bot9__1,1696,N,True
3,bot68__5,bot58__9,1696,N,True
3,reel47__5,bot59__8,1696,N,True
3,33,reel22__2,1696,N,True
3,231,reel22__2,1696,N,True
3,231,bot28__2,1696,N,True
3,14,bot40__3,1696,N,True
3,14,reel71__2,1696,N,True
3,10,bot27__5,1696,N,True
3,10,bot33__2,1696,N,True
3,10,reel76__9,1696,N,True
3,reel10__6,reel57__0,1696,N,True
3,reel10__6,bot62__9,1696,N,True
3,272,reel21__5,1696,N,True
3,272,bot52__8,1696,N,True
3,272,reel63__3,1696,N,True
3,224,bot17__5,1696,N,True
3,224,reel34__3,1696,N,True
3,224,reel39__5,1696,N,True
3,224,reel41__9,1696,N,True
3,224,reel46__6,1696,N,True
3,reel20__3,reel38__4,1696,N,True
3,reel20__3,bot56__3,1696,N,True
3,reel20__3,reel83__4,1696,N,True
3,298,reel43__9,1696,N,True
3,298,reel67__6,1696,N,True
3,298,reel76__5,1696,N,True
3,235,bot76__0,1696,N,True
3,253,bot62__8,1696,N,True
3,253,reel70__0,1696,N,True
3,64,reel6__8,1696,N,True
3,198,reel1__3,1696,N,True
3,339,reel1__3,1696,N,True
3,198,bot12__8,1696,N,True
3,198,bot27__0,1696,N,True
3,198,reel52__8,1696,N,True
3,320,bot15__7,1696,N,True
3,76,reel35__8,1696,N,True
3,320,reel35__8,1696,N,True
3,145,bot31__1,1696,N,True
3,145,reel74__8,1696,N,True
3,217,reel27__0,1696,N,True
3,217,reel65__1,1696,N,True
3,217,reel72__1,1696,N,True
3,110,reel31__0,1696,N,True
3,110,bot40__6,1696,N,True
3,110,bot44__3,1696,N,True
3,110,reel52__5,1696,N,True
3,140,reel44__9,1696,N,True
3,140,bot47__3,1696,N,True
3,116,bot5__3,1696,N,True
3,21,bot5__3,1696,N,True
3,116,bot35__3,1696,N,True
3,116,bot40__2,1696,N,True
3,116,reel58__1,1696,N,True
3,116,reel71__7,1696,N,True
3,116,bot74__5,1696,N,True
3,116,bot77__4,1696,N,True
3,171,bot30__0,1696,N,True
3,171,reel35__3,1696,N,True
3,171,reel39__9,1696,N,True
3,81,reel11__2,1696,N,True
3,81,bot32__4,1696,N,True
3,33,reel6__6,1696,N,True
3,19,reel6__6,1696,N,True
3,33,reel53__6,1696,N,True
3,21,bot16__1,1696,N,True
3,21,reel46__4,1696,N,True
3,22,bot31__8,1696,N,True
3,bot47__2,bot14__8,1696,N,True
3,bot6__1,bot25__3,1696,N,True
3,bot6__1,bot28__6,1696,N,True
3,127,reel58__0,1696,N,True
3,269,bot49__3,1696,N,True
3,317,bot82__9,1696,N,True
3,52,bot39__1,1696,N,True
3,327,reel10__9,1696,N,True
3,327,bot65__1,1696,N,True
3,161,bot2__8,1696,N,True
3,161,bot33__6,1696,N,True
3,161,reel52__0,1696,N,True
3,26,bot55__3,1696,N,True
3,26,reel60__6,1696,N,True
3,26,bot75__3,1696,N,True
3,bot72__8,bot22__5,1696,N,True
3,reel61__5,reel56__0,1696,N,True
3,130,bot74__6,1696,N,True
3,6,bot6__5,1696,N,True
3,6,bot12__7,1696,N,True
3,6,bot42__8,1696,N,True
3,6,bot67__4,1696,N,True
3,157,reel35__1,1696,N,True
3,157,reel82__4,1696,N,True
3,211,reel43__0,1696,N,True
3,211,bot66__7,1696,N,True
3,247,reel38__0,1696,N,True
3,247,bot83__0,1696,N,True
3,90,reel18__3,1696,N,True
3,90,reel26__1,1696,N,True
3,90,bot64__4,1696,N,True
3,reel15__7,bot83__2,1696,N,True
3,303,reel2__0,1696,N,True
3,83,bot74__3,1696,N,True
3,19,reel4__3,1696,N,True
3,19,reel60__4,1696,N,True
3,19,reel62__9,1696,N,True
3,168,bot73__4,1696,N,True
3,bot2__7,bot4__6,1696,N,True
3,bot2__7,bot25__7,1696,N,True
3,bot2__7,bot44__9,1696,N,True
3,bot16__0,bot0__0,1697,N,True
3,bot16__0,bot34__4,1697,N,True
3,bot16__0,bot77__0,1697,N,True
3,277,bot77__0,1697,N,True
3,56,331,1697,N,True
3,reel5__1,331,1697,N,True
3,0,331,1697,N,True
3,25,331,1697,N,True
3,reel5__1,259,1697,N,True
3,0,259,1697,N,True
3,reel5__1,bot11__2,1697,N,True
3,reel5__1,bot14__7,1697,N,True
3,reel5__1,bot21__6,1697,N,True
3,reel5__1,reel25__4,1697,N,True
3,reel30__1,reel4__0,1697,N,True
3,reel28__1,reel4__0,1697,N,True
3,reel30__1,86,1697,N,True
3,0,86,1697,N,True
3,318,reel24__0,1697,N,True
3,bot45__4,reel24__0,1697,N,True
3,33,reel32__8,1697,N,True
3,bot45__4,reel32__8,1697,N,True
3,bot45__4,bot52__4,1697,N,True
3,bot45__4,bot66__2,1697,N,True
3,0,290,1697,N,True
3,67,290,1697,N,True
3,25,290,1697,N,True
3,185,290,1697,N,True
3,56,290,1697,N,True
3,322,290,1697,N,True
3,277,290,1697,N,True
3,0,83,1697,N,True
3,25,83,1697,N,True
3,239,323,1697,N,True
3,0,323,1697,N,True
3,67,323,1697,N,True
3,25,323,1697,N,True
3,277,323,1697,N,True
3,142,323,1697,N,True
3,248,323,1697,N,True
3,56,323,1697,N,True
3,322,323,1697,N,True
3,122,323,1697,N,True
3,26,323,1697,N,True
3,bot3__0,323,1697,N,True
3,315,323,1697,N,True
3,10,323,1697,N,True
3,239,203,1697,N,True
3,0,203,1697,N,True
3,67,203,1697,N,True
3,25,203,1697,N,True
3,277,203,1697,N,True
3,128,203,1697,N,True
3,142,203,1697,N,True
3,261,203,1697,N,True
3,40,203,1697,N,True
3,56,203,1697,N,True
3,122,203,1697,N,True
3,322,203,1697,N,True
3,26,203,1697,N,True
3,113,203,1697,N,True
3,315,203,1697,N,True
3,239,276,1697,N,True
3,0,276,1697,N,True
3,25,276,1697,N,True
3,56,276,1697,N,True
3,322,276,1697,N,True
3,122,276,1697,N,True
3,26,276,1697,N,True
3,0,3,1697,N,True
3,67,3,1697,N,True
3,25,3,1697,N,True
3,142,3,1697,N,True
3,122,3,1697,N,True
3,26,3,1697,N,True
3,0,158,1697,N,True
3,67,158,1697,N,True
3,25,158,1697,N,True
3,5,158,1697,N,True
3,142,158,1697,N,True
3,248,158,1697,N,True
3,40,158,1697,N,True
3,322,158,1697,N,True
3,26,158,1697,N,True
3,113,158,1697,N,True
3,315,158,1697,N,True
3,239,188,1697,N,True
3,0,188,1697,N,True
3,67,188,1697,N,True
3,25,188,1697,N,True
3,277,188,1697,N,True
3,142,188,1697,N,True
3,185,188,1697,N,True
3,56,188,1697,N,True
3,322,188,1697,N,True
3,122,188,1697,N,True
3,26,188,1697,N,True
3,165,188,1697,N,True
3,113,188,1697,N,True
3,315,188,1697,N,True
3,252,188,1697,N,True
3,0,76,1697,N,True
3,25,76,1697,N,True
3,0,148,1697,N,True
3,25,148,1697,N,True
3,261,148,1697,N,True
3,185,148,1697,N,True
3,113,148,1697,N,True
3,0,69,1697,N,True
3,67,69,1697,N,True
3,25,69,1697,N,True
3,26,69,1697,N,True
3,121,69,1697,N,True
3,239,72,1697,N,True
3,0,72,1697,N,True
3,67,72,1697,N,True
3,25,72,1697,N,True
3,40,72,1697,N,True
3,56,72,1697,N,True
3,26,72,1697,N,True
3,165,72,1697,N,True
3,113,72,1697,N,True
3,252,72,1697,N,True
3,239,141,1697,N,True
3,0,141,1697,N,True
3,67,141,1697,N,True
3,25,141,1697,N,True
3,40,141,1697,N,True
3,56,141,1697,N,True
3,122,141,1697,N,True
3,26,141,1697,N,True
3,reel20__4,141,1697,N,True
3,0,297,1697,N,True
3,67,297,1697,N,True
3,25,297,1697,N,True
3,261,297,1697,N,True
3,142,297,1697,N,True
3,185,297,1697,N,True
3,56,297,1697,N,True
3,322,297,1697,N,True
3,122,297,1697,N,True
3,26,297,1697,N,True
3,252,297,1697,N,True
3,0,88,1697,N,True
3,25,88,1697,N,True
3,reel3__1,88,1697,N,True
3,56,88,1697,N,True
3,106,88,1697,N,True
3,322,88,1697,N,True
3,0,336,1697,N,True
3,25,336,1697,N,True
3,239,272,1697,N,True
3,0,272,1697,N,True
3,67,272,1697,N,True
3,25,272,1697,N,True
3,185,272,1697,N,True
3,40,272,1697,N,True
3,56,272,1697,N,True
3,122,272,1697,N,True
3,277,272,1697,N,True
3,252,272,1697,N,True
3,0,51,1697,N,True
3,25,51,1697,N,True
3,0,283,1697,N,True
3,25,283,1697,N,True
3,0,84,1697,N,True
3,25,84,1697,N,True
3,239,285,1697,N,True
3,0,285,1697,N,True
3,67,285,1697,N,True
3,25,285,1697,N,True
3,252,285,1697,N,True
3,277,285,1697,N,True
3,261,285,1697,N,True
3,142,285,1697,N,True
3,185,285,1697,N,True
3,56,285,1697,N,True
3,322,285,1697,N,True
3,122,285,1697,N,True
3,136,285,1697,N,True
3,26,285,1697,N,True
3,113,285,1697,N,True
3,315,285,1697,N,True
3,10,285,1697,N,True
3,0,39,1697,N,True
3,25,39,1697,N,True
3,121,39,1697,N,True
3,165,39,1697,N,True
3,277,39,1697,N,True
3,0,224,1697,N,True
3,67,224,1697,N,True
3,25,224,1697,N,True
3,261,224,1697,N,True
3,40,224,1697,N,True
3,322,224,1697,N,True
3,122,224,1697,N,True
3,26,224,1697,N,True
3,315,224,1697,N,True
3,239,98,1697,N,True
3,0,98,1697,N,True
3,67,98,1697,N,True
3,25,98,1697,N,True
3,277,98,1697,N,True
3,128,98,1697,N,True
3,261,98,1697,N,True
3,56,98,1697,N,True
3,122,98,1697,N,True
3,26,98,1697,N,True
3,113,98,1697,N,True
3,315,98,1697,N,True
3,252,98,1697,N,True
3,0,31,1697,N,True
3,67,31,1697,N,True
3,25,31,1697,N,True
3,142,31,1697,N,True
3,122,31,1697,N,True
3,277,31,1697,N,True
3,252,31,1697,N,True
3,0,73,1697,N,True
3,25,73,1697,N,True
3,277,105,1697,N,True
3,0,105,1697,N,True
3,25,105,1697,N,True
3,315,105,1697,N,True
3,0,237,1697,N,True
3,25,237,1697,N,True
3,261,65,1697,N,True
3,0,65,1697,N,True
3,25,65,1697,N,True
3,252,65,1697,N,True
3,239,170,1697,N,True
3,0,170,1697,N,True
3,67,170,1697,N,True
3,25,170,1697,N,True
3,277,170,1697,N,True
3,128,170,1697,N,True
3,142,170,1697,N,True
3,185,170,1697,N,True
3,56,170,1697,N,True
3,322,170,1697,N,True
3,122,170,1697,N,True
3,26,170,1697,N,True
3,315,170,1697,N,True
3,252,170,1697,N,True
3,56,221,1697,N,True
3,0,221,1697,N,True
3,25,221,1697,N,True
3,322,221,1697,N,True
3,0,246,1697,N,True
3,25,246,1697,N,True
3,322,246,1697,N,True
3,136,246,1697,N,True
3,315,246,1697,N,True
3,25,reel17__5,1697,N,True
3,25,bot20__6,1697,N,True
3,25,reel35__5,1697,N,True
3,25,reel69__5,1697,N,True
3,239,172,1697,N,True
3,0,172,1697,N,True
3,128,172,1697,N,True
3,261,172,1697,N,True
3,40,172,1697,N,True
3,56,172,1697,N,True
3,26,172,1697,N,True
3,113,172,1697,N,True
3,277,172,1697,N,True
3,252,172,1697,N,True
3,239,344,1697,N,True
3,0,344,1697,N,True
3,67,344,1697,N,True
3,185,344,1697,N,True
3,122,344,1697,N,True
3,239,62,1697,N,True
3,0,62,1697,N,True
3,67,62,1697,N,True
3,318,62,1697,N,True
3,142,62,1697,N,True
3,261,62,1697,N,True
3,56,62,1697,N,True
3,322,62,1697,N,True
3,122,62,1697,N,True
3,26,62,1697,N,True
3,239,238,1697,N,True
3,0,238,1697,N,True
3,261,238,1697,N,True
3,56,238,1697,N,True
3,106,238,1697,N,True
3,252,238,1697,N,True
3,239,223,1697,N,True
3,0,223,1697,N,True
3,67,223,1697,N,True
3,128,223,1697,N,True
3,261,223,1697,N,True
3,56,223,1697,N,True
3,26,223,1697,N,True
3,315,223,1697,N,True
3,252,223,1697,N,True
3,239,211,1697,N,True
3,0,211,1697,N,True
3,128,211,1697,N,True
3,261,211,1697,N,True
3,56,211,1697,N,True
3,315,211,1697,N,True
3,239,118,1697,N,True
3,0,118,1697,N,True
3,67,118,1697,N,True
3,reel21__8,118,1697,N,True
3,261,118,1697,N,True
3,322,118,1697,N,True
3,56,118,1697,N,True
3,26,118,1697,N,True
3,277,118,1697,N,True
3,252,118,1697,N,True
3,26,295,1697,N,True
3,239,295,1697,N,True
3,0,295,1697,N,True
3,239,212,1697,N,True
3,0,212,1697,N,True
3,67,212,1697,N,True
3,40,212,1697,N,True
3,56,212,1697,N,True
3,26,212,1697,N,True
3,252,212,1697,N,True
3,239,234,1697,N,True
3,0,234,1697,N,True
3,239,313,1697,N,True
3,0,313,1697,N,True
3,67,313,1697,N,True
3,128,313,1697,N,True
3,261,313,1697,N,True
3,56,313,1697,N,True
3,26,313,1697,N,True
3,113,313,1697,N,True
3,315,313,1697,N,True
3,252,313,1697,N,True
3,239,59,1697,N,True
3,0,59,1697,N,True
3,261,59,1697,N,True
3,56,59,1697,N,True
3,252,59,1697,N,True
3,239,265,1697,N,True
3,0,265,1697,N,True
3,67,265,1697,N,True
3,128,265,1697,N,True
3,261,265,1697,N,True
3,248,265,1697,N,True
3,40,265,1697,N,True
3,56,265,1697,N,True
3,26,265,1697,N,True
3,252,265,1697,N,True
3,239,304,1697,N,True
3,0,304,1697,N,True
3,67,304,1697,N,True
3,277,304,1697,N,True
3,40,304,1697,N,True
3,56,304,1697,N,True
3,122,304,1697,N,True
3,322,304,1697,N,True
3,136,304,1697,N,True
3,26,304,1697,N,True
3,113,304,1697,N,True
3,315,304,1697,N,True
3,252,304,1697,N,True
3,239,123,1697,N,True
3,0,123,1697,N,True
3,67,123,1697,N,True
3,318,123,1697,N,True
3,142,123,1697,N,True
3,261,123,1697,N,True
3,122,123,1697,N,True
3,26,123,1697,N,True
3,252,123,1697,N,True
3,239,213,1697,N,True
3,0,213,1697,N,True
3,67,213,1697,N,True
3,5,213,1697,N,True
3,277,213,1697,N,True
3,128,213,1697,N,True
3,40,213,1697,N,True
3,56,213,1697,N,True
3,122,213,1697,N,True
3,322,213,1697,N,True
3,136,213,1697,N,True
3,315,213,1697,N,True
3,239,reel4__2,1697,N,True
3,239,reel20__1,1697,N,True
3,239,reel57__7,1697,N,True
3,239,bot60__0,1697,N,True
3,239,reel69__8,1697,N,True
3,106,reel76__0,1697,N,True
3,239,reel76__0,1697,N,True
3,reel21__8,1,1697,N,True
3,0,1,1697,N,True
3,315,1,1697,N,True
3,322,1,1697,N,True
3,reel21__8,reel22__0,1697,N,True
3,reel21__8,bot57__3,1697,N,True
3,318,reel0__2,1697,N,True
3,318,reel10__0,1697,N,True
3,318,bot12__2,1697,N,True
3,318,reel12__2,1697,N,True
3,185,reel12__2,1697,N,True
3,33,reel19__2,1697,N,True
3,318,reel19__2,1697,N,True
3,318,reel37__3,1697,N,True
3,318,bot45__1,1697,N,True
3,128,150,1697,N,True
3,0,150,1697,N,True
3,128,reel4__6,1697,N,True
3,46,reel4__6,1697,N,True
3,128,reel8__9,1697,N,True
3,128,reel38__7,1697,N,True
3,0,96,1697,N,True
3,190,96,1697,N,True
3,0,229,1697,N,True
3,190,229,1697,N,True
3,190,reel2__6,1697,N,True
3,190,bot11__1,1697,N,True
3,190,bot35__6,1697,N,True
3,190,reel60__9,1697,N,True
3,0,45,1697,N,True
3,67,45,1697,N,True
3,142,45,1697,N,True
3,322,45,1697,N,True
3,122,45,1697,N,True
3,reel20__4,45,1697,N,True
3,reel20__4,bot34__0,1697,N,True
3,reel20__4,reel37__9,1697,N,True
3,reel68__8,reel67__5,1697,N,True
3,reel68__8,bot70__4,1697,N,True
3,reel68__8,bot81__5,1697,N,True
3,10,bot6__4,1697,N,True
3,10,bot8__1,1697,N,True
3,10,reel9__1,1697,N,True
3,10,bot26__1,1697,N,True
3,10,bot27__5,1697,N,True
3,10,bot33__2,1697,N,True
3,149,20,1697,N,True
3,0,20,1697,N,True
3,149,343,1697,N,True
3,0,343,1697,N,True
3,149,312,1697,N,True
3,0,312,1697,N,True
3,243,312,1697,N,True
3,reel10__4,226,1697,N,True
3,149,226,1697,N,True
3,0,226,1697,N,True
3,149,115,1697,N,True
3,0,115,1697,N,True
3,149,116,1697,N,True
3,0,116,1697,N,True
3,149,333,1697,N,True
3,0,333,1697,N,True
3,149,2,1697,N,True
3,0,2,1697,N,True
3,149,28,1697,N,True
3,0,28,1697,N,True
3,149,144,1697,N,True
3,0,144,1697,N,True
3,149,bot12__1,1697,N,True
3,149,reel34__8,1697,N,True
3,149,bot42__5,1697,N,True
3,149,bot48__7,1697,N,True
3,149,bot59__3,1697,N,True
3,reel37__1,reel45__9,1697,N,True
3,reel37__1,reel48__0,1697,N,True
3,reel37__1,bot57__1,1697,N,True
3,0,345,1697,N,True
3,67,345,1697,N,True
3,261,345,1697,N,True
3,142,345,1697,N,True
3,reel33__3,345,1697,N,True
3,322,345,1697,N,True
3,122,345,1697,N,True
3,315,345,1697,N,True
3,252,345,1697,N,True
3,0,342,1697,N,True
3,67,342,1697,N,True
3,261,342,1697,N,True
3,56,342,1697,N,True
3,322,342,1697,N,True
3,122,342,1697,N,True
3,165,342,1697,N,True
3,113,342,1697,N,True
3,277,342,1697,N,True
3,252,342,1697,N,True
3,56,75,1697,N,True
3,0,75,1697,N,True
3,67,75,1697,N,True
3,322,75,1697,N,True
3,0,156,1697,N,True
3,67,156,1697,N,True
3,5,156,1697,N,True
3,122,156,1697,N,True
3,136,156,1697,N,True
3,0,134,1697,N,True
3,67,134,1697,N,True
3,142,134,1697,N,True
3,248,134,1697,N,True
3,56,134,1697,N,True
3,26,134,1697,N,True
3,113,134,1697,N,True
3,277,134,1697,N,True
3,252,134,1697,N,True
3,0,308,1697,N,True
3,67,308,1697,N,True
3,142,308,1697,N,True
3,322,308,1697,N,True
3,136,308,1697,N,True
3,26,308,1697,N,True
3,277,308,1697,N,True
3,252,308,1697,N,True
3,0,161,1697,N,True
3,67,161,1697,N,True
3,142,161,1697,N,True
3,56,161,1697,N,True
3,322,161,1697,N,True
3,122,161,1697,N,True
3,26,161,1697,N,True
3,277,161,1697,N,True
3,252,161,1697,N,True
3,67,bot3__8,1697,N,True
3,67,reel9__9,1697,N,True
3,67,reel29__1,1697,N,True
3,67,reel46__7,1697,N,True
3,67,bot84__9,1697,N,True
3,142,reel16__0,1697,N,True
3,142,bot32__8,1697,N,True
3,142,reel33__9,1697,N,True
3,142,bot36__4,1697,N,True
3,142,reel40__5,1697,N,True
3,0,133,1697,N,True
3,40,133,1697,N,True
3,322,133,1697,N,True
3,reel4__3,133,1697,N,True
3,26,133,1697,N,True
3,315,133,1697,N,True
3,40,77,1697,N,True
3,0,77,1697,N,True
3,40,274,1697,N,True
3,122,274,1697,N,True
3,0,274,1697,N,True
3,185,274,1697,N,True
3,40,317,1697,N,True
3,0,317,1697,N,True
3,reel10__4,307,1697,N,True
3,40,307,1697,N,True
3,0,307,1697,N,True
3,0,132,1697,N,True
3,277,132,1697,N,True
3,40,132,1697,N,True
3,56,132,1697,N,True
3,113,132,1697,N,True
3,315,132,1697,N,True
3,40,258,1697,N,True
3,0,258,1697,N,True
3,40,bot23__0,1697,N,True
3,reel6__1,bot23__0,1697,N,True
3,40,reel34__0,1697,N,True
3,40,bot35__7,1697,N,True
3,40,reel36__7,1697,N,True
3,122,reel36__7,1697,N,True
3,113,reel36__7,1697,N,True
3,56,30,1697,N,True
3,0,30,1697,N,True
3,322,30,1697,N,True
3,56,207,1697,N,True
3,0,207,1697,N,True
3,322,207,1697,N,True
3,56,341,1697,N,True
3,0,341,1697,N,True
3,322,341,1697,N,True
3,bot3__0,63,1697,N,True
3,56,63,1697,N,True
3,261,63,1697,N,True
3,0,63,1697,N,True
3,56,bot1__4,1697,N,True
3,56,bot19__6,1697,N,True
3,56,bot36__8,1697,N,True
3,106,reel2__5,1697,N,True
3,106,bot10__7,1697,N,True
3,106,reel12__8,1697,N,True
3,106,reel25__3,1697,N,True
3,106,reel75__1,1697,N,True
3,reel23__3,reel75__1,1697,N,True
3,106,reel83__2,1697,N,True
3,122,284,1697,N,True
3,0,284,1697,N,True
3,122,251,1697,N,True
3,0,251,1697,N,True
3,122,281,1697,N,True
3,0,281,1697,N,True
3,122,bot25__5,1697,N,True
3,122,bot42__1,1697,N,True
3,122,reel62__3,1697,N,True
3,122,reel75__9,1697,N,True
3,322,48,1697,N,True
3,0,48,1697,N,True
3,322,126,1697,N,True
3,0,126,1697,N,True
3,322,85,1697,N,True
3,0,85,1697,N,True
3,322,178,1697,N,True
3,0,178,1697,N,True
3,322,7,1697,N,True
3,0,7,1697,N,True
3,136,7,1697,N,True
3,315,7,1697,N,True
3,0,339,1697,N,True
3,322,339,1697,N,True
3,315,339,1697,N,True
3,136,339,1697,N,True
3,277,339,1697,N,True
3,0,87,1697,N,True
3,5,87,1697,N,True
3,322,87,1697,N,True
3,136,87,1697,N,True
3,315,87,1697,N,True
3,322,260,1697,N,True
3,0,260,1697,N,True
3,322,reel1__0,1697,N,True
3,322,bot4__3,1697,N,True
3,322,reel6__9,1697,N,True
3,322,bot9__8,1697,N,True
3,322,reel12__4,1697,N,True
3,322,reel15__9,1697,N,True
3,121,reel15__9,1697,N,True
3,322,bot17__2,1697,N,True
3,0,131,1697,N,True
3,reel16__8,131,1697,N,True
3,reel16__8,reel6__5,1697,N,True
3,reel16__8,reel28__6,1697,N,True
3,reel16__8,reel38__9,1697,N,True
3,reel16__8,bot63__3,1697,N,True
3,reel16__8,reel78__4,1697,N,True
3,reel10__4,bot21__1,1697,N,True
3,reel10__4,bot27__8,1697,N,True
3,reel4__3,bot27__8,1697,N,True
3,reel10__4,reel37__0,1697,N,True
3,reel10__4,reel38__4,1697,N,True
3,reel83__5,reel57__5,1697,N,True
3,reel6__1,reel57__5,1697,N,True
3,121,reel3__4,1697,N,True
3,121,reel13__7,1697,N,True
3,121,bot18__6,1697,N,True
3,121,bot44__6,1697,N,True
3,121,reel50__2,1697,N,True
3,121,reel63__5,1697,N,True
3,bot26__5,bot2__6,1697,N,True
3,bot26__5,reel1__3,1697,N,True
3,bot26__5,bot29__3,1697,N,True
3,0,80,1697,N,True
3,315,80,1697,N,True
3,0,249,1697,N,True
3,315,249,1697,N,True
3,0,302,1697,N,True
3,315,302,1697,N,True
3,315,reel7__5,1697,N,True
3,33,reel22__2,1697,N,True
3,315,reel22__2,1697,N,True
3,315,reel80__4,1697,N,True
3,reel4__3,19,1697,N,True
3,0,19,1697,N,True
3,reel23__3,19,1697,N,True
3,0,204,1697,N,True
3,5,204,1697,N,True
3,277,204,1697,N,True
3,reel23__3,204,1697,N,True
3,reel23__3,reel37__6,1697,N,True
3,reel23__3,reel42__9,1697,N,True
3,reel23__3,bot84__1,1697,N,True
3,33,reel6__6,1697,N,True
3,33,reel19__0,1697,N,True
3,33,reel53__6,1697,N,True
3,33,reel77__0,1697,N,True
3,261,16,1697,N,True
3,0,16,1697,N,True
3,261,bot7__7,1697,N,True
3,261,reel32__6,1697,N,True
3,0,157,1697,N,True
3,reel28__1,157,1697,N,True
3,reel28__1,bot38__9,1697,N,True
3,reel28__1,bot47__1,1697,N,True
3,reel28__1,reel50__1,1697,N,True
3,reel28__1,reel66__2,1697,N,True
3,reel28__1,bot72__1,1697,N,True
3,reel28__1,reel72__3,1697,N,True
3,reel28__1,bot73__3,1697,N,True
3,185,bot5__6,1697,N,True
3,185,reel23__6,1697,N,True
3,185,reel58__9,1697,N,True
3,113,reel19__4,1697,N,True
3,reel33__3,reel19__4,1697,N,True
3,0,61,1697,N,True
3,reel33__3,61,1697,N,True
3,bot64__8,reel49__1,1697,N,True
3,reel4__3,reel16__4,1697,N,True
3,reel4__3,bot22__6,1697,N,True
3,reel4__3,reel68__7,1697,N,True
3,reel4__3,bot78__8,1697,N,True
3,reel4__3,bot80__5,1697,N,True
3,reel4__3,bot83__4,1697,N,True
3,26,bot0__2,1697,N,True
3,26,bot16__8,1697,N,True
3,26,bot55__3,1697,N,True
3,26,reel60__6,1697,N,True
3,46,177,1697,N,True
3,0,177,1697,N,True
3,46,278,1697,N,True
3,0,278,1697,N,True
3,46,143,1697,N,True
3,0,143,1697,N,True
3,46,reel12__7,1697,N,True
3,46,bot37__2,1697,N,True
3,46,bot47__3,1697,N,True
3,46,bot54__6,1697,N,True
3,46,reel54__3,1697,N,True
3,113,reel13__3,1697,N,True
3,113,reel65__2,1697,N,True
3,125,reel47__3,1697,N,True
3,125,reel69__2,1697,N,True
3,125,reel82__9,1697,N,True
3,0,24,1697,N,True
3,0,254,1697,N,True
3,0,194,1697,N,True
3,0,117,1697,N,True
3,0,135,1697,N,True
3,0,36,1697,N,True
3,0,108,1697,N,True
3,0,273,1697,N,True
3,0,214,1697,N,True
3,0,71,1697,N,True
3,0,168,1697,N,True
3,277,168,1697,N,True
3,0,78,1697,N,True
3,0,27,1697,N,True
3,0,54,1697,N,True
3,0,139,1697,N,True
3,136,146,1697,N,True
3,0,146,1697,N,True
3,0,300,1697,N,True
3,reel3__1,300,1697,N,True
3,0,184,1697,N,True
3,0,17,1697,N,True
3,0,187,1697,N,True
3,5,187,1697,N,True
3,0,255,1697,N,True
3,0,49,1697,N,True
3,0,320,1697,N,True
3,0,140,1697,N,True
3,0,137,1697,N,True
3,243,137,1697,N,True
3,0,171,1697,N,True
3,0,111,1697,N,True
3,0,310,1697,N,True
3,243,310,1697,N,True
3,0,32,1697,N,True
3,0,92,1697,N,True
3,0,266,1697,N,True
3,0,340,1697,N,True
3,0,311,1697,N,True
3,248,311,1697,N,True
3,277,311,1697,N,True
3,0,309,1697,N,True
3,0,230,1697,N,True
3,0,70,1697,N,True
3,0,228,1697,N,True
3,0,286,1697,N,True
3,0,81,1697,N,True
3,0,174,1697,N,True
3,0,293,1697,N,True
3,0,347,1697,N,True
3,0,279,1697,N,True
3,0,192,1697,N,True
3,0,195,1697,N,True
3,0,8,1697,N,True
3,reel6__1,129,1697,N,True
3,0,129,1697,N,True
3,0,328,1697,N,True
3,0,101,1697,N,True
3,0,99,1697,N,True
3,0,296,1697,N,True
3,0,102,1697,N,True
3,0,163,1697,N,True
3,0,173,1697,N,True
3,0,306,1697,N,True
3,0,180,1697,N,True
3,5,180,1697,N,True
3,0,189,1697,N,True
3,0,58,1697,N,True
3,0,269,1697,N,True
3,0,93,1697,N,True
3,0,6,1697,N,True
3,0,208,1697,N,True
3,277,208,1697,N,True
3,0,337,1697,N,True
3,243,337,1697,N,True
3,0,100,1697,N,True
3,0,110,1697,N,True
3,0,264,1697,N,True
3,0,225,1697,N,True
3,0,160,1697,N,True
3,0,321,1697,N,True
3,0,262,1697,N,True
3,0,220,1697,N,True
3,0,44,1697,N,True
3,0,97,1697,N,True
3,0,124,1697,N,True
3,0,90,1697,N,True
3,0,151,1697,N,True
3,0,4,1697,N,True
3,0,95,1697,N,True
3,136,120,1697,N,True
3,0,120,1697,N,True
3,277,120,1697,N,True
3,0,247,1697,N,True
3,0,282,1697,N,True
3,0,319,1697,N,True
3,0,233,1697,N,True
3,0,256,1697,N,True
3,0,166,1697,N,True
3,0,202,1697,N,True
3,0,155,1697,N,True
3,0,191,1697,N,True
3,0,147,1697,N,True
3,0,138,1697,N,True
3,0,164,1697,N,True
3,0,305,1697,N,True
3,0,153,1697,N,True
3,0,154,1697,N,True
3,0,241,1697,N,True
3,0,267,1697,N,True
3,0,47,1697,N,True
3,0,183,1697,N,True
3,0,52,1697,N,True
3,0,34,1697,N,True
3,0,bot2__7,1697,N,True
3,0,reel8__3,1697,N,True
3,0,bot13__5,1697,N,True
3,0,bot30__4,1697,N,True
3,0,reel61__5,1697,N,True
3,0,bot68__5,1697,N,True
3,0,bot71__0,1697,N,True
3,243,bot18__0,1697,N,True
3,243,reel83__1,1697,N,True
3,5,reel6__2,1697,N,True
3,5,reel21__0,1697,N,True
3,5,reel26__2,1697,N,True
3,5,bot56__3,1697,N,True
3,5,reel62__4,1697,N,True
3,5,bot68__0,1697,N,True
3,reel6__1,reel3__9,1697,N,True
3,reel6__1,bot22__0,1697,N,True
3,reel6__1,reel33__5,1697,N,True
3,reel6__1,bot41__9,1697,N,True
3,248,bot39__4,1697,N,True
3,reel3__1,bot68__7,1697,N,True
3,reel3__1,bot78__1,1697,N,True
3,bot3__0,bot38__2,1697,N,True
3,reel50__7,reel28__8,1697,N,True
3,136,reel9__4,1697,N,True
3,136,reel71__8,1697,N,True
3,165,reel14__1,1697,N,True
3,277,reel65__0,1697,N,True
3,252,reel31__2,1697,N,True
3,252,bot61__3,1697,N,True
3,reel30__8,reel12__7,1698,N,True
3,reel30__8,214,1698,N,True
3,0,214,1698,N,True
3,reel30__8,reel43__3,1698,N,True
3,reel30__8,reel57__3,1698,N,True
3,0,29,1698,N,True
3,172,29,1698,N,True
3,338,29,1698,N,True
3,203,29,1698,N,True
3,252,29,1698,N,True
3,338,reel1__3,1698,N,True
3,338,bot15__8,1698,N,True
3,338,reel19__8,1698,N,True
3,338,bot33__5,1698,N,True
3,338,reel53__8,1698,N,True
3,26,bot55__3,1698,N,True
3,338,bot55__3,1698,N,True
3,338,bot57__9,1698,N,True
3,338,reel81__8,1698,N,True
3,bot0__8,176,1698,N,True
3,26,176,1698,N,True
3,0,176,1698,N,True
3,reel41__5,reel6__7,1698,N,True
3,reel41__5,reel50__5,1698,N,True
3,reel41__5,reel78__6,1698,N,True
3,reel15__2,reel6__3,1698,N,True
3,0,134,1698,N,True
3,67,134,1698,N,True
3,304,134,1698,N,True
3,66,134,1698,N,True
3,203,134,1698,N,True
3,26,134,1698,N,True
3,reel15__2,134,1698,N,True
3,277,134,1698,N,True
3,252,134,1698,N,True
3,reel15__2,reel29__5,1698,N,True
3,reel15__2,reel42__5,1698,N,True
3,reel15__2,bot44__8,1698,N,True
3,reel15__2,bot70__6,1698,N,True
3,bot37__4,reel27__5,1698,N,True
3,bot37__4,bot18__4,1698,N,True
3,bot37__4,bot69__3,1698,N,True
3,bot26__0,bot13__3,1698,N,True
3,bot26__0,bot16__2,1698,N,True
3,bot26__0,bot44__0,1698,N,True
3,0,141,1698,N,True
3,172,141,1698,N,True
3,67,141,1698,N,True
3,304,141,1698,N,True
3,323,141,1698,N,True
3,26,141,1698,N,True
3,252,345,1698,N,True
3,0,345,1698,N,True
3,67,345,1698,N,True
3,213,345,1698,N,True
3,0,212,1698,N,True
3,172,212,1698,N,True
3,67,212,1698,N,True
3,304,212,1698,N,True
3,26,212,1698,N,True
3,252,212,1698,N,True
3,26,69,1698,N,True
3,0,69,1698,N,True
3,67,69,1698,N,True
3,304,69,1698,N,True
3,0,196,1698,N,True
3,67,196,1698,N,True
3,0,55,1698,N,True
3,67,55,1698,N,True
3,203,55,1698,N,True
3,26,55,1698,N,True
3,277,55,1698,N,True
3,252,55,1698,N,True
3,0,45,1698,N,True
3,67,45,1698,N,True
3,0,104,1698,N,True
3,67,104,1698,N,True
3,203,104,1698,N,True
3,26,104,1698,N,True
3,277,104,1698,N,True
3,252,104,1698,N,True
3,0,332,1698,N,True
3,67,332,1698,N,True
3,172,332,1698,N,True
3,304,332,1698,N,True
3,323,332,1698,N,True
3,329,332,1698,N,True
3,213,332,1698,N,True
3,203,332,1698,N,True
3,26,332,1698,N,True
3,277,332,1698,N,True
3,252,332,1698,N,True
3,26,123,1698,N,True
3,0,123,1698,N,True
3,67,123,1698,N,True
3,252,123,1698,N,True
3,0,290,1698,N,True
3,67,290,1698,N,True
3,277,290,1698,N,True
3,323,290,1698,N,True
3,0,188,1698,N,True
3,67,188,1698,N,True
3,304,188,1698,N,True
3,297,188,1698,N,True
3,323,188,1698,N,True
3,26,188,1698,N,True
3,277,188,1698,N,True
3,252,188,1698,N,True
3,0,119,1698,N,True
3,67,119,1698,N,True
3,297,119,1698,N,True
3,323,119,1698,N,True
3,329,119,1698,N,True
3,203,119,1698,N,True
3,26,119,1698,N,True
3,277,119,1698,N,True
3,252,119,1698,N,True
3,0,9,1698,N,True
3,67,9,1698,N,True
3,304,9,1698,N,True
3,297,9,1698,N,True
3,323,9,1698,N,True
3,66,9,1698,N,True
3,329,9,1698,N,True
3,203,9,1698,N,True
3,161,9,1698,N,True
3,26,9,1698,N,True
3,277,9,1698,N,True
3,252,9,1698,N,True
3,304,75,1698,N,True
3,0,75,1698,N,True
3,67,75,1698,N,True
3,323,75,1698,N,True
3,0,186,1698,N,True
3,67,186,1698,N,True
3,323,186,1698,N,True
3,213,186,1698,N,True
3,203,186,1698,N,True
3,26,186,1698,N,True
3,277,186,1698,N,True
3,252,186,1698,N,True
3,0,200,1698,N,True
3,67,200,1698,N,True
3,304,200,1698,N,True
3,297,200,1698,N,True
3,323,200,1698,N,True
3,203,200,1698,N,True
3,26,200,1698,N,True
3,277,200,1698,N,True
3,252,200,1698,N,True
3,0,248,1698,N,True
3,67,248,1698,N,True
3,323,248,1698,N,True
3,26,248,1698,N,True
3,277,248,1698,N,True
3,252,248,1698,N,True
3,0,272,1698,N,True
3,67,272,1698,N,True
3,304,272,1698,N,True
3,297,272,1698,N,True
3,329,272,1698,N,True
3,213,272,1698,N,True
3,203,272,1698,N,True
3,277,272,1698,N,True
3,252,272,1698,N,True
3,0,62,1698,N,True
3,67,62,1698,N,True
3,323,62,1698,N,True
3,reel17__8,62,1698,N,True
3,161,62,1698,N,True
3,26,62,1698,N,True
3,0,265,1698,N,True
3,172,265,1698,N,True
3,67,265,1698,N,True
3,203,265,1698,N,True
3,26,265,1698,N,True
3,252,265,1698,N,True
3,0,271,1698,N,True
3,67,271,1698,N,True
3,172,271,1698,N,True
3,304,271,1698,N,True
3,297,271,1698,N,True
3,323,271,1698,N,True
3,203,271,1698,N,True
3,161,271,1698,N,True
3,26,271,1698,N,True
3,277,271,1698,N,True
3,252,271,1698,N,True
3,0,280,1698,N,True
3,67,280,1698,N,True
3,304,280,1698,N,True
3,297,280,1698,N,True
3,323,280,1698,N,True
3,329,280,1698,N,True
3,26,280,1698,N,True
3,277,280,1698,N,True
3,252,280,1698,N,True
3,0,128,1698,N,True
3,172,128,1698,N,True
3,67,128,1698,N,True
3,213,128,1698,N,True
3,203,128,1698,N,True
3,26,128,1698,N,True
3,252,128,1698,N,True
3,26,3,1698,N,True
3,0,3,1698,N,True
3,67,3,1698,N,True
3,323,3,1698,N,True
3,0,13,1698,N,True
3,172,13,1698,N,True
3,67,13,1698,N,True
3,304,13,1698,N,True
3,26,13,1698,N,True
3,277,13,1698,N,True
3,252,13,1698,N,True
3,0,344,1698,N,True
3,67,344,1698,N,True
3,26,79,1698,N,True
3,0,79,1698,N,True
3,67,79,1698,N,True
3,252,79,1698,N,True
3,0,25,1698,N,True
3,67,25,1698,N,True
3,203,25,1698,N,True
3,297,25,1698,N,True
3,323,25,1698,N,True
3,246,25,1698,N,True
3,26,25,1698,N,True
3,277,25,1698,N,True
3,252,25,1698,N,True
3,0,303,1698,N,True
3,67,303,1698,N,True
3,213,303,1698,N,True
3,0,261,1698,N,True
3,172,261,1698,N,True
3,67,261,1698,N,True
3,297,261,1698,N,True
3,203,261,1698,N,True
3,252,261,1698,N,True
3,0,185,1698,N,True
3,67,185,1698,N,True
3,22,185,1698,N,True
3,297,185,1698,N,True
3,26,185,1698,N,True
3,0,10,1698,N,True
3,67,10,1698,N,True
3,277,10,1698,N,True
3,323,10,1698,N,True
3,0,158,1698,N,True
3,67,158,1698,N,True
3,304,158,1698,N,True
3,22,158,1698,N,True
3,26,158,1698,N,True
3,0,223,1698,N,True
3,172,223,1698,N,True
3,67,223,1698,N,True
3,203,223,1698,N,True
3,246,223,1698,N,True
3,26,223,1698,N,True
3,252,223,1698,N,True
3,0,82,1698,N,True
3,172,82,1698,N,True
3,67,82,1698,N,True
3,203,82,1698,N,True
3,252,82,1698,N,True
3,0,169,1698,N,True
3,67,169,1698,N,True
3,136,169,1698,N,True
3,26,169,1698,N,True
3,277,169,1698,N,True
3,252,169,1698,N,True
3,0,285,1698,N,True
3,67,285,1698,N,True
3,304,285,1698,N,True
3,203,285,1698,N,True
3,323,285,1698,N,True
3,213,285,1698,N,True
3,246,285,1698,N,True
3,136,285,1698,N,True
3,26,285,1698,N,True
3,277,285,1698,N,True
3,252,285,1698,N,True
3,0,118,1698,N,True
3,172,118,1698,N,True
3,67,118,1698,N,True
3,304,118,1698,N,True
3,203,118,1698,N,True
3,161,118,1698,N,True
3,26,118,1698,N,True
3,277,118,1698,N,True
3,252,118,1698,N,True
3,0,98,1698,N,True
3,172,98,1698,N,True
3,67,98,1698,N,True
3,304,98,1698,N,True
3,203,98,1698,N,True
3,26,98,1698,N,True
3,277,98,1698,N,True
3,252,98,1698,N,True
3,0,40,1698,N,True
3,67,40,1698,N,True
3,172,40,1698,N,True
3,304,40,1698,N,True
3,329,40,1698,N,True
3,213,40,1698,N,True
3,203,40,1698,N,True
3,26,40,1698,N,True
3,277,40,1698,N,True
3,0,122,1698,N,True
3,67,122,1698,N,True
3,304,122,1698,N,True
3,297,122,1698,N,True
3,323,122,1698,N,True
3,66,122,1698,N,True
3,136,122,1698,N,True
3,213,122,1698,N,True
3,203,122,1698,N,True
3,161,122,1698,N,True
3,26,122,1698,N,True
3,277,122,1698,N,True
3,252,122,1698,N,True
3,67,reel9__9,1698,N,True
3,67,reel21__8,1698,N,True
3,67,reel29__1,1698,N,True
3,67,reel46__7,1698,N,True
3,67,bot48__0,1698,N,True
3,67,bot84__9,1698,N,True
3,0,85,1698,N,True
3,323,85,1698,N,True
3,0,96,1698,N,True
3,213,96,1698,N,True
3,323,96,1698,N,True
3,0,100,1698,N,True
3,323,100,1698,N,True
3,304,341,1698,N,True
3,0,341,1698,N,True
3,203,341,1698,N,True
3,323,341,1698,N,True
3,161,258,1698,N,True
3,0,258,1698,N,True
3,323,258,1698,N,True
3,0,274,1698,N,True
3,323,274,1698,N,True
3,323,bot3__0,1698,N,True
3,323,bot8__6,1698,N,True
3,323,bot21__1,1698,N,True
3,323,bot39__2,1698,N,True
3,323,reel54__1,1698,N,True
3,323,bot55__7,1698,N,True
3,323,bot68__8,1698,N,True
3,reel15__3,reel12__0,1698,N,True
3,reel64__5,reel12__0,1698,N,True
3,0,130,1698,N,True
3,329,130,1698,N,True
3,277,130,1698,N,True
3,213,130,1698,N,True
3,0,269,1698,N,True
3,329,269,1698,N,True
3,0,197,1698,N,True
3,329,197,1698,N,True
3,0,54,1698,N,True
3,329,54,1698,N,True
3,0,106,1698,N,True
3,329,106,1698,N,True
3,304,30,1698,N,True
3,0,30,1698,N,True
3,329,30,1698,N,True
3,213,30,1698,N,True
3,0,204,1698,N,True
3,329,204,1698,N,True
3,277,204,1698,N,True
3,213,204,1698,N,True
3,172,16,1698,N,True
3,0,16,1698,N,True
3,329,16,1698,N,True
3,0,27,1698,N,True
3,329,27,1698,N,True
3,0,202,1698,N,True
3,329,202,1698,N,True
3,0,178,1698,N,True
3,329,178,1698,N,True
3,213,178,1698,N,True
3,0,284,1698,N,True
3,329,284,1698,N,True
3,172,231,1698,N,True
3,0,231,1698,N,True
3,329,231,1698,N,True
3,213,231,1698,N,True
3,329,bot12__6,1698,N,True
3,329,bot29__7,1698,N,True
3,329,reel39__2,1698,N,True
3,329,reel39__9,1698,N,True
3,0,155,1698,N,True
3,reel17__8,155,1698,N,True
3,reel17__8,reel8__2,1698,N,True
3,reel17__8,bot22__2,1698,N,True
3,reel17__8,reel26__3,1698,N,True
3,reel17__8,reel41__2,1698,N,True
3,reel17__8,bot58__1,1698,N,True
3,reel81__0,300,1698,N,True
3,0,300,1698,N,True
3,0,195,1698,N,True
3,reel60__5,195,1698,N,True
3,reel15__3,reel4__8,1698,N,True
3,reel60__5,reel4__8,1698,N,True
3,reel60__5,bot81__6,1698,N,True
3,0,339,1698,N,True
3,22,339,1698,N,True
3,136,339,1698,N,True
3,246,339,1698,N,True
3,161,339,1698,N,True
3,277,339,1698,N,True
3,277,168,1698,N,True
3,0,168,1698,N,True
3,22,168,1698,N,True
3,304,168,1698,N,True
3,0,347,1698,N,True
3,22,347,1698,N,True
3,304,347,1698,N,True
3,22,bot2__2,1698,N,True
3,213,bot2__2,1698,N,True
3,22,bot15__9,1698,N,True
3,22,reel28__8,1698,N,True
3,22,reel31__1,1698,N,True
3,22,bot59__3,1698,N,True
3,203,65,1698,N,True
3,252,65,1698,N,True
3,0,65,1698,N,True
3,297,65,1698,N,True
3,161,reel7__5,1698,N,True
3,297,reel7__5,1698,N,True
3,297,bot20__6,1698,N,True
3,297,bot22__9,1698,N,True
3,297,bot28__0,1698,N,True
3,297,bot71__7,1698,N,True
3,297,reel79__5,1698,N,True
3,reel15__3,reel20__5,1698,N,True
3,reel67__9,reel23__6,1698,N,True
3,reel67__9,reel0__6,1698,N,True
3,bot76__5,bot67__7,1698,N,True
3,bot76__5,reel64__0,1698,N,True
3,reel77__8,reel57__5,1698,N,True
3,reel77__8,reel51__3,1698,N,True
3,246,340,1698,N,True
3,0,340,1698,N,True
3,213,340,1698,N,True
3,0,53,1698,N,True
3,213,53,1698,N,True
3,0,5,1698,N,True
3,213,5,1698,N,True
3,0,80,1698,N,True
3,213,80,1698,N,True
3,0,242,1698,N,True
3,213,242,1698,N,True
3,213,bot8__2,1698,N,True
3,213,bot11__7,1698,N,True
3,213,bot16__3,1698,N,True
3,213,reel30__5,1698,N,True
3,213,reel33__9,1698,N,True
3,213,reel37__5,1698,N,True
3,213,bot54__7,1698,N,True
3,213,bot80__4,1698,N,True
3,246,reel0__3,1698,N,True
3,246,reel30__3,1698,N,True
3,161,39,1698,N,True
3,0,39,1698,N,True
3,277,39,1698,N,True
3,161,314,1698,N,True
3,0,314,1698,N,True
3,161,bot2__8,1698,N,True
3,161,bot33__6,1698,N,True
3,161,bot39__0,1698,N,True
3,161,reel52__0,1698,N,True
3,26,276,1698,N,True
3,0,276,1698,N,True
3,26,257,1698,N,True
3,0,257,1698,N,True
3,304,257,1698,N,True
3,26,232,1698,N,True
3,0,232,1698,N,True
3,172,232,1698,N,True
3,26,298,1698,N,True
3,0,298,1698,N,True
3,172,298,1698,N,True
3,26,295,1698,N,True
3,0,295,1698,N,True
3,26,133,1698,N,True
3,0,133,1698,N,True
3,26,bot16__8,1698,N,True
3,26,reel60__6,1698,N,True
3,26,bot75__3,1698,N,True
3,0,24,1698,N,True
3,0,346,1698,N,True
3,203,211,1698,N,True
3,0,211,1698,N,True
3,172,211,1698,N,True
3,304,211,1698,N,True
3,0,84,1698,N,True
3,304,84,1698,N,True
3,0,175,1698,N,True
3,277,175,1698,N,True
3,0,46,1698,N,True
3,0,254,1698,N,True
3,0,194,1698,N,True
3,0,117,1698,N,True
3,0,127,1698,N,True
3,0,135,1698,N,True
3,0,23,1698,N,True
3,0,73,1698,N,True
3,0,299,1698,N,True
3,203,270,1698,N,True
3,0,270,1698,N,True
3,0,76,1698,N,True
3,0,36,1698,N,True
3,0,88,1698,N,True
3,0,108,1698,N,True
3,0,275,1698,N,True
3,0,273,1698,N,True
3,0,83,1698,N,True
3,0,20,1698,N,True
3,0,71,1698,N,True
3,0,333,1698,N,True
3,203,238,1698,N,True
3,0,238,1698,N,True
3,172,238,1698,N,True
3,252,238,1698,N,True
3,0,317,1698,N,True
3,0,38,1698,N,True
3,0,302,1698,N,True
3,0,139,1698,N,True
3,0,126,1698,N,True
3,0,283,1698,N,True
3,0,226,1698,N,True
3,136,146,1698,N,True
3,0,146,1698,N,True
3,0,1,1698,N,True
3,0,159,1698,N,True
3,172,159,1698,N,True
3,277,159,1698,N,True
3,203,59,1698,N,True
3,0,59,1698,N,True
3,172,59,1698,N,True
3,252,59,1698,N,True
3,0,187,1698,N,True
3,0,255,1698,N,True
3,0,49,1698,N,True
3,0,140,1698,N,True
3,0,343,1698,N,True
3,0,115,1698,N,True
3,0,171,1698,N,True
3,0,111,1698,N,True
3,0,14,1698,N,True
3,0,310,1698,N,True
3,0,32,1698,N,True
3,0,222,1698,N,True
3,136,125,1698,N,True
3,0,125,1698,N,True
3,0,266,1698,N,True
3,0,278,1698,N,True
3,0,311,1698,N,True
3,277,311,1698,N,True
3,0,309,1698,N,True
3,0,330,1698,N,True
3,0,230,1698,N,True
3,0,70,1698,N,True
3,0,251,1698,N,True
3,0,286,1698,N,True
3,0,81,1698,N,True
3,0,174,1698,N,True
3,0,293,1698,N,True
3,0,33,1698,N,True
3,0,2,1698,N,True
3,0,281,1698,N,True
3,0,263,1698,N,True
3,0,51,1698,N,True
3,0,162,1698,N,True
3,0,218,1698,N,True
3,203,268,1698,N,True
3,0,268,1698,N,True
3,172,268,1698,N,True
3,0,192,1698,N,True
3,0,243,1698,N,True
3,0,8,1698,N,True
3,0,245,1698,N,True
3,0,129,1698,N,True
3,0,328,1698,N,True
3,0,101,1698,N,True
3,0,99,1698,N,True
3,0,102,1698,N,True
3,0,318,1698,N,True
3,0,163,1698,N,True
3,0,121,1698,N,True
3,0,306,1698,N,True
3,0,177,1698,N,True
3,0,180,1698,N,True
3,0,189,1698,N,True
3,0,259,1698,N,True
3,0,58,1698,N,True
3,0,167,1698,N,True
3,0,227,1698,N,True
3,0,91,1698,N,True
3,0,61,1698,N,True
3,0,41,1698,N,True
3,0,235,1698,N,True
3,0,6,1698,N,True
3,0,89,1698,N,True
3,0,208,1698,N,True
3,277,208,1698,N,True
3,0,132,1698,N,True
3,277,132,1698,N,True
3,0,301,1698,N,True
3,0,250,1698,N,True
3,252,250,1698,N,True
3,0,110,1698,N,True
3,0,264,1698,N,True
3,0,86,1698,N,True
3,0,152,1698,N,True
3,0,148,1698,N,True
3,0,201,1698,N,True
3,0,260,1698,N,True
3,0,321,1698,N,True
3,0,68,1698,N,True
3,0,131,1698,N,True
3,0,262,1698,N,True
3,0,234,1698,N,True
3,0,44,1698,N,True
3,203,50,1698,N,True
3,0,50,1698,N,True
3,277,50,1698,N,True
3,0,193,1698,N,True
3,0,124,1698,N,True
3,0,179,1698,N,True
3,0,216,1698,N,True
3,0,151,1698,N,True
3,0,157,1698,N,True
3,0,4,1698,N,True
3,136,120,1698,N,True
3,0,120,1698,N,True
3,277,120,1698,N,True
3,0,247,1698,N,True
3,0,190,1698,N,True
3,0,282,1698,N,True
3,0,244,1698,N,True
3,0,319,1698,N,True
3,0,233,1698,N,True
3,0,256,1698,N,True
3,0,166,1698,N,True
3,0,191,1698,N,True
3,0,206,1698,N,True
3,0,138,1698,N,True
3,0,240,1698,N,True
3,0,77,1698,N,True
3,0,219,1698,N,True
3,0,305,1698,N,True
3,0,153,1698,N,True
3,0,198,1698,N,True
3,0,182,1698,N,True
3,0,336,1698,N,True
3,0,294,1698,N,True
3,277,294,1698,N,True
3,0,253,1698,N,True
3,0,267,1698,N,True
3,0,316,1698,N,True
3,0,205,1698,N,True
3,0,52,1698,N,True
3,0,34,1698,N,True
3,0,35,1698,N,True
3,0,bot2__7,1698,N,True
3,0,reel8__3,1698,N,True
3,bot33__8,bot13__5,1698,N,True
3,0,bot13__5,1698,N,True
3,0,bot30__4,1698,N,True
3,0,reel42__2,1698,N,True
3,172,reel3__6,1698,N,True
3,172,bot5__4,1698,N,True
3,172,bot8__9,1698,N,True
3,172,bot11__6,1698,N,True
3,172,bot13__1,1698,N,True
3,172,bot15__0,1698,N,True
3,172,reel82__8,1698,N,True
3,304,bot21__6,1698,N,True
3,304,reel22__5,1698,N,True
3,304,reel34__1,1698,N,True
3,304,bot66__0,1698,N,True
3,66,bot1__1,1698,N,True
3,66,reel34__4,1698,N,True
3,66,bot80__7,1698,N,True
3,66,bot83__5,1698,N,True
3,203,bot28__3,1698,N,True
3,203,reel60__0,1698,N,True
3,136,reel9__4,1698,N,True
3,136,reel50__3,1698,N,True
3,136,reel59__8,1698,N,True
3,277,reel2__1,1698,N,True
3,277,reel65__0,1698,N,True
3,277,bot77__0,1698,N,True
3,252,reel4__3,1698,N,True
3,252,bot8__8,1698,N,True
3,252,bot61__3,1698,N,True
3,252,reel72__1,1698,N,True
3,306,reel21__4,1699,N,True
3,320,reel21__4,1699,N,True
3,344,reel21__4,1699,N,True
3,306,reel27__8,1699,N,True
3,306,reel52__9,1699,N,True
3,50,reel52__9,1699,N,True
3,306,bot64__7,1699,N,True
3,reel20__3,bot64__7,1699,N,True
3,110,bot64__7,1699,N,True
3,306,reel66__0,1699,N,True
3,205,bot11__0,1699,N,True
3,205,reel59__4,1699,N,True
3,341,reel59__4,1699,N,True
3,235,reel62__3,1699,N,True
3,205,reel62__3,1699,N,True
3,122,reel62__3,1699,N,True
3,205,reel76__7,1699,N,True
3,reel18__6,reel76__7,1699,N,True
3,205,reel82__8,1699,N,True
3,172,reel82__8,1699,N,True
3,293,reel7__4,1699,N,True
3,213,reel7__4,1699,N,True
3,293,reel11__9,1699,N,True
3,109,reel11__9,1699,N,True
3,293,bot16__7,1699,N,True
3,293,reel17__2,1699,N,True
3,270,bot19__9,1699,N,True
3,293,bot19__9,1699,N,True
3,293,reel22__6,1699,N,True
3,293,bot83__9,1699,N,True
3,reel25__2,reel0__8,1699,N,True
3,135,reel0__8,1699,N,True
3,108,reel0__8,1699,N,True
3,reel37__8,reel0__8,1699,N,True
3,336,reel0__8,1699,N,True
3,135,bot43__2,1699,N,True
3,202,reel66__9,1699,N,True
3,135,reel66__9,1699,N,True
3,135,reel70__8,1699,N,True
3,153,bot4__5,1699,N,True
3,340,bot4__5,1699,N,True
3,340,bot21__3,1699,N,True
3,89,bot21__3,1699,N,True
3,164,bot21__3,1699,N,True
3,340,reel37__9,1699,N,True
3,340,reel82__3,1699,N,True
3,bot8__8,bot80__8,1699,N,True
3,24,bot80__8,1699,N,True
3,203,reel2__9,1699,N,True
3,59,reel2__9,1699,N,True
3,59,bot24__2,1699,N,True
3,59,bot28__2,1699,N,True
3,231,bot28__2,1699,N,True
3,reel12__0,reel35__4,1699,N,True
3,59,reel35__4,1699,N,True
3,171,bot30__0,1699,N,True
3,332,bot30__0,1699,N,True
3,332,bot41__0,1699,N,True
3,332,reel50__7,1699,N,True
3,49,reel58__3,1699,N,True
3,332,reel58__3,1699,N,True
3,bot84__9,bot14__2,1699,N,True
3,141,bot14__2,1699,N,True
3,45,reel20__4,1699,N,True
3,141,reel20__4,1699,N,True
3,141,bot31__2,1699,N,True
3,47,reel31__3,1699,N,True
3,141,reel31__3,1699,N,True
3,141,reel48__4,1699,N,True
3,338,bot15__8,1699,N,True
3,bot48__0,bot15__8,1699,N,True
3,320,reel25__5,1699,N,True
3,96,reel25__5,1699,N,True
3,53,reel32__1,1699,N,True
3,96,reel32__1,1699,N,True
3,312,reel6__5,1699,N,True
3,316,reel6__5,1699,N,True
3,274,reel6__5,1699,N,True
3,316,reel17__1,1699,N,True
3,77,reel17__1,1699,N,True
3,316,bot40__1,1699,N,True
3,267,bot40__1,1699,N,True
3,316,reel68__2,1699,N,True
3,169,reel68__2,1699,N,True
3,316,reel83__3,1699,N,True
3,327,reel83__3,1699,N,True
3,347,bot53__7,1699,N,True
3,bot66__7,bot53__7,1699,N,True
3,274,bot0__0,1699,N,True
3,bot8__6,bot0__0,1699,N,True
3,283,bot0__0,1699,N,True
3,73,bot0__0,1699,N,True
3,283,reel5__0,1699,N,True
3,326,reel5__0,1699,N,True
3,283,bot6__8,1699,N,True
3,283,reel14__5,1699,N,True
3,283,reel51__5,1699,N,True
3,283,bot53__8,1699,N,True
3,reel63__5,bot64__0,1699,N,True
3,322,reel6__9,1699,N,True
3,bot20__9,reel6__9,1699,N,True
3,73,reel6__9,1699,N,True
3,320,bot15__7,1699,N,True
3,bot20__9,bot15__7,1699,N,True
3,bot20__9,bot45__8,1699,N,True
3,302,reel36__2,1699,N,True
3,78,reel36__2,1699,N,True
3,189,reel48__2,1699,N,True
3,78,reel48__2,1699,N,True
3,78,bot66__1,1699,N,True
3,194,bot5__2,1699,N,True
3,341,reel8__0,1699,N,True
3,194,reel8__0,1699,N,True
3,124,reel15__4,1699,N,True
3,194,reel15__4,1699,N,True
3,194,bot25__3,1699,N,True
3,122,bot42__1,1699,N,True
3,194,bot42__1,1699,N,True
3,reel23__7,bot38__0,1699,N,True
3,187,bot45__9,1699,N,True
3,reel23__7,bot45__9,1699,N,True
3,reel23__7,reel49__3,1699,N,True
3,3,reel49__3,1699,N,True
3,331,reel77__1,1699,N,True
3,reel23__7,reel77__1,1699,N,True
3,198,reel1__6,1699,N,True
3,212,reel1__6,1699,N,True
3,212,reel19__9,1699,N,True
3,288,bot3__9,1699,N,True
3,71,reel53__5,1699,N,True
3,288,reel53__5,1699,N,True
3,201,bot70__4,1699,N,True
3,288,bot70__4,1699,N,True
3,288,reel70__6,1699,N,True
3,reel16__0,bot30__2,1699,N,True
3,bot58__6,bot44__0,1699,N,True
3,reel16__0,bot44__0,1699,N,True
3,reel16__0,reel47__2,1699,N,True
3,177,reel53__7,1699,N,True
3,reel16__0,reel53__7,1699,N,True
3,bot62__0,bot74__6,1699,N,True
3,reel16__0,bot74__6,1699,N,True
3,129,bot6__7,1699,N,True
3,219,bot6__7,1699,N,True
3,129,reel6__1,1699,N,True
3,91,reel6__1,1699,N,True
3,129,reel24__6,1699,N,True
3,170,reel24__6,1699,N,True
3,bot82__1,reel24__6,1699,N,True
3,47,reel24__6,1699,N,True
3,129,reel49__1,1699,N,True
3,87,reel49__1,1699,N,True
3,244,reel49__1,1699,N,True
3,129,reel52__3,1699,N,True
3,62,reel52__3,1699,N,True
3,129,reel76__3,1699,N,True
3,324,reel1__9,1699,N,True
3,85,reel1__9,1699,N,True
3,85,reel3__7,1699,N,True
3,85,reel39__8,1699,N,True
3,85,reel45__3,1699,N,True
3,85,reel56__4,1699,N,True
3,98,reel56__4,1699,N,True
3,85,bot59__4,1699,N,True
3,48,bot2__4,1699,N,True
3,48,reel40__7,1699,N,True
3,280,reel6__8,1699,N,True
3,280,bot44__1,1699,N,True
3,280,reel44__0,1699,N,True
3,280,reel82__7,1699,N,True
3,56,bot13__4,1699,N,True
3,327,bot13__4,1699,N,True
3,56,bot19__6,1699,N,True
3,177,bot19__6,1699,N,True
3,56,bot36__8,1699,N,True
3,322,bot9__8,1699,N,True
3,322,reel12__4,1699,N,True
3,245,reel12__4,1699,N,True
3,110,reel12__4,1699,N,True
3,322,bot17__2,1699,N,True
3,122,bot22__2,1699,N,True
3,81,bot25__5,1699,N,True
3,122,bot25__5,1699,N,True
3,122,reel36__7,1699,N,True
3,113,reel36__7,1699,N,True
3,122,reel75__9,1699,N,True
3,309,bot4__1,1699,N,True
3,301,bot4__1,1699,N,True
3,309,bot4__2,1699,N,True
3,162,bot4__2,1699,N,True
3,309,bot12__6,1699,N,True
3,329,bot12__6,1699,N,True
3,309,reel18__2,1699,N,True
3,309,bot19__5,1699,N,True
3,245,bot19__5,1699,N,True
3,309,bot22__7,1699,N,True
3,286,bot22__7,1699,N,True
3,144,reel48__5,1699,N,True
3,309,reel48__5,1699,N,True
3,309,bot73__1,1699,N,True
3,reel25__2,bot50__5,1699,N,True
3,94,bot50__5,1699,N,True
3,94,reel57__5,1699,N,True
3,125,reel69__2,1699,N,True
3,94,reel69__2,1699,N,True
3,270,reel72__5,1699,N,True
3,94,reel72__5,1699,N,True
3,112,reel14__9,1699,N,True
3,112,reel18__0,1699,N,True
3,112,reel21__1,1699,N,True
3,71,reel21__1,1699,N,True
3,112,reel24__1,1699,N,True
3,105,reel24__1,1699,N,True
3,218,reel24__1,1699,N,True
3,112,bot25__4,1699,N,True
3,77,reel10__8,1699,N,True
3,reel31__2,reel10__8,1699,N,True
3,77,bot57__4,1699,N,True
3,241,bot13__0,1699,N,True
3,241,reel59__0,1699,N,True
3,241,reel67__4,1699,N,True
3,241,reel71__5,1699,N,True
3,331,reel3__4,1699,N,True
3,reel31__2,reel3__4,1699,N,True
3,121,reel3__4,1699,N,True
3,83,reel3__4,1699,N,True
3,121,reel13__7,1699,N,True
3,121,bot44__6,1699,N,True
3,105,bot44__6,1699,N,True
3,270,bot1__1,1699,N,True
3,66,bot1__1,1699,N,True
3,268,bot1__1,1699,N,True
3,155,bot5__0,1699,N,True
3,268,bot5__0,1699,N,True
3,231,bot5__0,1699,N,True
3,268,reel28__0,1699,N,True
3,268,reel63__7,1699,N,True
3,321,reel14__0,1699,N,True
3,reel22__4,reel14__0,1699,N,True
3,38,reel14__0,1699,N,True
3,reel22__4,reel37__5,1699,N,True
3,213,reel37__5,1699,N,True
3,137,reel62__8,1699,N,True
3,reel22__4,reel62__8,1699,N,True
3,reel22__4,reel81__5,1699,N,True
3,173,bot10__2,1699,N,True
3,326,bot10__2,1699,N,True
3,76,bot14__1,1699,N,True
3,326,bot14__1,1699,N,True
3,326,reel23__5,1699,N,True
3,167,reel23__5,1699,N,True
3,326,reel83__2,1699,N,True
3,299,reel11__3,1699,N,True
3,2,reel11__3,1699,N,True
3,164,reel11__3,1699,N,True
3,164,reel34__9,1699,N,True
3,35,reel54__8,1699,N,True
3,164,reel54__8,1699,N,True
3,reel37__7,reel30__2,1699,N,True
3,267,reel30__2,1699,N,True
3,reel55__6,reel64__0,1699,N,True
3,267,reel64__0,1699,N,True
3,267,bot73__2,1699,N,True
3,267,bot76__8,1699,N,True
3,reel55__6,bot67__2,1699,N,True
3,202,bot23__7,1699,N,True
3,reel20__9,bot23__7,1699,N,True
3,bot45__0,bot23__7,1699,N,True
3,reel8__5,bot23__7,1699,N,True
3,294,reel29__8,1699,N,True
3,reel20__9,reel29__8,1699,N,True
3,reel20__9,bot47__7,1699,N,True
3,134,reel5__3,1699,N,True
3,258,reel5__3,1699,N,True
3,bot7__0,reel5__3,1699,N,True
3,261,reel8__2,1699,N,True
3,258,reel8__2,1699,N,True
3,103,reel8__2,1699,N,True
3,337,reel15__1,1699,N,True
3,258,reel15__1,1699,N,True
3,311,bot18__1,1699,N,True
3,258,bot18__1,1699,N,True
3,258,bot24__8,1699,N,True
3,258,reel51__4,1699,N,True
3,258,reel71__1,1699,N,True
3,reel52__6,reel59__3,1699,N,True
3,301,reel23__8,1699,N,True
3,301,bot35__1,1699,N,True
3,107,reel47__8,1699,N,True
3,301,reel47__8,1699,N,True
3,reel50__2,reel61__1,1699,N,True
3,227,reel61__1,1699,N,True
3,301,reel61__1,1699,N,True
3,33,reel2__7,1699,N,True
3,261,reel2__7,1699,N,True
3,190,reel2__7,1699,N,True
3,55,bot7__7,1699,N,True
3,261,bot7__7,1699,N,True
3,275,bot7__7,1699,N,True
3,261,bot10__9,1699,N,True
3,232,bot10__9,1699,N,True
3,44,bot3__7,1699,N,True
3,330,bot3__7,1699,N,True
3,24,bot3__7,1699,N,True
3,44,bot4__4,1699,N,True
3,76,bot4__4,1699,N,True
3,44,reel28__8,1699,N,True
3,22,reel28__8,1699,N,True
3,44,bot56__0,1699,N,True
3,270,reel7__6,1699,N,True
3,225,reel7__6,1699,N,True
3,bot2__0,bot45__6,1699,N,True
3,bot2__0,bot48__8,1699,N,True
3,148,bot48__8,1699,N,True
3,171,reel0__4,1699,N,True
3,336,reel0__4,1699,N,True
3,336,reel7__1,1699,N,True
3,324,reel7__1,1699,N,True
3,6,bot10__5,1699,N,True
3,336,bot10__5,1699,N,True
3,336,bot19__0,1699,N,True
3,336,reel70__2,1699,N,True
3,140,bot18__2,1699,N,True
3,245,bot18__2,1699,N,True
3,218,bot18__2,1699,N,True
3,245,reel25__6,1699,N,True
3,245,bot49__9,1699,N,True
3,296,reel11__4,1699,N,True
3,173,reel11__4,1699,N,True
3,238,reel11__4,1699,N,True
3,238,bot27__3,1699,N,True
3,100,bot31__7,1699,N,True
3,238,bot31__7,1699,N,True
3,238,bot55__4,1699,N,True
3,reel52__7,reel65__9,1699,N,True
3,238,reel65__9,1699,N,True
3,238,reel74__5,1699,N,True
3,313,bot84__4,1699,N,True
3,238,bot84__4,1699,N,True
3,150,bot7__4,1699,N,True
3,92,bot7__4,1699,N,True
3,92,reel22__3,1699,N,True
3,255,reel22__3,1699,N,True
3,92,reel35__7,1699,N,True
3,reel21__8,reel22__0,1699,N,True
3,341,reel22__0,1699,N,True
3,13,bot42__2,1699,N,True
3,bot8__6,bot42__2,1699,N,True
3,341,bot42__2,1699,N,True
3,266,reel47__6,1699,N,True
3,341,reel47__6,1699,N,True
3,162,bot48__2,1699,N,True
3,341,bot48__2,1699,N,True
3,341,reel63__0,1699,N,True
3,304,bot21__6,1699,N,True
3,304,reel22__5,1699,N,True
3,304,bot49__0,1699,N,True
3,304,bot66__0,1699,N,True
3,32,reel0__9,1699,N,True
3,75,reel0__9,1699,N,True
3,274,bot6__6,1699,N,True
3,63,bot6__6,1699,N,True
3,75,bot6__6,1699,N,True
3,75,reel14__7,1699,N,True
3,201,reel28__9,1699,N,True
3,75,reel28__9,1699,N,True
3,110,reel31__0,1699,N,True
3,75,reel31__0,1699,N,True
3,reel28__1,reel31__6,1699,N,True
3,89,reel31__6,1699,N,True
3,75,reel31__6,1699,N,True
3,75,bot47__0,1699,N,True
3,63,reel14__1,1699,N,True
3,bot19__8,reel14__1,1699,N,True
3,165,reel14__1,1699,N,True
3,63,bot15__3,1699,N,True
3,167,bot15__3,1699,N,True
3,63,reel73__7,1699,N,True
3,reel54__9,reel83__5,1699,N,True
3,189,bot2__8,1699,N,True
3,189,reel30__5,1699,N,True
3,213,reel30__5,1699,N,True
3,224,reel34__3,1699,N,True
3,189,reel34__3,1699,N,True
3,reel37__7,reel34__3,1699,N,True
3,189,bot38__6,1699,N,True
3,189,bot56__2,1699,N,True
3,189,bot65__4,1699,N,True
3,204,reel13__1,1699,N,True
3,71,reel13__1,1699,N,True
3,100,reel13__1,1699,N,True
3,32,reel14__2,1699,N,True
3,100,reel14__2,1699,N,True
3,331,bot3__2,1699,N,True
3,93,bot3__2,1699,N,True
3,32,bot3__2,1699,N,True
3,bot7__0,bot3__2,1699,N,True
3,321,bot0__5,1699,N,True
3,232,bot0__5,1699,N,True
3,2,reel10__7,1699,N,True
3,232,reel10__7,1699,N,True
3,232,bot43__0,1699,N,True
3,190,bot53__5,1699,N,True
3,232,bot53__5,1699,N,True
3,330,reel11__6,1699,N,True
3,69,reel11__6,1699,N,True
3,330,reel32__7,1699,N,True
3,208,reel32__7,1699,N,True
3,330,reel73__1,1699,N,True
3,170,bot6__3,1699,N,True
3,27,bot6__3,1699,N,True
3,bot75__3,bot6__3,1699,N,True
3,148,bot6__3,1699,N,True
3,27,reel21__0,1699,N,True
3,27,bot29__3,1699,N,True
3,reel9__9,bot29__3,1699,N,True
3,27,bot31__3,1699,N,True
3,89,bot31__3,1699,N,True
3,27,bot36__2,1699,N,True
3,27,reel38__3,1699,N,True
3,27,reel71__6,1699,N,True
3,182,bot3__3,1699,N,True
3,88,bot7__9,1699,N,True
3,182,bot7__9,1699,N,True
3,38,reel12__3,1699,N,True
3,38,bot20__4,1699,N,True
3,203,bot28__3,1699,N,True
3,203,bot42__5,1699,N,True
3,203,reel60__0,1699,N,True
3,42,reel60__0,1699,N,True
3,302,reel19__5,1699,N,True
3,277,reel19__5,1699,N,True
3,257,reel28__5,1699,N,True
3,302,reel28__5,1699,N,True
3,321,bot26__8,1699,N,True
3,bot82__1,bot26__8,1699,N,True
3,308,bot0__8,1699,N,True
3,220,bot0__8,1699,N,True
3,176,bot0__8,1699,N,True
3,134,reel15__2,1699,N,True
3,308,reel15__2,1699,N,True
3,308,reel18__5,1699,N,True
3,308,reel30__8,1699,N,True
3,308,reel60__5,1699,N,True
3,195,reel60__5,1699,N,True
3,308,reel64__5,1699,N,True
3,reel12__0,reel64__5,1699,N,True
3,308,reel77__8,1699,N,True
3,181,bot0__6,1699,N,True
3,134,bot0__6,1699,N,True
3,171,bot0__6,1699,N,True
3,181,bot4__0,1699,N,True
3,229,bot4__0,1699,N,True
3,242,bot4__0,1699,N,True
3,181,reel14__4,1699,N,True
3,reel12__0,reel14__4,1699,N,True
3,181,bot46__7,1699,N,True
3,333,bot46__7,1699,N,True
3,181,bot72__2,1699,N,True
3,181,reel75__0,1699,N,True
3,296,reel75__0,1699,N,True
3,58,reel26__7,1699,N,True
3,58,reel44__2,1699,N,True
3,58,bot60__9,1699,N,True
3,101,bot60__9,1699,N,True
3,58,bot70__1,1699,N,True
3,58,reel77__4,1699,N,True
3,296,reel2__1,1699,N,True
3,277,reel2__1,1699,N,True
3,256,bot7__1,1699,N,True
3,277,bot7__1,1699,N,True
3,277,bot77__0,1699,N,True
3,bot2__7,bot13__8,1699,N,True
3,218,bot13__8,1699,N,True
3,167,bot13__8,1699,N,True
3,6,reel14__6,1699,N,True
3,167,reel14__6,1699,N,True
3,167,bot29__4,1699,N,True
3,bot31__6,bot58__8,1699,N,True
3,134,bot58__8,1699,N,True
3,167,bot58__8,1699,N,True
3,reel5__4,reel58__4,1699,N,True
3,167,reel58__4,1699,N,True
3,93,reel7__7,1699,N,True
3,266,reel7__7,1699,N,True
3,93,reel65__6,1699,N,True
3,93,reel73__9,1699,N,True
3,108,bot0__9,1699,N,True
3,153,bot0__9,1699,N,True
3,172,bot0__9,1699,N,True
3,153,bot2__1,1699,N,True
3,155,bot2__1,1699,N,True
3,126,bot3__5,1699,N,True
3,153,bot3__5,1699,N,True
3,153,bot41__1,1699,N,True
3,153,bot71__6,1699,N,True
3,50,bot71__6,1699,N,True
3,239,reel16__7,1699,N,True
3,239,bot60__0,1699,N,True
3,239,reel69__8,1699,N,True
3,239,reel76__0,1699,N,True
3,68,reel27__9,1699,N,True
3,reel29__1,reel27__9,1699,N,True
3,reel29__1,bot70__5,1699,N,True
3,reel29__1,bot82__3,1699,N,True
3,87,reel12__1,1699,N,True
3,87,bot64__1,1699,N,True
3,257,reel3__1,1699,N,True
3,300,reel3__1,1699,N,True
3,88,reel3__1,1699,N,True
3,300,bot15__5,1699,N,True
3,300,reel83__7,1699,N,True
3,1,bot1__3,1699,N,True
3,257,reel25__7,1699,N,True
3,1,reel25__7,1699,N,True
3,1,bot26__2,1699,N,True
3,reel8__5,bot26__2,1699,N,True
3,1,reel46__2,1699,N,True
3,137,reel46__2,1699,N,True
3,1,bot52__7,1699,N,True
3,reel5__4,reel2__6,1699,N,True
3,337,reel2__6,1699,N,True
3,190,reel2__6,1699,N,True
3,reel17__9,reel2__6,1699,N,True
3,50,reel17__6,1699,N,True
3,118,reel17__6,1699,N,True
3,118,reel47__4,1699,N,True
3,118,reel67__1,1699,N,True
3,324,reel67__1,1699,N,True
3,347,reel4__9,1699,N,True
3,80,reel4__9,1699,N,True
3,242,reel4__9,1699,N,True
3,242,reel49__5,1699,N,True
3,49,reel52__1,1699,N,True
3,57,bot79__3,1699,N,True
3,49,bot79__3,1699,N,True
3,68,bot4__7,1699,N,True
3,68,reel10__4,1699,N,True
3,68,reel63__4,1699,N,True
3,68,reel63__6,1699,N,True
3,68,bot69__0,1699,N,True
3,68,bot79__4,1699,N,True
3,55,reel3__3,1699,N,True
3,17,reel3__3,1699,N,True
3,55,reel3__9,1699,N,True
3,55,bot34__1,1699,N,True
3,55,bot35__5,1699,N,True
3,42,reel49__6,1699,N,True
3,269,bot49__3,1699,N,True
3,reel37__7,bot49__3,1699,N,True
3,190,reel41__7,1699,N,True
3,190,reel60__9,1699,N,True
3,190,bot81__8,1699,N,True
3,113,reel13__3,1699,N,True
3,342,reel13__3,1699,N,True
3,255,bot24__6,1699,N,True
3,reel9__6,bot24__6,1699,N,True
3,342,bot24__6,1699,N,True
3,315,reel7__5,1699,N,True
3,bot58__6,reel7__5,1699,N,True
3,208,bot71__1,1699,N,True
3,bot58__6,bot71__1,1699,N,True
3,154,bot18__3,1699,N,True
3,154,reel34__8,1699,N,True
3,bot61__3,reel34__8,1699,N,True
3,154,reel62__7,1699,N,True
3,219,bot8__0,1699,N,True
3,334,bot8__0,1699,N,True
3,334,reel28__4,1699,N,True
3,334,reel37__1,1699,N,True
3,220,reel56__9,1699,N,True
3,140,reel56__9,1699,N,True
3,115,bot26__3,1699,N,True
3,312,bot10__0,1699,N,True
3,279,bot10__0,1699,N,True
3,278,bot10__0,1699,N,True
3,71,bot24__4,1699,N,True
3,reel12__0,bot24__4,1699,N,True
3,278,bot24__4,1699,N,True
3,337,reel24__9,1699,N,True
3,278,reel24__9,1699,N,True
3,278,bot63__6,1699,N,True
3,reel72__1,reel74__2,1699,N,True
3,229,reel9__4,1699,N,True
3,145,reel9__4,1699,N,True
3,229,bot41__3,1699,N,True
3,229,reel67__5,1699,N,True
3,116,reel5__8,1699,N,True
3,254,reel5__8,1699,N,True
3,254,bot18__7,1699,N,True
3,254,bot31__0,1699,N,True
3,134,reel40__4,1699,N,True
3,254,reel40__4,1699,N,True
3,98,reel40__4,1699,N,True
3,254,reel45__6,1699,N,True
3,254,bot60__5,1699,N,True
3,50,reel1__8,1699,N,True
3,3,reel1__8,1699,N,True
3,3,reel7__0,1699,N,True
3,108,bot10__6,1699,N,True
3,3,bot10__6,1699,N,True
3,3,reel12__8,1699,N,True
3,279,bot17__9,1699,N,True
3,3,bot17__9,1699,N,True
3,61,reel20__5,1699,N,True
3,reel25__3,reel20__5,1699,N,True
3,3,reel20__5,1699,N,True
3,156,reel20__6,1699,N,True
3,bot62__0,reel20__6,1699,N,True
3,3,reel20__6,1699,N,True
3,3,reel20__8,1699,N,True
3,195,reel30__7,1699,N,True
3,3,reel30__7,1699,N,True
3,3,reel68__7,1699,N,True
3,323,bot21__1,1699,N,True
3,325,bot55__7,1699,N,True
3,323,bot55__7,1699,N,True
3,323,bot68__8,1699,N,True
3,169,reel48__9,1699,N,True
3,169,bot76__3,1699,N,True
3,312,bot9__5,1699,N,True
3,184,bot9__5,1699,N,True
3,208,bot9__5,1699,N,True
3,184,bot43__9,1699,N,True
3,273,reel0__0,1699,N,True
3,147,reel0__0,1699,N,True
3,273,bot60__2,1699,N,True
3,312,bot3__4,1699,N,True
3,218,bot3__4,1699,N,True
3,312,bot10__4,1699,N,True
3,312,reel10__6,1699,N,True
3,202,reel10__6,1699,N,True
3,312,reel35__9,1699,N,True
3,187,reel26__6,1699,N,True
3,294,reel26__6,1699,N,True
3,187,reel42__4,1699,N,True
3,331,reel5__1,1699,N,True
3,53,reel5__1,1699,N,True
3,53,reel12__7,1699,N,True
3,53,reel24__7,1699,N,True
3,53,reel44__7,1699,N,True
3,235,reel79__0,1699,N,True
3,53,reel79__0,1699,N,True
3,bot75__3,bot51__6,1699,N,True
3,bot30__4,bot51__6,1699,N,True
3,225,reel23__4,1699,N,True
3,251,reel55__1,1699,N,True
3,225,reel55__1,1699,N,True
3,147,reel61__3,1699,N,True
3,225,reel61__3,1699,N,True
3,156,reel31__5,1699,N,True
3,109,reel31__5,1699,N,True
3,109,bot70__2,1699,N,True
3,331,bot12__9,1699,N,True
3,331,bot30__8,1699,N,True
3,331,reel59__9,1699,N,True
3,331,bot74__2,1699,N,True
3,231,bot74__2,1699,N,True
3,331,reel74__1,1699,N,True
3,305,bot0__3,1699,N,True
3,176,bot0__3,1699,N,True
3,305,reel23__2,1699,N,True
3,305,reel55__8,1699,N,True
3,bot2__7,reel0__7,1699,N,True
3,201,reel0__7,1699,N,True
3,71,reel0__7,1699,N,True
3,201,bot81__2,1699,N,True
3,290,bot81__2,1699,N,True
3,256,bot22__0,1699,N,True
3,311,bot29__8,1699,N,True
3,256,bot29__8,1699,N,True
3,256,reel49__9,1699,N,True
3,256,reel57__1,1699,N,True
3,13,bot5__7,1699,N,True
3,222,bot5__7,1699,N,True
3,13,reel13__4,1699,N,True
3,337,reel13__4,1699,N,True
3,bot30__4,reel13__4,1699,N,True
3,13,reel24__2,1699,N,True
3,45,reel24__2,1699,N,True
3,bot42__8,reel24__2,1699,N,True
3,13,reel34__7,1699,N,True
3,244,reel34__7,1699,N,True
3,13,bot81__9,1699,N,True
3,279,reel10__2,1699,N,True
3,66,bot17__7,1699,N,True
3,279,bot17__7,1699,N,True
3,279,reel24__8,1699,N,True
3,317,bot37__3,1699,N,True
3,279,bot37__3,1699,N,True
3,320,reel65__7,1699,N,True
3,279,reel65__7,1699,N,True
3,279,bot71__3,1699,N,True
3,202,reel15__8,1699,N,True
3,89,reel15__8,1699,N,True
3,89,reel16__1,1699,N,True
3,89,reel22__9,1699,N,True
3,89,reel59__2,1699,N,True
3,89,bot70__6,1699,N,True
3,177,reel80__2,1699,N,True
3,89,reel80__2,1699,N,True
3,294,reel22__1,1699,N,True
3,70,reel22__1,1699,N,True
3,70,bot36__0,1699,N,True
3,70,reel55__7,1699,N,True
3,reel28__1,bot73__3,1699,N,True
3,70,bot73__3,1699,N,True
3,70,bot80__2,1699,N,True
3,reel37__8,reel9__2,1699,N,True
3,327,reel9__2,1699,N,True
3,reel37__8,reel57__0,1699,N,True
3,reel37__8,reel65__5,1699,N,True
3,266,bot4__6,1699,N,True
3,bot2__7,bot4__6,1699,N,True
3,266,bot20__5,1699,N,True
3,266,bot34__4,1699,N,True
3,113,bot7__8,1699,N,True
3,285,bot7__8,1699,N,True
3,113,reel19__4,1699,N,True
3,107,bot5__8,1699,N,True
3,177,bot5__8,1699,N,True
3,177,reel31__7,1699,N,True
3,47,reel33__1,1699,N,True
3,177,reel33__1,1699,N,True
3,reel75__3,reel47__0,1699,N,True
3,177,reel47__0,1699,N,True
3,148,reel24__5,1699,N,True
3,251,reel24__5,1699,N,True
3,132,reel24__5,1699,N,True
3,132,reel38__5,1699,N,True
3,248,bot39__4,1699,N,True
3,132,bot39__4,1699,N,True
3,reel31__2,reel40__0,1699,N,True
3,132,reel40__0,1699,N,True
3,bot0__7,bot51__9,1699,N,True
3,132,bot51__9,1699,N,True
3,132,bot69__2,1699,N,True
3,125,reel27__6,1699,N,True
3,81,reel27__6,1699,N,True
3,125,reel45__2,1699,N,True
3,125,reel47__3,1699,N,True
3,reel12__6,reel47__3,1699,N,True
3,125,reel82__9,1699,N,True
3,296,reel58__2,1699,N,True
3,286,reel58__2,1699,N,True
3,296,reel83__8,1699,N,True
3,reel52__7,reel3__5,1699,N,True
3,23,reel3__5,1699,N,True
3,reel12__0,reel3__5,1699,N,True
3,23,bot19__4,1699,N,True
3,23,reel64__2,1699,N,True
3,69,reel64__2,1699,N,True
3,23,reel72__6,1699,N,True
3,23,bot77__3,1699,N,True
3,235,bot9__3,1699,N,True
3,337,bot9__3,1699,N,True
3,80,bot9__3,1699,N,True
3,bot29__6,reel22__8,1699,N,True
3,80,reel22__8,1699,N,True
3,80,reel24__0,1699,N,True
3,227,reel24__0,1699,N,True
3,80,bot25__9,1699,N,True
3,80,reel79__8,1699,N,True
3,61,bot16__2,1699,N,True
3,61,reel33__3,1699,N,True
3,172,reel3__6,1699,N,True
3,172,bot11__6,1699,N,True
3,219,bot13__1,1699,N,True
3,172,bot13__1,1699,N,True
3,107,bot20__0,1699,N,True
3,107,bot35__4,1699,N,True
3,62,bot35__4,1699,N,True
3,248,bot29__5,1699,N,True
3,235,reel10__3,1699,N,True
3,251,reel10__3,1699,N,True
3,251,reel26__8,1699,N,True
3,251,reel55__4,1699,N,True
3,251,bot78__7,1699,N,True
3,66,reel34__4,1699,N,True
3,66,bot80__7,1699,N,True
3,66,bot83__5,1699,N,True
3,45,bot2__9,1699,N,True
3,bot5__5,reel2__3,1699,N,True
3,45,reel2__3,1699,N,True
3,202,bot5__1,1699,N,True
3,45,bot5__1,1699,N,True
3,45,reel9__5,1699,N,True
3,45,bot71__5,1699,N,True
3,45,reel77__6,1699,N,True
3,204,bot6__0,1699,N,True
3,71,bot6__0,1699,N,True
3,71,bot8__4,1699,N,True
3,71,bot11__2,1699,N,True
3,324,bot11__2,1699,N,True
3,71,bot11__5,1699,N,True
3,71,reel27__3,1699,N,True
3,71,bot72__3,1699,N,True
3,reel9__9,reel17__0,1699,N,True
3,reel9__9,bot34__9,1699,N,True
3,reel9__9,reel71__2,1699,N,True
3,50,reel4__8,1699,N,True
3,137,reel4__8,1699,N,True
3,50,reel57__8,1699,N,True
3,290,reel57__8,1699,N,True
3,62,reel17__8,1699,N,True
3,155,reel17__8,1699,N,True
3,155,bot32__8,1699,N,True
3,155,bot77__1,1699,N,True
3,325,reel5__7,1699,N,True
3,325,bot53__0,1699,N,True
3,bot29__6,bot9__9,1699,N,True
3,bot29__6,bot61__4,1699,N,True
3,reel21__8,bot57__3,1699,N,True
3,173,bot35__7,1699,N,True
3,173,bot65__2,1699,N,True
3,120,reel21__3,1699,N,True
3,73,reel21__3,1699,N,True
3,108,bot1__9,1699,N,True
3,108,reel31__8,1699,N,True
3,137,reel31__8,1699,N,True
3,108,bot43__6,1699,N,True
3,108,bot79__2,1699,N,True
3,reel75__3,reel81__7,1699,N,True
3,150,bot1__6,1699,N,True
3,170,reel4__4,1699,N,True
3,bot5__6,reel4__4,1699,N,True
3,150,reel4__4,1699,N,True
3,150,bot82__0,1699,N,True
3,198,reel1__3,1699,N,True
3,338,reel1__3,1699,N,True
3,17,bot57__9,1699,N,True
3,338,bot57__9,1699,N,True
3,338,reel63__9,1699,N,True
3,338,reel81__8,1699,N,True
3,reel12__6,reel44__3,1699,N,True
3,reel12__6,reel50__4,1699,N,True
3,197,reel8__4,1699,N,True
3,197,bot18__0,1699,N,True
3,243,bot18__0,1699,N,True
3,197,bot30__7,1699,N,True
3,197,reel74__9,1699,N,True
3,231,reel74__9,1699,N,True
3,111,reel29__0,1699,N,True
3,233,reel29__0,1699,N,True
3,227,reel29__0,1699,N,True
3,233,reel48__3,1699,N,True
3,233,bot73__6,1699,N,True
3,222,reel37__3,1699,N,True
3,234,bot70__3,1699,N,True
3,reel12__2,reel18__7,1699,N,True
3,95,reel18__7,1699,N,True
3,reel12__2,bot24__7,1699,N,True
3,reel12__2,reel58__8,1699,N,True
3,reel18__6,reel36__9,1699,N,True
3,147,reel36__9,1699,N,True
3,195,reel24__4,1699,N,True
3,227,bot11__4,1699,N,True
3,171,reel50__8,1699,N,True
3,227,reel50__8,1699,N,True
3,105,reel5__2,1699,N,True
3,147,reel5__2,1699,N,True
3,111,bot13__9,1699,N,True
3,147,bot13__9,1699,N,True
3,147,reel27__5,1699,N,True
3,344,reel27__5,1699,N,True
3,147,reel32__2,1699,N,True
3,147,bot39__8,1699,N,True
3,333,bot47__2,1699,N,True
3,228,reel44__9,1699,N,True
3,140,reel44__9,1699,N,True
3,228,bot52__6,1699,N,True
3,217,reel3__0,1699,N,True
3,313,reel3__0,1699,N,True
3,299,reel3__0,1699,N,True
3,313,bot49__6,1699,N,True
3,202,reel61__6,1699,N,True
3,reel12__0,bot41__4,1699,N,True
3,reel12__0,reel75__8,1699,N,True
3,285,reel75__8,1699,N,True
3,290,bot44__5,1699,N,True
3,290,reel64__8,1699,N,True
3,290,reel83__9,1699,N,True
3,reel50__2,bot77__2,1699,N,True
3,178,reel13__2,1699,N,True
3,57,reel13__2,1699,N,True
3,111,reel13__2,1699,N,True
3,224,bot17__5,1699,N,True
3,bot45__0,bot17__5,1699,N,True
3,bot45__0,bot75__5,1699,N,True
3,bot0__7,bot23__8,1699,N,True
3,17,reel8__1,1699,N,True
3,17,reel61__9,1699,N,True
3,17,reel73__2,1699,N,True
3,bot31__6,reel11__5,1699,N,True
3,bot31__6,bot23__3,1699,N,True
3,315,bot23__3,1699,N,True
3,bot31__6,bot78__9,1699,N,True
3,204,reel10__9,1699,N,True
3,327,reel10__9,1699,N,True
3,204,reel23__3,1699,N,True
3,19,reel23__3,1699,N,True
3,134,bot47__8,1699,N,True
3,163,bot67__9,1699,N,True
3,163,reel74__6,1699,N,True
3,127,reel6__4,1699,N,True
3,47,reel6__4,1699,N,True
3,47,reel54__6,1699,N,True
3,47,reel55__2,1699,N,True
3,344,bot14__7,1699,N,True
3,344,reel47__5,1699,N,True
3,344,reel79__6,1699,N,True
3,218,bot11__3,1699,N,True
3,218,bot56__7,1699,N,True
3,218,bot62__2,1699,N,True
3,170,reel37__4,1699,N,True
3,170,bot45__5,1699,N,True
3,170,bot78__0,1699,N,True
3,170,reel81__2,1699,N,True
3,reel20__7,bot22__6,1699,N,True
3,337,bot14__5,1699,N,True
3,320,bot14__5,1699,N,True
3,reel23__6,bot31__5,1699,N,True
3,337,bot31__5,1699,N,True
3,337,reel34__5,1699,N,True
3,324,reel13__8,1699,N,True
3,231,reel13__8,1699,N,True
3,324,reel76__1,1699,N,True
3,324,reel78__8,1699,N,True
3,324,reel82__5,1699,N,True
3,69,bot11__9,1699,N,True
3,124,bot11__9,1699,N,True
3,178,bot7__5,1699,N,True
3,299,bot7__5,1699,N,True
3,10,bot7__5,1699,N,True
3,299,bot13__3,1699,N,True
3,299,reel19__7,1699,N,True
3,315,reel19__7,1699,N,True
3,299,reel56__7,1699,N,True
3,reel28__1,reel50__1,1699,N,True
3,reel28__1,reel66__2,1699,N,True
3,126,bot5__9,1699,N,True
3,231,bot5__9,1699,N,True
3,289,bot5__9,1699,N,True
3,144,reel15__5,1699,N,True
3,289,reel15__5,1699,N,True
3,347,reel9__0,1699,N,True
3,347,bot29__1,1699,N,True
3,347,bot61__2,1699,N,True
3,347,bot83__0,1699,N,True
3,33,reel6__6,1699,N,True
3,176,reel6__6,1699,N,True
3,19,reel6__6,1699,N,True
3,176,reel16__4,1699,N,True
3,244,reel16__4,1699,N,True
3,213,bot11__7,1699,N,True
3,213,bot34__8,1699,N,True
3,126,bot21__9,1699,N,True
3,157,bot21__9,1699,N,True
3,126,bot23__5,1699,N,True
3,198,bot23__5,1699,N,True
3,126,reel29__6,1699,N,True
3,126,bot37__9,1699,N,True
3,126,bot55__5,1699,N,True
3,reel5__6,reel33__4,1699,N,True
3,198,reel57__2,1699,N,True
3,reel5__6,reel57__2,1699,N,True
3,reel5__6,reel61__4,1699,N,True
3,294,reel13__6,1699,N,True
3,62,reel13__6,1699,N,True
3,62,bot27__2,1699,N,True
3,62,bot32__1,1699,N,True
3,62,reel32__0,1699,N,True
3,62,reel41__8,1699,N,True
3,62,bot61__9,1699,N,True
3,285,bot61__9,1699,N,True
3,62,bot63__8,1699,N,True
3,137,bot46__4,1699,N,True
3,160,reel62__4,1699,N,True
3,137,reel62__4,1699,N,True
3,137,bot63__9,1699,N,True
3,19,bot63__9,1699,N,True
3,24,reel27__4,1699,N,True
3,243,reel19__1,1699,N,True
3,88,reel1__1,1699,N,True
3,88,bot14__4,1699,N,True
3,88,bot50__4,1699,N,True
3,reel9__6,reel69__3,1699,N,True
3,88,reel69__3,1699,N,True
3,reel42__2,reel69__3,1699,N,True
3,88,reel75__5,1699,N,True
3,88,reel75__7,1699,N,True
3,275,bot25__6,1699,N,True
3,157,bot32__3,1699,N,True
3,275,bot32__3,1699,N,True
3,76,reel51__1,1699,N,True
3,275,reel51__1,1699,N,True
3,275,reel66__6,1699,N,True
3,275,bot71__2,1699,N,True
3,91,reel73__4,1699,N,True
3,275,reel73__4,1699,N,True
3,105,bot47__4,1699,N,True
3,105,bot61__5,1699,N,True
3,244,bot22__4,1699,N,True
3,244,reel69__0,1699,N,True
3,274,bot17__1,1699,N,True
3,274,reel43__4,1699,N,True
3,274,bot57__8,1699,N,True
3,274,reel78__6,1699,N,True
3,219,reel33__8,1699,N,True
3,219,reel50__5,1699,N,True
3,33,reel53__6,1699,N,True
3,219,reel53__6,1699,N,True
3,162,reel35__5,1699,N,True
3,162,bot44__4,1699,N,True
3,reel23__6,reel53__2,1699,N,True
3,162,reel53__2,1699,N,True
3,bot42__8,bot58__2,1699,N,True
3,bot42__8,bot69__4,1699,N,True
3,264,bot8__3,1699,N,True
3,320,bot8__3,1699,N,True
3,156,bot51__8,1699,N,True
3,156,bot70__0,1699,N,True
3,160,bot33__9,1699,N,True
3,reel54__4,reel27__1,1699,N,True
3,reel54__4,reel78__3,1699,N,True
3,reel42__2,reel53__3,1699,N,True
3,reel42__2,reel70__1,1699,N,True
3,reel31__2,reel79__9,1699,N,True
3,81,reel1__5,1699,N,True
3,285,reel1__5,1699,N,True
3,285,bot81__7,1699,N,True
3,178,bot55__6,1699,N,True
3,127,reel1__7,1699,N,True
3,111,reel1__7,1699,N,True
3,111,reel6__2,1699,N,True
3,111,reel49__7,1699,N,True
3,171,reel78__1,1699,N,True
3,111,reel78__1,1699,N,True
3,reel8__5,bot39__6,1699,N,True
3,reel8__5,reel62__5,1699,N,True
3,reel8__5,bot63__7,1699,N,True
3,84,bot63__7,1699,N,True
3,208,reel29__2,1699,N,True
3,bot68__5,bot58__9,1699,N,True
3,bot68__5,reel16__3,1699,N,True
3,bot68__5,bot69__6,1699,N,True
3,231,reel0__6,1699,N,True
3,33,reel22__2,1699,N,True
3,231,reel22__2,1699,N,True
3,315,reel22__2,1699,N,True
3,10,bot6__4,1699,N,True
3,10,bot27__5,1699,N,True
3,10,bot39__7,1699,N,True
3,reel9__6,bot33__3,1699,N,True
3,reel9__6,bot38__8,1699,N,True
3,reel9__6,reel43__6,1699,N,True
3,reel9__6,reel45__8,1699,N,True
3,148,bot33__0,1699,N,True
3,148,bot40__0,1699,N,True
3,224,reel46__6,1699,N,True
3,reel58__9,reel38__4,1699,N,True
3,reel20__3,reel38__4,1699,N,True
3,reel20__3,bot56__3,1699,N,True
3,bot84__9,bot17__4,1699,N,True
3,69,bot59__7,1699,N,True
3,69,bot75__1,1699,N,True
3,298,reel17__3,1699,N,True
3,298,bot43__1,1699,N,True
3,298,reel43__9,1699,N,True
3,298,reel50__0,1699,N,True
3,298,reel67__6,1699,N,True
3,298,reel76__5,1699,N,True
3,329,reel76__5,1699,N,True
3,235,bot76__0,1699,N,True
3,bot28__4,bot73__9,1699,N,True
3,294,bot47__6,1699,N,True
3,120,bot6__2,1699,N,True
3,120,bot40__7,1699,N,True
3,120,reel74__7,1699,N,True
3,171,reel39__9,1699,N,True
3,329,reel39__9,1699,N,True
3,198,bot12__8,1699,N,True
3,198,reel30__9,1699,N,True
3,198,reel39__7,1699,N,True
3,198,reel40__9,1699,N,True
3,198,reel52__8,1699,N,True
3,320,reel1__2,1699,N,True
3,320,bot10__1,1699,N,True
3,315,reel80__4,1699,N,True
3,217,bot12__4,1699,N,True
3,bot8__6,bot12__4,1699,N,True
3,217,reel27__0,1699,N,True
3,217,reel65__1,1699,N,True
3,bot8__6,bot35__8,1699,N,True
3,246,reel13__0,1699,N,True
3,reel46__7,reel13__0,1699,N,True
3,110,bot7__6,1699,N,True
3,110,bot40__6,1699,N,True
3,110,reel51__3,1699,N,True
3,84,reel40__2,1699,N,True
3,84,reel48__1,1699,N,True
3,84,reel67__3,1699,N,True
3,140,reel15__7,1699,N,True
3,140,bot47__3,1699,N,True
3,116,bot5__3,1699,N,True
3,21,bot5__3,1699,N,True
3,116,bot35__3,1699,N,True
3,116,bot40__2,1699,N,True
3,116,reel58__1,1699,N,True
3,116,reel71__7,1699,N,True
3,116,bot74__5,1699,N,True
3,171,reel35__3,1699,N,True
3,81,reel11__2,1699,N,True
3,81,reel68__9,1699,N,True
3,33,reel19__2,1699,N,True
3,21,bot27__1,1699,N,True
3,21,reel78__9,1699,N,True
3,22,reel31__1,1699,N,True
3,22,bot59__3,1699,N,True
3,321,reel31__4,1699,N,True
3,321,reel79__4,1699,N,True
3,127,reel57__3,1699,N,True
3,127,reel58__0,1699,N,True
3,269,bot42__6,1699,N,True
3,reel9__8,bot31__4,1699,N,True
3,reel9__8,bot64__8,1699,N,True
3,317,bot21__2,1699,N,True
3,317,reel39__6,1699,N,True
3,317,bot82__9,1699,N,True
3,327,reel11__8,1699,N,True
3,327,bot65__1,1699,N,True
3,reel17__9,reel27__2,1699,N,True
3,reel17__9,bot43__3,1699,N,True
3,6,bot6__5,1699,N,True
3,6,reel8__6,1699,N,True
3,19,reel8__6,1699,N,True
3,6,bot12__7,1699,N,True
3,6,reel18__1,1699,N,True
3,157,reel35__1,1699,N,True
3,157,bot58__1,1699,N,True
3,157,reel72__0,1699,N,True
3,157,reel82__4,1699,N,True
3,35,bot20__1,1699,N,True
3,35,reel76__8,1699,N,True
3,reel25__3,bot34__3,1699,N,True
3,reel25__3,reel34__2,1699,N,True
3,reel25__3,reel69__4,1699,N,True
3,reel25__3,bot71__9,1699,N,True
3,bot3__8,bot78__2,1699,N,True
3,reel25__3,bot78__2,1699,N,True
3,reel2__4,bot42__4,1699,N,True
3,reel2__4,reel54__0,1699,N,True
3,reel2__4,bot64__9,1699,N,True
3,reel58__9,reel62__2,1699,N,True
3,reel58__9,bot80__0,1699,N,True
3,reel52__7,reel28__3,1699,N,True
3,reel52__7,bot62__1,1699,N,True
3,90,reel18__3,1699,N,True
3,90,reel26__1,1699,N,True
3,90,bot41__2,1699,N,True
3,90,bot64__4,1699,N,True
3,reel23__6,bot33__4,1699,N,True
3,reel23__6,reel54__2,1699,N,True
3,reel23__6,reel67__9,1699,N,True
3,reel23__6,bot68__7,1699,N,True
3,103,reel18__8,1699,N,True
3,103,reel33__7,1699,N,True
3,bot5__5,bot50__1,1699,N,True
3,76,reel20__0,1699,N,True
3,76,reel60__3,1699,N,True
3,76,reel60__7,1699,N,True
3,19,reel15__0,1699,N,True
3,19,reel60__4,1699,N,True
3,19,reel62__9,1699,N,True
3,34,bot4__9,1699,N,True
3,34,bot26__9,1699,N,True
3,bot2__7,bot25__7,1699,N,True
3,bot2__7,bot44__9,1699,N,True
3,98,bot33__7,1699,N,True
4,343,bot2__6,1680,N,False
4,293,bot2__6,1680,N,False
4,293,reel7__4,1680,N,False
4,213,reel7__4,1680,N,False
4,293,bot16__7,1680,N,False
4,reel10__3,bot16__7,1680,N,False
4,25,reel5__0,1680,N,False
4,25,reel27__1,1680,N,False
4,25,reel35__5,1680,N,False
4,bot67__0,reel35__5,1680,N,False
4,25,reel69__5,1680,N,False
4,263,reel6__3,1680,N,False
4,51,reel6__3,1680,N,False
4,106,bot10__7,1680,N,False
4,51,bot10__7,1680,N,False
4,343,reel27__4,1680,N,False
4,51,reel27__4,1680,N,False
4,31,reel35__6,1680,N,False
4,51,reel35__6,1680,N,False
4,14,reel35__6,1680,N,False
4,51,bot45__5,1680,N,False
4,129,reel43__7,1680,N,False
4,135,reel43__7,1680,N,False
4,202,reel66__9,1680,N,False
4,135,reel66__9,1680,N,False
4,307,reel70__8,1680,N,False
4,135,reel70__8,1680,N,False
4,319,bot3__9,1680,N,False
4,340,bot4__5,1680,N,False
4,340,bot21__3,1680,N,False
4,89,bot21__3,1680,N,False
4,340,reel21__2,1680,N,False
4,334,reel21__2,1680,N,False
4,340,reel37__9,1680,N,False
4,340,reel82__3,1680,N,False
4,332,bot30__0,1680,N,False
4,332,bot41__0,1680,N,False
4,332,reel58__5,1680,N,False
4,78,bot8__8,1680,N,False
4,302,reel36__2,1680,N,False
4,78,reel36__2,1680,N,False
4,78,reel45__9,1680,N,False
4,78,reel50__9,1680,N,False
4,314,reel51__6,1680,N,False
4,314,reel62__6,1680,N,False
4,192,reel5__6,1680,N,False
4,106,reel12__8,1680,N,False
4,3,reel12__8,1680,N,False
4,192,reel12__8,1680,N,False
4,192,reel33__0,1680,N,False
4,192,reel40__9,1680,N,False
4,315,reel80__4,1680,N,False
4,192,reel80__4,1680,N,False
4,193,reel36__8,1680,N,False
4,reel16__0,bot30__2,1680,N,False
4,reel16__0,reel47__2,1680,N,False
4,reel16__0,reel53__7,1680,N,False
4,129,reel76__3,1680,N,False
4,129,reel83__1,1680,N,False
4,243,reel83__1,1680,N,False
4,bot67__0,reel43__1,1680,N,False
4,237,bot50__2,1680,N,False
4,bot1__7,bot50__2,1680,N,False
4,bot1__7,bot73__0,1680,N,False
4,94,bot50__5,1680,N,False
4,94,reel57__5,1680,N,False
4,94,reel69__2,1680,N,False
4,65,bot27__9,1680,N,False
4,65,reel62__0,1680,N,False
4,181,reel14__8,1680,N,False
4,112,reel14__8,1680,N,False
4,112,reel21__1,1680,N,False
4,71,reel21__1,1680,N,False
4,112,reel24__1,1680,N,False
4,105,reel24__1,1680,N,False
4,112,bot25__4,1680,N,False
4,112,reel37__6,1680,N,False
4,79,reel3__8,1680,N,False
4,309,reel3__8,1680,N,False
4,309,bot4__1,1680,N,False
4,86,bot4__1,1680,N,False
4,301,bot4__1,1680,N,False
4,247,bot4__2,1680,N,False
4,309,bot4__2,1680,N,False
4,309,bot12__6,1680,N,False
4,309,bot22__7,1680,N,False
4,reel10__8,reel8__7,1680,N,False
4,342,reel8__7,1680,N,False
4,116,reel35__2,1680,N,False
4,reel10__8,reel35__2,1680,N,False
4,39,bot25__1,1680,N,False
4,39,reel48__1,1680,N,False
4,84,reel48__1,1680,N,False
4,121,bot18__6,1680,N,False
4,121,bot44__6,1680,N,False
4,105,bot44__6,1680,N,False
4,121,reel50__2,1680,N,False
4,121,reel63__5,1680,N,False
4,268,reel27__7,1680,N,False
4,60,reel62__7,1680,N,False
4,reel0__9,reel78__7,1680,N,False
4,60,reel78__7,1680,N,False
4,bot49__8,bot32__9,1680,N,False
4,bot49__8,reel44__6,1680,N,False
4,108,reel44__6,1680,N,False
4,92,reel44__6,1680,N,False
4,258,reel5__3,1680,N,False
4,86,reel5__3,1680,N,False
4,258,bot18__1,1680,N,False
4,258,bot24__8,1680,N,False
4,258,reel41__3,1680,N,False
4,258,reel71__1,1680,N,False
4,307,bot0__4,1680,N,False
4,132,bot0__4,1680,N,False
4,301,bot0__4,1680,N,False
4,301,reel23__8,1680,N,False
4,301,reel47__8,1680,N,False
4,263,reel7__9,1680,N,False
4,263,bot10__1,1680,N,False
4,263,bot38__9,1680,N,False
4,263,bot43__0,1680,N,False
4,232,bot43__0,1680,N,False
4,263,bot69__6,1680,N,False
4,176,bot0__3,1680,N,False
4,159,bot0__3,1680,N,False
4,127,reel1__7,1680,N,False
4,111,reel1__7,1680,N,False
4,159,reel1__7,1680,N,False
4,159,reel9__2,1680,N,False
4,159,reel80__9,1680,N,False
4,185,bot5__6,1680,N,False
4,203,reel23__0,1680,N,False
4,185,reel23__0,1680,N,False
4,185,reel23__6,1680,N,False
4,312,reel38__2,1680,N,False
4,185,reel38__2,1680,N,False
4,61,reel2__2,1680,N,False
4,86,reel2__2,1680,N,False
4,345,reel2__2,1680,N,False
4,86,bot23__6,1680,N,False
4,279,reel24__8,1680,N,False
4,86,reel24__8,1680,N,False
4,86,bot27__1,1680,N,False
4,44,reel2__4,1680,N,False
4,331,reel2__4,1680,N,False
4,44,bot3__7,1680,N,False
4,330,bot3__7,1680,N,False
4,44,bot4__4,1680,N,False
4,76,bot4__4,1680,N,False
4,44,reel28__8,1680,N,False
4,22,reel28__8,1680,N,False
4,44,bot42__0,1680,N,False
4,44,bot56__0,1680,N,False
4,270,bot1__0,1680,N,False
4,105,bot1__0,1680,N,False
4,270,reel6__7,1680,N,False
4,245,reel12__4,1680,N,False
4,110,reel12__4,1680,N,False
4,bot45__6,bot18__2,1680,N,False
4,245,bot18__2,1680,N,False
4,245,bot49__9,1680,N,False
4,92,bot7__4,1680,N,False
4,92,reel35__7,1680,N,False
4,reel46__6,reel70__2,1680,N,False
4,61,reel33__3,1680,N,False
4,345,reel33__3,1680,N,False
4,27,reel21__0,1680,N,False
4,5,reel21__0,1680,N,False
4,5,reel26__2,1680,N,False
4,5,reel33__6,1680,N,False
4,5,bot68__0,1680,N,False
4,63,bot6__6,1680,N,False
4,99,reel13__5,1680,N,False
4,166,reel13__5,1680,N,False
4,189,reel30__5,1680,N,False
4,213,reel30__5,1680,N,False
4,bot25__5,bot38__6,1680,N,False
4,189,bot38__6,1680,N,False
4,343,bot48__3,1680,N,False
4,bot52__3,bot48__3,1680,N,False
4,307,reel38__6,1680,N,False
4,232,reel38__6,1680,N,False
4,190,bot53__5,1680,N,False
4,232,bot53__5,1680,N,False
4,27,bot36__2,1680,N,False
4,reel25__6,bot36__2,1680,N,False
4,27,reel38__3,1680,N,False
4,27,reel71__6,1680,N,False
4,bot24__3,reel12__1,1680,N,False
4,203,bot42__5,1680,N,False
4,203,reel60__0,1680,N,False
4,302,reel42__3,1680,N,False
4,181,bot0__1,1680,N,False
4,167,bot0__1,1680,N,False
4,181,bot4__0,1680,N,False
4,229,bot4__0,1680,N,False
4,181,reel14__4,1680,N,False
4,181,bot46__7,1680,N,False
4,333,bot46__7,1680,N,False
4,181,reel75__0,1680,N,False
4,bot2__7,bot13__8,1680,N,False
4,167,bot13__8,1680,N,False
4,167,reel14__6,1680,N,False
4,167,bot29__4,1680,N,False
4,167,bot58__8,1680,N,False
4,188,bot3__1,1680,N,False
4,70,bot3__1,1680,N,False
4,bot16__6,bot7__0,1680,N,False
4,188,bot7__0,1680,N,False
4,188,reel9__6,1680,N,False
4,14,reel9__6,1680,N,False
4,188,reel17__9,1680,N,False
4,342,reel17__9,1680,N,False
4,188,reel20__3,1680,N,False
4,188,reel22__4,1680,N,False
4,184,reel29__3,1680,N,False
4,188,reel29__3,1680,N,False
4,188,reel70__9,1680,N,False
4,118,bot34__7,1680,N,False
4,118,reel46__3,1680,N,False
4,118,reel67__1,1680,N,False
4,49,reel76__4,1680,N,False
4,33,reel2__7,1680,N,False
4,190,reel2__7,1680,N,False
4,257,bot11__1,1680,N,False
4,190,bot11__1,1680,N,False
4,190,bot35__6,1680,N,False
4,342,reel13__3,1680,N,False
4,219,bot8__0,1680,N,False
4,334,bot8__0,1680,N,False
4,321,bot16__3,1680,N,False
4,334,bot16__3,1680,N,False
4,213,bot16__3,1680,N,False
4,334,reel32__9,1680,N,False
4,334,reel37__1,1680,N,False
4,220,reel30__6,1680,N,False
4,71,bot24__4,1680,N,False
4,278,bot24__4,1680,N,False
4,337,reel24__9,1680,N,False
4,278,reel24__9,1680,N,False
4,278,bot34__2,1680,N,False
4,278,bot63__6,1680,N,False
4,295,reel10__2,1680,N,False
4,279,reel10__2,1680,N,False
4,295,reel66__8,1680,N,False
4,28,reel3__6,1680,N,False
4,147,reel32__2,1680,N,False
4,28,reel32__2,1680,N,False
4,166,reel32__2,1680,N,False
4,28,bot33__3,1680,N,False
4,333,reel18__4,1680,N,False
4,229,reel18__4,1680,N,False
4,229,bot41__3,1680,N,False
4,229,reel67__5,1680,N,False
4,79,reel41__0,1680,N,False
4,79,bot47__1,1680,N,False
4,79,bot68__4,1680,N,False
4,254,reel21__7,1680,N,False
4,254,bot60__5,1680,N,False
4,7,reel1__8,1680,N,False
4,3,reel1__8,1680,N,False
4,3,reel7__0,1680,N,False
4,108,bot10__6,1680,N,False
4,3,bot10__6,1680,N,False
4,279,bot17__9,1680,N,False
4,3,bot17__9,1680,N,False
4,61,reel20__5,1680,N,False
4,3,reel20__5,1680,N,False
4,3,reel20__8,1680,N,False
4,3,bot37__1,1680,N,False
4,3,reel49__3,1680,N,False
4,3,bot54__9,1680,N,False
4,104,bot54__9,1680,N,False
4,3,reel68__7,1680,N,False
4,169,reel8__8,1680,N,False
4,216,reel8__8,1680,N,False
4,169,bot76__3,1680,N,False
4,312,bot9__5,1680,N,False
4,184,bot9__5,1680,N,False
4,184,bot43__9,1680,N,False
4,reel55__9,reel3__9,1680,N,False
4,reel55__9,reel56__8,1680,N,False
4,reel55__9,reel79__7,1680,N,False
4,312,bot3__4,1680,N,False
4,312,reel6__5,1680,N,False
4,312,bot10__4,1680,N,False
4,312,bot10__8,1680,N,False
4,312,reel35__9,1680,N,False
4,187,reel26__6,1680,N,False
4,152,reel26__6,1680,N,False
4,187,reel42__4,1680,N,False
4,187,bot45__9,1680,N,False
4,reel31__4,reel36__1,1680,N,False
4,152,reel36__1,1680,N,False
4,53,reel32__1,1680,N,False
4,147,reel61__3,1680,N,False
4,225,reel61__3,1680,N,False
4,331,bot3__2,1680,N,False
4,331,reel74__1,1680,N,False
4,152,bot15__5,1680,N,False
4,256,bot7__1,1680,N,False
4,256,bot22__0,1680,N,False
4,256,bot29__8,1680,N,False
4,256,reel57__1,1680,N,False
4,13,reel34__7,1680,N,False
4,13,bot42__2,1680,N,False
4,343,bot13__9,1680,N,False
4,111,bot13__9,1680,N,False
4,147,bot13__9,1680,N,False
4,343,bot15__2,1680,N,False
4,279,bot37__3,1680,N,False
4,279,bot37__7,1680,N,False
4,279,reel65__7,1680,N,False
4,279,bot71__3,1680,N,False
4,bot22__2,bot6__5,1680,N,False
4,89,reel59__2,1680,N,False
4,bot61__8,reel59__2,1680,N,False
4,89,bot70__6,1680,N,False
4,70,bot36__0,1680,N,False
4,70,reel55__7,1680,N,False
4,70,bot73__3,1680,N,False
4,284,reel8__6,1680,N,False
4,19,reel8__6,1680,N,False
4,284,reel34__0,1680,N,False
4,110,bot7__3,1680,N,False
4,132,bot7__3,1680,N,False
4,132,reel16__5,1680,N,False
4,132,reel38__5,1680,N,False
4,132,bot39__4,1680,N,False
4,132,bot51__9,1680,N,False
4,237,reel17__4,1680,N,False
4,249,reel17__4,1680,N,False
4,249,bot30__5,1680,N,False
4,249,reel52__2,1680,N,False
4,61,bot16__2,1680,N,False
4,307,bot16__2,1680,N,False
4,61,bot24__5,1680,N,False
4,61,bot41__7,1680,N,False
4,bot0__0,bot66__9,1680,N,False
4,61,bot66__9,1680,N,False
4,reel40__5,reel38__8,1680,N,False
4,66,bot80__7,1680,N,False
4,66,bot83__5,1680,N,False
4,196,reel3__5,1680,N,False
4,196,bot20__1,1680,N,False
4,196,bot36__8,1680,N,False
4,196,bot54__2,1680,N,False
4,71,bot11__2,1680,N,False
4,71,reel13__1,1680,N,False
4,71,reel18__6,1680,N,False
4,71,reel53__5,1680,N,False
4,71,bot72__3,1680,N,False
4,bot36__4,bot33__1,1680,N,False
4,bot36__4,bot45__3,1680,N,False
4,214,reel0__2,1680,N,False
4,214,bot3__8,1680,N,False
4,76,reel20__0,1680,N,False
4,214,reel20__0,1680,N,False
4,214,reel30__8,1680,N,False
4,275,reel57__4,1680,N,False
4,214,reel57__4,1680,N,False
4,214,reel78__2,1680,N,False
4,136,reel50__3,1680,N,False
4,325,reel5__7,1680,N,False
4,246,reel30__3,1680,N,False
4,reel25__7,reel30__3,1680,N,False
4,325,reel30__3,1680,N,False
4,54,bot41__5,1680,N,False
4,54,reel51__9,1680,N,False
4,54,reel54__8,1680,N,False
4,reel21__8,reel22__0,1680,N,False
4,reel21__8,bot49__4,1680,N,False
4,reel21__8,bot57__3,1680,N,False
4,108,bot0__9,1680,N,False
4,108,bot1__9,1680,N,False
4,108,bot43__6,1680,N,False
4,108,reel44__1,1680,N,False
4,108,reel71__3,1680,N,False
4,108,bot79__2,1680,N,False
4,bot32__8,reel0__6,1680,N,False
4,231,reel0__6,1680,N,False
4,bot32__8,bot48__7,1680,N,False
4,197,reel9__3,1680,N,False
4,197,bot18__0,1680,N,False
4,243,bot18__0,1680,N,False
4,197,reel74__9,1680,N,False
4,231,reel74__9,1680,N,False
4,227,reel24__0,1680,N,False
4,166,bot1__8,1680,N,False
4,243,bot1__8,1680,N,False
4,166,reel4__8,1680,N,False
4,166,reel61__2,1680,N,False
4,166,reel61__9,1680,N,False
4,166,bot63__4,1680,N,False
4,105,reel5__2,1680,N,False
4,147,reel5__2,1680,N,False
4,147,reel36__9,1680,N,False
4,147,reel68__0,1680,N,False
4,333,bot47__2,1680,N,False
4,202,bot5__1,1680,N,False
4,202,bot23__7,1680,N,False
4,202,reel61__6,1680,N,False
4,313,reel3__0,1680,N,False
4,299,reel3__0,1680,N,False
4,313,bot49__6,1680,N,False
4,313,bot84__4,1680,N,False
4,reel10__3,reel55__8,1680,N,False
4,180,reel64__8,1680,N,False
4,290,reel64__8,1680,N,False
4,290,reel83__9,1680,N,False
4,57,reel7__2,1680,N,False
4,275,reel7__2,1680,N,False
4,178,reel13__2,1680,N,False
4,57,reel13__2,1680,N,False
4,111,reel13__2,1680,N,False
4,57,reel35__0,1680,N,False
4,106,reel25__3,1680,N,False
4,106,reel76__0,1680,N,False
4,337,bot9__3,1680,N,False
4,337,bot14__5,1680,N,False
4,337,bot31__5,1680,N,False
4,337,reel76__6,1680,N,False
4,bot0__0,bot8__6,1680,N,False
4,178,bot7__5,1680,N,False
4,299,bot7__5,1680,N,False
4,299,reel11__3,1680,N,False
4,299,reel56__7,1680,N,False
4,299,bot66__3,1680,N,False
4,110,bot22__1,1680,N,False
4,104,bot22__1,1680,N,False
4,104,bot22__8,1680,N,False
4,104,reel49__5,1680,N,False
4,347,reel4__9,1680,N,False
4,347,reel9__0,1680,N,False
4,347,bot29__1,1680,N,False
4,347,bot53__7,1680,N,False
4,176,reel16__4,1680,N,False
4,176,reel47__1,1680,N,False
4,213,bot80__4,1680,N,False
4,216,reel20__4,1680,N,False
4,216,reel27__2,1680,N,False
4,216,bot30__1,1680,N,False
4,216,reel68__8,1680,N,False
4,180,reel11__5,1680,N,False
4,reel15__6,bot25__8,1680,N,False
4,reel15__6,bot34__9,1680,N,False
4,7,bot51__4,1680,N,False
4,7,bot80__9,1680,N,False
4,31,bot53__3,1680,N,False
4,275,bot7__7,1680,N,False
4,76,reel51__1,1680,N,False
4,275,reel51__1,1680,N,False
4,275,reel66__6,1680,N,False
4,275,reel73__4,1680,N,False
4,157,bot46__5,1680,N,False
4,105,bot46__5,1680,N,False
4,105,reel46__5,1680,N,False
4,219,reel33__8,1680,N,False
4,219,reel50__5,1680,N,False
4,156,bot51__8,1680,N,False
4,156,bot70__0,1680,N,False
4,bot30__4,bot51__6,1680,N,False
4,81,reel1__5,1680,N,False
4,285,reel1__5,1680,N,False
4,285,bot7__8,1680,N,False
4,285,reel25__4,1680,N,False
4,285,reel53__9,1680,N,False
4,285,reel75__8,1680,N,False
4,307,reel10__4,1680,N,False
4,307,bot36__7,1680,N,False
4,178,bot55__6,1680,N,False
4,111,reel11__7,1680,N,False
4,237,bot1__5,1680,N,False
4,237,bot9__0,1680,N,False
4,237,bot55__8,1680,N,False
4,237,reel59__6,1680,N,False
4,237,reel70__6,1680,N,False
4,95,bot9__1,1680,N,False
4,33,reel22__2,1680,N,False
4,231,reel22__2,1680,N,False
4,315,reel22__2,1680,N,False
4,231,bot28__2,1680,N,False
4,reel0__9,reel5__5,1680,N,False
4,reel46__2,bot54__0,1680,N,False
4,reel46__2,reel67__8,1680,N,False
4,315,bot23__3,1680,N,False
4,bot5__2,bot14__2,1680,N,False
4,bot82__8,bot44__2,1680,N,False
4,110,bot7__6,1680,N,False
4,110,reel51__3,1680,N,False
4,110,bot64__7,1680,N,False
4,84,bot19__3,1680,N,False
4,84,reel67__3,1680,N,False
4,116,bot5__3,1680,N,False
4,116,reel58__1,1680,N,False
4,116,bot74__5,1680,N,False
4,116,bot77__4,1680,N,False
4,81,bot32__4,1680,N,False
4,81,reel68__9,1680,N,False
4,33,reel19__2,1680,N,False
4,reel10__9,bot37__8,1680,N,False
4,reel10__9,reel52__0,1680,N,False
4,22,bot15__9,1680,N,False
4,321,reel14__0,1680,N,False
4,127,reel6__4,1680,N,False
4,269,bot42__6,1680,N,False
4,19,reel19__8,1680,N,False
4,reel25__6,reel19__8,1680,N,False
4,reel25__6,reel5__9,1680,N,False
4,bot25__5,bot80__3,1680,N,False
4,157,reel9__9,1680,N,False
4,157,reel28__1,1680,N,False
4,157,reel35__1,1680,N,False
4,157,reel72__0,1680,N,False
4,211,reel43__0,1680,N,False
4,211,reel52__6,1680,N,False
4,247,reel8__1,1680,N,False
4,247,bot23__4,1680,N,False
4,83,bot74__3,1680,N,False
4,19,reel4__3,1680,N,False
4,19,reel62__9,1680,N,False
4,19,bot63__9,1680,N,False
4,266,reel7__7,1680,N,False
4,266,bot20__5,1680,N,False
4,266,bot34__4,1680,N,False
4,266,bot48__4,1680,N,False
4,bot2__7,bot25__7,1680,N,False
4,bot2__7,bot59__1,1680,N,False
4,bot51__6,bot30__4,1682,N,False
4,135,bot43__2,1682,N,False
4,135,reel66__9,1682,N,False
4,bot41__6,reel6__7,1682,N,False
4,bot41__6,reel23__1,1682,N,False
4,reel46__3,reel7__4,1682,N,False
4,bot69__0,bot12__5,1682,N,False
4,bot33__3,bot12__5,1682,N,False
4,bot69__0,68,1682,N,False
4,bot13__5,68,1682,N,False
4,reel17__6,bot65__0,1682,N,False
4,73,bot65__0,1682,N,False
4,reel17__6,bot74__7,1682,N,False
4,bot56__4,reel34__9,1682,N,False
4,bot36__8,reel34__9,1682,N,False
4,bot36__8,bot83__4,1682,N,False
4,reel8__8,reel2__7,1682,N,False
4,reel8__8,216,1682,N,False
4,reel27__2,216,1682,N,False
4,reel8__8,reel80__0,1682,N,False
4,260,160,1682,N,False
4,bot14__2,bot5__2,1682,N,False
4,260,bot5__2,1682,N,False
4,260,reel15__6,1682,N,False
4,198,reel39__7,1682,N,False
4,reel14__5,reel39__7,1682,N,False
4,260,reel39__7,1682,N,False
4,288,bot3__9,1682,N,False
4,288,bot70__4,1682,N,False
4,288,reel70__3,1682,N,False
4,reel16__0,bot44__0,1682,N,False
4,reel16__0,reel47__2,1682,N,False
4,247,bot4__2,1682,N,False
4,309,bot4__2,1682,N,False
4,309,bot19__5,1682,N,False
4,309,bot22__7,1682,N,False
4,267,reel30__2,1682,N,False
4,267,bot40__1,1682,N,False
4,bot16__3,321,1682,N,False
4,bot0__5,321,1682,N,False
4,108,bot1__9,1682,N,False
4,bot0__5,bot1__9,1682,N,False
4,bot0__5,bot19__7,1682,N,False
4,reel3__5,reel12__0,1682,N,False
4,reel75__8,reel12__0,1682,N,False
4,reel17__5,bot19__0,1682,N,False
4,336,bot19__0,1682,N,False
4,bot9__7,27,1682,N,False
4,bot9__7,bot64__4,1682,N,False
4,127,reel57__3,1682,N,False
4,reel63__1,reel57__3,1682,N,False
4,reel63__1,reel69__4,1682,N,False
4,reel63__1,reel73__5,1682,N,False
4,bot2__1,bot6__5,1682,N,False
4,bot22__2,bot6__5,1682,N,False
4,294,bot47__6,1682,N,False
4,bot38__8,bot47__6,1682,N,False
4,reel80__9,reel45__1,1682,N,False
4,reel80__9,reel36__1,1682,N,False
4,reel1__5,bot13__3,1682,N,False
4,108,bot43__6,1682,N,False
4,reel1__5,bot43__6,1682,N,False
4,336,reel0__4,1682,N,False
4,reel20__2,reel0__4,1682,N,False
4,127,reel6__4,1682,N,False
4,reel4__9,reel6__4,1682,N,False
4,reel4__9,bot36__3,1682,N,False
4,reel4__9,reel56__6,1682,N,False
4,bot33__1,bot36__4,1682,N,False
4,198,reel30__9,1682,N,False
4,reel46__6,reel30__9,1682,N,False
4,5,316,1682,N,False
4,reel74__2,reel21__0,1682,N,False
4,102,reel21__0,1682,N,False
4,5,reel21__0,1682,N,False
4,5,reel62__4,1682,N,False
4,5,bot68__0,1682,N,False
4,bot11__1,bot9__3,1682,N,False
4,180,302,1682,N,False
4,reel28__5,302,1682,N,False
4,254,302,1682,N,False
4,242,302,1682,N,False
4,330,302,1682,N,False
4,53,302,1682,N,False
4,266,302,1682,N,False
4,330,bot3__7,1682,N,False
4,330,reel73__1,1682,N,False
4,reel6__3,reel73__1,1682,N,False
4,reel49__3,reel6__5,1682,N,False
4,reel49__3,bot77__7,1682,N,False
4,bot27__4,bot2__4,1682,N,False
4,bot57__3,bot2__4,1682,N,False
4,reel10__2,bot70__9,1682,N,False
4,bot57__3,bot70__9,1682,N,False
4,reel23__2,305,1682,N,False
4,bot0__3,305,1682,N,False
4,reel23__2,reel24__3,1682,N,False
4,reel23__2,bot44__5,1682,N,False
4,bot30__0,reel22__9,1682,N,False
4,reel56__8,reel22__9,1682,N,False
4,bot30__0,bot65__7,1682,N,False
4,bot83__0,reel36__8,1682,N,False
4,reel25__2,reel36__8,1682,N,False
4,reel13__8,reel43__8,1682,N,False
4,reel2__9,reel43__8,1682,N,False
4,reel13__8,bot50__0,1682,N,False
4,191,reel40__6,1682,N,False
4,191,bot52__4,1682,N,False
4,126,bot3__5,1682,N,False
4,153,bot3__5,1682,N,False
4,153,bot41__1,1682,N,False
4,153,bot71__6,1682,N,False
4,50,bot71__6,1682,N,False
4,266,reel7__7,1682,N,False
4,reel33__6,reel7__7,1682,N,False
4,reel42__1,reel7__7,1682,N,False
4,320,reel25__5,1682,N,False
4,reel42__1,reel25__5,1682,N,False
4,reel42__1,bot56__9,1682,N,False
4,229,bot4__0,1682,N,False
4,242,bot4__0,1682,N,False
4,reel20__6,bot62__0,1682,N,False
4,bot74__6,bot62__0,1682,N,False
4,bot16__3,bot69__9,1682,N,False
4,bot34__5,bot69__9,1682,N,False
4,bot79__3,49,1682,N,False
4,reel58__3,49,1682,N,False
4,bot54__2,reel26__1,1682,N,False
4,bot29__1,bot56__0,1682,N,False
4,reel69__5,93,1682,N,False
4,reel69__5,reel71__2,1682,N,False
4,88,reel75__5,1682,N,False
4,reel69__5,reel75__5,1682,N,False
4,reel69__5,bot84__8,1682,N,False
4,reel44__9,reel49__8,1682,N,False
4,bot43__3,reel7__2,1682,N,False
4,bot43__3,bot50__6,1682,N,False
4,bot53__7,reel48__0,1682,N,False
4,reel37__1,reel48__0,1682,N,False
4,bot53__7,bot66__7,1682,N,False
4,bot30__6,bot22__9,1682,N,False
4,reel14__5,reel21__1,1682,N,False
4,reel14__5,reel31__1,1682,N,False
4,22,reel31__1,1682,N,False
4,reel14__5,reel33__8,1682,N,False
4,reel20__8,bot27__5,1682,N,False
4,bot58__0,reel15__4,1682,N,False
4,229,bot41__3,1682,N,False
4,bot57__9,bot65__3,1682,N,False
4,254,bot60__5,1682,N,False
4,reel6__3,263,1682,N,False
4,102,263,1682,N,False
4,reel6__3,bot32__4,1682,N,False
4,reel1__4,reel69__1,1682,N,False
4,reel27__1,reel69__1,1682,N,False
4,reel18__8,reel55__9,1682,N,False
4,reel56__8,reel55__9,1682,N,False
4,bot28__2,bot70__7,1682,N,False
4,reel56__8,bot70__7,1682,N,False
4,reel56__8,reel81__9,1682,N,False
4,bot22__1,bot32__9,1682,N,False
4,bot22__1,bot38__5,1682,N,False
4,bot22__1,bot79__9,1682,N,False
4,reel22__0,reel24__7,1682,N,False
4,53,reel24__7,1682,N,False
4,53,reel32__1,1682,N,False
4,bot56__3,reel44__7,1682,N,False
4,53,reel44__7,1682,N,False
4,reel2__9,reel18__3,1682,N,False
4,reel2__9,reel32__4,1682,N,False
4,reel32__3,reel27__3,1682,N,False
4,reel32__3,bot33__7,1682,N,False
4,reel59__8,reel67__2,1682,N,False
4,reel32__3,reel67__2,1682,N,False
4,reel47__1,reel11__3,1682,N,False
4,bot16__5,reel11__3,1682,N,False
4,bot49__3,269,1682,N,False
4,bot49__3,reel37__7,1682,N,False
4,bot23__8,bot55__4,1682,N,False
4,266,reel28__2,1682,N,False
4,reel20__2,reel28__2,1682,N,False
4,266,bot34__4,1682,N,False
4,46,278,1682,N,False
4,46,143,1682,N,False
4,46,reel28__1,1682,N,False
4,46,bot37__2,1682,N,False
4,46,bot54__6,1682,N,False
4,307,bot0__4,1682,N,False
4,132,bot0__4,1682,N,False
4,132,bot7__3,1682,N,False
4,132,reel16__5,1682,N,False
4,132,reel38__5,1682,N,False
4,reel28__5,reel24__8,1682,N,False
4,reel28__5,reel44__6,1682,N,False
4,108,reel44__6,1682,N,False
4,88,reel75__7,1682,N,False
4,reel41__9,reel75__7,1682,N,False
4,reel9__4,reel42__7,1682,N,False
4,bot51__0,bot7__5,1682,N,False
4,bot51__0,bot74__8,1682,N,False
4,bot16__3,bot23__4,1682,N,False
4,247,bot23__4,1682,N,False
4,bot16__3,bot53__9,1682,N,False
4,bot17__9,bot3__3,1682,N,False
4,50,reel52__9,1682,N,False
4,reel9__2,reel52__9,1682,N,False
4,reel6__6,reel56__0,1682,N,False
4,reel36__7,reel56__0,1682,N,False
4,198,reel10__0,1682,N,False
4,reel6__9,reel10__0,1682,N,False
4,reel6__9,bot11__5,1682,N,False
4,reel6__9,bot24__8,1682,N,False
4,reel6__9,reel34__8,1682,N,False
4,bot34__3,bot56__6,1682,N,False
4,reel6__9,bot56__6,1682,N,False
4,reel6__9,bot67__4,1682,N,False
4,108,reel31__8,1682,N,False
4,reel16__4,reel65__7,1682,N,False
4,320,reel65__7,1682,N,False
4,reel32__9,bot41__2,1682,N,False
4,reel58__9,reel62__2,1682,N,False
4,reel9__2,reel62__2,1682,N,False
4,reel9__2,bot73__8,1682,N,False
4,reel9__2,bot75__7,1682,N,False
4,reel0__5,227,1682,N,False
4,102,227,1682,N,False
4,reel10__2,bot63__3,1682,N,False
4,reel32__2,147,1682,N,False
4,reel32__2,reel72__8,1682,N,False
4,reel54__6,reel22__8,1682,N,False
4,reel48__1,reel22__8,1682,N,False
4,reel48__1,reel51__5,1682,N,False
4,reel48__1,reel58__4,1682,N,False
4,reel0__5,reel48__6,1682,N,False
4,reel7__0,reel36__5,1682,N,False
4,reel61__9,reel54__5,1682,N,False
4,reel61__9,bot68__9,1682,N,False
4,bot45__6,bot18__2,1682,N,False
4,reel38__4,reel10__4,1682,N,False
4,307,reel10__4,1682,N,False
4,126,bot21__9,1682,N,False
4,126,bot23__5,1682,N,False
4,198,bot23__5,1682,N,False
4,reel20__5,bot23__1,1682,N,False
4,reel20__5,bot26__4,1682,N,False
4,bot23__0,bot26__4,1682,N,False
4,reel20__5,reel26__4,1682,N,False
4,bot28__2,reel26__4,1682,N,False
4,reel20__5,reel50__9,1682,N,False
4,180,bot24__7,1682,N,False
4,180,reel26__3,1682,N,False
4,180,reel64__8,1682,N,False
4,88,reel0__2,1682,N,False
4,88,bot7__9,1682,N,False
4,105,reel5__2,1682,N,False
4,105,reel24__1,1682,N,False
4,105,bot44__6,1682,N,False
4,105,bot47__4,1682,N,False
4,bot34__7,reel14__2,1682,N,False
4,bot34__7,bot62__8,1682,N,False
4,reel1__3,bot26__5,1682,N,False
4,reel1__3,bot54__0,1682,N,False
4,bot42__8,bot58__2,1682,N,False
4,bot42__8,bot69__4,1682,N,False
4,bot33__6,bot64__5,1682,N,False
4,reel27__2,reel33__0,1682,N,False
4,bot49__4,reel48__7,1682,N,False
4,reel27__2,reel48__7,1682,N,False
4,reel27__2,reel49__0,1682,N,False
4,reel27__2,reel56__5,1682,N,False
4,reel21__2,340,1682,N,False
4,reel21__2,20,1682,N,False
4,reel21__2,bot23__9,1682,N,False
4,reel21__2,bot47__8,1682,N,False
4,reel21__2,bot64__6,1682,N,False
4,bot53__3,bot64__6,1682,N,False
4,bot8__3,bot26__9,1682,N,False
4,bot27__4,reel25__1,1682,N,False
4,307,bot16__2,1682,N,False
4,307,bot36__7,1682,N,False
4,bot69__5,reel67__3,1682,N,False
4,reel3__5,bot8__4,1682,N,False
4,294,reel22__1,1682,N,False
4,bot25__1,reel22__1,1682,N,False
4,bot23__0,reel22__1,1682,N,False
4,reel54__6,47,1682,N,False
4,reel22__0,bot46__3,1682,N,False
4,reel22__0,bot47__0,1682,N,False
4,bot24__5,bot47__0,1682,N,False
4,bot23__0,bot57__7,1682,N,False
4,294,reel26__6,1682,N,False
4,120,bot40__7,1682,N,False
4,120,reel74__7,1682,N,False
4,reel38__6,bot62__1,1682,N,False
4,reel38__6,reel66__0,1682,N,False
4,198,reel40__9,1682,N,False
4,bot64__7,306,1682,N,False
4,320,bot10__1,1682,N,False
4,320,bot14__5,1682,N,False
4,reel9__0,bot25__7,1682,N,False
4,reel67__1,reel33__1,1682,N,False
4,reel67__1,reel81__4,1682,N,False
4,bot14__2,reel2__8,1682,N,False
4,217,bot12__4,1682,N,False
4,217,reel27__0,1682,N,False
4,217,reel65__1,1682,N,False
4,bot17__2,bot13__8,1682,N,False
4,22,bot59__3,1682,N,False
4,bot25__5,bot80__3,1682,N,False
4,bot32__7,reel14__6,1682,N,False
4,bot32__7,bot37__5,1682,N,False
4,reel2__4,44,1682,N,False
4,reel2__4,bot10__8,1682,N,False
4,reel2__4,bot42__4,1682,N,False
4,reel2__4,bot64__9,1682,N,False
4,247,reel8__1,1682,N,False
4,reel35__6,bot48__5,1682,N,False
4,reel35__6,bot81__1,1682,N,False
4,76,bot4__4,1682,N,False
4,83,bot74__3,1682,N,False
4,reel18__4,333,1682,N,False
4,reel1__4,reel2__1,1682,N,False
4,reel1__4,bot9__2,1682,N,False
4,reel20__2,reel36__4,1682,N,False
4,reel20__2,reel39__8,1682,N,False
4,reel20__2,reel43__2,1682,N,False
4,reel20__2,reel79__9,1682,N,False
4,reel52__3,reel59__8,1684,N,False
4,bot25__2,bot55__7,1684,N,False
4,reel16__4,244,1684,N,False
4,reel49__1,244,1684,N,False
4,reel49__1,bot64__8,1684,N,False
4,reel65__1,reel54__5,1684,N,False
4,bot41__6,reel23__1,1684,N,False
4,reel15__0,reel23__1,1684,N,False
4,reel48__4,reel42__5,1684,N,False
4,reel24__7,reel42__5,1684,N,False
4,reel12__4,245,1684,N,False
4,reel68__1,reel29__9,1684,N,False
4,reel12__4,reel29__9,1684,N,False
4,reel12__4,reel38__3,1684,N,False
4,reel12__4,bot46__6,1684,N,False
4,bot23__3,bot46__6,1684,N,False
4,bot9__0,bot15__8,1684,N,False
4,bot48__0,bot15__8,1684,N,False
4,reel50__8,227,1684,N,False
4,reel24__0,227,1684,N,False
4,reel24__0,reel64__2,1684,N,False
4,bot36__8,reel34__9,1684,N,False
4,reel70__3,reel20__0,1684,N,False
4,reel59__7,reel20__0,1684,N,False
4,reel59__7,bot65__8,1684,N,False
4,reel8__8,216,1684,N,False
4,reel27__2,216,1684,N,False
4,reel8__8,reel80__0,1684,N,False
4,reel28__1,reel80__0,1684,N,False
4,bot20__3,bot14__3,1684,N,False
4,reel43__6,reel13__4,1684,N,False
4,reel43__6,reel15__6,1684,N,False
4,reel43__6,reel47__2,1684,N,False
4,reel11__9,reel47__2,1684,N,False
4,reel23__7,bot38__0,1684,N,False
4,bot28__7,bot38__0,1684,N,False
4,reel23__7,bot45__9,1684,N,False
4,reel23__7,bot77__4,1684,N,False
4,bot9__8,bot76__1,1684,N,False
4,bot78__7,bot77__6,1684,N,False
4,bot23__3,bot77__6,1684,N,False
4,reel21__2,bot47__8,1684,N,False
4,reel39__4,bot47__8,1684,N,False
4,reel3__7,bot30__5,1684,N,False
4,249,bot30__5,1684,N,False
4,reel61__7,reel37__2,1684,N,False
4,bot57__8,reel37__2,1684,N,False
4,reel3__7,reel37__2,1684,N,False
4,bot47__5,reel37__2,1684,N,False
4,reel7__6,bot54__3,1684,N,False
4,reel3__7,bot54__3,1684,N,False
4,reel3__7,reel61__3,1684,N,False
4,129,bot6__7,1684,N,False
4,129,reel43__7,1684,N,False
4,reel6__3,reel43__7,1684,N,False
4,129,reel55__5,1684,N,False
4,305,reel55__5,1684,N,False
4,129,reel76__3,1684,N,False
4,129,reel83__1,1684,N,False
4,bot63__6,bot32__4,1684,N,False
4,reel6__3,bot32__4,1684,N,False
4,reel20__5,61,1684,N,False
4,bot24__5,61,1684,N,False
4,193,61,1684,N,False
4,reel11__2,reel35__9,1684,N,False
4,reel11__2,bot71__3,1684,N,False
4,reel24__8,reel28__5,1684,N,False
4,302,reel28__5,1684,N,False
4,bot30__8,reel28__5,1684,N,False
4,bot84__8,reel69__5,1684,N,False
4,reel71__2,reel69__5,1684,N,False
4,bot9__0,bot70__8,1684,N,False
4,reel44__7,reel42__9,1684,N,False
4,bot57__2,bot12__8,1684,N,False
4,reel6__3,bot12__8,1684,N,False
4,bot57__2,bot34__9,1684,N,False
4,reel22__4,reel14__0,1684,N,False
4,reel8__4,reel81__5,1684,N,False
4,reel22__4,reel81__5,1684,N,False
4,267,bot8__9,1684,N,False
4,bot27__4,bot8__9,1684,N,False
4,267,bot40__1,1684,N,False
4,267,bot76__8,1684,N,False
4,258,bot18__1,1684,N,False
4,258,bot24__8,1684,N,False
4,258,reel51__4,1684,N,False
4,reel50__8,reel71__1,1684,N,False
4,258,reel71__1,1684,N,False
4,reel24__7,reel71__1,1684,N,False
4,reel17__5,bot19__0,1684,N,False
4,reel12__1,reel31__8,1684,N,False
4,reel34__0,reel31__8,1684,N,False
4,reel62__8,137,1684,N,False
4,reel46__2,137,1684,N,False
4,167,137,1684,N,False
4,bot28__7,184,1684,N,False
4,159,184,1684,N,False
4,reel29__3,184,1684,N,False
4,284,184,1684,N,False
4,bot28__7,bot31__4,1684,N,False
4,bot50__1,bot68__9,1684,N,False
4,284,127,1684,N,False
4,159,127,1684,N,False
4,bot1__9,108,1684,N,False
4,284,108,1684,N,False
4,159,108,1684,N,False
4,159,reel1__7,1684,N,False
4,159,bot77__2,1684,N,False
4,reel45__1,reel80__9,1684,N,False
4,159,reel80__9,1684,N,False
4,reel34__8,reel50__3,1684,N,False
4,bot45__7,306,1684,N,False
4,reel52__9,306,1684,N,False
4,reel58__2,286,1684,N,False
4,reel58__2,296,1684,N,False
4,reel2__1,296,1684,N,False
4,reel3__4,reel78__5,1684,N,False
4,reel58__2,reel78__5,1684,N,False
4,bot67__2,bot16__2,1684,N,False
4,bot17__1,bot16__2,1684,N,False
4,bot26__0,bot16__2,1684,N,False
4,bot17__1,bot53__9,1684,N,False
4,bot84__1,bot53__9,1684,N,False
4,reel28__9,201,1684,N,False
4,bot70__4,201,1684,N,False
4,reel49__5,bot74__5,1684,N,False
4,bot80__4,reel24__9,1684,N,False
4,reel33__1,bot38__1,1684,N,False
4,bot6__6,bot38__1,1684,N,False
4,reel33__1,reel61__8,1684,N,False
4,330,bot3__7,1684,N,False
4,330,reel32__7,1684,N,False
4,reel25__7,reel32__7,1684,N,False
4,330,reel73__1,1684,N,False
4,reel6__3,reel73__1,1684,N,False
4,bot71__6,bot65__4,1684,N,False
4,189,bot65__4,1684,N,False
4,reel20__3,reel83__4,1684,N,False
4,189,reel83__4,1684,N,False
4,reel59__4,bot70__9,1684,N,False
4,bot57__3,bot70__9,1684,N,False
4,reel32__0,bot41__3,1684,N,False
4,180,187,1684,N,False
4,101,187,1684,N,False
4,254,187,1684,N,False
4,242,187,1684,N,False
4,302,187,1684,N,False
4,266,187,1684,N,False
4,249,187,1684,N,False
4,bot56__5,bot5__8,1684,N,False
4,bot56__5,reel25__1,1684,N,False
4,reel12__6,reel25__1,1684,N,False
4,bot27__4,reel25__1,1684,N,False
4,bot84__8,bot39__9,1684,N,False
4,bot83__0,247,1684,N,False
4,reel65__6,93,1684,N,False
4,bot3__2,93,1684,N,False
4,167,93,1684,N,False
4,167,bot0__1,1684,N,False
4,bot17__2,bot13__8,1684,N,False
4,167,bot13__8,1684,N,False
4,167,reel19__0,1684,N,False
4,reel14__1,bot29__4,1684,N,False
4,167,bot29__4,1684,N,False
4,bot59__4,reel58__4,1684,N,False
4,167,reel58__4,1684,N,False
4,191,bot6__4,1684,N,False
4,bot82__2,bot6__4,1684,N,False
4,191,bot52__4,1684,N,False
4,bot45__4,bot52__4,1684,N,False
4,reel43__1,reel27__4,1684,N,False
4,reel43__1,bot67__0,1684,N,False
4,reel74__1,reel19__1,1684,N,False
4,reel41__8,reel19__1,1684,N,False
4,reel38__2,312,1684,N,False
4,305,312,1684,N,False
4,reel6__5,312,1684,N,False
4,151,312,1684,N,False
4,bot10__4,312,1684,N,False
4,171,reel0__4,1684,N,False
4,151,reel0__4,1684,N,False
4,151,bot43__4,1684,N,False
4,242,bot4__0,1684,N,False
4,347,reel4__9,1684,N,False
4,242,reel4__9,1684,N,False
4,242,bot36__1,1684,N,False
4,reel26__8,reel43__9,1684,N,False
4,reel26__8,reel66__1,1684,N,False
4,reel30__8,reel57__3,1684,N,False
4,reel38__8,reel17__7,1684,N,False
4,42,reel17__7,1684,N,False
4,42,reel49__6,1684,N,False
4,reel14__2,reel49__6,1684,N,False
4,190,bot11__1,1684,N,False
4,bot54__2,reel26__1,1684,N,False
4,154,bot18__3,1684,N,False
4,bot26__0,bot39__5,1684,N,False
4,reel59__4,reel81__6,1684,N,False
4,bot49__0,bot10__1,1684,N,False
4,reel37__1,reel16__6,1684,N,False
4,reel37__1,reel48__0,1684,N,False
4,reel9__5,bot43__9,1684,N,False
4,reel9__5,reel49__9,1684,N,False
4,bot32__7,reel21__7,1684,N,False
4,254,reel21__7,1684,N,False
4,reel20__8,reel21__7,1684,N,False
4,bot12__5,bot27__5,1684,N,False
4,reel20__8,bot27__5,1684,N,False
4,254,reel5__8,1684,N,False
4,254,reel40__4,1684,N,False
4,reel6__3,bot34__3,1684,N,False
4,reel24__1,112,1684,N,False
4,305,reel23__2,1684,N,False
4,reel12__8,reel23__2,1684,N,False
4,305,reel55__8,1684,N,False
4,reel10__3,reel55__8,1684,N,False
4,bot71__6,153,1684,N,False
4,reel29__3,bot82__0,1684,N,False
4,reel30__3,bot79__3,1684,N,False
4,bot7__3,bot69__4,1684,N,False
4,bot7__3,bot83__5,1684,N,False
4,reel4__3,19,1684,N,False
4,reel15__0,19,1684,N,False
4,reel62__9,19,1684,N,False
4,reel4__3,bot22__6,1684,N,False
4,reel4__3,bot27__8,1684,N,False
4,reel4__3,reel73__6,1684,N,False
4,reel4__3,bot80__5,1684,N,False
4,reel21__2,bot44__7,1684,N,False
4,bot70__2,bot44__7,1684,N,False
4,bot70__2,reel2__0,1684,N,False
4,266,bot34__4,1684,N,False
4,reel11__9,293,1684,N,False
4,reel11__9,bot12__6,1684,N,False
4,reel11__9,bot21__1,1684,N,False
4,reel11__9,reel69__6,1684,N,False
4,reel0__6,reel69__6,1684,N,False
4,284,135,1684,N,False
4,284,309,1684,N,False
4,284,bot11__6,1684,N,False
4,249,reel52__2,1684,N,False
4,125,reel82__9,1684,N,False
4,reel53__4,reel32__5,1684,N,False
4,reel53__4,reel75__2,1684,N,False
4,88,reel75__7,1684,N,False
4,reel41__9,reel75__7,1684,N,False
4,reel50__8,reel72__0,1684,N,False
4,reel50__8,reel82__4,1684,N,False
4,reel38__8,reel40__5,1684,N,False
4,bot6__8,bot8__4,1684,N,False
4,reel3__5,bot8__4,1684,N,False
4,71,bot8__4,1684,N,False
4,bot6__8,bot58__9,1684,N,False
4,bot6__8,bot65__5,1684,N,False
4,reel9__4,bot32__2,1684,N,False
4,reel9__4,reel42__7,1684,N,False
4,45,bot13__6,1684,N,False
4,45,reel24__2,1684,N,False
4,71,bot6__0,1684,N,False
4,71,bot11__5,1684,N,False
4,reel2__1,bot11__5,1684,N,False
4,71,reel13__1,1684,N,False
4,71,reel18__6,1684,N,False
4,71,reel21__1,1684,N,False
4,71,bot72__3,1684,N,False
4,reel43__2,bot46__8,1684,N,False
4,reel8__4,reel17__1,1684,N,False
4,reel8__4,reel18__8,1684,N,False
4,reel20__5,bot23__1,1684,N,False
4,7,bot23__1,1684,N,False
4,reel8__4,bot23__1,1684,N,False
4,reel8__4,bot66__3,1684,N,False
4,reel34__0,reel70__8,1684,N,False
4,reel34__1,reel10__9,1684,N,False
4,reel34__1,reel5__4,1684,N,False
4,reel34__1,reel49__8,1684,N,False
4,bot17__9,bot3__3,1684,N,False
4,reel31__3,bot32__6,1684,N,False
4,reel12__6,reel44__3,1684,N,False
4,reel31__3,reel44__3,1684,N,False
4,bot70__4,bot75__0,1684,N,False
4,reel0__6,bot5__3,1684,N,False
4,reel0__6,reel67__9,1684,N,False
4,reel16__4,reel57__0,1684,N,False
4,reel16__4,reel65__7,1684,N,False
4,bot21__7,bot76__0,1684,N,False
4,reel41__8,reel26__7,1684,N,False
4,reel41__8,bot84__0,1684,N,False
4,bot33__0,bot16__1,1684,N,False
4,reel45__1,reel6__4,1684,N,False
4,reel22__1,reel6__4,1684,N,False
4,reel45__1,reel63__2,1684,N,False
4,reel7__6,reel27__5,1684,N,False
4,bot37__4,reel27__5,1684,N,False
4,bot37__4,bot61__6,1684,N,False
4,reel7__6,225,1684,N,False
4,reel46__9,reel39__7,1684,N,False
4,reel46__9,bot66__8,1684,N,False
4,reel10__3,bot47__7,1684,N,False
4,bot76__2,bot21__4,1684,N,False
4,reel68__1,reel11__3,1684,N,False
4,bot16__5,reel11__3,1684,N,False
4,reel17__8,bot22__2,1684,N,False
4,reel17__8,bot58__1,1684,N,False
4,bot3__2,bot67__8,1684,N,False
4,reel2__1,bot6__5,1684,N,False
4,reel2__1,bot29__2,1684,N,False
4,reel22__5,reel62__6,1684,N,False
4,reel2__1,reel62__6,1684,N,False
4,bot45__6,bot18__2,1684,N,False
4,reel5__2,bot25__4,1684,N,False
4,reel5__2,reel46__8,1684,N,False
4,reel22__1,294,1684,N,False
4,reel13__6,294,1684,N,False
4,reel70__9,reel72__2,1684,N,False
4,reel43__8,reel64__6,1684,N,False
4,bot62__8,253,1684,N,False
4,reel28__1,157,1684,N,False
4,reel28__1,bot38__9,1684,N,False
4,reel28__1,bot73__3,1684,N,False
4,reel28__8,44,1684,N,False
4,reel2__4,44,1684,N,False
4,bot12__1,bot39__2,1684,N,False
4,reel62__9,reel47__9,1684,N,False
4,reel15__9,bot68__1,1684,N,False
4,reel22__5,bot74__0,1684,N,False
4,126,bot3__5,1684,N,False
4,bot9__2,bot0__9,1684,N,False
4,180,bot24__7,1684,N,False
4,180,bot50__9,1684,N,False
4,reel20__5,reel25__3,1684,N,False
4,reel45__7,reel71__5,1684,N,False
4,bot15__1,bot26__7,1684,N,False
4,7,bot51__4,1684,N,False
4,88,336,1684,N,False
4,88,reel3__1,1684,N,False
4,reel44__8,reel3__1,1684,N,False
4,88,bot50__4,1684,N,False
4,88,reel69__3,1684,N,False
4,reel9__6,reel69__3,1684,N,False
4,bot28__9,bot72__7,1684,N,False
4,reel14__7,bot72__7,1684,N,False
4,reel15__0,bot17__0,1684,N,False
4,reel15__0,bot70__1,1684,N,False
4,bot12__4,bot8__6,1684,N,False
4,bot12__5,bot23__4,1684,N,False
4,bot12__5,bot33__3,1684,N,False
4,reel9__6,bot33__3,1684,N,False
4,bot12__5,bot69__0,1684,N,False
4,bot49__4,reel48__7,1684,N,False
4,reel27__2,reel48__7,1684,N,False
4,reel27__2,reel54__0,1684,N,False
4,reel2__4,reel54__0,1684,N,False
4,reel21__2,reel45__4,1684,N,False
4,bot82__5,reel45__4,1684,N,False
4,reel21__2,bot64__6,1684,N,False
4,bot53__3,bot64__6,1684,N,False
4,reel9__6,reel8__3,1684,N,False
4,156,reel8__3,1684,N,False
4,156,bot51__8,1684,N,False
4,156,bot70__0,1684,N,False
4,bot73__4,reel57__1,1684,N,False
4,reel6__7,reel5__9,1684,N,False
4,reel6__7,bot13__4,1684,N,False
4,bot45__2,bot55__6,1684,N,False
4,reel30__5,reel46__1,1684,N,False
4,reel69__1,reel60__7,1684,N,False
4,reel69__1,reel27__1,1684,N,False
4,reel24__8,bot81__9,1684,N,False
4,bot82__2,bot41__1,1684,N,False
4,bot82__2,bot83__3,1684,N,False
4,reel9__6,reel45__8,1684,N,False
4,reel9__6,bot57__6,1684,N,False
4,bot28__2,bot70__7,1684,N,False
4,bot12__7,bot30__2,1684,N,False
4,reel20__3,reel38__4,1684,N,False
4,reel3__4,bot4__7,1684,N,False
4,bot63__2,reel14__9,1684,N,False
4,reel14__1,reel42__6,1684,N,False
4,reel52__7,bot62__1,1684,N,False
4,reel38__6,bot62__1,1684,N,False
4,reel38__6,reel66__0,1684,N,False
4,bot5__1,202,1684,N,False
4,bot10__4,bot15__4,1684,N,False
4,bot24__5,bot15__7,1684,N,False
4,reel14__7,bot15__7,1684,N,False
4,reel14__7,reel33__5,1684,N,False
4,reel24__7,reel8__1,1684,N,False
4,reel24__7,reel27__8,1684,N,False
4,110,reel51__3,1684,N,False
4,reel22__1,70,1684,N,False
4,reel22__1,bot23__0,1684,N,False
4,reel22__1,reel35__1,1684,N,False
4,bot79__5,reel75__1,1684,N,False
4,bot17__2,bot37__7,1684,N,False
4,171,58,1684,N,False
4,171,reel39__9,1684,N,False
4,171,reel57__4,1684,N,False
4,171,reel78__1,1684,N,False
4,bot78__4,bot36__9,1684,N,False
4,reel12__8,bot63__5,1684,N,False
4,bot2__8,bot14__0,1684,N,False
4,bot2__8,bot80__2,1684,N,False
4,bot76__5,bot67__7,1684,N,False
4,130,bot74__6,1684,N,False
4,reel37__9,bot78__9,1684,N,False
4,reel37__9,reel82__0,1684,N,False
4,reel2__4,bot10__8,1684,N,False
4,reel2__4,bot42__4,1684,N,False
4,reel27__6,reel47__8,1684,N,False
4,reel27__6,bot76__6,1684,N,False
4,bot1__9,bot36__3,1684,N,False
4,reel26__5,bot56__0,1684,N,False
4,306,reel52__9,1685,N,False
4,50,reel52__9,1685,N,False
4,306,bot64__7,1685,N,False
4,bot3__3,bot17__9,1685,N,False
4,279,bot17__9,1685,N,False
4,3,bot17__9,1685,N,False
4,205,bot1__8,1685,N,False
4,166,bot1__8,1685,N,False
4,235,reel62__3,1685,N,False
4,205,reel62__3,1685,N,False
4,122,reel62__3,1685,N,False
4,205,reel82__8,1685,N,False
4,reel8__3,reel9__6,1685,N,False
4,188,reel9__6,1685,N,False
4,14,reel9__6,1685,N,False
4,reel8__3,reel28__3,1685,N,False
4,reel8__3,bot84__6,1685,N,False
4,153,bot4__5,1685,N,False
4,340,bot4__5,1685,N,False
4,340,bot21__3,1685,N,False
4,20,reel21__2,1685,N,False
4,340,reel21__2,1685,N,False
4,340,reel37__9,1685,N,False
4,reel50__0,reel37__9,1685,N,False
4,reel12__4,bot46__6,1685,N,False
4,47,reel31__3,1685,N,False
4,141,reel31__3,1685,N,False
4,14,reel39__2,1685,N,False
4,141,reel39__2,1685,N,False
4,141,reel48__4,1685,N,False
4,312,reel6__5,1685,N,False
4,316,reel6__5,1685,N,False
4,316,bot40__1,1685,N,False
4,267,bot40__1,1685,N,False
4,316,reel83__3,1685,N,False
4,78,bot8__8,1685,N,False
4,78,reel50__9,1685,N,False
4,reel16__3,reel26__2,1685,N,False
4,224,reel46__6,1685,N,False
4,reel16__3,reel46__6,1685,N,False
4,reel16__3,bot50__2,1685,N,False
4,237,bot50__2,1685,N,False
4,reel52__1,reel63__7,1685,N,False
4,reel16__3,reel63__7,1685,N,False
4,263,reel7__9,1685,N,False
4,bot17__2,reel7__9,1685,N,False
4,bot9__8,reel7__9,1685,N,False
4,bot50__9,bot0__0,1685,N,False
4,73,bot0__0,1685,N,False
4,93,reel69__5,1685,N,False
4,reel75__5,reel69__5,1685,N,False
4,bot78__7,bot77__6,1685,N,False
4,129,reel6__1,1685,N,False
4,129,reel49__1,1685,N,False
4,244,reel49__1,1685,N,False
4,129,reel52__3,1685,N,False
4,85,reel39__8,1685,N,False
4,85,reel45__3,1685,N,False
4,65,bot27__9,1685,N,False
4,122,bot22__2,1685,N,False
4,81,bot25__5,1685,N,False
4,122,bot25__5,1685,N,False
4,122,reel36__7,1685,N,False
4,122,bot42__1,1685,N,False
4,reel37__0,reel49__8,1685,N,False
4,reel42__2,reel70__1,1685,N,False
4,reel37__0,reel70__1,1685,N,False
4,39,bot14__6,1685,N,False
4,reel8__4,bot14__6,1685,N,False
4,346,bot14__6,1685,N,False
4,39,bot25__1,1685,N,False
4,39,reel48__1,1685,N,False
4,154,reel62__7,1685,N,False
4,60,reel62__7,1685,N,False
4,60,reel78__7,1685,N,False
4,60,bot82__7,1685,N,False
4,reel26__5,reel43__0,1685,N,False
4,47,bot55__2,1685,N,False
4,reel26__5,bot55__2,1685,N,False
4,326,bot10__2,1685,N,False
4,28,reel3__6,1685,N,False
4,reel66__0,reel3__6,1685,N,False
4,118,bot34__7,1685,N,False
4,267,bot34__7,1685,N,False
4,119,bot5__2,1685,N,False
4,119,bot17__1,1685,N,False
4,119,reel26__7,1685,N,False
4,258,reel5__3,1685,N,False
4,86,reel5__3,1685,N,False
4,258,bot18__1,1685,N,False
4,258,bot24__8,1685,N,False
4,258,reel41__3,1685,N,False
4,reel61__6,reel42__4,1685,N,False
4,187,reel42__4,1685,N,False
4,263,reel6__3,1685,N,False
4,bot12__8,reel6__3,1685,N,False
4,263,bot38__9,1685,N,False
4,263,bot43__0,1685,N,False
4,263,reel48__6,1685,N,False
4,263,bot69__6,1685,N,False
4,185,bot5__6,1685,N,False
4,185,reel23__0,1685,N,False
4,312,reel38__2,1685,N,False
4,185,reel38__2,1685,N,False
4,reel38__4,reel58__9,1685,N,False
4,185,reel58__9,1685,N,False
4,86,reel0__0,1685,N,False
4,86,bot4__1,1685,N,False
4,86,bot23__6,1685,N,False
4,279,reel24__8,1685,N,False
4,86,reel24__8,1685,N,False
4,44,reel15__6,1685,N,False
4,44,reel28__8,1685,N,False
4,22,reel28__8,1685,N,False
4,270,reel7__6,1685,N,False
4,270,bot19__9,1685,N,False
4,bot12__8,bot57__2,1685,N,False
4,bot12__8,bot65__6,1685,N,False
4,245,bot19__5,1685,N,False
4,245,reel25__6,1685,N,False
4,341,reel8__0,1685,N,False
4,reel10__2,reel22__0,1685,N,False
4,341,reel22__0,1685,N,False
4,341,bot42__2,1685,N,False
4,reel8__4,reel0__9,1685,N,False
4,75,reel0__9,1685,N,False
4,75,bot6__6,1685,N,False
4,bot15__7,reel14__7,1685,N,False
4,75,reel14__7,1685,N,False
4,16,reel45__7,1685,N,False
4,227,reel50__8,1685,N,False
4,16,reel50__8,1685,N,False
4,16,bot82__2,1685,N,False
4,189,bot2__8,1685,N,False
4,189,bot56__2,1685,N,False
4,189,reel83__4,1685,N,False
4,reel22__2,bot43__5,1685,N,False
4,reel22__2,bot76__9,1685,N,False
4,27,reel10__5,1685,N,False
4,27,bot29__3,1685,N,False
4,27,reel71__6,1685,N,False
4,181,bot0__1,1685,N,False
4,167,bot0__1,1685,N,False
4,181,bot4__0,1685,N,False
4,229,bot4__0,1685,N,False
4,242,bot4__0,1685,N,False
4,181,reel14__4,1685,N,False
4,bot21__2,reel14__4,1685,N,False
4,181,reel14__8,1685,N,False
4,181,reel73__0,1685,N,False
4,reel1__1,bot18__7,1685,N,False
4,254,bot18__7,1685,N,False
4,reel1__1,reel19__6,1685,N,False
4,reel13__8,reel17__5,1685,N,False
4,reel10__2,reel17__5,1685,N,False
4,50,reel17__6,1685,N,False
4,reel13__8,reel17__6,1685,N,False
4,118,reel17__6,1685,N,False
4,reel13__8,reel43__8,1685,N,False
4,reel13__8,bot50__0,1685,N,False
4,bot17__2,bot13__8,1685,N,False
4,167,bot13__8,1685,N,False
4,167,reel14__6,1685,N,False
4,167,bot58__8,1685,N,False
4,93,bot3__2,1685,N,False
4,93,reel73__9,1685,N,False
4,126,bot3__5,1685,N,False
4,153,bot3__5,1685,N,False
4,153,bot41__1,1685,N,False
4,188,bot2__0,1685,N,False
4,reel38__4,reel20__3,1685,N,False
4,188,reel20__3,1685,N,False
4,reel37__5,reel22__4,1685,N,False
4,188,reel22__4,1685,N,False
4,bot62__1,reel52__7,1685,N,False
4,188,reel52__7,1685,N,False
4,1,reel21__8,1685,N,False
4,118,reel21__8,1685,N,False
4,67,reel21__8,1685,N,False
4,118,reel46__3,1685,N,False
4,reel2__4,reel46__3,1685,N,False
4,118,reel47__4,1685,N,False
4,118,reel67__1,1685,N,False
4,242,reel4__9,1685,N,False
4,242,reel49__5,1685,N,False
4,104,reel49__5,1685,N,False
4,242,bot75__8,1685,N,False
4,49,bot79__3,1685,N,False
4,271,reel8__7,1685,N,False
4,342,reel8__7,1685,N,False
4,342,reel13__3,1685,N,False
4,154,bot18__3,1685,N,False
4,123,bot18__3,1685,N,False
4,154,reel34__8,1685,N,False
4,312,bot10__0,1685,N,False
4,279,bot10__0,1685,N,False
4,278,bot10__0,1685,N,False
4,278,bot24__4,1685,N,False
4,278,bot63__6,1685,N,False
4,28,bot33__3,1685,N,False
4,229,reel9__4,1685,N,False
4,136,reel9__4,1685,N,False
4,333,reel18__4,1685,N,False
4,229,reel18__4,1685,N,False
4,229,bot41__3,1685,N,False
4,254,reel21__7,1685,N,False
4,254,bot60__5,1685,N,False
4,142,bot36__4,1685,N,False
4,142,reel40__5,1685,N,False
4,50,reel1__8,1685,N,False
4,3,reel1__8,1685,N,False
4,276,reel7__0,1685,N,False
4,3,reel7__0,1685,N,False
4,108,bot10__6,1685,N,False
4,3,bot10__6,1685,N,False
4,3,reel12__8,1685,N,False
4,61,reel20__5,1685,N,False
4,3,reel20__5,1685,N,False
4,3,reel20__8,1685,N,False
4,33,reel25__8,1685,N,False
4,3,reel25__8,1685,N,False
4,3,reel68__7,1685,N,False
4,169,reel8__8,1685,N,False
4,216,reel8__8,1685,N,False
4,169,reel48__9,1685,N,False
4,138,bot78__5,1685,N,False
4,312,bot10__4,1685,N,False
4,bot7__9,bot10__4,1685,N,False
4,bot17__0,bot68__0,1685,N,False
4,312,bot3__4,1685,N,False
4,312,bot10__8,1685,N,False
4,reel2__4,bot10__8,1685,N,False
4,53,reel5__1,1685,N,False
4,53,reel44__7,1685,N,False
4,152,reel36__1,1685,N,False
4,reel29__3,bot82__0,1685,N,False
4,reel37__5,reel35__3,1685,N,False
4,276,reel12__1,1685,N,False
4,216,reel27__2,1685,N,False
4,276,reel27__2,1685,N,False
4,276,reel62__9,1685,N,False
4,19,reel62__9,1685,N,False
4,reel10__2,bot17__7,1685,N,False
4,279,bot17__7,1685,N,False
4,bot21__2,bot37__8,1685,N,False
4,reel16__1,reel83__6,1685,N,False
4,128,bot36__0,1685,N,False
4,70,bot36__0,1685,N,False
4,70,reel55__7,1685,N,False
4,reel37__8,reel9__2,1685,N,False
4,reel37__8,reel41__0,1685,N,False
4,reel37__8,reel65__5,1685,N,False
4,157,reel28__1,1685,N,False
4,46,reel28__1,1685,N,False
4,46,bot37__2,1685,N,False
4,237,reel17__4,1685,N,False
4,249,reel17__4,1685,N,False
4,249,reel52__2,1685,N,False
4,reel1__0,reel17__0,1685,N,False
4,23,reel3__5,1685,N,False
4,23,bot19__4,1685,N,False
4,23,reel64__2,1685,N,False
4,23,bot77__3,1685,N,False
4,61,bot24__5,1685,N,False
4,bot15__7,bot24__5,1685,N,False
4,61,bot66__9,1685,N,False
4,bot15__7,bot20__9,1685,N,False
4,bot62__1,bot32__4,1685,N,False
4,81,bot32__4,1685,N,False
4,bot15__7,bot32__4,1685,N,False
4,bot51__0,bot74__8,1685,N,False
4,45,reel2__3,1685,N,False
4,45,reel9__5,1685,N,False
4,45,reel24__2,1685,N,False
4,45,reel77__6,1685,N,False
4,103,reel18__8,1685,N,False
4,reel8__4,reel18__8,1685,N,False
4,reel8__4,bot23__1,1685,N,False
4,299,bot66__3,1685,N,False
4,reel8__4,bot66__3,1685,N,False
4,reel8__4,reel81__5,1685,N,False
4,14,bot40__3,1685,N,False
4,bot2__2,bot40__3,1685,N,False
4,bot2__2,bot53__1,1685,N,False
4,136,reel71__8,1685,N,False
4,247,bot23__4,1685,N,False
4,bot34__8,bot23__4,1685,N,False
4,bot34__8,bot73__6,1685,N,False
4,221,reel11__5,1685,N,False
4,221,reel47__5,1685,N,False
4,221,bot72__8,1685,N,False
4,325,reel30__3,1685,N,False
4,325,bot55__7,1685,N,False
4,21,bot5__3,1685,N,False
4,reel0__6,bot5__3,1685,N,False
4,reel0__6,reel69__6,1685,N,False
4,126,bot1__2,1685,N,False
4,bot0__7,bot1__2,1685,N,False
4,73,bot1__2,1685,N,False
4,108,bot1__9,1685,N,False
4,108,reel44__6,1685,N,False
4,108,bot79__2,1685,N,False
4,338,reel1__3,1685,N,False
4,338,bot15__8,1685,N,False
4,338,bot33__5,1685,N,False
4,338,reel81__8,1685,N,False
4,reel10__2,bot63__3,1685,N,False
4,reel10__2,bot70__9,1685,N,False
4,bot23__7,bot45__0,1685,N,False
4,227,bot11__4,1685,N,False
4,227,reel24__0,1685,N,False
4,227,reel61__1,1685,N,False
4,166,reel54__9,1685,N,False
4,166,bot63__4,1685,N,False
4,67,bot3__8,1685,N,False
4,105,reel23__7,1685,N,False
4,67,reel23__7,1685,N,False
4,67,reel46__7,1685,N,False
4,290,reel46__7,1685,N,False
4,67,bot84__9,1685,N,False
4,333,bot47__2,1685,N,False
4,228,reel25__4,1685,N,False
4,285,reel25__4,1685,N,False
4,313,reel3__0,1685,N,False
4,299,reel3__0,1685,N,False
4,313,bot49__6,1685,N,False
4,313,bot84__4,1685,N,False
4,290,bot44__5,1685,N,False
4,290,reel64__8,1685,N,False
4,bot0__7,bot51__9,1685,N,False
4,reel50__0,reel55__0,1685,N,False
4,33,reel19__2,1685,N,False
4,reel1__2,reel19__2,1685,N,False
4,244,reel69__0,1685,N,False
4,reel1__2,reel69__0,1685,N,False
4,204,reel0__3,1685,N,False
4,31,reel0__3,1685,N,False
4,204,bot6__0,1685,N,False
4,204,reel13__1,1685,N,False
4,47,reel29__5,1685,N,False
4,47,reel55__2,1685,N,False
4,235,bot9__3,1685,N,False
4,337,bot9__3,1685,N,False
4,123,reel13__4,1685,N,False
4,337,reel13__4,1685,N,False
4,bot30__4,reel13__4,1685,N,False
4,337,bot31__5,1685,N,False
4,337,reel76__6,1685,N,False
4,299,reel11__3,1685,N,False
4,299,bot13__3,1685,N,False
4,299,reel56__7,1685,N,False
4,104,bot12__1,1685,N,False
4,104,bot22__1,1685,N,False
4,104,reel29__7,1685,N,False
4,reel18__3,bot22__6,1685,N,False
4,reel18__3,bot77__7,1685,N,False
4,reel18__3,reel81__3,1685,N,False
4,126,bot21__8,1685,N,False
4,126,bot23__5,1685,N,False
4,126,reel29__6,1685,N,False
4,126,bot37__9,1685,N,False
4,31,bot1__4,1685,N,False
4,81,reel11__2,1685,N,False
4,31,reel11__2,1685,N,False
4,31,reel35__6,1685,N,False
4,14,reel35__6,1685,N,False
4,31,bot53__3,1685,N,False
4,275,bot7__7,1685,N,False
4,275,reel57__4,1685,N,False
4,275,reel73__4,1685,N,False
4,105,reel5__2,1685,N,False
4,105,bot44__6,1685,N,False
4,157,bot46__5,1685,N,False
4,105,bot46__5,1685,N,False
4,105,bot61__5,1685,N,False
4,reel55__4,reel6__8,1685,N,False
4,123,reel6__8,1685,N,False
4,reel4__2,bot7__1,1685,N,False
4,reel4__2,bot14__7,1685,N,False
4,34,bot26__9,1685,N,False
4,bot8__3,bot26__9,1685,N,False
4,bot30__4,bot51__6,1685,N,False
4,reel30__5,reel46__1,1685,N,False
4,81,reel1__5,1685,N,False
4,285,reel1__5,1685,N,False
4,285,bot7__8,1685,N,False
4,285,reel14__3,1685,N,False
4,285,bot61__9,1685,N,False
4,285,reel75__8,1685,N,False
4,285,bot81__7,1685,N,False
4,226,reel72__2,1685,N,False
4,111,reel78__1,1685,N,False
4,237,bot1__5,1685,N,False
4,123,reel22__7,1685,N,False
4,237,reel22__7,1685,N,False
4,237,bot55__8,1685,N,False
4,237,reel59__6,1685,N,False
4,237,reel70__6,1685,N,False
4,bot0__9,bot9__2,1685,N,False
4,reel1__4,bot9__2,1685,N,False
4,bot0__9,bot69__5,1685,N,False
4,10,bot26__1,1685,N,False
4,14,reel71__2,1685,N,False
4,148,bot33__0,1685,N,False
4,148,bot48__8,1685,N,False
4,reel55__1,bot59__3,1685,N,False
4,22,bot59__3,1685,N,False
4,298,reel17__3,1685,N,False
4,298,reel43__9,1685,N,False
4,235,bot76__0,1685,N,False
4,294,reel13__6,1685,N,False
4,294,reel29__8,1685,N,False
4,294,bot47__6,1685,N,False
4,120,bot40__7,1685,N,False
4,120,reel74__7,1685,N,False
4,81,bot74__4,1685,N,False
4,33,reel2__7,1685,N,False
4,33,reel6__6,1685,N,False
4,19,reel6__6,1685,N,False
4,33,reel32__8,1685,N,False
4,33,reel53__6,1685,N,False
4,33,reel77__0,1685,N,False
4,21,bot16__1,1685,N,False
4,21,reel78__9,1685,N,False
4,321,reel14__0,1685,N,False
4,269,bot42__6,1685,N,False
4,269,bot49__3,1685,N,False
4,bot43__4,bot10__5,1685,N,False
4,bot43__4,bot60__6,1685,N,False
4,157,reel35__1,1685,N,False
4,346,bot5__4,1685,N,False
4,346,bot51__3,1685,N,False
4,reel58__8,reel47__8,1685,N,False
4,247,bot4__2,1685,N,False
4,247,reel8__1,1685,N,False
4,247,bot83__0,1685,N,False
4,34,bot4__9,1685,N,False
4,34,reel24__3,1685,N,False
4,19,reel60__4,1685,N,False
4,reel1__4,reel28__4,1685,N,False
4,reel1__4,reel69__1,1685,N,False
4,310,reel2__6,1686,N,False
4,337,reel2__6,1686,N,False
4,190,reel2__6,1686,N,False
4,306,reel21__4,1686,N,False
4,306,reel29__9,1686,N,False
4,306,reel52__9,1686,N,False
4,306,bot64__7,1686,N,False
4,306,reel66__0,1686,N,False
4,293,bot2__6,1686,N,False
4,328,bot2__6,1686,N,False
4,270,bot19__9,1686,N,False
4,293,bot19__9,1686,N,False
4,293,bot43__8,1686,N,False
4,104,reel0__5,1686,N,False
4,141,reel0__5,1686,N,False
4,141,bot14__2,1686,N,False
4,341,bot21__7,1686,N,False
4,141,bot21__7,1686,N,False
4,141,reel31__3,1686,N,False
4,141,reel48__4,1686,N,False
4,53,reel32__1,1686,N,False
4,96,reel32__1,1686,N,False
4,283,bot0__0,1686,N,False
4,73,bot0__0,1686,N,False
4,283,reel5__0,1686,N,False
4,283,bot6__8,1686,N,False
4,283,reel51__5,1686,N,False
4,260,bot5__2,1686,N,False
4,44,reel15__6,1686,N,False
4,260,reel15__6,1686,N,False
4,224,bot17__5,1686,N,False
4,260,bot17__5,1686,N,False
4,78,bot8__8,1686,N,False
4,78,reel45__9,1686,N,False
4,78,reel50__9,1686,N,False
4,149,reel34__8,1686,N,False
4,154,reel34__8,1686,N,False
4,203,bot42__5,1686,N,False
4,149,bot42__5,1686,N,False
4,149,bot48__7,1686,N,False
4,149,bot59__3,1686,N,False
4,22,bot59__3,1686,N,False
4,149,reel62__5,1686,N,False
4,128,reel4__6,1686,N,False
4,212,reel4__6,1686,N,False
4,46,reel4__6,1686,N,False
4,212,reel63__5,1686,N,False
4,193,reel36__8,1686,N,False
4,129,reel6__1,1686,N,False
4,129,reel49__1,1686,N,False
4,129,reel76__3,1686,N,False
4,129,reel83__1,1686,N,False
4,243,reel83__1,1686,N,False
4,65,bot27__9,1686,N,False
4,65,reel62__0,1686,N,False
4,322,reel1__0,1686,N,False
4,241,reel1__0,1686,N,False
4,3,reel1__0,1686,N,False
4,322,reel12__4,1686,N,False
4,322,bot17__2,1686,N,False
4,bot37__7,bot17__2,1686,N,False
4,241,reel71__5,1686,N,False
4,247,bot4__2,1686,N,False
4,309,bot4__2,1686,N,False
4,162,bot4__2,1686,N,False
4,309,reel18__2,1686,N,False
4,309,bot22__7,1686,N,False
4,286,bot22__7,1686,N,False
4,309,reel48__5,1686,N,False
4,309,bot73__1,1686,N,False
4,bot10__6,bot65__5,1686,N,False
4,bot10__6,bot79__8,1686,N,False
4,39,bot8__3,1686,N,False
4,39,bot25__1,1686,N,False
4,39,reel48__1,1686,N,False
4,39,reel54__3,1686,N,False
4,46,reel54__3,1686,N,False
4,reel61__3,reel3__7,1686,N,False
4,166,reel3__7,1686,N,False
4,reel61__3,reel67__2,1686,N,False
4,268,reel27__7,1686,N,False
4,172,bot8__9,1686,N,False
4,267,bot8__9,1686,N,False
4,267,bot40__1,1686,N,False
4,258,bot18__1,1686,N,False
4,258,reel41__3,1686,N,False
4,258,reel71__1,1686,N,False
4,263,reel6__3,1686,N,False
4,263,reel7__9,1686,N,False
4,263,bot38__9,1686,N,False
4,305,bot0__3,1686,N,False
4,176,bot0__3,1686,N,False
4,159,bot0__3,1686,N,False
4,159,bot9__4,1686,N,False
4,159,reel9__2,1686,N,False
4,159,reel20__2,1686,N,False
4,159,reel80__9,1686,N,False
4,246,reel13__0,1686,N,False
4,223,reel13__0,1686,N,False
4,302,reel19__5,1686,N,False
4,223,reel19__5,1686,N,False
4,223,bot84__2,1686,N,False
4,185,bot5__6,1686,N,False
4,203,reel23__0,1686,N,False
4,185,reel23__0,1686,N,False
4,185,reel58__9,1686,N,False
4,86,reel24__8,1686,N,False
4,86,reel30__1,1686,N,False
4,44,reel2__4,1686,N,False
4,44,bot3__7,1686,N,False
4,330,bot3__7,1686,N,False
4,24,bot3__7,1686,N,False
4,44,bot4__4,1686,N,False
4,76,bot4__4,1686,N,False
4,186,bot4__4,1686,N,False
4,44,bot42__0,1686,N,False
4,44,bot56__0,1686,N,False
4,186,reel6__7,1686,N,False
4,270,reel6__7,1686,N,False
4,bot36__5,bot58__7,1686,N,False
4,29,bot51__0,1686,N,False
4,341,reel8__0,1686,N,False
4,341,reel22__0,1686,N,False
4,13,bot42__2,1686,N,False
4,341,bot42__2,1686,N,False
4,162,bot48__2,1686,N,False
4,341,bot48__2,1686,N,False
4,341,reel59__4,1686,N,False
4,90,reel18__3,1686,N,False
4,16,reel18__3,1686,N,False
4,16,reel45__7,1686,N,False
4,75,bot6__6,1686,N,False
4,75,reel14__7,1686,N,False
4,75,reel28__9,1686,N,False
4,189,reel30__5,1686,N,False
4,213,reel30__5,1686,N,False
4,189,bot56__2,1686,N,False
4,321,bot0__5,1686,N,False
4,123,bot0__5,1686,N,False
4,232,bot0__5,1686,N,False
4,30,reel26__5,1686,N,False
4,232,reel26__5,1686,N,False
4,232,bot81__0,1686,N,False
4,330,reel73__1,1686,N,False
4,38,bot18__6,1686,N,False
4,203,bot28__3,1686,N,False
4,203,reel60__0,1686,N,False
4,257,reel28__5,1686,N,False
4,302,reel28__5,1686,N,False
4,302,reel30__0,1686,N,False
4,308,reel15__3,1686,N,False
4,308,reel30__8,1686,N,False
4,308,reel64__5,1686,N,False
4,188,bot2__0,1686,N,False
4,188,bot7__0,1686,N,False
4,188,reel9__6,1686,N,False
4,14,reel9__6,1686,N,False
4,188,reel17__9,1686,N,False
4,342,reel17__9,1686,N,False
4,41,reel20__3,1686,N,False
4,188,reel20__3,1686,N,False
4,reel14__0,reel22__4,1686,N,False
4,188,reel22__4,1686,N,False
4,184,reel29__3,1686,N,False
4,188,reel29__3,1686,N,False
4,188,reel52__7,1686,N,False
4,146,reel71__0,1686,N,False
4,257,reel25__7,1686,N,False
4,1,reel25__7,1686,N,False
4,1,bot26__2,1686,N,False
4,1,reel46__2,1686,N,False
4,1,bot52__7,1686,N,False
4,118,reel17__6,1686,N,False
4,118,reel46__3,1686,N,False
4,118,reel67__1,1686,N,False
4,229,bot4__0,1686,N,False
4,242,bot4__0,1686,N,False
4,347,reel4__9,1686,N,False
4,242,reel4__9,1686,N,False
4,49,reel76__4,1686,N,False
4,286,reel76__4,1686,N,False
4,49,bot79__3,1686,N,False
4,151,reel0__4,1686,N,False
4,151,bot43__4,1686,N,False
4,33,reel2__7,1686,N,False
4,190,reel2__7,1686,N,False
4,257,bot11__1,1686,N,False
4,190,bot11__1,1686,N,False
4,113,reel13__3,1686,N,False
4,342,reel13__3,1686,N,False
4,154,bot18__3,1686,N,False
4,123,bot18__3,1686,N,False
4,312,bot10__0,1686,N,False
4,278,bot10__0,1686,N,False
4,71,bot24__4,1686,N,False
4,278,bot24__4,1686,N,False
4,337,reel24__9,1686,N,False
4,278,reel24__9,1686,N,False
4,278,bot63__6,1686,N,False
4,278,bot78__6,1686,N,False
4,28,reel3__6,1686,N,False
4,172,reel3__6,1686,N,False
4,28,bot33__3,1686,N,False
4,97,bot3__6,1686,N,False
4,97,reel14__8,1686,N,False
4,305,reel23__2,1686,N,False
4,97,reel23__2,1686,N,False
4,229,reel9__4,1686,N,False
4,136,reel9__4,1686,N,False
4,26,bot16__8,1686,N,False
4,bot6__7,bot16__8,1686,N,False
4,46,bot47__3,1686,N,False
4,bot6__7,bot47__3,1686,N,False
4,140,bot47__3,1686,N,False
4,3,reel7__0,1686,N,False
4,3,reel12__8,1686,N,False
4,3,bot17__9,1686,N,False
4,3,reel68__7,1686,N,False
4,312,bot9__5,1686,N,False
4,184,bot9__5,1686,N,False
4,273,bot60__2,1686,N,False
4,138,reel51__6,1686,N,False
4,103,reel18__8,1686,N,False
4,reel55__9,reel18__8,1686,N,False
4,reel55__9,reel79__7,1686,N,False
4,312,bot3__4,1686,N,False
4,312,reel6__5,1686,N,False
4,312,bot10__8,1686,N,False
4,187,reel40__1,1686,N,False
4,207,reel40__1,1686,N,False
4,53,reel5__1,1686,N,False
4,53,reel44__7,1686,N,False
4,225,reel55__1,1686,N,False
4,305,reel55__8,1686,N,False
4,285,reel14__3,1686,N,False
4,256,reel14__3,1686,N,False
4,256,bot22__0,1686,N,False
4,256,bot29__8,1686,N,False
4,256,reel49__9,1686,N,False
4,256,reel57__1,1686,N,False
4,13,bot5__7,1686,N,False
4,13,reel13__4,1686,N,False
4,123,reel13__4,1686,N,False
4,337,reel13__4,1686,N,False
4,bot30__4,reel13__4,1686,N,False
4,13,reel24__2,1686,N,False
4,45,reel24__2,1686,N,False
4,328,bot1__5,1686,N,False
4,328,bot6__0,1686,N,False
4,71,bot6__0,1686,N,False
4,reel35__3,reel27__9,1686,N,False
4,328,reel27__9,1686,N,False
4,328,reel48__0,1686,N,False
4,294,reel22__1,1686,N,False
4,reel35__1,reel22__1,1686,N,False
4,70,reel22__1,1686,N,False
4,128,bot36__0,1686,N,False
4,70,bot36__0,1686,N,False
4,70,reel55__7,1686,N,False
4,70,bot80__2,1686,N,False
4,46,reel28__1,1686,N,False
4,46,bot37__2,1686,N,False
4,46,bot54__6,1686,N,False
4,113,bot7__8,1686,N,False
4,285,bot7__8,1686,N,False
4,113,reel19__4,1686,N,False
4,113,reel36__7,1686,N,False
4,61,bot24__5,1686,N,False
4,61,reel33__3,1686,N,False
4,172,bot11__6,1686,N,False
4,172,reel82__8,1686,N,False
4,reel14__0,bot35__0,1686,N,False
4,reel14__0,reel36__4,1686,N,False
4,reel14__0,reel77__7,1686,N,False
4,71,bot8__4,1686,N,False
4,reel36__9,reel18__6,1686,N,False
4,71,reel18__6,1686,N,False
4,71,reel53__5,1686,N,False
4,71,bot72__3,1686,N,False
4,45,bot2__9,1686,N,False
4,45,bot71__5,1686,N,False
4,reel39__7,reel77__6,1686,N,False
4,45,reel77__6,1686,N,False
4,186,bot63__2,1686,N,False
4,136,reel50__3,1686,N,False
4,reel36__9,reel79__2,1686,N,False
4,221,reel47__5,1686,N,False
4,246,reel30__3,1686,N,False
4,325,reel30__3,1686,N,False
4,128,reel8__9,1686,N,False
4,128,reel38__7,1686,N,False
4,73,bot1__2,1686,N,False
4,73,bot1__7,1686,N,False
4,234,bot70__3,1686,N,False
4,166,reel4__8,1686,N,False
4,bot8__7,bot20__8,1686,N,False
4,166,bot20__8,1686,N,False
4,166,bot63__4,1686,N,False
4,333,bot47__2,1686,N,False
4,reel39__7,bot47__2,1686,N,False
4,290,bot44__5,1686,N,False
4,290,reel57__8,1686,N,False
4,290,bot81__2,1686,N,False
4,290,reel83__9,1686,N,False
4,reel32__2,reel72__8,1686,N,False
4,17,bot7__3,1686,N,False
4,17,bot57__9,1686,N,False
4,26,bot0__2,1686,N,False
4,30,bot0__2,1686,N,False
4,103,reel5__9,1686,N,False
4,30,reel5__9,1686,N,False
4,30,reel10__2,1686,N,False
4,170,bot6__3,1686,N,False
4,170,bot45__5,1686,N,False
4,170,reel55__6,1686,N,False
4,bot8__7,bot14__8,1686,N,False
4,235,bot9__3,1686,N,False
4,337,bot9__3,1686,N,False
4,337,bot14__5,1686,N,False
4,337,bot31__5,1686,N,False
4,reel5__2,bot25__4,1686,N,False
4,104,bot22__1,1686,N,False
4,reel68__0,reel62__1,1686,N,False
4,347,reel9__0,1686,N,False
4,347,bot29__1,1686,N,False
4,176,reel16__4,1686,N,False
4,213,bot8__2,1686,N,False
4,213,bot34__8,1686,N,False
4,213,bot54__7,1686,N,False
4,213,bot80__4,1686,N,False
4,294,reel13__6,1686,N,False
4,62,reel13__6,1686,N,False
4,62,reel17__8,1686,N,False
4,62,reel41__8,1686,N,False
4,62,bot61__9,1686,N,False
4,285,bot61__9,1686,N,False
4,24,reel27__4,1686,N,False
4,88,bot48__3,1686,N,False
4,88,reel75__5,1686,N,False
4,88,reel75__7,1686,N,False
4,31,bot1__4,1686,N,False
4,31,reel11__2,1686,N,False
4,31,reel35__6,1686,N,False
4,14,reel35__6,1686,N,False
4,275,bot7__7,1686,N,False
4,275,bot25__6,1686,N,False
4,76,reel51__1,1686,N,False
4,275,reel51__1,1686,N,False
4,275,reel66__6,1686,N,False
4,275,reel73__4,1686,N,False
4,105,reel23__7,1686,N,False
4,105,bot44__6,1686,N,False
4,105,reel46__5,1686,N,False
4,105,bot47__4,1686,N,False
4,162,reel35__5,1686,N,False
4,reel21__2,bot23__9,1686,N,False
4,reel21__2,reel45__4,1686,N,False
4,reel21__2,bot47__8,1686,N,False
4,reel35__3,reel64__1,1686,N,False
4,160,reel26__4,1686,N,False
4,160,reel62__4,1686,N,False
4,reel39__7,reel72__6,1686,N,False
4,285,reel1__5,1686,N,False
4,285,reel25__4,1686,N,False
4,285,reel53__9,1686,N,False
4,285,reel75__8,1686,N,False
4,bot64__2,bot52__8,1686,N,False
4,286,reel46__4,1686,N,False
4,123,reel6__8,1686,N,False
4,123,reel16__7,1686,N,False
4,bot68__5,bot58__9,1686,N,False
4,bot68__5,reel16__3,1686,N,False
4,14,reel16__3,1686,N,False
4,14,bot14__0,1686,N,False
4,14,bot40__3,1686,N,False
4,14,reel71__2,1686,N,False
4,10,bot7__5,1686,N,False
4,bot37__7,bot38__7,1686,N,False
4,224,bot16__6,1686,N,False
4,224,reel41__9,1686,N,False
4,235,reel10__3,1686,N,False
4,235,reel62__3,1686,N,False
4,294,reel9__9,1686,N,False
4,120,bot40__7,1686,N,False
4,120,reel74__7,1686,N,False
4,33,reel22__2,1686,N,False
4,315,reel22__2,1686,N,False
4,315,reel80__4,1686,N,False
4,217,reel3__0,1686,N,False
4,217,bot12__4,1686,N,False
4,217,reel27__0,1686,N,False
4,217,reel65__1,1686,N,False
4,140,reel15__7,1686,N,False
4,140,reel56__9,1686,N,False
4,116,bot5__3,1686,N,False
4,116,reel35__2,1686,N,False
4,116,bot40__2,1686,N,False
4,116,bot74__5,1686,N,False
4,116,bot77__4,1686,N,False
4,33,reel32__8,1686,N,False
4,207,bot11__4,1686,N,False
4,reel35__1,bot47__9,1686,N,False
4,247,bot23__4,1686,N,False
4,247,reel38__0,1686,N,False
4,90,bot25__2,1686,N,False
4,90,reel26__1,1686,N,False
4,90,bot41__2,1686,N,False
4,90,bot64__4,1686,N,False
4,bot15__2,bot50__7,1686,N,False
4,bot15__2,bot80__6,1686,N,False
4,76,bot14__1,1686,N,False
4,76,reel20__0,1686,N,False
4,34,bot4__9,1686,N,False
4,34,bot26__9,1686,N,False
4,19,reel15__0,1686,N,False
4,19,reel62__9,1686,N,False
4,168,bot36__7,1686,N,False
4,168,reel39__3,1686,N,False
4,266,bot20__5,1686,N,False
4,266,reel28__2,1686,N,False
4,266,bot34__4,1686,N,False
4,bot2__7,bot13__8,1686,N,False
4,bot2__7,bot25__7,1686,N,False
4,bot2__7,bot44__9,1686,N,False
4,306,reel21__4,1687,N,False
4,306,reel27__8,1687,N,False
4,306,reel29__9,1687,N,False
4,306,reel52__9,1687,N,False
4,50,reel52__9,1687,N,False
4,306,bot64__7,1687,N,False
4,110,bot64__7,1687,N,False
4,306,reel66__0,1687,N,False
4,bot3__3,reel0__8,1687,N,False
4,108,reel0__8,1687,N,False
4,135,reel0__8,1687,N,False
4,205,bot11__0,1687,N,False
4,205,reel82__8,1687,N,False
4,172,reel82__8,1687,N,False
4,135,reel66__9,1687,N,False
4,307,reel70__8,1687,N,False
4,135,reel70__8,1687,N,False
4,reel8__3,reel9__6,1687,N,False
4,188,reel9__6,1687,N,False
4,14,reel9__6,1687,N,False
4,reel8__3,reel28__3,1687,N,False
4,reel8__3,bot84__6,1687,N,False
4,153,bot4__5,1687,N,False
4,340,bot4__5,1687,N,False
4,340,bot21__3,1687,N,False
4,89,bot21__3,1687,N,False
4,340,reel21__2,1687,N,False
4,340,reel37__9,1687,N,False
4,3,reel68__7,1687,N,False
4,reel5__3,reel68__7,1687,N,False
4,260,bot5__2,1687,N,False
4,260,reel39__7,1687,N,False
4,78,bot8__8,1687,N,False
4,129,reel6__1,1687,N,False
4,91,reel6__1,1687,N,False
4,129,reel49__1,1687,N,False
4,129,reel52__3,1687,N,False
4,62,reel52__3,1687,N,False
4,129,reel76__3,1687,N,False
4,85,reel39__8,1687,N,False
4,85,reel56__5,1687,N,False
4,85,bot59__4,1687,N,False
4,54,bot2__4,1687,N,False
4,48,bot2__4,1687,N,False
4,48,bot79__5,1687,N,False
4,40,bot23__0,1687,N,False
4,40,reel33__6,1687,N,False
4,65,bot27__9,1687,N,False
4,bot13__9,bot16__1,1687,N,False
4,264,bot8__3,1687,N,False
4,39,bot8__3,1687,N,False
4,39,bot25__1,1687,N,False
4,39,reel48__1,1687,N,False
4,84,reel48__1,1687,N,False
4,39,reel54__3,1687,N,False
4,46,reel54__3,1687,N,False
4,bot13__5,bot33__8,1687,N,False
4,bot13__5,bot84__4,1687,N,False
4,313,bot84__4,1687,N,False
4,bot53__3,bot1__1,1687,N,False
4,270,bot1__1,1687,N,False
4,268,bot1__1,1687,N,False
4,268,reel27__7,1687,N,False
4,268,reel63__7,1687,N,False
4,118,bot34__7,1687,N,False
4,267,bot34__7,1687,N,False
4,267,bot40__1,1687,N,False
4,267,bot73__2,1687,N,False
4,267,bot76__8,1687,N,False
4,261,bot7__7,1687,N,False
4,275,bot7__7,1687,N,False
4,261,reel32__6,1687,N,False
4,262,reel32__6,1687,N,False
4,223,reel19__5,1687,N,False
4,223,bot84__2,1687,N,False
4,185,bot5__6,1687,N,False
4,185,reel23__6,1687,N,False
4,44,reel2__4,1687,N,False
4,331,reel2__4,1687,N,False
4,44,bot3__7,1687,N,False
4,44,bot4__4,1687,N,False
4,76,bot4__4,1687,N,False
4,44,reel28__8,1687,N,False
4,22,reel28__8,1687,N,False
4,44,bot42__0,1687,N,False
4,bot58__4,bot42__0,1687,N,False
4,262,bot42__0,1687,N,False
4,44,bot56__0,1687,N,False
4,270,bot19__9,1687,N,False
4,270,reel72__5,1687,N,False
4,240,reel38__8,1687,N,False
4,272,reel8__0,1687,N,False
4,341,reel8__0,1687,N,False
4,341,bot21__7,1687,N,False
4,13,bot42__2,1687,N,False
4,341,bot42__2,1687,N,False
4,341,bot76__2,1687,N,False
4,75,reel14__7,1687,N,False
4,110,reel31__0,1687,N,False
4,75,reel31__0,1687,N,False
4,16,reel18__3,1687,N,False
4,16,reel34__6,1687,N,False
4,16,reel45__7,1687,N,False
4,16,bot82__2,1687,N,False
4,321,bot0__5,1687,N,False
4,232,bot0__5,1687,N,False
4,232,reel26__5,1687,N,False
4,reel16__7,reel38__6,1687,N,False
4,307,reel38__6,1687,N,False
4,232,reel38__6,1687,N,False
4,232,bot43__0,1687,N,False
4,190,bot53__5,1687,N,False
4,232,bot53__5,1687,N,False
4,27,reel10__5,1687,N,False
4,27,bot29__3,1687,N,False
4,27,reel38__3,1687,N,False
4,181,bot0__1,1687,N,False
4,208,bot0__1,1687,N,False
4,167,bot0__1,1687,N,False
4,181,bot0__6,1687,N,False
4,171,bot0__6,1687,N,False
4,181,reel14__4,1687,N,False
4,reel35__1,reel14__4,1687,N,False
4,181,reel14__8,1687,N,False
4,308,reel15__2,1687,N,False
4,308,reel64__5,1687,N,False
4,300,reel81__0,1687,N,False
4,308,reel81__0,1687,N,False
4,bot17__2,bot13__8,1687,N,False
4,bot2__7,bot13__8,1687,N,False
4,167,bot13__8,1687,N,False
4,167,reel14__6,1687,N,False
4,167,bot58__8,1687,N,False
4,331,bot3__2,1687,N,False
4,93,bot3__2,1687,N,False
4,93,reel65__6,1687,N,False
4,93,reel73__9,1687,N,False
4,108,bot0__9,1687,N,False
4,153,bot0__9,1687,N,False
4,172,bot0__9,1687,N,False
4,126,bot3__5,1687,N,False
4,153,bot3__5,1687,N,False
4,153,bot41__1,1687,N,False
4,187,bot10__3,1687,N,False
4,2,bot10__3,1687,N,False
4,188,bot10__3,1687,N,False
4,188,reel17__9,1687,N,False
4,188,reel22__4,1687,N,False
4,184,reel29__3,1687,N,False
4,188,reel29__3,1687,N,False
4,188,reel52__7,1687,N,False
4,257,reel25__7,1687,N,False
4,1,reel25__7,1687,N,False
4,1,bot26__2,1687,N,False
4,1,reel46__2,1687,N,False
4,1,bot52__7,1687,N,False
4,50,reel17__6,1687,N,False
4,118,reel17__6,1687,N,False
4,118,reel46__3,1687,N,False
4,242,bot36__1,1687,N,False
4,242,reel49__5,1687,N,False
4,104,reel49__5,1687,N,False
4,57,bot79__3,1687,N,False
4,49,bot79__3,1687,N,False
4,reel30__8,reel57__3,1687,N,False
4,257,bot11__1,1687,N,False
4,190,bot11__1,1687,N,False
4,190,bot35__6,1687,N,False
4,reel44__9,reel49__8,1687,N,False
4,169,bot76__3,1687,N,False
4,reel44__9,bot76__3,1687,N,False
4,reel15__5,bot28__9,1687,N,False
4,220,bot76__4,1687,N,False
4,bot52__9,reel40__9,1687,N,False
4,278,bot24__4,1687,N,False
4,278,bot34__2,1687,N,False
4,254,bot18__7,1687,N,False
4,254,reel21__7,1687,N,False
4,254,bot60__5,1687,N,False
4,79,reel41__0,1687,N,False
4,79,bot47__1,1687,N,False
4,183,reel19__3,1687,N,False
4,307,reel19__3,1687,N,False
4,183,bot36__9,1687,N,False
4,3,reel1__0,1687,N,False
4,50,reel1__8,1687,N,False
4,3,reel1__8,1687,N,False
4,108,bot10__6,1687,N,False
4,3,bot10__6,1687,N,False
4,3,reel12__8,1687,N,False
4,3,reel20__5,1687,N,False
4,3,reel20__8,1687,N,False
4,3,reel49__3,1687,N,False
4,169,reel8__8,1687,N,False
4,216,reel8__8,1687,N,False
4,169,reel48__9,1687,N,False
4,169,reel68__2,1687,N,False
4,312,bot9__5,1687,N,False
4,184,bot9__5,1687,N,False
4,208,bot9__5,1687,N,False
4,bot8__9,bot29__1,1687,N,False
4,347,bot29__1,1687,N,False
4,bot8__9,bot30__6,1687,N,False
4,312,reel6__5,1687,N,False
4,312,bot10__4,1687,N,False
4,312,bot10__8,1687,N,False
4,187,reel26__6,1687,N,False
4,152,reel26__6,1687,N,False
4,294,reel26__6,1687,N,False
4,187,reel42__4,1687,N,False
4,187,bot45__9,1687,N,False
4,53,reel44__7,1687,N,False
4,235,reel79__0,1687,N,False
4,53,reel79__0,1687,N,False
4,225,reel55__1,1687,N,False
4,bot24__8,reel6__9,1687,N,False
4,166,reel6__9,1687,N,False
4,73,reel6__9,1687,N,False
4,152,reel36__1,1687,N,False
4,152,reel77__9,1687,N,False
4,305,bot0__3,1687,N,False
4,176,bot0__3,1687,N,False
4,305,reel23__2,1687,N,False
4,13,reel13__4,1687,N,False
4,337,reel13__4,1687,N,False
4,13,reel24__2,1687,N,False
4,45,reel24__2,1687,N,False
4,89,reel16__1,1687,N,False
4,89,reel55__6,1687,N,False
4,89,bot70__6,1687,N,False
4,294,reel22__1,1687,N,False
4,reel35__1,reel22__1,1687,N,False
4,70,reel22__1,1687,N,False
4,70,bot80__2,1687,N,False
4,46,bot37__2,1687,N,False
4,46,bot47__3,1687,N,False
4,140,bot47__3,1687,N,False
4,46,bot53__2,1687,N,False
4,46,bot54__6,1687,N,False
4,284,reel8__6,1687,N,False
4,19,reel8__6,1687,N,False
4,113,reel13__3,1687,N,False
4,113,reel19__4,1687,N,False
4,307,bot0__4,1687,N,False
4,132,bot0__4,1687,N,False
4,17,bot7__3,1687,N,False
4,110,bot7__3,1687,N,False
4,132,bot7__3,1687,N,False
4,132,reel16__5,1687,N,False
4,132,bot39__4,1687,N,False
4,132,bot51__9,1687,N,False
4,237,reel17__4,1687,N,False
4,249,reel17__4,1687,N,False
4,107,bot5__8,1687,N,False
4,23,reel3__5,1687,N,False
4,23,reel64__2,1687,N,False
4,23,reel72__6,1687,N,False
4,23,bot77__3,1687,N,False
4,82,bot2__3,1687,N,False
4,82,reel42__1,1687,N,False
4,82,bot53__4,1687,N,False
4,80,reel22__8,1687,N,False
4,80,reel24__0,1687,N,False
4,227,reel24__0,1687,N,False
4,80,bot25__9,1687,N,False
4,80,reel39__3,1687,N,False
4,262,reel3__6,1687,N,False
4,172,reel3__6,1687,N,False
4,172,bot5__4,1687,N,False
4,reel28__5,reel44__6,1687,N,False
4,108,reel44__6,1687,N,False
4,bot37__0,bot8__2,1687,N,False
4,45,reel2__3,1687,N,False
4,45,bot5__1,1687,N,False
4,45,reel9__5,1687,N,False
4,45,bot13__6,1687,N,False
4,45,reel77__6,1687,N,False
4,bot14__3,bot20__3,1687,N,False
4,bot14__3,bot44__8,1687,N,False
4,bot14__3,bot68__6,1687,N,False
4,reel17__8,bot68__6,1687,N,False
4,reel16__7,bot51__3,1687,N,False
4,reel16__7,reel59__7,1687,N,False
4,50,bot16__4,1687,N,False
4,221,reel11__5,1687,N,False
4,325,bot55__7,1687,N,False
4,54,reel11__1,1687,N,False
4,54,bot41__5,1687,N,False
4,54,reel51__9,1687,N,False
4,54,reel80__6,1687,N,False
4,173,reel11__4,1687,N,False
4,128,reel38__7,1687,N,False
4,262,reel9__2,1687,N,False
4,bot58__4,bot74__1,1687,N,False
4,262,bot74__1,1687,N,False
4,73,bot0__0,1687,N,False
4,126,bot1__2,1687,N,False
4,73,bot1__2,1687,N,False
4,313,bot1__7,1687,N,False
4,73,bot1__7,1687,N,False
4,108,bot1__9,1687,N,False
4,108,reel31__8,1687,N,False
4,108,bot43__6,1687,N,False
4,102,bot60__0,1687,N,False
4,227,reel37__8,1687,N,False
4,166,bot20__8,1687,N,False
4,166,reel54__9,1687,N,False
4,17,reel61__9,1687,N,False
4,166,reel61__9,1687,N,False
4,166,bot63__4,1687,N,False
4,147,reel36__9,1687,N,False
4,147,reel55__9,1687,N,False
4,333,bot47__2,1687,N,False
4,313,reel3__0,1687,N,False
4,313,bot49__6,1687,N,False
4,290,bot44__5,1687,N,False
4,57,reel35__0,1687,N,False
4,17,reel35__0,1687,N,False
4,247,reel8__1,1687,N,False
4,17,reel8__1,1687,N,False
4,17,bot57__9,1687,N,False
4,2,reel11__3,1687,N,False
4,2,reel53__0,1687,N,False
4,reel17__8,bot23__9,1687,N,False
4,reel17__8,reel26__3,1687,N,False
4,157,bot58__1,1687,N,False
4,reel17__8,bot58__1,1687,N,False
4,47,reel6__4,1687,N,False
4,47,reel31__3,1687,N,False
4,47,reel33__1,1687,N,False
4,47,reel54__6,1687,N,False
4,307,bot16__2,1687,N,False
4,bot38__7,bot16__2,1687,N,False
4,337,bot31__5,1687,N,False
4,324,reel7__1,1687,N,False
4,324,reel53__8,1687,N,False
4,324,reel76__1,1687,N,False
4,324,reel82__5,1687,N,False
4,reel5__2,bot18__5,1687,N,False
4,reel5__2,bot25__4,1687,N,False
4,reel5__2,reel46__8,1687,N,False
4,reel5__2,reel69__2,1687,N,False
4,110,bot22__1,1687,N,False
4,104,bot22__1,1687,N,False
4,347,reel9__0,1687,N,False
4,347,bot53__7,1687,N,False
4,176,reel16__4,1687,N,False
4,271,reel8__7,1687,N,False
4,271,bot18__4,1687,N,False
4,271,bot72__1,1687,N,False
4,126,bot21__8,1687,N,False
4,126,bot23__5,1687,N,False
4,216,reel27__2,1687,N,False
4,294,reel13__6,1687,N,False
4,62,reel13__6,1687,N,False
4,62,bot61__9,1687,N,False
4,275,bot25__6,1687,N,False
4,157,bot32__3,1687,N,False
4,275,bot32__3,1687,N,False
4,76,reel51__1,1687,N,False
4,275,reel51__1,1687,N,False
4,171,reel57__4,1687,N,False
4,275,reel57__4,1687,N,False
4,275,reel66__6,1687,N,False
4,91,reel73__4,1687,N,False
4,275,reel73__4,1687,N,False
4,105,reel24__1,1687,N,False
4,105,bot47__4,1687,N,False
4,219,bot8__0,1687,N,False
4,219,reel50__5,1687,N,False
4,33,reel53__6,1687,N,False
4,219,reel53__6,1687,N,False
4,156,reel31__5,1687,N,False
4,156,bot51__8,1687,N,False
4,156,bot70__0,1687,N,False
4,307,reel10__4,1687,N,False
4,237,reel12__6,1687,N,False
4,237,reel22__7,1687,N,False
4,237,bot50__2,1687,N,False
4,237,bot55__8,1687,N,False
4,237,reel59__6,1687,N,False
4,237,reel70__6,1687,N,False
4,208,bot71__1,1687,N,False
4,bot68__5,bot58__9,1687,N,False
4,bot68__5,reel16__3,1687,N,False
4,14,reel16__3,1687,N,False
4,231,reel0__6,1687,N,False
4,33,reel22__2,1687,N,False
4,231,reel22__2,1687,N,False
4,231,bot28__2,1687,N,False
4,231,reel74__9,1687,N,False
4,14,reel39__2,1687,N,False
4,bot41__3,bot52__8,1687,N,False
4,272,bot52__8,1687,N,False
4,272,reel63__3,1687,N,False
4,298,bot43__1,1687,N,False
4,298,reel43__9,1687,N,False
4,298,reel50__0,1687,N,False
4,235,reel10__3,1687,N,False
4,235,bot76__0,1687,N,False
4,294,bot47__6,1687,N,False
4,120,bot40__7,1687,N,False
4,120,bot40__9,1687,N,False
4,120,reel74__7,1687,N,False
4,reel50__3,reel34__8,1687,N,False
4,bot58__4,bot11__3,1687,N,False
4,110,reel12__4,1687,N,False
4,110,reel51__3,1687,N,False
4,110,reel52__5,1687,N,False
4,84,reel21__9,1687,N,False
4,84,reel67__3,1687,N,False
4,84,reel72__3,1687,N,False
4,140,bot18__2,1687,N,False
4,116,bot5__3,1687,N,False
4,116,reel35__2,1687,N,False
4,116,bot74__5,1687,N,False
4,171,reel35__3,1687,N,False
4,33,reel19__2,1687,N,False
4,bot17__2,reel7__9,1687,N,False
4,22,bot59__3,1687,N,False
4,207,reel69__7,1687,N,False
4,321,reel14__0,1687,N,False
4,321,reel31__4,1687,N,False
4,269,bot42__6,1687,N,False
4,269,bot49__3,1687,N,False
4,26,bot0__7,1687,N,False
4,26,bot16__8,1687,N,False
4,bot53__3,bot64__6,1687,N,False
4,247,bot4__2,1687,N,False
4,247,bot23__4,1687,N,False
4,247,reel38__0,1687,N,False
4,76,bot14__1,1687,N,False
4,19,reel4__3,1687,N,False
4,19,reel23__3,1687,N,False
4,19,reel62__9,1687,N,False
4,bot15__9,reel0__5,1688,N,False
4,227,reel0__5,1688,N,False
4,104,reel0__5,1688,N,False
4,bot15__9,bot35__6,1688,N,False
4,190,bot35__6,1688,N,False
4,306,reel21__4,1688,N,False
4,344,reel21__4,1688,N,False
4,306,reel52__9,1688,N,False
4,306,bot64__7,1688,N,False
4,110,bot64__7,1688,N,False
4,306,reel66__0,1688,N,False
4,reel38__6,reel66__0,1688,N,False
4,bot17__5,bot40__8,1688,N,False
4,263,reel6__3,1688,N,False
4,51,reel6__3,1688,N,False
4,174,reel6__3,1688,N,False
4,106,bot10__7,1688,N,False
4,51,bot10__7,1688,N,False
4,343,reel27__4,1688,N,False
4,reel45__5,reel27__4,1688,N,False
4,51,reel27__4,1688,N,False
4,bot81__1,reel35__6,1688,N,False
4,51,reel35__6,1688,N,False
4,170,bot45__5,1688,N,False
4,51,bot45__5,1688,N,False
4,51,bot46__2,1688,N,False
4,51,reel53__0,1688,N,False
4,135,bot43__2,1688,N,False
4,129,reel43__7,1688,N,False
4,135,reel43__7,1688,N,False
4,135,reel66__9,1688,N,False
4,319,bot3__9,1688,N,False
4,288,bot3__9,1688,N,False
4,reel65__1,bot72__6,1688,N,False
4,reel8__3,reel9__6,1688,N,False
4,reel43__6,reel9__6,1688,N,False
4,188,reel9__6,1688,N,False
4,reel8__3,reel28__3,1688,N,False
4,reel8__3,bot84__6,1688,N,False
4,312,reel6__5,1688,N,False
4,316,reel6__5,1688,N,False
4,316,bot40__1,1688,N,False
4,267,bot40__1,1688,N,False
4,316,reel81__6,1688,N,False
4,reel17__6,bot30__6,1688,N,False
4,reel17__6,reel42__9,1688,N,False
4,173,bot66__6,1688,N,False
4,reel17__6,bot66__6,1688,N,False
4,reel41__4,bot69__1,1688,N,False
4,reel17__6,bot69__1,1688,N,False
4,reel17__6,bot74__7,1688,N,False
4,158,bot74__7,1688,N,False
4,283,reel51__5,1688,N,False
4,reel2__6,bot67__5,1688,N,False
4,283,bot67__5,1688,N,False
4,44,reel15__6,1688,N,False
4,reel43__6,reel15__6,1688,N,False
4,reel43__6,reel47__2,1688,N,False
4,bot0__4,bot49__9,1688,N,False
4,reel43__6,bot49__9,1688,N,False
4,245,bot49__9,1688,N,False
4,reel43__6,reel55__0,1688,N,False
4,302,reel36__2,1688,N,False
4,78,reel36__2,1688,N,False
4,78,reel45__9,1688,N,False
4,78,reel48__2,1688,N,False
4,78,reel50__9,1688,N,False
4,reel9__4,reel42__7,1688,N,False
4,reel72__9,reel42__7,1688,N,False
4,reel72__9,reel18__3,1688,N,False
4,193,reel36__8,1688,N,False
4,313,bot1__7,1688,N,False
4,288,bot1__7,1688,N,False
4,73,bot1__7,1688,N,False
4,288,reel5__6,1688,N,False
4,288,bot70__4,1688,N,False
4,288,reel70__3,1688,N,False
4,154,bot18__3,1688,N,False
4,123,bot18__3,1688,N,False
4,reel17__0,bot18__3,1688,N,False
4,reel17__0,reel53__1,1688,N,False
4,reel17__0,bot59__0,1688,N,False
4,reel17__0,reel74__8,1688,N,False
4,129,reel6__1,1688,N,False
4,reel16__6,reel6__1,1688,N,False
4,129,reel76__3,1688,N,False
4,117,reel76__3,1688,N,False
4,129,reel83__1,1688,N,False
4,236,bot12__7,1688,N,False
4,236,reel39__4,1688,N,False
4,236,bot40__7,1688,N,False
4,120,bot40__7,1688,N,False
4,236,reel45__1,1688,N,False
4,236,reel47__5,1688,N,False
4,344,reel47__5,1688,N,False
4,reel49__4,reel39__8,1688,N,False
4,85,reel39__8,1688,N,False
4,85,bot59__4,1688,N,False
4,62,bot63__8,1688,N,False
4,reel39__2,bot63__8,1688,N,False
4,reel39__2,bot73__8,1688,N,False
4,322,reel12__4,1688,N,False
4,245,reel12__4,1688,N,False
4,110,reel12__4,1688,N,False
4,reel38__3,reel12__4,1688,N,False
4,112,reel12__0,1688,N,False
4,reel3__5,reel12__0,1688,N,False
4,112,reel14__8,1688,N,False
4,112,reel14__9,1688,N,False
4,112,reel24__1,1688,N,False
4,218,reel24__1,1688,N,False
4,112,bot25__4,1688,N,False
4,reel5__2,bot25__4,1688,N,False
4,81,bot25__5,1688,N,False
4,122,bot25__5,1688,N,False
4,122,reel36__7,1688,N,False
4,113,reel36__7,1688,N,False
4,65,bot27__9,1688,N,False
4,65,reel62__0,1688,N,False
4,reel28__8,reel62__0,1688,N,False
4,reel50__2,reel3__8,1688,N,False
4,173,reel3__8,1688,N,False
4,79,reel3__8,1688,N,False
4,309,reel3__8,1688,N,False
4,247,bot4__2,1688,N,False
4,309,bot4__2,1688,N,False
4,162,bot4__2,1688,N,False
4,309,bot22__7,1688,N,False
4,286,bot22__7,1688,N,False
4,309,bot73__1,1688,N,False
4,39,bot8__3,1688,N,False
4,39,bot14__6,1688,N,False
4,346,bot14__6,1688,N,False
4,39,bot25__1,1688,N,False
4,39,reel48__1,1688,N,False
4,bot13__5,bot84__4,1688,N,False
4,313,bot84__4,1688,N,False
4,121,reel3__4,1688,N,False
4,83,reel3__4,1688,N,False
4,121,bot18__6,1688,N,False
4,121,bot44__6,1688,N,False
4,121,reel63__5,1688,N,False
4,270,bot1__1,1688,N,False
4,268,bot1__1,1688,N,False
4,155,bot5__0,1688,N,False
4,268,bot5__0,1688,N,False
4,268,reel27__7,1688,N,False
4,154,reel62__7,1688,N,False
4,60,reel62__7,1688,N,False
4,60,reel78__7,1688,N,False
4,bot16__6,bot82__7,1688,N,False
4,60,bot82__7,1688,N,False
4,reel14__2,bot34__7,1688,N,False
4,267,bot34__7,1688,N,False
4,reel41__4,bot73__2,1688,N,False
4,267,bot73__2,1688,N,False
4,267,bot76__8,1688,N,False
4,reel31__1,reel43__1,1688,N,False
4,reel31__1,bot82__5,1688,N,False
4,263,bot10__1,1688,N,False
4,263,bot38__9,1688,N,False
4,263,reel48__6,1688,N,False
4,263,bot69__6,1688,N,False
4,bot68__5,bot69__6,1688,N,False
4,reel62__8,reel22__4,1688,N,False
4,188,reel22__4,1688,N,False
4,reel62__8,reel65__8,1688,N,False
4,reel17__5,bot19__0,1688,N,False
4,336,bot19__0,1688,N,False
4,305,bot0__3,1688,N,False
4,176,bot0__3,1688,N,False
4,159,bot0__3,1688,N,False
4,127,reel1__7,1688,N,False
4,159,reel1__7,1688,N,False
4,159,bot9__4,1688,N,False
4,159,reel9__2,1688,N,False
4,327,reel9__2,1688,N,False
4,159,reel60__1,1688,N,False
4,reel50__2,bot77__2,1688,N,False
4,159,bot77__2,1688,N,False
4,159,reel80__9,1688,N,False
4,44,reel2__4,1688,N,False
4,44,bot56__0,1688,N,False
4,reel3__0,reel9__0,1688,N,False
4,bot25__7,reel9__0,1688,N,False
4,347,reel9__0,1688,N,False
4,174,bot1__0,1688,N,False
4,270,bot1__0,1688,N,False
4,270,reel6__7,1688,N,False
4,270,bot19__9,1688,N,False
4,reel49__4,reel33__2,1688,N,False
4,reel49__4,bot68__3,1688,N,False
4,bot29__4,bot68__3,1688,N,False
4,reel49__4,reel81__3,1688,N,False
4,reel27__0,bot47__4,1688,N,False
4,336,bot10__5,1688,N,False
4,reel19__7,reel43__3,1688,N,False
4,245,bot18__2,1688,N,False
4,218,bot18__2,1688,N,False
4,245,reel25__6,1688,N,False
4,bot83__3,bot82__2,1688,N,False
4,bot68__5,reel16__3,1688,N,False
4,reel46__6,reel16__3,1688,N,False
4,29,bot51__0,1688,N,False
4,bot17__1,bot53__9,1688,N,False
4,272,reel8__0,1688,N,False
4,341,reel8__0,1688,N,False
4,341,bot21__7,1688,N,False
4,341,reel22__0,1688,N,False
4,162,bot48__2,1688,N,False
4,341,bot48__2,1688,N,False
4,341,bot76__2,1688,N,False
4,5,reel6__2,1688,N,False
4,5,reel16__9,1688,N,False
4,5,reel42__8,1688,N,False
4,5,bot56__3,1688,N,False
4,63,bot6__6,1688,N,False
4,75,bot6__6,1688,N,False
4,75,reel14__7,1688,N,False
4,110,reel31__0,1688,N,False
4,75,reel31__0,1688,N,False
4,89,reel31__6,1688,N,False
4,75,reel31__6,1688,N,False
4,75,bot47__0,1688,N,False
4,63,bot7__2,1688,N,False
4,103,bot7__2,1688,N,False
4,63,bot65__9,1688,N,False
4,reel46__2,reel10__1,1688,N,False
4,79,reel10__1,1688,N,False
4,bot67__8,reel10__1,1688,N,False
4,reel33__1,reel61__8,1688,N,False
4,321,bot0__5,1688,N,False
4,123,bot0__5,1688,N,False
4,bot2__2,bot0__5,1688,N,False
4,232,bot0__5,1688,N,False
4,232,reel26__5,1688,N,False
4,190,bot53__5,1688,N,False
4,232,bot53__5,1688,N,False
4,reel22__2,bot76__9,1688,N,False
4,8,reel4__5,1688,N,False
4,62,reel4__5,1688,N,False
4,8,reel21__7,1688,N,False
4,254,reel21__7,1688,N,False
4,8,bot37__2,1688,N,False
4,343,bot37__2,1688,N,False
4,8,reel75__6,1688,N,False
4,158,reel0__6,1688,N,False
4,346,reel0__6,1688,N,False
4,158,reel12__9,1688,N,False
4,206,bot36__5,1688,N,False
4,bot7__9,bot36__5,1688,N,False
4,158,bot36__5,1688,N,False
4,89,reel59__2,1688,N,False
4,158,reel59__2,1688,N,False
4,158,reel65__4,1688,N,False
4,214,reel65__4,1688,N,False
4,257,reel28__5,1688,N,False
4,302,reel28__5,1688,N,False
4,302,reel30__0,1688,N,False
4,174,reel7__8,1688,N,False
4,reel60__0,reel7__8,1688,N,False
4,174,reel8__1,1688,N,False
4,247,reel8__1,1688,N,False
4,174,bot63__1,1688,N,False
4,174,bot64__2,1688,N,False
4,174,bot78__5,1688,N,False
4,reel43__8,reel3__6,1688,N,False
4,bot4__5,reel3__6,1688,N,False
4,172,reel3__6,1688,N,False
4,reel22__5,reel3__6,1688,N,False
4,bot4__5,bot9__0,1688,N,False
4,188,bot3__1,1688,N,False
4,70,bot3__1,1688,N,False
4,188,bot29__6,1688,N,False
4,146,reel78__0,1688,N,False
4,300,reel83__7,1688,N,False
4,49,bot15__0,1688,N,False
4,172,bot15__0,1688,N,False
4,110,bot15__0,1688,N,False
4,57,bot79__3,1688,N,False
4,49,bot79__3,1688,N,False
4,229,bot4__0,1688,N,False
4,242,bot4__0,1688,N,False
4,242,reel49__5,1688,N,False
4,104,reel49__5,1688,N,False
4,282,reel42__4,1688,N,False
4,282,bot48__9,1688,N,False
4,282,reel77__7,1688,N,False
4,257,bot11__1,1688,N,False
4,190,bot11__1,1688,N,False
4,bot9__3,bot11__1,1688,N,False
4,113,reel13__3,1688,N,False
4,342,reel13__3,1688,N,False
4,154,reel34__8,1688,N,False
4,bot61__3,reel34__8,1688,N,False
4,334,bot8__0,1688,N,False
4,334,reel28__4,1688,N,False
4,334,reel32__9,1688,N,False
4,312,bot10__0,1688,N,False
4,278,bot10__0,1688,N,False
4,278,bot63__6,1688,N,False
4,reel72__1,reel74__2,1688,N,False
4,126,bot3__5,1688,N,False
4,295,bot3__5,1688,N,False
4,295,reel8__4,1688,N,False
4,295,reel66__8,1688,N,False
4,295,bot77__5,1688,N,False
4,229,reel18__4,1688,N,False
4,reel41__3,reel18__4,1688,N,False
4,229,bot41__3,1688,N,False
4,229,reel67__5,1688,N,False
4,246,bot6__9,1688,N,False
4,79,bot6__9,1688,N,False
4,233,bot6__9,1688,N,False
4,79,reel25__8,1688,N,False
4,3,reel25__8,1688,N,False
4,79,reel41__0,1688,N,False
4,bot6__7,bot12__8,1688,N,False
4,26,bot16__8,1688,N,False
4,bot6__7,bot16__8,1688,N,False
4,bot6__7,bot44__4,1688,N,False
4,162,bot44__4,1688,N,False
4,bot6__7,bot47__3,1688,N,False
4,116,reel5__8,1688,N,False
4,254,reel5__8,1688,N,False
4,254,reel45__6,1688,N,False
4,254,bot60__5,1688,N,False
4,3,reel1__8,1688,N,False
4,3,bot10__6,1688,N,False
4,3,bot17__9,1688,N,False
4,61,reel20__5,1688,N,False
4,3,reel20__5,1688,N,False
4,3,reel20__8,1688,N,False
4,3,reel49__3,1688,N,False
4,reel4__3,reel68__7,1688,N,False
4,3,reel68__7,1688,N,False
4,117,reel12__6,1688,N,False
4,169,reel48__9,1688,N,False
4,reel83__9,reel48__9,1688,N,False
4,169,bot76__3,1688,N,False
4,312,bot9__5,1688,N,False
4,184,bot9__5,1688,N,False
4,184,bot28__7,1688,N,False
4,184,bot43__9,1688,N,False
4,180,bot50__9,1688,N,False
4,184,bot50__9,1688,N,False
4,303,reel37__7,1688,N,False
4,reel34__3,reel37__7,1688,N,False
4,312,bot10__4,1688,N,False
4,bot7__9,bot10__4,1688,N,False
4,reel10__4,bot21__1,1688,N,False
4,reel10__4,reel38__4,1688,N,False
4,312,bot3__4,1688,N,False
4,218,bot3__4,1688,N,False
4,312,bot10__8,1688,N,False
4,312,reel37__2,1688,N,False
4,reel32__3,bot33__7,1688,N,False
4,reel32__3,reel67__2,1688,N,False
4,225,reel61__3,1688,N,False
4,152,reel36__1,1688,N,False
4,305,reel23__2,1688,N,False
4,256,bot7__1,1688,N,False
4,256,reel14__3,1688,N,False
4,reel29__3,bot82__0,1688,N,False
4,reel29__3,bot83__1,1688,N,False
4,343,reel10__8,1688,N,False
4,343,bot13__9,1688,N,False
4,343,bot19__7,1688,N,False
4,276,bot5__1,1688,N,False
4,45,bot5__1,1688,N,False
4,276,reel12__1,1688,N,False
4,216,reel27__2,1688,N,False
4,276,reel27__2,1688,N,False
4,reel3__0,bot34__3,1688,N,False
4,328,bot1__5,1688,N,False
4,272,bot1__5,1688,N,False
4,328,reel27__9,1688,N,False
4,328,reel47__4,1688,N,False
4,89,reel16__1,1688,N,False
4,89,bot70__6,1688,N,False
4,70,reel22__1,1688,N,False
4,70,bot36__0,1688,N,False
4,70,reel55__7,1688,N,False
4,70,bot73__3,1688,N,False
4,reel4__3,reel16__4,1688,N,False
4,176,reel16__4,1688,N,False
4,reel4__3,bot22__6,1688,N,False
4,reel4__3,reel73__6,1688,N,False
4,reel4__3,bot78__8,1688,N,False
4,reel4__3,bot80__5,1688,N,False
4,reel4__3,bot83__4,1688,N,False
4,reel14__6,bot83__4,1688,N,False
4,284,reel80__7,1688,N,False
4,107,bot5__8,1688,N,False
4,177,bot5__8,1688,N,False
4,177,bot19__6,1688,N,False
4,177,reel25__1,1688,N,False
4,177,reel53__7,1688,N,False
4,148,reel24__5,1688,N,False
4,132,reel24__5,1688,N,False
4,132,bot39__4,1688,N,False
4,249,bot3__6,1688,N,False
4,107,reel47__8,1688,N,False
4,80,reel22__8,1688,N,False
4,80,reel24__0,1688,N,False
4,227,reel24__0,1688,N,False
4,80,bot25__9,1688,N,False
4,82,bot1__6,1688,N,False
4,bot55__8,bot34__5,1688,N,False
4,82,bot34__5,1688,N,False
4,82,reel42__1,1688,N,False
4,82,bot53__4,1688,N,False
4,82,bot58__0,1688,N,False
4,bot2__9,bot0__9,1688,N,False
4,172,bot0__9,1688,N,False
4,172,bot5__4,1688,N,False
4,346,bot5__4,1688,N,False
4,172,reel82__8,1688,N,False
4,61,reel2__2,1688,N,False
4,61,bot24__5,1688,N,False
4,61,reel33__3,1688,N,False
4,61,bot66__9,1688,N,False
4,reel22__5,bot23__6,1688,N,False
4,reel14__2,bot23__6,1688,N,False
4,reel14__2,reel49__6,1688,N,False
4,bot6__8,bot2__4,1688,N,False
4,bot6__8,bot58__9,1688,N,False
4,bot68__5,bot58__9,1688,N,False
4,bot6__8,bot65__5,1688,N,False
4,reel9__4,bot14__9,1688,N,False
4,reel9__4,reel69__8,1688,N,False
4,196,bot15__1,1688,N,False
4,196,bot20__1,1688,N,False
4,196,bot32__7,1688,N,False
4,reel14__6,bot32__7,1688,N,False
4,196,bot36__8,1688,N,False
4,196,bot54__2,1688,N,False
4,45,reel9__5,1688,N,False
4,45,reel77__6,1688,N,False
4,bot2__2,bot40__3,1688,N,False
4,214,bot3__8,1688,N,False
4,76,reel20__0,1688,N,False
4,214,reel20__0,1688,N,False
4,214,reel30__8,1688,N,False
4,272,bot52__8,1688,N,False
4,214,bot52__8,1688,N,False
4,214,reel78__2,1688,N,False
4,reel34__1,reel10__9,1688,N,False
4,327,reel10__9,1688,N,False
4,reel34__1,reel49__8,1688,N,False
4,reel10__5,reel13__5,1688,N,False
4,166,reel13__5,1688,N,False
4,reel10__5,reel17__7,1688,N,False
4,reel10__5,reel64__1,1688,N,False
4,139,reel64__1,1688,N,False
4,reel10__5,reel68__0,1688,N,False
4,155,bot2__1,1688,N,False
4,bot68__6,reel17__8,1688,N,False
4,62,reel17__8,1688,N,False
4,155,reel17__8,1688,N,False
4,155,bot32__8,1688,N,False
4,325,reel5__7,1688,N,False
4,246,reel30__3,1688,N,False
4,325,reel30__3,1688,N,False
4,325,bot53__0,1688,N,False
4,173,reel11__4,1688,N,False
4,173,bot65__2,1688,N,False
4,reel41__3,bot76__0,1688,N,False
4,126,bot1__2,1688,N,False
4,73,bot1__2,1688,N,False
4,338,bot15__8,1688,N,False
4,338,bot33__5,1688,N,False
4,26,bot55__3,1688,N,False
4,338,bot55__3,1688,N,False
4,338,bot57__9,1688,N,False
4,338,reel81__8,1688,N,False
4,102,bot60__0,1688,N,False
4,bot72__9,reel58__7,1688,N,False
4,bot72__9,bot48__5,1688,N,False
4,233,reel29__0,1688,N,False
4,227,reel29__0,1688,N,False
4,222,bot5__7,1688,N,False
4,reel41__4,reel37__3,1688,N,False
4,222,reel37__3,1688,N,False
4,234,bot70__3,1688,N,False
4,reel50__2,reel37__8,1688,N,False
4,227,reel37__8,1688,N,False
4,reel50__2,reel61__1,1688,N,False
4,227,reel61__1,1688,N,False
4,166,bot1__8,1688,N,False
4,166,bot20__8,1688,N,False
4,166,reel32__2,1688,N,False
4,166,reel54__9,1688,N,False
4,166,bot63__4,1688,N,False
4,reel75__7,bot79__6,1688,N,False
4,bot68__6,bot14__3,1688,N,False
4,313,bot49__6,1688,N,False
4,228,reel25__4,1688,N,False
4,reel37__6,reel23__3,1688,N,False
4,19,reel23__3,1688,N,False
4,106,reel2__5,1688,N,False
4,106,reel25__3,1688,N,False
4,106,reel83__2,1688,N,False
4,reel14__6,bot43__1,1688,N,False
4,298,bot43__1,1688,N,False
4,reel14__6,bot51__1,1688,N,False
4,reel14__6,bot58__5,1688,N,False
4,reel38__6,bot58__5,1688,N,False
4,57,reel13__2,1688,N,False
4,127,reel6__4,1688,N,False
4,47,reel6__4,1688,N,False
4,47,reel31__3,1688,N,False
4,47,reel54__6,1688,N,False
4,47,reel55__2,1688,N,False
4,bot50__0,reel34__9,1688,N,False
4,170,reel4__4,1688,N,False
4,170,reel37__4,1688,N,False
4,218,bot26__1,1688,N,False
4,218,bot62__2,1688,N,False
4,reel5__2,bot18__5,1688,N,False
4,reel5__2,reel46__8,1688,N,False
4,reel5__2,reel69__2,1688,N,False
4,reel28__8,reel82__1,1688,N,False
4,reel43__8,reel64__6,1688,N,False
4,reel43__8,reel82__6,1688,N,False
4,81,reel27__6,1688,N,False
4,104,reel27__6,1688,N,False
4,83,bot74__3,1688,N,False
4,bot23__3,bot74__3,1688,N,False
4,bot23__3,bot77__6,1688,N,False
4,347,bot29__1,1688,N,False
4,247,bot83__0,1688,N,False
4,347,bot83__0,1688,N,False
4,176,bot0__8,1688,N,False
4,176,reel47__1,1688,N,False
4,reel22__5,bot74__0,1688,N,False
4,271,bot72__1,1688,N,False
4,bot2__9,bot24__2,1688,N,False
4,126,bot21__9,1688,N,False
4,157,bot21__9,1688,N,False
4,126,bot23__5,1688,N,False
4,126,bot55__5,1688,N,False
4,180,reel26__3,1688,N,False
4,180,reel64__8,1688,N,False
4,reel2__6,reel64__8,1688,N,False
4,62,reel13__6,1688,N,False
4,62,bot32__1,1688,N,False
4,62,bot40__5,1688,N,False
4,62,bot61__9,1688,N,False
4,reel2__6,bot22__9,1688,N,False
4,reel2__6,reel34__6,1688,N,False
4,reel39__9,reel63__2,1688,N,False
4,reel39__9,bot67__6,1688,N,False
4,157,bot32__3,1688,N,False
4,275,bot32__3,1688,N,False
4,76,reel51__1,1688,N,False
4,275,reel51__1,1688,N,False
4,275,reel66__6,1688,N,False
4,bot0__4,bot12__9,1688,N,False
4,bot12__4,bot8__6,1688,N,False
4,162,reel35__5,1688,N,False
4,162,reel53__2,1688,N,False
4,reel21__2,bot44__7,1688,N,False
4,reel21__2,reel45__4,1688,N,False
4,reel21__2,bot64__6,1688,N,False
4,bot29__7,bot66__3,1688,N,False
4,bot9__3,bot48__1,1688,N,False
4,reel34__5,reel56__1,1688,N,False
4,reel3__5,bot29__5,1688,N,False
4,123,reel16__7,1688,N,False
4,reel38__6,reel16__7,1688,N,False
4,286,reel58__2,1688,N,False
4,139,reel25__9,1688,N,False
4,139,bot51__6,1688,N,False
4,272,reel32__1,1688,N,False
4,272,reel63__3,1688,N,False
4,148,bot40__0,1688,N,False
4,298,reel43__9,1688,N,False
4,298,reel50__0,1688,N,False
4,reel37__9,reel50__0,1688,N,False
4,120,bot40__9,1688,N,False
4,120,reel74__7,1688,N,False
4,reel38__6,bot62__1,1688,N,False
4,reel46__2,bot54__0,1688,N,False
4,reel46__2,reel67__8,1688,N,False
4,reel16__6,bot26__5,1688,N,False
4,110,bot44__3,1688,N,False
4,110,reel51__3,1688,N,False
4,171,bot0__6,1688,N,False
4,116,bot5__3,1688,N,False
4,21,bot5__3,1688,N,False
4,116,bot35__3,1688,N,False
4,116,reel35__2,1688,N,False
4,116,reel58__1,1688,N,False
4,116,bot74__5,1688,N,False
4,81,bot32__4,1688,N,False
4,81,reel68__9,1688,N,False
4,21,bot16__1,1688,N,False
4,21,bot27__1,1688,N,False
4,207,reel40__1,1688,N,False
4,207,reel69__7,1688,N,False
4,321,reel14__0,1688,N,False
4,321,reel31__4,1688,N,False
4,269,bot42__6,1688,N,False
4,327,bot13__4,1688,N,False
4,327,bot65__1,1688,N,False
4,26,bot0__2,1688,N,False
4,26,bot0__7,1688,N,False
4,reel61__5,reel56__0,1688,N,False
4,reel70__8,bot84__5,1688,N,False
4,157,reel28__1,1688,N,False
4,157,reel72__0,1688,N,False
4,157,reel82__4,1688,N,False
4,346,reel56__3,1688,N,False
4,346,reel78__6,1688,N,False
4,103,reel5__9,1688,N,False
4,103,reel33__7,1688,N,False
4,76,bot14__1,1688,N,False
4,34,reel24__3,1688,N,False
4,266,bot19__1,1688,N,False
4,266,reel28__2,1688,N,False
4,266,bot34__4,1688,N,False
4,bot8__8,bot7__0,1689,N,False
4,bot3__2,bot7__0,1689,N,False
4,reel5__3,bot7__0,1689,N,False
4,bot68__6,bot14__3,1689,N,False
4,bot20__3,bot14__3,1689,N,False
4,bot1__7,bot73__0,1689,N,False
4,reel20__7,reel33__2,1689,N,False
4,reel35__8,reel33__2,1689,N,False
4,reel35__9,reel55__2,1689,N,False
4,reel62__8,reel65__8,1689,N,False
4,reel35__9,reel65__8,1689,N,False
4,reel78__2,reel65__8,1689,N,False
4,reel61__3,reel67__2,1689,N,False
4,bot0__6,bot61__7,1689,N,False
4,reel9__3,bot32__5,1689,N,False
4,bot18__2,bot32__5,1689,N,False
4,bot81__0,reel29__5,1689,N,False
4,reel10__5,reel17__7,1689,N,False
4,reel38__8,reel17__7,1689,N,False
4,bot59__8,reel17__7,1689,N,False
4,reel32__8,reel17__7,1689,N,False
4,reel2__7,bot45__4,1689,N,False
4,reel24__0,bot45__4,1689,N,False
4,reel32__8,bot45__4,1689,N,False
4,reel32__8,bot47__6,1689,N,False
4,reel40__1,bot64__5,1689,N,False
4,bot33__6,bot64__5,1689,N,False
4,reel47__0,reel77__7,1689,N,False
4,reel14__0,reel77__7,1689,N,False
4,reel47__1,bot54__8,1689,N,False
4,bot41__5,bot68__1,1689,N,False
4,reel74__7,reel62__0,1689,N,False
4,reel28__8,reel62__0,1689,N,False
4,reel59__4,reel62__0,1689,N,False
4,reel62__8,reel22__4,1689,N,False
4,reel14__0,reel22__4,1689,N,False
4,reel27__7,bot50__8,1689,N,False
4,bot19__7,bot50__8,1689,N,False
4,reel38__8,bot68__4,1689,N,False
4,reel2__4,bot68__4,1689,N,False
4,reel27__7,reel28__3,1689,N,False
4,reel49__9,reel74__0,1689,N,False
4,reel36__0,reel74__0,1689,N,False
4,reel32__2,reel80__3,1689,N,False
4,reel49__9,reel80__3,1689,N,False
4,reel74__3,reel36__5,1689,N,False
4,reel32__7,reel36__5,1689,N,False
4,bot6__5,bot49__5,1689,N,False
4,bot83__1,bot49__5,1689,N,False
4,reel33__5,bot49__5,1689,N,False
4,reel28__8,reel82__1,1689,N,False
4,reel51__3,reel77__8,1689,N,False
4,reel57__5,reel77__8,1689,N,False
4,reel4__3,bot22__6,1689,N,False
4,reel20__7,bot22__6,1689,N,False
4,reel18__3,bot22__6,1689,N,False
4,reel18__3,reel81__3,1689,N,False
4,reel67__6,reel81__3,1689,N,False
4,reel59__6,reel77__3,1689,N,False
4,bot31__1,bot27__7,1689,N,False
4,bot4__2,bot27__7,1689,N,False
4,bot18__4,bot27__7,1689,N,False
4,bot23__9,bot37__4,1689,N,False
4,bot18__4,bot37__4,1689,N,False
4,reel17__3,reel19__6,1689,N,False
4,reel27__3,bot34__6,1689,N,False
4,reel17__3,bot34__6,1689,N,False
4,reel36__9,reel79__2,1689,N,False
4,reel17__3,reel79__2,1689,N,False
4,bot14__4,bot46__2,1689,N,False
4,bot10__1,bot46__2,1689,N,False
4,reel70__0,bot71__8,1689,N,False
4,reel28__6,reel16__8,1689,N,False
4,reel6__5,reel16__8,1689,N,False
4,reel2__7,reel16__8,1689,N,False
4,reel38__9,reel16__8,1689,N,False
4,reel78__4,reel16__8,1689,N,False
4,bot20__0,reel16__8,1689,N,False
4,bot33__5,bot22__5,1689,N,False
4,bot72__8,bot22__5,1689,N,False
4,bot33__5,reel31__2,1689,N,False
4,reel10__8,reel31__2,1689,N,False
4,reel33__5,reel31__2,1689,N,False
4,bot33__5,bot44__2,1689,N,False
4,bot25__9,bot44__2,1689,N,False
4,reel3__5,bot8__4,1689,N,False
4,reel3__5,reel52__7,1689,N,False
4,reel70__1,reel61__2,1689,N,False
4,bot37__7,bot38__7,1689,N,False
4,bot16__2,bot38__7,1689,N,False
4,reel3__8,bot19__8,1689,N,False
4,reel14__1,bot19__8,1689,N,False
4,reel14__1,reel42__6,1689,N,False
4,reel46__5,reel63__6,1689,N,False
4,reel75__6,reel63__6,1689,N,False
4,reel46__5,bot83__6,1689,N,False
4,bot58__9,bot6__8,1689,N,False
4,bot65__5,bot6__8,1689,N,False
4,reel14__9,bot27__6,1689,N,False
4,bot58__9,bot27__6,1689,N,False
4,reel4__7,reel59__3,1689,N,False
4,bot71__6,bot65__4,1689,N,False
4,reel4__7,bot65__4,1689,N,False
4,reel29__8,reel32__6,1689,N,False
4,reel10__9,bot25__0,1689,N,False
4,bot7__4,bot25__0,1689,N,False
4,bot4__1,bot69__4,1689,N,False
4,bot7__3,bot69__4,1689,N,False
4,bot42__8,bot69__4,1689,N,False
4,reel18__7,bot20__7,1689,N,False
4,reel18__7,reel33__8,1689,N,False
4,reel18__7,bot62__5,1689,N,False
4,reel18__7,bot84__6,1689,N,False
4,reel67__6,reel59__7,1689,N,False
4,reel2__4,reel59__7,1689,N,False
4,reel26__5,reel43__0,1689,N,False
4,reel56__2,reel64__3,1689,N,False
4,reel0__0,reel64__3,1689,N,False
4,reel7__7,bot20__2,1689,N,False
4,reel55__7,reel48__0,1689,N,False
4,reel16__3,reel48__0,1689,N,False
4,bot53__7,reel48__0,1689,N,False
4,bot68__0,bot17__0,1689,N,False
4,bot11__9,bot17__0,1689,N,False
4,reel9__6,reel25__0,1689,N,False
4,reel1__7,reel25__0,1689,N,False
4,reel4__9,bot36__3,1689,N,False
4,reel4__9,reel42__5,1689,N,False
4,reel4__9,reel56__6,1689,N,False
4,reel47__8,reel58__8,1689,N,False
4,bot43__6,bot59__2,1689,N,False
4,reel22__8,bot59__2,1689,N,False
4,reel6__2,bot19__1,1689,N,False
4,reel6__2,bot39__1,1689,N,False
4,reel7__9,bot49__1,1689,N,False
4,reel6__2,bot49__1,1689,N,False
4,reel6__2,reel81__5,1689,N,False
4,reel14__6,bot32__7,1689,N,False
4,reel21__7,bot32__7,1689,N,False
4,reel27__4,reel43__1,1689,N,False
4,reel30__8,reel43__1,1689,N,False
4,reel30__8,reel43__3,1689,N,False
4,reel19__7,reel43__3,1689,N,False
4,reel19__3,reel26__8,1689,N,False
4,reel15__4,reel26__8,1689,N,False
4,bot53__7,bot66__7,1689,N,False
4,reel59__4,reel81__6,1689,N,False
4,reel67__5,reel50__4,1689,N,False
4,reel32__5,reel50__4,1689,N,False
4,reel36__8,reel53__4,1689,N,False
4,reel32__5,reel53__4,1689,N,False
4,reel32__5,reel54__5,1689,N,False
4,bot68__0,reel43__9,1689,N,False
4,reel6__3,bot12__8,1689,N,False
4,bot63__6,bot32__4,1689,N,False
4,reel6__3,bot32__4,1689,N,False
4,bot15__7,bot32__4,1689,N,False
4,reel3__6,reel65__0,1689,N,False
4,reel13__2,reel66__7,1689,N,False
4,reel8__1,reel66__7,1689,N,False
4,reel73__9,reel80__4,1689,N,False
4,bot14__1,bot54__6,1689,N,False
4,reel58__6,reel31__3,1689,N,False
4,bot32__6,reel31__3,1689,N,False
4,reel35__3,reel64__1,1689,N,False
4,reel10__5,reel64__1,1689,N,False
4,bot28__6,bot63__0,1689,N,False
4,bot64__6,bot75__9,1689,N,False
4,bot33__6,bot75__9,1689,N,False
4,reel12__0,reel14__4,1689,N,False
4,reel10__3,bot47__7,1689,N,False
4,reel29__6,bot51__2,1689,N,False
4,reel11__0,reel51__8,1689,N,False
4,bot47__4,reel27__0,1689,N,False
4,reel43__8,reel82__6,1689,N,False
4,reel3__8,reel25__2,1689,N,False
4,reel36__8,reel25__2,1689,N,False
4,bot42__8,bot59__6,1689,N,False
4,bot9__1,bot59__6,1689,N,False
4,bot26__3,bot12__6,1689,N,False
4,reel22__2,bot76__9,1689,N,False
4,bot14__4,bot76__9,1689,N,False
4,reel7__8,bot54__5,1689,N,False
4,reel43__7,bot54__5,1689,N,False
4,reel64__0,reel77__2,1689,N,False
4,reel58__3,reel77__2,1689,N,False
4,bot13__9,bot39__5,1689,N,False
4,bot51__4,bot39__5,1689,N,False
4,bot52__1,bot73__1,1689,N,False
4,bot9__4,bot39__6,1689,N,False
4,bot43__9,bot39__6,1689,N,False
4,reel36__0,reel29__0,1689,N,False
4,bot10__4,bot50__5,1689,N,False
4,bot14__0,bot2__8,1689,N,False
4,bot80__2,bot2__8,1689,N,False
4,reel16__6,reel3__1,1689,N,False
4,reel16__6,reel48__7,1689,N,False
4,bot21__3,bot42__3,1689,N,False
4,bot72__7,bot28__9,1689,N,False
4,reel11__4,bot28__1,1689,N,False
4,reel11__4,reel80__1,1689,N,False
4,reel41__3,reel80__1,1689,N,False
4,reel11__4,bot84__2,1689,N,False
4,reel49__1,bot84__2,1689,N,False
4,reel69__4,reel63__1,1689,N,False
4,reel57__3,reel63__1,1689,N,False
4,bot76__8,bot19__6,1689,N,False
4,bot69__5,reel67__3,1689,N,False
4,bot81__4,reel67__3,1689,N,False
4,bot24__4,bot29__7,1689,N,False
4,bot24__4,bot71__4,1689,N,False
4,bot9__1,bot71__4,1689,N,False
4,reel52__2,reel23__4,1689,N,False
4,bot60__2,bot70__8,1689,N,False
4,reel82__9,reel56__8,1689,N,False
4,reel64__0,bot84__3,1689,N,False
4,bot55__6,bot84__5,1689,N,False
4,reel70__8,bot84__5,1689,N,False
4,bot2__1,bot18__1,1689,N,False
4,reel31__8,bot33__4,1689,N,False
4,reel9__6,reel45__8,1689,N,False
4,reel8__0,reel45__8,1689,N,False
4,reel6__1,bot23__0,1689,N,False
4,reel22__1,bot23__0,1689,N,False
4,reel14__8,bot54__0,1689,N,False
4,reel1__3,bot54__0,1689,N,False
4,reel46__2,bot54__0,1689,N,False
4,bot32__3,bot62__4,1689,N,False
4,reel68__8,bot70__4,1689,N,False
4,reel68__8,bot81__5,1689,N,False
4,reel23__3,reel40__9,1689,N,False
4,reel23__3,bot84__1,1689,N,False
4,reel4__3,reel73__6,1689,N,False
4,reel4__3,bot78__8,1689,N,False
4,reel4__3,bot83__4,1689,N,False
4,reel14__6,bot83__4,1689,N,False
4,bot44__0,bot51__8,1689,N,False
4,bot72__9,bot48__5,1689,N,False
4,reel60__7,bot72__2,1689,N,False
4,reel60__7,reel73__3,1689,N,False
4,reel10__2,bot63__3,1689,N,False
4,bot59__3,reel55__1,1689,N,False
4,bot59__3,bot78__0,1689,N,False
4,bot64__1,bot80__1,1689,N,False
4,bot40__6,bot12__4,1689,N,False
4,bot33__9,bot51__1,1689,N,False
4,reel14__6,bot51__1,1689,N,False
4,reel63__9,bot70__0,1689,N,False
4,reel9__6,bot57__6,1689,N,False
4,reel22__1,reel35__1,1689,N,False
4,bot23__5,bot84__0,1689,N,False
4,reel50__9,reel44__5,1689,N,False
4,reel34__9,bot36__8,1689,N,False
4,reel33__5,reel68__3,1689,N,False
4,reel57__9,reel63__0,1689,N,False
4,bot15__2,bot80__6,1689,N,False
4,reel49__1,bot64__8,1689,N,False
4,reel24__0,bot57__1,1689,N,False
4,reel5__3,bot26__7,1689,N,False
4,reel58__6,reel72__7,1689,N,False
4,bot28__7,bot31__4,1689,N,False
4,reel22__2,bot49__7,1689,N,False
4,reel16__4,bot49__7,1689,N,False
4,bot30__0,bot65__7,1689,N,False
4,bot9__4,bot77__8,1689,N,False
4,reel75__0,reel82__3,1689,N,False
4,bot11__3,bot20__4,1689,N,False
4,bot18__8,bot8__3,1689,N,False
4,reel27__4,reel45__5,1689,N,False
4,reel21__1,reel45__5,1689,N,False
4,bot76__0,bot21__7,1689,N,False
4,bot66__1,reel50__1,1689,N,False
4,reel38__5,reel54__2,1689,N,False
4,reel24__6,reel50__5,1689,N,False
4,reel41__5,reel50__5,1689,N,False
4,bot16__2,bot17__1,1689,N,False
4,bot9__3,bot48__1,1689,N,False
4,bot0__9,bot30__9,1689,N,False
4,reel41__5,reel35__7,1689,N,False
4,reel27__3,reel32__3,1689,N,False
4,reel27__3,bot55__4,1689,N,False
4,reel79__4,reel61__9,1689,N,False
4,bot10__0,bot35__3,1689,N,False
4,reel26__1,bot54__2,1689,N,False
4,310,reel2__6,1690,N,True
4,337,reel2__6,1690,N,True
4,310,bot12__0,1690,N,True
4,reel61__4,reel28__2,1690,N,True
4,reel61__4,reel5__6,1690,N,True
4,67,324,1690,N,True
4,301,324,1690,N,True
4,224,324,1690,N,True
4,340,324,1690,N,True
4,reel1__9,324,1690,N,True
4,213,324,1690,N,True
4,136,324,1690,N,True
4,252,324,1690,N,True
4,340,bot4__5,1690,N,True
4,reel3__6,bot4__5,1690,N,True
4,bot23__9,reel21__2,1690,N,True
4,bot76__7,reel21__2,1690,N,True
4,340,reel21__2,1690,N,True
4,20,reel21__2,1690,N,True
4,reel44__2,reel37__9,1690,N,True
4,340,reel37__9,1690,N,True
4,170,274,1690,N,True
4,323,274,1690,N,True
4,122,274,1690,N,True
4,96,274,1690,N,True
4,96,190,1690,N,True
4,50,314,1690,N,True
4,236,314,1690,N,True
4,261,314,1690,N,True
4,313,314,1690,N,True
4,96,314,1690,N,True
4,65,314,1690,N,True
4,320,reel25__5,1690,N,True
4,96,reel25__5,1690,N,True
4,96,bot72__0,1690,N,True
4,bot2__4,bot19__6,1690,N,True
4,177,bot19__6,1690,N,True
4,bot31__9,bot19__6,1690,N,True
4,bot31__9,bot26__7,1690,N,True
4,bot31__9,bot51__4,1690,N,True
4,reel25__3,bot71__9,1690,N,True
4,bot31__9,bot71__9,1690,N,True
4,reel4__8,166,1690,N,True
4,reel4__8,reel9__0,1690,N,True
4,347,reel9__0,1690,N,True
4,reel4__8,reel17__4,1690,N,True
4,reel30__0,reel17__4,1690,N,True
4,reel4__8,bot20__8,1690,N,True
4,reel55__8,reel10__3,1690,N,True
4,251,reel10__3,1690,N,True
4,reel1__9,reel10__3,1690,N,True
4,bot16__7,reel10__3,1690,N,True
4,bot16__7,bot5__4,1690,N,True
4,bot20__7,bot31__8,1690,N,True
4,bot16__7,bot31__8,1690,N,True
4,149,reel34__8,1690,N,True
4,154,reel34__8,1690,N,True
4,149,bot42__5,1690,N,True
4,149,bot59__3,1690,N,True
4,149,reel62__5,1690,N,True
4,bot81__4,bot71__7,1690,N,True
4,bot81__4,reel67__3,1690,N,True
4,bot23__9,bot76__5,1690,N,True
4,193,reel36__8,1690,N,True
4,reel40__6,191,1690,N,True
4,bot61__9,191,1690,N,True
4,170,285,1690,N,True
4,239,285,1690,N,True
4,67,285,1690,N,True
4,bot61__9,285,1690,N,True
4,146,285,1690,N,True
4,313,285,1690,N,True
4,261,285,1690,N,True
4,117,285,1690,N,True
4,323,285,1690,N,True
4,103,285,1690,N,True
4,122,285,1690,N,True
4,reel1__5,285,1690,N,True
4,213,285,1690,N,True
4,246,285,1690,N,True
4,136,285,1690,N,True
4,26,285,1690,N,True
4,98,285,1690,N,True
4,252,285,1690,N,True
4,129,reel24__6,1690,N,True
4,170,reel24__6,1690,N,True
4,reel50__5,reel24__6,1690,N,True
4,129,reel55__5,1690,N,True
4,129,reel76__3,1690,N,True
4,117,reel76__3,1690,N,True
4,129,reel83__1,1690,N,True
4,243,reel83__1,1690,N,True
4,239,169,1690,N,True
4,67,169,1690,N,True
4,236,169,1690,N,True
4,318,169,1690,N,True
4,103,169,1690,N,True
4,122,169,1690,N,True
4,136,169,1690,N,True
4,26,169,1690,N,True
4,252,169,1690,N,True
4,26,257,1690,N,True
4,236,257,1690,N,True
4,105,257,1690,N,True
4,reel71__9,297,1690,N,True
4,67,297,1690,N,True
4,236,297,1690,N,True
4,261,297,1690,N,True
4,323,297,1690,N,True
4,65,297,1690,N,True
4,122,297,1690,N,True
4,26,297,1690,N,True
4,252,297,1690,N,True
4,239,303,1690,N,True
4,67,303,1690,N,True
4,236,303,1690,N,True
4,122,303,1690,N,True
4,45,303,1690,N,True
4,213,303,1690,N,True
4,236,88,1690,N,True
4,170,271,1690,N,True
4,239,271,1690,N,True
4,67,271,1690,N,True
4,148,271,1690,N,True
4,224,271,1690,N,True
4,236,271,1690,N,True
4,261,271,1690,N,True
4,318,271,1690,N,True
4,133,271,1690,N,True
4,223,271,1690,N,True
4,323,271,1690,N,True
4,313,271,1690,N,True
4,103,271,1690,N,True
4,122,271,1690,N,True
4,26,271,1690,N,True
4,268,271,1690,N,True
4,98,271,1690,N,True
4,252,271,1690,N,True
4,239,13,1690,N,True
4,67,13,1690,N,True
4,148,13,1690,N,True
4,236,13,1690,N,True
4,261,13,1690,N,True
4,313,13,1690,N,True
4,223,13,1690,N,True
4,65,13,1690,N,True
4,26,13,1690,N,True
4,98,13,1690,N,True
4,252,13,1690,N,True
4,105,69,1690,N,True
4,236,69,1690,N,True
4,67,69,1690,N,True
4,26,69,1690,N,True
4,170,25,1690,N,True
4,239,25,1690,N,True
4,67,25,1690,N,True
4,148,25,1690,N,True
4,224,25,1690,N,True
4,236,25,1690,N,True
4,31,25,1690,N,True
4,105,25,1690,N,True
4,323,25,1690,N,True
4,65,25,1690,N,True
4,103,25,1690,N,True
4,122,25,1690,N,True
4,246,25,1690,N,True
4,26,25,1690,N,True
4,98,25,1690,N,True
4,252,25,1690,N,True
4,reel46__2,1,1690,N,True
4,236,1,1690,N,True
4,bot1__3,1,1690,N,True
4,133,1,1690,N,True
4,67,248,1690,N,True
4,311,248,1690,N,True
4,236,248,1690,N,True
4,323,248,1690,N,True
4,122,248,1690,N,True
4,38,248,1690,N,True
4,26,248,1690,N,True
4,252,248,1690,N,True
4,6,bot12__7,1690,N,True
4,236,bot12__7,1690,N,True
4,236,reel39__4,1690,N,True
4,236,bot40__7,1690,N,True
4,236,reel45__1,1690,N,True
4,reel80__9,reel45__1,1690,N,True
4,239,40,1690,N,True
4,67,40,1690,N,True
4,224,40,1690,N,True
4,133,40,1690,N,True
4,77,40,1690,N,True
4,213,40,1690,N,True
4,26,40,1690,N,True
4,239,231,1690,N,True
4,117,231,1690,N,True
4,77,231,1690,N,True
4,213,231,1690,N,True
4,bot5__9,231,1690,N,True
4,77,reel17__1,1690,N,True
4,reel8__4,reel17__1,1690,N,True
4,77,reel47__7,1690,N,True
4,170,203,1690,N,True
4,50,203,1690,N,True
4,239,203,1690,N,True
4,67,203,1690,N,True
4,reel60__0,203,1690,N,True
4,313,203,1690,N,True
4,261,203,1690,N,True
4,223,203,1690,N,True
4,65,203,1690,N,True
4,122,203,1690,N,True
4,26,203,1690,N,True
4,308,203,1690,N,True
4,268,203,1690,N,True
4,98,203,1690,N,True
4,65,bot27__9,1690,N,True
4,65,reel61__7,1690,N,True
4,65,reel62__0,1690,N,True
4,reel31__4,reel15__4,1690,N,True
4,reel10__8,reel15__4,1690,N,True
4,reel10__8,reel31__2,1690,N,True
4,252,reel31__2,1690,N,True
4,116,reel35__2,1690,N,True
4,reel10__8,reel35__2,1690,N,True
4,251,281,1690,N,True
4,bot15__2,281,1690,N,True
4,122,281,1690,N,True
4,309,281,1690,N,True
4,320,281,1690,N,True
4,320,127,1690,N,True
4,309,127,1690,N,True
4,251,127,1690,N,True
4,320,184,1690,N,True
4,309,184,1690,N,True
4,251,184,1690,N,True
4,251,197,1690,N,True
4,309,197,1690,N,True
4,reel8__4,197,1690,N,True
4,bot30__7,197,1690,N,True
4,320,197,1690,N,True
4,320,284,1690,N,True
4,122,284,1690,N,True
4,309,284,1690,N,True
4,251,284,1690,N,True
4,309,reel3__8,1690,N,True
4,309,bot4__1,1690,N,True
4,301,bot4__1,1690,N,True
4,247,bot4__2,1690,N,True
4,309,bot4__2,1690,N,True
4,309,bot22__7,1690,N,True
4,144,reel48__5,1690,N,True
4,309,reel48__5,1690,N,True
4,309,bot73__1,1690,N,True
4,bot52__1,bot73__1,1690,N,True
4,347,reel4__9,1690,N,True
4,reel30__0,reel4__9,1690,N,True
4,reel30__0,bot38__9,1690,N,True
4,reel30__0,reel46__0,1690,N,True
4,reel30__0,reel51__8,1690,N,True
4,reel30__0,bot76__1,1690,N,True
4,bot13__9,bot39__5,1690,N,True
4,bot13__9,bot65__3,1690,N,True
4,67,345,1690,N,True
4,261,345,1690,N,True
4,122,345,1690,N,True
4,45,345,1690,N,True
4,reel16__1,345,1690,N,True
4,213,345,1690,N,True
4,252,345,1690,N,True
4,239,123,1690,N,True
4,67,123,1690,N,True
4,318,123,1690,N,True
4,261,123,1690,N,True
4,122,123,1690,N,True
4,26,123,1690,N,True
4,98,123,1690,N,True
4,252,123,1690,N,True
4,239,104,1690,N,True
4,67,104,1690,N,True
4,318,104,1690,N,True
4,122,104,1690,N,True
4,45,104,1690,N,True
4,26,104,1690,N,True
4,98,104,1690,N,True
4,252,104,1690,N,True
4,170,342,1690,N,True
4,67,342,1690,N,True
4,313,342,1690,N,True
4,261,342,1690,N,True
4,223,342,1690,N,True
4,122,342,1690,N,True
4,98,342,1690,N,True
4,252,342,1690,N,True
4,170,188,1690,N,True
4,239,188,1690,N,True
4,67,188,1690,N,True
4,224,188,1690,N,True
4,reel20__3,188,1690,N,True
4,133,188,1690,N,True
4,223,188,1690,N,True
4,323,188,1690,N,True
4,122,188,1690,N,True
4,bot3__1,188,1690,N,True
4,26,188,1690,N,True
4,252,188,1690,N,True
4,170,176,1690,N,True
4,239,176,1690,N,True
4,148,176,1690,N,True
4,reel16__4,176,1690,N,True
4,122,176,1690,N,True
4,26,176,1690,N,True
4,50,113,1690,N,True
4,239,113,1690,N,True
4,67,113,1690,N,True
4,148,113,1690,N,True
4,313,113,1690,N,True
4,261,113,1690,N,True
4,122,113,1690,N,True
4,26,113,1690,N,True
4,98,113,1690,N,True
4,252,113,1690,N,True
4,170,9,1690,N,True
4,67,9,1690,N,True
4,148,9,1690,N,True
4,224,9,1690,N,True
4,133,9,1690,N,True
4,105,9,1690,N,True
4,323,9,1690,N,True
4,122,9,1690,N,True
4,26,9,1690,N,True
4,252,9,1690,N,True
4,bot1__1,66,1690,N,True
4,239,66,1690,N,True
4,67,66,1690,N,True
4,122,66,1690,N,True
4,26,66,1690,N,True
4,308,66,1690,N,True
4,252,66,1690,N,True
4,239,232,1690,N,True
4,224,232,1690,N,True
4,133,232,1690,N,True
4,122,232,1690,N,True
4,reel38__6,232,1690,N,True
4,26,232,1690,N,True
4,122,bot22__2,1690,N,True
4,reel17__8,bot22__2,1690,N,True
4,122,bot25__5,1690,N,True
4,122,reel36__7,1690,N,True
4,reel17__2,bot46__9,1690,N,True
4,bot44__2,reel6__0,1690,N,True
4,147,reel6__0,1690,N,True
4,bot44__2,bot33__5,1690,N,True
4,bot44__2,bot82__8,1690,N,True
4,reel53__3,bot82__8,1690,N,True
4,268,bot5__0,1690,N,True
4,reel66__7,reel64__1,1690,N,True
4,111,reel13__2,1690,N,True
4,reel66__7,reel13__2,1690,N,True
4,326,reel5__0,1690,N,True
4,326,bot10__2,1690,N,True
4,326,bot14__1,1690,N,True
4,reel55__6,bot67__2,1690,N,True
4,bot55__2,47,1690,N,True
4,301,47,1690,N,True
4,301,bot0__4,1690,N,True
4,301,reel23__8,1690,N,True
4,301,bot35__1,1690,N,True
4,reel62__8,reel22__4,1690,N,True
4,reel62__8,reel57__7,1690,N,True
4,239,reel57__7,1690,N,True
4,reel78__0,reel57__7,1690,N,True
4,reel62__8,reel65__8,1690,N,True
4,313,63,1690,N,True
4,261,63,1690,N,True
4,reel50__8,16,1690,N,True
4,261,16,1690,N,True
4,239,238,1690,N,True
4,313,238,1690,N,True
4,261,238,1690,N,True
4,98,238,1690,N,True
4,252,238,1690,N,True
4,261,reel2__7,1690,N,True
4,261,bot10__9,1690,N,True
4,261,reel32__6,1690,N,True
4,bot2__1,153,1690,N,True
4,bot2__1,155,1690,N,True
4,reel17__8,155,1690,N,True
4,bot2__1,bot8__9,1690,N,True
4,bot2__1,bot22__4,1690,N,True
4,136,125,1690,N,True
4,reel69__2,125,1690,N,True
4,246,reel13__0,1690,N,True
4,99,reel13__0,1690,N,True
4,bot78__6,reel13__0,1690,N,True
4,223,reel13__0,1690,N,True
4,302,reel19__5,1690,N,True
4,223,reel19__5,1690,N,True
4,223,bot84__2,1690,N,True
4,44,reel2__4,1690,N,True
4,44,bot3__7,1690,N,True
4,44,bot4__4,1690,N,True
4,44,reel15__6,1690,N,True
4,44,reel28__8,1690,N,True
4,44,bot42__0,1690,N,True
4,bot46__8,reel43__2,1690,N,True
4,bot46__8,bot74__9,1690,N,True
4,reel31__8,reel12__1,1690,N,True
4,87,reel12__1,1690,N,True
4,reel48__3,reel12__1,1690,N,True
4,reel31__8,108,1690,N,True
4,bot79__2,108,1690,N,True
4,320,108,1690,N,True
4,251,108,1690,N,True
4,reel23__6,bot33__4,1690,N,True
4,reel31__8,bot33__4,1690,N,True
4,bot19__4,bot33__4,1690,N,True
4,reel31__8,reel34__0,1690,N,True
4,bot35__4,reel34__0,1690,N,True
4,reel31__8,bot56__2,1690,N,True
4,bot9__2,bot56__2,1690,N,True
4,reel31__8,reel82__2,1690,N,True
4,bot77__2,reel50__2,1690,N,True
4,reel61__1,reel50__2,1690,N,True
4,reel37__8,reel50__2,1690,N,True
4,bot77__2,159,1690,N,True
4,320,159,1690,N,True
4,reel80__9,159,1690,N,True
4,reel9__2,159,1690,N,True
4,reel1__5,81,1690,N,True
4,reel1__5,bot43__6,1690,N,True
4,reel1__5,reel74__2,1690,N,True
4,bot83__7,reel58__3,1690,N,True
4,bot61__1,reel58__0,1690,N,True
4,246,reel0__3,1690,N,True
4,31,reel0__3,1690,N,True
4,bot1__6,reel0__3,1690,N,True
4,171,150,1690,N,True
4,reel4__4,150,1690,N,True
4,bot1__6,150,1690,N,True
4,bot1__6,bot17__8,1690,N,True
4,bot1__1,bot17__8,1690,N,True
4,bot83__3,bot68__9,1690,N,True
4,bot83__3,bot82__2,1690,N,True
4,reel26__9,reel52__1,1690,N,True
4,reel26__9,bot74__1,1690,N,True
4,reel26__9,reel82__8,1690,N,True
4,99,reel2__8,1690,N,True
4,99,reel14__3,1690,N,True
4,reel6__1,reel3__9,1690,N,True
4,reel6__1,bot22__0,1690,N,True
4,reel6__1,bot23__0,1690,N,True
4,reel6__1,reel33__5,1690,N,True
4,bot24__2,bot2__9,1690,N,True
4,45,bot2__9,1690,N,True
4,bot24__2,bot58__0,1690,N,True
4,bot50__3,bot11__2,1690,N,True
4,reel52__0,reel10__9,1690,N,True
4,327,reel10__9,1690,N,True
4,reel52__0,reel70__4,1690,N,True
4,213,178,1690,N,True
4,38,178,1690,N,True
4,321,reel14__0,1690,N,True
4,38,reel14__0,1690,N,True
4,187,24,1690,N,True
4,302,24,1690,N,True
4,187,266,1690,N,True
4,302,266,1690,N,True
4,187,254,1690,N,True
4,302,254,1690,N,True
4,302,57,1690,N,True
4,320,57,1690,N,True
4,213,57,1690,N,True
4,187,194,1690,N,True
4,302,194,1690,N,True
4,302,330,1690,N,True
4,187,101,1690,N,True
4,302,101,1690,N,True
4,302,53,1690,N,True
4,reel24__7,53,1690,N,True
4,213,53,1690,N,True
4,146,53,1690,N,True
4,302,204,1690,N,True
4,213,204,1690,N,True
4,187,92,1690,N,True
4,302,92,1690,N,True
4,reel35__7,92,1690,N,True
4,187,180,1690,N,True
4,302,180,1690,N,True
4,reel11__5,180,1690,N,True
4,308,329,1690,N,True
4,320,329,1690,N,True
4,308,bot0__8,1690,N,True
4,308,reel15__2,1690,N,True
4,bot70__6,reel15__2,1690,N,True
4,308,bot26__0,1690,N,True
4,308,reel77__8,1690,N,True
4,reel57__5,reel77__8,1690,N,True
4,308,reel81__0,1690,N,True
4,167,bot15__3,1690,N,True
4,167,reel19__0,1690,N,True
4,167,bot29__4,1690,N,True
4,167,bot58__8,1690,N,True
4,93,bot3__2,1690,N,True
4,32,bot3__2,1690,N,True
4,reel23__6,reel69__5,1690,N,True
4,93,reel69__5,1690,N,True
4,93,reel73__9,1690,N,True
4,26,295,1690,N,True
4,239,295,1690,N,True
4,reel8__4,295,1690,N,True
4,239,234,1690,N,True
4,313,60,1690,N,True
4,239,60,1690,N,True
4,239,reel4__2,1690,N,True
4,239,reel16__7,1690,N,True
4,reel38__6,reel16__7,1690,N,True
4,239,bot60__0,1690,N,True
4,102,bot60__0,1690,N,True
4,239,reel69__8,1690,N,True
4,68,reel4__7,1690,N,True
4,87,reel4__7,1690,N,True
4,reel18__2,reel4__7,1690,N,True
4,bot21__2,317,1690,N,True
4,146,317,1690,N,True
4,reel68__7,reel5__3,1690,N,True
4,68,bot4__7,1690,N,True
4,68,bot10__7,1690,N,True
4,68,bot13__5,1690,N,True
4,68,reel27__9,1690,N,True
4,68,bot36__1,1690,N,True
4,68,reel63__6,1690,N,True
4,68,bot79__4,1690,N,True
4,68,reel79__2,1690,N,True
4,26,bot0__7,1690,N,True
4,318,bot0__7,1690,N,True
4,318,reel0__2,1690,N,True
4,318,reel10__0,1690,N,True
4,318,reel12__2,1690,N,True
4,45,reel12__2,1690,N,True
4,318,reel19__2,1690,N,True
4,318,bot45__1,1690,N,True
4,318,reel54__4,1690,N,True
4,151,bot43__4,1690,N,True
4,170,reel81__2,1690,N,True
4,151,reel81__2,1690,N,True
4,reel16__1,reel5__5,1690,N,True
4,reel48__3,reel5__5,1690,N,True
4,reel29__0,233,1690,N,True
4,reel48__3,233,1690,N,True
4,reel48__3,reel49__0,1690,N,True
4,reel48__3,reel59__9,1690,N,True
4,reel48__3,reel74__4,1690,N,True
4,154,bot18__3,1690,N,True
4,154,reel62__7,1690,N,True
4,278,bot10__0,1690,N,True
4,337,reel24__9,1690,N,True
4,278,reel24__9,1690,N,True
4,278,bot34__2,1690,N,True
4,31,reel11__2,1690,N,True
4,reel18__9,reel11__2,1690,N,True
4,reel18__9,reel54__5,1690,N,True
4,reel20__3,reel83__4,1690,N,True
4,reel18__9,reel83__4,1690,N,True
4,reel40__1,207,1690,N,True
4,reel40__1,reel21__6,1690,N,True
4,133,reel21__6,1690,N,True
4,reel40__1,bot64__5,1690,N,True
4,bot76__7,reel75__3,1690,N,True
4,reel40__1,reel75__3,1690,N,True
4,reel37__1,reel27__2,1690,N,True
4,reel15__8,202,1690,N,True
4,136,reel71__8,1690,N,True
4,reel15__8,reel71__8,1690,N,True
4,28,reel13__8,1690,N,True
4,28,bot33__3,1690,N,True
4,bot70__6,reel68__3,1690,N,True
4,28,reel68__3,1690,N,True
4,reel60__0,42,1690,N,True
4,reel60__0,bot82__4,1690,N,True
4,reel3__6,262,1690,N,True
4,reel9__2,262,1690,N,True
4,reel3__6,reel43__8,1690,N,True
4,reel3__6,reel65__0,1690,N,True
4,170,85,1690,N,True
4,reel1__9,85,1690,N,True
4,323,85,1690,N,True
4,170,290,1690,N,True
4,67,290,1690,N,True
4,323,290,1690,N,True
4,reel31__6,75,1690,N,True
4,170,75,1690,N,True
4,67,75,1690,N,True
4,323,75,1690,N,True
4,98,258,1690,N,True
4,323,258,1690,N,True
4,323,bot3__0,1690,N,True
4,323,bot8__6,1690,N,True
4,reel11__9,bot21__1,1690,N,True
4,323,bot21__1,1690,N,True
4,323,bot39__2,1690,N,True
4,323,reel54__1,1690,N,True
4,323,bot55__7,1690,N,True
4,323,bot68__8,1690,N,True
4,reel30__4,bot33__9,1690,N,True
4,bot36__0,70,1690,N,True
4,bot3__1,70,1690,N,True
4,187,reel42__4,1690,N,True
4,reel44__5,reel7__6,1690,N,True
4,225,reel7__6,1690,N,True
4,251,reel55__1,1690,N,True
4,225,reel55__1,1690,N,True
4,147,reel61__3,1690,N,True
4,225,reel61__3,1690,N,True
4,311,132,1690,N,True
4,45,132,1690,N,True
4,bot7__3,132,1690,N,True
4,bot7__3,bot69__4,1690,N,True
4,bot7__3,bot83__5,1690,N,True
4,reel16__1,reel83__6,1690,N,True
4,reel38__4,reel58__9,1690,N,True
4,bot80__0,reel58__9,1690,N,True
4,bot21__2,bot19__3,1690,N,True
4,bot21__2,bot38__7,1690,N,True
4,reel37__8,reel65__5,1690,N,True
4,177,bot5__8,1690,N,True
4,bot13__2,bot5__8,1690,N,True
4,177,reel33__1,1690,N,True
4,177,reel47__0,1690,N,True
4,bot52__1,reel47__0,1690,N,True
4,177,reel53__7,1690,N,True
4,reel11__9,52,1690,N,True
4,reel11__9,reel43__3,1690,N,True
4,bot19__9,270,1690,N,True
4,bot1__1,270,1690,N,True
4,bot1__1,bot46__1,1690,N,True
4,reel23__6,reel67__9,1690,N,True
4,reel71__9,reel67__9,1690,N,True
4,reel59__2,bot61__8,1690,N,True
4,reel59__2,reel80__6,1690,N,True
4,reel59__2,reel81__9,1690,N,True
4,6,reel18__1,1690,N,True
4,reel37__3,reel18__1,1690,N,True
4,313,222,1690,N,True
4,reel37__3,222,1690,N,True
4,reel37__3,reel41__4,1690,N,True
4,reel50__8,reel71__1,1690,N,True
4,reel24__7,reel71__1,1690,N,True
4,reel50__8,reel72__0,1690,N,True
4,reel50__8,reel82__4,1690,N,True
4,reel11__5,reel14__5,1690,N,True
4,320,139,1690,N,True
4,251,139,1690,N,True
4,bot30__7,bot9__6,1690,N,True
4,251,bot9__6,1690,N,True
4,251,bot17__0,1690,N,True
4,reel57__9,reel24__5,1690,N,True
4,251,reel24__5,1690,N,True
4,148,reel24__5,1690,N,True
4,251,reel55__4,1690,N,True
4,251,bot78__7,1690,N,True
4,bot22__6,reel18__3,1690,N,True
4,50,reel20__7,1690,N,True
4,320,reel20__7,1690,N,True
4,bot22__6,reel20__7,1690,N,True
4,bot54__5,bot47__5,1690,N,True
4,bot2__4,54,1690,N,True
4,313,54,1690,N,True
4,reel11__1,54,1690,N,True
4,bot2__4,bot6__8,1690,N,True
4,bot58__9,bot6__8,1690,N,True
4,bot2__4,bot9__0,1690,N,True
4,bot2__4,bot11__0,1690,N,True
4,45,reel2__3,1690,N,True
4,45,bot5__1,1690,N,True
4,45,reel24__2,1690,N,True
4,45,reel77__6,1690,N,True
4,reel8__4,reel81__5,1690,N,True
4,bot73__9,bot53__4,1690,N,True
4,reel31__6,reel28__1,1690,N,True
4,reel31__6,bot47__4,1690,N,True
4,105,bot47__4,1690,N,True
4,reel31__6,reel69__4,1690,N,True
4,reel25__3,reel69__4,1690,N,True
4,reel31__6,reel69__7,1690,N,True
4,136,120,1690,N,True
4,247,120,1690,N,True
4,136,reel9__4,1690,N,True
4,136,reel50__3,1690,N,True
4,reel56__3,reel65__4,1690,N,True
4,reel4__4,bot5__6,1690,N,True
4,reel4__4,reel7__0,1690,N,True
4,reel4__4,reel52__4,1690,N,True
4,reel4__4,reel54__0,1690,N,True
4,reel4__4,reel54__3,1690,N,True
4,reel4__4,bot65__8,1690,N,True
4,reel50__5,reel66__9,1690,N,True
4,reel50__5,bot71__4,1690,N,True
4,reel50__5,reel81__7,1690,N,True
4,reel50__5,bot84__5,1690,N,True
4,170,250,1690,N,True
4,252,250,1690,N,True
4,247,29,1690,N,True
4,252,29,1690,N,True
4,170,bot61__3,1690,N,True
4,252,bot61__3,1690,N,True
4,252,reel72__1,1690,N,True
4,bot13__1,240,1690,N,True
4,bot13__1,bot34__9,1690,N,True
4,bot13__1,bot64__9,1690,N,True
4,50,331,1690,N,True
4,98,331,1690,N,True
4,50,reel17__6,1690,N,True
4,bot28__6,reel24__3,1690,N,True
4,bot5__3,reel0__6,1690,N,True
4,bot5__3,bot51__5,1690,N,True
4,reel40__6,reel38__5,1690,N,True
4,133,183,1690,N,True
4,133,reel19__3,1690,N,True
4,133,bot20__3,1690,N,True
4,133,bot27__1,1690,N,True
4,133,reel38__9,1690,N,True
4,133,bot73__5,1690,N,True
4,reel16__4,bot49__7,1690,N,True
4,reel16__4,reel65__7,1690,N,True
4,320,reel65__7,1690,N,True
4,102,reel21__0,1690,N,True
4,reel9__2,bot42__9,1690,N,True
4,reel9__2,bot75__7,1690,N,True
4,reel44__5,reel40__3,1690,N,True
4,32,reel40__3,1690,N,True
4,reel44__5,reel73__7,1690,N,True
4,20,reel1__2,1690,N,True
4,320,reel1__2,1690,N,True
4,20,bot15__4,1690,N,True
4,147,reel0__0,1690,N,True
4,147,reel27__5,1690,N,True
4,147,reel36__9,1690,N,True
4,147,bot39__8,1690,N,True
4,67,196,1690,N,True
4,67,reel9__9,1690,N,True
4,67,reel29__1,1690,N,True
4,67,reel46__7,1690,N,True
4,67,bot84__9,1690,N,True
4,333,reel18__4,1690,N,True
4,333,bot47__2,1690,N,True
4,313,bot1__7,1690,N,True
4,313,reel3__0,1690,N,True
4,313,bot49__6,1690,N,True
4,313,bot84__4,1690,N,True
4,reel80__2,reel77__3,1690,N,True
4,reel59__6,reel77__3,1690,N,True
4,143,reel10__6,1690,N,True
4,143,reel40__8,1690,N,True
4,bot43__7,bot52__0,1690,N,True
4,143,bot52__0,1690,N,True
4,bot55__8,bot34__5,1690,N,True
4,bot55__8,237,1690,N,True
4,31,237,1690,N,True
4,reel59__6,237,1690,N,True
4,reel68__1,reel25__4,1690,N,True
4,reel68__1,reel11__3,1690,N,True
4,2,reel11__3,1690,N,True
4,bot46__6,bot23__3,1690,N,True
4,bot46__6,bot62__3,1690,N,True
4,bot30__7,bot44__5,1690,N,True
4,bot32__5,reel9__3,1690,N,True
4,2,reel9__3,1690,N,True
4,2,reel53__0,1690,N,True
4,reel17__8,reel26__3,1690,N,True
4,reel17__8,reel41__2,1690,N,True
4,reel17__8,bot58__1,1690,N,True
4,reel17__8,bot68__6,1690,N,True
4,bot9__9,bot7__9,1690,N,True
4,bot9__9,bot29__6,1690,N,True
4,bot9__9,bot59__1,1690,N,True
4,bot55__2,bot40__1,1690,N,True
4,bot55__2,reel26__5,1690,N,True
4,bot55__2,bot70__3,1690,N,True
4,171,107,1690,N,True
4,bot35__4,107,1690,N,True
4,bot19__9,bot76__6,1690,N,True
4,170,124,1690,N,True
4,170,bot6__3,1690,N,True
4,148,bot6__3,1690,N,True
4,170,bot45__5,1690,N,True
4,bot45__6,bot2__0,1690,N,True
4,bot45__6,bot1__2,1690,N,True
4,bot45__6,bot53__0,1690,N,True
4,337,bot9__3,1690,N,True
4,337,bot14__5,1690,N,True
4,320,bot14__5,1690,N,True
4,337,reel15__1,1690,N,True
4,reel23__6,bot31__5,1690,N,True
4,337,bot31__5,1690,N,True
4,bot13__2,bot31__5,1690,N,True
4,337,reel34__5,1690,N,True
4,337,reel76__6,1690,N,True
4,reel53__3,reel42__2,1690,N,True
4,98,reel42__2,1690,N,True
4,347,bot29__1,1690,N,True
4,347,bot53__7,1690,N,True
4,347,bot61__2,1690,N,True
4,247,bot83__0,1690,N,True
4,347,bot83__0,1690,N,True
4,reel59__6,reel6__8,1690,N,True
4,213,bot2__2,1690,N,True
4,213,bot8__2,1690,N,True
4,321,bot16__3,1690,N,True
4,213,bot16__3,1690,N,True
4,213,reel33__9,1690,N,True
4,213,bot34__8,1690,N,True
4,213,reel37__5,1690,N,True
4,213,bot54__7,1690,N,True
4,213,bot80__4,1690,N,True
4,bot13__2,bot2__3,1690,N,True
4,bot83__4,bot36__8,1690,N,True
4,bot9__2,bot28__7,1690,N,True
4,bot9__2,bot39__3,1690,N,True
4,243,216,1690,N,True
4,bot23__1,bot81__1,1690,N,True
4,31,51,1690,N,True
4,31,bot1__4,1690,N,True
4,31,reel35__6,1690,N,True
4,14,reel35__6,1690,N,True
4,31,reel44__9,1690,N,True
4,reel55__8,305,1690,N,True
4,105,reel46__5,1690,N,True
4,105,bot61__5,1690,N,True
4,reel1__9,bot2__8,1690,N,True
4,reel1__9,reel24__8,1690,N,True
4,reel1__9,reel27__0,1690,N,True
4,reel1__9,bot55__0,1690,N,True
4,reel1__9,reel68__9,1690,N,True
4,144,reel52__6,1690,N,True
4,reel1__3,198,1690,N,True
4,reel57__6,198,1690,N,True
4,reel1__3,bot26__5,1690,N,True
4,bot2__6,bot26__5,1690,N,True
4,171,58,1690,N,True
4,reel44__2,58,1690,N,True
4,bot70__1,58,1690,N,True
4,bot3__9,253,1690,N,True
4,bot3__9,288,1690,N,True
4,bot18__5,bot15__0,1690,N,True
4,110,bot15__0,1690,N,True
4,reel40__2,bot48__1,1690,N,True
4,reel40__2,reel70__3,1690,N,True
4,bot43__7,bot33__2,1690,N,True
4,bot43__7,reel26__1,1690,N,True
4,reel30__5,reel46__1,1690,N,True
4,reel30__5,reel74__1,1690,N,True
4,reel77__5,reel6__7,1690,N,True
4,321,bot26__8,1690,N,True
4,226,bot26__8,1690,N,True
4,226,bot71__3,1690,N,True
4,111,279,1690,N,True
4,111,reel1__7,1690,N,True
4,111,reel6__2,1690,N,True
4,bot20__7,reel18__7,1690,N,True
4,95,reel18__7,1690,N,True
4,bot52__1,reel46__9,1690,N,True
4,14,reel16__3,1690,N,True
4,14,bot40__3,1690,N,True
4,14,reel71__2,1690,N,True
4,148,229,1690,N,True
4,148,bot33__0,1690,N,True
4,148,bot48__8,1690,N,True
4,224,bot16__6,1690,N,True
4,224,bot17__5,1690,N,True
4,224,reel34__3,1690,N,True
4,224,reel41__9,1690,N,True
4,reel20__3,bot56__3,1690,N,True
4,reel29__0,reel36__0,1690,N,True
4,bot80__5,reel54__6,1690,N,True
4,reel38__6,307,1690,N,True
4,reel38__6,bot58__5,1690,N,True
4,reel38__6,bot62__1,1690,N,True
4,320,bot10__1,1690,N,True
4,320,bot15__7,1690,N,True
4,321,reel4__0,1690,N,True
4,reel35__7,reel4__0,1690,N,True
4,bot37__6,reel12__8,1690,N,True
4,bot37__6,bot84__3,1690,N,True
4,reel24__7,reel22__0,1690,N,True
4,reel24__7,reel76__1,1690,N,True
4,110,bot7__6,1690,N,True
4,110,bot22__1,1690,N,True
4,reel18__2,reel31__0,1690,N,True
4,110,reel31__0,1690,N,True
4,110,bot40__6,1690,N,True
4,110,bot44__3,1690,N,True
4,110,reel51__3,1690,N,True
4,110,reel52__5,1690,N,True
4,171,64,1690,N,True
4,171,217,1690,N,True
4,171,bot0__6,1690,N,True
4,171,bot30__0,1690,N,True
4,171,reel35__3,1690,N,True
4,171,reel39__9,1690,N,True
4,bot17__2,reel7__9,1690,N,True
4,bot17__2,bot37__7,1690,N,True
4,bot31__1,145,1690,N,True
4,bot31__1,bot66__8,1690,N,True
4,116,bot35__3,1690,N,True
4,116,reel58__1,1690,N,True
4,116,reel71__7,1690,N,True
4,116,bot74__5,1690,N,True
4,bot19__4,bot13__7,1690,N,True
4,bot19__4,bot61__6,1690,N,True
4,321,bot0__5,1690,N,True
4,321,reel79__4,1690,N,True
4,bot20__7,bot37__1,1690,N,True
4,bot20__7,bot44__7,1690,N,True
4,reel35__1,157,1690,N,True
4,reel35__1,bot47__9,1690,N,True
4,bot56__1,bot27__0,1690,N,True
4,bot56__1,bot60__5,1690,N,True
4,bot40__5,bot49__8,1690,N,True
4,327,bot13__4,1690,N,True
4,327,bot65__1,1690,N,True
4,246,bot6__9,1690,N,True
4,246,reel30__3,1690,N,True
4,26,298,1690,N,True
4,26,bot0__2,1690,N,True
4,26,bot16__8,1690,N,True
4,reel73__6,reel72__7,1690,N,True
4,6,bot10__5,1690,N,True
4,6,bot67__4,1690,N,True
4,6,bot72__6,1690,N,True
4,bot46__4,bot84__0,1690,N,True
4,reel25__3,reel34__2,1690,N,True
4,reel25__3,bot78__2,1690,N,True
4,reel11__1,bot16__2,1690,N,True
4,reel11__1,bot72__7,1690,N,True
4,311,bot29__8,1690,N,True
4,bot32__5,bot44__4,1690,N,True
4,bot32__5,bot64__0,1690,N,True
4,247,bot23__4,1690,N,True
4,32,reel14__2,1690,N,True
4,32,reel41__3,1690,N,True
4,32,reel58__5,1690,N,True
4,32,reel72__9,1690,N,True
4,bot15__2,bot60__8,1690,N,True
4,reel23__6,reel29__4,1690,N,True
4,103,reel33__7,1690,N,True
4,bot37__2,bot65__7,1690,N,True
4,reel31__7,reel13__3,1690,N,True
4,98,reel40__4,1690,N,True
4,bot7__6,bot12__5,1691,N,True
4,bot69__0,bot12__5,1691,N,True
4,bot4__4,bot12__5,1691,N,True
4,reel14__6,bot83__4,1691,N,True
4,bot36__8,bot83__4,1691,N,True
4,bot16__7,bot31__8,1691,N,True
4,reel12__9,bot73__0,1691,N,True
4,bot1__7,bot73__0,1691,N,True
4,reel48__5,bot73__0,1691,N,True
4,reel22__0,bot46__3,1691,N,True
4,reel34__0,bot46__3,1691,N,True
4,reel23__5,bot46__3,1691,N,True
4,reel14__1,reel67__0,1691,N,True
4,reel28__0,reel67__0,1691,N,True
4,reel23__5,reel67__0,1691,N,True
4,reel23__5,reel77__2,1691,N,True
4,reel44__9,reel49__8,1691,N,True
4,reel37__0,reel49__8,1691,N,True
4,reel60__7,reel73__3,1691,N,True
4,reel65__3,reel73__3,1691,N,True
4,reel37__0,reel73__3,1691,N,True
4,reel17__2,bot46__9,1691,N,True
4,bot29__5,bot46__9,1691,N,True
4,bot1__6,bot17__8,1691,N,True
4,bot1__1,bot17__8,1691,N,True
4,reel12__5,bot69__3,1691,N,True
4,bot1__6,bot69__3,1691,N,True
4,bot16__3,bot53__9,1691,N,True
4,bot17__1,bot53__9,1691,N,True
4,reel25__9,bot53__9,1691,N,True
4,bot45__1,bot74__5,1691,N,True
4,bot20__6,bot49__6,1691,N,True
4,reel25__4,reel68__1,1691,N,True
4,reel11__3,reel68__1,1691,N,True
4,reel23__2,reel24__3,1691,N,True
4,reel23__2,reel46__1,1691,N,True
4,bot83__0,reel36__8,1691,N,True
4,reel25__2,reel36__8,1691,N,True
4,bot3__0,bot38__2,1691,N,True
4,bot44__9,bot16__4,1691,N,True
4,reel5__4,bot16__4,1691,N,True
4,bot25__1,bot16__4,1691,N,True
4,bot8__3,bot16__4,1691,N,True
4,bot2__0,bot45__6,1691,N,True
4,bot1__2,bot45__6,1691,N,True
4,bot18__2,bot45__6,1691,N,True
4,reel55__7,reel36__4,1691,N,True
4,reel2__0,reel36__4,1691,N,True
4,reel20__2,reel36__4,1691,N,True
4,reel58__0,bot61__1,1691,N,True
4,reel2__0,bot61__1,1691,N,True
4,bot38__4,bot28__9,1691,N,True
4,reel15__5,bot28__9,1691,N,True
4,reel11__6,reel58__1,1691,N,True
4,reel15__5,reel58__1,1691,N,True
4,reel21__5,bot82__6,1691,N,True
4,reel15__5,bot82__6,1691,N,True
4,reel61__9,reel54__5,1691,N,True
4,reel76__5,reel54__5,1691,N,True
4,reel22__9,reel54__5,1691,N,True
4,reel18__9,reel54__5,1691,N,True
4,reel24__7,reel42__5,1691,N,True
4,reel4__9,reel42__5,1691,N,True
4,reel15__2,reel42__5,1691,N,True
4,reel48__4,reel42__5,1691,N,True
4,reel15__2,bot63__8,1691,N,True
4,reel39__2,bot63__8,1691,N,True
4,reel7__9,bot17__2,1691,N,True
4,bot37__7,bot17__2,1691,N,True
4,bot13__8,bot17__2,1691,N,True
4,reel12__7,bot37__0,1691,N,True
4,bot8__2,bot37__0,1691,N,True
4,bot39__0,bot60__1,1691,N,True
4,reel20__8,bot60__1,1691,N,True
4,bot39__8,bot58__2,1691,N,True
4,bot15__7,bot58__2,1691,N,True
4,bot22__1,bot32__9,1691,N,True
4,bot19__0,bot32__9,1691,N,True
4,bot22__1,bot38__5,1691,N,True
4,reel35__2,bot38__5,1691,N,True
4,reel35__0,bot38__5,1691,N,True
4,bot22__1,bot79__9,1691,N,True
4,reel38__7,bot79__9,1691,N,True
4,reel47__1,bot54__8,1691,N,True
4,reel27__2,bot54__8,1691,N,True
4,bot33__7,bot79__6,1691,N,True
4,reel75__7,bot79__6,1691,N,True
4,bot39__6,bot67__7,1691,N,True
4,reel18__1,bot67__7,1691,N,True
4,reel36__6,reel81__4,1691,N,True
4,reel67__1,reel81__4,1691,N,True
4,reel18__1,reel81__4,1691,N,True
4,bot16__8,bot21__5,1691,N,True
4,reel5__8,bot21__5,1691,N,True
4,bot41__5,bot21__5,1691,N,True
4,reel30__3,bot69__5,1691,N,True
4,bot0__9,bot69__5,1691,N,True
4,reel67__3,bot69__5,1691,N,True
4,reel16__9,bot74__0,1691,N,True
4,reel22__5,bot74__0,1691,N,True
4,bot13__7,bot74__0,1691,N,True
4,reel3__0,reel12__3,1691,N,True
4,reel3__0,bot34__3,1691,N,True
4,reel6__3,bot34__3,1691,N,True
4,bot82__9,bot34__3,1691,N,True
4,reel22__7,reel65__5,1691,N,True
4,reel13__3,reel65__5,1691,N,True
4,reel37__8,reel65__5,1691,N,True
4,reel28__9,reel66__2,1691,N,True
4,reel44__1,reel66__2,1691,N,True
4,reel28__1,reel66__2,1691,N,True
4,reel44__1,reel72__4,1691,N,True
4,reel19__2,reel72__4,1691,N,True
4,reel47__6,reel72__4,1691,N,True
4,reel20__1,reel78__4,1691,N,True
4,reel16__1,reel78__4,1691,N,True
4,reel71__1,reel80__8,1691,N,True
4,reel16__1,reel80__8,1691,N,True
4,reel32__2,reel83__6,1691,N,True
4,reel16__1,reel83__6,1691,N,True
4,reel9__6,bot38__8,1691,N,True
4,bot12__2,bot38__8,1691,N,True
4,bot43__3,bot38__8,1691,N,True
4,bot19__3,bot45__2,1691,N,True
4,bot7__6,bot45__2,1691,N,True
4,bot55__6,bot45__2,1691,N,True
4,bot7__6,bot45__3,1691,N,True
4,bot65__5,bot45__3,1691,N,True
4,bot55__3,bot45__3,1691,N,True
4,bot7__6,bot84__1,1691,N,True
4,reel9__3,reel50__6,1691,N,True
4,bot46__2,bot49__2,1691,N,True
4,bot10__4,bot49__2,1691,N,True
4,bot46__2,bot52__2,1691,N,True
4,bot29__5,bot52__2,1691,N,True
4,reel54__6,reel40__5,1691,N,True
4,reel38__8,reel40__5,1691,N,True
4,reel37__7,reel40__5,1691,N,True
4,reel38__8,reel55__0,1691,N,True
4,reel38__8,bot68__4,1691,N,True
4,reel2__4,bot68__4,1691,N,True
4,reel36__6,bot50__8,1691,N,True
4,reel27__7,bot50__8,1691,N,True
4,reel31__6,bot47__4,1691,N,True
4,reel27__0,bot47__4,1691,N,True
4,reel31__6,reel69__4,1691,N,True
4,reel31__6,reel69__7,1691,N,True
4,reel57__4,bot83__3,1691,N,True
4,bot68__9,bot83__3,1691,N,True
4,bot13__1,bot34__9,1691,N,True
4,reel9__9,bot34__9,1691,N,True
4,reel15__6,bot34__9,1691,N,True
4,bot13__1,bot64__9,1691,N,True
4,bot3__5,bot64__9,1691,N,True
4,reel2__4,bot64__9,1691,N,True
4,bot79__2,reel45__9,1691,N,True
4,reel6__0,bot44__2,1691,N,True
4,reel6__0,bot47__1,1691,N,True
4,reel28__1,bot47__1,1691,N,True
4,reel32__2,reel80__3,1691,N,True
4,reel49__9,reel80__3,1691,N,True
4,reel7__4,bot28__6,1691,N,True
4,bot71__2,bot67__6,1691,N,True
4,reel7__4,bot67__6,1691,N,True
4,reel35__5,bot53__3,1691,N,True
4,bot1__1,bot53__3,1691,N,True
4,reel35__5,bot67__0,1691,N,True
4,reel12__6,bot40__5,1691,N,True
4,bot6__4,bot40__5,1691,N,True
4,reel37__8,reel41__0,1691,N,True
4,reel12__6,reel41__0,1691,N,True
4,reel63__5,reel41__0,1691,N,True
4,reel12__6,reel50__4,1691,N,True
4,reel7__6,bot54__3,1691,N,True
4,reel7__6,reel57__7,1691,N,True
4,reel62__8,reel57__7,1691,N,True
4,reel78__0,reel57__7,1691,N,True
4,reel18__8,bot21__4,1691,N,True
4,bot76__2,bot21__4,1691,N,True
4,reel25__7,bot72__4,1691,N,True
4,reel55__3,bot72__4,1691,N,True
4,bot52__7,reel46__8,1691,N,True
4,reel22__9,reel46__8,1691,N,True
4,reel5__2,reel46__8,1691,N,True
4,reel42__3,bot78__1,1691,N,True
4,bot24__7,bot78__1,1691,N,True
4,reel18__3,reel72__9,1691,N,True
4,reel15__6,bot25__8,1691,N,True
4,reel12__9,bot25__8,1691,N,True
4,bot16__5,bot25__8,1691,N,True
4,bot55__5,bot54__1,1691,N,True
4,reel18__8,bot54__1,1691,N,True
4,reel26__2,bot27__7,1691,N,True
4,bot18__4,bot27__7,1691,N,True
4,bot13__7,bot23__8,1691,N,True
4,reel21__9,bot23__8,1691,N,True
4,bot0__7,bot23__8,1691,N,True
4,bot28__0,bot23__8,1691,N,True
4,bot52__4,bot45__4,1691,N,True
4,reel24__0,bot45__4,1691,N,True
4,reel32__8,bot45__4,1691,N,True
4,bot34__7,bot62__8,1691,N,True
4,bot31__0,bot62__8,1691,N,True
4,reel62__5,reel48__7,1691,N,True
4,reel27__2,reel48__7,1691,N,True
4,reel27__2,reel54__0,1691,N,True
4,reel2__4,reel54__0,1691,N,True
4,reel62__7,reel71__4,1691,N,True
4,reel54__6,reel71__4,1691,N,True
4,reel70__6,reel71__4,1691,N,True
4,reel35__3,bot41__8,1691,N,True
4,bot53__4,bot41__8,1691,N,True
4,reel33__8,bot41__8,1691,N,True
4,bot53__4,bot69__8,1691,N,True
4,bot12__7,bot69__8,1691,N,True
4,bot53__4,bot73__9,1691,N,True
4,reel66__0,bot73__9,1691,N,True
4,reel19__1,reel41__8,1691,N,True
4,reel26__7,reel41__8,1691,N,True
4,reel26__7,bot81__7,1691,N,True
4,bot67__5,bot70__7,1691,N,True
4,bot28__2,bot70__7,1691,N,True
4,bot12__7,bot30__2,1691,N,True
4,reel25__7,bot67__9,1691,N,True
4,bot12__7,bot67__9,1691,N,True
4,reel62__0,reel79__3,1691,N,True
4,reel14__1,reel42__6,1691,N,True
4,bot9__7,bot25__0,1691,N,True
4,bot58__5,bot25__0,1691,N,True
4,bot62__4,bot25__0,1691,N,True
4,reel47__4,reel46__5,1691,N,True
4,reel63__6,reel46__5,1691,N,True
4,reel38__7,reel46__5,1691,N,True
4,reel39__0,reel46__5,1691,N,True
4,reel4__7,reel18__2,1691,N,True
4,reel4__7,reel59__3,1691,N,True
4,reel55__9,reel56__8,1691,N,True
4,reel22__9,reel56__8,1691,N,True
4,reel13__3,reel56__8,1691,N,True
4,reel82__9,reel56__8,1691,N,True
4,reel22__9,bot57__0,1691,N,True
4,bot43__6,bot57__0,1691,N,True
4,bot66__0,bot57__0,1691,N,True
4,reel22__9,bot64__6,1691,N,True
4,reel22__9,reel74__6,1691,N,True
4,reel25__6,reel74__6,1691,N,True
4,bot60__0,bot24__5,1691,N,True
4,bot10__3,bot24__5,1691,N,True
4,bot15__7,bot24__5,1691,N,True
4,bot25__5,bot80__3,1691,N,True
4,reel40__4,bot80__3,1691,N,True
4,reel70__6,reel62__2,1691,N,True
4,bot72__8,reel62__2,1691,N,True
4,reel26__3,reel17__8,1691,N,True
4,bot22__2,reel17__8,1691,N,True
4,bot69__6,bot80__1,1691,N,True
4,reel63__6,bot65__1,1691,N,True
4,reel41__5,bot42__4,1691,N,True
4,reel2__4,bot42__4,1691,N,True
4,reel2__4,reel59__7,1691,N,True
4,reel16__7,reel59__7,1691,N,True
4,bot74__7,bot36__9,1691,N,True
4,reel14__7,bot72__7,1691,N,True
4,reel11__1,bot72__7,1691,N,True
4,reel27__6,reel47__8,1691,N,True
4,reel27__6,bot76__6,1691,N,True
4,bot19__9,bot76__6,1691,N,True
4,reel58__7,bot78__2,1691,N,True
4,bot3__8,bot78__2,1691,N,True
4,bot1__9,bot36__3,1691,N,True
4,reel4__9,bot36__3,1691,N,True
4,bot5__1,bot62__9,1691,N,True
4,reel10__6,bot62__9,1691,N,True
4,reel67__3,bot81__4,1691,N,True
4,reel16__3,bot21__0,1691,N,True
4,reel32__2,bot78__3,1691,N,True
4,reel16__3,bot78__3,1691,N,True
4,bot29__1,bot78__3,1691,N,True
4,bot78__7,bot77__6,1691,N,True
4,bot23__3,bot77__6,1691,N,True
4,bot9__0,bot15__8,1691,N,True
4,bot65__9,bot15__8,1691,N,True
4,bot9__0,bot70__8,1691,N,True
4,bot65__4,bot55__9,1691,N,True
4,bot47__8,bot55__9,1691,N,True
4,bot23__3,bot55__9,1691,N,True
4,bot10__7,bot55__9,1691,N,True
4,reel44__2,reel36__1,1691,N,True
4,reel31__4,reel36__1,1691,N,True
4,reel80__9,reel36__1,1691,N,True
4,reel1__5,bot13__3,1691,N,True
4,bot26__0,bot13__3,1691,N,True
4,reel72__1,reel74__2,1691,N,True
4,reel1__5,reel74__2,1691,N,True
4,bot71__1,bot58__6,1691,N,True
4,reel4__9,reel56__6,1691,N,True
4,bot58__3,bot83__6,1691,N,True
4,bot43__6,bot59__2,1691,N,True
4,reel22__8,bot59__2,1691,N,True
4,bot43__6,bot82__3,1691,N,True
4,reel9__4,reel42__7,1691,N,True
4,reel21__7,reel42__7,1691,N,True
4,reel30__8,reel43__3,1691,N,True
4,reel37__7,reel30__2,1691,N,True
4,reel13__2,reel30__2,1691,N,True
4,bot43__3,bot50__6,1691,N,True
4,bot51__8,bot44__0,1691,N,True
4,bot3__6,bot44__0,1691,N,True
4,bot26__0,bot44__0,1691,N,True
4,reel26__2,reel32__4,1691,N,True
4,reel2__9,reel32__4,1691,N,True
4,reel30__9,reel32__4,1691,N,True
4,reel35__4,bot57__7,1691,N,True
4,reel30__9,bot57__7,1691,N,True
4,bot23__0,bot57__7,1691,N,True
4,bot68__0,reel43__9,1691,N,True
4,reel35__2,reel43__9,1691,N,True
4,reel13__2,reel66__1,1691,N,True
4,reel64__1,reel66__7,1691,N,True
4,reel13__2,reel66__7,1691,N,True
4,reel8__1,reel66__7,1691,N,True
4,reel13__5,bot22__3,1691,N,True
4,reel73__9,reel64__2,1691,N,True
4,reel24__0,reel64__2,1691,N,True
4,bot8__3,bot26__9,1691,N,True
4,bot12__9,bot26__9,1691,N,True
4,reel29__2,bot48__9,1691,N,True
4,bot31__0,bot46__1,1691,N,True
4,bot1__1,bot46__1,1691,N,True
4,bot15__7,bot20__9,1691,N,True
4,reel50__8,reel72__0,1691,N,True
4,reel50__8,reel82__4,1691,N,True
4,reel59__8,reel82__4,1691,N,True
4,bot6__5,bot32__2,1691,N,True
4,bot18__1,bot32__2,1691,N,True
4,reel9__4,bot32__2,1691,N,True
4,reel56__5,reel67__7,1691,N,True
4,reel9__4,reel67__7,1691,N,True
4,bot16__3,bot23__4,1691,N,True
4,bot34__8,bot23__4,1691,N,True
4,bot16__3,bot39__3,1691,N,True
4,reel14__4,bot20__7,1691,N,True
4,reel14__4,reel35__1,1691,N,True
4,reel22__1,reel35__1,1691,N,True
4,bot48__7,bot32__8,1691,N,True
4,reel0__6,bot32__8,1691,N,True
4,reel0__6,reel69__6,1691,N,True
4,bot66__6,bot4__2,1691,N,True
4,reel32__9,reel63__2,1691,N,True
4,bot5__0,bot21__9,1691,N,True
4,bot24__7,bot21__9,1691,N,True
4,reel10__3,bot32__1,1691,N,True
4,reel20__9,bot47__7,1691,N,True
4,reel10__3,bot47__7,1691,N,True
4,reel50__2,bot83__8,1691,N,True
4,bot29__1,bot83__8,1691,N,True
4,reel65__0,reel3__6,1691,N,True
4,bot4__5,reel3__6,1691,N,True
4,reel22__5,reel3__6,1691,N,True
4,reel66__0,reel3__6,1691,N,True
4,bot8__7,bot14__8,1691,N,True
4,reel11__0,bot35__0,1691,N,True
4,reel30__0,reel51__8,1691,N,True
4,reel11__0,reel51__8,1691,N,True
4,reel49__0,reel48__3,1691,N,True
4,bot18__1,bot47__9,1691,N,True
4,reel28__1,reel50__1,1691,N,True
4,bot36__2,bot13__6,1691,N,True
4,bot2__4,bot57__3,1691,N,True
4,reel21__8,bot57__3,1691,N,True
4,bot36__2,bot57__3,1691,N,True
4,bot36__2,bot57__4,1691,N,True
4,bot36__0,bot46__6,1691,N,True
4,reel12__4,bot46__6,1691,N,True
4,bot23__3,bot46__6,1691,N,True
4,reel11__4,bot28__1,1691,N,True
4,bot22__4,bot28__1,1691,N,True
4,reel16__7,bot28__1,1691,N,True
4,reel20__5,bot26__4,1691,N,True
4,bot34__4,bot26__4,1691,N,True
4,bot23__0,bot26__4,1691,N,True
4,reel8__0,bot26__4,1691,N,True
4,reel14__8,bot25__9,1691,N,True
4,bot36__0,bot25__9,1691,N,True
4,bot23__1,bot25__9,1691,N,True
4,bot29__4,bot75__0,1691,N,True
4,bot70__4,bot75__0,1691,N,True
4,reel33__6,reel66__4,1691,N,True
4,reel35__3,reel51__7,1691,N,True
4,reel73__4,reel51__7,1691,N,True
4,reel61__7,reel50__0,1691,N,True
4,reel6__7,reel50__0,1691,N,True
4,reel37__9,reel50__0,1691,N,True
4,reel6__7,reel77__5,1691,N,True
4,reel31__2,bot33__5,1691,N,True
4,reel31__2,reel33__5,1691,N,True
4,reel6__1,reel33__5,1691,N,True
4,reel14__7,reel33__5,1691,N,True
4,reel45__6,reel79__9,1691,N,True
4,reel31__2,reel79__9,1691,N,True
4,reel20__2,reel79__9,1691,N,True
4,reel39__7,reel72__6,1691,N,True
4,reel7__8,bot52__1,1691,N,True
4,reel46__9,bot52__1,1691,N,True
4,reel7__8,bot54__5,1691,N,True
4,reel43__7,bot54__5,1691,N,True
4,reel22__5,reel57__9,1691,N,True
4,reel7__8,reel57__9,1691,N,True
4,reel22__2,bot76__9,1691,N,True
4,bot14__4,bot76__9,1691,N,True
4,reel22__2,bot43__5,1691,N,True
4,bot56__8,bot43__5,1691,N,True
4,reel14__3,bot48__0,1691,N,True
4,reel37__9,bot78__9,1691,N,True
4,reel76__3,reel82__0,1691,N,True
4,reel37__9,reel82__0,1691,N,True
4,reel25__8,reel75__3,1691,N,True
4,reel28__2,reel45__7,1691,N,True
4,reel28__2,reel61__4,1691,N,True
4,reel5__6,reel61__4,1691,N,True
4,reel74__3,reel36__5,1691,N,True
4,bot37__2,bot65__7,1691,N,True
4,reel19__4,bot65__7,1691,N,True
4,reel20__2,bot42__9,1691,N,True
4,reel41__7,reel43__2,1691,N,True
4,reel20__2,reel43__2,1691,N,True
4,reel16__7,reel43__2,1691,N,True
4,bot17__9,bot3__3,1691,N,True
4,reel0__8,bot3__3,1691,N,True
4,reel0__8,bot7__4,1691,N,True
4,reel12__2,reel58__8,1691,N,True
4,reel0__8,reel58__8,1691,N,True
4,reel0__8,bot73__5,1691,N,True
4,reel58__7,reel29__1,1691,N,True
4,reel27__9,reel29__1,1691,N,True
4,reel27__9,reel44__0,1691,N,True
4,reel58__0,bot67__3,1691,N,True
4,reel48__4,reel66__5,1691,N,True
4,reel63__5,bot64__0,1691,N,True
4,reel15__1,bot64__0,1691,N,True
4,reel60__9,reel69__9,1691,N,True
4,reel17__0,bot59__0,1691,N,True
4,reel30__0,bot76__1,1691,N,True
4,bot0__5,bot19__7,1691,N,True
4,bot12__8,bot57__2,1691,N,True
4,reel26__2,bot65__6,1691,N,True
4,bot12__8,bot65__6,1691,N,True
4,bot39__9,bot65__6,1691,N,True
4,bot70__0,reel63__9,1691,N,True
4,reel25__4,reel63__9,1691,N,True
4,reel6__1,reel16__6,1691,N,True
4,reel76__1,reel16__6,1691,N,True
4,reel6__1,bot41__9,1691,N,True
4,reel2__9,bot41__9,1691,N,True
4,reel52__0,reel10__9,1691,N,True
4,reel5__8,bot64__3,1691,N,True
4,reel52__0,bot64__3,1691,N,True
4,reel39__5,bot54__4,1691,N,True
4,bot24__9,bot62__0,1691,N,True
4,reel20__6,bot62__0,1691,N,True
4,reel14__8,reel19__9,1691,N,True
4,bot44__9,reel19__9,1691,N,True
4,reel14__8,bot54__0,1691,N,True
4,reel46__2,bot54__0,1691,N,True
4,reel44__9,bot61__5,1691,N,True
4,reel34__5,bot61__5,1691,N,True
4,bot35__5,bot66__4,1691,N,True
4,reel4__6,bot31__4,1691,N,True
4,bot53__8,bot31__4,1691,N,True
4,reel49__7,reel51__6,1691,N,True
4,reel2__9,reel43__8,1691,N,True
4,reel2__9,reel74__4,1691,N,True
4,reel10__6,reel74__4,1691,N,True
4,bot66__8,bot31__1,1691,N,True
4,reel12__4,bot31__1,1691,N,True
4,bot11__7,bot74__9,1691,N,True
4,reel68__0,reel62__1,1691,N,True
4,reel29__3,reel62__1,1691,N,True
4,reel51__9,reel62__1,1691,N,True
4,reel5__9,bot23__2,1691,N,True
4,reel19__4,bot23__2,1691,N,True
4,reel19__4,reel58__5,1691,N,True
4,reel19__4,reel75__4,1691,N,True
4,reel5__9,bot14__0,1691,N,True
4,reel58__7,reel79__1,1691,N,True
4,reel59__2,reel79__1,1691,N,True
4,reel35__4,reel79__1,1691,N,True
4,bot48__3,bot52__3,1691,N,True
4,bot60__4,bot63__4,1691,N,True
4,reel8__4,reel77__9,1691,N,True
4,reel8__4,reel81__5,1691,N,True
4,bot34__8,bot73__6,1691,N,True
4,reel66__6,reel31__9,1691,N,True
4,reel15__4,reel31__9,1691,N,True
4,reel31__3,bot76__4,1691,N,True
4,reel21__8,bot49__4,1691,N,True
4,bot53__2,bot49__4,1691,N,True
4,reel61__7,reel76__9,1691,N,True
4,reel10__2,bot70__9,1691,N,True
4,reel23__4,bot40__3,1691,N,True
4,reel37__8,reel73__8,1691,N,True
4,reel46__9,reel73__8,1691,N,True
4,bot55__8,bot72__5,1691,N,True
4,reel19__1,bot29__2,1691,N,True
4,reel2__1,bot29__2,1691,N,True
4,reel68__0,reel70__7,1691,N,True
4,bot40__6,bot37__8,1691,N,True
4,reel4__2,bot81__3,1691,N,True
4,reel37__2,reel68__4,1691,N,True
4,reel41__7,reel68__4,1691,N,True
4,reel17__4,reel56__1,1691,N,True
4,reel34__5,reel56__1,1691,N,True
4,bot41__1,bot82__2,1691,N,True
4,bot6__4,bot82__2,1691,N,True
4,reel9__6,bot33__3,1691,N,True
4,reel9__6,reel38__1,1691,N,True
4,bot42__1,bot61__0,1691,N,True
4,bot37__6,bot84__3,1691,N,True
4,bot4__0,bot65__8,1691,N,True
4,bot32__7,bot37__5,1691,N,True
4,bot27__1,bot37__5,1691,N,True
4,reel49__1,bot64__8,1691,N,True
4,bot53__2,bot64__8,1691,N,True
4,reel34__9,bot50__0,1691,N,True
4,bot39__2,bot48__5,1691,N,True
4,reel35__6,bot48__5,1691,N,True
4,reel37__4,bot48__5,1691,N,True
4,reel83__5,reel73__6,1691,N,True
4,reel72__7,reel73__6,1691,N,True
4,reel12__4,reel38__0,1691,N,True
4,reel20__1,bot57__1,1691,N,True
4,reel24__0,bot57__1,1691,N,True
4,bot17__9,bot71__9,1691,N,True
4,bot31__9,bot71__9,1691,N,True
4,bot26__8,bot38__0,1691,N,True
4,reel23__7,bot38__0,1691,N,True
4,reel23__7,bot77__4,1691,N,True
4,reel41__7,bot44__1,1691,N,True
4,reel41__7,bot74__8,1691,N,True
4,bot51__0,bot74__8,1691,N,True
4,bot14__3,bot68__6,1691,N,True
4,bot42__0,bot68__6,1691,N,True
4,bot22__0,bot76__8,1691,N,True
4,reel19__1,reel74__1,1691,N,True
4,bot34__4,bot16__0,1691,N,True
4,bot4__9,bot16__0,1691,N,True
4,reel21__5,reel32__5,1691,N,True
4,reel27__1,reel32__5,1691,N,True
4,bot26__8,bot49__7,1691,N,True
4,reel22__2,bot49__7,1691,N,True
4,reel16__4,bot49__7,1691,N,True
4,bot22__8,bot39__1,1691,N,True
4,bot9__4,bot33__1,1691,N,True
4,bot9__4,bot73__7,1691,N,True
4,bot9__4,bot77__8,1691,N,True
4,reel5__8,reel64__3,1691,N,True
4,bot17__0,bot11__9,1691,N,True
4,reel55__9,reel79__7,1691,N,True
4,bot11__3,bot19__4,1691,N,True
4,bot13__7,bot19__4,1691,N,True
4,reel29__3,bot83__1,1691,N,True
4,bot7__3,bot69__4,1691,N,True
4,reel37__8,reel57__0,1691,N,True
4,reel16__4,reel57__0,1691,N,True
4,reel10__6,reel57__0,1691,N,True
4,reel22__8,reel47__9,1691,N,True
4,reel32__8,reel47__9,1691,N,True
4,reel62__9,reel47__9,1691,N,True
4,bot68__9,bot33__4,1691,N,True
4,reel14__6,bot51__1,1691,N,True
4,reel22__3,reel67__4,1691,N,True
4,reel25__4,reel73__5,1691,N,True
4,reel15__0,reel73__5,1691,N,True
4,reel15__0,reel13__9,1691,N,True
4,reel15__0,reel23__1,1691,N,True
4,reel15__0,bot75__5,1691,N,True
4,bot11__0,bot17__6,1691,N,True
4,bot9__3,bot48__1,1691,N,True
4,reel36__2,bot56__1,1691,N,True
4,bot16__6,bot79__0,1691,N,True
4,bot6__5,bot49__5,1691,N,True
4,reel3__4,reel63__1,1691,N,True
4,reel57__3,reel63__1,1691,N,True
4,bot14__2,bot84__9,1691,N,True
4,bot46__4,bot84__0,1691,N,True
4,bot31__7,bot38__3,1691,N,True
4,reel76__5,reel54__5,1692,N,True
4,reel65__1,reel54__5,1692,N,True
4,reel22__9,reel54__5,1692,N,True
4,reel18__9,reel54__5,1692,N,True
4,bot14__9,bot80__8,1692,N,True
4,bot8__8,bot80__8,1692,N,True
4,reel21__3,reel42__0,1692,N,True
4,reel17__6,reel42__0,1692,N,True
4,reel17__6,reel42__9,1692,N,True
4,reel23__3,reel42__9,1692,N,True
4,reel17__6,bot69__1,1692,N,True
4,reel11__7,bot50__7,1692,N,True
4,bot57__4,bot50__7,1692,N,True
4,bot15__2,bot50__7,1692,N,True
4,reel4__3,bot83__4,1692,N,True
4,reel14__6,bot83__4,1692,N,True
4,bot36__8,bot83__4,1692,N,True
4,reel20__5,reel15__3,1692,N,True
4,reel4__8,reel15__3,1692,N,True
4,reel37__5,bot59__5,1692,N,True
4,bot20__3,bot59__5,1692,N,True
4,reel21__2,bot64__6,1692,N,True
4,reel22__9,bot64__6,1692,N,True
4,bot75__9,bot64__6,1692,N,True
4,bot5__2,bot14__2,1692,N,True
4,reel2__8,bot14__2,1692,N,True
4,reel12__8,bot63__5,1692,N,True
4,reel31__0,bot63__5,1692,N,True
4,reel2__8,bot63__5,1692,N,True
4,reel22__3,reel31__4,1692,N,True
4,reel36__1,reel31__4,1692,N,True
4,reel15__4,reel31__4,1692,N,True
4,reel36__1,reel44__2,1692,N,True
4,reel37__9,reel44__2,1692,N,True
4,reel12__9,bot73__0,1692,N,True
4,bot1__7,bot73__0,1692,N,True
4,reel17__2,bot46__9,1692,N,True
4,bot37__1,bot46__9,1692,N,True
4,bot29__5,bot46__9,1692,N,True
4,bot65__1,reel49__2,1692,N,True
4,reel35__9,reel49__2,1692,N,True
4,reel34__4,reel49__2,1692,N,True
4,reel35__9,reel65__8,1692,N,True
4,reel61__3,reel67__2,1692,N,True
4,bot25__6,bot19__7,1692,N,True
4,bot50__8,bot19__7,1692,N,True
4,bot0__5,bot19__7,1692,N,True
4,reel65__6,bot66__2,1692,N,True
4,bot50__8,bot66__2,1692,N,True
4,reel7__2,bot43__3,1692,N,True
4,bot1__6,bot69__3,1692,N,True
4,bot78__6,bot69__3,1692,N,True
4,bot17__1,bot53__9,1692,N,True
4,reel25__9,bot53__9,1692,N,True
4,reel54__9,reel83__5,1692,N,True
4,reel57__5,reel83__5,1692,N,True
4,bot60__5,bot56__1,1692,N,True
4,reel36__2,bot56__1,1692,N,True
4,bot60__5,bot73__7,1692,N,True
4,bot9__4,bot73__7,1692,N,True
4,reel25__4,reel68__1,1692,N,True
4,reel11__3,reel68__1,1692,N,True
4,bot83__0,reel36__8,1692,N,True
4,reel53__4,reel36__8,1692,N,True
4,reel33__7,reel36__8,1692,N,True
4,reel24__0,bot45__4,1692,N,True
4,reel32__8,bot45__4,1692,N,True
4,reel32__8,bot47__6,1692,N,True
4,bot11__2,bot84__8,1692,N,True
4,reel69__5,bot84__8,1692,N,True
4,bot21__4,bot76__2,1692,N,True
4,reel40__1,bot41__4,1692,N,True
4,reel13__4,bot41__4,1692,N,True
4,reel40__1,reel75__3,1692,N,True
4,reel47__0,reel75__3,1692,N,True
4,bot73__1,bot52__1,1692,N,True
4,reel47__0,bot52__1,1692,N,True
4,reel7__8,bot52__1,1692,N,True
4,reel20__8,bot60__1,1692,N,True
4,bot57__2,bot12__8,1692,N,True
4,reel6__3,bot12__8,1692,N,True
4,bot6__7,bot12__8,1692,N,True
4,bot6__7,bot47__3,1692,N,True
4,bot0__0,bot16__0,1692,N,True
4,bot34__4,bot16__0,1692,N,True
4,bot4__9,bot16__0,1692,N,True
4,bot35__1,bot16__0,1692,N,True
4,bot33__9,bot51__1,1692,N,True
4,reel14__6,bot51__1,1692,N,True
4,bot35__1,bot51__1,1692,N,True
4,bot22__1,bot79__9,1692,N,True
4,reel38__7,bot79__9,1692,N,True
4,reel3__0,reel32__3,1692,N,True
4,reel19__5,reel32__3,1692,N,True
4,bot33__7,reel32__3,1692,N,True
4,reel3__0,bot34__3,1692,N,True
4,reel6__3,bot34__3,1692,N,True
4,reel25__3,bot34__3,1692,N,True
4,reel3__0,reel44__3,1692,N,True
4,reel12__6,reel44__3,1692,N,True
4,reel69__7,reel44__3,1692,N,True
4,reel44__1,reel72__4,1692,N,True
4,reel19__2,reel72__4,1692,N,True
4,reel47__6,reel72__4,1692,N,True
4,reel16__1,reel78__4,1692,N,True
4,reel16__1,reel83__6,1692,N,True
4,reel12__6,bot21__7,1692,N,True
4,bot61__7,bot21__7,1692,N,True
4,bot19__3,bot45__2,1692,N,True
4,bot7__6,bot45__2,1692,N,True
4,bot7__6,bot45__3,1692,N,True
4,bot55__3,bot45__3,1692,N,True
4,bot7__6,bot84__1,1692,N,True
4,reel23__3,bot84__1,1692,N,True
4,bot30__1,bot51__2,1692,N,True
4,bot63__7,bot51__2,1692,N,True
4,reel5__8,bot64__3,1692,N,True
4,bot63__7,bot64__3,1692,N,True
4,reel52__0,bot64__3,1692,N,True
4,bot32__3,bot35__0,1692,N,True
4,reel11__0,bot35__0,1692,N,True
4,reel14__0,bot35__0,1692,N,True
4,reel5__5,bot70__5,1692,N,True
4,reel14__0,bot70__5,1692,N,True
4,reel3__8,bot31__6,1692,N,True
4,reel11__5,bot31__6,1692,N,True
4,bot23__3,bot31__6,1692,N,True
4,reel11__5,bot36__6,1692,N,True
4,reel27__9,bot36__6,1692,N,True
4,reel11__5,reel55__3,1692,N,True
4,bot68__8,bot34__0,1692,N,True
4,reel20__4,bot34__0,1692,N,True
4,bot63__4,bot34__0,1692,N,True
4,reel28__1,bot72__1,1692,N,True
4,reel34__0,bot72__1,1692,N,True
4,reel27__8,reel81__7,1692,N,True
4,reel50__5,reel81__7,1692,N,True
4,reel50__5,bot84__5,1692,N,True
4,reel70__8,bot84__5,1692,N,True
4,reel6__0,bot44__2,1692,N,True
4,bot33__5,bot44__2,1692,N,True
4,reel7__0,reel36__5,1692,N,True
4,reel32__7,reel36__5,1692,N,True
4,reel7__4,bot28__6,1692,N,True
4,reel10__4,reel37__0,1692,N,True
4,reel7__4,reel37__0,1692,N,True
4,reel7__4,bot67__6,1692,N,True
4,reel12__6,reel50__4,1692,N,True
4,reel27__8,reel50__4,1692,N,True
4,reel35__5,bot67__0,1692,N,True
4,reel35__5,reel73__2,1692,N,True
4,reel52__5,reel73__2,1692,N,True
4,reel7__6,reel44__5,1692,N,True
4,reel50__9,reel44__5,1692,N,True
4,reel73__7,reel44__5,1692,N,True
4,reel2__9,reel44__5,1692,N,True
4,reel3__8,reel50__2,1692,N,True
4,reel53__8,reel50__2,1692,N,True
4,reel61__1,reel50__2,1692,N,True
4,reel37__8,reel50__2,1692,N,True
4,reel48__1,reel56__2,1692,N,True
4,reel53__8,reel56__2,1692,N,True
4,bot3__5,bot64__9,1692,N,True
4,reel2__4,bot64__9,1692,N,True
4,bot6__5,bot22__2,1692,N,True
4,reel17__8,bot22__2,1692,N,True
4,reel73__1,reel26__3,1692,N,True
4,reel24__1,reel26__3,1692,N,True
4,reel17__8,reel26__3,1692,N,True
4,bot42__0,bot68__6,1692,N,True
4,reel17__8,bot68__6,1692,N,True
4,reel61__8,reel64__5,1692,N,True
4,reel28__8,reel82__1,1692,N,True
4,reel12__3,reel82__1,1692,N,True
4,reel51__3,reel77__8,1692,N,True
4,reel57__5,reel77__8,1692,N,True
4,reel42__3,reel45__1,1692,N,True
4,reel80__9,reel45__1,1692,N,True
4,reel6__4,reel45__1,1692,N,True
4,reel42__3,bot60__6,1692,N,True
4,bot43__4,bot60__6,1692,N,True
4,reel4__3,bot22__6,1692,N,True
4,reel20__7,bot22__6,1692,N,True
4,reel18__3,bot22__6,1692,N,True
4,reel18__3,reel72__9,1692,N,True
4,bot80__0,bot77__7,1692,N,True
4,reel18__3,bot77__7,1692,N,True
4,reel49__3,bot77__7,1692,N,True
4,reel18__3,reel81__3,1692,N,True
4,reel59__6,reel77__3,1692,N,True
4,bot8__1,bot26__7,1692,N,True
4,bot15__1,bot26__7,1692,N,True
4,bot34__7,bot62__8,1692,N,True
4,bot31__0,bot62__8,1692,N,True
4,reel27__2,reel48__7,1692,N,True
4,reel27__2,reel49__0,1692,N,True
4,reel27__2,bot54__8,1692,N,True
4,reel4__4,reel54__0,1692,N,True
4,reel77__6,reel54__0,1692,N,True
4,reel27__2,reel54__0,1692,N,True
4,reel2__4,reel54__0,1692,N,True
4,reel1__3,bot26__5,1692,N,True
4,bot29__3,bot26__5,1692,N,True
4,bot2__6,bot26__5,1692,N,True
4,reel17__3,bot34__6,1692,N,True
4,reel19__1,bot29__2,1692,N,True
4,reel8__9,bot29__2,1692,N,True
4,reel35__3,bot41__8,1692,N,True
4,bot53__4,bot41__8,1692,N,True
4,bot10__6,bot41__8,1692,N,True
4,bot53__4,bot73__9,1692,N,True
4,reel66__0,bot73__9,1692,N,True
4,reel25__1,bot38__1,1692,N,True
4,reel33__1,bot38__1,1692,N,True
4,bot6__6,bot38__1,1692,N,True
4,reel14__4,bot20__7,1692,N,True
4,bot31__8,bot20__7,1692,N,True
4,bot37__1,bot20__7,1692,N,True
4,bot11__8,bot20__7,1692,N,True
4,bot33__5,reel31__2,1692,N,True
4,reel66__3,reel31__2,1692,N,True
4,reel10__8,reel31__2,1692,N,True
4,reel3__4,reel31__2,1692,N,True
4,reel13__8,reel17__5,1692,N,True
4,bot19__0,reel17__5,1692,N,True
4,reel10__2,reel17__5,1692,N,True
4,bot19__0,bot56__6,1692,N,True
4,bot67__5,bot70__7,1692,N,True
4,bot71__5,bot70__7,1692,N,True
4,bot28__2,bot70__7,1692,N,True
4,bot37__7,bot38__7,1692,N,True
4,bot55__8,bot34__5,1692,N,True
4,reel14__1,bot34__5,1692,N,True
4,reel14__1,reel42__6,1692,N,True
4,reel14__1,reel67__0,1692,N,True
4,reel28__0,reel67__0,1692,N,True
4,bot46__5,bot12__2,1692,N,True
4,reel14__9,bot27__6,1692,N,True
4,bot58__9,bot27__6,1692,N,True
4,reel22__9,reel8__4,1692,N,True
4,bot14__6,reel8__4,1692,N,True
4,bot23__1,reel8__4,1692,N,True
4,reel0__9,reel8__4,1692,N,True
4,reel77__9,reel8__4,1692,N,True
4,reel17__1,reel8__4,1692,N,True
4,reel55__9,reel56__8,1692,N,True
4,reel22__9,reel56__8,1692,N,True
4,reel13__3,reel56__8,1692,N,True
4,reel82__9,reel56__8,1692,N,True
4,reel22__9,bot57__0,1692,N,True
4,bot43__6,bot57__0,1692,N,True
4,reel22__9,reel74__6,1692,N,True
4,reel25__6,reel74__6,1692,N,True
4,reel26__2,bot27__7,1692,N,True
4,bot31__1,bot27__7,1692,N,True
4,bot4__2,bot27__7,1692,N,True
4,bot18__9,bot11__3,1692,N,True
4,bot0__9,bot11__3,1692,N,True
4,bot19__4,bot11__3,1692,N,True
4,bot19__4,bot33__4,1692,N,True
4,bot19__4,bot61__6,1692,N,True
4,reel39__6,reel80__5,1692,N,True
4,reel26__2,reel80__5,1692,N,True
4,reel82__9,reel80__5,1692,N,True
4,reel20__0,reel80__5,1692,N,True
4,bot39__7,reel24__7,1692,N,True
4,reel27__8,reel24__7,1692,N,True
4,reel8__1,reel24__7,1692,N,True
4,reel35__1,bot47__9,1692,N,True
4,bot18__1,bot47__9,1692,N,True
4,bot25__5,bot80__3,1692,N,True
4,bot71__5,bot80__3,1692,N,True
4,bot4__1,bot69__4,1692,N,True
4,bot42__8,bot69__4,1692,N,True
4,reel47__3,bot48__6,1692,N,True
4,reel41__5,bot42__4,1692,N,True
4,reel2__4,bot42__4,1692,N,True
4,reel20__0,reel59__7,1692,N,True
4,reel2__4,reel59__7,1692,N,True
4,bot5__1,bot62__9,1692,N,True
4,reel26__5,reel43__0,1692,N,True
4,reel7__7,reel42__1,1692,N,True
4,reel7__7,reel70__0,1692,N,True
4,bot17__5,bot40__8,1692,N,True
4,bot10__5,bot40__8,1692,N,True
4,bot0__9,bot69__5,1692,N,True
4,reel67__3,bot69__5,1692,N,True
4,reel9__5,reel64__7,1692,N,True
4,reel25__9,reel64__7,1692,N,True
4,reel16__3,bot78__3,1692,N,True
4,bot29__1,bot78__3,1692,N,True
4,bot9__8,bot76__1,1692,N,True
4,bot9__8,bot77__9,1692,N,True
4,reel54__8,bot77__9,1692,N,True
4,reel25__3,reel34__2,1692,N,True
4,reel3__7,reel34__2,1692,N,True
4,bot62__0,bot74__6,1692,N,True
4,reel16__0,bot74__6,1692,N,True
4,reel0__4,reel32__5,1692,N,True
4,reel21__5,reel32__5,1692,N,True
4,reel53__4,reel32__5,1692,N,True
4,bot20__1,bot18__8,1692,N,True
4,bot9__0,bot18__8,1692,N,True
4,bot0__2,bot18__8,1692,N,True
4,bot8__3,bot18__8,1692,N,True
4,bot9__0,bot70__8,1692,N,True
4,bot60__2,bot70__8,1692,N,True
4,bot46__7,bot70__8,1692,N,True
4,reel24__4,reel60__8,1692,N,True
4,reel59__2,reel60__8,1692,N,True
4,reel14__9,bot63__2,1692,N,True
4,reel50__9,bot63__2,1692,N,True
4,bot9__7,bot25__0,1692,N,True
4,bot7__4,bot25__0,1692,N,True
4,reel72__1,reel74__2,1692,N,True
4,reel1__5,reel74__2,1692,N,True
4,reel80__6,reel26__0,1692,N,True
4,reel75__7,reel26__0,1692,N,True
4,reel71__6,reel26__0,1692,N,True
4,reel13__1,reel26__0,1692,N,True
4,reel56__7,reel26__0,1692,N,True
4,reel38__0,reel26__0,1692,N,True
4,reel4__9,reel26__0,1692,N,True
4,reel4__9,reel42__5,1692,N,True
4,reel4__9,reel56__6,1692,N,True
4,reel47__8,reel58__8,1692,N,True
4,reel12__2,reel58__8,1692,N,True
4,reel0__8,reel58__8,1692,N,True
4,reel64__0,bot84__3,1692,N,True
4,bot71__5,bot84__3,1692,N,True
4,bot43__6,bot82__3,1692,N,True
4,reel9__4,reel42__7,1692,N,True
4,reel21__7,reel42__7,1692,N,True
4,reel13__8,bot18__4,1692,N,True
4,reel13__8,reel43__8,1692,N,True
4,reel2__9,reel43__8,1692,N,True
4,reel3__6,reel43__8,1692,N,True
4,reel13__8,reel68__4,1692,N,True
4,reel5__1,reel80__0,1692,N,True
4,reel28__1,reel80__0,1692,N,True
4,reel60__3,reel78__8,1692,N,True
4,reel30__8,reel12__7,1692,N,True
4,reel9__4,reel12__7,1692,N,True
4,reel67__4,reel43__3,1692,N,True
4,reel30__8,reel43__3,1692,N,True
4,reel19__7,reel43__3,1692,N,True
4,reel11__9,reel43__3,1692,N,True
4,reel31__0,reel81__1,1692,N,True
4,reel8__0,reel81__1,1692,N,True
4,reel39__8,reel49__4,1692,N,True
4,bot72__3,reel51__0,1692,N,True
4,reel11__0,reel51__0,1692,N,True
4,reel39__8,reel51__0,1692,N,True
4,reel3__6,reel65__0,1692,N,True
4,reel3__8,reel25__2,1692,N,True
4,bot50__5,reel25__2,1692,N,True
4,reel0__8,reel25__2,1692,N,True
4,bot56__3,reel44__7,1692,N,True
4,reel24__1,reel44__7,1692,N,True
4,reel22__2,bot76__9,1692,N,True
4,bot14__4,bot76__9,1692,N,True
4,reel24__1,bot76__9,1692,N,True
4,bot35__6,bot46__8,1692,N,True
4,reel18__0,reel66__1,1692,N,True
4,reel35__6,bot81__1,1692,N,True
4,reel73__9,bot81__1,1692,N,True
4,bot23__1,bot81__1,1692,N,True
4,reel76__3,reel82__0,1692,N,True
4,reel13__1,reel82__0,1692,N,True
4,reel37__9,reel82__0,1692,N,True
4,reel53__4,reel75__2,1692,N,True
4,bot61__2,bot58__2,1692,N,True
4,bot42__8,bot58__2,1692,N,True
4,bot15__7,bot58__2,1692,N,True
4,reel30__2,reel67__7,1692,N,True
4,reel9__4,reel67__7,1692,N,True
4,bot32__6,reel31__3,1692,N,True
4,reel14__4,bot73__8,1692,N,True
4,reel9__2,bot73__8,1692,N,True
4,reel39__2,bot73__8,1692,N,True
4,bot57__2,bot34__9,1692,N,True
4,reel9__9,bot34__9,1692,N,True
4,reel14__6,reel68__6,1692,N,True
4,reel9__9,reel68__6,1692,N,True
4,reel34__1,reel49__8,1692,N,True
4,reel76__9,reel49__8,1692,N,True
4,bot64__4,reel49__8,1692,N,True
4,reel30__2,reel82__6,1692,N,True
4,reel4__2,reel82__6,1692,N,True
4,reel43__9,reel26__8,1692,N,True
4,reel77__9,reel26__8,1692,N,True
4,reel15__4,reel26__8,1692,N,True
4,bot29__6,bot61__4,1692,N,True
4,reel11__9,reel69__6,1692,N,True
4,reel0__6,reel69__6,1692,N,True
4,reel25__1,reel69__6,1692,N,True
4,reel27__8,bot74__8,1692,N,True
4,bot51__0,bot74__8,1692,N,True
4,reel37__8,reel65__5,1692,N,True
4,reel13__3,reel65__5,1692,N,True
4,reel13__3,bot72__0,1692,N,True
4,reel13__3,bot78__4,1692,N,True
4,bot36__9,bot78__4,1692,N,True
4,reel10__3,bot47__7,1692,N,True
4,bot36__9,bot47__7,1692,N,True
4,reel6__5,reel16__8,1692,N,True
4,reel38__9,reel16__8,1692,N,True
4,reel58__1,reel15__5,1692,N,True
4,bot8__7,bot14__8,1692,N,True
4,bot47__2,bot14__8,1692,N,True
4,reel0__0,bot14__8,1692,N,True
4,reel21__8,bot57__3,1692,N,True
4,bot36__2,bot57__3,1692,N,True
4,bot26__6,bot49__1,1692,N,True
4,bot36__0,bot46__6,1692,N,True
4,bot23__3,bot46__6,1692,N,True
4,bot23__3,bot77__6,1692,N,True
4,bot22__4,bot59__7,1692,N,True
4,reel38__0,reel59__5,1692,N,True
4,reel20__5,bot26__4,1692,N,True
4,bot34__4,bot26__4,1692,N,True
4,reel8__0,bot26__4,1692,N,True
4,bot52__0,bot43__7,1692,N,True
4,reel26__1,bot43__7,1692,N,True
4,bot29__4,bot75__0,1692,N,True
4,bot70__4,bot75__0,1692,N,True
4,bot1__5,bot37__9,1692,N,True
4,reel8__0,bot37__9,1692,N,True
4,bot42__8,bot59__6,1692,N,True
4,bot9__1,bot59__6,1692,N,True
4,reel35__3,reel51__7,1692,N,True
4,reel24__5,reel51__7,1692,N,True
4,reel40__2,bot48__1,1692,N,True
4,bot9__3,bot48__1,1692,N,True
4,bot55__5,bot54__1,1692,N,True
4,reel41__8,bot54__1,1692,N,True
4,bot66__8,reel46__9,1692,N,True
4,reel39__7,reel46__9,1692,N,True
4,reel24__5,reel57__9,1692,N,True
4,reel22__5,reel57__9,1692,N,True
4,reel7__8,reel57__9,1692,N,True
4,reel12__1,reel48__3,1692,N,True
4,bot64__2,reel48__3,1692,N,True
4,reel5__5,reel48__3,1692,N,True
4,reel10__1,bot67__8,1692,N,True
4,reel45__6,reel79__9,1692,N,True
4,reel14__3,bot28__4,1692,N,True
4,reel14__3,bot48__0,1692,N,True
4,bot51__5,bot59__0,1692,N,True
4,reel17__0,bot59__0,1692,N,True
4,bot6__3,bot12__3,1692,N,True
4,reel9__7,bot12__3,1692,N,True
4,bot2__2,bot12__3,1692,N,True
4,reel25__7,bot72__4,1692,N,True
4,bot21__3,bot42__3,1692,N,True
4,reel0__2,bot78__9,1692,N,True
4,reel37__9,bot78__9,1692,N,True
4,reel15__7,bot83__2,1692,N,True
4,bot30__0,bot65__7,1692,N,True
4,bot37__2,bot65__7,1692,N,True
4,reel46__3,reel63__8,1692,N,True
4,bot8__2,bot9__6,1692,N,True
4,bot8__2,bot37__0,1692,N,True
4,reel60__9,reel66__8,1692,N,True
4,bot40__5,bot49__8,1692,N,True
4,reel44__6,bot49__8,1692,N,True
4,reel64__1,reel66__7,1692,N,True
4,reel8__1,reel66__7,1692,N,True
4,bot10__6,bot65__5,1692,N,True
4,reel19__2,bot79__8,1692,N,True
4,bot10__6,bot79__8,1692,N,True
4,bot13__9,bot39__5,1692,N,True
4,reel26__2,bot65__3,1692,N,True
4,bot13__9,bot65__3,1692,N,True
4,reel31__1,bot82__5,1692,N,True
4,bot2__1,bot58__4,1692,N,True
4,bot42__0,bot58__4,1692,N,True
4,reel27__0,bot44__8,1692,N,True
4,bot36__5,bot58__7,1692,N,True
4,bot51__0,bot58__7,1692,N,True
4,bot17__6,bot11__0,1692,N,True
4,reel8__0,bot11__0,1692,N,True
4,bot78__5,bot70__1,1692,N,True
4,reel68__3,reel33__5,1692,N,True
4,reel6__1,reel33__5,1692,N,True
4,reel14__7,reel33__5,1692,N,True
4,reel52__0,reel70__4,1692,N,True
4,reel69__8,bot78__7,1692,N,True
4,reel14__8,reel18__5,1692,N,True
4,reel35__7,reel18__5,1692,N,True
4,reel28__0,reel18__5,1692,N,True
4,reel14__8,reel19__9,1692,N,True
4,bot44__9,reel19__9,1692,N,True
4,reel14__8,bot54__0,1692,N,True
4,reel1__3,bot54__0,1692,N,True
4,reel46__2,bot54__0,1692,N,True
4,reel14__8,reel68__5,1692,N,True
4,reel0__2,reel68__5,1692,N,True
4,bot32__3,bot62__4,1692,N,True
4,reel4__6,reel27__1,1692,N,True
4,reel4__6,bot31__4,1692,N,True
4,bot28__7,bot31__4,1692,N,True
4,reel9__8,bot31__4,1692,N,True
4,bot53__8,bot31__4,1692,N,True
4,bot5__5,bot50__1,1692,N,True
4,bot42__0,bot50__1,1692,N,True
4,bot11__2,bot50__1,1692,N,True
4,reel2__9,reel74__4,1692,N,True
4,reel4__3,reel73__6,1692,N,True
4,reel72__7,reel73__6,1692,N,True
4,bot37__1,bot50__6,1692,N,True
4,bot46__7,bot50__6,1692,N,True
4,reel5__9,bot23__2,1692,N,True
4,reel20__0,bot23__2,1692,N,True
4,reel58__7,reel79__1,1692,N,True
4,reel59__2,reel79__1,1692,N,True
4,reel35__4,reel79__1,1692,N,True
4,reel59__2,reel81__9,1692,N,True
4,bot34__8,bot73__6,1692,N,True
4,reel20__0,reel31__9,1692,N,True
4,reel15__4,reel31__9,1692,N,True
4,reel15__4,bot58__0,1692,N,True
4,reel3__4,reel51__2,1692,N,True
4,reel48__8,reel51__2,1692,N,True
4,reel36__7,reel51__2,1692,N,True
4,bot47__0,reel22__0,1692,N,True
4,reel21__8,reel22__0,1692,N,True
4,reel10__2,reel22__0,1692,N,True
4,reel48__8,bot61__0,1692,N,True
4,reel10__2,reel33__4,1692,N,True
4,reel34__4,reel33__4,1692,N,True
4,reel5__6,reel33__4,1692,N,True
4,reel36__6,bot63__3,1692,N,True
4,reel10__2,bot63__3,1692,N,True
4,reel10__2,bot70__9,1692,N,True
4,bot17__5,bot45__0,1692,N,True
4,bot23__7,bot45__0,1692,N,True
4,reel12__2,bot24__7,1692,N,True
4,bot21__9,bot24__7,1692,N,True
4,bot19__9,bot76__6,1692,N,True
4,bot39__1,bot66__4,1692,N,True
4,bot19__6,bot31__9,1692,N,True
4,reel5__8,reel64__3,1692,N,True
4,reel0__0,reel64__3,1692,N,True
4,reel21__2,bot44__7,1692,N,True
4,bot33__9,bot44__7,1692,N,True
4,reel21__2,reel45__4,1692,N,True
4,reel8__5,reel62__5,1692,N,True
4,bot8__1,bot75__1,1692,N,True
4,bot8__6,bot35__8,1692,N,True
4,bot23__5,bot84__0,1692,N,True
4,reel41__8,bot84__0,1692,N,True
4,bot46__0,bot20__0,1692,N,True
4,reel9__8,bot64__8,1692,N,True
4,reel49__1,bot64__8,1692,N,True
4,bot32__7,bot37__5,1692,N,True
4,reel50__9,bot61__1,1692,N,True
4,reel34__9,bot56__4,1692,N,True
4,reel22__2,reel34__5,1692,N,True
4,bot61__5,reel34__5,1692,N,True
4,reel35__6,reel36__0,1692,N,True
4,bot39__2,bot48__5,1692,N,True
4,reel35__6,bot48__5,1692,N,True
4,reel37__4,bot48__5,1692,N,True
4,reel34__4,reel80__3,1692,N,True
4,reel23__7,bot38__0,1692,N,True
4,bot28__7,bot38__0,1692,N,True
4,reel5__6,reel57__2,1692,N,True
4,bot30__8,bot62__6,1692,N,True
4,bot42__0,bot1__4,1692,N,True
4,reel55__6,bot67__2,1692,N,True
4,reel21__5,bot82__6,1692,N,True
4,reel22__2,bot49__7,1692,N,True
4,reel5__8,bot21__5,1692,N,True
4,bot16__8,bot21__5,1692,N,True
4,reel10__4,reel54__7,1692,N,True
4,reel4__4,reel54__7,1692,N,True
4,reel29__3,bot83__1,1692,N,True
4,reel6__8,reel55__4,1692,N,True
4,reel27__4,reel45__5,1692,N,True
4,reel21__1,reel45__5,1692,N,True
4,reel37__8,reel73__8,1692,N,True
4,bot2__2,bot40__3,1692,N,True
4,reel4__4,bot65__8,1692,N,True
4,bot17__9,bot71__9,1692,N,True
4,reel25__3,bot71__9,1692,N,True
4,reel41__3,bot76__0,1692,N,True
4,bot32__8,bot48__7,1692,N,True
4,reel9__2,bot42__9,1692,N,True
4,reel9__2,bot75__7,1692,N,True
4,reel38__5,reel54__2,1692,N,True
4,reel58__7,bot72__9,1692,N,True
4,reel58__7,reel72__8,1692,N,True
4,reel14__6,bot58__5,1692,N,True
4,reel22__5,bot74__0,1692,N,True
4,reel17__4,reel56__1,1692,N,True
4,reel35__4,bot57__7,1692,N,True
4,reel26__2,bot65__6,1692,N,True
4,bot16__6,bot82__7,1692,N,True
4,reel47__5,bot59__8,1692,N,True
4,reel17__7,bot59__8,1692,N,True
4,bot6__5,bot49__5,1692,N,True
4,bot71__3,bot84__7,1692,N,True
4,reel3__4,reel63__1,1692,N,True
4,reel57__3,reel63__1,1692,N,True
4,reel32__6,bot62__5,1692,N,True
4,bot27__9,bot20__6,1692,N,True
4,bot27__9,bot28__9,1692,N,True
4,reel19__2,reel74__0,1692,N,True
4,reel25__3,reel69__4,1692,N,True
4,bot31__7,bot38__3,1692,N,True
4,bot8__8,bot7__0,1693,N,True
4,188,bot7__0,1693,N,True
4,bot7__6,bot12__5,1693,N,True
4,bot69__0,bot12__5,1693,N,True
4,bot4__4,bot12__5,1693,N,True
4,182,bot12__5,1693,N,True
4,111,bot14__3,1693,N,True
4,52,bot14__3,1693,N,True
4,bot20__3,bot14__3,1693,N,True
4,reel37__5,bot59__5,1693,N,True
4,bot20__3,bot59__5,1693,N,True
4,bot36__4,bot59__5,1693,N,True
4,reel22__8,reel15__7,1693,N,True
4,314,reel15__7,1693,N,True
4,314,reel62__6,1693,N,True
4,302,reel36__2,1693,N,True
4,78,reel36__2,1693,N,True
4,78,bot66__1,1693,N,True
4,bot5__3,bot66__1,1693,N,True
4,192,reel5__6,1693,N,True
4,192,reel17__3,1693,N,True
4,192,reel33__0,1693,N,True
4,190,reel41__7,1693,N,True
4,bot44__1,reel41__7,1693,N,True
4,192,reel41__7,1693,N,True
4,bot1__7,bot73__0,1693,N,True
4,175,reel1__9,1693,N,True
4,bot2__8,reel1__9,1693,N,True
4,324,reel1__9,1693,N,True
4,85,reel1__9,1693,N,True
4,57,reel7__2,1693,N,True
4,85,reel7__2,1693,N,True
4,85,reel39__8,1693,N,True
4,85,reel56__5,1693,N,True
4,85,bot59__4,1693,N,True
4,reel37__0,reel49__8,1693,N,True
4,reel42__2,reel70__1,1693,N,True
4,reel37__0,reel70__1,1693,N,True
4,306,reel29__9,1693,N,True
4,reel17__2,reel29__9,1693,N,True
4,reel60__6,reel29__9,1693,N,True
4,reel31__7,reel29__9,1693,N,True
4,reel17__2,bot46__9,1693,N,True
4,bot37__1,bot46__9,1693,N,True
4,reel71__4,reel62__7,1693,N,True
4,60,reel62__7,1693,N,True
4,154,reel62__7,1693,N,True
4,169,reel68__2,1693,N,True
4,60,reel68__2,1693,N,True
4,60,reel78__7,1693,N,True
4,164,bot21__3,1693,N,True
4,340,bot21__3,1693,N,True
4,89,bot21__3,1693,N,True
4,bot42__3,bot21__3,1693,N,True
4,bot42__3,bot61__4,1693,N,True
4,bot52__6,reel37__9,1693,N,True
4,340,reel37__9,1693,N,True
4,reel72__8,reel32__2,1693,N,True
4,28,reel32__2,1693,N,True
4,147,reel32__2,1693,N,True
4,reel72__8,reel58__7,1693,N,True
4,265,reel58__7,1693,N,True
4,reel29__1,reel58__7,1693,N,True
4,bot60__5,bot56__1,1693,N,True
4,bot45__1,bot35__6,1693,N,True
4,190,bot35__6,1693,N,True
4,116,bot74__5,1693,N,True
4,bot45__1,bot74__5,1693,N,True
4,reel49__5,bot74__5,1693,N,True
4,171,reel39__9,1693,N,True
4,reel13__1,reel39__9,1693,N,True
4,reel46__4,reel39__9,1693,N,True
4,329,reel39__9,1693,N,True
4,reel46__4,reel61__8,1693,N,True
4,reel67__3,reel61__8,1693,N,True
4,337,reel24__9,1693,N,True
4,bot80__4,reel24__9,1693,N,True
4,278,reel24__9,1693,N,True
4,64,reel7__3,1693,N,True
4,bot80__4,reel7__3,1693,N,True
4,290,reel7__3,1693,N,True
4,30,reel26__5,1693,N,True
4,232,reel26__5,1693,N,True
4,263,bot43__0,1693,N,True
4,232,bot43__0,1693,N,True
4,190,bot53__5,1693,N,True
4,232,bot53__5,1693,N,True
4,reel49__5,bot81__0,1693,N,True
4,232,bot81__0,1693,N,True
4,29,bot9__7,1693,N,True
4,27,bot9__7,1693,N,True
4,27,bot29__3,1693,N,True
4,reel9__9,bot29__3,1693,N,True
4,27,bot31__3,1693,N,True
4,89,bot31__3,1693,N,True
4,reel9__2,bot31__3,1693,N,True
4,27,reel38__3,1693,N,True
4,27,reel71__6,1693,N,True
4,93,bot3__2,1693,N,True
4,32,bot3__2,1693,N,True
4,93,reel7__7,1693,N,True
4,266,reel7__7,1693,N,True
4,272,reel7__7,1693,N,True
4,reel42__1,reel7__7,1693,N,True
4,93,reel65__6,1693,N,True
4,reel63__6,reel65__6,1693,N,True
4,276,reel65__6,1693,N,True
4,93,reel73__9,1693,N,True
4,bot81__1,reel73__9,1693,N,True
4,1,bot26__2,1693,N,True
4,1,reel46__2,1693,N,True
4,137,reel46__2,1693,N,True
4,reel10__1,reel46__2,1693,N,True
4,reel67__8,reel46__2,1693,N,True
4,1,bot52__7,1693,N,True
4,171,reel0__4,1693,N,True
4,336,reel0__4,1693,N,True
4,151,reel0__4,1693,N,True
4,reel26__9,reel0__4,1693,N,True
4,151,bot43__4,1693,N,True
4,259,bot4__7,1693,N,True
4,68,bot4__7,1693,N,True
4,87,reel4__7,1693,N,True
4,bot65__4,reel4__7,1693,N,True
4,68,reel4__7,1693,N,True
4,150,reel4__7,1693,N,True
4,reel29__1,reel27__9,1693,N,True
4,328,reel27__9,1693,N,True
4,68,reel27__9,1693,N,True
4,68,reel79__2,1693,N,True
4,reel2__7,bot45__4,1693,N,True
4,reel24__0,bot45__4,1693,N,True
4,reel32__8,bot45__4,1693,N,True
4,294,bot47__6,1693,N,True
4,reel32__8,bot47__6,1693,N,True
4,reel22__8,reel47__9,1693,N,True
4,reel32__8,reel47__9,1693,N,True
4,81,reel68__9,1693,N,True
4,reel32__8,reel68__9,1693,N,True
4,196,reel29__5,1693,N,True
4,reel15__2,reel29__5,1693,N,True
4,reel15__2,reel42__5,1693,N,True
4,reel15__2,bot44__8,1693,N,True
4,62,bot63__8,1693,N,True
4,reel15__2,bot63__8,1693,N,True
4,reel15__2,bot70__6,1693,N,True
4,89,bot70__6,1693,N,True
4,188,reel20__3,1693,N,True
4,reel83__4,reel20__3,1693,N,True
4,158,reel20__3,1693,N,True
4,reel38__4,reel20__3,1693,N,True
4,reel9__2,bot42__9,1693,N,True
4,131,bot42__9,1693,N,True
4,131,bot50__0,1693,N,True
4,50,reel57__8,1693,N,True
4,290,reel57__8,1693,N,True
4,131,reel57__8,1693,N,True
4,244,reel69__0,1693,N,True
4,131,reel69__0,1693,N,True
4,97,bot3__6,1693,N,True
4,249,bot3__6,1693,N,True
4,97,bot4__8,1693,N,True
4,bot2__2,bot4__8,1693,N,True
4,196,reel9__1,1693,N,True
4,97,reel9__1,1693,N,True
4,10,reel9__1,1693,N,True
4,97,bot21__4,1693,N,True
4,126,bot23__5,1693,N,True
4,198,bot23__5,1693,N,True
4,97,bot23__5,1693,N,True
4,reel46__1,reel23__2,1693,N,True
4,305,reel23__2,1693,N,True
4,97,reel23__2,1693,N,True
4,bot22__1,bot32__9,1693,N,True
4,97,bot32__9,1693,N,True
4,52,reel16__9,1693,N,True
4,5,reel16__9,1693,N,True
4,reel20__8,reel16__9,1693,N,True
4,40,reel3__2,1693,N,True
4,328,reel3__2,1693,N,True
4,133,reel3__2,1693,N,True
4,reel20__8,reel3__2,1693,N,True
4,8,reel21__7,1693,N,True
4,reel22__9,reel21__7,1693,N,True
4,reel20__8,reel21__7,1693,N,True
4,reel20__8,bot60__1,1693,N,True
4,reel31__9,reel15__4,1693,N,True
4,reel10__8,reel15__4,1693,N,True
4,124,reel15__4,1693,N,True
4,bot58__0,reel15__4,1693,N,True
4,181,bot4__0,1693,N,True
4,229,bot4__0,1693,N,True
4,229,reel28__7,1693,N,True
4,255,reel28__7,1693,N,True
4,229,bot41__3,1693,N,True
4,229,reel67__5,1693,N,True
4,reel50__4,reel67__5,1693,N,True
4,169,bot3__0,1693,N,True
4,63,bot3__0,1693,N,True
4,reel2__7,reel8__8,1693,N,True
4,169,reel8__8,1693,N,True
4,216,reel8__8,1693,N,True
4,reel54__7,reel8__8,1693,N,True
4,169,reel48__9,1693,N,True
4,169,bot76__3,1693,N,True
4,bot22__1,bot20__8,1693,N,True
4,bot22__1,bot38__5,1693,N,True
4,bot22__1,bot79__9,1693,N,True
4,312,bot3__4,1693,N,True
4,312,reel6__5,1693,N,True
4,bot30__3,reel6__5,1693,N,True
4,312,bot10__0,1693,N,True
4,279,bot10__0,1693,N,True
4,278,bot10__0,1693,N,True
4,312,bot10__8,1693,N,True
4,reel2__4,bot10__8,1693,N,True
4,312,reel10__6,1693,N,True
4,reel57__0,reel10__6,1693,N,True
4,312,reel35__9,1693,N,True
4,reel49__2,reel35__9,1693,N,True
4,312,reel37__2,1693,N,True
4,reel20__6,reel37__2,1693,N,True
4,111,reel6__2,1693,N,True
4,265,reel6__2,1693,N,True
4,bot16__1,reel6__2,1693,N,True
4,5,reel6__2,1693,N,True
4,reel5__2,bot18__5,1693,N,True
4,265,bot18__5,1693,N,True
4,265,reel23__9,1693,N,True
4,44,reel28__8,1693,N,True
4,265,reel28__8,1693,N,True
4,116,reel35__2,1693,N,True
4,reel10__8,reel35__2,1693,N,True
4,265,reel35__2,1693,N,True
4,bot42__6,reel35__2,1693,N,True
4,265,bot43__1,1693,N,True
4,87,bot64__1,1693,N,True
4,265,bot64__1,1693,N,True
4,reel3__0,reel32__3,1693,N,True
4,bot33__7,reel32__3,1693,N,True
4,bot33__7,bot79__6,1693,N,True
4,bot21__1,reel11__9,1693,N,True
4,52,reel11__9,1693,N,True
4,109,reel11__9,1693,N,True
4,109,bot70__2,1693,N,True
4,305,bot0__3,1693,N,True
4,176,bot0__3,1693,N,True
4,159,bot0__3,1693,N,True
4,305,reel55__8,1693,N,True
4,219,reel12__5,1693,N,True
4,4,reel12__5,1693,N,True
4,171,reel35__3,1693,N,True
4,reel37__5,reel35__3,1693,N,True
4,161,reel22__4,1693,N,True
4,reel37__5,reel22__4,1693,N,True
4,188,reel22__4,1693,N,True
4,reel14__0,reel22__4,1693,N,True
4,reel3__0,reel9__0,1693,N,True
4,347,reel9__0,1693,N,True
4,89,reel16__1,1693,N,True
4,89,reel31__6,1693,N,True
4,75,reel31__6,1693,N,True
4,170,reel55__6,1693,N,True
4,89,reel55__6,1693,N,True
4,177,reel80__2,1693,N,True
4,89,reel80__2,1693,N,True
4,bot12__2,reel2__1,1693,N,True
4,277,reel2__1,1693,N,True
4,bot12__2,bot38__8,1693,N,True
4,bot12__2,bot46__5,1693,N,True
4,157,bot46__5,1693,N,True
4,284,bot11__6,1693,N,True
4,284,bot39__8,1693,N,True
4,147,bot39__8,1693,N,True
4,30,bot39__8,1693,N,True
4,134,reel80__7,1693,N,True
4,284,reel80__7,1693,N,True
4,128,reel4__6,1693,N,True
4,46,reel4__6,1693,N,True
4,8,bot37__2,1693,N,True
4,46,bot37__2,1693,N,True
4,46,bot47__3,1693,N,True
4,46,bot53__2,1693,N,True
4,249,bot30__5,1693,N,True
4,297,reel52__2,1693,N,True
4,249,reel52__2,1693,N,True
4,246,reel0__3,1693,N,True
4,bot7__6,reel0__3,1693,N,True
4,bot10__6,reel0__3,1693,N,True
4,204,reel0__3,1693,N,True
4,bot7__6,bot84__1,1693,N,True
4,107,bot5__8,1693,N,True
4,177,bot5__8,1693,N,True
4,bot13__2,bot5__8,1693,N,True
4,reel0__8,bot5__8,1693,N,True
4,107,bot35__4,1693,N,True
4,62,bot35__4,1693,N,True
4,87,reel8__5,1693,N,True
4,bot63__7,reel8__5,1693,N,True
4,150,reel8__5,1693,N,True
4,195,reel8__5,1693,N,True
4,bot63__7,bot51__2,1693,N,True
4,bot63__7,bot64__3,1693,N,True
4,reel14__0,reel23__1,1693,N,True
4,reel14__0,bot35__0,1693,N,True
4,reel14__0,reel36__4,1693,N,True
4,reel29__1,bot70__5,1693,N,True
4,reel14__0,bot70__5,1693,N,True
4,175,reel59__0,1693,N,True
4,241,reel59__0,1693,N,True
4,175,reel77__5,1693,N,True
4,reel6__7,reel77__5,1693,N,True
4,175,bot81__4,1693,N,True
4,reel67__3,bot81__4,1693,N,True
4,reel11__5,reel22__6,1693,N,True
4,reel11__5,bot36__6,1693,N,True
4,reel11__5,reel55__3,1693,N,True
4,bot63__1,bot1__1,1693,N,True
4,66,bot1__1,1693,N,True
4,268,bot1__1,1693,N,True
4,270,bot1__1,1693,N,True
4,66,bot17__7,1693,N,True
4,279,bot17__7,1693,N,True
4,66,reel34__4,1693,N,True
4,reel49__2,reel34__4,1693,N,True
4,66,bot80__7,1693,N,True
4,66,bot83__5,1693,N,True
4,reel78__9,bot83__5,1693,N,True
4,bot7__3,bot83__5,1693,N,True
4,71,reel0__7,1693,N,True
4,71,bot8__4,1693,N,True
4,71,bot11__2,1693,N,True
4,324,bot11__2,1693,N,True
4,71,reel18__6,1693,N,True
4,71,bot24__4,1693,N,True
4,278,bot24__4,1693,N,True
4,71,reel27__3,1693,N,True
4,71,reel53__5,1693,N,True
4,221,reel12__9,1693,N,True
4,199,reel12__9,1693,N,True
4,158,reel12__9,1693,N,True
4,236,reel47__5,1693,N,True
4,221,reel47__5,1693,N,True
4,reel62__2,bot72__8,1693,N,True
4,221,bot72__8,1693,N,True
4,bot53__6,reel12__0,1693,N,True
4,112,reel12__0,1693,N,True
4,bot41__4,reel12__0,1693,N,True
4,230,reel12__0,1693,N,True
4,207,reel40__1,1693,N,True
4,bot41__4,reel40__1,1693,N,True
4,reel47__7,reel65__9,1693,N,True
4,238,reel65__9,1693,N,True
4,bot16__3,bot69__9,1693,N,True
4,reel47__7,bot69__9,1693,N,True
4,63,reel73__7,1693,N,True
4,reel47__7,reel73__7,1693,N,True
4,bot21__7,bot61__7,1693,N,True
4,bot21__7,bot76__0,1693,N,True
4,bot16__0,bot77__0,1693,N,True
4,bot21__7,bot77__0,1693,N,True
4,277,bot77__0,1693,N,True
4,251,reel19__8,1693,N,True
4,338,reel19__8,1693,N,True
4,19,reel19__8,1693,N,True
4,reel50__2,reel53__8,1693,N,True
4,324,reel53__8,1693,N,True
4,338,reel53__8,1693,N,True
4,17,bot57__9,1693,N,True
4,338,bot57__9,1693,N,True
4,338,reel81__8,1693,N,True
4,reel20__5,reel25__3,1693,N,True
4,106,reel25__3,1693,N,True
4,bot34__3,reel25__3,1693,N,True
4,bot34__3,bot56__6,1693,N,True
4,317,bot82__9,1693,N,True
4,bot34__3,bot82__9,1693,N,True
4,112,reel14__9,1693,N,True
4,reel48__2,reel14__9,1693,N,True
4,reel7__4,reel14__9,1693,N,True
4,reel7__4,bot28__6,1693,N,True
4,reel7__4,bot67__6,1693,N,True
4,13,bot5__7,1693,N,True
4,222,bot5__7,1693,N,True
4,234,bot70__3,1693,N,True
4,290,bot44__5,1693,N,True
4,180,reel64__8,1693,N,True
4,290,reel64__8,1693,N,True
4,290,reel83__9,1693,N,True
4,178,reel13__2,1693,N,True
4,57,reel13__2,1693,N,True
4,111,reel13__2,1693,N,True
4,57,reel35__0,1693,N,True
4,17,reel35__0,1693,N,True
4,57,bot79__3,1693,N,True
4,49,bot79__3,1693,N,True
4,bot53__6,reel20__9,1693,N,True
4,259,reel20__9,1693,N,True
4,199,reel20__9,1693,N,True
4,reel55__0,reel72__0,1693,N,True
4,157,reel72__0,1693,N,True
4,reel55__0,bot76__1,1693,N,True
4,337,bot9__3,1693,N,True
4,80,bot9__3,1693,N,True
4,bot12__8,bot14__5,1693,N,True
4,337,bot14__5,1693,N,True
4,320,bot14__5,1693,N,True
4,337,reel34__5,1693,N,True
4,64,reel76__6,1693,N,True
4,337,reel76__6,1693,N,True
4,112,bot25__4,1693,N,True
4,reel5__2,bot25__4,1693,N,True
4,reel22__9,reel46__8,1693,N,True
4,reel5__2,reel46__8,1693,N,True
4,7,reel64__4,1693,N,True
4,reel5__2,reel64__4,1693,N,True
4,144,reel64__4,1693,N,True
4,125,reel69__2,1693,N,True
4,reel5__2,reel69__2,1693,N,True
4,reel73__8,reel60__8,1693,N,True
4,reel73__8,bot75__0,1693,N,True
4,bot29__4,bot75__0,1693,N,True
4,bot72__0,bot20__6,1693,N,True
4,bot12__1,bot20__6,1693,N,True
4,297,bot20__6,1693,N,True
4,reel42__3,reel36__3,1693,N,True
4,reel42__3,reel45__1,1693,N,True
4,236,reel45__1,1693,N,True
4,reel42__3,bot60__6,1693,N,True
4,reel42__3,bot78__1,1693,N,True
4,164,reel11__3,1693,N,True
4,299,reel11__3,1693,N,True
4,bot16__5,reel11__3,1693,N,True
4,bot84__9,bot17__4,1693,N,True
4,bot4__4,bot17__4,1693,N,True
4,bot16__5,bot17__4,1693,N,True
4,bot16__5,bot25__8,1693,N,True
4,180,bot24__7,1693,N,True
4,reel12__2,bot24__7,1693,N,True
4,180,reel26__3,1693,N,True
4,reel73__1,reel26__3,1693,N,True
4,243,bot1__8,1693,N,True
4,243,bot18__0,1693,N,True
4,243,reel19__1,1693,N,True
4,129,reel83__1,1693,N,True
4,243,reel83__1,1693,N,True
4,44,bot3__7,1693,N,True
4,330,bot3__7,1693,N,True
4,24,bot3__7,1693,N,True
4,reel4__3,reel16__4,1693,N,True
4,reel57__0,reel16__4,1693,N,True
4,176,reel16__4,1693,N,True
4,244,reel16__4,1693,N,True
4,244,bot22__4,1693,N,True
4,13,reel34__7,1693,N,True
4,244,reel34__7,1693,N,True
4,129,reel49__1,1693,N,True
4,87,reel49__1,1693,N,True
4,244,reel49__1,1693,N,True
4,reel20__5,reel45__6,1693,N,True
4,reel79__9,reel45__6,1693,N,True
4,bot53__4,bot41__8,1693,N,True
4,reel33__8,bot41__8,1693,N,True
4,bot10__6,bot41__8,1693,N,True
4,bot53__4,bot54__2,1693,N,True
4,196,bot54__2,1693,N,True
4,bot53__4,bot73__9,1693,N,True
4,reel30__5,reel74__1,1693,N,True
4,45,bot2__9,1693,N,True
4,307,bot2__9,1693,N,True
4,129,bot6__7,1693,N,True
4,bot12__8,bot6__7,1693,N,True
4,219,bot6__7,1693,N,True
4,307,bot6__7,1693,N,True
4,307,bot16__2,1693,N,True
4,183,reel19__3,1693,N,True
4,133,reel19__3,1693,N,True
4,307,reel19__3,1693,N,True
4,168,bot36__7,1693,N,True
4,307,bot36__7,1693,N,True
4,307,reel70__8,1693,N,True
4,178,bot55__6,1693,N,True
4,bot45__2,bot55__6,1693,N,True
4,263,bot69__6,1693,N,True
4,bot68__5,bot69__6,1693,N,True
4,322,bot17__2,1693,N,True
4,bot37__7,bot17__2,1693,N,True
4,bot16__1,bot33__0,1693,N,True
4,272,bot33__0,1693,N,True
4,148,bot33__0,1693,N,True
4,148,bot48__8,1693,N,True
4,bot7__7,bot40__4,1693,N,True
4,181,bot46__7,1693,N,True
4,bot70__8,bot46__7,1693,N,True
4,333,bot46__7,1693,N,True
4,reel39__0,reel45__8,1693,N,True
4,reel47__4,reel46__5,1693,N,True
4,reel63__6,reel46__5,1693,N,True
4,bot52__2,reel46__5,1693,N,True
4,reel39__0,reel46__5,1693,N,True
4,reel39__0,reel59__5,1693,N,True
4,7,bot80__9,1693,N,True
4,reel39__0,bot80__9,1693,N,True
4,64,bot4__3,1693,N,True
4,324,bot4__3,1693,N,True
4,322,bot4__3,1693,N,True
4,64,bot21__0,1693,N,True
4,reel16__3,bot21__0,1693,N,True
4,220,bot21__0,1693,N,True
4,reel20__5,bot23__1,1693,N,True
4,bot81__1,bot23__1,1693,N,True
4,7,bot23__1,1693,N,True
4,264,bot8__3,1693,N,True
4,39,bot8__3,1693,N,True
4,320,bot8__3,1693,N,True
4,bot18__8,bot8__3,1693,N,True
4,bot32__4,bot15__7,1693,N,True
4,320,bot15__7,1693,N,True
4,306,reel21__4,1693,N,True
4,320,reel21__4,1693,N,True
4,96,reel25__5,1693,N,True
4,320,reel25__5,1693,N,True
4,reel42__1,reel25__5,1693,N,True
4,76,reel35__8,1693,N,True
4,320,reel35__8,1693,N,True
4,320,reel65__7,1693,N,True
4,279,reel65__7,1693,N,True
4,295,reel8__4,1693,N,True
4,reel22__9,reel8__4,1693,N,True
4,171,bot30__0,1693,N,True
4,reel22__9,bot30__0,1693,N,True
4,332,bot30__0,1693,N,True
4,reel22__9,reel34__9,1693,N,True
4,259,reel34__9,1693,N,True
4,164,reel34__9,1693,N,True
4,reel22__9,bot57__8,1693,N,True
4,reel21__2,bot64__6,1693,N,True
4,reel22__9,bot64__6,1693,N,True
4,reel22__9,reel74__6,1693,N,True
4,163,reel74__6,1693,N,True
4,155,bot2__1,1693,N,True
4,339,bot2__1,1693,N,True
4,339,reel57__5,1693,N,True
4,171,bot0__6,1693,N,True
4,bot11__7,bot0__6,1693,N,True
4,134,bot0__6,1693,N,True
4,181,bot0__6,1693,N,True
4,171,reel50__8,1693,N,True
4,227,reel50__8,1693,N,True
4,16,reel50__8,1693,N,True
4,171,reel57__4,1693,N,True
4,reel60__2,reel57__4,1693,N,True
4,214,reel57__4,1693,N,True
4,171,reel78__1,1693,N,True
4,111,reel78__1,1693,N,True
4,8,reel1__5,1693,N,True
4,81,reel1__5,1693,N,True
4,285,reel1__5,1693,N,True
4,81,reel11__2,1693,N,True
4,reel18__9,reel11__2,1693,N,True
4,81,bot74__4,1693,N,True
4,bot42__6,bot74__4,1693,N,True
4,183,bot36__9,1693,N,True
4,bot78__4,bot36__9,1693,N,True
4,bot7__3,bot11__3,1693,N,True
4,bot19__4,bot11__3,1693,N,True
4,bot19__4,bot61__6,1693,N,True
4,321,reel4__0,1693,N,True
4,336,reel4__0,1693,N,True
4,321,reel31__4,1693,N,True
4,321,reel79__4,1693,N,True
4,reel61__9,reel79__4,1693,N,True
4,257,reel3__1,1693,N,True
4,reel16__6,reel3__1,1693,N,True
4,reel40__2,reel3__1,1693,N,True
4,300,reel3__1,1693,N,True
4,reel79__7,reel3__1,1693,N,True
4,reel56__8,reel55__9,1693,N,True
4,147,reel55__9,1693,N,True
4,reel79__7,reel55__9,1693,N,True
4,6,bot6__5,1693,N,True
4,bot22__2,bot6__5,1693,N,True
4,6,bot10__5,1693,N,True
4,336,bot10__5,1693,N,True
4,bot42__6,bot10__5,1693,N,True
4,6,bot12__7,1693,N,True
4,236,bot12__7,1693,N,True
4,6,bot42__8,1693,N,True
4,reel63__6,bot65__1,1693,N,True
4,reel49__2,bot65__1,1693,N,True
4,8,reel75__6,1693,N,True
4,reel63__6,reel75__6,1693,N,True
4,reel13__7,reel75__6,1693,N,True
4,35,reel11__0,1693,N,True
4,196,bot20__1,1693,N,True
4,35,bot20__1,1693,N,True
4,bot18__8,bot20__1,1693,N,True
4,35,reel54__8,1693,N,True
4,164,reel54__8,1693,N,True
4,35,bot55__1,1693,N,True
4,reel26__9,reel76__8,1693,N,True
4,35,reel76__8,1693,N,True
4,reel0__8,reel76__8,1693,N,True
4,reel2__4,bot42__4,1693,N,True
4,reel2__4,reel54__0,1693,N,True
4,reel2__4,reel59__7,1693,N,True
4,reel31__9,reel20__0,1693,N,True
4,76,reel20__0,1693,N,True
4,reel0__8,reel20__0,1693,N,True
4,214,reel20__0,1693,N,True
4,reel31__9,reel66__6,1693,N,True
4,reel7__0,reel66__6,1693,N,True
4,161,reel7__5,1693,N,True
4,315,reel7__5,1693,N,True
4,bot15__8,reel7__5,1693,N,True
4,297,reel7__5,1693,N,True
4,63,bot65__9,1693,N,True
4,bot15__8,bot65__9,1693,N,True
4,bot3__8,bot78__2,1693,N,True
4,bot16__0,bot4__9,1693,N,True
4,8,bot4__9,1693,N,True
4,34,bot4__9,1693,N,True
4,282,bot4__9,1693,N,True
4,34,reel24__3,1693,N,True
4,34,bot26__9,1693,N,True
4,33,reel6__6,1693,N,True
4,176,reel6__6,1693,N,True
4,19,reel6__6,1693,N,True
4,19,reel15__0,1693,N,True
4,reel2__7,reel23__3,1693,N,True
4,19,reel23__3,1693,N,True
4,204,reel23__3,1693,N,True
4,276,reel62__9,1693,N,True
4,19,reel62__9,1693,N,True
4,137,bot63__9,1693,N,True
4,19,bot63__9,1693,N,True
4,bot1__9,bot36__3,1693,N,True
4,reel8__3,reel9__6,1693,N,True
4,reel43__6,reel9__6,1693,N,True
4,188,reel9__6,1693,N,True
4,14,reel9__6,1693,N,True
4,reel8__3,reel28__3,1693,N,True
4,reel8__3,bot84__6,1693,N,True
4,317,reel39__6,1693,N,True
4,reel67__3,reel39__6,1693,N,True
4,reel67__3,bot69__5,1693,N,True
4,bot29__4,reel14__1,1693,N,True
4,260,reel14__1,1693,N,True
4,63,reel14__1,1693,N,True
4,bot34__8,reel14__1,1693,N,True
4,44,reel15__6,1693,N,True
4,58,reel15__6,1693,N,True
4,260,reel15__6,1693,N,True
4,reel43__6,reel15__6,1693,N,True
4,260,bot17__5,1693,N,True
4,260,bot32__6,1693,N,True
4,reel16__3,reel5__9,1693,N,True
4,87,reel5__9,1693,N,True
4,reel6__7,reel5__9,1693,N,True
4,103,reel5__9,1693,N,True
4,30,reel5__9,1693,N,True
4,reel16__3,reel46__6,1693,N,True
4,reel16__3,reel48__0,1693,N,True
4,reel37__1,reel48__0,1693,N,True
4,328,reel48__0,1693,N,True
4,reel16__3,reel63__7,1693,N,True
4,268,reel63__7,1693,N,True
4,reel16__3,bot78__3,1693,N,True
4,reel26__2,reel44__1,1693,N,True
4,reel78__9,reel44__1,1693,N,True
4,reel0__6,reel44__1,1693,N,True
4,reel42__2,reel69__3,1693,N,True
4,reel78__9,reel69__3,1693,N,True
4,193,reel36__8,1693,N,True
4,193,reel70__7,1693,N,True
4,reel16__0,bot30__2,1693,N,True
4,reel16__0,bot44__0,1693,N,True
4,reel43__6,reel47__2,1693,N,True
4,reel16__0,reel47__2,1693,N,True
4,177,reel53__7,1693,N,True
4,reel16__0,reel53__7,1693,N,True
4,reel16__0,bot74__6,1693,N,True
4,280,reel44__0,1693,N,True
4,253,reel44__0,1693,N,True
4,280,reel82__7,1693,N,True
4,56,bot1__4,1693,N,True
4,56,bot27__6,1693,N,True
4,56,bot36__8,1693,N,True
4,196,bot36__8,1693,N,True
4,56,reel72__7,1693,N,True
4,112,reel4__1,1693,N,True
4,112,reel18__0,1693,N,True
4,112,reel24__1,1693,N,True
4,112,reel37__6,1693,N,True
4,137,reel37__6,1693,N,True
4,39,bot19__2,1693,N,True
4,39,bot25__1,1693,N,True
4,173,bot10__2,1693,N,True
4,326,bot10__2,1693,N,True
4,263,reel23__5,1693,N,True
4,326,reel23__5,1693,N,True
4,167,reel23__5,1693,N,True
4,106,reel83__2,1693,N,True
4,326,reel83__2,1693,N,True
4,263,reel7__9,1693,N,True
4,291,reel7__9,1693,N,True
4,263,bot38__9,1693,N,True
4,reel2__7,reel30__1,1693,N,True
4,125,reel45__2,1693,N,True
4,reel2__7,reel45__2,1693,N,True
4,reel2__7,reel78__8,1693,N,True
4,324,reel78__8,1693,N,True
4,reel33__8,reel41__6,1693,N,True
4,223,bot84__2,1693,N,True
4,44,bot42__0,1693,N,True
4,44,bot56__0,1693,N,True
4,336,reel7__1,1693,N,True
4,324,reel7__1,1693,N,True
4,336,bot19__0,1693,N,True
4,336,reel70__2,1693,N,True
4,291,bot21__6,1693,N,True
4,304,bot21__6,1693,N,True
4,304,reel22__5,1693,N,True
4,bot19__3,bot49__0,1693,N,True
4,304,bot49__0,1693,N,True
4,bot19__3,reel18__3,1693,N,True
4,90,reel18__3,1693,N,True
4,16,reel18__3,1693,N,True
4,16,reel34__6,1693,N,True
4,reel38__2,reel45__7,1693,N,True
4,16,reel45__7,1693,N,True
4,16,bot82__2,1693,N,True
4,8,bot57__5,1693,N,True
4,bot17__9,bot3__3,1693,N,True
4,52,bot3__3,1693,N,True
4,182,bot3__3,1693,N,True
4,reel0__8,bot3__3,1693,N,True
4,182,bot7__9,1693,N,True
4,206,bot36__5,1693,N,True
4,158,bot36__5,1693,N,True
4,158,reel65__4,1693,N,True
4,214,reel65__4,1693,N,True
4,158,bot74__7,1693,N,True
4,203,bot42__5,1693,N,True
4,149,bot42__5,1693,N,True
4,203,reel60__0,1693,N,True
4,42,reel60__0,1693,N,True
4,181,bot0__1,1693,N,True
4,208,bot0__1,1693,N,True
4,167,bot0__1,1693,N,True
4,181,reel14__4,1693,N,True
4,181,bot72__2,1693,N,True
4,reel0__8,bot72__2,1693,N,True
4,181,reel75__0,1693,N,True
4,198,reel9__7,1693,N,True
4,reel17__7,reel9__7,1693,N,True
4,bot12__0,reel9__7,1693,N,True
4,173,reel19__0,1693,N,True
4,33,reel19__0,1693,N,True
4,167,reel19__0,1693,N,True
4,reel29__1,reel2__2,1693,N,True
4,bot8__2,reel2__2,1693,N,True
4,reel29__1,bot82__3,1693,N,True
4,reel62__2,reel70__4,1693,N,True
4,reel62__2,reel72__6,1693,N,True
4,257,bot11__1,1693,N,True
4,190,bot11__1,1693,N,True
4,190,bot81__8,1693,N,True
4,30,bot81__8,1693,N,True
4,220,bot0__8,1693,N,True
4,176,bot0__8,1693,N,True
4,308,bot0__8,1693,N,True
4,220,bot76__4,1693,N,True
4,126,bot3__5,1693,N,True
4,295,bot3__5,1693,N,True
4,295,reel10__2,1693,N,True
4,279,reel10__2,1693,N,True
4,30,reel10__2,1693,N,True
4,295,reel33__4,1693,N,True
4,198,reel52__8,1693,N,True
4,295,reel52__8,1693,N,True
4,reel37__4,reel52__8,1693,N,True
4,295,bot67__1,1693,N,True
4,295,bot77__5,1693,N,True
4,10,bot77__5,1693,N,True
4,183,bot30__9,1693,N,True
4,184,reel29__3,1693,N,True
4,reel9__9,reel29__3,1693,N,True
4,188,reel29__3,1693,N,True
4,184,reel45__0,1693,N,True
4,bot75__3,bot51__6,1693,N,True
4,bot30__4,bot51__6,1693,N,True
4,270,reel7__6,1693,N,True
4,240,reel7__6,1693,N,True
4,reel57__7,reel7__6,1693,N,True
4,225,reel7__6,1693,N,True
4,251,reel55__1,1693,N,True
4,225,reel55__1,1693,N,True
4,147,reel61__3,1693,N,True
4,225,reel61__3,1693,N,True
4,bot54__9,bot5__1,1693,N,True
4,276,bot5__1,1693,N,True
4,45,bot5__1,1693,N,True
4,276,bot25__6,1693,N,True
4,216,reel27__2,1693,N,True
4,276,reel27__2,1693,N,True
4,reel37__1,reel27__2,1693,N,True
4,reel49__0,reel27__2,1693,N,True
4,reel13__1,reel16__2,1693,N,True
4,reel13__1,reel26__0,1693,N,True
4,reel13__1,reel82__0,1693,N,True
4,253,bot62__8,1693,N,True
4,bot31__0,bot62__8,1693,N,True
4,53,reel5__1,1693,N,True
4,259,reel5__1,1693,N,True
4,259,reel7__8,1693,N,True
4,259,bot25__3,1693,N,True
4,259,reel51__3,1693,N,True
4,179,reel51__3,1693,N,True
4,211,reel54__9,1693,N,True
4,259,reel54__9,1693,N,True
4,259,reel70__5,1693,N,True
4,251,reel10__3,1693,N,True
4,251,bot17__0,1693,N,True
4,bot30__3,reel26__8,1693,N,True
4,251,reel26__8,1693,N,True
4,306,bot45__7,1693,N,True
4,251,bot45__7,1693,N,True
4,251,bot78__7,1693,N,True
4,bot16__3,bot23__4,1693,N,True
4,247,bot23__4,1693,N,True
4,bot34__8,bot23__4,1693,N,True
4,308,reel30__8,1693,N,True
4,214,reel30__8,1693,N,True
4,272,bot52__8,1693,N,True
4,214,bot52__8,1693,N,True
4,214,reel78__2,1693,N,True
4,bot57__2,bot34__9,1693,N,True
4,reel9__9,bot34__9,1693,N,True
4,reel9__9,reel68__6,1693,N,True
4,173,reel11__4,1693,N,True
4,238,reel11__4,1693,N,True
4,reel55__4,reel11__4,1693,N,True
4,173,bot35__7,1693,N,True
4,40,bot35__7,1693,N,True
4,173,bot65__2,1693,N,True
4,173,bot66__6,1693,N,True
4,128,reel8__9,1693,N,True
4,161,bot33__6,1693,N,True
4,reel0__6,bot33__6,1693,N,True
4,150,bot7__4,1693,N,True
4,reel0__8,bot7__4,1693,N,True
4,150,bot17__6,1693,N,True
4,233,bot14__8,1693,N,True
4,233,reel48__3,1693,N,True
4,reel49__0,reel48__3,1693,N,True
4,233,bot73__6,1693,N,True
4,bot34__8,bot73__6,1693,N,True
4,313,bot49__6,1693,N,True
4,313,bot84__4,1693,N,True
4,238,bot84__4,1693,N,True
4,reel50__2,bot77__2,1693,N,True
4,159,bot77__2,1693,N,True
4,reel48__2,bot77__2,1693,N,True
4,reel50__2,bot83__8,1693,N,True
4,reel29__7,bot83__8,1693,N,True
4,reel7__0,bot28__0,1693,N,True
4,297,bot28__0,1693,N,True
4,reel7__0,reel36__5,1693,N,True
4,reel29__7,reel52__4,1693,N,True
4,reel29__7,reel66__4,1693,N,True
4,reel3__8,bot19__8,1693,N,True
4,reel3__8,reel25__2,1693,N,True
4,238,reel25__2,1693,N,True
4,reel0__8,reel25__2,1693,N,True
4,126,bot1__2,1693,N,True
4,126,reel29__6,1693,N,True
4,reel24__5,reel29__6,1693,N,True
4,126,bot55__5,1693,N,True
4,179,bot55__5,1693,N,True
4,reel20__5,reel15__3,1693,N,True
4,308,reel15__3,1693,N,True
4,reel20__5,bot26__4,1693,N,True
4,reel20__5,reel26__4,1693,N,True
4,160,reel26__4,1693,N,True
4,50,reel4__8,1693,N,True
4,137,reel4__8,1693,N,True
4,137,reel49__4,1693,N,True
4,160,reel62__4,1693,N,True
4,137,reel62__4,1693,N,True
4,5,reel62__4,1693,N,True
4,137,reel62__8,1693,N,True
4,reel57__7,reel62__8,1693,N,True
4,bot29__4,bot68__3,1693,N,True
4,reel55__4,bot61__0,1693,N,True
4,bot42__1,bot61__0,1693,N,True
4,reel0__1,reel27__1,1693,N,True
4,reel54__4,reel27__1,1693,N,True
4,277,reel65__0,1693,N,True
4,reel54__4,reel65__0,1693,N,True
4,reel54__4,reel78__3,1693,N,True
4,72,reel28__9,1693,N,True
4,75,reel28__9,1693,N,True
4,reel6__7,reel41__5,1693,N,True
4,72,reel41__5,1693,N,True
4,bot32__4,bot63__6,1693,N,True
4,72,bot63__6,1693,N,True
4,278,bot63__6,1693,N,True
4,reel40__2,bot48__1,1693,N,True
4,reel40__2,reel70__3,1693,N,True
4,247,reel8__1,1693,N,True
4,bot14__4,reel8__1,1693,N,True
4,17,reel8__1,1693,N,True
4,149,reel34__8,1693,N,True
4,bot61__3,reel34__8,1693,N,True
4,154,reel34__8,1693,N,True
4,113,bot7__8,1693,N,True
4,285,bot7__8,1693,N,True
4,285,reel14__3,1693,N,True
4,285,reel25__4,1693,N,True
4,191,bot61__9,1693,N,True
4,62,bot61__9,1693,N,True
4,285,bot61__9,1693,N,True
4,285,reel75__8,1693,N,True
4,285,bot81__7,1693,N,True
4,91,reel6__1,1693,N,True
4,129,reel6__1,1693,N,True
4,reel16__6,reel6__1,1693,N,True
4,reel33__5,reel6__1,1693,N,True
4,91,reel73__4,1693,N,True
4,reel10__1,bot67__8,1693,N,True
4,208,reel29__2,1693,N,True
4,reel38__2,reel8__0,1693,N,True
4,bot37__9,reel8__0,1693,N,True
4,272,reel8__0,1693,N,True
4,341,reel8__0,1693,N,True
4,reel25__1,reel11__1,1693,N,True
4,bot2__4,bot27__4,1693,N,True
4,reel25__1,bot27__4,1693,N,True
4,reel25__1,bot38__1,1693,N,True
4,reel25__1,bot56__5,1693,N,True
4,bot56__8,bot43__5,1693,N,True
4,bot56__8,bot79__1,1693,N,True
4,329,bot12__6,1693,N,True
4,329,bot29__7,1693,N,True
4,reel16__6,bot26__5,1693,N,True
4,reel16__6,reel48__7,1693,N,True
4,reel16__6,reel76__1,1693,N,True
4,324,reel76__1,1693,N,True
4,155,bot5__0,1693,N,True
4,268,bot5__0,1693,N,True
4,bot10__9,bot5__0,1693,N,True
4,161,bot39__0,1693,N,True
4,reel26__9,bot39__0,1693,N,True
4,reel0__1,reel36__1,1693,N,True
4,152,reel36__1,1693,N,True
4,reel0__1,reel42__8,1693,N,True
4,5,reel42__8,1693,N,True
4,157,reel35__1,1693,N,True
4,157,bot58__1,1693,N,True
4,157,reel82__4,1693,N,True
4,291,bot25__2,1693,N,True
4,90,bot25__2,1693,N,True
4,bot2__2,bot25__2,1693,N,True
4,90,reel26__1,1693,N,True
4,reel25__8,reel48__8,1693,N,True
4,reel18__9,reel48__8,1693,N,True
4,reel25__8,reel75__3,1693,N,True
4,299,reel19__7,1693,N,True
4,315,reel19__7,1693,N,True
4,reel0__8,reel19__7,1693,N,True
4,177,reel47__0,1693,N,True
4,reel0__8,reel47__0,1693,N,True
4,reel12__2,reel58__8,1693,N,True
4,reel0__8,reel58__8,1693,N,True
4,133,bot73__5,1693,N,True
4,reel0__8,bot73__5,1693,N,True
4,reel46__3,reel63__8,1693,N,True
4,bot8__2,bot6__1,1693,N,True
4,133,bot6__1,1693,N,True
4,bot8__2,bot37__0,1693,N,True
4,141,bot31__2,1693,N,True
4,reel17__0,bot31__2,1693,N,True
4,reel17__0,bot59__0,1693,N,True
4,145,reel74__8,1693,N,True
4,reel48__2,reel74__8,1693,N,True
4,reel17__0,reel74__8,1693,N,True
4,bot62__6,bot30__8,1693,N,True
4,bot62__6,bot33__1,1693,N,True
4,bot36__4,bot33__1,1693,N,True
4,236,reel39__4,1693,N,True
4,236,bot40__7,1693,N,True
4,120,bot40__7,1693,N,True
4,144,reel52__6,1693,N,True
4,211,reel52__6,1693,N,True
4,199,reel52__6,1693,N,True
4,230,reel1__1,1693,N,True
4,198,reel1__6,1693,N,True
4,230,reel1__6,1693,N,True
4,322,bot9__8,1693,N,True
4,322,reel12__4,1693,N,True
4,245,reel12__4,1693,N,True
4,reel67__8,reel12__4,1693,N,True
4,40,bot23__0,1693,N,True
4,40,reel33__6,1693,N,True
4,5,reel33__6,1693,N,True
4,40,bot66__8,1693,N,True
4,241,bot13__0,1693,N,True
4,bot66__9,bot13__0,1693,N,True
4,241,reel67__4,1693,N,True
4,241,reel71__5,1693,N,True
4,241,reel80__8,1693,N,True
4,bot10__6,bot79__8,1693,N,True
4,bot70__7,bot28__2,1693,N,True
4,bot70__7,bot71__5,1693,N,True
4,45,bot71__5,1693,N,True
4,reel24__5,bot39__9,1693,N,True
4,reel24__5,reel51__7,1693,N,True
4,reel24__5,reel57__9,1693,N,True
4,268,reel27__7,1693,N,True
4,134,reel5__3,1693,N,True
4,258,reel5__3,1693,N,True
4,311,bot18__1,1693,N,True
4,258,bot18__1,1693,N,True
4,258,reel41__3,1693,N,True
4,32,reel41__3,1693,N,True
4,reel31__1,reel43__1,1693,N,True
4,reel26__2,bot65__6,1693,N,True
4,bot12__8,bot65__6,1693,N,True
4,270,bot19__9,1693,N,True
4,270,reel72__5,1693,N,True
4,245,bot18__2,1693,N,True
4,245,bot19__5,1693,N,True
4,245,reel25__6,1693,N,True
4,245,bot49__9,1693,N,True
4,reel43__6,bot49__9,1693,N,True
4,121,reel63__5,1693,N,True
4,reel41__0,reel63__5,1693,N,True
4,58,bot70__1,1693,N,True
4,reel60__2,bot70__1,1693,N,True
4,bot78__5,bot70__1,1693,N,True
4,219,bot13__1,1693,N,True
4,240,bot13__1,1693,N,True
4,257,reel28__5,1693,N,True
4,302,reel28__5,1693,N,True
4,191,bot6__4,1693,N,True
4,bot40__5,bot6__4,1693,N,True
4,10,bot6__4,1693,N,True
4,191,bot52__4,1693,N,True
4,188,reel17__9,1693,N,True
4,188,reel70__9,1693,N,True
4,7,reel81__0,1693,N,True
4,300,reel81__0,1693,N,True
4,308,reel81__0,1693,N,True
4,bot52__2,bot29__5,1693,N,True
4,bot52__2,bot77__8,1693,N,True
4,reel20__6,reel43__5,1693,N,True
4,42,bot59__9,1693,N,True
4,bot9__6,bot30__7,1693,N,True
4,bot9__6,bot54__4,1693,N,True
4,255,reel22__3,1693,N,True
4,255,bot24__6,1693,N,True
4,bot65__4,bot71__6,1693,N,True
4,50,bot71__6,1693,N,True
4,reel37__1,bot57__1,1693,N,True
4,reel24__0,bot57__1,1693,N,True
4,28,reel13__8,1693,N,True
4,324,reel13__8,1693,N,True
4,28,reel68__3,1693,N,True
4,reel33__5,reel68__3,1693,N,True
4,53,reel44__7,1693,N,True
4,bot11__7,bot74__9,1693,N,True
4,294,reel26__6,1693,N,True
4,152,reel26__6,1693,N,True
4,111,bot13__9,1693,N,True
4,147,bot13__9,1693,N,True
4,bot16__1,bot13__9,1693,N,True
4,bot16__1,bot33__2,1693,N,True
4,10,bot33__2,1693,N,True
4,13,reel24__2,1693,N,True
4,45,reel24__2,1693,N,True
4,13,bot81__9,1693,N,True
4,141,reel48__4,1693,N,True
4,reel51__9,reel48__4,1693,N,True
4,311,reel62__1,1693,N,True
4,reel51__9,reel62__1,1693,N,True
4,reel51__9,reel76__2,1693,N,True
4,328,bot2__6,1693,N,True
4,62,reel17__8,1693,N,True
4,155,reel17__8,1693,N,True
4,bot22__2,reel17__8,1693,N,True
4,294,reel22__1,1693,N,True
4,70,reel22__1,1693,N,True
4,70,reel55__7,1693,N,True
4,70,bot73__3,1693,N,True
4,bot2__8,bot80__2,1693,N,True
4,70,bot80__2,1693,N,True
4,reel46__1,reel80__1,1693,N,True
4,reel4__3,bot22__6,1693,N,True
4,reel4__3,reel73__6,1693,N,True
4,reel4__3,bot83__4,1693,N,True
4,177,reel33__1,1693,N,True
4,347,reel4__9,1693,N,True
4,80,reel4__9,1693,N,True
4,80,bot11__8,1693,N,True
4,80,reel39__3,1693,N,True
4,reel13__7,reel39__3,1693,N,True
4,168,reel39__3,1693,N,True
4,80,reel40__8,1693,N,True
4,80,reel79__8,1693,N,True
4,reel37__4,reel79__8,1693,N,True
4,bot32__4,bot62__1,1693,N,True
4,bot2__4,bot57__3,1693,N,True
4,reel21__8,bot57__3,1693,N,True
4,196,reel3__5,1693,N,True
4,297,reel3__5,1693,N,True
4,196,bot32__7,1693,N,True
4,45,reel9__5,1693,N,True
4,311,bot13__6,1693,N,True
4,45,bot13__6,1693,N,True
4,reel0__5,bot15__9,1693,N,True
4,45,bot15__9,1693,N,True
4,216,reel20__4,1693,N,True
4,45,reel20__4,1693,N,True
4,141,reel20__4,1693,N,True
4,45,reel77__6,1693,N,True
4,reel36__7,reel51__2,1693,N,True
4,reel36__7,reel56__0,1693,N,True
4,reel21__8,reel22__0,1693,N,True
4,341,reel22__0,1693,N,True
4,reel21__8,bot49__4,1693,N,True
4,reel67__8,bot84__7,1693,N,True
4,147,reel0__0,1693,N,True
4,147,reel36__9,1693,N,True
4,reel28__0,reel36__9,1693,N,True
4,147,reel68__0,1693,N,True
4,bot5__4,bot16__7,1693,N,True
4,reel0__5,reel21__3,1693,N,True
4,120,reel21__3,1693,N,True
4,134,bot26__6,1693,N,True
4,317,bot26__6,1693,N,True
4,bot62__7,bot26__6,1693,N,True
4,134,bot35__2,1693,N,True
4,297,bot51__7,1693,N,True
4,297,bot71__7,1693,N,True
4,144,reel15__5,1693,N,True
4,289,reel15__5,1693,N,True
4,347,bot29__1,1693,N,True
4,52,reel47__1,1693,N,True
4,176,reel47__1,1693,N,True
4,32,reel14__2,1693,N,True
4,reel13__7,reel14__2,1693,N,True
4,reel33__5,reel14__7,1693,N,True
4,reel13__7,reel14__7,1693,N,True
4,75,reel14__7,1693,N,True
4,216,bot30__1,1693,N,True
4,62,bot32__1,1693,N,True
4,62,reel32__0,1693,N,True
4,reel75__9,reel32__0,1693,N,True
4,159,reel32__0,1693,N,True
4,129,reel52__3,1693,N,True
4,62,reel52__3,1693,N,True
4,219,reel50__5,1693,N,True
4,247,bot4__2,1693,N,True
4,162,bot4__2,1693,N,True
4,162,reel35__5,1693,N,True
4,162,bot44__4,1693,N,True
4,162,bot48__2,1693,N,True
4,341,bot48__2,1693,N,True
4,reel21__2,bot23__9,1693,N,True
4,reel4__2,bot7__1,1693,N,True
4,277,bot7__1,1693,N,True
4,160,bot33__9,1693,N,True
4,286,bot22__7,1693,N,True
4,reel28__0,reel67__0,1693,N,True
4,bot2__8,bot14__0,1693,N,True
4,14,bot14__0,1693,N,True
4,bot2__2,bot40__3,1693,N,True
4,14,bot40__3,1693,N,True
4,306,bot8__1,1693,N,True
4,10,bot8__1,1693,N,True
4,10,bot26__1,1693,N,True
4,10,reel76__9,1693,N,True
4,bot42__1,bot44__3,1693,N,True
4,bot8__6,bot35__8,1693,N,True
4,17,reel3__3,1693,N,True
4,reel0__2,reel3__3,1693,N,True
4,reel0__2,reel68__5,1693,N,True
4,reel0__2,bot78__9,1693,N,True
4,52,bot39__1,1693,N,True
4,52,bot60__8,1693,N,True
4,bot40__5,bot49__8,1693,N,True
4,reel9__8,reel33__2,1693,N,True
4,reel9__8,bot64__8,1693,N,True
4,246,reel30__3,1693,N,True
4,325,reel30__3,1693,N,True
4,281,bot15__2,1693,N,True
4,reel40__4,bot80__3,1693,N,True
4,211,reel43__0,1693,N,True
4,211,bot75__6,1693,N,True
4,76,reel51__1,1693,N,True
4,76,reel60__3,1693,N,True
4,116,reel5__8,1693,N,True
4,168,reel5__8,1693,N,True
4,168,reel57__3,1693,N,True
4,168,bot73__4,1693,N,True
4,266,bot4__6,1693,N,True
4,bot36__4,bot4__6,1693,N,True
4,266,bot19__1,1693,N,True
4,266,bot48__4,1693,N,True
4,306,reel52__9,1693,N,True
4,50,reel52__9,1693,N,True
4,reel9__2,reel52__9,1693,N,True
4,306,reel66__0,1693,N,True
4,332,bot41__0,1693,N,True
4,49,reel58__3,1693,N,True
4,332,reel58__3,1693,N,True
4,32,reel58__5,1693,N,True
4,332,reel58__5,1693,N,True
4,141,reel31__3,1693,N,True
4,reel24__0,reel64__2,1693,N,True
4,reel1__8,reel11__7,1693,N,True
4,111,reel11__7,1693,N,True
4,reel1__8,reel56__1,1693,N,True
4,bot63__5,reel31__0,1693,N,True
4,75,reel31__0,1693,N,True
4,reel43__6,reel82__5,1693,N,True
4,324,reel82__5,1693,N,True
4,149,bot59__3,1693,N,True
4,149,reel62__5,1693,N,True
4,116,bot77__4,1693,N,True
4,reel23__7,bot77__4,1693,N,True
4,reel23__7,reel77__1,1693,N,True
4,129,reel76__3,1693,N,True
4,65,reel61__7,1693,N,True
4,77,reel17__1,1693,N,True
4,bot37__9,bot58__7,1693,N,True
4,121,bot18__6,1693,N,True
4,bot6__9,bot18__6,1693,N,True
4,38,bot18__6,1693,N,True
4,bot28__7,bot9__2,1693,N,True
4,bot56__2,bot9__2,1693,N,True
4,159,reel80__9,1693,N,True
4,bot30__3,bot34__6,1693,N,True
4,bot37__1,bot50__6,1693,N,True
4,238,bot31__7,1693,N,True
4,238,bot55__4,1693,N,True
4,238,reel74__5,1693,N,True
4,29,bot51__0,1693,N,True
4,reel26__9,reel66__5,1693,N,True
4,reel56__8,reel66__5,1693,N,True
4,reel26__9,reel82__8,1693,N,True
4,341,reel59__4,1693,N,True
4,341,reel63__0,1693,N,True
4,341,bot76__2,1693,N,True
4,32,reel0__9,1693,N,True
4,75,reel0__9,1693,N,True
4,75,bot47__0,1693,N,True
4,5,bot68__0,1693,N,True
4,63,bot7__2,1693,N,True
4,103,bot7__2,1693,N,True
4,38,bot20__4,1693,N,True
4,58,reel26__7,1693,N,True
4,58,bot60__9,1693,N,True
4,58,reel77__4,1693,N,True
4,308,reel60__5,1693,N,True
4,195,reel60__5,1693,N,True
4,308,reel64__5,1693,N,True
4,reel49__2,bot52__3,1693,N,True
4,reel49__2,reel56__6,1693,N,True
4,49,bot15__0,1693,N,True
4,282,bot48__9,1693,N,True
4,reel18__9,bot52__9,1693,N,True
4,278,bot78__6,1693,N,True
4,reel56__8,reel81__9,1693,N,True
4,bot7__3,bot69__4,1693,N,True
4,279,reel24__8,1693,N,True
4,317,bot37__3,1693,N,True
4,279,bot37__3,1693,N,True
4,279,bot71__3,1693,N,True
4,113,reel65__2,1693,N,True
4,bot2__2,bot12__3,1693,N,True
4,136,reel50__3,1693,N,True
4,136,reel71__8,1693,N,True
4,bot17__9,bot71__9,1693,N,True
4,155,bot77__1,1693,N,True
4,325,bot55__7,1693,N,True
4,133,reel21__6,1693,N,True
4,253,reel3__9,1693,N,True
4,179,reel3__9,1693,N,True
4,179,reel11__8,1693,N,True
4,144,reel48__5,1693,N,True
4,179,reel48__5,1693,N,True
4,179,reel55__2,1693,N,True
4,reel9__2,reel13__9,1693,N,True
4,reel9__2,bot73__8,1693,N,True
4,reel9__2,bot75__7,1693,N,True
4,195,reel24__4,1693,N,True
4,207,bot11__4,1693,N,True
4,227,bot11__4,1693,N,True
4,17,reel28__6,1693,N,True
4,17,bot65__0,1693,N,True
4,106,reel2__5,1693,N,True
4,291,reel63__1,1693,N,True
4,204,reel10__9,1693,N,True
4,163,bot67__9,1693,N,True
4,163,reel81__1,1693,N,True
4,170,bot78__0,1693,N,True
4,124,bot11__9,1693,N,True
4,299,bot13__3,1693,N,True
4,299,reel56__7,1693,N,True
4,299,bot66__3,1693,N,True
4,271,bot72__1,1693,N,True
4,7,bot51__4,1693,N,True
4,7,reel65__3,1693,N,True
4,reel26__2,reel19__6,1693,N,True
4,reel26__2,bot27__7,1693,N,True
4,reel26__2,reel32__4,1693,N,True
4,reel26__2,bot65__3,1693,N,True
4,reel26__2,reel80__5,1693,N,True
4,bot27__1,bot34__1,1693,N,True
4,bot27__1,bot37__5,1693,N,True
4,reel42__2,reel53__3,1693,N,True
4,reel57__0,bot66__5,1693,N,True
4,120,reel74__7,1693,N,True
4,198,reel57__6,1693,N,True
4,145,bot31__1,1693,N,True
4,reel32__6,bot62__5,1693,N,True
4,116,bot35__3,1693,N,True
4,116,reel58__1,1693,N,True
4,116,reel71__7,1693,N,True
4,reel17__7,bot28__5,1693,N,True
4,reel17__7,bot68__2,1693,N,True
4,247,reel38__0,1693,N,True
4,32,reel72__9,1693,N,True
4,103,reel18__8,1693,N,True
4,103,reel33__7,1693,N,True
4,bot8__9,bot30__6,1694,N,True
4,reel17__6,bot30__6,1694,N,True
4,reel10__7,reel42__0,1694,N,True
4,reel21__3,reel42__0,1694,N,True
4,reel17__6,reel42__0,1694,N,True
4,reel4__0,reel42__9,1694,N,True
4,reel17__6,reel42__9,1694,N,True
4,reel44__7,reel42__9,1694,N,True
4,reel17__6,bot51__5,1694,N,True
4,bot5__3,bot51__5,1694,N,True
4,reel20__9,bot69__1,1694,N,True
4,reel17__6,bot69__1,1694,N,True
4,reel4__3,bot83__4,1694,N,True
4,reel14__6,bot83__4,1694,N,True
4,bot36__8,bot83__4,1694,N,True
4,reel37__5,bot59__5,1694,N,True
4,bot20__3,bot59__5,1694,N,True
4,bot36__4,bot59__5,1694,N,True
4,reel10__7,bot24__3,1694,N,True
4,bot32__1,bot24__3,1694,N,True
4,reel12__1,bot24__3,1694,N,True
4,reel2__8,bot24__3,1694,N,True
4,reel2__8,bot66__0,1694,N,True
4,bot31__2,reel17__0,1694,N,True
4,reel9__9,reel17__0,1694,N,True
4,bot18__3,reel17__0,1694,N,True
4,reel45__1,reel80__9,1694,N,True
4,reel36__1,reel80__9,1694,N,True
4,reel12__9,bot73__0,1694,N,True
4,bot1__7,bot73__0,1694,N,True
4,reel22__0,bot46__3,1694,N,True
4,reel34__0,bot46__3,1694,N,True
4,reel23__5,bot46__3,1694,N,True
4,reel17__2,bot46__9,1694,N,True
4,reel61__9,bot68__9,1694,N,True
4,bot50__1,bot68__9,1694,N,True
4,reel3__8,bot9__4,1694,N,True
4,bot41__1,bot9__4,1694,N,True
4,bot33__1,bot9__4,1694,N,True
4,bot33__1,bot62__6,1694,N,True
4,reel54__9,reel83__5,1694,N,True
4,reel57__5,reel83__5,1694,N,True
4,bot60__5,reel56__4,1694,N,True
4,bot72__3,reel56__4,1694,N,True
4,reel33__1,reel61__8,1694,N,True
4,reel64__5,reel61__8,1694,N,True
4,reel46__4,reel61__8,1694,N,True
4,reel67__3,reel61__8,1694,N,True
4,reel24__6,bot27__9,1694,N,True
4,bot20__6,bot27__9,1694,N,True
4,reel23__2,reel46__1,1694,N,True
4,reel14__5,reel46__1,1694,N,True
4,bot16__4,bot59__0,1694,N,True
4,reel2__0,bot3__8,1694,N,True
4,reel2__0,bot61__1,1694,N,True
4,reel2__0,reel64__0,1694,N,True
4,reel2__7,bot45__4,1694,N,True
4,bot52__4,bot45__4,1694,N,True
4,reel24__0,bot45__4,1694,N,True
4,reel32__8,bot45__4,1694,N,True
4,reel32__8,bot47__6,1694,N,True
4,reel24__7,reel42__5,1694,N,True
4,reel4__9,reel42__5,1694,N,True
4,reel15__2,reel42__5,1694,N,True
4,reel48__4,reel42__5,1694,N,True
4,reel15__2,bot54__6,1694,N,True
4,reel40__1,bot41__4,1694,N,True
4,reel12__0,bot41__4,1694,N,True
4,reel47__0,bot52__1,1694,N,True
4,reel46__9,bot52__1,1694,N,True
4,reel79__8,bot82__4,1694,N,True
4,reel60__0,bot82__4,1694,N,True
4,reel72__2,bot77__6,1694,N,True
4,bot78__7,bot77__6,1694,N,True
4,bot23__3,bot77__6,1694,N,True
4,bot39__8,bot58__2,1694,N,True
4,bot61__2,bot58__2,1694,N,True
4,bot15__7,bot58__2,1694,N,True
4,reel3__4,reel78__5,1694,N,True
4,reel58__2,reel78__5,1694,N,True
4,reel53__5,reel78__5,1694,N,True
4,reel47__1,bot54__8,1694,N,True
4,bot43__1,bot67__7,1694,N,True
4,reel18__1,bot67__7,1694,N,True
4,reel13__0,bot21__5,1694,N,True
4,reel5__8,bot21__5,1694,N,True
4,bot22__7,bot21__5,1694,N,True
4,bot41__5,bot21__5,1694,N,True
4,bot41__5,bot43__8,1694,N,True
4,reel15__9,bot68__1,1694,N,True
4,bot29__9,bot68__1,1694,N,True
4,bot41__5,bot68__1,1694,N,True
4,reel30__3,bot69__5,1694,N,True
4,bot0__9,bot69__5,1694,N,True
4,reel67__3,bot69__5,1694,N,True
4,reel65__8,reel78__2,1694,N,True
4,reel0__3,reel78__2,1694,N,True
4,reel16__9,bot22__5,1694,N,True
4,bot73__6,bot22__5,1694,N,True
4,reel19__4,bot22__5,1694,N,True
4,bot72__8,bot22__5,1694,N,True
4,bot33__5,bot22__5,1694,N,True
4,reel16__9,bot74__0,1694,N,True
4,bot13__7,bot74__0,1694,N,True
4,reel20__1,reel78__4,1694,N,True
4,reel16__1,reel78__4,1694,N,True
4,reel32__2,reel83__6,1694,N,True
4,reel16__1,reel83__6,1694,N,True
4,reel9__6,bot38__8,1694,N,True
4,bot12__2,bot38__8,1694,N,True
4,bot43__3,bot38__8,1694,N,True
4,bot19__3,bot45__2,1694,N,True
4,bot7__6,bot45__2,1694,N,True
4,bot55__6,bot45__2,1694,N,True
4,bot7__6,bot84__1,1694,N,True
4,bot53__9,bot84__1,1694,N,True
4,bot63__7,bot51__2,1694,N,True
4,reel5__8,bot64__3,1694,N,True
4,bot63__7,bot64__3,1694,N,True
4,reel52__0,bot64__3,1694,N,True
4,reel37__3,reel44__8,1694,N,True
4,reel3__1,reel44__8,1694,N,True
4,bot19__5,bot34__0,1694,N,True
4,reel20__4,bot34__0,1694,N,True
4,bot63__4,bot34__0,1694,N,True
4,reel78__6,reel41__5,1694,N,True
4,reel6__7,reel41__5,1694,N,True
4,reel50__5,reel41__5,1694,N,True
4,reel50__5,reel81__7,1694,N,True
4,bot55__6,bot84__5,1694,N,True
4,reel50__5,bot84__5,1694,N,True
4,reel70__8,bot84__5,1694,N,True
4,bot13__1,bot34__9,1694,N,True
4,reel9__9,bot34__9,1694,N,True
4,reel15__6,bot34__9,1694,N,True
4,bot57__2,bot34__9,1694,N,True
4,bot13__1,bot64__9,1694,N,True
4,bot3__5,bot64__9,1694,N,True
4,reel2__4,bot64__9,1694,N,True
4,reel6__0,reel22__5,1694,N,True
4,bot23__6,reel22__5,1694,N,True
4,reel3__6,reel22__5,1694,N,True
4,reel6__0,bot44__2,1694,N,True
4,bot33__5,bot44__2,1694,N,True
4,bot25__9,bot44__2,1694,N,True
4,reel52__7,reel65__9,1694,N,True
4,reel47__7,reel65__9,1694,N,True
4,reel47__7,bot69__9,1694,N,True
4,reel35__5,bot67__0,1694,N,True
4,reel4__5,bot67__0,1694,N,True
4,bot83__1,bot49__5,1694,N,True
4,reel18__2,reel56__2,1694,N,True
4,reel48__1,reel56__2,1694,N,True
4,reel63__6,reel58__4,1694,N,True
4,reel48__1,reel58__4,1694,N,True
4,reel4__3,bot22__6,1694,N,True
4,reel20__7,bot22__6,1694,N,True
4,reel18__3,bot22__6,1694,N,True
4,reel18__3,reel72__9,1694,N,True
4,reel42__7,reel72__9,1694,N,True
4,reel18__3,bot77__7,1694,N,True
4,bot80__0,bot77__7,1694,N,True
4,reel59__3,bot77__7,1694,N,True
4,reel18__3,reel81__3,1694,N,True
4,reel67__6,reel81__3,1694,N,True
4,reel54__4,reel78__3,1694,N,True
4,reel18__8,reel78__3,1694,N,True
4,reel63__0,reel59__9,1694,N,True
4,reel41__1,reel59__9,1694,N,True
4,reel48__3,reel59__9,1694,N,True
4,bot13__7,bot23__8,1694,N,True
4,reel21__9,bot23__8,1694,N,True
4,bot55__4,bot23__8,1694,N,True
4,bot28__0,bot23__8,1694,N,True
4,reel21__9,reel26__1,1694,N,True
4,reel21__7,reel26__1,1694,N,True
4,bot54__2,reel26__1,1694,N,True
4,bot29__6,bot61__4,1694,N,True
4,reel21__9,bot61__4,1694,N,True
4,bot38__3,bot42__7,1694,N,True
4,reel14__1,bot42__7,1694,N,True
4,reel41__7,bot42__7,1694,N,True
4,bot38__3,bot69__7,1694,N,True
4,reel63__3,reel51__0,1694,N,True
4,reel11__0,reel51__0,1694,N,True
4,reel39__8,reel51__0,1694,N,True
4,reel56__0,reel51__0,1694,N,True
4,bot72__3,reel51__0,1694,N,True
4,reel24__5,bot67__3,1694,N,True
4,reel56__0,bot67__3,1694,N,True
4,bot12__5,bot69__0,1694,N,True
4,reel73__7,reel44__5,1694,N,True
4,reel2__9,reel44__5,1694,N,True
4,reel40__3,reel44__5,1694,N,True
4,reel36__9,reel79__2,1694,N,True
4,reel17__3,reel79__2,1694,N,True
4,reel8__9,bot29__2,1694,N,True
4,reel8__9,bot51__8,1694,N,True
4,bot53__4,bot41__8,1694,N,True
4,reel33__8,bot41__8,1694,N,True
4,bot70__3,bot38__1,1694,N,True
4,reel33__1,bot38__1,1694,N,True
4,reel25__1,bot38__1,1694,N,True
4,bot6__6,bot38__1,1694,N,True
4,bot51__7,reel33__0,1694,N,True
4,bot2__1,bot22__4,1694,N,True
4,bot19__0,bot22__4,1694,N,True
4,bot75__8,bot22__4,1694,N,True
4,bot37__7,bot38__7,1694,N,True
4,bot21__2,bot38__7,1694,N,True
4,bot16__2,bot38__7,1694,N,True
4,reel36__4,reel53__1,1694,N,True
4,reel31__5,reel53__1,1694,N,True
4,reel12__0,reel75__8,1694,N,True
4,reel31__5,reel75__8,1694,N,True
4,reel48__3,bot64__2,1694,N,True
4,bot52__8,bot64__2,1694,N,True
4,bot83__5,reel78__9,1694,N,True
4,reel69__3,reel78__9,1694,N,True
4,reel10__9,reel34__1,1694,N,True
4,reel14__6,bot58__5,1694,N,True
4,bot78__4,bot58__5,1694,N,True
4,bot43__4,bot60__6,1694,N,True
4,reel58__9,reel62__2,1694,N,True
4,reel42__6,reel62__2,1694,N,True
4,reel70__6,reel62__2,1694,N,True
4,reel9__2,reel62__2,1694,N,True
4,bot72__8,reel62__2,1694,N,True
4,reel72__6,reel62__2,1694,N,True
4,bot25__5,bot80__3,1694,N,True
4,reel40__4,bot80__3,1694,N,True
4,bot71__5,bot80__3,1694,N,True
4,bot4__1,bot69__4,1694,N,True
4,bot7__3,bot69__4,1694,N,True
4,reel71__9,reel67__9,1694,N,True
4,reel63__6,reel67__9,1694,N,True
4,reel23__6,reel67__9,1694,N,True
4,reel0__6,reel67__9,1694,N,True
4,reel63__6,reel75__6,1694,N,True
4,reel13__7,reel75__6,1694,N,True
4,reel2__4,bot42__4,1694,N,True
4,reel67__6,reel59__7,1694,N,True
4,reel2__4,reel59__7,1694,N,True
4,bot65__8,reel59__7,1694,N,True
4,reel20__0,reel59__7,1694,N,True
4,reel16__7,reel59__7,1694,N,True
4,reel14__7,bot72__7,1694,N,True
4,reel11__1,bot72__7,1694,N,True
4,reel27__6,bot76__6,1694,N,True
4,bot19__9,bot76__6,1694,N,True
4,reel52__7,bot62__1,1694,N,True
4,reel14__3,bot48__0,1694,N,True
4,bot15__8,bot48__0,1694,N,True
4,bot15__4,bot79__4,1694,N,True
4,bot3__7,bot20__2,1694,N,True
4,reel12__9,bot20__2,1694,N,True
4,reel7__7,bot20__2,1694,N,True
4,bot15__9,bot42__8,1694,N,True
4,reel24__2,bot42__8,1694,N,True
4,bot51__6,bot75__3,1694,N,True
4,reel66__3,bot73__1,1694,N,True
4,bot13__9,bot16__1,1694,N,True
4,reel6__2,bot16__1,1694,N,True
4,bot33__2,bot16__1,1694,N,True
4,reel9__5,reel64__7,1694,N,True
4,reel25__9,reel64__7,1694,N,True
4,reel28__4,reel64__7,1694,N,True
4,reel25__4,reel44__4,1694,N,True
4,bot45__9,reel44__4,1694,N,True
4,bot9__8,bot76__1,1694,N,True
4,reel30__0,bot76__1,1694,N,True
4,bot9__8,bot77__9,1694,N,True
4,reel54__8,bot77__9,1694,N,True
4,bot63__0,bot77__9,1694,N,True
4,reel1__5,bot13__3,1694,N,True
4,reel3__7,bot13__3,1694,N,True
4,bot26__0,bot13__3,1694,N,True
4,reel16__0,bot30__2,1694,N,True
4,bot26__0,bot44__0,1694,N,True
4,bot3__6,bot44__0,1694,N,True
4,bot58__6,bot44__0,1694,N,True
4,reel16__0,bot44__0,1694,N,True
4,reel43__6,reel47__2,1694,N,True
4,reel11__9,reel47__2,1694,N,True
4,reel16__0,reel47__2,1694,N,True
4,reel28__6,reel16__8,1694,N,True
4,reel6__5,reel16__8,1694,N,True
4,reel2__7,reel16__8,1694,N,True
4,reel38__9,reel16__8,1694,N,True
4,bot20__0,reel16__8,1694,N,True
4,reel2__7,reel45__2,1694,N,True
4,reel2__6,reel41__6,1694,N,True
4,reel33__8,reel41__6,1694,N,True
4,reel19__4,reel41__6,1694,N,True
4,reel33__8,reel66__8,1694,N,True
4,bot16__6,bot82__7,1694,N,True
4,bot31__5,bot82__7,1694,N,True
4,reel47__6,reel72__4,1694,N,True
4,reel21__0,reel74__2,1694,N,True
4,reel1__5,reel74__2,1694,N,True
4,reel4__9,reel56__6,1694,N,True
4,reel49__2,reel56__6,1694,N,True
4,reel4__0,reel35__7,1694,N,True
4,reel18__5,reel35__7,1694,N,True
4,reel43__0,bot59__6,1694,N,True
4,bot9__1,bot59__6,1694,N,True
4,bot55__7,bot25__2,1694,N,True
4,bot2__2,bot25__2,1694,N,True
4,bot71__5,bot84__3,1694,N,True
4,reel21__8,bot49__4,1694,N,True
4,reel48__7,bot49__4,1694,N,True
4,reel33__3,bot49__4,1694,N,True
4,reel4__3,reel73__6,1694,N,True
4,reel72__7,reel73__6,1694,N,True
4,reel48__7,reel73__6,1694,N,True
4,reel49__2,bot59__2,1694,N,True
4,bot43__6,bot59__2,1694,N,True
4,reel22__8,bot59__2,1694,N,True
4,reel7__9,bot49__1,1694,N,True
4,reel6__2,bot49__1,1694,N,True
4,bot26__6,bot49__1,1694,N,True
4,reel22__4,reel81__5,1694,N,True
4,reel6__2,reel81__5,1694,N,True
4,bot84__8,bot39__9,1694,N,True
4,bot35__9,bot39__9,1694,N,True
4,reel24__5,bot39__9,1694,N,True
4,reel72__7,reel58__6,1694,N,True
4,reel34__7,reel58__6,1694,N,True
4,reel41__2,reel58__6,1694,N,True
4,reel31__3,reel58__6,1694,N,True
4,reel41__2,bot59__4,1694,N,True
4,reel42__1,reel45__3,1694,N,True
4,bot34__6,bot30__3,1694,N,True
4,reel26__8,bot30__3,1694,N,True
4,reel6__5,bot30__3,1694,N,True
4,reel26__8,bot46__4,1694,N,True
4,reel18__0,reel66__1,1694,N,True
4,reel26__8,reel66__1,1694,N,True
4,reel13__2,reel66__1,1694,N,True
4,reel27__4,reel43__1,1694,N,True
4,reel30__8,reel43__1,1694,N,True
4,reel30__8,reel43__3,1694,N,True
4,reel11__9,reel43__3,1694,N,True
4,bot51__4,bot39__5,1694,N,True
4,bot13__9,bot39__5,1694,N,True
4,bot29__9,bot39__5,1694,N,True
4,bot26__0,bot39__5,1694,N,True
4,reel9__5,bot43__9,1694,N,True
4,bot81__9,bot43__9,1694,N,True
4,reel34__2,reel32__4,1694,N,True
4,reel26__2,reel32__4,1694,N,True
4,reel2__9,reel32__4,1694,N,True
4,reel30__9,reel32__4,1694,N,True
4,reel30__9,bot57__7,1694,N,True
4,bot23__0,bot57__7,1694,N,True
4,reel6__3,reel20__6,1694,N,True
4,bot63__6,bot32__4,1694,N,True
4,reel6__3,bot32__4,1694,N,True
4,bot15__7,bot32__4,1694,N,True
4,reel6__3,bot34__3,1694,N,True
4,reel25__3,bot34__3,1694,N,True
4,reel3__8,reel25__2,1694,N,True
4,bot50__5,reel25__2,1694,N,True
4,reel0__8,reel25__2,1694,N,True
4,bot50__5,bot56__5,1694,N,True
4,reel25__1,bot56__5,1694,N,True
4,reel15__7,reel16__2,1694,N,True
4,reel13__2,reel16__2,1694,N,True
4,reel13__2,reel66__7,1694,N,True
4,reel8__1,reel66__7,1694,N,True
4,reel73__9,bot81__1,1694,N,True
4,bot23__1,bot81__1,1694,N,True
4,reel28__5,bot30__8,1694,N,True
4,bot23__3,bot30__8,1694,N,True
4,reel14__6,reel68__6,1694,N,True
4,reel9__9,reel68__6,1694,N,True
4,bot50__4,bot35__8,1694,N,True
4,reel11__6,bot42__3,1694,N,True
4,bot21__3,bot42__3,1694,N,True
4,reel70__6,reel71__4,1694,N,True
4,reel32__9,bot41__2,1694,N,True
4,bot31__8,bot16__7,1694,N,True
4,reel10__3,bot16__7,1694,N,True
4,bot15__6,bot79__5,1694,N,True
4,reel29__7,reel52__4,1694,N,True
4,reel28__4,reel52__4,1694,N,True
4,reel11__0,bot35__0,1694,N,True
4,reel8__8,reel80__0,1694,N,True
4,reel28__1,reel80__0,1694,N,True
4,reel20__5,bot26__4,1694,N,True
4,bot34__4,bot26__4,1694,N,True
4,bot37__8,bot26__4,1694,N,True
4,bot23__0,bot26__4,1694,N,True
4,reel8__0,bot26__4,1694,N,True
4,reel3__8,bot31__6,1694,N,True
4,bot58__8,bot31__6,1694,N,True
4,bot23__3,bot31__6,1694,N,True
4,bot36__0,bot46__6,1694,N,True
4,reel12__4,bot46__6,1694,N,True
4,bot23__3,bot46__6,1694,N,True
4,reel28__6,bot30__1,1694,N,True
4,bot3__7,bot30__1,1694,N,True
4,reel28__6,reel62__7,1694,N,True
4,reel55__4,bot61__0,1694,N,True
4,bot70__1,bot75__4,1694,N,True
4,reel31__2,reel33__5,1694,N,True
4,reel6__1,reel33__5,1694,N,True
4,reel14__7,reel33__5,1694,N,True
4,reel68__3,reel33__5,1694,N,True
4,reel45__6,reel79__9,1694,N,True
4,reel31__2,reel79__9,1694,N,True
4,reel39__7,bot57__5,1694,N,True
4,reel76__9,reel49__8,1694,N,True
4,reel44__9,reel49__8,1694,N,True
4,reel61__2,bot67__8,1694,N,True
4,bot3__2,bot67__8,1694,N,True
4,reel10__1,bot67__8,1694,N,True
4,bot82__2,bot83__3,1694,N,True
4,reel25__8,reel48__8,1694,N,True
4,reel55__1,reel48__8,1694,N,True
4,bot2__4,bot27__4,1694,N,True
4,bot8__9,bot27__4,1694,N,True
4,reel25__1,bot27__4,1694,N,True
4,reel0__9,reel78__7,1694,N,True
4,reel58__2,reel78__7,1694,N,True
4,reel22__0,reel36__0,1694,N,True
4,bot4__8,bot79__1,1694,N,True
4,bot56__8,bot79__1,1694,N,True
4,reel9__7,bot12__3,1694,N,True
4,bot60__9,bot12__3,1694,N,True
4,bot2__2,bot12__3,1694,N,True
4,reel76__3,reel82__0,1694,N,True
4,reel37__9,reel82__0,1694,N,True
4,reel0__1,bot37__6,1694,N,True
4,reel11__4,bot28__1,1694,N,True
4,reel16__7,bot28__1,1694,N,True
4,reel11__4,reel80__1,1694,N,True
4,reel11__4,bot84__2,1694,N,True
4,reel49__1,bot84__2,1694,N,True
4,bot32__5,bot64__0,1694,N,True
4,reel63__5,bot64__0,1694,N,True
4,reel15__1,bot64__0,1694,N,True
4,reel9__1,bot28__5,1694,N,True
4,reel17__7,bot28__5,1694,N,True
4,reel15__7,bot17__4,1694,N,True
4,reel0__8,reel58__8,1694,N,True
4,reel48__4,reel66__5,1694,N,True
4,reel26__9,reel66__5,1694,N,True
4,reel56__8,reel66__5,1694,N,True
4,bot20__9,bot45__8,1694,N,True
4,reel8__8,bot53__2,1694,N,True
4,bot32__9,bot49__8,1694,N,True
4,bot40__5,bot49__8,1694,N,True
4,reel44__6,bot49__8,1694,N,True
4,reel13__0,reel76__2,1694,N,True
4,reel21__0,reel76__2,1694,N,True
4,reel51__9,reel76__2,1694,N,True
4,reel30__0,reel46__0,1694,N,True
4,reel5__3,reel46__0,1694,N,True
4,bot49__2,bot46__2,1694,N,True
4,bot52__2,bot46__2,1694,N,True
4,bot2__1,bot6__5,1694,N,True
4,bot22__2,bot6__5,1694,N,True
4,bot32__2,bot6__5,1694,N,True
4,bot36__5,bot58__7,1694,N,True
4,reel6__1,bot41__9,1694,N,True
4,reel2__9,bot41__9,1694,N,True
4,reel52__0,reel70__4,1694,N,True
4,reel19__5,reel63__4,1694,N,True
4,reel17__7,reel63__4,1694,N,True
4,reel32__0,reel74__5,1694,N,True
4,bot52__2,bot29__5,1694,N,True
4,bot35__2,bot59__8,1694,N,True
4,reel47__5,bot59__8,1694,N,True
4,reel17__7,bot59__8,1694,N,True
4,bot7__5,bot51__0,1694,N,True
4,reel41__7,bot51__0,1694,N,True
4,reel37__8,reel57__0,1694,N,True
4,reel16__4,reel57__0,1694,N,True
4,bot66__5,reel57__0,1694,N,True
4,reel10__6,reel57__0,1694,N,True
4,bot66__5,bot38__5,1694,N,True
4,reel35__2,bot38__5,1694,N,True
4,reel35__0,bot38__5,1694,N,True
4,reel2__9,reel74__4,1694,N,True
4,reel48__3,reel74__4,1694,N,True
4,reel10__6,reel74__4,1694,N,True
4,bot11__7,bot74__9,1694,N,True
4,reel4__3,bot27__8,1694,N,True
4,reel17__7,bot27__8,1694,N,True
4,reel10__4,bot27__8,1694,N,True
4,bot60__9,bot79__6,1694,N,True
4,reel75__7,bot79__6,1694,N,True
4,bot50__6,bot37__1,1694,N,True
4,bot20__7,bot37__1,1694,N,True
4,reel58__7,reel79__1,1694,N,True
4,reel59__2,reel79__1,1694,N,True
4,reel59__2,reel81__9,1694,N,True
4,reel56__8,reel81__9,1694,N,True
4,reel41__7,reel43__2,1694,N,True
4,reel16__7,reel43__2,1694,N,True
4,reel3__4,reel51__2,1694,N,True
4,reel36__7,reel51__2,1694,N,True
4,reel6__5,reel49__3,1694,N,True
4,bot72__9,bot48__5,1694,N,True
4,reel37__4,bot48__5,1694,N,True
4,reel10__2,reel33__4,1694,N,True
4,reel10__2,bot63__3,1694,N,True
4,reel10__2,bot70__9,1694,N,True
4,reel23__4,reel59__1,1694,N,True
4,reel37__8,reel73__8,1694,N,True
4,reel60__8,reel73__8,1694,N,True
4,reel46__9,reel73__8,1694,N,True
4,reel43__7,bot54__5,1694,N,True
4,bot64__1,bot80__1,1694,N,True
4,reel21__0,reel77__1,1694,N,True
4,reel61__1,bot83__9,1694,N,True
4,reel8__6,bot83__9,1694,N,True
4,bot33__6,bot75__9,1694,N,True
4,reel1__8,reel56__1,1694,N,True
4,reel17__4,reel56__1,1694,N,True
4,reel34__5,reel56__1,1694,N,True
4,reel63__9,bot70__0,1694,N,True
4,reel67__0,bot79__8,1694,N,True
4,reel30__6,reel38__1,1694,N,True
4,reel9__6,reel38__1,1694,N,True
4,reel9__6,bot57__6,1694,N,True
4,reel34__9,bot56__4,1694,N,True
4,reel49__1,bot64__8,1694,N,True
4,reel12__4,reel22__6,1694,N,True
4,bot40__0,bot68__3,1694,N,True
4,reel1__8,reel57__7,1694,N,True
4,reel78__0,reel57__7,1694,N,True
4,reel41__7,bot74__8,1694,N,True
4,bot14__3,bot68__6,1694,N,True
4,bot42__0,bot68__6,1694,N,True
4,bot22__0,bot76__8,1694,N,True
4,reel21__5,bot82__6,1694,N,True
4,bot26__8,bot82__1,1694,N,True
4,reel24__6,bot82__1,1694,N,True
4,reel22__2,reel43__5,1694,N,True
4,reel28__9,reel43__5,1694,N,True
4,reel33__1,bot77__1,1694,N,True
4,reel8__6,bot33__8,1694,N,True
4,reel5__8,reel64__3,1694,N,True
4,reel56__8,reel82__9,1694,N,True
4,reel10__4,bot21__1,1694,N,True
4,reel11__9,bot21__1,1694,N,True
4,reel10__4,reel40__7,1694,N,True
4,reel26__0,reel45__4,1694,N,True
4,reel32__3,bot33__7,1694,N,True
4,reel27__4,reel45__5,1694,N,True
4,reel21__1,reel45__5,1694,N,True
4,bot20__7,bot44__7,1694,N,True
4,bot70__2,bot44__7,1694,N,True
4,bot17__9,bot71__9,1694,N,True
4,reel25__3,bot71__9,1694,N,True
4,bot32__8,bot48__7,1694,N,True
4,bot13__7,bot48__7,1694,N,True
4,reel9__2,bot42__9,1694,N,True
4,reel23__6,reel54__2,1694,N,True
4,reel38__5,reel54__2,1694,N,True
4,reel32__2,reel80__3,1694,N,True
4,reel26__2,bot27__7,1694,N,True
4,bot4__2,bot27__7,1694,N,True
4,bot4__6,bot62__3,1694,N,True
4,bot32__1,bot60__3,1694,N,True
4,bot9__2,bot39__3,1694,N,True
4,bot42__6,bot74__4,1694,N,True
4,reel19__8,reel53__9,1694,N,True
4,bot71__3,bot84__7,1694,N,True
4,bot32__2,bot84__7,1694,N,True
4,reel26__2,bot65__6,1694,N,True
4,bot27__1,bot37__5,1694,N,True
4,bot16__2,bot67__2,1694,N,True
4,reel40__8,bot67__1,1694,N,True
4,bot43__5,bot79__9,1694,N,True
4,bot29__7,bot66__3,1694,N,True
4,reel17__7,bot68__2,1694,N,True
4,reel23__6,bot38__4,1694,N,True
4,bot8__8,bot7__0,1695,N,True
4,188,bot7__0,1695,N,True
4,bot8__8,bot80__8,1695,N,True
4,24,bot80__8,1695,N,True
4,reel4__3,bot83__4,1695,N,True
4,bot36__8,bot83__4,1695,N,True
4,63,bot15__3,1695,N,True
4,314,bot15__3,1695,N,True
4,167,bot15__3,1695,N,True
4,314,reel15__7,1695,N,True
4,314,reel51__6,1695,N,True
4,314,reel62__6,1695,N,True
4,reel2__1,reel62__6,1695,N,True
4,302,reel36__2,1695,N,True
4,bot56__1,reel36__2,1695,N,True
4,78,reel36__2,1695,N,True
4,78,reel45__9,1695,N,True
4,189,reel48__2,1695,N,True
4,78,reel48__2,1695,N,True
4,78,bot66__1,1695,N,True
4,reel50__2,reel3__8,1695,N,True
4,79,reel3__8,1695,N,True
4,309,reel3__8,1695,N,True
4,175,reel18__2,1695,N,True
4,309,reel18__2,1695,N,True
4,309,reel48__5,1695,N,True
4,179,reel48__5,1695,N,True
4,bot40__2,bot22__5,1695,N,True
4,bot33__1,bot36__4,1695,N,True
4,bot33__1,bot48__8,1695,N,True
4,bot33__1,bot62__6,1695,N,True
4,32,reel14__2,1695,N,True
4,100,reel14__2,1695,N,True
4,reel13__7,reel14__2,1695,N,True
4,100,bot31__7,1695,N,True
4,33,reel77__0,1695,N,True
4,100,reel77__0,1695,N,True
4,bot12__7,bot0__5,1695,N,True
4,232,bot0__5,1695,N,True
4,232,bot10__9,1695,N,True
4,bot27__6,reel10__7,1695,N,True
4,2,reel10__7,1695,N,True
4,232,reel10__7,1695,N,True
4,reel16__7,reel38__6,1695,N,True
4,307,reel38__6,1695,N,True
4,232,reel38__6,1695,N,True
4,263,bot43__0,1695,N,True
4,reel8__9,bot43__0,1695,N,True
4,232,bot43__0,1695,N,True
4,reel52__5,bot53__5,1695,N,True
4,190,bot53__5,1695,N,True
4,232,bot53__5,1695,N,True
4,232,bot81__0,1695,N,True
4,27,reel21__0,1695,N,True
4,102,reel21__0,1695,N,True
4,reel69__8,reel21__0,1695,N,True
4,27,bot31__3,1695,N,True
4,89,bot31__3,1695,N,True
4,reel9__2,bot31__3,1695,N,True
4,27,bot36__2,1695,N,True
4,27,reel38__3,1695,N,True
4,reel12__4,reel38__3,1695,N,True
4,27,reel71__6,1695,N,True
4,331,bot3__2,1695,N,True
4,93,bot3__2,1695,N,True
4,32,bot3__2,1695,N,True
4,93,reel7__7,1695,N,True
4,272,reel7__7,1695,N,True
4,reel42__1,reel7__7,1695,N,True
4,reel77__5,reel7__7,1695,N,True
4,reel33__6,reel7__7,1695,N,True
4,266,reel7__7,1695,N,True
4,93,reel65__6,1695,N,True
4,276,reel65__6,1695,N,True
4,93,reel69__5,1695,N,True
4,93,reel73__9,1695,N,True
4,1,reel21__8,1695,N,True
4,118,reel21__8,1695,N,True
4,1,reel25__7,1695,N,True
4,1,bot26__2,1695,N,True
4,1,reel46__2,1695,N,True
4,137,reel46__2,1695,N,True
4,1,bot52__7,1695,N,True
4,50,reel17__6,1695,N,True
4,118,reel17__6,1695,N,True
4,118,bot34__7,1695,N,True
4,267,bot34__7,1695,N,True
4,118,reel46__3,1695,N,True
4,118,reel67__1,1695,N,True
4,324,reel67__1,1695,N,True
4,259,bot4__7,1695,N,True
4,68,bot4__7,1695,N,True
4,87,reel4__7,1695,N,True
4,68,reel4__7,1695,N,True
4,150,reel4__7,1695,N,True
4,226,reel10__4,1695,N,True
4,reel54__7,reel10__4,1695,N,True
4,68,reel10__4,1695,N,True
4,307,reel10__4,1695,N,True
4,68,bot69__0,1695,N,True
4,250,bot69__0,1695,N,True
4,68,bot79__4,1695,N,True
4,68,reel79__2,1695,N,True
4,reel17__3,reel79__2,1695,N,True
4,336,reel0__4,1695,N,True
4,reel26__9,reel0__4,1695,N,True
4,151,reel0__4,1695,N,True
4,reel20__2,reel0__4,1695,N,True
4,170,reel81__2,1695,N,True
4,151,reel81__2,1695,N,True
4,310,bot55__8,1695,N,True
4,bot34__5,bot55__8,1695,N,True
4,237,bot55__8,1695,N,True
4,bot16__3,bot69__9,1695,N,True
4,bot34__5,bot69__9,1695,N,True
4,reel2__0,reel64__0,1695,N,True
4,267,reel64__0,1695,N,True
4,129,reel83__1,1695,N,True
4,reel2__0,reel83__1,1695,N,True
4,243,reel83__1,1695,N,True
4,reel32__9,reel13__3,1695,N,True
4,342,reel13__3,1695,N,True
4,188,reel17__9,1695,N,True
4,342,reel17__9,1695,N,True
4,255,bot24__6,1695,N,True
4,342,bot24__6,1695,N,True
4,bot40__8,bot10__5,1695,N,True
4,336,bot10__5,1695,N,True
4,6,bot10__5,1695,N,True
4,bot40__8,bot17__5,1695,N,True
4,224,bot17__5,1695,N,True
4,346,bot17__5,1695,N,True
4,327,bot16__9,1695,N,True
4,80,bot16__9,1695,N,True
4,131,bot16__9,1695,N,True
4,reel20__2,bot42__9,1695,N,True
4,reel9__2,bot42__9,1695,N,True
4,131,bot42__9,1695,N,True
4,131,bot50__0,1695,N,True
4,2,reel53__0,1695,N,True
4,131,reel53__0,1695,N,True
4,244,reel69__0,1695,N,True
4,131,reel69__0,1695,N,True
4,131,reel82__2,1695,N,True
4,198,bot23__5,1695,N,True
4,97,bot23__5,1695,N,True
4,305,reel23__2,1695,N,True
4,97,reel23__2,1695,N,True
4,bot19__0,bot32__9,1695,N,True
4,97,bot32__9,1695,N,True
4,bot58__0,reel15__4,1695,N,True
4,reel33__7,reel1__2,1695,N,True
4,320,reel1__2,1695,N,True
4,reel2__5,reel1__2,1695,N,True
4,reel2__5,bot15__2,1695,N,True
4,312,bot3__4,1695,N,True
4,218,bot3__4,1695,N,True
4,312,bot9__5,1695,N,True
4,208,bot9__5,1695,N,True
4,312,bot10__0,1695,N,True
4,278,bot10__0,1695,N,True
4,312,bot10__4,1695,N,True
4,bot49__2,bot10__4,1695,N,True
4,312,bot10__8,1695,N,True
4,bot7__2,bot10__8,1695,N,True
4,312,reel10__6,1695,N,True
4,202,reel10__6,1695,N,True
4,143,reel10__6,1695,N,True
4,312,reel35__9,1695,N,True
4,312,reel37__2,1695,N,True
4,200,bot8__5,1695,N,True
4,211,bot8__5,1695,N,True
4,200,bot8__6,1695,N,True
4,200,bot20__9,1695,N,True
4,reel6__9,bot20__9,1695,N,True
4,170,reel55__6,1695,N,True
4,200,reel55__6,1695,N,True
4,89,reel55__6,1695,N,True
4,200,bot58__6,1695,N,True
4,305,bot0__3,1695,N,True
4,176,bot0__3,1695,N,True
4,159,bot0__3,1695,N,True
4,305,reel55__8,1695,N,True
4,241,reel80__8,1695,N,True
4,reel16__1,reel80__8,1695,N,True
4,202,reel15__8,1695,N,True
4,89,reel15__8,1695,N,True
4,164,bot21__3,1695,N,True
4,89,bot21__3,1695,N,True
4,89,reel22__9,1695,N,True
4,89,reel31__6,1695,N,True
4,75,reel31__6,1695,N,True
4,89,reel59__2,1695,N,True
4,89,bot70__6,1695,N,True
4,reel9__4,reel12__7,1695,N,True
4,53,reel12__7,1695,N,True
4,bot37__0,reel12__7,1695,N,True
4,46,reel12__7,1695,N,True
4,reel16__7,reel12__7,1695,N,True
4,157,reel28__1,1695,N,True
4,46,reel28__1,1695,N,True
4,reel80__0,reel28__1,1695,N,True
4,bot72__1,reel28__1,1695,N,True
4,46,bot37__2,1695,N,True
4,46,bot47__3,1695,N,True
4,284,bot11__6,1695,N,True
4,172,bot11__6,1695,N,True
4,284,bot39__8,1695,N,True
4,30,bot39__8,1695,N,True
4,284,reel80__7,1695,N,True
4,237,reel17__4,1695,N,True
4,249,reel17__4,1695,N,True
4,246,reel0__3,1695,N,True
4,bot7__6,reel0__3,1695,N,True
4,31,reel0__3,1695,N,True
4,204,reel0__3,1695,N,True
4,bot7__6,bot12__5,1695,N,True
4,182,bot12__5,1695,N,True
4,bot7__6,bot45__2,1695,N,True
4,250,bot45__2,1695,N,True
4,bot7__6,bot45__3,1695,N,True
4,reel4__3,bot78__8,1695,N,True
4,bot7__6,bot78__8,1695,N,True
4,bot7__6,bot84__1,1695,N,True
4,reel23__3,bot84__1,1695,N,True
4,107,bot5__8,1695,N,True
4,177,bot5__8,1695,N,True
4,107,bot20__0,1695,N,True
4,107,bot35__4,1695,N,True
4,62,bot35__4,1695,N,True
4,reel34__0,bot35__4,1695,N,True
4,107,reel47__8,1695,N,True
4,reel27__6,reel47__8,1695,N,True
4,175,reel1__9,1695,N,True
4,324,reel1__9,1695,N,True
4,175,reel11__5,1695,N,True
4,221,reel11__5,1695,N,True
4,180,reel11__5,1695,N,True
4,175,reel38__4,1695,N,True
4,175,reel52__0,1695,N,True
4,175,reel59__0,1695,N,True
4,241,reel59__0,1695,N,True
4,175,bot80__0,1695,N,True
4,reel33__7,reel36__8,1695,N,True
4,193,reel36__8,1695,N,True
4,reel33__7,bot43__2,1695,N,True
4,119,reel0__7,1695,N,True
4,71,reel0__7,1695,N,True
4,204,bot6__0,1695,N,True
4,71,bot6__0,1695,N,True
4,71,bot8__4,1695,N,True
4,71,bot11__2,1695,N,True
4,324,bot11__2,1695,N,True
4,71,bot24__4,1695,N,True
4,278,bot24__4,1695,N,True
4,71,bot72__3,1695,N,True
4,reel34__0,reel70__8,1695,N,True
4,307,reel70__8,1695,N,True
4,221,reel12__9,1695,N,True
4,199,reel12__9,1695,N,True
4,221,bot72__8,1695,N,True
4,237,reel22__7,1695,N,True
4,reel6__9,reel22__7,1695,N,True
4,258,bot24__8,1695,N,True
4,reel6__9,bot24__8,1695,N,True
4,6,bot67__4,1695,N,True
4,reel6__9,bot67__4,1695,N,True
4,bot55__2,bot70__3,1695,N,True
4,234,bot70__3,1695,N,True
4,290,bot44__5,1695,N,True
4,290,reel46__7,1695,N,True
4,180,reel64__8,1695,N,True
4,290,reel64__8,1695,N,True
4,119,reel83__9,1695,N,True
4,290,reel83__9,1695,N,True
4,57,reel7__2,1695,N,True
4,275,reel7__2,1695,N,True
4,57,reel35__0,1695,N,True
4,57,bot79__3,1695,N,True
4,bot55__2,bot56__7,1695,N,True
4,218,bot56__7,1695,N,True
4,344,bot14__7,1695,N,True
4,306,reel21__4,1695,N,True
4,320,reel21__4,1695,N,True
4,344,reel21__4,1695,N,True
4,344,reel27__5,1695,N,True
4,344,reel79__6,1695,N,True
4,218,bot11__3,1695,N,True
4,bot17__2,bot13__8,1695,N,True
4,167,bot13__8,1695,N,True
4,218,bot13__8,1695,N,True
4,245,bot18__2,1695,N,True
4,218,bot18__2,1695,N,True
4,112,reel24__1,1695,N,True
4,105,reel24__1,1695,N,True
4,218,reel24__1,1695,N,True
4,218,bot62__2,1695,N,True
4,reel8__7,reel10__8,1695,N,True
4,reel8__7,reel14__7,1695,N,True
4,reel13__7,reel14__7,1695,N,True
4,75,reel14__7,1695,N,True
4,reel8__7,bot22__0,1695,N,True
4,256,bot22__0,1695,N,True
4,310,reel2__6,1695,N,True
4,337,reel2__6,1695,N,True
4,190,reel2__6,1695,N,True
4,235,bot9__3,1695,N,True
4,337,bot9__3,1695,N,True
4,80,bot9__3,1695,N,True
4,337,bot14__5,1695,N,True
4,320,bot14__5,1695,N,True
4,119,reel24__9,1695,N,True
4,337,reel24__9,1695,N,True
4,278,reel24__9,1695,N,True
4,337,reel76__6,1695,N,True
4,reel15__9,bot68__1,1695,N,True
4,53,reel32__1,1695,N,True
4,reel41__1,reel32__1,1695,N,True
4,272,reel32__1,1695,N,True
4,96,reel32__1,1695,N,True
4,331,reel59__9,1695,N,True
4,reel41__1,reel59__9,1695,N,True
4,324,reel13__8,1695,N,True
4,28,reel13__8,1695,N,True
4,bot18__4,reel13__8,1695,N,True
4,bot18__4,bot37__4,1695,N,True
4,180,reel18__1,1695,N,True
4,237,reel18__1,1695,N,True
4,6,reel18__1,1695,N,True
4,180,bot24__7,1695,N,True
4,180,reel26__3,1695,N,True
4,180,bot50__9,1695,N,True
4,44,bot3__7,1695,N,True
4,330,bot3__7,1695,N,True
4,24,bot3__7,1695,N,True
4,243,bot1__8,1695,N,True
4,197,bot18__0,1695,N,True
4,243,bot18__0,1695,N,True
4,99,reel19__1,1695,N,True
4,139,reel19__1,1695,N,True
4,243,reel19__1,1695,N,True
4,81,reel11__2,1695,N,True
4,31,reel11__2,1695,N,True
4,31,reel35__6,1695,N,True
4,31,bot53__3,1695,N,True
4,276,bot25__6,1695,N,True
4,275,bot25__6,1695,N,True
4,76,reel51__1,1695,N,True
4,275,reel51__1,1695,N,True
4,reel4__3,reel16__4,1695,N,True
4,reel18__0,reel16__4,1695,N,True
4,176,reel16__4,1695,N,True
4,244,reel16__4,1695,N,True
4,bot19__0,bot22__4,1695,N,True
4,244,bot22__4,1695,N,True
4,13,reel34__7,1695,N,True
4,244,reel34__7,1695,N,True
4,129,reel49__1,1695,N,True
4,87,reel49__1,1695,N,True
4,244,reel49__1,1695,N,True
4,reel17__3,reel19__6,1695,N,True
4,reel17__3,bot33__9,1695,N,True
4,153,bot41__1,1695,N,True
4,reel17__3,bot41__1,1695,N,True
4,reel8__9,reel3__7,1695,N,True
4,reel8__9,bot29__2,1695,N,True
4,reel2__1,bot29__2,1695,N,True
4,156,bot51__8,1695,N,True
4,reel8__9,bot51__8,1695,N,True
4,132,bot0__4,1695,N,True
4,307,bot0__4,1695,N,True
4,bot12__9,bot0__4,1695,N,True
4,307,bot16__2,1695,N,True
4,183,reel19__3,1695,N,True
4,307,reel19__3,1695,N,True
4,168,bot36__7,1695,N,True
4,307,bot36__7,1695,N,True
4,178,bot35__9,1695,N,True
4,339,bot35__9,1695,N,True
4,178,bot55__6,1695,N,True
4,bot27__6,bot58__9,1695,N,True
4,bot68__5,bot58__9,1695,N,True
4,reel4__5,bot58__9,1695,N,True
4,bot68__5,reel16__3,1695,N,True
4,reel5__9,reel16__3,1695,N,True
4,230,reel16__3,1695,N,True
4,bot19__0,reel17__5,1695,N,True
4,139,bot8__7,1695,N,True
4,139,bot23__3,1695,N,True
4,139,bot60__4,1695,N,True
4,139,reel64__1,1695,N,True
4,reel14__1,bot34__8,1695,N,True
4,213,bot34__8,1695,N,True
4,reel14__1,reel60__1,1695,N,True
4,159,reel60__1,1695,N,True
4,reel14__1,reel67__0,1695,N,True
4,235,reel10__3,1695,N,True
4,235,bot76__0,1695,N,True
4,235,reel79__0,1695,N,True
4,53,reel79__0,1695,N,True
4,bot48__9,bot15__4,1695,N,True
4,263,bot10__1,1695,N,True
4,320,bot10__1,1695,N,True
4,320,bot15__7,1695,N,True
4,96,reel25__5,1695,N,True
4,320,reel25__5,1695,N,True
4,reel42__1,reel25__5,1695,N,True
4,76,reel35__8,1695,N,True
4,320,reel35__8,1695,N,True
4,320,reel65__7,1695,N,True
4,198,reel1__3,1695,N,True
4,339,reel1__3,1695,N,True
4,153,bot2__1,1695,N,True
4,155,bot2__1,1695,N,True
4,339,bot2__1,1695,N,True
4,bot19__6,bot31__9,1695,N,True
4,339,bot31__9,1695,N,True
4,339,reel57__5,1695,N,True
4,reel6__8,reel59__6,1695,N,True
4,237,reel59__6,1695,N,True
4,339,reel59__6,1695,N,True
4,81,reel1__5,1695,N,True
4,285,reel1__5,1695,N,True
4,81,bot25__5,1695,N,True
4,81,bot32__4,1695,N,True
4,81,reel68__9,1695,N,True
4,81,bot74__4,1695,N,True
4,130,bot74__6,1695,N,True
4,reel16__0,bot74__6,1695,N,True
4,6,bot6__5,1695,N,True
4,bot49__5,bot6__5,1695,N,True
4,reel2__1,bot6__5,1695,N,True
4,6,reel14__6,1695,N,True
4,199,reel14__6,1695,N,True
4,167,reel14__6,1695,N,True
4,6,bot42__8,1695,N,True
4,6,bot72__6,1695,N,True
4,reel75__1,bot79__5,1695,N,True
4,reel27__6,reel28__6,1695,N,True
4,reel27__6,bot76__6,1695,N,True
4,34,reel24__3,1695,N,True
4,34,bot26__9,1695,N,True
4,bot12__9,bot26__9,1695,N,True
4,310,reel5__2,1695,N,True
4,105,reel5__2,1695,N,True
4,310,reel23__6,1695,N,True
4,33,reel19__0,1695,N,True
4,bot35__7,reel19__0,1695,N,True
4,167,reel19__0,1695,N,True
4,47,reel54__6,1695,N,True
4,reel76__0,reel54__6,1695,N,True
4,198,reel1__6,1695,N,True
4,212,reel1__6,1695,N,True
4,230,reel1__6,1695,N,True
4,112,reel21__9,1695,N,True
4,212,reel21__9,1695,N,True
4,84,reel21__9,1695,N,True
4,bot9__8,bot19__1,1695,N,True
4,266,bot19__1,1695,N,True
4,211,bot75__6,1695,N,True
4,bot9__8,bot75__6,1695,N,True
4,bot9__8,bot76__1,1695,N,True
4,193,reel70__7,1695,N,True
4,reel11__9,reel47__2,1695,N,True
4,reel16__0,reel47__2,1695,N,True
4,224,reel34__3,1695,N,True
4,189,reel34__3,1695,N,True
4,250,reel34__3,1695,N,True
4,250,bot56__4,1695,N,True
4,250,reel67__6,1695,N,True
4,298,reel67__6,1695,N,True
4,reel12__4,reel67__8,1695,N,True
4,250,reel67__8,1695,N,True
4,112,reel4__1,1695,N,True
4,59,reel4__1,1695,N,True
4,346,reel4__1,1695,N,True
4,112,reel12__0,1695,N,True
4,230,reel12__0,1695,N,True
4,bot27__6,reel14__9,1695,N,True
4,112,reel14__9,1695,N,True
4,112,reel37__6,1695,N,True
4,137,reel37__6,1695,N,True
4,reel23__3,reel37__6,1695,N,True
4,267,reel30__2,1695,N,True
4,267,bot73__2,1695,N,True
4,bot19__6,bot76__8,1695,N,True
4,267,bot76__8,1695,N,True
4,299,reel11__3,1695,N,True
4,2,reel11__3,1695,N,True
4,164,reel11__3,1695,N,True
4,54,reel54__8,1695,N,True
4,164,reel54__8,1695,N,True
4,119,bot5__2,1695,N,True
4,274,bot17__1,1695,N,True
4,119,bot17__1,1695,N,True
4,119,bot20__4,1695,N,True
4,119,reel26__7,1695,N,True
4,299,reel56__7,1695,N,True
4,reel79__3,reel56__7,1695,N,True
4,reel44__0,reel56__7,1695,N,True
4,65,reel62__0,1695,N,True
4,reel79__3,reel62__0,1695,N,True
4,reel59__4,reel62__0,1695,N,True
4,263,reel6__3,1695,N,True
4,174,reel6__3,1695,N,True
4,263,reel23__5,1695,N,True
4,167,reel23__5,1695,N,True
4,263,bot38__9,1695,N,True
4,263,reel48__6,1695,N,True
4,reel2__7,bot16__0,1695,N,True
4,reel2__7,reel30__1,1695,N,True
4,reel2__7,bot45__4,1695,N,True
4,reel2__7,reel50__7,1695,N,True
4,reel2__7,reel78__8,1695,N,True
4,324,reel78__8,1695,N,True
4,319,bot9__9,1695,N,True
4,223,bot9__9,1695,N,True
4,246,reel13__0,1695,N,True
4,99,reel13__0,1695,N,True
4,223,reel13__0,1695,N,True
4,223,bot84__2,1695,N,True
4,44,bot4__4,1695,N,True
4,76,bot4__4,1695,N,True
4,44,reel28__8,1695,N,True
4,22,reel28__8,1695,N,True
4,44,bot42__0,1695,N,True
4,262,bot42__0,1695,N,True
4,44,bot56__0,1695,N,True
4,336,reel7__1,1695,N,True
4,324,reel7__1,1695,N,True
4,336,reel70__2,1695,N,True
4,304,bot21__6,1695,N,True
4,304,reel22__5,1695,N,True
4,304,bot49__0,1695,N,True
4,304,bot66__0,1695,N,True
4,99,reel14__3,1695,N,True
4,256,reel14__3,1695,N,True
4,285,reel14__3,1695,N,True
4,189,reel30__5,1695,N,True
4,213,reel30__5,1695,N,True
4,189,bot56__2,1695,N,True
4,189,bot65__4,1695,N,True
4,41,reel4__4,1695,N,True
4,170,reel4__4,1695,N,True
4,150,reel4__4,1695,N,True
4,reel54__7,reel4__4,1695,N,True
4,52,bot3__3,1695,N,True
4,182,bot3__3,1695,N,True
4,331,reel5__1,1695,N,True
4,reel25__4,reel5__1,1695,N,True
4,259,reel5__1,1695,N,True
4,reel80__0,reel5__1,1695,N,True
4,reel18__0,reel5__1,1695,N,True
4,53,reel5__1,1695,N,True
4,181,bot0__1,1695,N,True
4,208,bot0__1,1695,N,True
4,167,bot0__1,1695,N,True
4,181,bot0__6,1695,N,True
4,bot11__7,bot0__6,1695,N,True
4,181,bot4__0,1695,N,True
4,242,bot4__0,1695,N,True
4,181,reel14__4,1695,N,True
4,181,bot46__7,1695,N,True
4,333,bot46__7,1695,N,True
4,181,reel73__0,1695,N,True
4,181,reel75__0,1695,N,True
4,167,reel58__4,1695,N,True
4,reel42__1,bot56__9,1695,N,True
4,bot21__8,bot72__4,1695,N,True
4,190,bot11__1,1695,N,True
4,190,reel41__7,1695,N,True
4,220,bot0__8,1695,N,True
4,176,bot0__8,1695,N,True
4,308,bot0__8,1695,N,True
4,220,bot21__0,1695,N,True
4,220,reel30__6,1695,N,True
4,reel5__5,reel30__6,1695,N,True
4,220,reel56__9,1695,N,True
4,reel59__4,reel43__8,1695,N,True
4,bot49__5,bot54__8,1695,N,True
4,bot35__6,bot15__9,1695,N,True
4,22,bot15__9,1695,N,True
4,45,bot15__9,1695,N,True
4,bot35__6,bot41__9,1695,N,True
4,bot35__6,bot45__1,1695,N,True
4,bot35__6,bot51__5,1695,N,True
4,reel18__0,reel33__1,1695,N,True
4,47,reel33__1,1695,N,True
4,177,reel33__1,1695,N,True
4,reel18__0,reel66__1,1695,N,True
4,270,reel7__6,1695,N,True
4,reel57__7,reel7__6,1695,N,True
4,225,reel7__6,1695,N,True
4,225,reel23__4,1695,N,True
4,225,reel55__1,1695,N,True
4,225,reel61__3,1695,N,True
4,331,bot30__8,1695,N,True
4,331,reel74__1,1695,N,True
4,331,reel77__1,1695,N,True
4,276,reel7__0,1695,N,True
4,3,reel7__0,1695,N,True
4,216,reel27__2,1695,N,True
4,276,reel27__2,1695,N,True
4,bot12__9,bot67__2,1695,N,True
4,132,reel16__5,1695,N,True
4,52,reel38__5,1695,N,True
4,132,reel38__5,1695,N,True
4,132,reel40__0,1695,N,True
4,108,bot0__9,1695,N,True
4,153,bot0__9,1695,N,True
4,172,bot0__9,1695,N,True
4,262,reel3__6,1695,N,True
4,reel65__0,reel3__6,1695,N,True
4,28,reel3__6,1695,N,True
4,172,reel3__6,1695,N,True
4,172,bot5__4,1695,N,True
4,346,bot5__4,1695,N,True
4,219,bot13__1,1695,N,True
4,172,bot13__1,1695,N,True
4,172,bot15__0,1695,N,True
4,reel26__9,reel82__8,1695,N,True
4,172,reel82__8,1695,N,True
4,174,reel7__8,1695,N,True
4,259,reel7__8,1695,N,True
4,259,reel20__9,1695,N,True
4,199,reel20__9,1695,N,True
4,259,bot25__3,1695,N,True
4,bot6__1,bot25__3,1695,N,True
4,259,reel51__3,1695,N,True
4,179,reel51__3,1695,N,True
4,211,reel54__9,1695,N,True
4,259,reel54__9,1695,N,True
4,259,reel66__3,1695,N,True
4,259,reel70__5,1695,N,True
4,reel9__4,bot32__2,1695,N,True
4,reel9__4,reel67__7,1695,N,True
4,bot16__3,bot23__4,1695,N,True
4,bot16__3,bot39__3,1695,N,True
4,bot16__3,bot53__9,1695,N,True
4,76,reel20__0,1695,N,True
4,214,reel20__0,1695,N,True
4,308,reel30__8,1695,N,True
4,214,reel30__8,1695,N,True
4,272,bot52__8,1695,N,True
4,214,bot52__8,1695,N,True
4,54,bot2__4,1695,N,True
4,226,bot2__4,1695,N,True
4,bot19__6,bot2__4,1695,N,True
4,54,reel10__1,1695,N,True
4,79,reel10__1,1695,N,True
4,111,reel10__1,1695,N,True
4,54,bot13__7,1695,N,True
4,168,bot13__7,1695,N,True
4,54,bot41__5,1695,N,True
4,54,reel51__9,1695,N,True
4,54,bot61__8,1695,N,True
4,54,reel80__6,1695,N,True
4,217,bot12__4,1695,N,True
4,262,bot12__4,1695,N,True
4,262,reel32__6,1695,N,True
4,reel26__9,bot74__1,1695,N,True
4,262,bot74__1,1695,N,True
4,262,bot75__9,1695,N,True
4,87,reel8__5,1695,N,True
4,150,reel8__5,1695,N,True
4,195,reel8__5,1695,N,True
4,150,bot17__6,1695,N,True
4,150,bot81__3,1695,N,True
4,reel32__9,reel63__2,1695,N,True
4,reel32__9,reel76__4,1695,N,True
4,286,reel76__4,1695,N,True
4,202,bot23__7,1695,N,True
4,202,reel61__6,1695,N,True
4,202,reel66__9,1695,N,True
4,313,bot84__4,1695,N,True
4,reel50__2,reel37__8,1695,N,True
4,227,reel37__8,1695,N,True
4,reel9__2,reel37__8,1695,N,True
4,reel50__2,reel53__8,1695,N,True
4,324,reel53__8,1695,N,True
4,reel50__2,reel61__1,1695,N,True
4,227,reel61__1,1695,N,True
4,reel50__2,bot77__2,1695,N,True
4,159,bot77__2,1695,N,True
4,30,bot0__2,1695,N,True
4,30,reel10__2,1695,N,True
4,196,reel29__5,1695,N,True
4,47,reel29__5,1695,N,True
4,47,reel31__3,1695,N,True
4,141,reel31__3,1695,N,True
4,reel65__0,reel54__4,1695,N,True
4,reel11__0,reel51__0,1695,N,True
4,reel11__0,reel51__8,1695,N,True
4,reel44__0,reel51__8,1695,N,True
4,50,reel4__8,1695,N,True
4,137,reel4__8,1695,N,True
4,137,bot37__6,1695,N,True
4,137,reel62__8,1695,N,True
4,reel57__7,reel62__8,1695,N,True
4,274,bot0__0,1695,N,True
4,283,bot0__0,1695,N,True
4,73,bot0__0,1695,N,True
4,274,bot6__6,1695,N,True
4,63,bot6__6,1695,N,True
4,75,bot6__6,1695,N,True
4,274,reel43__4,1695,N,True
4,230,reel43__4,1695,N,True
4,reel33__6,reel39__1,1695,N,True
4,285,bot7__8,1695,N,True
4,285,reel53__9,1695,N,True
4,62,bot61__9,1695,N,True
4,285,bot61__9,1695,N,True
4,285,reel75__8,1695,N,True
4,285,bot81__7,1695,N,True
4,237,bot1__5,1695,N,True
4,272,bot1__5,1695,N,True
4,237,reel12__6,1695,N,True
4,117,reel12__6,1695,N,True
4,195,reel12__6,1695,N,True
4,237,bot50__2,1695,N,True
4,237,bot52__5,1695,N,True
4,330,reel32__7,1695,N,True
4,208,reel32__7,1695,N,True
4,208,bot71__1,1695,N,True
4,95,bot9__1,1695,N,True
4,95,reel18__7,1695,N,True
4,272,reel8__0,1695,N,True
4,341,reel8__0,1695,N,True
4,272,reel21__5,1695,N,True
4,92,reel21__5,1695,N,True
4,272,bot33__0,1695,N,True
4,224,bot16__6,1695,N,True
4,59,bot16__6,1695,N,True
4,224,bot45__7,1695,N,True
4,306,bot45__7,1695,N,True
4,224,reel46__6,1695,N,True
4,80,bot11__8,1695,N,True
4,reel5__5,bot11__8,1695,N,True
4,reel5__5,reel48__3,1695,N,True
4,329,bot29__7,1695,N,True
4,329,reel39__2,1695,N,True
4,141,reel39__2,1695,N,True
4,329,reel39__9,1695,N,True
4,329,reel76__5,1695,N,True
4,298,reel76__5,1695,N,True
4,101,bot60__9,1695,N,True
4,22,bot31__8,1695,N,True
4,149,bot59__3,1695,N,True
4,22,bot59__3,1695,N,True
4,reel82__7,reel50__1,1695,N,True
4,157,bot21__9,1695,N,True
4,157,reel35__1,1695,N,True
4,157,bot46__5,1695,N,True
4,105,bot46__5,1695,N,True
4,157,reel82__4,1695,N,True
4,reel59__8,reel82__4,1695,N,True
4,303,reel37__7,1695,N,True
4,177,reel25__1,1695,N,True
4,reel28__4,reel25__1,1695,N,True
4,88,bot48__3,1695,N,True
4,reel28__4,bot48__3,1695,N,True
4,reel28__4,reel52__4,1695,N,True
4,reel28__4,reel64__7,1695,N,True
4,266,reel28__2,1695,N,True
4,reel20__2,reel28__2,1695,N,True
4,reel20__2,reel39__8,1695,N,True
4,reel20__2,reel43__2,1695,N,True
4,reel16__7,reel43__2,1695,N,True
4,reel20__2,bot58__3,1695,N,True
4,319,bot3__9,1695,N,True
4,253,bot3__9,1695,N,True
4,288,bot3__9,1695,N,True
4,96,bot72__0,1695,N,True
4,283,reel5__0,1695,N,True
4,283,bot6__8,1695,N,True
4,283,reel14__5,1695,N,True
4,bot40__7,bot18__9,1695,N,True
4,283,bot18__9,1695,N,True
4,283,reel29__4,1695,N,True
4,283,reel51__5,1695,N,True
4,283,bot53__8,1695,N,True
4,79,reel41__0,1695,N,True
4,reel63__5,reel41__0,1695,N,True
4,reel63__5,bot64__0,1695,N,True
4,199,bot2__0,1695,N,True
4,188,bot2__0,1695,N,True
4,211,reel52__6,1695,N,True
4,199,reel52__6,1695,N,True
4,230,bot0__7,1695,N,True
4,88,reel1__1,1695,N,True
4,230,reel1__1,1695,N,True
4,230,reel69__9,1695,N,True
4,241,reel67__4,1695,N,True
4,241,reel71__5,1695,N,True
4,reel82__9,reel56__8,1695,N,True
4,bot57__2,bot12__8,1695,N,True
4,198,bot12__8,1695,N,True
4,bot57__2,bot34__9,1695,N,True
4,bot49__2,bot46__2,1695,N,True
4,258,reel5__3,1695,N,True
4,258,reel51__4,1695,N,True
4,258,reel71__1,1695,N,True
4,174,bot1__0,1695,N,True
4,270,bot1__0,1695,N,True
4,105,bot1__0,1695,N,True
4,270,bot1__1,1695,N,True
4,270,bot19__9,1695,N,True
4,293,bot19__9,1695,N,True
4,270,reel72__5,1695,N,True
4,reel5__9,reel25__6,1695,N,True
4,245,reel25__6,1695,N,True
4,302,reel0__1,1695,N,True
4,42,reel0__1,1695,N,True
4,302,reel28__5,1695,N,True
4,reel69__8,bot78__7,1695,N,True
4,174,reel8__1,1695,N,True
4,174,reel52__3,1695,N,True
4,62,reel52__3,1695,N,True
4,reel59__8,reel52__3,1695,N,True
4,129,reel52__3,1695,N,True
4,174,bot63__1,1695,N,True
4,153,bot3__5,1695,N,True
4,153,bot4__5,1695,N,True
4,269,bot2__5,1695,N,True
4,188,bot2__5,1695,N,True
4,188,bot3__1,1695,N,True
4,188,reel9__6,1695,N,True
4,187,bot10__3,1695,N,True
4,2,bot10__3,1695,N,True
4,188,bot10__3,1695,N,True
4,41,reel20__3,1695,N,True
4,188,reel20__3,1695,N,True
4,188,reel29__3,1695,N,True
4,146,reel71__0,1695,N,True
4,300,reel3__1,1695,N,True
4,88,reel3__1,1695,N,True
4,300,bot15__5,1695,N,True
4,152,bot15__5,1695,N,True
4,300,reel81__0,1695,N,True
4,308,reel81__0,1695,N,True
4,300,reel83__7,1695,N,True
4,242,bot75__8,1695,N,True
4,42,reel17__7,1695,N,True
4,42,reel49__6,1695,N,True
4,reel47__5,reel49__6,1695,N,True
4,42,reel58__9,1695,N,True
4,bot32__3,bot62__4,1695,N,True
4,65,reel18__9,1695,N,True
4,bot52__9,reel18__9,1695,N,True
4,198,reel40__9,1695,N,True
4,bot52__9,reel40__9,1695,N,True
4,reel23__3,reel40__9,1695,N,True
4,92,reel22__3,1695,N,True
4,255,reel22__3,1695,N,True
4,28,reel32__2,1695,N,True
4,28,bot33__3,1695,N,True
4,28,reel68__3,1695,N,True
4,33,reel25__8,1695,N,True
4,79,reel25__8,1695,N,True
4,3,reel25__8,1695,N,True
4,79,bot53__6,1695,N,True
4,79,bot54__7,1695,N,True
4,213,bot54__7,1695,N,True
4,79,bot68__4,1695,N,True
4,116,reel5__8,1695,N,True
4,254,reel5__8,1695,N,True
4,168,reel5__8,1695,N,True
4,254,reel40__4,1695,N,True
4,254,reel45__6,1695,N,True
4,254,bot60__5,1695,N,True
4,bot56__1,bot60__5,1695,N,True
4,187,reel26__6,1695,N,True
4,152,reel26__6,1695,N,True
4,294,reel26__6,1695,N,True
4,187,reel42__4,1695,N,True
4,187,bot45__9,1695,N,True
4,145,bot31__1,1695,N,True
4,bot66__8,bot31__1,1695,N,True
4,reel12__4,bot31__1,1695,N,True
4,bot66__8,reel46__9,1695,N,True
4,152,reel36__1,1695,N,True
4,152,reel77__9,1695,N,True
4,reel23__3,reel42__9,1695,N,True
4,13,reel6__0,1695,N,True
4,13,reel24__2,1695,N,True
4,45,reel24__2,1695,N,True
4,13,bot42__2,1695,N,True
4,341,bot42__2,1695,N,True
4,13,bot81__9,1695,N,True
4,reel4__3,bot22__6,1695,N,True
4,reel4__3,reel23__0,1695,N,True
4,reel4__3,reel68__7,1695,N,True
4,3,reel68__7,1695,N,True
4,reel4__3,reel73__6,1695,N,True
4,reel5__9,bot14__0,1695,N,True
4,reel5__9,bot23__2,1695,N,True
4,reel5__9,bot32__5,1695,N,True
4,reel5__9,reel58__3,1695,N,True
4,80,reel24__0,1695,N,True
4,227,reel24__0,1695,N,True
4,bot36__0,bot25__9,1695,N,True
4,80,bot25__9,1695,N,True
4,80,reel40__8,1695,N,True
4,143,reel40__8,1695,N,True
4,80,reel79__8,1695,N,True
4,196,reel3__5,1695,N,True
4,196,bot20__1,1695,N,True
4,196,bot32__7,1695,N,True
4,196,bot53__1,1695,N,True
4,196,bot54__2,1695,N,True
4,45,reel12__2,1695,N,True
4,311,bot13__6,1695,N,True
4,45,bot13__6,1695,N,True
4,216,reel20__4,1695,N,True
4,45,reel20__4,1695,N,True
4,141,reel20__4,1695,N,True
4,45,reel77__6,1695,N,True
4,reel16__7,reel21__6,1695,N,True
4,reel16__7,bot28__1,1695,N,True
4,346,bot51__3,1695,N,True
4,reel16__7,bot51__3,1695,N,True
4,reel16__7,reel59__7,1695,N,True
4,reel36__7,reel56__0,1695,N,True
4,reel61__5,reel56__0,1695,N,True
4,294,reel13__6,1695,N,True
4,reel60__2,reel13__6,1695,N,True
4,62,reel13__6,1695,N,True
4,reel60__2,reel20__5,1695,N,True
4,reel25__3,reel20__5,1695,N,True
4,3,reel20__5,1695,N,True
4,73,bot1__2,1695,N,True
4,reel39__4,reel21__3,1695,N,True
4,73,reel21__3,1695,N,True
4,108,bot1__9,1695,N,True
4,108,bot10__6,1695,N,True
4,3,bot10__6,1695,N,True
4,108,bot43__6,1695,N,True
4,108,reel44__1,1695,N,True
4,108,reel44__6,1695,N,True
4,92,reel44__6,1695,N,True
4,108,reel71__3,1695,N,True
4,206,bot36__5,1695,N,True
4,206,reel41__2,1695,N,True
4,333,bot47__2,1695,N,True
4,347,reel9__0,1695,N,True
4,347,bot29__1,1695,N,True
4,347,bot53__7,1695,N,True
4,347,bot61__2,1695,N,True
4,52,reel47__1,1695,N,True
4,176,reel47__1,1695,N,True
4,62,bot27__2,1695,N,True
4,reel13__7,bot27__2,1695,N,True
4,213,reel37__5,1695,N,True
4,216,reel68__8,1695,N,True
4,62,reel17__8,1695,N,True
4,155,reel17__8,1695,N,True
4,62,bot32__1,1695,N,True
4,62,reel32__0,1695,N,True
4,159,reel32__0,1695,N,True
4,62,bot40__5,1695,N,True
4,62,reel41__8,1695,N,True
4,105,reel23__7,1695,N,True
4,105,reel46__5,1695,N,True
4,105,bot47__4,1695,N,True
4,105,bot61__5,1695,N,True
4,219,reel33__8,1695,N,True
4,219,reel50__5,1695,N,True
4,reel41__5,reel50__5,1695,N,True
4,33,reel53__6,1695,N,True
4,219,reel53__6,1695,N,True
4,219,bot83__7,1695,N,True
4,204,reel10__9,1695,N,True
4,reel4__5,reel10__9,1695,N,True
4,327,reel10__9,1695,N,True
4,reel4__5,bot40__9,1695,N,True
4,226,bot26__8,1695,N,True
4,226,bot71__3,1695,N,True
4,226,reel72__2,1695,N,True
4,286,reel46__4,1695,N,True
4,286,reel58__2,1695,N,True
4,298,reel43__9,1695,N,True
4,294,reel22__1,1695,N,True
4,294,reel29__8,1695,N,True
4,294,bot47__6,1695,N,True
4,217,reel27__0,1695,N,True
4,217,bot59__1,1695,N,True
4,217,reel65__1,1695,N,True
4,bot39__4,reel20__8,1695,N,True
4,reel3__2,reel20__8,1695,N,True
4,3,reel20__8,1695,N,True
4,33,reel22__2,1695,N,True
4,33,reel32__8,1695,N,True
4,33,reel36__6,1695,N,True
4,293,reel36__6,1695,N,True
4,127,reel1__7,1695,N,True
4,111,reel1__7,1695,N,True
4,159,reel1__7,1695,N,True
4,127,reel58__0,1695,N,True
4,reel9__8,bot64__8,1695,N,True
4,bot53__2,bot64__8,1695,N,True
4,269,bot42__6,1695,N,True
4,269,bot49__3,1695,N,True
4,52,bot39__1,1695,N,True
4,52,bot60__8,1695,N,True
4,246,reel30__3,1695,N,True
4,325,reel30__3,1695,N,True
4,bot53__2,bot49__4,1695,N,True
4,211,reel43__0,1695,N,True
4,76,bot14__1,1695,N,True
4,76,reel60__3,1695,N,True
4,168,reel5__7,1695,N,True
4,325,reel5__7,1695,N,True
4,266,bot34__4,1695,N,True
4,306,bot8__1,1695,N,True
4,306,reel29__9,1695,N,True
4,reel12__4,reel29__9,1695,N,True
4,306,reel52__9,1695,N,True
4,50,reel52__9,1695,N,True
4,reel9__2,reel52__9,1695,N,True
4,306,bot64__7,1695,N,True
4,293,bot2__6,1695,N,True
4,293,bot16__7,1695,N,True
4,293,reel17__2,1695,N,True
4,293,reel22__6,1695,N,True
4,reel12__4,reel22__6,1695,N,True
4,293,bot83__9,1695,N,True
4,reel12__4,reel38__0,1695,N,True
4,bot36__0,bot46__6,1695,N,True
4,reel12__4,bot46__6,1695,N,True
4,59,bot28__2,1695,N,True
4,59,reel35__4,1695,N,True
4,227,reel0__5,1695,N,True
4,141,reel0__5,1695,N,True
4,341,bot21__7,1695,N,True
4,141,bot21__7,1695,N,True
4,141,bot31__2,1695,N,True
4,141,reel48__4,1695,N,True
4,149,bot12__1,1695,N,True
4,149,bot42__5,1695,N,True
4,149,bot48__7,1695,N,True
4,149,reel62__5,1695,N,True
4,reel39__4,bot47__8,1695,N,True
4,288,bot24__9,1695,N,True
4,288,bot70__4,1695,N,True
4,129,reel6__1,1695,N,True
4,129,reel43__7,1695,N,True
4,129,reel76__3,1695,N,True
4,reel59__8,reel76__3,1695,N,True
4,117,reel76__3,1695,N,True
4,reel5__6,reel33__4,1695,N,True
4,198,reel57__2,1695,N,True
4,reel5__6,reel57__2,1695,N,True
4,reel5__6,reel61__4,1695,N,True
4,65,reel61__7,1695,N,True
4,reel50__0,reel61__7,1695,N,True
4,159,reel29__7,1695,N,True
4,159,reel80__9,1695,N,True
4,reel41__5,reel35__7,1695,N,True
4,92,reel35__7,1695,N,True
4,29,reel17__0,1695,N,True
4,29,bot51__0,1695,N,True
4,reel26__9,bot39__0,1695,N,True
4,reel26__9,reel52__1,1695,N,True
4,341,bot48__2,1695,N,True
4,341,reel63__0,1695,N,True
4,341,bot76__2,1695,N,True
4,75,reel31__0,1695,N,True
4,75,bot47__0,1695,N,True
4,63,bot65__9,1695,N,True
4,63,reel73__7,1695,N,True
4,330,reel73__1,1695,N,True
4,308,reel15__2,1695,N,True
4,308,reel18__5,1695,N,True
4,308,bot26__0,1695,N,True
4,308,reel64__5,1695,N,True
4,308,reel77__8,1695,N,True
4,154,reel62__7,1695,N,True
4,278,bot63__6,1695,N,True
4,278,bot78__6,1695,N,True
4,117,bot29__9,1695,N,True
4,3,bot17__9,1695,N,True
4,156,reel20__6,1695,N,True
4,3,reel20__6,1695,N,True
4,3,bot37__1,1695,N,True
4,273,reel0__0,1695,N,True
4,273,bot60__2,1695,N,True
4,311,bot29__8,1695,N,True
4,256,bot29__8,1695,N,True
4,256,reel49__9,1695,N,True
4,reel6__8,reel55__4,1695,N,True
4,bot70__2,bot44__7,1695,N,True
4,reel11__9,bot21__1,1695,N,True
4,reel11__9,reel43__3,1695,N,True
4,155,bot5__0,1695,N,True
4,155,bot77__1,1695,N,True
4,325,bot55__7,1695,N,True
4,253,reel3__9,1695,N,True
4,179,reel3__9,1695,N,True
4,179,reel53__4,1695,N,True
4,197,reel74__9,1695,N,True
4,207,bot11__4,1695,N,True
4,227,bot11__4,1695,N,True
4,111,reel29__0,1695,N,True
4,227,reel29__0,1695,N,True
4,143,bot52__0,1695,N,True
4,198,reel57__6,1695,N,True
4,143,reel57__6,1695,N,True
4,163,reel74__6,1695,N,True
4,170,reel37__4,1695,N,True
4,170,bot45__5,1695,N,True
4,324,reel76__1,1695,N,True
4,324,reel82__5,1695,N,True
4,299,bot13__3,1695,N,True
4,299,bot66__3,1695,N,True
4,reel59__8,reel67__2,1695,N,True
4,88,bot14__4,1695,N,True
4,88,bot50__4,1695,N,True
4,88,reel69__3,1695,N,True
4,reel42__2,reel69__3,1695,N,True
4,88,reel75__5,1695,N,True
4,reel25__4,reel63__9,1695,N,True
4,reel25__4,bot79__7,1695,N,True
4,reel11__8,reel23__8,1695,N,True
4,156,bot70__0,1695,N,True
4,reel42__2,reel53__3,1695,N,True
4,reel42__2,reel70__1,1695,N,True
4,111,bot13__9,1695,N,True
4,reel41__5,bot42__4,1695,N,True
4,reel47__5,bot59__8,1695,N,True
4,253,reel70__0,1695,N,True
4,198,reel30__9,1695,N,True
4,198,reel39__7,1695,N,True
4,145,reel74__8,1695,N,True
4,84,bot19__3,1695,N,True
4,84,reel48__1,1695,N,True
4,84,reel72__3,1695,N,True
4,bot17__2,bot37__7,1695,N,True
4,116,bot5__3,1695,N,True
4,116,bot35__3,1695,N,True
4,116,reel35__2,1695,N,True
4,116,reel58__1,1695,N,True
4,116,reel71__7,1695,N,True
4,207,reel69__7,1695,N,True
4,317,bot21__2,1695,N,True
4,317,bot26__6,1695,N,True
4,327,bot65__1,1695,N,True
4,reel12__5,reel27__7,1695,N,True
4,reel25__3,reel27__7,1695,N,True
4,reel25__3,reel34__2,1695,N,True
4,reel25__3,reel69__4,1695,N,True
4,346,reel0__6,1695,N,True
4,346,bot14__6,1695,N,True
4,346,reel56__3,1695,N,True
4,reel12__5,bot60__3,1695,N,True
4,reel12__5,bot69__3,1695,N,True
4,32,reel40__3,1695,N,True
4,32,reel58__5,1695,N,True
4,reel61__9,reel54__5,1696,N,True
4,reel76__5,reel54__5,1696,N,True
4,reel65__1,reel54__5,1696,N,True
4,reel18__9,reel54__5,1696,N,True
4,bot16__6,bot7__0,1696,N,True
4,bot8__8,bot7__0,1696,N,True
4,bot3__2,bot7__0,1696,N,True
4,reel5__3,bot7__0,1696,N,True
4,bot8__8,bot80__8,1696,N,True
4,reel11__7,bot50__7,1696,N,True
4,bot57__4,bot50__7,1696,N,True
4,bot15__2,bot50__7,1696,N,True
4,bot50__0,reel34__9,1696,N,True
4,bot36__8,reel34__9,1696,N,True
4,reel3__0,reel9__0,1696,N,True
4,bot25__7,reel9__0,1696,N,True
4,reel4__8,reel9__0,1696,N,True
4,reel21__2,bot64__6,1696,N,True
4,bot75__9,bot64__6,1696,N,True
4,reel43__0,reel33__2,1696,N,True
4,reel35__8,reel33__2,1696,N,True
4,reel20__7,reel33__2,1696,N,True
4,reel8__5,reel33__2,1696,N,True
4,reel76__9,reel49__8,1696,N,True
4,bot64__4,reel49__8,1696,N,True
4,reel44__9,reel49__8,1696,N,True
4,reel37__0,reel49__8,1696,N,True
4,reel37__0,reel70__1,1696,N,True
4,reel65__3,reel73__3,1696,N,True
4,reel37__0,reel73__3,1696,N,True
4,reel17__2,bot46__9,1696,N,True
4,bot29__5,bot46__9,1696,N,True
4,bot65__1,reel49__2,1696,N,True
4,reel35__9,reel49__2,1696,N,True
4,reel33__9,reel49__2,1696,N,True
4,bot62__9,bot61__6,1696,N,True
4,bot19__4,bot61__6,1696,N,True
4,bot62__9,bot68__2,1696,N,True
4,bot1__6,bot17__8,1696,N,True
4,bot1__1,bot17__8,1696,N,True
4,bot1__6,bot27__3,1696,N,True
4,reel46__6,reel59__0,1696,N,True
4,reel54__9,reel66__3,1696,N,True
4,bot73__1,reel66__3,1696,N,True
4,reel54__9,reel83__5,1696,N,True
4,reel57__5,reel83__5,1696,N,True
4,bot53__4,bot69__8,1696,N,True
4,reel46__4,bot69__8,1696,N,True
4,bot12__7,bot69__8,1696,N,True
4,bot71__2,bot67__6,1696,N,True
4,reel51__8,bot67__6,1696,N,True
4,reel39__9,bot67__6,1696,N,True
4,reel7__4,bot67__6,1696,N,True
4,reel51__8,reel72__2,1696,N,True
4,reel51__8,bot82__3,1696,N,True
4,bot43__6,bot82__3,1696,N,True
4,reel29__1,bot82__3,1696,N,True
4,reel9__4,bot14__9,1696,N,True
4,bot3__0,bot14__9,1696,N,True
4,reel9__3,bot32__5,1696,N,True
4,bot44__4,bot32__5,1696,N,True
4,reel5__9,bot32__5,1696,N,True
4,bot18__2,bot32__5,1696,N,True
4,bot53__0,bot45__6,1696,N,True
4,bot18__2,bot45__6,1696,N,True
4,bot31__6,bot23__3,1696,N,True
4,bot30__8,bot23__3,1696,N,True
4,bot74__3,bot23__3,1696,N,True
4,reel50__9,bot61__1,1696,N,True
4,reel58__0,bot61__1,1696,N,True
4,reel2__0,bot61__1,1696,N,True
4,bot11__2,bot84__8,1696,N,True
4,reel69__5,bot84__8,1696,N,True
4,reel24__7,reel42__5,1696,N,True
4,reel15__2,reel42__5,1696,N,True
4,reel48__4,reel42__5,1696,N,True
4,bot14__3,bot44__8,1696,N,True
4,reel15__2,bot44__8,1696,N,True
4,reel27__0,bot44__8,1696,N,True
4,reel15__2,bot54__6,1696,N,True
4,bot14__1,bot54__6,1696,N,True
4,bot21__4,reel18__8,1696,N,True
4,reel78__3,reel18__8,1696,N,True
4,reel0__9,reel18__8,1696,N,True
4,reel55__9,reel18__8,1696,N,True
4,reel8__4,reel18__8,1696,N,True
4,reel81__6,reel79__3,1696,N,True
4,reel62__0,reel79__3,1696,N,True
4,bot52__1,reel7__8,1696,N,True
4,reel1__5,reel7__8,1696,N,True
4,reel60__0,reel7__8,1696,N,True
4,reel79__8,bot82__4,1696,N,True
4,reel60__0,bot82__4,1696,N,True
4,bot22__1,bot79__9,1696,N,True
4,bot39__4,reel20__8,1696,N,True
4,reel3__2,reel20__8,1696,N,True
4,bot27__5,reel20__8,1696,N,True
4,reel21__7,reel20__8,1696,N,True
4,reel81__9,reel56__8,1696,N,True
4,reel13__3,reel56__8,1696,N,True
4,reel55__9,reel56__8,1696,N,True
4,reel82__9,reel56__8,1696,N,True
4,reel81__9,reel78__5,1696,N,True
4,reel3__4,reel78__5,1696,N,True
4,bot44__3,bot57__6,1696,N,True
4,bot43__1,bot67__7,1696,N,True
4,reel18__1,bot67__7,1696,N,True
4,reel36__6,reel81__4,1696,N,True
4,reel18__1,reel81__4,1696,N,True
4,reel30__3,bot69__5,1696,N,True
4,reel3__0,reel32__3,1696,N,True
4,reel27__3,reel32__3,1696,N,True
4,reel19__5,reel32__3,1696,N,True
4,reel3__0,bot34__3,1696,N,True
4,reel6__3,bot34__3,1696,N,True
4,reel25__3,bot34__3,1696,N,True
4,bot82__9,bot34__3,1696,N,True
4,reel22__7,reel45__4,1696,N,True
4,reel21__2,reel45__4,1696,N,True
4,reel22__7,reel65__5,1696,N,True
4,reel13__3,reel65__5,1696,N,True
4,reel37__8,reel65__5,1696,N,True
4,reel16__3,reel26__2,1696,N,True
4,reel44__1,reel26__2,1696,N,True
4,reel44__1,reel72__4,1696,N,True
4,reel16__1,reel78__4,1696,N,True
4,reel32__2,reel83__6,1696,N,True
4,reel16__1,reel83__6,1696,N,True
4,reel4__3,bot78__8,1696,N,True
4,bot7__6,bot78__8,1696,N,True
4,bot7__6,bot84__1,1696,N,True
4,reel9__3,reel50__6,1696,N,True
4,reel75__2,reel50__6,1696,N,True
4,bot46__2,bot49__2,1696,N,True
4,bot10__4,bot49__2,1696,N,True
4,bot46__2,bot52__2,1696,N,True
4,bot77__8,bot52__2,1696,N,True
4,bot29__5,bot52__2,1696,N,True
4,bot63__4,bot60__4,1696,N,True
4,reel55__1,bot60__4,1696,N,True
4,bot68__8,bot34__0,1696,N,True
4,bot63__4,bot34__0,1696,N,True
4,bot17__4,bot34__0,1696,N,True
4,bot19__5,bot34__0,1696,N,True
4,reel20__4,bot34__0,1696,N,True
4,bot13__1,bot64__9,1696,N,True
4,bot3__5,bot64__9,1696,N,True
4,reel2__4,bot64__9,1696,N,True
4,bot35__6,bot51__5,1696,N,True
4,bot5__3,bot51__5,1696,N,True
4,reel49__9,reel74__0,1696,N,True
4,reel2__4,reel46__3,1696,N,True
4,reel7__4,reel46__3,1696,N,True
4,reel35__5,bot53__3,1696,N,True
4,bot1__1,bot53__3,1696,N,True
4,bot21__8,bot72__4,1696,N,True
4,reel25__7,bot72__4,1696,N,True
4,reel55__3,bot72__4,1696,N,True
4,bot45__0,bot75__5,1696,N,True
4,reel15__0,bot75__5,1696,N,True
4,bot5__1,bot8__7,1696,N,True
4,bot14__8,bot8__7,1696,N,True
4,bot20__8,bot8__7,1696,N,True
4,bot53__6,reel20__9,1696,N,True
4,reel29__8,reel20__9,1696,N,True
4,bot23__7,reel20__9,1696,N,True
4,bot53__6,bot62__0,1696,N,True
4,bot74__6,bot62__0,1696,N,True
4,bot24__9,bot62__0,1696,N,True
4,reel20__6,bot62__0,1696,N,True
4,bot55__2,bot70__3,1696,N,True
4,reel8__7,bot11__9,1696,N,True
4,reel8__7,reel14__7,1696,N,True
4,bot15__7,reel14__7,1696,N,True
4,bot52__7,reel46__8,1696,N,True
4,reel5__2,reel46__8,1696,N,True
4,reel28__8,reel82__1,1696,N,True
4,reel12__3,reel82__1,1696,N,True
4,reel73__8,bot75__0,1696,N,True
4,bot29__4,bot75__0,1696,N,True
4,reel13__6,reel60__2,1696,N,True
4,reel2__7,reel50__7,1696,N,True
4,reel28__8,reel50__7,1696,N,True
4,bot25__5,bot38__6,1696,N,True
4,bot12__1,bot38__6,1696,N,True
4,reel42__3,reel45__1,1696,N,True
4,reel80__9,reel45__1,1696,N,True
4,reel42__3,bot60__6,1696,N,True
4,bot10__1,bot60__6,1696,N,True
4,bot66__7,bot60__6,1696,N,True
4,reel18__3,reel72__9,1696,N,True
4,reel42__7,reel72__9,1696,N,True
4,reel18__3,bot77__7,1696,N,True
4,reel18__3,reel81__3,1696,N,True
4,reel67__6,reel81__3,1696,N,True
4,bot29__4,bot68__3,1696,N,True
4,bot82__9,bot68__3,1696,N,True
4,reel5__3,bot26__7,1696,N,True
4,bot15__1,bot26__7,1696,N,True
4,bot33__8,bot23__9,1696,N,True
4,reel18__5,bot23__9,1696,N,True
4,reel21__2,bot23__9,1696,N,True
4,bot12__5,bot69__0,1696,N,True
4,reel62__7,reel71__4,1696,N,True
4,reel54__6,reel71__4,1696,N,True
4,reel19__1,bot29__2,1696,N,True
4,reel8__9,bot29__2,1696,N,True
4,reel2__1,bot29__2,1696,N,True
4,reel35__3,bot41__8,1696,N,True
4,bot53__4,bot41__8,1696,N,True
4,reel33__8,bot41__8,1696,N,True
4,bot10__6,bot41__8,1696,N,True
4,bot53__4,bot73__9,1696,N,True
4,reel66__0,bot73__9,1696,N,True
4,reel25__1,bot38__1,1696,N,True
4,reel33__1,bot38__1,1696,N,True
4,bot6__6,bot38__1,1696,N,True
4,reel10__8,reel15__4,1696,N,True
4,reel26__7,reel15__4,1696,N,True
4,reel3__5,reel52__7,1696,N,True
4,reel28__3,reel52__7,1696,N,True
4,reel3__5,bot75__8,1696,N,True
4,bot2__1,bot22__4,1696,N,True
4,bot19__0,bot22__4,1696,N,True
4,bot19__0,bot56__6,1696,N,True
4,bot37__7,bot38__7,1696,N,True
4,bot16__2,bot38__7,1696,N,True
4,reel1__3,bot26__5,1696,N,True
4,reel16__6,bot26__5,1696,N,True
4,bot2__6,bot26__5,1696,N,True
4,reel62__0,reel74__7,1696,N,True
4,bot28__2,bot70__7,1696,N,True
4,reel27__8,bot30__2,1696,N,True
4,bot12__7,bot30__2,1696,N,True
4,reel3__8,bot19__8,1696,N,True
4,reel14__1,bot19__8,1696,N,True
4,reel14__1,bot42__7,1696,N,True
4,reel41__7,bot42__7,1696,N,True
4,reel14__1,reel67__0,1696,N,True
4,bot77__4,reel38__9,1696,N,True
4,reel35__2,reel38__9,1696,N,True
4,bot52__8,bot64__2,1696,N,True
4,reel10__9,bot25__0,1696,N,True
4,reel10__9,bot37__8,1696,N,True
4,bot40__6,bot37__8,1696,N,True
4,reel31__8,bot33__4,1696,N,True
4,bot19__4,bot33__4,1696,N,True
4,reel42__1,bot56__9,1696,N,True
4,reel24__1,bot56__9,1696,N,True
4,bot19__4,bot56__9,1696,N,True
4,reel39__6,reel67__3,1696,N,True
4,reel39__6,reel80__5,1696,N,True
4,reel82__9,reel80__5,1696,N,True
4,reel35__1,bot47__9,1696,N,True
4,bot18__1,bot47__9,1696,N,True
4,bot25__5,bot80__3,1696,N,True
4,reel40__4,bot80__3,1696,N,True
4,reel17__9,bot43__3,1696,N,True
4,bot4__1,bot69__4,1696,N,True
4,bot7__3,bot69__4,1696,N,True
4,bot42__8,bot69__4,1696,N,True
4,reel67__6,reel59__7,1696,N,True
4,reel2__4,reel59__7,1696,N,True
4,reel16__7,reel59__7,1696,N,True
4,reel11__1,bot72__7,1696,N,True
4,reel79__1,reel35__4,1696,N,True
4,reel39__8,reel35__4,1696,N,True
4,bot15__4,bot79__4,1696,N,True
4,reel7__7,reel77__5,1696,N,True
4,bot17__5,bot40__8,1696,N,True
4,bot10__5,bot40__8,1696,N,True
4,bot7__5,bot43__4,1696,N,True
4,bot10__5,bot43__4,1696,N,True
4,reel62__5,reel48__7,1696,N,True
4,reel16__6,reel48__7,1696,N,True
4,bot9__8,bot19__1,1696,N,True
4,reel6__2,bot19__1,1696,N,True
4,bot9__8,bot76__1,1696,N,True
4,reel30__0,bot76__1,1696,N,True
4,bot9__8,bot77__9,1696,N,True
4,reel54__8,bot77__9,1696,N,True
4,bot22__5,bot33__5,1696,N,True
4,bot22__5,bot73__6,1696,N,True
4,bot34__8,bot73__6,1696,N,True
4,reel0__4,reel32__5,1696,N,True
4,reel21__5,reel32__5,1696,N,True
4,reel53__4,reel32__5,1696,N,True
4,bot17__4,bot84__9,1696,N,True
4,bot9__0,bot15__8,1696,N,True
4,bot65__9,bot15__8,1696,N,True
4,bot20__1,bot18__8,1696,N,True
4,bot9__0,bot18__8,1696,N,True
4,bot0__2,bot18__8,1696,N,True
4,bot8__3,bot18__8,1696,N,True
4,bot9__0,bot70__8,1696,N,True
4,reel6__5,bot30__3,1696,N,True
4,bot10__7,bot30__3,1696,N,True
4,bot20__9,bot45__8,1696,N,True
4,bot10__7,bot45__8,1696,N,True
4,bot47__8,bot55__9,1696,N,True
4,bot10__7,bot55__9,1696,N,True
4,reel24__4,reel40__6,1696,N,True
4,reel45__2,reel40__6,1696,N,True
4,reel2__7,reel78__8,1696,N,True
4,reel2__6,reel41__6,1696,N,True
4,reel33__8,reel41__6,1696,N,True
4,reel19__4,reel41__6,1696,N,True
4,reel60__9,reel66__8,1696,N,True
4,reel33__8,reel66__8,1696,N,True
4,reel0__1,reel36__1,1696,N,True
4,reel80__9,reel36__1,1696,N,True
4,reel72__1,reel74__2,1696,N,True
4,reel21__0,reel74__2,1696,N,True
4,reel1__5,reel74__2,1696,N,True
4,reel59__9,reel41__1,1696,N,True
4,reel32__1,reel41__1,1696,N,True
4,reel12__1,reel48__3,1696,N,True
4,reel59__9,reel48__3,1696,N,True
4,reel3__1,bot68__7,1696,N,True
4,bot43__6,bot33__9,1696,N,True
4,bot43__6,bot59__2,1696,N,True
4,reel22__8,bot59__2,1696,N,True
4,reel7__9,bot49__1,1696,N,True
4,reel6__2,bot49__1,1696,N,True
4,reel8__4,reel81__5,1696,N,True
4,reel6__2,reel81__5,1696,N,True
4,reel21__3,reel39__4,1696,N,True
4,bot47__8,reel39__4,1696,N,True
4,reel21__3,reel42__0,1696,N,True
4,bot46__4,reel42__0,1696,N,True
4,reel5__1,bot14__7,1696,N,True
4,reel4__2,bot14__7,1696,N,True
4,reel72__7,reel58__6,1696,N,True
4,reel41__2,reel58__6,1696,N,True
4,reel31__3,reel58__6,1696,N,True
4,reel62__2,reel70__4,1696,N,True
4,reel52__0,reel70__4,1696,N,True
4,reel19__3,reel82__5,1696,N,True
4,reel43__6,reel82__5,1696,N,True
4,bot13__9,bot39__5,1696,N,True
4,bot26__0,bot39__5,1696,N,True
4,bot58__6,bot44__0,1696,N,True
4,bot51__8,bot44__0,1696,N,True
4,bot3__6,bot44__0,1696,N,True
4,bot26__0,bot44__0,1696,N,True
4,reel9__5,reel64__7,1696,N,True
4,reel30__9,reel32__4,1696,N,True
4,reel30__9,bot57__7,1696,N,True
4,reel6__1,reel33__5,1696,N,True
4,bot49__5,reel33__5,1696,N,True
4,reel3__8,reel25__2,1696,N,True
4,reel36__8,reel25__2,1696,N,True
4,bot50__5,reel25__2,1696,N,True
4,reel0__8,reel25__2,1696,N,True
4,bot5__8,bot56__5,1696,N,True
4,bot50__5,bot56__5,1696,N,True
4,reel25__1,bot56__5,1696,N,True
4,reel22__2,bot76__9,1696,N,True
4,bot14__4,bot76__9,1696,N,True
4,reel24__1,bot76__9,1696,N,True
4,reel24__1,reel79__6,1696,N,True
4,reel60__5,reel79__6,1696,N,True
4,reel6__1,bot41__9,1696,N,True
4,bot35__6,bot41__9,1696,N,True
4,bot21__0,bot83__6,1696,N,True
4,reel65__7,reel16__4,1696,N,True
4,reel18__0,reel16__4,1696,N,True
4,reel57__0,reel16__4,1696,N,True
4,reel4__3,reel16__4,1696,N,True
4,reel13__2,reel66__7,1696,N,True
4,reel8__1,reel66__7,1696,N,True
4,reel40__9,bot52__9,1696,N,True
4,reel18__9,bot52__9,1696,N,True
4,reel35__6,bot81__1,1696,N,True
4,reel73__9,bot81__1,1696,N,True
4,bot5__7,bot60__2,1696,N,True
4,bot46__0,bot60__2,1696,N,True
4,reel80__6,reel26__0,1696,N,True
4,reel75__7,reel26__0,1696,N,True
4,reel71__6,reel26__0,1696,N,True
4,reel13__1,reel26__0,1696,N,True
4,reel8__4,reel26__0,1696,N,True
4,reel38__0,reel26__0,1696,N,True
4,reel13__1,reel82__0,1696,N,True
4,reel37__9,reel82__0,1696,N,True
4,bot64__1,bot80__1,1696,N,True
4,bot40__3,bot80__1,1696,N,True
4,bot42__8,bot58__2,1696,N,True
4,bot15__7,bot58__2,1696,N,True
4,bot6__8,bot65__5,1696,N,True
4,bot10__6,bot65__5,1696,N,True
4,bot6__5,bot32__2,1696,N,True
4,bot18__1,bot32__2,1696,N,True
4,reel9__4,bot32__2,1696,N,True
4,reel9__4,reel67__7,1696,N,True
4,reel10__5,reel17__7,1696,N,True
4,bot59__8,reel17__7,1696,N,True
4,reel9__7,reel17__7,1696,N,True
4,reel35__3,reel64__1,1696,N,True
4,reel10__5,reel64__1,1696,N,True
4,bot28__6,bot63__0,1696,N,True
4,reel43__9,bot68__0,1696,N,True
4,bot49__6,bot77__1,1696,N,True
4,reel33__1,bot77__1,1696,N,True
4,reel67__5,reel50__4,1696,N,True
4,reel27__8,reel50__4,1696,N,True
4,reel27__8,reel81__7,1696,N,True
4,reel13__3,reel32__9,1696,N,True
4,reel13__3,bot78__4,1696,N,True
4,bot36__9,bot78__4,1696,N,True
4,reel4__4,reel52__4,1696,N,True
4,reel29__7,reel52__4,1696,N,True
4,reel8__2,reel66__4,1696,N,True
4,reel29__7,reel66__4,1696,N,True
4,reel33__6,reel66__4,1696,N,True
4,bot46__8,bot74__9,1696,N,True
4,bot64__4,bot74__9,1696,N,True
4,bot11__7,bot74__9,1696,N,True
4,reel38__0,reel59__5,1696,N,True
4,reel39__9,reel63__2,1696,N,True
4,reel58__4,reel5__4,1696,N,True
4,reel61__0,reel5__4,1696,N,True
4,reel2__6,reel5__4,1696,N,True
4,reel28__7,reel34__6,1696,N,True
4,reel2__6,reel34__6,1696,N,True
4,reel2__6,bot67__5,1696,N,True
4,reel41__4,bot53__8,1696,N,True
4,reel41__4,bot69__1,1696,N,True
4,reel37__2,bot47__5,1696,N,True
4,reel29__5,bot47__5,1696,N,True
4,reel49__5,bot81__0,1696,N,True
4,reel29__5,bot81__0,1696,N,True
4,reel66__9,reel50__5,1696,N,True
4,reel24__8,bot81__9,1696,N,True
4,bot43__9,bot81__9,1696,N,True
4,reel45__6,reel79__9,1696,N,True
4,reel20__2,reel79__9,1696,N,True
4,bot2__4,bot27__4,1696,N,True
4,bot8__9,bot27__4,1696,N,True
4,reel25__1,bot27__4,1696,N,True
4,reel1__4,reel28__4,1696,N,True
4,reel25__1,reel28__4,1696,N,True
4,reel25__1,reel69__6,1696,N,True
4,reel22__0,bot46__3,1696,N,True
4,reel22__0,bot47__0,1696,N,True
4,bot24__5,bot47__0,1696,N,True
4,reel54__6,bot80__5,1696,N,True
4,reel4__3,bot80__5,1696,N,True
4,reel48__0,reel64__6,1696,N,True
4,reel2__2,bot60__7,1696,N,True
4,bot6__3,bot12__3,1696,N,True
4,reel9__7,bot12__3,1696,N,True
4,bot2__2,bot12__3,1696,N,True
4,reel9__7,reel64__9,1696,N,True
4,bot21__3,bot42__3,1696,N,True
4,bot77__8,reel19__6,1696,N,True
4,reel1__6,reel19__6,1696,N,True
4,reel37__9,reel19__6,1696,N,True
4,reel49__5,reel44__2,1696,N,True
4,reel37__9,reel44__2,1696,N,True
4,bot31__6,bot78__9,1696,N,True
4,reel37__9,bot78__9,1696,N,True
4,reel0__1,reel42__8,1696,N,True
4,reel58__0,reel42__8,1696,N,True
4,reel9__1,bot28__5,1696,N,True
4,reel54__1,reel34__7,1696,N,True
4,reel9__1,reel34__7,1696,N,True
4,reel74__3,reel36__5,1696,N,True
4,bot30__0,bot65__7,1696,N,True
4,bot37__2,bot65__7,1696,N,True
4,reel19__4,bot65__7,1696,N,True
4,reel20__2,reel28__2,1696,N,True
4,bot4__3,bot37__0,1696,N,True
4,reel9__2,bot75__7,1696,N,True
4,reel35__0,bot75__7,1696,N,True
4,bot4__3,bot75__7,1696,N,True
4,bot32__3,bot7__4,1696,N,True
4,reel0__8,bot7__4,1696,N,True
4,reel12__2,reel58__8,1696,N,True
4,reel0__8,reel58__8,1696,N,True
4,reel0__8,bot73__5,1696,N,True
4,reel48__4,reel66__5,1696,N,True
4,bot84__2,reel11__4,1696,N,True
4,reel63__5,bot64__0,1696,N,True
4,reel15__1,bot64__0,1696,N,True
4,bot40__5,bot49__8,1696,N,True
4,reel44__6,bot49__8,1696,N,True
4,bot24__4,bot29__7,1696,N,True
4,bot66__3,bot29__7,1696,N,True
4,bot24__4,bot71__4,1696,N,True
4,bot9__1,bot71__4,1696,N,True
4,bot74__2,bot48__4,1696,N,True
4,reel5__3,bot48__4,1696,N,True
4,reel9__2,bot73__8,1696,N,True
4,reel39__2,bot73__8,1696,N,True
4,reel13__0,bot21__5,1696,N,True
4,reel5__8,bot21__5,1696,N,True
4,reel13__0,reel76__2,1696,N,True
4,reel21__0,reel76__2,1696,N,True
4,reel51__9,reel76__2,1696,N,True
4,reel3__4,reel31__2,1696,N,True
4,reel10__8,reel31__2,1696,N,True
4,reel10__8,bot72__5,1696,N,True
4,reel30__0,bot80__6,1696,N,True
4,bot15__2,bot80__6,1696,N,True
4,bot10__6,bot79__8,1696,N,True
4,reel64__0,bot76__5,1696,N,True
4,reel64__0,reel77__2,1696,N,True
4,reel64__0,bot84__3,1696,N,True
4,bot37__6,bot84__3,1696,N,True
4,bot55__6,bot84__5,1696,N,True
4,reel70__8,bot84__5,1696,N,True
4,reel30__6,reel38__1,1696,N,True
4,reel34__8,reel38__1,1696,N,True
4,reel31__8,bot56__2,1696,N,True
4,bot9__2,bot56__2,1696,N,True
4,bot12__8,bot57__2,1696,N,True
4,bot34__9,bot57__2,1696,N,True
4,reel19__7,reel43__3,1696,N,True
4,reel8__0,bot26__4,1696,N,True
4,reel72__7,reel45__8,1696,N,True
4,reel8__0,reel45__8,1696,N,True
4,reel15__0,bot70__1,1696,N,True
4,bot78__5,bot70__1,1696,N,True
4,reel19__5,reel63__4,1696,N,True
4,reel69__8,bot78__7,1696,N,True
4,reel14__8,reel68__5,1696,N,True
4,reel68__8,bot81__5,1696,N,True
4,bot7__5,bot40__4,1696,N,True
4,reel4__6,bot31__4,1696,N,True
4,bot28__7,bot31__4,1696,N,True
4,bot56__0,bot29__1,1696,N,True
4,bot8__9,bot29__1,1696,N,True
4,bot2__9,bot24__2,1696,N,True
4,reel11__7,bot24__2,1696,N,True
4,reel11__7,reel53__3,1696,N,True
4,bot11__2,bot29__0,1696,N,True
4,reel68__0,reel62__1,1696,N,True
4,reel29__3,reel62__1,1696,N,True
4,reel51__9,reel62__1,1696,N,True
4,reel8__2,bot20__0,1696,N,True
4,bot46__0,bot20__0,1696,N,True
4,reel5__9,bot23__2,1696,N,True
4,reel19__4,bot23__2,1696,N,True
4,reel4__3,bot27__8,1696,N,True
4,reel10__4,bot27__8,1696,N,True
4,reel4__3,reel73__6,1696,N,True
4,reel72__7,reel73__6,1696,N,True
4,bot1__1,bot63__1,1696,N,True
4,reel5__9,reel25__6,1696,N,True
4,reel19__8,reel25__6,1696,N,True
4,bot32__4,bot33__7,1696,N,True
4,bot2__4,bot57__3,1696,N,True
4,bot73__4,bot14__6,1696,N,True
4,reel8__4,bot14__6,1696,N,True
4,reel56__3,bot69__7,1696,N,True
4,reel23__7,reel49__3,1696,N,True
4,reel6__5,reel49__3,1696,N,True
4,reel48__8,bot61__0,1696,N,True
4,reel10__2,reel33__4,1696,N,True
4,reel5__6,reel33__4,1696,N,True
4,reel10__2,bot70__9,1696,N,True
4,reel23__4,reel59__1,1696,N,True
4,bot0__7,bot36__1,1696,N,True
4,reel22__5,reel62__6,1696,N,True
4,reel2__1,reel62__6,1696,N,True
4,reel61__9,bot68__9,1696,N,True
4,reel20__7,bot32__0,1696,N,True
4,bot9__5,bot32__0,1696,N,True
4,bot39__1,bot66__4,1696,N,True
4,reel78__6,reel41__5,1696,N,True
4,bot42__4,reel41__5,1696,N,True
4,reel5__8,reel64__3,1696,N,True
4,reel0__0,reel64__3,1696,N,True
4,bot33__6,bot61__2,1696,N,True
4,bot33__6,bot64__5,1696,N,True
4,reel37__2,reel68__4,1696,N,True
4,reel41__7,reel68__4,1696,N,True
4,reel4__5,bot40__9,1696,N,True
4,reel4__5,bot52__3,1696,N,True
4,reel8__5,bot63__7,1696,N,True
4,reel4__4,reel7__0,1696,N,True
4,bot28__0,reel7__0,1696,N,True
4,bot65__9,reel34__4,1696,N,True
4,bot23__5,bot84__0,1696,N,True
4,reel41__8,bot84__0,1696,N,True
4,bot46__4,bot84__0,1696,N,True
4,reel3__2,bot19__2,1696,N,True
4,reel15__0,bot19__2,1696,N,True
4,bot32__7,bot37__5,1696,N,True
4,reel1__6,bot37__5,1696,N,True
4,reel50__9,reel44__5,1696,N,True
4,reel73__7,reel44__5,1696,N,True
4,reel50__9,bot63__2,1696,N,True
4,reel27__5,bot37__4,1696,N,True
4,reel58__9,bot80__0,1696,N,True
4,bot39__2,bot48__5,1696,N,True
4,reel35__6,bot48__5,1696,N,True
4,reel37__4,bot48__5,1696,N,True
4,reel18__2,reel56__2,1696,N,True
4,reel49__1,bot64__8,1696,N,True
4,bot36__0,bot46__6,1696,N,True
4,reel12__4,bot46__6,1696,N,True
4,reel46__2,reel67__8,1696,N,True
4,reel12__4,reel67__8,1696,N,True
4,reel24__0,bot57__1,1696,N,True
4,reel1__8,bot15__5,1696,N,True
4,reel43__6,reel47__2,1696,N,True
4,reel43__6,reel55__0,1696,N,True
4,reel41__7,bot44__1,1696,N,True
4,reel5__6,reel61__4,1696,N,True
4,bot30__8,bot62__6,1696,N,True
4,bot14__3,bot68__6,1696,N,True
4,bot42__0,bot68__6,1696,N,True
4,reel55__6,bot67__2,1696,N,True
4,bot16__2,bot67__2,1696,N,True
4,reel33__1,reel67__1,1696,N,True
4,reel22__2,bot43__5,1696,N,True
4,reel22__2,bot49__7,1696,N,True
4,reel10__4,reel54__7,1696,N,True
4,reel4__4,reel54__7,1696,N,True
4,bot11__3,bot18__9,1696,N,True
4,reel29__3,bot82__0,1696,N,True
4,bot20__7,bot37__1,1696,N,True
4,bot28__3,bot37__1,1696,N,True
4,reel27__4,reel45__5,1696,N,True
4,reel21__1,reel45__5,1696,N,True
4,reel4__4,bot65__8,1696,N,True
4,bot14__3,bot20__3,1696,N,True
4,bot45__5,bot20__3,1696,N,True
4,bot5__5,bot20__3,1696,N,True
4,bot9__9,bot29__6,1696,N,True
4,reel22__8,bot29__6,1696,N,True
4,reel58__4,reel48__1,1696,N,True
4,reel22__8,reel48__1,1696,N,True
4,bot17__9,bot71__9,1696,N,True
4,reel25__3,bot71__9,1696,N,True
4,reel41__3,reel80__1,1696,N,True
4,reel41__8,bot54__1,1696,N,True
4,bot61__8,bot75__2,1696,N,True
4,reel75__7,bot79__6,1696,N,True
4,reel58__7,bot78__2,1696,N,True
4,reel25__3,bot78__2,1696,N,True
4,bot3__2,bot67__8,1696,N,True
4,reel33__3,bot49__4,1696,N,True
4,bot71__7,bot81__4,1696,N,True
4,reel22__5,bot74__0,1696,N,True
4,bot32__1,bot82__8,1696,N,True
4,reel22__3,reel67__4,1696,N,True
4,reel25__4,reel68__1,1696,N,True
4,reel25__4,bot79__7,1696,N,True
4,reel15__0,bot17__0,1696,N,True
4,reel65__6,bot66__2,1696,N,True
4,reel50__3,bot66__5,1696,N,True
4,reel57__0,bot66__5,1696,N,True
4,reel27__3,bot55__4,1696,N,True
4,reel29__0,bot35__5,1696,N,True
4,reel38__6,bot58__5,1696,N,True
4,reel32__6,bot62__5,1696,N,True
4,reel25__3,reel69__4,1696,N,True
4,bot31__7,bot38__3,1696,N,True
4,336,reel0__8,1697,N,True
4,108,reel0__8,1697,N,True
4,135,reel0__8,1697,N,True
4,135,bot43__2,1697,N,True
4,129,reel43__7,1697,N,True
4,135,reel43__7,1697,N,True
4,202,reel66__9,1697,N,True
4,135,reel66__9,1697,N,True
4,reel34__0,reel70__8,1697,N,True
4,307,reel70__8,1697,N,True
4,135,reel70__8,1697,N,True
4,reel10__0,bot22__9,1697,N,True
4,reel2__6,bot22__9,1697,N,True
4,297,bot22__9,1697,N,True
4,164,reel34__9,1697,N,True
4,259,reel34__9,1697,N,True
4,bot36__8,reel34__9,1697,N,True
4,189,reel48__2,1697,N,True
4,78,reel48__2,1697,N,True
4,78,reel50__9,1697,N,True
4,78,bot66__1,1697,N,True
4,reel50__1,bot66__1,1697,N,True
4,192,reel5__6,1697,N,True
4,59,reel33__0,1697,N,True
4,192,reel33__0,1697,N,True
4,72,reel28__9,1697,N,True
4,reel66__2,reel28__9,1697,N,True
4,75,reel28__9,1697,N,True
4,reel26__2,reel44__1,1697,N,True
4,108,reel44__1,1697,N,True
4,reel66__2,reel44__1,1697,N,True
4,108,reel71__3,1697,N,True
4,reel66__2,reel71__3,1697,N,True
4,85,reel7__2,1697,N,True
4,85,reel39__8,1697,N,True
4,85,reel45__3,1697,N,True
4,85,reel56__4,1697,N,True
4,98,reel56__4,1697,N,True
4,85,reel56__5,1697,N,True
4,85,bot59__4,1697,N,True
4,54,bot2__4,1697,N,True
4,48,bot2__4,1697,N,True
4,226,bot2__4,1697,N,True
4,bot19__6,bot2__4,1697,N,True
4,bot57__3,bot2__4,1697,N,True
4,84,bot19__3,1697,N,True
4,48,bot19__3,1697,N,True
4,reel75__1,bot79__5,1697,N,True
4,48,bot79__5,1697,N,True
4,reel50__2,reel3__8,1697,N,True
4,173,reel3__8,1697,N,True
4,309,reel3__8,1697,N,True
4,247,bot4__2,1697,N,True
4,309,bot4__2,1697,N,True
4,309,reel18__2,1697,N,True
4,309,bot73__1,1697,N,True
4,54,reel36__3,1697,N,True
4,reel6__2,reel36__3,1697,N,True
4,reel45__9,reel36__3,1697,N,True
4,reel45__9,bot72__5,1697,N,True
4,108,bot79__2,1697,N,True
4,reel45__9,bot79__2,1697,N,True
4,293,reel7__4,1697,N,True
4,213,reel7__4,1697,N,True
4,reel37__0,reel7__4,1697,N,True
4,reel25__4,reel44__4,1697,N,True
4,reel37__0,reel44__4,1697,N,True
4,reel37__0,reel49__8,1697,N,True
4,reel37__0,reel70__1,1697,N,True
4,reel37__0,reel73__3,1697,N,True
4,129,bot6__7,1697,N,True
4,bot16__8,bot6__7,1697,N,True
4,307,bot6__7,1697,N,True
4,bot47__3,bot6__7,1697,N,True
4,273,reel0__0,1697,N,True
4,147,reel0__0,1697,N,True
4,86,reel0__0,1697,N,True
4,61,reel2__2,1697,N,True
4,reel29__1,reel2__2,1697,N,True
4,86,reel2__2,1697,N,True
4,345,reel2__2,1697,N,True
4,86,bot23__6,1697,N,True
4,279,reel24__8,1697,N,True
4,86,reel24__8,1697,N,True
4,133,bot27__1,1697,N,True
4,86,bot27__1,1697,N,True
4,118,reel17__6,1697,N,True
4,reel42__9,reel17__6,1697,N,True
4,131,reel57__8,1697,N,True
4,290,reel57__8,1697,N,True
4,bot71__0,reel57__8,1697,N,True
4,81,reel68__9,1697,N,True
4,reel32__8,reel68__9,1697,N,True
4,bot71__0,reel68__9,1697,N,True
4,116,bot74__5,1697,N,True
4,bot45__1,bot74__5,1697,N,True
4,187,bot6__1,1697,N,True
4,133,bot6__1,1697,N,True
4,100,bot6__1,1697,N,True
4,204,reel13__1,1697,N,True
4,71,reel13__1,1697,N,True
4,100,reel13__1,1697,N,True
4,32,reel14__2,1697,N,True
4,100,reel14__2,1697,N,True
4,reel13__7,reel14__2,1697,N,True
4,100,bot31__7,1697,N,True
4,238,bot31__7,1697,N,True
4,65,bot27__9,1697,N,True
4,bot20__6,bot27__9,1697,N,True
4,313,bot49__6,1697,N,True
4,bot20__6,bot49__6,1697,N,True
4,reel13__3,bot72__0,1697,N,True
4,bot20__6,bot72__0,1697,N,True
4,96,bot72__0,1697,N,True
4,170,bot6__3,1697,N,True
4,27,bot6__3,1697,N,True
4,148,bot6__3,1697,N,True
4,27,bot9__7,1697,N,True
4,reel6__2,bot9__7,1697,N,True
4,27,reel10__5,1697,N,True
4,137,reel10__5,1697,N,True
4,27,bot31__3,1697,N,True
4,27,bot36__2,1697,N,True
4,bot57__3,bot36__2,1697,N,True
4,27,reel38__3,1697,N,True
4,reel12__4,reel38__3,1697,N,True
4,27,reel71__6,1697,N,True
4,331,bot3__2,1697,N,True
4,93,bot3__2,1697,N,True
4,32,bot3__2,1697,N,True
4,93,reel65__6,1697,N,True
4,276,reel65__6,1697,N,True
4,bot66__2,reel65__6,1697,N,True
4,93,reel73__9,1697,N,True
4,reel80__4,reel73__9,1697,N,True
4,1,bot1__3,1697,N,True
4,28,bot1__3,1697,N,True
4,1,reel25__7,1697,N,True
4,1,bot26__2,1697,N,True
4,1,reel46__2,1697,N,True
4,137,reel46__2,1697,N,True
4,1,bot52__7,1697,N,True
4,118,bot34__7,1697,N,True
4,267,bot34__7,1697,N,True
4,118,reel46__3,1697,N,True
4,328,reel47__4,1697,N,True
4,118,reel47__4,1697,N,True
4,118,reel67__1,1697,N,True
4,171,reel0__4,1697,N,True
4,336,reel0__4,1697,N,True
4,151,reel0__4,1697,N,True
4,151,bot43__4,1697,N,True
4,bot27__8,reel17__7,1697,N,True
4,reel32__8,reel17__7,1697,N,True
4,reel32__8,bot47__6,1697,N,True
4,reel32__8,reel47__9,1697,N,True
4,reel72__3,reel71__2,1697,N,True
4,reel9__9,reel71__2,1697,N,True
4,reel69__5,reel71__2,1697,N,True
4,88,reel75__5,1697,N,True
4,reel69__5,reel75__5,1697,N,True
4,bot11__2,bot84__8,1697,N,True
4,reel69__5,bot84__8,1697,N,True
4,reel60__6,reel8__7,1697,N,True
4,bot22__0,reel8__7,1697,N,True
4,32,reel8__7,1697,N,True
4,342,reel8__7,1697,N,True
4,reel2__6,reel17__9,1697,N,True
4,188,reel17__9,1697,N,True
4,342,reel17__9,1697,N,True
4,255,bot24__6,1697,N,True
4,342,bot24__6,1697,N,True
4,308,reel30__8,1697,N,True
4,reel12__7,reel30__8,1697,N,True
4,214,reel30__8,1697,N,True
4,reel12__7,bot37__0,1697,N,True
4,bot4__3,bot37__0,1697,N,True
4,80,bot16__9,1697,N,True
4,131,bot16__9,1697,N,True
4,131,bot42__9,1697,N,True
4,131,bot50__0,1697,N,True
4,2,reel53__0,1697,N,True
4,51,reel53__0,1697,N,True
4,131,reel53__0,1697,N,True
4,131,reel69__0,1697,N,True
4,bot6__4,bot3__6,1697,N,True
4,97,bot3__6,1697,N,True
4,249,bot3__6,1697,N,True
4,97,reel14__8,1697,N,True
4,reel2__5,bot21__4,1697,N,True
4,97,bot21__4,1697,N,True
4,126,bot23__5,1697,N,True
4,97,bot23__5,1697,N,True
4,305,reel23__2,1697,N,True
4,reel12__8,reel23__2,1697,N,True
4,97,reel23__2,1697,N,True
4,229,reel28__7,1697,N,True
4,255,reel28__7,1697,N,True
4,229,bot41__3,1697,N,True
4,bot27__5,bot12__5,1697,N,True
4,bot27__5,bot55__1,1697,N,True
4,174,bot78__5,1697,N,True
4,138,bot78__5,1697,N,True
4,20,reel1__2,1697,N,True
4,265,reel1__2,1697,N,True
4,reel2__5,reel1__2,1697,N,True
4,320,reel1__2,1697,N,True
4,reel19__2,reel1__2,1697,N,True
4,343,bot15__2,1697,N,True
4,281,bot15__2,1697,N,True
4,reel2__5,bot15__2,1697,N,True
4,293,bot43__8,1697,N,True
4,reel2__5,bot43__8,1697,N,True
4,312,bot3__4,1697,N,True
4,36,bot3__4,1697,N,True
4,312,bot9__5,1697,N,True
4,184,bot9__5,1697,N,True
4,208,bot9__5,1697,N,True
4,312,bot10__0,1697,N,True
4,279,bot10__0,1697,N,True
4,278,bot10__0,1697,N,True
4,312,bot10__4,1697,N,True
4,312,reel10__6,1697,N,True
4,202,reel10__6,1697,N,True
4,reel77__0,reel10__6,1697,N,True
4,143,reel10__6,1697,N,True
4,312,reel37__2,1697,N,True
4,265,bot18__5,1697,N,True
4,80,reel22__8,1697,N,True
4,265,reel22__8,1697,N,True
4,258,bot24__8,1697,N,True
4,265,bot24__8,1697,N,True
4,reel6__9,bot24__8,1697,N,True
4,265,reel41__2,1697,N,True
4,reel29__1,reel58__7,1697,N,True
4,265,reel58__7,1697,N,True
4,305,bot0__3,1697,N,True
4,305,reel55__8,1697,N,True
4,reel20__1,reel12__5,1697,N,True
4,4,reel12__5,1697,N,True
4,bot47__1,reel6__0,1697,N,True
4,147,reel6__0,1697,N,True
4,39,reel1__4,1697,N,True
4,bot12__2,reel1__4,1697,N,True
4,230,reel1__4,1697,N,True
4,6,reel8__6,1697,N,True
4,284,reel8__6,1697,N,True
4,19,reel8__6,1697,N,True
4,284,bot11__6,1697,N,True
4,172,bot11__6,1697,N,True
4,284,bot39__8,1697,N,True
4,147,bot39__8,1697,N,True
4,30,bot39__8,1697,N,True
4,134,reel80__7,1697,N,True
4,284,reel80__7,1697,N,True
4,237,reel17__4,1697,N,True
4,249,reel17__4,1697,N,True
4,249,bot30__5,1697,N,True
4,296,reel58__2,1697,N,True
4,286,reel58__2,1697,N,True
4,296,reel83__8,1697,N,True
4,61,bot16__2,1697,N,True
4,307,bot16__2,1697,N,True
4,61,reel20__5,1697,N,True
4,reel25__3,reel20__5,1697,N,True
4,3,reel20__5,1697,N,True
4,bot60__0,bot24__5,1697,N,True
4,61,bot24__5,1697,N,True
4,180,reel18__1,1697,N,True
4,6,reel18__1,1697,N,True
4,reel37__3,reel18__1,1697,N,True
4,bot73__3,reel18__1,1697,N,True
4,237,reel18__1,1697,N,True
4,reel37__3,reel41__4,1697,N,True
4,reel37__3,reel60__4,1697,N,True
4,19,reel60__4,1697,N,True
4,bot84__1,bot53__9,1697,N,True
4,71,reel0__7,1697,N,True
4,bot2__7,reel0__7,1697,N,True
4,204,bot6__0,1697,N,True
4,328,bot6__0,1697,N,True
4,71,bot6__0,1697,N,True
4,71,bot8__4,1697,N,True
4,reel4__0,reel18__6,1697,N,True
4,71,reel18__6,1697,N,True
4,71,reel21__1,1697,N,True
4,reel53__6,reel21__1,1697,N,True
4,71,bot24__4,1697,N,True
4,278,bot24__4,1697,N,True
4,71,bot72__3,1697,N,True
4,108,reel31__8,1697,N,True
4,137,reel31__8,1697,N,True
4,reel34__0,reel31__8,1697,N,True
4,62,bot35__4,1697,N,True
4,reel34__0,bot35__4,1697,N,True
4,3,reel30__7,1697,N,True
4,195,reel30__7,1697,N,True
4,reel65__2,reel30__7,1697,N,True
4,reel2__6,reel34__6,1697,N,True
4,reel65__2,reel34__6,1697,N,True
4,16,reel34__6,1697,N,True
4,180,reel11__5,1697,N,True
4,221,reel11__5,1697,N,True
4,221,reel12__9,1697,N,True
4,158,reel12__9,1697,N,True
4,221,reel47__5,1697,N,True
4,344,reel47__5,1697,N,True
4,reel7__5,bot58__6,1697,N,True
4,reel7__5,bot59__9,1697,N,True
4,reel6__9,bot20__9,1697,N,True
4,123,reel22__7,1697,N,True
4,237,reel22__7,1697,N,True
4,reel6__9,reel22__7,1697,N,True
4,reel50__1,reel82__7,1697,N,True
4,reel35__5,reel11__6,1697,N,True
4,69,reel11__6,1697,N,True
4,reel35__5,bot67__0,1697,N,True
4,reel35__5,reel73__2,1697,N,True
4,17,reel73__2,1697,N,True
4,234,bot70__3,1697,N,True
4,20,reel21__2,1697,N,True
4,340,reel21__2,1697,N,True
4,reel4__0,reel7__3,1697,N,True
4,290,reel7__3,1697,N,True
4,290,bot44__5,1697,N,True
4,180,reel64__8,1697,N,True
4,reel2__6,reel64__8,1697,N,True
4,290,reel64__8,1697,N,True
4,290,reel83__9,1697,N,True
4,295,reel10__2,1697,N,True
4,reel22__0,reel10__2,1697,N,True
4,reel17__5,reel10__2,1697,N,True
4,279,reel10__2,1697,N,True
4,30,reel10__2,1697,N,True
4,bot63__3,reel10__2,1697,N,True
4,306,reel21__4,1697,N,True
4,320,reel21__4,1697,N,True
4,344,reel21__4,1697,N,True
4,337,bot9__3,1697,N,True
4,bot11__1,bot9__3,1697,N,True
4,80,bot9__3,1697,N,True
4,123,reel13__4,1697,N,True
4,337,reel13__4,1697,N,True
4,bot30__4,reel13__4,1697,N,True
4,258,reel15__1,1697,N,True
4,337,reel15__1,1697,N,True
4,123,reel15__1,1697,N,True
4,reel23__6,bot31__5,1697,N,True
4,337,bot31__5,1697,N,True
4,reel22__2,reel34__5,1697,N,True
4,337,reel34__5,1697,N,True
4,65,reel62__0,1697,N,True
4,reel28__8,reel62__0,1697,N,True
4,reel28__8,reel82__1,1697,N,True
4,308,reel77__8,1697,N,True
4,reel57__5,reel77__8,1697,N,True
4,95,bot9__1,1697,N,True
4,bot12__1,bot9__1,1697,N,True
4,bot25__5,bot38__6,1697,N,True
4,189,bot38__6,1697,N,True
4,bot12__1,bot38__6,1697,N,True
4,bot12__1,bot39__2,1697,N,True
4,323,bot39__2,1697,N,True
4,reel15__9,reel33__7,1697,N,True
4,reel15__9,bot68__1,1697,N,True
4,180,bot24__7,1697,N,True
4,bot78__1,bot24__7,1697,N,True
4,reel12__2,bot24__7,1697,N,True
4,180,reel26__3,1697,N,True
4,180,bot50__9,1697,N,True
4,184,bot50__9,1697,N,True
4,bot0__0,bot50__9,1697,N,True
4,343,reel27__4,1697,N,True
4,51,reel27__4,1697,N,True
4,24,reel27__4,1697,N,True
4,24,bot80__8,1697,N,True
4,reel6__6,reel56__0,1697,N,True
4,reel36__7,reel56__0,1697,N,True
4,reel61__5,reel56__0,1697,N,True
4,reel4__6,reel11__2,1697,N,True
4,81,reel11__2,1697,N,True
4,31,reel11__2,1697,N,True
4,31,reel35__6,1697,N,True
4,51,reel35__6,1697,N,True
4,228,reel44__9,1697,N,True
4,31,reel44__9,1697,N,True
4,140,reel44__9,1697,N,True
4,reel19__0,bot24__1,1697,N,True
4,reel8__9,bot29__2,1697,N,True
4,reel8__9,bot43__0,1697,N,True
4,132,bot0__4,1697,N,True
4,307,bot0__4,1697,N,True
4,bot9__8,bot2__9,1697,N,True
4,45,bot2__9,1697,N,True
4,307,bot2__9,1697,N,True
4,183,reel19__3,1697,N,True
4,133,reel19__3,1697,N,True
4,307,reel19__3,1697,N,True
4,168,bot36__7,1697,N,True
4,307,bot36__7,1697,N,True
4,307,reel38__6,1697,N,True
4,178,reel13__2,1697,N,True
4,111,reel13__2,1697,N,True
4,178,bot35__9,1697,N,True
4,339,bot35__9,1697,N,True
4,178,bot55__6,1697,N,True
4,reel33__9,reel49__2,1697,N,True
4,bot68__5,bot69__6,1697,N,True
4,bot7__7,bot40__4,1697,N,True
4,139,bot40__4,1697,N,True
4,139,bot51__6,1697,N,True
4,bot30__4,bot51__6,1697,N,True
4,139,reel64__1,1697,N,True
4,251,reel24__5,1697,N,True
4,132,reel24__5,1697,N,True
4,148,reel24__5,1697,N,True
4,272,bot33__0,1697,N,True
4,148,bot33__0,1697,N,True
4,reel26__2,bot40__0,1697,N,True
4,148,bot40__0,1697,N,True
4,reel14__1,bot19__8,1697,N,True
4,reel14__1,bot29__4,1697,N,True
4,211,bot34__5,1697,N,True
4,reel14__1,bot34__5,1697,N,True
4,reel14__1,bot34__8,1697,N,True
4,213,bot34__8,1697,N,True
4,reel14__1,bot42__7,1697,N,True
4,reel14__1,reel42__6,1697,N,True
4,reel14__1,reel60__1,1697,N,True
4,reel14__1,reel67__0,1697,N,True
4,264,bot8__3,1697,N,True
4,39,bot8__3,1697,N,True
4,320,bot8__3,1697,N,True
4,320,bot10__1,1697,N,True
4,58,reel20__7,1697,N,True
4,320,reel20__7,1697,N,True
4,bot22__6,reel20__7,1697,N,True
4,reel21__0,reel25__5,1697,N,True
4,320,reel25__5,1697,N,True
4,96,reel25__5,1697,N,True
4,reel16__4,reel65__7,1697,N,True
4,320,reel65__7,1697,N,True
4,279,reel65__7,1697,N,True
4,153,bot2__1,1697,N,True
4,155,bot2__1,1697,N,True
4,339,bot2__1,1697,N,True
4,237,reel59__6,1697,N,True
4,339,reel59__6,1697,N,True
4,171,bot0__6,1697,N,True
4,134,bot0__6,1697,N,True
4,bot25__5,bot0__6,1697,N,True
4,171,bot30__0,1697,N,True
4,171,reel35__3,1697,N,True
4,171,reel39__9,1697,N,True
4,171,reel50__8,1697,N,True
4,16,reel50__8,1697,N,True
4,171,reel57__4,1697,N,True
4,214,reel57__4,1697,N,True
4,171,reel78__1,1697,N,True
4,111,reel78__1,1697,N,True
4,8,reel1__5,1697,N,True
4,81,reel1__5,1697,N,True
4,285,reel1__5,1697,N,True
4,81,bot32__4,1697,N,True
4,81,bot74__4,1697,N,True
4,321,bot0__5,1697,N,True
4,123,bot0__5,1697,N,True
4,321,reel14__0,1697,N,True
4,321,bot16__3,1697,N,True
4,213,bot16__3,1697,N,True
4,321,bot26__8,1697,N,True
4,226,bot26__8,1697,N,True
4,321,reel31__4,1697,N,True
4,321,reel79__4,1697,N,True
4,reel12__8,bot37__6,1697,N,True
4,137,bot37__6,1697,N,True
4,reel12__8,bot63__5,1697,N,True
4,bot25__5,bot80__3,1697,N,True
4,6,bot6__5,1697,N,True
4,6,bot10__5,1697,N,True
4,336,bot10__5,1697,N,True
4,6,bot42__8,1697,N,True
4,6,bot72__6,1697,N,True
4,reel47__3,reel12__6,1697,N,True
4,237,reel12__6,1697,N,True
4,117,reel12__6,1697,N,True
4,195,reel12__6,1697,N,True
4,reel47__3,bot48__6,1697,N,True
4,2,bot48__6,1697,N,True
4,bot3__8,reel2__0,1697,N,True
4,69,reel2__0,1697,N,True
4,reel83__1,reel2__0,1697,N,True
4,bot3__8,bot78__2,1697,N,True
4,reel25__3,bot78__2,1697,N,True
4,83,bot74__3,1697,N,True
4,bot35__7,bot74__3,1697,N,True
4,19,reel15__0,1697,N,True
4,251,reel19__8,1697,N,True
4,19,reel19__8,1697,N,True
4,276,reel62__9,1697,N,True
4,19,reel62__9,1697,N,True
4,137,bot63__9,1697,N,True
4,19,bot63__9,1697,N,True
4,34,reel24__3,1697,N,True
4,77,reel47__7,1697,N,True
4,34,reel47__7,1697,N,True
4,132,reel47__7,1697,N,True
4,98,bot33__7,1697,N,True
4,134,reel40__4,1697,N,True
4,254,reel40__4,1697,N,True
4,98,reel40__4,1697,N,True
4,310,reel5__2,1697,N,True
4,105,reel5__2,1697,N,True
4,147,reel5__2,1697,N,True
4,reel69__2,reel5__2,1697,N,True
4,310,bot55__8,1697,N,True
4,237,bot55__8,1697,N,True
4,reel8__3,reel9__6,1697,N,True
4,188,reel9__6,1697,N,True
4,reel8__3,bot84__6,1697,N,True
4,340,reel82__3,1697,N,True
4,reel6__2,bot16__1,1697,N,True
4,bot33__2,bot16__1,1697,N,True
4,281,reel5__5,1697,N,True
4,reel0__2,reel5__5,1697,N,True
4,bot33__2,reel5__5,1697,N,True
4,bot34__0,bot63__4,1697,N,True
4,166,bot63__4,1697,N,True
4,bot34__0,bot68__8,1697,N,True
4,323,bot68__8,1697,N,True
4,260,bot5__2,1697,N,True
4,194,bot5__2,1697,N,True
4,44,reel15__6,1697,N,True
4,58,reel15__6,1697,N,True
4,260,reel15__6,1697,N,True
4,260,bot32__6,1697,N,True
4,260,reel39__7,1697,N,True
4,212,reel21__9,1697,N,True
4,84,reel21__9,1697,N,True
4,bot17__2,reel7__9,1697,N,True
4,bot9__8,reel7__9,1697,N,True
4,194,reel7__9,1697,N,True
4,bot9__8,bot19__1,1697,N,True
4,266,bot19__1,1697,N,True
4,reel6__2,bot19__1,1697,N,True
4,bot9__8,bot77__9,1697,N,True
4,reel16__0,bot44__0,1697,N,True
4,reel16__0,reel47__2,1697,N,True
4,177,reel53__7,1697,N,True
4,reel71__8,reel53__7,1697,N,True
4,reel16__0,reel53__7,1697,N,True
4,reel16__0,bot74__6,1697,N,True
4,39,reel0__1,1697,N,True
4,302,reel0__1,1697,N,True
4,39,bot19__2,1697,N,True
4,bot13__5,bot33__8,1697,N,True
4,bot13__5,bot84__4,1697,N,True
4,313,bot84__4,1697,N,True
4,238,bot84__4,1697,N,True
4,172,bot8__9,1697,N,True
4,267,bot8__9,1697,N,True
4,267,bot22__8,1697,N,True
4,267,reel30__2,1697,N,True
4,282,reel30__2,1697,N,True
4,267,bot40__1,1697,N,True
4,267,reel64__0,1697,N,True
4,267,bot73__2,1697,N,True
4,bot22__0,bot76__8,1697,N,True
4,bot19__6,bot76__8,1697,N,True
4,267,bot76__8,1697,N,True
4,2,reel11__3,1697,N,True
4,164,reel11__3,1697,N,True
4,54,reel54__8,1697,N,True
4,164,reel54__8,1697,N,True
4,bot10__7,bot45__8,1697,N,True
4,bot10__7,bot55__9,1697,N,True
4,319,bot9__9,1697,N,True
4,223,bot9__9,1697,N,True
4,246,reel13__0,1697,N,True
4,99,reel13__0,1697,N,True
4,reel46__7,reel13__0,1697,N,True
4,223,reel13__0,1697,N,True
4,223,bot84__2,1697,N,True
4,reel49__1,bot84__2,1697,N,True
4,44,reel2__4,1697,N,True
4,331,reel2__4,1697,N,True
4,44,bot4__4,1697,N,True
4,76,bot4__4,1697,N,True
4,336,reel7__1,1697,N,True
4,reel17__5,bot19__0,1697,N,True
4,336,bot19__0,1697,N,True
4,336,reel70__2,1697,N,True
4,202,reel15__8,1697,N,True
4,reel71__8,reel15__8,1697,N,True
4,304,reel22__5,1697,N,True
4,304,reel34__1,1697,N,True
4,304,bot49__0,1697,N,True
4,304,bot66__0,1697,N,True
4,16,reel45__7,1697,N,True
4,bot6__4,bot82__2,1697,N,True
4,16,bot82__2,1697,N,True
4,99,reel13__5,1697,N,True
4,166,reel13__5,1697,N,True
4,99,reel14__3,1697,N,True
4,256,reel14__3,1697,N,True
4,285,reel14__3,1697,N,True
4,161,bot2__8,1697,N,True
4,189,bot2__8,1697,N,True
4,189,reel30__5,1697,N,True
4,213,reel30__5,1697,N,True
4,224,reel34__3,1697,N,True
4,189,reel34__3,1697,N,True
4,189,reel83__4,1697,N,True
4,8,reel21__7,1697,N,True
4,254,reel21__7,1697,N,True
4,8,bot57__5,1697,N,True
4,8,reel75__6,1697,N,True
4,reel13__7,reel75__6,1697,N,True
4,reel12__2,reel18__7,1697,N,True
4,reel6__2,reel18__7,1697,N,True
4,95,reel18__7,1697,N,True
4,52,bot39__1,1697,N,True
4,reel6__2,bot39__1,1697,N,True
4,reel6__2,bot49__1,1697,N,True
4,reel6__2,reel81__5,1697,N,True
4,bot32__8,reel0__6,1697,N,True
4,158,reel0__6,1697,N,True
4,reel13__3,reel2__3,1697,N,True
4,328,reel2__3,1697,N,True
4,45,reel2__3,1697,N,True
4,158,reel2__3,1697,N,True
4,bot56__3,reel20__3,1697,N,True
4,188,reel20__3,1697,N,True
4,reel38__4,reel20__3,1697,N,True
4,158,reel20__3,1697,N,True
4,158,bot36__5,1697,N,True
4,158,reel59__2,1697,N,True
4,158,reel65__4,1697,N,True
4,214,reel65__4,1697,N,True
4,158,bot74__7,1697,N,True
4,203,bot28__3,1697,N,True
4,203,reel60__0,1697,N,True
4,reel29__1,bot82__3,1697,N,True
4,220,bot0__8,1697,N,True
4,308,bot0__8,1697,N,True
4,220,bot21__0,1697,N,True
4,220,reel30__6,1697,N,True
4,220,reel56__9,1697,N,True
4,reel19__4,reel56__9,1697,N,True
4,140,reel56__9,1697,N,True
4,220,bot76__4,1697,N,True
4,36,bot76__4,1697,N,True
4,126,bot3__5,1697,N,True
4,295,bot3__5,1697,N,True
4,153,bot3__5,1697,N,True
4,295,reel8__4,1697,N,True
4,295,reel33__4,1697,N,True
4,295,reel52__8,1697,N,True
4,295,reel66__8,1697,N,True
4,reel60__9,reel66__8,1697,N,True
4,295,bot67__1,1697,N,True
4,bot68__0,reel43__9,1697,N,True
4,bot68__0,bot17__0,1697,N,True
4,251,bot17__0,1697,N,True
4,184,reel29__3,1697,N,True
4,reel9__9,reel29__3,1697,N,True
4,188,reel29__3,1697,N,True
4,184,bot43__9,1697,N,True
4,bot35__6,bot15__9,1697,N,True
4,45,bot15__9,1697,N,True
4,bot35__6,bot46__8,1697,N,True
4,reel57__7,reel7__6,1697,N,True
4,225,reel7__6,1697,N,True
4,225,reel23__4,1697,N,True
4,331,bot12__9,1697,N,True
4,345,bot12__9,1697,N,True
4,331,bot30__8,1697,N,True
4,331,reel59__9,1697,N,True
4,331,reel74__1,1697,N,True
4,202,bot5__1,1697,N,True
4,276,bot5__1,1697,N,True
4,45,bot5__1,1697,N,True
4,276,reel12__1,1697,N,True
4,87,reel12__1,1697,N,True
4,reel0__2,reel12__1,1697,N,True
4,276,bot25__6,1697,N,True
4,17,bot7__3,1697,N,True
4,110,bot7__3,1697,N,True
4,132,bot7__3,1697,N,True
4,reel31__2,reel40__0,1697,N,True
4,132,reel40__0,1697,N,True
4,259,bot51__9,1697,N,True
4,132,bot51__9,1697,N,True
4,262,reel3__6,1697,N,True
4,reel65__0,reel3__6,1697,N,True
4,28,reel3__6,1697,N,True
4,172,reel3__6,1697,N,True
4,172,bot13__1,1697,N,True
4,49,bot15__0,1697,N,True
4,172,bot15__0,1697,N,True
4,110,bot15__0,1697,N,True
4,172,reel82__8,1697,N,True
4,reel3__4,bot4__7,1697,N,True
4,259,bot4__7,1697,N,True
4,174,reel7__8,1697,N,True
4,259,reel7__8,1697,N,True
4,reel13__3,bot16__5,1697,N,True
4,259,bot16__5,1697,N,True
4,259,reel20__9,1697,N,True
4,259,bot25__3,1697,N,True
4,194,bot25__3,1697,N,True
4,259,reel51__3,1697,N,True
4,110,reel51__3,1697,N,True
4,reel31__2,reel66__3,1697,N,True
4,259,reel66__3,1697,N,True
4,259,reel70__5,1697,N,True
4,251,bot9__6,1697,N,True
4,251,reel10__3,1697,N,True
4,251,reel26__8,1697,N,True
4,224,bot45__7,1697,N,True
4,306,bot45__7,1697,N,True
4,251,bot45__7,1697,N,True
4,251,reel55__4,1697,N,True
4,251,bot78__7,1697,N,True
4,reel69__8,bot78__7,1697,N,True
4,reel26__2,reel38__8,1697,N,True
4,reel40__5,reel38__8,1697,N,True
4,reel40__5,reel37__7,1697,N,True
4,76,reel20__0,1697,N,True
4,214,reel20__0,1697,N,True
4,272,bot52__8,1697,N,True
4,214,bot52__8,1697,N,True
4,214,reel74__3,1697,N,True
4,214,reel78__2,1697,N,True
4,reel1__0,reel17__0,1697,N,True
4,reel9__9,reel17__0,1697,N,True
4,reel9__9,reel68__6,1697,N,True
4,54,reel10__1,1697,N,True
4,111,reel10__1,1697,N,True
4,54,reel11__1,1697,N,True
4,117,reel11__1,1697,N,True
4,reel17__5,bot41__5,1697,N,True
4,54,bot41__5,1697,N,True
4,54,reel51__9,1697,N,True
4,54,reel80__6,1697,N,True
4,173,bot10__2,1697,N,True
4,173,bot65__2,1697,N,True
4,173,bot66__6,1697,N,True
4,reel19__4,reel9__2,1697,N,True
4,262,reel9__2,1697,N,True
4,262,bot74__1,1697,N,True
4,262,bot75__9,1697,N,True
4,150,bot1__6,1697,N,True
4,87,reel4__7,1697,N,True
4,150,reel4__7,1697,N,True
4,150,bot7__4,1697,N,True
4,92,bot7__4,1697,N,True
4,reel4__2,bot81__3,1697,N,True
4,150,bot81__3,1697,N,True
4,150,bot82__0,1697,N,True
4,246,bot6__9,1697,N,True
4,bot18__6,bot6__9,1697,N,True
4,233,bot6__9,1697,N,True
4,233,bot14__8,1697,N,True
4,111,reel29__0,1697,N,True
4,233,reel29__0,1697,N,True
4,233,reel48__3,1697,N,True
4,58,reel32__9,1697,N,True
4,reel13__3,reel32__9,1697,N,True
4,reel13__3,reel56__8,1697,N,True
4,reel82__9,reel56__8,1697,N,True
4,reel13__3,bot78__4,1697,N,True
4,313,bot1__7,1697,N,True
4,73,bot1__7,1697,N,True
4,reel50__2,reel53__8,1697,N,True
4,reel50__2,reel61__1,1697,N,True
4,reel50__2,bot77__2,1697,N,True
4,reel50__2,bot83__8,1697,N,True
4,283,bot6__8,1697,N,True
4,36,bot6__8,1697,N,True
4,293,reel17__2,1697,N,True
4,36,reel17__2,1697,N,True
4,36,reel30__4,1697,N,True
4,52,bot60__8,1697,N,True
4,36,bot60__8,1697,N,True
4,36,reel76__7,1697,N,True
4,87,reel5__9,1697,N,True
4,30,reel5__9,1697,N,True
4,30,reel26__5,1697,N,True
4,47,reel6__4,1697,N,True
4,47,reel29__5,1697,N,True
4,47,reel31__3,1697,N,True
4,141,reel31__3,1697,N,True
4,47,reel33__1,1697,N,True
4,177,reel33__1,1697,N,True
4,47,bot55__2,1697,N,True
4,47,reel55__2,1697,N,True
4,reel4__0,bot11__8,1697,N,True
4,80,bot11__8,1697,N,True
4,reel4__0,reel15__7,1697,N,True
4,140,reel15__7,1697,N,True
4,reel4__0,reel23__8,1697,N,True
4,reel4__0,reel35__7,1697,N,True
4,92,reel35__7,1697,N,True
4,bot0__0,bot8__6,1697,N,True
4,323,bot8__6,1697,N,True
4,126,bot1__2,1697,N,True
4,73,bot1__2,1697,N,True
4,126,bot21__8,1697,N,True
4,194,bot21__8,1697,N,True
4,126,bot21__9,1697,N,True
4,157,bot21__9,1697,N,True
4,126,bot55__5,1697,N,True
4,reel28__6,reel62__7,1697,N,True
4,154,reel62__7,1697,N,True
4,reel2__6,reel41__6,1697,N,True
4,reel19__4,reel41__6,1697,N,True
4,reel2__6,bot67__5,1697,N,True
4,283,bot67__5,1697,N,True
4,137,reel49__4,1697,N,True
4,137,reel62__8,1697,N,True
4,reel57__7,reel62__8,1697,N,True
4,274,bot6__6,1697,N,True
4,63,bot6__6,1697,N,True
4,75,bot6__6,1697,N,True
4,274,bot17__1,1697,N,True
4,72,reel41__5,1697,N,True
4,72,bot63__6,1697,N,True
4,278,bot63__6,1697,N,True
4,72,reel71__0,1697,N,True
4,146,reel71__0,1697,N,True
4,reel31__2,bot33__5,1697,N,True
4,285,reel53__9,1697,N,True
4,191,bot61__9,1697,N,True
4,62,bot61__9,1697,N,True
4,285,bot61__9,1697,N,True
4,285,reel75__8,1697,N,True
4,285,bot81__7,1697,N,True
4,328,bot1__5,1697,N,True
4,237,bot1__5,1697,N,True
4,272,bot1__5,1697,N,True
4,237,bot15__6,1697,N,True
4,345,bot15__6,1697,N,True
4,237,bot50__2,1697,N,True
4,237,bot52__5,1697,N,True
4,237,reel70__6,1697,N,True
4,208,reel32__7,1697,N,True
4,272,reel21__5,1697,N,True
4,92,reel21__5,1697,N,True
4,272,reel63__3,1697,N,True
4,224,bot16__6,1697,N,True
4,59,bot16__6,1697,N,True
4,224,reel39__5,1697,N,True
4,224,reel41__9,1697,N,True
4,224,reel46__6,1697,N,True
4,reel22__0,reel36__0,1697,N,True
4,bot23__0,reel22__1,1697,N,True
4,70,reel22__1,1697,N,True
4,bot34__4,bot26__4,1697,N,True
4,bot23__0,bot26__4,1697,N,True
4,bot23__0,bot57__7,1697,N,True
4,69,bot59__7,1697,N,True
4,bot23__0,bot59__7,1697,N,True
4,347,bot53__7,1697,N,True
4,reel48__0,bot53__7,1697,N,True
4,reel48__0,reel55__7,1697,N,True
4,70,reel55__7,1697,N,True
4,bot18__0,bot16__7,1697,N,True
4,293,bot16__7,1697,N,True
4,7,reel1__8,1697,N,True
4,reel57__7,reel1__8,1697,N,True
4,3,reel1__8,1697,N,True
4,reel57__7,reel78__0,1697,N,True
4,146,reel78__0,1697,N,True
4,58,bot60__9,1697,N,True
4,101,bot60__9,1697,N,True
4,bot42__1,bot22__1,1697,N,True
4,110,bot22__1,1697,N,True
4,110,reel31__0,1697,N,True
4,75,reel31__0,1697,N,True
4,110,bot40__6,1697,N,True
4,bot42__1,bot44__3,1697,N,True
4,110,bot44__3,1697,N,True
4,306,bot64__7,1697,N,True
4,110,bot64__7,1697,N,True
4,161,reel22__4,1697,N,True
4,188,reel22__4,1697,N,True
4,161,bot33__6,1697,N,True
4,161,bot39__0,1697,N,True
4,161,reel52__0,1697,N,True
4,306,reel29__9,1697,N,True
4,reel60__6,reel29__9,1697,N,True
4,reel12__4,reel29__9,1697,N,True
4,reel26__2,reel19__6,1697,N,True
4,reel37__9,reel19__6,1697,N,True
4,58,reel44__2,1697,N,True
4,reel37__9,reel44__2,1697,N,True
4,reel37__9,reel50__0,1697,N,True
4,reel0__2,bot78__9,1697,N,True
4,reel37__9,bot78__9,1697,N,True
4,reel37__9,reel82__0,1697,N,True
4,157,bot32__3,1697,N,True
4,157,reel35__1,1697,N,True
4,157,bot58__1,1697,N,True
4,157,reel72__0,1697,N,True
4,90,bot25__2,1697,N,True
4,90,reel26__1,1697,N,True
4,reel9__1,bot28__5,1697,N,True
4,62,reel32__0,1697,N,True
4,reel75__9,reel32__0,1697,N,True
4,reel9__1,reel32__0,1697,N,True
4,reel9__1,reel34__7,1697,N,True
4,reel9__1,reel57__1,1697,N,True
4,256,reel57__1,1697,N,True
4,reel9__1,reel83__3,1697,N,True
4,204,reel10__9,1697,N,True
4,reel83__2,reel10__9,1697,N,True
4,bot37__2,bot65__7,1697,N,True
4,reel19__4,bot65__7,1697,N,True
4,bot4__3,bot75__7,1697,N,True
4,174,reel6__3,1697,N,True
4,51,reel6__3,1697,N,True
4,170,bot45__5,1697,N,True
4,51,bot45__5,1697,N,True
4,51,bot46__2,1697,N,True
4,319,bot3__9,1697,N,True
4,283,reel14__5,1697,N,True
4,283,reel51__5,1697,N,True
4,283,bot53__8,1697,N,True
4,reel63__5,reel41__0,1697,N,True
4,reel63__5,bot64__0,1697,N,True
4,reel67__5,reel69__9,1697,N,True
4,reel60__9,reel69__9,1697,N,True
4,230,reel69__9,1697,N,True
4,230,reel12__0,1697,N,True
4,241,bot13__0,1697,N,True
4,241,reel59__0,1697,N,True
4,241,reel67__4,1697,N,True
4,241,reel71__5,1697,N,True
4,241,reel80__8,1697,N,True
4,reel26__2,reel80__5,1697,N,True
4,reel82__9,reel80__5,1697,N,True
4,311,bot18__1,1697,N,True
4,258,bot18__1,1697,N,True
4,258,reel41__3,1697,N,True
4,32,reel41__3,1697,N,True
4,258,reel51__4,1697,N,True
4,258,reel71__1,1697,N,True
4,bot57__3,bot70__9,1697,N,True
4,174,bot1__0,1697,N,True
4,bot5__6,bot1__0,1697,N,True
4,105,bot1__0,1697,N,True
4,174,reel8__1,1697,N,True
4,17,reel8__1,1697,N,True
4,247,reel8__1,1697,N,True
4,174,reel52__3,1697,N,True
4,62,reel52__3,1697,N,True
4,129,reel52__3,1697,N,True
4,174,bot63__1,1697,N,True
4,191,bot28__4,1697,N,True
4,153,bot41__1,1697,N,True
4,153,bot71__6,1697,N,True
4,bot8__1,bot2__0,1697,N,True
4,188,bot2__0,1697,N,True
4,269,bot2__5,1697,N,True
4,188,bot2__5,1697,N,True
4,282,bot2__5,1697,N,True
4,188,bot3__1,1697,N,True
4,70,bot3__1,1697,N,True
4,188,bot7__0,1697,N,True
4,188,bot29__6,1697,N,True
4,188,reel70__9,1697,N,True
4,300,bot15__5,1697,N,True
4,bot42__5,bot26__3,1697,N,True
4,115,bot26__3,1697,N,True
4,92,reel22__3,1697,N,True
4,255,reel22__3,1697,N,True
4,reel17__5,reel13__8,1697,N,True
4,28,reel13__8,1697,N,True
4,147,reel32__2,1697,N,True
4,28,reel32__2,1697,N,True
4,166,reel32__2,1697,N,True
4,28,bot33__3,1697,N,True
4,reel4__6,reel11__0,1697,N,True
4,143,reel11__0,1697,N,True
4,reel4__6,reel11__8,1697,N,True
4,reel4__6,reel21__6,1697,N,True
4,133,reel21__6,1697,N,True
4,reel4__6,bot31__4,1697,N,True
4,reel4__6,reel45__6,1697,N,True
4,254,reel45__6,1697,N,True
4,254,bot18__7,1697,N,True
4,254,bot60__5,1697,N,True
4,323,reel9__7,1697,N,True
4,323,reel54__1,1697,N,True
4,bot11__2,bot29__0,1697,N,True
4,reel20__1,bot50__3,1697,N,True
4,bot11__2,bot50__3,1697,N,True
4,187,reel26__6,1697,N,True
4,187,reel42__4,1697,N,True
4,282,reel42__4,1697,N,True
4,187,bot45__9,1697,N,True
4,343,bot13__9,1697,N,True
4,111,bot13__9,1697,N,True
4,147,bot13__9,1697,N,True
4,343,bot48__3,1697,N,True
4,88,bot48__3,1697,N,True
4,134,reel15__2,1697,N,True
4,bot54__6,reel15__2,1697,N,True
4,308,reel15__2,1697,N,True
4,76,bot14__1,1697,N,True
4,bot54__6,bot14__1,1697,N,True
4,bot44__6,bot24__0,1697,N,True
4,328,bot24__0,1697,N,True
4,76,reel60__7,1697,N,True
4,328,reel60__7,1697,N,True
4,reel19__4,bot22__5,1697,N,True
4,32,reel58__5,1697,N,True
4,reel19__4,reel58__5,1697,N,True
4,reel19__4,reel75__4,1697,N,True
4,70,bot80__2,1697,N,True
4,177,bot5__8,1697,N,True
4,177,reel47__0,1697,N,True
4,177,reel80__2,1697,N,True
4,bot0__2,bot18__8,1697,N,True
4,80,bot25__9,1697,N,True
4,80,reel39__3,1697,N,True
4,reel13__7,reel39__3,1697,N,True
4,168,reel39__3,1697,N,True
4,45,reel9__5,1697,N,True
4,311,bot13__6,1697,N,True
4,45,bot13__6,1697,N,True
4,45,reel24__2,1697,N,True
4,45,bot71__5,1697,N,True
4,45,reel77__6,1697,N,True
4,reel3__4,reel51__2,1697,N,True
4,reel36__7,reel51__2,1697,N,True
4,bot66__2,bot50__8,1697,N,True
4,120,reel21__3,1697,N,True
4,73,reel21__3,1697,N,True
4,17,bot65__0,1697,N,True
4,73,bot65__0,1697,N,True
4,108,bot10__6,1697,N,True
4,3,bot10__6,1697,N,True
4,108,bot43__6,1697,N,True
4,108,reel44__6,1697,N,True
4,92,reel44__6,1697,N,True
4,32,reel0__9,1697,N,True
4,102,reel0__9,1697,N,True
4,75,reel0__9,1697,N,True
4,170,bot78__0,1697,N,True
4,bot59__3,bot78__0,1697,N,True
4,166,bot20__8,1697,N,True
4,166,reel61__2,1697,N,True
4,17,reel61__9,1697,N,True
4,166,reel61__9,1697,N,True
4,147,reel36__9,1697,N,True
4,reel3__9,reel55__9,1697,N,True
4,147,reel55__9,1697,N,True
4,147,reel73__0,1697,N,True
4,333,bot46__7,1697,N,True
4,333,bot47__2,1697,N,True
4,134,bot26__6,1697,N,True
4,317,bot26__6,1697,N,True
4,134,bot47__8,1697,N,True
4,297,reel3__5,1697,N,True
4,297,bot28__0,1697,N,True
4,297,bot51__7,1697,N,True
4,297,bot71__7,1697,N,True
4,297,reel71__9,1697,N,True
4,297,reel79__5,1697,N,True
4,347,reel9__0,1697,N,True
4,347,bot61__2,1697,N,True
4,247,bot83__0,1697,N,True
4,347,bot83__0,1697,N,True
4,reel33__5,reel14__7,1697,N,True
4,reel13__7,reel14__7,1697,N,True
4,75,reel14__7,1697,N,True
4,62,bot27__2,1697,N,True
4,reel13__7,bot27__2,1697,N,True
4,213,bot2__2,1697,N,True
4,213,bot8__2,1697,N,True
4,213,reel37__5,1697,N,True
4,213,bot80__4,1697,N,True
4,reel21__0,bot37__3,1697,N,True
4,317,bot37__3,1697,N,True
4,279,bot37__3,1697,N,True
4,reel21__0,reel74__2,1697,N,True
4,reel21__0,reel76__2,1697,N,True
4,62,reel13__6,1697,N,True
4,62,reel17__8,1697,N,True
4,155,reel17__8,1697,N,True
4,62,bot32__1,1697,N,True
4,62,bot40__5,1697,N,True
4,bot6__4,bot40__5,1697,N,True
4,62,reel41__8,1697,N,True
4,62,bot63__8,1697,N,True
4,105,reel24__1,1697,N,True
4,reel38__7,reel46__5,1697,N,True
4,105,reel46__5,1697,N,True
4,105,bot47__4,1697,N,True
4,105,bot61__5,1697,N,True
4,reel4__2,reel82__6,1697,N,True
4,160,reel26__4,1697,N,True
4,160,bot33__9,1697,N,True
4,226,reel11__7,1697,N,True
4,111,reel11__7,1697,N,True
4,226,bot71__3,1697,N,True
4,279,bot71__3,1697,N,True
4,226,reel72__2,1697,N,True
4,bot8__1,bot39__6,1697,N,True
4,69,bot75__1,1697,N,True
4,bot8__1,bot75__1,1697,N,True
4,286,reel46__4,1697,N,True
4,69,bot11__9,1697,N,True
4,124,bot11__9,1697,N,True
4,69,reel64__2,1697,N,True
4,reel24__0,reel64__2,1697,N,True
4,reel0__2,reel68__5,1697,N,True
4,140,bot62__4,1697,N,True
4,269,bot49__3,1697,N,True
4,52,bot3__3,1697,N,True
4,52,bot14__3,1697,N,True
4,111,bot14__3,1697,N,True
4,52,bot53__4,1697,N,True
4,246,reel30__3,1697,N,True
4,reel33__5,bot49__5,1697,N,True
4,reel58__9,reel62__2,1697,N,True
4,reel58__9,bot80__0,1697,N,True
4,211,bot8__5,1697,N,True
4,144,reel52__6,1697,N,True
4,211,reel52__6,1697,N,True
4,76,reel60__3,1697,N,True
4,168,bot73__4,1697,N,True
4,266,bot20__5,1697,N,True
4,266,reel28__2,1697,N,True
4,bot17__2,bot13__8,1697,N,True
4,bot2__7,bot13__8,1697,N,True
4,bot2__7,bot44__9,1697,N,True
4,bot2__7,bot59__1,1697,N,True
4,306,reel27__8,1697,N,True
4,306,reel52__9,1697,N,True
4,306,reel66__0,1697,N,True
4,293,bot19__9,1697,N,True
4,293,bot83__9,1697,N,True
4,247,reel38__0,1697,N,True
4,reel12__4,reel38__0,1697,N,True
4,reel12__4,bot46__6,1697,N,True
4,reel12__4,reel67__8,1697,N,True
4,59,reel4__1,1697,N,True
4,59,bot24__2,1697,N,True
4,59,bot28__2,1697,N,True
4,141,reel0__5,1697,N,True
4,bot77__0,bot21__7,1697,N,True
4,341,bot21__7,1697,N,True
4,141,bot21__7,1697,N,True
4,141,bot31__2,1697,N,True
4,141,reel39__2,1697,N,True
4,141,reel48__4,1697,N,True
4,65,reel18__9,1697,N,True
4,77,reel17__1,1697,N,True
4,238,reel25__2,1697,N,True
4,238,bot55__4,1697,N,True
4,238,reel65__9,1697,N,True
4,238,reel74__5,1697,N,True
4,92,reel41__1,1697,N,True
4,341,bot42__2,1697,N,True
4,341,bot48__2,1697,N,True
4,341,reel59__4,1697,N,True
4,341,bot76__2,1697,N,True
4,63,bot2__3,1697,N,True
4,63,bot15__3,1697,N,True
4,63,bot65__9,1697,N,True
4,63,reel73__7,1697,N,True
4,reel22__2,bot43__5,1697,N,True
4,reel22__2,reel43__5,1697,N,True
4,reel22__2,bot49__7,1697,N,True
4,reel16__4,bot49__7,1697,N,True
4,reel22__2,bot76__9,1697,N,True
4,58,reel26__7,1697,N,True
4,58,bot70__1,1697,N,True
4,58,reel77__4,1697,N,True
4,308,reel15__3,1697,N,True
4,308,reel18__5,1697,N,True
4,308,bot26__0,1697,N,True
4,308,reel60__5,1697,N,True
4,195,reel60__5,1697,N,True
4,308,reel64__5,1697,N,True
4,49,reel52__1,1697,N,True
4,49,bot79__3,1697,N,True
4,282,bot48__9,1697,N,True
4,282,reel77__7,1697,N,True
4,282,bot79__0,1697,N,True
4,207,bot11__4,1697,N,True
4,bot16__8,bot11__4,1697,N,True
4,bot16__8,bot21__5,1697,N,True
4,195,reel24__4,1697,N,True
4,117,reel24__4,1697,N,True
4,117,bot29__9,1697,N,True
4,279,bot17__9,1697,N,True
4,3,bot17__9,1697,N,True
4,156,reel20__6,1697,N,True
4,3,reel20__6,1697,N,True
4,3,bot54__9,1697,N,True
4,311,bot29__8,1697,N,True
4,256,bot29__8,1697,N,True
4,256,reel49__9,1697,N,True
4,279,bot17__7,1697,N,True
4,bot17__2,bot37__7,1697,N,True
4,279,bot37__7,1697,N,True
4,reel67__5,reel50__4,1697,N,True
4,bot36__4,bot33__1,1697,N,True
4,bot36__4,bot45__3,1697,N,True
4,bot55__3,bot45__3,1697,N,True
4,bot36__4,bot59__5,1697,N,True
4,bot70__4,bot75__0,1697,N,True
4,133,bot20__3,1697,N,True
4,133,bot73__5,1697,N,True
4,reel16__4,reel57__0,1697,N,True
4,143,bot52__0,1697,N,True
4,143,reel57__6,1697,N,True
4,17,bot57__9,1697,N,True
4,163,bot67__9,1697,N,True
4,163,reel74__6,1697,N,True
4,163,reel81__1,1697,N,True
4,170,reel55__6,1697,N,True
4,7,bot23__1,1697,N,True
4,7,bot51__4,1697,N,True
4,7,reel64__4,1697,N,True
4,144,reel64__4,1697,N,True
4,7,bot80__9,1697,N,True
4,7,reel83__0,1697,N,True
4,88,bot7__9,1697,N,True
4,88,bot14__4,1697,N,True
4,88,bot50__4,1697,N,True
4,88,reel69__3,1697,N,True
4,88,reel75__7,1697,N,True
4,reel25__4,reel68__1,1697,N,True
4,reel25__4,reel73__5,1697,N,True
4,reel1__3,bot54__0,1697,N,True
4,156,bot70__0,1697,N,True
4,reel26__2,bot27__7,1697,N,True
4,reel26__2,reel32__4,1697,N,True
4,reel26__2,bot65__3,1697,N,True
4,reel26__2,bot65__6,1697,N,True
4,bot68__7,reel50__6,1697,N,True
4,111,reel1__7,1697,N,True
4,111,reel49__7,1697,N,True
4,reel3__4,reel63__1,1697,N,True
4,reel3__4,reel78__5,1697,N,True
4,120,bot40__7,1697,N,True
4,84,bot63__7,1697,N,True
4,84,reel67__3,1697,N,True
4,116,bot5__3,1697,N,True
4,116,bot35__3,1697,N,True
4,116,bot40__2,1697,N,True
4,116,reel58__1,1697,N,True
4,116,reel71__7,1697,N,True
4,207,reel69__7,1697,N,True
4,317,bot82__9,1697,N,True
4,reel19__2,reel72__4,1697,N,True
4,reel19__2,reel74__0,1697,N,True
4,reel19__2,bot79__8,1697,N,True
4,reel25__3,reel27__7,1697,N,True
4,reel25__3,bot34__3,1697,N,True
4,reel25__3,reel34__2,1697,N,True
4,reel25__3,reel69__4,1697,N,True
4,reel25__3,bot71__9,1697,N,True
4,311,reel62__1,1697,N,True
4,247,bot23__4,1697,N,True
4,reel23__6,bot33__4,1697,N,True
4,reel23__6,reel53__2,1697,N,True
4,reel23__6,reel54__2,1697,N,True
4,reel23__6,reel67__9,1697,N,True
4,reel38__7,reel34__4,1697,N,True
4,reel38__7,bot79__9,1697,N,True
4,336,reel0__8,1698,N,True
4,108,reel0__8,1698,N,True
4,135,reel0__8,1698,N,True
4,129,reel43__7,1698,N,True
4,reel6__3,reel43__7,1698,N,True
4,135,reel43__7,1698,N,True
4,202,reel66__9,1698,N,True
4,reel50__5,reel66__9,1698,N,True
4,135,reel66__9,1698,N,True
4,135,reel70__8,1698,N,True
4,bot8__8,bot80__8,1698,N,True
4,24,bot80__8,1698,N,True
4,reel4__8,reel9__0,1698,N,True
4,347,reel9__0,1698,N,True
4,reel4__8,reel30__7,1698,N,True
4,195,reel30__7,1698,N,True
4,3,reel30__7,1698,N,True
4,138,reel51__6,1698,N,True
4,314,reel51__6,1698,N,True
4,reel22__5,reel62__6,1698,N,True
4,314,reel62__6,1698,N,True
4,reel2__1,reel62__6,1698,N,True
4,9,reel5__6,1698,N,True
4,192,reel5__6,1698,N,True
4,298,reel17__3,1698,N,True
4,192,reel17__3,1698,N,True
4,59,reel33__0,1698,N,True
4,192,reel33__0,1698,N,True
4,198,reel40__9,1698,N,True
4,192,reel40__9,1698,N,True
4,175,reel1__9,1698,N,True
4,bot2__8,reel1__9,1698,N,True
4,85,reel1__9,1698,N,True
4,bot13__3,reel3__7,1698,N,True
4,265,reel3__7,1698,N,True
4,166,reel3__7,1698,N,True
4,85,reel3__7,1698,N,True
4,275,reel7__2,1698,N,True
4,85,reel7__2,1698,N,True
4,85,reel39__8,1698,N,True
4,85,reel56__4,1698,N,True
4,98,reel56__4,1698,N,True
4,85,reel56__5,1698,N,True
4,bot39__2,reel37__7,1698,N,True
4,303,reel37__7,1698,N,True
4,bot54__7,reel37__7,1698,N,True
4,8,reel1__5,1698,N,True
4,81,reel1__5,1698,N,True
4,bot13__3,reel1__5,1698,N,True
4,285,reel1__5,1698,N,True
4,309,bot4__1,1698,N,True
4,86,bot4__1,1698,N,True
4,301,bot4__1,1698,N,True
4,247,bot4__2,1698,N,True
4,309,bot4__2,1698,N,True
4,162,bot4__2,1698,N,True
4,175,reel18__2,1698,N,True
4,309,reel18__2,1698,N,True
4,309,bot19__5,1698,N,True
4,245,bot19__5,1698,N,True
4,309,bot22__7,1698,N,True
4,286,bot22__7,1698,N,True
4,309,bot73__1,1698,N,True
4,230,reel1__1,1698,N,True
4,88,reel1__1,1698,N,True
4,86,reel1__1,1698,N,True
4,134,reel5__3,1698,N,True
4,258,reel5__3,1698,N,True
4,86,reel5__3,1698,N,True
4,reel22__5,bot23__6,1698,N,True
4,86,bot23__6,1698,N,True
4,133,bot27__1,1698,N,True
4,86,bot27__1,1698,N,True
4,86,reel30__1,1698,N,True
4,119,reel24__9,1698,N,True
4,bot80__4,reel24__9,1698,N,True
4,278,reel24__9,1698,N,True
4,bot80__4,reel7__3,1698,N,True
4,290,reel7__3,1698,N,True
4,187,bot6__1,1698,N,True
4,133,bot6__1,1698,N,True
4,bot8__2,bot6__1,1698,N,True
4,100,bot6__1,1698,N,True
4,204,reel13__1,1698,N,True
4,reel39__9,reel13__1,1698,N,True
4,71,reel13__1,1698,N,True
4,100,reel13__1,1698,N,True
4,100,bot31__7,1698,N,True
4,238,bot31__7,1698,N,True
4,33,reel77__0,1698,N,True
4,100,reel77__0,1698,N,True
4,bot39__2,bot12__1,1698,N,True
4,bot20__6,bot12__1,1698,N,True
4,104,bot12__1,1698,N,True
4,65,bot27__9,1698,N,True
4,bot20__6,bot27__9,1698,N,True
4,bot20__6,bot49__6,1698,N,True
4,reel29__5,bot49__6,1698,N,True
4,bot20__6,bot72__0,1698,N,True
4,96,bot72__0,1698,N,True
4,321,bot0__5,1698,N,True
4,123,bot0__5,1698,N,True
4,bot2__2,bot0__5,1698,N,True
4,232,bot0__5,1698,N,True
4,261,bot10__9,1698,N,True
4,232,bot10__9,1698,N,True
4,2,reel10__7,1698,N,True
4,232,reel10__7,1698,N,True
4,30,reel26__5,1698,N,True
4,232,reel26__5,1698,N,True
4,232,reel38__6,1698,N,True
4,263,bot43__0,1698,N,True
4,232,bot43__0,1698,N,True
4,190,bot53__5,1698,N,True
4,232,bot53__5,1698,N,True
4,reel29__5,bot81__0,1698,N,True
4,232,bot81__0,1698,N,True
4,27,bot6__3,1698,N,True
4,bot75__3,bot6__3,1698,N,True
4,148,bot6__3,1698,N,True
4,27,reel10__5,1698,N,True
4,27,reel21__0,1698,N,True
4,102,reel21__0,1698,N,True
4,5,reel21__0,1698,N,True
4,27,bot29__3,1698,N,True
4,reel9__9,bot29__3,1698,N,True
4,27,bot31__3,1698,N,True
4,89,bot31__3,1698,N,True
4,27,bot36__2,1698,N,True
4,27,reel38__3,1698,N,True
4,reel0__3,reel71__6,1698,N,True
4,27,reel71__6,1698,N,True
4,266,bot4__6,1698,N,True
4,bot3__0,bot4__6,1698,N,True
4,bot2__7,bot4__6,1698,N,True
4,reel9__4,bot14__9,1698,N,True
4,bot3__0,bot14__9,1698,N,True
4,76,bot38__2,1698,N,True
4,200,bot38__2,1698,N,True
4,bot3__0,bot38__2,1698,N,True
4,257,reel25__7,1698,N,True
4,reel30__3,reel25__7,1698,N,True
4,1,reel25__7,1698,N,True
4,1,bot26__2,1698,N,True
4,1,reel46__2,1698,N,True
4,1,bot52__7,1698,N,True
4,50,reel17__6,1698,N,True
4,118,reel17__6,1698,N,True
4,118,bot34__7,1698,N,True
4,267,bot34__7,1698,N,True
4,118,reel67__1,1698,N,True
4,259,bot4__7,1698,N,True
4,68,bot4__7,1698,N,True
4,68,reel4__7,1698,N,True
4,106,bot10__7,1698,N,True
4,68,bot10__7,1698,N,True
4,51,bot10__7,1698,N,True
4,226,reel10__4,1698,N,True
4,bot21__1,reel10__4,1698,N,True
4,68,reel10__4,1698,N,True
4,reel29__1,reel27__9,1698,N,True
4,328,reel27__9,1698,N,True
4,68,reel27__9,1698,N,True
4,68,reel63__4,1698,N,True
4,68,bot69__0,1698,N,True
4,250,bot69__0,1698,N,True
4,68,bot79__4,1698,N,True
4,171,reel0__4,1698,N,True
4,336,reel0__4,1698,N,True
4,151,reel0__4,1698,N,True
4,151,reel81__2,1698,N,True
4,265,bot18__5,1698,N,True
4,bot15__0,bot18__5,1698,N,True
4,123,reel16__7,1698,N,True
4,reel12__7,reel16__7,1698,N,True
4,reel12__7,bot37__0,1698,N,True
4,bot8__2,bot37__0,1698,N,True
4,219,bot8__0,1698,N,True
4,131,bot8__0,1698,N,True
4,80,bot16__9,1698,N,True
4,131,bot16__9,1698,N,True
4,131,reel16__8,1698,N,True
4,131,bot42__9,1698,N,True
4,2,reel53__0,1698,N,True
4,51,reel53__0,1698,N,True
4,131,reel53__0,1698,N,True
4,50,reel57__8,1698,N,True
4,290,reel57__8,1698,N,True
4,131,reel57__8,1698,N,True
4,reel81__8,reel82__2,1698,N,True
4,131,reel82__2,1698,N,True
4,174,reel7__8,1698,N,True
4,259,reel7__8,1698,N,True
4,reel60__0,reel7__8,1698,N,True
4,169,reel8__8,1698,N,True
4,216,reel8__8,1698,N,True
4,169,reel48__9,1698,N,True
4,169,bot76__3,1698,N,True
4,reel82__8,reel26__9,1698,N,True
4,bot39__0,reel26__9,1698,N,True
4,138,reel26__9,1698,N,True
4,138,reel37__0,1698,N,True
4,174,bot78__5,1698,N,True
4,138,bot78__5,1698,N,True
4,200,bot8__5,1698,N,True
4,211,bot8__5,1698,N,True
4,162,bot8__5,1698,N,True
4,200,reel18__6,1698,N,True
4,71,reel18__6,1698,N,True
4,reel20__5,reel25__3,1698,N,True
4,200,reel25__3,1698,N,True
4,106,reel25__3,1698,N,True
4,191,bot28__4,1698,N,True
4,200,bot28__4,1698,N,True
4,reel64__0,reel55__6,1698,N,True
4,200,reel55__6,1698,N,True
4,89,reel55__6,1698,N,True
4,200,bot58__6,1698,N,True
4,reel7__5,bot58__6,1698,N,True
4,bot44__0,bot58__6,1698,N,True
4,200,reel75__2,1698,N,True
4,20,reel1__2,1698,N,True
4,265,reel1__2,1698,N,True
4,111,reel6__2,1698,N,True
4,265,reel6__2,1698,N,True
4,5,reel6__2,1698,N,True
4,80,reel22__8,1698,N,True
4,265,reel22__8,1698,N,True
4,265,bot43__1,1698,N,True
4,bot67__7,bot43__1,1698,N,True
4,298,bot43__1,1698,N,True
4,reel29__1,reel58__7,1698,N,True
4,265,reel58__7,1698,N,True
4,305,reel9__3,1698,N,True
4,197,reel9__3,1698,N,True
4,2,reel9__3,1698,N,True
4,305,reel23__2,1698,N,True
4,305,reel55__8,1698,N,True
4,bot69__3,reel12__5,1698,N,True
4,219,reel12__5,1698,N,True
4,4,reel12__5,1698,N,True
4,171,reel35__3,1698,N,True
4,reel37__5,reel35__3,1698,N,True
4,302,reel42__3,1698,N,True
4,reel37__5,reel42__3,1698,N,True
4,reel37__5,bot59__5,1698,N,True
4,reel0__3,bot7__6,1698,N,True
4,82,bot7__6,1698,N,True
4,110,bot7__6,1698,N,True
4,reel0__3,bot10__4,1698,N,True
4,108,bot10__6,1698,N,True
4,reel0__3,bot10__6,1698,N,True
4,3,bot10__6,1698,N,True
4,reel0__3,bot14__1,1698,N,True
4,76,bot14__1,1698,N,True
4,reel0__3,reel19__4,1698,N,True
4,reel0__3,reel48__7,1698,N,True
4,reel0__3,bot53__0,1698,N,True
4,reel0__3,bot73__5,1698,N,True
4,133,bot73__5,1698,N,True
4,reel0__3,reel78__2,1698,N,True
4,214,reel78__2,1698,N,True
4,89,bot13__2,1698,N,True
4,202,reel15__8,1698,N,True
4,89,reel15__8,1698,N,True
4,89,reel16__1,1698,N,True
4,345,reel16__1,1698,N,True
4,89,reel22__9,1698,N,True
4,177,reel80__2,1698,N,True
4,89,reel80__2,1698,N,True
4,186,reel4__2,1698,N,True
4,284,reel4__2,1698,N,True
4,134,reel80__7,1698,N,True
4,284,reel80__7,1698,N,True
4,128,reel4__6,1698,N,True
4,212,reel4__6,1698,N,True
4,46,reel4__6,1698,N,True
4,157,reel28__1,1698,N,True
4,46,reel28__1,1698,N,True
4,8,bot37__2,1698,N,True
4,46,bot37__2,1698,N,True
4,343,bot37__2,1698,N,True
4,46,bot47__3,1698,N,True
4,140,bot47__3,1698,N,True
4,46,bot53__2,1698,N,True
4,39,reel54__3,1698,N,True
4,46,reel54__3,1698,N,True
4,reel79__5,reel39__1,1698,N,True
4,61,bot24__5,1698,N,True
4,61,reel33__3,1698,N,True
4,345,reel33__3,1698,N,True
4,61,bot41__7,1698,N,True
4,61,bot66__9,1698,N,True
4,175,reel11__5,1698,N,True
4,180,reel11__5,1698,N,True
4,175,reel38__4,1698,N,True
4,175,reel59__0,1698,N,True
4,248,bot29__5,1698,N,True
4,248,bot39__4,1698,N,True
4,132,bot39__4,1698,N,True
4,328,reel39__0,1698,N,True
4,248,reel39__0,1698,N,True
4,248,reel48__8,1698,N,True
4,201,reel0__7,1698,N,True
4,119,reel0__7,1698,N,True
4,71,reel0__7,1698,N,True
4,bot2__7,reel0__7,1698,N,True
4,204,bot6__0,1698,N,True
4,328,bot6__0,1698,N,True
4,71,bot6__0,1698,N,True
4,71,bot8__4,1698,N,True
4,71,bot11__2,1698,N,True
4,71,bot11__5,1698,N,True
4,reel2__1,bot11__5,1698,N,True
4,121,reel15__9,1698,N,True
4,71,reel15__9,1698,N,True
4,71,bot24__4,1698,N,True
4,reel12__0,bot24__4,1698,N,True
4,bot29__7,bot24__4,1698,N,True
4,278,bot24__4,1698,N,True
4,71,reel27__3,1698,N,True
4,reel50__5,reel81__7,1698,N,True
4,reel50__5,bot84__5,1698,N,True
4,bot13__1,bot34__9,1698,N,True
4,reel9__9,bot34__9,1698,N,True
4,bot13__1,bot64__9,1698,N,True
4,reel7__5,bot18__9,1698,N,True
4,283,bot18__9,1698,N,True
4,reel7__5,bot59__9,1698,N,True
4,13,bot5__7,1698,N,True
4,222,bot5__7,1698,N,True
4,318,reel37__3,1698,N,True
4,222,reel37__3,1698,N,True
4,234,bot70__3,1698,N,True
4,121,reel50__2,1698,N,True
4,reel53__8,reel50__2,1698,N,True
4,reel53__8,reel56__2,1698,N,True
4,180,reel64__8,1698,N,True
4,290,reel64__8,1698,N,True
4,201,bot81__2,1698,N,True
4,290,bot81__2,1698,N,True
4,119,reel83__9,1698,N,True
4,290,reel83__9,1698,N,True
4,306,reel21__4,1698,N,True
4,344,reel21__4,1698,N,True
4,36,bot3__4,1698,N,True
4,218,bot3__4,1698,N,True
4,218,bot11__3,1698,N,True
4,167,bot13__8,1698,N,True
4,bot2__7,bot13__8,1698,N,True
4,218,bot13__8,1698,N,True
4,reel26__3,reel24__1,1698,N,True
4,218,reel24__1,1698,N,True
4,218,reel55__3,1698,N,True
4,218,bot56__7,1698,N,True
4,218,bot62__2,1698,N,True
4,reel28__8,reel50__7,1698,N,True
4,332,reel50__7,1698,N,True
4,65,reel62__0,1698,N,True
4,reel28__8,reel62__0,1698,N,True
4,reel28__8,reel82__1,1698,N,True
4,91,reel6__1,1698,N,True
4,129,reel6__1,1698,N,True
4,reel57__5,reel6__1,1698,N,True
4,8,reel4__5,1698,N,True
4,62,reel4__5,1698,N,True
4,bot18__4,reel4__5,1698,N,True
4,bot18__4,bot27__7,1698,N,True
4,180,reel18__1,1698,N,True
4,bot67__7,reel18__1,1698,N,True
4,6,reel18__1,1698,N,True
4,180,bot50__9,1698,N,True
4,44,bot3__7,1698,N,True
4,330,bot3__7,1698,N,True
4,24,bot3__7,1698,N,True
4,343,reel27__4,1698,N,True
4,51,reel27__4,1698,N,True
4,24,reel27__4,1698,N,True
4,197,bot18__0,1698,N,True
4,243,bot18__0,1698,N,True
4,129,reel83__1,1698,N,True
4,243,reel83__1,1698,N,True
4,276,bot25__6,1698,N,True
4,275,bot25__6,1698,N,True
4,157,bot32__3,1698,N,True
4,275,bot32__3,1698,N,True
4,76,reel51__1,1698,N,True
4,275,reel51__1,1698,N,True
4,91,reel73__4,1698,N,True
4,275,reel73__4,1698,N,True
4,reel4__3,reel16__4,1698,N,True
4,176,reel16__4,1698,N,True
4,244,reel16__4,1698,N,True
4,reel54__1,reel34__7,1698,N,True
4,13,reel34__7,1698,N,True
4,244,reel34__7,1698,N,True
4,129,reel49__1,1698,N,True
4,244,reel49__1,1698,N,True
4,reel30__5,reel74__1,1698,N,True
4,178,bot7__5,1698,N,True
4,299,bot7__5,1698,N,True
4,10,bot7__5,1698,N,True
4,178,reel13__2,1698,N,True
4,111,reel13__2,1698,N,True
4,178,bot35__9,1698,N,True
4,339,bot35__9,1698,N,True
4,178,bot55__6,1698,N,True
4,reel33__9,reel49__2,1698,N,True
4,reel34__4,reel49__2,1698,N,True
4,bot33__5,bot22__5,1698,N,True
4,126,bot5__9,1698,N,True
4,231,bot5__9,1698,N,True
4,33,reel22__2,1698,N,True
4,231,reel22__2,1698,N,True
4,59,bot28__2,1698,N,True
4,231,bot28__2,1698,N,True
4,197,reel74__9,1698,N,True
4,231,reel74__9,1698,N,True
4,293,reel11__9,1698,N,True
4,bot21__1,reel11__9,1698,N,True
4,bot12__6,reel11__9,1698,N,True
4,reel43__3,reel11__9,1698,N,True
4,52,reel11__9,1698,N,True
4,139,bot60__4,1698,N,True
4,251,reel24__5,1698,N,True
4,132,reel24__5,1698,N,True
4,148,reel24__5,1698,N,True
4,272,bot33__0,1698,N,True
4,148,bot33__0,1698,N,True
4,148,bot48__8,1698,N,True
4,235,bot9__3,1698,N,True
4,80,bot9__3,1698,N,True
4,235,reel10__3,1698,N,True
4,251,reel10__3,1698,N,True
4,235,reel62__3,1698,N,True
4,205,reel62__3,1698,N,True
4,122,reel62__3,1698,N,True
4,235,bot76__0,1698,N,True
4,235,reel79__0,1698,N,True
4,53,reel79__0,1698,N,True
4,bot83__5,reel78__9,1698,N,True
4,bot8__9,bot2__1,1698,N,True
4,153,bot2__1,1698,N,True
4,155,bot2__1,1698,N,True
4,339,bot2__1,1698,N,True
4,339,bot31__9,1698,N,True
4,339,reel59__6,1698,N,True
4,171,bot0__6,1698,N,True
4,134,bot0__6,1698,N,True
4,bot11__7,bot0__6,1698,N,True
4,171,bot30__0,1698,N,True
4,332,bot30__0,1698,N,True
4,171,reel50__8,1698,N,True
4,227,reel50__8,1698,N,True
4,16,reel50__8,1698,N,True
4,171,reel78__1,1698,N,True
4,111,reel78__1,1698,N,True
4,81,reel11__2,1698,N,True
4,81,bot25__5,1698,N,True
4,122,bot25__5,1698,N,True
4,125,reel27__6,1698,N,True
4,81,reel27__6,1698,N,True
4,104,reel27__6,1698,N,True
4,81,bot32__4,1698,N,True
4,reel6__3,bot32__4,1698,N,True
4,81,bot74__4,1698,N,True
4,bot66__0,bot74__4,1698,N,True
4,321,reel14__0,1698,N,True
4,38,reel14__0,1698,N,True
4,321,bot26__8,1698,N,True
4,226,bot26__8,1698,N,True
4,321,reel31__4,1698,N,True
4,321,reel79__4,1698,N,True
4,330,reel73__1,1698,N,True
4,reel6__3,reel73__1,1698,N,True
4,reel26__3,reel73__1,1698,N,True
4,130,bot74__6,1698,N,True
4,6,bot6__5,1698,N,True
4,bot22__2,bot6__5,1698,N,True
4,reel2__1,bot6__5,1698,N,True
4,6,bot10__5,1698,N,True
4,336,bot10__5,1698,N,True
4,6,bot12__7,1698,N,True
4,6,reel14__6,1698,N,True
4,167,reel14__6,1698,N,True
4,6,bot67__4,1698,N,True
4,35,reel11__0,1698,N,True
4,196,bot20__1,1698,N,True
4,bot28__3,bot20__1,1698,N,True
4,35,bot20__1,1698,N,True
4,54,reel54__8,1698,N,True
4,35,reel54__8,1698,N,True
4,bot15__8,bot9__0,1698,N,True
4,reel34__4,bot65__9,1698,N,True
4,bot15__8,bot65__9,1698,N,True
4,121,reel3__4,1698,N,True
4,83,reel3__4,1698,N,True
4,83,bot74__3,1698,N,True
4,8,bot4__9,1698,N,True
4,34,bot4__9,1698,N,True
4,282,bot4__9,1698,N,True
4,34,reel24__3,1698,N,True
4,34,bot26__9,1698,N,True
4,77,reel47__7,1698,N,True
4,34,reel47__7,1698,N,True
4,132,reel47__7,1698,N,True
4,98,bot33__7,1698,N,True
4,134,reel40__4,1698,N,True
4,254,reel40__4,1698,N,True
4,98,reel40__4,1698,N,True
4,bot15__9,reel0__5,1698,N,True
4,141,reel0__5,1698,N,True
4,227,reel0__5,1698,N,True
4,104,reel0__5,1698,N,True
4,bot15__9,bot35__6,1698,N,True
4,190,bot35__6,1698,N,True
4,310,reel5__2,1698,N,True
4,310,bot12__0,1698,N,True
4,310,bot55__8,1698,N,True
4,283,reel5__0,1698,N,True
4,25,reel5__0,1698,N,True
4,25,reel17__5,1698,N,True
4,162,reel35__5,1698,N,True
4,25,reel35__5,1698,N,True
4,reel23__6,reel69__5,1698,N,True
4,25,reel69__5,1698,N,True
4,reel8__3,reel9__6,1698,N,True
4,188,reel9__6,1698,N,True
4,14,reel9__6,1698,N,True
4,reel8__3,reel28__3,1698,N,True
4,reel8__3,bot84__6,1698,N,True
4,153,bot4__5,1698,N,True
4,340,bot4__5,1698,N,True
4,reel3__6,bot4__5,1698,N,True
4,340,reel37__9,1698,N,True
4,340,reel82__3,1698,N,True
4,99,reel14__3,1698,N,True
4,285,reel14__3,1698,N,True
4,256,reel14__3,1698,N,True
4,bot48__0,reel14__3,1698,N,True
4,119,bot5__2,1698,N,True
4,260,bot5__2,1698,N,True
4,194,bot5__2,1698,N,True
4,260,reel14__1,1698,N,True
4,44,reel15__6,1698,N,True
4,58,reel15__6,1698,N,True
4,260,reel15__6,1698,N,True
4,260,bot17__5,1698,N,True
4,346,bot17__5,1698,N,True
4,260,bot32__6,1698,N,True
4,reel4__3,bot80__5,1698,N,True
4,260,bot80__5,1698,N,True
4,212,reel21__9,1698,N,True
4,84,reel21__9,1698,N,True
4,121,reel63__5,1698,N,True
4,212,reel63__5,1698,N,True
4,193,reel36__8,1698,N,True
4,193,reel70__7,1698,N,True
4,bot68__8,bot34__0,1698,N,True
4,44,reel2__4,1698,N,True
4,250,reel2__4,1698,N,True
4,251,bot9__6,1698,N,True
4,bot8__2,bot9__6,1698,N,True
4,250,bot9__6,1698,N,True
4,250,reel31__9,1698,N,True
4,250,bot45__2,1698,N,True
4,250,bot56__4,1698,N,True
4,250,reel67__6,1698,N,True
4,298,reel67__6,1698,N,True
4,280,reel6__8,1698,N,True
4,123,reel6__8,1698,N,True
4,280,reel82__7,1698,N,True
4,39,reel0__1,1698,N,True
4,302,reel0__1,1698,N,True
4,264,bot8__3,1698,N,True
4,39,bot8__3,1698,N,True
4,39,bot19__2,1698,N,True
4,39,bot25__1,1698,N,True
4,39,reel48__1,1698,N,True
4,84,reel48__1,1698,N,True
4,bot13__5,bot84__4,1698,N,True
4,238,bot84__4,1698,N,True
4,267,bot22__8,1698,N,True
4,104,bot22__8,1698,N,True
4,267,reel30__2,1698,N,True
4,282,reel30__2,1698,N,True
4,316,bot40__1,1698,N,True
4,267,bot40__1,1698,N,True
4,267,bot73__2,1698,N,True
4,267,bot76__8,1698,N,True
4,274,bot17__1,1698,N,True
4,119,bot17__1,1698,N,True
4,bot16__2,bot17__1,1698,N,True
4,119,bot20__4,1698,N,True
4,38,bot20__4,1698,N,True
4,263,bot10__1,1698,N,True
4,263,reel23__5,1698,N,True
4,167,reel23__5,1698,N,True
4,263,bot38__9,1698,N,True
4,263,bot69__6,1698,N,True
4,261,reel32__6,1698,N,True
4,262,reel32__6,1698,N,True
4,162,bot48__2,1698,N,True
4,bot80__7,bot48__2,1698,N,True
4,341,bot48__2,1698,N,True
4,223,bot84__2,1698,N,True
4,336,bot19__0,1698,N,True
4,336,reel70__2,1698,N,True
4,16,reel34__6,1698,N,True
4,16,bot82__2,1698,N,True
4,bot22__9,reel10__0,1698,N,True
4,318,reel10__0,1698,N,True
4,198,reel10__0,1698,N,True
4,189,bot38__6,1698,N,True
4,189,bot56__2,1698,N,True
4,189,bot65__4,1698,N,True
4,99,reel2__8,1698,N,True
4,bot66__0,reel2__8,1698,N,True
4,51,reel2__8,1698,N,True
4,99,reel13__5,1698,N,True
4,166,reel13__5,1698,N,True
4,8,reel21__7,1698,N,True
4,254,reel21__7,1698,N,True
4,8,reel30__9,1698,N,True
4,198,reel30__9,1698,N,True
4,8,bot57__5,1698,N,True
4,8,reel75__6,1698,N,True
4,52,bot3__3,1698,N,True
4,182,bot3__3,1698,N,True
4,328,reel2__3,1698,N,True
4,45,reel2__3,1698,N,True
4,158,reel2__3,1698,N,True
4,41,reel20__3,1698,N,True
4,188,reel20__3,1698,N,True
4,158,reel20__3,1698,N,True
4,206,bot36__5,1698,N,True
4,158,bot36__5,1698,N,True
4,158,reel65__4,1698,N,True
4,214,reel65__4,1698,N,True
4,158,bot74__7,1698,N,True
4,167,bot29__4,1698,N,True
4,134,bot58__8,1698,N,True
4,167,bot58__8,1698,N,True
4,167,reel58__4,1698,N,True
4,reel29__1,bot82__3,1698,N,True
4,reel41__2,reel58__6,1698,N,True
4,190,bot81__8,1698,N,True
4,30,bot81__8,1698,N,True
4,reel72__1,reel74__2,1698,N,True
4,126,bot3__5,1698,N,True
4,295,bot3__5,1698,N,True
4,153,bot3__5,1698,N,True
4,295,reel8__4,1698,N,True
4,197,reel8__4,1698,N,True
4,295,reel10__2,1698,N,True
4,30,reel10__2,1698,N,True
4,295,reel33__4,1698,N,True
4,reel34__4,reel33__4,1698,N,True
4,198,reel52__8,1698,N,True
4,295,reel52__8,1698,N,True
4,295,reel66__8,1698,N,True
4,295,bot77__5,1698,N,True
4,10,bot77__5,1698,N,True
4,198,bot12__8,1698,N,True
4,reel6__3,bot12__8,1698,N,True
4,reel6__3,reel20__6,1698,N,True
4,3,reel20__6,1698,N,True
4,reel6__3,bot34__3,1698,N,True
4,reel6__3,reel37__4,1698,N,True
4,306,reel66__0,1698,N,True
4,reel3__6,reel66__0,1698,N,True
4,202,bot5__1,1698,N,True
4,276,bot5__1,1698,N,True
4,45,bot5__1,1698,N,True
4,276,reel7__0,1698,N,True
4,3,reel7__0,1698,N,True
4,bot28__0,reel7__0,1698,N,True
4,276,reel12__1,1698,N,True
4,276,reel65__6,1698,N,True
4,132,bot0__4,1698,N,True
4,301,bot0__4,1698,N,True
4,186,reel16__5,1698,N,True
4,132,reel16__5,1698,N,True
4,52,reel38__5,1698,N,True
4,132,reel38__5,1698,N,True
4,259,bot51__9,1698,N,True
4,132,bot51__9,1698,N,True
4,82,bot2__3,1698,N,True
4,211,bot34__5,1698,N,True
4,82,bot34__5,1698,N,True
4,82,reel42__1,1698,N,True
4,82,bot53__4,1698,N,True
4,52,bot53__4,1698,N,True
4,23,bot19__4,1698,N,True
4,23,reel64__2,1698,N,True
4,69,reel64__2,1698,N,True
4,23,reel72__6,1698,N,True
4,23,bot77__3,1698,N,True
4,bot21__6,reel5__1,1698,N,True
4,53,reel5__1,1698,N,True
4,259,reel5__1,1698,N,True
4,259,bot16__5,1698,N,True
4,259,reel20__9,1698,N,True
4,259,bot25__3,1698,N,True
4,194,bot25__3,1698,N,True
4,259,reel34__9,1698,N,True
4,211,reel54__9,1698,N,True
4,259,reel54__9,1698,N,True
4,166,reel54__9,1698,N,True
4,259,reel66__3,1698,N,True
4,259,reel70__5,1698,N,True
4,251,bot17__0,1698,N,True
4,251,reel26__8,1698,N,True
4,306,bot45__7,1698,N,True
4,251,bot45__7,1698,N,True
4,bot59__3,reel55__1,1698,N,True
4,251,reel55__1,1698,N,True
4,251,reel55__4,1698,N,True
4,251,bot78__7,1698,N,True
4,reel9__4,bot32__2,1698,N,True
4,reel9__4,reel42__7,1698,N,True
4,reel9__4,reel67__7,1698,N,True
4,reel9__4,reel69__8,1698,N,True
4,bot16__3,bot23__4,1698,N,True
4,247,bot23__4,1698,N,True
4,bot16__3,bot39__3,1698,N,True
4,bot16__3,bot53__9,1698,N,True
4,bot16__3,bot69__9,1698,N,True
4,reel34__1,reel5__4,1698,N,True
4,59,reel5__4,1698,N,True
4,9,reel5__4,1698,N,True
4,333,reel18__4,1698,N,True
4,9,reel18__4,1698,N,True
4,88,reel0__2,1698,N,True
4,318,reel0__2,1698,N,True
4,214,reel0__2,1698,N,True
4,76,reel20__0,1698,N,True
4,214,reel20__0,1698,N,True
4,186,reel17__2,1698,N,True
4,293,reel17__2,1698,N,True
4,36,reel17__2,1698,N,True
4,186,reel46__9,1698,N,True
4,186,reel49__0,1698,N,True
4,186,bot63__2,1698,N,True
4,29,reel17__0,1698,N,True
4,reel9__9,reel17__0,1698,N,True
4,reel9__9,reel71__2,1698,N,True
4,14,reel71__2,1698,N,True
4,reel34__1,reel10__9,1698,N,True
4,204,reel10__9,1698,N,True
4,reel52__0,reel10__9,1698,N,True
4,reel34__1,reel49__8,1698,N,True
4,54,reel10__1,1698,N,True
4,79,reel10__1,1698,N,True
4,111,reel10__1,1698,N,True
4,54,bot13__7,1698,N,True
4,168,bot13__7,1698,N,True
4,54,reel51__9,1698,N,True
4,54,bot61__8,1698,N,True
4,128,reel8__9,1698,N,True
4,346,reel8__9,1698,N,True
4,159,reel9__2,1698,N,True
4,262,reel9__2,1698,N,True
4,bot8__6,bot12__4,1698,N,True
4,262,bot12__4,1698,N,True
4,262,bot74__1,1698,N,True
4,reel0__6,bot5__3,1698,N,True
4,155,bot32__8,1698,N,True
4,reel0__6,bot32__8,1698,N,True
4,108,reel44__1,1698,N,True
4,reel0__6,reel44__1,1698,N,True
4,233,bot14__8,1698,N,True
4,233,reel48__3,1698,N,True
4,233,bot73__6,1698,N,True
4,202,reel2__5,1698,N,True
4,106,reel2__5,1698,N,True
4,59,reel35__4,1698,N,True
4,reel12__0,reel35__4,1698,N,True
4,reel12__0,bot58__3,1698,N,True
4,reel12__0,reel75__8,1698,N,True
4,285,reel75__8,1698,N,True
4,283,bot6__8,1698,N,True
4,36,bot6__8,1698,N,True
4,41,reel30__4,1698,N,True
4,36,reel30__4,1698,N,True
4,36,reel35__9,1698,N,True
4,36,bot36__3,1698,N,True
4,52,bot60__8,1698,N,True
4,36,bot60__8,1698,N,True
4,36,bot76__4,1698,N,True
4,reel6__7,reel5__9,1698,N,True
4,30,reel5__9,1698,N,True
4,reel65__0,reel54__4,1698,N,True
4,318,reel54__4,1698,N,True
4,121,reel13__7,1698,N,True
4,159,reel13__7,1698,N,True
4,104,reel13__7,1698,N,True
4,110,bot22__1,1698,N,True
4,104,bot22__1,1698,N,True
4,159,reel29__7,1698,N,True
4,104,reel29__7,1698,N,True
4,242,reel49__5,1698,N,True
4,104,reel49__5,1698,N,True
4,3,bot54__9,1698,N,True
4,104,bot54__9,1698,N,True
4,126,bot1__2,1698,N,True
4,73,bot1__2,1698,N,True
4,126,bot21__8,1698,N,True
4,194,bot21__8,1698,N,True
4,126,bot21__9,1698,N,True
4,157,bot21__9,1698,N,True
4,126,bot23__5,1698,N,True
4,198,bot23__5,1698,N,True
4,126,bot37__9,1698,N,True
4,reel20__5,reel23__4,1698,N,True
4,reel20__5,bot26__4,1698,N,True
4,reel20__5,reel45__6,1698,N,True
4,254,reel45__6,1698,N,True
4,reel20__5,reel50__9,1698,N,True
4,reel20__5,reel60__2,1698,N,True
4,reel39__9,bot46__1,1698,N,True
4,bot1__1,bot46__1,1698,N,True
4,reel39__9,reel46__4,1698,N,True
4,286,reel46__4,1698,N,True
4,reel39__9,reel63__2,1698,N,True
4,reel39__9,bot67__6,1698,N,True
4,274,bot6__6,1698,N,True
4,75,bot6__6,1698,N,True
4,274,reel43__4,1698,N,True
4,230,reel43__4,1698,N,True
4,274,bot57__8,1698,N,True
4,reel29__5,bot47__5,1698,N,True
4,reel6__7,bot13__4,1698,N,True
4,reel6__7,bot41__6,1698,N,True
4,185,bot41__6,1698,N,True
4,reel50__3,reel34__8,1698,N,True
4,bot61__3,reel34__8,1698,N,True
4,285,reel25__4,1698,N,True
4,reel19__8,reel53__9,1698,N,True
4,285,reel53__9,1698,N,True
4,208,bot9__5,1698,N,True
4,208,reel29__2,1698,N,True
4,bot11__6,reel7__7,1698,N,True
4,266,reel7__7,1698,N,True
4,272,reel7__7,1698,N,True
4,272,reel8__0,1698,N,True
4,341,reel8__0,1698,N,True
4,194,reel8__0,1698,N,True
4,53,reel32__1,1698,N,True
4,272,reel32__1,1698,N,True
4,96,reel32__1,1698,N,True
4,272,reel63__3,1698,N,True
4,58,bot60__9,1698,N,True
4,101,bot60__9,1698,N,True
4,245,reel12__4,1698,N,True
4,110,reel12__4,1698,N,True
4,110,reel31__0,1698,N,True
4,75,reel31__0,1698,N,True
4,110,bot40__6,1698,N,True
4,110,reel52__5,1698,N,True
4,345,reel52__5,1698,N,True
4,306,bot64__7,1698,N,True
4,110,bot64__7,1698,N,True
4,306,reel29__9,1698,N,True
4,reel60__6,reel29__9,1698,N,True
4,157,reel35__1,1698,N,True
4,157,bot46__5,1698,N,True
4,157,reel72__0,1698,N,True
4,bot39__0,bot60__1,1698,N,True
4,51,bot45__5,1698,N,True
4,51,bot46__2,1698,N,True
4,319,bot3__9,1698,N,True
4,253,bot3__9,1698,N,True
4,96,reel25__5,1698,N,True
4,283,reel14__5,1698,N,True
4,reel31__1,reel14__5,1698,N,True
4,283,reel51__5,1698,N,True
4,283,bot53__8,1698,N,True
4,283,bot67__5,1698,N,True
4,124,reel15__4,1698,N,True
4,194,reel15__4,1698,N,True
4,122,bot42__1,1698,N,True
4,194,bot42__1,1698,N,True
4,230,reel16__3,1698,N,True
4,14,reel16__3,1698,N,True
4,230,reel69__9,1698,N,True
4,reel39__2,bot73__8,1698,N,True
4,40,reel3__2,1698,N,True
4,328,reel3__2,1698,N,True
4,133,reel3__2,1698,N,True
4,40,bot23__0,1698,N,True
4,40,reel36__7,1698,N,True
4,122,reel36__7,1698,N,True
4,122,reel75__9,1698,N,True
4,reel64__0,reel77__2,1698,N,True
4,reel64__0,bot84__3,1698,N,True
4,268,reel27__7,1698,N,True
4,268,reel63__7,1698,N,True
4,311,bot18__1,1698,N,True
4,258,bot18__1,1698,N,True
4,258,reel41__3,1698,N,True
4,32,reel41__3,1698,N,True
4,258,reel51__4,1698,N,True
4,reel31__1,bot82__5,1698,N,True
4,301,reel20__1,1698,N,True
4,301,reel23__8,1698,N,True
4,301,bot35__1,1698,N,True
4,301,reel47__8,1698,N,True
4,227,reel61__1,1698,N,True
4,301,reel61__1,1698,N,True
4,270,reel7__6,1698,N,True
4,reel27__5,reel7__6,1698,N,True
4,240,reel7__6,1698,N,True
4,270,bot19__9,1698,N,True
4,293,bot19__9,1698,N,True
4,270,reel72__5,1698,N,True
4,reel19__8,reel25__6,1698,N,True
4,245,reel25__6,1698,N,True
4,245,bot49__9,1698,N,True
4,294,reel29__8,1698,N,True
4,240,reel29__8,1698,N,True
4,240,reel38__8,1698,N,True
4,216,reel68__8,1698,N,True
4,240,reel68__8,1698,N,True
4,345,bot12__9,1698,N,True
4,345,bot15__6,1698,N,True
4,reel52__0,bot64__3,1698,N,True
4,257,reel28__5,1698,N,True
4,302,reel28__5,1698,N,True
4,302,reel30__0,1698,N,True
4,174,reel8__1,1698,N,True
4,247,reel8__1,1698,N,True
4,174,bot63__1,1698,N,True
4,bot1__1,bot63__1,1698,N,True
4,191,bot6__4,1698,N,True
4,10,bot6__4,1698,N,True
4,191,reel40__6,1698,N,True
4,191,bot52__4,1698,N,True
4,153,bot41__1,1698,N,True
4,153,bot71__6,1698,N,True
4,50,bot71__6,1698,N,True
4,188,bot2__0,1698,N,True
4,269,bot2__5,1698,N,True
4,188,bot2__5,1698,N,True
4,282,bot2__5,1698,N,True
4,188,bot3__1,1698,N,True
4,70,bot3__1,1698,N,True
4,187,bot10__3,1698,N,True
4,2,bot10__3,1698,N,True
4,188,bot10__3,1698,N,True
4,188,reel17__9,1698,N,True
4,188,bot29__6,1698,N,True
4,188,reel52__7,1698,N,True
4,146,reel71__0,1698,N,True
4,300,bot15__5,1698,N,True
4,152,bot15__5,1698,N,True
4,300,reel83__7,1698,N,True
4,242,bot4__0,1698,N,True
4,reel42__5,reel4__9,1698,N,True
4,347,reel4__9,1698,N,True
4,80,reel4__9,1698,N,True
4,242,reel4__9,1698,N,True
4,242,bot75__8,1698,N,True
4,255,reel22__3,1698,N,True
4,255,bot24__6,1698,N,True
4,bot57__9,bot38__0,1698,N,True
4,bot57__9,bot65__3,1698,N,True
4,33,reel25__8,1698,N,True
4,79,reel25__8,1698,N,True
4,3,reel25__8,1698,N,True
4,79,bot47__1,1698,N,True
4,254,reel5__8,1698,N,True
4,168,reel5__8,1698,N,True
4,254,bot31__0,1698,N,True
4,254,bot60__5,1698,N,True
4,bot8__9,bot27__4,1698,N,True
4,bot8__9,bot29__1,1698,N,True
4,347,bot29__1,1698,N,True
4,187,reel26__6,1698,N,True
4,152,reel26__6,1698,N,True
4,294,reel26__6,1698,N,True
4,187,reel40__1,1698,N,True
4,187,reel42__4,1698,N,True
4,282,reel42__4,1698,N,True
4,187,bot45__9,1698,N,True
4,53,reel44__7,1698,N,True
4,bot66__0,bot57__0,1698,N,True
4,152,reel36__1,1698,N,True
4,152,reel77__9,1698,N,True
4,13,reel6__0,1698,N,True
4,reel22__5,reel6__0,1698,N,True
4,13,reel24__2,1698,N,True
4,45,reel24__2,1698,N,True
4,13,bot42__2,1698,N,True
4,bot8__6,bot42__2,1698,N,True
4,341,bot42__2,1698,N,True
4,293,bot2__6,1698,N,True
4,343,bot2__6,1698,N,True
4,328,bot2__6,1698,N,True
4,343,reel10__8,1698,N,True
4,77,reel10__8,1698,N,True
4,343,bot13__9,1698,N,True
4,111,bot13__9,1698,N,True
4,343,bot15__2,1698,N,True
4,281,bot15__2,1698,N,True
4,343,bot19__7,1698,N,True
4,343,reel40__2,1698,N,True
4,84,reel40__2,1698,N,True
4,343,bot48__3,1698,N,True
4,88,bot48__3,1698,N,True
4,bot81__6,reel78__5,1698,N,True
4,reel8__2,bot20__0,1698,N,True
4,reel8__2,reel50__1,1698,N,True
4,328,bot24__0,1698,N,True
4,328,reel48__0,1698,N,True
4,76,reel60__7,1698,N,True
4,328,reel60__7,1698,N,True
4,294,reel22__1,1698,N,True
4,70,reel22__1,1698,N,True
4,70,bot73__3,1698,N,True
4,bot2__8,bot80__2,1698,N,True
4,70,bot80__2,1698,N,True
4,reel4__3,bot22__6,1698,N,True
4,reel4__3,bot27__8,1698,N,True
4,reel4__3,reel73__6,1698,N,True
4,reel4__3,bot83__4,1698,N,True
4,177,bot5__8,1698,N,True
4,177,bot19__6,1698,N,True
4,177,reel25__1,1698,N,True
4,177,reel31__7,1698,N,True
4,177,reel33__1,1698,N,True
4,177,reel47__0,1698,N,True
4,177,reel53__7,1698,N,True
4,bot1__1,bot17__8,1698,N,True
4,bot1__1,bot53__3,1698,N,True
4,80,bot11__8,1698,N,True
4,80,reel24__0,1698,N,True
4,318,reel24__0,1698,N,True
4,227,reel24__0,1698,N,True
4,80,bot25__9,1698,N,True
4,80,reel39__3,1698,N,True
4,168,reel39__3,1698,N,True
4,reel19__8,reel40__8,1698,N,True
4,80,reel40__8,1698,N,True
4,80,reel79__8,1698,N,True
4,196,reel9__1,1698,N,True
4,10,reel9__1,1698,N,True
4,196,bot15__1,1698,N,True
4,196,bot32__7,1698,N,True
4,196,bot36__8,1698,N,True
4,196,bot54__2,1698,N,True
4,45,bot2__9,1698,N,True
4,45,reel9__5,1698,N,True
4,318,reel12__2,1698,N,True
4,45,reel12__2,1698,N,True
4,185,reel12__2,1698,N,True
4,216,reel20__4,1698,N,True
4,45,reel20__4,1698,N,True
4,141,reel20__4,1698,N,True
4,45,reel77__6,1698,N,True
4,bot44__0,bot3__6,1698,N,True
4,bot44__0,bot51__8,1698,N,True
4,reel21__8,reel22__0,1698,N,True
4,341,reel22__0,1698,N,True
4,reel21__8,bot49__4,1698,N,True
4,reel21__8,bot57__3,1698,N,True
4,73,bot1__7,1698,N,True
4,166,reel6__9,1698,N,True
4,73,reel6__9,1698,N,True
4,73,bot65__0,1698,N,True
4,108,bot1__9,1698,N,True
4,318,bot1__9,1698,N,True
4,108,reel31__8,1698,N,True
4,108,reel44__6,1698,N,True
4,108,bot79__2,1698,N,True
4,102,bot60__0,1698,N,True
4,reel54__1,bot83__2,1698,N,True
4,bot59__3,bot78__0,1698,N,True
4,166,reel32__2,1698,N,True
4,166,reel61__2,1698,N,True
4,166,reel61__9,1698,N,True
4,166,bot63__4,1698,N,True
4,333,bot46__7,1698,N,True
4,reel34__4,bot46__7,1698,N,True
4,333,bot47__2,1698,N,True
4,293,bot16__7,1698,N,True
4,bot5__4,bot16__7,1698,N,True
4,2,bot7__2,1698,N,True
4,299,reel11__3,1698,N,True
4,2,reel11__3,1698,N,True
4,2,bot48__6,1698,N,True
4,134,bot47__8,1698,N,True
4,318,bot12__2,1698,N,True
4,reel2__1,bot12__2,1698,N,True
4,reel2__1,bot29__2,1698,N,True
4,347,bot61__2,1698,N,True
4,bot33__6,bot61__2,1698,N,True
4,247,bot83__0,1698,N,True
4,347,bot83__0,1698,N,True
4,52,reel47__1,1698,N,True
4,176,reel47__1,1698,N,True
4,216,bot30__1,1698,N,True
4,62,bot27__2,1698,N,True
4,62,bot32__1,1698,N,True
4,62,reel32__0,1698,N,True
4,159,reel32__0,1698,N,True
4,62,bot35__4,1698,N,True
4,62,reel41__8,1698,N,True
4,129,bot6__7,1698,N,True
4,219,bot6__7,1698,N,True
4,bot16__8,bot6__7,1698,N,True
4,219,reel33__8,1698,N,True
4,33,reel53__6,1698,N,True
4,219,reel53__6,1698,N,True
4,162,bot44__4,1698,N,True
4,bot33__6,bot64__5,1698,N,True
4,226,reel11__7,1698,N,True
4,111,reel11__7,1698,N,True
4,226,bot71__3,1698,N,True
4,226,reel72__2,1698,N,True
4,286,reel58__2,1698,N,True
4,123,bot18__3,1698,N,True
4,123,reel22__7,1698,N,True
4,306,bot8__1,1698,N,True
4,10,bot8__1,1698,N,True
4,10,bot27__5,1698,N,True
4,10,bot33__2,1698,N,True
4,10,bot39__7,1698,N,True
4,bot2__8,bot14__0,1698,N,True
4,14,bot14__0,1698,N,True
4,69,bot11__9,1698,N,True
4,124,bot11__9,1698,N,True
4,330,reel11__6,1698,N,True
4,69,reel11__6,1698,N,True
4,69,bot59__7,1698,N,True
4,69,bot75__1,1698,N,True
4,298,reel43__9,1698,N,True
4,294,bot47__6,1698,N,True
4,bot8__6,bot35__8,1698,N,True
4,140,reel44__9,1698,N,True
4,140,reel56__9,1698,N,True
4,140,bot62__4,1698,N,True
4,33,reel32__8,1698,N,True
4,269,bot42__6,1698,N,True
4,269,bot49__3,1698,N,True
4,127,reel6__4,1698,N,True
4,127,reel58__0,1698,N,True
4,52,bot14__3,1698,N,True
4,111,bot14__3,1698,N,True
4,bot44__8,bot14__3,1698,N,True
4,52,reel16__9,1698,N,True
4,5,reel16__9,1698,N,True
4,281,reel5__5,1698,N,True
4,211,reel52__6,1698,N,True
4,211,bot66__7,1698,N,True
4,211,bot75__6,1698,N,True
4,76,reel35__8,1698,N,True
4,168,reel5__7,1698,N,True
4,168,bot36__7,1698,N,True
4,266,bot19__1,1698,N,True
4,266,bot20__5,1698,N,True
4,266,reel28__2,1698,N,True
4,266,bot34__4,1698,N,True
4,266,reel47__6,1698,N,True
4,341,reel47__6,1698,N,True
4,266,bot48__4,1698,N,True
4,bot2__7,bot44__9,1698,N,True
4,bot2__7,bot59__1,1698,N,True
4,205,bot11__0,1698,N,True
4,205,reel59__4,1698,N,True
4,341,reel59__4,1698,N,True
4,293,reel22__6,1698,N,True
4,293,bot83__9,1698,N,True
4,59,reel4__1,1698,N,True
4,346,reel4__1,1698,N,True
4,59,bot16__6,1698,N,True
4,332,bot41__0,1698,N,True
4,reel81__8,reel58__3,1698,N,True
4,49,reel58__3,1698,N,True
4,332,reel58__3,1698,N,True
4,32,reel58__5,1698,N,True
4,332,reel58__5,1698,N,True
4,bot77__0,bot21__7,1698,N,True
4,341,bot21__7,1698,N,True
4,141,bot21__7,1698,N,True
4,bot71__7,bot31__2,1698,N,True
4,141,bot31__2,1698,N,True
4,141,reel31__3,1698,N,True
4,316,reel17__1,1698,N,True
4,77,reel17__1,1698,N,True
4,316,reel81__6,1698,N,True
4,316,reel83__3,1698,N,True
4,reel34__4,reel25__0,1698,N,True
4,129,reel76__3,1698,N,True
4,reel59__8,reel76__3,1698,N,True
4,117,reel76__3,1698,N,True
4,65,reel18__9,1698,N,True
4,65,reel61__7,1698,N,True
4,77,bot57__4,1698,N,True
4,121,bot44__6,1698,N,True
4,159,reel20__2,1698,N,True
4,159,bot77__2,1698,N,True
4,159,reel80__9,1698,N,True
4,185,bot5__5,1698,N,True
4,238,reel11__4,1698,N,True
4,238,reel25__2,1698,N,True
4,reel23__6,bot38__4,1698,N,True
4,238,bot38__4,1698,N,True
4,120,bot40__9,1698,N,True
4,238,bot40__9,1698,N,True
4,238,bot55__4,1698,N,True
4,238,reel65__9,1698,N,True
4,238,reel74__5,1698,N,True
4,29,bot51__0,1698,N,True
4,75,reel14__7,1698,N,True
4,201,reel28__9,1698,N,True
4,75,reel28__9,1698,N,True
4,5,reel26__2,1698,N,True
4,5,reel42__8,1698,N,True
4,5,bot56__3,1698,N,True
4,5,reel62__4,1698,N,True
4,5,bot68__0,1698,N,True
4,38,reel12__3,1698,N,True
4,58,reel20__7,1698,N,True
4,50,reel20__7,1698,N,True
4,58,reel32__9,1698,N,True
4,58,reel44__2,1698,N,True
4,58,bot70__1,1698,N,True
4,49,reel52__1,1698,N,True
4,282,bot48__9,1698,N,True
4,282,reel77__7,1698,N,True
4,55,reel3__3,1698,N,True
4,253,reel3__9,1698,N,True
4,55,reel3__9,1698,N,True
4,179,reel3__9,1698,N,True
4,55,bot35__5,1698,N,True
4,55,bot61__7,1698,N,True
4,227,bot11__4,1698,N,True
4,bot16__8,bot11__4,1698,N,True
4,bot16__8,bot21__5,1698,N,True
4,346,bot51__3,1698,N,True
4,bot16__8,bot51__3,1698,N,True
4,278,bot10__0,1698,N,True
4,278,bot34__2,1698,N,True
4,278,bot63__6,1698,N,True
4,bot69__3,bot78__6,1698,N,True
4,278,bot78__6,1698,N,True
4,195,reel12__6,1698,N,True
4,117,reel12__6,1698,N,True
4,195,reel24__4,1698,N,True
4,117,reel24__4,1698,N,True
4,117,bot29__9,1698,N,True
4,50,reel1__8,1698,N,True
4,3,reel1__8,1698,N,True
4,3,bot17__9,1698,N,True
4,3,reel20__8,1698,N,True
4,reel81__8,reel67__5,1698,N,True
4,311,bot29__8,1698,N,True
4,256,bot29__8,1698,N,True
4,256,reel49__9,1698,N,True
4,256,reel57__1,1698,N,True
4,bot28__3,bot55__0,1698,N,True
4,125,reel45__2,1698,N,True
4,125,reel69__2,1698,N,True
4,125,reel82__9,1698,N,True
4,41,bot9__2,1698,N,True
4,bot2__2,bot4__8,1698,N,True
4,50,bot16__4,1698,N,True
4,155,bot77__1,1698,N,True
4,133,reel19__3,1698,N,True
4,133,bot20__3,1698,N,True
4,179,reel11__8,1698,N,True
4,179,reel53__4,1698,N,True
4,179,reel55__2,1698,N,True
4,bot11__6,bot28__8,1698,N,True
4,227,reel37__8,1698,N,True
4,106,reel76__0,1698,N,True
4,106,reel83__2,1698,N,True
4,204,reel23__3,1698,N,True
4,163,bot67__9,1698,N,True
4,163,reel74__6,1698,N,True
4,163,reel81__1,1698,N,True
4,299,reel56__7,1698,N,True
4,bot71__7,bot41__2,1698,N,True
4,reel22__5,reel57__9,1698,N,True
4,reel22__5,bot74__0,1698,N,True
4,271,bot72__1,1698,N,True
4,reel59__8,reel67__2,1698,N,True
4,88,bot50__4,1698,N,True
4,88,reel75__5,1698,N,True
4,bot44__8,reel27__0,1698,N,True
4,bot55__3,bot45__3,1698,N,True
4,bot16__2,bot38__7,1698,N,True
4,reel42__2,reel53__3,1698,N,True
4,reel42__2,reel70__1,1698,N,True
4,111,reel49__7,1698,N,True
4,bot70__6,reel68__3,1698,N,True
4,253,reel70__0,1698,N,True
4,bot77__0,bot16__0,1698,N,True
4,120,bot40__7,1698,N,True
4,120,reel74__7,1698,N,True
4,bot39__2,bot48__5,1698,N,True
4,198,bot27__0,1698,N,True
4,198,reel57__2,1698,N,True
4,reel50__3,bot66__5,1698,N,True
4,84,bot19__3,1698,N,True
4,84,bot63__7,1698,N,True
4,84,reel72__3,1698,N,True
4,reel43__3,reel46__8,1698,N,True
4,reel43__3,bot48__1,1698,N,True
4,reel43__3,reel67__4,1698,N,True
4,317,bot21__2,1698,N,True
4,317,bot37__3,1698,N,True
4,317,bot82__9,1698,N,True
4,346,reel56__3,1698,N,True
4,311,reel62__1,1698,N,True
4,247,reel38__0,1698,N,True
4,32,bot3__2,1698,N,True
4,32,reel40__3,1698,N,True
4,32,reel72__9,1698,N,True
4,reel57__3,reel63__1,1698,N,True
4,reel23__6,bot31__5,1698,N,True
4,reel23__6,bot33__4,1698,N,True
4,reel23__6,reel54__2,1698,N,True
4,reel23__6,bot68__7,1698,N,True
4,reel61__9,reel54__5,1699,N,True
4,reel76__5,reel54__5,1699,N,True
4,reel65__1,reel54__5,1699,N,True
4,reel22__9,reel54__5,1699,N,True
4,reel24__9,reel47__9,1699,N,True
4,reel22__8,reel47__9,1699,N,True
4,reel62__9,reel47__9,1699,N,True
4,reel17__6,bot30__6,1699,N,True
4,reel17__6,reel42__9,1699,N,True
4,reel44__7,reel42__9,1699,N,True
4,reel23__3,reel42__9,1699,N,True
4,reel17__6,bot74__7,1699,N,True
4,bot57__4,bot50__7,1699,N,True
4,reel14__6,bot83__4,1699,N,True
4,bot36__8,bot83__4,1699,N,True
4,reel4__8,reel17__4,1699,N,True
4,reel4__8,bot20__8,1699,N,True
4,reel22__0,bot46__3,1699,N,True
4,reel23__5,bot46__3,1699,N,True
4,reel58__3,reel77__2,1699,N,True
4,reel64__0,reel77__2,1699,N,True
4,reel23__5,reel77__2,1699,N,True
4,reel17__2,bot46__9,1699,N,True
4,bot29__5,bot46__9,1699,N,True
4,reel62__8,reel65__8,1699,N,True
4,reel35__9,reel65__8,1699,N,True
4,reel61__3,reel67__2,1699,N,True
4,reel15__7,reel16__2,1699,N,True
4,bot65__2,reel16__2,1699,N,True
4,reel13__2,reel16__2,1699,N,True
4,reel13__1,reel16__2,1699,N,True
4,bot18__2,bot32__5,1699,N,True
4,bot44__4,bot32__5,1699,N,True
4,bot62__2,bot32__5,1699,N,True
4,bot64__0,bot32__5,1699,N,True
4,reel7__1,bot17__8,1699,N,True
4,bot1__6,bot17__8,1699,N,True
4,bot1__1,bot17__8,1699,N,True
4,bot17__1,bot53__9,1699,N,True
4,bot60__5,bot73__7,1699,N,True
4,bot17__4,bot16__5,1699,N,True
4,reel13__3,bot16__5,1699,N,True
4,reel11__3,bot16__5,1699,N,True
4,reel23__2,reel46__1,1699,N,True
4,reel14__5,reel46__1,1699,N,True
4,reel30__5,reel46__1,1699,N,True
4,reel15__5,bot28__9,1699,N,True
4,reel15__5,bot82__6,1699,N,True
4,reel73__1,reel6__3,1699,N,True
4,reel37__4,reel6__3,1699,N,True
4,reel20__6,reel6__3,1699,N,True
4,bot12__8,reel6__3,1699,N,True
4,bot28__3,reel6__3,1699,N,True
4,bot34__3,reel6__3,1699,N,True
4,reel15__2,reel6__3,1699,N,True
4,reel15__2,bot44__8,1699,N,True
4,reel27__0,bot44__8,1699,N,True
4,reel15__2,bot54__6,1699,N,True
4,bot14__1,bot54__6,1699,N,True
4,reel12__7,bot37__0,1699,N,True
4,reel24__4,reel40__6,1699,N,True
4,reel74__5,reel40__6,1699,N,True
4,reel38__5,reel40__6,1699,N,True
4,reel45__2,reel40__6,1699,N,True
4,bot73__1,bot52__1,1699,N,True
4,reel47__0,bot52__1,1699,N,True
4,reel47__0,reel77__7,1699,N,True
4,reel14__0,reel77__7,1699,N,True
4,bot78__0,reel77__7,1699,N,True
4,bot19__9,reel7__8,1699,N,True
4,reel1__5,reel7__8,1699,N,True
4,reel60__0,reel7__8,1699,N,True
4,reel75__0,reel7__8,1699,N,True
4,reel79__8,bot82__4,1699,N,True
4,reel60__0,bot82__4,1699,N,True
4,reel3__4,reel16__9,1699,N,True
4,reel20__8,reel16__9,1699,N,True
4,bot43__1,bot67__7,1699,N,True
4,bot39__6,bot67__7,1699,N,True
4,reel18__1,bot67__7,1699,N,True
4,reel67__1,reel81__4,1699,N,True
4,reel18__1,reel81__4,1699,N,True
4,reel83__8,reel5__5,1699,N,True
4,bot70__5,reel5__5,1699,N,True
4,reel0__9,reel5__5,1699,N,True
4,bot7__9,reel5__5,1699,N,True
4,reel16__1,reel5__5,1699,N,True
4,reel48__3,reel5__5,1699,N,True
4,reel16__1,reel78__4,1699,N,True
4,reel32__2,reel83__6,1699,N,True
4,reel16__1,reel83__6,1699,N,True
4,reel9__0,reel83__6,1699,N,True
4,reel25__5,reel42__1,1699,N,True
4,reel7__7,reel42__1,1699,N,True
4,reel45__3,reel42__1,1699,N,True
4,bot55__6,bot45__2,1699,N,True
4,bot7__6,bot45__2,1699,N,True
4,bot7__6,bot45__3,1699,N,True
4,reel40__7,bot45__3,1699,N,True
4,bot7__6,bot78__8,1699,N,True
4,bot7__6,bot84__1,1699,N,True
4,reel23__3,bot84__1,1699,N,True
4,bot63__7,bot51__2,1699,N,True
4,reel29__6,bot51__2,1699,N,True
4,reel5__8,bot64__3,1699,N,True
4,bot63__7,bot64__3,1699,N,True
4,reel37__3,reel44__8,1699,N,True
4,reel3__1,reel44__8,1699,N,True
4,reel14__0,reel2__8,1699,N,True
4,bot81__2,reel2__8,1699,N,True
4,bot14__2,reel2__8,1699,N,True
4,bot66__0,reel2__8,1699,N,True
4,bot26__3,reel2__8,1699,N,True
4,reel14__0,reel23__1,1699,N,True
4,reel15__0,reel23__1,1699,N,True
4,bot32__3,bot35__0,1699,N,True
4,reel14__0,bot35__0,1699,N,True
4,reel11__5,bot36__6,1699,N,True
4,reel27__9,bot36__6,1699,N,True
4,bot13__0,bot36__6,1699,N,True
4,reel18__2,bot19__7,1699,N,True
4,bot25__6,bot19__7,1699,N,True
4,bot0__5,bot19__7,1699,N,True
4,reel78__6,reel41__5,1699,N,True
4,reel35__7,reel41__5,1699,N,True
4,reel50__5,reel41__5,1699,N,True
4,bot42__4,reel41__5,1699,N,True
4,bot24__4,bot71__4,1699,N,True
4,reel50__5,bot71__4,1699,N,True
4,bot55__6,bot84__5,1699,N,True
4,reel50__5,bot84__5,1699,N,True
4,reel70__8,bot84__5,1699,N,True
4,bot47__7,bot63__0,1699,N,True
4,reel32__2,reel80__3,1699,N,True
4,reel49__9,reel80__3,1699,N,True
4,reel34__4,reel80__3,1699,N,True
4,bot19__0,bot56__6,1699,N,True
4,bot34__3,bot56__6,1699,N,True
4,reel6__9,bot56__6,1699,N,True
4,reel34__2,reel36__5,1699,N,True
4,reel7__0,reel36__5,1699,N,True
4,reel32__7,reel36__5,1699,N,True
4,reel14__1,reel60__1,1699,N,True
4,reel77__4,reel60__1,1699,N,True
4,reel28__0,reel60__1,1699,N,True
4,reel70__1,reel37__0,1699,N,True
4,reel10__4,reel37__0,1699,N,True
4,reel7__4,reel37__0,1699,N,True
4,reel39__9,bot67__6,1699,N,True
4,bot71__2,bot67__6,1699,N,True
4,reel7__4,bot67__6,1699,N,True
4,bot1__1,bot63__1,1699,N,True
4,reel13__4,bot63__1,1699,N,True
4,reel35__5,bot53__3,1699,N,True
4,bot1__1,bot53__3,1699,N,True
4,reel35__5,bot67__0,1699,N,True
4,reel18__2,reel56__2,1699,N,True
4,reel48__1,reel56__2,1699,N,True
4,reel18__5,bot23__9,1699,N,True
4,reel17__8,bot23__9,1699,N,True
4,reel73__1,reel26__3,1699,N,True
4,reel24__1,reel26__3,1699,N,True
4,reel48__4,reel26__3,1699,N,True
4,reel17__8,reel26__3,1699,N,True
4,reel17__8,bot68__6,1699,N,True
4,bot49__9,bot52__0,1699,N,True
4,bot49__9,bot79__7,1699,N,True
4,reel28__8,reel82__1,1699,N,True
4,reel12__3,reel82__1,1699,N,True
4,reel5__2,bot18__5,1699,N,True
4,reel5__2,reel18__9,1699,N,True
4,reel11__2,reel18__9,1699,N,True
4,bot52__7,reel46__8,1699,N,True
4,reel22__9,reel46__8,1699,N,True
4,reel5__2,reel46__8,1699,N,True
4,reel20__5,reel60__2,1699,N,True
4,bot70__1,reel60__2,1699,N,True
4,reel13__6,reel60__2,1699,N,True
4,bot80__0,bot77__7,1699,N,True
4,reel18__3,bot77__7,1699,N,True
4,reel49__3,bot77__7,1699,N,True
4,reel59__3,bot77__7,1699,N,True
4,reel18__8,bot21__4,1699,N,True
4,bot29__4,bot68__3,1699,N,True
4,bot82__9,bot68__3,1699,N,True
4,bot40__0,bot68__3,1699,N,True
4,reel62__5,reel48__7,1699,N,True
4,reel27__2,reel48__7,1699,N,True
4,reel27__2,reel49__0,1699,N,True
4,reel48__3,reel49__0,1699,N,True
4,reel62__7,reel71__4,1699,N,True
4,reel54__6,reel71__4,1699,N,True
4,reel70__6,reel71__4,1699,N,True
4,reel79__9,reel20__2,1699,N,True
4,reel19__7,reel20__2,1699,N,True
4,reel0__4,reel20__2,1699,N,True
4,reel39__8,reel20__2,1699,N,True
4,reel1__3,bot26__5,1699,N,True
4,bot29__3,bot26__5,1699,N,True
4,reel1__1,reel19__6,1699,N,True
4,reel17__3,reel19__6,1699,N,True
4,reel1__6,reel19__6,1699,N,True
4,reel37__9,reel19__6,1699,N,True
4,bot14__4,bot46__2,1699,N,True
4,bot10__1,bot46__2,1699,N,True
4,bot14__5,bot24__0,1699,N,True
4,bot44__6,bot24__0,1699,N,True
4,bot15__7,bot24__0,1699,N,True
4,bot70__3,bot38__1,1699,N,True
4,reel33__1,bot38__1,1699,N,True
4,bot6__6,bot38__1,1699,N,True
4,reel70__1,reel61__2,1699,N,True
4,reel55__1,reel61__2,1699,N,True
4,reel13__8,reel17__5,1699,N,True
4,bot19__0,reel17__5,1699,N,True
4,reel10__2,reel17__5,1699,N,True
4,reel60__4,reel13__5,1699,N,True
4,bot19__0,reel13__5,1699,N,True
4,reel15__0,reel13__5,1699,N,True
4,bot19__0,bot32__9,1699,N,True
4,bot71__5,bot70__7,1699,N,True
4,bot28__2,bot70__7,1699,N,True
4,reel31__5,bot80__6,1699,N,True
4,bot7__7,bot40__4,1699,N,True
4,bot7__5,bot40__4,1699,N,True
4,bot11__5,bot36__7,1699,N,True
4,reel14__1,bot42__7,1699,N,True
4,reel41__7,bot42__7,1699,N,True
4,reel62__2,reel42__6,1699,N,True
4,reel14__1,reel42__6,1699,N,True
4,reel22__9,reel56__8,1699,N,True
4,reel13__3,reel56__8,1699,N,True
4,reel82__9,reel56__8,1699,N,True
4,reel22__9,bot57__0,1699,N,True
4,bot43__6,bot57__0,1699,N,True
4,bot66__0,bot57__0,1699,N,True
4,reel22__9,bot64__6,1699,N,True
4,reel10__9,reel52__0,1699,N,True
4,reel24__1,bot56__9,1699,N,True
4,bot19__4,bot56__9,1699,N,True
4,bot19__4,bot61__6,1699,N,True
4,reel39__6,reel80__5,1699,N,True
4,reel82__9,reel80__5,1699,N,True
4,reel20__0,reel80__5,1699,N,True
4,reel12__8,bot63__5,1699,N,True
4,reel31__0,bot63__5,1699,N,True
4,bot39__7,bot81__5,1699,N,True
4,bot41__3,bot52__8,1699,N,True
4,reel35__1,bot47__9,1699,N,True
4,bot18__1,bot47__9,1699,N,True
4,bot35__8,bot47__9,1699,N,True
4,bot25__5,bot80__3,1699,N,True
4,reel40__4,bot80__3,1699,N,True
4,bot71__5,bot80__3,1699,N,True
4,bot69__6,bot68__1,1699,N,True
4,reel63__6,reel75__6,1699,N,True
4,reel13__7,reel75__6,1699,N,True
4,reel14__4,bot20__7,1699,N,True
4,reel18__7,bot20__7,1699,N,True
4,reel18__7,bot24__1,1699,N,True
4,reel22__2,bot43__5,1699,N,True
4,reel18__7,bot43__5,1699,N,True
4,reel30__7,bot43__5,1699,N,True
4,reel18__7,bot84__6,1699,N,True
4,bot19__6,bot31__9,1699,N,True
4,bot71__9,bot31__9,1699,N,True
4,reel27__6,bot76__6,1699,N,True
4,bot19__9,bot76__6,1699,N,True
4,bot1__9,bot36__3,1699,N,True
4,reel4__9,bot36__3,1699,N,True
4,bot3__7,bot20__2,1699,N,True
4,bot29__5,bot20__2,1699,N,True
4,reel7__7,bot20__2,1699,N,True
4,reel7__7,reel70__0,1699,N,True
4,reel7__7,reel77__5,1699,N,True
4,bot51__6,bot14__9,1699,N,True
4,reel9__4,bot14__9,1699,N,True
4,bot80__8,bot14__9,1699,N,True
4,reel54__2,reel79__3,1699,N,True
4,reel56__7,reel79__3,1699,N,True
4,bot58__1,bot43__4,1699,N,True
4,bot7__5,bot43__4,1699,N,True
4,bot10__5,bot43__4,1699,N,True
4,reel19__1,reel61__8,1699,N,True
4,reel64__5,reel61__8,1699,N,True
4,reel33__1,reel61__8,1699,N,True
4,reel67__3,reel61__8,1699,N,True
4,bot0__9,bot69__5,1699,N,True
4,reel67__3,bot69__5,1699,N,True
4,reel67__3,bot81__4,1699,N,True
4,reel0__0,reel44__4,1699,N,True
4,bot45__9,reel44__4,1699,N,True
4,reel55__7,reel48__0,1699,N,True
4,reel16__3,reel48__0,1699,N,True
4,bot53__7,reel48__0,1699,N,True
4,reel37__1,reel48__0,1699,N,True
4,reel16__3,bot50__2,1699,N,True
4,reel32__2,bot78__3,1699,N,True
4,reel16__3,bot78__3,1699,N,True
4,bot29__1,bot78__3,1699,N,True
4,reel3__7,bot30__5,1699,N,True
4,bot17__4,bot34__0,1699,N,True
4,bot68__8,bot34__0,1699,N,True
4,reel20__4,bot34__0,1699,N,True
4,bot19__5,bot34__0,1699,N,True
4,reel24__4,reel60__8,1699,N,True
4,reel59__2,reel60__8,1699,N,True
4,reel13__0,bot21__5,1699,N,True
4,reel5__8,bot21__5,1699,N,True
4,bot22__7,bot21__5,1699,N,True
4,reel14__9,bot63__2,1699,N,True
4,reel2__7,reel16__8,1699,N,True
4,reel6__5,reel16__8,1699,N,True
4,bot20__0,reel16__8,1699,N,True
4,reel2__7,reel30__1,1699,N,True
4,reel2__7,bot45__4,1699,N,True
4,reel24__0,bot45__4,1699,N,True
4,reel35__3,bot41__8,1699,N,True
4,reel33__8,bot41__8,1699,N,True
4,bot10__6,bot41__8,1699,N,True
4,reel2__6,reel41__6,1699,N,True
4,reel33__8,reel41__6,1699,N,True
4,reel19__4,reel41__6,1699,N,True
4,reel60__9,reel66__8,1699,N,True
4,reel33__8,reel66__8,1699,N,True
4,bot35__8,bot25__8,1699,N,True
4,bot6__3,bot12__3,1699,N,True
4,bot60__9,bot12__3,1699,N,True
4,bot35__8,bot12__3,1699,N,True
4,reel75__7,reel26__0,1699,N,True
4,reel71__6,reel26__0,1699,N,True
4,reel13__1,reel26__0,1699,N,True
4,reel8__4,reel26__0,1699,N,True
4,reel56__7,reel26__0,1699,N,True
4,reel4__9,reel26__0,1699,N,True
4,reel4__9,reel56__6,1699,N,True
4,reel2__3,reel42__8,1699,N,True
4,reel58__0,reel42__8,1699,N,True
4,reel67__9,reel71__9,1699,N,True
4,reel18__5,reel71__9,1699,N,True
4,bot24__2,bot58__0,1699,N,True
4,reel15__4,bot58__0,1699,N,True
4,reel64__0,bot84__3,1699,N,True
4,bot71__5,bot84__3,1699,N,True
4,bot24__7,bot78__1,1699,N,True
4,reel3__1,bot78__1,1699,N,True
4,bot43__6,bot59__2,1699,N,True
4,reel22__8,bot59__2,1699,N,True
4,reel6__2,reel36__3,1699,N,True
4,reel8__0,reel36__3,1699,N,True
4,reel6__2,bot39__1,1699,N,True
4,reel21__3,reel39__4,1699,N,True
4,bot47__8,reel39__4,1699,N,True
4,reel13__8,reel43__8,1699,N,True
4,reel2__9,reel43__8,1699,N,True
4,reel59__4,reel43__8,1699,N,True
4,reel3__6,reel43__8,1699,N,True
4,reel13__8,bot50__0,1699,N,True
4,reel34__9,bot50__0,1699,N,True
4,reel13__8,reel64__9,1699,N,True
4,reel33__4,reel70__4,1699,N,True
4,reel62__2,reel70__4,1699,N,True
4,reel62__2,bot72__8,1699,N,True
4,reel82__5,reel19__3,1699,N,True
4,reel25__7,reel19__3,1699,N,True
4,reel26__8,reel19__3,1699,N,True
4,reel26__8,bot30__3,1699,N,True
4,reel6__5,bot30__3,1699,N,True
4,bot15__5,bot38__3,1699,N,True
4,reel26__8,bot38__3,1699,N,True
4,bot31__7,bot38__3,1699,N,True
4,reel18__0,reel66__1,1699,N,True
4,reel26__8,reel66__1,1699,N,True
4,reel13__2,reel66__1,1699,N,True
4,reel27__4,reel43__1,1699,N,True
4,reel30__8,reel43__1,1699,N,True
4,reel31__1,reel43__1,1699,N,True
4,reel67__4,reel43__3,1699,N,True
4,reel30__8,reel43__3,1699,N,True
4,reel19__7,reel43__3,1699,N,True
4,reel11__9,reel43__3,1699,N,True
4,reel34__7,reel58__6,1699,N,True
4,reel31__3,reel58__6,1699,N,True
4,reel59__4,bot70__9,1699,N,True
4,reel10__2,bot70__9,1699,N,True
4,bot57__3,bot70__9,1699,N,True
4,reel9__5,reel64__7,1699,N,True
4,reel28__4,reel64__7,1699,N,True
4,bot72__3,reel51__0,1699,N,True
4,reel39__8,reel51__0,1699,N,True
4,reel34__2,reel32__4,1699,N,True
4,reel2__9,reel32__4,1699,N,True
4,reel30__9,reel32__4,1699,N,True
4,reel30__9,bot57__7,1699,N,True
4,reel35__4,bot57__7,1699,N,True
4,reel80__2,reel77__3,1699,N,True
4,reel30__9,reel77__3,1699,N,True
4,reel22__2,bot76__9,1699,N,True
4,bot14__4,bot76__9,1699,N,True
4,reel24__1,bot76__9,1699,N,True
4,reel13__2,reel66__7,1699,N,True
4,reel8__1,reel66__7,1699,N,True
4,reel40__9,bot52__9,1699,N,True
4,reel10__7,bot24__3,1699,N,True
4,bot32__1,bot24__3,1699,N,True
4,reel12__1,bot24__3,1699,N,True
4,reel76__3,reel82__0,1699,N,True
4,reel13__1,reel82__0,1699,N,True
4,reel37__9,reel82__0,1699,N,True
4,bot21__2,bot38__7,1699,N,True
4,bot16__2,bot38__7,1699,N,True
4,reel29__2,bot48__9,1699,N,True
4,bot31__0,bot46__1,1699,N,True
4,reel39__9,bot46__1,1699,N,True
4,bot1__1,bot46__1,1699,N,True
4,bot31__0,bot62__8,1699,N,True
4,bot6__8,bot65__5,1699,N,True
4,bot10__6,bot65__5,1699,N,True
4,reel30__2,reel67__7,1699,N,True
4,reel9__4,reel67__7,1699,N,True
4,reel14__4,bot73__8,1699,N,True
4,reel9__2,bot73__8,1699,N,True
4,reel20__5,bot23__1,1699,N,True
4,reel8__4,bot23__1,1699,N,True
4,bot25__9,bot23__1,1699,N,True
4,bot25__9,bot44__2,1699,N,True
4,reel30__2,bot68__2,1699,N,True
4,reel24__2,reel70__5,1699,N,True
4,reel33__1,reel70__5,1699,N,True
4,reel43__9,bot68__0,1699,N,True
4,reel15__7,bot83__2,1699,N,True
4,reel11__6,bot83__2,1699,N,True
4,bot61__2,bot33__6,1699,N,True
4,reel0__6,bot33__6,1699,N,True
4,reel27__8,bot74__8,1699,N,True
4,reel41__7,bot74__8,1699,N,True
4,reel13__3,bot78__4,1699,N,True
4,reel7__0,bot28__0,1699,N,True
4,bot23__8,bot28__0,1699,N,True
4,bot64__4,reel49__8,1699,N,True
4,reel44__9,reel49__8,1699,N,True
4,bot64__4,bot74__9,1699,N,True
4,bot11__7,bot74__9,1699,N,True
4,bot36__0,bot46__6,1699,N,True
4,reel12__4,bot46__6,1699,N,True
4,bot23__3,bot46__6,1699,N,True
4,reel11__4,bot28__1,1699,N,True
4,bot22__4,bot28__1,1699,N,True
4,reel16__7,bot28__1,1699,N,True
4,reel2__6,bot22__9,1699,N,True
4,reel2__6,reel34__6,1699,N,True
4,reel26__1,bot43__7,1699,N,True
4,reel26__1,bot54__2,1699,N,True
4,bot29__4,bot75__0,1699,N,True
4,bot70__4,bot75__0,1699,N,True
4,reel35__3,reel51__7,1699,N,True
4,reel73__4,reel51__7,1699,N,True
4,reel24__5,reel51__7,1699,N,True
4,reel35__3,reel64__1,1699,N,True
4,bot70__1,bot75__4,1699,N,True
4,bot70__1,bot78__5,1699,N,True
4,reel40__2,bot48__1,1699,N,True
4,bot9__3,bot48__1,1699,N,True
4,bot14__4,reel1__4,1699,N,True
4,reel28__4,reel1__4,1699,N,True
4,reel2__1,reel1__4,1699,N,True
4,reel39__7,reel46__9,1699,N,True
4,reel39__7,bot57__5,1699,N,True
4,reel78__1,reel21__6,1699,N,True
4,reel74__9,reel21__6,1699,N,True
4,reel16__7,reel21__6,1699,N,True
4,reel22__0,reel36__0,1699,N,True
4,reel29__0,reel36__0,1699,N,True
4,reel44__2,reel36__1,1699,N,True
4,reel31__4,reel36__1,1699,N,True
4,bot10__4,bot49__2,1699,N,True
4,reel25__7,bot72__4,1699,N,True
4,bot29__5,bot52__2,1699,N,True
4,reel11__4,reel80__1,1699,N,True
4,reel11__4,bot84__2,1699,N,True
4,reel49__1,bot84__2,1699,N,True
4,reel3__4,reel63__1,1699,N,True
4,reel69__4,reel63__1,1699,N,True
4,reel57__3,reel63__1,1699,N,True
4,reel0__8,bot73__5,1699,N,True
4,reel58__0,bot61__1,1699,N,True
4,reel48__4,reel51__9,1699,N,True
4,reel67__5,reel69__9,1699,N,True
4,reel60__9,reel69__9,1699,N,True
4,reel8__1,reel56__3,1699,N,True
4,reel17__0,bot59__0,1699,N,True
4,reel13__0,reel76__2,1699,N,True
4,reel21__0,reel76__2,1699,N,True
4,reel10__8,bot72__5,1699,N,True
4,bot60__2,bot70__8,1699,N,True
4,bot46__7,bot70__8,1699,N,True
4,bot60__2,bot81__6,1699,N,True
4,reel60__5,bot81__6,1699,N,True
4,reel19__2,bot79__8,1699,N,True
4,bot10__6,bot79__8,1699,N,True
4,bot57__9,bot65__3,1699,N,True
4,bot13__9,bot65__3,1699,N,True
4,reel64__0,bot76__5,1699,N,True
4,reel24__5,reel57__9,1699,N,True
4,reel22__5,reel57__9,1699,N,True
4,reel63__0,reel57__9,1699,N,True
4,bot0__5,bot56__8,1699,N,True
4,bot6__2,bot71__8,1699,N,True
4,bot6__4,bot3__6,1699,N,True
4,bot2__1,bot3__6,1699,N,True
4,bot44__0,bot3__6,1699,N,True
4,bot2__1,bot58__4,1699,N,True
4,bot11__3,bot58__4,1699,N,True
4,bot12__8,bot65__6,1699,N,True
4,reel20__4,reel25__9,1699,N,True
4,reel19__5,reel25__9,1699,N,True
4,bot28__3,bot55__0,1699,N,True
4,reel32__0,bot55__0,1699,N,True
4,reel1__9,bot55__0,1699,N,True
4,reel20__6,reel43__5,1699,N,True
4,reel22__2,reel43__5,1699,N,True
4,reel28__9,reel43__5,1699,N,True
4,reel8__4,bot14__6,1699,N,True
4,bot29__1,bot14__6,1699,N,True
4,reel37__1,bot57__1,1699,N,True
4,reel24__0,bot57__1,1699,N,True
4,bot11__0,bot29__0,1699,N,True
4,bot20__0,bot29__0,1699,N,True
4,bot11__2,bot29__0,1699,N,True
4,bot11__2,bot50__3,1699,N,True
4,bot11__2,bot84__8,1699,N,True
4,reel2__9,reel74__4,1699,N,True
4,reel48__3,reel74__4,1699,N,True
4,reel10__6,reel74__4,1699,N,True
4,reel23__3,reel75__1,1699,N,True
4,reel8__2,reel66__4,1699,N,True
4,reel19__4,bot23__2,1699,N,True
4,reel20__0,bot23__2,1699,N,True
4,bot30__0,bot65__7,1699,N,True
4,reel19__4,bot65__7,1699,N,True
4,reel19__4,reel75__4,1699,N,True
4,reel22__5,bot23__6,1699,N,True
4,reel14__2,bot23__6,1699,N,True
4,reel59__2,bot61__8,1699,N,True
4,reel59__2,reel79__1,1699,N,True
4,reel35__4,reel79__1,1699,N,True
4,reel59__2,reel80__6,1699,N,True
4,reel59__2,reel81__9,1699,N,True
4,bot82__3,reel51__8,1699,N,True
4,reel44__0,reel51__8,1699,N,True
4,bot2__4,bot27__4,1699,N,True
4,bot73__9,bot53__4,1699,N,True
4,bot34__8,bot23__4,1699,N,True
4,reel41__7,reel43__2,1699,N,True
4,reel16__7,reel43__2,1699,N,True
4,reel16__7,bot51__3,1699,N,True
4,reel60__7,reel73__3,1699,N,True
4,reel10__2,bot63__3,1699,N,True
4,reel23__4,reel52__2,1699,N,True
4,reel23__4,reel59__1,1699,N,True
4,reel19__1,bot29__2,1699,N,True
4,reel2__1,bot29__2,1699,N,True
4,bot64__8,bot53__2,1699,N,True
4,reel5__8,reel64__3,1699,N,True
4,reel0__0,reel64__3,1699,N,True
4,reel7__1,bot72__9,1699,N,True
4,bot33__9,bot44__7,1699,N,True
4,bot70__2,bot44__7,1699,N,True
4,reel1__8,reel56__1,1699,N,True
4,reel34__5,reel56__1,1699,N,True
4,bot41__1,bot82__2,1699,N,True
4,bot6__4,bot82__2,1699,N,True
4,reel6__4,reel45__1,1699,N,True
4,bot56__7,bot55__8,1699,N,True
4,reel22__1,bot25__1,1699,N,True
4,bot23__5,bot84__0,1699,N,True
4,reel41__8,bot84__0,1699,N,True
4,bot46__4,bot84__0,1699,N,True
4,bot2__8,bot14__0,1699,N,True
4,reel27__5,bot37__4,1699,N,True
4,reel76__3,reel59__8,1699,N,True
4,reel52__3,reel59__8,1699,N,True
4,reel82__4,reel59__8,1699,N,True
4,reel34__9,bot56__4,1699,N,True
4,reel9__0,bot56__4,1699,N,True
4,reel52__3,reel78__0,1699,N,True
4,reel12__4,reel38__0,1699,N,True
4,reel5__3,bot26__7,1699,N,True
4,bot30__8,bot62__6,1699,N,True
4,bot37__9,bot1__5,1699,N,True
4,bot37__9,bot58__7,1699,N,True
4,bot26__8,bot49__7,1699,N,True
4,reel22__2,bot49__7,1699,N,True
4,reel16__4,bot49__7,1699,N,True
4,bot70__6,reel68__3,1699,N,True
4,reel30__7,reel68__3,1699,N,True
4,reel8__6,bot33__8,1699,N,True
4,reel48__3,bot64__2,1699,N,True
4,reel5__8,bot30__9,1699,N,True
4,bot0__9,bot30__9,1699,N,True
4,bot0__9,bot9__2,1699,N,True
4,bot56__2,bot9__2,1699,N,True
4,reel10__4,reel54__7,1699,N,True
4,reel4__4,reel54__7,1699,N,True
4,reel48__5,bot73__0,1699,N,True
4,reel6__8,reel59__6,1699,N,True
4,reel27__4,reel45__5,1699,N,True
4,reel21__1,reel45__5,1699,N,True
4,reel71__5,reel45__7,1699,N,True
4,bot6__0,bot12__0,1699,N,True
4,reel4__4,reel54__3,1699,N,True
4,bot11__6,bot28__8,1699,N,True
4,bot13__0,bot28__8,1699,N,True
4,bot32__8,bot48__7,1699,N,True
4,reel11__8,reel13__9,1699,N,True
4,reel9__2,reel13__9,1699,N,True
4,reel15__0,reel13__9,1699,N,True
4,reel9__2,bot42__9,1699,N,True
4,reel9__2,bot75__7,1699,N,True
4,reel37__4,bot48__5,1699,N,True
4,reel32__2,reel72__8,1699,N,True
4,reel24__6,bot27__9,1699,N,True
4,reel14__6,bot32__7,1699,N,True
4,reel14__6,bot58__5,1699,N,True
4,reel50__0,reel61__7,1699,N,True
4,reel83__5,reel73__6,1699,N,True
4,bot3__2,bot67__8,1699,N,True
4,reel22__5,bot74__0,1699,N,True
4,bot32__1,bot60__3,1699,N,True
4,reel15__0,bot19__2,1699,N,True
4,reel1__3,bot54__0,1699,N,True
4,reel46__2,bot54__0,1699,N,True
4,reel65__6,bot66__2,1699,N,True
4,reel47__5,bot59__8,1699,N,True
4,bot71__3,bot84__7,1699,N,True
4,reel14__7,bot72__7,1699,N,True
5,bot8__8,bot80__8,1680,N,False
5,bot36__8,reel34__9,1680,N,False
5,reel36__1,reel44__2,1680,N,False
5,reel49__5,reel44__2,1680,N,False
5,reel37__9,reel44__2,1680,N,False
5,reel35__9,reel55__2,1680,N,False
5,reel35__9,reel65__8,1680,N,False
5,reel78__2,reel65__8,1680,N,False
5,reel52__6,reel59__3,1680,N,False
5,reel7__2,reel39__6,1680,N,False
5,reel67__3,reel39__6,1680,N,False
5,reel5__9,reel27__8,1680,N,False
5,bot33__1,reel27__8,1680,N,False
5,bot80__7,reel27__8,1680,N,False
5,bot30__2,reel27__8,1680,N,False
5,bot33__1,bot48__8,1680,N,False
5,bot60__5,reel56__4,1680,N,False
5,bot72__3,reel56__4,1680,N,False
5,bot60__5,bot73__7,1680,N,False
5,bot25__8,bot16__5,1680,N,False
5,reel13__3,bot16__5,1680,N,False
5,reel11__3,bot16__5,1680,N,False
5,reel25__4,reel68__1,1680,N,False
5,reel11__3,reel68__1,1680,N,False
5,reel76__6,reel48__7,1680,N,False
5,bot49__4,reel48__7,1680,N,False
5,reel27__2,reel48__7,1680,N,False
5,reel69__5,reel75__5,1680,N,False
5,bot11__2,bot84__8,1680,N,False
5,reel69__5,bot84__8,1680,N,False
5,reel7__9,bot17__2,1680,N,False
5,bot37__7,bot17__2,1680,N,False
5,bot13__8,bot17__2,1680,N,False
5,reel1__5,reel7__8,1680,N,False
5,reel60__0,reel7__8,1680,N,False
5,reel75__0,reel7__8,1680,N,False
5,reel20__8,bot27__5,1680,N,False
5,reel53__5,reel78__5,1680,N,False
5,bot22__1,bot38__5,1680,N,False
5,reel35__2,bot38__5,1680,N,False
5,reel35__0,bot38__5,1680,N,False
5,bot22__1,bot79__9,1680,N,False
5,bot3__1,bot13__6,1680,N,False
5,bot36__2,bot13__6,1680,N,False
5,reel3__0,reel32__3,1680,N,False
5,reel3__0,bot34__3,1680,N,False
5,reel6__3,bot34__3,1680,N,False
5,reel25__3,bot34__3,1680,N,False
5,reel3__0,reel44__3,1680,N,False
5,reel44__1,reel66__2,1680,N,False
5,reel71__3,reel66__2,1680,N,False
5,reel28__1,reel66__2,1680,N,False
5,bot7__6,bot12__5,1680,N,False
5,bot33__3,bot12__5,1680,N,False
5,bot4__4,bot12__5,1680,N,False
5,bot23__4,bot12__5,1680,N,False
5,bot19__3,bot45__2,1680,N,False
5,bot7__6,bot45__2,1680,N,False
5,bot55__6,bot45__2,1680,N,False
5,bot7__6,bot84__1,1680,N,False
5,reel14__0,bot35__0,1680,N,False
5,reel55__7,reel36__4,1680,N,False
5,reel14__0,reel36__4,1680,N,False
5,reel5__5,bot70__5,1680,N,False
5,reel14__0,bot70__5,1680,N,False
5,reel14__0,reel77__7,1680,N,False
5,reel57__1,bot73__4,1680,N,False
5,reel9__3,bot26__1,1680,N,False
5,reel9__3,reel50__6,1680,N,False
5,reel38__8,reel17__7,1680,N,False
5,reel38__8,reel55__0,1680,N,False
5,reel72__0,reel55__0,1680,N,False
5,bot37__7,reel14__5,1680,N,False
5,reel11__5,reel14__5,1680,N,False
5,reel33__8,reel14__5,1680,N,False
5,reel13__1,reel14__5,1680,N,False
5,reel21__1,reel14__5,1680,N,False
5,reel11__5,bot36__6,1680,N,False
5,reel20__4,bot34__0,1680,N,False
5,bot63__4,bot34__0,1680,N,False
5,reel27__7,bot50__8,1680,N,False
5,bot35__6,bot45__1,1680,N,False
5,bot74__5,bot45__1,1680,N,False
5,reel57__4,bot83__3,1680,N,False
5,reel22__0,bot46__3,1680,N,False
5,reel34__0,bot46__3,1680,N,False
5,reel28__1,bot72__1,1680,N,False
5,reel34__0,bot72__1,1680,N,False
5,reel35__7,reel41__5,1680,N,False
5,reel6__7,reel41__5,1680,N,False
5,reel50__5,reel41__5,1680,N,False
5,bot55__6,bot84__5,1680,N,False
5,reel50__5,bot84__5,1680,N,False
5,reel70__8,bot84__5,1680,N,False
5,reel7__4,bot28__6,1680,N,False
5,reel10__4,reel37__0,1680,N,False
5,reel7__4,reel37__0,1680,N,False
5,reel48__1,reel56__2,1680,N,False
5,bot49__9,bot52__0,1680,N,False
5,reel25__4,bot79__7,1680,N,False
5,bot49__9,bot79__7,1680,N,False
5,reel8__7,reel14__7,1680,N,False
5,reel5__2,bot18__5,1680,N,False
5,reel5__2,reel46__8,1680,N,False
5,reel28__8,reel82__1,1680,N,False
5,reel33__0,reel82__1,1680,N,False
5,reel42__3,reel45__1,1680,N,False
5,reel80__9,reel45__1,1680,N,False
5,reel6__4,reel45__1,1680,N,False
5,reel42__3,bot60__6,1680,N,False
5,bot10__1,bot60__6,1680,N,False
5,reel59__6,reel6__8,1680,N,False
5,bot4__4,bot17__4,1680,N,False
5,bot34__7,reel14__2,1680,N,False
5,bot23__6,reel14__2,1680,N,False
5,reel27__2,reel49__0,1680,N,False
5,reel27__2,reel54__0,1680,N,False
5,reel2__4,reel54__0,1680,N,False
5,reel62__7,reel28__6,1680,N,False
5,bot30__1,reel28__6,1680,N,False
5,reel62__7,reel71__4,1680,N,False
5,reel70__6,reel71__4,1680,N,False
5,bot19__3,bot49__0,1680,N,False
5,bot10__1,bot49__0,1680,N,False
5,reel30__5,reel46__1,1680,N,False
5,bot25__1,bot16__4,1680,N,False
5,bot37__7,bot38__7,1680,N,False
5,bot16__2,bot38__7,1680,N,False
5,bot28__2,bot70__7,1680,N,False
5,reel56__8,bot70__7,1680,N,False
5,bot80__9,reel39__0,1680,N,False
5,reel46__5,reel39__0,1680,N,False
5,reel46__5,reel38__7,1680,N,False
5,reel46__5,reel63__6,1680,N,False
5,bot77__4,reel38__9,1680,N,False
5,reel35__2,reel38__9,1680,N,False
5,reel67__1,reel33__1,1680,N,False
5,reel67__1,reel81__4,1680,N,False
5,reel35__1,bot47__9,1680,N,False
5,bot18__1,bot47__9,1680,N,False
5,reel12__8,reel23__2,1680,N,False
5,reel12__8,bot37__6,1680,N,False
5,reel12__8,bot63__5,1680,N,False
5,bot24__5,bot29__9,1680,N,False
5,bot4__1,bot29__9,1680,N,False
5,bot4__1,bot69__4,1680,N,False
5,bot7__3,bot69__4,1680,N,False
5,reel2__4,bot42__4,1680,N,False
5,reel20__0,reel59__7,1680,N,False
5,reel2__4,reel59__7,1680,N,False
5,bot3__7,bot20__2,1680,N,False
5,reel7__7,bot20__2,1680,N,False
5,reel7__7,reel42__1,1680,N,False
5,reel7__7,reel70__0,1680,N,False
5,bot15__9,bot42__8,1680,N,False
5,reel67__3,reel61__8,1680,N,False
5,reel67__3,bot81__4,1680,N,False
5,bot9__0,bot70__8,1680,N,False
5,bot46__7,bot70__8,1680,N,False
5,reel14__8,bot25__9,1680,N,False
5,bot44__2,bot25__9,1680,N,False
5,bot36__0,bot25__9,1680,N,False
5,bot44__2,bot33__5,1680,N,False
5,bot23__3,bot55__9,1680,N,False
5,bot10__7,bot55__9,1680,N,False
5,reel2__7,bot45__4,1680,N,False
5,reel24__0,bot45__4,1680,N,False
5,reel2__7,reel78__8,1680,N,False
5,reel33__8,reel41__6,1680,N,False
5,bot25__7,reel7__1,1680,N,False
5,reel1__5,reel7__1,1680,N,False
5,reel21__0,reel74__2,1680,N,False
5,reel1__5,reel74__2,1680,N,False
5,reel71__6,reel26__0,1680,N,False
5,reel4__9,reel26__0,1680,N,False
5,reel13__1,reel26__0,1680,N,False
5,reel56__7,reel26__0,1680,N,False
5,reel4__9,reel56__6,1680,N,False
5,reel47__8,reel58__8,1680,N,False
5,reel43__0,reel33__2,1680,N,False
5,reel43__0,bot59__6,1680,N,False
5,bot9__1,bot59__6,1680,N,False
5,bot43__6,bot59__2,1680,N,False
5,reel21__7,reel26__1,1680,N,False
5,bot54__2,reel26__1,1680,N,False
5,reel49__3,bot77__7,1680,N,False
5,reel30__8,reel43__3,1680,N,False
5,reel34__7,reel54__1,1680,N,False
5,reel55__7,reel48__0,1680,N,False
5,bot53__7,reel48__0,1680,N,False
5,reel37__1,reel48__0,1680,N,False
5,bot68__0,reel43__9,1680,N,False
5,reel35__2,reel43__9,1680,N,False
5,reel3__6,reel43__8,1680,N,False
5,reel3__8,reel25__2,1680,N,False
5,reel36__8,reel25__2,1680,N,False
5,bot50__5,reel25__2,1680,N,False
5,reel24__1,bot56__9,1680,N,False
5,reel22__2,bot76__9,1680,N,False
5,reel24__1,bot76__9,1680,N,False
5,reel13__2,reel66__1,1680,N,False
5,reel40__9,bot52__9,1680,N,False
5,reel13__5,bot19__0,1680,N,False
5,bot32__9,bot19__0,1680,N,False
5,bot19__3,bot21__2,1680,N,False
5,reel14__4,bot21__2,1680,N,False
5,bot37__8,bot21__2,1680,N,False
5,reel13__1,reel39__9,1680,N,False
5,reel76__3,reel82__0,1680,N,False
5,reel13__1,reel82__0,1680,N,False
5,reel37__9,reel82__0,1680,N,False
5,bot16__3,bot69__9,1680,N,False
5,reel9__9,reel17__0,1680,N,False
5,reel23__6,reel67__9,1680,N,False
5,reel0__6,reel67__9,1680,N,False
5,reel70__6,reel62__2,1680,N,False
5,reel9__2,reel62__2,1680,N,False
5,reel32__9,bot41__2,1680,N,False
5,reel32__9,reel63__2,1680,N,False
5,reel13__3,reel31__7,1680,N,False
5,reel13__3,reel65__5,1680,N,False
5,reel13__3,bot72__0,1680,N,False
5,reel50__2,reel53__8,1680,N,False
5,bot6__5,reel2__1,1680,N,False
5,reel62__6,reel2__1,1680,N,False
5,reel7__0,reel4__4,1680,N,False
5,bot5__6,reel4__4,1680,N,False
5,reel7__0,reel36__5,1680,N,False
5,bot18__1,bot24__9,1680,N,False
5,reel20__5,bot26__4,1680,N,False
5,bot34__4,bot26__4,1680,N,False
5,bot37__8,bot26__4,1680,N,False
5,reel8__8,reel80__0,1680,N,False
5,reel28__1,reel80__0,1680,N,False
5,bot36__2,bot57__4,1680,N,False
5,bot36__0,bot46__6,1680,N,False
5,reel12__4,bot46__6,1680,N,False
5,bot23__3,bot46__6,1680,N,False
5,bot29__4,bot68__3,1680,N,False
5,bot29__4,bot75__0,1680,N,False
5,reel6__7,bot13__4,1680,N,False
5,bot30__2,bot12__7,1680,N,False
5,reel10__4,reel38__4,1680,N,False
5,reel20__3,reel38__4,1680,N,False
5,bot10__4,bot7__9,1680,N,False
5,reel5__5,bot7__9,1680,N,False
5,reel5__5,bot11__8,1680,N,False
5,reel5__5,bot33__2,1680,N,False
5,reel12__1,reel48__3,1680,N,False
5,reel5__5,reel48__3,1680,N,False
5,reel2__2,reel23__9,1680,N,False
5,reel2__2,bot27__0,1680,N,False
5,bot10__4,bot15__4,1680,N,False
5,bot10__4,bot49__2,1680,N,False
5,reel37__9,bot52__6,1680,N,False
5,bot24__5,bot60__0,1680,N,False
5,bot42__5,bot26__3,1680,N,False
5,bot12__6,bot26__3,1680,N,False
5,reel46__3,reel63__8,1680,N,False
5,reel63__5,bot64__0,1680,N,False
5,reel61__2,bot67__8,1680,N,False
5,bot3__2,bot67__8,1680,N,False
5,bot30__1,bot51__2,1680,N,False
5,reel52__2,reel79__5,1680,N,False
5,bot13__9,bot16__1,1680,N,False
5,reel22__4,reel62__8,1680,N,False
5,reel12__1,reel35__3,1680,N,False
5,bot70__0,bot46__0,1680,N,False
5,reel10__2,bot70__9,1680,N,False
5,bot57__3,bot70__9,1680,N,False
5,reel14__8,reel19__9,1680,N,False
5,bot29__1,bot8__9,1680,N,False
5,reel68__8,bot70__4,1680,N,False
5,bot7__5,bot43__4,1680,N,False
5,reel11__7,bot24__2,1680,N,False
5,reel11__7,bot50__7,1680,N,False
5,bot15__2,bot50__7,1680,N,False
5,bot42__0,bot50__1,1680,N,False
5,bot11__2,bot50__1,1680,N,False
5,reel51__9,reel48__4,1680,N,False
5,reel68__0,reel62__1,1680,N,False
5,reel29__3,reel62__1,1680,N,False
5,reel51__9,reel62__1,1680,N,False
5,reel4__3,bot27__8,1680,N,False
5,reel10__4,bot27__8,1680,N,False
5,reel4__3,reel73__6,1680,N,False
5,bot32__4,bot33__7,1680,N,False
5,bot32__4,bot62__1,1680,N,False
5,reel38__6,bot62__1,1680,N,False
5,bot71__3,bot84__7,1680,N,False
5,reel67__8,bot84__7,1680,N,False
5,bot23__7,reel20__9,1680,N,False
5,bot23__7,bot45__0,1680,N,False
5,reel43__7,bot54__5,1680,N,False
5,reel61__9,reel54__5,1680,N,False
5,reel61__9,bot68__9,1680,N,False
5,reel7__9,bot9__8,1680,N,False
5,reel7__9,bot49__1,1680,N,False
5,reel21__2,bot44__7,1680,N,False
5,reel21__2,reel45__4,1680,N,False
5,reel21__2,bot47__8,1680,N,False
5,reel9__6,reel45__8,1680,N,False
5,reel9__6,bot55__1,1680,N,False
5,reel9__6,bot57__6,1680,N,False
5,reel9__6,reel69__3,1680,N,False
5,bot54__0,reel1__3,1680,N,False
5,bot8__6,bot12__4,1680,N,False
5,bot4__0,bot10__5,1680,N,False
5,bot42__6,bot10__5,1680,N,False
5,bot4__0,bot65__8,1680,N,False
5,reel35__6,bot48__5,1680,N,False
5,reel35__6,bot81__1,1680,N,False
5,bot15__2,bot80__6,1680,N,False
5,reel80__4,reel73__9,1680,N,False
5,reel24__0,reel64__2,1680,N,False
5,bot51__8,reel8__9,1680,N,False
5,bot43__0,reel8__9,1680,N,False
5,reel1__8,reel57__7,1680,N,False
5,reel53__9,bot62__3,1680,N,False
5,bot42__0,bot58__4,1680,N,False
5,bot20__5,bot18__3,1680,N,False
5,reel9__2,bot75__7,1680,N,False
5,reel35__0,bot75__7,1680,N,False
5,bot22__0,bot76__8,1680,N,False
5,reel30__6,bot84__6,1680,N,False
5,bot37__1,bot46__9,1680,N,False
5,bot22__8,bot39__1,1680,N,False
5,bot27__1,bot34__1,1680,N,False
5,bot41__0,bot34__1,1680,N,False
5,bot30__0,bot65__7,1680,N,False
5,reel27__1,reel69__1,1680,N,False
5,reel56__8,reel82__9,1680,N,False
5,reel29__3,bot82__0,1680,N,False
5,reel75__0,bot82__0,1680,N,False
5,bot0__9,bot11__3,1680,N,False
5,bot7__3,bot11__3,1680,N,False
5,reel67__5,reel69__9,1680,N,False
5,reel67__5,reel81__8,1680,N,False
5,reel27__4,reel45__5,1680,N,False
5,reel21__1,reel45__5,1680,N,False
5,reel41__3,bot76__0,1680,N,False
5,bot72__3,reel51__0,1680,N,False
5,reel9__2,bot42__9,1680,N,False
5,reel9__2,reel52__9,1680,N,False
5,reel73__4,reel51__7,1680,N,False
5,reel38__5,reel40__6,1680,N,False
5,reel23__6,reel54__2,1680,N,False
5,reel38__5,reel54__2,1680,N,False
5,reel32__2,reel72__8,1680,N,False
5,reel14__6,bot58__5,1680,N,False
5,reel38__6,bot58__5,1680,N,False
5,reel26__2,bot27__7,1680,N,False
5,bot4__2,bot27__7,1680,N,False
5,reel20__0,reel70__3,1680,N,False
5,reel26__2,reel80__5,1680,N,False
5,reel20__0,reel80__5,1680,N,False
5,bot45__5,bot20__3,1680,N,False
5,reel26__2,reel32__4,1680,N,False
5,reel26__2,bot65__6,1680,N,False
5,bot16__2,bot17__1,1680,N,False
5,bot16__2,bot67__2,1680,N,False
5,bot9__3,bot48__1,1680,N,False
5,bot0__9,bot9__2,1680,N,False
5,reel38__2,reel8__0,1680,N,False
5,reel38__2,reel45__7,1680,N,False
5,reel38__6,reel16__7,1680,N,False
5,reel50__3,reel34__8,1680,N,False
5,reel50__3,bot66__5,1680,N,False
5,bot14__2,bot82__5,1680,N,False
5,bot14__2,bot84__9,1680,N,False
5,bot27__9,bot28__9,1680,N,False
5,reel25__3,reel34__2,1680,N,False
5,reel25__3,reel69__4,1680,N,False
5,reel23__6,bot33__4,1680,N,False
5,306,195,1682,N,False
5,306,78,1682,N,False
5,reel50__9,78,1682,N,False
5,306,181,1682,N,False
5,bot4__0,181,1682,N,False
5,340,bot21__3,1682,N,False
5,340,reel37__9,1682,N,False
5,reel33__1,reel61__8,1682,N,False
5,reel67__3,reel61__8,1682,N,False
5,bot38__5,reel35__2,1682,N,False
5,321,reel14__0,1682,N,False
5,reel23__1,reel14__0,1682,N,False
5,reel36__4,reel14__0,1682,N,False
5,reel2__8,reel14__0,1682,N,False
5,reel36__4,reel55__7,1682,N,False
5,reel48__0,reel55__7,1682,N,False
5,316,reel17__1,1682,N,False
5,316,reel83__3,1682,N,False
5,bot47__8,bot55__9,1682,N,False
5,reel67__2,reel61__3,1682,N,False
5,147,reel61__3,1682,N,False
5,reel2__8,bot26__3,1682,N,False
5,reel0__4,151,1682,N,False
5,reel0__4,reel14__9,1682,N,False
5,reel7__4,reel14__9,1682,N,False
5,321,reel31__4,1682,N,False
5,reel36__1,reel31__4,1682,N,False
5,reel15__4,reel31__4,1682,N,False
5,reel8__1,reel56__3,1682,N,False
5,reel8__1,reel66__7,1682,N,False
5,bot23__4,bot34__8,1682,N,False
5,reel7__2,reel14__4,1682,N,False
5,reel12__0,reel14__4,1682,N,False
5,bot73__8,reel14__4,1682,N,False
5,bot73__8,reel39__2,1682,N,False
5,bot22__7,286,1682,N,False
5,reel31__1,reel43__1,1682,N,False
5,263,bot38__9,1682,N,False
5,reel28__1,bot38__9,1682,N,False
5,reel2__7,reel16__8,1682,N,False
5,reel6__5,reel16__8,1682,N,False
5,bot63__3,reel16__8,1682,N,False
5,reel40__9,reel23__3,1682,N,False
5,reel2__7,reel23__3,1682,N,False
5,reel2__7,reel30__1,1682,N,False
5,reel33__8,219,1682,N,False
5,147,219,1682,N,False
5,reel33__8,reel41__6,1682,N,False
5,reel33__8,reel66__8,1682,N,False
5,20,343,1682,N,False
5,bot19__7,343,1682,N,False
5,333,343,1682,N,False
5,44,343,1682,N,False
5,bot37__2,343,1682,N,False
5,305,312,1682,N,False
5,20,312,1682,N,False
5,reel6__5,312,1682,N,False
5,bot10__8,312,1682,N,False
5,44,312,1682,N,False
5,44,111,1682,N,False
5,93,111,1682,N,False
5,20,111,1682,N,False
5,reel31__8,reel12__1,1682,N,False
5,reel0__2,reel12__1,1682,N,False
5,reel31__8,bot33__4,1682,N,False
5,bot68__9,bot33__4,1682,N,False
5,bot25__7,bot2__7,1682,N,False
5,bot13__8,bot2__7,1682,N,False
5,bot57__7,reel35__4,1682,N,False
5,reel12__0,reel35__4,1682,N,False
5,reel39__8,reel35__4,1682,N,False
5,bot43__2,bot9__5,1682,N,False
5,reel48__7,reel62__5,1682,N,False
5,reel48__7,reel73__6,1682,N,False
5,reel48__7,reel76__6,1682,N,False
5,333,2,1682,N,False
5,20,2,1682,N,False
5,reel11__3,2,1682,N,False
5,27,bot29__3,1682,N,False
5,bot26__5,bot29__3,1682,N,False
5,27,reel38__3,1682,N,False
5,27,reel71__6,1682,N,False
5,bot43__6,bot82__3,1682,N,False
5,bot84__8,bot11__2,1682,N,False
5,reel14__6,167,1682,N,False
5,93,167,1682,N,False
5,reel58__4,167,1682,N,False
5,bot13__8,167,1682,N,False
5,93,310,1682,N,False
5,reel5__2,310,1682,N,False
5,93,337,1682,N,False
5,bot14__5,337,1682,N,False
5,bot9__3,337,1682,N,False
5,93,bot3__2,1682,N,False
5,93,reel73__9,1682,N,False
5,bot81__1,reel73__9,1682,N,False
5,reel62__2,bot72__8,1682,N,False
5,reel62__2,reel72__6,1682,N,False
5,reel39__7,reel72__6,1682,N,False
5,68,225,1682,N,False
5,143,225,1682,N,False
5,227,225,1682,N,False
5,278,225,1682,N,False
5,68,bot4__7,1682,N,False
5,68,reel4__7,1682,N,False
5,68,reel27__9,1682,N,False
5,reel58__4,reel63__6,1682,N,False
5,68,reel63__6,1682,N,False
5,68,bot79__4,1682,N,False
5,68,reel79__2,1682,N,False
5,49,255,1682,N,False
5,bot19__5,245,1682,N,False
5,bot18__2,245,1682,N,False
5,bot18__2,bot32__5,1682,N,False
5,bot19__5,bot34__0,1682,N,False
5,reel24__8,86,1682,N,False
5,227,86,1682,N,False
5,278,86,1682,N,False
5,278,bot10__0,1682,N,False
5,reel12__0,bot24__4,1682,N,False
5,278,bot24__4,1682,N,False
5,278,reel24__9,1682,N,False
5,bot7__5,bot40__4,1682,N,False
5,bot7__5,bot43__4,1682,N,False
5,reel56__0,reel51__0,1682,N,False
5,reel39__8,reel51__0,1682,N,False
5,bot68__0,reel43__9,1682,N,False
5,bot68__0,bot17__0,1682,N,False
5,bot77__7,reel59__3,1682,N,False
5,reel55__9,reel79__7,1682,N,False
5,bot7__9,bot10__4,1682,N,False
5,reel24__1,112,1682,N,False
5,reel12__0,112,1682,N,False
5,reel21__1,112,1682,N,False
5,305,reel55__8,1682,N,False
5,reel81__9,reel59__2,1682,N,False
5,bot41__2,bot28__7,1682,N,False
5,bot9__2,bot28__7,1682,N,False
5,47,bot55__2,1682,N,False
5,bot40__1,bot55__2,1682,N,False
5,bot7__3,bot11__3,1682,N,False
5,bot16__2,bot17__1,1682,N,False
5,bot53__9,bot17__1,1682,N,False
5,bot53__9,bot84__1,1682,N,False
5,reel14__2,reel49__6,1682,N,False
5,147,bot13__9,1682,N,False
5,bot65__3,bot13__9,1682,N,False
5,bot2__4,bot11__0,1682,N,False
5,bot2__4,bot19__6,1682,N,False
5,bot36__4,bot45__3,1682,N,False
5,reel24__3,bot28__6,1682,N,False
5,reel7__4,bot28__6,1682,N,False
5,reel15__4,124,1682,N,False
5,reel15__4,reel26__7,1682,N,False
5,reel30__2,282,1682,N,False
5,reel30__2,bot68__2,1682,N,False
5,bot44__0,bot51__8,1682,N,False
5,bot44__0,bot58__6,1682,N,False
5,reel6__5,bot30__3,1682,N,False
5,reel6__5,bot35__6,1682,N,False
5,216,reel68__8,1682,N,False
5,bot70__4,reel68__8,1682,N,False
5,bot70__4,bot75__0,1682,N,False
5,bot64__5,reel40__1,1682,N,False
5,bot68__9,bot50__1,1682,N,False
5,bot68__9,bot83__3,1682,N,False
5,reel56__6,reel49__2,1682,N,False
5,reel51__5,reel49__2,1682,N,False
5,reel7__4,bot67__6,1682,N,False
5,reel21__1,reel45__5,1682,N,False
5,reel21__1,reel53__6,1682,N,False
5,reel45__1,bot54__4,1682,N,False
5,227,bot11__4,1682,N,False
5,227,reel24__0,1682,N,False
5,227,reel29__0,1682,N,False
5,227,reel50__8,1682,N,False
5,bot3__9,319,1682,N,False
5,147,319,1682,N,False
5,reel22__9,89,1682,N,False
5,147,89,1682,N,False
5,147,reel36__9,1682,N,False
5,147,reel68__0,1682,N,False
5,bot64__6,bot75__2,1682,N,False
5,bot59__3,bot78__0,1682,N,False
5,333,bot47__2,1682,N,False
5,reel39__7,bot47__2,1682,N,False
5,reel12__0,bot41__4,1682,N,False
5,reel12__0,reel64__5,1682,N,False
5,143,bot52__0,1682,N,False
5,reel14__6,reel68__6,1682,N,False
5,bot4__2,bot27__7,1682,N,False
5,47,301,1682,N,False
5,bot0__4,301,1682,N,False
5,bot26__5,bot2__6,1682,N,False
5,reel2__1,bot29__2,1682,N,False
5,reel5__2,bot25__4,1682,N,False
5,reel22__9,reel46__8,1682,N,False
5,reel5__2,reel46__8,1682,N,False
5,reel5__2,reel69__2,1682,N,False
5,reel69__4,reel31__6,1682,N,False
5,reel28__1,reel31__6,1682,N,False
5,bot47__4,reel31__6,1682,N,False
5,reel54__5,reel76__5,1682,N,False
5,reel28__1,bot47__1,1682,N,False
5,reel28__1,reel66__2,1682,N,False
5,reel28__1,bot72__1,1682,N,False
5,reel18__3,bot19__3,1682,N,False
5,216,bot30__1,1682,N,False
5,bot3__7,bot30__1,1682,N,False
5,reel21__0,reel76__2,1682,N,False
5,bot48__5,bot72__9,1682,N,False
5,reel15__6,bot34__9,1682,N,False
5,bot23__1,bot25__9,1682,N,False
5,reel56__0,reel61__5,1682,N,False
5,bot4__4,bot68__8,1682,N,False
5,bot12__4,bot8__6,1682,N,False
5,reel66__9,reel50__5,1682,N,False
5,bot79__9,bot43__5,1682,N,False
5,bot10__1,bot49__0,1682,N,False
5,bot10__1,bot60__6,1682,N,False
5,bot66__7,bot60__6,1682,N,False
5,reel6__7,reel77__5,1682,N,False
5,reel7__7,reel77__5,1682,N,False
5,reel42__7,reel51__7,1682,N,False
5,bot16__2,bot38__7,1682,N,False
5,bot16__2,bot67__2,1682,N,False
5,reel39__7,reel42__4,1682,N,False
5,reel39__7,reel46__9,1682,N,False
5,reel39__7,bot57__5,1682,N,False
5,bot9__3,bot48__1,1682,N,False
5,reel36__8,193,1682,N,False
5,reel36__8,reel53__4,1682,N,False
5,reel27__3,bot34__6,1682,N,False
5,reel25__1,reel12__6,1682,N,False
5,reel25__1,reel69__6,1682,N,False
5,bot54__0,reel46__2,1682,N,False
5,reel24__7,reel71__1,1682,N,False
5,reel24__7,reel76__1,1682,N,False
5,bot23__5,bot84__0,1682,N,False
5,reel33__0,bot51__7,1682,N,False
5,reel22__1,reel35__1,1682,N,False
5,reel26__3,reel48__4,1682,N,False
5,bot41__3,bot52__8,1682,N,False
5,bot4__0,bot65__8,1682,N,False
5,reel50__9,bot63__2,1682,N,False
5,reel57__3,reel30__8,1682,N,False
5,reel57__3,bot71__1,1682,N,False
5,306,275,1684,N,False
5,reel57__4,275,1684,N,False
5,306,78,1684,N,False
5,306,reel21__4,1684,N,False
5,bot46__8,reel21__4,1684,N,False
5,293,bot2__6,1684,N,False
5,293,bot43__8,1684,N,False
5,bot67__7,bot39__6,1684,N,False
5,bot43__9,bot39__6,1684,N,False
5,bot36__9,183,1684,N,False
5,bot36__9,bot20__8,1684,N,False
5,bot36__9,bot74__7,1684,N,False
5,reel8__3,bot84__6,1684,N,False
5,reel66__1,reel13__2,1684,N,False
5,reel10__9,327,1684,N,False
5,bot13__4,327,1684,N,False
5,reel8__1,reel56__3,1684,N,False
5,247,bot4__2,1684,N,False
5,309,bot4__2,1684,N,False
5,309,bot19__5,1684,N,False
5,245,bot19__5,1684,N,False
5,309,bot22__7,1684,N,False
5,286,bot22__7,1684,N,False
5,reel82__9,reel80__5,1684,N,False
5,reel20__0,reel80__5,1684,N,False
5,reel61__3,reel67__2,1684,N,False
5,reel59__8,reel67__2,1684,N,False
5,reel35__9,reel55__2,1684,N,False
5,bot14__3,111,1684,N,False
5,93,111,1684,N,False
5,137,111,1684,N,False
5,44,111,1684,N,False
5,reel78__1,111,1684,N,False
5,312,111,1684,N,False
5,reel1__7,111,1684,N,False
5,bot55__6,bot84__5,1684,N,False
5,reel70__8,bot84__5,1684,N,False
5,reel31__8,bot33__4,1684,N,False
5,bot68__9,bot33__4,1684,N,False
5,bot12__8,bot14__5,1684,N,False
5,bot12__8,bot65__6,1684,N,False
5,bot39__9,bot65__6,1684,N,False
5,reel80__9,reel36__1,1684,N,False
5,reel4__9,reel56__6,1684,N,False
5,reel5__9,reel25__6,1684,N,False
5,245,reel25__6,1684,N,False
5,reel78__5,bot81__6,1684,N,False
5,bot11__1,bot9__3,1684,N,False
5,bot67__8,reel61__2,1684,N,False
5,reel47__9,reel61__2,1684,N,False
5,reel48__7,reel62__5,1684,N,False
5,reel48__7,reel76__6,1684,N,False
5,reel23__2,97,1684,N,False
5,bot21__4,97,1684,N,False
5,58,269,1684,N,False
5,bot8__9,bot2__1,1684,N,False
5,bot18__1,bot2__1,1684,N,False
5,153,bot2__1,1684,N,False
5,bot6__5,bot2__1,1684,N,False
5,bot34__9,bot13__1,1684,N,False
5,reel5__4,reel61__0,1684,N,False
5,312,140,1684,N,False
5,137,140,1684,N,False
5,bot18__2,140,1684,N,False
5,bot39__9,bot35__8,1684,N,False
5,bot50__4,bot35__8,1684,N,False
5,bot8__6,bot35__8,1684,N,False
5,bot39__9,bot35__9,1684,N,False
5,bot79__3,49,1684,N,False
5,reel2__0,bot3__8,1684,N,False
5,bot26__7,bot31__9,1684,N,False
5,bot51__4,bot31__9,1684,N,False
5,reel5__8,116,1684,N,False
5,bot5__3,116,1684,N,False
5,bot74__5,116,1684,N,False
5,bot77__4,116,1684,N,False
5,312,116,1684,N,False
5,reel32__5,reel83__7,1684,N,False
5,202,reel2__5,1684,N,False
5,bot21__4,reel2__5,1684,N,False
5,reel81__6,reel79__3,1684,N,False
5,reel47__2,reel16__0,1684,N,False
5,bot74__6,reel16__0,1684,N,False
5,bot30__2,reel16__0,1684,N,False
5,bot6__7,bot47__3,1684,N,False
5,312,bot9__5,1684,N,False
5,184,bot9__5,1684,N,False
5,bot15__7,bot9__5,1684,N,False
5,bot8__9,bot30__6,1684,N,False
5,reel43__9,bot68__0,1684,N,False
5,bot17__0,bot68__0,1684,N,False
5,187,reel26__6,1684,N,False
5,294,reel26__6,1684,N,False
5,187,reel40__1,1684,N,False
5,187,reel42__4,1684,N,False
5,reel39__7,reel42__4,1684,N,False
5,312,bot3__4,1684,N,False
5,312,bot10__0,1684,N,False
5,reel81__5,reel6__2,1684,N,False
5,bot16__1,reel6__2,1684,N,False
5,bot16__1,bot33__2,1684,N,False
5,bot53__9,reel25__9,1684,N,False
5,reel27__4,reel45__5,1684,N,False
5,reel21__1,reel45__5,1684,N,False
5,bot46__6,bot36__0,1684,N,False
5,70,bot36__0,1684,N,False
5,reel48__0,reel55__7,1684,N,False
5,70,reel55__7,1684,N,False
5,reel28__5,reel44__6,1684,N,False
5,108,reel44__6,1684,N,False
5,61,bot41__7,1684,N,False
5,reel5__9,reel58__3,1684,N,False
5,reel14__0,bot35__0,1684,N,False
5,reel14__0,bot35__1,1684,N,False
5,reel14__0,reel77__7,1684,N,False
5,reel47__9,reel22__8,1684,N,False
5,bot32__4,bot33__7,1684,N,False
5,bot15__7,bot24__0,1684,N,False
5,bot15__7,bot58__2,1684,N,False
5,bot6__0,bot12__0,1684,N,False
5,bot39__2,reel37__7,1684,N,False
5,reel40__5,reel37__7,1684,N,False
5,bot14__3,bot44__8,1684,N,False
5,reel24__2,bot42__8,1684,N,False
5,bot69__4,bot42__8,1684,N,False
5,bot5__3,bot66__1,1684,N,False
5,reel43__9,reel35__2,1684,N,False
5,108,bot43__6,1684,N,False
5,reel32__7,reel36__5,1684,N,False
5,bot11__6,bot28__8,1684,N,False
5,reel13__4,bot41__4,1684,N,False
5,reel13__4,bot63__1,1684,N,False
5,bot19__0,bot56__6,1684,N,False
5,bot34__3,bot56__6,1684,N,False
5,reel27__8,bot74__8,1684,N,False
5,227,bot11__4,1684,N,False
5,227,reel29__0,1684,N,False
5,reel18__6,reel36__9,1684,N,False
5,reel18__6,reel76__7,1684,N,False
5,bot64__6,bot75__2,1684,N,False
5,202,173,1684,N,False
5,reel19__0,173,1684,N,False
5,202,bot23__7,1684,N,False
5,202,reel61__6,1684,N,False
5,bot3__5,bot29__8,1684,N,False
5,bot61__6,bot17__8,1684,N,False
5,bot31__4,bot53__8,1684,N,False
5,reel35__1,bot47__9,1684,N,False
5,bot18__1,bot47__9,1684,N,False
5,reel54__5,reel72__8,1684,N,False
5,reel67__9,reel71__9,1684,N,False
5,reel18__8,reel55__9,1684,N,False
5,reel39__9,bot67__6,1684,N,False
5,bot23__1,bot25__9,1684,N,False
5,bot23__1,bot81__1,1684,N,False
5,bot38__0,bot26__8,1684,N,False
5,reel20__0,bot26__8,1684,N,False
5,244,282,1684,N,False
5,244,reel69__0,1684,N,False
5,reel20__0,reel31__9,1684,N,False
5,bot3__7,bot20__2,1684,N,False
5,bot70__1,bot75__4,1684,N,False
5,bot70__1,bot78__5,1684,N,False
5,bot71__3,bot84__7,1684,N,False
5,bot32__2,bot84__7,1684,N,False
5,reel42__7,reel72__9,1684,N,False
5,bot37__7,bot38__7,1684,N,False
5,bot16__2,bot38__7,1684,N,False
5,reel39__7,bot47__2,1684,N,False
5,286,reel76__4,1684,N,False
5,bot38__1,bot70__3,1684,N,False
5,bot6__5,bot49__5,1684,N,False
5,reel33__5,bot49__5,1684,N,False
5,294,bot47__6,1684,N,False
5,bot70__8,bot60__2,1684,N,False
5,bot70__8,bot46__7,1684,N,False
5,bot23__0,bot57__7,1684,N,False
5,bot23__0,bot59__7,1684,N,False
5,bot77__4,reel38__9,1684,N,False
5,bot39__2,bot48__5,1684,N,False
5,bot83__5,reel78__9,1684,N,False
5,reel69__3,reel78__9,1684,N,False
5,reel10__9,bot37__8,1684,N,False
5,reel10__9,reel83__2,1684,N,False
5,reel17__7,bot59__8,1684,N,False
5,reel17__7,bot68__2,1684,N,False
5,reel35__1,reel14__4,1684,N,False
5,bot41__3,bot52__8,1684,N,False
5,bot43__4,bot7__5,1684,N,False
5,reel73__6,reel83__5,1684,N,False
5,reel40__4,bot80__3,1684,N,False
5,reel25__3,reel27__7,1684,N,False
5,reel25__3,reel69__4,1684,N,False
5,247,120,1684,N,False
5,bot15__4,bot48__9,1684,N,False
5,bot8__8,bot80__8,1685,N,False
5,reel17__6,reel42__9,1685,N,False
5,reel44__7,reel42__9,1685,N,False
5,reel3__0,reel9__0,1685,N,False
5,reel83__6,reel9__0,1685,N,False
5,reel36__1,reel80__9,1685,N,False
5,reel54__9,reel83__5,1685,N,False
5,bot60__5,bot73__7,1685,N,False
5,reel13__3,bot16__5,1685,N,False
5,reel11__3,bot16__5,1685,N,False
5,reel0__3,reel48__7,1685,N,False
5,reel76__6,reel48__7,1685,N,False
5,reel27__2,reel48__7,1685,N,False
5,reel14__0,reel2__8,1685,N,False
5,reel32__8,reel2__8,1685,N,False
5,reel69__5,bot84__8,1685,N,False
5,reel20__8,bot39__4,1685,N,False
5,reel20__8,bot60__1,1685,N,False
5,bot22__1,bot32__9,1685,N,False
5,bot22__1,bot38__5,1685,N,False
5,reel0__3,bot1__6,1685,N,False
5,reel0__3,bot22__3,1685,N,False
5,reel3__0,bot34__3,1685,N,False
5,reel6__3,bot34__3,1685,N,False
5,reel22__7,reel46__9,1685,N,False
5,reel14__0,bot35__0,1685,N,False
5,reel14__0,bot35__1,1685,N,False
5,reel55__7,reel36__4,1685,N,False
5,reel14__0,reel36__4,1685,N,False
5,reel14__0,reel77__7,1685,N,False
5,reel46__1,reel14__5,1685,N,False
5,reel11__5,reel14__5,1685,N,False
5,reel13__1,reel14__5,1685,N,False
5,reel11__5,reel55__3,1685,N,False
5,bot19__5,bot34__0,1685,N,False
5,bot63__4,bot34__0,1685,N,False
5,reel57__4,reel65__3,1685,N,False
5,reel13__4,bot41__4,1685,N,False
5,reel13__4,bot63__1,1685,N,False
5,reel7__6,bot54__3,1685,N,False
5,reel7__6,reel57__7,1685,N,False
5,reel1__8,reel57__7,1685,N,False
5,bot50__0,reel34__9,1685,N,False
5,reel8__7,bot22__0,1685,N,False
5,reel6__1,bot22__0,1685,N,False
5,reel5__2,reel64__4,1685,N,False
5,reel28__8,reel82__1,1685,N,False
5,bot27__9,bot20__6,1685,N,False
5,bot49__6,bot20__6,1685,N,False
5,bot12__1,bot20__6,1685,N,False
5,bot12__1,bot39__2,1685,N,False
5,reel59__6,reel77__3,1685,N,False
5,reel45__7,reel71__5,1685,N,False
5,bot34__7,reel14__2,1685,N,False
5,bot23__6,reel14__2,1685,N,False
5,bot34__7,bot62__8,1685,N,False
5,reel27__2,reel37__1,1685,N,False
5,reel62__7,reel28__6,1685,N,False
5,reel1__3,bot26__5,1685,N,False
5,bot29__3,bot26__5,1685,N,False
5,reel17__3,reel3__3,1685,N,False
5,reel17__3,reel79__2,1685,N,False
5,reel26__7,reel15__4,1685,N,False
5,reel26__7,reel41__8,1685,N,False
5,bot33__5,bot44__2,1685,N,False
5,reel67__1,reel81__4,1685,N,False
5,reel29__8,reel32__6,1685,N,False
5,bot19__4,bot33__4,1685,N,False
5,bot19__4,bot56__9,1685,N,False
5,bot19__4,bot61__6,1685,N,False
5,reel35__1,bot47__9,1685,N,False
5,bot18__1,bot47__9,1685,N,False
5,reel12__8,bot63__5,1685,N,False
5,bot41__3,reel32__0,1685,N,False
5,bot41__3,bot52__8,1685,N,False
5,bot25__5,bot80__3,1685,N,False
5,bot4__1,bot69__4,1685,N,False
5,bot69__6,bot68__1,1685,N,False
5,bot40__3,bot80__1,1685,N,False
5,bot69__6,bot80__1,1685,N,False
5,bot53__3,reel35__5,1685,N,False
5,bot53__3,bot64__6,1685,N,False
5,reel21__2,bot64__6,1685,N,False
5,reel52__7,reel65__9,1685,N,False
5,bot3__8,bot78__2,1685,N,False
5,bot1__9,bot36__3,1685,N,False
5,reel4__9,bot36__3,1685,N,False
5,bot51__6,bot65__2,1685,N,False
5,bot10__5,bot40__8,1685,N,False
5,reel78__9,bot83__5,1685,N,False
5,reel2__7,reel45__2,1685,N,False
5,reel2__7,reel78__8,1685,N,False
5,reel1__5,reel74__2,1685,N,False
5,reel4__9,reel56__6,1685,N,False
5,reel19__6,reel56__6,1685,N,False
5,reel2__3,bot41__0,1685,N,False
5,reel2__3,reel42__8,1685,N,False
5,reel71__8,reel53__7,1685,N,False
5,reel43__0,reel33__2,1685,N,False
5,reel21__7,reel26__1,1685,N,False
5,reel14__6,bot32__7,1685,N,False
5,reel21__7,bot32__7,1685,N,False
5,bot60__6,bot66__7,1685,N,False
5,reel5__1,bot11__2,1685,N,False
5,reel5__1,reel80__0,1685,N,False
5,reel8__8,reel80__0,1685,N,False
5,reel28__1,reel80__0,1685,N,False
5,bot77__3,reel40__8,1685,N,False
5,reel9__5,reel4__5,1685,N,False
5,reel39__8,reel35__4,1685,N,False
5,reel39__8,reel51__0,1685,N,False
5,bot49__3,reel37__7,1685,N,False
5,reel40__5,reel37__7,1685,N,False
5,reel13__1,reel39__9,1685,N,False
5,bot18__1,bot32__2,1685,N,False
5,reel9__4,bot32__2,1685,N,False
5,reel14__4,bot20__7,1685,N,False
5,reel10__5,reel68__0,1685,N,False
5,reel24__2,bot42__8,1685,N,False
5,reel43__9,reel35__2,1685,N,False
5,bot42__6,reel35__2,1685,N,False
5,reel13__3,reel31__7,1685,N,False
5,reel13__3,bot78__4,1685,N,False
5,reel29__6,bot51__2,1685,N,False
5,reel7__0,reel36__5,1685,N,False
5,reel69__6,reel25__1,1685,N,False
5,reel29__7,reel25__1,1685,N,False
5,reel28__4,reel25__1,1685,N,False
5,reel29__7,reel52__4,1685,N,False
5,reel28__4,reel52__4,1685,N,False
5,reel29__7,reel66__4,1685,N,False
5,bot0__0,bot8__6,1685,N,False
5,bot42__2,bot8__6,1685,N,False
5,reel20__5,bot26__4,1685,N,False
5,bot37__8,bot26__4,1685,N,False
5,reel8__0,bot26__4,1685,N,False
5,bot37__8,bot48__4,1685,N,False
5,reel5__3,bot48__4,1685,N,False
5,reel28__1,bot47__1,1685,N,False
5,reel28__1,reel66__2,1685,N,False
5,reel28__1,reel72__3,1685,N,False
5,reel71__2,reel72__3,1685,N,False
5,bot57__2,bot34__9,1685,N,False
5,reel15__6,bot34__9,1685,N,False
5,reel14__8,bot25__9,1685,N,False
5,bot36__0,bot25__9,1685,N,False
5,bot23__1,bot25__9,1685,N,False
5,reel28__3,reel27__7,1685,N,False
5,reel35__3,reel27__9,1685,N,False
5,reel35__3,bot41__8,1685,N,False
5,bot10__6,bot41__8,1685,N,False
5,reel22__0,reel36__0,1685,N,False
5,reel35__6,reel36__0,1685,N,False
5,reel22__0,bot46__3,1685,N,False
5,bot10__4,bot50__5,1685,N,False
5,reel37__9,bot78__9,1685,N,False
5,bot24__5,bot60__0,1685,N,False
5,reel46__3,reel63__8,1685,N,False
5,reel48__4,reel26__3,1685,N,False
5,reel48__4,reel51__9,1685,N,False
5,reel8__1,reel66__7,1685,N,False
5,reel17__0,bot59__0,1685,N,False
5,bot24__4,bot29__7,1685,N,False
5,bot66__3,bot29__7,1685,N,False
5,reel39__2,bot63__8,1685,N,False
5,reel52__2,reel79__5,1685,N,False
5,bot10__6,bot65__5,1685,N,False
5,reel9__6,reel45__8,1685,N,False
5,reel8__0,reel45__8,1685,N,False
5,bot78__5,bot70__1,1685,N,False
5,reel41__0,reel63__5,1685,N,False
5,reel6__1,reel3__9,1685,N,False
5,reel6__1,bot41__9,1685,N,False
5,reel6__1,reel57__5,1685,N,False
5,reel14__8,bot54__0,1685,N,False
5,reel1__3,bot54__0,1685,N,False
5,reel14__8,reel68__5,1685,N,False
5,bot77__6,reel63__1,1685,N,False
5,bot22__2,reel17__8,1685,N,False
5,reel46__1,reel80__1,1685,N,False
5,reel41__3,reel80__1,1685,N,False
5,bot32__4,bot33__7,1685,N,False
5,bot2__0,bot45__6,1685,N,False
5,bot1__2,bot45__6,1685,N,False
5,reel60__4,reel37__3,1685,N,False
5,reel31__3,bot76__4,1685,N,False
5,reel6__5,bot30__3,1685,N,False
5,reel6__5,bot35__6,1685,N,False
5,bot55__8,bot34__5,1685,N,False
5,bot41__1,bot9__4,1685,N,False
5,reel0__0,bot9__4,1685,N,False
5,reel0__0,reel64__3,1685,N,False
5,reel25__4,bot79__7,1685,N,False
5,bot76__9,bot79__7,1685,N,False
5,reel21__2,bot47__8,1685,N,False
5,reel9__6,bot55__1,1685,N,False
5,reel9__6,bot57__6,1685,N,False
5,bot42__1,bot44__3,1685,N,False
5,reel56__7,reel79__3,1685,N,False
5,bot23__5,bot84__0,1685,N,False
5,bot4__0,bot65__8,1685,N,False
5,reel35__6,bot48__5,1685,N,False
5,reel49__1,bot84__2,1685,N,False
5,reel5__3,bot26__7,1685,N,False
5,reel23__7,bot38__0,1685,N,False
5,reel23__7,bot77__4,1685,N,False
5,bot33__3,bot12__5,1685,N,False
5,bot23__4,bot12__5,1685,N,False
5,reel17__5,bot41__5,1685,N,False
5,reel19__6,bot77__8,1685,N,False
5,reel49__5,bot74__5,1685,N,False
5,bot36__4,bot4__6,1685,N,False
5,bot36__4,bot45__3,1685,N,False
5,bot17__9,bot71__9,1685,N,False
5,reel9__2,reel13__9,1685,N,False
5,reel14__6,reel60__9,1685,N,False
5,reel14__6,bot83__4,1685,N,False
5,reel26__2,bot27__7,1685,N,False
5,bot4__2,bot27__7,1685,N,False
5,bot3__2,bot17__3,1685,N,False
5,bot3__2,bot67__8,1685,N,False
5,bot14__6,bot29__1,1685,N,False
5,bot14__6,bot73__4,1685,N,False
5,bot47__2,reel39__7,1685,N,False
5,reel77__6,reel39__7,1685,N,False
5,reel42__4,reel39__7,1685,N,False
5,reel25__4,reel73__5,1685,N,False
5,bot9__3,bot48__1,1685,N,False
5,reel47__5,bot59__8,1685,N,False
5,bot84__9,bot17__4,1685,N,False
5,bot14__2,bot82__5,1686,N,False
5,reel45__4,bot82__5,1686,N,False
5,reel72__8,reel54__5,1686,N,False
5,reel65__1,reel54__5,1686,N,False
5,bot8__9,bot30__6,1686,N,False
5,reel17__6,bot30__6,1686,N,False
5,reel17__6,reel42__9,1686,N,False
5,reel44__7,reel42__9,1686,N,False
5,reel17__6,bot74__7,1686,N,False
5,reel4__8,reel17__4,1686,N,False
5,reel30__0,reel17__4,1686,N,False
5,reel13__3,reel31__7,1686,N,False
5,reel29__9,reel31__7,1686,N,False
5,reel3__0,reel32__3,1686,N,False
5,reel67__2,reel32__3,1686,N,False
5,reel19__5,reel32__3,1686,N,False
5,bot1__7,bot73__0,1686,N,False
5,reel48__5,bot73__0,1686,N,False
5,reel64__5,reel61__8,1686,N,False
5,reel46__4,reel61__8,1686,N,False
5,reel46__4,bot69__8,1686,N,False
5,reel32__8,reel17__7,1686,N,False
5,reel2__7,bot45__4,1686,N,False
5,reel32__8,bot45__4,1686,N,False
5,reel40__1,bot64__5,1686,N,False
5,reel40__1,reel75__3,1686,N,False
5,bot19__9,reel7__8,1686,N,False
5,reel1__5,reel7__8,1686,N,False
5,reel60__0,reel7__8,1686,N,False
5,reel53__5,reel78__5,1686,N,False
5,bot22__1,bot38__5,1686,N,False
5,reel35__2,bot38__5,1686,N,False
5,bot22__1,bot79__9,1686,N,False
5,reel38__7,bot79__9,1686,N,False
5,reel3__0,bot34__3,1686,N,False
5,reel6__3,bot34__3,1686,N,False
5,bot63__4,bot34__0,1686,N,False
5,reel52__7,reel28__3,1686,N,False
5,reel27__7,reel28__3,1686,N,False
5,reel27__7,bot50__8,1686,N,False
5,bot74__5,bot45__1,1686,N,False
5,bot5__3,reel0__6,1686,N,False
5,bot21__7,reel12__6,1686,N,False
5,bot6__3,bot12__3,1686,N,False
5,bot50__7,bot12__3,1686,N,False
5,reel15__7,reel22__8,1686,N,False
5,reel48__1,reel22__8,1686,N,False
5,reel73__1,reel26__3,1686,N,False
5,reel48__4,reel26__3,1686,N,False
5,reel17__8,reel26__3,1686,N,False
5,bot43__4,bot58__1,1686,N,False
5,reel17__8,bot58__1,1686,N,False
5,bot20__8,bot36__9,1686,N,False
5,reel18__3,bot19__3,1686,N,False
5,reel18__3,bot22__6,1686,N,False
5,reel18__3,bot77__7,1686,N,False
5,reel18__3,reel81__3,1686,N,False
5,reel41__8,bot54__1,1686,N,False
5,reel18__8,bot54__1,1686,N,False
5,bot33__3,bot12__5,1686,N,False
5,bot4__4,bot12__5,1686,N,False
5,bot23__4,bot12__5,1686,N,False
5,reel15__7,bot17__4,1686,N,False
5,bot4__4,bot17__4,1686,N,False
5,bot4__4,bot68__8,1686,N,False
5,bot12__4,bot8__6,1686,N,False
5,bot0__0,bot8__6,1686,N,False
5,bot42__2,bot8__6,1686,N,False
5,reel8__9,bot51__8,1686,N,False
5,reel30__5,reel74__1,1686,N,False
5,bot2__6,bot26__5,1686,N,False
5,reel0__4,reel14__9,1686,N,False
5,bot63__2,reel14__9,1686,N,False
5,reel46__5,reel63__6,1686,N,False
5,reel46__5,bot83__6,1686,N,False
5,reel67__1,reel33__1,1686,N,False
5,reel67__1,reel81__4,1686,N,False
5,bot4__0,bot10__5,1686,N,False
5,bot43__4,bot10__5,1686,N,False
5,bot43__4,bot60__6,1686,N,False
5,bot78__6,bot69__3,1686,N,False
5,reel17__9,bot43__3,1686,N,False
5,reel52__7,reel3__5,1686,N,False
5,bot8__4,reel3__5,1686,N,False
5,reel2__4,bot42__4,1686,N,False
5,reel52__7,bot62__1,1686,N,False
5,reel52__7,reel65__9,1686,N,False
5,bot65__5,bot45__3,1686,N,False
5,reel26__5,reel43__0,1686,N,False
5,reel16__3,bot21__0,1686,N,False
5,reel16__3,reel26__2,1686,N,False
5,reel1__5,bot13__3,1686,N,False
5,reel3__7,bot13__3,1686,N,False
5,reel3__7,reel38__5,1686,N,False
5,reel0__4,reel32__5,1686,N,False
5,bot16__6,bot82__7,1686,N,False
5,bot31__5,bot82__7,1686,N,False
5,reel80__9,reel45__1,1686,N,False
5,reel80__9,reel36__1,1686,N,False
5,reel4__9,reel6__4,1686,N,False
5,reel22__1,reel6__4,1686,N,False
5,bot71__5,bot17__1,1686,N,False
5,bot71__5,bot80__3,1686,N,False
5,bot71__5,bot84__3,1686,N,False
5,bot7__0,bot3__2,1686,N,False
5,reel5__1,bot14__7,1686,N,False
5,reel5__1,bot21__6,1686,N,False
5,reel5__1,reel80__0,1686,N,False
5,reel28__1,reel80__0,1686,N,False
5,reel30__8,reel43__3,1686,N,False
5,reel59__4,reel43__8,1686,N,False
5,reel3__6,reel43__8,1686,N,False
5,reel3__6,reel22__5,1686,N,False
5,reel28__5,reel44__6,1686,N,False
5,bot40__3,bot80__1,1686,N,False
5,reel9__4,reel42__7,1686,N,False
5,reel9__4,reel69__8,1686,N,False
5,reel9__9,bot29__3,1686,N,False
5,reel24__2,bot42__8,1686,N,False
5,reel24__2,reel70__5,1686,N,False
5,reel13__3,bot16__5,1686,N,False
5,bot41__2,reel32__9,1686,N,False
5,reel13__3,reel32__9,1686,N,False
5,reel76__4,reel32__9,1686,N,False
5,reel13__3,reel65__5,1686,N,False
5,bot29__8,bot3__5,1686,N,False
5,reel24__8,reel1__9,1686,N,False
5,reel10__3,reel1__9,1686,N,False
5,reel27__0,reel1__9,1686,N,False
5,reel7__0,reel36__5,1686,N,False
5,bot64__4,reel49__8,1686,N,False
5,bot18__1,bot2__1,1686,N,False
5,bot8__9,bot2__1,1686,N,False
5,bot3__6,bot2__1,1686,N,False
5,reel28__1,bot47__1,1686,N,False
5,reel28__9,reel66__2,1686,N,False
5,reel28__1,reel66__2,1686,N,False
5,reel28__1,bot72__1,1686,N,False
5,reel28__1,reel72__3,1686,N,False
5,reel71__2,reel72__3,1686,N,False
5,bot47__9,bot35__8,1686,N,False
5,reel26__1,reel21__7,1686,N,False
5,reel26__1,bot54__2,1686,N,False
5,reel2__6,reel5__4,1686,N,False
5,reel2__6,bot22__9,1686,N,False
5,reel6__7,reel50__0,1686,N,False
5,reel6__7,reel77__5,1686,N,False
5,reel58__9,reel38__4,1686,N,False
5,reel20__3,reel38__4,1686,N,False
5,reel20__3,bot56__3,1686,N,False
5,reel44__7,bot56__3,1686,N,False
5,reel14__3,bot28__4,1686,N,False
5,reel25__7,reel19__3,1686,N,False
5,reel26__4,bot28__2,1686,N,False
5,bot3__6,bot44__0,1686,N,False
5,bot24__5,bot15__7,1686,N,False
5,reel14__7,bot15__7,1686,N,False
5,bot9__5,bot15__7,1686,N,False
5,bot24__5,bot60__0,1686,N,False
5,reel20__2,reel39__8,1686,N,False
5,reel20__2,bot42__9,1686,N,False
5,reel9__2,bot42__9,1686,N,False
5,bot73__1,bot52__1,1686,N,False
5,bot73__1,reel66__3,1686,N,False
5,reel46__3,reel63__8,1686,N,False
5,reel48__4,reel51__9,1686,N,False
5,reel62__1,reel51__9,1686,N,False
5,bot8__2,bot9__6,1686,N,False
5,bot8__2,bot37__0,1686,N,False
5,bot84__2,reel11__4,1686,N,False
5,reel63__5,reel41__0,1686,N,False
5,bot60__2,bot46__0,1686,N,False
5,bot60__2,bot81__6,1686,N,False
5,reel30__0,reel51__8,1686,N,False
5,reel30__0,bot76__1,1686,N,False
5,bot0__5,bot1__9,1686,N,False
5,bot0__5,bot12__7,1686,N,False
5,reel66__0,bot73__9,1686,N,False
5,reel27__0,bot44__8,1686,N,False
5,reel8__0,bot11__0,1686,N,False
5,bot34__4,bot26__4,1686,N,False
5,reel8__0,bot26__4,1686,N,False
5,reel6__1,reel16__6,1686,N,False
5,reel6__1,bot23__0,1686,N,False
5,reel22__1,bot23__0,1686,N,False
5,reel6__1,reel33__5,1686,N,False
5,reel14__7,reel33__5,1686,N,False
5,reel6__1,reel57__5,1686,N,False
5,reel19__5,reel63__4,1686,N,False
5,reel14__8,bot54__0,1686,N,False
5,reel46__2,bot54__0,1686,N,False
5,bot48__2,bot80__7,1686,N,False
5,reel4__6,reel11__0,1686,N,False
5,bot35__0,reel11__0,1686,N,False
5,reel4__6,reel11__8,1686,N,False
5,reel4__6,reel27__1,1686,N,False
5,reel4__6,bot31__4,1686,N,False
5,bot57__9,bot38__0,1686,N,False
5,reel23__7,bot38__0,1686,N,False
5,bot48__7,bot32__8,1686,N,False
5,bot8__9,bot27__4,1686,N,False
5,reel64__1,reel66__7,1686,N,False
5,reel5__9,reel25__6,1686,N,False
5,reel5__9,bot32__5,1686,N,False
5,bot2__0,bot45__6,1686,N,False
5,bot1__2,bot45__6,1686,N,False
5,bot16__8,bot51__3,1686,N,False
5,reel16__7,bot51__3,1686,N,False
5,reel31__3,reel58__6,1686,N,False
5,reel31__3,bot76__4,1686,N,False
5,reel10__2,reel17__5,1686,N,False
5,reel10__2,reel41__4,1686,N,False
5,reel18__6,reel41__4,1686,N,False
5,reel18__6,reel76__7,1686,N,False
5,bot19__9,bot76__6,1686,N,False
5,reel7__9,bot49__1,1686,N,False
5,reel9__6,bot57__6,1686,N,False
5,bot9__5,bot43__2,1686,N,False
5,bot17__5,bot40__8,1686,N,False
5,bot17__5,bot45__0,1686,N,False
5,reel80__4,reel73__9,1686,N,False
5,reel49__1,bot64__8,1686,N,False
5,reel12__4,bot31__1,1686,N,False
5,reel23__7,reel77__1,1686,N,False
5,bot23__9,bot76__5,1686,N,False
5,reel76__3,reel82__0,1686,N,False
5,bot42__0,bot50__1,1686,N,False
5,reel55__6,bot67__2,1686,N,False
5,bot2__0,bot48__8,1686,N,False
5,reel22__2,bot76__9,1686,N,False
5,bot9__4,bot39__6,1686,N,False
5,bot9__4,bot41__1,1686,N,False
5,bot9__4,bot77__8,1686,N,False
5,bot56__2,reel31__8,1686,N,False
5,reel29__3,bot82__0,1686,N,False
5,bot7__3,bot11__3,1686,N,False
5,bot7__3,bot69__4,1686,N,False
5,bot7__3,bot83__5,1686,N,False
5,reel6__8,reel55__4,1686,N,False
5,bot28__3,bot20__1,1686,N,False
5,reel27__4,reel45__5,1686,N,False
5,bot17__9,bot3__3,1686,N,False
5,bot35__0,bot49__5,1686,N,False
5,reel41__3,reel80__1,1686,N,False
5,reel16__4,reel65__7,1686,N,False
5,bot72__3,reel56__4,1686,N,False
5,reel41__8,bot84__0,1686,N,False
5,reel9__2,reel37__8,1686,N,False
5,reel9__2,bot75__7,1686,N,False
5,reel33__3,bot49__4,1686,N,False
5,reel25__4,reel44__4,1686,N,False
5,reel25__4,bot79__7,1686,N,False
5,reel15__0,bot17__0,1686,N,False
5,reel15__0,bot70__1,1686,N,False
5,reel20__0,reel80__5,1686,N,False
5,bot3__7,bot30__1,1686,N,False
5,reel47__5,reel49__6,1686,N,False
5,reel47__5,bot59__8,1686,N,False
5,reel36__8,reel53__4,1686,N,False
5,bot14__2,bot84__9,1686,N,False
5,reel9__0,bot56__4,1686,N,False
5,reel14__7,bot72__7,1686,N,False
5,reel32__1,reel80__7,1686,N,False
5,bot27__9,bot28__9,1686,N,False
5,reel35__2,bot42__6,1686,N,False
5,bot42__5,bot26__3,1686,N,False
5,bot8__8,bot80__8,1687,N,False
5,reel17__6,reel42__9,1687,N,False
5,reel44__7,reel42__9,1687,N,False
5,reel23__3,reel42__9,1687,N,False
5,reel17__6,bot74__7,1687,N,False
5,bot36__9,bot74__7,1687,N,False
5,reel29__9,reel17__2,1687,N,False
5,reel13__3,reel31__7,1687,N,False
5,reel29__9,reel31__7,1687,N,False
5,reel36__1,reel44__2,1687,N,False
5,reel49__5,reel44__2,1687,N,False
5,reel37__9,reel44__2,1687,N,False
5,reel36__1,reel80__9,1687,N,False
5,reel13__3,bot16__5,1687,N,False
5,reel11__3,bot16__5,1687,N,False
5,reel23__2,reel46__1,1687,N,False
5,bot18__2,bot32__5,1687,N,False
5,bot1__2,bot45__6,1687,N,False
5,bot18__2,bot45__6,1687,N,False
5,bot16__4,reel5__4,1687,N,False
5,bot16__4,bot59__0,1687,N,False
5,reel15__2,reel6__3,1687,N,False
5,reel20__8,reel16__9,1687,N,False
5,reel20__8,bot27__5,1687,N,False
5,reel20__8,bot60__1,1687,N,False
5,bot22__1,bot79__9,1687,N,False
5,reel38__7,bot79__9,1687,N,False
5,bot41__5,reel17__5,1687,N,False
5,bot16__8,bot21__5,1687,N,False
5,bot41__5,bot21__5,1687,N,False
5,bot41__5,bot43__8,1687,N,False
5,bot41__5,bot68__1,1687,N,False
5,reel3__0,bot34__3,1687,N,False
5,reel3__0,reel44__3,1687,N,False
5,reel12__6,reel44__3,1687,N,False
5,reel31__3,reel44__3,1687,N,False
5,reel69__7,reel44__3,1687,N,False
5,reel22__7,reel45__4,1687,N,False
5,reel21__2,reel45__4,1687,N,False
5,reel22__7,reel46__9,1687,N,False
5,reel39__7,reel46__9,1687,N,False
5,reel22__7,reel65__1,1687,N,False
5,reel22__7,reel65__5,1687,N,False
5,reel13__3,reel65__5,1687,N,False
5,reel37__8,reel65__5,1687,N,False
5,reel16__1,reel78__4,1687,N,False
5,reel14__0,reel2__8,1687,N,False
5,reel14__0,reel23__1,1687,N,False
5,bot32__3,bot35__0,1687,N,False
5,reel14__0,bot35__0,1687,N,False
5,reel14__0,reel36__4,1687,N,False
5,reel10__5,reel17__7,1687,N,False
5,reel38__8,reel17__7,1687,N,False
5,reel38__8,reel55__0,1687,N,False
5,reel50__0,reel55__0,1687,N,False
5,bot63__4,bot34__0,1687,N,False
5,reel20__5,reel25__3,1687,N,False
5,reel27__7,reel25__3,1687,N,False
5,reel27__7,bot50__8,1687,N,False
5,reel57__4,reel65__3,1687,N,False
5,reel57__4,bot83__3,1687,N,False
5,bot82__2,bot83__3,1687,N,False
5,reel50__5,reel41__5,1687,N,False
5,reel50__5,bot84__5,1687,N,False
5,reel70__8,bot84__5,1687,N,False
5,reel6__9,reel10__0,1687,N,False
5,reel6__9,bot67__4,1687,N,False
5,reel12__6,reel47__3,1687,N,False
5,reel12__6,reel50__4,1687,N,False
5,reel27__8,reel50__4,1687,N,False
5,reel37__8,reel50__2,1687,N,False
5,reel53__8,reel50__2,1687,N,False
5,bot3__5,bot29__8,1687,N,False
5,reel48__1,reel51__5,1687,N,False
5,reel6__1,bot22__0,1687,N,False
5,reel8__7,bot22__0,1687,N,False
5,bot76__8,bot22__0,1687,N,False
5,reel28__8,reel82__1,1687,N,False
5,reel4__3,bot22__6,1687,N,False
5,reel18__3,bot22__6,1687,N,False
5,reel18__3,reel72__9,1687,N,False
5,reel18__3,reel81__3,1687,N,False
5,reel59__6,reel6__8,1687,N,False
5,bot4__2,bot27__7,1687,N,False
5,bot18__4,bot27__7,1687,N,False
5,bot23__9,bot37__4,1687,N,False
5,bot18__4,bot37__4,1687,N,False
5,reel21__9,reel26__1,1687,N,False
5,reel21__7,reel26__1,1687,N,False
5,reel21__9,bot61__4,1687,N,False
5,reel45__7,reel71__5,1687,N,False
5,bot4__4,bot12__5,1687,N,False
5,bot23__4,bot12__5,1687,N,False
5,bot34__7,reel14__2,1687,N,False
5,reel27__2,reel37__1,1687,N,False
5,reel27__2,reel48__7,1687,N,False
5,reel27__2,reel49__0,1687,N,False
5,bot29__3,bot26__5,1687,N,False
5,bot53__4,bot54__2,1687,N,False
5,bot53__4,bot69__8,1687,N,False
5,bot53__4,bot73__9,1687,N,False
5,reel66__0,bot73__9,1687,N,False
5,bot28__2,bot70__7,1687,N,False
5,reel31__5,reel75__8,1687,N,False
5,reel31__5,bot80__6,1687,N,False
5,bot52__8,bot64__2,1687,N,False
5,bot2__4,bot6__8,1687,N,False
5,bot58__9,bot6__8,1687,N,False
5,reel12__8,bot63__5,1687,N,False
5,reel31__0,bot63__5,1687,N,False
5,bot60__0,bot24__5,1687,N,False
5,bot10__3,bot24__5,1687,N,False
5,reel17__9,bot43__3,1687,N,False
5,reel2__4,bot42__4,1687,N,False
5,reel11__1,bot19__5,1687,N,False
5,reel52__7,bot62__1,1687,N,False
5,reel38__6,bot62__1,1687,N,False
5,reel52__7,reel65__9,1687,N,False
5,bot5__1,bot62__9,1687,N,False
5,reel26__5,reel43__0,1687,N,False
5,reel64__5,reel61__8,1687,N,False
5,reel33__1,reel61__8,1687,N,False
5,reel67__3,reel61__8,1687,N,False
5,bot0__9,bot69__5,1687,N,False
5,reel67__3,bot69__5,1687,N,False
5,reel67__3,bot81__4,1687,N,False
5,reel59__7,bot65__8,1687,N,False
5,reel16__3,reel5__9,1687,N,False
5,reel27__8,reel5__9,1687,N,False
5,reel16__3,reel48__0,1687,N,False
5,bot53__7,reel48__0,1687,N,False
5,bot31__5,bot82__7,1687,N,False
5,reel2__3,bot41__0,1687,N,False
5,bot43__6,bot59__2,1687,N,False
5,reel22__8,bot59__2,1687,N,False
5,reel14__6,bot32__7,1687,N,False
5,reel21__7,bot32__7,1687,N,False
5,reel24__1,bot56__9,1687,N,False
5,reel42__1,bot56__9,1687,N,False
5,bot53__7,bot66__7,1687,N,False
5,reel63__3,reel51__0,1687,N,False
5,reel39__8,reel51__0,1687,N,False
5,reel3__6,reel22__5,1687,N,False
5,reel22__2,bot76__9,1687,N,False
5,reel24__1,bot76__9,1687,N,False
5,reel73__9,reel80__4,1687,N,False
5,reel73__9,bot81__1,1687,N,False
5,bot58__1,bot43__4,1687,N,False
5,reel14__4,bot20__7,1687,N,False
5,reel20__5,bot23__1,1687,N,False
5,bot25__9,bot23__1,1687,N,False
5,bot25__9,bot44__2,1687,N,False
5,reel35__3,reel64__1,1687,N,False
5,reel10__5,reel64__1,1687,N,False
5,reel43__9,bot68__0,1687,N,False
5,reel23__6,reel67__9,1687,N,False
5,reel0__6,reel67__9,1687,N,False
5,reel27__8,bot80__7,1687,N,False
5,reel13__3,reel32__9,1687,N,False
5,reel13__3,reel56__8,1687,N,False
5,reel55__9,reel56__8,1687,N,False
5,reel13__3,bot72__0,1687,N,False
5,reel13__3,bot78__4,1687,N,False
5,bot36__9,bot78__4,1687,N,False
5,bot64__6,bot75__2,1687,N,False
5,bot5__8,bot56__5,1687,N,False
5,bot44__8,reel27__0,1687,N,False
5,bot47__4,reel27__0,1687,N,False
5,bot0__0,bot8__6,1687,N,False
5,bot42__2,bot8__6,1687,N,False
5,bot0__0,bot66__9,1687,N,False
5,reel20__5,bot26__4,1687,N,False
5,bot23__0,bot26__4,1687,N,False
5,reel8__0,bot26__4,1687,N,False
5,bot8__3,bot26__9,1687,N,False
5,reel66__9,reel70__7,1687,N,False
5,reel39__7,bot57__5,1687,N,False
5,bot82__2,bot6__4,1687,N,False
5,reel54__6,reel76__0,1687,N,False
5,bot23__0,bot57__7,1687,N,False
5,bot10__4,bot50__5,1687,N,False
5,bot5__2,bot14__2,1687,N,False
5,reel37__9,bot78__9,1687,N,False
5,reel11__4,reel55__4,1687,N,False
5,reel11__4,reel80__1,1687,N,False
5,bot37__2,bot65__7,1687,N,False
5,reel19__4,bot65__7,1687,N,False
5,bot32__3,bot7__4,1687,N,False
5,reel0__8,bot7__4,1687,N,False
5,reel0__8,reel25__2,1687,N,False
5,reel0__8,reel58__8,1687,N,False
5,reel0__8,bot73__5,1687,N,False
5,reel46__3,reel63__8,1687,N,False
5,bot2__4,bot19__6,1687,N,False
5,bot76__8,bot19__6,1687,N,False
5,reel8__8,reel80__0,1687,N,False
5,bot24__4,bot29__7,1687,N,False
5,bot10__6,bot65__5,1687,N,False
5,reel22__4,reel62__8,1687,N,False
5,reel22__4,reel81__5,1687,N,False
5,bot0__5,bot12__7,1687,N,False
5,reel9__6,reel38__1,1687,N,False
5,reel34__8,reel38__1,1687,N,False
5,reel23__6,bot33__4,1687,N,False
5,reel31__8,bot33__4,1687,N,False
5,reel9__6,reel45__8,1687,N,False
5,reel8__0,reel45__8,1687,N,False
5,reel41__0,reel63__5,1687,N,False
5,reel6__1,reel3__9,1687,N,False
5,reel55__9,reel3__9,1687,N,False
5,reel6__1,reel33__5,1687,N,False
5,reel14__7,reel33__5,1687,N,False
5,reel6__1,reel57__5,1687,N,False
5,reel19__5,reel63__4,1687,N,False
5,reel14__8,reel68__5,1687,N,False
5,bot30__6,bot22__9,1687,N,False
5,reel53__6,reel21__1,1687,N,False
5,bot16__1,bot33__2,1687,N,False
5,reel23__3,reel37__6,1687,N,False
5,reel23__3,bot84__1,1687,N,False
5,reel19__4,bot22__5,1687,N,False
5,reel19__4,bot23__2,1687,N,False
5,reel19__4,reel33__3,1687,N,False
5,reel4__3,bot83__4,1687,N,False
5,reel14__6,bot83__4,1687,N,False
5,reel7__1,bot17__8,1687,N,False
5,bot1__1,bot17__8,1687,N,False
5,bot2__4,bot57__3,1687,N,False
5,bot19__9,reel7__8,1687,N,False
5,bot19__9,bot76__6,1687,N,False
5,reel61__9,bot68__9,1687,N,False
5,reel7__1,bot72__9,1687,N,False
5,bot43__1,bot67__7,1687,N,False
5,reel7__9,bot49__1,1687,N,False
5,reel21__2,bot44__7,1687,N,False
5,reel21__2,bot47__8,1687,N,False
5,reel10__4,reel37__0,1687,N,False
5,reel49__8,reel37__0,1687,N,False
5,reel49__8,bot64__4,1687,N,False
5,reel49__8,reel76__9,1687,N,False
5,reel9__6,bot57__6,1687,N,False
5,reel9__6,reel69__3,1687,N,False
5,reel6__4,reel45__1,1687,N,False
5,bot23__5,bot84__0,1687,N,False
5,reel49__1,bot64__8,1687,N,False
5,bot53__2,bot64__8,1687,N,False
5,bot9__5,bot15__7,1687,N,False
5,reel14__7,bot15__7,1687,N,False
5,bot51__8,bot44__0,1687,N,False
5,reel1__8,reel57__7,1687,N,False
5,bot23__9,bot76__5,1687,N,False
5,bot23__4,bot34__8,1687,N,False
5,bot42__0,bot50__1,1687,N,False
5,reel55__6,bot67__2,1687,N,False
5,bot16__2,bot67__2,1687,N,False
5,reel9__2,bot75__7,1687,N,False
5,reel35__0,bot75__7,1687,N,False
5,reel8__6,bot83__9,1687,N,False
5,reel31__4,reel15__4,1687,N,False
5,reel29__3,bot82__0,1687,N,False
5,reel1__0,reel17__0,1687,N,False
5,reel36__9,reel79__2,1687,N,False
5,reel22__8,reel47__9,1687,N,False
5,reel62__9,reel47__9,1687,N,False
5,reel9__2,bot42__9,1687,N,False
5,reel14__6,reel68__6,1687,N,False
5,bot3__2,bot17__3,1687,N,False
5,bot42__6,bot10__5,1687,N,False
5,bot42__6,bot74__4,1687,N,False
5,reel65__6,reel63__6,1687,N,False
5,reel65__6,bot66__2,1687,N,False
5,bot3__7,bot20__2,1687,N,False
5,bot26__2,reel8__5,1687,N,False
5,reel77__9,reel8__4,1687,N,False
5,bot26__2,reel8__4,1687,N,False
5,bot16__2,bot17__1,1687,N,False
5,bot0__9,bot9__2,1687,N,False
5,reel32__6,bot62__5,1687,N,False
5,reel35__2,reel38__9,1687,N,False
5,reel16__3,bot50__2,1688,N,False
5,bot1__7,bot50__2,1688,N,False
5,reel12__9,bot73__0,1688,N,False
5,bot1__7,bot73__0,1688,N,False
5,reel6__2,reel36__3,1688,N,False
5,reel8__0,reel36__3,1688,N,False
5,reel45__9,reel36__3,1688,N,False
5,bot56__3,reel44__7,1688,N,False
5,reel24__1,reel44__7,1688,N,False
5,reel42__9,reel44__7,1688,N,False
5,bot77__5,bot7__5,1688,N,False
5,bot51__0,bot7__5,1688,N,False
5,reel54__9,reel66__3,1688,N,False
5,bot73__1,reel66__3,1688,N,False
5,reel54__9,reel83__5,1688,N,False
5,reel73__6,reel83__5,1688,N,False
5,reel23__2,bot44__5,1688,N,False
5,bot0__6,bot61__7,1688,N,False
5,bot21__7,bot61__7,1688,N,False
5,bot44__4,bot32__5,1688,N,False
5,reel5__9,bot32__5,1688,N,False
5,bot62__2,bot32__5,1688,N,False
5,bot18__2,bot32__5,1688,N,False
5,bot53__0,bot45__6,1688,N,False
5,bot1__2,bot45__6,1688,N,False
5,bot18__2,bot45__6,1688,N,False
5,bot69__1,reel20__9,1688,N,False
5,reel40__1,bot41__4,1688,N,False
5,reel12__0,bot41__4,1688,N,False
5,reel40__1,bot64__5,1688,N,False
5,reel40__1,reel75__3,1688,N,False
5,reel25__8,reel75__3,1688,N,False
5,reel20__8,bot27__5,1688,N,False
5,reel68__9,reel32__8,1688,N,False
5,reel17__7,reel32__8,1688,N,False
5,reel2__5,bot43__8,1688,N,False
5,reel53__1,reel31__5,1688,N,False
5,reel30__3,bot69__5,1688,N,False
5,bot0__9,bot69__5,1688,N,False
5,reel16__1,reel78__4,1688,N,False
5,bot32__3,bot35__0,1688,N,False
5,reel14__0,bot35__0,1688,N,False
5,reel14__0,bot70__5,1688,N,False
5,bot46__2,bot49__2,1688,N,False
5,bot10__4,bot49__2,1688,N,False
5,bot35__6,bot45__1,1688,N,False
5,bot74__5,bot45__1,1688,N,False
5,reel31__6,reel69__4,1688,N,False
5,reel25__3,reel69__4,1688,N,False
5,reel35__5,bot53__3,1688,N,False
5,bot64__6,bot53__3,1688,N,False
5,bot1__1,bot53__3,1688,N,False
5,reel35__5,reel73__2,1688,N,False
5,bot3__5,bot64__9,1688,N,False
5,reel2__4,bot64__9,1688,N,False
5,bot74__7,bot36__9,1688,N,False
5,bot20__8,bot36__9,1688,N,False
5,bot49__9,bot52__0,1688,N,False
5,reel25__4,bot79__7,1688,N,False
5,bot49__9,bot79__7,1688,N,False
5,bot76__9,bot79__7,1688,N,False
5,reel61__8,reel67__3,1688,N,False
5,reel55__0,reel38__8,1688,N,False
5,reel17__7,reel38__8,1688,N,False
5,reel55__0,bot76__1,1688,N,False
5,reel30__0,bot76__1,1688,N,False
5,bot15__1,bot26__7,1688,N,False
5,reel27__2,reel49__0,1688,N,False
5,bot53__4,bot41__8,1688,N,False
5,bot10__6,bot41__8,1688,N,False
5,bot33__5,bot44__2,1688,N,False
5,bot25__9,bot44__2,1688,N,False
5,bot59__0,bot16__4,1688,N,False
5,bot25__1,bot16__4,1688,N,False
5,bot8__3,bot16__4,1688,N,False
5,bot19__0,bot32__9,1688,N,False
5,bot12__7,bot30__2,1688,N,False
5,reel13__3,bot78__4,1688,N,False
5,bot58__5,bot78__4,1688,N,False
5,bot82__5,bot14__2,1688,N,False
5,reel26__3,reel48__4,1688,N,False
5,reel6__3,reel73__1,1688,N,False
5,reel26__3,reel73__1,1688,N,False
5,bot9__5,bot32__0,1688,N,False
5,bot41__3,bot32__0,1688,N,False
5,bot25__5,bot38__6,1688,N,False
5,bot25__5,bot80__3,1688,N,False
5,bot69__6,bot68__1,1688,N,False
5,bot40__3,bot80__1,1688,N,False
5,bot69__6,bot80__1,1688,N,False
5,reel2__4,bot42__4,1688,N,False
5,reel20__0,reel59__7,1688,N,False
5,reel2__4,reel59__7,1688,N,False
5,reel16__7,reel59__7,1688,N,False
5,reel14__3,bot48__0,1688,N,False
5,bot15__8,bot48__0,1688,N,False
5,reel58__7,bot78__2,1688,N,False
5,bot3__8,bot78__2,1688,N,False
5,reel25__3,bot78__2,1688,N,False
5,bot10__5,bot43__4,1688,N,False
5,reel14__9,reel7__4,1688,N,False
5,bot67__6,reel7__4,1688,N,False
5,bot9__0,bot70__8,1688,N,False
5,reel47__8,reel58__8,1688,N,False
5,reel6__2,bot39__1,1688,N,False
5,reel6__2,bot49__1,1688,N,False
5,reel8__4,reel81__5,1688,N,False
5,reel22__4,reel81__5,1688,N,False
5,reel6__2,reel81__5,1688,N,False
5,reel21__7,reel26__1,1688,N,False
5,bot54__2,reel26__1,1688,N,False
5,reel49__3,reel23__7,1688,N,False
5,reel24__1,bot56__9,1688,N,False
5,reel42__1,bot56__9,1688,N,False
5,reel54__6,reel40__5,1688,N,False
5,reel37__7,reel40__5,1688,N,False
5,reel31__0,reel61__0,1688,N,False
5,reel31__0,bot63__5,1688,N,False
5,reel31__0,reel81__1,1688,N,False
5,reel8__0,reel81__1,1688,N,False
5,reel3__6,reel65__0,1688,N,False
5,bot35__6,bot46__8,1688,N,False
5,reel21__4,bot46__8,1688,N,False
5,reel13__2,reel66__1,1688,N,False
5,reel64__1,reel66__7,1688,N,False
5,reel13__2,reel66__7,1688,N,False
5,reel8__1,reel66__7,1688,N,False
5,reel13__5,bot22__3,1688,N,False
5,bot5__7,bot60__2,1688,N,False
5,bot14__1,bot54__6,1688,N,False
5,bot29__6,bot61__4,1688,N,False
5,reel0__6,reel67__9,1688,N,False
5,reel83__7,reel32__5,1688,N,False
5,reel13__3,reel56__8,1688,N,False
5,reel37__8,reel65__5,1688,N,False
5,reel13__3,reel65__5,1688,N,False
5,bot64__6,bot75__9,1688,N,False
5,reel12__0,reel14__4,1688,N,False
5,bot73__8,reel14__4,1688,N,False
5,reel12__0,reel75__8,1688,N,False
5,reel58__1,reel15__5,1688,N,False
5,reel28__1,reel66__2,1688,N,False
5,reel28__1,reel80__0,1688,N,False
5,reel3__8,bot19__8,1688,N,False
5,reel3__8,reel25__2,1688,N,False
5,reel36__8,reel25__2,1688,N,False
5,bot82__0,reel75__0,1688,N,False
5,reel7__8,reel75__0,1688,N,False
5,bot84__5,reel50__5,1688,N,False
5,reel66__9,reel50__5,1688,N,False
5,reel78__6,reel41__5,1688,N,False
5,reel6__7,reel41__5,1688,N,False
5,bot55__5,bot54__1,1688,N,False
5,reel2__2,reel23__9,1688,N,False
5,reel7__8,reel23__9,1688,N,False
5,bot73__1,bot52__1,1688,N,False
5,reel7__8,bot52__1,1688,N,False
5,reel7__8,bot54__5,1688,N,False
5,reel43__7,bot54__5,1688,N,False
5,bot84__5,bot55__6,1688,N,False
5,bot82__2,bot41__1,1688,N,False
5,bot9__4,bot41__1,1688,N,False
5,bot9__4,bot39__6,1688,N,False
5,bot43__9,bot39__6,1688,N,False
5,reel45__6,reel79__9,1688,N,False
5,bot2__4,bot27__4,1688,N,False
5,reel25__1,bot27__4,1688,N,False
5,reel14__3,bot28__4,1688,N,False
5,reel2__2,bot8__2,1688,N,False
5,reel2__2,reel29__1,1688,N,False
5,reel58__7,reel29__1,1688,N,False
5,reel27__9,reel29__1,1688,N,False
5,bot10__4,bot50__5,1688,N,False
5,bot29__5,bot46__9,1688,N,False
5,bot3__6,bot44__0,1688,N,False
5,reel11__4,bot28__1,1688,N,False
5,reel16__7,bot28__1,1688,N,False
5,reel11__4,reel55__4,1688,N,False
5,reel11__4,bot84__2,1688,N,False
5,bot32__4,bot15__7,1688,N,False
5,bot24__5,bot15__7,1688,N,False
5,reel14__7,bot15__7,1688,N,False
5,bot9__5,bot15__7,1688,N,False
5,reel25__8,reel48__8,1688,N,False
5,reel28__2,reel45__7,1688,N,False
5,reel28__2,reel61__4,1688,N,False
5,reel5__6,reel61__4,1688,N,False
5,bot37__2,bot65__7,1688,N,False
5,reel27__9,reel44__0,1688,N,False
5,reel30__0,bot80__6,1688,N,False
5,bot10__6,bot79__8,1688,N,False
5,reel51__1,reel83__8,1688,N,False
5,reel24__5,reel51__7,1688,N,False
5,reel42__7,reel51__7,1688,N,False
5,bot2__1,bot6__5,1688,N,False
5,reel9__6,reel38__1,1688,N,False
5,reel34__8,reel38__1,1688,N,False
5,bot12__8,bot65__6,1688,N,False
5,bot2__4,bot11__0,1688,N,False
5,reel8__0,bot11__0,1688,N,False
5,reel41__0,reel54__4,1688,N,False
5,reel60__1,reel63__8,1688,N,False
5,reel6__1,reel3__9,1688,N,False
5,reel6__1,reel57__5,1688,N,False
5,bot48__2,bot80__7,1688,N,False
5,bot32__3,bot7__4,1688,N,False
5,bot32__3,bot62__4,1688,N,False
5,reel3__4,reel63__1,1688,N,False
5,bot77__6,reel63__1,1688,N,False
5,bot16__1,bot33__2,1688,N,False
5,reel23__3,reel40__9,1688,N,False
5,bot53__9,bot84__1,1688,N,False
5,reel23__3,bot84__1,1688,N,False
5,reel5__9,bot14__0,1688,N,False
5,reel5__9,bot23__2,1688,N,False
5,reel20__0,bot23__2,1688,N,False
5,reel59__2,reel17__2,1688,N,False
5,bot1__2,bot61__8,1688,N,False
5,reel59__2,bot61__8,1688,N,False
5,bot2__4,bot57__3,1688,N,False
5,reel24__3,bot28__6,1688,N,False
5,reel24__3,reel59__1,1688,N,False
5,reel3__4,reel51__2,1688,N,False
5,reel36__7,reel51__2,1688,N,False
5,reel31__3,bot76__4,1688,N,False
5,reel6__5,reel16__8,1688,N,False
5,reel67__8,bot84__7,1688,N,False
5,reel43__7,reel79__0,1688,N,False
5,reel47__2,reel16__0,1688,N,False
5,reel53__7,reel16__0,1688,N,False
5,reel61__1,bot83__9,1688,N,False
5,reel47__4,reel46__5,1688,N,False
5,bot43__1,bot67__7,1688,N,False
5,reel37__2,bot47__5,1688,N,False
5,reel37__2,bot57__8,1688,N,False
5,reel42__7,reel70__0,1688,N,False
5,reel9__6,bot33__3,1688,N,False
5,reel9__6,bot38__8,1688,N,False
5,bot23__5,bot84__0,1688,N,False
5,bot40__5,bot49__8,1688,N,False
5,reel4__4,bot65__8,1688,N,False
5,bot4__0,bot65__8,1688,N,False
5,bot32__7,bot37__5,1688,N,False
5,bot27__1,bot37__5,1688,N,False
5,reel50__9,reel44__5,1688,N,False
5,reel34__9,bot56__4,1688,N,False
5,reel9__0,bot56__4,1688,N,False
5,reel4__4,bot5__6,1688,N,False
5,bot1__0,bot5__6,1688,N,False
5,bot28__7,bot9__2,1688,N,False
5,bot0__9,bot9__2,1688,N,False
5,reel68__7,reel5__3,1688,N,False
5,bot9__4,bot33__1,1688,N,False
5,bot9__4,bot77__8,1688,N,False
5,reel5__8,reel64__3,1688,N,False
5,bot1__8,bot35__9,1688,N,False
5,reel66__6,reel31__9,1688,N,False
5,reel20__0,reel31__9,1688,N,False
5,reel37__8,reel57__0,1688,N,False
5,reel16__4,reel57__0,1688,N,False
5,bot51__0,bot74__8,1688,N,False
5,bot14__3,bot20__3,1688,N,False
5,bot45__5,bot20__3,1688,N,False
5,reel22__8,reel15__7,1688,N,False
5,bot17__9,bot3__3,1688,N,False
5,bot44__7,bot20__7,1688,N,False
5,bot32__8,bot48__7,1688,N,False
5,reel9__2,bot42__9,1688,N,False
5,reel9__2,bot75__7,1688,N,False
5,reel32__2,reel72__8,1688,N,False
5,reel58__7,reel72__8,1688,N,False
5,reel38__4,reel58__9,1688,N,False
5,bot14__6,bot73__4,1688,N,False
5,reel33__3,bot49__4,1688,N,False
5,bot65__1,reel63__6,1688,N,False
5,reel75__6,reel63__6,1688,N,False
5,bot67__5,bot70__7,1688,N,False
5,reel25__4,reel68__1,1688,N,False
5,reel20__0,reel71__5,1688,N,False
5,reel20__0,reel80__5,1688,N,False
5,reel47__5,bot59__8,1688,N,False
5,reel17__7,bot59__8,1688,N,False
5,bot70__6,reel68__3,1688,N,False
5,reel36__8,reel53__4,1688,N,False
5,reel3__4,bot4__7,1688,N,False
5,reel29__0,bot35__5,1688,N,False
5,reel42__4,reel61__6,1688,N,False
5,reel17__7,bot28__5,1688,N,False
5,reel17__7,bot68__2,1688,N,False
5,bot27__9,bot28__9,1688,N,False
5,reel43__3,reel67__4,1688,N,False
5,reel25__6,reel74__6,1688,N,False
5,reel35__2,bot38__5,1688,N,False
5,reel35__2,reel38__9,1688,N,False
5,reel59__7,bot65__8,1689,N,False
5,bot22__5,bot40__2,1689,N,False
5,reel42__5,reel48__4,1689,N,False
5,reel82__1,reel33__0,1689,N,False
5,bot42__3,bot61__4,1689,N,False
5,reel63__1,bot77__6,1689,N,False
5,reel33__8,reel41__6,1689,N,False
5,reel33__8,reel66__8,1689,N,False
5,bot12__8,bot65__6,1689,N,False
5,reel48__7,reel62__5,1689,N,False
5,reel48__7,reel76__6,1689,N,False
5,reel26__8,bot38__3,1689,N,False
5,bot26__7,bot15__1,1689,N,False
5,reel56__8,reel81__9,1689,N,False
5,bot32__4,bot33__7,1689,N,False
5,reel32__3,bot33__7,1689,N,False
5,reel25__0,reel23__8,1689,N,False
5,reel25__0,bot28__5,1689,N,False
5,reel17__7,bot28__5,1689,N,False
5,reel40__9,bot52__9,1689,N,False
5,reel63__0,reel59__9,1689,N,False
5,bot51__2,bot63__7,1689,N,False
5,bot70__4,bot75__0,1689,N,False
5,bot37__4,bot61__6,1689,N,False
5,bot31__4,bot53__8,1689,N,False
5,reel35__1,bot47__9,1689,N,False
5,bot18__1,bot47__9,1689,N,False
5,reel54__5,reel65__1,1689,N,False
5,bot64__8,bot53__2,1689,N,False
5,bot77__8,bot79__0,1689,N,False
5,bot28__9,bot38__4,1689,N,False
5,bot73__0,reel48__5,1689,N,False
5,reel31__2,reel79__9,1689,N,False
5,reel68__3,bot70__6,1689,N,False
5,reel55__1,bot60__4,1689,N,False
5,reel29__0,bot35__5,1689,N,False
5,reel17__7,reel63__4,1689,N,False
5,reel17__7,bot68__2,1689,N,False
5,reel59__3,reel52__6,1689,N,False
5,bot32__7,bot37__5,1689,N,False
5,reel63__6,bot65__1,1689,N,False
5,reel63__6,reel67__9,1689,N,False
5,reel52__7,reel65__9,1689,N,False
5,bot32__5,bot44__4,1689,N,False
5,bot39__6,bot67__7,1689,N,False
5,reel10__0,bot22__9,1690,N,True
5,reel2__6,bot22__9,1690,N,True
5,297,bot22__9,1690,N,True
5,reel4__0,reel42__9,1690,N,True
5,reel17__6,reel42__9,1690,N,True
5,reel17__6,bot65__0,1690,N,True
5,reel17__6,bot66__6,1690,N,True
5,bot4__2,bot66__6,1690,N,True
5,reel41__4,bot69__1,1690,N,True
5,reel17__6,bot69__1,1690,N,True
5,reel17__6,bot74__7,1690,N,True
5,bot36__8,reel34__9,1690,N,True
5,reel2__3,bot5__5,1690,N,True
5,bot20__3,bot5__5,1690,N,True
5,reel37__5,bot59__5,1690,N,True
5,bot20__3,bot59__5,1690,N,True
5,reel4__0,reel15__7,1690,N,True
5,314,reel15__7,1690,N,True
5,bot84__9,bot14__2,1690,N,True
5,reel2__8,bot14__2,1690,N,True
5,reel12__8,bot63__5,1690,N,True
5,reel31__0,bot63__5,1690,N,True
5,reel2__8,bot63__5,1690,N,True
5,reel2__8,bot66__0,1690,N,True
5,29,reel17__0,1690,N,True
5,reel9__9,reel17__0,1690,N,True
5,bot18__3,reel17__0,1690,N,True
5,266,bot20__5,1690,N,True
5,bot18__3,bot20__5,1690,N,True
5,331,73,1690,N,True
5,25,73,1690,N,True
5,88,73,1690,N,True
5,1,73,1690,N,True
5,bot1__2,73,1690,N,True
5,bot1__7,73,1690,N,True
5,reel16__3,bot50__2,1690,N,True
5,237,bot50__2,1690,N,True
5,bot1__7,bot50__2,1690,N,True
5,reel38__5,reel3__7,1690,N,True
5,166,reel3__7,1690,N,True
5,85,reel3__7,1690,N,True
5,reel34__2,reel3__7,1690,N,True
5,reel61__3,reel3__7,1690,N,True
5,85,reel39__8,1690,N,True
5,reel27__2,reel56__5,1690,N,True
5,85,reel56__5,1690,N,True
5,reel79__2,reel17__3,1690,N,True
5,bot33__9,reel17__3,1690,N,True
5,bot40__1,reel17__3,1690,N,True
5,298,reel17__3,1690,N,True
5,reel61__3,reel67__2,1690,N,True
5,169,reel68__2,1690,N,True
5,60,reel68__2,1690,N,True
5,60,reel78__7,1690,N,True
5,bot16__6,bot82__7,1690,N,True
5,60,bot82__7,1690,N,True
5,bot31__5,bot82__7,1690,N,True
5,reel52__6,reel59__3,1690,N,True
5,reel4__7,reel59__3,1690,N,True
5,bot60__5,bot73__7,1690,N,True
5,reel4__0,reel7__3,1690,N,True
5,64,reel7__3,1690,N,True
5,bot80__4,reel7__3,1690,N,True
5,290,reel7__3,1690,N,True
5,232,bot43__0,1690,N,True
5,reel52__5,bot53__5,1690,N,True
5,190,bot53__5,1690,N,True
5,232,bot53__5,1690,N,True
5,88,164,1690,N,True
5,285,164,1690,N,True
5,reel11__3,164,1690,N,True
5,reel13__3,bot16__5,1690,N,True
5,reel11__3,bot16__5,1690,N,True
5,bot0__6,bot61__7,1690,N,True
5,bot62__3,bot4__6,1690,N,True
5,266,bot4__6,1690,N,True
5,bot3__0,bot4__6,1690,N,True
5,bot76__6,bot74__0,1690,N,True
5,bot13__7,bot74__0,1690,N,True
5,257,reel25__7,1690,N,True
5,reel30__3,reel25__7,1690,N,True
5,1,reel25__7,1690,N,True
5,reel19__3,reel25__7,1690,N,True
5,reel52__1,49,1690,N,True
5,bot15__0,49,1690,N,True
5,reel58__3,49,1690,N,True
5,bot2__2,bot4__8,1690,N,True
5,342,bot4__8,1690,N,True
5,reel2__6,reel17__9,1690,N,True
5,reel27__2,reel17__9,1690,N,True
5,188,reel17__9,1690,N,True
5,342,reel17__9,1690,N,True
5,88,reel75__5,1690,N,True
5,reel69__5,reel75__5,1690,N,True
5,bot11__2,bot84__8,1690,N,True
5,reel69__5,bot84__8,1690,N,True
5,reel15__2,bot44__8,1690,N,True
5,reel27__0,bot44__8,1690,N,True
5,reel15__2,bot54__6,1690,N,True
5,bot14__1,bot54__6,1690,N,True
5,reel14__5,reel31__1,1690,N,True
5,reel14__5,reel39__7,1690,N,True
5,reel46__9,reel39__7,1690,N,True
5,reel77__6,reel39__7,1690,N,True
5,bot47__2,reel39__7,1690,N,True
5,198,reel39__7,1690,N,True
5,reel42__4,reel39__7,1690,N,True
5,reel47__0,reel77__7,1690,N,True
5,reel14__0,reel77__7,1690,N,True
5,bot39__8,bot58__2,1690,N,True
5,bot61__2,bot58__2,1690,N,True
5,bot15__7,bot58__2,1690,N,True
5,229,bot4__0,1690,N,True
5,bot65__8,bot4__0,1690,N,True
5,bot10__5,bot4__0,1690,N,True
5,169,reel48__9,1690,N,True
5,reel40__3,reel48__9,1690,N,True
5,169,bot76__3,1690,N,True
5,reel44__9,bot76__3,1690,N,True
5,bot22__1,bot79__9,1690,N,True
5,reel68__9,bot71__0,1690,N,True
5,bot44__3,bot17__4,1690,N,True
5,bot84__9,bot17__4,1690,N,True
5,bot4__4,bot17__4,1690,N,True
5,reel81__9,reel78__5,1690,N,True
5,305,bot0__3,1690,N,True
5,176,bot0__3,1690,N,True
5,159,bot0__3,1690,N,True
5,reel24__3,reel23__2,1690,N,True
5,305,reel23__2,1690,N,True
5,bot44__5,reel23__2,1690,N,True
5,reel12__8,reel23__2,1690,N,True
5,reel46__1,reel23__2,1690,N,True
5,bot76__5,bot67__7,1690,N,True
5,reel18__1,bot67__7,1690,N,True
5,58,reel77__4,1690,N,True
5,reel18__1,reel77__4,1690,N,True
5,reel18__1,reel81__4,1690,N,True
5,reel30__3,bot69__5,1690,N,True
5,reel67__3,bot69__5,1690,N,True
5,reel30__3,bot79__3,1690,N,True
5,57,bot79__3,1690,N,True
5,bot7__9,bot10__4,1690,N,True
5,reel0__3,bot10__4,1690,N,True
5,bot15__4,bot10__4,1690,N,True
5,reel0__3,bot22__3,1690,N,True
5,bot17__8,bot22__3,1690,N,True
5,reel0__3,reel71__6,1690,N,True
5,bot82__4,reel79__8,1690,N,True
5,reel3__0,reel32__3,1690,N,True
5,reel19__5,reel32__3,1690,N,True
5,284,bot11__6,1690,N,True
5,reel25__5,reel42__1,1690,N,True
5,bot7__6,bot84__1,1690,N,True
5,reel16__3,reel26__2,1690,N,True
5,bot65__3,reel26__2,1690,N,True
5,bot65__3,bot57__9,1690,N,True
5,reel14__0,reel23__1,1690,N,True
5,reel14__0,bot35__0,1690,N,True
5,reel39__4,reel36__4,1690,N,True
5,reel14__0,reel36__4,1690,N,True
5,reel9__3,bot31__7,1690,N,True
5,238,bot31__7,1690,N,True
5,bot46__9,bot29__5,1690,N,True
5,248,bot29__5,1690,N,True
5,248,bot39__4,1690,N,True
5,132,bot39__4,1690,N,True
5,66,bot17__7,1690,N,True
5,279,bot17__7,1690,N,True
5,66,reel21__5,1690,N,True
5,92,reel21__5,1690,N,True
5,66,reel34__4,1690,N,True
5,reel33__7,reel15__9,1690,N,True
5,reel33__7,bot43__2,1690,N,True
5,bot84__5,reel70__8,1690,N,True
5,reel34__0,reel70__8,1690,N,True
5,307,reel70__8,1690,N,True
5,271,bot72__1,1690,N,True
5,reel28__1,bot72__1,1690,N,True
5,reel34__0,bot72__1,1690,N,True
5,reel34__5,reel22__2,1690,N,True
5,231,reel22__2,1690,N,True
5,bot49__7,reel22__2,1690,N,True
5,reel6__0,bot47__1,1690,N,True
5,reel28__1,bot47__1,1690,N,True
5,reel47__7,reel65__9,1690,N,True
5,238,reel65__9,1690,N,True
5,13,bot5__7,1690,N,True
5,222,bot5__7,1690,N,True
5,reel4__7,bot5__7,1690,N,True
5,reel7__6,bot54__3,1690,N,True
5,290,reel83__9,1690,N,True
5,bot7__9,bot8__7,1690,N,True
5,139,bot8__7,1690,N,True
5,bot5__1,bot8__7,1690,N,True
5,bot20__8,bot8__7,1690,N,True
5,183,bot36__9,1690,N,True
5,bot20__8,bot36__9,1690,N,True
5,reel9__9,bot29__3,1690,N,True
5,bot26__5,bot29__3,1690,N,True
5,reel18__3,90,1690,N,True
5,reel26__1,90,1690,N,True
5,180,bot24__7,1690,N,True
5,reel12__2,bot24__7,1690,N,True
5,180,bot50__9,1690,N,True
5,184,bot50__9,1690,N,True
5,bot14__1,76,1690,N,True
5,25,76,1690,N,True
5,270,76,1690,N,True
5,bot4__4,76,1690,N,True
5,reel19__0,bot24__1,1690,N,True
5,reel18__7,bot24__1,1690,N,True
5,bot13__7,bot24__1,1690,N,True
5,40,bot35__7,1690,N,True
5,reel19__0,bot35__7,1690,N,True
5,reel27__2,reel33__0,1690,N,True
5,reel52__4,reel29__7,1690,N,True
5,159,reel29__7,1690,N,True
5,reel40__3,reel29__7,1690,N,True
5,104,reel29__7,1690,N,True
5,reel40__3,bot71__8,1690,N,True
5,reel18__7,reel60__7,1690,N,True
5,reel71__7,reel60__7,1690,N,True
5,184,reel29__3,1690,N,True
5,reel9__9,reel29__3,1690,N,True
5,188,reel29__3,1690,N,True
5,reel71__7,reel29__3,1690,N,True
5,reel62__7,reel28__6,1690,N,True
5,bot53__4,bot54__2,1690,N,True
5,196,bot54__2,1690,N,True
5,reel26__1,bot54__2,1690,N,True
5,bot10__1,bot46__2,1690,N,True
5,51,bot46__2,1690,N,True
5,bot19__3,bot49__0,1690,N,True
5,bot10__1,bot49__0,1690,N,True
5,bot14__5,bot12__8,1690,N,True
5,198,bot12__8,1690,N,True
5,307,71,1690,N,True
5,bot11__2,71,1690,N,True
5,178,206,1690,N,True
5,reel41__2,206,1690,N,True
5,178,bot7__5,1690,N,True
5,bot43__4,bot7__5,1690,N,True
5,178,bot55__6,1690,N,True
5,bot84__5,bot55__6,1690,N,True
5,bot40__6,bot55__6,1690,N,True
5,58,269,1690,N,True
5,reel33__9,269,1690,N,True
5,81,269,1690,N,True
5,329,269,1690,N,True
5,bot65__1,reel49__2,1690,N,True
5,reel33__9,reel49__2,1690,N,True
5,reel33__9,reel61__5,1690,N,True
5,231,bot28__2,1690,N,True
5,331,bot74__2,1690,N,True
5,231,bot74__2,1690,N,True
5,reel21__6,reel74__9,1690,N,True
5,197,reel74__9,1690,N,True
5,231,reel74__9,1690,N,True
5,139,bot51__6,1690,N,True
5,139,bot60__4,1690,N,True
5,reel55__1,bot60__4,1690,N,True
5,bot13__7,bot60__4,1690,N,True
5,120,reel74__7,1690,N,True
5,reel62__0,reel74__7,1690,N,True
5,reel62__0,reel79__3,1690,N,True
5,bot12__7,bot67__9,1690,N,True
5,reel10__9,bot25__0,1690,N,True
5,bot58__5,bot25__0,1690,N,True
5,reel13__3,bot78__4,1690,N,True
5,bot58__5,bot78__4,1690,N,True
5,reel46__5,reel38__7,1690,N,True
5,64,bot21__0,1690,N,True
5,reel16__3,bot21__0,1690,N,True
5,reel4__7,reel20__9,1690,N,True
5,reel4__7,bot65__4,1690,N,True
5,bot62__1,bot32__4,1690,N,True
5,81,bot32__4,1690,N,True
5,bot15__7,bot32__4,1690,N,True
5,81,bot74__4,1690,N,True
5,reel26__3,reel48__4,1690,N,True
5,330,reel73__1,1690,N,True
5,reel26__3,reel73__1,1690,N,True
5,reel18__7,bot43__5,1690,N,True
5,reel18__7,bot84__6,1690,N,True
5,reel2__4,bot10__8,1690,N,True
5,bot39__3,bot42__4,1690,N,True
5,reel2__4,bot42__4,1690,N,True
5,bot65__8,reel59__7,1690,N,True
5,reel2__4,reel59__7,1690,N,True
5,reel16__7,reel59__7,1690,N,True
5,279,bot17__9,1690,N,True
5,bot71__9,bot17__9,1690,N,True
5,123,reel22__7,1690,N,True
5,237,reel22__7,1690,N,True
5,reel65__5,reel22__7,1690,N,True
5,reel46__9,reel22__7,1690,N,True
5,reel23__8,reel25__0,1690,N,True
5,reel1__7,reel25__0,1690,N,True
5,bot64__5,reel25__0,1690,N,True
5,reel23__8,reel47__6,1690,N,True
5,266,reel47__6,1690,N,True
5,bot5__1,bot54__9,1690,N,True
5,104,bot54__9,1690,N,True
5,198,reel1__6,1690,N,True
5,bot15__4,reel1__6,1690,N,True
5,bot15__4,bot48__9,1690,N,True
5,reel26__5,reel43__0,1690,N,True
5,reel4__0,336,1690,N,True
5,88,336,1690,N,True
5,25,336,1690,N,True
5,bot10__5,336,1690,N,True
5,reel13__8,reel17__5,1690,N,True
5,25,reel17__5,1690,N,True
5,25,bot20__6,1690,N,True
5,297,bot20__6,1690,N,True
5,bot27__9,bot20__6,1690,N,True
5,bot49__6,bot20__6,1690,N,True
5,bot72__0,bot20__6,1690,N,True
5,25,reel27__1,1690,N,True
5,reel54__4,reel27__1,1690,N,True
5,25,reel35__5,1690,N,True
5,bot17__5,bot40__8,1690,N,True
5,bot10__5,bot40__8,1690,N,True
5,317,reel39__6,1690,N,True
5,reel67__3,reel39__6,1690,N,True
5,250,reel31__9,1690,N,True
5,reel15__4,reel31__9,1690,N,True
5,250,bot44__1,1690,N,True
5,250,bot56__4,1690,N,True
5,reel9__0,bot56__4,1690,N,True
5,250,reel67__6,1690,N,True
5,298,reel67__6,1690,N,True
5,bot9__0,bot15__8,1690,N,True
5,bot9__0,bot70__8,1690,N,True
5,reel4__0,reel30__1,1690,N,True
5,reel2__7,reel30__1,1690,N,True
5,reel2__7,bot45__4,1690,N,True
5,reel2__7,reel78__8,1690,N,True
5,324,reel78__8,1690,N,True
5,reel45__1,reel6__4,1690,N,True
5,127,reel6__4,1690,N,True
5,reel4__9,reel6__4,1690,N,True
5,47,reel6__4,1690,N,True
5,reel4__9,bot36__3,1690,N,True
5,bot39__3,bot36__3,1690,N,True
5,reel4__9,reel56__6,1690,N,True
5,reel2__3,reel27__3,1690,N,True
5,reel2__3,bot41__0,1690,N,True
5,reel28__2,reel45__7,1690,N,True
5,16,reel45__7,1690,N,True
5,bot43__6,bot57__0,1690,N,True
5,29,bot9__7,1690,N,True
5,reel6__2,bot9__7,1690,N,True
5,266,bot19__1,1690,N,True
5,reel6__2,bot19__1,1690,N,True
5,52,bot39__1,1690,N,True
5,reel6__2,bot39__1,1690,N,True
5,reel7__9,bot49__1,1690,N,True
5,reel6__2,bot49__1,1690,N,True
5,203,bot28__3,1690,N,True
5,bot55__0,bot28__3,1690,N,True
5,bot37__1,bot28__3,1690,N,True
5,reel13__8,reel41__7,1690,N,True
5,190,reel41__7,1690,N,True
5,reel43__2,reel41__7,1690,N,True
5,reel13__8,bot50__0,1690,N,True
5,reel13__8,reel64__9,1690,N,True
5,204,bot6__0,1690,N,True
5,bot12__0,bot6__0,1690,N,True
5,bot12__0,bot81__5,1690,N,True
5,bot78__2,reel58__7,1690,N,True
5,reel29__1,reel58__7,1690,N,True
5,reel41__2,reel58__6,1690,N,True
5,reel72__7,reel58__6,1690,N,True
5,reel19__3,bot28__8,1690,N,True
5,257,bot11__1,1690,N,True
5,190,bot11__1,1690,N,True
5,bot9__3,bot11__1,1690,N,True
5,190,reel60__9,1690,N,True
5,bot0__8,220,1690,N,True
5,262,220,1690,N,True
5,bot53__7,bot66__7,1690,N,True
5,bot26__0,bot44__0,1690,N,True
5,198,reel52__8,1690,N,True
5,295,reel52__8,1690,N,True
5,295,reel66__8,1690,N,True
5,183,bot30__9,1690,N,True
5,reel13__2,reel16__2,1690,N,True
5,reel13__2,reel30__2,1690,N,True
5,reel13__2,reel66__1,1690,N,True
5,331,reel3__4,1690,N,True
5,reel31__2,reel3__4,1690,N,True
5,bot4__7,reel3__4,1690,N,True
5,331,reel5__1,1690,N,True
5,reel25__4,reel5__1,1690,N,True
5,53,reel5__1,1690,N,True
5,bot11__2,reel5__1,1690,N,True
5,bot8__9,267,1690,N,True
5,bot40__1,267,1690,N,True
5,69,reel64__2,1690,N,True
5,reel73__9,reel64__2,1690,N,True
5,reel31__2,reel40__0,1690,N,True
5,132,reel40__0,1690,N,True
5,bot72__7,reel14__7,1690,N,True
5,75,reel14__7,1690,N,True
5,reel33__5,reel14__7,1690,N,True
5,bot15__7,reel14__7,1690,N,True
5,bot15__7,bot20__9,1690,N,True
5,bot60__0,bot24__5,1690,N,True
5,bot15__7,bot24__5,1690,N,True
5,bot6__8,bot8__4,1690,N,True
5,bot6__8,bot65__5,1690,N,True
5,53,reel12__7,1690,N,True
5,reel9__4,reel12__7,1690,N,True
5,reel16__7,reel12__7,1690,N,True
5,reel9__4,bot32__2,1690,N,True
5,bot16__3,bot53__9,1690,N,True
5,reel9__9,reel68__6,1690,N,True
5,54,reel51__9,1690,N,True
5,54,reel54__8,1690,N,True
5,reel54__6,reel22__8,1690,N,True
5,bot29__6,reel22__8,1690,N,True
5,bot29__6,bot61__4,1690,N,True
5,217,bot12__4,1690,N,True
5,bot40__6,bot12__4,1690,N,True
5,bot8__6,bot12__4,1690,N,True
5,262,bot12__4,1690,N,True
5,262,bot75__9,1690,N,True
5,155,bot32__8,1690,N,True
5,reel0__6,bot32__8,1690,N,True
5,108,reel44__1,1690,N,True
5,reel0__6,reel44__1,1690,N,True
5,reel75__3,reel25__8,1690,N,True
5,reel4__2,bot81__3,1690,N,True
5,150,bot81__3,1690,N,True
5,150,bot82__0,1690,N,True
5,233,bot14__8,1690,N,True
5,bot47__2,bot14__8,1690,N,True
5,reel0__0,bot14__8,1690,N,True
5,233,bot73__6,1690,N,True
5,bot34__8,bot73__6,1690,N,True
5,58,reel32__9,1690,N,True
5,reel13__3,reel32__9,1690,N,True
5,202,bot23__7,1690,N,True
5,reel20__7,bot32__0,1690,N,True
5,reel10__3,bot32__0,1690,N,True
5,reel13__0,bot35__2,1690,N,True
5,reel10__3,bot35__2,1690,N,True
5,bot5__8,bot56__5,1690,N,True
5,reel50__2,bot83__8,1690,N,True
5,bot29__1,bot83__8,1690,N,True
5,reel1__2,reel69__0,1690,N,True
5,reel7__0,reel36__5,1690,N,True
5,reel34__2,reel36__5,1690,N,True
5,47,reel31__3,1690,N,True
5,47,reel55__2,1690,N,True
5,reel43__8,reel64__6,1690,N,True
5,reel28__1,reel66__2,1690,N,True
5,reel28__1,reel72__3,1690,N,True
5,reel71__2,reel72__3,1690,N,True
5,reel3__8,bot9__4,1690,N,True
5,159,bot9__4,1690,N,True
5,reel0__0,bot9__4,1690,N,True
5,reel3__8,bot19__8,1690,N,True
5,reel3__8,reel25__2,1690,N,True
5,reel36__8,reel25__2,1690,N,True
5,238,reel25__2,1690,N,True
5,bot22__4,bot19__0,1690,N,True
5,bot22__4,bot75__8,1690,N,True
5,bot62__3,reel53__9,1690,N,True
5,reel0__0,reel53__9,1690,N,True
5,285,reel53__9,1690,N,True
5,reel39__9,reel46__4,1690,N,True
5,reel39__9,reel63__2,1690,N,True
5,reel45__1,reel63__2,1690,N,True
5,bot29__4,bot75__0,1690,N,True
5,274,bot0__0,1690,N,True
5,bot8__6,bot0__0,1690,N,True
5,274,bot6__6,1690,N,True
5,63,bot6__6,1690,N,True
5,75,bot6__6,1690,N,True
5,274,reel6__5,1690,N,True
5,274,bot17__1,1690,N,True
5,bot16__2,bot17__1,1690,N,True
5,274,reel43__4,1690,N,True
5,274,reel78__6,1690,N,True
5,reel41__4,bot53__8,1690,N,True
5,bot84__2,reel11__4,1690,N,True
5,reel55__4,reel11__4,1690,N,True
5,238,reel11__4,1690,N,True
5,reel55__4,bot61__0,1690,N,True
5,reel6__7,bot41__6,1690,N,True
5,reel61__7,reel50__0,1690,N,True
5,reel6__7,reel50__0,1690,N,True
5,298,reel50__0,1690,N,True
5,reel37__9,reel50__0,1690,N,True
5,reel31__2,reel79__9,1690,N,True
5,bot0__5,bot7__8,1690,N,True
5,113,bot7__8,1690,N,True
5,285,bot7__8,1690,N,True
5,285,bot81__7,1690,N,True
5,reel58__3,reel77__2,1690,N,True
5,237,bot1__5,1690,N,True
5,237,bot52__5,1690,N,True
5,237,reel70__6,1690,N,True
5,288,reel70__6,1690,N,True
5,bot82__2,bot41__1,1690,N,True
5,153,bot41__1,1690,N,True
5,166,reel61__2,1690,N,True
5,reel55__1,reel61__2,1690,N,True
5,bot23__0,bot26__4,1690,N,True
5,reel5__5,reel30__6,1690,N,True
5,188,reel70__9,1690,N,True
5,reel5__5,reel70__9,1690,N,True
5,329,bot29__7,1690,N,True
5,reel54__5,reel76__5,1690,N,True
5,329,reel76__5,1690,N,True
5,298,reel76__5,1690,N,True
5,reel19__2,reel74__0,1690,N,True
5,reel36__0,reel74__0,1690,N,True
5,58,bot60__9,1690,N,True
5,101,bot60__9,1690,N,True
5,reel37__9,reel19__6,1690,N,True
5,reel76__3,reel82__0,1690,N,True
5,reel37__9,reel82__0,1690,N,True
5,bot27__9,bot28__9,1690,N,True
5,bot72__7,bot28__9,1690,N,True
5,reel69__4,reel63__1,1690,N,True
5,bot8__2,bot37__0,1690,N,True
5,194,bot5__2,1690,N,True
5,bot11__0,reel8__0,1690,N,True
5,194,reel8__0,1690,N,True
5,194,bot25__3,1690,N,True
5,reel21__6,reel4__6,1690,N,True
5,reel11__2,reel4__6,1690,N,True
5,reel65__8,reel35__9,1690,N,True
5,reel11__2,reel35__9,1690,N,True
5,reel13__0,reel57__1,1690,N,True
5,reel13__0,reel60__3,1690,N,True
5,reel24__5,bot39__9,1690,N,True
5,bot0__5,bot56__8,1690,N,True
5,bot49__8,reel44__6,1690,N,True
5,108,reel44__6,1690,N,True
5,92,reel44__6,1690,N,True
5,270,reel72__5,1690,N,True
5,reel27__0,reel26__4,1690,N,True
5,reel52__4,reel28__4,1690,N,True
5,345,reel33__3,1690,N,True
5,188,reel9__8,1690,N,True
5,42,reel17__7,1690,N,True
5,42,reel49__6,1690,N,True
5,reel14__2,reel49__6,1690,N,True
5,42,bot59__9,1690,N,True
5,reel45__1,bot54__4,1690,N,True
5,bot9__6,bot54__4,1690,N,True
5,reel44__9,reel49__8,1690,N,True
5,bot5__0,bot6__2,1690,N,True
5,120,bot6__2,1690,N,True
5,254,bot18__7,1690,N,True
5,254,reel45__6,1690,N,True
5,bot74__9,bot64__4,1690,N,True
5,bot7__9,bot36__5,1690,N,True
5,bot11__0,bot29__0,1690,N,True
5,bot11__2,bot29__0,1690,N,True
5,reel54__1,reel34__7,1690,N,True
5,13,reel34__7,1690,N,True
5,reel24__8,bot81__9,1690,N,True
5,13,bot81__9,1690,N,True
5,bot2__8,bot80__2,1690,N,True
5,70,bot80__2,1690,N,True
5,88,reel75__7,1690,N,True
5,reel41__9,reel75__7,1690,N,True
5,reel14__2,bot23__6,1690,N,True
5,reel14__2,bot34__7,1690,N,True
5,196,reel9__1,1690,N,True
5,196,bot20__1,1690,N,True
5,196,bot32__7,1690,N,True
5,196,bot53__1,1690,N,True
5,bot2__2,bot53__1,1690,N,True
5,58,reel26__7,1690,N,True
5,reel15__4,reel26__7,1690,N,True
5,reel36__7,reel56__0,1690,N,True
5,108,reel71__3,1690,N,True
5,reel24__6,reel71__3,1690,N,True
5,reel34__2,reel32__4,1690,N,True
5,reel54__1,bot83__2,1690,N,True
5,166,reel54__9,1690,N,True
5,bot68__9,reel61__9,1690,N,True
5,reel79__4,reel61__9,1690,N,True
5,166,reel61__9,1690,N,True
5,reel54__5,reel61__9,1690,N,True
5,166,bot63__4,1690,N,True
5,bot0__7,bot23__8,1690,N,True
5,bot13__7,bot23__8,1690,N,True
5,reel82__8,205,1690,N,True
5,bot11__0,205,1690,N,True
5,reel20__7,reel33__2,1690,N,True
5,297,reel52__2,1690,N,True
5,297,reel79__5,1690,N,True
5,bot40__6,bot48__2,1690,N,True
5,216,bot30__1,1690,N,True
5,bot3__7,bot30__1,1690,N,True
5,reel0__0,bot41__7,1690,N,True
5,reel25__4,reel44__4,1690,N,True
5,reel0__0,reel44__4,1690,N,True
5,bot10__2,bot8__5,1690,N,True
5,bot2__9,bot9__8,1690,N,True
5,reel7__9,bot9__8,1690,N,True
5,bot76__1,bot9__8,1690,N,True
5,reel21__2,reel45__4,1690,N,True
5,reel21__2,bot64__6,1690,N,True
5,reel4__2,bot7__1,1690,N,True
5,reel55__5,bot75__5,1690,N,True
5,reel17__4,reel56__1,1690,N,True
5,reel34__5,reel56__1,1690,N,True
5,298,reel43__9,1690,N,True
5,reel35__2,reel43__9,1690,N,True
5,reel33__5,bot49__5,1690,N,True
5,266,bot34__4,1690,N,True
5,bot17__5,bot45__0,1690,N,True
5,120,reel21__3,1690,N,True
5,reel39__4,reel21__3,1690,N,True
5,288,reel53__5,1690,N,True
5,288,bot70__4,1690,N,True
5,bot28__7,bot31__4,1690,N,True
5,bot26__8,bot38__0,1690,N,True
5,bot28__7,bot38__0,1690,N,True
5,29,bot51__0,1690,N,True
5,reel70__3,reel20__0,1690,N,True
5,bot26__8,reel20__0,1690,N,True
5,bot26__8,bot82__1,1690,N,True
5,reel24__6,bot82__1,1690,N,True
5,bot34__9,bot57__2,1690,N,True
5,113,reel65__2,1690,N,True
5,reel41__3,bot76__0,1690,N,True
5,reel53__7,reel16__0,1690,N,True
5,bot3__2,bot67__8,1690,N,True
5,reel54__5,reel32__5,1690,N,True
5,reel54__5,reel72__8,1690,N,True
5,bot71__7,bot31__2,1690,N,True
5,88,bot50__4,1690,N,True
5,88,reel69__3,1690,N,True
5,reel42__2,reel69__3,1690,N,True
5,reel25__4,reel63__9,1690,N,True
5,reel25__4,reel73__5,1690,N,True
5,reel25__4,bot79__7,1690,N,True
5,bot3__7,bot20__2,1690,N,True
5,bot27__1,bot37__5,1690,N,True
5,reel42__2,reel70__1,1690,N,True
5,bot16__6,bot79__0,1690,N,True
5,198,bot23__5,1690,N,True
5,bot84__0,bot23__5,1690,N,True
5,reel10__6,reel77__0,1690,N,True
5,reel36__8,reel53__4,1690,N,True
5,bot71__3,bot84__7,1690,N,True
5,253,bot62__8,1690,N,True
5,253,reel70__0,1690,N,True
5,198,reel40__9,1690,N,True
5,reel9__0,bot25__7,1690,N,True
5,bot33__4,bot42__3,1690,N,True
5,reel43__3,reel19__7,1690,N,True
5,reel43__3,reel67__4,1690,N,True
5,reel19__2,reel72__4,1690,N,True
5,reel19__2,bot79__8,1690,N,True
5,bot57__4,bot50__7,1691,N,True
5,reel30__2,bot68__2,1691,N,True
5,bot62__9,bot68__2,1691,N,True
5,bot45__3,bot36__4,1691,N,True
5,bot33__1,bot36__4,1691,N,True
5,bot45__3,bot62__6,1691,N,True
5,bot33__1,bot62__6,1691,N,True
5,bot38__3,bot15__5,1691,N,True
5,reel45__7,reel71__5,1691,N,True
5,bot70__8,bot60__2,1691,N,True
5,reel36__5,reel34__2,1691,N,True
5,reel32__4,reel34__2,1691,N,True
5,reel50__6,bot68__7,1691,N,True
5,reel50__6,reel75__2,1691,N,True
5,bot32__1,bot82__8,1691,N,True
5,bot44__2,bot82__8,1691,N,True
5,reel79__3,reel56__7,1691,N,True
5,reel44__0,reel56__7,1691,N,True
5,reel29__1,bot70__5,1691,N,True
5,reel32__5,reel63__8,1691,N,True
5,reel32__5,reel83__7,1691,N,True
5,reel43__8,reel64__6,1691,N,True
5,bot62__0,bot74__6,1691,N,True
5,reel42__7,reel70__0,1691,N,True
5,reel63__9,reel29__6,1691,N,True
5,reel33__5,reel68__3,1691,N,True
5,bot20__7,bot11__8,1691,N,True
5,bot36__9,bot11__8,1691,N,True
5,reel48__3,reel59__9,1691,N,True
5,bot45__6,bot53__0,1691,N,True
5,bot32__2,bot84__7,1691,N,True
5,bot20__7,bot44__7,1691,N,True
5,bot77__9,bot63__0,1692,N,True
5,bot28__6,bot63__0,1692,N,True
5,bot47__7,bot63__0,1692,N,True
5,bot46__6,bot62__3,1692,N,True
5,bot12__3,bot60__9,1692,N,True
5,reel70__0,bot71__8,1692,N,True
5,bot38__1,bot70__3,1692,N,True
5,reel42__5,reel48__4,1692,N,True
5,reel26__3,reel48__4,1692,N,True
5,bot40__3,bot80__1,1692,N,True
5,reel65__0,reel54__4,1692,N,True
5,reel27__1,reel54__4,1692,N,True
5,reel43__8,reel59__4,1692,N,True
5,bot70__9,reel59__4,1692,N,True
5,reel43__8,reel64__6,1692,N,True
5,bot70__1,bot75__4,1692,N,True
5,bot45__4,bot52__4,1692,N,True
5,bot82__7,bot31__5,1692,N,True
5,reel19__9,bot27__0,1692,N,True
5,bot56__1,bot27__0,1692,N,True
5,bot46__8,reel43__2,1692,N,True
5,bot77__6,reel72__2,1692,N,True
5,reel8__4,reel81__5,1692,N,True
5,bot37__5,reel1__6,1692,N,True
5,bot64__8,bot53__2,1692,N,True
5,reel49__2,bot52__3,1692,N,True
5,reel27__1,reel69__1,1692,N,True
5,reel73__2,reel82__7,1692,N,True
5,reel45__1,reel63__2,1692,N,True
5,bot28__9,bot38__4,1692,N,True
5,bot14__2,bot84__9,1692,N,True
5,reel10__9,bot37__8,1693,N,True
5,bot48__4,bot37__8,1693,N,True
5,bot26__4,bot37__8,1693,N,True
5,reel26__1,bot43__7,1693,N,True
5,reel29__9,bot43__7,1693,N,True
5,bot33__2,bot43__7,1693,N,True
5,reel25__4,reel68__1,1693,N,True
5,reel29__9,reel68__1,1693,N,True
5,reel11__3,reel68__1,1693,N,True
5,bot16__7,bot31__8,1693,N,True
5,reel58__3,reel77__2,1693,N,True
5,reel23__5,reel77__2,1693,N,True
5,reel61__3,reel67__2,1693,N,True
5,reel32__3,reel67__2,1693,N,True
5,reel18__0,reel59__3,1693,N,True
5,reel52__6,reel59__3,1693,N,True
5,reel4__7,reel59__3,1693,N,True
5,bot44__4,bot32__5,1693,N,True
5,reel5__9,bot32__5,1693,N,True
5,bot18__2,bot32__5,1693,N,True
5,bot1__2,bot45__6,1693,N,True
5,bot18__2,bot45__6,1693,N,True
5,reel15__5,bot82__6,1693,N,True
5,reel74__5,bot75__2,1693,N,True
5,bot64__6,bot75__2,1693,N,True
5,reel40__1,bot64__5,1693,N,True
5,bot33__6,bot64__5,1693,N,True
5,reel47__0,bot52__1,1693,N,True
5,reel7__8,bot52__1,1693,N,True
5,bot53__5,reel52__5,1693,N,True
5,reel47__0,reel52__5,1693,N,True
5,bot39__8,bot58__2,1693,N,True
5,bot42__8,bot58__2,1693,N,True
5,bot15__7,bot58__2,1693,N,True
5,reel81__9,reel78__5,1693,N,True
5,reel53__5,reel78__5,1693,N,True
5,reel2__5,bot43__8,1693,N,True
5,reel47__1,bot54__8,1693,N,True
5,reel27__2,bot54__8,1693,N,True
5,bot44__3,bot57__6,1693,N,True
5,reel9__6,bot57__6,1693,N,True
5,reel8__4,bot22__5,1693,N,True
5,reel16__9,bot22__5,1693,N,True
5,bot73__6,bot22__5,1693,N,True
5,bot72__8,bot22__5,1693,N,True
5,reel16__9,bot74__0,1693,N,True
5,reel22__5,bot74__0,1693,N,True
5,reel0__3,bot22__3,1693,N,True
5,reel44__1,reel72__4,1693,N,True
5,reel16__1,reel78__4,1693,N,True
5,bot25__6,bot19__7,1693,N,True
5,reel27__7,bot50__8,1693,N,True
5,reel33__7,bot43__2,1693,N,True
5,reel31__6,bot47__4,1693,N,True
5,reel31__6,reel69__4,1693,N,True
5,reel63__1,reel69__4,1693,N,True
5,reel25__3,reel69__4,1693,N,True
5,reel50__5,reel66__9,1693,N,True
5,reel70__7,reel66__9,1693,N,True
5,bot24__4,bot71__4,1693,N,True
5,reel50__5,bot71__4,1693,N,True
5,bot55__6,bot84__5,1693,N,True
5,reel50__5,bot84__5,1693,N,True
5,reel70__8,bot84__5,1693,N,True
5,reel7__5,bot58__6,1693,N,True
5,bot44__0,bot58__6,1693,N,True
5,reel35__5,bot53__3,1693,N,True
5,bot64__6,bot53__3,1693,N,True
5,bot1__1,bot53__3,1693,N,True
5,reel35__5,bot67__0,1693,N,True
5,reel43__1,bot67__0,1693,N,True
5,reel7__6,reel44__5,1693,N,True
5,reel73__7,reel44__5,1693,N,True
5,reel7__6,reel46__0,1693,N,True
5,reel5__3,reel46__0,1693,N,True
5,reel7__6,bot54__3,1693,N,True
5,bot67__6,bot71__2,1693,N,True
5,reel55__3,bot71__2,1693,N,True
5,bot23__9,bot37__4,1693,N,True
5,bot61__6,bot37__4,1693,N,True
5,reel7__1,bot17__8,1693,N,True
5,bot61__6,bot17__8,1693,N,True
5,bot1__1,bot17__8,1693,N,True
5,bot14__3,bot68__6,1693,N,True
5,bot42__0,bot68__6,1693,N,True
5,reel17__8,bot68__6,1693,N,True
5,reel25__4,bot79__7,1693,N,True
5,bot49__9,bot79__7,1693,N,True
5,bot11__3,bot0__9,1693,N,True
5,bot30__9,bot0__9,1693,N,True
5,bot63__9,bot0__9,1693,N,True
5,bot69__5,bot0__9,1693,N,True
5,bot2__9,bot0__9,1693,N,True
5,bot9__2,bot0__9,1693,N,True
5,reel70__9,reel72__2,1693,N,True
5,reel28__8,reel82__1,1693,N,True
5,reel33__0,reel82__1,1693,N,True
5,reel18__3,bot77__7,1693,N,True
5,reel49__4,reel81__3,1693,N,True
5,reel18__3,reel81__3,1693,N,True
5,bot75__0,bot70__4,1693,N,True
5,reel56__0,reel51__0,1693,N,True
5,reel11__0,reel51__0,1693,N,True
5,reel39__8,reel51__0,1693,N,True
5,reel19__0,bot24__1,1693,N,True
5,reel17__3,bot40__1,1693,N,True
5,bot82__2,bot41__1,1693,N,True
5,reel17__3,bot41__1,1693,N,True
5,reel19__1,bot29__2,1693,N,True
5,reel8__9,bot29__2,1693,N,True
5,reel2__1,bot29__2,1693,N,True
5,bot44__0,bot51__8,1693,N,True
5,reel8__9,bot51__8,1693,N,True
5,bot29__1,bot8__9,1693,N,True
5,bot2__1,bot8__9,1693,N,True
5,bot27__4,bot8__9,1693,N,True
5,reel37__2,bot47__5,1693,N,True
5,bot27__4,bot47__5,1693,N,True
5,reel29__5,bot47__5,1693,N,True
5,reel8__5,reel41__9,1693,N,True
5,reel4__1,reel41__9,1693,N,True
5,reel40__8,bot46__0,1693,N,True
5,bot11__8,bot46__0,1693,N,True
5,reel3__5,bot75__8,1693,N,True
5,bot22__4,bot75__8,1693,N,True
5,reel70__1,reel61__2,1693,N,True
5,bot67__8,reel61__2,1693,N,True
5,reel55__1,reel61__2,1693,N,True
5,reel47__9,reel61__2,1693,N,True
5,bot11__6,bot28__8,1693,N,True
5,bot51__7,bot28__8,1693,N,True
5,reel19__3,bot28__8,1693,N,True
5,bot13__0,bot28__8,1693,N,True
5,reel13__8,reel17__5,1693,N,True
5,bot19__0,reel17__5,1693,N,True
5,reel10__2,reel17__5,1693,N,True
5,reel14__1,bot42__7,1693,N,True
5,reel41__7,bot42__7,1693,N,True
5,reel48__3,bot64__2,1693,N,True
5,bot52__8,bot64__2,1693,N,True
5,bot48__9,bot15__4,1693,N,True
5,reel1__6,bot15__4,1693,N,True
5,reel36__5,reel34__2,1693,N,True
5,reel32__4,reel34__2,1693,N,True
5,reel25__3,reel34__2,1693,N,True
5,bot9__7,bot25__0,1693,N,True
5,reel10__9,bot25__0,1693,N,True
5,bot7__4,bot25__0,1693,N,True
5,reel35__1,bot47__9,1693,N,True
5,bot18__1,bot47__9,1693,N,True
5,bot35__8,bot47__9,1693,N,True
5,reel10__3,bot32__0,1693,N,True
5,bot41__3,bot32__0,1693,N,True
5,reel12__5,bot69__3,1693,N,True
5,bot78__6,bot69__3,1693,N,True
5,bot78__6,bot79__2,1693,N,True
5,bot64__1,bot80__1,1693,N,True
5,bot40__3,bot80__1,1693,N,True
5,bot69__6,bot80__1,1693,N,True
5,bot70__3,bot55__2,1693,N,True
5,reel26__5,bot55__2,1693,N,True
5,bot35__7,bot74__3,1693,N,True
5,bot4__0,bot65__8,1693,N,True
5,reel59__7,bot65__8,1693,N,True
5,bot67__6,reel51__8,1693,N,True
5,reel11__0,reel51__8,1693,N,True
5,bot82__3,reel51__8,1693,N,True
5,reel44__0,reel51__8,1693,N,True
5,reel63__1,bot77__6,1693,N,True
5,bot78__7,bot77__6,1693,N,True
5,bot17__4,bot34__0,1693,N,True
5,bot19__5,bot34__0,1693,N,True
5,reel20__4,bot34__0,1693,N,True
5,reel5__8,bot21__5,1693,N,True
5,bot22__7,bot21__5,1693,N,True
5,reel63__1,reel73__5,1693,N,True
5,reel25__4,reel73__5,1693,N,True
5,reel15__0,reel73__5,1693,N,True
5,reel29__6,bot50__4,1693,N,True
5,bot35__8,bot50__4,1693,N,True
5,bot33__9,bot43__6,1693,N,True
5,reel1__5,bot43__6,1693,N,True
5,bot82__3,bot43__6,1693,N,True
5,reel21__4,bot46__8,1693,N,True
5,bot57__5,bot46__8,1693,N,True
5,bot35__6,bot46__8,1693,N,True
5,bot74__9,bot46__8,1693,N,True
5,reel43__0,bot59__6,1693,N,True
5,bot42__8,bot59__6,1693,N,True
5,bot71__5,bot17__1,1693,N,True
5,bot16__2,bot17__1,1693,N,True
5,bot71__5,bot84__3,1693,N,True
5,reel23__1,reel42__7,1693,N,True
5,reel51__7,reel42__7,1693,N,True
5,reel21__7,reel42__7,1693,N,True
5,reel72__9,reel42__7,1693,N,True
5,reel7__9,bot49__1,1693,N,True
5,reel6__2,bot49__1,1693,N,True
5,bot26__6,bot49__1,1693,N,True
5,reel8__4,reel81__5,1693,N,True
5,reel22__4,reel81__5,1693,N,True
5,reel6__2,reel81__5,1693,N,True
5,reel13__8,reel43__8,1693,N,True
5,reel59__4,reel43__8,1693,N,True
5,reel13__8,reel64__9,1693,N,True
5,reel9__7,reel64__9,1693,N,True
5,reel13__8,reel68__4,1693,N,True
5,reel37__2,reel68__4,1693,N,True
5,reel41__7,reel68__4,1693,N,True
5,reel5__1,reel80__0,1693,N,True
5,reel8__8,reel80__0,1693,N,True
5,reel26__8,bot38__3,1693,N,True
5,bot31__7,bot38__3,1693,N,True
5,reel67__4,reel43__3,1693,N,True
5,reel19__7,reel43__3,1693,N,True
5,reel30__8,reel43__3,1693,N,True
5,reel46__8,reel43__3,1693,N,True
5,bot48__1,reel43__3,1693,N,True
5,reel11__9,reel43__3,1693,N,True
5,reel34__7,reel54__1,1693,N,True
5,reel34__7,reel58__6,1693,N,True
5,reel31__3,reel58__6,1693,N,True
5,reel72__7,reel58__6,1693,N,True
5,reel31__0,reel61__0,1693,N,True
5,reel65__3,reel61__0,1693,N,True
5,reel45__6,reel49__9,1693,N,True
5,reel9__5,reel49__9,1693,N,True
5,reel9__5,reel64__7,1693,N,True
5,reel59__4,bot70__9,1693,N,True
5,reel10__2,bot70__9,1693,N,True
5,bot57__3,bot70__9,1693,N,True
5,reel16__2,bot48__6,1693,N,True
5,reel24__1,reel79__6,1693,N,True
5,reel60__5,reel79__6,1693,N,True
5,reel13__2,reel66__7,1693,N,True
5,reel8__1,reel66__7,1693,N,True
5,bot49__8,reel44__6,1693,N,True
5,reel28__5,reel44__6,1693,N,True
5,bot47__0,bot24__5,1693,N,True
5,bot15__7,bot24__5,1693,N,True
5,bot64__6,bot75__9,1693,N,True
5,bot33__6,bot75__9,1693,N,True
5,reel80__2,reel77__3,1693,N,True
5,reel12__0,bot58__3,1693,N,True
5,reel20__9,bot47__7,1693,N,True
5,reel10__3,bot47__7,1693,N,True
5,bot36__9,bot47__7,1693,N,True
5,reel4__0,reel23__8,1693,N,True
5,reel11__8,reel23__8,1693,N,True
5,reel4__0,reel35__7,1693,N,True
5,reel41__5,reel35__7,1693,N,True
5,reel4__0,reel42__9,1693,N,True
5,reel44__7,reel42__9,1693,N,True
5,reel23__3,reel42__9,1693,N,True
5,reel7__1,bot24__9,1693,N,True
5,bot18__1,bot24__9,1693,N,True
5,bot6__5,bot32__2,1693,N,True
5,bot18__1,bot32__2,1693,N,True
5,bot84__7,bot32__2,1693,N,True
5,bot11__2,bot50__3,1693,N,True
5,bot26__6,bot50__3,1693,N,True
5,reel11__4,bot28__1,1693,N,True
5,bot22__4,bot28__1,1693,N,True
5,bot22__4,bot59__7,1693,N,True
5,bot23__0,bot59__7,1693,N,True
5,reel35__3,reel64__1,1693,N,True
5,reel65__6,bot66__2,1693,N,True
5,bot45__4,bot66__2,1693,N,True
5,reel2__2,bot60__7,1693,N,True
5,bot4__8,bot60__7,1693,N,True
5,reel15__7,bot83__2,1693,N,True
5,bot73__4,reel57__1,1693,N,True
5,reel9__1,reel57__1,1693,N,True
5,reel9__1,reel83__3,1693,N,True
5,reel65__4,reel56__3,1693,N,True
5,reel11__7,reel56__3,1693,N,True
5,reel8__1,reel56__3,1693,N,True
5,reel20__9,bot69__1,1693,N,True
5,bot55__6,bot40__6,1693,N,True
5,bot48__2,bot40__6,1693,N,True
5,bot2__1,bot58__4,1693,N,True
5,bot42__0,bot58__4,1693,N,True
5,bot11__3,bot58__4,1693,N,True
5,reel9__6,reel38__1,1693,N,True
5,reel34__8,reel38__1,1693,N,True
5,reel6__1,bot22__0,1693,N,True
5,reel32__0,bot55__0,1693,N,True
5,reel1__9,bot55__0,1693,N,True
5,bot39__9,bot84__8,1693,N,True
5,bot11__2,bot84__8,1693,N,True
5,bot5__0,bot17__3,1693,N,True
5,bot3__2,bot17__3,1693,N,True
5,reel21__6,reel74__9,1693,N,True
5,reel5__9,bot23__2,1693,N,True
5,reel20__0,bot23__2,1693,N,True
5,reel22__5,bot23__6,1693,N,True
5,reel14__2,bot23__6,1693,N,True
5,bot1__2,bot61__8,1693,N,True
5,reel24__3,reel59__1,1693,N,True
5,bot17__7,bot41__7,1693,N,True
5,reel0__0,bot41__7,1693,N,True
5,reel10__2,bot63__3,1693,N,True
5,bot54__4,reel39__5,1693,N,True
5,reel18__6,reel76__7,1693,N,True
5,bot19__9,bot76__6,1693,N,True
5,bot39__1,bot66__4,1693,N,True
5,bot32__1,bot82__8,1693,N,True
5,reel53__3,bot82__8,1693,N,True
5,reel5__8,reel64__3,1693,N,True
5,reel0__0,reel64__3,1693,N,True
5,bot43__1,bot67__7,1693,N,True
5,bot33__9,reel30__4,1693,N,True
5,reel8__5,reel30__4,1693,N,True
5,bot33__9,bot51__1,1693,N,True
5,bot8__1,bot75__1,1693,N,True
5,reel34__5,bot61__5,1693,N,True
5,bot55__4,bot23__8,1693,N,True
5,bot28__0,bot23__8,1693,N,True
5,reel56__7,reel79__3,1693,N,True
5,bot23__5,bot84__0,1693,N,True
5,bot15__2,bot80__6,1693,N,True
5,reel12__4,bot46__6,1693,N,True
5,bot23__9,bot33__8,1693,N,True
5,reel41__7,bot74__8,1693,N,True
5,bot51__0,bot74__8,1693,N,True
5,reel55__6,reel64__0,1693,N,True
5,bot56__5,bot50__5,1693,N,True
5,reel25__2,bot50__5,1693,N,True
5,reel1__1,bot35__5,1693,N,True
5,reel63__0,reel59__9,1693,N,True
5,reel48__3,reel59__9,1693,N,True
5,reel48__3,reel74__4,1693,N,True
5,reel10__6,reel74__4,1693,N,True
5,reel27__1,reel69__1,1693,N,True
5,reel26__0,reel80__6,1693,N,True
5,reel58__7,reel79__1,1693,N,True
5,bot4__6,bot62__3,1693,N,True
5,reel40__8,bot77__3,1693,N,True
5,reel41__5,reel78__6,1693,N,True
5,reel33__2,bot82__1,1693,N,True
5,reel46__2,bot54__0,1693,N,True
5,reel45__4,bot82__5,1694,N,True
5,reel54__2,reel79__3,1694,N,True
5,bot34__0,bot68__8,1694,N,True
5,bot17__4,bot84__9,1694,N,True
5,bot57__5,bot46__8,1694,N,True
5,reel43__2,bot46__8,1694,N,True
5,bot74__9,bot46__8,1694,N,True
5,reel49__8,bot64__4,1694,N,True
5,bot74__9,bot64__4,1694,N,True
5,bot75__9,bot64__6,1694,N,True
5,bot45__4,bot66__2,1694,N,True
5,reel36__0,reel74__0,1694,N,True
5,reel33__0,reel82__1,1694,N,True
5,bot27__9,bot28__9,1694,N,True
5,bot72__7,bot28__9,1694,N,True
5,bot38__4,bot28__9,1694,N,True
5,bot46__4,bot84__0,1694,N,True
5,reel76__5,reel54__5,1695,N,True
5,reel65__1,reel54__5,1695,N,True
5,reel22__9,reel54__5,1695,N,True
5,reel18__9,reel54__5,1695,N,True
5,reel10__7,reel42__0,1695,N,True
5,reel21__3,reel42__0,1695,N,True
5,reel17__6,reel42__0,1695,N,True
5,reel20__9,bot69__1,1695,N,True
5,reel17__6,bot69__1,1695,N,True
5,reel67__2,reel32__3,1695,N,True
5,bot75__9,bot33__6,1695,N,True
5,bot61__2,bot33__6,1695,N,True
5,reel0__6,bot33__6,1695,N,True
5,reel29__3,bot33__6,1695,N,True
5,reel22__3,reel31__4,1695,N,True
5,reel36__1,reel31__4,1695,N,True
5,reel15__4,reel31__4,1695,N,True
5,reel41__8,bot54__1,1695,N,True
5,bot23__2,bot54__1,1695,N,True
5,reel58__3,reel77__2,1695,N,True
5,reel64__0,reel77__2,1695,N,True
5,reel23__5,reel77__2,1695,N,True
5,reel79__2,reel36__9,1695,N,True
5,bot65__1,reel49__2,1695,N,True
5,reel35__9,reel49__2,1695,N,True
5,reel51__5,reel49__2,1695,N,True
5,reel17__2,bot46__9,1695,N,True
5,bot37__1,bot46__9,1695,N,True
5,bot84__2,reel11__4,1695,N,True
5,reel55__4,reel11__4,1695,N,True
5,bot28__1,reel11__4,1695,N,True
5,reel82__2,reel81__8,1695,N,True
5,reel58__3,reel81__8,1695,N,True
5,reel73__6,reel83__5,1695,N,True
5,reel54__9,reel83__5,1695,N,True
5,reel57__5,reel83__5,1695,N,True
5,reel40__0,reel56__4,1695,N,True
5,bot60__5,reel56__4,1695,N,True
5,bot72__3,reel56__4,1695,N,True
5,reel33__1,reel61__8,1695,N,True
5,reel64__5,reel61__8,1695,N,True
5,reel46__4,reel61__8,1695,N,True
5,reel19__1,reel61__8,1695,N,True
5,reel51__8,bot67__6,1695,N,True
5,reel39__9,bot67__6,1695,N,True
5,reel51__8,bot82__3,1695,N,True
5,bot43__6,bot82__3,1695,N,True
5,reel62__5,reel48__7,1695,N,True
5,reel0__3,reel48__7,1695,N,True
5,reel76__6,reel48__7,1695,N,True
5,bot49__4,reel48__7,1695,N,True
5,reel27__2,reel48__7,1695,N,True
5,reel73__6,reel48__7,1695,N,True
5,reel23__2,reel46__1,1695,N,True
5,reel14__5,reel46__1,1695,N,True
5,reel30__5,reel46__1,1695,N,True
5,bot0__6,bot61__7,1695,N,True
5,bot21__7,bot61__7,1695,N,True
5,bot76__6,bot74__0,1695,N,True
5,reel22__5,bot74__0,1695,N,True
5,bot13__7,bot74__0,1695,N,True
5,bot2__0,bot45__6,1695,N,True
5,bot1__2,bot45__6,1695,N,True
5,bot18__2,bot45__6,1695,N,True
5,bot11__2,bot84__8,1695,N,True
5,reel69__5,bot84__8,1695,N,True
5,bot0__1,bot5__5,1695,N,True
5,reel15__2,reel42__5,1695,N,True
5,reel48__4,reel42__5,1695,N,True
5,reel15__2,bot44__8,1695,N,True
5,reel27__0,bot44__8,1695,N,True
5,reel72__2,bot77__6,1695,N,True
5,bot78__7,bot77__6,1695,N,True
5,bot23__3,bot77__6,1695,N,True
5,bot12__5,bot27__5,1695,N,True
5,reel20__8,bot27__5,1695,N,True
5,bot39__0,bot60__1,1695,N,True
5,reel20__8,bot60__1,1695,N,True
5,bot39__8,bot58__2,1695,N,True
5,bot61__2,bot58__2,1695,N,True
5,bot42__8,bot58__2,1695,N,True
5,bot15__7,bot58__2,1695,N,True
5,reel36__6,reel81__4,1695,N,True
5,reel67__1,reel81__4,1695,N,True
5,reel18__1,reel81__4,1695,N,True
5,reel13__0,bot21__5,1695,N,True
5,reel5__8,bot21__5,1695,N,True
5,bot41__5,bot21__5,1695,N,True
5,reel30__3,bot69__5,1695,N,True
5,bot0__9,bot69__5,1695,N,True
5,reel37__5,reel35__3,1695,N,True
5,reel64__1,reel35__3,1695,N,True
5,reel22__7,reel40__7,1695,N,True
5,bot45__3,reel40__7,1695,N,True
5,reel10__4,reel40__7,1695,N,True
5,reel22__7,reel44__8,1695,N,True
5,reel3__1,reel44__8,1695,N,True
5,reel22__7,reel45__4,1695,N,True
5,reel22__7,reel65__5,1695,N,True
5,reel13__3,reel65__5,1695,N,True
5,reel37__8,reel65__5,1695,N,True
5,reel16__3,reel26__2,1695,N,True
5,reel44__1,reel26__2,1695,N,True
5,reel19__6,reel26__2,1695,N,True
5,reel44__1,reel66__2,1695,N,True
5,reel71__3,reel66__2,1695,N,True
5,reel28__1,reel66__2,1695,N,True
5,reel44__1,reel72__4,1695,N,True
5,reel3__8,bot31__6,1695,N,True
5,reel11__5,bot31__6,1695,N,True
5,bot23__3,bot31__6,1695,N,True
5,reel11__5,bot36__6,1695,N,True
5,reel27__7,reel28__3,1695,N,True
5,reel1__9,reel28__3,1695,N,True
5,reel36__6,bot50__8,1695,N,True
5,reel27__7,bot50__8,1695,N,True
5,bot24__4,bot71__4,1695,N,True
5,reel50__5,bot71__4,1695,N,True
5,bot9__1,bot71__4,1695,N,True
5,reel50__5,reel81__7,1695,N,True
5,bot55__6,bot84__5,1695,N,True
5,reel50__5,bot84__5,1695,N,True
5,reel70__8,bot84__5,1695,N,True
5,reel6__0,bot44__2,1695,N,True
5,bot25__9,bot44__2,1695,N,True
5,reel49__9,reel74__0,1695,N,True
5,bot13__9,bot16__1,1695,N,True
5,bot33__0,bot16__1,1695,N,True
5,reel12__6,reel44__3,1695,N,True
5,reel31__3,reel44__3,1695,N,True
5,reel69__7,reel44__3,1695,N,True
5,reel12__6,reel50__4,1695,N,True
5,reel7__6,reel46__0,1695,N,True
5,reel5__3,reel46__0,1695,N,True
5,reel7__6,bot54__3,1695,N,True
5,reel3__7,bot54__3,1695,N,True
5,reel48__1,reel56__2,1695,N,True
5,reel53__8,reel56__2,1695,N,True
5,reel18__2,reel56__2,1695,N,True
5,bot46__6,bot62__3,1695,N,True
5,reel53__9,bot62__3,1695,N,True
5,reel18__5,bot23__9,1695,N,True
5,reel17__8,bot23__9,1695,N,True
5,bot37__4,bot23__9,1695,N,True
5,bot42__0,bot68__6,1695,N,True
5,reel17__8,bot68__6,1695,N,True
5,bot53__6,bot62__0,1695,N,True
5,bot74__6,bot62__0,1695,N,True
5,bot24__9,bot62__0,1695,N,True
5,reel20__6,bot62__0,1695,N,True
5,bot52__7,reel46__8,1695,N,True
5,reel43__3,reel46__8,1695,N,True
5,reel22__9,reel46__8,1695,N,True
5,reel5__2,reel46__8,1695,N,True
5,reel5__2,reel64__4,1695,N,True
5,reel28__8,reel82__1,1695,N,True
5,bot72__0,bot20__6,1695,N,True
5,bot12__1,bot20__6,1695,N,True
5,reel37__7,bot39__2,1695,N,True
5,bot12__1,bot39__2,1695,N,True
5,reel30__9,reel77__3,1695,N,True
5,reel59__6,reel77__3,1695,N,True
5,reel21__9,bot23__8,1695,N,True
5,bot0__7,bot23__8,1695,N,True
5,bot13__7,bot23__8,1695,N,True
5,reel21__9,reel26__1,1695,N,True
5,bot54__2,reel26__1,1695,N,True
5,reel21__9,bot61__4,1695,N,True
5,reel15__7,bot17__4,1695,N,True
5,bot4__4,bot17__4,1695,N,True
5,bot4__4,bot68__8,1695,N,True
5,reel19__0,bot24__1,1695,N,True
5,reel18__7,bot24__1,1695,N,True
5,bot13__7,bot24__1,1695,N,True
5,reel4__4,reel54__0,1695,N,True
5,reel77__6,reel54__0,1695,N,True
5,reel27__2,reel54__0,1695,N,True
5,reel0__4,reel56__5,1695,N,True
5,reel27__2,reel56__5,1695,N,True
5,reel67__7,reel56__5,1695,N,True
5,bot45__4,bot52__4,1695,N,True
5,reel40__3,bot52__4,1695,N,True
5,reel70__0,bot71__8,1695,N,True
5,reel40__3,bot71__8,1695,N,True
5,bot51__3,bot16__8,1695,N,True
5,bot11__4,bot16__8,1695,N,True
5,bot10__1,bot60__6,1695,N,True
5,reel40__8,bot46__0,1695,N,True
5,bot70__0,bot46__0,1695,N,True
5,bot11__8,bot46__0,1695,N,True
5,bot60__2,bot46__0,1695,N,True
5,bot20__0,bot46__0,1695,N,True
5,reel70__1,reel61__2,1695,N,True
5,reel55__1,reel61__2,1695,N,True
5,reel60__3,reel74__7,1695,N,True
5,reel62__0,reel74__7,1695,N,True
5,reel1__3,bot26__5,1695,N,True
5,bot2__6,bot26__5,1695,N,True
5,bot28__2,bot70__7,1695,N,True
5,reel56__8,bot70__7,1695,N,True
5,bot59__1,bot62__7,1695,N,True
5,bot26__6,bot62__7,1695,N,True
5,reel32__0,bot41__3,1695,N,True
5,bot52__8,bot41__3,1695,N,True
5,reel10__9,bot25__0,1695,N,True
5,bot62__4,bot25__0,1695,N,True
5,reel35__1,bot47__9,1695,N,True
5,bot74__1,bot58__4,1695,N,True
5,bot2__1,bot58__4,1695,N,True
5,bot42__0,bot58__4,1695,N,True
5,bot11__3,bot58__4,1695,N,True
5,reel22__2,bot43__5,1695,N,True
5,reel18__7,bot43__5,1695,N,True
5,reel32__6,bot62__5,1695,N,True
5,reel18__7,bot62__5,1695,N,True
5,reel18__7,reel79__4,1695,N,True
5,reel30__6,bot84__6,1695,N,True
5,reel18__7,bot84__6,1695,N,True
5,bot47__6,bot38__8,1695,N,True
5,reel9__6,bot38__8,1695,N,True
5,reel70__7,reel68__0,1695,N,True
5,reel7__7,reel12__3,1695,N,True
5,bot3__7,bot20__2,1695,N,True
5,reel12__9,bot20__2,1695,N,True
5,reel7__7,bot20__2,1695,N,True
5,reel4__4,bot65__8,1695,N,True
5,bot4__0,bot65__8,1695,N,True
5,reel59__7,bot65__8,1695,N,True
5,reel52__1,reel63__7,1695,N,True
5,reel16__3,reel63__7,1695,N,True
5,reel32__2,bot78__3,1695,N,True
5,reel16__3,bot78__3,1695,N,True
5,bot29__1,bot78__3,1695,N,True
5,bot22__5,bot33__5,1695,N,True
5,bot45__3,bot55__3,1695,N,True
5,bot45__3,bot65__5,1695,N,True
5,bot6__8,bot65__5,1695,N,True
5,bot10__6,bot65__5,1695,N,True
5,reel14__9,bot63__2,1695,N,True
5,reel33__8,bot41__8,1695,N,True
5,bot10__6,bot41__8,1695,N,True
5,reel2__6,reel41__6,1695,N,True
5,reel33__8,reel41__6,1695,N,True
5,reel33__8,reel66__8,1695,N,True
5,reel17__7,reel38__8,1695,N,True
5,bot68__4,reel38__8,1695,N,True
5,reel51__9,reel38__8,1695,N,True
5,reel18__5,reel71__9,1695,N,True
5,reel43__0,bot59__6,1695,N,True
5,bot42__8,bot59__6,1695,N,True
5,bot9__1,bot59__6,1695,N,True
5,bot55__7,bot25__2,1695,N,True
5,reel6__1,reel16__6,1695,N,True
5,reel3__1,reel16__6,1695,N,True
5,reel76__1,reel16__6,1695,N,True
5,reel23__6,bot68__7,1695,N,True
5,reel3__1,bot68__7,1695,N,True
5,bot24__7,bot78__1,1695,N,True
5,reel3__1,bot78__1,1695,N,True
5,reel73__0,reel64__9,1695,N,True
5,reel13__8,reel64__9,1695,N,True
5,reel13__8,reel68__4,1695,N,True
5,reel37__2,reel68__4,1695,N,True
5,reel41__7,reel68__4,1695,N,True
5,reel30__8,reel43__1,1695,N,True
5,bot11__6,bot28__8,1695,N,True
5,reel19__3,bot28__8,1695,N,True
5,reel54__6,reel40__5,1695,N,True
5,reel37__7,reel40__5,1695,N,True
5,reel34__7,reel54__1,1695,N,True
5,bot13__9,bot39__5,1695,N,True
5,bot29__9,bot39__5,1695,N,True
5,bot26__0,bot39__5,1695,N,True
5,reel31__0,reel61__0,1695,N,True
5,reel31__0,bot63__5,1695,N,True
5,bot5__0,bot17__3,1695,N,True
5,reel15__8,bot17__3,1695,N,True
5,bot3__2,bot17__3,1695,N,True
5,reel34__2,reel32__4,1695,N,True
5,reel30__9,reel32__4,1695,N,True
5,reel30__9,bot57__7,1695,N,True
5,reel35__4,bot57__7,1695,N,True
5,bot20__1,bot28__3,1695,N,True
5,reel6__3,bot28__3,1695,N,True
5,bot37__1,bot28__3,1695,N,True
5,reel22__2,bot76__9,1695,N,True
5,bot14__4,bot76__9,1695,N,True
5,reel24__1,bot76__9,1695,N,True
5,bot79__7,bot76__9,1695,N,True
5,reel19__6,reel56__6,1695,N,True
5,bot81__3,reel56__6,1695,N,True
5,reel73__9,reel45__0,1695,N,True
5,reel73__9,reel64__2,1695,N,True
5,reel24__0,reel64__2,1695,N,True
5,reel73__9,reel80__4,1695,N,True
5,reel35__6,bot81__1,1695,N,True
5,reel73__9,bot81__1,1695,N,True
5,bot19__3,reel18__3,1695,N,True
5,bot22__6,reel18__3,1695,N,True
5,bot80__0,bot77__7,1695,N,True
5,reel28__5,reel24__8,1695,N,True
5,reel1__9,reel24__8,1695,N,True
5,bot81__9,reel24__8,1695,N,True
5,reel20__5,bot23__1,1695,N,True
5,bot25__9,bot23__1,1695,N,True
5,reel30__2,bot68__2,1695,N,True
5,reel17__7,bot68__2,1695,N,True
5,reel30__2,reel82__6,1695,N,True
5,reel43__8,reel82__6,1695,N,True
5,bot50__4,reel29__6,1695,N,True
5,reel63__9,reel29__6,1695,N,True
5,reel20__0,reel29__6,1695,N,True
5,bot50__4,bot35__8,1695,N,True
5,bot8__6,bot35__8,1695,N,True
5,reel43__9,bot68__0,1695,N,True
5,reel13__3,bot78__4,1695,N,True
5,bot5__8,bot56__5,1695,N,True
5,reel25__1,bot56__5,1695,N,True
5,bot9__5,bot32__0,1695,N,True
5,reel10__3,bot32__0,1695,N,True
5,reel20__9,bot47__7,1695,N,True
5,reel10__3,bot47__7,1695,N,True
5,reel12__0,bot41__4,1695,N,True
5,reel7__0,bot28__0,1695,N,True
5,bot0__0,bot66__9,1695,N,True
5,reel43__8,reel64__6,1695,N,True
5,reel60__1,reel64__6,1695,N,True
5,bot2__4,bot57__3,1695,N,True
5,reel21__8,bot57__3,1695,N,True
5,bot36__2,bot57__3,1695,N,True
5,bot36__2,bot57__4,1695,N,True
5,bot65__4,bot55__9,1695,N,True
5,bot47__8,bot55__9,1695,N,True
5,bot23__3,bot55__9,1695,N,True
5,reel3__8,reel25__2,1695,N,True
5,reel36__8,reel25__2,1695,N,True
5,bot8__5,bot10__2,1695,N,True
5,bot11__2,bot50__3,1695,N,True
5,bot26__6,bot50__3,1695,N,True
5,reel38__0,reel59__5,1695,N,True
5,reel20__5,bot26__4,1695,N,True
5,bot34__4,bot26__4,1695,N,True
5,reel8__0,bot26__4,1695,N,True
5,reel39__9,bot46__1,1695,N,True
5,bot1__1,bot46__1,1695,N,True
5,reel2__6,bot22__9,1695,N,True
5,reel55__4,bot61__0,1695,N,True
5,bot1__5,bot37__9,1695,N,True
5,reel8__0,bot37__9,1695,N,True
5,bot42__8,bot69__4,1695,N,True
5,reel37__2,bot47__5,1695,N,True
5,reel29__5,bot47__5,1695,N,True
5,reel0__1,reel27__1,1695,N,True
5,reel54__4,reel27__1,1695,N,True
5,reel65__6,bot66__2,1695,N,True
5,bot45__4,bot66__2,1695,N,True
5,bot14__4,bot40__0,1695,N,True
5,reel39__7,reel72__6,1695,N,True
5,reel7__8,bot52__1,1695,N,True
5,reel46__9,bot52__1,1695,N,True
5,reel7__8,bot54__5,1695,N,True
5,reel43__7,bot54__5,1695,N,True
5,reel63__0,reel57__9,1695,N,True
5,reel22__5,reel57__9,1695,N,True
5,reel7__8,reel57__9,1695,N,True
5,bot3__2,bot67__8,1695,N,True
5,reel10__1,bot67__8,1695,N,True
5,bot2__4,bot27__4,1695,N,True
5,reel25__1,bot27__4,1695,N,True
5,bot51__5,bot59__0,1695,N,True
5,reel17__0,bot59__0,1695,N,True
5,bot21__3,bot42__3,1695,N,True
5,bot32__5,bot44__4,1695,N,True
5,reel15__7,bot83__2,1695,N,True
5,bot37__2,bot65__7,1695,N,True
5,reel60__1,reel63__8,1695,N,True
5,reel46__3,reel63__8,1695,N,True
5,bot20__9,bot45__8,1695,N,True
5,reel64__1,reel66__7,1695,N,True
5,reel8__1,reel66__7,1695,N,True
5,reel13__0,reel76__2,1695,N,True
5,reel21__0,reel76__2,1695,N,True
5,reel51__9,reel76__2,1695,N,True
5,reel67__0,bot79__8,1695,N,True
5,bot10__6,bot79__8,1695,N,True
5,bot13__9,bot65__3,1695,N,True
5,reel64__0,bot84__3,1695,N,True
5,bot37__6,bot84__3,1695,N,True
5,bot0__5,bot56__8,1695,N,True
5,bot12__8,bot65__6,1695,N,True
5,bot36__5,bot58__7,1695,N,True
5,bot51__0,bot58__7,1695,N,True
5,bot31__2,bot71__7,1695,N,True
5,bot2__4,bot11__0,1695,N,True
5,bot17__6,bot11__0,1695,N,True
5,reel8__0,bot11__0,1695,N,True
5,reel9__6,reel45__8,1695,N,True
5,reel8__0,reel45__8,1695,N,True
5,bot56__9,bot19__4,1695,N,True
5,bot11__3,bot19__4,1695,N,True
5,bot13__7,bot19__4,1695,N,True
5,reel58__2,reel78__5,1695,N,True
5,reel58__2,reel78__7,1695,N,True
5,reel5__8,bot64__3,1695,N,True
5,reel52__0,bot64__3,1695,N,True
5,reel32__0,bot55__0,1695,N,True
5,reel1__9,bot55__0,1695,N,True
5,reel32__0,reel74__5,1695,N,True
5,reel20__6,reel43__5,1695,N,True
5,reel22__2,reel43__5,1695,N,True
5,bot48__2,bot80__7,1695,N,True
5,reel69__9,reel67__5,1695,N,True
5,reel19__1,reel67__5,1695,N,True
5,reel68__8,reel67__5,1695,N,True
5,bot5__0,bot6__2,1695,N,True
5,bot20__0,bot29__0,1695,N,True
5,bot11__2,bot29__0,1695,N,True
5,bot75__6,bot50__1,1695,N,True
5,bot42__0,bot50__1,1695,N,True
5,bot11__2,bot50__1,1695,N,True
5,reel12__9,bot25__8,1695,N,True
5,reel12__9,bot73__0,1695,N,True
5,reel48__5,bot73__0,1695,N,True
5,bot20__1,bot18__8,1695,N,True
5,bot0__2,bot18__8,1695,N,True
5,reel33__4,reel34__4,1695,N,True
5,bot65__9,reel34__4,1695,N,True
5,bot46__7,reel34__4,1695,N,True
5,bot37__1,bot50__6,1695,N,True
5,bot46__7,bot50__6,1695,N,True
5,reel7__1,bot17__8,1695,N,True
5,bot1__1,bot17__8,1695,N,True
5,reel67__6,reel81__3,1695,N,True
5,reel22__5,bot23__6,1695,N,True
5,reel14__2,bot23__6,1695,N,True
5,reel39__1,reel60__8,1695,N,True
5,reel59__2,reel60__8,1695,N,True
5,reel59__2,reel79__1,1695,N,True
5,reel35__4,reel79__1,1695,N,True
5,reel59__2,reel81__9,1695,N,True
5,reel56__8,reel81__9,1695,N,True
5,bot32__4,bot33__7,1695,N,True
5,bot32__4,bot62__1,1695,N,True
5,reel38__6,bot62__1,1695,N,True
5,bot60__4,bot63__4,1695,N,True
5,reel56__3,bot69__7,1695,N,True
5,reel31__3,bot32__6,1695,N,True
5,bot71__3,bot84__7,1695,N,True
5,reel67__8,bot84__7,1695,N,True
5,bot32__2,bot84__7,1695,N,True
5,reel61__7,reel76__9,1695,N,True
5,reel10__2,bot17__7,1695,N,True
5,reel36__6,bot63__3,1695,N,True
5,reel10__2,bot63__3,1695,N,True
5,reel23__4,bot40__3,1695,N,True
5,reel43__7,reel83__0,1695,N,True
5,bot39__1,bot66__4,1695,N,True
5,reel47__2,reel43__6,1695,N,True
5,reel9__6,reel43__6,1695,N,True
5,reel82__5,reel43__6,1695,N,True
5,bot32__1,bot82__8,1695,N,True
5,reel53__3,bot82__8,1695,N,True
5,reel5__8,reel64__3,1695,N,True
5,reel0__0,reel64__3,1695,N,True
5,reel7__1,bot25__7,1695,N,True
5,reel9__0,bot25__7,1695,N,True
5,reel7__1,bot72__9,1695,N,True
5,reel8__5,bot39__6,1695,N,True
5,bot8__1,bot39__6,1695,N,True
5,bot8__1,bot26__7,1695,N,True
5,bot31__9,bot26__7,1695,N,True
5,reel5__3,bot26__7,1695,N,True
5,bot8__1,bot75__1,1695,N,True
5,reel67__0,reel75__4,1695,N,True
5,reel30__6,reel38__1,1695,N,True
5,reel9__6,reel38__1,1695,N,True
5,reel9__6,bot55__1,1695,N,True
5,bot41__9,bot57__6,1695,N,True
5,reel9__6,bot57__6,1695,N,True
5,bot65__9,bot15__8,1695,N,True
5,bot23__5,bot84__0,1695,N,True
5,reel41__8,bot84__0,1695,N,True
5,bot32__7,bot37__5,1695,N,True
5,reel1__6,bot37__5,1695,N,True
5,reel35__6,reel36__0,1695,N,True
5,reel29__0,reel36__0,1695,N,True
5,reel35__6,bot48__5,1695,N,True
5,reel37__4,bot48__5,1695,N,True
5,reel24__0,bot57__1,1695,N,True
5,bot26__8,bot38__0,1695,N,True
5,reel23__7,bot38__0,1695,N,True
5,reel41__7,bot74__8,1695,N,True
5,bot51__0,bot74__8,1695,N,True
5,reel76__3,reel82__0,1695,N,True
5,reel39__1,reel79__5,1695,N,True
5,reel4__4,bot5__6,1695,N,True
5,bot1__0,bot5__6,1695,N,True
5,reel3__9,reel55__9,1695,N,True
5,reel56__8,reel55__9,1695,N,True
5,reel21__5,bot82__6,1695,N,True
5,reel19__6,bot77__8,1695,N,True
5,bot26__8,bot49__7,1695,N,True
5,reel22__2,bot49__7,1695,N,True
5,reel16__4,bot49__7,1695,N,True
5,bot26__8,bot82__1,1695,N,True
5,reel79__8,bot82__4,1695,N,True
5,reel37__8,reel57__0,1695,N,True
5,reel16__4,reel57__0,1695,N,True
5,reel10__6,reel57__0,1695,N,True
5,bot70__4,bot75__0,1695,N,True
5,bot61__8,bot75__2,1695,N,True
5,bot81__9,bot43__9,1695,N,True
5,reel32__2,reel72__8,1695,N,True
5,reel14__6,bot58__5,1695,N,True
5,reel38__6,bot58__5,1695,N,True
5,bot17__6,bot39__7,1695,N,True
5,reel17__4,reel56__1,1695,N,True
5,reel1__3,bot54__0,1695,N,True
5,reel46__2,bot54__0,1695,N,True
5,bot32__9,bot22__1,1695,N,True
5,reel43__3,bot48__1,1695,N,True
5,bot9__3,bot48__1,1695,N,True
5,bot16__6,bot82__7,1695,N,True
5,reel14__7,bot72__7,1695,N,True
5,reel23__6,bot33__4,1695,N,True
5,reel23__6,bot38__4,1695,N,True
5,reel45__4,bot82__5,1696,N,True
5,reel72__2,bot77__6,1696,N,True
5,bot78__7,bot77__6,1696,N,True
5,bot23__3,bot77__6,1696,N,True
5,reel20__8,bot60__1,1696,N,True
5,reel7__8,bot54__5,1696,N,True
5,bot47__5,bot54__5,1696,N,True
5,reel49__2,reel51__5,1696,N,True
5,reel48__1,reel51__5,1696,N,True
5,reel48__1,bot83__7,1696,N,True
5,bot79__6,bot60__9,1696,N,True
5,bot12__3,bot60__9,1696,N,True
5,bot70__1,bot75__4,1696,N,True
5,reel71__4,bot75__4,1696,N,True
5,reel56__2,reel53__8,1696,N,True
5,reel78__5,reel58__2,1696,N,True
5,bot43__3,bot50__6,1696,N,True
5,bot37__1,bot50__6,1696,N,True
5,reel46__3,reel63__8,1696,N,True
5,reel32__5,reel63__8,1696,N,True
5,reel32__5,reel83__7,1696,N,True
5,bot22__4,bot59__7,1696,N,True
5,bot49__4,bot53__2,1696,N,True
5,bot64__8,bot53__2,1696,N,True
5,bot51__5,bot59__0,1696,N,True
5,bot14__9,bot17__6,1696,N,True
5,reel15__4,reel31__9,1696,N,True
5,reel67__8,bot84__7,1696,N,True
5,bot32__2,bot84__7,1696,N,True
5,reel64__6,reel43__8,1696,N,True
5,bot33__9,bot51__1,1696,N,True
5,reel49__2,reel56__6,1696,N,True
5,reel19__6,reel56__6,1696,N,True
5,reel48__3,reel49__0,1696,N,True
5,bot68__9,bot83__3,1696,N,True
5,bot43__5,bot56__8,1696,N,True
5,reel33__2,bot82__1,1696,N,True
5,bot74__0,bot76__6,1696,N,True
5,bot22__9,bot30__6,1697,N,True
5,bot8__9,bot30__6,1697,N,True
5,reel17__6,bot30__6,1697,N,True
5,reel21__3,reel42__0,1697,N,True
5,reel17__6,reel42__0,1697,N,True
5,bot16__7,bot31__8,1697,N,True
5,reel21__2,bot64__6,1697,N,True
5,bot75__9,bot64__6,1697,N,True
5,reel27__4,reel43__1,1697,N,True
5,reel30__8,reel43__1,1697,N,True
5,bot67__0,reel43__1,1697,N,True
5,reel12__9,bot73__0,1697,N,True
5,bot1__7,bot73__0,1697,N,True
5,reel17__2,bot46__9,1697,N,True
5,reel6__3,bot12__8,1697,N,True
5,bot6__7,bot12__8,1697,N,True
5,bot65__6,bot12__8,1697,N,True
5,bot65__2,reel16__2,1697,N,True
5,bot48__6,reel16__2,1697,N,True
5,reel15__7,reel16__2,1697,N,True
5,reel13__1,reel16__2,1697,N,True
5,reel13__2,reel16__2,1697,N,True
5,reel52__6,reel59__3,1697,N,True
5,reel4__7,reel59__3,1697,N,True
5,reel5__9,bot32__5,1697,N,True
5,bot64__0,bot32__5,1697,N,True
5,reel35__1,reel14__4,1697,N,True
5,reel7__2,reel14__4,1697,N,True
5,reel12__0,reel14__4,1697,N,True
5,reel7__2,bot43__3,1697,N,True
5,reel17__9,bot43__3,1697,N,True
5,reel14__0,reel36__4,1697,N,True
5,reel42__6,reel36__4,1697,N,True
5,reel2__0,reel36__4,1697,N,True
5,bot40__2,reel36__4,1697,N,True
5,reel55__7,reel36__4,1697,N,True
5,bot41__1,bot9__4,1697,N,True
5,reel3__8,bot9__4,1697,N,True
5,bot39__6,bot9__4,1697,N,True
5,bot33__1,bot9__4,1697,N,True
5,reel0__0,bot9__4,1697,N,True
5,bot45__3,bot62__6,1697,N,True
5,bot33__1,bot62__6,1697,N,True
5,bot30__8,bot62__6,1697,N,True
5,reel12__5,bot69__3,1697,N,True
5,bot1__6,bot69__3,1697,N,True
5,bot60__5,bot56__1,1697,N,True
5,reel45__3,bot56__1,1697,N,True
5,reel33__1,reel61__8,1697,N,True
5,reel64__5,reel61__8,1697,N,True
5,reel46__4,reel61__8,1697,N,True
5,reel67__3,reel61__8,1697,N,True
5,reel67__0,reel28__0,1697,N,True
5,reel60__1,reel28__0,1697,N,True
5,reel18__5,reel28__0,1697,N,True
5,bot72__6,reel28__0,1697,N,True
5,reel36__9,reel28__0,1697,N,True
5,reel22__7,reel65__1,1697,N,True
5,bot72__6,reel65__1,1697,N,True
5,reel23__2,reel46__1,1697,N,True
5,reel14__5,reel46__1,1697,N,True
5,reel30__5,reel46__1,1697,N,True
5,bot0__6,bot61__7,1697,N,True
5,bot21__7,bot61__7,1697,N,True
5,bot83__0,reel36__8,1697,N,True
5,reel33__7,reel36__8,1697,N,True
5,reel25__2,reel36__8,1697,N,True
5,reel82__6,reel43__8,1697,N,True
5,reel13__8,reel43__8,1697,N,True
5,reel59__4,reel43__8,1697,N,True
5,reel3__6,reel43__8,1697,N,True
5,bot16__3,bot69__9,1697,N,True
5,bot34__5,bot69__9,1697,N,True
5,reel47__7,bot69__9,1697,N,True
5,reel50__9,bot61__1,1697,N,True
5,reel2__0,bot61__1,1697,N,True
5,reel2__0,bot70__2,1697,N,True
5,reel15__2,reel42__5,1697,N,True
5,reel48__4,reel42__5,1697,N,True
5,reel15__2,bot70__6,1697,N,True
5,reel74__5,bot75__2,1697,N,True
5,reel14__5,reel31__1,1697,N,True
5,reel14__5,reel33__8,1697,N,True
5,reel66__8,reel33__8,1697,N,True
5,reel18__7,reel33__8,1697,N,True
5,reel41__6,reel33__8,1697,N,True
5,reel0__9,reel18__8,1697,N,True
5,bot21__4,reel18__8,1697,N,True
5,reel55__9,reel18__8,1697,N,True
5,reel8__4,reel18__8,1697,N,True
5,reel72__2,reel51__8,1697,N,True
5,reel11__0,reel51__8,1697,N,True
5,bot82__3,reel51__8,1697,N,True
5,reel63__1,bot77__6,1697,N,True
5,reel72__2,bot77__6,1697,N,True
5,bot78__7,bot77__6,1697,N,True
5,bot73__1,bot52__1,1697,N,True
5,reel47__0,bot52__1,1697,N,True
5,reel7__8,bot52__1,1697,N,True
5,reel60__0,bot82__4,1697,N,True
5,bot39__8,bot58__2,1697,N,True
5,bot61__2,bot58__2,1697,N,True
5,bot42__8,bot58__2,1697,N,True
5,bot6__7,bot44__4,1697,N,True
5,reel18__1,reel58__0,1697,N,True
5,bot39__6,bot67__7,1697,N,True
5,reel18__1,bot67__7,1697,N,True
5,reel18__1,bot77__3,1697,N,True
5,reel67__1,reel81__4,1697,N,True
5,reel18__1,reel81__4,1697,N,True
5,reel30__3,bot69__5,1697,N,True
5,reel67__3,bot69__5,1697,N,True
5,reel22__7,reel45__4,1697,N,True
5,reel21__2,reel45__4,1697,N,True
5,reel22__7,reel46__9,1697,N,True
5,reel39__7,reel46__9,1697,N,True
5,bot42__9,reel20__2,1697,N,True
5,reel0__4,reel20__2,1697,N,True
5,reel28__2,reel20__2,1697,N,True
5,reel39__8,reel20__2,1697,N,True
5,reel69__3,reel78__9,1697,N,True
5,reel44__1,reel78__9,1697,N,True
5,reel25__5,reel42__1,1697,N,True
5,reel45__3,reel42__1,1697,N,True
5,reel68__5,reel26__0,1697,N,True
5,reel80__6,reel26__0,1697,N,True
5,reel75__7,reel26__0,1697,N,True
5,reel71__6,reel26__0,1697,N,True
5,reel13__1,reel26__0,1697,N,True
5,reel8__4,reel26__0,1697,N,True
5,reel38__0,reel26__0,1697,N,True
5,reel79__5,reel39__1,1697,N,True
5,reel7__4,reel39__1,1697,N,True
5,bot63__7,bot51__2,1697,N,True
5,bot63__7,bot64__3,1697,N,True
5,reel52__0,bot64__3,1697,N,True
5,reel2__2,reel23__1,1697,N,True
5,reel14__0,reel23__1,1697,N,True
5,reel15__0,reel23__1,1697,N,True
5,bot32__3,bot35__0,1697,N,True
5,bot49__5,bot35__0,1697,N,True
5,reel11__0,bot35__0,1697,N,True
5,reel14__0,bot35__0,1697,N,True
5,reel32__2,reel55__3,1697,N,True
5,reel11__5,reel55__3,1697,N,True
5,bot25__6,bot30__7,1697,N,True
5,bot9__6,bot30__7,1697,N,True
5,bot44__5,bot30__7,1697,N,True
5,reel38__8,reel55__0,1697,N,True
5,reel50__0,reel55__0,1697,N,True
5,reel72__0,reel55__0,1697,N,True
5,reel38__8,bot68__4,1697,N,True
5,reel2__4,bot68__4,1697,N,True
5,bot46__2,bot49__2,1697,N,True
5,bot10__4,bot49__2,1697,N,True
5,bot46__2,bot52__2,1697,N,True
5,reel46__5,bot52__2,1697,N,True
5,reel57__4,bot83__3,1697,N,True
5,bot82__2,bot83__3,1697,N,True
5,bot13__1,bot64__9,1697,N,True
5,bot3__5,bot64__9,1697,N,True
5,reel2__4,bot64__9,1697,N,True
5,reel6__0,bot44__2,1697,N,True
5,bot33__5,bot44__2,1697,N,True
5,bot25__9,bot44__2,1697,N,True
5,reel34__2,reel36__5,1697,N,True
5,reel74__3,reel36__5,1697,N,True
5,reel32__7,reel36__5,1697,N,True
5,reel32__7,reel53__3,1697,N,True
5,reel11__7,reel53__3,1697,N,True
5,bot21__7,bot76__0,1697,N,True
5,reel41__3,bot76__0,1697,N,True
5,reel0__4,reel14__9,1697,N,True
5,reel48__2,reel14__9,1697,N,True
5,reel7__4,reel14__9,1697,N,True
5,reel24__3,bot28__6,1697,N,True
5,bot6__1,bot28__6,1697,N,True
5,reel7__4,bot28__6,1697,N,True
5,reel39__9,bot67__6,1697,N,True
5,reel7__4,bot67__6,1697,N,True
5,reel12__0,bot41__4,1697,N,True
5,reel13__4,bot41__4,1697,N,True
5,reel12__6,reel44__3,1697,N,True
5,reel50__6,reel44__3,1697,N,True
5,reel31__3,reel44__3,1697,N,True
5,reel69__7,reel44__3,1697,N,True
5,reel7__6,reel44__5,1697,N,True
5,reel50__9,reel44__5,1697,N,True
5,reel73__7,reel44__5,1697,N,True
5,reel18__2,reel56__2,1697,N,True
5,reel53__8,reel56__2,1697,N,True
5,bot46__6,bot62__3,1697,N,True
5,reel53__9,bot62__3,1697,N,True
5,bot33__8,bot23__9,1697,N,True
5,reel18__5,bot23__9,1697,N,True
5,reel17__8,bot23__9,1697,N,True
5,reel21__2,bot23__9,1697,N,True
5,bot14__3,bot68__6,1697,N,True
5,reel17__8,bot68__6,1697,N,True
5,bot55__8,bot56__7,1697,N,True
5,bot55__2,bot56__7,1697,N,True
5,bot52__7,reel46__8,1697,N,True
5,reel5__2,reel46__8,1697,N,True
5,reel73__3,reel77__3,1697,N,True
5,reel80__2,reel77__3,1697,N,True
5,reel59__6,reel77__3,1697,N,True
5,reel15__6,bot25__8,1697,N,True
5,reel12__9,bot25__8,1697,N,True
5,bot16__5,bot25__8,1697,N,True
5,reel2__2,bot60__7,1697,N,True
5,reel41__1,bot60__7,1697,N,True
5,reel49__4,bot68__3,1697,N,True
5,bot29__4,bot68__3,1697,N,True
5,bot82__9,bot68__3,1697,N,True
5,bot40__0,bot68__3,1697,N,True
5,reel21__9,bot23__8,1697,N,True
5,bot55__4,bot23__8,1697,N,True
5,bot28__0,bot23__8,1697,N,True
5,bot29__6,bot61__4,1697,N,True
5,reel21__9,bot61__4,1697,N,True
5,bot52__0,bot49__9,1697,N,True
5,bot0__4,bot49__9,1697,N,True
5,bot34__7,bot62__8,1697,N,True
5,bot53__4,bot54__2,1697,N,True
5,reel26__1,bot54__2,1697,N,True
5,bot28__4,bot73__9,1697,N,True
5,bot53__4,bot73__9,1697,N,True
5,reel66__0,bot73__9,1697,N,True
5,bot10__1,bot60__6,1697,N,True
5,bot43__4,bot60__6,1697,N,True
5,reel4__1,bot53__1,1697,N,True
5,bot2__2,bot53__1,1697,N,True
5,reel18__7,bot20__7,1697,N,True
5,bot11__8,bot20__7,1697,N,True
5,bot70__0,bot46__0,1697,N,True
5,bot11__8,bot46__0,1697,N,True
5,bot70__3,bot38__1,1697,N,True
5,reel33__1,bot38__1,1697,N,True
5,bot6__6,bot38__1,1697,N,True
5,reel3__5,bot75__8,1697,N,True
5,bot11__6,bot28__8,1697,N,True
5,bot51__7,bot28__8,1697,N,True
5,reel19__3,bot28__8,1697,N,True
5,bot13__0,bot28__8,1697,N,True
5,bot2__1,bot22__4,1697,N,True
5,bot19__0,bot22__4,1697,N,True
5,bot59__7,bot22__4,1697,N,True
5,bot67__5,bot70__7,1697,N,True
5,bot71__5,bot70__7,1697,N,True
5,bot28__2,bot70__7,1697,N,True
5,reel56__8,bot70__7,1697,N,True
5,bot59__1,bot62__7,1697,N,True
5,bot26__6,bot62__7,1697,N,True
5,reel46__5,bot83__6,1697,N,True
5,bot21__0,bot83__6,1697,N,True
5,bot27__2,reel25__6,1697,N,True
5,reel5__9,reel25__6,1697,N,True
5,reel19__8,reel25__6,1697,N,True
5,bot36__2,reel25__6,1697,N,True
5,reel49__7,reel25__6,1697,N,True
5,reel74__6,reel25__6,1697,N,True
5,reel4__7,bot5__7,1697,N,True
5,reel10__9,bot37__8,1697,N,True
5,bot40__6,bot37__8,1697,N,True
5,bot26__4,bot37__8,1697,N,True
5,reel10__9,reel57__2,1697,N,True
5,reel5__6,reel57__2,1697,N,True
5,reel38__6,bot58__5,1697,N,True
5,bot78__4,bot58__5,1697,N,True
5,reel20__7,bot32__0,1697,N,True
5,reel10__3,bot32__0,1697,N,True
5,bot41__3,bot32__0,1697,N,True
5,bot9__5,bot32__0,1697,N,True
5,reel6__3,reel73__1,1697,N,True
5,reel26__3,reel73__1,1697,N,True
5,bot74__1,bot58__4,1697,N,True
5,bot2__1,bot58__4,1697,N,True
5,reel41__5,bot42__4,1697,N,True
5,reel2__4,bot42__4,1697,N,True
5,reel20__0,reel59__7,1697,N,True
5,reel2__4,reel59__7,1697,N,True
5,reel14__7,bot72__7,1697,N,True
5,reel11__1,bot72__7,1697,N,True
5,reel9__6,reel25__0,1697,N,True
5,reel58__2,reel25__0,1697,N,True
5,bot28__5,reel25__0,1697,N,True
5,reel34__4,reel25__0,1697,N,True
5,reel23__8,reel25__0,1697,N,True
5,reel1__7,reel25__0,1697,N,True
5,bot79__0,bot77__8,1697,N,True
5,reel19__6,bot77__8,1697,N,True
5,bot5__1,bot62__9,1697,N,True
5,reel10__6,bot62__9,1697,N,True
5,bot10__5,bot40__8,1697,N,True
5,reel67__3,bot81__4,1697,N,True
5,bot71__7,bot81__4,1697,N,True
5,reel73__0,reel64__9,1697,N,True
5,reel50__6,reel64__9,1697,N,True
5,reel13__8,reel64__9,1697,N,True
5,reel9__7,reel64__9,1697,N,True
5,reel50__6,reel75__2,1697,N,True
5,bot45__3,bot57__0,1697,N,True
5,bot43__6,bot57__0,1697,N,True
5,bot66__0,bot57__0,1697,N,True
5,bot45__3,bot65__5,1697,N,True
5,bot6__8,bot65__5,1697,N,True
5,bot10__6,bot65__5,1697,N,True
5,reel0__4,reel32__5,1697,N,True
5,reel50__4,reel32__5,1697,N,True
5,reel21__5,reel32__5,1697,N,True
5,reel82__1,reel12__3,1697,N,True
5,bot2__3,bot13__2,1697,N,True
5,bot31__5,bot13__2,1697,N,True
5,bot5__8,bot13__2,1697,N,True
5,reel2__3,bot41__0,1697,N,True
5,reel64__0,bot84__3,1697,N,True
5,bot37__6,bot84__3,1697,N,True
5,bot71__5,bot84__3,1697,N,True
5,bot24__2,bot58__0,1697,N,True
5,reel78__5,bot81__6,1697,N,True
5,reel60__5,bot81__6,1697,N,True
5,reel78__5,reel81__9,1697,N,True
5,reel59__2,reel81__9,1697,N,True
5,reel56__8,reel81__9,1697,N,True
5,reel49__2,bot59__2,1697,N,True
5,bot43__6,bot59__2,1697,N,True
5,reel22__8,bot59__2,1697,N,True
5,reel21__3,reel39__4,1697,N,True
5,bot47__8,reel39__4,1697,N,True
5,reel13__8,bot18__4,1697,N,True
5,bot27__7,bot18__4,1697,N,True
5,reel13__8,reel68__4,1697,N,True
5,reel37__2,reel68__4,1697,N,True
5,bot21__8,bot72__4,1697,N,True
5,reel25__7,bot72__4,1697,N,True
5,reel60__3,reel47__8,1697,N,True
5,bot15__5,bot38__3,1697,N,True
5,reel26__8,bot38__3,1697,N,True
5,bot31__7,bot38__3,1697,N,True
5,bot42__7,bot38__3,1697,N,True
5,reel26__8,reel66__1,1697,N,True
5,reel13__2,reel66__1,1697,N,True
5,reel26__8,reel77__9,1697,N,True
5,reel8__4,reel77__9,1697,N,True
5,reel67__4,reel43__3,1697,N,True
5,reel30__8,reel43__3,1697,N,True
5,reel19__3,reel82__5,1697,N,True
5,bot51__4,bot39__5,1697,N,True
5,bot13__9,bot39__5,1697,N,True
5,bot29__9,bot39__5,1697,N,True
5,bot26__0,bot39__5,1697,N,True
5,reel31__0,reel61__0,1697,N,True
5,reel15__8,bot17__3,1697,N,True
5,bot3__2,bot17__3,1697,N,True
5,reel20__6,bot62__0,1697,N,True
5,bot74__6,bot62__0,1697,N,True
5,reel9__5,reel64__7,1697,N,True
5,reel59__4,reel81__6,1697,N,True
5,reel39__8,bot62__2,1697,N,True
5,reel29__3,bot83__1,1697,N,True
5,bot49__5,bot83__1,1697,N,True
5,reel19__6,reel56__6,1697,N,True
5,bot81__3,reel56__6,1697,N,True
5,reel49__2,reel56__6,1697,N,True
5,reel64__1,reel66__7,1697,N,True
5,reel13__2,reel66__7,1697,N,True
5,reel8__1,reel66__7,1697,N,True
5,reel13__5,bot22__3,1697,N,True
5,reel35__6,bot81__1,1697,N,True
5,reel73__9,bot81__1,1697,N,True
5,bot23__1,bot81__1,1697,N,True
5,bot80__0,bot77__7,1697,N,True
5,reel55__6,bot67__2,1697,N,True
5,bot16__2,bot67__2,1697,N,True
5,bot12__9,bot67__2,1697,N,True
5,bot16__3,bot39__3,1697,N,True
5,bot81__7,reel67__6,1697,N,True
5,bot50__4,bot35__8,1697,N,True
5,bot8__6,bot35__8,1697,N,True
5,reel11__6,bot42__3,1697,N,True
5,bot33__4,bot42__3,1697,N,True
5,reel54__1,bot83__2,1697,N,True
5,reel15__7,bot83__2,1697,N,True
5,reel11__6,bot83__2,1697,N,True
5,reel0__6,reel69__6,1697,N,True
5,reel39__9,reel63__2,1697,N,True
5,reel32__9,reel63__2,1697,N,True
5,reel27__8,bot74__8,1697,N,True
5,reel27__8,reel81__7,1697,N,True
5,reel20__9,bot53__6,1697,N,True
5,reel12__0,bot53__6,1697,N,True
5,bot5__8,bot56__5,1697,N,True
5,bot47__4,reel27__0,1697,N,True
5,reel26__4,reel27__0,1697,N,True
5,reel38__0,reel59__5,1697,N,True
5,reel41__6,reel59__5,1697,N,True
5,reel39__9,bot46__1,1697,N,True
5,bot83__8,reel29__7,1697,N,True
5,bot42__8,bot59__6,1697,N,True
5,bot9__1,bot59__6,1697,N,True
5,bot7__3,bot69__4,1697,N,True
5,bot42__8,bot69__4,1697,N,True
5,reel37__2,bot47__5,1697,N,True
5,reel29__5,bot47__5,1697,N,True
5,reel29__5,bot81__0,1697,N,True
5,reel35__3,reel51__7,1697,N,True
5,reel24__5,reel51__7,1697,N,True
5,bot70__1,bot75__4,1697,N,True
5,reel41__5,reel50__5,1697,N,True
5,reel66__9,reel50__5,1697,N,True
5,reel66__9,reel70__7,1697,N,True
5,bot55__5,bot54__1,1697,N,True
5,reel41__8,bot54__1,1697,N,True
5,reel7__8,bot54__5,1697,N,True
5,reel43__7,bot54__5,1697,N,True
5,reel61__2,bot67__8,1697,N,True
5,bot3__2,bot67__8,1697,N,True
5,reel10__1,bot67__8,1697,N,True
5,reel24__8,bot81__9,1697,N,True
5,bot43__9,bot81__9,1697,N,True
5,reel0__1,reel36__1,1697,N,True
5,reel44__2,reel36__1,1697,N,True
5,reel31__4,reel36__1,1697,N,True
5,reel24__3,reel59__1,1697,N,True
5,reel23__4,reel59__1,1697,N,True
5,reel36__0,reel59__1,1697,N,True
5,reel25__2,bot50__5,1697,N,True
5,bot10__4,bot50__5,1697,N,True
5,bot39__0,bot60__1,1697,N,True
5,reel60__7,bot72__2,1697,N,True
5,reel0__8,bot72__2,1697,N,True
5,reel0__8,reel76__8,1697,N,True
5,reel60__1,reel63__8,1697,N,True
5,reel46__3,reel63__8,1697,N,True
5,bot40__5,bot49__8,1697,N,True
5,reel44__6,bot49__8,1697,N,True
5,reel65__4,reel56__3,1697,N,True
5,reel11__7,reel56__3,1697,N,True
5,reel8__1,reel56__3,1697,N,True
5,reel17__0,reel53__1,1697,N,True
5,reel48__2,reel74__8,1697,N,True
5,reel17__0,reel74__8,1697,N,True
5,bot24__4,bot29__7,1697,N,True
5,reel9__2,bot73__8,1697,N,True
5,reel39__2,bot73__8,1697,N,True
5,reel64__0,bot76__5,1697,N,True
5,reel64__0,reel77__2,1697,N,True
5,bot55__6,bot84__5,1697,N,True
5,reel70__8,bot84__5,1697,N,True
5,reel12__1,bot24__3,1697,N,True
5,bot32__1,bot24__3,1697,N,True
5,bot46__8,bot74__9,1697,N,True
5,reel49__4,reel33__2,1697,N,True
5,reel20__7,reel33__2,1697,N,True
5,bot36__5,bot58__7,1697,N,True
5,bot28__3,bot55__0,1697,N,True
5,reel32__0,bot55__0,1697,N,True
5,bot39__1,bot66__4,1697,N,True
5,bot42__7,bot66__4,1697,N,True
5,bot26__8,bot38__0,1697,N,True
5,bot57__9,bot38__0,1697,N,True
5,bot2__4,bot27__4,1697,N,True
5,bot8__9,bot27__4,1697,N,True
5,reel11__7,bot50__7,1697,N,True
5,bot15__2,bot50__7,1697,N,True
5,bot2__4,bot11__0,1697,N,True
5,bot29__0,bot11__0,1697,N,True
5,reel21__6,reel74__9,1697,N,True
5,bot46__7,bot50__6,1697,N,True
5,bot46__7,bot70__8,1697,N,True
5,reel5__9,reel6__7,1697,N,True
5,reel41__5,reel6__7,1697,N,True
5,reel50__0,reel6__7,1697,N,True
5,reel5__9,bot14__0,1697,N,True
5,bot2__8,bot14__0,1697,N,True
5,reel47__5,reel49__6,1697,N,True
5,reel14__2,reel49__6,1697,N,True
5,reel58__7,reel79__1,1697,N,True
5,reel59__2,reel79__1,1697,N,True
5,bot32__4,bot62__1,1697,N,True
5,reel38__6,bot62__1,1697,N,True
5,bot48__3,bot52__3,1697,N,True
5,reel49__2,bot52__3,1697,N,True
5,bot2__0,bot45__6,1697,N,True
5,bot1__2,bot45__6,1697,N,True
5,reel67__0,reel23__5,1697,N,True
5,reel31__3,reel23__5,1697,N,True
5,bot71__3,bot84__7,1697,N,True
5,reel67__8,bot84__7,1697,N,True
5,reel60__7,reel69__1,1697,N,True
5,reel1__4,reel69__1,1697,N,True
5,reel23__4,bot40__3,1697,N,True
5,bot2__2,bot40__3,1697,N,True
5,reel12__5,bot63__0,1697,N,True
5,bot77__9,bot63__0,1697,N,True
5,bot19__9,bot76__6,1697,N,True
5,reel61__9,reel54__5,1697,N,True
5,reel18__9,reel54__5,1697,N,True
5,reel0__0,reel64__3,1697,N,True
5,reel7__1,bot72__9,1697,N,True
5,reel58__7,bot72__9,1697,N,True
5,reel21__2,bot44__7,1697,N,True
5,bot33__9,bot44__7,1697,N,True
5,bot33__9,bot51__1,1697,N,True
5,bot63__1,bot1__1,1697,N,True
5,bot9__1,bot1__1,1697,N,True
5,reel9__6,reel45__8,1697,N,True
5,bot67__1,bot79__4,1697,N,True
5,bot23__5,bot84__0,1697,N,True
5,reel41__8,bot84__0,1697,N,True
5,bot6__1,bot15__1,1697,N,True
5,reel50__9,bot63__2,1697,N,True
5,reel34__9,bot56__4,1697,N,True
5,reel9__0,bot56__4,1697,N,True
5,reel62__8,reel65__8,1697,N,True
5,reel78__2,reel65__8,1697,N,True
5,reel49__2,bot65__1,1697,N,True
5,reel52__1,reel63__7,1697,N,True
5,bot59__4,reel58__4,1697,N,True
5,reel48__3,reel49__0,1697,N,True
5,reel48__3,reel74__4,1697,N,True
5,reel10__6,reel74__4,1697,N,True
5,reel18__9,bot52__9,1697,N,True
5,bot7__3,bot11__3,1697,N,True
5,bot7__3,bot83__5,1697,N,True
5,bot28__3,bot20__1,1697,N,True
5,bot18__8,bot20__1,1697,N,True
5,reel27__4,reel45__5,1697,N,True
5,reel21__1,reel45__5,1697,N,True
5,reel36__9,reel79__2,1697,N,True
5,reel41__3,reel80__1,1697,N,True
5,reel32__2,reel72__8,1697,N,True
5,reel58__7,reel72__8,1697,N,True
5,reel32__2,bot78__3,1697,N,True
5,reel32__2,reel83__6,1697,N,True
5,reel9__0,reel83__6,1697,N,True
5,reel22__5,reel62__6,1697,N,True
5,reel22__5,bot74__0,1697,N,True
5,bot32__1,bot82__8,1697,N,True
5,reel15__0,bot75__5,1697,N,True
5,reel20__0,reel31__9,1697,N,True
5,bot27__1,bot37__5,1697,N,True
5,reel57__0,bot66__5,1697,N,True
5,bot9__3,bot48__1,1697,N,True
5,reel47__5,bot59__8,1697,N,True
5,reel17__7,bot59__8,1697,N,True
5,reel29__0,bot35__5,1697,N,True
5,reel17__7,reel63__4,1697,N,True
5,bot27__9,bot28__9,1697,N,True
5,reel1__4,bot9__2,1697,N,True
5,reel24__9,reel47__9,1698,N,True
5,reel22__8,reel47__9,1698,N,True
5,reel61__2,reel47__9,1698,N,True
5,reel32__8,reel47__9,1698,N,True
5,reel10__7,reel42__0,1698,N,True
5,reel17__6,reel42__0,1698,N,True
5,reel17__6,reel42__9,1698,N,True
5,reel44__7,reel42__9,1698,N,True
5,reel23__3,reel42__9,1698,N,True
5,reel17__6,bot51__5,1698,N,True
5,bot35__6,bot51__5,1698,N,True
5,bot5__3,bot51__5,1698,N,True
5,reel20__9,bot69__1,1698,N,True
5,reel17__6,bot69__1,1698,N,True
5,reel11__7,bot50__7,1698,N,True
5,bot57__4,bot50__7,1698,N,True
5,bot15__2,bot50__7,1698,N,True
5,reel29__9,reel61__4,1698,N,True
5,reel28__2,reel61__4,1698,N,True
5,reel5__6,reel61__4,1698,N,True
5,reel25__4,reel68__1,1698,N,True
5,reel29__9,reel68__1,1698,N,True
5,reel11__3,reel68__1,1698,N,True
5,reel67__2,reel32__3,1698,N,True
5,reel27__3,reel32__3,1698,N,True
5,bot33__7,reel32__3,1698,N,True
5,reel67__2,reel61__3,1698,N,True
5,reel3__7,reel61__3,1698,N,True
5,reel10__7,bot24__3,1698,N,True
5,bot32__1,bot24__3,1698,N,True
5,reel12__1,bot24__3,1698,N,True
5,reel2__8,bot24__3,1698,N,True
5,reel31__0,bot63__5,1698,N,True
5,reel2__8,bot63__5,1698,N,True
5,reel16__3,bot50__2,1698,N,True
5,bot1__7,bot50__2,1698,N,True
5,reel20__7,reel33__2,1698,N,True
5,reel35__8,reel33__2,1698,N,True
5,reel25__4,reel44__4,1698,N,True
5,bot45__9,reel44__4,1698,N,True
5,reel37__0,reel44__4,1698,N,True
5,reel60__7,reel73__3,1698,N,True
5,reel37__0,reel73__3,1698,N,True
5,reel22__0,bot46__3,1698,N,True
5,reel23__5,bot46__3,1698,N,True
5,reel14__1,reel67__0,1698,N,True
5,reel23__5,reel67__0,1698,N,True
5,reel17__2,bot46__9,1698,N,True
5,bot29__5,bot46__9,1698,N,True
5,reel42__8,reel65__8,1698,N,True
5,reel35__9,reel65__8,1698,N,True
5,reel78__2,reel65__8,1698,N,True
5,reel5__0,bot35__3,1698,N,True
5,bot10__0,bot35__3,1698,N,True
5,reel52__6,reel59__3,1698,N,True
5,reel4__7,reel59__3,1698,N,True
5,bot53__4,bot69__8,1698,N,True
5,reel46__4,bot69__8,1698,N,True
5,bot12__7,bot69__8,1698,N,True
5,bot16__4,bot59__0,1698,N,True
5,reel17__0,bot59__0,1698,N,True
5,bot11__2,bot84__8,1698,N,True
5,reel69__5,bot84__8,1698,N,True
5,bot52__4,bot45__4,1698,N,True
5,reel24__0,bot45__4,1698,N,True
5,reel32__8,bot45__4,1698,N,True
5,bot13__8,bot17__2,1698,N,True
5,reel14__5,bot37__7,1698,N,True
5,bot38__7,bot37__7,1698,N,True
5,bot67__6,reel51__8,1698,N,True
5,reel72__2,reel51__8,1698,N,True
5,reel11__0,reel51__8,1698,N,True
5,bot82__3,reel51__8,1698,N,True
5,reel30__0,reel51__8,1698,N,True
5,reel63__1,bot77__6,1698,N,True
5,reel72__2,bot77__6,1698,N,True
5,bot78__7,bot77__6,1698,N,True
5,bot73__1,bot52__1,1698,N,True
5,reel47__0,bot52__1,1698,N,True
5,reel7__8,bot52__1,1698,N,True
5,reel46__9,bot52__1,1698,N,True
5,reel54__2,reel79__3,1698,N,True
5,reel81__6,reel79__3,1698,N,True
5,reel56__7,reel79__3,1698,N,True
5,reel62__0,reel79__3,1698,N,True
5,reel14__6,bot51__1,1698,N,True
5,bot35__1,bot51__1,1698,N,True
5,bot22__1,bot38__5,1698,N,True
5,bot66__5,bot38__5,1698,N,True
5,bot22__1,bot79__9,1698,N,True
5,reel2__5,bot21__4,1698,N,True
5,bot60__9,bot79__6,1698,N,True
5,bot33__7,bot79__6,1698,N,True
5,reel67__1,reel81__4,1698,N,True
5,reel18__1,reel81__4,1698,N,True
5,reel3__7,reel37__2,1698,N,True
5,bot47__5,reel37__2,1698,N,True
5,reel20__6,reel37__2,1698,N,True
5,reel61__7,reel37__2,1698,N,True
5,bot57__8,reel37__2,1698,N,True
5,reel7__8,bot54__5,1698,N,True
5,reel43__7,bot54__5,1698,N,True
5,bot47__5,bot54__5,1698,N,True
5,reel22__7,reel40__7,1698,N,True
5,bot45__3,reel40__7,1698,N,True
5,reel10__4,reel40__7,1698,N,True
5,reel22__7,reel44__8,1698,N,True
5,reel37__3,reel44__8,1698,N,True
5,reel22__7,reel45__4,1698,N,True
5,bot82__5,reel45__4,1698,N,True
5,reel22__7,reel65__1,1698,N,True
5,reel22__7,reel65__5,1698,N,True
5,reel37__8,reel65__5,1698,N,True
5,reel20__1,reel78__4,1698,N,True
5,reel16__1,reel78__4,1698,N,True
5,reel16__8,reel78__4,1698,N,True
5,reel32__2,reel83__6,1698,N,True
5,reel16__1,reel83__6,1698,N,True
5,reel9__0,reel83__6,1698,N,True
5,reel9__6,bot38__8,1698,N,True
5,bot47__6,bot38__8,1698,N,True
5,bot12__2,bot38__8,1698,N,True
5,bot7__6,bot84__1,1698,N,True
5,bot53__9,bot84__1,1698,N,True
5,reel23__3,bot84__1,1698,N,True
5,bot30__1,bot51__2,1698,N,True
5,bot63__7,bot51__2,1698,N,True
5,reel18__6,reel41__4,1698,N,True
5,reel37__3,reel41__4,1698,N,True
5,reel10__2,reel41__4,1698,N,True
5,bot73__2,reel41__4,1698,N,True
5,bot53__8,reel41__4,1698,N,True
5,bot41__6,reel23__1,1698,N,True
5,reel42__7,reel23__1,1698,N,True
5,reel14__0,reel23__1,1698,N,True
5,bot32__3,bot35__0,1698,N,True
5,reel11__0,bot35__0,1698,N,True
5,reel14__0,bot35__0,1698,N,True
5,reel20__2,reel36__4,1698,N,True
5,reel14__0,reel36__4,1698,N,True
5,reel9__3,bot32__5,1698,N,True
5,bot44__4,bot32__5,1698,N,True
5,reel5__9,bot32__5,1698,N,True
5,bot62__2,bot32__5,1698,N,True
5,reel9__3,reel50__6,1698,N,True
5,bot68__7,reel50__6,1698,N,True
5,reel26__9,reel50__6,1698,N,True
5,reel75__2,reel50__6,1698,N,True
5,reel27__7,bot50__8,1698,N,True
5,bot19__7,bot50__8,1698,N,True
5,reel11__5,bot31__6,1698,N,True
5,bot58__8,bot31__6,1698,N,True
5,reel11__5,bot36__6,1698,N,True
5,reel27__9,bot36__6,1698,N,True
5,bot46__2,bot49__2,1698,N,True
5,bot10__4,bot49__2,1698,N,True
5,bot46__2,bot52__2,1698,N,True
5,bot29__5,bot52__2,1698,N,True
5,reel38__8,reel40__5,1698,N,True
5,reel37__7,reel40__5,1698,N,True
5,reel38__8,reel55__0,1698,N,True
5,reel72__0,reel55__0,1698,N,True
5,bot5__3,bot66__1,1698,N,True
5,reel50__1,bot66__1,1698,N,True
5,reel47__7,reel73__7,1698,N,True
5,bot13__9,bot16__1,1698,N,True
5,reel6__2,bot16__1,1698,N,True
5,bot33__0,bot16__1,1698,N,True
5,bot33__2,bot16__1,1698,N,True
5,reel35__5,bot67__0,1698,N,True
5,reel4__5,bot67__0,1698,N,True
5,reel35__5,reel73__2,1698,N,True
5,reel52__5,reel73__2,1698,N,True
5,reel82__7,reel73__2,1698,N,True
5,reel12__6,reel44__3,1698,N,True
5,reel31__3,reel44__3,1698,N,True
5,reel67__5,reel50__4,1698,N,True
5,reel12__6,reel50__4,1698,N,True
5,reel7__6,reel46__0,1698,N,True
5,reel30__0,reel46__0,1698,N,True
5,reel5__3,reel46__0,1698,N,True
5,reel7__6,bot54__3,1698,N,True
5,bot21__5,bot54__3,1698,N,True
5,reel3__7,bot54__3,1698,N,True
5,reel7__6,reel57__7,1698,N,True
5,reel1__8,reel57__7,1698,N,True
5,bot21__8,bot72__4,1698,N,True
5,reel25__7,bot72__4,1698,N,True
5,reel55__3,bot72__4,1698,N,True
5,bot49__9,bot52__0,1698,N,True
5,reel5__2,bot25__4,1698,N,True
5,reel11__7,bot25__4,1698,N,True
5,reel5__2,reel64__4,1698,N,True
5,reel42__3,reel45__1,1698,N,True
5,reel63__2,reel45__1,1698,N,True
5,reel80__9,reel45__1,1698,N,True
5,reel6__4,reel45__1,1698,N,True
5,reel42__3,bot60__6,1698,N,True
5,bot10__1,bot60__6,1698,N,True
5,bot66__7,bot60__6,1698,N,True
5,reel36__8,reel33__7,1698,N,True
5,reel15__9,reel33__7,1698,N,True
5,reel1__2,reel33__7,1698,N,True
5,reel15__9,bot68__1,1698,N,True
5,bot29__9,bot68__1,1698,N,True
5,bot69__6,bot68__1,1698,N,True
5,reel80__2,reel77__3,1698,N,True
5,reel30__9,reel77__3,1698,N,True
5,reel59__6,reel77__3,1698,N,True
5,bot72__0,reel13__3,1698,N,True
5,reel32__9,reel13__3,1698,N,True
5,bot16__5,reel13__3,1698,N,True
5,reel2__3,reel13__3,1698,N,True
5,reel31__7,reel13__3,1698,N,True
5,reel0__1,bot37__6,1698,N,True
5,bot84__3,bot37__6,1698,N,True
5,bot29__4,bot68__3,1698,N,True
5,bot82__9,bot68__3,1698,N,True
5,reel21__9,reel26__1,1698,N,True
5,reel21__7,reel26__1,1698,N,True
5,bot54__2,reel26__1,1698,N,True
5,reel5__3,bot26__7,1698,N,True
5,bot8__1,bot26__7,1698,N,True
5,bot31__9,bot26__7,1698,N,True
5,bot15__1,bot26__7,1698,N,True
5,reel70__0,bot71__8,1698,N,True
5,reel40__3,bot71__8,1698,N,True
5,reel26__2,reel19__6,1698,N,True
5,reel1__1,reel19__6,1698,N,True
5,reel17__3,reel19__6,1698,N,True
5,reel37__9,reel19__6,1698,N,True
5,reel27__3,bot34__6,1698,N,True
5,reel17__3,bot34__6,1698,N,True
5,reel4__1,reel41__9,1698,N,True
5,bot11__8,bot20__7,1698,N,True
5,bot74__7,bot36__9,1698,N,True
5,bot11__8,bot36__9,1698,N,True
5,bot20__0,bot46__0,1698,N,True
5,reel40__8,bot46__0,1698,N,True
5,bot11__8,bot46__0,1698,N,True
5,reel12__2,reel18__7,1698,N,True
5,reel33__8,reel18__7,1698,N,True
5,reel6__2,reel18__7,1698,N,True
5,reel60__7,reel18__7,1698,N,True
5,bot84__6,reel18__7,1698,N,True
5,reel79__4,reel18__7,1698,N,True
5,bot67__5,bot70__7,1698,N,True
5,bot28__2,bot70__7,1698,N,True
5,bot12__7,bot30__2,1698,N,True
5,reel0__4,reel14__9,1698,N,True
5,bot63__2,reel14__9,1698,N,True
5,reel14__1,bot42__7,1698,N,True
5,reel14__1,reel42__6,1698,N,True
5,reel9__6,reel45__8,1698,N,True
5,reel8__0,reel45__8,1698,N,True
5,reel39__0,reel45__8,1698,N,True
5,reel39__0,reel46__5,1698,N,True
5,reel38__0,reel59__5,1698,N,True
5,reel39__0,reel59__5,1698,N,True
5,reel39__0,bot80__9,1698,N,True
5,reel61__9,reel54__5,1698,N,True
5,reel22__9,reel54__5,1698,N,True
5,reel18__9,reel54__5,1698,N,True
5,reel22__9,reel56__8,1698,N,True
5,reel82__9,reel56__8,1698,N,True
5,bot53__3,bot64__6,1698,N,True
5,reel22__9,bot64__6,1698,N,True
5,reel56__3,bot69__7,1698,N,True
5,reel33__0,bot69__7,1698,N,True
5,reel42__1,bot56__9,1698,N,True
5,reel24__1,bot56__9,1698,N,True
5,bot19__4,bot56__9,1698,N,True
5,bot11__0,bot17__6,1698,N,True
5,bot39__7,bot17__6,1698,N,True
5,bot14__9,bot17__6,1698,N,True
5,bot39__7,bot81__5,1698,N,True
5,reel68__8,bot81__5,1698,N,True
5,bot12__0,bot81__5,1698,N,True
5,bot25__5,bot80__3,1698,N,True
5,reel40__4,bot80__3,1698,N,True
5,bot4__1,bot69__4,1698,N,True
5,reel82__3,reel72__7,1698,N,True
5,reel58__6,reel72__7,1698,N,True
5,reel73__6,reel72__7,1698,N,True
5,bot69__6,bot80__1,1698,N,True
5,bot74__1,bot58__4,1698,N,True
5,bot2__1,bot58__4,1698,N,True
5,bot11__3,bot58__4,1698,N,True
5,bot7__2,bot10__8,1698,N,True
5,reel2__4,bot10__8,1698,N,True
5,reel77__6,reel54__0,1698,N,True
5,reel2__4,reel54__0,1698,N,True
5,reel20__0,reel59__7,1698,N,True
5,reel67__6,reel59__7,1698,N,True
5,reel2__4,reel59__7,1698,N,True
5,reel16__7,reel59__7,1698,N,True
5,bot32__4,bot62__1,1698,N,True
5,reel52__7,bot62__1,1698,N,True
5,reel38__6,bot62__1,1698,N,True
5,reel27__6,reel28__6,1698,N,True
5,bot30__1,reel28__6,1698,N,True
5,reel16__8,reel28__6,1698,N,True
5,reel27__6,bot76__6,1698,N,True
5,bot74__0,bot76__6,1698,N,True
5,bot19__9,bot76__6,1698,N,True
5,reel10__5,reel68__0,1698,N,True
5,reel70__7,reel68__0,1698,N,True
5,reel62__1,reel68__0,1698,N,True
5,bot5__1,bot62__9,1698,N,True
5,bot3__7,bot20__2,1698,N,True
5,bot29__5,bot20__2,1698,N,True
5,reel7__7,bot20__2,1698,N,True
5,bot17__5,bot40__8,1698,N,True
5,bot10__5,bot40__8,1698,N,True
5,reel16__3,bot21__0,1698,N,True
5,reel32__2,bot78__3,1698,N,True
5,reel16__3,bot78__3,1698,N,True
5,bot29__1,bot78__3,1698,N,True
5,bot22__5,bot72__8,1698,N,True
5,reel11__7,bot30__5,1698,N,True
5,reel3__7,bot30__5,1698,N,True
5,reel25__3,reel34__2,1698,N,True
5,reel3__7,reel34__2,1698,N,True
5,reel0__4,reel32__5,1698,N,True
5,reel53__4,reel32__5,1698,N,True
5,reel83__7,reel32__5,1698,N,True
5,bot67__6,bot83__1,1698,N,True
5,bot45__3,bot36__4,1698,N,True
5,bot59__5,bot36__4,1698,N,True
5,bot4__6,bot36__4,1698,N,True
5,bot45__3,bot62__6,1698,N,True
5,bot45__3,bot65__5,1698,N,True
5,bot6__8,bot65__5,1698,N,True
5,bot10__6,bot65__5,1698,N,True
5,bot20__1,bot18__8,1698,N,True
5,bot9__0,bot18__8,1698,N,True
5,bot8__3,bot18__8,1698,N,True
5,bot9__0,bot70__8,1698,N,True
5,bot46__7,bot70__8,1698,N,True
5,bot10__7,bot45__8,1698,N,True
5,bot65__4,bot55__9,1698,N,True
5,bot47__8,bot55__9,1698,N,True
5,bot10__7,bot55__9,1698,N,True
5,reel24__4,reel60__8,1698,N,True
5,reel39__1,reel60__8,1698,N,True
5,reel63__1,reel69__4,1698,N,True
5,reel25__3,reel69__4,1698,N,True
5,reel63__1,reel73__5,1698,N,True
5,reel25__4,reel73__5,1698,N,True
5,reel33__8,reel41__6,1698,N,True
5,reel19__4,reel41__6,1698,N,True
5,reel24__5,bot39__9,1698,N,True
5,bot35__9,bot39__9,1698,N,True
5,bot35__8,bot39__9,1698,N,True
5,reel72__6,reel62__2,1698,N,True
5,reel9__2,reel62__2,1698,N,True
5,bot57__5,bot46__8,1698,N,True
5,bot35__6,bot46__8,1698,N,True
5,reel21__4,bot46__8,1698,N,True
5,reel4__9,reel56__6,1698,N,True
5,reel49__2,reel56__6,1698,N,True
5,bot58__3,bot83__6,1698,N,True
5,reel47__8,reel58__8,1698,N,True
5,reel12__2,reel58__8,1698,N,True
5,reel0__8,reel58__8,1698,N,True
5,reel78__5,reel81__9,1698,N,True
5,reel6__1,reel16__6,1698,N,True
5,reel48__7,reel16__6,1698,N,True
5,reel48__7,reel62__5,1698,N,True
5,reel8__4,reel81__5,1698,N,True
5,reel6__2,reel81__5,1698,N,True
5,bot76__3,reel18__0,1698,N,True
5,reel16__4,reel18__0,1698,N,True
5,reel5__1,reel18__0,1698,N,True
5,reel33__1,reel18__0,1698,N,True
5,bot15__5,bot38__3,1698,N,True
5,reel26__8,bot38__3,1698,N,True
5,bot31__7,bot38__3,1698,N,True
5,reel20__6,bot62__0,1698,N,True
5,bot74__6,bot62__0,1698,N,True
5,reel9__5,bot43__9,1698,N,True
5,reel9__5,reel64__7,1698,N,True
5,reel26__2,reel32__4,1698,N,True
5,reel30__9,reel32__4,1698,N,True
5,reel39__8,reel49__4,1698,N,True
5,reel63__3,reel51__0,1698,N,True
5,reel11__0,reel51__0,1698,N,True
5,reel39__8,reel51__0,1698,N,True
5,reel59__4,bot70__9,1698,N,True
5,reel10__2,bot70__9,1698,N,True
5,bot57__3,bot70__9,1698,N,True
5,reel22__2,bot76__9,1698,N,True
5,reel24__1,bot76__9,1698,N,True
5,reel13__5,reel15__0,1698,N,True
5,bot17__0,reel15__0,1698,N,True
5,bot70__1,reel15__0,1698,N,True
5,bot19__2,reel15__0,1698,N,True
5,reel10__7,bot27__6,1698,N,True
5,reel76__3,reel82__0,1698,N,True
5,reel13__1,reel82__0,1698,N,True
5,reel37__9,reel82__0,1698,N,True
5,reel28__5,bot30__8,1698,N,True
5,bot6__8,bot58__9,1698,N,True
5,reel4__5,bot58__9,1698,N,True
5,reel30__2,reel82__6,1698,N,True
5,reel4__2,reel82__6,1698,N,True
5,reel11__6,bot42__3,1698,N,True
5,bot33__4,bot42__3,1698,N,True
5,bot15__6,bot79__5,1698,N,True
5,reel20__7,bot32__0,1698,N,True
5,reel10__3,bot32__0,1698,N,True
5,bot9__5,bot32__0,1698,N,True
5,reel20__9,bot47__7,1698,N,True
5,reel10__3,bot47__7,1698,N,True
5,bot5__8,bot56__5,1698,N,True
5,reel25__1,bot56__5,1698,N,True
5,reel29__7,reel52__4,1698,N,True
5,bot18__1,bot24__9,1698,N,True
5,bot53__0,bot45__6,1698,N,True
5,bot2__0,bot45__6,1698,N,True
5,bot1__2,bot45__6,1698,N,True
5,bot29__4,bot75__0,1698,N,True
5,bot41__2,bot28__7,1698,N,True
5,bot9__2,bot28__7,1698,N,True
5,bot38__0,bot28__7,1698,N,True
5,reel55__4,bot61__0,1698,N,True
5,reel48__8,bot61__0,1698,N,True
5,bot42__1,bot61__0,1698,N,True
5,bot70__1,bot75__4,1698,N,True
5,reel40__2,reel70__3,1698,N,True
5,reel20__0,reel70__3,1698,N,True
5,reel82__3,reel75__0,1698,N,True
5,reel7__8,reel75__0,1698,N,True
5,reel61__2,bot67__8,1698,N,True
5,bot3__2,bot67__8,1698,N,True
5,reel10__1,bot67__8,1698,N,True
5,bot82__2,bot83__3,1698,N,True
5,reel45__6,reel79__9,1698,N,True
5,reel20__2,reel79__9,1698,N,True
5,reel49__7,reel28__4,1698,N,True
5,bot48__3,reel28__4,1698,N,True
5,reel25__1,reel28__4,1698,N,True
5,reel22__0,reel36__0,1698,N,True
5,reel48__0,reel37__1,1698,N,True
5,reel48__0,reel64__6,1698,N,True
5,reel5__5,reel83__8,1698,N,True
5,reel51__1,reel83__8,1698,N,True
5,reel0__2,bot78__9,1698,N,True
5,reel37__9,bot78__9,1698,N,True
5,reel11__4,bot28__1,1698,N,True
5,reel16__7,bot28__1,1698,N,True
5,reel11__4,reel80__1,1698,N,True
5,reel41__3,reel80__1,1698,N,True
5,bot24__0,bot15__7,1698,N,True
5,bot9__5,bot15__7,1698,N,True
5,reel14__7,bot15__7,1698,N,True
5,bot32__4,bot15__7,1698,N,True
5,bot24__5,bot15__7,1698,N,True
5,reel25__0,bot28__5,1698,N,True
5,reel9__1,bot28__5,1698,N,True
5,bot30__0,bot65__7,1698,N,True
5,bot37__2,bot65__7,1698,N,True
5,reel19__4,bot65__7,1698,N,True
5,reel20__2,reel43__2,1698,N,True
5,reel16__7,reel43__2,1698,N,True
5,bot32__3,bot7__4,1698,N,True
5,reel0__8,bot7__4,1698,N,True
5,reel50__9,bot61__1,1698,N,True
5,reel58__0,bot61__1,1698,N,True
5,reel24__5,bot67__3,1698,N,True
5,reel58__0,bot67__3,1698,N,True
5,reel63__5,bot64__0,1698,N,True
5,reel10__4,reel54__7,1698,N,True
5,reel8__8,reel54__7,1698,N,True
5,reel44__6,bot49__8,1698,N,True
5,reel17__0,reel74__8,1698,N,True
5,bot55__8,bot72__5,1698,N,True
5,reel10__8,bot72__5,1698,N,True
5,bot10__6,bot79__8,1698,N,True
5,reel30__0,bot76__1,1698,N,True
5,reel26__2,reel80__5,1698,N,True
5,reel82__9,reel80__5,1698,N,True
5,reel20__0,reel80__5,1698,N,True
5,reel9__6,reel38__1,1698,N,True
5,reel34__8,reel38__1,1698,N,True
5,bot12__8,bot57__2,1698,N,True
5,bot34__9,bot57__2,1698,N,True
5,reel26__2,bot65__6,1698,N,True
5,bot12__8,bot65__6,1698,N,True
5,reel12__4,bot31__1,1698,N,True
5,bot27__7,bot31__1,1698,N,True
5,reel27__0,bot47__4,1698,N,True
5,bot36__5,bot58__7,1698,N,True
5,bot37__9,bot58__7,1698,N,True
5,bot51__0,bot58__7,1698,N,True
5,reel68__3,reel33__5,1698,N,True
5,reel6__1,reel33__5,1698,N,True
5,reel14__7,reel33__5,1698,N,True
5,reel32__0,bot41__3,1698,N,True
5,bot9__6,bot54__4,1698,N,True
5,reel44__9,bot61__5,1698,N,True
5,bot35__5,bot66__4,1698,N,True
5,reel4__6,bot31__4,1698,N,True
5,bot53__8,bot31__4,1698,N,True
5,reel20__1,bot50__3,1698,N,True
5,bot11__2,bot50__3,1698,N,True
5,reel23__3,reel37__6,1698,N,True
5,reel21__0,reel76__2,1698,N,True
5,reel51__9,reel76__2,1698,N,True
5,reel5__9,bot23__2,1698,N,True
5,reel19__4,bot23__2,1698,N,True
5,reel20__0,bot23__2,1698,N,True
5,reel19__4,reel75__4,1698,N,True
5,bot46__7,bot50__6,1698,N,True
5,bot48__3,bot52__3,1698,N,True
5,reel4__5,bot52__3,1698,N,True
5,reel49__2,bot52__3,1698,N,True
5,bot37__0,bot4__3,1698,N,True
5,reel8__4,reel18__8,1698,N,True
5,reel24__3,bot28__6,1698,N,True
5,bot6__1,bot28__6,1698,N,True
5,reel24__3,reel59__1,1698,N,True
5,reel23__4,reel59__1,1698,N,True
5,reel60__7,reel71__7,1698,N,True
5,reel10__2,bot63__3,1698,N,True
5,reel16__8,bot63__3,1698,N,True
5,reel18__6,reel36__9,1698,N,True
5,reel22__2,reel34__5,1698,N,True
5,bot81__8,reel34__5,1698,N,True
5,reel23__4,reel34__5,1698,N,True
5,reel61__9,bot68__9,1698,N,True
5,bot33__4,bot68__9,1698,N,True
5,bot32__1,bot82__8,1698,N,True
5,reel53__3,bot82__8,1698,N,True
5,reel21__0,reel77__1,1698,N,True
5,reel58__7,bot72__9,1698,N,True
5,bot48__5,bot72__9,1698,N,True
5,reel4__2,bot81__3,1698,N,True
5,reel11__8,reel13__9,1698,N,True
5,reel4__5,reel13__9,1698,N,True
5,reel9__2,reel13__9,1698,N,True
5,reel9__6,bot57__6,1698,N,True
5,reel0__2,reel68__5,1698,N,True
5,bot23__5,bot84__0,1698,N,True
5,reel41__8,bot84__0,1698,N,True
5,bot32__7,bot37__5,1698,N,True
5,bot27__1,bot37__5,1698,N,True
5,reel49__1,bot64__8,1698,N,True
5,bot53__2,bot64__8,1698,N,True
5,reel12__4,bot46__6,1698,N,True
5,reel20__1,bot57__1,1698,N,True
5,reel24__0,bot57__1,1698,N,True
5,bot31__9,bot51__4,1698,N,True
5,bot17__9,bot71__9,1698,N,True
5,reel25__3,bot71__9,1698,N,True
5,bot31__9,bot71__9,1698,N,True
5,bot47__8,reel39__4,1698,N,True
5,reel1__8,reel56__1,1698,N,True
5,reel53__9,bot62__3,1698,N,True
5,bot4__6,bot62__3,1698,N,True
5,reel3__9,reel55__9,1698,N,True
5,reel26__9,reel66__5,1698,N,True
5,bot26__8,bot49__7,1698,N,True
5,reel22__2,bot49__7,1698,N,True
5,reel16__4,bot49__7,1698,N,True
5,bot26__8,bot82__1,1698,N,True
5,reel22__2,bot43__5,1698,N,True
5,reel30__7,bot43__5,1698,N,True
5,reel49__2,bot65__1,1698,N,True
5,reel48__3,reel74__4,1698,N,True
5,bot4__8,bot60__7,1698,N,True
5,bot61__2,bot58__2,1698,N,True
5,reel27__4,reel45__5,1698,N,True
5,reel11__9,reel47__2,1698,N,True
5,bot51__0,bot74__8,1698,N,True
5,reel16__4,reel65__7,1698,N,True
5,reel9__2,bot75__7,1698,N,True
5,reel32__2,reel72__8,1698,N,True
5,reel58__7,reel72__8,1698,N,True
5,reel58__7,bot78__2,1698,N,True
5,reel25__3,bot78__2,1698,N,True
5,reel58__7,reel79__1,1698,N,True
5,reel35__4,reel79__1,1698,N,True
5,reel14__6,bot58__5,1698,N,True
5,reel38__6,bot58__5,1698,N,True
5,reel12__5,bot60__3,1698,N,True
5,bot32__1,bot60__3,1698,N,True
5,reel20__0,reel71__5,1698,N,True
5,bot71__3,bot84__7,1698,N,True
5,bot32__2,bot84__7,1698,N,True
5,bot6__5,bot49__5,1698,N,True
5,reel54__8,bot77__9,1698,N,True
5,reel32__6,bot62__5,1698,N,True
5,reel14__7,bot72__7,1698,N,True
5,reel32__1,reel41__1,1698,N,True
5,bot27__9,bot28__9,1698,N,True
5,bot38__4,bot28__9,1698,N,True
5,bot73__0,reel12__9,1699,N,True
5,bot20__2,reel12__9,1699,N,True
5,bot25__8,reel12__9,1699,N,True
5,reel45__1,reel80__9,1699,N,True
5,reel36__1,reel80__9,1699,N,True
5,bot66__2,bot50__8,1699,N,True
5,bot19__7,bot50__8,1699,N,True
5,bot50__7,bot15__2,1699,N,True
5,bot80__6,bot15__2,1699,N,True
5,bot38__3,bot69__7,1699,N,True
5,reel56__3,bot69__7,1699,N,True
5,reel17__5,bot41__5,1699,N,True
5,bot21__5,bot41__5,1699,N,True
5,bot68__1,bot41__5,1699,N,True
5,bot34__0,bot63__4,1699,N,True
5,reel13__5,bot22__3,1699,N,True
5,bot75__4,bot22__3,1699,N,True
5,bot17__8,bot22__3,1699,N,True
5,bot28__8,bot51__7,1699,N,True
5,reel66__4,reel29__7,1699,N,True
5,bot64__6,bot75__9,1699,N,True
5,bot33__6,bot75__9,1699,N,True
5,reel43__8,reel64__6,1699,N,True
5,reel60__1,reel64__6,1699,N,True
5,reel48__0,reel64__6,1699,N,True
5,bot45__4,bot52__4,1699,N,True
5,bot82__2,bot83__3,1699,N,True
5,reel5__5,bot15__6,1699,N,True
5,bot48__5,reel35__6,1699,N,True
5,reel36__0,reel35__6,1699,N,True
5,reel36__5,reel74__3,1699,N,True
5,reel52__2,reel79__5,1699,N,True
5,reel60__1,reel63__8,1699,N,True
5,bot52__2,bot77__8,1699,N,True
5,reel19__6,bot77__8,1699,N,True
5,reel56__3,reel65__4,1699,N,True
5,bot33__6,bot64__5,1699,N,True
5,bot31__9,bot51__4,1699,N,True
5,reel73__3,reel65__3,1699,N,True
5,reel26__0,reel68__5,1699,N,True
5,bot65__7,bot37__2,1699,N,True
5,bot43__5,bot79__9,1699,N,True
5,reel65__8,reel78__2,1699,N,True
5,reel16__8,reel38__9,1699,N,True
6,bot10__5,bot40__8,1680,N,False
6,bot47__8,reel39__4,1680,N,False
6,reel36__4,reel39__4,1680,N,False
6,reel50__6,reel64__9,1680,N,False
6,reel50__6,reel75__2,1680,N,False
6,bot76__8,bot19__6,1680,N,False
6,bot41__2,bot71__7,1680,N,False
6,bot81__4,bot71__7,1680,N,False
6,reel55__0,bot76__1,1680,N,False
6,bot9__8,bot76__1,1680,N,False
6,reel66__2,reel28__9,1680,N,False
6,bot16__4,bot59__0,1680,N,False
6,reel17__0,bot59__0,1680,N,False
6,reel17__0,reel74__8,1680,N,False
6,bot70__7,bot67__5,1680,N,False
6,reel37__0,reel49__8,1680,N,False
6,reel20__9,reel4__7,1680,N,False
6,reel59__3,reel4__7,1680,N,False
6,bot73__7,bot61__0,1680,N,False
6,bot56__9,bot19__4,1680,N,False
6,bot11__3,bot19__4,1680,N,False
6,bot33__4,bot19__4,1680,N,False
6,reel8__0,bot11__0,1680,N,False
6,bot26__4,bot23__0,1680,N,False
6,reel48__7,reel62__5,1680,N,False
6,reel33__1,reel70__5,1680,N,False
6,bot24__9,bot62__0,1680,N,False
6,bot16__4,reel5__4,1680,N,False
6,reel48__3,bot64__2,1680,N,False
6,bot8__9,bot27__4,1680,N,False
6,bot16__1,bot33__0,1680,N,False
6,reel6__8,reel55__4,1680,N,False
6,reel51__0,reel11__0,1680,N,False
6,bot35__0,reel11__0,1680,N,False
6,reel51__0,reel42__9,1680,N,False
6,reel51__0,reel39__8,1680,N,False
6,reel14__2,reel49__6,1680,N,False
6,bot76__0,bot21__7,1680,N,False
6,bot44__7,bot70__2,1680,N,False
6,reel54__1,bot83__2,1680,N,False
6,reel44__3,reel31__3,1680,N,False
6,reel44__3,reel69__7,1680,N,False
6,reel45__1,bot54__4,1680,N,False
6,bot50__7,bot12__3,1680,N,False
6,reel54__0,reel77__6,1680,N,False
6,bot39__1,bot66__4,1680,N,False
6,reel43__8,reel64__6,1680,N,False
6,reel48__0,reel64__6,1680,N,False
6,reel54__5,reel65__1,1680,N,False
6,reel67__9,reel71__9,1680,N,False
6,bot48__5,bot39__2,1680,N,False
6,reel7__1,bot72__9,1680,N,False
6,bot48__5,bot72__9,1680,N,False
6,reel7__1,bot17__8,1680,N,False
6,reel39__9,bot46__1,1680,N,False
6,bot28__9,bot72__7,1680,N,False
6,reel14__7,bot72__7,1680,N,False
6,bot12__5,bot69__0,1680,N,False
6,bot42__8,bot58__2,1680,N,False
6,bot15__4,bot79__4,1680,N,False
6,reel7__8,bot52__1,1680,N,False
6,reel70__0,bot71__8,1680,N,False
6,bot11__8,bot36__9,1680,N,False
6,reel33__2,bot82__1,1680,N,False
6,bot70__8,bot60__2,1680,N,False
6,bot46__0,bot60__2,1680,N,False
6,bot37__6,bot84__3,1680,N,False
6,bot46__0,bot20__0,1680,N,False
6,reel17__7,bot28__5,1680,N,False
6,reel17__7,bot59__8,1680,N,False
6,reel17__7,bot68__2,1680,N,False
6,reel63__6,bot65__1,1680,N,False
6,reel63__6,reel65__6,1680,N,False
6,reel63__6,reel75__6,1680,N,False
6,reel69__4,reel63__1,1680,N,False
6,reel56__2,reel64__3,1680,N,False
6,reel76__2,reel51__9,1682,N,False
6,reel48__4,reel51__9,1682,N,False
6,reel24__9,bot80__4,1682,N,False
6,bot24__4,bot29__7,1682,N,False
6,bot30__1,reel28__6,1682,N,False
6,reel16__8,reel28__6,1682,N,False
6,112,reel37__6,1682,N,False
6,reel23__3,reel37__6,1682,N,False
6,bot13__9,bot16__1,1682,N,False
6,reel66__7,reel64__1,1682,N,False
6,301,reel47__8,1682,N,False
6,bot28__7,bot31__4,1682,N,False
6,bot27__7,bot31__1,1682,N,False
6,245,reel25__6,1682,N,False
6,reel49__6,reel47__5,1682,N,False
6,181,bot0__1,1682,N,False
6,167,bot0__1,1682,N,False
6,167,bot15__3,1682,N,False
6,bot75__0,bot29__4,1682,N,False
6,167,bot29__4,1682,N,False
6,167,bot58__8,1682,N,False
6,reel49__2,bot65__1,1682,N,False
6,reel63__6,bot65__1,1682,N,False
6,312,144,1682,N,False
6,343,144,1682,N,False
6,151,144,1682,N,False
6,282,bot4__9,1682,N,False
6,bot78__0,reel77__7,1682,N,False
6,reel14__0,reel77__7,1682,N,False
6,282,reel77__7,1682,N,False
6,reel40__1,reel75__3,1682,N,False
6,bot35__6,bot45__1,1682,N,False
6,312,bot3__4,1682,N,False
6,343,bot15__2,1682,N,False
6,reel73__9,reel80__4,1682,N,False
6,reel68__6,reel43__4,1682,N,False
6,89,bot70__6,1682,N,False
6,reel51__0,reel63__3,1682,N,False
6,reel51__0,bot72__3,1682,N,False
6,reel53__4,reel75__2,1682,N,False
6,reel59__2,reel17__2,1682,N,False
6,reel59__2,reel80__6,1682,N,False
6,reel14__0,bot35__0,1682,N,False
6,reel50__8,reel72__0,1682,N,False
6,reel14__4,bot20__7,1682,N,False
6,bot25__4,reel11__7,1682,N,False
6,reel56__3,reel11__7,1682,N,False
6,111,reel11__7,1682,N,False
6,reel55__8,reel11__7,1682,N,False
6,reel56__3,reel65__4,1682,N,False
6,bot25__9,bot36__0,1682,N,False
6,reel50__5,reel81__7,1682,N,False
6,reel50__5,bot84__5,1682,N,False
6,reel12__6,bot21__7,1682,N,False
6,reel12__6,reel41__0,1682,N,False
6,reel12__6,reel47__3,1682,N,False
6,reel12__6,reel50__4,1682,N,False
6,195,reel60__5,1682,N,False
6,reel46__9,bot52__1,1682,N,False
6,bot55__2,bot70__3,1682,N,False
6,bot3__2,bot67__8,1682,N,False
6,reel68__0,reel62__1,1682,N,False
6,reel55__8,reel10__3,1682,N,False
6,bot26__3,bot42__5,1682,N,False
6,bot11__0,bot17__6,1682,N,False
6,111,bot14__3,1682,N,False
6,bot52__8,bot64__2,1682,N,False
6,reel35__2,reel38__9,1682,N,False
6,reel16__8,reel38__9,1682,N,False
6,reel16__8,reel78__4,1682,N,False
6,reel51__7,reel73__4,1682,N,False
6,bot8__6,bot35__8,1682,N,False
6,reel59__3,reel52__6,1682,N,False
6,reel35__1,bot47__9,1682,N,False
6,reel37__9,reel82__0,1682,N,False
6,reel63__6,reel67__9,1682,N,False
6,reel63__6,reel75__6,1682,N,False
6,bot2__7,bot44__9,1682,N,False
6,reel67__2,reel32__3,1684,N,False
6,bot33__7,reel32__3,1684,N,False
6,bot67__6,bot71__2,1684,N,False
6,275,bot71__2,1684,N,False
6,reel36__1,reel31__4,1684,N,False
6,reel79__3,reel56__7,1684,N,False
6,reel72__8,reel32__2,1684,N,False
6,bot57__7,reel35__4,1684,N,False
6,bot26__8,bot82__1,1684,N,False
6,bot43__6,bot59__2,1684,N,False
6,reel22__8,bot59__2,1684,N,False
6,bot43__6,bot82__3,1684,N,False
6,282,bot4__9,1684,N,False
6,bot19__5,bot34__0,1684,N,False
6,bot30__6,bot22__9,1684,N,False
6,reel40__1,bot64__5,1684,N,False
6,bot7__5,bot40__4,1684,N,False
6,bot7__5,bot51__0,1684,N,False
6,bot74__8,bot51__0,1684,N,False
6,bot28__8,bot51__7,1684,N,False
6,bot46__7,reel34__4,1684,N,False
6,bot46__7,bot50__6,1684,N,False
6,reel27__7,bot50__8,1684,N,False
6,reel27__7,reel57__6,1684,N,False
6,reel22__8,reel15__7,1684,N,False
6,140,reel15__7,1684,N,False
6,bot25__9,bot44__2,1684,N,False
6,173,bot65__2,1684,N,False
6,bot75__4,bot22__3,1684,N,False
6,bot17__8,bot22__3,1684,N,False
6,bot41__7,bot17__7,1684,N,False
6,bot4__2,bot27__7,1684,N,False
6,reel83__5,reel54__9,1684,N,False
6,reel83__5,reel57__5,1684,N,False
6,bot3__4,bot64__1,1684,N,False
6,bot48__5,bot72__9,1684,N,False
6,275,reel73__4,1684,N,False
6,bot42__8,bot59__6,1684,N,False
6,bot84__5,reel50__5,1684,N,False
6,bot9__3,bot48__1,1684,N,False
6,120,reel74__7,1684,N,False
6,bot48__9,reel29__2,1684,N,False
6,140,reel56__9,1684,N,False
6,140,bot62__4,1684,N,False
6,reel80__5,reel39__6,1684,N,False
6,bot47__2,bot14__8,1684,N,False
6,269,bot42__6,1684,N,False
6,reel35__2,bot42__6,1684,N,False
6,327,95,1684,N,False
6,327,bot16__9,1684,N,False
6,327,bot65__1,1684,N,False
6,327,reel83__3,1684,N,False
6,reel36__5,reel74__3,1684,N,False
6,reel35__2,bot38__5,1684,N,False
6,bot47__8,reel39__4,1685,N,False
6,reel36__4,reel39__4,1685,N,False
6,reel13__9,reel42__6,1685,N,False
6,reel36__4,reel42__6,1685,N,False
6,reel60__9,reel66__8,1685,N,False
6,bot45__3,bot57__0,1685,N,False
6,bot17__4,reel15__7,1685,N,False
6,reel63__1,reel69__4,1685,N,False
6,bot22__3,bot17__8,1685,N,False
6,bot61__6,bot17__8,1685,N,False
6,bot1__6,bot17__8,1685,N,False
6,bot30__3,bot10__7,1685,N,False
6,reel48__7,reel62__5,1685,N,False
6,reel32__0,bot55__0,1685,N,False
6,bot34__5,bot69__9,1685,N,False
6,bot9__4,reel3__8,1685,N,False
6,bot41__8,reel33__8,1685,N,False
6,reel14__5,reel33__8,1685,N,False
6,bot35__6,bot45__1,1685,N,False
6,bot74__5,bot45__1,1685,N,False
6,bot35__6,bot46__8,1685,N,False
6,bot11__2,bot50__1,1685,N,False
6,bot41__8,bot53__4,1685,N,False
6,bot41__8,bot82__4,1685,N,False
6,bot41__5,bot43__8,1685,N,False
6,reel51__9,reel76__2,1685,N,False
6,reel51__0,reel11__0,1685,N,False
6,bot35__0,reel11__0,1685,N,False
6,reel51__0,bot72__3,1685,N,False
6,reel27__7,bot50__8,1685,N,False
6,reel13__9,bot52__9,1685,N,False
6,reel15__4,bot58__0,1685,N,False
6,bot35__0,bot49__5,1685,N,False
6,bot34__3,bot56__6,1685,N,False
6,reel46__9,bot52__1,1685,N,False
6,reel46__9,bot66__8,1685,N,False
6,reel17__8,bot68__6,1685,N,False
6,bot26__5,bot2__6,1685,N,False
6,reel42__8,reel65__8,1685,N,False
6,reel34__9,bot36__8,1685,N,False
6,bot83__4,bot36__8,1685,N,False
6,bot48__5,bot72__9,1685,N,False
6,reel39__9,bot67__6,1685,N,False
6,reel35__4,bot57__7,1685,N,False
6,bot12__5,bot69__0,1685,N,False
6,reel4__5,bot58__9,1685,N,False
6,bot32__2,bot84__7,1685,N,False
6,reel39__7,bot57__5,1685,N,False
6,reel77__3,reel80__2,1685,N,False
6,reel25__1,bot27__4,1685,N,False
6,bot83__5,bot7__3,1685,N,False
6,bot69__4,bot7__3,1685,N,False
6,bot77__4,reel38__9,1685,N,False
6,reel35__2,reel38__9,1685,N,False
6,reel9__0,bot25__7,1685,N,False
6,reel34__9,bot56__4,1685,N,False
6,reel9__0,bot56__4,1685,N,False
6,reel45__2,reel40__6,1685,N,False
6,bot8__6,bot12__4,1685,N,False
6,bot33__4,bot68__9,1685,N,False
6,reel36__5,reel34__2,1685,N,False
6,reel36__5,reel74__3,1685,N,False
6,bot66__7,bot53__7,1685,N,False
6,reel26__1,bot43__7,1685,N,False
6,reel26__1,bot54__2,1685,N,False
6,bot45__3,reel40__7,1686,N,False
6,bot45__3,bot36__4,1686,N,False
6,bot45__3,bot7__6,1686,N,False
6,bot12__5,bot7__6,1686,N,False
6,reel58__6,reel72__7,1686,N,False
6,reel66__7,reel13__2,1686,N,False
6,reel17__5,bot19__0,1686,N,False
6,bot50__1,bot68__9,1686,N,False
6,bot50__1,bot75__6,1686,N,False
6,bot35__8,bot39__9,1686,N,False
6,reel31__8,bot33__4,1686,N,False
6,bot17__1,bot53__9,1686,N,False
6,bot26__4,bot37__8,1686,N,False
6,reel43__0,bot59__6,1686,N,False
6,bot42__8,bot59__6,1686,N,False
6,reel51__8,bot67__6,1686,N,False
6,reel51__8,reel72__2,1686,N,False
6,reel51__8,bot82__3,1686,N,False
6,reel49__6,reel14__2,1686,N,False
6,reel21__7,bot32__7,1686,N,False
6,bot60__6,bot66__7,1686,N,False
6,reel77__1,reel21__0,1686,N,False
6,reel69__8,reel21__0,1686,N,False
6,reel5__4,reel34__1,1686,N,False
6,reel49__8,reel34__1,1686,N,False
6,reel5__4,reel61__0,1686,N,False
6,reel82__0,reel37__9,1686,N,False
6,reel50__0,reel37__9,1686,N,False
6,reel19__3,reel82__5,1686,N,False
6,reel32__5,reel21__5,1686,N,False
6,reel32__5,reel83__7,1686,N,False
6,reel32__3,bot33__7,1686,N,False
6,reel26__2,reel38__8,1686,N,False
6,reel17__7,reel38__8,1686,N,False
6,reel51__9,reel38__8,1686,N,False
6,bot19__3,bot45__2,1686,N,False
6,bot19__3,bot49__0,1686,N,False
6,reel37__8,reel50__2,1686,N,False
6,bot15__7,bot20__9,1686,N,False
6,bot44__0,reel16__0,1686,N,False
6,bot44__0,bot58__6,1686,N,False
6,reel45__1,reel63__2,1686,N,False
6,reel32__9,reel63__2,1686,N,False
6,bot34__3,bot56__6,1686,N,False
6,bot34__3,bot82__9,1686,N,False
6,reel38__5,reel40__6,1686,N,False
6,bot76__1,reel55__0,1686,N,False
6,reel50__0,reel55__0,1686,N,False
6,bot49__1,bot26__6,1686,N,False
6,reel57__5,reel83__5,1686,N,False
6,reel22__5,reel62__6,1686,N,False
6,bot42__6,bot74__4,1686,N,False
6,reel17__4,reel56__1,1686,N,False
6,bot12__5,bot69__0,1686,N,False
6,bot82__0,reel75__0,1686,N,False
6,reel7__8,reel75__0,1686,N,False
6,bot69__3,bot1__6,1686,N,False
6,reel26__2,bot65__6,1686,N,False
6,bot45__4,reel24__0,1686,N,False
6,bot45__4,bot52__4,1686,N,False
6,reel42__7,reel70__0,1686,N,False
6,bot12__3,bot60__9,1686,N,False
6,bot56__4,reel34__9,1686,N,False
6,bot80__3,bot25__5,1686,N,False
6,bot11__0,bot17__6,1686,N,False
6,reel3__5,bot29__5,1686,N,False
6,bot84__0,bot46__4,1686,N,False
6,bot79__7,bot49__9,1686,N,False
6,bot83__5,reel78__9,1686,N,False
6,bot31__1,bot66__8,1686,N,False
6,bot46__0,reel40__8,1686,N,False
6,reel17__7,bot68__2,1686,N,False
6,bot39__6,bot67__7,1686,N,False
6,bot76__5,bot67__7,1686,N,False
6,reel36__5,reel74__3,1686,N,False
6,reel63__6,bot65__1,1686,N,False
6,reel8__5,bot39__6,1687,N,False
6,bot67__7,bot39__6,1687,N,False
6,bot10__5,bot40__8,1687,N,False
6,bot14__2,bot82__5,1687,N,False
6,reel45__4,bot82__5,1687,N,False
6,bot47__8,reel39__4,1687,N,False
6,reel36__4,reel39__4,1687,N,False
6,reel2__8,bot24__3,1687,N,False
6,reel17__0,bot18__3,1687,N,False
6,bot23__2,bot54__1,1687,N,False
6,bot70__7,bot67__5,1687,N,False
6,reel17__2,bot46__9,1687,N,False
6,bot17__8,bot61__6,1687,N,False
6,bot62__9,bot61__6,1687,N,False
6,bot37__4,bot61__6,1687,N,False
6,bot62__9,bot68__2,1687,N,False
6,reel17__7,bot68__2,1687,N,False
6,bot62__5,bot12__3,1687,N,False
6,reel17__5,bot19__0,1687,N,False
6,bot17__1,bot53__9,1687,N,False
6,bot84__1,bot53__9,1687,N,False
6,bot26__4,bot34__4,1687,N,False
6,reel43__0,reel33__2,1687,N,False
6,reel8__5,reel33__2,1687,N,False
6,reel43__0,bot59__6,1687,N,False
6,reel8__5,reel62__5,1687,N,False
6,reel48__7,reel62__5,1687,N,False
6,bot65__5,bot45__3,1687,N,False
6,bot76__6,bot74__0,1687,N,False
6,reel16__9,bot74__0,1687,N,False
6,reel22__5,bot74__0,1687,N,False
6,bot68__1,bot29__9,1687,N,False
6,bot24__5,bot29__9,1687,N,False
6,reel25__2,reel36__8,1687,N,False
6,bot62__1,bot32__4,1687,N,False
6,reel6__3,bot32__4,1687,N,False
6,bot15__7,bot32__4,1687,N,False
6,reel51__0,reel11__0,1687,N,False
6,bot35__0,reel11__0,1687,N,False
6,reel68__5,reel0__2,1687,N,False
6,bot78__9,reel0__2,1687,N,False
6,reel5__9,reel25__6,1687,N,False
6,reel22__5,bot23__6,1687,N,False
6,reel14__2,bot23__6,1687,N,False
6,reel15__4,reel26__7,1687,N,False
6,reel45__8,reel39__0,1687,N,False
6,bot44__7,bot70__2,1687,N,False
6,bot44__0,reel16__0,1687,N,False
6,reel45__1,reel63__2,1687,N,False
6,reel32__9,reel63__2,1687,N,False
6,reel21__1,reel45__5,1687,N,False
6,bot72__9,bot48__5,1687,N,False
6,reel7__8,bot52__1,1687,N,False
6,reel46__9,bot52__1,1687,N,False
6,reel50__2,bot77__2,1687,N,False
6,bot7__4,bot25__0,1687,N,False
6,bot26__5,bot2__6,1687,N,False
6,bot26__5,reel1__3,1687,N,False
6,reel55__0,bot76__1,1687,N,False
6,bot9__2,bot39__3,1687,N,False
6,bot42__4,bot39__3,1687,N,False
6,reel67__9,reel71__9,1687,N,False
6,bot16__5,bot25__8,1687,N,False
6,bot83__4,bot36__8,1687,N,False
6,bot12__5,bot69__0,1687,N,False
6,reel55__4,bot61__0,1687,N,False
6,bot76__9,bot79__7,1687,N,False
6,reel7__8,reel23__9,1687,N,False
6,reel7__8,reel60__0,1687,N,False
6,reel8__5,reel41__9,1687,N,False
6,reel78__4,reel20__1,1687,N,False
6,bot14__2,bot84__9,1687,N,False
6,reel17__7,bot28__5,1687,N,False
6,reel17__7,bot59__8,1687,N,False
6,reel63__6,bot65__1,1687,N,False
6,reel63__6,reel75__6,1687,N,False
6,reel25__3,bot78__2,1687,N,False
6,bot80__6,bot15__2,1687,N,False
6,bot67__7,bot76__5,1688,N,False
6,reel48__4,reel42__5,1688,N,False
6,reel38__8,reel51__9,1688,N,False
6,reel48__4,reel51__9,1688,N,False
6,reel67__3,bot81__4,1688,N,False
6,bot59__8,bot35__2,1688,N,False
6,bot52__0,bot43__7,1688,N,False
6,reel26__1,bot43__7,1688,N,False
6,bot33__2,bot43__7,1688,N,False
6,reel23__7,bot45__9,1688,N,False
6,reel23__7,reel77__1,1688,N,False
6,reel66__2,reel71__3,1688,N,False
6,bot60__2,bot81__6,1688,N,False
6,bot70__7,bot28__2,1688,N,False
6,bot55__6,bot45__2,1688,N,False
6,reel61__6,reel36__6,1688,N,False
6,bot38__8,bot43__3,1688,N,False
6,bot38__8,bot47__6,1688,N,False
6,reel32__8,bot47__6,1688,N,False
6,bot46__8,bot74__9,1688,N,False
6,reel3__9,reel55__9,1688,N,False
6,reel56__8,reel55__9,1688,N,False
6,bot35__5,bot66__4,1688,N,False
6,bot39__1,bot66__4,1688,N,False
6,reel32__5,reel27__1,1688,N,False
6,reel54__4,reel27__1,1688,N,False
6,reel80__5,reel82__9,1688,N,False
6,reel56__8,reel82__9,1688,N,False
6,bot41__8,bot51__2,1688,N,False
6,reel53__4,reel75__2,1688,N,False
6,bot15__7,bot20__9,1688,N,False
6,bot44__0,bot51__8,1688,N,False
6,bot44__0,bot58__6,1688,N,False
6,bot35__0,reel11__0,1688,N,False
6,reel55__4,bot61__0,1688,N,False
6,reel48__8,bot61__0,1688,N,False
6,bot84__7,bot71__3,1688,N,False
6,bot79__8,reel19__2,1688,N,False
6,bot61__4,bot42__3,1688,N,False
6,bot44__5,bot30__7,1688,N,False
6,reel70__0,bot71__8,1688,N,False
6,bot49__4,bot53__2,1688,N,False
6,reel41__5,reel35__7,1688,N,False
6,reel31__5,bot75__1,1688,N,False
6,reel46__5,reel38__7,1688,N,False
6,reel46__5,bot83__6,1688,N,False
6,reel16__8,bot63__3,1688,N,False
6,bot14__2,bot84__9,1688,N,False
6,bot14__0,bot2__8,1688,N,False
6,reel15__7,bot83__2,1688,N,False
6,reel33__0,bot51__7,1689,N,False
6,bot47__9,bot35__8,1689,N,False
6,bot14__2,bot82__5,1690,N,True
6,reel45__4,bot82__5,1690,N,True
6,reel31__1,bot82__5,1690,N,True
6,reel56__0,reel51__0,1690,N,True
6,reel39__8,reel51__0,1690,N,True
6,reel42__9,reel51__0,1690,N,True
6,bot61__7,bot21__7,1690,N,True
6,bot76__0,bot21__7,1690,N,True
6,reel57__1,bot73__4,1690,N,True
6,reel27__3,reel0__7,1690,N,True
6,71,reel0__7,1690,N,True
6,71,bot11__5,1690,N,True
6,71,bot72__3,1690,N,True
6,reel35__5,bot67__0,1690,N,True
6,reel45__7,reel38__2,1690,N,True
6,reel8__0,reel38__2,1690,N,True
6,reel27__3,bot34__6,1690,N,True
6,reel17__3,bot34__6,1690,N,True
6,bot5__7,bot60__2,1690,N,True
6,bot70__8,bot60__2,1690,N,True
6,reel39__6,reel80__5,1690,N,True
6,reel26__2,reel80__5,1690,N,True
6,reel20__0,reel80__5,1690,N,True
6,reel17__9,bot43__3,1690,N,True
6,reel16__2,bot65__2,1690,N,True
6,bot51__6,bot65__2,1690,N,True
6,bot9__8,bot75__6,1690,N,True
6,bot9__8,bot77__9,1690,N,True
6,reel54__8,bot77__9,1690,N,True
6,reel79__3,reel56__7,1690,N,True
6,reel47__6,reel63__3,1690,N,True
6,reel43__0,bot59__6,1690,N,True
6,reel5__1,bot21__6,1690,N,True
6,220,reel56__9,1690,N,True
6,reel32__5,reel63__8,1690,N,True
6,reel32__5,reel83__7,1690,N,True
6,reel29__3,bot83__1,1690,N,True
6,bot49__5,bot83__1,1690,N,True
6,reel53__4,reel75__2,1690,N,True
6,bot24__7,bot78__1,1690,N,True
6,reel29__7,reel66__4,1690,N,True
6,bot0__0,bot66__9,1690,N,True
6,reel39__7,reel72__6,1690,N,True
6,reel74__0,reel49__9,1690,N,True
6,reel45__6,reel49__9,1690,N,True
6,bot56__5,bot50__5,1690,N,True
6,reel25__2,bot50__5,1690,N,True
6,bot10__4,bot50__5,1690,N,True
6,reel36__5,reel74__3,1690,N,True
6,reel25__0,bot28__5,1690,N,True
6,reel9__1,bot28__5,1690,N,True
6,reel17__7,bot28__5,1690,N,True
6,reel28__4,reel64__7,1690,N,True
6,bot67__7,bot39__6,1690,N,True
6,bot9__4,bot39__6,1690,N,True
6,reel36__4,reel42__6,1690,N,True
6,reel60__9,reel69__9,1690,N,True
6,reel31__1,reel43__1,1690,N,True
6,reel26__2,bot65__6,1690,N,True
6,bot12__8,bot65__6,1690,N,True
6,bot39__9,bot65__6,1690,N,True
6,bot36__5,bot58__7,1690,N,True
6,bot51__0,bot58__7,1690,N,True
6,bot44__0,bot58__6,1690,N,True
6,reel60__7,reel69__1,1690,N,True
6,reel27__1,reel69__1,1690,N,True
6,bot39__1,bot66__4,1690,N,True
6,reel22__2,bot76__9,1690,N,True
6,bot79__7,bot76__9,1690,N,True
6,reel67__4,241,1690,N,True
6,49,241,1690,N,True
6,269,bot49__3,1690,N,True
6,reel9__8,bot64__8,1690,N,True
6,205,reel76__7,1690,N,True
6,reel34__4,reel80__3,1690,N,True
6,reel41__7,bot74__8,1690,N,True
6,bot51__0,bot74__8,1690,N,True
6,reel21__5,bot82__6,1690,N,True
6,reel22__2,reel43__5,1690,N,True
6,reel49__2,bot52__3,1690,N,True
6,49,255,1690,N,True
6,bot59__5,bot36__4,1690,N,True
6,bot4__6,bot36__4,1690,N,True
6,bot4__8,bot60__7,1690,N,True
6,bot39__4,reel20__8,1690,N,True
6,reel58__7,bot72__9,1690,N,True
6,reel33__3,bot49__4,1690,N,True
6,reel20__0,bot23__2,1690,N,True
6,bot50__7,bot15__2,1691,N,True
6,reel59__9,reel41__1,1691,N,True
6,reel59__4,reel81__6,1692,N,True
6,bot75__4,bot22__3,1692,N,True
6,reel54__4,reel78__3,1692,N,True
6,bot34__0,bot63__4,1693,N,True
6,reel17__5,bot41__5,1693,N,True
6,bot43__8,bot41__5,1693,N,True
6,bot21__5,bot41__5,1693,N,True
6,reel61__0,reel5__4,1693,N,True
6,bot25__0,bot62__4,1693,N,True
6,bot8__9,bot30__6,1693,N,True
6,reel49__9,reel74__0,1693,N,True
6,bot52__1,bot73__1,1693,N,True
6,bot82__8,bot44__2,1693,N,True
6,bot46__0,bot70__0,1693,N,True
6,bot24__5,bot29__9,1693,N,True
6,reel79__3,reel62__0,1694,N,True
6,reel79__3,reel81__6,1694,N,True
6,bot22__1,bot42__1,1695,N,True
6,bot61__0,bot42__1,1695,N,True
6,reel45__4,bot82__5,1695,N,True
6,bot40__0,bot68__3,1695,N,True
6,reel42__0,reel45__5,1695,N,True
6,bot17__4,bot44__3,1695,N,True
6,bot57__6,bot44__3,1695,N,True
6,bot17__4,bot84__9,1695,N,True
6,bot50__1,bot68__9,1695,N,True
6,bot33__4,bot68__9,1695,N,True
6,bot72__9,reel58__7,1695,N,True
6,reel72__8,reel58__7,1695,N,True
6,reel79__1,reel58__7,1695,N,True
6,reel61__0,reel65__3,1695,N,True
6,bot41__8,bot51__2,1695,N,True
6,reel29__6,bot51__2,1695,N,True
6,bot23__8,bot55__4,1695,N,True
6,bot40__3,bot80__1,1695,N,True
6,bot38__0,bot57__9,1695,N,True
6,bot65__3,bot57__9,1695,N,True
6,bot31__6,bot78__9,1695,N,True
6,bot37__5,bot27__1,1695,N,True
6,reel54__5,reel61__9,1695,N,True
6,reel79__4,reel61__9,1695,N,True
6,bot33__6,bot64__5,1695,N,True
6,reel35__3,reel51__7,1695,N,True
6,reel76__9,reel49__8,1695,N,True
6,reel77__3,reel73__3,1695,N,True
6,bot72__7,bot28__9,1695,N,True
6,bot38__4,bot28__9,1695,N,True
6,bot56__8,bot79__1,1696,N,True
6,bot60__1,reel53__1,1696,N,True
6,bot75__5,bot45__0,1697,N,True
6,reel45__4,bot82__5,1697,N,True
6,reel31__1,bot82__5,1697,N,True
6,reel59__7,bot65__8,1697,N,True
6,reel36__8,reel53__4,1697,N,True
6,reel32__5,reel53__4,1697,N,True
6,reel75__2,reel53__4,1697,N,True
6,bot67__6,bot71__2,1697,N,True
6,reel55__3,bot71__2,1697,N,True
6,bot23__9,bot37__4,1697,N,True
6,bot69__3,bot37__4,1697,N,True
6,bot18__4,bot37__4,1697,N,True
6,reel36__1,reel80__9,1697,N,True
6,bot62__9,bot61__6,1697,N,True
6,reel51__8,reel44__0,1697,N,True
6,bot58__7,bot51__0,1697,N,True
6,bot74__8,bot51__0,1697,N,True
6,reel26__0,reel56__7,1697,N,True
6,bot11__3,bot20__4,1697,N,True
6,reel29__7,reel52__4,1697,N,True
6,reel29__7,reel66__4,1697,N,True
6,bot45__6,bot53__0,1697,N,True
6,reel18__8,reel78__3,1697,N,True
6,reel6__7,reel77__5,1697,N,True
6,reel51__7,reel73__4,1697,N,True
6,reel31__9,reel66__6,1697,N,True
6,reel13__3,bot78__4,1698,N,True
6,bot58__5,bot78__4,1698,N,True
6,bot36__9,bot78__4,1698,N,True
6,bot75__7,reel35__0,1698,N,True
6,bot38__5,reel35__0,1698,N,True
6,reel50__6,reel64__9,1698,N,True
6,bot52__2,bot77__8,1698,N,True
6,reel19__6,bot77__8,1698,N,True
6,reel73__3,reel65__3,1698,N,True
6,reel62__2,reel70__6,1698,N,True
6,reel32__5,reel63__8,1698,N,True
6,reel75__0,bot82__0,1698,N,True
6,reel55__9,reel79__7,1698,N,True
6,reel44__3,reel69__7,1698,N,True
6,bot75__4,reel71__4,1698,N,True
6,reel28__6,reel62__7,1698,N,True
6,bot28__9,reel15__5,1698,N,True
6,reel15__0,bot75__5,1698,N,True
6,reel16__6,reel76__1,1698,N,True
6,bot46__0,bot70__0,1698,N,True
6,bot20__7,bot44__7,1698,N,True
7,bot36__9,bot74__7,1680,N,False
7,reel5__4,reel61__0,1680,N,False
7,reel65__1,bot72__6,1680,N,False
7,bot59__8,reel47__5,1680,N,False
7,reel49__6,reel47__5,1680,N,False
7,bot11__0,bot17__6,1680,N,False
7,bot66__4,bot42__7,1680,N,False
7,bot52__1,reel46__9,1680,N,False
7,reel39__8,reel35__4,1680,N,False
7,reel39__8,bot62__2,1680,N,False
7,bot19__4,bot61__6,1680,N,False
7,bot17__8,bot61__6,1680,N,False
7,reel11__0,reel51__8,1680,N,False
7,bot27__4,reel25__1,1680,N,False
7,bot35__0,bot32__3,1682,N,False
7,bot84__5,bot55__6,1682,N,False
7,bot21__7,bot77__0,1682,N,False
7,reel47__5,bot59__8,1682,N,False
7,bot70__6,reel68__3,1682,N,False
7,bot36__0,bot46__6,1682,N,False
7,reel11__7,bot30__5,1682,N,False
7,reel11__7,bot50__7,1682,N,False
7,bot15__2,bot50__7,1682,N,False
7,reel17__2,bot46__9,1682,N,False
7,reel51__9,reel38__8,1682,N,False
7,bot35__8,bot12__3,1682,N,False
7,reel67__9,reel71__9,1682,N,False
7,reel41__0,reel63__5,1682,N,False
7,reel28__6,reel62__7,1682,N,False
7,reel47__8,reel58__8,1682,N,False
7,bot29__4,bot68__3,1682,N,False
7,bot15__2,bot80__6,1682,N,False
7,bot14__3,bot20__3,1682,N,False
7,bot14__3,bot68__6,1682,N,False
7,bot34__0,bot63__4,1684,N,False
7,bot34__0,bot68__8,1684,N,False
7,bot64__1,bot80__1,1684,N,False
7,reel31__4,reel22__3,1684,N,False
7,bot44__2,bot33__5,1684,N,False
7,bot50__8,bot19__7,1684,N,False
7,bot16__9,bot67__4,1684,N,False
7,bot51__0,bot58__7,1684,N,False
7,reel15__7,bot83__2,1684,N,False
7,reel40__6,reel38__5,1685,N,False
7,bot43__7,bot52__0,1685,N,False
7,bot52__9,reel40__9,1685,N,False
7,bot82__4,reel79__8,1685,N,False
7,bot82__4,reel60__0,1685,N,False
7,reel15__7,bot83__2,1685,N,False
7,reel34__1,reel10__9,1686,N,False
7,bot37__8,reel10__9,1686,N,False
7,reel40__8,bot77__3,1686,N,False
7,bot68__9,bot83__3,1686,N,False
7,reel40__6,reel24__4,1686,N,False
7,reel70__0,bot71__8,1686,N,False
7,bot39__9,bot84__8,1686,N,False
7,reel16__0,reel47__2,1686,N,False
7,reel16__0,bot74__6,1686,N,False
7,reel50__2,reel53__8,1686,N,False
7,reel50__2,reel61__1,1686,N,False
7,reel62__6,reel2__1,1686,N,False
7,reel83__5,reel73__6,1686,N,False
7,reel72__7,reel73__6,1686,N,False
7,bot49__9,bot0__4,1686,N,False
7,reel13__2,reel66__1,1686,N,False
7,reel55__0,reel72__0,1686,N,False
7,bot33__4,bot42__3,1686,N,False
7,bot26__6,bot5__8,1686,N,False
7,bot7__6,bot84__1,1686,N,False
7,bot53__9,bot84__1,1686,N,False
7,bot25__5,bot0__6,1686,N,False
7,reel21__0,bot37__3,1686,N,False
7,reel21__5,bot82__6,1686,N,False
7,bot1__6,bot17__8,1686,N,False
7,reel34__9,bot36__8,1686,N,False
7,reel34__9,bot50__0,1686,N,False
7,bot15__2,bot50__7,1687,N,False
7,bot12__3,bot50__7,1687,N,False
7,bot78__2,bot3__8,1687,N,False
7,bot25__0,reel10__9,1687,N,False
7,bot36__8,reel34__9,1687,N,False
7,bot45__3,bot62__6,1687,N,False
7,reel16__0,reel53__7,1687,N,False
7,bot79__7,reel25__4,1687,N,False
7,reel39__0,bot80__9,1687,N,False
7,reel41__9,reel4__1,1687,N,False
7,reel41__9,reel75__7,1687,N,False
7,bot32__4,bot33__7,1687,N,False
7,bot15__2,bot60__8,1687,N,False
7,bot66__4,bot42__7,1688,N,False
7,reel27__1,reel69__1,1688,N,False
7,bot81__6,reel60__5,1688,N,False
7,bot53__2,bot64__8,1688,N,False
7,reel38__7,bot79__9,1688,N,False
7,bot21__7,bot77__0,1690,N,True
7,bot49__4,bot53__2,1690,N,True
7,bot64__8,bot53__2,1690,N,True
7,bot11__5,reel2__1,1690,N,True
7,bot23__2,bot54__1,1690,N,True
7,reel43__5,reel20__6,1690,N,True
7,bot15__2,bot60__8,1691,N,True
7,bot68__9,bot83__3,1695,N,True
7,reel49__8,bot64__4,1695,N,True
7,reel64__9,reel73__0,1698,N,True
7,reel15__5,bot82__6,1698,N,True
8,bot61__6,bot37__4,1680,N,False
8,bot12__3,bot62__5,1682,N,False
8,bot32__3,bot7__4,1682,N,False
8,bot20__3,bot45__5,1682,N,False
8,bot50__7,bot57__4,1682,N,False
8,bot80__1,bot40__3,1684,N,False
8,reel22__3,reel67__4,1684,N,False
8,bot36__8,bot83__4,1686,N,False
8,bot17__8,bot22__3,1686,N,False
8,bot17__8,bot61__6,1686,N,False
8,reel24__4,reel60__8,1686,N,False
8,bot42__3,bot21__3,1686,N,False
8,bot42__3,bot61__4,1686,N,False
8,reel34__9,bot50__0,1687,N,False
8,reel4__1,bot53__1,1687,N,False
8,bot42__7,bot38__3,1688,N,False
8,reel20__6,bot62__0,1690,N,True
8,bot54__1,bot55__5,1690,N,True
8,reel2__1,bot29__2,1690,N,True
9,bot37__4,bot69__3,1680,N,False
9,reel60__8,reel59__2,1686,N,False
9,bot38__3,bot31__7,1688,N,False
9,bot55__5,bot80__9,1690,N,True
10,reel59__2,reel80__6,1686,N,False
